source,source_id,source_sha256,source_row_serial,depot_code,depot_name,zone_raw,status,route_ordinal,route_label_raw,mode,identity_crosswalk_status
official_undated_operator_listing,best_depots_20260919,1a83a5e342232dd5d6e2863d0c8f793d89d808f2850a51ac0684fd0543fb9811,1,C,Colaba,City Zone,current_operation_and_geocoding_unverified,1,2L,bus,unresolved
official_undated_operator_listing,best_depots_20260919,1a83a5e342232dd5d6e2863d0c8f793d89d808f2850a51ac0684fd0543fb9811,1,C,Colaba,City Zone,current_operation_and_geocoding_unverified,2,6Lroute1,bus,unresolved
official_undated_operator_listing,best_depots_20260919,1a83a5e342232dd5d6e2863d0c8f793d89d808f2850a51ac0684fd0543fb9811,1,C,Colaba,City Zone,current_operation_and_geocoding_unverified,3,6Lroute2,bus,unresolved
official_undated_operator_listing,best_depots_20260919,1a83a5e342232dd5d6e2863d0c8f793d89d808f2850a51ac0684fd0543fb9811,1,C,Colaba,City Zone,current_operation_and_geocoding_unverified,4,22L,bus,unresolved
official_undated_operator_listing,best_depots_20260919,1a83a5e342232dd5d6e2863d0c8f793d89d808f2850a51ac0684fd0543fb9811,1,C,Colaba,City Zone,current_operation_and_geocoding_unverified,5,44route1,bus,unresolved
official_undated_operator_listing,best_depots_20260919,1a83a5e342232dd5d6e2863d0c8f793d89d808f2850a51ac0684fd0543fb9811,1,C,Colaba,City Zone,current_operation_and_geocoding_unverified,6,44route2,bus,unresolved
official_undated_operator_listing,best_depots_20260919,1a83a5e342232dd5d6e2863d0c8f793d89d808f2850a51ac0684fd0543fb9811,1,C,Colaba,City Zone,current_operation_and_geocoding_unverified,7,101,bus,unresolved
official_undated_operator_listing,best_depots_20260919,1a83a5e342232dd5d6e2863d0c8f793d89d808f2850a51ac0684fd0543fb9811,1,C,Colaba,City Zone,current_operation_and_geocoding_unverified,8,103,bus,unresolved
official_undated_operator_listing,best_depots_20260919,1a83a5e342232dd5d6e2863d0c8f793d89d808f2850a51ac0684fd0543fb9811,1,C,Colaba,City Zone,current_operation_and_geocoding_unverified,9,111,bus,unresolved
official_undated_operator_listing,best_depots_20260919,1a83a5e342232dd5d6e2863d0c8f793d89d808f2850a51ac0684fd0543fb9811,1,C,Colaba,City Zone,current_operation_and_geocoding_unverified,10,122,bus,unresolved
official_undated_operator_listing,best_depots_20260919,1a83a5e342232dd5d6e2863d0c8f793d89d808f2850a51ac0684fd0543fb9811,1,C,Colaba,City Zone,current_operation_and_geocoding_unverified,11,1SPL,bus,unresolved
official_undated_operator_listing,best_depots_20260919,1a83a5e342232dd5d6e2863d0c8f793d89d808f2850a51ac0684fd0543fb9811,1,C,Colaba,City Zone,current_operation_and_geocoding_unverified,12,4SPL,bus,unresolved
official_undated_operator_listing,best_depots_20260919,1a83a5e342232dd5d6e2863d0c8f793d89d808f2850a51ac0684fd0543fb9811,1,C,Colaba,City Zone,current_operation_and_geocoding_unverified,13,C6Exp,bus,unresolved
official_undated_operator_listing,best_depots_20260919,1a83a5e342232dd5d6e2863d0c8f793d89d808f2850a51ac0684fd0543fb9811,1,C,Colaba,City Zone,current_operation_and_geocoding_unverified,14,A8,bus,unresolved
official_undated_operator_listing,best_depots_20260919,1a83a5e342232dd5d6e2863d0c8f793d89d808f2850a51ac0684fd0543fb9811,1,C,Colaba,City Zone,current_operation_and_geocoding_unverified,15,FORT FERRY 1,bus,unresolved
official_undated_operator_listing,best_depots_20260919,1a83a5e342232dd5d6e2863d0c8f793d89d808f2850a51ac0684fd0543fb9811,1,C,Colaba,City Zone,current_operation_and_geocoding_unverified,16,FORT FERRY 2,bus,unresolved
official_undated_operator_listing,best_depots_20260919,1a83a5e342232dd5d6e2863d0c8f793d89d808f2850a51ac0684fd0543fb9811,1,C,Colaba,City Zone,current_operation_and_geocoding_unverified,17,FORT FERRY AC 1,bus,unresolved
official_undated_operator_listing,best_depots_20260919,1a83a5e342232dd5d6e2863d0c8f793d89d808f2850a51ac0684fd0543fb9811,1,C,Colaba,City Zone,current_operation_and_geocoding_unverified,18,FORT FERRY AC 2,bus,unresolved
official_undated_operator_listing,best_depots_20260919,1a83a5e342232dd5d6e2863d0c8f793d89d808f2850a51ac0684fd0543fb9811,2,BB,Backbay,City Zone,current_operation_and_geocoding_unverified,1,3,bus,unresolved
official_undated_operator_listing,best_depots_20260919,1a83a5e342232dd5d6e2863d0c8f793d89d808f2850a51ac0684fd0543fb9811,2,BB,Backbay,City Zone,current_operation_and_geocoding_unverified,2,7L,bus,unresolved
official_undated_operator_listing,best_depots_20260919,1a83a5e342232dd5d6e2863d0c8f793d89d808f2850a51ac0684fd0543fb9811,2,BB,Backbay,City Zone,current_operation_and_geocoding_unverified,3,9,bus,unresolved
official_undated_operator_listing,best_depots_20260919,1a83a5e342232dd5d6e2863d0c8f793d89d808f2850a51ac0684fd0543fb9811,2,BB,Backbay,City Zone,current_operation_and_geocoding_unverified,4,25L,bus,unresolved
official_undated_operator_listing,best_depots_20260919,1a83a5e342232dd5d6e2863d0c8f793d89d808f2850a51ac0684fd0543fb9811,2,BB,Backbay,City Zone,current_operation_and_geocoding_unverified,5,100,bus,unresolved
official_undated_operator_listing,best_depots_20260919,1a83a5e342232dd5d6e2863d0c8f793d89d808f2850a51ac0684fd0543fb9811,2,BB,Backbay,City Zone,current_operation_and_geocoding_unverified,6,106,bus,unresolved
official_undated_operator_listing,best_depots_20260919,1a83a5e342232dd5d6e2863d0c8f793d89d808f2850a51ac0684fd0543fb9811,2,BB,Backbay,City Zone,current_operation_and_geocoding_unverified,7,108,bus,unresolved
official_undated_operator_listing,best_depots_20260919,1a83a5e342232dd5d6e2863d0c8f793d89d808f2850a51ac0684fd0543fb9811,2,BB,Backbay,City Zone,current_operation_and_geocoding_unverified,8,112,bus,unresolved
official_undated_operator_listing,best_depots_20260919,1a83a5e342232dd5d6e2863d0c8f793d89d808f2850a51ac0684fd0543fb9811,2,BB,Backbay,City Zone,current_operation_and_geocoding_unverified,9,121,bus,unresolved
official_undated_operator_listing,best_depots_20260919,1a83a5e342232dd5d6e2863d0c8f793d89d808f2850a51ac0684fd0543fb9811,2,BB,Backbay,City Zone,current_operation_and_geocoding_unverified,10,132,bus,unresolved
official_undated_operator_listing,best_depots_20260919,1a83a5e342232dd5d6e2863d0c8f793d89d808f2850a51ac0684fd0543fb9811,2,BB,Backbay,City Zone,current_operation_and_geocoding_unverified,11,133,bus,unresolved
official_undated_operator_listing,best_depots_20260919,1a83a5e342232dd5d6e2863d0c8f793d89d808f2850a51ac0684fd0543fb9811,2,BB,Backbay,City Zone,current_operation_and_geocoding_unverified,12,134,bus,unresolved
official_undated_operator_listing,best_depots_20260919,1a83a5e342232dd5d6e2863d0c8f793d89d808f2850a51ac0684fd0543fb9811,2,BB,Backbay,City Zone,current_operation_and_geocoding_unverified,13,137,bus,unresolved
official_undated_operator_listing,best_depots_20260919,1a83a5e342232dd5d6e2863d0c8f793d89d808f2850a51ac0684fd0543fb9811,2,BB,Backbay,City Zone,current_operation_and_geocoding_unverified,14,138,bus,unresolved
official_undated_operator_listing,best_depots_20260919,1a83a5e342232dd5d6e2863d0c8f793d89d808f2850a51ac0684fd0543fb9811,2,BB,Backbay,City Zone,current_operation_and_geocoding_unverified,15,139,bus,unresolved
official_undated_operator_listing,best_depots_20260919,1a83a5e342232dd5d6e2863d0c8f793d89d808f2850a51ac0684fd0543fb9811,2,BB,Backbay,City Zone,current_operation_and_geocoding_unverified,16,2SPL,bus,unresolved
official_undated_operator_listing,best_depots_20260919,1a83a5e342232dd5d6e2863d0c8f793d89d808f2850a51ac0684fd0543fb9811,2,BB,Backbay,City Zone,current_operation_and_geocoding_unverified,17,8SPL,bus,unresolved
official_undated_operator_listing,best_depots_20260919,1a83a5e342232dd5d6e2863d0c8f793d89d808f2850a51ac0684fd0543fb9811,2,BB,Backbay,City Zone,current_operation_and_geocoding_unverified,18,9SPL,bus,unresolved
official_undated_operator_listing,best_depots_20260919,1a83a5e342232dd5d6e2863d0c8f793d89d808f2850a51ac0684fd0543fb9811,3,CN,Mumbai Central,City Zone,current_operation_and_geocoding_unverified,1,18,bus,unresolved
official_undated_operator_listing,best_depots_20260919,1a83a5e342232dd5d6e2863d0c8f793d89d808f2850a51ac0684fd0543fb9811,3,CN,Mumbai Central,City Zone,current_operation_and_geocoding_unverified,2,30L,bus,unresolved
official_undated_operator_listing,best_depots_20260919,1a83a5e342232dd5d6e2863d0c8f793d89d808f2850a51ac0684fd0543fb9811,3,CN,Mumbai Central,City Zone,current_operation_and_geocoding_unverified,3,41,bus,unresolved
official_undated_operator_listing,best_depots_20260919,1a83a5e342232dd5d6e2863d0c8f793d89d808f2850a51ac0684fd0543fb9811,3,CN,Mumbai Central,City Zone,current_operation_and_geocoding_unverified,4,42,bus,unresolved
official_undated_operator_listing,best_depots_20260919,1a83a5e342232dd5d6e2863d0c8f793d89d808f2850a51ac0684fd0543fb9811,3,CN,Mumbai Central,City Zone,current_operation_and_geocoding_unverified,5,48,bus,unresolved
official_undated_operator_listing,best_depots_20260919,1a83a5e342232dd5d6e2863d0c8f793d89d808f2850a51ac0684fd0543fb9811,3,CN,Mumbai Central,City Zone,current_operation_and_geocoding_unverified,6,104,bus,unresolved
official_undated_operator_listing,best_depots_20260919,1a83a5e342232dd5d6e2863d0c8f793d89d808f2850a51ac0684fd0543fb9811,3,CN,Mumbai Central,City Zone,current_operation_and_geocoding_unverified,7,105,bus,unresolved
official_undated_operator_listing,best_depots_20260919,1a83a5e342232dd5d6e2863d0c8f793d89d808f2850a51ac0684fd0543fb9811,3,CN,Mumbai Central,City Zone,current_operation_and_geocoding_unverified,8,120,bus,unresolved
official_undated_operator_listing,best_depots_20260919,1a83a5e342232dd5d6e2863d0c8f793d89d808f2850a51ac0684fd0543fb9811,3,CN,Mumbai Central,City Zone,current_operation_and_geocoding_unverified,9,123,bus,unresolved
official_undated_operator_listing,best_depots_20260919,1a83a5e342232dd5d6e2863d0c8f793d89d808f2850a51ac0684fd0543fb9811,3,CN,Mumbai Central,City Zone,current_operation_and_geocoding_unverified,10,126,bus,unresolved
official_undated_operator_listing,best_depots_20260919,1a83a5e342232dd5d6e2863d0c8f793d89d808f2850a51ac0684fd0543fb9811,3,CN,Mumbai Central,City Zone,current_operation_and_geocoding_unverified,11,130,bus,unresolved
official_undated_operator_listing,best_depots_20260919,1a83a5e342232dd5d6e2863d0c8f793d89d808f2850a51ac0684fd0543fb9811,3,CN,Mumbai Central,City Zone,current_operation_and_geocoding_unverified,12,135,bus,unresolved
official_undated_operator_listing,best_depots_20260919,1a83a5e342232dd5d6e2863d0c8f793d89d808f2850a51ac0684fd0543fb9811,3,CN,Mumbai Central,City Zone,current_operation_and_geocoding_unverified,13,154,bus,unresolved
official_undated_operator_listing,best_depots_20260919,1a83a5e342232dd5d6e2863d0c8f793d89d808f2850a51ac0684fd0543fb9811,3,CN,Mumbai Central,City Zone,current_operation_and_geocoding_unverified,14,155,bus,unresolved
official_undated_operator_listing,best_depots_20260919,1a83a5e342232dd5d6e2863d0c8f793d89d808f2850a51ac0684fd0543fb9811,3,CN,Mumbai Central,City Zone,current_operation_and_geocoding_unverified,15,156,bus,unresolved
official_undated_operator_listing,best_depots_20260919,1a83a5e342232dd5d6e2863d0c8f793d89d808f2850a51ac0684fd0543fb9811,3,CN,Mumbai Central,City Zone,current_operation_and_geocoding_unverified,16,168route2,bus,unresolved
official_undated_operator_listing,best_depots_20260919,1a83a5e342232dd5d6e2863d0c8f793d89d808f2850a51ac0684fd0543fb9811,3,CN,Mumbai Central,City Zone,current_operation_and_geocoding_unverified,17,351,bus,unresolved
official_undated_operator_listing,best_depots_20260919,1a83a5e342232dd5d6e2863d0c8f793d89d808f2850a51ac0684fd0543fb9811,3,CN,Mumbai Central,City Zone,current_operation_and_geocoding_unverified,18,661,bus,unresolved
official_undated_operator_listing,best_depots_20260919,1a83a5e342232dd5d6e2863d0c8f793d89d808f2850a51ac0684fd0543fb9811,4,WR,Worli,City Zone,current_operation_and_geocoding_unverified,1,27,bus,unresolved
official_undated_operator_listing,best_depots_20260919,1a83a5e342232dd5d6e2863d0c8f793d89d808f2850a51ac0684fd0543fb9811,4,WR,Worli,City Zone,current_operation_and_geocoding_unverified,2,50,bus,unresolved
official_undated_operator_listing,best_depots_20260919,1a83a5e342232dd5d6e2863d0c8f793d89d808f2850a51ac0684fd0543fb9811,4,WR,Worli,City Zone,current_operation_and_geocoding_unverified,3,53,bus,unresolved
official_undated_operator_listing,best_depots_20260919,1a83a5e342232dd5d6e2863d0c8f793d89d808f2850a51ac0684fd0543fb9811,4,WR,Worli,City Zone,current_operation_and_geocoding_unverified,4,55,bus,unresolved
official_undated_operator_listing,best_depots_20260919,1a83a5e342232dd5d6e2863d0c8f793d89d808f2850a51ac0684fd0543fb9811,4,WR,Worli,City Zone,current_operation_and_geocoding_unverified,5,56,bus,unresolved
official_undated_operator_listing,best_depots_20260919,1a83a5e342232dd5d6e2863d0c8f793d89d808f2850a51ac0684fd0543fb9811,4,WR,Worli,City Zone,current_operation_and_geocoding_unverified,6,82,bus,unresolved
official_undated_operator_listing,best_depots_20260919,1a83a5e342232dd5d6e2863d0c8f793d89d808f2850a51ac0684fd0543fb9811,4,WR,Worli,City Zone,current_operation_and_geocoding_unverified,7,89,bus,unresolved
official_undated_operator_listing,best_depots_20260919,1a83a5e342232dd5d6e2863d0c8f793d89d808f2850a51ac0684fd0543fb9811,4,WR,Worli,City Zone,current_operation_and_geocoding_unverified,8,110,bus,unresolved
official_undated_operator_listing,best_depots_20260919,1a83a5e342232dd5d6e2863d0c8f793d89d808f2850a51ac0684fd0543fb9811,4,WR,Worli,City Zone,current_operation_and_geocoding_unverified,9,124,bus,unresolved
official_undated_operator_listing,best_depots_20260919,1a83a5e342232dd5d6e2863d0c8f793d89d808f2850a51ac0684fd0543fb9811,4,WR,Worli,City Zone,current_operation_and_geocoding_unverified,10,125,bus,unresolved
official_undated_operator_listing,best_depots_20260919,1a83a5e342232dd5d6e2863d0c8f793d89d808f2850a51ac0684fd0543fb9811,4,WR,Worli,City Zone,current_operation_and_geocoding_unverified,11,161,bus,unresolved
official_undated_operator_listing,best_depots_20260919,1a83a5e342232dd5d6e2863d0c8f793d89d808f2850a51ac0684fd0543fb9811,4,WR,Worli,City Zone,current_operation_and_geocoding_unverified,12,162,bus,unresolved
official_undated_operator_listing,best_depots_20260919,1a83a5e342232dd5d6e2863d0c8f793d89d808f2850a51ac0684fd0543fb9811,4,WR,Worli,City Zone,current_operation_and_geocoding_unverified,13,163,bus,unresolved
official_undated_operator_listing,best_depots_20260919,1a83a5e342232dd5d6e2863d0c8f793d89d808f2850a51ac0684fd0543fb9811,4,WR,Worli,City Zone,current_operation_and_geocoding_unverified,14,167,bus,unresolved
official_undated_operator_listing,best_depots_20260919,1a83a5e342232dd5d6e2863d0c8f793d89d808f2850a51ac0684fd0543fb9811,4,WR,Worli,City Zone,current_operation_and_geocoding_unverified,15,171,bus,unresolved
official_undated_operator_listing,best_depots_20260919,1a83a5e342232dd5d6e2863d0c8f793d89d808f2850a51ac0684fd0543fb9811,4,WR,Worli,City Zone,current_operation_and_geocoding_unverified,16,324,bus,unresolved
official_undated_operator_listing,best_depots_20260919,1a83a5e342232dd5d6e2863d0c8f793d89d808f2850a51ac0684fd0543fb9811,4,WR,Worli,City Zone,current_operation_and_geocoding_unverified,17,463,bus,unresolved
official_undated_operator_listing,best_depots_20260919,1a83a5e342232dd5d6e2863d0c8f793d89d808f2850a51ac0684fd0543fb9811,5,W,Wadala,City Zone,current_operation_and_geocoding_unverified,1,16L,bus,unresolved
official_undated_operator_listing,best_depots_20260919,1a83a5e342232dd5d6e2863d0c8f793d89d808f2850a51ac0684fd0543fb9811,5,W,Wadala,City Zone,current_operation_and_geocoding_unverified,2,40L,bus,unresolved
official_undated_operator_listing,best_depots_20260919,1a83a5e342232dd5d6e2863d0c8f793d89d808f2850a51ac0684fd0543fb9811,5,W,Wadala,City Zone,current_operation_and_geocoding_unverified,3,57,bus,unresolved
official_undated_operator_listing,best_depots_20260919,1a83a5e342232dd5d6e2863d0c8f793d89d808f2850a51ac0684fd0543fb9811,5,W,Wadala,City Zone,current_operation_and_geocoding_unverified,4,69,bus,unresolved
official_undated_operator_listing,best_depots_20260919,1a83a5e342232dd5d6e2863d0c8f793d89d808f2850a51ac0684fd0543fb9811,5,W,Wadala,City Zone,current_operation_and_geocoding_unverified,5,77,bus,unresolved
official_undated_operator_listing,best_depots_20260919,1a83a5e342232dd5d6e2863d0c8f793d89d808f2850a51ac0684fd0543fb9811,5,W,Wadala,City Zone,current_operation_and_geocoding_unverified,6,151,bus,unresolved
official_undated_operator_listing,best_depots_20260919,1a83a5e342232dd5d6e2863d0c8f793d89d808f2850a51ac0684fd0543fb9811,5,W,Wadala,City Zone,current_operation_and_geocoding_unverified,7,160,bus,unresolved
official_undated_operator_listing,best_depots_20260919,1a83a5e342232dd5d6e2863d0c8f793d89d808f2850a51ac0684fd0543fb9811,5,W,Wadala,City Zone,current_operation_and_geocoding_unverified,8,168,bus,unresolved
official_undated_operator_listing,best_depots_20260919,1a83a5e342232dd5d6e2863d0c8f793d89d808f2850a51ac0684fd0543fb9811,5,W,Wadala,City Zone,current_operation_and_geocoding_unverified,9,174,bus,unresolved
official_undated_operator_listing,best_depots_20260919,1a83a5e342232dd5d6e2863d0c8f793d89d808f2850a51ac0684fd0543fb9811,5,W,Wadala,City Zone,current_operation_and_geocoding_unverified,10,213,bus,unresolved
official_undated_operator_listing,best_depots_20260919,1a83a5e342232dd5d6e2863d0c8f793d89d808f2850a51ac0684fd0543fb9811,5,W,Wadala,City Zone,current_operation_and_geocoding_unverified,11,241,bus,unresolved
official_undated_operator_listing,best_depots_20260919,1a83a5e342232dd5d6e2863d0c8f793d89d808f2850a51ac0684fd0543fb9811,5,W,Wadala,City Zone,current_operation_and_geocoding_unverified,12,411,bus,unresolved
official_undated_operator_listing,best_depots_20260919,1a83a5e342232dd5d6e2863d0c8f793d89d808f2850a51ac0684fd0543fb9811,5,W,Wadala,City Zone,current_operation_and_geocoding_unverified,13,440L,bus,unresolved
official_undated_operator_listing,best_depots_20260919,1a83a5e342232dd5d6e2863d0c8f793d89d808f2850a51ac0684fd0543fb9811,5,W,Wadala,City Zone,current_operation_and_geocoding_unverified,14,453L,bus,unresolved
official_undated_operator_listing,best_depots_20260919,1a83a5e342232dd5d6e2863d0c8f793d89d808f2850a51ac0684fd0543fb9811,5,W,Wadala,City Zone,current_operation_and_geocoding_unverified,15,504L,bus,unresolved
official_undated_operator_listing,best_depots_20260919,1a83a5e342232dd5d6e2863d0c8f793d89d808f2850a51ac0684fd0543fb9811,5,W,Wadala,City Zone,current_operation_and_geocoding_unverified,16,AS006,bus,unresolved
official_undated_operator_listing,best_depots_20260919,1a83a5e342232dd5d6e2863d0c8f793d89d808f2850a51ac0684fd0543fb9811,6,M,Marol,Central Suburb Zone,current_operation_and_geocoding_unverified,1,22L,bus,unresolved
official_undated_operator_listing,best_depots_20260919,1a83a5e342232dd5d6e2863d0c8f793d89d808f2850a51ac0684fd0543fb9811,6,M,Marol,Central Suburb Zone,current_operation_and_geocoding_unverified,2,35,bus,unresolved
official_undated_operator_listing,best_depots_20260919,1a83a5e342232dd5d6e2863d0c8f793d89d808f2850a51ac0684fd0543fb9811,6,M,Marol,Central Suburb Zone,current_operation_and_geocoding_unverified,3,39,bus,unresolved
official_undated_operator_listing,best_depots_20260919,1a83a5e342232dd5d6e2863d0c8f793d89d808f2850a51ac0684fd0543fb9811,6,M,Marol,Central Suburb Zone,current_operation_and_geocoding_unverified,4,184,bus,unresolved
official_undated_operator_listing,best_depots_20260919,1a83a5e342232dd5d6e2863d0c8f793d89d808f2850a51ac0684fd0543fb9811,6,M,Marol,Central Suburb Zone,current_operation_and_geocoding_unverified,5,186,bus,unresolved
official_undated_operator_listing,best_depots_20260919,1a83a5e342232dd5d6e2863d0c8f793d89d808f2850a51ac0684fd0543fb9811,6,M,Marol,Central Suburb Zone,current_operation_and_geocoding_unverified,6,307,bus,unresolved
official_undated_operator_listing,best_depots_20260919,1a83a5e342232dd5d6e2863d0c8f793d89d808f2850a51ac0684fd0543fb9811,6,M,Marol,Central Suburb Zone,current_operation_and_geocoding_unverified,7,319,bus,unresolved
official_undated_operator_listing,best_depots_20260919,1a83a5e342232dd5d6e2863d0c8f793d89d808f2850a51ac0684fd0543fb9811,6,M,Marol,Central Suburb Zone,current_operation_and_geocoding_unverified,8,328,bus,unresolved
official_undated_operator_listing,best_depots_20260919,1a83a5e342232dd5d6e2863d0c8f793d89d808f2850a51ac0684fd0543fb9811,6,M,Marol,Central Suburb Zone,current_operation_and_geocoding_unverified,9,334,bus,unresolved
official_undated_operator_listing,best_depots_20260919,1a83a5e342232dd5d6e2863d0c8f793d89d808f2850a51ac0684fd0543fb9811,6,M,Marol,Central Suburb Zone,current_operation_and_geocoding_unverified,10,335,bus,unresolved
official_undated_operator_listing,best_depots_20260919,1a83a5e342232dd5d6e2863d0c8f793d89d808f2850a51ac0684fd0543fb9811,6,M,Marol,Central Suburb Zone,current_operation_and_geocoding_unverified,11,337,bus,unresolved
official_undated_operator_listing,best_depots_20260919,1a83a5e342232dd5d6e2863d0c8f793d89d808f2850a51ac0684fd0543fb9811,6,M,Marol,Central Suburb Zone,current_operation_and_geocoding_unverified,12,338,bus,unresolved
official_undated_operator_listing,best_depots_20260919,1a83a5e342232dd5d6e2863d0c8f793d89d808f2850a51ac0684fd0543fb9811,6,M,Marol,Central Suburb Zone,current_operation_and_geocoding_unverified,13,340,bus,unresolved
official_undated_operator_listing,best_depots_20260919,1a83a5e342232dd5d6e2863d0c8f793d89d808f2850a51ac0684fd0543fb9811,6,M,Marol,Central Suburb Zone,current_operation_and_geocoding_unverified,14,434,bus,unresolved
official_undated_operator_listing,best_depots_20260919,1a83a5e342232dd5d6e2863d0c8f793d89d808f2850a51ac0684fd0543fb9811,6,M,Marol,Central Suburb Zone,current_operation_and_geocoding_unverified,15,435,bus,unresolved
official_undated_operator_listing,best_depots_20260919,1a83a5e342232dd5d6e2863d0c8f793d89d808f2850a51ac0684fd0543fb9811,6,M,Marol,Central Suburb Zone,current_operation_and_geocoding_unverified,16,443,bus,unresolved
official_undated_operator_listing,best_depots_20260919,1a83a5e342232dd5d6e2863d0c8f793d89d808f2850a51ac0684fd0543fb9811,6,M,Marol,Central Suburb Zone,current_operation_and_geocoding_unverified,17,522L,bus,unresolved
official_undated_operator_listing,best_depots_20260919,1a83a5e342232dd5d6e2863d0c8f793d89d808f2850a51ac0684fd0543fb9811,6,M,Marol,Central Suburb Zone,current_operation_and_geocoding_unverified,18,545L,bus,unresolved
official_undated_operator_listing,best_depots_20260919,1a83a5e342232dd5d6e2863d0c8f793d89d808f2850a51ac0684fd0543fb9811,6,M,Marol,Central Suburb Zone,current_operation_and_geocoding_unverified,19,706L,bus,unresolved
official_undated_operator_listing,best_depots_20260919,1a83a5e342232dd5d6e2863d0c8f793d89d808f2850a51ac0684fd0543fb9811,6,M,Marol,Central Suburb Zone,current_operation_and_geocoding_unverified,20,C46Exp,bus,unresolved
official_undated_operator_listing,best_depots_20260919,1a83a5e342232dd5d6e2863d0c8f793d89d808f2850a51ac0684fd0543fb9811,7,DH,Dharavi,Central Suburb Zone,current_operation_and_geocoding_unverified,1,75,bus,unresolved
official_undated_operator_listing,best_depots_20260919,1a83a5e342232dd5d6e2863d0c8f793d89d808f2850a51ac0684fd0543fb9811,7,DH,Dharavi,Central Suburb Zone,current_operation_and_geocoding_unverified,2,192,bus,unresolved
official_undated_operator_listing,best_depots_20260919,1a83a5e342232dd5d6e2863d0c8f793d89d808f2850a51ac0684fd0543fb9811,7,DH,Dharavi,Central Suburb Zone,current_operation_and_geocoding_unverified,3,217,bus,unresolved
official_undated_operator_listing,best_depots_20260919,1a83a5e342232dd5d6e2863d0c8f793d89d808f2850a51ac0684fd0543fb9811,7,DH,Dharavi,Central Suburb Zone,current_operation_and_geocoding_unverified,4,218,bus,unresolved
official_undated_operator_listing,best_depots_20260919,1a83a5e342232dd5d6e2863d0c8f793d89d808f2850a51ac0684fd0543fb9811,7,DH,Dharavi,Central Suburb Zone,current_operation_and_geocoding_unverified,5,219,bus,unresolved
official_undated_operator_listing,best_depots_20260919,1a83a5e342232dd5d6e2863d0c8f793d89d808f2850a51ac0684fd0543fb9811,7,DH,Dharavi,Central Suburb Zone,current_operation_and_geocoding_unverified,6,303,bus,unresolved
official_undated_operator_listing,best_depots_20260919,1a83a5e342232dd5d6e2863d0c8f793d89d808f2850a51ac0684fd0543fb9811,7,DH,Dharavi,Central Suburb Zone,current_operation_and_geocoding_unverified,7,310,bus,unresolved
official_undated_operator_listing,best_depots_20260919,1a83a5e342232dd5d6e2863d0c8f793d89d808f2850a51ac0684fd0543fb9811,7,DH,Dharavi,Central Suburb Zone,current_operation_and_geocoding_unverified,8,311,bus,unresolved
official_undated_operator_listing,best_depots_20260919,1a83a5e342232dd5d6e2863d0c8f793d89d808f2850a51ac0684fd0543fb9811,7,DH,Dharavi,Central Suburb Zone,current_operation_and_geocoding_unverified,9,313,bus,unresolved
official_undated_operator_listing,best_depots_20260919,1a83a5e342232dd5d6e2863d0c8f793d89d808f2850a51ac0684fd0543fb9811,7,DH,Dharavi,Central Suburb Zone,current_operation_and_geocoding_unverified,10,316,bus,unresolved
official_undated_operator_listing,best_depots_20260919,1a83a5e342232dd5d6e2863d0c8f793d89d808f2850a51ac0684fd0543fb9811,7,DH,Dharavi,Central Suburb Zone,current_operation_and_geocoding_unverified,11,317,bus,unresolved
official_undated_operator_listing,best_depots_20260919,1a83a5e342232dd5d6e2863d0c8f793d89d808f2850a51ac0684fd0543fb9811,7,DH,Dharavi,Central Suburb Zone,current_operation_and_geocoding_unverified,12,318,bus,unresolved
official_undated_operator_listing,best_depots_20260919,1a83a5e342232dd5d6e2863d0c8f793d89d808f2850a51ac0684fd0543fb9811,7,DH,Dharavi,Central Suburb Zone,current_operation_and_geocoding_unverified,13,395,bus,unresolved
official_undated_operator_listing,best_depots_20260919,1a83a5e342232dd5d6e2863d0c8f793d89d808f2850a51ac0684fd0543fb9811,7,DH,Dharavi,Central Suburb Zone,current_operation_and_geocoding_unverified,14,413,bus,unresolved
official_undated_operator_listing,best_depots_20260919,1a83a5e342232dd5d6e2863d0c8f793d89d808f2850a51ac0684fd0543fb9811,7,DH,Dharavi,Central Suburb Zone,current_operation_and_geocoding_unverified,15,449L,bus,unresolved
official_undated_operator_listing,best_depots_20260919,1a83a5e342232dd5d6e2863d0c8f793d89d808f2850a51ac0684fd0543fb9811,7,DH,Dharavi,Central Suburb Zone,current_operation_and_geocoding_unverified,16,618,bus,unresolved
official_undated_operator_listing,best_depots_20260919,1a83a5e342232dd5d6e2863d0c8f793d89d808f2850a51ac0684fd0543fb9811,8,KK,KalaKilla,Central Suburb Zone,current_operation_and_geocoding_unverified,1,11L,bus,unresolved
official_undated_operator_listing,best_depots_20260919,1a83a5e342232dd5d6e2863d0c8f793d89d808f2850a51ac0684fd0543fb9811,8,KK,KalaKilla,Central Suburb Zone,current_operation_and_geocoding_unverified,2,46,bus,unresolved
official_undated_operator_listing,best_depots_20260919,1a83a5e342232dd5d6e2863d0c8f793d89d808f2850a51ac0684fd0543fb9811,8,KK,KalaKilla,Central Suburb Zone,current_operation_and_geocoding_unverified,3,52,bus,unresolved
official_undated_operator_listing,best_depots_20260919,1a83a5e342232dd5d6e2863d0c8f793d89d808f2850a51ac0684fd0543fb9811,8,KK,KalaKilla,Central Suburb Zone,current_operation_and_geocoding_unverified,4,63,bus,unresolved
official_undated_operator_listing,best_depots_20260919,1a83a5e342232dd5d6e2863d0c8f793d89d808f2850a51ac0684fd0543fb9811,8,KK,KalaKilla,Central Suburb Zone,current_operation_and_geocoding_unverified,5,66,bus,unresolved
official_undated_operator_listing,best_depots_20260919,1a83a5e342232dd5d6e2863d0c8f793d89d808f2850a51ac0684fd0543fb9811,8,KK,KalaKilla,Central Suburb Zone,current_operation_and_geocoding_unverified,6,70,bus,unresolved
official_undated_operator_listing,best_depots_20260919,1a83a5e342232dd5d6e2863d0c8f793d89d808f2850a51ac0684fd0543fb9811,8,KK,KalaKilla,Central Suburb Zone,current_operation_and_geocoding_unverified,7,87L,bus,unresolved
official_undated_operator_listing,best_depots_20260919,1a83a5e342232dd5d6e2863d0c8f793d89d808f2850a51ac0684fd0543fb9811,8,KK,KalaKilla,Central Suburb Zone,current_operation_and_geocoding_unverified,8,164,bus,unresolved
official_undated_operator_listing,best_depots_20260919,1a83a5e342232dd5d6e2863d0c8f793d89d808f2850a51ac0684fd0543fb9811,8,KK,KalaKilla,Central Suburb Zone,current_operation_and_geocoding_unverified,9,165,bus,unresolved
official_undated_operator_listing,best_depots_20260919,1a83a5e342232dd5d6e2863d0c8f793d89d808f2850a51ac0684fd0543fb9811,8,KK,KalaKilla,Central Suburb Zone,current_operation_and_geocoding_unverified,10,166,bus,unresolved
official_undated_operator_listing,best_depots_20260919,1a83a5e342232dd5d6e2863d0c8f793d89d808f2850a51ac0684fd0543fb9811,8,KK,KalaKilla,Central Suburb Zone,current_operation_and_geocoding_unverified,11,173,bus,unresolved
official_undated_operator_listing,best_depots_20260919,1a83a5e342232dd5d6e2863d0c8f793d89d808f2850a51ac0684fd0543fb9811,8,KK,KalaKilla,Central Suburb Zone,current_operation_and_geocoding_unverified,12,352,bus,unresolved
official_undated_operator_listing,best_depots_20260919,1a83a5e342232dd5d6e2863d0c8f793d89d808f2850a51ac0684fd0543fb9811,8,KK,KalaKilla,Central Suburb Zone,current_operation_and_geocoding_unverified,13,615,bus,unresolved
official_undated_operator_listing,best_depots_20260919,1a83a5e342232dd5d6e2863d0c8f793d89d808f2850a51ac0684fd0543fb9811,8,KK,KalaKilla,Central Suburb Zone,current_operation_and_geocoding_unverified,14,C42Exp,bus,unresolved
official_undated_operator_listing,best_depots_20260919,1a83a5e342232dd5d6e2863d0c8f793d89d808f2850a51ac0684fd0543fb9811,8,KK,KalaKilla,Central Suburb Zone,current_operation_and_geocoding_unverified,15,C71Exp,bus,unresolved
official_undated_operator_listing,best_depots_20260919,1a83a5e342232dd5d6e2863d0c8f793d89d808f2850a51ac0684fd0543fb9811,8,KK,KalaKilla,Central Suburb Zone,current_operation_and_geocoding_unverified,16,C72Exp,bus,unresolved
official_undated_operator_listing,best_depots_20260919,1a83a5e342232dd5d6e2863d0c8f793d89d808f2850a51ac0684fd0543fb9811,9,MT,Magathane,Central Suburb Zone,current_operation_and_geocoding_unverified,1,188L,bus,unresolved
official_undated_operator_listing,best_depots_20260919,1a83a5e342232dd5d6e2863d0c8f793d89d808f2850a51ac0684fd0543fb9811,9,MT,Magathane,Central Suburb Zone,current_operation_and_geocoding_unverified,2,209,bus,unresolved
official_undated_operator_listing,best_depots_20260919,1a83a5e342232dd5d6e2863d0c8f793d89d808f2850a51ac0684fd0543fb9811,9,MT,Magathane,Central Suburb Zone,current_operation_and_geocoding_unverified,3,293,bus,unresolved
official_undated_operator_listing,best_depots_20260919,1a83a5e342232dd5d6e2863d0c8f793d89d808f2850a51ac0684fd0543fb9811,9,MT,Magathane,Central Suburb Zone,current_operation_and_geocoding_unverified,4,297,bus,unresolved
official_undated_operator_listing,best_depots_20260919,1a83a5e342232dd5d6e2863d0c8f793d89d808f2850a51ac0684fd0543fb9811,9,MT,Magathane,Central Suburb Zone,current_operation_and_geocoding_unverified,5,298,bus,unresolved
official_undated_operator_listing,best_depots_20260919,1a83a5e342232dd5d6e2863d0c8f793d89d808f2850a51ac0684fd0543fb9811,9,MT,Magathane,Central Suburb Zone,current_operation_and_geocoding_unverified,6,301,bus,unresolved
official_undated_operator_listing,best_depots_20260919,1a83a5e342232dd5d6e2863d0c8f793d89d808f2850a51ac0684fd0543fb9811,9,MT,Magathane,Central Suburb Zone,current_operation_and_geocoding_unverified,7,462,bus,unresolved
official_undated_operator_listing,best_depots_20260919,1a83a5e342232dd5d6e2863d0c8f793d89d808f2850a51ac0684fd0543fb9811,9,MT,Magathane,Central Suburb Zone,current_operation_and_geocoding_unverified,8,477,bus,unresolved
official_undated_operator_listing,best_depots_20260919,1a83a5e342232dd5d6e2863d0c8f793d89d808f2850a51ac0684fd0543fb9811,9,MT,Magathane,Central Suburb Zone,current_operation_and_geocoding_unverified,9,479,bus,unresolved
official_undated_operator_listing,best_depots_20260919,1a83a5e342232dd5d6e2863d0c8f793d89d808f2850a51ac0684fd0543fb9811,9,MT,Magathane,Central Suburb Zone,current_operation_and_geocoding_unverified,10,498L,bus,unresolved
official_undated_operator_listing,best_depots_20260919,1a83a5e342232dd5d6e2863d0c8f793d89d808f2850a51ac0684fd0543fb9811,9,MT,Magathane,Central Suburb Zone,current_operation_and_geocoding_unverified,11,524L,bus,unresolved
official_undated_operator_listing,best_depots_20260919,1a83a5e342232dd5d6e2863d0c8f793d89d808f2850a51ac0684fd0543fb9811,9,MT,Magathane,Central Suburb Zone,current_operation_and_geocoding_unverified,12,623,bus,unresolved
official_undated_operator_listing,best_depots_20260919,1a83a5e342232dd5d6e2863d0c8f793d89d808f2850a51ac0684fd0543fb9811,9,MT,Magathane,Central Suburb Zone,current_operation_and_geocoding_unverified,13,629,bus,unresolved
official_undated_operator_listing,best_depots_20260919,1a83a5e342232dd5d6e2863d0c8f793d89d808f2850a51ac0684fd0543fb9811,9,MT,Magathane,Central Suburb Zone,current_operation_and_geocoding_unverified,14,696,bus,unresolved
official_undated_operator_listing,best_depots_20260919,1a83a5e342232dd5d6e2863d0c8f793d89d808f2850a51ac0684fd0543fb9811,9,MT,Magathane,Central Suburb Zone,current_operation_and_geocoding_unverified,15,698,bus,unresolved
official_undated_operator_listing,best_depots_20260919,1a83a5e342232dd5d6e2863d0c8f793d89d808f2850a51ac0684fd0543fb9811,9,MT,Magathane,Central Suburb Zone,current_operation_and_geocoding_unverified,16,700L,bus,unresolved
official_undated_operator_listing,best_depots_20260919,1a83a5e342232dd5d6e2863d0c8f793d89d808f2850a51ac0684fd0543fb9811,9,MT,Magathane,Central Suburb Zone,current_operation_and_geocoding_unverified,17,702L,bus,unresolved
official_undated_operator_listing,best_depots_20260919,1a83a5e342232dd5d6e2863d0c8f793d89d808f2850a51ac0684fd0543fb9811,9,MT,Magathane,Central Suburb Zone,current_operation_and_geocoding_unverified,18,703L,bus,unresolved
official_undated_operator_listing,best_depots_20260919,1a83a5e342232dd5d6e2863d0c8f793d89d808f2850a51ac0684fd0543fb9811,9,MT,Magathane,Central Suburb Zone,current_operation_and_geocoding_unverified,19,709L,bus,unresolved
official_undated_operator_listing,best_depots_20260919,1a83a5e342232dd5d6e2863d0c8f793d89d808f2850a51ac0684fd0543fb9811,9,MT,Magathane,Central Suburb Zone,current_operation_and_geocoding_unverified,20,710L,bus,unresolved
official_undated_operator_listing,best_depots_20260919,1a83a5e342232dd5d6e2863d0c8f793d89d808f2850a51ac0684fd0543fb9811,9,MT,Magathane,Central Suburb Zone,current_operation_and_geocoding_unverified,21,AS2,bus,unresolved
official_undated_operator_listing,best_depots_20260919,1a83a5e342232dd5d6e2863d0c8f793d89d808f2850a51ac0684fd0543fb9811,9,MT,Magathane,Central Suburb Zone,current_operation_and_geocoding_unverified,22,AS524,bus,unresolved
official_undated_operator_listing,best_depots_20260919,1a83a5e342232dd5d6e2863d0c8f793d89d808f2850a51ac0684fd0543fb9811,9,MT,Magathane,Central Suburb Zone,current_operation_and_geocoding_unverified,23,AS700,bus,unresolved
official_undated_operator_listing,best_depots_20260919,1a83a5e342232dd5d6e2863d0c8f793d89d808f2850a51ac0684fd0543fb9811,10,DIN,Dindoshi,Central Suburb Zone,current_operation_and_geocoding_unverified,1,282,bus,unresolved
official_undated_operator_listing,best_depots_20260919,1a83a5e342232dd5d6e2863d0c8f793d89d808f2850a51ac0684fd0543fb9811,10,DIN,Dindoshi,Central Suburb Zone,current_operation_and_geocoding_unverified,2,287,bus,unresolved
official_undated_operator_listing,best_depots_20260919,1a83a5e342232dd5d6e2863d0c8f793d89d808f2850a51ac0684fd0543fb9811,10,DIN,Dindoshi,Central Suburb Zone,current_operation_and_geocoding_unverified,3,288,bus,unresolved
official_undated_operator_listing,best_depots_20260919,1a83a5e342232dd5d6e2863d0c8f793d89d808f2850a51ac0684fd0543fb9811,10,DIN,Dindoshi,Central Suburb Zone,current_operation_and_geocoding_unverified,4,289,bus,unresolved
official_undated_operator_listing,best_depots_20260919,1a83a5e342232dd5d6e2863d0c8f793d89d808f2850a51ac0684fd0543fb9811,10,DIN,Dindoshi,Central Suburb Zone,current_operation_and_geocoding_unverified,5,300,bus,unresolved
official_undated_operator_listing,best_depots_20260919,1a83a5e342232dd5d6e2863d0c8f793d89d808f2850a51ac0684fd0543fb9811,10,DIN,Dindoshi,Central Suburb Zone,current_operation_and_geocoding_unverified,6,326,bus,unresolved
official_undated_operator_listing,best_depots_20260919,1a83a5e342232dd5d6e2863d0c8f793d89d808f2850a51ac0684fd0543fb9811,10,DIN,Dindoshi,Central Suburb Zone,current_operation_and_geocoding_unverified,7,327,bus,unresolved
official_undated_operator_listing,best_depots_20260919,1a83a5e342232dd5d6e2863d0c8f793d89d808f2850a51ac0684fd0543fb9811,10,DIN,Dindoshi,Central Suburb Zone,current_operation_and_geocoding_unverified,8,342,bus,unresolved
official_undated_operator_listing,best_depots_20260919,1a83a5e342232dd5d6e2863d0c8f793d89d808f2850a51ac0684fd0543fb9811,10,DIN,Dindoshi,Central Suburb Zone,current_operation_and_geocoding_unverified,9,343,bus,unresolved
official_undated_operator_listing,best_depots_20260919,1a83a5e342232dd5d6e2863d0c8f793d89d808f2850a51ac0684fd0543fb9811,10,DIN,Dindoshi,Central Suburb Zone,current_operation_and_geocoding_unverified,10,344,bus,unresolved
official_undated_operator_listing,best_depots_20260919,1a83a5e342232dd5d6e2863d0c8f793d89d808f2850a51ac0684fd0543fb9811,10,DIN,Dindoshi,Central Suburb Zone,current_operation_and_geocoding_unverified,11,346,bus,unresolved
official_undated_operator_listing,best_depots_20260919,1a83a5e342232dd5d6e2863d0c8f793d89d808f2850a51ac0684fd0543fb9811,10,DIN,Dindoshi,Central Suburb Zone,current_operation_and_geocoding_unverified,12,347,bus,unresolved
official_undated_operator_listing,best_depots_20260919,1a83a5e342232dd5d6e2863d0c8f793d89d808f2850a51ac0684fd0543fb9811,10,DIN,Dindoshi,Central Suburb Zone,current_operation_and_geocoding_unverified,13,349,bus,unresolved
official_undated_operator_listing,best_depots_20260919,1a83a5e342232dd5d6e2863d0c8f793d89d808f2850a51ac0684fd0543fb9811,10,DIN,Dindoshi,Central Suburb Zone,current_operation_and_geocoding_unverified,14,398L,bus,unresolved
official_undated_operator_listing,best_depots_20260919,1a83a5e342232dd5d6e2863d0c8f793d89d808f2850a51ac0684fd0543fb9811,10,DIN,Dindoshi,Central Suburb Zone,current_operation_and_geocoding_unverified,15,451,bus,unresolved
official_undated_operator_listing,best_depots_20260919,1a83a5e342232dd5d6e2863d0c8f793d89d808f2850a51ac0684fd0543fb9811,10,DIN,Dindoshi,Central Suburb Zone,current_operation_and_geocoding_unverified,16,452,bus,unresolved
official_undated_operator_listing,best_depots_20260919,1a83a5e342232dd5d6e2863d0c8f793d89d808f2850a51ac0684fd0543fb9811,10,DIN,Dindoshi,Central Suburb Zone,current_operation_and_geocoding_unverified,17,523L,bus,unresolved
official_undated_operator_listing,best_depots_20260919,1a83a5e342232dd5d6e2863d0c8f793d89d808f2850a51ac0684fd0543fb9811,10,DIN,Dindoshi,Central Suburb Zone,current_operation_and_geocoding_unverified,18,525L,bus,unresolved
official_undated_operator_listing,best_depots_20260919,1a83a5e342232dd5d6e2863d0c8f793d89d808f2850a51ac0684fd0543fb9811,10,DIN,Dindoshi,Central Suburb Zone,current_operation_and_geocoding_unverified,19,601,bus,unresolved
official_undated_operator_listing,best_depots_20260919,1a83a5e342232dd5d6e2863d0c8f793d89d808f2850a51ac0684fd0543fb9811,10,DIN,Dindoshi,Central Suburb Zone,current_operation_and_geocoding_unverified,20,624,bus,unresolved
official_undated_operator_listing,best_depots_20260919,1a83a5e342232dd5d6e2863d0c8f793d89d808f2850a51ac0684fd0543fb9811,10,DIN,Dindoshi,Central Suburb Zone,current_operation_and_geocoding_unverified,21,646,bus,unresolved
official_undated_operator_listing,best_depots_20260919,1a83a5e342232dd5d6e2863d0c8f793d89d808f2850a51ac0684fd0543fb9811,10,DIN,Dindoshi,Central Suburb Zone,current_operation_and_geocoding_unverified,22,701L,bus,unresolved
official_undated_operator_listing,best_depots_20260919,1a83a5e342232dd5d6e2863d0c8f793d89d808f2850a51ac0684fd0543fb9811,10,DIN,Dindoshi,Central Suburb Zone,current_operation_and_geocoding_unverified,23,705L,bus,unresolved
official_undated_operator_listing,best_depots_20260919,1a83a5e342232dd5d6e2863d0c8f793d89d808f2850a51ac0684fd0543fb9811,10,DIN,Dindoshi,Central Suburb Zone,current_operation_and_geocoding_unverified,24,718L,bus,unresolved
official_undated_operator_listing,best_depots_20260919,1a83a5e342232dd5d6e2863d0c8f793d89d808f2850a51ac0684fd0543fb9811,11,MJ,Majas,Central Suburb Zone,current_operation_and_geocoding_unverified,1,39,bus,unresolved
official_undated_operator_listing,best_depots_20260919,1a83a5e342232dd5d6e2863d0c8f793d89d808f2850a51ac0684fd0543fb9811,11,MJ,Majas,Central Suburb Zone,current_operation_and_geocoding_unverified,2,263,bus,unresolved
official_undated_operator_listing,best_depots_20260919,1a83a5e342232dd5d6e2863d0c8f793d89d808f2850a51ac0684fd0543fb9811,11,MJ,Majas,Central Suburb Zone,current_operation_and_geocoding_unverified,3,264,bus,unresolved
official_undated_operator_listing,best_depots_20260919,1a83a5e342232dd5d6e2863d0c8f793d89d808f2850a51ac0684fd0543fb9811,11,MJ,Majas,Central Suburb Zone,current_operation_and_geocoding_unverified,4,308,bus,unresolved
official_undated_operator_listing,best_depots_20260919,1a83a5e342232dd5d6e2863d0c8f793d89d808f2850a51ac0684fd0543fb9811,11,MJ,Majas,Central Suburb Zone,current_operation_and_geocoding_unverified,5,332,bus,unresolved
official_undated_operator_listing,best_depots_20260919,1a83a5e342232dd5d6e2863d0c8f793d89d808f2850a51ac0684fd0543fb9811,11,MJ,Majas,Central Suburb Zone,current_operation_and_geocoding_unverified,6,333,bus,unresolved
official_undated_operator_listing,best_depots_20260919,1a83a5e342232dd5d6e2863d0c8f793d89d808f2850a51ac0684fd0543fb9811,11,MJ,Majas,Central Suburb Zone,current_operation_and_geocoding_unverified,7,392,bus,unresolved
official_undated_operator_listing,best_depots_20260919,1a83a5e342232dd5d6e2863d0c8f793d89d808f2850a51ac0684fd0543fb9811,11,MJ,Majas,Central Suburb Zone,current_operation_and_geocoding_unverified,8,414L,bus,unresolved
official_undated_operator_listing,best_depots_20260919,1a83a5e342232dd5d6e2863d0c8f793d89d808f2850a51ac0684fd0543fb9811,11,MJ,Majas,Central Suburb Zone,current_operation_and_geocoding_unverified,9,415,bus,unresolved
official_undated_operator_listing,best_depots_20260919,1a83a5e342232dd5d6e2863d0c8f793d89d808f2850a51ac0684fd0543fb9811,11,MJ,Majas,Central Suburb Zone,current_operation_and_geocoding_unverified,10,428,bus,unresolved
official_undated_operator_listing,best_depots_20260919,1a83a5e342232dd5d6e2863d0c8f793d89d808f2850a51ac0684fd0543fb9811,11,MJ,Majas,Central Suburb Zone,current_operation_and_geocoding_unverified,11,441,bus,unresolved
official_undated_operator_listing,best_depots_20260919,1a83a5e342232dd5d6e2863d0c8f793d89d808f2850a51ac0684fd0543fb9811,11,MJ,Majas,Central Suburb Zone,current_operation_and_geocoding_unverified,12,442,bus,unresolved
official_undated_operator_listing,best_depots_20260919,1a83a5e342232dd5d6e2863d0c8f793d89d808f2850a51ac0684fd0543fb9811,11,MJ,Majas,Central Suburb Zone,current_operation_and_geocoding_unverified,13,491L,bus,unresolved
official_undated_operator_listing,best_depots_20260919,1a83a5e342232dd5d6e2863d0c8f793d89d808f2850a51ac0684fd0543fb9811,11,MJ,Majas,Central Suburb Zone,current_operation_and_geocoding_unverified,14,492L,bus,unresolved
official_undated_operator_listing,best_depots_20260919,1a83a5e342232dd5d6e2863d0c8f793d89d808f2850a51ac0684fd0543fb9811,11,MJ,Majas,Central Suburb Zone,current_operation_and_geocoding_unverified,15,496L,bus,unresolved
official_undated_operator_listing,best_depots_20260919,1a83a5e342232dd5d6e2863d0c8f793d89d808f2850a51ac0684fd0543fb9811,11,MJ,Majas,Central Suburb Zone,current_operation_and_geocoding_unverified,16,640,bus,unresolved
official_undated_operator_listing,best_depots_20260919,1a83a5e342232dd5d6e2863d0c8f793d89d808f2850a51ac0684fd0543fb9811,11,MJ,Majas,Central Suburb Zone,current_operation_and_geocoding_unverified,17,AS422,bus,unresolved
official_undated_operator_listing,best_depots_20260919,1a83a5e342232dd5d6e2863d0c8f793d89d808f2850a51ac0684fd0543fb9811,11,MJ,Majas,Central Suburb Zone,current_operation_and_geocoding_unverified,18,A75.,bus,unresolved
official_undated_operator_listing,best_depots_20260919,1a83a5e342232dd5d6e2863d0c8f793d89d808f2850a51ac0684fd0543fb9811,12,K,Kurla,Central Suburb Zone,current_operation_and_geocoding_unverified,1,37,bus,unresolved
official_undated_operator_listing,best_depots_20260919,1a83a5e342232dd5d6e2863d0c8f793d89d808f2850a51ac0684fd0543fb9811,12,K,Kurla,Central Suburb Zone,current_operation_and_geocoding_unverified,2,62,bus,unresolved
official_undated_operator_listing,best_depots_20260919,1a83a5e342232dd5d6e2863d0c8f793d89d808f2850a51ac0684fd0543fb9811,12,K,Kurla,Central Suburb Zone,current_operation_and_geocoding_unverified,3,306L,bus,unresolved
official_undated_operator_listing,best_depots_20260919,1a83a5e342232dd5d6e2863d0c8f793d89d808f2850a51ac0684fd0543fb9811,12,K,Kurla,Central Suburb Zone,current_operation_and_geocoding_unverified,4,313,bus,unresolved
official_undated_operator_listing,best_depots_20260919,1a83a5e342232dd5d6e2863d0c8f793d89d808f2850a51ac0684fd0543fb9811,12,K,Kurla,Central Suburb Zone,current_operation_and_geocoding_unverified,5,320,bus,unresolved
official_undated_operator_listing,best_depots_20260919,1a83a5e342232dd5d6e2863d0c8f793d89d808f2850a51ac0684fd0543fb9811,12,K,Kurla,Central Suburb Zone,current_operation_and_geocoding_unverified,6,322,bus,unresolved
official_undated_operator_listing,best_depots_20260919,1a83a5e342232dd5d6e2863d0c8f793d89d808f2850a51ac0684fd0543fb9811,12,K,Kurla,Central Suburb Zone,current_operation_and_geocoding_unverified,7,323,bus,unresolved
official_undated_operator_listing,best_depots_20260919,1a83a5e342232dd5d6e2863d0c8f793d89d808f2850a51ac0684fd0543fb9811,12,K,Kurla,Central Suburb Zone,current_operation_and_geocoding_unverified,8,330L,bus,unresolved
official_undated_operator_listing,best_depots_20260919,1a83a5e342232dd5d6e2863d0c8f793d89d808f2850a51ac0684fd0543fb9811,12,K,Kurla,Central Suburb Zone,current_operation_and_geocoding_unverified,9,332,bus,unresolved
official_undated_operator_listing,best_depots_20260919,1a83a5e342232dd5d6e2863d0c8f793d89d808f2850a51ac0684fd0543fb9811,12,K,Kurla,Central Suburb Zone,current_operation_and_geocoding_unverified,10,336,bus,unresolved
official_undated_operator_listing,best_depots_20260919,1a83a5e342232dd5d6e2863d0c8f793d89d808f2850a51ac0684fd0543fb9811,12,K,Kurla,Central Suburb Zone,current_operation_and_geocoding_unverified,11,365,bus,unresolved
official_undated_operator_listing,best_depots_20260919,1a83a5e342232dd5d6e2863d0c8f793d89d808f2850a51ac0684fd0543fb9811,12,K,Kurla,Central Suburb Zone,current_operation_and_geocoding_unverified,12,426,bus,unresolved
official_undated_operator_listing,best_depots_20260919,1a83a5e342232dd5d6e2863d0c8f793d89d808f2850a51ac0684fd0543fb9811,12,K,Kurla,Central Suburb Zone,current_operation_and_geocoding_unverified,13,433,bus,unresolved
official_undated_operator_listing,best_depots_20260919,1a83a5e342232dd5d6e2863d0c8f793d89d808f2850a51ac0684fd0543fb9811,12,K,Kurla,Central Suburb Zone,current_operation_and_geocoding_unverified,14,446,bus,unresolved
official_undated_operator_listing,best_depots_20260919,1a83a5e342232dd5d6e2863d0c8f793d89d808f2850a51ac0684fd0543fb9811,12,K,Kurla,Central Suburb Zone,current_operation_and_geocoding_unverified,15,507L,bus,unresolved
official_undated_operator_listing,best_depots_20260919,1a83a5e342232dd5d6e2863d0c8f793d89d808f2850a51ac0684fd0543fb9811,12,K,Kurla,Central Suburb Zone,current_operation_and_geocoding_unverified,16,517L,bus,unresolved
official_undated_operator_listing,best_depots_20260919,1a83a5e342232dd5d6e2863d0c8f793d89d808f2850a51ac0684fd0543fb9811,12,K,Kurla,Central Suburb Zone,current_operation_and_geocoding_unverified,17,609,bus,unresolved
official_undated_operator_listing,best_depots_20260919,1a83a5e342232dd5d6e2863d0c8f793d89d808f2850a51ac0684fd0543fb9811,12,K,Kurla,Central Suburb Zone,current_operation_and_geocoding_unverified,18,613,bus,unresolved
official_undated_operator_listing,best_depots_20260919,1a83a5e342232dd5d6e2863d0c8f793d89d808f2850a51ac0684fd0543fb9811,12,K,Kurla,Central Suburb Zone,current_operation_and_geocoding_unverified,19,631,bus,unresolved
official_undated_operator_listing,best_depots_20260919,1a83a5e342232dd5d6e2863d0c8f793d89d808f2850a51ac0684fd0543fb9811,12,K,Kurla,Central Suburb Zone,current_operation_and_geocoding_unverified,20,632,bus,unresolved
official_undated_operator_listing,best_depots_20260919,1a83a5e342232dd5d6e2863d0c8f793d89d808f2850a51ac0684fd0543fb9811,13,BN,Bandra,Western Suburb Zone,current_operation_and_geocoding_unverified,1,001,bus,unresolved
official_undated_operator_listing,best_depots_20260919,1a83a5e342232dd5d6e2863d0c8f793d89d808f2850a51ac0684fd0543fb9811,13,BN,Bandra,Western Suburb Zone,current_operation_and_geocoding_unverified,2,061,bus,unresolved
official_undated_operator_listing,best_depots_20260919,1a83a5e342232dd5d6e2863d0c8f793d89d808f2850a51ac0684fd0543fb9811,13,BN,Bandra,Western Suburb Zone,current_operation_and_geocoding_unverified,3,074,bus,unresolved
official_undated_operator_listing,best_depots_20260919,1a83a5e342232dd5d6e2863d0c8f793d89d808f2850a51ac0684fd0543fb9811,13,BN,Bandra,Western Suburb Zone,current_operation_and_geocoding_unverified,4,086,bus,unresolved
official_undated_operator_listing,best_depots_20260919,1a83a5e342232dd5d6e2863d0c8f793d89d808f2850a51ac0684fd0543fb9811,13,BN,Bandra,Western Suburb Zone,current_operation_and_geocoding_unverified,5,211,bus,unresolved
official_undated_operator_listing,best_depots_20260919,1a83a5e342232dd5d6e2863d0c8f793d89d808f2850a51ac0684fd0543fb9811,13,BN,Bandra,Western Suburb Zone,current_operation_and_geocoding_unverified,6,212,bus,unresolved
official_undated_operator_listing,best_depots_20260919,1a83a5e342232dd5d6e2863d0c8f793d89d808f2850a51ac0684fd0543fb9811,13,BN,Bandra,Western Suburb Zone,current_operation_and_geocoding_unverified,7,214,bus,unresolved
official_undated_operator_listing,best_depots_20260919,1a83a5e342232dd5d6e2863d0c8f793d89d808f2850a51ac0684fd0543fb9811,13,BN,Bandra,Western Suburb Zone,current_operation_and_geocoding_unverified,8,215,bus,unresolved
official_undated_operator_listing,best_depots_20260919,1a83a5e342232dd5d6e2863d0c8f793d89d808f2850a51ac0684fd0543fb9811,13,BN,Bandra,Western Suburb Zone,current_operation_and_geocoding_unverified,9,216,bus,unresolved
official_undated_operator_listing,best_depots_20260919,1a83a5e342232dd5d6e2863d0c8f793d89d808f2850a51ac0684fd0543fb9811,13,BN,Bandra,Western Suburb Zone,current_operation_and_geocoding_unverified,10,220,bus,unresolved
official_undated_operator_listing,best_depots_20260919,1a83a5e342232dd5d6e2863d0c8f793d89d808f2850a51ac0684fd0543fb9811,13,BN,Bandra,Western Suburb Zone,current_operation_and_geocoding_unverified,11,222,bus,unresolved
official_undated_operator_listing,best_depots_20260919,1a83a5e342232dd5d6e2863d0c8f793d89d808f2850a51ac0684fd0543fb9811,13,BN,Bandra,Western Suburb Zone,current_operation_and_geocoding_unverified,12,225,bus,unresolved
official_undated_operator_listing,best_depots_20260919,1a83a5e342232dd5d6e2863d0c8f793d89d808f2850a51ac0684fd0543fb9811,13,BN,Bandra,Western Suburb Zone,current_operation_and_geocoding_unverified,13,321L,bus,unresolved
official_undated_operator_listing,best_depots_20260919,1a83a5e342232dd5d6e2863d0c8f793d89d808f2850a51ac0684fd0543fb9811,13,BN,Bandra,Western Suburb Zone,current_operation_and_geocoding_unverified,14,422,bus,unresolved
official_undated_operator_listing,best_depots_20260919,1a83a5e342232dd5d6e2863d0c8f793d89d808f2850a51ac0684fd0543fb9811,13,BN,Bandra,Western Suburb Zone,current_operation_and_geocoding_unverified,15,473,bus,unresolved
official_undated_operator_listing,best_depots_20260919,1a83a5e342232dd5d6e2863d0c8f793d89d808f2850a51ac0684fd0543fb9811,13,BN,Bandra,Western Suburb Zone,current_operation_and_geocoding_unverified,16,505L,bus,unresolved
official_undated_operator_listing,best_depots_20260919,1a83a5e342232dd5d6e2863d0c8f793d89d808f2850a51ac0684fd0543fb9811,13,BN,Bandra,Western Suburb Zone,current_operation_and_geocoding_unverified,17,515L,bus,unresolved
official_undated_operator_listing,best_depots_20260919,1a83a5e342232dd5d6e2863d0c8f793d89d808f2850a51ac0684fd0543fb9811,13,BN,Bandra,Western Suburb Zone,current_operation_and_geocoding_unverified,18,C055,bus,unresolved
official_undated_operator_listing,best_depots_20260919,1a83a5e342232dd5d6e2863d0c8f793d89d808f2850a51ac0684fd0543fb9811,14,S,Santacruz,Western Suburb Zone,current_operation_and_geocoding_unverified,1,028,bus,unresolved
official_undated_operator_listing,best_depots_20260919,1a83a5e342232dd5d6e2863d0c8f793d89d808f2850a51ac0684fd0543fb9811,14,S,Santacruz,Western Suburb Zone,current_operation_and_geocoding_unverified,2,051,bus,unresolved
official_undated_operator_listing,best_depots_20260919,1a83a5e342232dd5d6e2863d0c8f793d89d808f2850a51ac0684fd0543fb9811,14,S,Santacruz,Western Suburb Zone,current_operation_and_geocoding_unverified,3,080L,bus,unresolved
official_undated_operator_listing,best_depots_20260919,1a83a5e342232dd5d6e2863d0c8f793d89d808f2850a51ac0684fd0543fb9811,14,S,Santacruz,Western Suburb Zone,current_operation_and_geocoding_unverified,4,081L,bus,unresolved
official_undated_operator_listing,best_depots_20260919,1a83a5e342232dd5d6e2863d0c8f793d89d808f2850a51ac0684fd0543fb9811,14,S,Santacruz,Western Suburb Zone,current_operation_and_geocoding_unverified,5,083,bus,unresolved
official_undated_operator_listing,best_depots_20260919,1a83a5e342232dd5d6e2863d0c8f793d89d808f2850a51ac0684fd0543fb9811,14,S,Santacruz,Western Suburb Zone,current_operation_and_geocoding_unverified,6,224,bus,unresolved
official_undated_operator_listing,best_depots_20260919,1a83a5e342232dd5d6e2863d0c8f793d89d808f2850a51ac0684fd0543fb9811,14,S,Santacruz,Western Suburb Zone,current_operation_and_geocoding_unverified,7,229,bus,unresolved
official_undated_operator_listing,best_depots_20260919,1a83a5e342232dd5d6e2863d0c8f793d89d808f2850a51ac0684fd0543fb9811,14,S,Santacruz,Western Suburb Zone,current_operation_and_geocoding_unverified,8,231,bus,unresolved
official_undated_operator_listing,best_depots_20260919,1a83a5e342232dd5d6e2863d0c8f793d89d808f2850a51ac0684fd0543fb9811,14,S,Santacruz,Western Suburb Zone,current_operation_and_geocoding_unverified,9,339,bus,unresolved
official_undated_operator_listing,best_depots_20260919,1a83a5e342232dd5d6e2863d0c8f793d89d808f2850a51ac0684fd0543fb9811,14,S,Santacruz,Western Suburb Zone,current_operation_and_geocoding_unverified,10,356L,bus,unresolved
official_undated_operator_listing,best_depots_20260919,1a83a5e342232dd5d6e2863d0c8f793d89d808f2850a51ac0684fd0543fb9811,14,S,Santacruz,Western Suburb Zone,current_operation_and_geocoding_unverified,11,384,bus,unresolved
official_undated_operator_listing,best_depots_20260919,1a83a5e342232dd5d6e2863d0c8f793d89d808f2850a51ac0684fd0543fb9811,14,S,Santacruz,Western Suburb Zone,current_operation_and_geocoding_unverified,12,627,bus,unresolved
official_undated_operator_listing,best_depots_20260919,1a83a5e342232dd5d6e2863d0c8f793d89d808f2850a51ac0684fd0543fb9811,14,S,Santacruz,Western Suburb Zone,current_operation_and_geocoding_unverified,13,630,bus,unresolved
official_undated_operator_listing,best_depots_20260919,1a83a5e342232dd5d6e2863d0c8f793d89d808f2850a51ac0684fd0543fb9811,14,S,Santacruz,Western Suburb Zone,current_operation_and_geocoding_unverified,14,C12EXP,bus,unresolved
official_undated_operator_listing,best_depots_20260919,1a83a5e342232dd5d6e2863d0c8f793d89d808f2850a51ac0684fd0543fb9811,15,GG,Goregaon,Western Suburb Zone,current_operation_and_geocoding_unverified,1,32,bus,unresolved
official_undated_operator_listing,best_depots_20260919,1a83a5e342232dd5d6e2863d0c8f793d89d808f2850a51ac0684fd0543fb9811,15,GG,Goregaon,Western Suburb Zone,current_operation_and_geocoding_unverified,2,33,bus,unresolved
official_undated_operator_listing,best_depots_20260919,1a83a5e342232dd5d6e2863d0c8f793d89d808f2850a51ac0684fd0543fb9811,15,GG,Goregaon,Western Suburb Zone,current_operation_and_geocoding_unverified,3,201,bus,unresolved
official_undated_operator_listing,best_depots_20260919,1a83a5e342232dd5d6e2863d0c8f793d89d808f2850a51ac0684fd0543fb9811,15,GG,Goregaon,Western Suburb Zone,current_operation_and_geocoding_unverified,4,204,bus,unresolved
official_undated_operator_listing,best_depots_20260919,1a83a5e342232dd5d6e2863d0c8f793d89d808f2850a51ac0684fd0543fb9811,15,GG,Goregaon,Western Suburb Zone,current_operation_and_geocoding_unverified,5,205,bus,unresolved
official_undated_operator_listing,best_depots_20260919,1a83a5e342232dd5d6e2863d0c8f793d89d808f2850a51ac0684fd0543fb9811,15,GG,Goregaon,Western Suburb Zone,current_operation_and_geocoding_unverified,6,210,bus,unresolved
official_undated_operator_listing,best_depots_20260919,1a83a5e342232dd5d6e2863d0c8f793d89d808f2850a51ac0684fd0543fb9811,15,GG,Goregaon,Western Suburb Zone,current_operation_and_geocoding_unverified,7,234,bus,unresolved
official_undated_operator_listing,best_depots_20260919,1a83a5e342232dd5d6e2863d0c8f793d89d808f2850a51ac0684fd0543fb9811,15,GG,Goregaon,Western Suburb Zone,current_operation_and_geocoding_unverified,8,261,bus,unresolved
official_undated_operator_listing,best_depots_20260919,1a83a5e342232dd5d6e2863d0c8f793d89d808f2850a51ac0684fd0543fb9811,15,GG,Goregaon,Western Suburb Zone,current_operation_and_geocoding_unverified,9,265,bus,unresolved
official_undated_operator_listing,best_depots_20260919,1a83a5e342232dd5d6e2863d0c8f793d89d808f2850a51ac0684fd0543fb9811,15,GG,Goregaon,Western Suburb Zone,current_operation_and_geocoding_unverified,10,424,bus,unresolved
official_undated_operator_listing,best_depots_20260919,1a83a5e342232dd5d6e2863d0c8f793d89d808f2850a51ac0684fd0543fb9811,15,GG,Goregaon,Western Suburb Zone,current_operation_and_geocoding_unverified,11,425,bus,unresolved
official_undated_operator_listing,best_depots_20260919,1a83a5e342232dd5d6e2863d0c8f793d89d808f2850a51ac0684fd0543fb9811,15,GG,Goregaon,Western Suburb Zone,current_operation_and_geocoding_unverified,12,444L,bus,unresolved
official_undated_operator_listing,best_depots_20260919,1a83a5e342232dd5d6e2863d0c8f793d89d808f2850a51ac0684fd0543fb9811,15,GG,Goregaon,Western Suburb Zone,current_operation_and_geocoding_unverified,13,454,bus,unresolved
official_undated_operator_listing,best_depots_20260919,1a83a5e342232dd5d6e2863d0c8f793d89d808f2850a51ac0684fd0543fb9811,15,GG,Goregaon,Western Suburb Zone,current_operation_and_geocoding_unverified,14,469L,bus,unresolved
official_undated_operator_listing,best_depots_20260919,1a83a5e342232dd5d6e2863d0c8f793d89d808f2850a51ac0684fd0543fb9811,15,GG,Goregaon,Western Suburb Zone,current_operation_and_geocoding_unverified,15,707L.,bus,unresolved
official_undated_operator_listing,best_depots_20260919,1a83a5e342232dd5d6e2863d0c8f793d89d808f2850a51ac0684fd0543fb9811,16,OSH,Oshiwara,Western Suburb Zone,current_operation_and_geocoding_unverified,1,4L,bus,unresolved
official_undated_operator_listing,best_depots_20260919,1a83a5e342232dd5d6e2863d0c8f793d89d808f2850a51ac0684fd0543fb9811,16,OSH,Oshiwara,Western Suburb Zone,current_operation_and_geocoding_unverified,2,84L,bus,unresolved
official_undated_operator_listing,best_depots_20260919,1a83a5e342232dd5d6e2863d0c8f793d89d808f2850a51ac0684fd0543fb9811,16,OSH,Oshiwara,Western Suburb Zone,current_operation_and_geocoding_unverified,3,200,bus,unresolved
official_undated_operator_listing,best_depots_20260919,1a83a5e342232dd5d6e2863d0c8f793d89d808f2850a51ac0684fd0543fb9811,16,OSH,Oshiwara,Western Suburb Zone,current_operation_and_geocoding_unverified,4,221,bus,unresolved
official_undated_operator_listing,best_depots_20260919,1a83a5e342232dd5d6e2863d0c8f793d89d808f2850a51ac0684fd0543fb9811,16,OSH,Oshiwara,Western Suburb Zone,current_operation_and_geocoding_unverified,5,223L,bus,unresolved
official_undated_operator_listing,best_depots_20260919,1a83a5e342232dd5d6e2863d0c8f793d89d808f2850a51ac0684fd0543fb9811,16,OSH,Oshiwara,Western Suburb Zone,current_operation_and_geocoding_unverified,6,235,bus,unresolved
official_undated_operator_listing,best_depots_20260919,1a83a5e342232dd5d6e2863d0c8f793d89d808f2850a51ac0684fd0543fb9811,16,OSH,Oshiwara,Western Suburb Zone,current_operation_and_geocoding_unverified,7,236,bus,unresolved
official_undated_operator_listing,best_depots_20260919,1a83a5e342232dd5d6e2863d0c8f793d89d808f2850a51ac0684fd0543fb9811,16,OSH,Oshiwara,Western Suburb Zone,current_operation_and_geocoding_unverified,8,242,bus,unresolved
official_undated_operator_listing,best_depots_20260919,1a83a5e342232dd5d6e2863d0c8f793d89d808f2850a51ac0684fd0543fb9811,16,OSH,Oshiwara,Western Suburb Zone,current_operation_and_geocoding_unverified,9,248,bus,unresolved
official_undated_operator_listing,best_depots_20260919,1a83a5e342232dd5d6e2863d0c8f793d89d808f2850a51ac0684fd0543fb9811,16,OSH,Oshiwara,Western Suburb Zone,current_operation_and_geocoding_unverified,10,249,bus,unresolved
official_undated_operator_listing,best_depots_20260919,1a83a5e342232dd5d6e2863d0c8f793d89d808f2850a51ac0684fd0543fb9811,16,OSH,Oshiwara,Western Suburb Zone,current_operation_and_geocoding_unverified,11,250,bus,unresolved
official_undated_operator_listing,best_depots_20260919,1a83a5e342232dd5d6e2863d0c8f793d89d808f2850a51ac0684fd0543fb9811,16,OSH,Oshiwara,Western Suburb Zone,current_operation_and_geocoding_unverified,12,251,bus,unresolved
official_undated_operator_listing,best_depots_20260919,1a83a5e342232dd5d6e2863d0c8f793d89d808f2850a51ac0684fd0543fb9811,16,OSH,Oshiwara,Western Suburb Zone,current_operation_and_geocoding_unverified,13,252,bus,unresolved
official_undated_operator_listing,best_depots_20260919,1a83a5e342232dd5d6e2863d0c8f793d89d808f2850a51ac0684fd0543fb9811,16,OSH,Oshiwara,Western Suburb Zone,current_operation_and_geocoding_unverified,14,254,bus,unresolved
official_undated_operator_listing,best_depots_20260919,1a83a5e342232dd5d6e2863d0c8f793d89d808f2850a51ac0684fd0543fb9811,16,OSH,Oshiwara,Western Suburb Zone,current_operation_and_geocoding_unverified,15,266,bus,unresolved
official_undated_operator_listing,best_depots_20260919,1a83a5e342232dd5d6e2863d0c8f793d89d808f2850a51ac0684fd0543fb9811,16,OSH,Oshiwara,Western Suburb Zone,current_operation_and_geocoding_unverified,16,268,bus,unresolved
official_undated_operator_listing,best_depots_20260919,1a83a5e342232dd5d6e2863d0c8f793d89d808f2850a51ac0684fd0543fb9811,16,OSH,Oshiwara,Western Suburb Zone,current_operation_and_geocoding_unverified,17,AS004,bus,unresolved
official_undated_operator_listing,best_depots_20260919,1a83a5e342232dd5d6e2863d0c8f793d89d808f2850a51ac0684fd0543fb9811,16,OSH,Oshiwara,Western Suburb Zone,current_operation_and_geocoding_unverified,18,A074E,bus,unresolved
official_undated_operator_listing,best_depots_20260919,1a83a5e342232dd5d6e2863d0c8f793d89d808f2850a51ac0684fd0543fb9811,16,OSH,Oshiwara,Western Suburb Zone,current_operation_and_geocoding_unverified,19,AS707,bus,unresolved
official_undated_operator_listing,best_depots_20260919,1a83a5e342232dd5d6e2863d0c8f793d89d808f2850a51ac0684fd0543fb9811,17,P,Poisar,Western Suburb Zone,current_operation_and_geocoding_unverified,1,203,bus,unresolved
official_undated_operator_listing,best_depots_20260919,1a83a5e342232dd5d6e2863d0c8f793d89d808f2850a51ac0684fd0543fb9811,17,P,Poisar,Western Suburb Zone,current_operation_and_geocoding_unverified,2,210L,bus,unresolved
official_undated_operator_listing,best_depots_20260919,1a83a5e342232dd5d6e2863d0c8f793d89d808f2850a51ac0684fd0543fb9811,17,P,Poisar,Western Suburb Zone,current_operation_and_geocoding_unverified,3,239,bus,unresolved
official_undated_operator_listing,best_depots_20260919,1a83a5e342232dd5d6e2863d0c8f793d89d808f2850a51ac0684fd0543fb9811,17,P,Poisar,Western Suburb Zone,current_operation_and_geocoding_unverified,4,244,bus,unresolved
official_undated_operator_listing,best_depots_20260919,1a83a5e342232dd5d6e2863d0c8f793d89d808f2850a51ac0684fd0543fb9811,17,P,Poisar,Western Suburb Zone,current_operation_and_geocoding_unverified,5,246,bus,unresolved
official_undated_operator_listing,best_depots_20260919,1a83a5e342232dd5d6e2863d0c8f793d89d808f2850a51ac0684fd0543fb9811,17,P,Poisar,Western Suburb Zone,current_operation_and_geocoding_unverified,6,276,bus,unresolved
official_undated_operator_listing,best_depots_20260919,1a83a5e342232dd5d6e2863d0c8f793d89d808f2850a51ac0684fd0543fb9811,17,P,Poisar,Western Suburb Zone,current_operation_and_geocoding_unverified,7,277,bus,unresolved
official_undated_operator_listing,best_depots_20260919,1a83a5e342232dd5d6e2863d0c8f793d89d808f2850a51ac0684fd0543fb9811,17,P,Poisar,Western Suburb Zone,current_operation_and_geocoding_unverified,8,278,bus,unresolved
official_undated_operator_listing,best_depots_20260919,1a83a5e342232dd5d6e2863d0c8f793d89d808f2850a51ac0684fd0543fb9811,17,P,Poisar,Western Suburb Zone,current_operation_and_geocoding_unverified,9,280,bus,unresolved
official_undated_operator_listing,best_depots_20260919,1a83a5e342232dd5d6e2863d0c8f793d89d808f2850a51ac0684fd0543fb9811,17,P,Poisar,Western Suburb Zone,current_operation_and_geocoding_unverified,10,281,bus,unresolved
official_undated_operator_listing,best_depots_20260919,1a83a5e342232dd5d6e2863d0c8f793d89d808f2850a51ac0684fd0543fb9811,17,P,Poisar,Western Suburb Zone,current_operation_and_geocoding_unverified,11,283,bus,unresolved
official_undated_operator_listing,best_depots_20260919,1a83a5e342232dd5d6e2863d0c8f793d89d808f2850a51ac0684fd0543fb9811,17,P,Poisar,Western Suburb Zone,current_operation_and_geocoding_unverified,12,285,bus,unresolved
official_undated_operator_listing,best_depots_20260919,1a83a5e342232dd5d6e2863d0c8f793d89d808f2850a51ac0684fd0543fb9811,17,P,Poisar,Western Suburb Zone,current_operation_and_geocoding_unverified,13,286,bus,unresolved
official_undated_operator_listing,best_depots_20260919,1a83a5e342232dd5d6e2863d0c8f793d89d808f2850a51ac0684fd0543fb9811,17,P,Poisar,Western Suburb Zone,current_operation_and_geocoding_unverified,14,290L,bus,unresolved
official_undated_operator_listing,best_depots_20260919,1a83a5e342232dd5d6e2863d0c8f793d89d808f2850a51ac0684fd0543fb9811,17,P,Poisar,Western Suburb Zone,current_operation_and_geocoding_unverified,15,291,bus,unresolved
official_undated_operator_listing,best_depots_20260919,1a83a5e342232dd5d6e2863d0c8f793d89d808f2850a51ac0684fd0543fb9811,17,P,Poisar,Western Suburb Zone,current_operation_and_geocoding_unverified,16,AS388,bus,unresolved
official_undated_operator_listing,best_depots_20260919,1a83a5e342232dd5d6e2863d0c8f793d89d808f2850a51ac0684fd0543fb9811,18,GR,Gorai,Western Suburb Zone,current_operation_and_geocoding_unverified,1,079,bus,unresolved
official_undated_operator_listing,best_depots_20260919,1a83a5e342232dd5d6e2863d0c8f793d89d808f2850a51ac0684fd0543fb9811,18,GR,Gorai,Western Suburb Zone,current_operation_and_geocoding_unverified,2,202L,bus,unresolved
official_undated_operator_listing,best_depots_20260919,1a83a5e342232dd5d6e2863d0c8f793d89d808f2850a51ac0684fd0543fb9811,18,GR,Gorai,Western Suburb Zone,current_operation_and_geocoding_unverified,3,206,bus,unresolved
official_undated_operator_listing,best_depots_20260919,1a83a5e342232dd5d6e2863d0c8f793d89d808f2850a51ac0684fd0543fb9811,18,GR,Gorai,Western Suburb Zone,current_operation_and_geocoding_unverified,4,208,bus,unresolved
official_undated_operator_listing,best_depots_20260919,1a83a5e342232dd5d6e2863d0c8f793d89d808f2850a51ac0684fd0543fb9811,18,GR,Gorai,Western Suburb Zone,current_operation_and_geocoding_unverified,5,226L,bus,unresolved
official_undated_operator_listing,best_depots_20260919,1a83a5e342232dd5d6e2863d0c8f793d89d808f2850a51ac0684fd0543fb9811,18,GR,Gorai,Western Suburb Zone,current_operation_and_geocoding_unverified,6,240,bus,unresolved
official_undated_operator_listing,best_depots_20260919,1a83a5e342232dd5d6e2863d0c8f793d89d808f2850a51ac0684fd0543fb9811,18,GR,Gorai,Western Suburb Zone,current_operation_and_geocoding_unverified,7,245,bus,unresolved
official_undated_operator_listing,best_depots_20260919,1a83a5e342232dd5d6e2863d0c8f793d89d808f2850a51ac0684fd0543fb9811,18,GR,Gorai,Western Suburb Zone,current_operation_and_geocoding_unverified,8,247,bus,unresolved
official_undated_operator_listing,best_depots_20260919,1a83a5e342232dd5d6e2863d0c8f793d89d808f2850a51ac0684fd0543fb9811,18,GR,Gorai,Western Suburb Zone,current_operation_and_geocoding_unverified,9,259,bus,unresolved
official_undated_operator_listing,best_depots_20260919,1a83a5e342232dd5d6e2863d0c8f793d89d808f2850a51ac0684fd0543fb9811,18,GR,Gorai,Western Suburb Zone,current_operation_and_geocoding_unverified,10,260,bus,unresolved
official_undated_operator_listing,best_depots_20260919,1a83a5e342232dd5d6e2863d0c8f793d89d808f2850a51ac0684fd0543fb9811,18,GR,Gorai,Western Suburb Zone,current_operation_and_geocoding_unverified,11,269,bus,unresolved
official_undated_operator_listing,best_depots_20260919,1a83a5e342232dd5d6e2863d0c8f793d89d808f2850a51ac0684fd0543fb9811,18,GR,Gorai,Western Suburb Zone,current_operation_and_geocoding_unverified,12,294,bus,unresolved
official_undated_operator_listing,best_depots_20260919,1a83a5e342232dd5d6e2863d0c8f793d89d808f2850a51ac0684fd0543fb9811,18,GR,Gorai,Western Suburb Zone,current_operation_and_geocoding_unverified,13,296,bus,unresolved
official_undated_operator_listing,best_depots_20260919,1a83a5e342232dd5d6e2863d0c8f793d89d808f2850a51ac0684fd0543fb9811,18,GR,Gorai,Western Suburb Zone,current_operation_and_geocoding_unverified,14,309L,bus,unresolved
official_undated_operator_listing,best_depots_20260919,1a83a5e342232dd5d6e2863d0c8f793d89d808f2850a51ac0684fd0543fb9811,18,GR,Gorai,Western Suburb Zone,current_operation_and_geocoding_unverified,15,345,bus,unresolved
official_undated_operator_listing,best_depots_20260919,1a83a5e342232dd5d6e2863d0c8f793d89d808f2850a51ac0684fd0543fb9811,18,GR,Gorai,Western Suburb Zone,current_operation_and_geocoding_unverified,16,460L,bus,unresolved
official_undated_operator_listing,best_depots_20260919,1a83a5e342232dd5d6e2863d0c8f793d89d808f2850a51ac0684fd0543fb9811,18,GR,Gorai,Western Suburb Zone,current_operation_and_geocoding_unverified,17,461L,bus,unresolved
official_undated_operator_listing,best_depots_20260919,1a83a5e342232dd5d6e2863d0c8f793d89d808f2850a51ac0684fd0543fb9811,18,GR,Gorai,Western Suburb Zone,current_operation_and_geocoding_unverified,18,A77,bus,unresolved
official_undated_operator_listing,best_depots_20260919,1a83a5e342232dd5d6e2863d0c8f793d89d808f2850a51ac0684fd0543fb9811,18,GR,Gorai,Western Suburb Zone,current_operation_and_geocoding_unverified,19,AS461,bus,unresolved
official_undated_operator_listing,best_depots_20260919,1a83a5e342232dd5d6e2863d0c8f793d89d808f2850a51ac0684fd0543fb9811,19,MLV,Malvani,Western Suburb Zone,current_operation_and_geocoding_unverified,1,180,bus,unresolved
official_undated_operator_listing,best_depots_20260919,1a83a5e342232dd5d6e2863d0c8f793d89d808f2850a51ac0684fd0543fb9811,19,MLV,Malvani,Western Suburb Zone,current_operation_and_geocoding_unverified,2,207,bus,unresolved
official_undated_operator_listing,best_depots_20260919,1a83a5e342232dd5d6e2863d0c8f793d89d808f2850a51ac0684fd0543fb9811,19,MLV,Malvani,Western Suburb Zone,current_operation_and_geocoding_unverified,3,241,bus,unresolved
official_undated_operator_listing,best_depots_20260919,1a83a5e342232dd5d6e2863d0c8f793d89d808f2850a51ac0684fd0543fb9811,19,MLV,Malvani,Western Suburb Zone,current_operation_and_geocoding_unverified,4,243,bus,unresolved
official_undated_operator_listing,best_depots_20260919,1a83a5e342232dd5d6e2863d0c8f793d89d808f2850a51ac0684fd0543fb9811,19,MLV,Malvani,Western Suburb Zone,current_operation_and_geocoding_unverified,5,256,bus,unresolved
official_undated_operator_listing,best_depots_20260919,1a83a5e342232dd5d6e2863d0c8f793d89d808f2850a51ac0684fd0543fb9811,19,MLV,Malvani,Western Suburb Zone,current_operation_and_geocoding_unverified,6,270,bus,unresolved
official_undated_operator_listing,best_depots_20260919,1a83a5e342232dd5d6e2863d0c8f793d89d808f2850a51ac0684fd0543fb9811,19,MLV,Malvani,Western Suburb Zone,current_operation_and_geocoding_unverified,7,271,bus,unresolved
official_undated_operator_listing,best_depots_20260919,1a83a5e342232dd5d6e2863d0c8f793d89d808f2850a51ac0684fd0543fb9811,19,MLV,Malvani,Western Suburb Zone,current_operation_and_geocoding_unverified,8,272,bus,unresolved
official_undated_operator_listing,best_depots_20260919,1a83a5e342232dd5d6e2863d0c8f793d89d808f2850a51ac0684fd0543fb9811,19,MLV,Malvani,Western Suburb Zone,current_operation_and_geocoding_unverified,9,273,bus,unresolved
official_undated_operator_listing,best_depots_20260919,1a83a5e342232dd5d6e2863d0c8f793d89d808f2850a51ac0684fd0543fb9811,19,MLV,Malvani,Western Suburb Zone,current_operation_and_geocoding_unverified,10,359L,bus,unresolved
official_undated_operator_listing,best_depots_20260919,1a83a5e342232dd5d6e2863d0c8f793d89d808f2850a51ac0684fd0543fb9811,19,MLV,Malvani,Western Suburb Zone,current_operation_and_geocoding_unverified,11,456,bus,unresolved
official_undated_operator_listing,best_depots_20260919,1a83a5e342232dd5d6e2863d0c8f793d89d808f2850a51ac0684fd0543fb9811,19,MLV,Malvani,Western Suburb Zone,current_operation_and_geocoding_unverified,12,459L,bus,unresolved
official_undated_operator_listing,best_depots_20260919,1a83a5e342232dd5d6e2863d0c8f793d89d808f2850a51ac0684fd0543fb9811,19,MLV,Malvani,Western Suburb Zone,current_operation_and_geocoding_unverified,13,720L,bus,unresolved
official_undated_operator_listing,best_depots_20260919,1a83a5e342232dd5d6e2863d0c8f793d89d808f2850a51ac0684fd0543fb9811,20,MLD,Malad,Western Suburb Zone,current_operation_and_geocoding_unverified,1,38,bus,unresolved
official_undated_operator_listing,best_depots_20260919,1a83a5e342232dd5d6e2863d0c8f793d89d808f2850a51ac0684fd0543fb9811,20,MLD,Malad,Western Suburb Zone,current_operation_and_geocoding_unverified,2,182,bus,unresolved
official_undated_operator_listing,best_depots_20260919,1a83a5e342232dd5d6e2863d0c8f793d89d808f2850a51ac0684fd0543fb9811,20,MLD,Malad,Western Suburb Zone,current_operation_and_geocoding_unverified,3,253,bus,unresolved
official_undated_operator_listing,best_depots_20260919,1a83a5e342232dd5d6e2863d0c8f793d89d808f2850a51ac0684fd0543fb9811,20,MLD,Malad,Western Suburb Zone,current_operation_and_geocoding_unverified,4,262,bus,unresolved
official_undated_operator_listing,best_depots_20260919,1a83a5e342232dd5d6e2863d0c8f793d89d808f2850a51ac0684fd0543fb9811,20,MLD,Malad,Western Suburb Zone,current_operation_and_geocoding_unverified,5,457,bus,unresolved
official_undated_operator_listing,best_depots_20260919,1a83a5e342232dd5d6e2863d0c8f793d89d808f2850a51ac0684fd0543fb9811,20,MLD,Malad,Western Suburb Zone,current_operation_and_geocoding_unverified,6,458L,bus,unresolved
official_undated_operator_listing,best_depots_20260919,1a83a5e342232dd5d6e2863d0c8f793d89d808f2850a51ac0684fd0543fb9811,20,MLD,Malad,Western Suburb Zone,current_operation_and_geocoding_unverified,7,485L,bus,unresolved
official_undated_operator_listing,best_depots_20260919,1a83a5e342232dd5d6e2863d0c8f793d89d808f2850a51ac0684fd0543fb9811,20,MLD,Malad,Western Suburb Zone,current_operation_and_geocoding_unverified,8,620,bus,unresolved
official_undated_operator_listing,best_depots_20260919,1a83a5e342232dd5d6e2863d0c8f793d89d808f2850a51ac0684fd0543fb9811,20,MLD,Malad,Western Suburb Zone,current_operation_and_geocoding_unverified,9,621,bus,unresolved
official_undated_operator_listing,best_depots_20260919,1a83a5e342232dd5d6e2863d0c8f793d89d808f2850a51ac0684fd0543fb9811,20,MLD,Malad,Western Suburb Zone,current_operation_and_geocoding_unverified,10,622,bus,unresolved
official_undated_operator_listing,best_depots_20260919,1a83a5e342232dd5d6e2863d0c8f793d89d808f2850a51ac0684fd0543fb9811,20,MLD,Malad,Western Suburb Zone,current_operation_and_geocoding_unverified,11,634.,bus,unresolved
official_undated_operator_listing,best_depots_20260919,1a83a5e342232dd5d6e2863d0c8f793d89d808f2850a51ac0684fd0543fb9811,21,A,Anik.,Eastern Suburb Zone,current_operation_and_geocoding_unverified,1,5,bus,unresolved
official_undated_operator_listing,best_depots_20260919,1a83a5e342232dd5d6e2863d0c8f793d89d808f2850a51ac0684fd0543fb9811,21,A,Anik.,Eastern Suburb Zone,current_operation_and_geocoding_unverified,2,45,bus,unresolved
official_undated_operator_listing,best_depots_20260919,1a83a5e342232dd5d6e2863d0c8f793d89d808f2850a51ac0684fd0543fb9811,21,A,Anik.,Eastern Suburb Zone,current_operation_and_geocoding_unverified,3,58,bus,unresolved
official_undated_operator_listing,best_depots_20260919,1a83a5e342232dd5d6e2863d0c8f793d89d808f2850a51ac0684fd0543fb9811,21,A,Anik.,Eastern Suburb Zone,current_operation_and_geocoding_unverified,4,59,bus,unresolved
official_undated_operator_listing,best_depots_20260919,1a83a5e342232dd5d6e2863d0c8f793d89d808f2850a51ac0684fd0543fb9811,21,A,Anik.,Eastern Suburb Zone,current_operation_and_geocoding_unverified,5,60,bus,unresolved
official_undated_operator_listing,best_depots_20260919,1a83a5e342232dd5d6e2863d0c8f793d89d808f2850a51ac0684fd0543fb9811,21,A,Anik.,Eastern Suburb Zone,current_operation_and_geocoding_unverified,6,85,bus,unresolved
official_undated_operator_listing,best_depots_20260919,1a83a5e342232dd5d6e2863d0c8f793d89d808f2850a51ac0684fd0543fb9811,21,A,Anik.,Eastern Suburb Zone,current_operation_and_geocoding_unverified,7,348L,bus,unresolved
official_undated_operator_listing,best_depots_20260919,1a83a5e342232dd5d6e2863d0c8f793d89d808f2850a51ac0684fd0543fb9811,21,A,Anik.,Eastern Suburb Zone,current_operation_and_geocoding_unverified,8,360,bus,unresolved
official_undated_operator_listing,best_depots_20260919,1a83a5e342232dd5d6e2863d0c8f793d89d808f2850a51ac0684fd0543fb9811,21,A,Anik.,Eastern Suburb Zone,current_operation_and_geocoding_unverified,9,361,bus,unresolved
official_undated_operator_listing,best_depots_20260919,1a83a5e342232dd5d6e2863d0c8f793d89d808f2850a51ac0684fd0543fb9811,21,A,Anik.,Eastern Suburb Zone,current_operation_and_geocoding_unverified,10,362,bus,unresolved
official_undated_operator_listing,best_depots_20260919,1a83a5e342232dd5d6e2863d0c8f793d89d808f2850a51ac0684fd0543fb9811,21,A,Anik.,Eastern Suburb Zone,current_operation_and_geocoding_unverified,11,363,bus,unresolved
official_undated_operator_listing,best_depots_20260919,1a83a5e342232dd5d6e2863d0c8f793d89d808f2850a51ac0684fd0543fb9811,21,A,Anik.,Eastern Suburb Zone,current_operation_and_geocoding_unverified,12,367,bus,unresolved
official_undated_operator_listing,best_depots_20260919,1a83a5e342232dd5d6e2863d0c8f793d89d808f2850a51ac0684fd0543fb9811,21,A,Anik.,Eastern Suburb Zone,current_operation_and_geocoding_unverified,13,369,bus,unresolved
official_undated_operator_listing,best_depots_20260919,1a83a5e342232dd5d6e2863d0c8f793d89d808f2850a51ac0684fd0543fb9811,21,A,Anik.,Eastern Suburb Zone,current_operation_and_geocoding_unverified,14,377,bus,unresolved
official_undated_operator_listing,best_depots_20260919,1a83a5e342232dd5d6e2863d0c8f793d89d808f2850a51ac0684fd0543fb9811,21,A,Anik.,Eastern Suburb Zone,current_operation_and_geocoding_unverified,15,431,bus,unresolved
official_undated_operator_listing,best_depots_20260919,1a83a5e342232dd5d6e2863d0c8f793d89d808f2850a51ac0684fd0543fb9811,21,A,Anik.,Eastern Suburb Zone,current_operation_and_geocoding_unverified,16,448L,bus,unresolved
official_undated_operator_listing,best_depots_20260919,1a83a5e342232dd5d6e2863d0c8f793d89d808f2850a51ac0684fd0543fb9811,21,A,Anik.,Eastern Suburb Zone,current_operation_and_geocoding_unverified,17,501L,bus,unresolved
official_undated_operator_listing,best_depots_20260919,1a83a5e342232dd5d6e2863d0c8f793d89d808f2850a51ac0684fd0543fb9811,21,A,Anik.,Eastern Suburb Zone,current_operation_and_geocoding_unverified,18,AS3,bus,unresolved
official_undated_operator_listing,best_depots_20260919,1a83a5e342232dd5d6e2863d0c8f793d89d808f2850a51ac0684fd0543fb9811,22,PN,Prateeksha Nagar,Eastern Suburb Zone,current_operation_and_geocoding_unverified,1,14,bus,unresolved
official_undated_operator_listing,best_depots_20260919,1a83a5e342232dd5d6e2863d0c8f793d89d808f2850a51ac0684fd0543fb9811,22,PN,Prateeksha Nagar,Eastern Suburb Zone,current_operation_and_geocoding_unverified,2,15,bus,unresolved
official_undated_operator_listing,best_depots_20260919,1a83a5e342232dd5d6e2863d0c8f793d89d808f2850a51ac0684fd0543fb9811,22,PN,Prateeksha Nagar,Eastern Suburb Zone,current_operation_and_geocoding_unverified,3,43,bus,unresolved
official_undated_operator_listing,best_depots_20260919,1a83a5e342232dd5d6e2863d0c8f793d89d808f2850a51ac0684fd0543fb9811,22,PN,Prateeksha Nagar,Eastern Suburb Zone,current_operation_and_geocoding_unverified,4,64,bus,unresolved
official_undated_operator_listing,best_depots_20260919,1a83a5e342232dd5d6e2863d0c8f793d89d808f2850a51ac0684fd0543fb9811,22,PN,Prateeksha Nagar,Eastern Suburb Zone,current_operation_and_geocoding_unverified,5,67,bus,unresolved
official_undated_operator_listing,best_depots_20260919,1a83a5e342232dd5d6e2863d0c8f793d89d808f2850a51ac0684fd0543fb9811,22,PN,Prateeksha Nagar,Eastern Suburb Zone,current_operation_and_geocoding_unverified,6,76,bus,unresolved
official_undated_operator_listing,best_depots_20260919,1a83a5e342232dd5d6e2863d0c8f793d89d808f2850a51ac0684fd0543fb9811,22,PN,Prateeksha Nagar,Eastern Suburb Zone,current_operation_and_geocoding_unverified,7,88,bus,unresolved
official_undated_operator_listing,best_depots_20260919,1a83a5e342232dd5d6e2863d0c8f793d89d808f2850a51ac0684fd0543fb9811,22,PN,Prateeksha Nagar,Eastern Suburb Zone,current_operation_and_geocoding_unverified,8,169,bus,unresolved
official_undated_operator_listing,best_depots_20260919,1a83a5e342232dd5d6e2863d0c8f793d89d808f2850a51ac0684fd0543fb9811,22,PN,Prateeksha Nagar,Eastern Suburb Zone,current_operation_and_geocoding_unverified,9,170,bus,unresolved
official_undated_operator_listing,best_depots_20260919,1a83a5e342232dd5d6e2863d0c8f793d89d808f2850a51ac0684fd0543fb9811,22,PN,Prateeksha Nagar,Eastern Suburb Zone,current_operation_and_geocoding_unverified,10,172,bus,unresolved
official_undated_operator_listing,best_depots_20260919,1a83a5e342232dd5d6e2863d0c8f793d89d808f2850a51ac0684fd0543fb9811,22,PN,Prateeksha Nagar,Eastern Suburb Zone,current_operation_and_geocoding_unverified,11,175,bus,unresolved
official_undated_operator_listing,best_depots_20260919,1a83a5e342232dd5d6e2863d0c8f793d89d808f2850a51ac0684fd0543fb9811,22,PN,Prateeksha Nagar,Eastern Suburb Zone,current_operation_and_geocoding_unverified,12,181,bus,unresolved
official_undated_operator_listing,best_depots_20260919,1a83a5e342232dd5d6e2863d0c8f793d89d808f2850a51ac0684fd0543fb9811,22,PN,Prateeksha Nagar,Eastern Suburb Zone,current_operation_and_geocoding_unverified,13,255L,bus,unresolved
official_undated_operator_listing,best_depots_20260919,1a83a5e342232dd5d6e2863d0c8f793d89d808f2850a51ac0684fd0543fb9811,22,PN,Prateeksha Nagar,Eastern Suburb Zone,current_operation_and_geocoding_unverified,14,302,bus,unresolved
official_undated_operator_listing,best_depots_20260919,1a83a5e342232dd5d6e2863d0c8f793d89d808f2850a51ac0684fd0543fb9811,22,PN,Prateeksha Nagar,Eastern Suburb Zone,current_operation_and_geocoding_unverified,15,312,bus,unresolved
official_undated_operator_listing,best_depots_20260919,1a83a5e342232dd5d6e2863d0c8f793d89d808f2850a51ac0684fd0543fb9811,22,PN,Prateeksha Nagar,Eastern Suburb Zone,current_operation_and_geocoding_unverified,16,315,bus,unresolved
official_undated_operator_listing,best_depots_20260919,1a83a5e342232dd5d6e2863d0c8f793d89d808f2850a51ac0684fd0543fb9811,22,PN,Prateeksha Nagar,Eastern Suburb Zone,current_operation_and_geocoding_unverified,17,341,bus,unresolved
official_undated_operator_listing,best_depots_20260919,1a83a5e342232dd5d6e2863d0c8f793d89d808f2850a51ac0684fd0543fb9811,23,D,Deonar,Eastern Suburb Zone,current_operation_and_geocoding_unverified,1,21L,bus,unresolved
official_undated_operator_listing,best_depots_20260919,1a83a5e342232dd5d6e2863d0c8f793d89d808f2850a51ac0684fd0543fb9811,23,D,Deonar,Eastern Suburb Zone,current_operation_and_geocoding_unverified,2,92L,bus,unresolved
official_undated_operator_listing,best_depots_20260919,1a83a5e342232dd5d6e2863d0c8f793d89d808f2850a51ac0684fd0543fb9811,23,D,Deonar,Eastern Suburb Zone,current_operation_and_geocoding_unverified,3,93L,bus,unresolved
official_undated_operator_listing,best_depots_20260919,1a83a5e342232dd5d6e2863d0c8f793d89d808f2850a51ac0684fd0543fb9811,23,D,Deonar,Eastern Suburb Zone,current_operation_and_geocoding_unverified,4,352,bus,unresolved
official_undated_operator_listing,best_depots_20260919,1a83a5e342232dd5d6e2863d0c8f793d89d808f2850a51ac0684fd0543fb9811,23,D,Deonar,Eastern Suburb Zone,current_operation_and_geocoding_unverified,5,355L,bus,unresolved
official_undated_operator_listing,best_depots_20260919,1a83a5e342232dd5d6e2863d0c8f793d89d808f2850a51ac0684fd0543fb9811,23,D,Deonar,Eastern Suburb Zone,current_operation_and_geocoding_unverified,6,364,bus,unresolved
official_undated_operator_listing,best_depots_20260919,1a83a5e342232dd5d6e2863d0c8f793d89d808f2850a51ac0684fd0543fb9811,23,D,Deonar,Eastern Suburb Zone,current_operation_and_geocoding_unverified,7,374L,bus,unresolved
official_undated_operator_listing,best_depots_20260919,1a83a5e342232dd5d6e2863d0c8f793d89d808f2850a51ac0684fd0543fb9811,23,D,Deonar,Eastern Suburb Zone,current_operation_and_geocoding_unverified,8,378,bus,unresolved
official_undated_operator_listing,best_depots_20260919,1a83a5e342232dd5d6e2863d0c8f793d89d808f2850a51ac0684fd0543fb9811,23,D,Deonar,Eastern Suburb Zone,current_operation_and_geocoding_unverified,9,380,bus,unresolved
official_undated_operator_listing,best_depots_20260919,1a83a5e342232dd5d6e2863d0c8f793d89d808f2850a51ac0684fd0543fb9811,23,D,Deonar,Eastern Suburb Zone,current_operation_and_geocoding_unverified,10,382L,bus,unresolved
official_undated_operator_listing,best_depots_20260919,1a83a5e342232dd5d6e2863d0c8f793d89d808f2850a51ac0684fd0543fb9811,23,D,Deonar,Eastern Suburb Zone,current_operation_and_geocoding_unverified,11,399L,bus,unresolved
official_undated_operator_listing,best_depots_20260919,1a83a5e342232dd5d6e2863d0c8f793d89d808f2850a51ac0684fd0543fb9811,23,D,Deonar,Eastern Suburb Zone,current_operation_and_geocoding_unverified,12,493L,bus,unresolved
official_undated_operator_listing,best_depots_20260919,1a83a5e342232dd5d6e2863d0c8f793d89d808f2850a51ac0684fd0543fb9811,23,D,Deonar,Eastern Suburb Zone,current_operation_and_geocoding_unverified,13,502L,bus,unresolved
official_undated_operator_listing,best_depots_20260919,1a83a5e342232dd5d6e2863d0c8f793d89d808f2850a51ac0684fd0543fb9811,23,D,Deonar,Eastern Suburb Zone,current_operation_and_geocoding_unverified,14,506L,bus,unresolved
official_undated_operator_listing,best_depots_20260919,1a83a5e342232dd5d6e2863d0c8f793d89d808f2850a51ac0684fd0543fb9811,23,D,Deonar,Eastern Suburb Zone,current_operation_and_geocoding_unverified,15,521L,bus,unresolved
official_undated_operator_listing,best_depots_20260919,1a83a5e342232dd5d6e2863d0c8f793d89d808f2850a51ac0684fd0543fb9811,23,D,Deonar,Eastern Suburb Zone,current_operation_and_geocoding_unverified,16,663,bus,unresolved
official_undated_operator_listing,best_depots_20260919,1a83a5e342232dd5d6e2863d0c8f793d89d808f2850a51ac0684fd0543fb9811,23,D,Deonar,Eastern Suburb Zone,current_operation_and_geocoding_unverified,17,C21Exp,bus,unresolved
official_undated_operator_listing,best_depots_20260919,1a83a5e342232dd5d6e2863d0c8f793d89d808f2850a51ac0684fd0543fb9811,23,D,Deonar,Eastern Suburb Zone,current_operation_and_geocoding_unverified,18,C50Exp,bus,unresolved
official_undated_operator_listing,best_depots_20260919,1a83a5e342232dd5d6e2863d0c8f793d89d808f2850a51ac0684fd0543fb9811,23,D,Deonar,Eastern Suburb Zone,current_operation_and_geocoding_unverified,19,C60Exp,bus,unresolved
official_undated_operator_listing,best_depots_20260919,1a83a5e342232dd5d6e2863d0c8f793d89d808f2850a51ac0684fd0543fb9811,23,D,Deonar,Eastern Suburb Zone,current_operation_and_geocoding_unverified,20,AS592,bus,unresolved
official_undated_operator_listing,best_depots_20260919,1a83a5e342232dd5d6e2863d0c8f793d89d808f2850a51ac0684fd0543fb9811,23,D,Deonar,Eastern Suburb Zone,current_operation_and_geocoding_unverified,21,678,bus,unresolved
official_undated_operator_listing,best_depots_20260919,1a83a5e342232dd5d6e2863d0c8f793d89d808f2850a51ac0684fd0543fb9811,24,SN,Shivaji Nagar,Eastern Suburb Zone,current_operation_and_geocoding_unverified,1,8L,bus,unresolved
official_undated_operator_listing,best_depots_20260919,1a83a5e342232dd5d6e2863d0c8f793d89d808f2850a51ac0684fd0543fb9811,24,SN,Shivaji Nagar,Eastern Suburb Zone,current_operation_and_geocoding_unverified,2,19L,bus,unresolved
official_undated_operator_listing,best_depots_20260919,1a83a5e342232dd5d6e2863d0c8f793d89d808f2850a51ac0684fd0543fb9811,24,SN,Shivaji Nagar,Eastern Suburb Zone,current_operation_and_geocoding_unverified,3,20L,bus,unresolved
official_undated_operator_listing,best_depots_20260919,1a83a5e342232dd5d6e2863d0c8f793d89d808f2850a51ac0684fd0543fb9811,24,SN,Shivaji Nagar,Eastern Suburb Zone,current_operation_and_geocoding_unverified,4,329,bus,unresolved
official_undated_operator_listing,best_depots_20260919,1a83a5e342232dd5d6e2863d0c8f793d89d808f2850a51ac0684fd0543fb9811,24,SN,Shivaji Nagar,Eastern Suburb Zone,current_operation_and_geocoding_unverified,5,350,bus,unresolved
official_undated_operator_listing,best_depots_20260919,1a83a5e342232dd5d6e2863d0c8f793d89d808f2850a51ac0684fd0543fb9811,24,SN,Shivaji Nagar,Eastern Suburb Zone,current_operation_and_geocoding_unverified,6,357,bus,unresolved
official_undated_operator_listing,best_depots_20260919,1a83a5e342232dd5d6e2863d0c8f793d89d808f2850a51ac0684fd0543fb9811,24,SN,Shivaji Nagar,Eastern Suburb Zone,current_operation_and_geocoding_unverified,7,358,bus,unresolved
official_undated_operator_listing,best_depots_20260919,1a83a5e342232dd5d6e2863d0c8f793d89d808f2850a51ac0684fd0543fb9811,24,SN,Shivaji Nagar,Eastern Suburb Zone,current_operation_and_geocoding_unverified,8,366,bus,unresolved
official_undated_operator_listing,best_depots_20260919,1a83a5e342232dd5d6e2863d0c8f793d89d808f2850a51ac0684fd0543fb9811,24,SN,Shivaji Nagar,Eastern Suburb Zone,current_operation_and_geocoding_unverified,9,372,bus,unresolved
official_undated_operator_listing,best_depots_20260919,1a83a5e342232dd5d6e2863d0c8f793d89d808f2850a51ac0684fd0543fb9811,24,SN,Shivaji Nagar,Eastern Suburb Zone,current_operation_and_geocoding_unverified,10,375L,bus,unresolved
official_undated_operator_listing,best_depots_20260919,1a83a5e342232dd5d6e2863d0c8f793d89d808f2850a51ac0684fd0543fb9811,24,SN,Shivaji Nagar,Eastern Suburb Zone,current_operation_and_geocoding_unverified,11,376L,bus,unresolved
official_undated_operator_listing,best_depots_20260919,1a83a5e342232dd5d6e2863d0c8f793d89d808f2850a51ac0684fd0543fb9811,24,SN,Shivaji Nagar,Eastern Suburb Zone,current_operation_and_geocoding_unverified,12,379,bus,unresolved
official_undated_operator_listing,best_depots_20260919,1a83a5e342232dd5d6e2863d0c8f793d89d808f2850a51ac0684fd0543fb9811,24,SN,Shivaji Nagar,Eastern Suburb Zone,current_operation_and_geocoding_unverified,13,383,bus,unresolved
official_undated_operator_listing,best_depots_20260919,1a83a5e342232dd5d6e2863d0c8f793d89d808f2850a51ac0684fd0543fb9811,24,SN,Shivaji Nagar,Eastern Suburb Zone,current_operation_and_geocoding_unverified,14,404,bus,unresolved
official_undated_operator_listing,best_depots_20260919,1a83a5e342232dd5d6e2863d0c8f793d89d808f2850a51ac0684fd0543fb9811,24,SN,Shivaji Nagar,Eastern Suburb Zone,current_operation_and_geocoding_unverified,15,488L,bus,unresolved
official_undated_operator_listing,best_depots_20260919,1a83a5e342232dd5d6e2863d0c8f793d89d808f2850a51ac0684fd0543fb9811,24,SN,Shivaji Nagar,Eastern Suburb Zone,current_operation_and_geocoding_unverified,16,489L,bus,unresolved
official_undated_operator_listing,best_depots_20260919,1a83a5e342232dd5d6e2863d0c8f793d89d808f2850a51ac0684fd0543fb9811,24,SN,Shivaji Nagar,Eastern Suburb Zone,current_operation_and_geocoding_unverified,17,518L,bus,unresolved
official_undated_operator_listing,best_depots_20260919,1a83a5e342232dd5d6e2863d0c8f793d89d808f2850a51ac0684fd0543fb9811,24,SN,Shivaji Nagar,Eastern Suburb Zone,current_operation_and_geocoding_unverified,18,C8Exp,bus,unresolved
official_undated_operator_listing,best_depots_20260919,1a83a5e342232dd5d6e2863d0c8f793d89d808f2850a51ac0684fd0543fb9811,25,G,Ghatkopar,Eastern Suburb Zone,current_operation_and_geocoding_unverified,1,10L,bus,unresolved
official_undated_operator_listing,best_depots_20260919,1a83a5e342232dd5d6e2863d0c8f793d89d808f2850a51ac0684fd0543fb9811,25,G,Ghatkopar,Eastern Suburb Zone,current_operation_and_geocoding_unverified,2,185,bus,unresolved
official_undated_operator_listing,best_depots_20260919,1a83a5e342232dd5d6e2863d0c8f793d89d808f2850a51ac0684fd0543fb9811,25,G,Ghatkopar,Eastern Suburb Zone,current_operation_and_geocoding_unverified,3,305,bus,unresolved
official_undated_operator_listing,best_depots_20260919,1a83a5e342232dd5d6e2863d0c8f793d89d808f2850a51ac0684fd0543fb9811,25,G,Ghatkopar,Eastern Suburb Zone,current_operation_and_geocoding_unverified,4,325,bus,unresolved
official_undated_operator_listing,best_depots_20260919,1a83a5e342232dd5d6e2863d0c8f793d89d808f2850a51ac0684fd0543fb9811,25,G,Ghatkopar,Eastern Suburb Zone,current_operation_and_geocoding_unverified,5,354,bus,unresolved
official_undated_operator_listing,best_depots_20260919,1a83a5e342232dd5d6e2863d0c8f793d89d808f2850a51ac0684fd0543fb9811,25,G,Ghatkopar,Eastern Suburb Zone,current_operation_and_geocoding_unverified,6,381,bus,unresolved
official_undated_operator_listing,best_depots_20260919,1a83a5e342232dd5d6e2863d0c8f793d89d808f2850a51ac0684fd0543fb9811,25,G,Ghatkopar,Eastern Suburb Zone,current_operation_and_geocoding_unverified,7,385,bus,unresolved
official_undated_operator_listing,best_depots_20260919,1a83a5e342232dd5d6e2863d0c8f793d89d808f2850a51ac0684fd0543fb9811,25,G,Ghatkopar,Eastern Suburb Zone,current_operation_and_geocoding_unverified,8,386,bus,unresolved
official_undated_operator_listing,best_depots_20260919,1a83a5e342232dd5d6e2863d0c8f793d89d808f2850a51ac0684fd0543fb9811,25,G,Ghatkopar,Eastern Suburb Zone,current_operation_and_geocoding_unverified,9,388L,bus,unresolved
official_undated_operator_listing,best_depots_20260919,1a83a5e342232dd5d6e2863d0c8f793d89d808f2850a51ac0684fd0543fb9811,25,G,Ghatkopar,Eastern Suburb Zone,current_operation_and_geocoding_unverified,10,389,bus,unresolved
official_undated_operator_listing,best_depots_20260919,1a83a5e342232dd5d6e2863d0c8f793d89d808f2850a51ac0684fd0543fb9811,25,G,Ghatkopar,Eastern Suburb Zone,current_operation_and_geocoding_unverified,11,393,bus,unresolved
official_undated_operator_listing,best_depots_20260919,1a83a5e342232dd5d6e2863d0c8f793d89d808f2850a51ac0684fd0543fb9811,25,G,Ghatkopar,Eastern Suburb Zone,current_operation_and_geocoding_unverified,12,394,bus,unresolved
official_undated_operator_listing,best_depots_20260919,1a83a5e342232dd5d6e2863d0c8f793d89d808f2850a51ac0684fd0543fb9811,25,G,Ghatkopar,Eastern Suburb Zone,current_operation_and_geocoding_unverified,13,397,bus,unresolved
official_undated_operator_listing,best_depots_20260919,1a83a5e342232dd5d6e2863d0c8f793d89d808f2850a51ac0684fd0543fb9811,25,G,Ghatkopar,Eastern Suburb Zone,current_operation_and_geocoding_unverified,14,416,bus,unresolved
official_undated_operator_listing,best_depots_20260919,1a83a5e342232dd5d6e2863d0c8f793d89d808f2850a51ac0684fd0543fb9811,25,G,Ghatkopar,Eastern Suburb Zone,current_operation_and_geocoding_unverified,15,419,bus,unresolved
official_undated_operator_listing,best_depots_20260919,1a83a5e342232dd5d6e2863d0c8f793d89d808f2850a51ac0684fd0543fb9811,25,G,Ghatkopar,Eastern Suburb Zone,current_operation_and_geocoding_unverified,16,421,bus,unresolved
official_undated_operator_listing,best_depots_20260919,1a83a5e342232dd5d6e2863d0c8f793d89d808f2850a51ac0684fd0543fb9811,25,G,Ghatkopar,Eastern Suburb Zone,current_operation_and_geocoding_unverified,17,427,bus,unresolved
official_undated_operator_listing,best_depots_20260919,1a83a5e342232dd5d6e2863d0c8f793d89d808f2850a51ac0684fd0543fb9811,25,G,Ghatkopar,Eastern Suburb Zone,current_operation_and_geocoding_unverified,18,429,bus,unresolved
official_undated_operator_listing,best_depots_20260919,1a83a5e342232dd5d6e2863d0c8f793d89d808f2850a51ac0684fd0543fb9811,25,G,Ghatkopar,Eastern Suburb Zone,current_operation_and_geocoding_unverified,19,430,bus,unresolved
official_undated_operator_listing,best_depots_20260919,1a83a5e342232dd5d6e2863d0c8f793d89d808f2850a51ac0684fd0543fb9811,25,G,Ghatkopar,Eastern Suburb Zone,current_operation_and_geocoding_unverified,20,470L,bus,unresolved
official_undated_operator_listing,best_depots_20260919,1a83a5e342232dd5d6e2863d0c8f793d89d808f2850a51ac0684fd0543fb9811,25,G,Ghatkopar,Eastern Suburb Zone,current_operation_and_geocoding_unverified,21,481,bus,unresolved
official_undated_operator_listing,best_depots_20260919,1a83a5e342232dd5d6e2863d0c8f793d89d808f2850a51ac0684fd0543fb9811,25,G,Ghatkopar,Eastern Suburb Zone,current_operation_and_geocoding_unverified,22,487L,bus,unresolved
official_undated_operator_listing,best_depots_20260919,1a83a5e342232dd5d6e2863d0c8f793d89d808f2850a51ac0684fd0543fb9811,25,G,Ghatkopar,Eastern Suburb Zone,current_operation_and_geocoding_unverified,23,494L,bus,unresolved
official_undated_operator_listing,best_depots_20260919,1a83a5e342232dd5d6e2863d0c8f793d89d808f2850a51ac0684fd0543fb9811,25,G,Ghatkopar,Eastern Suburb Zone,current_operation_and_geocoding_unverified,24,497L,bus,unresolved
official_undated_operator_listing,best_depots_20260919,1a83a5e342232dd5d6e2863d0c8f793d89d808f2850a51ac0684fd0543fb9811,25,G,Ghatkopar,Eastern Suburb Zone,current_operation_and_geocoding_unverified,25,499L,bus,unresolved
official_undated_operator_listing,best_depots_20260919,1a83a5e342232dd5d6e2863d0c8f793d89d808f2850a51ac0684fd0543fb9811,25,G,Ghatkopar,Eastern Suburb Zone,current_operation_and_geocoding_unverified,26,509L,bus,unresolved
official_undated_operator_listing,best_depots_20260919,1a83a5e342232dd5d6e2863d0c8f793d89d808f2850a51ac0684fd0543fb9811,25,G,Ghatkopar,Eastern Suburb Zone,current_operation_and_geocoding_unverified,27,511L,bus,unresolved
official_undated_operator_listing,best_depots_20260919,1a83a5e342232dd5d6e2863d0c8f793d89d808f2850a51ac0684fd0543fb9811,25,G,Ghatkopar,Eastern Suburb Zone,current_operation_and_geocoding_unverified,28,533L,bus,unresolved
official_undated_operator_listing,best_depots_20260919,1a83a5e342232dd5d6e2863d0c8f793d89d808f2850a51ac0684fd0543fb9811,25,G,Ghatkopar,Eastern Suburb Zone,current_operation_and_geocoding_unverified,29,C53Exp,bus,unresolved
official_undated_operator_listing,best_depots_20260919,1a83a5e342232dd5d6e2863d0c8f793d89d808f2850a51ac0684fd0543fb9811,25,G,Ghatkopar,Eastern Suburb Zone,current_operation_and_geocoding_unverified,30,AS9,bus,unresolved
official_undated_operator_listing,best_depots_20260919,1a83a5e342232dd5d6e2863d0c8f793d89d808f2850a51ac0684fd0543fb9811,26,V,Vikhroli,Eastern Suburb Zone,current_operation_and_geocoding_unverified,1,7L,bus,unresolved
official_undated_operator_listing,best_depots_20260919,1a83a5e342232dd5d6e2863d0c8f793d89d808f2850a51ac0684fd0543fb9811,26,V,Vikhroli,Eastern Suburb Zone,current_operation_and_geocoding_unverified,2,331,bus,unresolved
official_undated_operator_listing,best_depots_20260919,1a83a5e342232dd5d6e2863d0c8f793d89d808f2850a51ac0684fd0543fb9811,26,V,Vikhroli,Eastern Suburb Zone,current_operation_and_geocoding_unverified,3,340,bus,unresolved
official_undated_operator_listing,best_depots_20260919,1a83a5e342232dd5d6e2863d0c8f793d89d808f2850a51ac0684fd0543fb9811,26,V,Vikhroli,Eastern Suburb Zone,current_operation_and_geocoding_unverified,4,387,bus,unresolved
official_undated_operator_listing,best_depots_20260919,1a83a5e342232dd5d6e2863d0c8f793d89d808f2850a51ac0684fd0543fb9811,26,V,Vikhroli,Eastern Suburb Zone,current_operation_and_geocoding_unverified,5,410,bus,unresolved
official_undated_operator_listing,best_depots_20260919,1a83a5e342232dd5d6e2863d0c8f793d89d808f2850a51ac0684fd0543fb9811,26,V,Vikhroli,Eastern Suburb Zone,current_operation_and_geocoding_unverified,6,417,bus,unresolved
official_undated_operator_listing,best_depots_20260919,1a83a5e342232dd5d6e2863d0c8f793d89d808f2850a51ac0684fd0543fb9811,26,V,Vikhroli,Eastern Suburb Zone,current_operation_and_geocoding_unverified,7,478L,bus,unresolved
official_undated_operator_listing,best_depots_20260919,1a83a5e342232dd5d6e2863d0c8f793d89d808f2850a51ac0684fd0543fb9811,26,V,Vikhroli,Eastern Suburb Zone,current_operation_and_geocoding_unverified,8,500L,bus,unresolved
official_undated_operator_listing,best_depots_20260919,1a83a5e342232dd5d6e2863d0c8f793d89d808f2850a51ac0684fd0543fb9811,26,V,Vikhroli,Eastern Suburb Zone,current_operation_and_geocoding_unverified,9,510L,bus,unresolved
official_undated_operator_listing,best_depots_20260919,1a83a5e342232dd5d6e2863d0c8f793d89d808f2850a51ac0684fd0543fb9811,26,V,Vikhroli,Eastern Suburb Zone,current_operation_and_geocoding_unverified,10,602,bus,unresolved
official_undated_operator_listing,best_depots_20260919,1a83a5e342232dd5d6e2863d0c8f793d89d808f2850a51ac0684fd0543fb9811,26,V,Vikhroli,Eastern Suburb Zone,current_operation_and_geocoding_unverified,11,603,bus,unresolved
official_undated_operator_listing,best_depots_20260919,1a83a5e342232dd5d6e2863d0c8f793d89d808f2850a51ac0684fd0543fb9811,26,V,Vikhroli,Eastern Suburb Zone,current_operation_and_geocoding_unverified,12,604,bus,unresolved
official_undated_operator_listing,best_depots_20260919,1a83a5e342232dd5d6e2863d0c8f793d89d808f2850a51ac0684fd0543fb9811,26,V,Vikhroli,Eastern Suburb Zone,current_operation_and_geocoding_unverified,13,605,bus,unresolved
official_undated_operator_listing,best_depots_20260919,1a83a5e342232dd5d6e2863d0c8f793d89d808f2850a51ac0684fd0543fb9811,26,V,Vikhroli,Eastern Suburb Zone,current_operation_and_geocoding_unverified,14,606,bus,unresolved
official_undated_operator_listing,best_depots_20260919,1a83a5e342232dd5d6e2863d0c8f793d89d808f2850a51ac0684fd0543fb9811,26,V,Vikhroli,Eastern Suburb Zone,current_operation_and_geocoding_unverified,15,607,bus,unresolved
official_undated_operator_listing,best_depots_20260919,1a83a5e342232dd5d6e2863d0c8f793d89d808f2850a51ac0684fd0543fb9811,26,V,Vikhroli,Eastern Suburb Zone,current_operation_and_geocoding_unverified,16,608,bus,unresolved
official_undated_operator_listing,best_depots_20260919,1a83a5e342232dd5d6e2863d0c8f793d89d808f2850a51ac0684fd0543fb9811,26,V,Vikhroli,Eastern Suburb Zone,current_operation_and_geocoding_unverified,17,612,bus,unresolved
official_undated_operator_listing,best_depots_20260919,1a83a5e342232dd5d6e2863d0c8f793d89d808f2850a51ac0684fd0543fb9811,27,MU,Mulund,Eastern Suburb Zone,current_operation_and_geocoding_unverified,1,368L,bus,unresolved
official_undated_operator_listing,best_depots_20260919,1a83a5e342232dd5d6e2863d0c8f793d89d808f2850a51ac0684fd0543fb9811,27,MU,Mulund,Eastern Suburb Zone,current_operation_and_geocoding_unverified,2,370,bus,unresolved
official_undated_operator_listing,best_depots_20260919,1a83a5e342232dd5d6e2863d0c8f793d89d808f2850a51ac0684fd0543fb9811,27,MU,Mulund,Eastern Suburb Zone,current_operation_and_geocoding_unverified,3,373L,bus,unresolved
official_undated_operator_listing,best_depots_20260919,1a83a5e342232dd5d6e2863d0c8f793d89d808f2850a51ac0684fd0543fb9811,27,MU,Mulund,Eastern Suburb Zone,current_operation_and_geocoding_unverified,4,391,bus,unresolved
official_undated_operator_listing,best_depots_20260919,1a83a5e342232dd5d6e2863d0c8f793d89d808f2850a51ac0684fd0543fb9811,27,MU,Mulund,Eastern Suburb Zone,current_operation_and_geocoding_unverified,5,396L,bus,unresolved
official_undated_operator_listing,best_depots_20260919,1a83a5e342232dd5d6e2863d0c8f793d89d808f2850a51ac0684fd0543fb9811,27,MU,Mulund,Eastern Suburb Zone,current_operation_and_geocoding_unverified,6,402,bus,unresolved
official_undated_operator_listing,best_depots_20260919,1a83a5e342232dd5d6e2863d0c8f793d89d808f2850a51ac0684fd0543fb9811,27,MU,Mulund,Eastern Suburb Zone,current_operation_and_geocoding_unverified,7,403L,bus,unresolved
official_undated_operator_listing,best_depots_20260919,1a83a5e342232dd5d6e2863d0c8f793d89d808f2850a51ac0684fd0543fb9811,27,MU,Mulund,Eastern Suburb Zone,current_operation_and_geocoding_unverified,8,405,bus,unresolved
official_undated_operator_listing,best_depots_20260919,1a83a5e342232dd5d6e2863d0c8f793d89d808f2850a51ac0684fd0543fb9811,27,MU,Mulund,Eastern Suburb Zone,current_operation_and_geocoding_unverified,9,407,bus,unresolved
official_undated_operator_listing,best_depots_20260919,1a83a5e342232dd5d6e2863d0c8f793d89d808f2850a51ac0684fd0543fb9811,27,MU,Mulund,Eastern Suburb Zone,current_operation_and_geocoding_unverified,10,408,bus,unresolved
official_undated_operator_listing,best_depots_20260919,1a83a5e342232dd5d6e2863d0c8f793d89d808f2850a51ac0684fd0543fb9811,27,MU,Mulund,Eastern Suburb Zone,current_operation_and_geocoding_unverified,11,409L,bus,unresolved
official_undated_operator_listing,best_depots_20260919,1a83a5e342232dd5d6e2863d0c8f793d89d808f2850a51ac0684fd0543fb9811,27,MU,Mulund,Eastern Suburb Zone,current_operation_and_geocoding_unverified,12,412,bus,unresolved
official_undated_operator_listing,best_depots_20260919,1a83a5e342232dd5d6e2863d0c8f793d89d808f2850a51ac0684fd0543fb9811,27,MU,Mulund,Eastern Suburb Zone,current_operation_and_geocoding_unverified,13,484L,bus,unresolved
official_undated_operator_listing,best_depots_20260919,1a83a5e342232dd5d6e2863d0c8f793d89d808f2850a51ac0684fd0543fb9811,27,MU,Mulund,Eastern Suburb Zone,current_operation_and_geocoding_unverified,14,487L,bus,unresolved
official_undated_operator_listing,best_depots_20260919,1a83a5e342232dd5d6e2863d0c8f793d89d808f2850a51ac0684fd0543fb9811,27,MU,Mulund,Eastern Suburb Zone,current_operation_and_geocoding_unverified,15,495L,bus,unresolved
official_undated_operator_listing,best_depots_20260919,1a83a5e342232dd5d6e2863d0c8f793d89d808f2850a51ac0684fd0543fb9811,27,MU,Mulund,Eastern Suburb Zone,current_operation_and_geocoding_unverified,16,512L,bus,unresolved
official_undated_operator_listing,best_depots_20260919,1a83a5e342232dd5d6e2863d0c8f793d89d808f2850a51ac0684fd0543fb9811,27,MU,Mulund,Eastern Suburb Zone,current_operation_and_geocoding_unverified,17,513L,bus,unresolved
official_undated_operator_listing,best_depots_20260919,1a83a5e342232dd5d6e2863d0c8f793d89d808f2850a51ac0684fd0543fb9811,27,MU,Mulund,Eastern Suburb Zone,current_operation_and_geocoding_unverified,18,514L,bus,unresolved
official_undated_operator_listing,best_depots_20260919,1a83a5e342232dd5d6e2863d0c8f793d89d808f2850a51ac0684fd0543fb9811,27,MU,Mulund,Eastern Suburb Zone,current_operation_and_geocoding_unverified,19,617,bus,unresolved
official_undated_operator_listing,best_depots_20260919,1a83a5e342232dd5d6e2863d0c8f793d89d808f2850a51ac0684fd0543fb9811,27,MU,Mulund,Eastern Suburb Zone,current_operation_and_geocoding_unverified,20,C-61Exp,bus,unresolved
official_undated_operator_listing,best_depots_20260919,1a83a5e342232dd5d6e2863d0c8f793d89d808f2850a51ac0684fd0543fb9811,27,MU,Mulund,Eastern Suburb Zone,current_operation_and_geocoding_unverified,21,AS1,bus,unresolved
official_undated_operator_listing,best_depots_20260919,1a83a5e342232dd5d6e2863d0c8f793d89d808f2850a51ac0684fd0543fb9811,27,MU,Mulund,Eastern Suburb Zone,current_operation_and_geocoding_unverified,22,AS5,bus,unresolved
official_undated_operator_listing,best_depots_20260919,1a83a5e342232dd5d6e2863d0c8f793d89d808f2850a51ac0684fd0543fb9811,27,MU,Mulund,Eastern Suburb Zone,current_operation_and_geocoding_unverified,23,A13,bus,unresolved
official_undated_operator_listing,best_depots_20260919,1a83a5e342232dd5d6e2863d0c8f793d89d808f2850a51ac0684fd0543fb9811,27,MU,Mulund,Eastern Suburb Zone,current_operation_and_geocoding_unverified,24,AS461,bus,unresolved
official_undated_operator_listing,best_depots_20260919,1a83a5e342232dd5d6e2863d0c8f793d89d808f2850a51ac0684fd0543fb9811,27,MU,Mulund,Eastern Suburb Zone,current_operation_and_geocoding_unverified,25,AS700,bus,unresolved
