state_code,district_code,area_name,residence,age_years_or_band,attends_education,economic_activity,persons_count,male_persons_count,female_persons_count,source,source_id,source_sha256,source_row,observation_year,status
27,517,District-Thane,Total,5-19,true,main_worker,35801,22208,13593,observed,census_c12_maharashtra,104cc65fb8b4822642cc2a36ca925acf4fce066c875b858877e442a3817b3825,1016,2011,historical_control_not_current_demand
27,517,District-Thane,Total,5-19,true,marginal_worker_3_to_under_6_months,29266,15785,13481,observed,census_c12_maharashtra,104cc65fb8b4822642cc2a36ca925acf4fce066c875b858877e442a3817b3825,1016,2011,historical_control_not_current_demand
27,517,District-Thane,Total,5-19,true,marginal_worker_under_3_months,3642,2012,1630,observed,census_c12_maharashtra,104cc65fb8b4822642cc2a36ca925acf4fce066c875b858877e442a3817b3825,1016,2011,historical_control_not_current_demand
27,517,District-Thane,Total,5-19,true,non_worker,2126502,1130152,996350,observed,census_c12_maharashtra,104cc65fb8b4822642cc2a36ca925acf4fce066c875b858877e442a3817b3825,1016,2011,historical_control_not_current_demand
27,517,District-Thane,Total,5-19,false,main_worker,171400,125461,45939,observed,census_c12_maharashtra,104cc65fb8b4822642cc2a36ca925acf4fce066c875b858877e442a3817b3825,1016,2011,historical_control_not_current_demand
27,517,District-Thane,Total,5-19,false,marginal_worker_3_to_under_6_months,39895,21714,18181,observed,census_c12_maharashtra,104cc65fb8b4822642cc2a36ca925acf4fce066c875b858877e442a3817b3825,1016,2011,historical_control_not_current_demand
27,517,District-Thane,Total,5-19,false,marginal_worker_under_3_months,8546,4534,4012,observed,census_c12_maharashtra,104cc65fb8b4822642cc2a36ca925acf4fce066c875b858877e442a3817b3825,1016,2011,historical_control_not_current_demand
27,517,District-Thane,Total,5-19,false,non_worker,539600,245992,293608,observed,census_c12_maharashtra,104cc65fb8b4822642cc2a36ca925acf4fce066c875b858877e442a3817b3825,1016,2011,historical_control_not_current_demand
27,517,District-Thane,Total,5,true,main_worker,776,445,331,observed,census_c12_maharashtra,104cc65fb8b4822642cc2a36ca925acf4fce066c875b858877e442a3817b3825,1017,2011,historical_control_not_current_demand
27,517,District-Thane,Total,5,true,marginal_worker_3_to_under_6_months,851,464,387,observed,census_c12_maharashtra,104cc65fb8b4822642cc2a36ca925acf4fce066c875b858877e442a3817b3825,1017,2011,historical_control_not_current_demand
27,517,District-Thane,Total,5,true,marginal_worker_under_3_months,27,15,12,observed,census_c12_maharashtra,104cc65fb8b4822642cc2a36ca925acf4fce066c875b858877e442a3817b3825,1017,2011,historical_control_not_current_demand
27,517,District-Thane,Total,5,true,non_worker,63847,33558,30289,observed,census_c12_maharashtra,104cc65fb8b4822642cc2a36ca925acf4fce066c875b858877e442a3817b3825,1017,2011,historical_control_not_current_demand
27,517,District-Thane,Total,5,false,main_worker,1935,1114,821,observed,census_c12_maharashtra,104cc65fb8b4822642cc2a36ca925acf4fce066c875b858877e442a3817b3825,1017,2011,historical_control_not_current_demand
27,517,District-Thane,Total,5,false,marginal_worker_3_to_under_6_months,1035,529,506,observed,census_c12_maharashtra,104cc65fb8b4822642cc2a36ca925acf4fce066c875b858877e442a3817b3825,1017,2011,historical_control_not_current_demand
27,517,District-Thane,Total,5,false,marginal_worker_under_3_months,79,48,31,observed,census_c12_maharashtra,104cc65fb8b4822642cc2a36ca925acf4fce066c875b858877e442a3817b3825,1017,2011,historical_control_not_current_demand
27,517,District-Thane,Total,5,false,non_worker,135297,70213,65084,observed,census_c12_maharashtra,104cc65fb8b4822642cc2a36ca925acf4fce066c875b858877e442a3817b3825,1017,2011,historical_control_not_current_demand
27,517,District-Thane,Total,6,true,main_worker,1050,593,457,observed,census_c12_maharashtra,104cc65fb8b4822642cc2a36ca925acf4fce066c875b858877e442a3817b3825,1018,2011,historical_control_not_current_demand
27,517,District-Thane,Total,6,true,marginal_worker_3_to_under_6_months,1173,610,563,observed,census_c12_maharashtra,104cc65fb8b4822642cc2a36ca925acf4fce066c875b858877e442a3817b3825,1018,2011,historical_control_not_current_demand
27,517,District-Thane,Total,6,true,marginal_worker_under_3_months,48,21,27,observed,census_c12_maharashtra,104cc65fb8b4822642cc2a36ca925acf4fce066c875b858877e442a3817b3825,1018,2011,historical_control_not_current_demand
27,517,District-Thane,Total,6,true,non_worker,97814,51181,46633,observed,census_c12_maharashtra,104cc65fb8b4822642cc2a36ca925acf4fce066c875b858877e442a3817b3825,1018,2011,historical_control_not_current_demand
27,517,District-Thane,Total,6,false,main_worker,1328,744,584,observed,census_c12_maharashtra,104cc65fb8b4822642cc2a36ca925acf4fce066c875b858877e442a3817b3825,1018,2011,historical_control_not_current_demand
27,517,District-Thane,Total,6,false,marginal_worker_3_to_under_6_months,842,428,414,observed,census_c12_maharashtra,104cc65fb8b4822642cc2a36ca925acf4fce066c875b858877e442a3817b3825,1018,2011,historical_control_not_current_demand
27,517,District-Thane,Total,6,false,marginal_worker_under_3_months,66,34,32,observed,census_c12_maharashtra,104cc65fb8b4822642cc2a36ca925acf4fce066c875b858877e442a3817b3825,1018,2011,historical_control_not_current_demand
27,517,District-Thane,Total,6,false,non_worker,95597,49804,45793,observed,census_c12_maharashtra,104cc65fb8b4822642cc2a36ca925acf4fce066c875b858877e442a3817b3825,1018,2011,historical_control_not_current_demand
27,517,District-Thane,Total,7,true,main_worker,1534,853,681,observed,census_c12_maharashtra,104cc65fb8b4822642cc2a36ca925acf4fce066c875b858877e442a3817b3825,1019,2011,historical_control_not_current_demand
27,517,District-Thane,Total,7,true,marginal_worker_3_to_under_6_months,1722,932,790,observed,census_c12_maharashtra,104cc65fb8b4822642cc2a36ca925acf4fce066c875b858877e442a3817b3825,1019,2011,historical_control_not_current_demand
27,517,District-Thane,Total,7,true,marginal_worker_under_3_months,100,54,46,observed,census_c12_maharashtra,104cc65fb8b4822642cc2a36ca925acf4fce066c875b858877e442a3817b3825,1019,2011,historical_control_not_current_demand
27,517,District-Thane,Total,7,true,non_worker,163774,85932,77842,observed,census_c12_maharashtra,104cc65fb8b4822642cc2a36ca925acf4fce066c875b858877e442a3817b3825,1019,2011,historical_control_not_current_demand
27,517,District-Thane,Total,7,false,main_worker,1040,656,384,observed,census_c12_maharashtra,104cc65fb8b4822642cc2a36ca925acf4fce066c875b858877e442a3817b3825,1019,2011,historical_control_not_current_demand
27,517,District-Thane,Total,7,false,marginal_worker_3_to_under_6_months,396,203,193,observed,census_c12_maharashtra,104cc65fb8b4822642cc2a36ca925acf4fce066c875b858877e442a3817b3825,1019,2011,historical_control_not_current_demand
27,517,District-Thane,Total,7,false,marginal_worker_under_3_months,51,25,26,observed,census_c12_maharashtra,104cc65fb8b4822642cc2a36ca925acf4fce066c875b858877e442a3817b3825,1019,2011,historical_control_not_current_demand
27,517,District-Thane,Total,7,false,non_worker,33108,16720,16388,observed,census_c12_maharashtra,104cc65fb8b4822642cc2a36ca925acf4fce066c875b858877e442a3817b3825,1019,2011,historical_control_not_current_demand
27,517,District-Thane,Total,8,true,main_worker,1512,830,682,observed,census_c12_maharashtra,104cc65fb8b4822642cc2a36ca925acf4fce066c875b858877e442a3817b3825,1020,2011,historical_control_not_current_demand
27,517,District-Thane,Total,8,true,marginal_worker_3_to_under_6_months,1846,960,886,observed,census_c12_maharashtra,104cc65fb8b4822642cc2a36ca925acf4fce066c875b858877e442a3817b3825,1020,2011,historical_control_not_current_demand
27,517,District-Thane,Total,8,true,marginal_worker_under_3_months,128,60,68,observed,census_c12_maharashtra,104cc65fb8b4822642cc2a36ca925acf4fce066c875b858877e442a3817b3825,1020,2011,historical_control_not_current_demand
27,517,District-Thane,Total,8,true,non_worker,167186,88123,79063,observed,census_c12_maharashtra,104cc65fb8b4822642cc2a36ca925acf4fce066c875b858877e442a3817b3825,1020,2011,historical_control_not_current_demand
27,517,District-Thane,Total,8,false,main_worker,817,491,326,observed,census_c12_maharashtra,104cc65fb8b4822642cc2a36ca925acf4fce066c875b858877e442a3817b3825,1020,2011,historical_control_not_current_demand
27,517,District-Thane,Total,8,false,marginal_worker_3_to_under_6_months,320,175,145,observed,census_c12_maharashtra,104cc65fb8b4822642cc2a36ca925acf4fce066c875b858877e442a3817b3825,1020,2011,historical_control_not_current_demand
27,517,District-Thane,Total,8,false,marginal_worker_under_3_months,58,24,34,observed,census_c12_maharashtra,104cc65fb8b4822642cc2a36ca925acf4fce066c875b858877e442a3817b3825,1020,2011,historical_control_not_current_demand
27,517,District-Thane,Total,8,false,non_worker,17415,8513,8902,observed,census_c12_maharashtra,104cc65fb8b4822642cc2a36ca925acf4fce066c875b858877e442a3817b3825,1020,2011,historical_control_not_current_demand
27,517,District-Thane,Total,9,true,main_worker,1548,886,662,observed,census_c12_maharashtra,104cc65fb8b4822642cc2a36ca925acf4fce066c875b858877e442a3817b3825,1021,2011,historical_control_not_current_demand
27,517,District-Thane,Total,9,true,marginal_worker_3_to_under_6_months,1892,1014,878,observed,census_c12_maharashtra,104cc65fb8b4822642cc2a36ca925acf4fce066c875b858877e442a3817b3825,1021,2011,historical_control_not_current_demand
27,517,District-Thane,Total,9,true,marginal_worker_under_3_months,141,79,62,observed,census_c12_maharashtra,104cc65fb8b4822642cc2a36ca925acf4fce066c875b858877e442a3817b3825,1021,2011,historical_control_not_current_demand
27,517,District-Thane,Total,9,true,non_worker,169581,88957,80624,observed,census_c12_maharashtra,104cc65fb8b4822642cc2a36ca925acf4fce066c875b858877e442a3817b3825,1021,2011,historical_control_not_current_demand
27,517,District-Thane,Total,9,false,main_worker,870,503,367,observed,census_c12_maharashtra,104cc65fb8b4822642cc2a36ca925acf4fce066c875b858877e442a3817b3825,1021,2011,historical_control_not_current_demand
27,517,District-Thane,Total,9,false,marginal_worker_3_to_under_6_months,365,180,185,observed,census_c12_maharashtra,104cc65fb8b4822642cc2a36ca925acf4fce066c875b858877e442a3817b3825,1021,2011,historical_control_not_current_demand
27,517,District-Thane,Total,9,false,marginal_worker_under_3_months,50,24,26,observed,census_c12_maharashtra,104cc65fb8b4822642cc2a36ca925acf4fce066c875b858877e442a3817b3825,1021,2011,historical_control_not_current_demand
27,517,District-Thane,Total,9,false,non_worker,15320,7573,7747,observed,census_c12_maharashtra,104cc65fb8b4822642cc2a36ca925acf4fce066c875b858877e442a3817b3825,1021,2011,historical_control_not_current_demand
27,517,District-Thane,Total,10,true,main_worker,1945,1059,886,observed,census_c12_maharashtra,104cc65fb8b4822642cc2a36ca925acf4fce066c875b858877e442a3817b3825,1022,2011,historical_control_not_current_demand
27,517,District-Thane,Total,10,true,marginal_worker_3_to_under_6_months,2137,1133,1004,observed,census_c12_maharashtra,104cc65fb8b4822642cc2a36ca925acf4fce066c875b858877e442a3817b3825,1022,2011,historical_control_not_current_demand
27,517,District-Thane,Total,10,true,marginal_worker_under_3_months,192,98,94,observed,census_c12_maharashtra,104cc65fb8b4822642cc2a36ca925acf4fce066c875b858877e442a3817b3825,1022,2011,historical_control_not_current_demand
27,517,District-Thane,Total,10,true,non_worker,196611,104186,92425,observed,census_c12_maharashtra,104cc65fb8b4822642cc2a36ca925acf4fce066c875b858877e442a3817b3825,1022,2011,historical_control_not_current_demand
27,517,District-Thane,Total,10,false,main_worker,1247,726,521,observed,census_c12_maharashtra,104cc65fb8b4822642cc2a36ca925acf4fce066c875b858877e442a3817b3825,1022,2011,historical_control_not_current_demand
27,517,District-Thane,Total,10,false,marginal_worker_3_to_under_6_months,530,258,272,observed,census_c12_maharashtra,104cc65fb8b4822642cc2a36ca925acf4fce066c875b858877e442a3817b3825,1022,2011,historical_control_not_current_demand
27,517,District-Thane,Total,10,false,marginal_worker_under_3_months,125,62,63,observed,census_c12_maharashtra,104cc65fb8b4822642cc2a36ca925acf4fce066c875b858877e442a3817b3825,1022,2011,historical_control_not_current_demand
27,517,District-Thane,Total,10,false,non_worker,20724,10096,10628,observed,census_c12_maharashtra,104cc65fb8b4822642cc2a36ca925acf4fce066c875b858877e442a3817b3825,1022,2011,historical_control_not_current_demand
27,517,District-Thane,Total,11,true,main_worker,1952,1145,807,observed,census_c12_maharashtra,104cc65fb8b4822642cc2a36ca925acf4fce066c875b858877e442a3817b3825,1023,2011,historical_control_not_current_demand
27,517,District-Thane,Total,11,true,marginal_worker_3_to_under_6_months,2080,1091,989,observed,census_c12_maharashtra,104cc65fb8b4822642cc2a36ca925acf4fce066c875b858877e442a3817b3825,1023,2011,historical_control_not_current_demand
27,517,District-Thane,Total,11,true,marginal_worker_under_3_months,242,113,129,observed,census_c12_maharashtra,104cc65fb8b4822642cc2a36ca925acf4fce066c875b858877e442a3817b3825,1023,2011,historical_control_not_current_demand
27,517,District-Thane,Total,11,true,non_worker,179542,94748,84794,observed,census_c12_maharashtra,104cc65fb8b4822642cc2a36ca925acf4fce066c875b858877e442a3817b3825,1023,2011,historical_control_not_current_demand
27,517,District-Thane,Total,11,false,main_worker,2780,1884,896,observed,census_c12_maharashtra,104cc65fb8b4822642cc2a36ca925acf4fce066c875b858877e442a3817b3825,1023,2011,historical_control_not_current_demand
27,517,District-Thane,Total,11,false,marginal_worker_3_to_under_6_months,721,337,384,observed,census_c12_maharashtra,104cc65fb8b4822642cc2a36ca925acf4fce066c875b858877e442a3817b3825,1023,2011,historical_control_not_current_demand
27,517,District-Thane,Total,11,false,marginal_worker_under_3_months,152,74,78,observed,census_c12_maharashtra,104cc65fb8b4822642cc2a36ca925acf4fce066c875b858877e442a3817b3825,1023,2011,historical_control_not_current_demand
27,517,District-Thane,Total,11,false,non_worker,15509,7269,8240,observed,census_c12_maharashtra,104cc65fb8b4822642cc2a36ca925acf4fce066c875b858877e442a3817b3825,1023,2011,historical_control_not_current_demand
27,517,District-Thane,Total,12,true,main_worker,1972,1114,858,observed,census_c12_maharashtra,104cc65fb8b4822642cc2a36ca925acf4fce066c875b858877e442a3817b3825,1024,2011,historical_control_not_current_demand
27,517,District-Thane,Total,12,true,marginal_worker_3_to_under_6_months,1998,1054,944,observed,census_c12_maharashtra,104cc65fb8b4822642cc2a36ca925acf4fce066c875b858877e442a3817b3825,1024,2011,historical_control_not_current_demand
27,517,District-Thane,Total,12,true,marginal_worker_under_3_months,278,147,131,observed,census_c12_maharashtra,104cc65fb8b4822642cc2a36ca925acf4fce066c875b858877e442a3817b3825,1024,2011,historical_control_not_current_demand
27,517,District-Thane,Total,12,true,non_worker,169829,89948,79881,observed,census_c12_maharashtra,104cc65fb8b4822642cc2a36ca925acf4fce066c875b858877e442a3817b3825,1024,2011,historical_control_not_current_demand
27,517,District-Thane,Total,12,false,main_worker,4277,2827,1450,observed,census_c12_maharashtra,104cc65fb8b4822642cc2a36ca925acf4fce066c875b858877e442a3817b3825,1024,2011,historical_control_not_current_demand
27,517,District-Thane,Total,12,false,marginal_worker_3_to_under_6_months,1188,584,604,observed,census_c12_maharashtra,104cc65fb8b4822642cc2a36ca925acf4fce066c875b858877e442a3817b3825,1024,2011,historical_control_not_current_demand
27,517,District-Thane,Total,12,false,marginal_worker_under_3_months,323,140,183,observed,census_c12_maharashtra,104cc65fb8b4822642cc2a36ca925acf4fce066c875b858877e442a3817b3825,1024,2011,historical_control_not_current_demand
27,517,District-Thane,Total,12,false,non_worker,16376,7423,8953,observed,census_c12_maharashtra,104cc65fb8b4822642cc2a36ca925acf4fce066c875b858877e442a3817b3825,1024,2011,historical_control_not_current_demand
27,517,District-Thane,Total,13,true,main_worker,1828,1061,767,observed,census_c12_maharashtra,104cc65fb8b4822642cc2a36ca925acf4fce066c875b858877e442a3817b3825,1025,2011,historical_control_not_current_demand
27,517,District-Thane,Total,13,true,marginal_worker_3_to_under_6_months,2003,1079,924,observed,census_c12_maharashtra,104cc65fb8b4822642cc2a36ca925acf4fce066c875b858877e442a3817b3825,1025,2011,historical_control_not_current_demand
27,517,District-Thane,Total,13,true,marginal_worker_under_3_months,272,142,130,observed,census_c12_maharashtra,104cc65fb8b4822642cc2a36ca925acf4fce066c875b858877e442a3817b3825,1025,2011,historical_control_not_current_demand
27,517,District-Thane,Total,13,true,non_worker,162058,85522,76536,observed,census_c12_maharashtra,104cc65fb8b4822642cc2a36ca925acf4fce066c875b858877e442a3817b3825,1025,2011,historical_control_not_current_demand
27,517,District-Thane,Total,13,false,main_worker,4429,2893,1536,observed,census_c12_maharashtra,104cc65fb8b4822642cc2a36ca925acf4fce066c875b858877e442a3817b3825,1025,2011,historical_control_not_current_demand
27,517,District-Thane,Total,13,false,marginal_worker_3_to_under_6_months,1265,579,686,observed,census_c12_maharashtra,104cc65fb8b4822642cc2a36ca925acf4fce066c875b858877e442a3817b3825,1025,2011,historical_control_not_current_demand
27,517,District-Thane,Total,13,false,marginal_worker_under_3_months,346,174,172,observed,census_c12_maharashtra,104cc65fb8b4822642cc2a36ca925acf4fce066c875b858877e442a3817b3825,1025,2011,historical_control_not_current_demand
27,517,District-Thane,Total,13,false,non_worker,14848,6504,8344,observed,census_c12_maharashtra,104cc65fb8b4822642cc2a36ca925acf4fce066c875b858877e442a3817b3825,1025,2011,historical_control_not_current_demand
27,517,District-Thane,Total,14,true,main_worker,2058,1187,871,observed,census_c12_maharashtra,104cc65fb8b4822642cc2a36ca925acf4fce066c875b858877e442a3817b3825,1026,2011,historical_control_not_current_demand
27,517,District-Thane,Total,14,true,marginal_worker_3_to_under_6_months,1996,1043,953,observed,census_c12_maharashtra,104cc65fb8b4822642cc2a36ca925acf4fce066c875b858877e442a3817b3825,1026,2011,historical_control_not_current_demand
27,517,District-Thane,Total,14,true,marginal_worker_under_3_months,268,134,134,observed,census_c12_maharashtra,104cc65fb8b4822642cc2a36ca925acf4fce066c875b858877e442a3817b3825,1026,2011,historical_control_not_current_demand
27,517,District-Thane,Total,14,true,non_worker,153813,82046,71767,observed,census_c12_maharashtra,104cc65fb8b4822642cc2a36ca925acf4fce066c875b858877e442a3817b3825,1026,2011,historical_control_not_current_demand
27,517,District-Thane,Total,14,false,main_worker,7011,4719,2292,observed,census_c12_maharashtra,104cc65fb8b4822642cc2a36ca925acf4fce066c875b858877e442a3817b3825,1026,2011,historical_control_not_current_demand
27,517,District-Thane,Total,14,false,marginal_worker_3_to_under_6_months,2036,1020,1016,observed,census_c12_maharashtra,104cc65fb8b4822642cc2a36ca925acf4fce066c875b858877e442a3817b3825,1026,2011,historical_control_not_current_demand
27,517,District-Thane,Total,14,false,marginal_worker_under_3_months,519,231,288,observed,census_c12_maharashtra,104cc65fb8b4822642cc2a36ca925acf4fce066c875b858877e442a3817b3825,1026,2011,historical_control_not_current_demand
27,517,District-Thane,Total,14,false,non_worker,17401,7656,9745,observed,census_c12_maharashtra,104cc65fb8b4822642cc2a36ca925acf4fce066c875b858877e442a3817b3825,1026,2011,historical_control_not_current_demand
27,517,District-Thane,Total,15,true,main_worker,2916,1747,1169,observed,census_c12_maharashtra,104cc65fb8b4822642cc2a36ca925acf4fce066c875b858877e442a3817b3825,1027,2011,historical_control_not_current_demand
27,517,District-Thane,Total,15,true,marginal_worker_3_to_under_6_months,2124,1137,987,observed,census_c12_maharashtra,104cc65fb8b4822642cc2a36ca925acf4fce066c875b858877e442a3817b3825,1027,2011,historical_control_not_current_demand
27,517,District-Thane,Total,15,true,marginal_worker_under_3_months,335,174,161,observed,census_c12_maharashtra,104cc65fb8b4822642cc2a36ca925acf4fce066c875b858877e442a3817b3825,1027,2011,historical_control_not_current_demand
27,517,District-Thane,Total,15,true,non_worker,146828,78456,68372,observed,census_c12_maharashtra,104cc65fb8b4822642cc2a36ca925acf4fce066c875b858877e442a3817b3825,1027,2011,historical_control_not_current_demand
27,517,District-Thane,Total,15,false,main_worker,12562,8658,3904,observed,census_c12_maharashtra,104cc65fb8b4822642cc2a36ca925acf4fce066c875b858877e442a3817b3825,1027,2011,historical_control_not_current_demand
27,517,District-Thane,Total,15,false,marginal_worker_3_to_under_6_months,3479,1861,1618,observed,census_c12_maharashtra,104cc65fb8b4822642cc2a36ca925acf4fce066c875b858877e442a3817b3825,1027,2011,historical_control_not_current_demand
27,517,District-Thane,Total,15,false,marginal_worker_under_3_months,832,429,403,observed,census_c12_maharashtra,104cc65fb8b4822642cc2a36ca925acf4fce066c875b858877e442a3817b3825,1027,2011,historical_control_not_current_demand
27,517,District-Thane,Total,15,false,non_worker,21408,9109,12299,observed,census_c12_maharashtra,104cc65fb8b4822642cc2a36ca925acf4fce066c875b858877e442a3817b3825,1027,2011,historical_control_not_current_demand
27,517,District-Thane,Total,16,true,main_worker,3085,1948,1137,observed,census_c12_maharashtra,104cc65fb8b4822642cc2a36ca925acf4fce066c875b858877e442a3817b3825,1028,2011,historical_control_not_current_demand
27,517,District-Thane,Total,16,true,marginal_worker_3_to_under_6_months,2164,1138,1026,observed,census_c12_maharashtra,104cc65fb8b4822642cc2a36ca925acf4fce066c875b858877e442a3817b3825,1028,2011,historical_control_not_current_demand
27,517,District-Thane,Total,16,true,marginal_worker_under_3_months,358,221,137,observed,census_c12_maharashtra,104cc65fb8b4822642cc2a36ca925acf4fce066c875b858877e442a3817b3825,1028,2011,historical_control_not_current_demand
27,517,District-Thane,Total,16,true,non_worker,131807,70932,60875,observed,census_c12_maharashtra,104cc65fb8b4822642cc2a36ca925acf4fce066c875b858877e442a3817b3825,1028,2011,historical_control_not_current_demand
27,517,District-Thane,Total,16,false,main_worker,16992,11735,5257,observed,census_c12_maharashtra,104cc65fb8b4822642cc2a36ca925acf4fce066c875b858877e442a3817b3825,1028,2011,historical_control_not_current_demand
27,517,District-Thane,Total,16,false,marginal_worker_3_to_under_6_months,4730,2526,2204,observed,census_c12_maharashtra,104cc65fb8b4822642cc2a36ca925acf4fce066c875b858877e442a3817b3825,1028,2011,historical_control_not_current_demand
27,517,District-Thane,Total,16,false,marginal_worker_under_3_months,1039,540,499,observed,census_c12_maharashtra,104cc65fb8b4822642cc2a36ca925acf4fce066c875b858877e442a3817b3825,1028,2011,historical_control_not_current_demand
27,517,District-Thane,Total,16,false,non_worker,24236,9632,14604,observed,census_c12_maharashtra,104cc65fb8b4822642cc2a36ca925acf4fce066c875b858877e442a3817b3825,1028,2011,historical_control_not_current_demand
27,517,District-Thane,Total,17,true,main_worker,3476,2290,1186,observed,census_c12_maharashtra,104cc65fb8b4822642cc2a36ca925acf4fce066c875b858877e442a3817b3825,1029,2011,historical_control_not_current_demand
27,517,District-Thane,Total,17,true,marginal_worker_3_to_under_6_months,2239,1256,983,observed,census_c12_maharashtra,104cc65fb8b4822642cc2a36ca925acf4fce066c875b858877e442a3817b3825,1029,2011,historical_control_not_current_demand
27,517,District-Thane,Total,17,true,marginal_worker_under_3_months,400,234,166,observed,census_c12_maharashtra,104cc65fb8b4822642cc2a36ca925acf4fce066c875b858877e442a3817b3825,1029,2011,historical_control_not_current_demand
27,517,District-Thane,Total,17,true,non_worker,117297,63410,53887,observed,census_c12_maharashtra,104cc65fb8b4822642cc2a36ca925acf4fce066c875b858877e442a3817b3825,1029,2011,historical_control_not_current_demand
27,517,District-Thane,Total,17,false,main_worker,23952,17802,6150,observed,census_c12_maharashtra,104cc65fb8b4822642cc2a36ca925acf4fce066c875b858877e442a3817b3825,1029,2011,historical_control_not_current_demand
27,517,District-Thane,Total,17,false,marginal_worker_3_to_under_6_months,5424,3078,2346,observed,census_c12_maharashtra,104cc65fb8b4822642cc2a36ca925acf4fce066c875b858877e442a3817b3825,1029,2011,historical_control_not_current_demand
27,517,District-Thane,Total,17,false,marginal_worker_under_3_months,1171,647,524,observed,census_c12_maharashtra,104cc65fb8b4822642cc2a36ca925acf4fce066c875b858877e442a3817b3825,1029,2011,historical_control_not_current_demand
27,517,District-Thane,Total,17,false,non_worker,27625,10203,17422,observed,census_c12_maharashtra,104cc65fb8b4822642cc2a36ca925acf4fce066c875b858877e442a3817b3825,1029,2011,historical_control_not_current_demand
27,517,District-Thane,Total,18,true,main_worker,5047,3518,1529,observed,census_c12_maharashtra,104cc65fb8b4822642cc2a36ca925acf4fce066c875b858877e442a3817b3825,1030,2011,historical_control_not_current_demand
27,517,District-Thane,Total,18,true,marginal_worker_3_to_under_6_months,2593,1484,1109,observed,census_c12_maharashtra,104cc65fb8b4822642cc2a36ca925acf4fce066c875b858877e442a3817b3825,1030,2011,historical_control_not_current_demand
27,517,District-Thane,Total,18,true,marginal_worker_under_3_months,450,262,188,observed,census_c12_maharashtra,104cc65fb8b4822642cc2a36ca925acf4fce066c875b858877e442a3817b3825,1030,2011,historical_control_not_current_demand
27,517,District-Thane,Total,18,true,non_worker,113762,62330,51432,observed,census_c12_maharashtra,104cc65fb8b4822642cc2a36ca925acf4fce066c875b858877e442a3817b3825,1030,2011,historical_control_not_current_demand
27,517,District-Thane,Total,18,false,main_worker,47150,36136,11014,observed,census_c12_maharashtra,104cc65fb8b4822642cc2a36ca925acf4fce066c875b858877e442a3817b3825,1030,2011,historical_control_not_current_demand
27,517,District-Thane,Total,18,false,marginal_worker_3_to_under_6_months,9179,5235,3944,observed,census_c12_maharashtra,104cc65fb8b4822642cc2a36ca925acf4fce066c875b858877e442a3817b3825,1030,2011,historical_control_not_current_demand
27,517,District-Thane,Total,18,false,marginal_worker_under_3_months,2002,1113,889,observed,census_c12_maharashtra,104cc65fb8b4822642cc2a36ca925acf4fce066c875b858877e442a3817b3825,1030,2011,historical_control_not_current_demand
27,517,District-Thane,Total,18,false,non_worker,42114,13554,28560,observed,census_c12_maharashtra,104cc65fb8b4822642cc2a36ca925acf4fce066c875b858877e442a3817b3825,1030,2011,historical_control_not_current_demand
27,517,District-Thane,Total,19,true,main_worker,5102,3532,1570,observed,census_c12_maharashtra,104cc65fb8b4822642cc2a36ca925acf4fce066c875b858877e442a3817b3825,1031,2011,historical_control_not_current_demand
27,517,District-Thane,Total,19,true,marginal_worker_3_to_under_6_months,2448,1390,1058,observed,census_c12_maharashtra,104cc65fb8b4822642cc2a36ca925acf4fce066c875b858877e442a3817b3825,1031,2011,historical_control_not_current_demand
27,517,District-Thane,Total,19,true,marginal_worker_under_3_months,403,258,145,observed,census_c12_maharashtra,104cc65fb8b4822642cc2a36ca925acf4fce066c875b858877e442a3817b3825,1031,2011,historical_control_not_current_demand
27,517,District-Thane,Total,19,true,non_worker,92753,50823,41930,observed,census_c12_maharashtra,104cc65fb8b4822642cc2a36ca925acf4fce066c875b858877e442a3817b3825,1031,2011,historical_control_not_current_demand
27,517,District-Thane,Total,19,false,main_worker,45010,34573,10437,observed,census_c12_maharashtra,104cc65fb8b4822642cc2a36ca925acf4fce066c875b858877e442a3817b3825,1031,2011,historical_control_not_current_demand
27,517,District-Thane,Total,19,false,marginal_worker_3_to_under_6_months,8385,4721,3664,observed,census_c12_maharashtra,104cc65fb8b4822642cc2a36ca925acf4fce066c875b858877e442a3817b3825,1031,2011,historical_control_not_current_demand
27,517,District-Thane,Total,19,false,marginal_worker_under_3_months,1733,969,764,observed,census_c12_maharashtra,104cc65fb8b4822642cc2a36ca925acf4fce066c875b858877e442a3817b3825,1031,2011,historical_control_not_current_demand
27,517,District-Thane,Total,19,false,non_worker,42622,11723,30899,observed,census_c12_maharashtra,104cc65fb8b4822642cc2a36ca925acf4fce066c875b858877e442a3817b3825,1031,2011,historical_control_not_current_demand
27,517,District-Thane,Rural,5-19,true,main_worker,8388,4856,3532,observed,census_c12_maharashtra,104cc65fb8b4822642cc2a36ca925acf4fce066c875b858877e442a3817b3825,1032,2011,historical_control_not_current_demand
27,517,District-Thane,Rural,5-19,true,marginal_worker_3_to_under_6_months,5689,3071,2618,observed,census_c12_maharashtra,104cc65fb8b4822642cc2a36ca925acf4fce066c875b858877e442a3817b3825,1032,2011,historical_control_not_current_demand
27,517,District-Thane,Rural,5-19,true,marginal_worker_under_3_months,2233,1227,1006,observed,census_c12_maharashtra,104cc65fb8b4822642cc2a36ca925acf4fce066c875b858877e442a3817b3825,1032,2011,historical_control_not_current_demand
27,517,District-Thane,Rural,5-19,true,non_worker,516554,275078,241476,observed,census_c12_maharashtra,104cc65fb8b4822642cc2a36ca925acf4fce066c875b858877e442a3817b3825,1032,2011,historical_control_not_current_demand
27,517,District-Thane,Rural,5-19,false,main_worker,59434,34787,24647,observed,census_c12_maharashtra,104cc65fb8b4822642cc2a36ca925acf4fce066c875b858877e442a3817b3825,1032,2011,historical_control_not_current_demand
27,517,District-Thane,Rural,5-19,false,marginal_worker_3_to_under_6_months,24394,11698,12696,observed,census_c12_maharashtra,104cc65fb8b4822642cc2a36ca925acf4fce066c875b858877e442a3817b3825,1032,2011,historical_control_not_current_demand
27,517,District-Thane,Rural,5-19,false,marginal_worker_under_3_months,5648,2535,3113,observed,census_c12_maharashtra,104cc65fb8b4822642cc2a36ca925acf4fce066c875b858877e442a3817b3825,1032,2011,historical_control_not_current_demand
27,517,District-Thane,Rural,5-19,false,non_worker,160866,71417,89449,observed,census_c12_maharashtra,104cc65fb8b4822642cc2a36ca925acf4fce066c875b858877e442a3817b3825,1032,2011,historical_control_not_current_demand
27,517,District-Thane,Rural,5,true,main_worker,122,63,59,observed,census_c12_maharashtra,104cc65fb8b4822642cc2a36ca925acf4fce066c875b858877e442a3817b3825,1033,2011,historical_control_not_current_demand
27,517,District-Thane,Rural,5,true,marginal_worker_3_to_under_6_months,89,47,42,observed,census_c12_maharashtra,104cc65fb8b4822642cc2a36ca925acf4fce066c875b858877e442a3817b3825,1033,2011,historical_control_not_current_demand
27,517,District-Thane,Rural,5,true,marginal_worker_under_3_months,7,6,1,observed,census_c12_maharashtra,104cc65fb8b4822642cc2a36ca925acf4fce066c875b858877e442a3817b3825,1033,2011,historical_control_not_current_demand
27,517,District-Thane,Rural,5,true,non_worker,13475,6931,6544,observed,census_c12_maharashtra,104cc65fb8b4822642cc2a36ca925acf4fce066c875b858877e442a3817b3825,1033,2011,historical_control_not_current_demand
27,517,District-Thane,Rural,5,false,main_worker,525,263,262,observed,census_c12_maharashtra,104cc65fb8b4822642cc2a36ca925acf4fce066c875b858877e442a3817b3825,1033,2011,historical_control_not_current_demand
27,517,District-Thane,Rural,5,false,marginal_worker_3_to_under_6_months,248,122,126,observed,census_c12_maharashtra,104cc65fb8b4822642cc2a36ca925acf4fce066c875b858877e442a3817b3825,1033,2011,historical_control_not_current_demand
27,517,District-Thane,Rural,5,false,marginal_worker_under_3_months,41,22,19,observed,census_c12_maharashtra,104cc65fb8b4822642cc2a36ca925acf4fce066c875b858877e442a3817b3825,1033,2011,historical_control_not_current_demand
27,517,District-Thane,Rural,5,false,non_worker,40930,20666,20264,observed,census_c12_maharashtra,104cc65fb8b4822642cc2a36ca925acf4fce066c875b858877e442a3817b3825,1033,2011,historical_control_not_current_demand
27,517,District-Thane,Rural,6,true,main_worker,269,148,121,observed,census_c12_maharashtra,104cc65fb8b4822642cc2a36ca925acf4fce066c875b858877e442a3817b3825,1034,2011,historical_control_not_current_demand
27,517,District-Thane,Rural,6,true,marginal_worker_3_to_under_6_months,166,89,77,observed,census_c12_maharashtra,104cc65fb8b4822642cc2a36ca925acf4fce066c875b858877e442a3817b3825,1034,2011,historical_control_not_current_demand
27,517,District-Thane,Rural,6,true,marginal_worker_under_3_months,19,9,10,observed,census_c12_maharashtra,104cc65fb8b4822642cc2a36ca925acf4fce066c875b858877e442a3817b3825,1034,2011,historical_control_not_current_demand
27,517,District-Thane,Rural,6,true,non_worker,26228,13507,12721,observed,census_c12_maharashtra,104cc65fb8b4822642cc2a36ca925acf4fce066c875b858877e442a3817b3825,1034,2011,historical_control_not_current_demand
27,517,District-Thane,Rural,6,false,main_worker,372,172,200,observed,census_c12_maharashtra,104cc65fb8b4822642cc2a36ca925acf4fce066c875b858877e442a3817b3825,1034,2011,historical_control_not_current_demand
27,517,District-Thane,Rural,6,false,marginal_worker_3_to_under_6_months,188,96,92,observed,census_c12_maharashtra,104cc65fb8b4822642cc2a36ca925acf4fce066c875b858877e442a3817b3825,1034,2011,historical_control_not_current_demand
27,517,District-Thane,Rural,6,false,marginal_worker_under_3_months,33,15,18,observed,census_c12_maharashtra,104cc65fb8b4822642cc2a36ca925acf4fce066c875b858877e442a3817b3825,1034,2011,historical_control_not_current_demand
27,517,District-Thane,Rural,6,false,non_worker,27041,13575,13466,observed,census_c12_maharashtra,104cc65fb8b4822642cc2a36ca925acf4fce066c875b858877e442a3817b3825,1034,2011,historical_control_not_current_demand
27,517,District-Thane,Rural,7,true,main_worker,397,205,192,observed,census_c12_maharashtra,104cc65fb8b4822642cc2a36ca925acf4fce066c875b858877e442a3817b3825,1035,2011,historical_control_not_current_demand
27,517,District-Thane,Rural,7,true,marginal_worker_3_to_under_6_months,275,154,121,observed,census_c12_maharashtra,104cc65fb8b4822642cc2a36ca925acf4fce066c875b858877e442a3817b3825,1035,2011,historical_control_not_current_demand
27,517,District-Thane,Rural,7,true,marginal_worker_under_3_months,40,25,15,observed,census_c12_maharashtra,104cc65fb8b4822642cc2a36ca925acf4fce066c875b858877e442a3817b3825,1035,2011,historical_control_not_current_demand
27,517,District-Thane,Rural,7,true,non_worker,42982,22306,20676,observed,census_c12_maharashtra,104cc65fb8b4822642cc2a36ca925acf4fce066c875b858877e442a3817b3825,1035,2011,historical_control_not_current_demand
27,517,District-Thane,Rural,7,false,main_worker,299,168,131,observed,census_c12_maharashtra,104cc65fb8b4822642cc2a36ca925acf4fce066c875b858877e442a3817b3825,1035,2011,historical_control_not_current_demand
27,517,District-Thane,Rural,7,false,marginal_worker_3_to_under_6_months,142,66,76,observed,census_c12_maharashtra,104cc65fb8b4822642cc2a36ca925acf4fce066c875b858877e442a3817b3825,1035,2011,historical_control_not_current_demand
27,517,District-Thane,Rural,7,false,marginal_worker_under_3_months,34,15,19,observed,census_c12_maharashtra,104cc65fb8b4822642cc2a36ca925acf4fce066c875b858877e442a3817b3825,1035,2011,historical_control_not_current_demand
27,517,District-Thane,Rural,7,false,non_worker,10245,4901,5344,observed,census_c12_maharashtra,104cc65fb8b4822642cc2a36ca925acf4fce066c875b858877e442a3817b3825,1035,2011,historical_control_not_current_demand
27,517,District-Thane,Rural,8,true,main_worker,406,211,195,observed,census_c12_maharashtra,104cc65fb8b4822642cc2a36ca925acf4fce066c875b858877e442a3817b3825,1036,2011,historical_control_not_current_demand
27,517,District-Thane,Rural,8,true,marginal_worker_3_to_under_6_months,319,167,152,observed,census_c12_maharashtra,104cc65fb8b4822642cc2a36ca925acf4fce066c875b858877e442a3817b3825,1036,2011,historical_control_not_current_demand
27,517,District-Thane,Rural,8,true,marginal_worker_under_3_months,75,34,41,observed,census_c12_maharashtra,104cc65fb8b4822642cc2a36ca925acf4fce066c875b858877e442a3817b3825,1036,2011,historical_control_not_current_demand
27,517,District-Thane,Rural,8,true,non_worker,47018,24573,22445,observed,census_c12_maharashtra,104cc65fb8b4822642cc2a36ca925acf4fce066c875b858877e442a3817b3825,1036,2011,historical_control_not_current_demand
27,517,District-Thane,Rural,8,false,main_worker,248,116,132,observed,census_c12_maharashtra,104cc65fb8b4822642cc2a36ca925acf4fce066c875b858877e442a3817b3825,1036,2011,historical_control_not_current_demand
27,517,District-Thane,Rural,8,false,marginal_worker_3_to_under_6_months,128,68,60,observed,census_c12_maharashtra,104cc65fb8b4822642cc2a36ca925acf4fce066c875b858877e442a3817b3825,1036,2011,historical_control_not_current_demand
27,517,District-Thane,Rural,8,false,marginal_worker_under_3_months,38,14,24,observed,census_c12_maharashtra,104cc65fb8b4822642cc2a36ca925acf4fce066c875b858877e442a3817b3825,1036,2011,historical_control_not_current_demand
27,517,District-Thane,Rural,8,false,non_worker,6268,2892,3376,observed,census_c12_maharashtra,104cc65fb8b4822642cc2a36ca925acf4fce066c875b858877e442a3817b3825,1036,2011,historical_control_not_current_demand
27,517,District-Thane,Rural,9,true,main_worker,437,240,197,observed,census_c12_maharashtra,104cc65fb8b4822642cc2a36ca925acf4fce066c875b858877e442a3817b3825,1037,2011,historical_control_not_current_demand
27,517,District-Thane,Rural,9,true,marginal_worker_3_to_under_6_months,304,167,137,observed,census_c12_maharashtra,104cc65fb8b4822642cc2a36ca925acf4fce066c875b858877e442a3817b3825,1037,2011,historical_control_not_current_demand
27,517,District-Thane,Rural,9,true,marginal_worker_under_3_months,82,46,36,observed,census_c12_maharashtra,104cc65fb8b4822642cc2a36ca925acf4fce066c875b858877e442a3817b3825,1037,2011,historical_control_not_current_demand
27,517,District-Thane,Rural,9,true,non_worker,48232,24830,23402,observed,census_c12_maharashtra,104cc65fb8b4822642cc2a36ca925acf4fce066c875b858877e442a3817b3825,1037,2011,historical_control_not_current_demand
27,517,District-Thane,Rural,9,false,main_worker,317,152,165,observed,census_c12_maharashtra,104cc65fb8b4822642cc2a36ca925acf4fce066c875b858877e442a3817b3825,1037,2011,historical_control_not_current_demand
27,517,District-Thane,Rural,9,false,marginal_worker_3_to_under_6_months,179,87,92,observed,census_c12_maharashtra,104cc65fb8b4822642cc2a36ca925acf4fce066c875b858877e442a3817b3825,1037,2011,historical_control_not_current_demand
27,517,District-Thane,Rural,9,false,marginal_worker_under_3_months,37,15,22,observed,census_c12_maharashtra,104cc65fb8b4822642cc2a36ca925acf4fce066c875b858877e442a3817b3825,1037,2011,historical_control_not_current_demand
27,517,District-Thane,Rural,9,false,non_worker,5172,2371,2801,observed,census_c12_maharashtra,104cc65fb8b4822642cc2a36ca925acf4fce066c875b858877e442a3817b3825,1037,2011,historical_control_not_current_demand
27,517,District-Thane,Rural,10,true,main_worker,561,298,263,observed,census_c12_maharashtra,104cc65fb8b4822642cc2a36ca925acf4fce066c875b858877e442a3817b3825,1038,2011,historical_control_not_current_demand
27,517,District-Thane,Rural,10,true,marginal_worker_3_to_under_6_months,386,202,184,observed,census_c12_maharashtra,104cc65fb8b4822642cc2a36ca925acf4fce066c875b858877e442a3817b3825,1038,2011,historical_control_not_current_demand
27,517,District-Thane,Rural,10,true,marginal_worker_under_3_months,131,64,67,observed,census_c12_maharashtra,104cc65fb8b4822642cc2a36ca925acf4fce066c875b858877e442a3817b3825,1038,2011,historical_control_not_current_demand
27,517,District-Thane,Rural,10,true,non_worker,53966,28396,25570,observed,census_c12_maharashtra,104cc65fb8b4822642cc2a36ca925acf4fce066c875b858877e442a3817b3825,1038,2011,historical_control_not_current_demand
27,517,District-Thane,Rural,10,false,main_worker,515,249,266,observed,census_c12_maharashtra,104cc65fb8b4822642cc2a36ca925acf4fce066c875b858877e442a3817b3825,1038,2011,historical_control_not_current_demand
27,517,District-Thane,Rural,10,false,marginal_worker_3_to_under_6_months,296,133,163,observed,census_c12_maharashtra,104cc65fb8b4822642cc2a36ca925acf4fce066c875b858877e442a3817b3825,1038,2011,historical_control_not_current_demand
27,517,District-Thane,Rural,10,false,marginal_worker_under_3_months,103,50,53,observed,census_c12_maharashtra,104cc65fb8b4822642cc2a36ca925acf4fce066c875b858877e442a3817b3825,1038,2011,historical_control_not_current_demand
27,517,District-Thane,Rural,10,false,non_worker,7262,3291,3971,observed,census_c12_maharashtra,104cc65fb8b4822642cc2a36ca925acf4fce066c875b858877e442a3817b3825,1038,2011,historical_control_not_current_demand
27,517,District-Thane,Rural,11,true,main_worker,472,263,209,observed,census_c12_maharashtra,104cc65fb8b4822642cc2a36ca925acf4fce066c875b858877e442a3817b3825,1039,2011,historical_control_not_current_demand
27,517,District-Thane,Rural,11,true,marginal_worker_3_to_under_6_months,377,190,187,observed,census_c12_maharashtra,104cc65fb8b4822642cc2a36ca925acf4fce066c875b858877e442a3817b3825,1039,2011,historical_control_not_current_demand
27,517,District-Thane,Rural,11,true,marginal_worker_under_3_months,149,70,79,observed,census_c12_maharashtra,104cc65fb8b4822642cc2a36ca925acf4fce066c875b858877e442a3817b3825,1039,2011,historical_control_not_current_demand
27,517,District-Thane,Rural,11,true,non_worker,48405,25606,22799,observed,census_c12_maharashtra,104cc65fb8b4822642cc2a36ca925acf4fce066c875b858877e442a3817b3825,1039,2011,historical_control_not_current_demand
27,517,District-Thane,Rural,11,false,main_worker,875,457,418,observed,census_c12_maharashtra,104cc65fb8b4822642cc2a36ca925acf4fce066c875b858877e442a3817b3825,1039,2011,historical_control_not_current_demand
27,517,District-Thane,Rural,11,false,marginal_worker_3_to_under_6_months,413,180,233,observed,census_c12_maharashtra,104cc65fb8b4822642cc2a36ca925acf4fce066c875b858877e442a3817b3825,1039,2011,historical_control_not_current_demand
27,517,District-Thane,Rural,11,false,marginal_worker_under_3_months,120,51,69,observed,census_c12_maharashtra,104cc65fb8b4822642cc2a36ca925acf4fce066c875b858877e442a3817b3825,1039,2011,historical_control_not_current_demand
27,517,District-Thane,Rural,11,false,non_worker,5088,2262,2826,observed,census_c12_maharashtra,104cc65fb8b4822642cc2a36ca925acf4fce066c875b858877e442a3817b3825,1039,2011,historical_control_not_current_demand
27,517,District-Thane,Rural,12,true,main_worker,533,272,261,observed,census_c12_maharashtra,104cc65fb8b4822642cc2a36ca925acf4fce066c875b858877e442a3817b3825,1040,2011,historical_control_not_current_demand
27,517,District-Thane,Rural,12,true,marginal_worker_3_to_under_6_months,371,188,183,observed,census_c12_maharashtra,104cc65fb8b4822642cc2a36ca925acf4fce066c875b858877e442a3817b3825,1040,2011,historical_control_not_current_demand
27,517,District-Thane,Rural,12,true,marginal_worker_under_3_months,177,94,83,observed,census_c12_maharashtra,104cc65fb8b4822642cc2a36ca925acf4fce066c875b858877e442a3817b3825,1040,2011,historical_control_not_current_demand
27,517,District-Thane,Rural,12,true,non_worker,44721,23614,21107,observed,census_c12_maharashtra,104cc65fb8b4822642cc2a36ca925acf4fce066c875b858877e442a3817b3825,1040,2011,historical_control_not_current_demand
27,517,District-Thane,Rural,12,false,main_worker,1670,860,810,observed,census_c12_maharashtra,104cc65fb8b4822642cc2a36ca925acf4fce066c875b858877e442a3817b3825,1040,2011,historical_control_not_current_demand
27,517,District-Thane,Rural,12,false,marginal_worker_3_to_under_6_months,774,334,440,observed,census_c12_maharashtra,104cc65fb8b4822642cc2a36ca925acf4fce066c875b858877e442a3817b3825,1040,2011,historical_control_not_current_demand
27,517,District-Thane,Rural,12,false,marginal_worker_under_3_months,244,88,156,observed,census_c12_maharashtra,104cc65fb8b4822642cc2a36ca925acf4fce066c875b858877e442a3817b3825,1040,2011,historical_control_not_current_demand
27,517,District-Thane,Rural,12,false,non_worker,6113,2626,3487,observed,census_c12_maharashtra,104cc65fb8b4822642cc2a36ca925acf4fce066c875b858877e442a3817b3825,1040,2011,historical_control_not_current_demand
27,517,District-Thane,Rural,13,true,main_worker,487,265,222,observed,census_c12_maharashtra,104cc65fb8b4822642cc2a36ca925acf4fce066c875b858877e442a3817b3825,1041,2011,historical_control_not_current_demand
27,517,District-Thane,Rural,13,true,marginal_worker_3_to_under_6_months,413,224,189,observed,census_c12_maharashtra,104cc65fb8b4822642cc2a36ca925acf4fce066c875b858877e442a3817b3825,1041,2011,historical_control_not_current_demand
27,517,District-Thane,Rural,13,true,marginal_worker_under_3_months,190,99,91,observed,census_c12_maharashtra,104cc65fb8b4822642cc2a36ca925acf4fce066c875b858877e442a3817b3825,1041,2011,historical_control_not_current_demand
27,517,District-Thane,Rural,13,true,non_worker,41260,21808,19452,observed,census_c12_maharashtra,104cc65fb8b4822642cc2a36ca925acf4fce066c875b858877e442a3817b3825,1041,2011,historical_control_not_current_demand
27,517,District-Thane,Rural,13,false,main_worker,1791,889,902,observed,census_c12_maharashtra,104cc65fb8b4822642cc2a36ca925acf4fce066c875b858877e442a3817b3825,1041,2011,historical_control_not_current_demand
27,517,District-Thane,Rural,13,false,marginal_worker_3_to_under_6_months,855,351,504,observed,census_c12_maharashtra,104cc65fb8b4822642cc2a36ca925acf4fce066c875b858877e442a3817b3825,1041,2011,historical_control_not_current_demand
27,517,District-Thane,Rural,13,false,marginal_worker_under_3_months,263,115,148,observed,census_c12_maharashtra,104cc65fb8b4822642cc2a36ca925acf4fce066c875b858877e442a3817b3825,1041,2011,historical_control_not_current_demand
27,517,District-Thane,Rural,13,false,non_worker,5366,2228,3138,observed,census_c12_maharashtra,104cc65fb8b4822642cc2a36ca925acf4fce066c875b858877e442a3817b3825,1041,2011,historical_control_not_current_demand
27,517,District-Thane,Rural,14,true,main_worker,528,293,235,observed,census_c12_maharashtra,104cc65fb8b4822642cc2a36ca925acf4fce066c875b858877e442a3817b3825,1042,2011,historical_control_not_current_demand
27,517,District-Thane,Rural,14,true,marginal_worker_3_to_under_6_months,395,205,190,observed,census_c12_maharashtra,104cc65fb8b4822642cc2a36ca925acf4fce066c875b858877e442a3817b3825,1042,2011,historical_control_not_current_demand
27,517,District-Thane,Rural,14,true,marginal_worker_under_3_months,173,87,86,observed,census_c12_maharashtra,104cc65fb8b4822642cc2a36ca925acf4fce066c875b858877e442a3817b3825,1042,2011,historical_control_not_current_demand
27,517,District-Thane,Rural,14,true,non_worker,35400,19132,16268,observed,census_c12_maharashtra,104cc65fb8b4822642cc2a36ca925acf4fce066c875b858877e442a3817b3825,1042,2011,historical_control_not_current_demand
27,517,District-Thane,Rural,14,false,main_worker,2992,1613,1379,observed,census_c12_maharashtra,104cc65fb8b4822642cc2a36ca925acf4fce066c875b858877e442a3817b3825,1042,2011,historical_control_not_current_demand
27,517,District-Thane,Rural,14,false,marginal_worker_3_to_under_6_months,1400,609,791,observed,census_c12_maharashtra,104cc65fb8b4822642cc2a36ca925acf4fce066c875b858877e442a3817b3825,1042,2011,historical_control_not_current_demand
27,517,District-Thane,Rural,14,false,marginal_worker_under_3_months,397,158,239,observed,census_c12_maharashtra,104cc65fb8b4822642cc2a36ca925acf4fce066c875b858877e442a3817b3825,1042,2011,historical_control_not_current_demand
27,517,District-Thane,Rural,14,false,non_worker,5859,2553,3306,observed,census_c12_maharashtra,104cc65fb8b4822642cc2a36ca925acf4fce066c875b858877e442a3817b3825,1042,2011,historical_control_not_current_demand
27,517,District-Thane,Rural,15,true,main_worker,724,438,286,observed,census_c12_maharashtra,104cc65fb8b4822642cc2a36ca925acf4fce066c875b858877e442a3817b3825,1043,2011,historical_control_not_current_demand
27,517,District-Thane,Rural,15,true,marginal_worker_3_to_under_6_months,472,271,201,observed,census_c12_maharashtra,104cc65fb8b4822642cc2a36ca925acf4fce066c875b858877e442a3817b3825,1043,2011,historical_control_not_current_demand
27,517,District-Thane,Rural,15,true,marginal_worker_under_3_months,229,116,113,observed,census_c12_maharashtra,104cc65fb8b4822642cc2a36ca925acf4fce066c875b858877e442a3817b3825,1043,2011,historical_control_not_current_demand
27,517,District-Thane,Rural,15,true,non_worker,32080,17439,14641,observed,census_c12_maharashtra,104cc65fb8b4822642cc2a36ca925acf4fce066c875b858877e442a3817b3825,1043,2011,historical_control_not_current_demand
27,517,District-Thane,Rural,15,false,main_worker,5261,2928,2333,observed,census_c12_maharashtra,104cc65fb8b4822642cc2a36ca925acf4fce066c875b858877e442a3817b3825,1043,2011,historical_control_not_current_demand
27,517,District-Thane,Rural,15,false,marginal_worker_3_to_under_6_months,2371,1168,1203,observed,census_c12_maharashtra,104cc65fb8b4822642cc2a36ca925acf4fce066c875b858877e442a3817b3825,1043,2011,historical_control_not_current_demand
27,517,District-Thane,Rural,15,false,marginal_worker_under_3_months,601,279,322,observed,census_c12_maharashtra,104cc65fb8b4822642cc2a36ca925acf4fce066c875b858877e442a3817b3825,1043,2011,historical_control_not_current_demand
27,517,District-Thane,Rural,15,false,non_worker,6813,2924,3889,observed,census_c12_maharashtra,104cc65fb8b4822642cc2a36ca925acf4fce066c875b858877e442a3817b3825,1043,2011,historical_control_not_current_demand
27,517,District-Thane,Rural,16,true,main_worker,756,472,284,observed,census_c12_maharashtra,104cc65fb8b4822642cc2a36ca925acf4fce066c875b858877e442a3817b3825,1044,2011,historical_control_not_current_demand
27,517,District-Thane,Rural,16,true,marginal_worker_3_to_under_6_months,510,260,250,observed,census_c12_maharashtra,104cc65fb8b4822642cc2a36ca925acf4fce066c875b858877e442a3817b3825,1044,2011,historical_control_not_current_demand
27,517,District-Thane,Rural,16,true,marginal_worker_under_3_months,236,142,94,observed,census_c12_maharashtra,104cc65fb8b4822642cc2a36ca925acf4fce066c875b858877e442a3817b3825,1044,2011,historical_control_not_current_demand
27,517,District-Thane,Rural,16,true,non_worker,27866,15344,12522,observed,census_c12_maharashtra,104cc65fb8b4822642cc2a36ca925acf4fce066c875b858877e442a3817b3825,1044,2011,historical_control_not_current_demand
27,517,District-Thane,Rural,16,false,main_worker,7263,4085,3178,observed,census_c12_maharashtra,104cc65fb8b4822642cc2a36ca925acf4fce066c875b858877e442a3817b3825,1044,2011,historical_control_not_current_demand
27,517,District-Thane,Rural,16,false,marginal_worker_3_to_under_6_months,3313,1639,1674,observed,census_c12_maharashtra,104cc65fb8b4822642cc2a36ca925acf4fce066c875b858877e442a3817b3825,1044,2011,historical_control_not_current_demand
27,517,District-Thane,Rural,16,false,marginal_worker_under_3_months,739,336,403,observed,census_c12_maharashtra,104cc65fb8b4822642cc2a36ca925acf4fce066c875b858877e442a3817b3825,1044,2011,historical_control_not_current_demand
27,517,District-Thane,Rural,16,false,non_worker,7328,2815,4513,observed,census_c12_maharashtra,104cc65fb8b4822642cc2a36ca925acf4fce066c875b858877e442a3817b3825,1044,2011,historical_control_not_current_demand
27,517,District-Thane,Rural,17,true,main_worker,776,486,290,observed,census_c12_maharashtra,104cc65fb8b4822642cc2a36ca925acf4fce066c875b858877e442a3817b3825,1045,2011,historical_control_not_current_demand
27,517,District-Thane,Rural,17,true,marginal_worker_3_to_under_6_months,465,259,206,observed,census_c12_maharashtra,104cc65fb8b4822642cc2a36ca925acf4fce066c875b858877e442a3817b3825,1045,2011,historical_control_not_current_demand
27,517,District-Thane,Rural,17,true,marginal_worker_under_3_months,257,150,107,observed,census_c12_maharashtra,104cc65fb8b4822642cc2a36ca925acf4fce066c875b858877e442a3817b3825,1045,2011,historical_control_not_current_demand
27,517,District-Thane,Rural,17,true,non_worker,22264,12465,9799,observed,census_c12_maharashtra,104cc65fb8b4822642cc2a36ca925acf4fce066c875b858877e442a3817b3825,1045,2011,historical_control_not_current_demand
27,517,District-Thane,Rural,17,false,main_worker,8484,5152,3332,observed,census_c12_maharashtra,104cc65fb8b4822642cc2a36ca925acf4fce066c875b858877e442a3817b3825,1045,2011,historical_control_not_current_demand
27,517,District-Thane,Rural,17,false,marginal_worker_3_to_under_6_months,3454,1752,1702,observed,census_c12_maharashtra,104cc65fb8b4822642cc2a36ca925acf4fce066c875b858877e442a3817b3825,1045,2011,historical_control_not_current_demand
27,517,District-Thane,Rural,17,false,marginal_worker_under_3_months,781,384,397,observed,census_c12_maharashtra,104cc65fb8b4822642cc2a36ca925acf4fce066c875b858877e442a3817b3825,1045,2011,historical_control_not_current_demand
27,517,District-Thane,Rural,17,false,non_worker,7205,2575,4630,observed,census_c12_maharashtra,104cc65fb8b4822642cc2a36ca925acf4fce066c875b858877e442a3817b3825,1045,2011,historical_control_not_current_demand
27,517,District-Thane,Rural,18,true,main_worker,1050,672,378,observed,census_c12_maharashtra,104cc65fb8b4822642cc2a36ca925acf4fce066c875b858877e442a3817b3825,1046,2011,historical_control_not_current_demand
27,517,District-Thane,Rural,18,true,marginal_worker_3_to_under_6_months,630,347,283,observed,census_c12_maharashtra,104cc65fb8b4822642cc2a36ca925acf4fce066c875b858877e442a3817b3825,1046,2011,historical_control_not_current_demand
27,517,District-Thane,Rural,18,true,marginal_worker_under_3_months,254,145,109,observed,census_c12_maharashtra,104cc65fb8b4822642cc2a36ca925acf4fce066c875b858877e442a3817b3825,1046,2011,historical_control_not_current_demand
27,517,District-Thane,Rural,18,true,non_worker,19208,11144,8064,observed,census_c12_maharashtra,104cc65fb8b4822642cc2a36ca925acf4fce066c875b858877e442a3817b3825,1046,2011,historical_control_not_current_demand
27,517,District-Thane,Rural,18,false,main_worker,15360,9421,5939,observed,census_c12_maharashtra,104cc65fb8b4822642cc2a36ca925acf4fce066c875b858877e442a3817b3825,1046,2011,historical_control_not_current_demand
27,517,District-Thane,Rural,18,false,marginal_worker_3_to_under_6_months,5739,2773,2966,observed,census_c12_maharashtra,104cc65fb8b4822642cc2a36ca925acf4fce066c875b858877e442a3817b3825,1046,2011,historical_control_not_current_demand
27,517,District-Thane,Rural,18,false,marginal_worker_under_3_months,1190,536,654,observed,census_c12_maharashtra,104cc65fb8b4822642cc2a36ca925acf4fce066c875b858877e442a3817b3825,1046,2011,historical_control_not_current_demand
27,517,District-Thane,Rural,18,false,non_worker,10500,3194,7306,observed,census_c12_maharashtra,104cc65fb8b4822642cc2a36ca925acf4fce066c875b858877e442a3817b3825,1046,2011,historical_control_not_current_demand
27,517,District-Thane,Rural,19,true,main_worker,870,530,340,observed,census_c12_maharashtra,104cc65fb8b4822642cc2a36ca925acf4fce066c875b858877e442a3817b3825,1047,2011,historical_control_not_current_demand
27,517,District-Thane,Rural,19,true,marginal_worker_3_to_under_6_months,517,301,216,observed,census_c12_maharashtra,104cc65fb8b4822642cc2a36ca925acf4fce066c875b858877e442a3817b3825,1047,2011,historical_control_not_current_demand
27,517,District-Thane,Rural,19,true,marginal_worker_under_3_months,214,140,74,observed,census_c12_maharashtra,104cc65fb8b4822642cc2a36ca925acf4fce066c875b858877e442a3817b3825,1047,2011,historical_control_not_current_demand
27,517,District-Thane,Rural,19,true,non_worker,13449,7983,5466,observed,census_c12_maharashtra,104cc65fb8b4822642cc2a36ca925acf4fce066c875b858877e442a3817b3825,1047,2011,historical_control_not_current_demand
27,517,District-Thane,Rural,19,false,main_worker,13462,8262,5200,observed,census_c12_maharashtra,104cc65fb8b4822642cc2a36ca925acf4fce066c875b858877e442a3817b3825,1047,2011,historical_control_not_current_demand
27,517,District-Thane,Rural,19,false,marginal_worker_3_to_under_6_months,4894,2320,2574,observed,census_c12_maharashtra,104cc65fb8b4822642cc2a36ca925acf4fce066c875b858877e442a3817b3825,1047,2011,historical_control_not_current_demand
27,517,District-Thane,Rural,19,false,marginal_worker_under_3_months,1027,457,570,observed,census_c12_maharashtra,104cc65fb8b4822642cc2a36ca925acf4fce066c875b858877e442a3817b3825,1047,2011,historical_control_not_current_demand
27,517,District-Thane,Rural,19,false,non_worker,9676,2544,7132,observed,census_c12_maharashtra,104cc65fb8b4822642cc2a36ca925acf4fce066c875b858877e442a3817b3825,1047,2011,historical_control_not_current_demand
27,517,District-Thane,Urban,5-19,true,main_worker,27413,17352,10061,observed,census_c12_maharashtra,104cc65fb8b4822642cc2a36ca925acf4fce066c875b858877e442a3817b3825,1048,2011,historical_control_not_current_demand
27,517,District-Thane,Urban,5-19,true,marginal_worker_3_to_under_6_months,23577,12714,10863,observed,census_c12_maharashtra,104cc65fb8b4822642cc2a36ca925acf4fce066c875b858877e442a3817b3825,1048,2011,historical_control_not_current_demand
27,517,District-Thane,Urban,5-19,true,marginal_worker_under_3_months,1409,785,624,observed,census_c12_maharashtra,104cc65fb8b4822642cc2a36ca925acf4fce066c875b858877e442a3817b3825,1048,2011,historical_control_not_current_demand
27,517,District-Thane,Urban,5-19,true,non_worker,1609948,855074,754874,observed,census_c12_maharashtra,104cc65fb8b4822642cc2a36ca925acf4fce066c875b858877e442a3817b3825,1048,2011,historical_control_not_current_demand
27,517,District-Thane,Urban,5-19,false,main_worker,111966,90674,21292,observed,census_c12_maharashtra,104cc65fb8b4822642cc2a36ca925acf4fce066c875b858877e442a3817b3825,1048,2011,historical_control_not_current_demand
27,517,District-Thane,Urban,5-19,false,marginal_worker_3_to_under_6_months,15501,10016,5485,observed,census_c12_maharashtra,104cc65fb8b4822642cc2a36ca925acf4fce066c875b858877e442a3817b3825,1048,2011,historical_control_not_current_demand
27,517,District-Thane,Urban,5-19,false,marginal_worker_under_3_months,2898,1999,899,observed,census_c12_maharashtra,104cc65fb8b4822642cc2a36ca925acf4fce066c875b858877e442a3817b3825,1048,2011,historical_control_not_current_demand
27,517,District-Thane,Urban,5-19,false,non_worker,378734,174575,204159,observed,census_c12_maharashtra,104cc65fb8b4822642cc2a36ca925acf4fce066c875b858877e442a3817b3825,1048,2011,historical_control_not_current_demand
27,517,District-Thane,Urban,5,true,main_worker,654,382,272,observed,census_c12_maharashtra,104cc65fb8b4822642cc2a36ca925acf4fce066c875b858877e442a3817b3825,1049,2011,historical_control_not_current_demand
27,517,District-Thane,Urban,5,true,marginal_worker_3_to_under_6_months,762,417,345,observed,census_c12_maharashtra,104cc65fb8b4822642cc2a36ca925acf4fce066c875b858877e442a3817b3825,1049,2011,historical_control_not_current_demand
27,517,District-Thane,Urban,5,true,marginal_worker_under_3_months,20,9,11,observed,census_c12_maharashtra,104cc65fb8b4822642cc2a36ca925acf4fce066c875b858877e442a3817b3825,1049,2011,historical_control_not_current_demand
27,517,District-Thane,Urban,5,true,non_worker,50372,26627,23745,observed,census_c12_maharashtra,104cc65fb8b4822642cc2a36ca925acf4fce066c875b858877e442a3817b3825,1049,2011,historical_control_not_current_demand
27,517,District-Thane,Urban,5,false,main_worker,1410,851,559,observed,census_c12_maharashtra,104cc65fb8b4822642cc2a36ca925acf4fce066c875b858877e442a3817b3825,1049,2011,historical_control_not_current_demand
27,517,District-Thane,Urban,5,false,marginal_worker_3_to_under_6_months,787,407,380,observed,census_c12_maharashtra,104cc65fb8b4822642cc2a36ca925acf4fce066c875b858877e442a3817b3825,1049,2011,historical_control_not_current_demand
27,517,District-Thane,Urban,5,false,marginal_worker_under_3_months,38,26,12,observed,census_c12_maharashtra,104cc65fb8b4822642cc2a36ca925acf4fce066c875b858877e442a3817b3825,1049,2011,historical_control_not_current_demand
27,517,District-Thane,Urban,5,false,non_worker,94367,49547,44820,observed,census_c12_maharashtra,104cc65fb8b4822642cc2a36ca925acf4fce066c875b858877e442a3817b3825,1049,2011,historical_control_not_current_demand
27,517,District-Thane,Urban,6,true,main_worker,781,445,336,observed,census_c12_maharashtra,104cc65fb8b4822642cc2a36ca925acf4fce066c875b858877e442a3817b3825,1050,2011,historical_control_not_current_demand
27,517,District-Thane,Urban,6,true,marginal_worker_3_to_under_6_months,1007,521,486,observed,census_c12_maharashtra,104cc65fb8b4822642cc2a36ca925acf4fce066c875b858877e442a3817b3825,1050,2011,historical_control_not_current_demand
27,517,District-Thane,Urban,6,true,marginal_worker_under_3_months,29,12,17,observed,census_c12_maharashtra,104cc65fb8b4822642cc2a36ca925acf4fce066c875b858877e442a3817b3825,1050,2011,historical_control_not_current_demand
27,517,District-Thane,Urban,6,true,non_worker,71586,37674,33912,observed,census_c12_maharashtra,104cc65fb8b4822642cc2a36ca925acf4fce066c875b858877e442a3817b3825,1050,2011,historical_control_not_current_demand
27,517,District-Thane,Urban,6,false,main_worker,956,572,384,observed,census_c12_maharashtra,104cc65fb8b4822642cc2a36ca925acf4fce066c875b858877e442a3817b3825,1050,2011,historical_control_not_current_demand
27,517,District-Thane,Urban,6,false,marginal_worker_3_to_under_6_months,654,332,322,observed,census_c12_maharashtra,104cc65fb8b4822642cc2a36ca925acf4fce066c875b858877e442a3817b3825,1050,2011,historical_control_not_current_demand
27,517,District-Thane,Urban,6,false,marginal_worker_under_3_months,33,19,14,observed,census_c12_maharashtra,104cc65fb8b4822642cc2a36ca925acf4fce066c875b858877e442a3817b3825,1050,2011,historical_control_not_current_demand
27,517,District-Thane,Urban,6,false,non_worker,68556,36229,32327,observed,census_c12_maharashtra,104cc65fb8b4822642cc2a36ca925acf4fce066c875b858877e442a3817b3825,1050,2011,historical_control_not_current_demand
27,517,District-Thane,Urban,7,true,main_worker,1137,648,489,observed,census_c12_maharashtra,104cc65fb8b4822642cc2a36ca925acf4fce066c875b858877e442a3817b3825,1051,2011,historical_control_not_current_demand
27,517,District-Thane,Urban,7,true,marginal_worker_3_to_under_6_months,1447,778,669,observed,census_c12_maharashtra,104cc65fb8b4822642cc2a36ca925acf4fce066c875b858877e442a3817b3825,1051,2011,historical_control_not_current_demand
27,517,District-Thane,Urban,7,true,marginal_worker_under_3_months,60,29,31,observed,census_c12_maharashtra,104cc65fb8b4822642cc2a36ca925acf4fce066c875b858877e442a3817b3825,1051,2011,historical_control_not_current_demand
27,517,District-Thane,Urban,7,true,non_worker,120792,63626,57166,observed,census_c12_maharashtra,104cc65fb8b4822642cc2a36ca925acf4fce066c875b858877e442a3817b3825,1051,2011,historical_control_not_current_demand
27,517,District-Thane,Urban,7,false,main_worker,741,488,253,observed,census_c12_maharashtra,104cc65fb8b4822642cc2a36ca925acf4fce066c875b858877e442a3817b3825,1051,2011,historical_control_not_current_demand
27,517,District-Thane,Urban,7,false,marginal_worker_3_to_under_6_months,254,137,117,observed,census_c12_maharashtra,104cc65fb8b4822642cc2a36ca925acf4fce066c875b858877e442a3817b3825,1051,2011,historical_control_not_current_demand
27,517,District-Thane,Urban,7,false,marginal_worker_under_3_months,17,10,7,observed,census_c12_maharashtra,104cc65fb8b4822642cc2a36ca925acf4fce066c875b858877e442a3817b3825,1051,2011,historical_control_not_current_demand
27,517,District-Thane,Urban,7,false,non_worker,22863,11819,11044,observed,census_c12_maharashtra,104cc65fb8b4822642cc2a36ca925acf4fce066c875b858877e442a3817b3825,1051,2011,historical_control_not_current_demand
27,517,District-Thane,Urban,8,true,main_worker,1106,619,487,observed,census_c12_maharashtra,104cc65fb8b4822642cc2a36ca925acf4fce066c875b858877e442a3817b3825,1052,2011,historical_control_not_current_demand
27,517,District-Thane,Urban,8,true,marginal_worker_3_to_under_6_months,1527,793,734,observed,census_c12_maharashtra,104cc65fb8b4822642cc2a36ca925acf4fce066c875b858877e442a3817b3825,1052,2011,historical_control_not_current_demand
27,517,District-Thane,Urban,8,true,marginal_worker_under_3_months,53,26,27,observed,census_c12_maharashtra,104cc65fb8b4822642cc2a36ca925acf4fce066c875b858877e442a3817b3825,1052,2011,historical_control_not_current_demand
27,517,District-Thane,Urban,8,true,non_worker,120168,63550,56618,observed,census_c12_maharashtra,104cc65fb8b4822642cc2a36ca925acf4fce066c875b858877e442a3817b3825,1052,2011,historical_control_not_current_demand
27,517,District-Thane,Urban,8,false,main_worker,569,375,194,observed,census_c12_maharashtra,104cc65fb8b4822642cc2a36ca925acf4fce066c875b858877e442a3817b3825,1052,2011,historical_control_not_current_demand
27,517,District-Thane,Urban,8,false,marginal_worker_3_to_under_6_months,192,107,85,observed,census_c12_maharashtra,104cc65fb8b4822642cc2a36ca925acf4fce066c875b858877e442a3817b3825,1052,2011,historical_control_not_current_demand
27,517,District-Thane,Urban,8,false,marginal_worker_under_3_months,20,10,10,observed,census_c12_maharashtra,104cc65fb8b4822642cc2a36ca925acf4fce066c875b858877e442a3817b3825,1052,2011,historical_control_not_current_demand
27,517,District-Thane,Urban,8,false,non_worker,11147,5621,5526,observed,census_c12_maharashtra,104cc65fb8b4822642cc2a36ca925acf4fce066c875b858877e442a3817b3825,1052,2011,historical_control_not_current_demand
27,517,District-Thane,Urban,9,true,main_worker,1111,646,465,observed,census_c12_maharashtra,104cc65fb8b4822642cc2a36ca925acf4fce066c875b858877e442a3817b3825,1053,2011,historical_control_not_current_demand
27,517,District-Thane,Urban,9,true,marginal_worker_3_to_under_6_months,1588,847,741,observed,census_c12_maharashtra,104cc65fb8b4822642cc2a36ca925acf4fce066c875b858877e442a3817b3825,1053,2011,historical_control_not_current_demand
27,517,District-Thane,Urban,9,true,marginal_worker_under_3_months,59,33,26,observed,census_c12_maharashtra,104cc65fb8b4822642cc2a36ca925acf4fce066c875b858877e442a3817b3825,1053,2011,historical_control_not_current_demand
27,517,District-Thane,Urban,9,true,non_worker,121349,64127,57222,observed,census_c12_maharashtra,104cc65fb8b4822642cc2a36ca925acf4fce066c875b858877e442a3817b3825,1053,2011,historical_control_not_current_demand
27,517,District-Thane,Urban,9,false,main_worker,553,351,202,observed,census_c12_maharashtra,104cc65fb8b4822642cc2a36ca925acf4fce066c875b858877e442a3817b3825,1053,2011,historical_control_not_current_demand
27,517,District-Thane,Urban,9,false,marginal_worker_3_to_under_6_months,186,93,93,observed,census_c12_maharashtra,104cc65fb8b4822642cc2a36ca925acf4fce066c875b858877e442a3817b3825,1053,2011,historical_control_not_current_demand
27,517,District-Thane,Urban,9,false,marginal_worker_under_3_months,13,9,4,observed,census_c12_maharashtra,104cc65fb8b4822642cc2a36ca925acf4fce066c875b858877e442a3817b3825,1053,2011,historical_control_not_current_demand
27,517,District-Thane,Urban,9,false,non_worker,10148,5202,4946,observed,census_c12_maharashtra,104cc65fb8b4822642cc2a36ca925acf4fce066c875b858877e442a3817b3825,1053,2011,historical_control_not_current_demand
27,517,District-Thane,Urban,10,true,main_worker,1384,761,623,observed,census_c12_maharashtra,104cc65fb8b4822642cc2a36ca925acf4fce066c875b858877e442a3817b3825,1054,2011,historical_control_not_current_demand
27,517,District-Thane,Urban,10,true,marginal_worker_3_to_under_6_months,1751,931,820,observed,census_c12_maharashtra,104cc65fb8b4822642cc2a36ca925acf4fce066c875b858877e442a3817b3825,1054,2011,historical_control_not_current_demand
27,517,District-Thane,Urban,10,true,marginal_worker_under_3_months,61,34,27,observed,census_c12_maharashtra,104cc65fb8b4822642cc2a36ca925acf4fce066c875b858877e442a3817b3825,1054,2011,historical_control_not_current_demand
27,517,District-Thane,Urban,10,true,non_worker,142645,75790,66855,observed,census_c12_maharashtra,104cc65fb8b4822642cc2a36ca925acf4fce066c875b858877e442a3817b3825,1054,2011,historical_control_not_current_demand
27,517,District-Thane,Urban,10,false,main_worker,732,477,255,observed,census_c12_maharashtra,104cc65fb8b4822642cc2a36ca925acf4fce066c875b858877e442a3817b3825,1054,2011,historical_control_not_current_demand
27,517,District-Thane,Urban,10,false,marginal_worker_3_to_under_6_months,234,125,109,observed,census_c12_maharashtra,104cc65fb8b4822642cc2a36ca925acf4fce066c875b858877e442a3817b3825,1054,2011,historical_control_not_current_demand
27,517,District-Thane,Urban,10,false,marginal_worker_under_3_months,22,12,10,observed,census_c12_maharashtra,104cc65fb8b4822642cc2a36ca925acf4fce066c875b858877e442a3817b3825,1054,2011,historical_control_not_current_demand
27,517,District-Thane,Urban,10,false,non_worker,13462,6805,6657,observed,census_c12_maharashtra,104cc65fb8b4822642cc2a36ca925acf4fce066c875b858877e442a3817b3825,1054,2011,historical_control_not_current_demand
27,517,District-Thane,Urban,11,true,main_worker,1480,882,598,observed,census_c12_maharashtra,104cc65fb8b4822642cc2a36ca925acf4fce066c875b858877e442a3817b3825,1055,2011,historical_control_not_current_demand
27,517,District-Thane,Urban,11,true,marginal_worker_3_to_under_6_months,1703,901,802,observed,census_c12_maharashtra,104cc65fb8b4822642cc2a36ca925acf4fce066c875b858877e442a3817b3825,1055,2011,historical_control_not_current_demand
27,517,District-Thane,Urban,11,true,marginal_worker_under_3_months,93,43,50,observed,census_c12_maharashtra,104cc65fb8b4822642cc2a36ca925acf4fce066c875b858877e442a3817b3825,1055,2011,historical_control_not_current_demand
27,517,District-Thane,Urban,11,true,non_worker,131137,69142,61995,observed,census_c12_maharashtra,104cc65fb8b4822642cc2a36ca925acf4fce066c875b858877e442a3817b3825,1055,2011,historical_control_not_current_demand
27,517,District-Thane,Urban,11,false,main_worker,1905,1427,478,observed,census_c12_maharashtra,104cc65fb8b4822642cc2a36ca925acf4fce066c875b858877e442a3817b3825,1055,2011,historical_control_not_current_demand
27,517,District-Thane,Urban,11,false,marginal_worker_3_to_under_6_months,308,157,151,observed,census_c12_maharashtra,104cc65fb8b4822642cc2a36ca925acf4fce066c875b858877e442a3817b3825,1055,2011,historical_control_not_current_demand
27,517,District-Thane,Urban,11,false,marginal_worker_under_3_months,32,23,9,observed,census_c12_maharashtra,104cc65fb8b4822642cc2a36ca925acf4fce066c875b858877e442a3817b3825,1055,2011,historical_control_not_current_demand
27,517,District-Thane,Urban,11,false,non_worker,10421,5007,5414,observed,census_c12_maharashtra,104cc65fb8b4822642cc2a36ca925acf4fce066c875b858877e442a3817b3825,1055,2011,historical_control_not_current_demand
27,517,District-Thane,Urban,12,true,main_worker,1439,842,597,observed,census_c12_maharashtra,104cc65fb8b4822642cc2a36ca925acf4fce066c875b858877e442a3817b3825,1056,2011,historical_control_not_current_demand
27,517,District-Thane,Urban,12,true,marginal_worker_3_to_under_6_months,1627,866,761,observed,census_c12_maharashtra,104cc65fb8b4822642cc2a36ca925acf4fce066c875b858877e442a3817b3825,1056,2011,historical_control_not_current_demand
27,517,District-Thane,Urban,12,true,marginal_worker_under_3_months,101,53,48,observed,census_c12_maharashtra,104cc65fb8b4822642cc2a36ca925acf4fce066c875b858877e442a3817b3825,1056,2011,historical_control_not_current_demand
27,517,District-Thane,Urban,12,true,non_worker,125108,66334,58774,observed,census_c12_maharashtra,104cc65fb8b4822642cc2a36ca925acf4fce066c875b858877e442a3817b3825,1056,2011,historical_control_not_current_demand
27,517,District-Thane,Urban,12,false,main_worker,2607,1967,640,observed,census_c12_maharashtra,104cc65fb8b4822642cc2a36ca925acf4fce066c875b858877e442a3817b3825,1056,2011,historical_control_not_current_demand
27,517,District-Thane,Urban,12,false,marginal_worker_3_to_under_6_months,414,250,164,observed,census_c12_maharashtra,104cc65fb8b4822642cc2a36ca925acf4fce066c875b858877e442a3817b3825,1056,2011,historical_control_not_current_demand
27,517,District-Thane,Urban,12,false,marginal_worker_under_3_months,79,52,27,observed,census_c12_maharashtra,104cc65fb8b4822642cc2a36ca925acf4fce066c875b858877e442a3817b3825,1056,2011,historical_control_not_current_demand
27,517,District-Thane,Urban,12,false,non_worker,10263,4797,5466,observed,census_c12_maharashtra,104cc65fb8b4822642cc2a36ca925acf4fce066c875b858877e442a3817b3825,1056,2011,historical_control_not_current_demand
27,517,District-Thane,Urban,13,true,main_worker,1341,796,545,observed,census_c12_maharashtra,104cc65fb8b4822642cc2a36ca925acf4fce066c875b858877e442a3817b3825,1057,2011,historical_control_not_current_demand
27,517,District-Thane,Urban,13,true,marginal_worker_3_to_under_6_months,1590,855,735,observed,census_c12_maharashtra,104cc65fb8b4822642cc2a36ca925acf4fce066c875b858877e442a3817b3825,1057,2011,historical_control_not_current_demand
27,517,District-Thane,Urban,13,true,marginal_worker_under_3_months,82,43,39,observed,census_c12_maharashtra,104cc65fb8b4822642cc2a36ca925acf4fce066c875b858877e442a3817b3825,1057,2011,historical_control_not_current_demand
27,517,District-Thane,Urban,13,true,non_worker,120798,63714,57084,observed,census_c12_maharashtra,104cc65fb8b4822642cc2a36ca925acf4fce066c875b858877e442a3817b3825,1057,2011,historical_control_not_current_demand
27,517,District-Thane,Urban,13,false,main_worker,2638,2004,634,observed,census_c12_maharashtra,104cc65fb8b4822642cc2a36ca925acf4fce066c875b858877e442a3817b3825,1057,2011,historical_control_not_current_demand
27,517,District-Thane,Urban,13,false,marginal_worker_3_to_under_6_months,410,228,182,observed,census_c12_maharashtra,104cc65fb8b4822642cc2a36ca925acf4fce066c875b858877e442a3817b3825,1057,2011,historical_control_not_current_demand
27,517,District-Thane,Urban,13,false,marginal_worker_under_3_months,83,59,24,observed,census_c12_maharashtra,104cc65fb8b4822642cc2a36ca925acf4fce066c875b858877e442a3817b3825,1057,2011,historical_control_not_current_demand
27,517,District-Thane,Urban,13,false,non_worker,9482,4276,5206,observed,census_c12_maharashtra,104cc65fb8b4822642cc2a36ca925acf4fce066c875b858877e442a3817b3825,1057,2011,historical_control_not_current_demand
27,517,District-Thane,Urban,14,true,main_worker,1530,894,636,observed,census_c12_maharashtra,104cc65fb8b4822642cc2a36ca925acf4fce066c875b858877e442a3817b3825,1058,2011,historical_control_not_current_demand
27,517,District-Thane,Urban,14,true,marginal_worker_3_to_under_6_months,1601,838,763,observed,census_c12_maharashtra,104cc65fb8b4822642cc2a36ca925acf4fce066c875b858877e442a3817b3825,1058,2011,historical_control_not_current_demand
27,517,District-Thane,Urban,14,true,marginal_worker_under_3_months,95,47,48,observed,census_c12_maharashtra,104cc65fb8b4822642cc2a36ca925acf4fce066c875b858877e442a3817b3825,1058,2011,historical_control_not_current_demand
27,517,District-Thane,Urban,14,true,non_worker,118413,62914,55499,observed,census_c12_maharashtra,104cc65fb8b4822642cc2a36ca925acf4fce066c875b858877e442a3817b3825,1058,2011,historical_control_not_current_demand
27,517,District-Thane,Urban,14,false,main_worker,4019,3106,913,observed,census_c12_maharashtra,104cc65fb8b4822642cc2a36ca925acf4fce066c875b858877e442a3817b3825,1058,2011,historical_control_not_current_demand
27,517,District-Thane,Urban,14,false,marginal_worker_3_to_under_6_months,636,411,225,observed,census_c12_maharashtra,104cc65fb8b4822642cc2a36ca925acf4fce066c875b858877e442a3817b3825,1058,2011,historical_control_not_current_demand
27,517,District-Thane,Urban,14,false,marginal_worker_under_3_months,122,73,49,observed,census_c12_maharashtra,104cc65fb8b4822642cc2a36ca925acf4fce066c875b858877e442a3817b3825,1058,2011,historical_control_not_current_demand
27,517,District-Thane,Urban,14,false,non_worker,11542,5103,6439,observed,census_c12_maharashtra,104cc65fb8b4822642cc2a36ca925acf4fce066c875b858877e442a3817b3825,1058,2011,historical_control_not_current_demand
27,517,District-Thane,Urban,15,true,main_worker,2192,1309,883,observed,census_c12_maharashtra,104cc65fb8b4822642cc2a36ca925acf4fce066c875b858877e442a3817b3825,1059,2011,historical_control_not_current_demand
27,517,District-Thane,Urban,15,true,marginal_worker_3_to_under_6_months,1652,866,786,observed,census_c12_maharashtra,104cc65fb8b4822642cc2a36ca925acf4fce066c875b858877e442a3817b3825,1059,2011,historical_control_not_current_demand
27,517,District-Thane,Urban,15,true,marginal_worker_under_3_months,106,58,48,observed,census_c12_maharashtra,104cc65fb8b4822642cc2a36ca925acf4fce066c875b858877e442a3817b3825,1059,2011,historical_control_not_current_demand
27,517,District-Thane,Urban,15,true,non_worker,114748,61017,53731,observed,census_c12_maharashtra,104cc65fb8b4822642cc2a36ca925acf4fce066c875b858877e442a3817b3825,1059,2011,historical_control_not_current_demand
27,517,District-Thane,Urban,15,false,main_worker,7301,5730,1571,observed,census_c12_maharashtra,104cc65fb8b4822642cc2a36ca925acf4fce066c875b858877e442a3817b3825,1059,2011,historical_control_not_current_demand
27,517,District-Thane,Urban,15,false,marginal_worker_3_to_under_6_months,1108,693,415,observed,census_c12_maharashtra,104cc65fb8b4822642cc2a36ca925acf4fce066c875b858877e442a3817b3825,1059,2011,historical_control_not_current_demand
27,517,District-Thane,Urban,15,false,marginal_worker_under_3_months,231,150,81,observed,census_c12_maharashtra,104cc65fb8b4822642cc2a36ca925acf4fce066c875b858877e442a3817b3825,1059,2011,historical_control_not_current_demand
27,517,District-Thane,Urban,15,false,non_worker,14595,6185,8410,observed,census_c12_maharashtra,104cc65fb8b4822642cc2a36ca925acf4fce066c875b858877e442a3817b3825,1059,2011,historical_control_not_current_demand
27,517,District-Thane,Urban,16,true,main_worker,2329,1476,853,observed,census_c12_maharashtra,104cc65fb8b4822642cc2a36ca925acf4fce066c875b858877e442a3817b3825,1060,2011,historical_control_not_current_demand
27,517,District-Thane,Urban,16,true,marginal_worker_3_to_under_6_months,1654,878,776,observed,census_c12_maharashtra,104cc65fb8b4822642cc2a36ca925acf4fce066c875b858877e442a3817b3825,1060,2011,historical_control_not_current_demand
27,517,District-Thane,Urban,16,true,marginal_worker_under_3_months,122,79,43,observed,census_c12_maharashtra,104cc65fb8b4822642cc2a36ca925acf4fce066c875b858877e442a3817b3825,1060,2011,historical_control_not_current_demand
27,517,District-Thane,Urban,16,true,non_worker,103941,55588,48353,observed,census_c12_maharashtra,104cc65fb8b4822642cc2a36ca925acf4fce066c875b858877e442a3817b3825,1060,2011,historical_control_not_current_demand
27,517,District-Thane,Urban,16,false,main_worker,9729,7650,2079,observed,census_c12_maharashtra,104cc65fb8b4822642cc2a36ca925acf4fce066c875b858877e442a3817b3825,1060,2011,historical_control_not_current_demand
27,517,District-Thane,Urban,16,false,marginal_worker_3_to_under_6_months,1417,887,530,observed,census_c12_maharashtra,104cc65fb8b4822642cc2a36ca925acf4fce066c875b858877e442a3817b3825,1060,2011,historical_control_not_current_demand
27,517,District-Thane,Urban,16,false,marginal_worker_under_3_months,300,204,96,observed,census_c12_maharashtra,104cc65fb8b4822642cc2a36ca925acf4fce066c875b858877e442a3817b3825,1060,2011,historical_control_not_current_demand
27,517,District-Thane,Urban,16,false,non_worker,16908,6817,10091,observed,census_c12_maharashtra,104cc65fb8b4822642cc2a36ca925acf4fce066c875b858877e442a3817b3825,1060,2011,historical_control_not_current_demand
27,517,District-Thane,Urban,17,true,main_worker,2700,1804,896,observed,census_c12_maharashtra,104cc65fb8b4822642cc2a36ca925acf4fce066c875b858877e442a3817b3825,1061,2011,historical_control_not_current_demand
27,517,District-Thane,Urban,17,true,marginal_worker_3_to_under_6_months,1774,997,777,observed,census_c12_maharashtra,104cc65fb8b4822642cc2a36ca925acf4fce066c875b858877e442a3817b3825,1061,2011,historical_control_not_current_demand
27,517,District-Thane,Urban,17,true,marginal_worker_under_3_months,143,84,59,observed,census_c12_maharashtra,104cc65fb8b4822642cc2a36ca925acf4fce066c875b858877e442a3817b3825,1061,2011,historical_control_not_current_demand
27,517,District-Thane,Urban,17,true,non_worker,95033,50945,44088,observed,census_c12_maharashtra,104cc65fb8b4822642cc2a36ca925acf4fce066c875b858877e442a3817b3825,1061,2011,historical_control_not_current_demand
27,517,District-Thane,Urban,17,false,main_worker,15468,12650,2818,observed,census_c12_maharashtra,104cc65fb8b4822642cc2a36ca925acf4fce066c875b858877e442a3817b3825,1061,2011,historical_control_not_current_demand
27,517,District-Thane,Urban,17,false,marginal_worker_3_to_under_6_months,1970,1326,644,observed,census_c12_maharashtra,104cc65fb8b4822642cc2a36ca925acf4fce066c875b858877e442a3817b3825,1061,2011,historical_control_not_current_demand
27,517,District-Thane,Urban,17,false,marginal_worker_under_3_months,390,263,127,observed,census_c12_maharashtra,104cc65fb8b4822642cc2a36ca925acf4fce066c875b858877e442a3817b3825,1061,2011,historical_control_not_current_demand
27,517,District-Thane,Urban,17,false,non_worker,20420,7628,12792,observed,census_c12_maharashtra,104cc65fb8b4822642cc2a36ca925acf4fce066c875b858877e442a3817b3825,1061,2011,historical_control_not_current_demand
27,517,District-Thane,Urban,18,true,main_worker,3997,2846,1151,observed,census_c12_maharashtra,104cc65fb8b4822642cc2a36ca925acf4fce066c875b858877e442a3817b3825,1062,2011,historical_control_not_current_demand
27,517,District-Thane,Urban,18,true,marginal_worker_3_to_under_6_months,1963,1137,826,observed,census_c12_maharashtra,104cc65fb8b4822642cc2a36ca925acf4fce066c875b858877e442a3817b3825,1062,2011,historical_control_not_current_demand
27,517,District-Thane,Urban,18,true,marginal_worker_under_3_months,196,117,79,observed,census_c12_maharashtra,104cc65fb8b4822642cc2a36ca925acf4fce066c875b858877e442a3817b3825,1062,2011,historical_control_not_current_demand
27,517,District-Thane,Urban,18,true,non_worker,94554,51186,43368,observed,census_c12_maharashtra,104cc65fb8b4822642cc2a36ca925acf4fce066c875b858877e442a3817b3825,1062,2011,historical_control_not_current_demand
27,517,District-Thane,Urban,18,false,main_worker,31790,26715,5075,observed,census_c12_maharashtra,104cc65fb8b4822642cc2a36ca925acf4fce066c875b858877e442a3817b3825,1062,2011,historical_control_not_current_demand
27,517,District-Thane,Urban,18,false,marginal_worker_3_to_under_6_months,3440,2462,978,observed,census_c12_maharashtra,104cc65fb8b4822642cc2a36ca925acf4fce066c875b858877e442a3817b3825,1062,2011,historical_control_not_current_demand
27,517,District-Thane,Urban,18,false,marginal_worker_under_3_months,812,577,235,observed,census_c12_maharashtra,104cc65fb8b4822642cc2a36ca925acf4fce066c875b858877e442a3817b3825,1062,2011,historical_control_not_current_demand
27,517,District-Thane,Urban,18,false,non_worker,31614,10360,21254,observed,census_c12_maharashtra,104cc65fb8b4822642cc2a36ca925acf4fce066c875b858877e442a3817b3825,1062,2011,historical_control_not_current_demand
27,517,District-Thane,Urban,19,true,main_worker,4232,3002,1230,observed,census_c12_maharashtra,104cc65fb8b4822642cc2a36ca925acf4fce066c875b858877e442a3817b3825,1063,2011,historical_control_not_current_demand
27,517,District-Thane,Urban,19,true,marginal_worker_3_to_under_6_months,1931,1089,842,observed,census_c12_maharashtra,104cc65fb8b4822642cc2a36ca925acf4fce066c875b858877e442a3817b3825,1063,2011,historical_control_not_current_demand
27,517,District-Thane,Urban,19,true,marginal_worker_under_3_months,189,118,71,observed,census_c12_maharashtra,104cc65fb8b4822642cc2a36ca925acf4fce066c875b858877e442a3817b3825,1063,2011,historical_control_not_current_demand
27,517,District-Thane,Urban,19,true,non_worker,79304,42840,36464,observed,census_c12_maharashtra,104cc65fb8b4822642cc2a36ca925acf4fce066c875b858877e442a3817b3825,1063,2011,historical_control_not_current_demand
27,517,District-Thane,Urban,19,false,main_worker,31548,26311,5237,observed,census_c12_maharashtra,104cc65fb8b4822642cc2a36ca925acf4fce066c875b858877e442a3817b3825,1063,2011,historical_control_not_current_demand
27,517,District-Thane,Urban,19,false,marginal_worker_3_to_under_6_months,3491,2401,1090,observed,census_c12_maharashtra,104cc65fb8b4822642cc2a36ca925acf4fce066c875b858877e442a3817b3825,1063,2011,historical_control_not_current_demand
27,517,District-Thane,Urban,19,false,marginal_worker_under_3_months,706,512,194,observed,census_c12_maharashtra,104cc65fb8b4822642cc2a36ca925acf4fce066c875b858877e442a3817b3825,1063,2011,historical_control_not_current_demand
27,517,District-Thane,Urban,19,false,non_worker,32946,9179,23767,observed,census_c12_maharashtra,104cc65fb8b4822642cc2a36ca925acf4fce066c875b858877e442a3817b3825,1063,2011,historical_control_not_current_demand
27,518,District-Mumbai Suburban,Total,5-19,true,main_worker,26456,16929,9527,observed,census_c12_maharashtra,104cc65fb8b4822642cc2a36ca925acf4fce066c875b858877e442a3817b3825,1064,2011,historical_control_not_current_demand
27,518,District-Mumbai Suburban,Total,5-19,true,marginal_worker_3_to_under_6_months,20503,11157,9346,observed,census_c12_maharashtra,104cc65fb8b4822642cc2a36ca925acf4fce066c875b858877e442a3817b3825,1064,2011,historical_control_not_current_demand
27,518,District-Mumbai Suburban,Total,5-19,true,marginal_worker_under_3_months,1246,754,492,observed,census_c12_maharashtra,104cc65fb8b4822642cc2a36ca925acf4fce066c875b858877e442a3817b3825,1064,2011,historical_control_not_current_demand
27,518,District-Mumbai Suburban,Total,5-19,true,non_worker,1762276,939361,822915,observed,census_c12_maharashtra,104cc65fb8b4822642cc2a36ca925acf4fce066c875b858877e442a3817b3825,1064,2011,historical_control_not_current_demand
27,518,District-Mumbai Suburban,Total,5-19,false,main_worker,121073,96295,24778,observed,census_c12_maharashtra,104cc65fb8b4822642cc2a36ca925acf4fce066c875b858877e442a3817b3825,1064,2011,historical_control_not_current_demand
27,518,District-Mumbai Suburban,Total,5-19,false,marginal_worker_3_to_under_6_months,12654,8242,4412,observed,census_c12_maharashtra,104cc65fb8b4822642cc2a36ca925acf4fce066c875b858877e442a3817b3825,1064,2011,historical_control_not_current_demand
27,518,District-Mumbai Suburban,Total,5-19,false,marginal_worker_under_3_months,3303,2342,961,observed,census_c12_maharashtra,104cc65fb8b4822642cc2a36ca925acf4fce066c875b858877e442a3817b3825,1064,2011,historical_control_not_current_demand
27,518,District-Mumbai Suburban,Total,5-19,false,non_worker,356176,163264,192912,observed,census_c12_maharashtra,104cc65fb8b4822642cc2a36ca925acf4fce066c875b858877e442a3817b3825,1064,2011,historical_control_not_current_demand
27,518,District-Mumbai Suburban,Total,5,true,main_worker,425,236,189,observed,census_c12_maharashtra,104cc65fb8b4822642cc2a36ca925acf4fce066c875b858877e442a3817b3825,1065,2011,historical_control_not_current_demand
27,518,District-Mumbai Suburban,Total,5,true,marginal_worker_3_to_under_6_months,502,263,239,observed,census_c12_maharashtra,104cc65fb8b4822642cc2a36ca925acf4fce066c875b858877e442a3817b3825,1065,2011,historical_control_not_current_demand
27,518,District-Mumbai Suburban,Total,5,true,marginal_worker_under_3_months,12,8,4,observed,census_c12_maharashtra,104cc65fb8b4822642cc2a36ca925acf4fce066c875b858877e442a3817b3825,1065,2011,historical_control_not_current_demand
27,518,District-Mumbai Suburban,Total,5,true,non_worker,47219,25002,22217,observed,census_c12_maharashtra,104cc65fb8b4822642cc2a36ca925acf4fce066c875b858877e442a3817b3825,1065,2011,historical_control_not_current_demand
27,518,District-Mumbai Suburban,Total,5,false,main_worker,1162,657,505,observed,census_c12_maharashtra,104cc65fb8b4822642cc2a36ca925acf4fce066c875b858877e442a3817b3825,1065,2011,historical_control_not_current_demand
27,518,District-Mumbai Suburban,Total,5,false,marginal_worker_3_to_under_6_months,639,331,308,observed,census_c12_maharashtra,104cc65fb8b4822642cc2a36ca925acf4fce066c875b858877e442a3817b3825,1065,2011,historical_control_not_current_demand
27,518,District-Mumbai Suburban,Total,5,false,marginal_worker_under_3_months,48,27,21,observed,census_c12_maharashtra,104cc65fb8b4822642cc2a36ca925acf4fce066c875b858877e442a3817b3825,1065,2011,historical_control_not_current_demand
27,518,District-Mumbai Suburban,Total,5,false,non_worker,94434,49636,44798,observed,census_c12_maharashtra,104cc65fb8b4822642cc2a36ca925acf4fce066c875b858877e442a3817b3825,1065,2011,historical_control_not_current_demand
27,518,District-Mumbai Suburban,Total,6,true,main_worker,614,333,281,observed,census_c12_maharashtra,104cc65fb8b4822642cc2a36ca925acf4fce066c875b858877e442a3817b3825,1066,2011,historical_control_not_current_demand
27,518,District-Mumbai Suburban,Total,6,true,marginal_worker_3_to_under_6_months,720,341,379,observed,census_c12_maharashtra,104cc65fb8b4822642cc2a36ca925acf4fce066c875b858877e442a3817b3825,1066,2011,historical_control_not_current_demand
27,518,District-Mumbai Suburban,Total,6,true,marginal_worker_under_3_months,33,18,15,observed,census_c12_maharashtra,104cc65fb8b4822642cc2a36ca925acf4fce066c875b858877e442a3817b3825,1066,2011,historical_control_not_current_demand
27,518,District-Mumbai Suburban,Total,6,true,non_worker,70068,36455,33613,observed,census_c12_maharashtra,104cc65fb8b4822642cc2a36ca925acf4fce066c875b858877e442a3817b3825,1066,2011,historical_control_not_current_demand
27,518,District-Mumbai Suburban,Total,6,false,main_worker,770,446,324,observed,census_c12_maharashtra,104cc65fb8b4822642cc2a36ca925acf4fce066c875b858877e442a3817b3825,1066,2011,historical_control_not_current_demand
27,518,District-Mumbai Suburban,Total,6,false,marginal_worker_3_to_under_6_months,459,245,214,observed,census_c12_maharashtra,104cc65fb8b4822642cc2a36ca925acf4fce066c875b858877e442a3817b3825,1066,2011,historical_control_not_current_demand
27,518,District-Mumbai Suburban,Total,6,false,marginal_worker_under_3_months,32,18,14,observed,census_c12_maharashtra,104cc65fb8b4822642cc2a36ca925acf4fce066c875b858877e442a3817b3825,1066,2011,historical_control_not_current_demand
27,518,District-Mumbai Suburban,Total,6,false,non_worker,65671,34572,31099,observed,census_c12_maharashtra,104cc65fb8b4822642cc2a36ca925acf4fce066c875b858877e442a3817b3825,1066,2011,historical_control_not_current_demand
27,518,District-Mumbai Suburban,Total,7,true,main_worker,893,528,365,observed,census_c12_maharashtra,104cc65fb8b4822642cc2a36ca925acf4fce066c875b858877e442a3817b3825,1067,2011,historical_control_not_current_demand
27,518,District-Mumbai Suburban,Total,7,true,marginal_worker_3_to_under_6_months,1083,567,516,observed,census_c12_maharashtra,104cc65fb8b4822642cc2a36ca925acf4fce066c875b858877e442a3817b3825,1067,2011,historical_control_not_current_demand
27,518,District-Mumbai Suburban,Total,7,true,marginal_worker_under_3_months,34,14,20,observed,census_c12_maharashtra,104cc65fb8b4822642cc2a36ca925acf4fce066c875b858877e442a3817b3825,1067,2011,historical_control_not_current_demand
27,518,District-Mumbai Suburban,Total,7,true,non_worker,122142,63865,58277,observed,census_c12_maharashtra,104cc65fb8b4822642cc2a36ca925acf4fce066c875b858877e442a3817b3825,1067,2011,historical_control_not_current_demand
27,518,District-Mumbai Suburban,Total,7,false,main_worker,528,333,195,observed,census_c12_maharashtra,104cc65fb8b4822642cc2a36ca925acf4fce066c875b858877e442a3817b3825,1067,2011,historical_control_not_current_demand
27,518,District-Mumbai Suburban,Total,7,false,marginal_worker_3_to_under_6_months,192,113,79,observed,census_c12_maharashtra,104cc65fb8b4822642cc2a36ca925acf4fce066c875b858877e442a3817b3825,1067,2011,historical_control_not_current_demand
27,518,District-Mumbai Suburban,Total,7,false,marginal_worker_under_3_months,19,12,7,observed,census_c12_maharashtra,104cc65fb8b4822642cc2a36ca925acf4fce066c875b858877e442a3817b3825,1067,2011,historical_control_not_current_demand
27,518,District-Mumbai Suburban,Total,7,false,non_worker,18595,9828,8767,observed,census_c12_maharashtra,104cc65fb8b4822642cc2a36ca925acf4fce066c875b858877e442a3817b3825,1067,2011,historical_control_not_current_demand
27,518,District-Mumbai Suburban,Total,8,true,main_worker,1005,557,448,observed,census_c12_maharashtra,104cc65fb8b4822642cc2a36ca925acf4fce066c875b858877e442a3817b3825,1068,2011,historical_control_not_current_demand
27,518,District-Mumbai Suburban,Total,8,true,marginal_worker_3_to_under_6_months,1174,622,552,observed,census_c12_maharashtra,104cc65fb8b4822642cc2a36ca925acf4fce066c875b858877e442a3817b3825,1068,2011,historical_control_not_current_demand
27,518,District-Mumbai Suburban,Total,8,true,marginal_worker_under_3_months,40,17,23,observed,census_c12_maharashtra,104cc65fb8b4822642cc2a36ca925acf4fce066c875b858877e442a3817b3825,1068,2011,historical_control_not_current_demand
27,518,District-Mumbai Suburban,Total,8,true,non_worker,127797,67485,60312,observed,census_c12_maharashtra,104cc65fb8b4822642cc2a36ca925acf4fce066c875b858877e442a3817b3825,1068,2011,historical_control_not_current_demand
27,518,District-Mumbai Suburban,Total,8,false,main_worker,442,278,164,observed,census_c12_maharashtra,104cc65fb8b4822642cc2a36ca925acf4fce066c875b858877e442a3817b3825,1068,2011,historical_control_not_current_demand
27,518,District-Mumbai Suburban,Total,8,false,marginal_worker_3_to_under_6_months,134,73,61,observed,census_c12_maharashtra,104cc65fb8b4822642cc2a36ca925acf4fce066c875b858877e442a3817b3825,1068,2011,historical_control_not_current_demand
27,518,District-Mumbai Suburban,Total,8,false,marginal_worker_under_3_months,12,6,6,observed,census_c12_maharashtra,104cc65fb8b4822642cc2a36ca925acf4fce066c875b858877e442a3817b3825,1068,2011,historical_control_not_current_demand
27,518,District-Mumbai Suburban,Total,8,false,non_worker,8540,4326,4214,observed,census_c12_maharashtra,104cc65fb8b4822642cc2a36ca925acf4fce066c875b858877e442a3817b3825,1068,2011,historical_control_not_current_demand
27,518,District-Mumbai Suburban,Total,9,true,main_worker,964,555,409,observed,census_c12_maharashtra,104cc65fb8b4822642cc2a36ca925acf4fce066c875b858877e442a3817b3825,1069,2011,historical_control_not_current_demand
27,518,District-Mumbai Suburban,Total,9,true,marginal_worker_3_to_under_6_months,1333,709,624,observed,census_c12_maharashtra,104cc65fb8b4822642cc2a36ca925acf4fce066c875b858877e442a3817b3825,1069,2011,historical_control_not_current_demand
27,518,District-Mumbai Suburban,Total,9,true,marginal_worker_under_3_months,43,23,20,observed,census_c12_maharashtra,104cc65fb8b4822642cc2a36ca925acf4fce066c875b858877e442a3817b3825,1069,2011,historical_control_not_current_demand
27,518,District-Mumbai Suburban,Total,9,true,non_worker,126329,66736,59593,observed,census_c12_maharashtra,104cc65fb8b4822642cc2a36ca925acf4fce066c875b858877e442a3817b3825,1069,2011,historical_control_not_current_demand
27,518,District-Mumbai Suburban,Total,9,false,main_worker,437,272,165,observed,census_c12_maharashtra,104cc65fb8b4822642cc2a36ca925acf4fce066c875b858877e442a3817b3825,1069,2011,historical_control_not_current_demand
27,518,District-Mumbai Suburban,Total,9,false,marginal_worker_3_to_under_6_months,135,80,55,observed,census_c12_maharashtra,104cc65fb8b4822642cc2a36ca925acf4fce066c875b858877e442a3817b3825,1069,2011,historical_control_not_current_demand
27,518,District-Mumbai Suburban,Total,9,false,marginal_worker_under_3_months,15,8,7,observed,census_c12_maharashtra,104cc65fb8b4822642cc2a36ca925acf4fce066c875b858877e442a3817b3825,1069,2011,historical_control_not_current_demand
27,518,District-Mumbai Suburban,Total,9,false,non_worker,6427,3268,3159,observed,census_c12_maharashtra,104cc65fb8b4822642cc2a36ca925acf4fce066c875b858877e442a3817b3825,1069,2011,historical_control_not_current_demand
27,518,District-Mumbai Suburban,Total,10,true,main_worker,1275,713,562,observed,census_c12_maharashtra,104cc65fb8b4822642cc2a36ca925acf4fce066c875b858877e442a3817b3825,1070,2011,historical_control_not_current_demand
27,518,District-Mumbai Suburban,Total,10,true,marginal_worker_3_to_under_6_months,1509,775,734,observed,census_c12_maharashtra,104cc65fb8b4822642cc2a36ca925acf4fce066c875b858877e442a3817b3825,1070,2011,historical_control_not_current_demand
27,518,District-Mumbai Suburban,Total,10,true,marginal_worker_under_3_months,49,30,19,observed,census_c12_maharashtra,104cc65fb8b4822642cc2a36ca925acf4fce066c875b858877e442a3817b3825,1070,2011,historical_control_not_current_demand
27,518,District-Mumbai Suburban,Total,10,true,non_worker,151462,80575,70887,observed,census_c12_maharashtra,104cc65fb8b4822642cc2a36ca925acf4fce066c875b858877e442a3817b3825,1070,2011,historical_control_not_current_demand
27,518,District-Mumbai Suburban,Total,10,false,main_worker,647,422,225,observed,census_c12_maharashtra,104cc65fb8b4822642cc2a36ca925acf4fce066c875b858877e442a3817b3825,1070,2011,historical_control_not_current_demand
27,518,District-Mumbai Suburban,Total,10,false,marginal_worker_3_to_under_6_months,171,91,80,observed,census_c12_maharashtra,104cc65fb8b4822642cc2a36ca925acf4fce066c875b858877e442a3817b3825,1070,2011,historical_control_not_current_demand
27,518,District-Mumbai Suburban,Total,10,false,marginal_worker_under_3_months,19,10,9,observed,census_c12_maharashtra,104cc65fb8b4822642cc2a36ca925acf4fce066c875b858877e442a3817b3825,1070,2011,historical_control_not_current_demand
27,518,District-Mumbai Suburban,Total,10,false,non_worker,9356,4769,4587,observed,census_c12_maharashtra,104cc65fb8b4822642cc2a36ca925acf4fce066c875b858877e442a3817b3825,1070,2011,historical_control_not_current_demand
27,518,District-Mumbai Suburban,Total,11,true,main_worker,1262,729,533,observed,census_c12_maharashtra,104cc65fb8b4822642cc2a36ca925acf4fce066c875b858877e442a3817b3825,1071,2011,historical_control_not_current_demand
27,518,District-Mumbai Suburban,Total,11,true,marginal_worker_3_to_under_6_months,1386,709,677,observed,census_c12_maharashtra,104cc65fb8b4822642cc2a36ca925acf4fce066c875b858877e442a3817b3825,1071,2011,historical_control_not_current_demand
27,518,District-Mumbai Suburban,Total,11,true,marginal_worker_under_3_months,57,34,23,observed,census_c12_maharashtra,104cc65fb8b4822642cc2a36ca925acf4fce066c875b858877e442a3817b3825,1071,2011,historical_control_not_current_demand
27,518,District-Mumbai Suburban,Total,11,true,non_worker,140526,74082,66444,observed,census_c12_maharashtra,104cc65fb8b4822642cc2a36ca925acf4fce066c875b858877e442a3817b3825,1071,2011,historical_control_not_current_demand
27,518,District-Mumbai Suburban,Total,11,false,main_worker,1855,1367,488,observed,census_c12_maharashtra,104cc65fb8b4822642cc2a36ca925acf4fce066c875b858877e442a3817b3825,1071,2011,historical_control_not_current_demand
27,518,District-Mumbai Suburban,Total,11,false,marginal_worker_3_to_under_6_months,245,137,108,observed,census_c12_maharashtra,104cc65fb8b4822642cc2a36ca925acf4fce066c875b858877e442a3817b3825,1071,2011,historical_control_not_current_demand
27,518,District-Mumbai Suburban,Total,11,false,marginal_worker_under_3_months,37,29,8,observed,census_c12_maharashtra,104cc65fb8b4822642cc2a36ca925acf4fce066c875b858877e442a3817b3825,1071,2011,historical_control_not_current_demand
27,518,District-Mumbai Suburban,Total,11,false,non_worker,7045,3314,3731,observed,census_c12_maharashtra,104cc65fb8b4822642cc2a36ca925acf4fce066c875b858877e442a3817b3825,1071,2011,historical_control_not_current_demand
27,518,District-Mumbai Suburban,Total,12,true,main_worker,1328,815,513,observed,census_c12_maharashtra,104cc65fb8b4822642cc2a36ca925acf4fce066c875b858877e442a3817b3825,1072,2011,historical_control_not_current_demand
27,518,District-Mumbai Suburban,Total,12,true,marginal_worker_3_to_under_6_months,1386,744,642,observed,census_c12_maharashtra,104cc65fb8b4822642cc2a36ca925acf4fce066c875b858877e442a3817b3825,1072,2011,historical_control_not_current_demand
27,518,District-Mumbai Suburban,Total,12,true,marginal_worker_under_3_months,65,38,27,observed,census_c12_maharashtra,104cc65fb8b4822642cc2a36ca925acf4fce066c875b858877e442a3817b3825,1072,2011,historical_control_not_current_demand
27,518,District-Mumbai Suburban,Total,12,true,non_worker,138026,73471,64555,observed,census_c12_maharashtra,104cc65fb8b4822642cc2a36ca925acf4fce066c875b858877e442a3817b3825,1072,2011,historical_control_not_current_demand
27,518,District-Mumbai Suburban,Total,12,false,main_worker,2514,1932,582,observed,census_c12_maharashtra,104cc65fb8b4822642cc2a36ca925acf4fce066c875b858877e442a3817b3825,1072,2011,historical_control_not_current_demand
27,518,District-Mumbai Suburban,Total,12,false,marginal_worker_3_to_under_6_months,285,171,114,observed,census_c12_maharashtra,104cc65fb8b4822642cc2a36ca925acf4fce066c875b858877e442a3817b3825,1072,2011,historical_control_not_current_demand
27,518,District-Mumbai Suburban,Total,12,false,marginal_worker_under_3_months,63,43,20,observed,census_c12_maharashtra,104cc65fb8b4822642cc2a36ca925acf4fce066c875b858877e442a3817b3825,1072,2011,historical_control_not_current_demand
27,518,District-Mumbai Suburban,Total,12,false,non_worker,7336,3412,3924,observed,census_c12_maharashtra,104cc65fb8b4822642cc2a36ca925acf4fce066c875b858877e442a3817b3825,1072,2011,historical_control_not_current_demand
27,518,District-Mumbai Suburban,Total,13,true,main_worker,1310,776,534,observed,census_c12_maharashtra,104cc65fb8b4822642cc2a36ca925acf4fce066c875b858877e442a3817b3825,1073,2011,historical_control_not_current_demand
27,518,District-Mumbai Suburban,Total,13,true,marginal_worker_3_to_under_6_months,1431,791,640,observed,census_c12_maharashtra,104cc65fb8b4822642cc2a36ca925acf4fce066c875b858877e442a3817b3825,1073,2011,historical_control_not_current_demand
27,518,District-Mumbai Suburban,Total,13,true,marginal_worker_under_3_months,70,37,33,observed,census_c12_maharashtra,104cc65fb8b4822642cc2a36ca925acf4fce066c875b858877e442a3817b3825,1073,2011,historical_control_not_current_demand
27,518,District-Mumbai Suburban,Total,13,true,non_worker,135519,71328,64191,observed,census_c12_maharashtra,104cc65fb8b4822642cc2a36ca925acf4fce066c875b858877e442a3817b3825,1073,2011,historical_control_not_current_demand
27,518,District-Mumbai Suburban,Total,13,false,main_worker,2539,1878,661,observed,census_c12_maharashtra,104cc65fb8b4822642cc2a36ca925acf4fce066c875b858877e442a3817b3825,1073,2011,historical_control_not_current_demand
27,518,District-Mumbai Suburban,Total,13,false,marginal_worker_3_to_under_6_months,303,184,119,observed,census_c12_maharashtra,104cc65fb8b4822642cc2a36ca925acf4fce066c875b858877e442a3817b3825,1073,2011,historical_control_not_current_demand
27,518,District-Mumbai Suburban,Total,13,false,marginal_worker_under_3_months,61,35,26,observed,census_c12_maharashtra,104cc65fb8b4822642cc2a36ca925acf4fce066c875b858877e442a3817b3825,1073,2011,historical_control_not_current_demand
27,518,District-Mumbai Suburban,Total,13,false,non_worker,7386,3277,4109,observed,census_c12_maharashtra,104cc65fb8b4822642cc2a36ca925acf4fce066c875b858877e442a3817b3825,1073,2011,historical_control_not_current_demand
27,518,District-Mumbai Suburban,Total,14,true,main_worker,1382,852,530,observed,census_c12_maharashtra,104cc65fb8b4822642cc2a36ca925acf4fce066c875b858877e442a3817b3825,1074,2011,historical_control_not_current_demand
27,518,District-Mumbai Suburban,Total,14,true,marginal_worker_3_to_under_6_months,1456,774,682,observed,census_c12_maharashtra,104cc65fb8b4822642cc2a36ca925acf4fce066c875b858877e442a3817b3825,1074,2011,historical_control_not_current_demand
27,518,District-Mumbai Suburban,Total,14,true,marginal_worker_under_3_months,79,42,37,observed,census_c12_maharashtra,104cc65fb8b4822642cc2a36ca925acf4fce066c875b858877e442a3817b3825,1074,2011,historical_control_not_current_demand
27,518,District-Mumbai Suburban,Total,14,true,non_worker,134431,71270,63161,observed,census_c12_maharashtra,104cc65fb8b4822642cc2a36ca925acf4fce066c875b858877e442a3817b3825,1074,2011,historical_control_not_current_demand
27,518,District-Mumbai Suburban,Total,14,false,main_worker,3665,2762,903,observed,census_c12_maharashtra,104cc65fb8b4822642cc2a36ca925acf4fce066c875b858877e442a3817b3825,1074,2011,historical_control_not_current_demand
27,518,District-Mumbai Suburban,Total,14,false,marginal_worker_3_to_under_6_months,446,243,203,observed,census_c12_maharashtra,104cc65fb8b4822642cc2a36ca925acf4fce066c875b858877e442a3817b3825,1074,2011,historical_control_not_current_demand
27,518,District-Mumbai Suburban,Total,14,false,marginal_worker_under_3_months,107,61,46,observed,census_c12_maharashtra,104cc65fb8b4822642cc2a36ca925acf4fce066c875b858877e442a3817b3825,1074,2011,historical_control_not_current_demand
27,518,District-Mumbai Suburban,Total,14,false,non_worker,9646,4099,5547,observed,census_c12_maharashtra,104cc65fb8b4822642cc2a36ca925acf4fce066c875b858877e442a3817b3825,1074,2011,historical_control_not_current_demand
27,518,District-Mumbai Suburban,Total,15,true,main_worker,1978,1198,780,observed,census_c12_maharashtra,104cc65fb8b4822642cc2a36ca925acf4fce066c875b858877e442a3817b3825,1075,2011,historical_control_not_current_demand
27,518,District-Mumbai Suburban,Total,15,true,marginal_worker_3_to_under_6_months,1524,848,676,observed,census_c12_maharashtra,104cc65fb8b4822642cc2a36ca925acf4fce066c875b858877e442a3817b3825,1075,2011,historical_control_not_current_demand
27,518,District-Mumbai Suburban,Total,15,true,marginal_worker_under_3_months,84,44,40,observed,census_c12_maharashtra,104cc65fb8b4822642cc2a36ca925acf4fce066c875b858877e442a3817b3825,1075,2011,historical_control_not_current_demand
27,518,District-Mumbai Suburban,Total,15,true,non_worker,132305,70844,61461,observed,census_c12_maharashtra,104cc65fb8b4822642cc2a36ca925acf4fce066c875b858877e442a3817b3825,1075,2011,historical_control_not_current_demand
27,518,District-Mumbai Suburban,Total,15,false,main_worker,6839,5203,1636,observed,census_c12_maharashtra,104cc65fb8b4822642cc2a36ca925acf4fce066c875b858877e442a3817b3825,1075,2011,historical_control_not_current_demand
27,518,District-Mumbai Suburban,Total,15,false,marginal_worker_3_to_under_6_months,789,520,269,observed,census_c12_maharashtra,104cc65fb8b4822642cc2a36ca925acf4fce066c875b858877e442a3817b3825,1075,2011,historical_control_not_current_demand
27,518,District-Mumbai Suburban,Total,15,false,marginal_worker_under_3_months,211,136,75,observed,census_c12_maharashtra,104cc65fb8b4822642cc2a36ca925acf4fce066c875b858877e442a3817b3825,1075,2011,historical_control_not_current_demand
27,518,District-Mumbai Suburban,Total,15,false,non_worker,13757,5718,8039,observed,census_c12_maharashtra,104cc65fb8b4822642cc2a36ca925acf4fce066c875b858877e442a3817b3825,1075,2011,historical_control_not_current_demand
27,518,District-Mumbai Suburban,Total,16,true,main_worker,2245,1443,802,observed,census_c12_maharashtra,104cc65fb8b4822642cc2a36ca925acf4fce066c875b858877e442a3817b3825,1076,2011,historical_control_not_current_demand
27,518,District-Mumbai Suburban,Total,16,true,marginal_worker_3_to_under_6_months,1596,903,693,observed,census_c12_maharashtra,104cc65fb8b4822642cc2a36ca925acf4fce066c875b858877e442a3817b3825,1076,2011,historical_control_not_current_demand
27,518,District-Mumbai Suburban,Total,16,true,marginal_worker_under_3_months,107,56,51,observed,census_c12_maharashtra,104cc65fb8b4822642cc2a36ca925acf4fce066c875b858877e442a3817b3825,1076,2011,historical_control_not_current_demand
27,518,District-Mumbai Suburban,Total,16,true,non_worker,120157,64584,55573,observed,census_c12_maharashtra,104cc65fb8b4822642cc2a36ca925acf4fce066c875b858877e442a3817b3825,1076,2011,historical_control_not_current_demand
27,518,District-Mumbai Suburban,Total,16,false,main_worker,9828,7561,2267,observed,census_c12_maharashtra,104cc65fb8b4822642cc2a36ca925acf4fce066c875b858877e442a3817b3825,1076,2011,historical_control_not_current_demand
27,518,District-Mumbai Suburban,Total,16,false,marginal_worker_3_to_under_6_months,1017,655,362,observed,census_c12_maharashtra,104cc65fb8b4822642cc2a36ca925acf4fce066c875b858877e442a3817b3825,1076,2011,historical_control_not_current_demand
27,518,District-Mumbai Suburban,Total,16,false,marginal_worker_under_3_months,306,209,97,observed,census_c12_maharashtra,104cc65fb8b4822642cc2a36ca925acf4fce066c875b858877e442a3817b3825,1076,2011,historical_control_not_current_demand
27,518,District-Mumbai Suburban,Total,16,false,non_worker,17089,6667,10422,observed,census_c12_maharashtra,104cc65fb8b4822642cc2a36ca925acf4fce066c875b858877e442a3817b3825,1076,2011,historical_control_not_current_demand
27,518,District-Mumbai Suburban,Total,17,true,main_worker,2803,1876,927,observed,census_c12_maharashtra,104cc65fb8b4822642cc2a36ca925acf4fce066c875b858877e442a3817b3825,1077,2011,historical_control_not_current_demand
27,518,District-Mumbai Suburban,Total,17,true,marginal_worker_3_to_under_6_months,1628,913,715,observed,census_c12_maharashtra,104cc65fb8b4822642cc2a36ca925acf4fce066c875b858877e442a3817b3825,1077,2011,historical_control_not_current_demand
27,518,District-Mumbai Suburban,Total,17,true,marginal_worker_under_3_months,129,90,39,observed,census_c12_maharashtra,104cc65fb8b4822642cc2a36ca925acf4fce066c875b858877e442a3817b3825,1077,2011,historical_control_not_current_demand
27,518,District-Mumbai Suburban,Total,17,true,non_worker,110938,60066,50872,observed,census_c12_maharashtra,104cc65fb8b4822642cc2a36ca925acf4fce066c875b858877e442a3817b3825,1077,2011,historical_control_not_current_demand
27,518,District-Mumbai Suburban,Total,17,false,main_worker,16074,12655,3419,observed,census_c12_maharashtra,104cc65fb8b4822642cc2a36ca925acf4fce066c875b858877e442a3817b3825,1077,2011,historical_control_not_current_demand
27,518,District-Mumbai Suburban,Total,17,false,marginal_worker_3_to_under_6_months,1717,1119,598,observed,census_c12_maharashtra,104cc65fb8b4822642cc2a36ca925acf4fce066c875b858877e442a3817b3825,1077,2011,historical_control_not_current_demand
27,518,District-Mumbai Suburban,Total,17,false,marginal_worker_under_3_months,479,341,138,observed,census_c12_maharashtra,104cc65fb8b4822642cc2a36ca925acf4fce066c875b858877e442a3817b3825,1077,2011,historical_control_not_current_demand
27,518,District-Mumbai Suburban,Total,17,false,non_worker,21572,8197,13375,observed,census_c12_maharashtra,104cc65fb8b4822642cc2a36ca925acf4fce066c875b858877e442a3817b3825,1077,2011,historical_control_not_current_demand
27,518,District-Mumbai Suburban,Total,18,true,main_worker,4315,3069,1246,observed,census_c12_maharashtra,104cc65fb8b4822642cc2a36ca925acf4fce066c875b858877e442a3817b3825,1078,2011,historical_control_not_current_demand
27,518,District-Mumbai Suburban,Total,18,true,marginal_worker_3_to_under_6_months,1996,1166,830,observed,census_c12_maharashtra,104cc65fb8b4822642cc2a36ca925acf4fce066c875b858877e442a3817b3825,1078,2011,historical_control_not_current_demand
27,518,District-Mumbai Suburban,Total,18,true,marginal_worker_under_3_months,227,151,76,observed,census_c12_maharashtra,104cc65fb8b4822642cc2a36ca925acf4fce066c875b858877e442a3817b3825,1078,2011,historical_control_not_current_demand
27,518,District-Mumbai Suburban,Total,18,true,non_worker,113187,62777,50410,observed,census_c12_maharashtra,104cc65fb8b4822642cc2a36ca925acf4fce066c875b858877e442a3817b3825,1078,2011,historical_control_not_current_demand
27,518,District-Mumbai Suburban,Total,18,false,main_worker,36327,30000,6327,observed,census_c12_maharashtra,104cc65fb8b4822642cc2a36ca925acf4fce066c875b858877e442a3817b3825,1078,2011,historical_control_not_current_demand
27,518,District-Mumbai Suburban,Total,18,false,marginal_worker_3_to_under_6_months,2964,2108,856,observed,census_c12_maharashtra,104cc65fb8b4822642cc2a36ca925acf4fce066c875b858877e442a3817b3825,1078,2011,historical_control_not_current_demand
27,518,District-Mumbai Suburban,Total,18,false,marginal_worker_under_3_months,995,735,260,observed,census_c12_maharashtra,104cc65fb8b4822642cc2a36ca925acf4fce066c875b858877e442a3817b3825,1078,2011,historical_control_not_current_demand
27,518,District-Mumbai Suburban,Total,18,false,non_worker,34882,11947,22935,observed,census_c12_maharashtra,104cc65fb8b4822642cc2a36ca925acf4fce066c875b858877e442a3817b3825,1078,2011,historical_control_not_current_demand
27,518,District-Mumbai Suburban,Total,19,true,main_worker,4657,3249,1408,observed,census_c12_maharashtra,104cc65fb8b4822642cc2a36ca925acf4fce066c875b858877e442a3817b3825,1079,2011,historical_control_not_current_demand
27,518,District-Mumbai Suburban,Total,19,true,marginal_worker_3_to_under_6_months,1779,1032,747,observed,census_c12_maharashtra,104cc65fb8b4822642cc2a36ca925acf4fce066c875b858877e442a3817b3825,1079,2011,historical_control_not_current_demand
27,518,District-Mumbai Suburban,Total,19,true,marginal_worker_under_3_months,217,152,65,observed,census_c12_maharashtra,104cc65fb8b4822642cc2a36ca925acf4fce066c875b858877e442a3817b3825,1079,2011,historical_control_not_current_demand
27,518,District-Mumbai Suburban,Total,19,true,non_worker,92170,50821,41349,observed,census_c12_maharashtra,104cc65fb8b4822642cc2a36ca925acf4fce066c875b858877e442a3817b3825,1079,2011,historical_control_not_current_demand
27,518,District-Mumbai Suburban,Total,19,false,main_worker,37446,30529,6917,observed,census_c12_maharashtra,104cc65fb8b4822642cc2a36ca925acf4fce066c875b858877e442a3817b3825,1079,2011,historical_control_not_current_demand
27,518,District-Mumbai Suburban,Total,19,false,marginal_worker_3_to_under_6_months,3158,2172,986,observed,census_c12_maharashtra,104cc65fb8b4822642cc2a36ca925acf4fce066c875b858877e442a3817b3825,1079,2011,historical_control_not_current_demand
27,518,District-Mumbai Suburban,Total,19,false,marginal_worker_under_3_months,899,672,227,observed,census_c12_maharashtra,104cc65fb8b4822642cc2a36ca925acf4fce066c875b858877e442a3817b3825,1079,2011,historical_control_not_current_demand
27,518,District-Mumbai Suburban,Total,19,false,non_worker,34440,10234,24206,observed,census_c12_maharashtra,104cc65fb8b4822642cc2a36ca925acf4fce066c875b858877e442a3817b3825,1079,2011,historical_control_not_current_demand
27,518,District-Mumbai Suburban,Rural,5-19,true,main_worker,0,0,0,observed,census_c12_maharashtra,104cc65fb8b4822642cc2a36ca925acf4fce066c875b858877e442a3817b3825,1080,2011,historical_control_not_current_demand
27,518,District-Mumbai Suburban,Rural,5-19,true,marginal_worker_3_to_under_6_months,0,0,0,observed,census_c12_maharashtra,104cc65fb8b4822642cc2a36ca925acf4fce066c875b858877e442a3817b3825,1080,2011,historical_control_not_current_demand
27,518,District-Mumbai Suburban,Rural,5-19,true,marginal_worker_under_3_months,0,0,0,observed,census_c12_maharashtra,104cc65fb8b4822642cc2a36ca925acf4fce066c875b858877e442a3817b3825,1080,2011,historical_control_not_current_demand
27,518,District-Mumbai Suburban,Rural,5-19,true,non_worker,0,0,0,observed,census_c12_maharashtra,104cc65fb8b4822642cc2a36ca925acf4fce066c875b858877e442a3817b3825,1080,2011,historical_control_not_current_demand
27,518,District-Mumbai Suburban,Rural,5-19,false,main_worker,0,0,0,observed,census_c12_maharashtra,104cc65fb8b4822642cc2a36ca925acf4fce066c875b858877e442a3817b3825,1080,2011,historical_control_not_current_demand
27,518,District-Mumbai Suburban,Rural,5-19,false,marginal_worker_3_to_under_6_months,0,0,0,observed,census_c12_maharashtra,104cc65fb8b4822642cc2a36ca925acf4fce066c875b858877e442a3817b3825,1080,2011,historical_control_not_current_demand
27,518,District-Mumbai Suburban,Rural,5-19,false,marginal_worker_under_3_months,0,0,0,observed,census_c12_maharashtra,104cc65fb8b4822642cc2a36ca925acf4fce066c875b858877e442a3817b3825,1080,2011,historical_control_not_current_demand
27,518,District-Mumbai Suburban,Rural,5-19,false,non_worker,0,0,0,observed,census_c12_maharashtra,104cc65fb8b4822642cc2a36ca925acf4fce066c875b858877e442a3817b3825,1080,2011,historical_control_not_current_demand
27,518,District-Mumbai Suburban,Rural,5,true,main_worker,0,0,0,observed,census_c12_maharashtra,104cc65fb8b4822642cc2a36ca925acf4fce066c875b858877e442a3817b3825,1081,2011,historical_control_not_current_demand
27,518,District-Mumbai Suburban,Rural,5,true,marginal_worker_3_to_under_6_months,0,0,0,observed,census_c12_maharashtra,104cc65fb8b4822642cc2a36ca925acf4fce066c875b858877e442a3817b3825,1081,2011,historical_control_not_current_demand
27,518,District-Mumbai Suburban,Rural,5,true,marginal_worker_under_3_months,0,0,0,observed,census_c12_maharashtra,104cc65fb8b4822642cc2a36ca925acf4fce066c875b858877e442a3817b3825,1081,2011,historical_control_not_current_demand
27,518,District-Mumbai Suburban,Rural,5,true,non_worker,0,0,0,observed,census_c12_maharashtra,104cc65fb8b4822642cc2a36ca925acf4fce066c875b858877e442a3817b3825,1081,2011,historical_control_not_current_demand
27,518,District-Mumbai Suburban,Rural,5,false,main_worker,0,0,0,observed,census_c12_maharashtra,104cc65fb8b4822642cc2a36ca925acf4fce066c875b858877e442a3817b3825,1081,2011,historical_control_not_current_demand
27,518,District-Mumbai Suburban,Rural,5,false,marginal_worker_3_to_under_6_months,0,0,0,observed,census_c12_maharashtra,104cc65fb8b4822642cc2a36ca925acf4fce066c875b858877e442a3817b3825,1081,2011,historical_control_not_current_demand
27,518,District-Mumbai Suburban,Rural,5,false,marginal_worker_under_3_months,0,0,0,observed,census_c12_maharashtra,104cc65fb8b4822642cc2a36ca925acf4fce066c875b858877e442a3817b3825,1081,2011,historical_control_not_current_demand
27,518,District-Mumbai Suburban,Rural,5,false,non_worker,0,0,0,observed,census_c12_maharashtra,104cc65fb8b4822642cc2a36ca925acf4fce066c875b858877e442a3817b3825,1081,2011,historical_control_not_current_demand
27,518,District-Mumbai Suburban,Rural,6,true,main_worker,0,0,0,observed,census_c12_maharashtra,104cc65fb8b4822642cc2a36ca925acf4fce066c875b858877e442a3817b3825,1082,2011,historical_control_not_current_demand
27,518,District-Mumbai Suburban,Rural,6,true,marginal_worker_3_to_under_6_months,0,0,0,observed,census_c12_maharashtra,104cc65fb8b4822642cc2a36ca925acf4fce066c875b858877e442a3817b3825,1082,2011,historical_control_not_current_demand
27,518,District-Mumbai Suburban,Rural,6,true,marginal_worker_under_3_months,0,0,0,observed,census_c12_maharashtra,104cc65fb8b4822642cc2a36ca925acf4fce066c875b858877e442a3817b3825,1082,2011,historical_control_not_current_demand
27,518,District-Mumbai Suburban,Rural,6,true,non_worker,0,0,0,observed,census_c12_maharashtra,104cc65fb8b4822642cc2a36ca925acf4fce066c875b858877e442a3817b3825,1082,2011,historical_control_not_current_demand
27,518,District-Mumbai Suburban,Rural,6,false,main_worker,0,0,0,observed,census_c12_maharashtra,104cc65fb8b4822642cc2a36ca925acf4fce066c875b858877e442a3817b3825,1082,2011,historical_control_not_current_demand
27,518,District-Mumbai Suburban,Rural,6,false,marginal_worker_3_to_under_6_months,0,0,0,observed,census_c12_maharashtra,104cc65fb8b4822642cc2a36ca925acf4fce066c875b858877e442a3817b3825,1082,2011,historical_control_not_current_demand
27,518,District-Mumbai Suburban,Rural,6,false,marginal_worker_under_3_months,0,0,0,observed,census_c12_maharashtra,104cc65fb8b4822642cc2a36ca925acf4fce066c875b858877e442a3817b3825,1082,2011,historical_control_not_current_demand
27,518,District-Mumbai Suburban,Rural,6,false,non_worker,0,0,0,observed,census_c12_maharashtra,104cc65fb8b4822642cc2a36ca925acf4fce066c875b858877e442a3817b3825,1082,2011,historical_control_not_current_demand
27,518,District-Mumbai Suburban,Rural,7,true,main_worker,0,0,0,observed,census_c12_maharashtra,104cc65fb8b4822642cc2a36ca925acf4fce066c875b858877e442a3817b3825,1083,2011,historical_control_not_current_demand
27,518,District-Mumbai Suburban,Rural,7,true,marginal_worker_3_to_under_6_months,0,0,0,observed,census_c12_maharashtra,104cc65fb8b4822642cc2a36ca925acf4fce066c875b858877e442a3817b3825,1083,2011,historical_control_not_current_demand
27,518,District-Mumbai Suburban,Rural,7,true,marginal_worker_under_3_months,0,0,0,observed,census_c12_maharashtra,104cc65fb8b4822642cc2a36ca925acf4fce066c875b858877e442a3817b3825,1083,2011,historical_control_not_current_demand
27,518,District-Mumbai Suburban,Rural,7,true,non_worker,0,0,0,observed,census_c12_maharashtra,104cc65fb8b4822642cc2a36ca925acf4fce066c875b858877e442a3817b3825,1083,2011,historical_control_not_current_demand
27,518,District-Mumbai Suburban,Rural,7,false,main_worker,0,0,0,observed,census_c12_maharashtra,104cc65fb8b4822642cc2a36ca925acf4fce066c875b858877e442a3817b3825,1083,2011,historical_control_not_current_demand
27,518,District-Mumbai Suburban,Rural,7,false,marginal_worker_3_to_under_6_months,0,0,0,observed,census_c12_maharashtra,104cc65fb8b4822642cc2a36ca925acf4fce066c875b858877e442a3817b3825,1083,2011,historical_control_not_current_demand
27,518,District-Mumbai Suburban,Rural,7,false,marginal_worker_under_3_months,0,0,0,observed,census_c12_maharashtra,104cc65fb8b4822642cc2a36ca925acf4fce066c875b858877e442a3817b3825,1083,2011,historical_control_not_current_demand
27,518,District-Mumbai Suburban,Rural,7,false,non_worker,0,0,0,observed,census_c12_maharashtra,104cc65fb8b4822642cc2a36ca925acf4fce066c875b858877e442a3817b3825,1083,2011,historical_control_not_current_demand
27,518,District-Mumbai Suburban,Rural,8,true,main_worker,0,0,0,observed,census_c12_maharashtra,104cc65fb8b4822642cc2a36ca925acf4fce066c875b858877e442a3817b3825,1084,2011,historical_control_not_current_demand
27,518,District-Mumbai Suburban,Rural,8,true,marginal_worker_3_to_under_6_months,0,0,0,observed,census_c12_maharashtra,104cc65fb8b4822642cc2a36ca925acf4fce066c875b858877e442a3817b3825,1084,2011,historical_control_not_current_demand
27,518,District-Mumbai Suburban,Rural,8,true,marginal_worker_under_3_months,0,0,0,observed,census_c12_maharashtra,104cc65fb8b4822642cc2a36ca925acf4fce066c875b858877e442a3817b3825,1084,2011,historical_control_not_current_demand
27,518,District-Mumbai Suburban,Rural,8,true,non_worker,0,0,0,observed,census_c12_maharashtra,104cc65fb8b4822642cc2a36ca925acf4fce066c875b858877e442a3817b3825,1084,2011,historical_control_not_current_demand
27,518,District-Mumbai Suburban,Rural,8,false,main_worker,0,0,0,observed,census_c12_maharashtra,104cc65fb8b4822642cc2a36ca925acf4fce066c875b858877e442a3817b3825,1084,2011,historical_control_not_current_demand
27,518,District-Mumbai Suburban,Rural,8,false,marginal_worker_3_to_under_6_months,0,0,0,observed,census_c12_maharashtra,104cc65fb8b4822642cc2a36ca925acf4fce066c875b858877e442a3817b3825,1084,2011,historical_control_not_current_demand
27,518,District-Mumbai Suburban,Rural,8,false,marginal_worker_under_3_months,0,0,0,observed,census_c12_maharashtra,104cc65fb8b4822642cc2a36ca925acf4fce066c875b858877e442a3817b3825,1084,2011,historical_control_not_current_demand
27,518,District-Mumbai Suburban,Rural,8,false,non_worker,0,0,0,observed,census_c12_maharashtra,104cc65fb8b4822642cc2a36ca925acf4fce066c875b858877e442a3817b3825,1084,2011,historical_control_not_current_demand
27,518,District-Mumbai Suburban,Rural,9,true,main_worker,0,0,0,observed,census_c12_maharashtra,104cc65fb8b4822642cc2a36ca925acf4fce066c875b858877e442a3817b3825,1085,2011,historical_control_not_current_demand
27,518,District-Mumbai Suburban,Rural,9,true,marginal_worker_3_to_under_6_months,0,0,0,observed,census_c12_maharashtra,104cc65fb8b4822642cc2a36ca925acf4fce066c875b858877e442a3817b3825,1085,2011,historical_control_not_current_demand
27,518,District-Mumbai Suburban,Rural,9,true,marginal_worker_under_3_months,0,0,0,observed,census_c12_maharashtra,104cc65fb8b4822642cc2a36ca925acf4fce066c875b858877e442a3817b3825,1085,2011,historical_control_not_current_demand
27,518,District-Mumbai Suburban,Rural,9,true,non_worker,0,0,0,observed,census_c12_maharashtra,104cc65fb8b4822642cc2a36ca925acf4fce066c875b858877e442a3817b3825,1085,2011,historical_control_not_current_demand
27,518,District-Mumbai Suburban,Rural,9,false,main_worker,0,0,0,observed,census_c12_maharashtra,104cc65fb8b4822642cc2a36ca925acf4fce066c875b858877e442a3817b3825,1085,2011,historical_control_not_current_demand
27,518,District-Mumbai Suburban,Rural,9,false,marginal_worker_3_to_under_6_months,0,0,0,observed,census_c12_maharashtra,104cc65fb8b4822642cc2a36ca925acf4fce066c875b858877e442a3817b3825,1085,2011,historical_control_not_current_demand
27,518,District-Mumbai Suburban,Rural,9,false,marginal_worker_under_3_months,0,0,0,observed,census_c12_maharashtra,104cc65fb8b4822642cc2a36ca925acf4fce066c875b858877e442a3817b3825,1085,2011,historical_control_not_current_demand
27,518,District-Mumbai Suburban,Rural,9,false,non_worker,0,0,0,observed,census_c12_maharashtra,104cc65fb8b4822642cc2a36ca925acf4fce066c875b858877e442a3817b3825,1085,2011,historical_control_not_current_demand
27,518,District-Mumbai Suburban,Rural,10,true,main_worker,0,0,0,observed,census_c12_maharashtra,104cc65fb8b4822642cc2a36ca925acf4fce066c875b858877e442a3817b3825,1086,2011,historical_control_not_current_demand
27,518,District-Mumbai Suburban,Rural,10,true,marginal_worker_3_to_under_6_months,0,0,0,observed,census_c12_maharashtra,104cc65fb8b4822642cc2a36ca925acf4fce066c875b858877e442a3817b3825,1086,2011,historical_control_not_current_demand
27,518,District-Mumbai Suburban,Rural,10,true,marginal_worker_under_3_months,0,0,0,observed,census_c12_maharashtra,104cc65fb8b4822642cc2a36ca925acf4fce066c875b858877e442a3817b3825,1086,2011,historical_control_not_current_demand
27,518,District-Mumbai Suburban,Rural,10,true,non_worker,0,0,0,observed,census_c12_maharashtra,104cc65fb8b4822642cc2a36ca925acf4fce066c875b858877e442a3817b3825,1086,2011,historical_control_not_current_demand
27,518,District-Mumbai Suburban,Rural,10,false,main_worker,0,0,0,observed,census_c12_maharashtra,104cc65fb8b4822642cc2a36ca925acf4fce066c875b858877e442a3817b3825,1086,2011,historical_control_not_current_demand
27,518,District-Mumbai Suburban,Rural,10,false,marginal_worker_3_to_under_6_months,0,0,0,observed,census_c12_maharashtra,104cc65fb8b4822642cc2a36ca925acf4fce066c875b858877e442a3817b3825,1086,2011,historical_control_not_current_demand
27,518,District-Mumbai Suburban,Rural,10,false,marginal_worker_under_3_months,0,0,0,observed,census_c12_maharashtra,104cc65fb8b4822642cc2a36ca925acf4fce066c875b858877e442a3817b3825,1086,2011,historical_control_not_current_demand
27,518,District-Mumbai Suburban,Rural,10,false,non_worker,0,0,0,observed,census_c12_maharashtra,104cc65fb8b4822642cc2a36ca925acf4fce066c875b858877e442a3817b3825,1086,2011,historical_control_not_current_demand
27,518,District-Mumbai Suburban,Rural,11,true,main_worker,0,0,0,observed,census_c12_maharashtra,104cc65fb8b4822642cc2a36ca925acf4fce066c875b858877e442a3817b3825,1087,2011,historical_control_not_current_demand
27,518,District-Mumbai Suburban,Rural,11,true,marginal_worker_3_to_under_6_months,0,0,0,observed,census_c12_maharashtra,104cc65fb8b4822642cc2a36ca925acf4fce066c875b858877e442a3817b3825,1087,2011,historical_control_not_current_demand
27,518,District-Mumbai Suburban,Rural,11,true,marginal_worker_under_3_months,0,0,0,observed,census_c12_maharashtra,104cc65fb8b4822642cc2a36ca925acf4fce066c875b858877e442a3817b3825,1087,2011,historical_control_not_current_demand
27,518,District-Mumbai Suburban,Rural,11,true,non_worker,0,0,0,observed,census_c12_maharashtra,104cc65fb8b4822642cc2a36ca925acf4fce066c875b858877e442a3817b3825,1087,2011,historical_control_not_current_demand
27,518,District-Mumbai Suburban,Rural,11,false,main_worker,0,0,0,observed,census_c12_maharashtra,104cc65fb8b4822642cc2a36ca925acf4fce066c875b858877e442a3817b3825,1087,2011,historical_control_not_current_demand
27,518,District-Mumbai Suburban,Rural,11,false,marginal_worker_3_to_under_6_months,0,0,0,observed,census_c12_maharashtra,104cc65fb8b4822642cc2a36ca925acf4fce066c875b858877e442a3817b3825,1087,2011,historical_control_not_current_demand
27,518,District-Mumbai Suburban,Rural,11,false,marginal_worker_under_3_months,0,0,0,observed,census_c12_maharashtra,104cc65fb8b4822642cc2a36ca925acf4fce066c875b858877e442a3817b3825,1087,2011,historical_control_not_current_demand
27,518,District-Mumbai Suburban,Rural,11,false,non_worker,0,0,0,observed,census_c12_maharashtra,104cc65fb8b4822642cc2a36ca925acf4fce066c875b858877e442a3817b3825,1087,2011,historical_control_not_current_demand
27,518,District-Mumbai Suburban,Rural,12,true,main_worker,0,0,0,observed,census_c12_maharashtra,104cc65fb8b4822642cc2a36ca925acf4fce066c875b858877e442a3817b3825,1088,2011,historical_control_not_current_demand
27,518,District-Mumbai Suburban,Rural,12,true,marginal_worker_3_to_under_6_months,0,0,0,observed,census_c12_maharashtra,104cc65fb8b4822642cc2a36ca925acf4fce066c875b858877e442a3817b3825,1088,2011,historical_control_not_current_demand
27,518,District-Mumbai Suburban,Rural,12,true,marginal_worker_under_3_months,0,0,0,observed,census_c12_maharashtra,104cc65fb8b4822642cc2a36ca925acf4fce066c875b858877e442a3817b3825,1088,2011,historical_control_not_current_demand
27,518,District-Mumbai Suburban,Rural,12,true,non_worker,0,0,0,observed,census_c12_maharashtra,104cc65fb8b4822642cc2a36ca925acf4fce066c875b858877e442a3817b3825,1088,2011,historical_control_not_current_demand
27,518,District-Mumbai Suburban,Rural,12,false,main_worker,0,0,0,observed,census_c12_maharashtra,104cc65fb8b4822642cc2a36ca925acf4fce066c875b858877e442a3817b3825,1088,2011,historical_control_not_current_demand
27,518,District-Mumbai Suburban,Rural,12,false,marginal_worker_3_to_under_6_months,0,0,0,observed,census_c12_maharashtra,104cc65fb8b4822642cc2a36ca925acf4fce066c875b858877e442a3817b3825,1088,2011,historical_control_not_current_demand
27,518,District-Mumbai Suburban,Rural,12,false,marginal_worker_under_3_months,0,0,0,observed,census_c12_maharashtra,104cc65fb8b4822642cc2a36ca925acf4fce066c875b858877e442a3817b3825,1088,2011,historical_control_not_current_demand
27,518,District-Mumbai Suburban,Rural,12,false,non_worker,0,0,0,observed,census_c12_maharashtra,104cc65fb8b4822642cc2a36ca925acf4fce066c875b858877e442a3817b3825,1088,2011,historical_control_not_current_demand
27,518,District-Mumbai Suburban,Rural,13,true,main_worker,0,0,0,observed,census_c12_maharashtra,104cc65fb8b4822642cc2a36ca925acf4fce066c875b858877e442a3817b3825,1089,2011,historical_control_not_current_demand
27,518,District-Mumbai Suburban,Rural,13,true,marginal_worker_3_to_under_6_months,0,0,0,observed,census_c12_maharashtra,104cc65fb8b4822642cc2a36ca925acf4fce066c875b858877e442a3817b3825,1089,2011,historical_control_not_current_demand
27,518,District-Mumbai Suburban,Rural,13,true,marginal_worker_under_3_months,0,0,0,observed,census_c12_maharashtra,104cc65fb8b4822642cc2a36ca925acf4fce066c875b858877e442a3817b3825,1089,2011,historical_control_not_current_demand
27,518,District-Mumbai Suburban,Rural,13,true,non_worker,0,0,0,observed,census_c12_maharashtra,104cc65fb8b4822642cc2a36ca925acf4fce066c875b858877e442a3817b3825,1089,2011,historical_control_not_current_demand
27,518,District-Mumbai Suburban,Rural,13,false,main_worker,0,0,0,observed,census_c12_maharashtra,104cc65fb8b4822642cc2a36ca925acf4fce066c875b858877e442a3817b3825,1089,2011,historical_control_not_current_demand
27,518,District-Mumbai Suburban,Rural,13,false,marginal_worker_3_to_under_6_months,0,0,0,observed,census_c12_maharashtra,104cc65fb8b4822642cc2a36ca925acf4fce066c875b858877e442a3817b3825,1089,2011,historical_control_not_current_demand
27,518,District-Mumbai Suburban,Rural,13,false,marginal_worker_under_3_months,0,0,0,observed,census_c12_maharashtra,104cc65fb8b4822642cc2a36ca925acf4fce066c875b858877e442a3817b3825,1089,2011,historical_control_not_current_demand
27,518,District-Mumbai Suburban,Rural,13,false,non_worker,0,0,0,observed,census_c12_maharashtra,104cc65fb8b4822642cc2a36ca925acf4fce066c875b858877e442a3817b3825,1089,2011,historical_control_not_current_demand
27,518,District-Mumbai Suburban,Rural,14,true,main_worker,0,0,0,observed,census_c12_maharashtra,104cc65fb8b4822642cc2a36ca925acf4fce066c875b858877e442a3817b3825,1090,2011,historical_control_not_current_demand
27,518,District-Mumbai Suburban,Rural,14,true,marginal_worker_3_to_under_6_months,0,0,0,observed,census_c12_maharashtra,104cc65fb8b4822642cc2a36ca925acf4fce066c875b858877e442a3817b3825,1090,2011,historical_control_not_current_demand
27,518,District-Mumbai Suburban,Rural,14,true,marginal_worker_under_3_months,0,0,0,observed,census_c12_maharashtra,104cc65fb8b4822642cc2a36ca925acf4fce066c875b858877e442a3817b3825,1090,2011,historical_control_not_current_demand
27,518,District-Mumbai Suburban,Rural,14,true,non_worker,0,0,0,observed,census_c12_maharashtra,104cc65fb8b4822642cc2a36ca925acf4fce066c875b858877e442a3817b3825,1090,2011,historical_control_not_current_demand
27,518,District-Mumbai Suburban,Rural,14,false,main_worker,0,0,0,observed,census_c12_maharashtra,104cc65fb8b4822642cc2a36ca925acf4fce066c875b858877e442a3817b3825,1090,2011,historical_control_not_current_demand
27,518,District-Mumbai Suburban,Rural,14,false,marginal_worker_3_to_under_6_months,0,0,0,observed,census_c12_maharashtra,104cc65fb8b4822642cc2a36ca925acf4fce066c875b858877e442a3817b3825,1090,2011,historical_control_not_current_demand
27,518,District-Mumbai Suburban,Rural,14,false,marginal_worker_under_3_months,0,0,0,observed,census_c12_maharashtra,104cc65fb8b4822642cc2a36ca925acf4fce066c875b858877e442a3817b3825,1090,2011,historical_control_not_current_demand
27,518,District-Mumbai Suburban,Rural,14,false,non_worker,0,0,0,observed,census_c12_maharashtra,104cc65fb8b4822642cc2a36ca925acf4fce066c875b858877e442a3817b3825,1090,2011,historical_control_not_current_demand
27,518,District-Mumbai Suburban,Rural,15,true,main_worker,0,0,0,observed,census_c12_maharashtra,104cc65fb8b4822642cc2a36ca925acf4fce066c875b858877e442a3817b3825,1091,2011,historical_control_not_current_demand
27,518,District-Mumbai Suburban,Rural,15,true,marginal_worker_3_to_under_6_months,0,0,0,observed,census_c12_maharashtra,104cc65fb8b4822642cc2a36ca925acf4fce066c875b858877e442a3817b3825,1091,2011,historical_control_not_current_demand
27,518,District-Mumbai Suburban,Rural,15,true,marginal_worker_under_3_months,0,0,0,observed,census_c12_maharashtra,104cc65fb8b4822642cc2a36ca925acf4fce066c875b858877e442a3817b3825,1091,2011,historical_control_not_current_demand
27,518,District-Mumbai Suburban,Rural,15,true,non_worker,0,0,0,observed,census_c12_maharashtra,104cc65fb8b4822642cc2a36ca925acf4fce066c875b858877e442a3817b3825,1091,2011,historical_control_not_current_demand
27,518,District-Mumbai Suburban,Rural,15,false,main_worker,0,0,0,observed,census_c12_maharashtra,104cc65fb8b4822642cc2a36ca925acf4fce066c875b858877e442a3817b3825,1091,2011,historical_control_not_current_demand
27,518,District-Mumbai Suburban,Rural,15,false,marginal_worker_3_to_under_6_months,0,0,0,observed,census_c12_maharashtra,104cc65fb8b4822642cc2a36ca925acf4fce066c875b858877e442a3817b3825,1091,2011,historical_control_not_current_demand
27,518,District-Mumbai Suburban,Rural,15,false,marginal_worker_under_3_months,0,0,0,observed,census_c12_maharashtra,104cc65fb8b4822642cc2a36ca925acf4fce066c875b858877e442a3817b3825,1091,2011,historical_control_not_current_demand
27,518,District-Mumbai Suburban,Rural,15,false,non_worker,0,0,0,observed,census_c12_maharashtra,104cc65fb8b4822642cc2a36ca925acf4fce066c875b858877e442a3817b3825,1091,2011,historical_control_not_current_demand
27,518,District-Mumbai Suburban,Rural,16,true,main_worker,0,0,0,observed,census_c12_maharashtra,104cc65fb8b4822642cc2a36ca925acf4fce066c875b858877e442a3817b3825,1092,2011,historical_control_not_current_demand
27,518,District-Mumbai Suburban,Rural,16,true,marginal_worker_3_to_under_6_months,0,0,0,observed,census_c12_maharashtra,104cc65fb8b4822642cc2a36ca925acf4fce066c875b858877e442a3817b3825,1092,2011,historical_control_not_current_demand
27,518,District-Mumbai Suburban,Rural,16,true,marginal_worker_under_3_months,0,0,0,observed,census_c12_maharashtra,104cc65fb8b4822642cc2a36ca925acf4fce066c875b858877e442a3817b3825,1092,2011,historical_control_not_current_demand
27,518,District-Mumbai Suburban,Rural,16,true,non_worker,0,0,0,observed,census_c12_maharashtra,104cc65fb8b4822642cc2a36ca925acf4fce066c875b858877e442a3817b3825,1092,2011,historical_control_not_current_demand
27,518,District-Mumbai Suburban,Rural,16,false,main_worker,0,0,0,observed,census_c12_maharashtra,104cc65fb8b4822642cc2a36ca925acf4fce066c875b858877e442a3817b3825,1092,2011,historical_control_not_current_demand
27,518,District-Mumbai Suburban,Rural,16,false,marginal_worker_3_to_under_6_months,0,0,0,observed,census_c12_maharashtra,104cc65fb8b4822642cc2a36ca925acf4fce066c875b858877e442a3817b3825,1092,2011,historical_control_not_current_demand
27,518,District-Mumbai Suburban,Rural,16,false,marginal_worker_under_3_months,0,0,0,observed,census_c12_maharashtra,104cc65fb8b4822642cc2a36ca925acf4fce066c875b858877e442a3817b3825,1092,2011,historical_control_not_current_demand
27,518,District-Mumbai Suburban,Rural,16,false,non_worker,0,0,0,observed,census_c12_maharashtra,104cc65fb8b4822642cc2a36ca925acf4fce066c875b858877e442a3817b3825,1092,2011,historical_control_not_current_demand
27,518,District-Mumbai Suburban,Rural,17,true,main_worker,0,0,0,observed,census_c12_maharashtra,104cc65fb8b4822642cc2a36ca925acf4fce066c875b858877e442a3817b3825,1093,2011,historical_control_not_current_demand
27,518,District-Mumbai Suburban,Rural,17,true,marginal_worker_3_to_under_6_months,0,0,0,observed,census_c12_maharashtra,104cc65fb8b4822642cc2a36ca925acf4fce066c875b858877e442a3817b3825,1093,2011,historical_control_not_current_demand
27,518,District-Mumbai Suburban,Rural,17,true,marginal_worker_under_3_months,0,0,0,observed,census_c12_maharashtra,104cc65fb8b4822642cc2a36ca925acf4fce066c875b858877e442a3817b3825,1093,2011,historical_control_not_current_demand
27,518,District-Mumbai Suburban,Rural,17,true,non_worker,0,0,0,observed,census_c12_maharashtra,104cc65fb8b4822642cc2a36ca925acf4fce066c875b858877e442a3817b3825,1093,2011,historical_control_not_current_demand
27,518,District-Mumbai Suburban,Rural,17,false,main_worker,0,0,0,observed,census_c12_maharashtra,104cc65fb8b4822642cc2a36ca925acf4fce066c875b858877e442a3817b3825,1093,2011,historical_control_not_current_demand
27,518,District-Mumbai Suburban,Rural,17,false,marginal_worker_3_to_under_6_months,0,0,0,observed,census_c12_maharashtra,104cc65fb8b4822642cc2a36ca925acf4fce066c875b858877e442a3817b3825,1093,2011,historical_control_not_current_demand
27,518,District-Mumbai Suburban,Rural,17,false,marginal_worker_under_3_months,0,0,0,observed,census_c12_maharashtra,104cc65fb8b4822642cc2a36ca925acf4fce066c875b858877e442a3817b3825,1093,2011,historical_control_not_current_demand
27,518,District-Mumbai Suburban,Rural,17,false,non_worker,0,0,0,observed,census_c12_maharashtra,104cc65fb8b4822642cc2a36ca925acf4fce066c875b858877e442a3817b3825,1093,2011,historical_control_not_current_demand
27,518,District-Mumbai Suburban,Rural,18,true,main_worker,0,0,0,observed,census_c12_maharashtra,104cc65fb8b4822642cc2a36ca925acf4fce066c875b858877e442a3817b3825,1094,2011,historical_control_not_current_demand
27,518,District-Mumbai Suburban,Rural,18,true,marginal_worker_3_to_under_6_months,0,0,0,observed,census_c12_maharashtra,104cc65fb8b4822642cc2a36ca925acf4fce066c875b858877e442a3817b3825,1094,2011,historical_control_not_current_demand
27,518,District-Mumbai Suburban,Rural,18,true,marginal_worker_under_3_months,0,0,0,observed,census_c12_maharashtra,104cc65fb8b4822642cc2a36ca925acf4fce066c875b858877e442a3817b3825,1094,2011,historical_control_not_current_demand
27,518,District-Mumbai Suburban,Rural,18,true,non_worker,0,0,0,observed,census_c12_maharashtra,104cc65fb8b4822642cc2a36ca925acf4fce066c875b858877e442a3817b3825,1094,2011,historical_control_not_current_demand
27,518,District-Mumbai Suburban,Rural,18,false,main_worker,0,0,0,observed,census_c12_maharashtra,104cc65fb8b4822642cc2a36ca925acf4fce066c875b858877e442a3817b3825,1094,2011,historical_control_not_current_demand
27,518,District-Mumbai Suburban,Rural,18,false,marginal_worker_3_to_under_6_months,0,0,0,observed,census_c12_maharashtra,104cc65fb8b4822642cc2a36ca925acf4fce066c875b858877e442a3817b3825,1094,2011,historical_control_not_current_demand
27,518,District-Mumbai Suburban,Rural,18,false,marginal_worker_under_3_months,0,0,0,observed,census_c12_maharashtra,104cc65fb8b4822642cc2a36ca925acf4fce066c875b858877e442a3817b3825,1094,2011,historical_control_not_current_demand
27,518,District-Mumbai Suburban,Rural,18,false,non_worker,0,0,0,observed,census_c12_maharashtra,104cc65fb8b4822642cc2a36ca925acf4fce066c875b858877e442a3817b3825,1094,2011,historical_control_not_current_demand
27,518,District-Mumbai Suburban,Rural,19,true,main_worker,0,0,0,observed,census_c12_maharashtra,104cc65fb8b4822642cc2a36ca925acf4fce066c875b858877e442a3817b3825,1095,2011,historical_control_not_current_demand
27,518,District-Mumbai Suburban,Rural,19,true,marginal_worker_3_to_under_6_months,0,0,0,observed,census_c12_maharashtra,104cc65fb8b4822642cc2a36ca925acf4fce066c875b858877e442a3817b3825,1095,2011,historical_control_not_current_demand
27,518,District-Mumbai Suburban,Rural,19,true,marginal_worker_under_3_months,0,0,0,observed,census_c12_maharashtra,104cc65fb8b4822642cc2a36ca925acf4fce066c875b858877e442a3817b3825,1095,2011,historical_control_not_current_demand
27,518,District-Mumbai Suburban,Rural,19,true,non_worker,0,0,0,observed,census_c12_maharashtra,104cc65fb8b4822642cc2a36ca925acf4fce066c875b858877e442a3817b3825,1095,2011,historical_control_not_current_demand
27,518,District-Mumbai Suburban,Rural,19,false,main_worker,0,0,0,observed,census_c12_maharashtra,104cc65fb8b4822642cc2a36ca925acf4fce066c875b858877e442a3817b3825,1095,2011,historical_control_not_current_demand
27,518,District-Mumbai Suburban,Rural,19,false,marginal_worker_3_to_under_6_months,0,0,0,observed,census_c12_maharashtra,104cc65fb8b4822642cc2a36ca925acf4fce066c875b858877e442a3817b3825,1095,2011,historical_control_not_current_demand
27,518,District-Mumbai Suburban,Rural,19,false,marginal_worker_under_3_months,0,0,0,observed,census_c12_maharashtra,104cc65fb8b4822642cc2a36ca925acf4fce066c875b858877e442a3817b3825,1095,2011,historical_control_not_current_demand
27,518,District-Mumbai Suburban,Rural,19,false,non_worker,0,0,0,observed,census_c12_maharashtra,104cc65fb8b4822642cc2a36ca925acf4fce066c875b858877e442a3817b3825,1095,2011,historical_control_not_current_demand
27,518,District-Mumbai Suburban,Urban,5-19,true,main_worker,26456,16929,9527,observed,census_c12_maharashtra,104cc65fb8b4822642cc2a36ca925acf4fce066c875b858877e442a3817b3825,1096,2011,historical_control_not_current_demand
27,518,District-Mumbai Suburban,Urban,5-19,true,marginal_worker_3_to_under_6_months,20503,11157,9346,observed,census_c12_maharashtra,104cc65fb8b4822642cc2a36ca925acf4fce066c875b858877e442a3817b3825,1096,2011,historical_control_not_current_demand
27,518,District-Mumbai Suburban,Urban,5-19,true,marginal_worker_under_3_months,1246,754,492,observed,census_c12_maharashtra,104cc65fb8b4822642cc2a36ca925acf4fce066c875b858877e442a3817b3825,1096,2011,historical_control_not_current_demand
27,518,District-Mumbai Suburban,Urban,5-19,true,non_worker,1762276,939361,822915,observed,census_c12_maharashtra,104cc65fb8b4822642cc2a36ca925acf4fce066c875b858877e442a3817b3825,1096,2011,historical_control_not_current_demand
27,518,District-Mumbai Suburban,Urban,5-19,false,main_worker,121073,96295,24778,observed,census_c12_maharashtra,104cc65fb8b4822642cc2a36ca925acf4fce066c875b858877e442a3817b3825,1096,2011,historical_control_not_current_demand
27,518,District-Mumbai Suburban,Urban,5-19,false,marginal_worker_3_to_under_6_months,12654,8242,4412,observed,census_c12_maharashtra,104cc65fb8b4822642cc2a36ca925acf4fce066c875b858877e442a3817b3825,1096,2011,historical_control_not_current_demand
27,518,District-Mumbai Suburban,Urban,5-19,false,marginal_worker_under_3_months,3303,2342,961,observed,census_c12_maharashtra,104cc65fb8b4822642cc2a36ca925acf4fce066c875b858877e442a3817b3825,1096,2011,historical_control_not_current_demand
27,518,District-Mumbai Suburban,Urban,5-19,false,non_worker,356176,163264,192912,observed,census_c12_maharashtra,104cc65fb8b4822642cc2a36ca925acf4fce066c875b858877e442a3817b3825,1096,2011,historical_control_not_current_demand
27,518,District-Mumbai Suburban,Urban,5,true,main_worker,425,236,189,observed,census_c12_maharashtra,104cc65fb8b4822642cc2a36ca925acf4fce066c875b858877e442a3817b3825,1097,2011,historical_control_not_current_demand
27,518,District-Mumbai Suburban,Urban,5,true,marginal_worker_3_to_under_6_months,502,263,239,observed,census_c12_maharashtra,104cc65fb8b4822642cc2a36ca925acf4fce066c875b858877e442a3817b3825,1097,2011,historical_control_not_current_demand
27,518,District-Mumbai Suburban,Urban,5,true,marginal_worker_under_3_months,12,8,4,observed,census_c12_maharashtra,104cc65fb8b4822642cc2a36ca925acf4fce066c875b858877e442a3817b3825,1097,2011,historical_control_not_current_demand
27,518,District-Mumbai Suburban,Urban,5,true,non_worker,47219,25002,22217,observed,census_c12_maharashtra,104cc65fb8b4822642cc2a36ca925acf4fce066c875b858877e442a3817b3825,1097,2011,historical_control_not_current_demand
27,518,District-Mumbai Suburban,Urban,5,false,main_worker,1162,657,505,observed,census_c12_maharashtra,104cc65fb8b4822642cc2a36ca925acf4fce066c875b858877e442a3817b3825,1097,2011,historical_control_not_current_demand
27,518,District-Mumbai Suburban,Urban,5,false,marginal_worker_3_to_under_6_months,639,331,308,observed,census_c12_maharashtra,104cc65fb8b4822642cc2a36ca925acf4fce066c875b858877e442a3817b3825,1097,2011,historical_control_not_current_demand
27,518,District-Mumbai Suburban,Urban,5,false,marginal_worker_under_3_months,48,27,21,observed,census_c12_maharashtra,104cc65fb8b4822642cc2a36ca925acf4fce066c875b858877e442a3817b3825,1097,2011,historical_control_not_current_demand
27,518,District-Mumbai Suburban,Urban,5,false,non_worker,94434,49636,44798,observed,census_c12_maharashtra,104cc65fb8b4822642cc2a36ca925acf4fce066c875b858877e442a3817b3825,1097,2011,historical_control_not_current_demand
27,518,District-Mumbai Suburban,Urban,6,true,main_worker,614,333,281,observed,census_c12_maharashtra,104cc65fb8b4822642cc2a36ca925acf4fce066c875b858877e442a3817b3825,1098,2011,historical_control_not_current_demand
27,518,District-Mumbai Suburban,Urban,6,true,marginal_worker_3_to_under_6_months,720,341,379,observed,census_c12_maharashtra,104cc65fb8b4822642cc2a36ca925acf4fce066c875b858877e442a3817b3825,1098,2011,historical_control_not_current_demand
27,518,District-Mumbai Suburban,Urban,6,true,marginal_worker_under_3_months,33,18,15,observed,census_c12_maharashtra,104cc65fb8b4822642cc2a36ca925acf4fce066c875b858877e442a3817b3825,1098,2011,historical_control_not_current_demand
27,518,District-Mumbai Suburban,Urban,6,true,non_worker,70068,36455,33613,observed,census_c12_maharashtra,104cc65fb8b4822642cc2a36ca925acf4fce066c875b858877e442a3817b3825,1098,2011,historical_control_not_current_demand
27,518,District-Mumbai Suburban,Urban,6,false,main_worker,770,446,324,observed,census_c12_maharashtra,104cc65fb8b4822642cc2a36ca925acf4fce066c875b858877e442a3817b3825,1098,2011,historical_control_not_current_demand
27,518,District-Mumbai Suburban,Urban,6,false,marginal_worker_3_to_under_6_months,459,245,214,observed,census_c12_maharashtra,104cc65fb8b4822642cc2a36ca925acf4fce066c875b858877e442a3817b3825,1098,2011,historical_control_not_current_demand
27,518,District-Mumbai Suburban,Urban,6,false,marginal_worker_under_3_months,32,18,14,observed,census_c12_maharashtra,104cc65fb8b4822642cc2a36ca925acf4fce066c875b858877e442a3817b3825,1098,2011,historical_control_not_current_demand
27,518,District-Mumbai Suburban,Urban,6,false,non_worker,65671,34572,31099,observed,census_c12_maharashtra,104cc65fb8b4822642cc2a36ca925acf4fce066c875b858877e442a3817b3825,1098,2011,historical_control_not_current_demand
27,518,District-Mumbai Suburban,Urban,7,true,main_worker,893,528,365,observed,census_c12_maharashtra,104cc65fb8b4822642cc2a36ca925acf4fce066c875b858877e442a3817b3825,1099,2011,historical_control_not_current_demand
27,518,District-Mumbai Suburban,Urban,7,true,marginal_worker_3_to_under_6_months,1083,567,516,observed,census_c12_maharashtra,104cc65fb8b4822642cc2a36ca925acf4fce066c875b858877e442a3817b3825,1099,2011,historical_control_not_current_demand
27,518,District-Mumbai Suburban,Urban,7,true,marginal_worker_under_3_months,34,14,20,observed,census_c12_maharashtra,104cc65fb8b4822642cc2a36ca925acf4fce066c875b858877e442a3817b3825,1099,2011,historical_control_not_current_demand
27,518,District-Mumbai Suburban,Urban,7,true,non_worker,122142,63865,58277,observed,census_c12_maharashtra,104cc65fb8b4822642cc2a36ca925acf4fce066c875b858877e442a3817b3825,1099,2011,historical_control_not_current_demand
27,518,District-Mumbai Suburban,Urban,7,false,main_worker,528,333,195,observed,census_c12_maharashtra,104cc65fb8b4822642cc2a36ca925acf4fce066c875b858877e442a3817b3825,1099,2011,historical_control_not_current_demand
27,518,District-Mumbai Suburban,Urban,7,false,marginal_worker_3_to_under_6_months,192,113,79,observed,census_c12_maharashtra,104cc65fb8b4822642cc2a36ca925acf4fce066c875b858877e442a3817b3825,1099,2011,historical_control_not_current_demand
27,518,District-Mumbai Suburban,Urban,7,false,marginal_worker_under_3_months,19,12,7,observed,census_c12_maharashtra,104cc65fb8b4822642cc2a36ca925acf4fce066c875b858877e442a3817b3825,1099,2011,historical_control_not_current_demand
27,518,District-Mumbai Suburban,Urban,7,false,non_worker,18595,9828,8767,observed,census_c12_maharashtra,104cc65fb8b4822642cc2a36ca925acf4fce066c875b858877e442a3817b3825,1099,2011,historical_control_not_current_demand
27,518,District-Mumbai Suburban,Urban,8,true,main_worker,1005,557,448,observed,census_c12_maharashtra,104cc65fb8b4822642cc2a36ca925acf4fce066c875b858877e442a3817b3825,1100,2011,historical_control_not_current_demand
27,518,District-Mumbai Suburban,Urban,8,true,marginal_worker_3_to_under_6_months,1174,622,552,observed,census_c12_maharashtra,104cc65fb8b4822642cc2a36ca925acf4fce066c875b858877e442a3817b3825,1100,2011,historical_control_not_current_demand
27,518,District-Mumbai Suburban,Urban,8,true,marginal_worker_under_3_months,40,17,23,observed,census_c12_maharashtra,104cc65fb8b4822642cc2a36ca925acf4fce066c875b858877e442a3817b3825,1100,2011,historical_control_not_current_demand
27,518,District-Mumbai Suburban,Urban,8,true,non_worker,127797,67485,60312,observed,census_c12_maharashtra,104cc65fb8b4822642cc2a36ca925acf4fce066c875b858877e442a3817b3825,1100,2011,historical_control_not_current_demand
27,518,District-Mumbai Suburban,Urban,8,false,main_worker,442,278,164,observed,census_c12_maharashtra,104cc65fb8b4822642cc2a36ca925acf4fce066c875b858877e442a3817b3825,1100,2011,historical_control_not_current_demand
27,518,District-Mumbai Suburban,Urban,8,false,marginal_worker_3_to_under_6_months,134,73,61,observed,census_c12_maharashtra,104cc65fb8b4822642cc2a36ca925acf4fce066c875b858877e442a3817b3825,1100,2011,historical_control_not_current_demand
27,518,District-Mumbai Suburban,Urban,8,false,marginal_worker_under_3_months,12,6,6,observed,census_c12_maharashtra,104cc65fb8b4822642cc2a36ca925acf4fce066c875b858877e442a3817b3825,1100,2011,historical_control_not_current_demand
27,518,District-Mumbai Suburban,Urban,8,false,non_worker,8540,4326,4214,observed,census_c12_maharashtra,104cc65fb8b4822642cc2a36ca925acf4fce066c875b858877e442a3817b3825,1100,2011,historical_control_not_current_demand
27,518,District-Mumbai Suburban,Urban,9,true,main_worker,964,555,409,observed,census_c12_maharashtra,104cc65fb8b4822642cc2a36ca925acf4fce066c875b858877e442a3817b3825,1101,2011,historical_control_not_current_demand
27,518,District-Mumbai Suburban,Urban,9,true,marginal_worker_3_to_under_6_months,1333,709,624,observed,census_c12_maharashtra,104cc65fb8b4822642cc2a36ca925acf4fce066c875b858877e442a3817b3825,1101,2011,historical_control_not_current_demand
27,518,District-Mumbai Suburban,Urban,9,true,marginal_worker_under_3_months,43,23,20,observed,census_c12_maharashtra,104cc65fb8b4822642cc2a36ca925acf4fce066c875b858877e442a3817b3825,1101,2011,historical_control_not_current_demand
27,518,District-Mumbai Suburban,Urban,9,true,non_worker,126329,66736,59593,observed,census_c12_maharashtra,104cc65fb8b4822642cc2a36ca925acf4fce066c875b858877e442a3817b3825,1101,2011,historical_control_not_current_demand
27,518,District-Mumbai Suburban,Urban,9,false,main_worker,437,272,165,observed,census_c12_maharashtra,104cc65fb8b4822642cc2a36ca925acf4fce066c875b858877e442a3817b3825,1101,2011,historical_control_not_current_demand
27,518,District-Mumbai Suburban,Urban,9,false,marginal_worker_3_to_under_6_months,135,80,55,observed,census_c12_maharashtra,104cc65fb8b4822642cc2a36ca925acf4fce066c875b858877e442a3817b3825,1101,2011,historical_control_not_current_demand
27,518,District-Mumbai Suburban,Urban,9,false,marginal_worker_under_3_months,15,8,7,observed,census_c12_maharashtra,104cc65fb8b4822642cc2a36ca925acf4fce066c875b858877e442a3817b3825,1101,2011,historical_control_not_current_demand
27,518,District-Mumbai Suburban,Urban,9,false,non_worker,6427,3268,3159,observed,census_c12_maharashtra,104cc65fb8b4822642cc2a36ca925acf4fce066c875b858877e442a3817b3825,1101,2011,historical_control_not_current_demand
27,518,District-Mumbai Suburban,Urban,10,true,main_worker,1275,713,562,observed,census_c12_maharashtra,104cc65fb8b4822642cc2a36ca925acf4fce066c875b858877e442a3817b3825,1102,2011,historical_control_not_current_demand
27,518,District-Mumbai Suburban,Urban,10,true,marginal_worker_3_to_under_6_months,1509,775,734,observed,census_c12_maharashtra,104cc65fb8b4822642cc2a36ca925acf4fce066c875b858877e442a3817b3825,1102,2011,historical_control_not_current_demand
27,518,District-Mumbai Suburban,Urban,10,true,marginal_worker_under_3_months,49,30,19,observed,census_c12_maharashtra,104cc65fb8b4822642cc2a36ca925acf4fce066c875b858877e442a3817b3825,1102,2011,historical_control_not_current_demand
27,518,District-Mumbai Suburban,Urban,10,true,non_worker,151462,80575,70887,observed,census_c12_maharashtra,104cc65fb8b4822642cc2a36ca925acf4fce066c875b858877e442a3817b3825,1102,2011,historical_control_not_current_demand
27,518,District-Mumbai Suburban,Urban,10,false,main_worker,647,422,225,observed,census_c12_maharashtra,104cc65fb8b4822642cc2a36ca925acf4fce066c875b858877e442a3817b3825,1102,2011,historical_control_not_current_demand
27,518,District-Mumbai Suburban,Urban,10,false,marginal_worker_3_to_under_6_months,171,91,80,observed,census_c12_maharashtra,104cc65fb8b4822642cc2a36ca925acf4fce066c875b858877e442a3817b3825,1102,2011,historical_control_not_current_demand
27,518,District-Mumbai Suburban,Urban,10,false,marginal_worker_under_3_months,19,10,9,observed,census_c12_maharashtra,104cc65fb8b4822642cc2a36ca925acf4fce066c875b858877e442a3817b3825,1102,2011,historical_control_not_current_demand
27,518,District-Mumbai Suburban,Urban,10,false,non_worker,9356,4769,4587,observed,census_c12_maharashtra,104cc65fb8b4822642cc2a36ca925acf4fce066c875b858877e442a3817b3825,1102,2011,historical_control_not_current_demand
27,518,District-Mumbai Suburban,Urban,11,true,main_worker,1262,729,533,observed,census_c12_maharashtra,104cc65fb8b4822642cc2a36ca925acf4fce066c875b858877e442a3817b3825,1103,2011,historical_control_not_current_demand
27,518,District-Mumbai Suburban,Urban,11,true,marginal_worker_3_to_under_6_months,1386,709,677,observed,census_c12_maharashtra,104cc65fb8b4822642cc2a36ca925acf4fce066c875b858877e442a3817b3825,1103,2011,historical_control_not_current_demand
27,518,District-Mumbai Suburban,Urban,11,true,marginal_worker_under_3_months,57,34,23,observed,census_c12_maharashtra,104cc65fb8b4822642cc2a36ca925acf4fce066c875b858877e442a3817b3825,1103,2011,historical_control_not_current_demand
27,518,District-Mumbai Suburban,Urban,11,true,non_worker,140526,74082,66444,observed,census_c12_maharashtra,104cc65fb8b4822642cc2a36ca925acf4fce066c875b858877e442a3817b3825,1103,2011,historical_control_not_current_demand
27,518,District-Mumbai Suburban,Urban,11,false,main_worker,1855,1367,488,observed,census_c12_maharashtra,104cc65fb8b4822642cc2a36ca925acf4fce066c875b858877e442a3817b3825,1103,2011,historical_control_not_current_demand
27,518,District-Mumbai Suburban,Urban,11,false,marginal_worker_3_to_under_6_months,245,137,108,observed,census_c12_maharashtra,104cc65fb8b4822642cc2a36ca925acf4fce066c875b858877e442a3817b3825,1103,2011,historical_control_not_current_demand
27,518,District-Mumbai Suburban,Urban,11,false,marginal_worker_under_3_months,37,29,8,observed,census_c12_maharashtra,104cc65fb8b4822642cc2a36ca925acf4fce066c875b858877e442a3817b3825,1103,2011,historical_control_not_current_demand
27,518,District-Mumbai Suburban,Urban,11,false,non_worker,7045,3314,3731,observed,census_c12_maharashtra,104cc65fb8b4822642cc2a36ca925acf4fce066c875b858877e442a3817b3825,1103,2011,historical_control_not_current_demand
27,518,District-Mumbai Suburban,Urban,12,true,main_worker,1328,815,513,observed,census_c12_maharashtra,104cc65fb8b4822642cc2a36ca925acf4fce066c875b858877e442a3817b3825,1104,2011,historical_control_not_current_demand
27,518,District-Mumbai Suburban,Urban,12,true,marginal_worker_3_to_under_6_months,1386,744,642,observed,census_c12_maharashtra,104cc65fb8b4822642cc2a36ca925acf4fce066c875b858877e442a3817b3825,1104,2011,historical_control_not_current_demand
27,518,District-Mumbai Suburban,Urban,12,true,marginal_worker_under_3_months,65,38,27,observed,census_c12_maharashtra,104cc65fb8b4822642cc2a36ca925acf4fce066c875b858877e442a3817b3825,1104,2011,historical_control_not_current_demand
27,518,District-Mumbai Suburban,Urban,12,true,non_worker,138026,73471,64555,observed,census_c12_maharashtra,104cc65fb8b4822642cc2a36ca925acf4fce066c875b858877e442a3817b3825,1104,2011,historical_control_not_current_demand
27,518,District-Mumbai Suburban,Urban,12,false,main_worker,2514,1932,582,observed,census_c12_maharashtra,104cc65fb8b4822642cc2a36ca925acf4fce066c875b858877e442a3817b3825,1104,2011,historical_control_not_current_demand
27,518,District-Mumbai Suburban,Urban,12,false,marginal_worker_3_to_under_6_months,285,171,114,observed,census_c12_maharashtra,104cc65fb8b4822642cc2a36ca925acf4fce066c875b858877e442a3817b3825,1104,2011,historical_control_not_current_demand
27,518,District-Mumbai Suburban,Urban,12,false,marginal_worker_under_3_months,63,43,20,observed,census_c12_maharashtra,104cc65fb8b4822642cc2a36ca925acf4fce066c875b858877e442a3817b3825,1104,2011,historical_control_not_current_demand
27,518,District-Mumbai Suburban,Urban,12,false,non_worker,7336,3412,3924,observed,census_c12_maharashtra,104cc65fb8b4822642cc2a36ca925acf4fce066c875b858877e442a3817b3825,1104,2011,historical_control_not_current_demand
27,518,District-Mumbai Suburban,Urban,13,true,main_worker,1310,776,534,observed,census_c12_maharashtra,104cc65fb8b4822642cc2a36ca925acf4fce066c875b858877e442a3817b3825,1105,2011,historical_control_not_current_demand
27,518,District-Mumbai Suburban,Urban,13,true,marginal_worker_3_to_under_6_months,1431,791,640,observed,census_c12_maharashtra,104cc65fb8b4822642cc2a36ca925acf4fce066c875b858877e442a3817b3825,1105,2011,historical_control_not_current_demand
27,518,District-Mumbai Suburban,Urban,13,true,marginal_worker_under_3_months,70,37,33,observed,census_c12_maharashtra,104cc65fb8b4822642cc2a36ca925acf4fce066c875b858877e442a3817b3825,1105,2011,historical_control_not_current_demand
27,518,District-Mumbai Suburban,Urban,13,true,non_worker,135519,71328,64191,observed,census_c12_maharashtra,104cc65fb8b4822642cc2a36ca925acf4fce066c875b858877e442a3817b3825,1105,2011,historical_control_not_current_demand
27,518,District-Mumbai Suburban,Urban,13,false,main_worker,2539,1878,661,observed,census_c12_maharashtra,104cc65fb8b4822642cc2a36ca925acf4fce066c875b858877e442a3817b3825,1105,2011,historical_control_not_current_demand
27,518,District-Mumbai Suburban,Urban,13,false,marginal_worker_3_to_under_6_months,303,184,119,observed,census_c12_maharashtra,104cc65fb8b4822642cc2a36ca925acf4fce066c875b858877e442a3817b3825,1105,2011,historical_control_not_current_demand
27,518,District-Mumbai Suburban,Urban,13,false,marginal_worker_under_3_months,61,35,26,observed,census_c12_maharashtra,104cc65fb8b4822642cc2a36ca925acf4fce066c875b858877e442a3817b3825,1105,2011,historical_control_not_current_demand
27,518,District-Mumbai Suburban,Urban,13,false,non_worker,7386,3277,4109,observed,census_c12_maharashtra,104cc65fb8b4822642cc2a36ca925acf4fce066c875b858877e442a3817b3825,1105,2011,historical_control_not_current_demand
27,518,District-Mumbai Suburban,Urban,14,true,main_worker,1382,852,530,observed,census_c12_maharashtra,104cc65fb8b4822642cc2a36ca925acf4fce066c875b858877e442a3817b3825,1106,2011,historical_control_not_current_demand
27,518,District-Mumbai Suburban,Urban,14,true,marginal_worker_3_to_under_6_months,1456,774,682,observed,census_c12_maharashtra,104cc65fb8b4822642cc2a36ca925acf4fce066c875b858877e442a3817b3825,1106,2011,historical_control_not_current_demand
27,518,District-Mumbai Suburban,Urban,14,true,marginal_worker_under_3_months,79,42,37,observed,census_c12_maharashtra,104cc65fb8b4822642cc2a36ca925acf4fce066c875b858877e442a3817b3825,1106,2011,historical_control_not_current_demand
27,518,District-Mumbai Suburban,Urban,14,true,non_worker,134431,71270,63161,observed,census_c12_maharashtra,104cc65fb8b4822642cc2a36ca925acf4fce066c875b858877e442a3817b3825,1106,2011,historical_control_not_current_demand
27,518,District-Mumbai Suburban,Urban,14,false,main_worker,3665,2762,903,observed,census_c12_maharashtra,104cc65fb8b4822642cc2a36ca925acf4fce066c875b858877e442a3817b3825,1106,2011,historical_control_not_current_demand
27,518,District-Mumbai Suburban,Urban,14,false,marginal_worker_3_to_under_6_months,446,243,203,observed,census_c12_maharashtra,104cc65fb8b4822642cc2a36ca925acf4fce066c875b858877e442a3817b3825,1106,2011,historical_control_not_current_demand
27,518,District-Mumbai Suburban,Urban,14,false,marginal_worker_under_3_months,107,61,46,observed,census_c12_maharashtra,104cc65fb8b4822642cc2a36ca925acf4fce066c875b858877e442a3817b3825,1106,2011,historical_control_not_current_demand
27,518,District-Mumbai Suburban,Urban,14,false,non_worker,9646,4099,5547,observed,census_c12_maharashtra,104cc65fb8b4822642cc2a36ca925acf4fce066c875b858877e442a3817b3825,1106,2011,historical_control_not_current_demand
27,518,District-Mumbai Suburban,Urban,15,true,main_worker,1978,1198,780,observed,census_c12_maharashtra,104cc65fb8b4822642cc2a36ca925acf4fce066c875b858877e442a3817b3825,1107,2011,historical_control_not_current_demand
27,518,District-Mumbai Suburban,Urban,15,true,marginal_worker_3_to_under_6_months,1524,848,676,observed,census_c12_maharashtra,104cc65fb8b4822642cc2a36ca925acf4fce066c875b858877e442a3817b3825,1107,2011,historical_control_not_current_demand
27,518,District-Mumbai Suburban,Urban,15,true,marginal_worker_under_3_months,84,44,40,observed,census_c12_maharashtra,104cc65fb8b4822642cc2a36ca925acf4fce066c875b858877e442a3817b3825,1107,2011,historical_control_not_current_demand
27,518,District-Mumbai Suburban,Urban,15,true,non_worker,132305,70844,61461,observed,census_c12_maharashtra,104cc65fb8b4822642cc2a36ca925acf4fce066c875b858877e442a3817b3825,1107,2011,historical_control_not_current_demand
27,518,District-Mumbai Suburban,Urban,15,false,main_worker,6839,5203,1636,observed,census_c12_maharashtra,104cc65fb8b4822642cc2a36ca925acf4fce066c875b858877e442a3817b3825,1107,2011,historical_control_not_current_demand
27,518,District-Mumbai Suburban,Urban,15,false,marginal_worker_3_to_under_6_months,789,520,269,observed,census_c12_maharashtra,104cc65fb8b4822642cc2a36ca925acf4fce066c875b858877e442a3817b3825,1107,2011,historical_control_not_current_demand
27,518,District-Mumbai Suburban,Urban,15,false,marginal_worker_under_3_months,211,136,75,observed,census_c12_maharashtra,104cc65fb8b4822642cc2a36ca925acf4fce066c875b858877e442a3817b3825,1107,2011,historical_control_not_current_demand
27,518,District-Mumbai Suburban,Urban,15,false,non_worker,13757,5718,8039,observed,census_c12_maharashtra,104cc65fb8b4822642cc2a36ca925acf4fce066c875b858877e442a3817b3825,1107,2011,historical_control_not_current_demand
27,518,District-Mumbai Suburban,Urban,16,true,main_worker,2245,1443,802,observed,census_c12_maharashtra,104cc65fb8b4822642cc2a36ca925acf4fce066c875b858877e442a3817b3825,1108,2011,historical_control_not_current_demand
27,518,District-Mumbai Suburban,Urban,16,true,marginal_worker_3_to_under_6_months,1596,903,693,observed,census_c12_maharashtra,104cc65fb8b4822642cc2a36ca925acf4fce066c875b858877e442a3817b3825,1108,2011,historical_control_not_current_demand
27,518,District-Mumbai Suburban,Urban,16,true,marginal_worker_under_3_months,107,56,51,observed,census_c12_maharashtra,104cc65fb8b4822642cc2a36ca925acf4fce066c875b858877e442a3817b3825,1108,2011,historical_control_not_current_demand
27,518,District-Mumbai Suburban,Urban,16,true,non_worker,120157,64584,55573,observed,census_c12_maharashtra,104cc65fb8b4822642cc2a36ca925acf4fce066c875b858877e442a3817b3825,1108,2011,historical_control_not_current_demand
27,518,District-Mumbai Suburban,Urban,16,false,main_worker,9828,7561,2267,observed,census_c12_maharashtra,104cc65fb8b4822642cc2a36ca925acf4fce066c875b858877e442a3817b3825,1108,2011,historical_control_not_current_demand
27,518,District-Mumbai Suburban,Urban,16,false,marginal_worker_3_to_under_6_months,1017,655,362,observed,census_c12_maharashtra,104cc65fb8b4822642cc2a36ca925acf4fce066c875b858877e442a3817b3825,1108,2011,historical_control_not_current_demand
27,518,District-Mumbai Suburban,Urban,16,false,marginal_worker_under_3_months,306,209,97,observed,census_c12_maharashtra,104cc65fb8b4822642cc2a36ca925acf4fce066c875b858877e442a3817b3825,1108,2011,historical_control_not_current_demand
27,518,District-Mumbai Suburban,Urban,16,false,non_worker,17089,6667,10422,observed,census_c12_maharashtra,104cc65fb8b4822642cc2a36ca925acf4fce066c875b858877e442a3817b3825,1108,2011,historical_control_not_current_demand
27,518,District-Mumbai Suburban,Urban,17,true,main_worker,2803,1876,927,observed,census_c12_maharashtra,104cc65fb8b4822642cc2a36ca925acf4fce066c875b858877e442a3817b3825,1109,2011,historical_control_not_current_demand
27,518,District-Mumbai Suburban,Urban,17,true,marginal_worker_3_to_under_6_months,1628,913,715,observed,census_c12_maharashtra,104cc65fb8b4822642cc2a36ca925acf4fce066c875b858877e442a3817b3825,1109,2011,historical_control_not_current_demand
27,518,District-Mumbai Suburban,Urban,17,true,marginal_worker_under_3_months,129,90,39,observed,census_c12_maharashtra,104cc65fb8b4822642cc2a36ca925acf4fce066c875b858877e442a3817b3825,1109,2011,historical_control_not_current_demand
27,518,District-Mumbai Suburban,Urban,17,true,non_worker,110938,60066,50872,observed,census_c12_maharashtra,104cc65fb8b4822642cc2a36ca925acf4fce066c875b858877e442a3817b3825,1109,2011,historical_control_not_current_demand
27,518,District-Mumbai Suburban,Urban,17,false,main_worker,16074,12655,3419,observed,census_c12_maharashtra,104cc65fb8b4822642cc2a36ca925acf4fce066c875b858877e442a3817b3825,1109,2011,historical_control_not_current_demand
27,518,District-Mumbai Suburban,Urban,17,false,marginal_worker_3_to_under_6_months,1717,1119,598,observed,census_c12_maharashtra,104cc65fb8b4822642cc2a36ca925acf4fce066c875b858877e442a3817b3825,1109,2011,historical_control_not_current_demand
27,518,District-Mumbai Suburban,Urban,17,false,marginal_worker_under_3_months,479,341,138,observed,census_c12_maharashtra,104cc65fb8b4822642cc2a36ca925acf4fce066c875b858877e442a3817b3825,1109,2011,historical_control_not_current_demand
27,518,District-Mumbai Suburban,Urban,17,false,non_worker,21572,8197,13375,observed,census_c12_maharashtra,104cc65fb8b4822642cc2a36ca925acf4fce066c875b858877e442a3817b3825,1109,2011,historical_control_not_current_demand
27,518,District-Mumbai Suburban,Urban,18,true,main_worker,4315,3069,1246,observed,census_c12_maharashtra,104cc65fb8b4822642cc2a36ca925acf4fce066c875b858877e442a3817b3825,1110,2011,historical_control_not_current_demand
27,518,District-Mumbai Suburban,Urban,18,true,marginal_worker_3_to_under_6_months,1996,1166,830,observed,census_c12_maharashtra,104cc65fb8b4822642cc2a36ca925acf4fce066c875b858877e442a3817b3825,1110,2011,historical_control_not_current_demand
27,518,District-Mumbai Suburban,Urban,18,true,marginal_worker_under_3_months,227,151,76,observed,census_c12_maharashtra,104cc65fb8b4822642cc2a36ca925acf4fce066c875b858877e442a3817b3825,1110,2011,historical_control_not_current_demand
27,518,District-Mumbai Suburban,Urban,18,true,non_worker,113187,62777,50410,observed,census_c12_maharashtra,104cc65fb8b4822642cc2a36ca925acf4fce066c875b858877e442a3817b3825,1110,2011,historical_control_not_current_demand
27,518,District-Mumbai Suburban,Urban,18,false,main_worker,36327,30000,6327,observed,census_c12_maharashtra,104cc65fb8b4822642cc2a36ca925acf4fce066c875b858877e442a3817b3825,1110,2011,historical_control_not_current_demand
27,518,District-Mumbai Suburban,Urban,18,false,marginal_worker_3_to_under_6_months,2964,2108,856,observed,census_c12_maharashtra,104cc65fb8b4822642cc2a36ca925acf4fce066c875b858877e442a3817b3825,1110,2011,historical_control_not_current_demand
27,518,District-Mumbai Suburban,Urban,18,false,marginal_worker_under_3_months,995,735,260,observed,census_c12_maharashtra,104cc65fb8b4822642cc2a36ca925acf4fce066c875b858877e442a3817b3825,1110,2011,historical_control_not_current_demand
27,518,District-Mumbai Suburban,Urban,18,false,non_worker,34882,11947,22935,observed,census_c12_maharashtra,104cc65fb8b4822642cc2a36ca925acf4fce066c875b858877e442a3817b3825,1110,2011,historical_control_not_current_demand
27,518,District-Mumbai Suburban,Urban,19,true,main_worker,4657,3249,1408,observed,census_c12_maharashtra,104cc65fb8b4822642cc2a36ca925acf4fce066c875b858877e442a3817b3825,1111,2011,historical_control_not_current_demand
27,518,District-Mumbai Suburban,Urban,19,true,marginal_worker_3_to_under_6_months,1779,1032,747,observed,census_c12_maharashtra,104cc65fb8b4822642cc2a36ca925acf4fce066c875b858877e442a3817b3825,1111,2011,historical_control_not_current_demand
27,518,District-Mumbai Suburban,Urban,19,true,marginal_worker_under_3_months,217,152,65,observed,census_c12_maharashtra,104cc65fb8b4822642cc2a36ca925acf4fce066c875b858877e442a3817b3825,1111,2011,historical_control_not_current_demand
27,518,District-Mumbai Suburban,Urban,19,true,non_worker,92170,50821,41349,observed,census_c12_maharashtra,104cc65fb8b4822642cc2a36ca925acf4fce066c875b858877e442a3817b3825,1111,2011,historical_control_not_current_demand
27,518,District-Mumbai Suburban,Urban,19,false,main_worker,37446,30529,6917,observed,census_c12_maharashtra,104cc65fb8b4822642cc2a36ca925acf4fce066c875b858877e442a3817b3825,1111,2011,historical_control_not_current_demand
27,518,District-Mumbai Suburban,Urban,19,false,marginal_worker_3_to_under_6_months,3158,2172,986,observed,census_c12_maharashtra,104cc65fb8b4822642cc2a36ca925acf4fce066c875b858877e442a3817b3825,1111,2011,historical_control_not_current_demand
27,518,District-Mumbai Suburban,Urban,19,false,marginal_worker_under_3_months,899,672,227,observed,census_c12_maharashtra,104cc65fb8b4822642cc2a36ca925acf4fce066c875b858877e442a3817b3825,1111,2011,historical_control_not_current_demand
27,518,District-Mumbai Suburban,Urban,19,false,non_worker,34440,10234,24206,observed,census_c12_maharashtra,104cc65fb8b4822642cc2a36ca925acf4fce066c875b858877e442a3817b3825,1111,2011,historical_control_not_current_demand
27,519,District-Mumbai,Total,5-19,true,main_worker,8986,5931,3055,observed,census_c12_maharashtra,104cc65fb8b4822642cc2a36ca925acf4fce066c875b858877e442a3817b3825,1112,2011,historical_control_not_current_demand
27,519,District-Mumbai,Total,5-19,true,marginal_worker_3_to_under_6_months,6324,3397,2927,observed,census_c12_maharashtra,104cc65fb8b4822642cc2a36ca925acf4fce066c875b858877e442a3817b3825,1112,2011,historical_control_not_current_demand
27,519,District-Mumbai,Total,5-19,true,marginal_worker_under_3_months,384,224,160,observed,census_c12_maharashtra,104cc65fb8b4822642cc2a36ca925acf4fce066c875b858877e442a3817b3825,1112,2011,historical_control_not_current_demand
27,519,District-Mumbai,Total,5-19,true,non_worker,535443,282163,253280,observed,census_c12_maharashtra,104cc65fb8b4822642cc2a36ca925acf4fce066c875b858877e442a3817b3825,1112,2011,historical_control_not_current_demand
27,519,District-Mumbai,Total,5-19,false,main_worker,45408,38318,7090,observed,census_c12_maharashtra,104cc65fb8b4822642cc2a36ca925acf4fce066c875b858877e442a3817b3825,1112,2011,historical_control_not_current_demand
27,519,District-Mumbai,Total,5-19,false,marginal_worker_3_to_under_6_months,4073,2693,1380,observed,census_c12_maharashtra,104cc65fb8b4822642cc2a36ca925acf4fce066c875b858877e442a3817b3825,1112,2011,historical_control_not_current_demand
27,519,District-Mumbai,Total,5-19,false,marginal_worker_under_3_months,916,681,235,observed,census_c12_maharashtra,104cc65fb8b4822642cc2a36ca925acf4fce066c875b858877e442a3817b3825,1112,2011,historical_control_not_current_demand
27,519,District-Mumbai,Total,5-19,false,non_worker,102991,48308,54683,observed,census_c12_maharashtra,104cc65fb8b4822642cc2a36ca925acf4fce066c875b858877e442a3817b3825,1112,2011,historical_control_not_current_demand
27,519,District-Mumbai,Total,5,true,main_worker,170,96,74,observed,census_c12_maharashtra,104cc65fb8b4822642cc2a36ca925acf4fce066c875b858877e442a3817b3825,1113,2011,historical_control_not_current_demand
27,519,District-Mumbai,Total,5,true,marginal_worker_3_to_under_6_months,172,98,74,observed,census_c12_maharashtra,104cc65fb8b4822642cc2a36ca925acf4fce066c875b858877e442a3817b3825,1113,2011,historical_control_not_current_demand
27,519,District-Mumbai,Total,5,true,marginal_worker_under_3_months,5,3,2,observed,census_c12_maharashtra,104cc65fb8b4822642cc2a36ca925acf4fce066c875b858877e442a3817b3825,1113,2011,historical_control_not_current_demand
27,519,District-Mumbai,Total,5,true,non_worker,16095,8422,7673,observed,census_c12_maharashtra,104cc65fb8b4822642cc2a36ca925acf4fce066c875b858877e442a3817b3825,1113,2011,historical_control_not_current_demand
27,519,District-Mumbai,Total,5,false,main_worker,435,270,165,observed,census_c12_maharashtra,104cc65fb8b4822642cc2a36ca925acf4fce066c875b858877e442a3817b3825,1113,2011,historical_control_not_current_demand
27,519,District-Mumbai,Total,5,false,marginal_worker_3_to_under_6_months,215,104,111,observed,census_c12_maharashtra,104cc65fb8b4822642cc2a36ca925acf4fce066c875b858877e442a3817b3825,1113,2011,historical_control_not_current_demand
27,519,District-Mumbai,Total,5,false,marginal_worker_under_3_months,14,8,6,observed,census_c12_maharashtra,104cc65fb8b4822642cc2a36ca925acf4fce066c875b858877e442a3817b3825,1113,2011,historical_control_not_current_demand
27,519,District-Mumbai,Total,5,false,non_worker,25114,13204,11910,observed,census_c12_maharashtra,104cc65fb8b4822642cc2a36ca925acf4fce066c875b858877e442a3817b3825,1113,2011,historical_control_not_current_demand
27,519,District-Mumbai,Total,6,true,main_worker,207,112,95,observed,census_c12_maharashtra,104cc65fb8b4822642cc2a36ca925acf4fce066c875b858877e442a3817b3825,1114,2011,historical_control_not_current_demand
27,519,District-Mumbai,Total,6,true,marginal_worker_3_to_under_6_months,221,109,112,observed,census_c12_maharashtra,104cc65fb8b4822642cc2a36ca925acf4fce066c875b858877e442a3817b3825,1114,2011,historical_control_not_current_demand
27,519,District-Mumbai,Total,6,true,marginal_worker_under_3_months,11,6,5,observed,census_c12_maharashtra,104cc65fb8b4822642cc2a36ca925acf4fce066c875b858877e442a3817b3825,1114,2011,historical_control_not_current_demand
27,519,District-Mumbai,Total,6,true,non_worker,22630,11870,10760,observed,census_c12_maharashtra,104cc65fb8b4822642cc2a36ca925acf4fce066c875b858877e442a3817b3825,1114,2011,historical_control_not_current_demand
27,519,District-Mumbai,Total,6,false,main_worker,285,171,114,observed,census_c12_maharashtra,104cc65fb8b4822642cc2a36ca925acf4fce066c875b858877e442a3817b3825,1114,2011,historical_control_not_current_demand
27,519,District-Mumbai,Total,6,false,marginal_worker_3_to_under_6_months,158,69,89,observed,census_c12_maharashtra,104cc65fb8b4822642cc2a36ca925acf4fce066c875b858877e442a3817b3825,1114,2011,historical_control_not_current_demand
27,519,District-Mumbai,Total,6,false,marginal_worker_under_3_months,6,5,1,observed,census_c12_maharashtra,104cc65fb8b4822642cc2a36ca925acf4fce066c875b858877e442a3817b3825,1114,2011,historical_control_not_current_demand
27,519,District-Mumbai,Total,6,false,non_worker,17955,9424,8531,observed,census_c12_maharashtra,104cc65fb8b4822642cc2a36ca925acf4fce066c875b858877e442a3817b3825,1114,2011,historical_control_not_current_demand
27,519,District-Mumbai,Total,7,true,main_worker,321,192,129,observed,census_c12_maharashtra,104cc65fb8b4822642cc2a36ca925acf4fce066c875b858877e442a3817b3825,1115,2011,historical_control_not_current_demand
27,519,District-Mumbai,Total,7,true,marginal_worker_3_to_under_6_months,340,178,162,observed,census_c12_maharashtra,104cc65fb8b4822642cc2a36ca925acf4fce066c875b858877e442a3817b3825,1115,2011,historical_control_not_current_demand
27,519,District-Mumbai,Total,7,true,marginal_worker_under_3_months,13,8,5,observed,census_c12_maharashtra,104cc65fb8b4822642cc2a36ca925acf4fce066c875b858877e442a3817b3825,1115,2011,historical_control_not_current_demand
27,519,District-Mumbai,Total,7,true,non_worker,36150,18520,17630,observed,census_c12_maharashtra,104cc65fb8b4822642cc2a36ca925acf4fce066c875b858877e442a3817b3825,1115,2011,historical_control_not_current_demand
27,519,District-Mumbai,Total,7,false,main_worker,188,109,79,observed,census_c12_maharashtra,104cc65fb8b4822642cc2a36ca925acf4fce066c875b858877e442a3817b3825,1115,2011,historical_control_not_current_demand
27,519,District-Mumbai,Total,7,false,marginal_worker_3_to_under_6_months,70,33,37,observed,census_c12_maharashtra,104cc65fb8b4822642cc2a36ca925acf4fce066c875b858877e442a3817b3825,1115,2011,historical_control_not_current_demand
27,519,District-Mumbai,Total,7,false,marginal_worker_under_3_months,4,1,3,observed,census_c12_maharashtra,104cc65fb8b4822642cc2a36ca925acf4fce066c875b858877e442a3817b3825,1115,2011,historical_control_not_current_demand
27,519,District-Mumbai,Total,7,false,non_worker,5479,2802,2677,observed,census_c12_maharashtra,104cc65fb8b4822642cc2a36ca925acf4fce066c875b858877e442a3817b3825,1115,2011,historical_control_not_current_demand
27,519,District-Mumbai,Total,8,true,main_worker,335,182,153,observed,census_c12_maharashtra,104cc65fb8b4822642cc2a36ca925acf4fce066c875b858877e442a3817b3825,1116,2011,historical_control_not_current_demand
27,519,District-Mumbai,Total,8,true,marginal_worker_3_to_under_6_months,360,177,183,observed,census_c12_maharashtra,104cc65fb8b4822642cc2a36ca925acf4fce066c875b858877e442a3817b3825,1116,2011,historical_control_not_current_demand
27,519,District-Mumbai,Total,8,true,marginal_worker_under_3_months,7,3,4,observed,census_c12_maharashtra,104cc65fb8b4822642cc2a36ca925acf4fce066c875b858877e442a3817b3825,1116,2011,historical_control_not_current_demand
27,519,District-Mumbai,Total,8,true,non_worker,37085,19381,17704,observed,census_c12_maharashtra,104cc65fb8b4822642cc2a36ca925acf4fce066c875b858877e442a3817b3825,1116,2011,historical_control_not_current_demand
27,519,District-Mumbai,Total,8,false,main_worker,182,103,79,observed,census_c12_maharashtra,104cc65fb8b4822642cc2a36ca925acf4fce066c875b858877e442a3817b3825,1116,2011,historical_control_not_current_demand
27,519,District-Mumbai,Total,8,false,marginal_worker_3_to_under_6_months,47,27,20,observed,census_c12_maharashtra,104cc65fb8b4822642cc2a36ca925acf4fce066c875b858877e442a3817b3825,1116,2011,historical_control_not_current_demand
27,519,District-Mumbai,Total,8,false,marginal_worker_under_3_months,3,1,2,observed,census_c12_maharashtra,104cc65fb8b4822642cc2a36ca925acf4fce066c875b858877e442a3817b3825,1116,2011,historical_control_not_current_demand
27,519,District-Mumbai,Total,8,false,non_worker,2681,1344,1337,observed,census_c12_maharashtra,104cc65fb8b4822642cc2a36ca925acf4fce066c875b858877e442a3817b3825,1116,2011,historical_control_not_current_demand
27,519,District-Mumbai,Total,9,true,main_worker,329,197,132,observed,census_c12_maharashtra,104cc65fb8b4822642cc2a36ca925acf4fce066c875b858877e442a3817b3825,1117,2011,historical_control_not_current_demand
27,519,District-Mumbai,Total,9,true,marginal_worker_3_to_under_6_months,385,211,174,observed,census_c12_maharashtra,104cc65fb8b4822642cc2a36ca925acf4fce066c875b858877e442a3817b3825,1117,2011,historical_control_not_current_demand
27,519,District-Mumbai,Total,9,true,marginal_worker_under_3_months,11,8,3,observed,census_c12_maharashtra,104cc65fb8b4822642cc2a36ca925acf4fce066c875b858877e442a3817b3825,1117,2011,historical_control_not_current_demand
27,519,District-Mumbai,Total,9,true,non_worker,37857,19877,17980,observed,census_c12_maharashtra,104cc65fb8b4822642cc2a36ca925acf4fce066c875b858877e442a3817b3825,1117,2011,historical_control_not_current_demand
27,519,District-Mumbai,Total,9,false,main_worker,183,126,57,observed,census_c12_maharashtra,104cc65fb8b4822642cc2a36ca925acf4fce066c875b858877e442a3817b3825,1117,2011,historical_control_not_current_demand
27,519,District-Mumbai,Total,9,false,marginal_worker_3_to_under_6_months,40,20,20,observed,census_c12_maharashtra,104cc65fb8b4822642cc2a36ca925acf4fce066c875b858877e442a3817b3825,1117,2011,historical_control_not_current_demand
27,519,District-Mumbai,Total,9,false,marginal_worker_under_3_months,3,2,1,observed,census_c12_maharashtra,104cc65fb8b4822642cc2a36ca925acf4fce066c875b858877e442a3817b3825,1117,2011,historical_control_not_current_demand
27,519,District-Mumbai,Total,9,false,non_worker,2498,1320,1178,observed,census_c12_maharashtra,104cc65fb8b4822642cc2a36ca925acf4fce066c875b858877e442a3817b3825,1117,2011,historical_control_not_current_demand
27,519,District-Mumbai,Total,10,true,main_worker,396,239,157,observed,census_c12_maharashtra,104cc65fb8b4822642cc2a36ca925acf4fce066c875b858877e442a3817b3825,1118,2011,historical_control_not_current_demand
27,519,District-Mumbai,Total,10,true,marginal_worker_3_to_under_6_months,422,213,209,observed,census_c12_maharashtra,104cc65fb8b4822642cc2a36ca925acf4fce066c875b858877e442a3817b3825,1118,2011,historical_control_not_current_demand
27,519,District-Mumbai,Total,10,true,marginal_worker_under_3_months,20,10,10,observed,census_c12_maharashtra,104cc65fb8b4822642cc2a36ca925acf4fce066c875b858877e442a3817b3825,1118,2011,historical_control_not_current_demand
27,519,District-Mumbai,Total,10,true,non_worker,44888,23692,21196,observed,census_c12_maharashtra,104cc65fb8b4822642cc2a36ca925acf4fce066c875b858877e442a3817b3825,1118,2011,historical_control_not_current_demand
27,519,District-Mumbai,Total,10,false,main_worker,244,167,77,observed,census_c12_maharashtra,104cc65fb8b4822642cc2a36ca925acf4fce066c875b858877e442a3817b3825,1118,2011,historical_control_not_current_demand
27,519,District-Mumbai,Total,10,false,marginal_worker_3_to_under_6_months,89,53,36,observed,census_c12_maharashtra,104cc65fb8b4822642cc2a36ca925acf4fce066c875b858877e442a3817b3825,1118,2011,historical_control_not_current_demand
27,519,District-Mumbai,Total,10,false,marginal_worker_under_3_months,8,5,3,observed,census_c12_maharashtra,104cc65fb8b4822642cc2a36ca925acf4fce066c875b858877e442a3817b3825,1118,2011,historical_control_not_current_demand
27,519,District-Mumbai,Total,10,false,non_worker,3410,1755,1655,observed,census_c12_maharashtra,104cc65fb8b4822642cc2a36ca925acf4fce066c875b858877e442a3817b3825,1118,2011,historical_control_not_current_demand
27,519,District-Mumbai,Total,11,true,main_worker,428,255,173,observed,census_c12_maharashtra,104cc65fb8b4822642cc2a36ca925acf4fce066c875b858877e442a3817b3825,1119,2011,historical_control_not_current_demand
27,519,District-Mumbai,Total,11,true,marginal_worker_3_to_under_6_months,450,236,214,observed,census_c12_maharashtra,104cc65fb8b4822642cc2a36ca925acf4fce066c875b858877e442a3817b3825,1119,2011,historical_control_not_current_demand
27,519,District-Mumbai,Total,11,true,marginal_worker_under_3_months,23,7,16,observed,census_c12_maharashtra,104cc65fb8b4822642cc2a36ca925acf4fce066c875b858877e442a3817b3825,1119,2011,historical_control_not_current_demand
27,519,District-Mumbai,Total,11,true,non_worker,41352,21898,19454,observed,census_c12_maharashtra,104cc65fb8b4822642cc2a36ca925acf4fce066c875b858877e442a3817b3825,1119,2011,historical_control_not_current_demand
27,519,District-Mumbai,Total,11,false,main_worker,720,550,170,observed,census_c12_maharashtra,104cc65fb8b4822642cc2a36ca925acf4fce066c875b858877e442a3817b3825,1119,2011,historical_control_not_current_demand
27,519,District-Mumbai,Total,11,false,marginal_worker_3_to_under_6_months,88,52,36,observed,census_c12_maharashtra,104cc65fb8b4822642cc2a36ca925acf4fce066c875b858877e442a3817b3825,1119,2011,historical_control_not_current_demand
27,519,District-Mumbai,Total,11,false,marginal_worker_under_3_months,7,4,3,observed,census_c12_maharashtra,104cc65fb8b4822642cc2a36ca925acf4fce066c875b858877e442a3817b3825,1119,2011,historical_control_not_current_demand
27,519,District-Mumbai,Total,11,false,non_worker,2587,1240,1347,observed,census_c12_maharashtra,104cc65fb8b4822642cc2a36ca925acf4fce066c875b858877e442a3817b3825,1119,2011,historical_control_not_current_demand
27,519,District-Mumbai,Total,12,true,main_worker,446,274,172,observed,census_c12_maharashtra,104cc65fb8b4822642cc2a36ca925acf4fce066c875b858877e442a3817b3825,1120,2011,historical_control_not_current_demand
27,519,District-Mumbai,Total,12,true,marginal_worker_3_to_under_6_months,424,213,211,observed,census_c12_maharashtra,104cc65fb8b4822642cc2a36ca925acf4fce066c875b858877e442a3817b3825,1120,2011,historical_control_not_current_demand
27,519,District-Mumbai,Total,12,true,marginal_worker_under_3_months,20,12,8,observed,census_c12_maharashtra,104cc65fb8b4822642cc2a36ca925acf4fce066c875b858877e442a3817b3825,1120,2011,historical_control_not_current_demand
27,519,District-Mumbai,Total,12,true,non_worker,40840,21762,19078,observed,census_c12_maharashtra,104cc65fb8b4822642cc2a36ca925acf4fce066c875b858877e442a3817b3825,1120,2011,historical_control_not_current_demand
27,519,District-Mumbai,Total,12,false,main_worker,1094,861,233,observed,census_c12_maharashtra,104cc65fb8b4822642cc2a36ca925acf4fce066c875b858877e442a3817b3825,1120,2011,historical_control_not_current_demand
27,519,District-Mumbai,Total,12,false,marginal_worker_3_to_under_6_months,119,68,51,observed,census_c12_maharashtra,104cc65fb8b4822642cc2a36ca925acf4fce066c875b858877e442a3817b3825,1120,2011,historical_control_not_current_demand
27,519,District-Mumbai,Total,12,false,marginal_worker_under_3_months,18,16,2,observed,census_c12_maharashtra,104cc65fb8b4822642cc2a36ca925acf4fce066c875b858877e442a3817b3825,1120,2011,historical_control_not_current_demand
27,519,District-Mumbai,Total,12,false,non_worker,2452,1137,1315,observed,census_c12_maharashtra,104cc65fb8b4822642cc2a36ca925acf4fce066c875b858877e442a3817b3825,1120,2011,historical_control_not_current_demand
27,519,District-Mumbai,Total,13,true,main_worker,424,283,141,observed,census_c12_maharashtra,104cc65fb8b4822642cc2a36ca925acf4fce066c875b858877e442a3817b3825,1121,2011,historical_control_not_current_demand
27,519,District-Mumbai,Total,13,true,marginal_worker_3_to_under_6_months,408,210,198,observed,census_c12_maharashtra,104cc65fb8b4822642cc2a36ca925acf4fce066c875b858877e442a3817b3825,1121,2011,historical_control_not_current_demand
27,519,District-Mumbai,Total,13,true,marginal_worker_under_3_months,26,19,7,observed,census_c12_maharashtra,104cc65fb8b4822642cc2a36ca925acf4fce066c875b858877e442a3817b3825,1121,2011,historical_control_not_current_demand
27,519,District-Mumbai,Total,13,true,non_worker,40143,20955,19188,observed,census_c12_maharashtra,104cc65fb8b4822642cc2a36ca925acf4fce066c875b858877e442a3817b3825,1121,2011,historical_control_not_current_demand
27,519,District-Mumbai,Total,13,false,main_worker,950,730,220,observed,census_c12_maharashtra,104cc65fb8b4822642cc2a36ca925acf4fce066c875b858877e442a3817b3825,1121,2011,historical_control_not_current_demand
27,519,District-Mumbai,Total,13,false,marginal_worker_3_to_under_6_months,127,76,51,observed,census_c12_maharashtra,104cc65fb8b4822642cc2a36ca925acf4fce066c875b858877e442a3817b3825,1121,2011,historical_control_not_current_demand
27,519,District-Mumbai,Total,13,false,marginal_worker_under_3_months,17,12,5,observed,census_c12_maharashtra,104cc65fb8b4822642cc2a36ca925acf4fce066c875b858877e442a3817b3825,1121,2011,historical_control_not_current_demand
27,519,District-Mumbai,Total,13,false,non_worker,2473,1157,1316,observed,census_c12_maharashtra,104cc65fb8b4822642cc2a36ca925acf4fce066c875b858877e442a3817b3825,1121,2011,historical_control_not_current_demand
27,519,District-Mumbai,Total,14,true,main_worker,488,307,181,observed,census_c12_maharashtra,104cc65fb8b4822642cc2a36ca925acf4fce066c875b858877e442a3817b3825,1122,2011,historical_control_not_current_demand
27,519,District-Mumbai,Total,14,true,marginal_worker_3_to_under_6_months,432,232,200,observed,census_c12_maharashtra,104cc65fb8b4822642cc2a36ca925acf4fce066c875b858877e442a3817b3825,1122,2011,historical_control_not_current_demand
27,519,District-Mumbai,Total,14,true,marginal_worker_under_3_months,24,10,14,observed,census_c12_maharashtra,104cc65fb8b4822642cc2a36ca925acf4fce066c875b858877e442a3817b3825,1122,2011,historical_control_not_current_demand
27,519,District-Mumbai,Total,14,true,non_worker,39982,21022,18960,observed,census_c12_maharashtra,104cc65fb8b4822642cc2a36ca925acf4fce066c875b858877e442a3817b3825,1122,2011,historical_control_not_current_demand
27,519,District-Mumbai,Total,14,false,main_worker,1445,1147,298,observed,census_c12_maharashtra,104cc65fb8b4822642cc2a36ca925acf4fce066c875b858877e442a3817b3825,1122,2011,historical_control_not_current_demand
27,519,District-Mumbai,Total,14,false,marginal_worker_3_to_under_6_months,158,88,70,observed,census_c12_maharashtra,104cc65fb8b4822642cc2a36ca925acf4fce066c875b858877e442a3817b3825,1122,2011,historical_control_not_current_demand
27,519,District-Mumbai,Total,14,false,marginal_worker_under_3_months,35,27,8,observed,census_c12_maharashtra,104cc65fb8b4822642cc2a36ca925acf4fce066c875b858877e442a3817b3825,1122,2011,historical_control_not_current_demand
27,519,District-Mumbai,Total,14,false,non_worker,3036,1371,1665,observed,census_c12_maharashtra,104cc65fb8b4822642cc2a36ca925acf4fce066c875b858877e442a3817b3825,1122,2011,historical_control_not_current_demand
27,519,District-Mumbai,Total,15,true,main_worker,660,417,243,observed,census_c12_maharashtra,104cc65fb8b4822642cc2a36ca925acf4fce066c875b858877e442a3817b3825,1123,2011,historical_control_not_current_demand
27,519,District-Mumbai,Total,15,true,marginal_worker_3_to_under_6_months,456,249,207,observed,census_c12_maharashtra,104cc65fb8b4822642cc2a36ca925acf4fce066c875b858877e442a3817b3825,1123,2011,historical_control_not_current_demand
27,519,District-Mumbai,Total,15,true,marginal_worker_under_3_months,35,17,18,observed,census_c12_maharashtra,104cc65fb8b4822642cc2a36ca925acf4fce066c875b858877e442a3817b3825,1123,2011,historical_control_not_current_demand
27,519,District-Mumbai,Total,15,true,non_worker,40420,21415,19005,observed,census_c12_maharashtra,104cc65fb8b4822642cc2a36ca925acf4fce066c875b858877e442a3817b3825,1123,2011,historical_control_not_current_demand
27,519,District-Mumbai,Total,15,false,main_worker,2512,2042,470,observed,census_c12_maharashtra,104cc65fb8b4822642cc2a36ca925acf4fce066c875b858877e442a3817b3825,1123,2011,historical_control_not_current_demand
27,519,District-Mumbai,Total,15,false,marginal_worker_3_to_under_6_months,283,195,88,observed,census_c12_maharashtra,104cc65fb8b4822642cc2a36ca925acf4fce066c875b858877e442a3817b3825,1123,2011,historical_control_not_current_demand
27,519,District-Mumbai,Total,15,false,marginal_worker_under_3_months,74,56,18,observed,census_c12_maharashtra,104cc65fb8b4822642cc2a36ca925acf4fce066c875b858877e442a3817b3825,1123,2011,historical_control_not_current_demand
27,519,District-Mumbai,Total,15,false,non_worker,4053,1738,2315,observed,census_c12_maharashtra,104cc65fb8b4822642cc2a36ca925acf4fce066c875b858877e442a3817b3825,1123,2011,historical_control_not_current_demand
27,519,District-Mumbai,Total,16,true,main_worker,750,506,244,observed,census_c12_maharashtra,104cc65fb8b4822642cc2a36ca925acf4fce066c875b858877e442a3817b3825,1124,2011,historical_control_not_current_demand
27,519,District-Mumbai,Total,16,true,marginal_worker_3_to_under_6_months,517,290,227,observed,census_c12_maharashtra,104cc65fb8b4822642cc2a36ca925acf4fce066c875b858877e442a3817b3825,1124,2011,historical_control_not_current_demand
27,519,District-Mumbai,Total,16,true,marginal_worker_under_3_months,28,13,15,observed,census_c12_maharashtra,104cc65fb8b4822642cc2a36ca925acf4fce066c875b858877e442a3817b3825,1124,2011,historical_control_not_current_demand
27,519,District-Mumbai,Total,16,true,non_worker,36839,19534,17305,observed,census_c12_maharashtra,104cc65fb8b4822642cc2a36ca925acf4fce066c875b858877e442a3817b3825,1124,2011,historical_control_not_current_demand
27,519,District-Mumbai,Total,16,false,main_worker,3541,2917,624,observed,census_c12_maharashtra,104cc65fb8b4822642cc2a36ca925acf4fce066c875b858877e442a3817b3825,1124,2011,historical_control_not_current_demand
27,519,District-Mumbai,Total,16,false,marginal_worker_3_to_under_6_months,352,242,110,observed,census_c12_maharashtra,104cc65fb8b4822642cc2a36ca925acf4fce066c875b858877e442a3817b3825,1124,2011,historical_control_not_current_demand
27,519,District-Mumbai,Total,16,false,marginal_worker_under_3_months,81,64,17,observed,census_c12_maharashtra,104cc65fb8b4822642cc2a36ca925acf4fce066c875b858877e442a3817b3825,1124,2011,historical_control_not_current_demand
27,519,District-Mumbai,Total,16,false,non_worker,4908,2019,2889,observed,census_c12_maharashtra,104cc65fb8b4822642cc2a36ca925acf4fce066c875b858877e442a3817b3825,1124,2011,historical_control_not_current_demand
27,519,District-Mumbai,Total,17,true,main_worker,938,647,291,observed,census_c12_maharashtra,104cc65fb8b4822642cc2a36ca925acf4fce066c875b858877e442a3817b3825,1125,2011,historical_control_not_current_demand
27,519,District-Mumbai,Total,17,true,marginal_worker_3_to_under_6_months,500,304,196,observed,census_c12_maharashtra,104cc65fb8b4822642cc2a36ca925acf4fce066c875b858877e442a3817b3825,1125,2011,historical_control_not_current_demand
27,519,District-Mumbai,Total,17,true,marginal_worker_under_3_months,44,28,16,observed,census_c12_maharashtra,104cc65fb8b4822642cc2a36ca925acf4fce066c875b858877e442a3817b3825,1125,2011,historical_control_not_current_demand
27,519,District-Mumbai,Total,17,true,non_worker,34937,18519,16418,observed,census_c12_maharashtra,104cc65fb8b4822642cc2a36ca925acf4fce066c875b858877e442a3817b3825,1125,2011,historical_control_not_current_demand
27,519,District-Mumbai,Total,17,false,main_worker,5783,4872,911,observed,census_c12_maharashtra,104cc65fb8b4822642cc2a36ca925acf4fce066c875b858877e442a3817b3825,1125,2011,historical_control_not_current_demand
27,519,District-Mumbai,Total,17,false,marginal_worker_3_to_under_6_months,474,335,139,observed,census_c12_maharashtra,104cc65fb8b4822642cc2a36ca925acf4fce066c875b858877e442a3817b3825,1125,2011,historical_control_not_current_demand
27,519,District-Mumbai,Total,17,false,marginal_worker_under_3_months,139,106,33,observed,census_c12_maharashtra,104cc65fb8b4822642cc2a36ca925acf4fce066c875b858877e442a3817b3825,1125,2011,historical_control_not_current_demand
27,519,District-Mumbai,Total,17,false,non_worker,6096,2489,3607,observed,census_c12_maharashtra,104cc65fb8b4822642cc2a36ca925acf4fce066c875b858877e442a3817b3825,1125,2011,historical_control_not_current_demand
27,519,District-Mumbai,Total,18,true,main_worker,1524,1124,400,observed,census_c12_maharashtra,104cc65fb8b4822642cc2a36ca925acf4fce066c875b858877e442a3817b3825,1126,2011,historical_control_not_current_demand
27,519,District-Mumbai,Total,18,true,marginal_worker_3_to_under_6_months,627,326,301,observed,census_c12_maharashtra,104cc65fb8b4822642cc2a36ca925acf4fce066c875b858877e442a3817b3825,1126,2011,historical_control_not_current_demand
27,519,District-Mumbai,Total,18,true,marginal_worker_under_3_months,52,32,20,observed,census_c12_maharashtra,104cc65fb8b4822642cc2a36ca925acf4fce066c875b858877e442a3817b3825,1126,2011,historical_control_not_current_demand
27,519,District-Mumbai,Total,18,true,non_worker,35725,19068,16657,observed,census_c12_maharashtra,104cc65fb8b4822642cc2a36ca925acf4fce066c875b858877e442a3817b3825,1126,2011,historical_control_not_current_demand
27,519,District-Mumbai,Total,18,false,main_worker,13454,11786,1668,observed,census_c12_maharashtra,104cc65fb8b4822642cc2a36ca925acf4fce066c875b858877e442a3817b3825,1126,2011,historical_control_not_current_demand
27,519,District-Mumbai,Total,18,false,marginal_worker_3_to_under_6_months,901,644,257,observed,census_c12_maharashtra,104cc65fb8b4822642cc2a36ca925acf4fce066c875b858877e442a3817b3825,1126,2011,historical_control_not_current_demand
27,519,District-Mumbai,Total,18,false,marginal_worker_under_3_months,269,204,65,observed,census_c12_maharashtra,104cc65fb8b4822642cc2a36ca925acf4fce066c875b858877e442a3817b3825,1126,2011,historical_control_not_current_demand
27,519,District-Mumbai,Total,18,false,non_worker,9835,3750,6085,observed,census_c12_maharashtra,104cc65fb8b4822642cc2a36ca925acf4fce066c875b858877e442a3817b3825,1126,2011,historical_control_not_current_demand
27,519,District-Mumbai,Total,19,true,main_worker,1570,1100,470,observed,census_c12_maharashtra,104cc65fb8b4822642cc2a36ca925acf4fce066c875b858877e442a3817b3825,1127,2011,historical_control_not_current_demand
27,519,District-Mumbai,Total,19,true,marginal_worker_3_to_under_6_months,610,351,259,observed,census_c12_maharashtra,104cc65fb8b4822642cc2a36ca925acf4fce066c875b858877e442a3817b3825,1127,2011,historical_control_not_current_demand
27,519,District-Mumbai,Total,19,true,marginal_worker_under_3_months,65,48,17,observed,census_c12_maharashtra,104cc65fb8b4822642cc2a36ca925acf4fce066c875b858877e442a3817b3825,1127,2011,historical_control_not_current_demand
27,519,District-Mumbai,Total,19,true,non_worker,30500,16228,14272,observed,census_c12_maharashtra,104cc65fb8b4822642cc2a36ca925acf4fce066c875b858877e442a3817b3825,1127,2011,historical_control_not_current_demand
27,519,District-Mumbai,Total,19,false,main_worker,14392,12467,1925,observed,census_c12_maharashtra,104cc65fb8b4822642cc2a36ca925acf4fce066c875b858877e442a3817b3825,1127,2011,historical_control_not_current_demand
27,519,District-Mumbai,Total,19,false,marginal_worker_3_to_under_6_months,952,687,265,observed,census_c12_maharashtra,104cc65fb8b4822642cc2a36ca925acf4fce066c875b858877e442a3817b3825,1127,2011,historical_control_not_current_demand
27,519,District-Mumbai,Total,19,false,marginal_worker_under_3_months,238,170,68,observed,census_c12_maharashtra,104cc65fb8b4822642cc2a36ca925acf4fce066c875b858877e442a3817b3825,1127,2011,historical_control_not_current_demand
27,519,District-Mumbai,Total,19,false,non_worker,10414,3558,6856,observed,census_c12_maharashtra,104cc65fb8b4822642cc2a36ca925acf4fce066c875b858877e442a3817b3825,1127,2011,historical_control_not_current_demand
27,519,District-Mumbai,Rural,5-19,true,main_worker,0,0,0,observed,census_c12_maharashtra,104cc65fb8b4822642cc2a36ca925acf4fce066c875b858877e442a3817b3825,1128,2011,historical_control_not_current_demand
27,519,District-Mumbai,Rural,5-19,true,marginal_worker_3_to_under_6_months,0,0,0,observed,census_c12_maharashtra,104cc65fb8b4822642cc2a36ca925acf4fce066c875b858877e442a3817b3825,1128,2011,historical_control_not_current_demand
27,519,District-Mumbai,Rural,5-19,true,marginal_worker_under_3_months,0,0,0,observed,census_c12_maharashtra,104cc65fb8b4822642cc2a36ca925acf4fce066c875b858877e442a3817b3825,1128,2011,historical_control_not_current_demand
27,519,District-Mumbai,Rural,5-19,true,non_worker,0,0,0,observed,census_c12_maharashtra,104cc65fb8b4822642cc2a36ca925acf4fce066c875b858877e442a3817b3825,1128,2011,historical_control_not_current_demand
27,519,District-Mumbai,Rural,5-19,false,main_worker,0,0,0,observed,census_c12_maharashtra,104cc65fb8b4822642cc2a36ca925acf4fce066c875b858877e442a3817b3825,1128,2011,historical_control_not_current_demand
27,519,District-Mumbai,Rural,5-19,false,marginal_worker_3_to_under_6_months,0,0,0,observed,census_c12_maharashtra,104cc65fb8b4822642cc2a36ca925acf4fce066c875b858877e442a3817b3825,1128,2011,historical_control_not_current_demand
27,519,District-Mumbai,Rural,5-19,false,marginal_worker_under_3_months,0,0,0,observed,census_c12_maharashtra,104cc65fb8b4822642cc2a36ca925acf4fce066c875b858877e442a3817b3825,1128,2011,historical_control_not_current_demand
27,519,District-Mumbai,Rural,5-19,false,non_worker,0,0,0,observed,census_c12_maharashtra,104cc65fb8b4822642cc2a36ca925acf4fce066c875b858877e442a3817b3825,1128,2011,historical_control_not_current_demand
27,519,District-Mumbai,Rural,5,true,main_worker,0,0,0,observed,census_c12_maharashtra,104cc65fb8b4822642cc2a36ca925acf4fce066c875b858877e442a3817b3825,1129,2011,historical_control_not_current_demand
27,519,District-Mumbai,Rural,5,true,marginal_worker_3_to_under_6_months,0,0,0,observed,census_c12_maharashtra,104cc65fb8b4822642cc2a36ca925acf4fce066c875b858877e442a3817b3825,1129,2011,historical_control_not_current_demand
27,519,District-Mumbai,Rural,5,true,marginal_worker_under_3_months,0,0,0,observed,census_c12_maharashtra,104cc65fb8b4822642cc2a36ca925acf4fce066c875b858877e442a3817b3825,1129,2011,historical_control_not_current_demand
27,519,District-Mumbai,Rural,5,true,non_worker,0,0,0,observed,census_c12_maharashtra,104cc65fb8b4822642cc2a36ca925acf4fce066c875b858877e442a3817b3825,1129,2011,historical_control_not_current_demand
27,519,District-Mumbai,Rural,5,false,main_worker,0,0,0,observed,census_c12_maharashtra,104cc65fb8b4822642cc2a36ca925acf4fce066c875b858877e442a3817b3825,1129,2011,historical_control_not_current_demand
27,519,District-Mumbai,Rural,5,false,marginal_worker_3_to_under_6_months,0,0,0,observed,census_c12_maharashtra,104cc65fb8b4822642cc2a36ca925acf4fce066c875b858877e442a3817b3825,1129,2011,historical_control_not_current_demand
27,519,District-Mumbai,Rural,5,false,marginal_worker_under_3_months,0,0,0,observed,census_c12_maharashtra,104cc65fb8b4822642cc2a36ca925acf4fce066c875b858877e442a3817b3825,1129,2011,historical_control_not_current_demand
27,519,District-Mumbai,Rural,5,false,non_worker,0,0,0,observed,census_c12_maharashtra,104cc65fb8b4822642cc2a36ca925acf4fce066c875b858877e442a3817b3825,1129,2011,historical_control_not_current_demand
27,519,District-Mumbai,Rural,6,true,main_worker,0,0,0,observed,census_c12_maharashtra,104cc65fb8b4822642cc2a36ca925acf4fce066c875b858877e442a3817b3825,1130,2011,historical_control_not_current_demand
27,519,District-Mumbai,Rural,6,true,marginal_worker_3_to_under_6_months,0,0,0,observed,census_c12_maharashtra,104cc65fb8b4822642cc2a36ca925acf4fce066c875b858877e442a3817b3825,1130,2011,historical_control_not_current_demand
27,519,District-Mumbai,Rural,6,true,marginal_worker_under_3_months,0,0,0,observed,census_c12_maharashtra,104cc65fb8b4822642cc2a36ca925acf4fce066c875b858877e442a3817b3825,1130,2011,historical_control_not_current_demand
27,519,District-Mumbai,Rural,6,true,non_worker,0,0,0,observed,census_c12_maharashtra,104cc65fb8b4822642cc2a36ca925acf4fce066c875b858877e442a3817b3825,1130,2011,historical_control_not_current_demand
27,519,District-Mumbai,Rural,6,false,main_worker,0,0,0,observed,census_c12_maharashtra,104cc65fb8b4822642cc2a36ca925acf4fce066c875b858877e442a3817b3825,1130,2011,historical_control_not_current_demand
27,519,District-Mumbai,Rural,6,false,marginal_worker_3_to_under_6_months,0,0,0,observed,census_c12_maharashtra,104cc65fb8b4822642cc2a36ca925acf4fce066c875b858877e442a3817b3825,1130,2011,historical_control_not_current_demand
27,519,District-Mumbai,Rural,6,false,marginal_worker_under_3_months,0,0,0,observed,census_c12_maharashtra,104cc65fb8b4822642cc2a36ca925acf4fce066c875b858877e442a3817b3825,1130,2011,historical_control_not_current_demand
27,519,District-Mumbai,Rural,6,false,non_worker,0,0,0,observed,census_c12_maharashtra,104cc65fb8b4822642cc2a36ca925acf4fce066c875b858877e442a3817b3825,1130,2011,historical_control_not_current_demand
27,519,District-Mumbai,Rural,7,true,main_worker,0,0,0,observed,census_c12_maharashtra,104cc65fb8b4822642cc2a36ca925acf4fce066c875b858877e442a3817b3825,1131,2011,historical_control_not_current_demand
27,519,District-Mumbai,Rural,7,true,marginal_worker_3_to_under_6_months,0,0,0,observed,census_c12_maharashtra,104cc65fb8b4822642cc2a36ca925acf4fce066c875b858877e442a3817b3825,1131,2011,historical_control_not_current_demand
27,519,District-Mumbai,Rural,7,true,marginal_worker_under_3_months,0,0,0,observed,census_c12_maharashtra,104cc65fb8b4822642cc2a36ca925acf4fce066c875b858877e442a3817b3825,1131,2011,historical_control_not_current_demand
27,519,District-Mumbai,Rural,7,true,non_worker,0,0,0,observed,census_c12_maharashtra,104cc65fb8b4822642cc2a36ca925acf4fce066c875b858877e442a3817b3825,1131,2011,historical_control_not_current_demand
27,519,District-Mumbai,Rural,7,false,main_worker,0,0,0,observed,census_c12_maharashtra,104cc65fb8b4822642cc2a36ca925acf4fce066c875b858877e442a3817b3825,1131,2011,historical_control_not_current_demand
27,519,District-Mumbai,Rural,7,false,marginal_worker_3_to_under_6_months,0,0,0,observed,census_c12_maharashtra,104cc65fb8b4822642cc2a36ca925acf4fce066c875b858877e442a3817b3825,1131,2011,historical_control_not_current_demand
27,519,District-Mumbai,Rural,7,false,marginal_worker_under_3_months,0,0,0,observed,census_c12_maharashtra,104cc65fb8b4822642cc2a36ca925acf4fce066c875b858877e442a3817b3825,1131,2011,historical_control_not_current_demand
27,519,District-Mumbai,Rural,7,false,non_worker,0,0,0,observed,census_c12_maharashtra,104cc65fb8b4822642cc2a36ca925acf4fce066c875b858877e442a3817b3825,1131,2011,historical_control_not_current_demand
27,519,District-Mumbai,Rural,8,true,main_worker,0,0,0,observed,census_c12_maharashtra,104cc65fb8b4822642cc2a36ca925acf4fce066c875b858877e442a3817b3825,1132,2011,historical_control_not_current_demand
27,519,District-Mumbai,Rural,8,true,marginal_worker_3_to_under_6_months,0,0,0,observed,census_c12_maharashtra,104cc65fb8b4822642cc2a36ca925acf4fce066c875b858877e442a3817b3825,1132,2011,historical_control_not_current_demand
27,519,District-Mumbai,Rural,8,true,marginal_worker_under_3_months,0,0,0,observed,census_c12_maharashtra,104cc65fb8b4822642cc2a36ca925acf4fce066c875b858877e442a3817b3825,1132,2011,historical_control_not_current_demand
27,519,District-Mumbai,Rural,8,true,non_worker,0,0,0,observed,census_c12_maharashtra,104cc65fb8b4822642cc2a36ca925acf4fce066c875b858877e442a3817b3825,1132,2011,historical_control_not_current_demand
27,519,District-Mumbai,Rural,8,false,main_worker,0,0,0,observed,census_c12_maharashtra,104cc65fb8b4822642cc2a36ca925acf4fce066c875b858877e442a3817b3825,1132,2011,historical_control_not_current_demand
27,519,District-Mumbai,Rural,8,false,marginal_worker_3_to_under_6_months,0,0,0,observed,census_c12_maharashtra,104cc65fb8b4822642cc2a36ca925acf4fce066c875b858877e442a3817b3825,1132,2011,historical_control_not_current_demand
27,519,District-Mumbai,Rural,8,false,marginal_worker_under_3_months,0,0,0,observed,census_c12_maharashtra,104cc65fb8b4822642cc2a36ca925acf4fce066c875b858877e442a3817b3825,1132,2011,historical_control_not_current_demand
27,519,District-Mumbai,Rural,8,false,non_worker,0,0,0,observed,census_c12_maharashtra,104cc65fb8b4822642cc2a36ca925acf4fce066c875b858877e442a3817b3825,1132,2011,historical_control_not_current_demand
27,519,District-Mumbai,Rural,9,true,main_worker,0,0,0,observed,census_c12_maharashtra,104cc65fb8b4822642cc2a36ca925acf4fce066c875b858877e442a3817b3825,1133,2011,historical_control_not_current_demand
27,519,District-Mumbai,Rural,9,true,marginal_worker_3_to_under_6_months,0,0,0,observed,census_c12_maharashtra,104cc65fb8b4822642cc2a36ca925acf4fce066c875b858877e442a3817b3825,1133,2011,historical_control_not_current_demand
27,519,District-Mumbai,Rural,9,true,marginal_worker_under_3_months,0,0,0,observed,census_c12_maharashtra,104cc65fb8b4822642cc2a36ca925acf4fce066c875b858877e442a3817b3825,1133,2011,historical_control_not_current_demand
27,519,District-Mumbai,Rural,9,true,non_worker,0,0,0,observed,census_c12_maharashtra,104cc65fb8b4822642cc2a36ca925acf4fce066c875b858877e442a3817b3825,1133,2011,historical_control_not_current_demand
27,519,District-Mumbai,Rural,9,false,main_worker,0,0,0,observed,census_c12_maharashtra,104cc65fb8b4822642cc2a36ca925acf4fce066c875b858877e442a3817b3825,1133,2011,historical_control_not_current_demand
27,519,District-Mumbai,Rural,9,false,marginal_worker_3_to_under_6_months,0,0,0,observed,census_c12_maharashtra,104cc65fb8b4822642cc2a36ca925acf4fce066c875b858877e442a3817b3825,1133,2011,historical_control_not_current_demand
27,519,District-Mumbai,Rural,9,false,marginal_worker_under_3_months,0,0,0,observed,census_c12_maharashtra,104cc65fb8b4822642cc2a36ca925acf4fce066c875b858877e442a3817b3825,1133,2011,historical_control_not_current_demand
27,519,District-Mumbai,Rural,9,false,non_worker,0,0,0,observed,census_c12_maharashtra,104cc65fb8b4822642cc2a36ca925acf4fce066c875b858877e442a3817b3825,1133,2011,historical_control_not_current_demand
27,519,District-Mumbai,Rural,10,true,main_worker,0,0,0,observed,census_c12_maharashtra,104cc65fb8b4822642cc2a36ca925acf4fce066c875b858877e442a3817b3825,1134,2011,historical_control_not_current_demand
27,519,District-Mumbai,Rural,10,true,marginal_worker_3_to_under_6_months,0,0,0,observed,census_c12_maharashtra,104cc65fb8b4822642cc2a36ca925acf4fce066c875b858877e442a3817b3825,1134,2011,historical_control_not_current_demand
27,519,District-Mumbai,Rural,10,true,marginal_worker_under_3_months,0,0,0,observed,census_c12_maharashtra,104cc65fb8b4822642cc2a36ca925acf4fce066c875b858877e442a3817b3825,1134,2011,historical_control_not_current_demand
27,519,District-Mumbai,Rural,10,true,non_worker,0,0,0,observed,census_c12_maharashtra,104cc65fb8b4822642cc2a36ca925acf4fce066c875b858877e442a3817b3825,1134,2011,historical_control_not_current_demand
27,519,District-Mumbai,Rural,10,false,main_worker,0,0,0,observed,census_c12_maharashtra,104cc65fb8b4822642cc2a36ca925acf4fce066c875b858877e442a3817b3825,1134,2011,historical_control_not_current_demand
27,519,District-Mumbai,Rural,10,false,marginal_worker_3_to_under_6_months,0,0,0,observed,census_c12_maharashtra,104cc65fb8b4822642cc2a36ca925acf4fce066c875b858877e442a3817b3825,1134,2011,historical_control_not_current_demand
27,519,District-Mumbai,Rural,10,false,marginal_worker_under_3_months,0,0,0,observed,census_c12_maharashtra,104cc65fb8b4822642cc2a36ca925acf4fce066c875b858877e442a3817b3825,1134,2011,historical_control_not_current_demand
27,519,District-Mumbai,Rural,10,false,non_worker,0,0,0,observed,census_c12_maharashtra,104cc65fb8b4822642cc2a36ca925acf4fce066c875b858877e442a3817b3825,1134,2011,historical_control_not_current_demand
27,519,District-Mumbai,Rural,11,true,main_worker,0,0,0,observed,census_c12_maharashtra,104cc65fb8b4822642cc2a36ca925acf4fce066c875b858877e442a3817b3825,1135,2011,historical_control_not_current_demand
27,519,District-Mumbai,Rural,11,true,marginal_worker_3_to_under_6_months,0,0,0,observed,census_c12_maharashtra,104cc65fb8b4822642cc2a36ca925acf4fce066c875b858877e442a3817b3825,1135,2011,historical_control_not_current_demand
27,519,District-Mumbai,Rural,11,true,marginal_worker_under_3_months,0,0,0,observed,census_c12_maharashtra,104cc65fb8b4822642cc2a36ca925acf4fce066c875b858877e442a3817b3825,1135,2011,historical_control_not_current_demand
27,519,District-Mumbai,Rural,11,true,non_worker,0,0,0,observed,census_c12_maharashtra,104cc65fb8b4822642cc2a36ca925acf4fce066c875b858877e442a3817b3825,1135,2011,historical_control_not_current_demand
27,519,District-Mumbai,Rural,11,false,main_worker,0,0,0,observed,census_c12_maharashtra,104cc65fb8b4822642cc2a36ca925acf4fce066c875b858877e442a3817b3825,1135,2011,historical_control_not_current_demand
27,519,District-Mumbai,Rural,11,false,marginal_worker_3_to_under_6_months,0,0,0,observed,census_c12_maharashtra,104cc65fb8b4822642cc2a36ca925acf4fce066c875b858877e442a3817b3825,1135,2011,historical_control_not_current_demand
27,519,District-Mumbai,Rural,11,false,marginal_worker_under_3_months,0,0,0,observed,census_c12_maharashtra,104cc65fb8b4822642cc2a36ca925acf4fce066c875b858877e442a3817b3825,1135,2011,historical_control_not_current_demand
27,519,District-Mumbai,Rural,11,false,non_worker,0,0,0,observed,census_c12_maharashtra,104cc65fb8b4822642cc2a36ca925acf4fce066c875b858877e442a3817b3825,1135,2011,historical_control_not_current_demand
27,519,District-Mumbai,Rural,12,true,main_worker,0,0,0,observed,census_c12_maharashtra,104cc65fb8b4822642cc2a36ca925acf4fce066c875b858877e442a3817b3825,1136,2011,historical_control_not_current_demand
27,519,District-Mumbai,Rural,12,true,marginal_worker_3_to_under_6_months,0,0,0,observed,census_c12_maharashtra,104cc65fb8b4822642cc2a36ca925acf4fce066c875b858877e442a3817b3825,1136,2011,historical_control_not_current_demand
27,519,District-Mumbai,Rural,12,true,marginal_worker_under_3_months,0,0,0,observed,census_c12_maharashtra,104cc65fb8b4822642cc2a36ca925acf4fce066c875b858877e442a3817b3825,1136,2011,historical_control_not_current_demand
27,519,District-Mumbai,Rural,12,true,non_worker,0,0,0,observed,census_c12_maharashtra,104cc65fb8b4822642cc2a36ca925acf4fce066c875b858877e442a3817b3825,1136,2011,historical_control_not_current_demand
27,519,District-Mumbai,Rural,12,false,main_worker,0,0,0,observed,census_c12_maharashtra,104cc65fb8b4822642cc2a36ca925acf4fce066c875b858877e442a3817b3825,1136,2011,historical_control_not_current_demand
27,519,District-Mumbai,Rural,12,false,marginal_worker_3_to_under_6_months,0,0,0,observed,census_c12_maharashtra,104cc65fb8b4822642cc2a36ca925acf4fce066c875b858877e442a3817b3825,1136,2011,historical_control_not_current_demand
27,519,District-Mumbai,Rural,12,false,marginal_worker_under_3_months,0,0,0,observed,census_c12_maharashtra,104cc65fb8b4822642cc2a36ca925acf4fce066c875b858877e442a3817b3825,1136,2011,historical_control_not_current_demand
27,519,District-Mumbai,Rural,12,false,non_worker,0,0,0,observed,census_c12_maharashtra,104cc65fb8b4822642cc2a36ca925acf4fce066c875b858877e442a3817b3825,1136,2011,historical_control_not_current_demand
27,519,District-Mumbai,Rural,13,true,main_worker,0,0,0,observed,census_c12_maharashtra,104cc65fb8b4822642cc2a36ca925acf4fce066c875b858877e442a3817b3825,1137,2011,historical_control_not_current_demand
27,519,District-Mumbai,Rural,13,true,marginal_worker_3_to_under_6_months,0,0,0,observed,census_c12_maharashtra,104cc65fb8b4822642cc2a36ca925acf4fce066c875b858877e442a3817b3825,1137,2011,historical_control_not_current_demand
27,519,District-Mumbai,Rural,13,true,marginal_worker_under_3_months,0,0,0,observed,census_c12_maharashtra,104cc65fb8b4822642cc2a36ca925acf4fce066c875b858877e442a3817b3825,1137,2011,historical_control_not_current_demand
27,519,District-Mumbai,Rural,13,true,non_worker,0,0,0,observed,census_c12_maharashtra,104cc65fb8b4822642cc2a36ca925acf4fce066c875b858877e442a3817b3825,1137,2011,historical_control_not_current_demand
27,519,District-Mumbai,Rural,13,false,main_worker,0,0,0,observed,census_c12_maharashtra,104cc65fb8b4822642cc2a36ca925acf4fce066c875b858877e442a3817b3825,1137,2011,historical_control_not_current_demand
27,519,District-Mumbai,Rural,13,false,marginal_worker_3_to_under_6_months,0,0,0,observed,census_c12_maharashtra,104cc65fb8b4822642cc2a36ca925acf4fce066c875b858877e442a3817b3825,1137,2011,historical_control_not_current_demand
27,519,District-Mumbai,Rural,13,false,marginal_worker_under_3_months,0,0,0,observed,census_c12_maharashtra,104cc65fb8b4822642cc2a36ca925acf4fce066c875b858877e442a3817b3825,1137,2011,historical_control_not_current_demand
27,519,District-Mumbai,Rural,13,false,non_worker,0,0,0,observed,census_c12_maharashtra,104cc65fb8b4822642cc2a36ca925acf4fce066c875b858877e442a3817b3825,1137,2011,historical_control_not_current_demand
27,519,District-Mumbai,Rural,14,true,main_worker,0,0,0,observed,census_c12_maharashtra,104cc65fb8b4822642cc2a36ca925acf4fce066c875b858877e442a3817b3825,1138,2011,historical_control_not_current_demand
27,519,District-Mumbai,Rural,14,true,marginal_worker_3_to_under_6_months,0,0,0,observed,census_c12_maharashtra,104cc65fb8b4822642cc2a36ca925acf4fce066c875b858877e442a3817b3825,1138,2011,historical_control_not_current_demand
27,519,District-Mumbai,Rural,14,true,marginal_worker_under_3_months,0,0,0,observed,census_c12_maharashtra,104cc65fb8b4822642cc2a36ca925acf4fce066c875b858877e442a3817b3825,1138,2011,historical_control_not_current_demand
27,519,District-Mumbai,Rural,14,true,non_worker,0,0,0,observed,census_c12_maharashtra,104cc65fb8b4822642cc2a36ca925acf4fce066c875b858877e442a3817b3825,1138,2011,historical_control_not_current_demand
27,519,District-Mumbai,Rural,14,false,main_worker,0,0,0,observed,census_c12_maharashtra,104cc65fb8b4822642cc2a36ca925acf4fce066c875b858877e442a3817b3825,1138,2011,historical_control_not_current_demand
27,519,District-Mumbai,Rural,14,false,marginal_worker_3_to_under_6_months,0,0,0,observed,census_c12_maharashtra,104cc65fb8b4822642cc2a36ca925acf4fce066c875b858877e442a3817b3825,1138,2011,historical_control_not_current_demand
27,519,District-Mumbai,Rural,14,false,marginal_worker_under_3_months,0,0,0,observed,census_c12_maharashtra,104cc65fb8b4822642cc2a36ca925acf4fce066c875b858877e442a3817b3825,1138,2011,historical_control_not_current_demand
27,519,District-Mumbai,Rural,14,false,non_worker,0,0,0,observed,census_c12_maharashtra,104cc65fb8b4822642cc2a36ca925acf4fce066c875b858877e442a3817b3825,1138,2011,historical_control_not_current_demand
27,519,District-Mumbai,Rural,15,true,main_worker,0,0,0,observed,census_c12_maharashtra,104cc65fb8b4822642cc2a36ca925acf4fce066c875b858877e442a3817b3825,1139,2011,historical_control_not_current_demand
27,519,District-Mumbai,Rural,15,true,marginal_worker_3_to_under_6_months,0,0,0,observed,census_c12_maharashtra,104cc65fb8b4822642cc2a36ca925acf4fce066c875b858877e442a3817b3825,1139,2011,historical_control_not_current_demand
27,519,District-Mumbai,Rural,15,true,marginal_worker_under_3_months,0,0,0,observed,census_c12_maharashtra,104cc65fb8b4822642cc2a36ca925acf4fce066c875b858877e442a3817b3825,1139,2011,historical_control_not_current_demand
27,519,District-Mumbai,Rural,15,true,non_worker,0,0,0,observed,census_c12_maharashtra,104cc65fb8b4822642cc2a36ca925acf4fce066c875b858877e442a3817b3825,1139,2011,historical_control_not_current_demand
27,519,District-Mumbai,Rural,15,false,main_worker,0,0,0,observed,census_c12_maharashtra,104cc65fb8b4822642cc2a36ca925acf4fce066c875b858877e442a3817b3825,1139,2011,historical_control_not_current_demand
27,519,District-Mumbai,Rural,15,false,marginal_worker_3_to_under_6_months,0,0,0,observed,census_c12_maharashtra,104cc65fb8b4822642cc2a36ca925acf4fce066c875b858877e442a3817b3825,1139,2011,historical_control_not_current_demand
27,519,District-Mumbai,Rural,15,false,marginal_worker_under_3_months,0,0,0,observed,census_c12_maharashtra,104cc65fb8b4822642cc2a36ca925acf4fce066c875b858877e442a3817b3825,1139,2011,historical_control_not_current_demand
27,519,District-Mumbai,Rural,15,false,non_worker,0,0,0,observed,census_c12_maharashtra,104cc65fb8b4822642cc2a36ca925acf4fce066c875b858877e442a3817b3825,1139,2011,historical_control_not_current_demand
27,519,District-Mumbai,Rural,16,true,main_worker,0,0,0,observed,census_c12_maharashtra,104cc65fb8b4822642cc2a36ca925acf4fce066c875b858877e442a3817b3825,1140,2011,historical_control_not_current_demand
27,519,District-Mumbai,Rural,16,true,marginal_worker_3_to_under_6_months,0,0,0,observed,census_c12_maharashtra,104cc65fb8b4822642cc2a36ca925acf4fce066c875b858877e442a3817b3825,1140,2011,historical_control_not_current_demand
27,519,District-Mumbai,Rural,16,true,marginal_worker_under_3_months,0,0,0,observed,census_c12_maharashtra,104cc65fb8b4822642cc2a36ca925acf4fce066c875b858877e442a3817b3825,1140,2011,historical_control_not_current_demand
27,519,District-Mumbai,Rural,16,true,non_worker,0,0,0,observed,census_c12_maharashtra,104cc65fb8b4822642cc2a36ca925acf4fce066c875b858877e442a3817b3825,1140,2011,historical_control_not_current_demand
27,519,District-Mumbai,Rural,16,false,main_worker,0,0,0,observed,census_c12_maharashtra,104cc65fb8b4822642cc2a36ca925acf4fce066c875b858877e442a3817b3825,1140,2011,historical_control_not_current_demand
27,519,District-Mumbai,Rural,16,false,marginal_worker_3_to_under_6_months,0,0,0,observed,census_c12_maharashtra,104cc65fb8b4822642cc2a36ca925acf4fce066c875b858877e442a3817b3825,1140,2011,historical_control_not_current_demand
27,519,District-Mumbai,Rural,16,false,marginal_worker_under_3_months,0,0,0,observed,census_c12_maharashtra,104cc65fb8b4822642cc2a36ca925acf4fce066c875b858877e442a3817b3825,1140,2011,historical_control_not_current_demand
27,519,District-Mumbai,Rural,16,false,non_worker,0,0,0,observed,census_c12_maharashtra,104cc65fb8b4822642cc2a36ca925acf4fce066c875b858877e442a3817b3825,1140,2011,historical_control_not_current_demand
27,519,District-Mumbai,Rural,17,true,main_worker,0,0,0,observed,census_c12_maharashtra,104cc65fb8b4822642cc2a36ca925acf4fce066c875b858877e442a3817b3825,1141,2011,historical_control_not_current_demand
27,519,District-Mumbai,Rural,17,true,marginal_worker_3_to_under_6_months,0,0,0,observed,census_c12_maharashtra,104cc65fb8b4822642cc2a36ca925acf4fce066c875b858877e442a3817b3825,1141,2011,historical_control_not_current_demand
27,519,District-Mumbai,Rural,17,true,marginal_worker_under_3_months,0,0,0,observed,census_c12_maharashtra,104cc65fb8b4822642cc2a36ca925acf4fce066c875b858877e442a3817b3825,1141,2011,historical_control_not_current_demand
27,519,District-Mumbai,Rural,17,true,non_worker,0,0,0,observed,census_c12_maharashtra,104cc65fb8b4822642cc2a36ca925acf4fce066c875b858877e442a3817b3825,1141,2011,historical_control_not_current_demand
27,519,District-Mumbai,Rural,17,false,main_worker,0,0,0,observed,census_c12_maharashtra,104cc65fb8b4822642cc2a36ca925acf4fce066c875b858877e442a3817b3825,1141,2011,historical_control_not_current_demand
27,519,District-Mumbai,Rural,17,false,marginal_worker_3_to_under_6_months,0,0,0,observed,census_c12_maharashtra,104cc65fb8b4822642cc2a36ca925acf4fce066c875b858877e442a3817b3825,1141,2011,historical_control_not_current_demand
27,519,District-Mumbai,Rural,17,false,marginal_worker_under_3_months,0,0,0,observed,census_c12_maharashtra,104cc65fb8b4822642cc2a36ca925acf4fce066c875b858877e442a3817b3825,1141,2011,historical_control_not_current_demand
27,519,District-Mumbai,Rural,17,false,non_worker,0,0,0,observed,census_c12_maharashtra,104cc65fb8b4822642cc2a36ca925acf4fce066c875b858877e442a3817b3825,1141,2011,historical_control_not_current_demand
27,519,District-Mumbai,Rural,18,true,main_worker,0,0,0,observed,census_c12_maharashtra,104cc65fb8b4822642cc2a36ca925acf4fce066c875b858877e442a3817b3825,1142,2011,historical_control_not_current_demand
27,519,District-Mumbai,Rural,18,true,marginal_worker_3_to_under_6_months,0,0,0,observed,census_c12_maharashtra,104cc65fb8b4822642cc2a36ca925acf4fce066c875b858877e442a3817b3825,1142,2011,historical_control_not_current_demand
27,519,District-Mumbai,Rural,18,true,marginal_worker_under_3_months,0,0,0,observed,census_c12_maharashtra,104cc65fb8b4822642cc2a36ca925acf4fce066c875b858877e442a3817b3825,1142,2011,historical_control_not_current_demand
27,519,District-Mumbai,Rural,18,true,non_worker,0,0,0,observed,census_c12_maharashtra,104cc65fb8b4822642cc2a36ca925acf4fce066c875b858877e442a3817b3825,1142,2011,historical_control_not_current_demand
27,519,District-Mumbai,Rural,18,false,main_worker,0,0,0,observed,census_c12_maharashtra,104cc65fb8b4822642cc2a36ca925acf4fce066c875b858877e442a3817b3825,1142,2011,historical_control_not_current_demand
27,519,District-Mumbai,Rural,18,false,marginal_worker_3_to_under_6_months,0,0,0,observed,census_c12_maharashtra,104cc65fb8b4822642cc2a36ca925acf4fce066c875b858877e442a3817b3825,1142,2011,historical_control_not_current_demand
27,519,District-Mumbai,Rural,18,false,marginal_worker_under_3_months,0,0,0,observed,census_c12_maharashtra,104cc65fb8b4822642cc2a36ca925acf4fce066c875b858877e442a3817b3825,1142,2011,historical_control_not_current_demand
27,519,District-Mumbai,Rural,18,false,non_worker,0,0,0,observed,census_c12_maharashtra,104cc65fb8b4822642cc2a36ca925acf4fce066c875b858877e442a3817b3825,1142,2011,historical_control_not_current_demand
27,519,District-Mumbai,Rural,19,true,main_worker,0,0,0,observed,census_c12_maharashtra,104cc65fb8b4822642cc2a36ca925acf4fce066c875b858877e442a3817b3825,1143,2011,historical_control_not_current_demand
27,519,District-Mumbai,Rural,19,true,marginal_worker_3_to_under_6_months,0,0,0,observed,census_c12_maharashtra,104cc65fb8b4822642cc2a36ca925acf4fce066c875b858877e442a3817b3825,1143,2011,historical_control_not_current_demand
27,519,District-Mumbai,Rural,19,true,marginal_worker_under_3_months,0,0,0,observed,census_c12_maharashtra,104cc65fb8b4822642cc2a36ca925acf4fce066c875b858877e442a3817b3825,1143,2011,historical_control_not_current_demand
27,519,District-Mumbai,Rural,19,true,non_worker,0,0,0,observed,census_c12_maharashtra,104cc65fb8b4822642cc2a36ca925acf4fce066c875b858877e442a3817b3825,1143,2011,historical_control_not_current_demand
27,519,District-Mumbai,Rural,19,false,main_worker,0,0,0,observed,census_c12_maharashtra,104cc65fb8b4822642cc2a36ca925acf4fce066c875b858877e442a3817b3825,1143,2011,historical_control_not_current_demand
27,519,District-Mumbai,Rural,19,false,marginal_worker_3_to_under_6_months,0,0,0,observed,census_c12_maharashtra,104cc65fb8b4822642cc2a36ca925acf4fce066c875b858877e442a3817b3825,1143,2011,historical_control_not_current_demand
27,519,District-Mumbai,Rural,19,false,marginal_worker_under_3_months,0,0,0,observed,census_c12_maharashtra,104cc65fb8b4822642cc2a36ca925acf4fce066c875b858877e442a3817b3825,1143,2011,historical_control_not_current_demand
27,519,District-Mumbai,Rural,19,false,non_worker,0,0,0,observed,census_c12_maharashtra,104cc65fb8b4822642cc2a36ca925acf4fce066c875b858877e442a3817b3825,1143,2011,historical_control_not_current_demand
27,519,District-Mumbai,Urban,5-19,true,main_worker,8986,5931,3055,observed,census_c12_maharashtra,104cc65fb8b4822642cc2a36ca925acf4fce066c875b858877e442a3817b3825,1144,2011,historical_control_not_current_demand
27,519,District-Mumbai,Urban,5-19,true,marginal_worker_3_to_under_6_months,6324,3397,2927,observed,census_c12_maharashtra,104cc65fb8b4822642cc2a36ca925acf4fce066c875b858877e442a3817b3825,1144,2011,historical_control_not_current_demand
27,519,District-Mumbai,Urban,5-19,true,marginal_worker_under_3_months,384,224,160,observed,census_c12_maharashtra,104cc65fb8b4822642cc2a36ca925acf4fce066c875b858877e442a3817b3825,1144,2011,historical_control_not_current_demand
27,519,District-Mumbai,Urban,5-19,true,non_worker,535443,282163,253280,observed,census_c12_maharashtra,104cc65fb8b4822642cc2a36ca925acf4fce066c875b858877e442a3817b3825,1144,2011,historical_control_not_current_demand
27,519,District-Mumbai,Urban,5-19,false,main_worker,45408,38318,7090,observed,census_c12_maharashtra,104cc65fb8b4822642cc2a36ca925acf4fce066c875b858877e442a3817b3825,1144,2011,historical_control_not_current_demand
27,519,District-Mumbai,Urban,5-19,false,marginal_worker_3_to_under_6_months,4073,2693,1380,observed,census_c12_maharashtra,104cc65fb8b4822642cc2a36ca925acf4fce066c875b858877e442a3817b3825,1144,2011,historical_control_not_current_demand
27,519,District-Mumbai,Urban,5-19,false,marginal_worker_under_3_months,916,681,235,observed,census_c12_maharashtra,104cc65fb8b4822642cc2a36ca925acf4fce066c875b858877e442a3817b3825,1144,2011,historical_control_not_current_demand
27,519,District-Mumbai,Urban,5-19,false,non_worker,102991,48308,54683,observed,census_c12_maharashtra,104cc65fb8b4822642cc2a36ca925acf4fce066c875b858877e442a3817b3825,1144,2011,historical_control_not_current_demand
27,519,District-Mumbai,Urban,5,true,main_worker,170,96,74,observed,census_c12_maharashtra,104cc65fb8b4822642cc2a36ca925acf4fce066c875b858877e442a3817b3825,1145,2011,historical_control_not_current_demand
27,519,District-Mumbai,Urban,5,true,marginal_worker_3_to_under_6_months,172,98,74,observed,census_c12_maharashtra,104cc65fb8b4822642cc2a36ca925acf4fce066c875b858877e442a3817b3825,1145,2011,historical_control_not_current_demand
27,519,District-Mumbai,Urban,5,true,marginal_worker_under_3_months,5,3,2,observed,census_c12_maharashtra,104cc65fb8b4822642cc2a36ca925acf4fce066c875b858877e442a3817b3825,1145,2011,historical_control_not_current_demand
27,519,District-Mumbai,Urban,5,true,non_worker,16095,8422,7673,observed,census_c12_maharashtra,104cc65fb8b4822642cc2a36ca925acf4fce066c875b858877e442a3817b3825,1145,2011,historical_control_not_current_demand
27,519,District-Mumbai,Urban,5,false,main_worker,435,270,165,observed,census_c12_maharashtra,104cc65fb8b4822642cc2a36ca925acf4fce066c875b858877e442a3817b3825,1145,2011,historical_control_not_current_demand
27,519,District-Mumbai,Urban,5,false,marginal_worker_3_to_under_6_months,215,104,111,observed,census_c12_maharashtra,104cc65fb8b4822642cc2a36ca925acf4fce066c875b858877e442a3817b3825,1145,2011,historical_control_not_current_demand
27,519,District-Mumbai,Urban,5,false,marginal_worker_under_3_months,14,8,6,observed,census_c12_maharashtra,104cc65fb8b4822642cc2a36ca925acf4fce066c875b858877e442a3817b3825,1145,2011,historical_control_not_current_demand
27,519,District-Mumbai,Urban,5,false,non_worker,25114,13204,11910,observed,census_c12_maharashtra,104cc65fb8b4822642cc2a36ca925acf4fce066c875b858877e442a3817b3825,1145,2011,historical_control_not_current_demand
27,519,District-Mumbai,Urban,6,true,main_worker,207,112,95,observed,census_c12_maharashtra,104cc65fb8b4822642cc2a36ca925acf4fce066c875b858877e442a3817b3825,1146,2011,historical_control_not_current_demand
27,519,District-Mumbai,Urban,6,true,marginal_worker_3_to_under_6_months,221,109,112,observed,census_c12_maharashtra,104cc65fb8b4822642cc2a36ca925acf4fce066c875b858877e442a3817b3825,1146,2011,historical_control_not_current_demand
27,519,District-Mumbai,Urban,6,true,marginal_worker_under_3_months,11,6,5,observed,census_c12_maharashtra,104cc65fb8b4822642cc2a36ca925acf4fce066c875b858877e442a3817b3825,1146,2011,historical_control_not_current_demand
27,519,District-Mumbai,Urban,6,true,non_worker,22630,11870,10760,observed,census_c12_maharashtra,104cc65fb8b4822642cc2a36ca925acf4fce066c875b858877e442a3817b3825,1146,2011,historical_control_not_current_demand
27,519,District-Mumbai,Urban,6,false,main_worker,285,171,114,observed,census_c12_maharashtra,104cc65fb8b4822642cc2a36ca925acf4fce066c875b858877e442a3817b3825,1146,2011,historical_control_not_current_demand
27,519,District-Mumbai,Urban,6,false,marginal_worker_3_to_under_6_months,158,69,89,observed,census_c12_maharashtra,104cc65fb8b4822642cc2a36ca925acf4fce066c875b858877e442a3817b3825,1146,2011,historical_control_not_current_demand
27,519,District-Mumbai,Urban,6,false,marginal_worker_under_3_months,6,5,1,observed,census_c12_maharashtra,104cc65fb8b4822642cc2a36ca925acf4fce066c875b858877e442a3817b3825,1146,2011,historical_control_not_current_demand
27,519,District-Mumbai,Urban,6,false,non_worker,17955,9424,8531,observed,census_c12_maharashtra,104cc65fb8b4822642cc2a36ca925acf4fce066c875b858877e442a3817b3825,1146,2011,historical_control_not_current_demand
27,519,District-Mumbai,Urban,7,true,main_worker,321,192,129,observed,census_c12_maharashtra,104cc65fb8b4822642cc2a36ca925acf4fce066c875b858877e442a3817b3825,1147,2011,historical_control_not_current_demand
27,519,District-Mumbai,Urban,7,true,marginal_worker_3_to_under_6_months,340,178,162,observed,census_c12_maharashtra,104cc65fb8b4822642cc2a36ca925acf4fce066c875b858877e442a3817b3825,1147,2011,historical_control_not_current_demand
27,519,District-Mumbai,Urban,7,true,marginal_worker_under_3_months,13,8,5,observed,census_c12_maharashtra,104cc65fb8b4822642cc2a36ca925acf4fce066c875b858877e442a3817b3825,1147,2011,historical_control_not_current_demand
27,519,District-Mumbai,Urban,7,true,non_worker,36150,18520,17630,observed,census_c12_maharashtra,104cc65fb8b4822642cc2a36ca925acf4fce066c875b858877e442a3817b3825,1147,2011,historical_control_not_current_demand
27,519,District-Mumbai,Urban,7,false,main_worker,188,109,79,observed,census_c12_maharashtra,104cc65fb8b4822642cc2a36ca925acf4fce066c875b858877e442a3817b3825,1147,2011,historical_control_not_current_demand
27,519,District-Mumbai,Urban,7,false,marginal_worker_3_to_under_6_months,70,33,37,observed,census_c12_maharashtra,104cc65fb8b4822642cc2a36ca925acf4fce066c875b858877e442a3817b3825,1147,2011,historical_control_not_current_demand
27,519,District-Mumbai,Urban,7,false,marginal_worker_under_3_months,4,1,3,observed,census_c12_maharashtra,104cc65fb8b4822642cc2a36ca925acf4fce066c875b858877e442a3817b3825,1147,2011,historical_control_not_current_demand
27,519,District-Mumbai,Urban,7,false,non_worker,5479,2802,2677,observed,census_c12_maharashtra,104cc65fb8b4822642cc2a36ca925acf4fce066c875b858877e442a3817b3825,1147,2011,historical_control_not_current_demand
27,519,District-Mumbai,Urban,8,true,main_worker,335,182,153,observed,census_c12_maharashtra,104cc65fb8b4822642cc2a36ca925acf4fce066c875b858877e442a3817b3825,1148,2011,historical_control_not_current_demand
27,519,District-Mumbai,Urban,8,true,marginal_worker_3_to_under_6_months,360,177,183,observed,census_c12_maharashtra,104cc65fb8b4822642cc2a36ca925acf4fce066c875b858877e442a3817b3825,1148,2011,historical_control_not_current_demand
27,519,District-Mumbai,Urban,8,true,marginal_worker_under_3_months,7,3,4,observed,census_c12_maharashtra,104cc65fb8b4822642cc2a36ca925acf4fce066c875b858877e442a3817b3825,1148,2011,historical_control_not_current_demand
27,519,District-Mumbai,Urban,8,true,non_worker,37085,19381,17704,observed,census_c12_maharashtra,104cc65fb8b4822642cc2a36ca925acf4fce066c875b858877e442a3817b3825,1148,2011,historical_control_not_current_demand
27,519,District-Mumbai,Urban,8,false,main_worker,182,103,79,observed,census_c12_maharashtra,104cc65fb8b4822642cc2a36ca925acf4fce066c875b858877e442a3817b3825,1148,2011,historical_control_not_current_demand
27,519,District-Mumbai,Urban,8,false,marginal_worker_3_to_under_6_months,47,27,20,observed,census_c12_maharashtra,104cc65fb8b4822642cc2a36ca925acf4fce066c875b858877e442a3817b3825,1148,2011,historical_control_not_current_demand
27,519,District-Mumbai,Urban,8,false,marginal_worker_under_3_months,3,1,2,observed,census_c12_maharashtra,104cc65fb8b4822642cc2a36ca925acf4fce066c875b858877e442a3817b3825,1148,2011,historical_control_not_current_demand
27,519,District-Mumbai,Urban,8,false,non_worker,2681,1344,1337,observed,census_c12_maharashtra,104cc65fb8b4822642cc2a36ca925acf4fce066c875b858877e442a3817b3825,1148,2011,historical_control_not_current_demand
27,519,District-Mumbai,Urban,9,true,main_worker,329,197,132,observed,census_c12_maharashtra,104cc65fb8b4822642cc2a36ca925acf4fce066c875b858877e442a3817b3825,1149,2011,historical_control_not_current_demand
27,519,District-Mumbai,Urban,9,true,marginal_worker_3_to_under_6_months,385,211,174,observed,census_c12_maharashtra,104cc65fb8b4822642cc2a36ca925acf4fce066c875b858877e442a3817b3825,1149,2011,historical_control_not_current_demand
27,519,District-Mumbai,Urban,9,true,marginal_worker_under_3_months,11,8,3,observed,census_c12_maharashtra,104cc65fb8b4822642cc2a36ca925acf4fce066c875b858877e442a3817b3825,1149,2011,historical_control_not_current_demand
27,519,District-Mumbai,Urban,9,true,non_worker,37857,19877,17980,observed,census_c12_maharashtra,104cc65fb8b4822642cc2a36ca925acf4fce066c875b858877e442a3817b3825,1149,2011,historical_control_not_current_demand
27,519,District-Mumbai,Urban,9,false,main_worker,183,126,57,observed,census_c12_maharashtra,104cc65fb8b4822642cc2a36ca925acf4fce066c875b858877e442a3817b3825,1149,2011,historical_control_not_current_demand
27,519,District-Mumbai,Urban,9,false,marginal_worker_3_to_under_6_months,40,20,20,observed,census_c12_maharashtra,104cc65fb8b4822642cc2a36ca925acf4fce066c875b858877e442a3817b3825,1149,2011,historical_control_not_current_demand
27,519,District-Mumbai,Urban,9,false,marginal_worker_under_3_months,3,2,1,observed,census_c12_maharashtra,104cc65fb8b4822642cc2a36ca925acf4fce066c875b858877e442a3817b3825,1149,2011,historical_control_not_current_demand
27,519,District-Mumbai,Urban,9,false,non_worker,2498,1320,1178,observed,census_c12_maharashtra,104cc65fb8b4822642cc2a36ca925acf4fce066c875b858877e442a3817b3825,1149,2011,historical_control_not_current_demand
27,519,District-Mumbai,Urban,10,true,main_worker,396,239,157,observed,census_c12_maharashtra,104cc65fb8b4822642cc2a36ca925acf4fce066c875b858877e442a3817b3825,1150,2011,historical_control_not_current_demand
27,519,District-Mumbai,Urban,10,true,marginal_worker_3_to_under_6_months,422,213,209,observed,census_c12_maharashtra,104cc65fb8b4822642cc2a36ca925acf4fce066c875b858877e442a3817b3825,1150,2011,historical_control_not_current_demand
27,519,District-Mumbai,Urban,10,true,marginal_worker_under_3_months,20,10,10,observed,census_c12_maharashtra,104cc65fb8b4822642cc2a36ca925acf4fce066c875b858877e442a3817b3825,1150,2011,historical_control_not_current_demand
27,519,District-Mumbai,Urban,10,true,non_worker,44888,23692,21196,observed,census_c12_maharashtra,104cc65fb8b4822642cc2a36ca925acf4fce066c875b858877e442a3817b3825,1150,2011,historical_control_not_current_demand
27,519,District-Mumbai,Urban,10,false,main_worker,244,167,77,observed,census_c12_maharashtra,104cc65fb8b4822642cc2a36ca925acf4fce066c875b858877e442a3817b3825,1150,2011,historical_control_not_current_demand
27,519,District-Mumbai,Urban,10,false,marginal_worker_3_to_under_6_months,89,53,36,observed,census_c12_maharashtra,104cc65fb8b4822642cc2a36ca925acf4fce066c875b858877e442a3817b3825,1150,2011,historical_control_not_current_demand
27,519,District-Mumbai,Urban,10,false,marginal_worker_under_3_months,8,5,3,observed,census_c12_maharashtra,104cc65fb8b4822642cc2a36ca925acf4fce066c875b858877e442a3817b3825,1150,2011,historical_control_not_current_demand
27,519,District-Mumbai,Urban,10,false,non_worker,3410,1755,1655,observed,census_c12_maharashtra,104cc65fb8b4822642cc2a36ca925acf4fce066c875b858877e442a3817b3825,1150,2011,historical_control_not_current_demand
27,519,District-Mumbai,Urban,11,true,main_worker,428,255,173,observed,census_c12_maharashtra,104cc65fb8b4822642cc2a36ca925acf4fce066c875b858877e442a3817b3825,1151,2011,historical_control_not_current_demand
27,519,District-Mumbai,Urban,11,true,marginal_worker_3_to_under_6_months,450,236,214,observed,census_c12_maharashtra,104cc65fb8b4822642cc2a36ca925acf4fce066c875b858877e442a3817b3825,1151,2011,historical_control_not_current_demand
27,519,District-Mumbai,Urban,11,true,marginal_worker_under_3_months,23,7,16,observed,census_c12_maharashtra,104cc65fb8b4822642cc2a36ca925acf4fce066c875b858877e442a3817b3825,1151,2011,historical_control_not_current_demand
27,519,District-Mumbai,Urban,11,true,non_worker,41352,21898,19454,observed,census_c12_maharashtra,104cc65fb8b4822642cc2a36ca925acf4fce066c875b858877e442a3817b3825,1151,2011,historical_control_not_current_demand
27,519,District-Mumbai,Urban,11,false,main_worker,720,550,170,observed,census_c12_maharashtra,104cc65fb8b4822642cc2a36ca925acf4fce066c875b858877e442a3817b3825,1151,2011,historical_control_not_current_demand
27,519,District-Mumbai,Urban,11,false,marginal_worker_3_to_under_6_months,88,52,36,observed,census_c12_maharashtra,104cc65fb8b4822642cc2a36ca925acf4fce066c875b858877e442a3817b3825,1151,2011,historical_control_not_current_demand
27,519,District-Mumbai,Urban,11,false,marginal_worker_under_3_months,7,4,3,observed,census_c12_maharashtra,104cc65fb8b4822642cc2a36ca925acf4fce066c875b858877e442a3817b3825,1151,2011,historical_control_not_current_demand
27,519,District-Mumbai,Urban,11,false,non_worker,2587,1240,1347,observed,census_c12_maharashtra,104cc65fb8b4822642cc2a36ca925acf4fce066c875b858877e442a3817b3825,1151,2011,historical_control_not_current_demand
27,519,District-Mumbai,Urban,12,true,main_worker,446,274,172,observed,census_c12_maharashtra,104cc65fb8b4822642cc2a36ca925acf4fce066c875b858877e442a3817b3825,1152,2011,historical_control_not_current_demand
27,519,District-Mumbai,Urban,12,true,marginal_worker_3_to_under_6_months,424,213,211,observed,census_c12_maharashtra,104cc65fb8b4822642cc2a36ca925acf4fce066c875b858877e442a3817b3825,1152,2011,historical_control_not_current_demand
27,519,District-Mumbai,Urban,12,true,marginal_worker_under_3_months,20,12,8,observed,census_c12_maharashtra,104cc65fb8b4822642cc2a36ca925acf4fce066c875b858877e442a3817b3825,1152,2011,historical_control_not_current_demand
27,519,District-Mumbai,Urban,12,true,non_worker,40840,21762,19078,observed,census_c12_maharashtra,104cc65fb8b4822642cc2a36ca925acf4fce066c875b858877e442a3817b3825,1152,2011,historical_control_not_current_demand
27,519,District-Mumbai,Urban,12,false,main_worker,1094,861,233,observed,census_c12_maharashtra,104cc65fb8b4822642cc2a36ca925acf4fce066c875b858877e442a3817b3825,1152,2011,historical_control_not_current_demand
27,519,District-Mumbai,Urban,12,false,marginal_worker_3_to_under_6_months,119,68,51,observed,census_c12_maharashtra,104cc65fb8b4822642cc2a36ca925acf4fce066c875b858877e442a3817b3825,1152,2011,historical_control_not_current_demand
27,519,District-Mumbai,Urban,12,false,marginal_worker_under_3_months,18,16,2,observed,census_c12_maharashtra,104cc65fb8b4822642cc2a36ca925acf4fce066c875b858877e442a3817b3825,1152,2011,historical_control_not_current_demand
27,519,District-Mumbai,Urban,12,false,non_worker,2452,1137,1315,observed,census_c12_maharashtra,104cc65fb8b4822642cc2a36ca925acf4fce066c875b858877e442a3817b3825,1152,2011,historical_control_not_current_demand
27,519,District-Mumbai,Urban,13,true,main_worker,424,283,141,observed,census_c12_maharashtra,104cc65fb8b4822642cc2a36ca925acf4fce066c875b858877e442a3817b3825,1153,2011,historical_control_not_current_demand
27,519,District-Mumbai,Urban,13,true,marginal_worker_3_to_under_6_months,408,210,198,observed,census_c12_maharashtra,104cc65fb8b4822642cc2a36ca925acf4fce066c875b858877e442a3817b3825,1153,2011,historical_control_not_current_demand
27,519,District-Mumbai,Urban,13,true,marginal_worker_under_3_months,26,19,7,observed,census_c12_maharashtra,104cc65fb8b4822642cc2a36ca925acf4fce066c875b858877e442a3817b3825,1153,2011,historical_control_not_current_demand
27,519,District-Mumbai,Urban,13,true,non_worker,40143,20955,19188,observed,census_c12_maharashtra,104cc65fb8b4822642cc2a36ca925acf4fce066c875b858877e442a3817b3825,1153,2011,historical_control_not_current_demand
27,519,District-Mumbai,Urban,13,false,main_worker,950,730,220,observed,census_c12_maharashtra,104cc65fb8b4822642cc2a36ca925acf4fce066c875b858877e442a3817b3825,1153,2011,historical_control_not_current_demand
27,519,District-Mumbai,Urban,13,false,marginal_worker_3_to_under_6_months,127,76,51,observed,census_c12_maharashtra,104cc65fb8b4822642cc2a36ca925acf4fce066c875b858877e442a3817b3825,1153,2011,historical_control_not_current_demand
27,519,District-Mumbai,Urban,13,false,marginal_worker_under_3_months,17,12,5,observed,census_c12_maharashtra,104cc65fb8b4822642cc2a36ca925acf4fce066c875b858877e442a3817b3825,1153,2011,historical_control_not_current_demand
27,519,District-Mumbai,Urban,13,false,non_worker,2473,1157,1316,observed,census_c12_maharashtra,104cc65fb8b4822642cc2a36ca925acf4fce066c875b858877e442a3817b3825,1153,2011,historical_control_not_current_demand
27,519,District-Mumbai,Urban,14,true,main_worker,488,307,181,observed,census_c12_maharashtra,104cc65fb8b4822642cc2a36ca925acf4fce066c875b858877e442a3817b3825,1154,2011,historical_control_not_current_demand
27,519,District-Mumbai,Urban,14,true,marginal_worker_3_to_under_6_months,432,232,200,observed,census_c12_maharashtra,104cc65fb8b4822642cc2a36ca925acf4fce066c875b858877e442a3817b3825,1154,2011,historical_control_not_current_demand
27,519,District-Mumbai,Urban,14,true,marginal_worker_under_3_months,24,10,14,observed,census_c12_maharashtra,104cc65fb8b4822642cc2a36ca925acf4fce066c875b858877e442a3817b3825,1154,2011,historical_control_not_current_demand
27,519,District-Mumbai,Urban,14,true,non_worker,39982,21022,18960,observed,census_c12_maharashtra,104cc65fb8b4822642cc2a36ca925acf4fce066c875b858877e442a3817b3825,1154,2011,historical_control_not_current_demand
27,519,District-Mumbai,Urban,14,false,main_worker,1445,1147,298,observed,census_c12_maharashtra,104cc65fb8b4822642cc2a36ca925acf4fce066c875b858877e442a3817b3825,1154,2011,historical_control_not_current_demand
27,519,District-Mumbai,Urban,14,false,marginal_worker_3_to_under_6_months,158,88,70,observed,census_c12_maharashtra,104cc65fb8b4822642cc2a36ca925acf4fce066c875b858877e442a3817b3825,1154,2011,historical_control_not_current_demand
27,519,District-Mumbai,Urban,14,false,marginal_worker_under_3_months,35,27,8,observed,census_c12_maharashtra,104cc65fb8b4822642cc2a36ca925acf4fce066c875b858877e442a3817b3825,1154,2011,historical_control_not_current_demand
27,519,District-Mumbai,Urban,14,false,non_worker,3036,1371,1665,observed,census_c12_maharashtra,104cc65fb8b4822642cc2a36ca925acf4fce066c875b858877e442a3817b3825,1154,2011,historical_control_not_current_demand
27,519,District-Mumbai,Urban,15,true,main_worker,660,417,243,observed,census_c12_maharashtra,104cc65fb8b4822642cc2a36ca925acf4fce066c875b858877e442a3817b3825,1155,2011,historical_control_not_current_demand
27,519,District-Mumbai,Urban,15,true,marginal_worker_3_to_under_6_months,456,249,207,observed,census_c12_maharashtra,104cc65fb8b4822642cc2a36ca925acf4fce066c875b858877e442a3817b3825,1155,2011,historical_control_not_current_demand
27,519,District-Mumbai,Urban,15,true,marginal_worker_under_3_months,35,17,18,observed,census_c12_maharashtra,104cc65fb8b4822642cc2a36ca925acf4fce066c875b858877e442a3817b3825,1155,2011,historical_control_not_current_demand
27,519,District-Mumbai,Urban,15,true,non_worker,40420,21415,19005,observed,census_c12_maharashtra,104cc65fb8b4822642cc2a36ca925acf4fce066c875b858877e442a3817b3825,1155,2011,historical_control_not_current_demand
27,519,District-Mumbai,Urban,15,false,main_worker,2512,2042,470,observed,census_c12_maharashtra,104cc65fb8b4822642cc2a36ca925acf4fce066c875b858877e442a3817b3825,1155,2011,historical_control_not_current_demand
27,519,District-Mumbai,Urban,15,false,marginal_worker_3_to_under_6_months,283,195,88,observed,census_c12_maharashtra,104cc65fb8b4822642cc2a36ca925acf4fce066c875b858877e442a3817b3825,1155,2011,historical_control_not_current_demand
27,519,District-Mumbai,Urban,15,false,marginal_worker_under_3_months,74,56,18,observed,census_c12_maharashtra,104cc65fb8b4822642cc2a36ca925acf4fce066c875b858877e442a3817b3825,1155,2011,historical_control_not_current_demand
27,519,District-Mumbai,Urban,15,false,non_worker,4053,1738,2315,observed,census_c12_maharashtra,104cc65fb8b4822642cc2a36ca925acf4fce066c875b858877e442a3817b3825,1155,2011,historical_control_not_current_demand
27,519,District-Mumbai,Urban,16,true,main_worker,750,506,244,observed,census_c12_maharashtra,104cc65fb8b4822642cc2a36ca925acf4fce066c875b858877e442a3817b3825,1156,2011,historical_control_not_current_demand
27,519,District-Mumbai,Urban,16,true,marginal_worker_3_to_under_6_months,517,290,227,observed,census_c12_maharashtra,104cc65fb8b4822642cc2a36ca925acf4fce066c875b858877e442a3817b3825,1156,2011,historical_control_not_current_demand
27,519,District-Mumbai,Urban,16,true,marginal_worker_under_3_months,28,13,15,observed,census_c12_maharashtra,104cc65fb8b4822642cc2a36ca925acf4fce066c875b858877e442a3817b3825,1156,2011,historical_control_not_current_demand
27,519,District-Mumbai,Urban,16,true,non_worker,36839,19534,17305,observed,census_c12_maharashtra,104cc65fb8b4822642cc2a36ca925acf4fce066c875b858877e442a3817b3825,1156,2011,historical_control_not_current_demand
27,519,District-Mumbai,Urban,16,false,main_worker,3541,2917,624,observed,census_c12_maharashtra,104cc65fb8b4822642cc2a36ca925acf4fce066c875b858877e442a3817b3825,1156,2011,historical_control_not_current_demand
27,519,District-Mumbai,Urban,16,false,marginal_worker_3_to_under_6_months,352,242,110,observed,census_c12_maharashtra,104cc65fb8b4822642cc2a36ca925acf4fce066c875b858877e442a3817b3825,1156,2011,historical_control_not_current_demand
27,519,District-Mumbai,Urban,16,false,marginal_worker_under_3_months,81,64,17,observed,census_c12_maharashtra,104cc65fb8b4822642cc2a36ca925acf4fce066c875b858877e442a3817b3825,1156,2011,historical_control_not_current_demand
27,519,District-Mumbai,Urban,16,false,non_worker,4908,2019,2889,observed,census_c12_maharashtra,104cc65fb8b4822642cc2a36ca925acf4fce066c875b858877e442a3817b3825,1156,2011,historical_control_not_current_demand
27,519,District-Mumbai,Urban,17,true,main_worker,938,647,291,observed,census_c12_maharashtra,104cc65fb8b4822642cc2a36ca925acf4fce066c875b858877e442a3817b3825,1157,2011,historical_control_not_current_demand
27,519,District-Mumbai,Urban,17,true,marginal_worker_3_to_under_6_months,500,304,196,observed,census_c12_maharashtra,104cc65fb8b4822642cc2a36ca925acf4fce066c875b858877e442a3817b3825,1157,2011,historical_control_not_current_demand
27,519,District-Mumbai,Urban,17,true,marginal_worker_under_3_months,44,28,16,observed,census_c12_maharashtra,104cc65fb8b4822642cc2a36ca925acf4fce066c875b858877e442a3817b3825,1157,2011,historical_control_not_current_demand
27,519,District-Mumbai,Urban,17,true,non_worker,34937,18519,16418,observed,census_c12_maharashtra,104cc65fb8b4822642cc2a36ca925acf4fce066c875b858877e442a3817b3825,1157,2011,historical_control_not_current_demand
27,519,District-Mumbai,Urban,17,false,main_worker,5783,4872,911,observed,census_c12_maharashtra,104cc65fb8b4822642cc2a36ca925acf4fce066c875b858877e442a3817b3825,1157,2011,historical_control_not_current_demand
27,519,District-Mumbai,Urban,17,false,marginal_worker_3_to_under_6_months,474,335,139,observed,census_c12_maharashtra,104cc65fb8b4822642cc2a36ca925acf4fce066c875b858877e442a3817b3825,1157,2011,historical_control_not_current_demand
27,519,District-Mumbai,Urban,17,false,marginal_worker_under_3_months,139,106,33,observed,census_c12_maharashtra,104cc65fb8b4822642cc2a36ca925acf4fce066c875b858877e442a3817b3825,1157,2011,historical_control_not_current_demand
27,519,District-Mumbai,Urban,17,false,non_worker,6096,2489,3607,observed,census_c12_maharashtra,104cc65fb8b4822642cc2a36ca925acf4fce066c875b858877e442a3817b3825,1157,2011,historical_control_not_current_demand
27,519,District-Mumbai,Urban,18,true,main_worker,1524,1124,400,observed,census_c12_maharashtra,104cc65fb8b4822642cc2a36ca925acf4fce066c875b858877e442a3817b3825,1158,2011,historical_control_not_current_demand
27,519,District-Mumbai,Urban,18,true,marginal_worker_3_to_under_6_months,627,326,301,observed,census_c12_maharashtra,104cc65fb8b4822642cc2a36ca925acf4fce066c875b858877e442a3817b3825,1158,2011,historical_control_not_current_demand
27,519,District-Mumbai,Urban,18,true,marginal_worker_under_3_months,52,32,20,observed,census_c12_maharashtra,104cc65fb8b4822642cc2a36ca925acf4fce066c875b858877e442a3817b3825,1158,2011,historical_control_not_current_demand
27,519,District-Mumbai,Urban,18,true,non_worker,35725,19068,16657,observed,census_c12_maharashtra,104cc65fb8b4822642cc2a36ca925acf4fce066c875b858877e442a3817b3825,1158,2011,historical_control_not_current_demand
27,519,District-Mumbai,Urban,18,false,main_worker,13454,11786,1668,observed,census_c12_maharashtra,104cc65fb8b4822642cc2a36ca925acf4fce066c875b858877e442a3817b3825,1158,2011,historical_control_not_current_demand
27,519,District-Mumbai,Urban,18,false,marginal_worker_3_to_under_6_months,901,644,257,observed,census_c12_maharashtra,104cc65fb8b4822642cc2a36ca925acf4fce066c875b858877e442a3817b3825,1158,2011,historical_control_not_current_demand
27,519,District-Mumbai,Urban,18,false,marginal_worker_under_3_months,269,204,65,observed,census_c12_maharashtra,104cc65fb8b4822642cc2a36ca925acf4fce066c875b858877e442a3817b3825,1158,2011,historical_control_not_current_demand
27,519,District-Mumbai,Urban,18,false,non_worker,9835,3750,6085,observed,census_c12_maharashtra,104cc65fb8b4822642cc2a36ca925acf4fce066c875b858877e442a3817b3825,1158,2011,historical_control_not_current_demand
27,519,District-Mumbai,Urban,19,true,main_worker,1570,1100,470,observed,census_c12_maharashtra,104cc65fb8b4822642cc2a36ca925acf4fce066c875b858877e442a3817b3825,1159,2011,historical_control_not_current_demand
27,519,District-Mumbai,Urban,19,true,marginal_worker_3_to_under_6_months,610,351,259,observed,census_c12_maharashtra,104cc65fb8b4822642cc2a36ca925acf4fce066c875b858877e442a3817b3825,1159,2011,historical_control_not_current_demand
27,519,District-Mumbai,Urban,19,true,marginal_worker_under_3_months,65,48,17,observed,census_c12_maharashtra,104cc65fb8b4822642cc2a36ca925acf4fce066c875b858877e442a3817b3825,1159,2011,historical_control_not_current_demand
27,519,District-Mumbai,Urban,19,true,non_worker,30500,16228,14272,observed,census_c12_maharashtra,104cc65fb8b4822642cc2a36ca925acf4fce066c875b858877e442a3817b3825,1159,2011,historical_control_not_current_demand
27,519,District-Mumbai,Urban,19,false,main_worker,14392,12467,1925,observed,census_c12_maharashtra,104cc65fb8b4822642cc2a36ca925acf4fce066c875b858877e442a3817b3825,1159,2011,historical_control_not_current_demand
27,519,District-Mumbai,Urban,19,false,marginal_worker_3_to_under_6_months,952,687,265,observed,census_c12_maharashtra,104cc65fb8b4822642cc2a36ca925acf4fce066c875b858877e442a3817b3825,1159,2011,historical_control_not_current_demand
27,519,District-Mumbai,Urban,19,false,marginal_worker_under_3_months,238,170,68,observed,census_c12_maharashtra,104cc65fb8b4822642cc2a36ca925acf4fce066c875b858877e442a3817b3825,1159,2011,historical_control_not_current_demand
27,519,District-Mumbai,Urban,19,false,non_worker,10414,3558,6856,observed,census_c12_maharashtra,104cc65fb8b4822642cc2a36ca925acf4fce066c875b858877e442a3817b3825,1159,2011,historical_control_not_current_demand
27,520,District-Raigarh,Total,5-19,true,main_worker,9620,5587,4033,observed,census_c12_maharashtra,104cc65fb8b4822642cc2a36ca925acf4fce066c875b858877e442a3817b3825,1160,2011,historical_control_not_current_demand
27,520,District-Raigarh,Total,5-19,true,marginal_worker_3_to_under_6_months,6436,3598,2838,observed,census_c12_maharashtra,104cc65fb8b4822642cc2a36ca925acf4fce066c875b858877e442a3817b3825,1160,2011,historical_control_not_current_demand
27,520,District-Raigarh,Total,5-19,true,marginal_worker_under_3_months,1246,663,583,observed,census_c12_maharashtra,104cc65fb8b4822642cc2a36ca925acf4fce066c875b858877e442a3817b3825,1160,2011,historical_control_not_current_demand
27,520,District-Raigarh,Total,5-19,true,non_worker,535369,282781,252588,observed,census_c12_maharashtra,104cc65fb8b4822642cc2a36ca925acf4fce066c875b858877e442a3817b3825,1160,2011,historical_control_not_current_demand
27,520,District-Raigarh,Total,5-19,false,main_worker,29548,20703,8845,observed,census_c12_maharashtra,104cc65fb8b4822642cc2a36ca925acf4fce066c875b858877e442a3817b3825,1160,2011,historical_control_not_current_demand
27,520,District-Raigarh,Total,5-19,false,marginal_worker_3_to_under_6_months,10990,6030,4960,observed,census_c12_maharashtra,104cc65fb8b4822642cc2a36ca925acf4fce066c875b858877e442a3817b3825,1160,2011,historical_control_not_current_demand
27,520,District-Raigarh,Total,5-19,false,marginal_worker_under_3_months,2731,1466,1265,observed,census_c12_maharashtra,104cc65fb8b4822642cc2a36ca925acf4fce066c875b858877e442a3817b3825,1160,2011,historical_control_not_current_demand
27,520,District-Raigarh,Total,5-19,false,non_worker,108229,46286,61943,observed,census_c12_maharashtra,104cc65fb8b4822642cc2a36ca925acf4fce066c875b858877e442a3817b3825,1160,2011,historical_control_not_current_demand
27,520,District-Raigarh,Total,5,true,main_worker,268,126,142,observed,census_c12_maharashtra,104cc65fb8b4822642cc2a36ca925acf4fce066c875b858877e442a3817b3825,1161,2011,historical_control_not_current_demand
27,520,District-Raigarh,Total,5,true,marginal_worker_3_to_under_6_months,164,90,74,observed,census_c12_maharashtra,104cc65fb8b4822642cc2a36ca925acf4fce066c875b858877e442a3817b3825,1161,2011,historical_control_not_current_demand
27,520,District-Raigarh,Total,5,true,marginal_worker_under_3_months,9,5,4,observed,census_c12_maharashtra,104cc65fb8b4822642cc2a36ca925acf4fce066c875b858877e442a3817b3825,1161,2011,historical_control_not_current_demand
27,520,District-Raigarh,Total,5,true,non_worker,17457,9120,8337,observed,census_c12_maharashtra,104cc65fb8b4822642cc2a36ca925acf4fce066c875b858877e442a3817b3825,1161,2011,historical_control_not_current_demand
27,520,District-Raigarh,Total,5,false,main_worker,433,232,201,observed,census_c12_maharashtra,104cc65fb8b4822642cc2a36ca925acf4fce066c875b858877e442a3817b3825,1161,2011,historical_control_not_current_demand
27,520,District-Raigarh,Total,5,false,marginal_worker_3_to_under_6_months,197,98,99,observed,census_c12_maharashtra,104cc65fb8b4822642cc2a36ca925acf4fce066c875b858877e442a3817b3825,1161,2011,historical_control_not_current_demand
27,520,District-Raigarh,Total,5,false,marginal_worker_under_3_months,19,10,9,observed,census_c12_maharashtra,104cc65fb8b4822642cc2a36ca925acf4fce066c875b858877e442a3817b3825,1161,2011,historical_control_not_current_demand
27,520,District-Raigarh,Total,5,false,non_worker,25575,13349,12226,observed,census_c12_maharashtra,104cc65fb8b4822642cc2a36ca925acf4fce066c875b858877e442a3817b3825,1161,2011,historical_control_not_current_demand
27,520,District-Raigarh,Total,6,true,main_worker,380,209,171,observed,census_c12_maharashtra,104cc65fb8b4822642cc2a36ca925acf4fce066c875b858877e442a3817b3825,1162,2011,historical_control_not_current_demand
27,520,District-Raigarh,Total,6,true,marginal_worker_3_to_under_6_months,239,137,102,observed,census_c12_maharashtra,104cc65fb8b4822642cc2a36ca925acf4fce066c875b858877e442a3817b3825,1162,2011,historical_control_not_current_demand
27,520,District-Raigarh,Total,6,true,marginal_worker_under_3_months,23,12,11,observed,census_c12_maharashtra,104cc65fb8b4822642cc2a36ca925acf4fce066c875b858877e442a3817b3825,1162,2011,historical_control_not_current_demand
27,520,District-Raigarh,Total,6,true,non_worker,26528,13771,12757,observed,census_c12_maharashtra,104cc65fb8b4822642cc2a36ca925acf4fce066c875b858877e442a3817b3825,1162,2011,historical_control_not_current_demand
27,520,District-Raigarh,Total,6,false,main_worker,233,123,110,observed,census_c12_maharashtra,104cc65fb8b4822642cc2a36ca925acf4fce066c875b858877e442a3817b3825,1162,2011,historical_control_not_current_demand
27,520,District-Raigarh,Total,6,false,marginal_worker_3_to_under_6_months,140,62,78,observed,census_c12_maharashtra,104cc65fb8b4822642cc2a36ca925acf4fce066c875b858877e442a3817b3825,1162,2011,historical_control_not_current_demand
27,520,District-Raigarh,Total,6,false,marginal_worker_under_3_months,23,13,10,observed,census_c12_maharashtra,104cc65fb8b4822642cc2a36ca925acf4fce066c875b858877e442a3817b3825,1162,2011,historical_control_not_current_demand
27,520,District-Raigarh,Total,6,false,non_worker,16371,8484,7887,observed,census_c12_maharashtra,104cc65fb8b4822642cc2a36ca925acf4fce066c875b858877e442a3817b3825,1162,2011,historical_control_not_current_demand
27,520,District-Raigarh,Total,7,true,main_worker,516,271,245,observed,census_c12_maharashtra,104cc65fb8b4822642cc2a36ca925acf4fce066c875b858877e442a3817b3825,1163,2011,historical_control_not_current_demand
27,520,District-Raigarh,Total,7,true,marginal_worker_3_to_under_6_months,303,166,137,observed,census_c12_maharashtra,104cc65fb8b4822642cc2a36ca925acf4fce066c875b858877e442a3817b3825,1163,2011,historical_control_not_current_demand
27,520,District-Raigarh,Total,7,true,marginal_worker_under_3_months,31,10,21,observed,census_c12_maharashtra,104cc65fb8b4822642cc2a36ca925acf4fce066c875b858877e442a3817b3825,1163,2011,historical_control_not_current_demand
27,520,District-Raigarh,Total,7,true,non_worker,38893,20282,18611,observed,census_c12_maharashtra,104cc65fb8b4822642cc2a36ca925acf4fce066c875b858877e442a3817b3825,1163,2011,historical_control_not_current_demand
27,520,District-Raigarh,Total,7,false,main_worker,151,85,66,observed,census_c12_maharashtra,104cc65fb8b4822642cc2a36ca925acf4fce066c875b858877e442a3817b3825,1163,2011,historical_control_not_current_demand
27,520,District-Raigarh,Total,7,false,marginal_worker_3_to_under_6_months,70,33,37,observed,census_c12_maharashtra,104cc65fb8b4822642cc2a36ca925acf4fce066c875b858877e442a3817b3825,1163,2011,historical_control_not_current_demand
27,520,District-Raigarh,Total,7,false,marginal_worker_under_3_months,5,1,4,observed,census_c12_maharashtra,104cc65fb8b4822642cc2a36ca925acf4fce066c875b858877e442a3817b3825,1163,2011,historical_control_not_current_demand
27,520,District-Raigarh,Total,7,false,non_worker,5478,2803,2675,observed,census_c12_maharashtra,104cc65fb8b4822642cc2a36ca925acf4fce066c875b858877e442a3817b3825,1163,2011,historical_control_not_current_demand
27,520,District-Raigarh,Total,8,true,main_worker,466,248,218,observed,census_c12_maharashtra,104cc65fb8b4822642cc2a36ca925acf4fce066c875b858877e442a3817b3825,1164,2011,historical_control_not_current_demand
27,520,District-Raigarh,Total,8,true,marginal_worker_3_to_under_6_months,341,194,147,observed,census_c12_maharashtra,104cc65fb8b4822642cc2a36ca925acf4fce066c875b858877e442a3817b3825,1164,2011,historical_control_not_current_demand
27,520,District-Raigarh,Total,8,true,marginal_worker_under_3_months,25,14,11,observed,census_c12_maharashtra,104cc65fb8b4822642cc2a36ca925acf4fce066c875b858877e442a3817b3825,1164,2011,historical_control_not_current_demand
27,520,District-Raigarh,Total,8,true,non_worker,39630,20679,18951,observed,census_c12_maharashtra,104cc65fb8b4822642cc2a36ca925acf4fce066c875b858877e442a3817b3825,1164,2011,historical_control_not_current_demand
27,520,District-Raigarh,Total,8,false,main_worker,151,96,55,observed,census_c12_maharashtra,104cc65fb8b4822642cc2a36ca925acf4fce066c875b858877e442a3817b3825,1164,2011,historical_control_not_current_demand
27,520,District-Raigarh,Total,8,false,marginal_worker_3_to_under_6_months,67,36,31,observed,census_c12_maharashtra,104cc65fb8b4822642cc2a36ca925acf4fce066c875b858877e442a3817b3825,1164,2011,historical_control_not_current_demand
27,520,District-Raigarh,Total,8,false,marginal_worker_under_3_months,7,2,5,observed,census_c12_maharashtra,104cc65fb8b4822642cc2a36ca925acf4fce066c875b858877e442a3817b3825,1164,2011,historical_control_not_current_demand
27,520,District-Raigarh,Total,8,false,non_worker,2816,1330,1486,observed,census_c12_maharashtra,104cc65fb8b4822642cc2a36ca925acf4fce066c875b858877e442a3817b3825,1164,2011,historical_control_not_current_demand
27,520,District-Raigarh,Total,9,true,main_worker,508,272,236,observed,census_c12_maharashtra,104cc65fb8b4822642cc2a36ca925acf4fce066c875b858877e442a3817b3825,1165,2011,historical_control_not_current_demand
27,520,District-Raigarh,Total,9,true,marginal_worker_3_to_under_6_months,357,209,148,observed,census_c12_maharashtra,104cc65fb8b4822642cc2a36ca925acf4fce066c875b858877e442a3817b3825,1165,2011,historical_control_not_current_demand
27,520,District-Raigarh,Total,9,true,marginal_worker_under_3_months,39,16,23,observed,census_c12_maharashtra,104cc65fb8b4822642cc2a36ca925acf4fce066c875b858877e442a3817b3825,1165,2011,historical_control_not_current_demand
27,520,District-Raigarh,Total,9,true,non_worker,40996,21475,19521,observed,census_c12_maharashtra,104cc65fb8b4822642cc2a36ca925acf4fce066c875b858877e442a3817b3825,1165,2011,historical_control_not_current_demand
27,520,District-Raigarh,Total,9,false,main_worker,137,74,63,observed,census_c12_maharashtra,104cc65fb8b4822642cc2a36ca925acf4fce066c875b858877e442a3817b3825,1165,2011,historical_control_not_current_demand
27,520,District-Raigarh,Total,9,false,marginal_worker_3_to_under_6_months,56,33,23,observed,census_c12_maharashtra,104cc65fb8b4822642cc2a36ca925acf4fce066c875b858877e442a3817b3825,1165,2011,historical_control_not_current_demand
27,520,District-Raigarh,Total,9,false,marginal_worker_under_3_months,7,2,5,observed,census_c12_maharashtra,104cc65fb8b4822642cc2a36ca925acf4fce066c875b858877e442a3817b3825,1165,2011,historical_control_not_current_demand
27,520,District-Raigarh,Total,9,false,non_worker,2303,1123,1180,observed,census_c12_maharashtra,104cc65fb8b4822642cc2a36ca925acf4fce066c875b858877e442a3817b3825,1165,2011,historical_control_not_current_demand
27,520,District-Raigarh,Total,10,true,main_worker,543,267,276,observed,census_c12_maharashtra,104cc65fb8b4822642cc2a36ca925acf4fce066c875b858877e442a3817b3825,1166,2011,historical_control_not_current_demand
27,520,District-Raigarh,Total,10,true,marginal_worker_3_to_under_6_months,409,200,209,observed,census_c12_maharashtra,104cc65fb8b4822642cc2a36ca925acf4fce066c875b858877e442a3817b3825,1166,2011,historical_control_not_current_demand
27,520,District-Raigarh,Total,10,true,marginal_worker_under_3_months,48,24,24,observed,census_c12_maharashtra,104cc65fb8b4822642cc2a36ca925acf4fce066c875b858877e442a3817b3825,1166,2011,historical_control_not_current_demand
27,520,District-Raigarh,Total,10,true,non_worker,47170,24754,22416,observed,census_c12_maharashtra,104cc65fb8b4822642cc2a36ca925acf4fce066c875b858877e442a3817b3825,1166,2011,historical_control_not_current_demand
27,520,District-Raigarh,Total,10,false,main_worker,193,108,85,observed,census_c12_maharashtra,104cc65fb8b4822642cc2a36ca925acf4fce066c875b858877e442a3817b3825,1166,2011,historical_control_not_current_demand
27,520,District-Raigarh,Total,10,false,marginal_worker_3_to_under_6_months,75,40,35,observed,census_c12_maharashtra,104cc65fb8b4822642cc2a36ca925acf4fce066c875b858877e442a3817b3825,1166,2011,historical_control_not_current_demand
27,520,District-Raigarh,Total,10,false,marginal_worker_under_3_months,12,5,7,observed,census_c12_maharashtra,104cc65fb8b4822642cc2a36ca925acf4fce066c875b858877e442a3817b3825,1166,2011,historical_control_not_current_demand
27,520,District-Raigarh,Total,10,false,non_worker,3186,1527,1659,observed,census_c12_maharashtra,104cc65fb8b4822642cc2a36ca925acf4fce066c875b858877e442a3817b3825,1166,2011,historical_control_not_current_demand
27,520,District-Raigarh,Total,11,true,main_worker,621,337,284,observed,census_c12_maharashtra,104cc65fb8b4822642cc2a36ca925acf4fce066c875b858877e442a3817b3825,1167,2011,historical_control_not_current_demand
27,520,District-Raigarh,Total,11,true,marginal_worker_3_to_under_6_months,391,200,191,observed,census_c12_maharashtra,104cc65fb8b4822642cc2a36ca925acf4fce066c875b858877e442a3817b3825,1167,2011,historical_control_not_current_demand
27,520,District-Raigarh,Total,11,true,marginal_worker_under_3_months,87,47,40,observed,census_c12_maharashtra,104cc65fb8b4822642cc2a36ca925acf4fce066c875b858877e442a3817b3825,1167,2011,historical_control_not_current_demand
27,520,District-Raigarh,Total,11,true,non_worker,45320,23500,21820,observed,census_c12_maharashtra,104cc65fb8b4822642cc2a36ca925acf4fce066c875b858877e442a3817b3825,1167,2011,historical_control_not_current_demand
27,520,District-Raigarh,Total,11,false,main_worker,494,329,165,observed,census_c12_maharashtra,104cc65fb8b4822642cc2a36ca925acf4fce066c875b858877e442a3817b3825,1167,2011,historical_control_not_current_demand
27,520,District-Raigarh,Total,11,false,marginal_worker_3_to_under_6_months,164,99,65,observed,census_c12_maharashtra,104cc65fb8b4822642cc2a36ca925acf4fce066c875b858877e442a3817b3825,1167,2011,historical_control_not_current_demand
27,520,District-Raigarh,Total,11,false,marginal_worker_under_3_months,29,16,13,observed,census_c12_maharashtra,104cc65fb8b4822642cc2a36ca925acf4fce066c875b858877e442a3817b3825,1167,2011,historical_control_not_current_demand
27,520,District-Raigarh,Total,11,false,non_worker,2610,1165,1445,observed,census_c12_maharashtra,104cc65fb8b4822642cc2a36ca925acf4fce066c875b858877e442a3817b3825,1167,2011,historical_control_not_current_demand
27,520,District-Raigarh,Total,12,true,main_worker,596,323,273,observed,census_c12_maharashtra,104cc65fb8b4822642cc2a36ca925acf4fce066c875b858877e442a3817b3825,1168,2011,historical_control_not_current_demand
27,520,District-Raigarh,Total,12,true,marginal_worker_3_to_under_6_months,419,211,208,observed,census_c12_maharashtra,104cc65fb8b4822642cc2a36ca925acf4fce066c875b858877e442a3817b3825,1168,2011,historical_control_not_current_demand
27,520,District-Raigarh,Total,12,true,marginal_worker_under_3_months,100,49,51,observed,census_c12_maharashtra,104cc65fb8b4822642cc2a36ca925acf4fce066c875b858877e442a3817b3825,1168,2011,historical_control_not_current_demand
27,520,District-Raigarh,Total,12,true,non_worker,42275,22121,20154,observed,census_c12_maharashtra,104cc65fb8b4822642cc2a36ca925acf4fce066c875b858877e442a3817b3825,1168,2011,historical_control_not_current_demand
27,520,District-Raigarh,Total,12,false,main_worker,677,449,228,observed,census_c12_maharashtra,104cc65fb8b4822642cc2a36ca925acf4fce066c875b858877e442a3817b3825,1168,2011,historical_control_not_current_demand
27,520,District-Raigarh,Total,12,false,marginal_worker_3_to_under_6_months,235,109,126,observed,census_c12_maharashtra,104cc65fb8b4822642cc2a36ca925acf4fce066c875b858877e442a3817b3825,1168,2011,historical_control_not_current_demand
27,520,District-Raigarh,Total,12,false,marginal_worker_under_3_months,53,28,25,observed,census_c12_maharashtra,104cc65fb8b4822642cc2a36ca925acf4fce066c875b858877e442a3817b3825,1168,2011,historical_control_not_current_demand
27,520,District-Raigarh,Total,12,false,non_worker,2801,1203,1598,observed,census_c12_maharashtra,104cc65fb8b4822642cc2a36ca925acf4fce066c875b858877e442a3817b3825,1168,2011,historical_control_not_current_demand
27,520,District-Raigarh,Total,13,true,main_worker,614,313,301,observed,census_c12_maharashtra,104cc65fb8b4822642cc2a36ca925acf4fce066c875b858877e442a3817b3825,1169,2011,historical_control_not_current_demand
27,520,District-Raigarh,Total,13,true,marginal_worker_3_to_under_6_months,438,234,204,observed,census_c12_maharashtra,104cc65fb8b4822642cc2a36ca925acf4fce066c875b858877e442a3817b3825,1169,2011,historical_control_not_current_demand
27,520,District-Raigarh,Total,13,true,marginal_worker_under_3_months,101,44,57,observed,census_c12_maharashtra,104cc65fb8b4822642cc2a36ca925acf4fce066c875b858877e442a3817b3825,1169,2011,historical_control_not_current_demand
27,520,District-Raigarh,Total,13,true,non_worker,42550,22116,20434,observed,census_c12_maharashtra,104cc65fb8b4822642cc2a36ca925acf4fce066c875b858877e442a3817b3825,1169,2011,historical_control_not_current_demand
27,520,District-Raigarh,Total,13,false,main_worker,688,439,249,observed,census_c12_maharashtra,104cc65fb8b4822642cc2a36ca925acf4fce066c875b858877e442a3817b3825,1169,2011,historical_control_not_current_demand
27,520,District-Raigarh,Total,13,false,marginal_worker_3_to_under_6_months,303,162,141,observed,census_c12_maharashtra,104cc65fb8b4822642cc2a36ca925acf4fce066c875b858877e442a3817b3825,1169,2011,historical_control_not_current_demand
27,520,District-Raigarh,Total,13,false,marginal_worker_under_3_months,84,37,47,observed,census_c12_maharashtra,104cc65fb8b4822642cc2a36ca925acf4fce066c875b858877e442a3817b3825,1169,2011,historical_control_not_current_demand
27,520,District-Raigarh,Total,13,false,non_worker,2846,1195,1651,observed,census_c12_maharashtra,104cc65fb8b4822642cc2a36ca925acf4fce066c875b858877e442a3817b3825,1169,2011,historical_control_not_current_demand
27,520,District-Raigarh,Total,14,true,main_worker,612,356,256,observed,census_c12_maharashtra,104cc65fb8b4822642cc2a36ca925acf4fce066c875b858877e442a3817b3825,1170,2011,historical_control_not_current_demand
27,520,District-Raigarh,Total,14,true,marginal_worker_3_to_under_6_months,402,218,184,observed,census_c12_maharashtra,104cc65fb8b4822642cc2a36ca925acf4fce066c875b858877e442a3817b3825,1170,2011,historical_control_not_current_demand
27,520,District-Raigarh,Total,14,true,marginal_worker_under_3_months,110,55,55,observed,census_c12_maharashtra,104cc65fb8b4822642cc2a36ca925acf4fce066c875b858877e442a3817b3825,1170,2011,historical_control_not_current_demand
27,520,District-Raigarh,Total,14,true,non_worker,40790,21459,19331,observed,census_c12_maharashtra,104cc65fb8b4822642cc2a36ca925acf4fce066c875b858877e442a3817b3825,1170,2011,historical_control_not_current_demand
27,520,District-Raigarh,Total,14,false,main_worker,1109,732,377,observed,census_c12_maharashtra,104cc65fb8b4822642cc2a36ca925acf4fce066c875b858877e442a3817b3825,1170,2011,historical_control_not_current_demand
27,520,District-Raigarh,Total,14,false,marginal_worker_3_to_under_6_months,433,220,213,observed,census_c12_maharashtra,104cc65fb8b4822642cc2a36ca925acf4fce066c875b858877e442a3817b3825,1170,2011,historical_control_not_current_demand
27,520,District-Raigarh,Total,14,false,marginal_worker_under_3_months,158,84,74,observed,census_c12_maharashtra,104cc65fb8b4822642cc2a36ca925acf4fce066c875b858877e442a3817b3825,1170,2011,historical_control_not_current_demand
27,520,District-Raigarh,Total,14,false,non_worker,3431,1379,2052,observed,census_c12_maharashtra,104cc65fb8b4822642cc2a36ca925acf4fce066c875b858877e442a3817b3825,1170,2011,historical_control_not_current_demand
27,520,District-Raigarh,Total,15,true,main_worker,795,445,350,observed,census_c12_maharashtra,104cc65fb8b4822642cc2a36ca925acf4fce066c875b858877e442a3817b3825,1171,2011,historical_control_not_current_demand
27,520,District-Raigarh,Total,15,true,marginal_worker_3_to_under_6_months,511,280,231,observed,census_c12_maharashtra,104cc65fb8b4822642cc2a36ca925acf4fce066c875b858877e442a3817b3825,1171,2011,historical_control_not_current_demand
27,520,District-Raigarh,Total,15,true,marginal_worker_under_3_months,133,70,63,observed,census_c12_maharashtra,104cc65fb8b4822642cc2a36ca925acf4fce066c875b858877e442a3817b3825,1171,2011,historical_control_not_current_demand
27,520,District-Raigarh,Total,15,true,non_worker,39867,21291,18576,observed,census_c12_maharashtra,104cc65fb8b4822642cc2a36ca925acf4fce066c875b858877e442a3817b3825,1171,2011,historical_control_not_current_demand
27,520,District-Raigarh,Total,15,false,main_worker,2060,1388,672,observed,census_c12_maharashtra,104cc65fb8b4822642cc2a36ca925acf4fce066c875b858877e442a3817b3825,1171,2011,historical_control_not_current_demand
27,520,District-Raigarh,Total,15,false,marginal_worker_3_to_under_6_months,867,472,395,observed,census_c12_maharashtra,104cc65fb8b4822642cc2a36ca925acf4fce066c875b858877e442a3817b3825,1171,2011,historical_control_not_current_demand
27,520,District-Raigarh,Total,15,false,marginal_worker_under_3_months,258,142,116,observed,census_c12_maharashtra,104cc65fb8b4822642cc2a36ca925acf4fce066c875b858877e442a3817b3825,1171,2011,historical_control_not_current_demand
27,520,District-Raigarh,Total,15,false,non_worker,4845,1901,2944,observed,census_c12_maharashtra,104cc65fb8b4822642cc2a36ca925acf4fce066c875b858877e442a3817b3825,1171,2011,historical_control_not_current_demand
27,520,District-Raigarh,Total,16,true,main_worker,763,459,304,observed,census_c12_maharashtra,104cc65fb8b4822642cc2a36ca925acf4fce066c875b858877e442a3817b3825,1172,2011,historical_control_not_current_demand
27,520,District-Raigarh,Total,16,true,marginal_worker_3_to_under_6_months,528,296,232,observed,census_c12_maharashtra,104cc65fb8b4822642cc2a36ca925acf4fce066c875b858877e442a3817b3825,1172,2011,historical_control_not_current_demand
27,520,District-Raigarh,Total,16,true,marginal_worker_under_3_months,149,86,63,observed,census_c12_maharashtra,104cc65fb8b4822642cc2a36ca925acf4fce066c875b858877e442a3817b3825,1172,2011,historical_control_not_current_demand
27,520,District-Raigarh,Total,16,true,non_worker,34940,18634,16306,observed,census_c12_maharashtra,104cc65fb8b4822642cc2a36ca925acf4fce066c875b858877e442a3817b3825,1172,2011,historical_control_not_current_demand
27,520,District-Raigarh,Total,16,false,main_worker,2820,1880,940,observed,census_c12_maharashtra,104cc65fb8b4822642cc2a36ca925acf4fce066c875b858877e442a3817b3825,1172,2011,historical_control_not_current_demand
27,520,District-Raigarh,Total,16,false,marginal_worker_3_to_under_6_months,1227,646,581,observed,census_c12_maharashtra,104cc65fb8b4822642cc2a36ca925acf4fce066c875b858877e442a3817b3825,1172,2011,historical_control_not_current_demand
27,520,District-Raigarh,Total,16,false,marginal_worker_under_3_months,324,166,158,observed,census_c12_maharashtra,104cc65fb8b4822642cc2a36ca925acf4fce066c875b858877e442a3817b3825,1172,2011,historical_control_not_current_demand
27,520,District-Raigarh,Total,16,false,non_worker,5837,2067,3770,observed,census_c12_maharashtra,104cc65fb8b4822642cc2a36ca925acf4fce066c875b858877e442a3817b3825,1172,2011,historical_control_not_current_demand
27,520,District-Raigarh,Total,17,true,main_worker,792,514,278,observed,census_c12_maharashtra,104cc65fb8b4822642cc2a36ca925acf4fce066c875b858877e442a3817b3825,1173,2011,historical_control_not_current_demand
27,520,District-Raigarh,Total,17,true,marginal_worker_3_to_under_6_months,594,379,215,observed,census_c12_maharashtra,104cc65fb8b4822642cc2a36ca925acf4fce066c875b858877e442a3817b3825,1173,2011,historical_control_not_current_demand
27,520,District-Raigarh,Total,17,true,marginal_worker_under_3_months,124,75,49,observed,census_c12_maharashtra,104cc65fb8b4822642cc2a36ca925acf4fce066c875b858877e442a3817b3825,1173,2011,historical_control_not_current_demand
27,520,District-Raigarh,Total,17,true,non_worker,29873,16114,13759,observed,census_c12_maharashtra,104cc65fb8b4822642cc2a36ca925acf4fce066c875b858877e442a3817b3825,1173,2011,historical_control_not_current_demand
27,520,District-Raigarh,Total,17,false,main_worker,3986,2797,1189,observed,census_c12_maharashtra,104cc65fb8b4822642cc2a36ca925acf4fce066c875b858877e442a3817b3825,1173,2011,historical_control_not_current_demand
27,520,District-Raigarh,Total,17,false,marginal_worker_3_to_under_6_months,1546,878,668,observed,census_c12_maharashtra,104cc65fb8b4822642cc2a36ca925acf4fce066c875b858877e442a3817b3825,1173,2011,historical_control_not_current_demand
27,520,District-Raigarh,Total,17,false,marginal_worker_under_3_months,432,253,179,observed,census_c12_maharashtra,104cc65fb8b4822642cc2a36ca925acf4fce066c875b858877e442a3817b3825,1173,2011,historical_control_not_current_demand
27,520,District-Raigarh,Total,17,false,non_worker,7267,2439,4828,observed,census_c12_maharashtra,104cc65fb8b4822642cc2a36ca925acf4fce066c875b858877e442a3817b3825,1173,2011,historical_control_not_current_demand
27,520,District-Raigarh,Total,18,true,main_worker,1089,741,348,observed,census_c12_maharashtra,104cc65fb8b4822642cc2a36ca925acf4fce066c875b858877e442a3817b3825,1174,2011,historical_control_not_current_demand
27,520,District-Raigarh,Total,18,true,marginal_worker_3_to_under_6_months,678,387,291,observed,census_c12_maharashtra,104cc65fb8b4822642cc2a36ca925acf4fce066c875b858877e442a3817b3825,1174,2011,historical_control_not_current_demand
27,520,District-Raigarh,Total,18,true,marginal_worker_under_3_months,138,79,59,observed,census_c12_maharashtra,104cc65fb8b4822642cc2a36ca925acf4fce066c875b858877e442a3817b3825,1174,2011,historical_control_not_current_demand
27,520,District-Raigarh,Total,18,true,non_worker,27492,15283,12209,observed,census_c12_maharashtra,104cc65fb8b4822642cc2a36ca925acf4fce066c875b858877e442a3817b3825,1174,2011,historical_control_not_current_demand
27,520,District-Raigarh,Total,18,false,main_worker,7999,5805,2194,observed,census_c12_maharashtra,104cc65fb8b4822642cc2a36ca925acf4fce066c875b858877e442a3817b3825,1174,2011,historical_control_not_current_demand
27,520,District-Raigarh,Total,18,false,marginal_worker_3_to_under_6_months,2772,1546,1226,observed,census_c12_maharashtra,104cc65fb8b4822642cc2a36ca925acf4fce066c875b858877e442a3817b3825,1174,2011,historical_control_not_current_demand
27,520,District-Raigarh,Total,18,false,marginal_worker_under_3_months,676,362,314,observed,census_c12_maharashtra,104cc65fb8b4822642cc2a36ca925acf4fce066c875b858877e442a3817b3825,1174,2011,historical_control_not_current_demand
27,520,District-Raigarh,Total,18,false,non_worker,11242,3265,7977,observed,census_c12_maharashtra,104cc65fb8b4822642cc2a36ca925acf4fce066c875b858877e442a3817b3825,1174,2011,historical_control_not_current_demand
27,520,District-Raigarh,Total,19,true,main_worker,1057,706,351,observed,census_c12_maharashtra,104cc65fb8b4822642cc2a36ca925acf4fce066c875b858877e442a3817b3825,1175,2011,historical_control_not_current_demand
27,520,District-Raigarh,Total,19,true,marginal_worker_3_to_under_6_months,662,397,265,observed,census_c12_maharashtra,104cc65fb8b4822642cc2a36ca925acf4fce066c875b858877e442a3817b3825,1175,2011,historical_control_not_current_demand
27,520,District-Raigarh,Total,19,true,marginal_worker_under_3_months,129,77,52,observed,census_c12_maharashtra,104cc65fb8b4822642cc2a36ca925acf4fce066c875b858877e442a3817b3825,1175,2011,historical_control_not_current_demand
27,520,District-Raigarh,Total,19,true,non_worker,21588,12182,9406,observed,census_c12_maharashtra,104cc65fb8b4822642cc2a36ca925acf4fce066c875b858877e442a3817b3825,1175,2011,historical_control_not_current_demand
27,520,District-Raigarh,Total,19,false,main_worker,8417,6166,2251,observed,census_c12_maharashtra,104cc65fb8b4822642cc2a36ca925acf4fce066c875b858877e442a3817b3825,1175,2011,historical_control_not_current_demand
27,520,District-Raigarh,Total,19,false,marginal_worker_3_to_under_6_months,2838,1596,1242,observed,census_c12_maharashtra,104cc65fb8b4822642cc2a36ca925acf4fce066c875b858877e442a3817b3825,1175,2011,historical_control_not_current_demand
27,520,District-Raigarh,Total,19,false,marginal_worker_under_3_months,644,345,299,observed,census_c12_maharashtra,104cc65fb8b4822642cc2a36ca925acf4fce066c875b858877e442a3817b3825,1175,2011,historical_control_not_current_demand
27,520,District-Raigarh,Total,19,false,non_worker,11621,3056,8565,observed,census_c12_maharashtra,104cc65fb8b4822642cc2a36ca925acf4fce066c875b858877e442a3817b3825,1175,2011,historical_control_not_current_demand
27,520,District-Raigarh,Rural,5-19,true,main_worker,5439,3104,2335,observed,census_c12_maharashtra,104cc65fb8b4822642cc2a36ca925acf4fce066c875b858877e442a3817b3825,1176,2011,historical_control_not_current_demand
27,520,District-Raigarh,Rural,5-19,true,marginal_worker_3_to_under_6_months,3508,1941,1567,observed,census_c12_maharashtra,104cc65fb8b4822642cc2a36ca925acf4fce066c875b858877e442a3817b3825,1176,2011,historical_control_not_current_demand
27,520,District-Raigarh,Rural,5-19,true,marginal_worker_under_3_months,1103,590,513,observed,census_c12_maharashtra,104cc65fb8b4822642cc2a36ca925acf4fce066c875b858877e442a3817b3825,1176,2011,historical_control_not_current_demand
27,520,District-Raigarh,Rural,5-19,true,non_worker,338639,178062,160577,observed,census_c12_maharashtra,104cc65fb8b4822642cc2a36ca925acf4fce066c875b858877e442a3817b3825,1176,2011,historical_control_not_current_demand
27,520,District-Raigarh,Rural,5-19,false,main_worker,21163,14020,7143,observed,census_c12_maharashtra,104cc65fb8b4822642cc2a36ca925acf4fce066c875b858877e442a3817b3825,1176,2011,historical_control_not_current_demand
27,520,District-Raigarh,Rural,5-19,false,marginal_worker_3_to_under_6_months,9146,4859,4287,observed,census_c12_maharashtra,104cc65fb8b4822642cc2a36ca925acf4fce066c875b858877e442a3817b3825,1176,2011,historical_control_not_current_demand
27,520,District-Raigarh,Rural,5-19,false,marginal_worker_under_3_months,2426,1263,1163,observed,census_c12_maharashtra,104cc65fb8b4822642cc2a36ca925acf4fce066c875b858877e442a3817b3825,1176,2011,historical_control_not_current_demand
27,520,District-Raigarh,Rural,5-19,false,non_worker,73444,30778,42666,observed,census_c12_maharashtra,104cc65fb8b4822642cc2a36ca925acf4fce066c875b858877e442a3817b3825,1176,2011,historical_control_not_current_demand
27,520,District-Raigarh,Rural,5,true,main_worker,136,65,71,observed,census_c12_maharashtra,104cc65fb8b4822642cc2a36ca925acf4fce066c875b858877e442a3817b3825,1177,2011,historical_control_not_current_demand
27,520,District-Raigarh,Rural,5,true,marginal_worker_3_to_under_6_months,77,37,40,observed,census_c12_maharashtra,104cc65fb8b4822642cc2a36ca925acf4fce066c875b858877e442a3817b3825,1177,2011,historical_control_not_current_demand
27,520,District-Raigarh,Rural,5,true,marginal_worker_under_3_months,8,5,3,observed,census_c12_maharashtra,104cc65fb8b4822642cc2a36ca925acf4fce066c875b858877e442a3817b3825,1177,2011,historical_control_not_current_demand
27,520,District-Raigarh,Rural,5,true,non_worker,10347,5346,5001,observed,census_c12_maharashtra,104cc65fb8b4822642cc2a36ca925acf4fce066c875b858877e442a3817b3825,1177,2011,historical_control_not_current_demand
27,520,District-Raigarh,Rural,5,false,main_worker,273,143,130,observed,census_c12_maharashtra,104cc65fb8b4822642cc2a36ca925acf4fce066c875b858877e442a3817b3825,1177,2011,historical_control_not_current_demand
27,520,District-Raigarh,Rural,5,false,marginal_worker_3_to_under_6_months,119,57,62,observed,census_c12_maharashtra,104cc65fb8b4822642cc2a36ca925acf4fce066c875b858877e442a3817b3825,1177,2011,historical_control_not_current_demand
27,520,District-Raigarh,Rural,5,false,marginal_worker_under_3_months,16,8,8,observed,census_c12_maharashtra,104cc65fb8b4822642cc2a36ca925acf4fce066c875b858877e442a3817b3825,1177,2011,historical_control_not_current_demand
27,520,District-Raigarh,Rural,5,false,non_worker,16529,8553,7976,observed,census_c12_maharashtra,104cc65fb8b4822642cc2a36ca925acf4fce066c875b858877e442a3817b3825,1177,2011,historical_control_not_current_demand
27,520,District-Raigarh,Rural,6,true,main_worker,212,112,100,observed,census_c12_maharashtra,104cc65fb8b4822642cc2a36ca925acf4fce066c875b858877e442a3817b3825,1178,2011,historical_control_not_current_demand
27,520,District-Raigarh,Rural,6,true,marginal_worker_3_to_under_6_months,115,61,54,observed,census_c12_maharashtra,104cc65fb8b4822642cc2a36ca925acf4fce066c875b858877e442a3817b3825,1178,2011,historical_control_not_current_demand
27,520,District-Raigarh,Rural,6,true,marginal_worker_under_3_months,18,10,8,observed,census_c12_maharashtra,104cc65fb8b4822642cc2a36ca925acf4fce066c875b858877e442a3817b3825,1178,2011,historical_control_not_current_demand
27,520,District-Raigarh,Rural,6,true,non_worker,16822,8611,8211,observed,census_c12_maharashtra,104cc65fb8b4822642cc2a36ca925acf4fce066c875b858877e442a3817b3825,1178,2011,historical_control_not_current_demand
27,520,District-Raigarh,Rural,6,false,main_worker,128,64,64,observed,census_c12_maharashtra,104cc65fb8b4822642cc2a36ca925acf4fce066c875b858877e442a3817b3825,1178,2011,historical_control_not_current_demand
27,520,District-Raigarh,Rural,6,false,marginal_worker_3_to_under_6_months,77,38,39,observed,census_c12_maharashtra,104cc65fb8b4822642cc2a36ca925acf4fce066c875b858877e442a3817b3825,1178,2011,historical_control_not_current_demand
27,520,District-Raigarh,Rural,6,false,marginal_worker_under_3_months,22,13,9,observed,census_c12_maharashtra,104cc65fb8b4822642cc2a36ca925acf4fce066c875b858877e442a3817b3825,1178,2011,historical_control_not_current_demand
27,520,District-Raigarh,Rural,6,false,non_worker,10136,5133,5003,observed,census_c12_maharashtra,104cc65fb8b4822642cc2a36ca925acf4fce066c875b858877e442a3817b3825,1178,2011,historical_control_not_current_demand
27,520,District-Raigarh,Rural,7,true,main_worker,294,143,151,observed,census_c12_maharashtra,104cc65fb8b4822642cc2a36ca925acf4fce066c875b858877e442a3817b3825,1179,2011,historical_control_not_current_demand
27,520,District-Raigarh,Rural,7,true,marginal_worker_3_to_under_6_months,144,73,71,observed,census_c12_maharashtra,104cc65fb8b4822642cc2a36ca925acf4fce066c875b858877e442a3817b3825,1179,2011,historical_control_not_current_demand
27,520,District-Raigarh,Rural,7,true,marginal_worker_under_3_months,26,8,18,observed,census_c12_maharashtra,104cc65fb8b4822642cc2a36ca925acf4fce066c875b858877e442a3817b3825,1179,2011,historical_control_not_current_demand
27,520,District-Raigarh,Rural,7,true,non_worker,24328,12570,11758,observed,census_c12_maharashtra,104cc65fb8b4822642cc2a36ca925acf4fce066c875b858877e442a3817b3825,1179,2011,historical_control_not_current_demand
27,520,District-Raigarh,Rural,7,false,main_worker,84,54,30,observed,census_c12_maharashtra,104cc65fb8b4822642cc2a36ca925acf4fce066c875b858877e442a3817b3825,1179,2011,historical_control_not_current_demand
27,520,District-Raigarh,Rural,7,false,marginal_worker_3_to_under_6_months,38,17,21,observed,census_c12_maharashtra,104cc65fb8b4822642cc2a36ca925acf4fce066c875b858877e442a3817b3825,1179,2011,historical_control_not_current_demand
27,520,District-Raigarh,Rural,7,false,marginal_worker_under_3_months,4,1,3,observed,census_c12_maharashtra,104cc65fb8b4822642cc2a36ca925acf4fce066c875b858877e442a3817b3825,1179,2011,historical_control_not_current_demand
27,520,District-Raigarh,Rural,7,false,non_worker,3504,1781,1723,observed,census_c12_maharashtra,104cc65fb8b4822642cc2a36ca925acf4fce066c875b858877e442a3817b3825,1179,2011,historical_control_not_current_demand
27,520,District-Raigarh,Rural,8,true,main_worker,273,138,135,observed,census_c12_maharashtra,104cc65fb8b4822642cc2a36ca925acf4fce066c875b858877e442a3817b3825,1180,2011,historical_control_not_current_demand
27,520,District-Raigarh,Rural,8,true,marginal_worker_3_to_under_6_months,170,95,75,observed,census_c12_maharashtra,104cc65fb8b4822642cc2a36ca925acf4fce066c875b858877e442a3817b3825,1180,2011,historical_control_not_current_demand
27,520,District-Raigarh,Rural,8,true,marginal_worker_under_3_months,18,9,9,observed,census_c12_maharashtra,104cc65fb8b4822642cc2a36ca925acf4fce066c875b858877e442a3817b3825,1180,2011,historical_control_not_current_demand
27,520,District-Raigarh,Rural,8,true,non_worker,25347,13083,12264,observed,census_c12_maharashtra,104cc65fb8b4822642cc2a36ca925acf4fce066c875b858877e442a3817b3825,1180,2011,historical_control_not_current_demand
27,520,District-Raigarh,Rural,8,false,main_worker,96,62,34,observed,census_c12_maharashtra,104cc65fb8b4822642cc2a36ca925acf4fce066c875b858877e442a3817b3825,1180,2011,historical_control_not_current_demand
27,520,District-Raigarh,Rural,8,false,marginal_worker_3_to_under_6_months,46,24,22,observed,census_c12_maharashtra,104cc65fb8b4822642cc2a36ca925acf4fce066c875b858877e442a3817b3825,1180,2011,historical_control_not_current_demand
27,520,District-Raigarh,Rural,8,false,marginal_worker_under_3_months,7,2,5,observed,census_c12_maharashtra,104cc65fb8b4822642cc2a36ca925acf4fce066c875b858877e442a3817b3825,1180,2011,historical_control_not_current_demand
27,520,District-Raigarh,Rural,8,false,non_worker,1884,878,1006,observed,census_c12_maharashtra,104cc65fb8b4822642cc2a36ca925acf4fce066c875b858877e442a3817b3825,1180,2011,historical_control_not_current_demand
27,520,District-Raigarh,Rural,9,true,main_worker,298,159,139,observed,census_c12_maharashtra,104cc65fb8b4822642cc2a36ca925acf4fce066c875b858877e442a3817b3825,1181,2011,historical_control_not_current_demand
27,520,District-Raigarh,Rural,9,true,marginal_worker_3_to_under_6_months,186,117,69,observed,census_c12_maharashtra,104cc65fb8b4822642cc2a36ca925acf4fce066c875b858877e442a3817b3825,1181,2011,historical_control_not_current_demand
27,520,District-Raigarh,Rural,9,true,marginal_worker_under_3_months,35,14,21,observed,census_c12_maharashtra,104cc65fb8b4822642cc2a36ca925acf4fce066c875b858877e442a3817b3825,1181,2011,historical_control_not_current_demand
27,520,District-Raigarh,Rural,9,true,non_worker,26576,13704,12872,observed,census_c12_maharashtra,104cc65fb8b4822642cc2a36ca925acf4fce066c875b858877e442a3817b3825,1181,2011,historical_control_not_current_demand
27,520,District-Raigarh,Rural,9,false,main_worker,99,50,49,observed,census_c12_maharashtra,104cc65fb8b4822642cc2a36ca925acf4fce066c875b858877e442a3817b3825,1181,2011,historical_control_not_current_demand
27,520,District-Raigarh,Rural,9,false,marginal_worker_3_to_under_6_months,41,25,16,observed,census_c12_maharashtra,104cc65fb8b4822642cc2a36ca925acf4fce066c875b858877e442a3817b3825,1181,2011,historical_control_not_current_demand
27,520,District-Raigarh,Rural,9,false,marginal_worker_under_3_months,6,1,5,observed,census_c12_maharashtra,104cc65fb8b4822642cc2a36ca925acf4fce066c875b858877e442a3817b3825,1181,2011,historical_control_not_current_demand
27,520,District-Raigarh,Rural,9,false,non_worker,1580,772,808,observed,census_c12_maharashtra,104cc65fb8b4822642cc2a36ca925acf4fce066c875b858877e442a3817b3825,1181,2011,historical_control_not_current_demand
27,520,District-Raigarh,Rural,10,true,main_worker,308,141,167,observed,census_c12_maharashtra,104cc65fb8b4822642cc2a36ca925acf4fce066c875b858877e442a3817b3825,1182,2011,historical_control_not_current_demand
27,520,District-Raigarh,Rural,10,true,marginal_worker_3_to_under_6_months,196,108,88,observed,census_c12_maharashtra,104cc65fb8b4822642cc2a36ca925acf4fce066c875b858877e442a3817b3825,1182,2011,historical_control_not_current_demand
27,520,District-Raigarh,Rural,10,true,marginal_worker_under_3_months,43,24,19,observed,census_c12_maharashtra,104cc65fb8b4822642cc2a36ca925acf4fce066c875b858877e442a3817b3825,1182,2011,historical_control_not_current_demand
27,520,District-Raigarh,Rural,10,true,non_worker,30499,15772,14727,observed,census_c12_maharashtra,104cc65fb8b4822642cc2a36ca925acf4fce066c875b858877e442a3817b3825,1182,2011,historical_control_not_current_demand
27,520,District-Raigarh,Rural,10,false,main_worker,119,63,56,observed,census_c12_maharashtra,104cc65fb8b4822642cc2a36ca925acf4fce066c875b858877e442a3817b3825,1182,2011,historical_control_not_current_demand
27,520,District-Raigarh,Rural,10,false,marginal_worker_3_to_under_6_months,52,26,26,observed,census_c12_maharashtra,104cc65fb8b4822642cc2a36ca925acf4fce066c875b858877e442a3817b3825,1182,2011,historical_control_not_current_demand
27,520,District-Raigarh,Rural,10,false,marginal_worker_under_3_months,12,5,7,observed,census_c12_maharashtra,104cc65fb8b4822642cc2a36ca925acf4fce066c875b858877e442a3817b3825,1182,2011,historical_control_not_current_demand
27,520,District-Raigarh,Rural,10,false,non_worker,2166,1037,1129,observed,census_c12_maharashtra,104cc65fb8b4822642cc2a36ca925acf4fce066c875b858877e442a3817b3825,1182,2011,historical_control_not_current_demand
27,520,District-Raigarh,Rural,11,true,main_worker,347,182,165,observed,census_c12_maharashtra,104cc65fb8b4822642cc2a36ca925acf4fce066c875b858877e442a3817b3825,1183,2011,historical_control_not_current_demand
27,520,District-Raigarh,Rural,11,true,marginal_worker_3_to_under_6_months,206,103,103,observed,census_c12_maharashtra,104cc65fb8b4822642cc2a36ca925acf4fce066c875b858877e442a3817b3825,1183,2011,historical_control_not_current_demand
27,520,District-Raigarh,Rural,11,true,marginal_worker_under_3_months,77,45,32,observed,census_c12_maharashtra,104cc65fb8b4822642cc2a36ca925acf4fce066c875b858877e442a3817b3825,1183,2011,historical_control_not_current_demand
27,520,District-Raigarh,Rural,11,true,non_worker,29587,15240,14347,observed,census_c12_maharashtra,104cc65fb8b4822642cc2a36ca925acf4fce066c875b858877e442a3817b3825,1183,2011,historical_control_not_current_demand
27,520,District-Raigarh,Rural,11,false,main_worker,336,211,125,observed,census_c12_maharashtra,104cc65fb8b4822642cc2a36ca925acf4fce066c875b858877e442a3817b3825,1183,2011,historical_control_not_current_demand
27,520,District-Raigarh,Rural,11,false,marginal_worker_3_to_under_6_months,123,74,49,observed,census_c12_maharashtra,104cc65fb8b4822642cc2a36ca925acf4fce066c875b858877e442a3817b3825,1183,2011,historical_control_not_current_demand
27,520,District-Raigarh,Rural,11,false,marginal_worker_under_3_months,21,11,10,observed,census_c12_maharashtra,104cc65fb8b4822642cc2a36ca925acf4fce066c875b858877e442a3817b3825,1183,2011,historical_control_not_current_demand
27,520,District-Raigarh,Rural,11,false,non_worker,1791,805,986,observed,census_c12_maharashtra,104cc65fb8b4822642cc2a36ca925acf4fce066c875b858877e442a3817b3825,1183,2011,historical_control_not_current_demand
27,520,District-Raigarh,Rural,12,true,main_worker,340,172,168,observed,census_c12_maharashtra,104cc65fb8b4822642cc2a36ca925acf4fce066c875b858877e442a3817b3825,1184,2011,historical_control_not_current_demand
27,520,District-Raigarh,Rural,12,true,marginal_worker_3_to_under_6_months,236,120,116,observed,census_c12_maharashtra,104cc65fb8b4822642cc2a36ca925acf4fce066c875b858877e442a3817b3825,1184,2011,historical_control_not_current_demand
27,520,District-Raigarh,Rural,12,true,marginal_worker_under_3_months,89,45,44,observed,census_c12_maharashtra,104cc65fb8b4822642cc2a36ca925acf4fce066c875b858877e442a3817b3825,1184,2011,historical_control_not_current_demand
27,520,District-Raigarh,Rural,12,true,non_worker,27792,14470,13322,observed,census_c12_maharashtra,104cc65fb8b4822642cc2a36ca925acf4fce066c875b858877e442a3817b3825,1184,2011,historical_control_not_current_demand
27,520,District-Raigarh,Rural,12,false,main_worker,444,285,159,observed,census_c12_maharashtra,104cc65fb8b4822642cc2a36ca925acf4fce066c875b858877e442a3817b3825,1184,2011,historical_control_not_current_demand
27,520,District-Raigarh,Rural,12,false,marginal_worker_3_to_under_6_months,198,89,109,observed,census_c12_maharashtra,104cc65fb8b4822642cc2a36ca925acf4fce066c875b858877e442a3817b3825,1184,2011,historical_control_not_current_demand
27,520,District-Raigarh,Rural,12,false,marginal_worker_under_3_months,50,26,24,observed,census_c12_maharashtra,104cc65fb8b4822642cc2a36ca925acf4fce066c875b858877e442a3817b3825,1184,2011,historical_control_not_current_demand
27,520,District-Raigarh,Rural,12,false,non_worker,2000,858,1142,observed,census_c12_maharashtra,104cc65fb8b4822642cc2a36ca925acf4fce066c875b858877e442a3817b3825,1184,2011,historical_control_not_current_demand
27,520,District-Raigarh,Rural,13,true,main_worker,352,184,168,observed,census_c12_maharashtra,104cc65fb8b4822642cc2a36ca925acf4fce066c875b858877e442a3817b3825,1185,2011,historical_control_not_current_demand
27,520,District-Raigarh,Rural,13,true,marginal_worker_3_to_under_6_months,237,111,126,observed,census_c12_maharashtra,104cc65fb8b4822642cc2a36ca925acf4fce066c875b858877e442a3817b3825,1185,2011,historical_control_not_current_demand
27,520,District-Raigarh,Rural,13,true,marginal_worker_under_3_months,87,39,48,observed,census_c12_maharashtra,104cc65fb8b4822642cc2a36ca925acf4fce066c875b858877e442a3817b3825,1185,2011,historical_control_not_current_demand
27,520,District-Raigarh,Rural,13,true,non_worker,27932,14446,13486,observed,census_c12_maharashtra,104cc65fb8b4822642cc2a36ca925acf4fce066c875b858877e442a3817b3825,1185,2011,historical_control_not_current_demand
27,520,District-Raigarh,Rural,13,false,main_worker,469,287,182,observed,census_c12_maharashtra,104cc65fb8b4822642cc2a36ca925acf4fce066c875b858877e442a3817b3825,1185,2011,historical_control_not_current_demand
27,520,District-Raigarh,Rural,13,false,marginal_worker_3_to_under_6_months,246,132,114,observed,census_c12_maharashtra,104cc65fb8b4822642cc2a36ca925acf4fce066c875b858877e442a3817b3825,1185,2011,historical_control_not_current_demand
27,520,District-Raigarh,Rural,13,false,marginal_worker_under_3_months,79,35,44,observed,census_c12_maharashtra,104cc65fb8b4822642cc2a36ca925acf4fce066c875b858877e442a3817b3825,1185,2011,historical_control_not_current_demand
27,520,District-Raigarh,Rural,13,false,non_worker,2034,840,1194,observed,census_c12_maharashtra,104cc65fb8b4822642cc2a36ca925acf4fce066c875b858877e442a3817b3825,1185,2011,historical_control_not_current_demand
27,520,District-Raigarh,Rural,14,true,main_worker,355,211,144,observed,census_c12_maharashtra,104cc65fb8b4822642cc2a36ca925acf4fce066c875b858877e442a3817b3825,1186,2011,historical_control_not_current_demand
27,520,District-Raigarh,Rural,14,true,marginal_worker_3_to_under_6_months,221,114,107,observed,census_c12_maharashtra,104cc65fb8b4822642cc2a36ca925acf4fce066c875b858877e442a3817b3825,1186,2011,historical_control_not_current_demand
27,520,District-Raigarh,Rural,14,true,marginal_worker_under_3_months,98,49,49,observed,census_c12_maharashtra,104cc65fb8b4822642cc2a36ca925acf4fce066c875b858877e442a3817b3825,1186,2011,historical_control_not_current_demand
27,520,District-Raigarh,Rural,14,true,non_worker,26523,13852,12671,observed,census_c12_maharashtra,104cc65fb8b4822642cc2a36ca925acf4fce066c875b858877e442a3817b3825,1186,2011,historical_control_not_current_demand
27,520,District-Raigarh,Rural,14,false,main_worker,799,493,306,observed,census_c12_maharashtra,104cc65fb8b4822642cc2a36ca925acf4fce066c875b858877e442a3817b3825,1186,2011,historical_control_not_current_demand
27,520,District-Raigarh,Rural,14,false,marginal_worker_3_to_under_6_months,366,183,183,observed,census_c12_maharashtra,104cc65fb8b4822642cc2a36ca925acf4fce066c875b858877e442a3817b3825,1186,2011,historical_control_not_current_demand
27,520,District-Raigarh,Rural,14,false,marginal_worker_under_3_months,138,71,67,observed,census_c12_maharashtra,104cc65fb8b4822642cc2a36ca925acf4fce066c875b858877e442a3817b3825,1186,2011,historical_control_not_current_demand
27,520,District-Raigarh,Rural,14,false,non_worker,2456,987,1469,observed,census_c12_maharashtra,104cc65fb8b4822642cc2a36ca925acf4fce066c875b858877e442a3817b3825,1186,2011,historical_control_not_current_demand
27,520,District-Raigarh,Rural,15,true,main_worker,475,268,207,observed,census_c12_maharashtra,104cc65fb8b4822642cc2a36ca925acf4fce066c875b858877e442a3817b3825,1187,2011,historical_control_not_current_demand
27,520,District-Raigarh,Rural,15,true,marginal_worker_3_to_under_6_months,284,152,132,observed,census_c12_maharashtra,104cc65fb8b4822642cc2a36ca925acf4fce066c875b858877e442a3817b3825,1187,2011,historical_control_not_current_demand
27,520,District-Raigarh,Rural,15,true,marginal_worker_under_3_months,125,64,61,observed,census_c12_maharashtra,104cc65fb8b4822642cc2a36ca925acf4fce066c875b858877e442a3817b3825,1187,2011,historical_control_not_current_demand
27,520,District-Raigarh,Rural,15,true,non_worker,25706,13712,11994,observed,census_c12_maharashtra,104cc65fb8b4822642cc2a36ca925acf4fce066c875b858877e442a3817b3825,1187,2011,historical_control_not_current_demand
27,520,District-Raigarh,Rural,15,false,main_worker,1518,971,547,observed,census_c12_maharashtra,104cc65fb8b4822642cc2a36ca925acf4fce066c875b858877e442a3817b3825,1187,2011,historical_control_not_current_demand
27,520,District-Raigarh,Rural,15,false,marginal_worker_3_to_under_6_months,759,397,362,observed,census_c12_maharashtra,104cc65fb8b4822642cc2a36ca925acf4fce066c875b858877e442a3817b3825,1187,2011,historical_control_not_current_demand
27,520,District-Raigarh,Rural,15,false,marginal_worker_under_3_months,232,123,109,observed,census_c12_maharashtra,104cc65fb8b4822642cc2a36ca925acf4fce066c875b858877e442a3817b3825,1187,2011,historical_control_not_current_demand
27,520,District-Raigarh,Rural,15,false,non_worker,3577,1376,2201,observed,census_c12_maharashtra,104cc65fb8b4822642cc2a36ca925acf4fce066c875b858877e442a3817b3825,1187,2011,historical_control_not_current_demand
27,520,District-Raigarh,Rural,16,true,main_worker,428,250,178,observed,census_c12_maharashtra,104cc65fb8b4822642cc2a36ca925acf4fce066c875b858877e442a3817b3825,1188,2011,historical_control_not_current_demand
27,520,District-Raigarh,Rural,16,true,marginal_worker_3_to_under_6_months,311,171,140,observed,census_c12_maharashtra,104cc65fb8b4822642cc2a36ca925acf4fce066c875b858877e442a3817b3825,1188,2011,historical_control_not_current_demand
27,520,District-Raigarh,Rural,16,true,marginal_worker_under_3_months,133,75,58,observed,census_c12_maharashtra,104cc65fb8b4822642cc2a36ca925acf4fce066c875b858877e442a3817b3825,1188,2011,historical_control_not_current_demand
27,520,District-Raigarh,Rural,16,true,non_worker,22024,11804,10220,observed,census_c12_maharashtra,104cc65fb8b4822642cc2a36ca925acf4fce066c875b858877e442a3817b3825,1188,2011,historical_control_not_current_demand
27,520,District-Raigarh,Rural,16,false,main_worker,2129,1354,775,observed,census_c12_maharashtra,104cc65fb8b4822642cc2a36ca925acf4fce066c875b858877e442a3817b3825,1188,2011,historical_control_not_current_demand
27,520,District-Raigarh,Rural,16,false,marginal_worker_3_to_under_6_months,1067,545,522,observed,census_c12_maharashtra,104cc65fb8b4822642cc2a36ca925acf4fce066c875b858877e442a3817b3825,1188,2011,historical_control_not_current_demand
27,520,District-Raigarh,Rural,16,false,marginal_worker_under_3_months,298,148,150,observed,census_c12_maharashtra,104cc65fb8b4822642cc2a36ca925acf4fce066c875b858877e442a3817b3825,1188,2011,historical_control_not_current_demand
27,520,District-Raigarh,Rural,16,false,non_worker,4375,1519,2856,observed,census_c12_maharashtra,104cc65fb8b4822642cc2a36ca925acf4fce066c875b858877e442a3817b3825,1188,2011,historical_control_not_current_demand
27,520,District-Raigarh,Rural,17,true,main_worker,450,286,164,observed,census_c12_maharashtra,104cc65fb8b4822642cc2a36ca925acf4fce066c875b858877e442a3817b3825,1189,2011,historical_control_not_current_demand
27,520,District-Raigarh,Rural,17,true,marginal_worker_3_to_under_6_months,340,213,127,observed,census_c12_maharashtra,104cc65fb8b4822642cc2a36ca925acf4fce066c875b858877e442a3817b3825,1189,2011,historical_control_not_current_demand
27,520,District-Raigarh,Rural,17,true,marginal_worker_under_3_months,114,70,44,observed,census_c12_maharashtra,104cc65fb8b4822642cc2a36ca925acf4fce066c875b858877e442a3817b3825,1189,2011,historical_control_not_current_demand
27,520,District-Raigarh,Rural,17,true,non_worker,17919,9851,8068,observed,census_c12_maharashtra,104cc65fb8b4822642cc2a36ca925acf4fce066c875b858877e442a3817b3825,1189,2011,historical_control_not_current_demand
27,520,District-Raigarh,Rural,17,false,main_worker,2909,1916,993,observed,census_c12_maharashtra,104cc65fb8b4822642cc2a36ca925acf4fce066c875b858877e442a3817b3825,1189,2011,historical_control_not_current_demand
27,520,District-Raigarh,Rural,17,false,marginal_worker_3_to_under_6_months,1319,723,596,observed,census_c12_maharashtra,104cc65fb8b4822642cc2a36ca925acf4fce066c875b858877e442a3817b3825,1189,2011,historical_control_not_current_demand
27,520,District-Raigarh,Rural,17,false,marginal_worker_under_3_months,377,211,166,observed,census_c12_maharashtra,104cc65fb8b4822642cc2a36ca925acf4fce066c875b858877e442a3817b3825,1189,2011,historical_control_not_current_demand
27,520,District-Raigarh,Rural,17,false,non_worker,5330,1768,3562,observed,census_c12_maharashtra,104cc65fb8b4822642cc2a36ca925acf4fce066c875b858877e442a3817b3825,1189,2011,historical_control_not_current_demand
27,520,District-Raigarh,Rural,18,true,main_worker,591,404,187,observed,census_c12_maharashtra,104cc65fb8b4822642cc2a36ca925acf4fce066c875b858877e442a3817b3825,1190,2011,historical_control_not_current_demand
27,520,District-Raigarh,Rural,18,true,marginal_worker_3_to_under_6_months,411,232,179,observed,census_c12_maharashtra,104cc65fb8b4822642cc2a36ca925acf4fce066c875b858877e442a3817b3825,1190,2011,historical_control_not_current_demand
27,520,District-Raigarh,Rural,18,true,marginal_worker_under_3_months,120,65,55,observed,census_c12_maharashtra,104cc65fb8b4822642cc2a36ca925acf4fce066c875b858877e442a3817b3825,1190,2011,historical_control_not_current_demand
27,520,District-Raigarh,Rural,18,true,non_worker,15602,8787,6815,observed,census_c12_maharashtra,104cc65fb8b4822642cc2a36ca925acf4fce066c875b858877e442a3817b3825,1190,2011,historical_control_not_current_demand
27,520,District-Raigarh,Rural,18,false,main_worker,5629,3811,1818,observed,census_c12_maharashtra,104cc65fb8b4822642cc2a36ca925acf4fce066c875b858877e442a3817b3825,1190,2011,historical_control_not_current_demand
27,520,District-Raigarh,Rural,18,false,marginal_worker_3_to_under_6_months,2323,1240,1083,observed,census_c12_maharashtra,104cc65fb8b4822642cc2a36ca925acf4fce066c875b858877e442a3817b3825,1190,2011,historical_control_not_current_demand
27,520,District-Raigarh,Rural,18,false,marginal_worker_under_3_months,592,306,286,observed,census_c12_maharashtra,104cc65fb8b4822642cc2a36ca925acf4fce066c875b858877e442a3817b3825,1190,2011,historical_control_not_current_demand
27,520,District-Raigarh,Rural,18,false,non_worker,8045,2320,5725,observed,census_c12_maharashtra,104cc65fb8b4822642cc2a36ca925acf4fce066c875b858877e442a3817b3825,1190,2011,historical_control_not_current_demand
27,520,District-Raigarh,Rural,19,true,main_worker,580,389,191,observed,census_c12_maharashtra,104cc65fb8b4822642cc2a36ca925acf4fce066c875b858877e442a3817b3825,1191,2011,historical_control_not_current_demand
27,520,District-Raigarh,Rural,19,true,marginal_worker_3_to_under_6_months,374,234,140,observed,census_c12_maharashtra,104cc65fb8b4822642cc2a36ca925acf4fce066c875b858877e442a3817b3825,1191,2011,historical_control_not_current_demand
27,520,District-Raigarh,Rural,19,true,marginal_worker_under_3_months,112,68,44,observed,census_c12_maharashtra,104cc65fb8b4822642cc2a36ca925acf4fce066c875b858877e442a3817b3825,1191,2011,historical_control_not_current_demand
27,520,District-Raigarh,Rural,19,true,non_worker,11635,6814,4821,observed,census_c12_maharashtra,104cc65fb8b4822642cc2a36ca925acf4fce066c875b858877e442a3817b3825,1191,2011,historical_control_not_current_demand
27,520,District-Raigarh,Rural,19,false,main_worker,6131,4256,1875,observed,census_c12_maharashtra,104cc65fb8b4822642cc2a36ca925acf4fce066c875b858877e442a3817b3825,1191,2011,historical_control_not_current_demand
27,520,District-Raigarh,Rural,19,false,marginal_worker_3_to_under_6_months,2372,1289,1083,observed,census_c12_maharashtra,104cc65fb8b4822642cc2a36ca925acf4fce066c875b858877e442a3817b3825,1191,2011,historical_control_not_current_demand
27,520,District-Raigarh,Rural,19,false,marginal_worker_under_3_months,572,302,270,observed,census_c12_maharashtra,104cc65fb8b4822642cc2a36ca925acf4fce066c875b858877e442a3817b3825,1191,2011,historical_control_not_current_demand
27,520,District-Raigarh,Rural,19,false,non_worker,8037,2151,5886,observed,census_c12_maharashtra,104cc65fb8b4822642cc2a36ca925acf4fce066c875b858877e442a3817b3825,1191,2011,historical_control_not_current_demand
27,520,District-Raigarh,Urban,5-19,true,main_worker,4181,2483,1698,observed,census_c12_maharashtra,104cc65fb8b4822642cc2a36ca925acf4fce066c875b858877e442a3817b3825,1192,2011,historical_control_not_current_demand
27,520,District-Raigarh,Urban,5-19,true,marginal_worker_3_to_under_6_months,2928,1657,1271,observed,census_c12_maharashtra,104cc65fb8b4822642cc2a36ca925acf4fce066c875b858877e442a3817b3825,1192,2011,historical_control_not_current_demand
27,520,District-Raigarh,Urban,5-19,true,marginal_worker_under_3_months,143,73,70,observed,census_c12_maharashtra,104cc65fb8b4822642cc2a36ca925acf4fce066c875b858877e442a3817b3825,1192,2011,historical_control_not_current_demand
27,520,District-Raigarh,Urban,5-19,true,non_worker,196730,104719,92011,observed,census_c12_maharashtra,104cc65fb8b4822642cc2a36ca925acf4fce066c875b858877e442a3817b3825,1192,2011,historical_control_not_current_demand
27,520,District-Raigarh,Urban,5-19,false,main_worker,8385,6683,1702,observed,census_c12_maharashtra,104cc65fb8b4822642cc2a36ca925acf4fce066c875b858877e442a3817b3825,1192,2011,historical_control_not_current_demand
27,520,District-Raigarh,Urban,5-19,false,marginal_worker_3_to_under_6_months,1844,1171,673,observed,census_c12_maharashtra,104cc65fb8b4822642cc2a36ca925acf4fce066c875b858877e442a3817b3825,1192,2011,historical_control_not_current_demand
27,520,District-Raigarh,Urban,5-19,false,marginal_worker_under_3_months,305,203,102,observed,census_c12_maharashtra,104cc65fb8b4822642cc2a36ca925acf4fce066c875b858877e442a3817b3825,1192,2011,historical_control_not_current_demand
27,520,District-Raigarh,Urban,5-19,false,non_worker,34785,15508,19277,observed,census_c12_maharashtra,104cc65fb8b4822642cc2a36ca925acf4fce066c875b858877e442a3817b3825,1192,2011,historical_control_not_current_demand
27,520,District-Raigarh,Urban,5,true,main_worker,132,61,71,observed,census_c12_maharashtra,104cc65fb8b4822642cc2a36ca925acf4fce066c875b858877e442a3817b3825,1193,2011,historical_control_not_current_demand
27,520,District-Raigarh,Urban,5,true,marginal_worker_3_to_under_6_months,87,53,34,observed,census_c12_maharashtra,104cc65fb8b4822642cc2a36ca925acf4fce066c875b858877e442a3817b3825,1193,2011,historical_control_not_current_demand
27,520,District-Raigarh,Urban,5,true,marginal_worker_under_3_months,1,0,1,observed,census_c12_maharashtra,104cc65fb8b4822642cc2a36ca925acf4fce066c875b858877e442a3817b3825,1193,2011,historical_control_not_current_demand
27,520,District-Raigarh,Urban,5,true,non_worker,7110,3774,3336,observed,census_c12_maharashtra,104cc65fb8b4822642cc2a36ca925acf4fce066c875b858877e442a3817b3825,1193,2011,historical_control_not_current_demand
27,520,District-Raigarh,Urban,5,false,main_worker,160,89,71,observed,census_c12_maharashtra,104cc65fb8b4822642cc2a36ca925acf4fce066c875b858877e442a3817b3825,1193,2011,historical_control_not_current_demand
27,520,District-Raigarh,Urban,5,false,marginal_worker_3_to_under_6_months,78,41,37,observed,census_c12_maharashtra,104cc65fb8b4822642cc2a36ca925acf4fce066c875b858877e442a3817b3825,1193,2011,historical_control_not_current_demand
27,520,District-Raigarh,Urban,5,false,marginal_worker_under_3_months,3,2,1,observed,census_c12_maharashtra,104cc65fb8b4822642cc2a36ca925acf4fce066c875b858877e442a3817b3825,1193,2011,historical_control_not_current_demand
27,520,District-Raigarh,Urban,5,false,non_worker,9046,4796,4250,observed,census_c12_maharashtra,104cc65fb8b4822642cc2a36ca925acf4fce066c875b858877e442a3817b3825,1193,2011,historical_control_not_current_demand
27,520,District-Raigarh,Urban,6,true,main_worker,168,97,71,observed,census_c12_maharashtra,104cc65fb8b4822642cc2a36ca925acf4fce066c875b858877e442a3817b3825,1194,2011,historical_control_not_current_demand
27,520,District-Raigarh,Urban,6,true,marginal_worker_3_to_under_6_months,124,76,48,observed,census_c12_maharashtra,104cc65fb8b4822642cc2a36ca925acf4fce066c875b858877e442a3817b3825,1194,2011,historical_control_not_current_demand
27,520,District-Raigarh,Urban,6,true,marginal_worker_under_3_months,5,2,3,observed,census_c12_maharashtra,104cc65fb8b4822642cc2a36ca925acf4fce066c875b858877e442a3817b3825,1194,2011,historical_control_not_current_demand
27,520,District-Raigarh,Urban,6,true,non_worker,9706,5160,4546,observed,census_c12_maharashtra,104cc65fb8b4822642cc2a36ca925acf4fce066c875b858877e442a3817b3825,1194,2011,historical_control_not_current_demand
27,520,District-Raigarh,Urban,6,false,main_worker,105,59,46,observed,census_c12_maharashtra,104cc65fb8b4822642cc2a36ca925acf4fce066c875b858877e442a3817b3825,1194,2011,historical_control_not_current_demand
27,520,District-Raigarh,Urban,6,false,marginal_worker_3_to_under_6_months,63,24,39,observed,census_c12_maharashtra,104cc65fb8b4822642cc2a36ca925acf4fce066c875b858877e442a3817b3825,1194,2011,historical_control_not_current_demand
27,520,District-Raigarh,Urban,6,false,marginal_worker_under_3_months,1,0,1,observed,census_c12_maharashtra,104cc65fb8b4822642cc2a36ca925acf4fce066c875b858877e442a3817b3825,1194,2011,historical_control_not_current_demand
27,520,District-Raigarh,Urban,6,false,non_worker,6235,3351,2884,observed,census_c12_maharashtra,104cc65fb8b4822642cc2a36ca925acf4fce066c875b858877e442a3817b3825,1194,2011,historical_control_not_current_demand
27,520,District-Raigarh,Urban,7,true,main_worker,222,128,94,observed,census_c12_maharashtra,104cc65fb8b4822642cc2a36ca925acf4fce066c875b858877e442a3817b3825,1195,2011,historical_control_not_current_demand
27,520,District-Raigarh,Urban,7,true,marginal_worker_3_to_under_6_months,159,93,66,observed,census_c12_maharashtra,104cc65fb8b4822642cc2a36ca925acf4fce066c875b858877e442a3817b3825,1195,2011,historical_control_not_current_demand
27,520,District-Raigarh,Urban,7,true,marginal_worker_under_3_months,5,2,3,observed,census_c12_maharashtra,104cc65fb8b4822642cc2a36ca925acf4fce066c875b858877e442a3817b3825,1195,2011,historical_control_not_current_demand
27,520,District-Raigarh,Urban,7,true,non_worker,14565,7712,6853,observed,census_c12_maharashtra,104cc65fb8b4822642cc2a36ca925acf4fce066c875b858877e442a3817b3825,1195,2011,historical_control_not_current_demand
27,520,District-Raigarh,Urban,7,false,main_worker,67,31,36,observed,census_c12_maharashtra,104cc65fb8b4822642cc2a36ca925acf4fce066c875b858877e442a3817b3825,1195,2011,historical_control_not_current_demand
27,520,District-Raigarh,Urban,7,false,marginal_worker_3_to_under_6_months,32,16,16,observed,census_c12_maharashtra,104cc65fb8b4822642cc2a36ca925acf4fce066c875b858877e442a3817b3825,1195,2011,historical_control_not_current_demand
27,520,District-Raigarh,Urban,7,false,marginal_worker_under_3_months,1,0,1,observed,census_c12_maharashtra,104cc65fb8b4822642cc2a36ca925acf4fce066c875b858877e442a3817b3825,1195,2011,historical_control_not_current_demand
27,520,District-Raigarh,Urban,7,false,non_worker,1974,1022,952,observed,census_c12_maharashtra,104cc65fb8b4822642cc2a36ca925acf4fce066c875b858877e442a3817b3825,1195,2011,historical_control_not_current_demand
27,520,District-Raigarh,Urban,8,true,main_worker,193,110,83,observed,census_c12_maharashtra,104cc65fb8b4822642cc2a36ca925acf4fce066c875b858877e442a3817b3825,1196,2011,historical_control_not_current_demand
27,520,District-Raigarh,Urban,8,true,marginal_worker_3_to_under_6_months,171,99,72,observed,census_c12_maharashtra,104cc65fb8b4822642cc2a36ca925acf4fce066c875b858877e442a3817b3825,1196,2011,historical_control_not_current_demand
27,520,District-Raigarh,Urban,8,true,marginal_worker_under_3_months,7,5,2,observed,census_c12_maharashtra,104cc65fb8b4822642cc2a36ca925acf4fce066c875b858877e442a3817b3825,1196,2011,historical_control_not_current_demand
27,520,District-Raigarh,Urban,8,true,non_worker,14283,7596,6687,observed,census_c12_maharashtra,104cc65fb8b4822642cc2a36ca925acf4fce066c875b858877e442a3817b3825,1196,2011,historical_control_not_current_demand
27,520,District-Raigarh,Urban,8,false,main_worker,55,34,21,observed,census_c12_maharashtra,104cc65fb8b4822642cc2a36ca925acf4fce066c875b858877e442a3817b3825,1196,2011,historical_control_not_current_demand
27,520,District-Raigarh,Urban,8,false,marginal_worker_3_to_under_6_months,21,12,9,observed,census_c12_maharashtra,104cc65fb8b4822642cc2a36ca925acf4fce066c875b858877e442a3817b3825,1196,2011,historical_control_not_current_demand
27,520,District-Raigarh,Urban,8,false,marginal_worker_under_3_months,0,0,0,observed,census_c12_maharashtra,104cc65fb8b4822642cc2a36ca925acf4fce066c875b858877e442a3817b3825,1196,2011,historical_control_not_current_demand
27,520,District-Raigarh,Urban,8,false,non_worker,932,452,480,observed,census_c12_maharashtra,104cc65fb8b4822642cc2a36ca925acf4fce066c875b858877e442a3817b3825,1196,2011,historical_control_not_current_demand
27,520,District-Raigarh,Urban,9,true,main_worker,210,113,97,observed,census_c12_maharashtra,104cc65fb8b4822642cc2a36ca925acf4fce066c875b858877e442a3817b3825,1197,2011,historical_control_not_current_demand
27,520,District-Raigarh,Urban,9,true,marginal_worker_3_to_under_6_months,171,92,79,observed,census_c12_maharashtra,104cc65fb8b4822642cc2a36ca925acf4fce066c875b858877e442a3817b3825,1197,2011,historical_control_not_current_demand
27,520,District-Raigarh,Urban,9,true,marginal_worker_under_3_months,4,2,2,observed,census_c12_maharashtra,104cc65fb8b4822642cc2a36ca925acf4fce066c875b858877e442a3817b3825,1197,2011,historical_control_not_current_demand
27,520,District-Raigarh,Urban,9,true,non_worker,14420,7771,6649,observed,census_c12_maharashtra,104cc65fb8b4822642cc2a36ca925acf4fce066c875b858877e442a3817b3825,1197,2011,historical_control_not_current_demand
27,520,District-Raigarh,Urban,9,false,main_worker,38,24,14,observed,census_c12_maharashtra,104cc65fb8b4822642cc2a36ca925acf4fce066c875b858877e442a3817b3825,1197,2011,historical_control_not_current_demand
27,520,District-Raigarh,Urban,9,false,marginal_worker_3_to_under_6_months,15,8,7,observed,census_c12_maharashtra,104cc65fb8b4822642cc2a36ca925acf4fce066c875b858877e442a3817b3825,1197,2011,historical_control_not_current_demand
27,520,District-Raigarh,Urban,9,false,marginal_worker_under_3_months,1,1,0,observed,census_c12_maharashtra,104cc65fb8b4822642cc2a36ca925acf4fce066c875b858877e442a3817b3825,1197,2011,historical_control_not_current_demand
27,520,District-Raigarh,Urban,9,false,non_worker,723,351,372,observed,census_c12_maharashtra,104cc65fb8b4822642cc2a36ca925acf4fce066c875b858877e442a3817b3825,1197,2011,historical_control_not_current_demand
27,520,District-Raigarh,Urban,10,true,main_worker,235,126,109,observed,census_c12_maharashtra,104cc65fb8b4822642cc2a36ca925acf4fce066c875b858877e442a3817b3825,1198,2011,historical_control_not_current_demand
27,520,District-Raigarh,Urban,10,true,marginal_worker_3_to_under_6_months,213,92,121,observed,census_c12_maharashtra,104cc65fb8b4822642cc2a36ca925acf4fce066c875b858877e442a3817b3825,1198,2011,historical_control_not_current_demand
27,520,District-Raigarh,Urban,10,true,marginal_worker_under_3_months,5,0,5,observed,census_c12_maharashtra,104cc65fb8b4822642cc2a36ca925acf4fce066c875b858877e442a3817b3825,1198,2011,historical_control_not_current_demand
27,520,District-Raigarh,Urban,10,true,non_worker,16671,8982,7689,observed,census_c12_maharashtra,104cc65fb8b4822642cc2a36ca925acf4fce066c875b858877e442a3817b3825,1198,2011,historical_control_not_current_demand
27,520,District-Raigarh,Urban,10,false,main_worker,74,45,29,observed,census_c12_maharashtra,104cc65fb8b4822642cc2a36ca925acf4fce066c875b858877e442a3817b3825,1198,2011,historical_control_not_current_demand
27,520,District-Raigarh,Urban,10,false,marginal_worker_3_to_under_6_months,23,14,9,observed,census_c12_maharashtra,104cc65fb8b4822642cc2a36ca925acf4fce066c875b858877e442a3817b3825,1198,2011,historical_control_not_current_demand
27,520,District-Raigarh,Urban,10,false,marginal_worker_under_3_months,0,0,0,observed,census_c12_maharashtra,104cc65fb8b4822642cc2a36ca925acf4fce066c875b858877e442a3817b3825,1198,2011,historical_control_not_current_demand
27,520,District-Raigarh,Urban,10,false,non_worker,1020,490,530,observed,census_c12_maharashtra,104cc65fb8b4822642cc2a36ca925acf4fce066c875b858877e442a3817b3825,1198,2011,historical_control_not_current_demand
27,520,District-Raigarh,Urban,11,true,main_worker,274,155,119,observed,census_c12_maharashtra,104cc65fb8b4822642cc2a36ca925acf4fce066c875b858877e442a3817b3825,1199,2011,historical_control_not_current_demand
27,520,District-Raigarh,Urban,11,true,marginal_worker_3_to_under_6_months,185,97,88,observed,census_c12_maharashtra,104cc65fb8b4822642cc2a36ca925acf4fce066c875b858877e442a3817b3825,1199,2011,historical_control_not_current_demand
27,520,District-Raigarh,Urban,11,true,marginal_worker_under_3_months,10,2,8,observed,census_c12_maharashtra,104cc65fb8b4822642cc2a36ca925acf4fce066c875b858877e442a3817b3825,1199,2011,historical_control_not_current_demand
27,520,District-Raigarh,Urban,11,true,non_worker,15733,8260,7473,observed,census_c12_maharashtra,104cc65fb8b4822642cc2a36ca925acf4fce066c875b858877e442a3817b3825,1199,2011,historical_control_not_current_demand
27,520,District-Raigarh,Urban,11,false,main_worker,158,118,40,observed,census_c12_maharashtra,104cc65fb8b4822642cc2a36ca925acf4fce066c875b858877e442a3817b3825,1199,2011,historical_control_not_current_demand
27,520,District-Raigarh,Urban,11,false,marginal_worker_3_to_under_6_months,41,25,16,observed,census_c12_maharashtra,104cc65fb8b4822642cc2a36ca925acf4fce066c875b858877e442a3817b3825,1199,2011,historical_control_not_current_demand
27,520,District-Raigarh,Urban,11,false,marginal_worker_under_3_months,8,5,3,observed,census_c12_maharashtra,104cc65fb8b4822642cc2a36ca925acf4fce066c875b858877e442a3817b3825,1199,2011,historical_control_not_current_demand
27,520,District-Raigarh,Urban,11,false,non_worker,819,360,459,observed,census_c12_maharashtra,104cc65fb8b4822642cc2a36ca925acf4fce066c875b858877e442a3817b3825,1199,2011,historical_control_not_current_demand
27,520,District-Raigarh,Urban,12,true,main_worker,256,151,105,observed,census_c12_maharashtra,104cc65fb8b4822642cc2a36ca925acf4fce066c875b858877e442a3817b3825,1200,2011,historical_control_not_current_demand
27,520,District-Raigarh,Urban,12,true,marginal_worker_3_to_under_6_months,183,91,92,observed,census_c12_maharashtra,104cc65fb8b4822642cc2a36ca925acf4fce066c875b858877e442a3817b3825,1200,2011,historical_control_not_current_demand
27,520,District-Raigarh,Urban,12,true,marginal_worker_under_3_months,11,4,7,observed,census_c12_maharashtra,104cc65fb8b4822642cc2a36ca925acf4fce066c875b858877e442a3817b3825,1200,2011,historical_control_not_current_demand
27,520,District-Raigarh,Urban,12,true,non_worker,14483,7651,6832,observed,census_c12_maharashtra,104cc65fb8b4822642cc2a36ca925acf4fce066c875b858877e442a3817b3825,1200,2011,historical_control_not_current_demand
27,520,District-Raigarh,Urban,12,false,main_worker,233,164,69,observed,census_c12_maharashtra,104cc65fb8b4822642cc2a36ca925acf4fce066c875b858877e442a3817b3825,1200,2011,historical_control_not_current_demand
27,520,District-Raigarh,Urban,12,false,marginal_worker_3_to_under_6_months,37,20,17,observed,census_c12_maharashtra,104cc65fb8b4822642cc2a36ca925acf4fce066c875b858877e442a3817b3825,1200,2011,historical_control_not_current_demand
27,520,District-Raigarh,Urban,12,false,marginal_worker_under_3_months,3,2,1,observed,census_c12_maharashtra,104cc65fb8b4822642cc2a36ca925acf4fce066c875b858877e442a3817b3825,1200,2011,historical_control_not_current_demand
27,520,District-Raigarh,Urban,12,false,non_worker,801,345,456,observed,census_c12_maharashtra,104cc65fb8b4822642cc2a36ca925acf4fce066c875b858877e442a3817b3825,1200,2011,historical_control_not_current_demand
27,520,District-Raigarh,Urban,13,true,main_worker,262,129,133,observed,census_c12_maharashtra,104cc65fb8b4822642cc2a36ca925acf4fce066c875b858877e442a3817b3825,1201,2011,historical_control_not_current_demand
27,520,District-Raigarh,Urban,13,true,marginal_worker_3_to_under_6_months,201,123,78,observed,census_c12_maharashtra,104cc65fb8b4822642cc2a36ca925acf4fce066c875b858877e442a3817b3825,1201,2011,historical_control_not_current_demand
27,520,District-Raigarh,Urban,13,true,marginal_worker_under_3_months,14,5,9,observed,census_c12_maharashtra,104cc65fb8b4822642cc2a36ca925acf4fce066c875b858877e442a3817b3825,1201,2011,historical_control_not_current_demand
27,520,District-Raigarh,Urban,13,true,non_worker,14618,7670,6948,observed,census_c12_maharashtra,104cc65fb8b4822642cc2a36ca925acf4fce066c875b858877e442a3817b3825,1201,2011,historical_control_not_current_demand
27,520,District-Raigarh,Urban,13,false,main_worker,219,152,67,observed,census_c12_maharashtra,104cc65fb8b4822642cc2a36ca925acf4fce066c875b858877e442a3817b3825,1201,2011,historical_control_not_current_demand
27,520,District-Raigarh,Urban,13,false,marginal_worker_3_to_under_6_months,57,30,27,observed,census_c12_maharashtra,104cc65fb8b4822642cc2a36ca925acf4fce066c875b858877e442a3817b3825,1201,2011,historical_control_not_current_demand
27,520,District-Raigarh,Urban,13,false,marginal_worker_under_3_months,5,2,3,observed,census_c12_maharashtra,104cc65fb8b4822642cc2a36ca925acf4fce066c875b858877e442a3817b3825,1201,2011,historical_control_not_current_demand
27,520,District-Raigarh,Urban,13,false,non_worker,812,355,457,observed,census_c12_maharashtra,104cc65fb8b4822642cc2a36ca925acf4fce066c875b858877e442a3817b3825,1201,2011,historical_control_not_current_demand
27,520,District-Raigarh,Urban,14,true,main_worker,257,145,112,observed,census_c12_maharashtra,104cc65fb8b4822642cc2a36ca925acf4fce066c875b858877e442a3817b3825,1202,2011,historical_control_not_current_demand
27,520,District-Raigarh,Urban,14,true,marginal_worker_3_to_under_6_months,181,104,77,observed,census_c12_maharashtra,104cc65fb8b4822642cc2a36ca925acf4fce066c875b858877e442a3817b3825,1202,2011,historical_control_not_current_demand
27,520,District-Raigarh,Urban,14,true,marginal_worker_under_3_months,12,6,6,observed,census_c12_maharashtra,104cc65fb8b4822642cc2a36ca925acf4fce066c875b858877e442a3817b3825,1202,2011,historical_control_not_current_demand
27,520,District-Raigarh,Urban,14,true,non_worker,14267,7607,6660,observed,census_c12_maharashtra,104cc65fb8b4822642cc2a36ca925acf4fce066c875b858877e442a3817b3825,1202,2011,historical_control_not_current_demand
27,520,District-Raigarh,Urban,14,false,main_worker,310,239,71,observed,census_c12_maharashtra,104cc65fb8b4822642cc2a36ca925acf4fce066c875b858877e442a3817b3825,1202,2011,historical_control_not_current_demand
27,520,District-Raigarh,Urban,14,false,marginal_worker_3_to_under_6_months,67,37,30,observed,census_c12_maharashtra,104cc65fb8b4822642cc2a36ca925acf4fce066c875b858877e442a3817b3825,1202,2011,historical_control_not_current_demand
27,520,District-Raigarh,Urban,14,false,marginal_worker_under_3_months,20,13,7,observed,census_c12_maharashtra,104cc65fb8b4822642cc2a36ca925acf4fce066c875b858877e442a3817b3825,1202,2011,historical_control_not_current_demand
27,520,District-Raigarh,Urban,14,false,non_worker,975,392,583,observed,census_c12_maharashtra,104cc65fb8b4822642cc2a36ca925acf4fce066c875b858877e442a3817b3825,1202,2011,historical_control_not_current_demand
27,520,District-Raigarh,Urban,15,true,main_worker,320,177,143,observed,census_c12_maharashtra,104cc65fb8b4822642cc2a36ca925acf4fce066c875b858877e442a3817b3825,1203,2011,historical_control_not_current_demand
27,520,District-Raigarh,Urban,15,true,marginal_worker_3_to_under_6_months,227,128,99,observed,census_c12_maharashtra,104cc65fb8b4822642cc2a36ca925acf4fce066c875b858877e442a3817b3825,1203,2011,historical_control_not_current_demand
27,520,District-Raigarh,Urban,15,true,marginal_worker_under_3_months,8,6,2,observed,census_c12_maharashtra,104cc65fb8b4822642cc2a36ca925acf4fce066c875b858877e442a3817b3825,1203,2011,historical_control_not_current_demand
27,520,District-Raigarh,Urban,15,true,non_worker,14161,7579,6582,observed,census_c12_maharashtra,104cc65fb8b4822642cc2a36ca925acf4fce066c875b858877e442a3817b3825,1203,2011,historical_control_not_current_demand
27,520,District-Raigarh,Urban,15,false,main_worker,542,417,125,observed,census_c12_maharashtra,104cc65fb8b4822642cc2a36ca925acf4fce066c875b858877e442a3817b3825,1203,2011,historical_control_not_current_demand
27,520,District-Raigarh,Urban,15,false,marginal_worker_3_to_under_6_months,108,75,33,observed,census_c12_maharashtra,104cc65fb8b4822642cc2a36ca925acf4fce066c875b858877e442a3817b3825,1203,2011,historical_control_not_current_demand
27,520,District-Raigarh,Urban,15,false,marginal_worker_under_3_months,26,19,7,observed,census_c12_maharashtra,104cc65fb8b4822642cc2a36ca925acf4fce066c875b858877e442a3817b3825,1203,2011,historical_control_not_current_demand
27,520,District-Raigarh,Urban,15,false,non_worker,1268,525,743,observed,census_c12_maharashtra,104cc65fb8b4822642cc2a36ca925acf4fce066c875b858877e442a3817b3825,1203,2011,historical_control_not_current_demand
27,520,District-Raigarh,Urban,16,true,main_worker,335,209,126,observed,census_c12_maharashtra,104cc65fb8b4822642cc2a36ca925acf4fce066c875b858877e442a3817b3825,1204,2011,historical_control_not_current_demand
27,520,District-Raigarh,Urban,16,true,marginal_worker_3_to_under_6_months,217,125,92,observed,census_c12_maharashtra,104cc65fb8b4822642cc2a36ca925acf4fce066c875b858877e442a3817b3825,1204,2011,historical_control_not_current_demand
27,520,District-Raigarh,Urban,16,true,marginal_worker_under_3_months,16,11,5,observed,census_c12_maharashtra,104cc65fb8b4822642cc2a36ca925acf4fce066c875b858877e442a3817b3825,1204,2011,historical_control_not_current_demand
27,520,District-Raigarh,Urban,16,true,non_worker,12916,6830,6086,observed,census_c12_maharashtra,104cc65fb8b4822642cc2a36ca925acf4fce066c875b858877e442a3817b3825,1204,2011,historical_control_not_current_demand
27,520,District-Raigarh,Urban,16,false,main_worker,691,526,165,observed,census_c12_maharashtra,104cc65fb8b4822642cc2a36ca925acf4fce066c875b858877e442a3817b3825,1204,2011,historical_control_not_current_demand
27,520,District-Raigarh,Urban,16,false,marginal_worker_3_to_under_6_months,160,101,59,observed,census_c12_maharashtra,104cc65fb8b4822642cc2a36ca925acf4fce066c875b858877e442a3817b3825,1204,2011,historical_control_not_current_demand
27,520,District-Raigarh,Urban,16,false,marginal_worker_under_3_months,26,18,8,observed,census_c12_maharashtra,104cc65fb8b4822642cc2a36ca925acf4fce066c875b858877e442a3817b3825,1204,2011,historical_control_not_current_demand
27,520,District-Raigarh,Urban,16,false,non_worker,1462,548,914,observed,census_c12_maharashtra,104cc65fb8b4822642cc2a36ca925acf4fce066c875b858877e442a3817b3825,1204,2011,historical_control_not_current_demand
27,520,District-Raigarh,Urban,17,true,main_worker,342,228,114,observed,census_c12_maharashtra,104cc65fb8b4822642cc2a36ca925acf4fce066c875b858877e442a3817b3825,1205,2011,historical_control_not_current_demand
27,520,District-Raigarh,Urban,17,true,marginal_worker_3_to_under_6_months,254,166,88,observed,census_c12_maharashtra,104cc65fb8b4822642cc2a36ca925acf4fce066c875b858877e442a3817b3825,1205,2011,historical_control_not_current_demand
27,520,District-Raigarh,Urban,17,true,marginal_worker_under_3_months,10,5,5,observed,census_c12_maharashtra,104cc65fb8b4822642cc2a36ca925acf4fce066c875b858877e442a3817b3825,1205,2011,historical_control_not_current_demand
27,520,District-Raigarh,Urban,17,true,non_worker,11954,6263,5691,observed,census_c12_maharashtra,104cc65fb8b4822642cc2a36ca925acf4fce066c875b858877e442a3817b3825,1205,2011,historical_control_not_current_demand
27,520,District-Raigarh,Urban,17,false,main_worker,1077,881,196,observed,census_c12_maharashtra,104cc65fb8b4822642cc2a36ca925acf4fce066c875b858877e442a3817b3825,1205,2011,historical_control_not_current_demand
27,520,District-Raigarh,Urban,17,false,marginal_worker_3_to_under_6_months,227,155,72,observed,census_c12_maharashtra,104cc65fb8b4822642cc2a36ca925acf4fce066c875b858877e442a3817b3825,1205,2011,historical_control_not_current_demand
27,520,District-Raigarh,Urban,17,false,marginal_worker_under_3_months,55,42,13,observed,census_c12_maharashtra,104cc65fb8b4822642cc2a36ca925acf4fce066c875b858877e442a3817b3825,1205,2011,historical_control_not_current_demand
27,520,District-Raigarh,Urban,17,false,non_worker,1937,671,1266,observed,census_c12_maharashtra,104cc65fb8b4822642cc2a36ca925acf4fce066c875b858877e442a3817b3825,1205,2011,historical_control_not_current_demand
27,520,District-Raigarh,Urban,18,true,main_worker,498,337,161,observed,census_c12_maharashtra,104cc65fb8b4822642cc2a36ca925acf4fce066c875b858877e442a3817b3825,1206,2011,historical_control_not_current_demand
27,520,District-Raigarh,Urban,18,true,marginal_worker_3_to_under_6_months,267,155,112,observed,census_c12_maharashtra,104cc65fb8b4822642cc2a36ca925acf4fce066c875b858877e442a3817b3825,1206,2011,historical_control_not_current_demand
27,520,District-Raigarh,Urban,18,true,marginal_worker_under_3_months,18,14,4,observed,census_c12_maharashtra,104cc65fb8b4822642cc2a36ca925acf4fce066c875b858877e442a3817b3825,1206,2011,historical_control_not_current_demand
27,520,District-Raigarh,Urban,18,true,non_worker,11890,6496,5394,observed,census_c12_maharashtra,104cc65fb8b4822642cc2a36ca925acf4fce066c875b858877e442a3817b3825,1206,2011,historical_control_not_current_demand
27,520,District-Raigarh,Urban,18,false,main_worker,2370,1994,376,observed,census_c12_maharashtra,104cc65fb8b4822642cc2a36ca925acf4fce066c875b858877e442a3817b3825,1206,2011,historical_control_not_current_demand
27,520,District-Raigarh,Urban,18,false,marginal_worker_3_to_under_6_months,449,306,143,observed,census_c12_maharashtra,104cc65fb8b4822642cc2a36ca925acf4fce066c875b858877e442a3817b3825,1206,2011,historical_control_not_current_demand
27,520,District-Raigarh,Urban,18,false,marginal_worker_under_3_months,84,56,28,observed,census_c12_maharashtra,104cc65fb8b4822642cc2a36ca925acf4fce066c875b858877e442a3817b3825,1206,2011,historical_control_not_current_demand
27,520,District-Raigarh,Urban,18,false,non_worker,3197,945,2252,observed,census_c12_maharashtra,104cc65fb8b4822642cc2a36ca925acf4fce066c875b858877e442a3817b3825,1206,2011,historical_control_not_current_demand
27,520,District-Raigarh,Urban,19,true,main_worker,477,317,160,observed,census_c12_maharashtra,104cc65fb8b4822642cc2a36ca925acf4fce066c875b858877e442a3817b3825,1207,2011,historical_control_not_current_demand
27,520,District-Raigarh,Urban,19,true,marginal_worker_3_to_under_6_months,288,163,125,observed,census_c12_maharashtra,104cc65fb8b4822642cc2a36ca925acf4fce066c875b858877e442a3817b3825,1207,2011,historical_control_not_current_demand
27,520,District-Raigarh,Urban,19,true,marginal_worker_under_3_months,17,9,8,observed,census_c12_maharashtra,104cc65fb8b4822642cc2a36ca925acf4fce066c875b858877e442a3817b3825,1207,2011,historical_control_not_current_demand
27,520,District-Raigarh,Urban,19,true,non_worker,9953,5368,4585,observed,census_c12_maharashtra,104cc65fb8b4822642cc2a36ca925acf4fce066c875b858877e442a3817b3825,1207,2011,historical_control_not_current_demand
27,520,District-Raigarh,Urban,19,false,main_worker,2286,1910,376,observed,census_c12_maharashtra,104cc65fb8b4822642cc2a36ca925acf4fce066c875b858877e442a3817b3825,1207,2011,historical_control_not_current_demand
27,520,District-Raigarh,Urban,19,false,marginal_worker_3_to_under_6_months,466,307,159,observed,census_c12_maharashtra,104cc65fb8b4822642cc2a36ca925acf4fce066c875b858877e442a3817b3825,1207,2011,historical_control_not_current_demand
27,520,District-Raigarh,Urban,19,false,marginal_worker_under_3_months,72,43,29,observed,census_c12_maharashtra,104cc65fb8b4822642cc2a36ca925acf4fce066c875b858877e442a3817b3825,1207,2011,historical_control_not_current_demand
27,520,District-Raigarh,Urban,19,false,non_worker,3584,905,2679,observed,census_c12_maharashtra,104cc65fb8b4822642cc2a36ca925acf4fce066c875b858877e442a3817b3825,1207,2011,historical_control_not_current_demand
