observation_year,geography_level,ec_district_code,geography_name,table,dimension,category,measure,value_count,source,derivation,source_id,source_sha256,pdf_page,status
2013,historical_district,01,Nandurbar,2.8,residence,rural,establishments,28466,published_census_count,,maharashtra_ec6_final,e1d10089c2662f20badfdd7c517287db0598bba25ba24d8c3dfbe760134500da,35,historical_control_not_current_trip_demand
2013,historical_district,01,Nandurbar,2.8,residence,urban,establishments,18321,published_census_count,,maharashtra_ec6_final,e1d10089c2662f20badfdd7c517287db0598bba25ba24d8c3dfbe760134500da,35,historical_control_not_current_trip_demand
2013,historical_district,01,Nandurbar,2.8,residence,combined,establishments,46787,published_census_count,,maharashtra_ec6_final,e1d10089c2662f20badfdd7c517287db0598bba25ba24d8c3dfbe760134500da,35,historical_control_not_current_trip_demand
2013,historical_district,01,Nandurbar,2.8,residence,rural,persons_engaged,51538,published_census_count,,maharashtra_ec6_final,e1d10089c2662f20badfdd7c517287db0598bba25ba24d8c3dfbe760134500da,35,historical_control_not_current_trip_demand
2013,historical_district,01,Nandurbar,2.8,residence,urban,persons_engaged,39927,published_census_count,,maharashtra_ec6_final,e1d10089c2662f20badfdd7c517287db0598bba25ba24d8c3dfbe760134500da,35,historical_control_not_current_trip_demand
2013,historical_district,01,Nandurbar,2.8,residence,combined,persons_engaged,91465,published_census_count,,maharashtra_ec6_final,e1d10089c2662f20badfdd7c517287db0598bba25ba24d8c3dfbe760134500da,35,historical_control_not_current_trip_demand
2013,historical_district,02,Dhule,2.8,residence,rural,establishments,43654,published_census_count,,maharashtra_ec6_final,e1d10089c2662f20badfdd7c517287db0598bba25ba24d8c3dfbe760134500da,35,historical_control_not_current_trip_demand
2013,historical_district,02,Dhule,2.8,residence,urban,establishments,28964,published_census_count,,maharashtra_ec6_final,e1d10089c2662f20badfdd7c517287db0598bba25ba24d8c3dfbe760134500da,35,historical_control_not_current_trip_demand
2013,historical_district,02,Dhule,2.8,residence,combined,establishments,72618,published_census_count,,maharashtra_ec6_final,e1d10089c2662f20badfdd7c517287db0598bba25ba24d8c3dfbe760134500da,35,historical_control_not_current_trip_demand
2013,historical_district,02,Dhule,2.8,residence,rural,persons_engaged,85981,published_census_count,,maharashtra_ec6_final,e1d10089c2662f20badfdd7c517287db0598bba25ba24d8c3dfbe760134500da,35,historical_control_not_current_trip_demand
2013,historical_district,02,Dhule,2.8,residence,urban,persons_engaged,67865,published_census_count,,maharashtra_ec6_final,e1d10089c2662f20badfdd7c517287db0598bba25ba24d8c3dfbe760134500da,35,historical_control_not_current_trip_demand
2013,historical_district,02,Dhule,2.8,residence,combined,persons_engaged,153846,published_census_count,,maharashtra_ec6_final,e1d10089c2662f20badfdd7c517287db0598bba25ba24d8c3dfbe760134500da,35,historical_control_not_current_trip_demand
2013,historical_district,03,Jalgaon,2.8,residence,rural,establishments,89647,published_census_count,,maharashtra_ec6_final,e1d10089c2662f20badfdd7c517287db0598bba25ba24d8c3dfbe760134500da,35,historical_control_not_current_trip_demand
2013,historical_district,03,Jalgaon,2.8,residence,urban,establishments,68997,published_census_count,,maharashtra_ec6_final,e1d10089c2662f20badfdd7c517287db0598bba25ba24d8c3dfbe760134500da,35,historical_control_not_current_trip_demand
2013,historical_district,03,Jalgaon,2.8,residence,combined,establishments,158644,published_census_count,,maharashtra_ec6_final,e1d10089c2662f20badfdd7c517287db0598bba25ba24d8c3dfbe760134500da,35,historical_control_not_current_trip_demand
2013,historical_district,03,Jalgaon,2.8,residence,rural,persons_engaged,149009,published_census_count,,maharashtra_ec6_final,e1d10089c2662f20badfdd7c517287db0598bba25ba24d8c3dfbe760134500da,35,historical_control_not_current_trip_demand
2013,historical_district,03,Jalgaon,2.8,residence,urban,persons_engaged,155705,published_census_count,,maharashtra_ec6_final,e1d10089c2662f20badfdd7c517287db0598bba25ba24d8c3dfbe760134500da,35,historical_control_not_current_trip_demand
2013,historical_district,03,Jalgaon,2.8,residence,combined,persons_engaged,304714,published_census_count,,maharashtra_ec6_final,e1d10089c2662f20badfdd7c517287db0598bba25ba24d8c3dfbe760134500da,35,historical_control_not_current_trip_demand
2013,historical_district,04,Buldhana,2.8,residence,rural,establishments,64708,published_census_count,,maharashtra_ec6_final,e1d10089c2662f20badfdd7c517287db0598bba25ba24d8c3dfbe760134500da,35,historical_control_not_current_trip_demand
2013,historical_district,04,Buldhana,2.8,residence,urban,establishments,30264,published_census_count,,maharashtra_ec6_final,e1d10089c2662f20badfdd7c517287db0598bba25ba24d8c3dfbe760134500da,35,historical_control_not_current_trip_demand
2013,historical_district,04,Buldhana,2.8,residence,combined,establishments,94972,published_census_count,,maharashtra_ec6_final,e1d10089c2662f20badfdd7c517287db0598bba25ba24d8c3dfbe760134500da,35,historical_control_not_current_trip_demand
2013,historical_district,04,Buldhana,2.8,residence,rural,persons_engaged,104822,published_census_count,,maharashtra_ec6_final,e1d10089c2662f20badfdd7c517287db0598bba25ba24d8c3dfbe760134500da,35,historical_control_not_current_trip_demand
2013,historical_district,04,Buldhana,2.8,residence,urban,persons_engaged,64467,published_census_count,,maharashtra_ec6_final,e1d10089c2662f20badfdd7c517287db0598bba25ba24d8c3dfbe760134500da,35,historical_control_not_current_trip_demand
2013,historical_district,04,Buldhana,2.8,residence,combined,persons_engaged,169289,published_census_count,,maharashtra_ec6_final,e1d10089c2662f20badfdd7c517287db0598bba25ba24d8c3dfbe760134500da,35,historical_control_not_current_trip_demand
2013,historical_district,05,Akola,2.8,residence,rural,establishments,65376,published_census_count,,maharashtra_ec6_final,e1d10089c2662f20badfdd7c517287db0598bba25ba24d8c3dfbe760134500da,35,historical_control_not_current_trip_demand
2013,historical_district,05,Akola,2.8,residence,urban,establishments,58429,published_census_count,,maharashtra_ec6_final,e1d10089c2662f20badfdd7c517287db0598bba25ba24d8c3dfbe760134500da,35,historical_control_not_current_trip_demand
2013,historical_district,05,Akola,2.8,residence,combined,establishments,123805,published_census_count,,maharashtra_ec6_final,e1d10089c2662f20badfdd7c517287db0598bba25ba24d8c3dfbe760134500da,35,historical_control_not_current_trip_demand
2013,historical_district,05,Akola,2.8,residence,rural,persons_engaged,113595,published_census_count,,maharashtra_ec6_final,e1d10089c2662f20badfdd7c517287db0598bba25ba24d8c3dfbe760134500da,35,historical_control_not_current_trip_demand
2013,historical_district,05,Akola,2.8,residence,urban,persons_engaged,105603,published_census_count,,maharashtra_ec6_final,e1d10089c2662f20badfdd7c517287db0598bba25ba24d8c3dfbe760134500da,35,historical_control_not_current_trip_demand
2013,historical_district,05,Akola,2.8,residence,combined,persons_engaged,219198,published_census_count,,maharashtra_ec6_final,e1d10089c2662f20badfdd7c517287db0598bba25ba24d8c3dfbe760134500da,35,historical_control_not_current_trip_demand
2013,historical_district,06,Washim,2.8,residence,rural,establishments,21314,published_census_count,,maharashtra_ec6_final,e1d10089c2662f20badfdd7c517287db0598bba25ba24d8c3dfbe760134500da,35,historical_control_not_current_trip_demand
2013,historical_district,06,Washim,2.8,residence,urban,establishments,11167,published_census_count,,maharashtra_ec6_final,e1d10089c2662f20badfdd7c517287db0598bba25ba24d8c3dfbe760134500da,35,historical_control_not_current_trip_demand
2013,historical_district,06,Washim,2.8,residence,combined,establishments,32481,published_census_count,,maharashtra_ec6_final,e1d10089c2662f20badfdd7c517287db0598bba25ba24d8c3dfbe760134500da,35,historical_control_not_current_trip_demand
2013,historical_district,06,Washim,2.8,residence,rural,persons_engaged,36390,published_census_count,,maharashtra_ec6_final,e1d10089c2662f20badfdd7c517287db0598bba25ba24d8c3dfbe760134500da,35,historical_control_not_current_trip_demand
2013,historical_district,06,Washim,2.8,residence,urban,persons_engaged,23011,published_census_count,,maharashtra_ec6_final,e1d10089c2662f20badfdd7c517287db0598bba25ba24d8c3dfbe760134500da,35,historical_control_not_current_trip_demand
2013,historical_district,06,Washim,2.8,residence,combined,persons_engaged,59401,published_census_count,,maharashtra_ec6_final,e1d10089c2662f20badfdd7c517287db0598bba25ba24d8c3dfbe760134500da,35,historical_control_not_current_trip_demand
2013,historical_district,07,Amravati,2.8,residence,rural,establishments,65213,published_census_count,,maharashtra_ec6_final,e1d10089c2662f20badfdd7c517287db0598bba25ba24d8c3dfbe760134500da,35,historical_control_not_current_trip_demand
2013,historical_district,07,Amravati,2.8,residence,urban,establishments,71696,published_census_count,,maharashtra_ec6_final,e1d10089c2662f20badfdd7c517287db0598bba25ba24d8c3dfbe760134500da,35,historical_control_not_current_trip_demand
2013,historical_district,07,Amravati,2.8,residence,combined,establishments,136909,published_census_count,,maharashtra_ec6_final,e1d10089c2662f20badfdd7c517287db0598bba25ba24d8c3dfbe760134500da,35,historical_control_not_current_trip_demand
2013,historical_district,07,Amravati,2.8,residence,rural,persons_engaged,97830,published_census_count,,maharashtra_ec6_final,e1d10089c2662f20badfdd7c517287db0598bba25ba24d8c3dfbe760134500da,35,historical_control_not_current_trip_demand
2013,historical_district,07,Amravati,2.8,residence,urban,persons_engaged,138367,published_census_count,,maharashtra_ec6_final,e1d10089c2662f20badfdd7c517287db0598bba25ba24d8c3dfbe760134500da,35,historical_control_not_current_trip_demand
2013,historical_district,07,Amravati,2.8,residence,combined,persons_engaged,236197,published_census_count,,maharashtra_ec6_final,e1d10089c2662f20badfdd7c517287db0598bba25ba24d8c3dfbe760134500da,35,historical_control_not_current_trip_demand
2013,historical_district,08,Wardha,2.8,residence,rural,establishments,39348,published_census_count,,maharashtra_ec6_final,e1d10089c2662f20badfdd7c517287db0598bba25ba24d8c3dfbe760134500da,35,historical_control_not_current_trip_demand
2013,historical_district,08,Wardha,2.8,residence,urban,establishments,28211,published_census_count,,maharashtra_ec6_final,e1d10089c2662f20badfdd7c517287db0598bba25ba24d8c3dfbe760134500da,35,historical_control_not_current_trip_demand
2013,historical_district,08,Wardha,2.8,residence,combined,establishments,67559,published_census_count,,maharashtra_ec6_final,e1d10089c2662f20badfdd7c517287db0598bba25ba24d8c3dfbe760134500da,35,historical_control_not_current_trip_demand
2013,historical_district,08,Wardha,2.8,residence,rural,persons_engaged,70931,published_census_count,,maharashtra_ec6_final,e1d10089c2662f20badfdd7c517287db0598bba25ba24d8c3dfbe760134500da,35,historical_control_not_current_trip_demand
2013,historical_district,08,Wardha,2.8,residence,urban,persons_engaged,60608,published_census_count,,maharashtra_ec6_final,e1d10089c2662f20badfdd7c517287db0598bba25ba24d8c3dfbe760134500da,35,historical_control_not_current_trip_demand
2013,historical_district,08,Wardha,2.8,residence,combined,persons_engaged,131539,published_census_count,,maharashtra_ec6_final,e1d10089c2662f20badfdd7c517287db0598bba25ba24d8c3dfbe760134500da,35,historical_control_not_current_trip_demand
2013,historical_district,09,Nagpur,2.8,residence,rural,establishments,79156,published_census_count,,maharashtra_ec6_final,e1d10089c2662f20badfdd7c517287db0598bba25ba24d8c3dfbe760134500da,35,historical_control_not_current_trip_demand
2013,historical_district,09,Nagpur,2.8,residence,urban,establishments,179555,published_census_count,,maharashtra_ec6_final,e1d10089c2662f20badfdd7c517287db0598bba25ba24d8c3dfbe760134500da,35,historical_control_not_current_trip_demand
2013,historical_district,09,Nagpur,2.8,residence,combined,establishments,258711,published_census_count,,maharashtra_ec6_final,e1d10089c2662f20badfdd7c517287db0598bba25ba24d8c3dfbe760134500da,35,historical_control_not_current_trip_demand
2013,historical_district,09,Nagpur,2.8,residence,rural,persons_engaged,150993,published_census_count,,maharashtra_ec6_final,e1d10089c2662f20badfdd7c517287db0598bba25ba24d8c3dfbe760134500da,35,historical_control_not_current_trip_demand
2013,historical_district,09,Nagpur,2.8,residence,urban,persons_engaged,419591,published_census_count,,maharashtra_ec6_final,e1d10089c2662f20badfdd7c517287db0598bba25ba24d8c3dfbe760134500da,35,historical_control_not_current_trip_demand
2013,historical_district,09,Nagpur,2.8,residence,combined,persons_engaged,570584,published_census_count,,maharashtra_ec6_final,e1d10089c2662f20badfdd7c517287db0598bba25ba24d8c3dfbe760134500da,35,historical_control_not_current_trip_demand
2013,historical_district,10,Bhandara,2.8,residence,rural,establishments,67013,published_census_count,,maharashtra_ec6_final,e1d10089c2662f20badfdd7c517287db0598bba25ba24d8c3dfbe760134500da,35,historical_control_not_current_trip_demand
2013,historical_district,10,Bhandara,2.8,residence,urban,establishments,19522,published_census_count,,maharashtra_ec6_final,e1d10089c2662f20badfdd7c517287db0598bba25ba24d8c3dfbe760134500da,35,historical_control_not_current_trip_demand
2013,historical_district,10,Bhandara,2.8,residence,combined,establishments,86535,published_census_count,,maharashtra_ec6_final,e1d10089c2662f20badfdd7c517287db0598bba25ba24d8c3dfbe760134500da,35,historical_control_not_current_trip_demand
2013,historical_district,10,Bhandara,2.8,residence,rural,persons_engaged,110667,published_census_count,,maharashtra_ec6_final,e1d10089c2662f20badfdd7c517287db0598bba25ba24d8c3dfbe760134500da,35,historical_control_not_current_trip_demand
2013,historical_district,10,Bhandara,2.8,residence,urban,persons_engaged,43620,published_census_count,,maharashtra_ec6_final,e1d10089c2662f20badfdd7c517287db0598bba25ba24d8c3dfbe760134500da,35,historical_control_not_current_trip_demand
2013,historical_district,10,Bhandara,2.8,residence,combined,persons_engaged,154287,published_census_count,,maharashtra_ec6_final,e1d10089c2662f20badfdd7c517287db0598bba25ba24d8c3dfbe760134500da,35,historical_control_not_current_trip_demand
2013,historical_district,11,Gondiya,2.8,residence,rural,establishments,56484,published_census_count,,maharashtra_ec6_final,e1d10089c2662f20badfdd7c517287db0598bba25ba24d8c3dfbe760134500da,35,historical_control_not_current_trip_demand
2013,historical_district,11,Gondiya,2.8,residence,urban,establishments,13699,published_census_count,,maharashtra_ec6_final,e1d10089c2662f20badfdd7c517287db0598bba25ba24d8c3dfbe760134500da,35,historical_control_not_current_trip_demand
2013,historical_district,11,Gondiya,2.8,residence,combined,establishments,70183,published_census_count,,maharashtra_ec6_final,e1d10089c2662f20badfdd7c517287db0598bba25ba24d8c3dfbe760134500da,35,historical_control_not_current_trip_demand
2013,historical_district,11,Gondiya,2.8,residence,rural,persons_engaged,94051,published_census_count,,maharashtra_ec6_final,e1d10089c2662f20badfdd7c517287db0598bba25ba24d8c3dfbe760134500da,35,historical_control_not_current_trip_demand
2013,historical_district,11,Gondiya,2.8,residence,urban,persons_engaged,33958,published_census_count,,maharashtra_ec6_final,e1d10089c2662f20badfdd7c517287db0598bba25ba24d8c3dfbe760134500da,35,historical_control_not_current_trip_demand
2013,historical_district,11,Gondiya,2.8,residence,combined,persons_engaged,128009,published_census_count,,maharashtra_ec6_final,e1d10089c2662f20badfdd7c517287db0598bba25ba24d8c3dfbe760134500da,35,historical_control_not_current_trip_demand
2013,historical_district,12,Gadchiroli,2.8,residence,rural,establishments,40205,published_census_count,,maharashtra_ec6_final,e1d10089c2662f20badfdd7c517287db0598bba25ba24d8c3dfbe760134500da,35,historical_control_not_current_trip_demand
2013,historical_district,12,Gadchiroli,2.8,residence,urban,establishments,7869,published_census_count,,maharashtra_ec6_final,e1d10089c2662f20badfdd7c517287db0598bba25ba24d8c3dfbe760134500da,35,historical_control_not_current_trip_demand
2013,historical_district,12,Gadchiroli,2.8,residence,combined,establishments,48074,published_census_count,,maharashtra_ec6_final,e1d10089c2662f20badfdd7c517287db0598bba25ba24d8c3dfbe760134500da,35,historical_control_not_current_trip_demand
2013,historical_district,12,Gadchiroli,2.8,residence,rural,persons_engaged,64524,published_census_count,,maharashtra_ec6_final,e1d10089c2662f20badfdd7c517287db0598bba25ba24d8c3dfbe760134500da,35,historical_control_not_current_trip_demand
2013,historical_district,12,Gadchiroli,2.8,residence,urban,persons_engaged,18332,published_census_count,,maharashtra_ec6_final,e1d10089c2662f20badfdd7c517287db0598bba25ba24d8c3dfbe760134500da,35,historical_control_not_current_trip_demand
2013,historical_district,12,Gadchiroli,2.8,residence,combined,persons_engaged,82856,published_census_count,,maharashtra_ec6_final,e1d10089c2662f20badfdd7c517287db0598bba25ba24d8c3dfbe760134500da,35,historical_control_not_current_trip_demand
2013,historical_district,13,Chandrapur,2.8,residence,rural,establishments,65356,published_census_count,,maharashtra_ec6_final,e1d10089c2662f20badfdd7c517287db0598bba25ba24d8c3dfbe760134500da,35,historical_control_not_current_trip_demand
2013,historical_district,13,Chandrapur,2.8,residence,urban,establishments,37637,published_census_count,,maharashtra_ec6_final,e1d10089c2662f20badfdd7c517287db0598bba25ba24d8c3dfbe760134500da,35,historical_control_not_current_trip_demand
2013,historical_district,13,Chandrapur,2.8,residence,combined,establishments,102993,published_census_count,,maharashtra_ec6_final,e1d10089c2662f20badfdd7c517287db0598bba25ba24d8c3dfbe760134500da,35,historical_control_not_current_trip_demand
2013,historical_district,13,Chandrapur,2.8,residence,rural,persons_engaged,105068,published_census_count,,maharashtra_ec6_final,e1d10089c2662f20badfdd7c517287db0598bba25ba24d8c3dfbe760134500da,35,historical_control_not_current_trip_demand
2013,historical_district,13,Chandrapur,2.8,residence,urban,persons_engaged,87112,published_census_count,,maharashtra_ec6_final,e1d10089c2662f20badfdd7c517287db0598bba25ba24d8c3dfbe760134500da,35,historical_control_not_current_trip_demand
2013,historical_district,13,Chandrapur,2.8,residence,combined,persons_engaged,192180,published_census_count,,maharashtra_ec6_final,e1d10089c2662f20badfdd7c517287db0598bba25ba24d8c3dfbe760134500da,35,historical_control_not_current_trip_demand
2013,historical_district,14,Yavatmal,2.8,residence,rural,establishments,36062,published_census_count,,maharashtra_ec6_final,e1d10089c2662f20badfdd7c517287db0598bba25ba24d8c3dfbe760134500da,35,historical_control_not_current_trip_demand
2013,historical_district,14,Yavatmal,2.8,residence,urban,establishments,32112,published_census_count,,maharashtra_ec6_final,e1d10089c2662f20badfdd7c517287db0598bba25ba24d8c3dfbe760134500da,35,historical_control_not_current_trip_demand
2013,historical_district,14,Yavatmal,2.8,residence,combined,establishments,68174,published_census_count,,maharashtra_ec6_final,e1d10089c2662f20badfdd7c517287db0598bba25ba24d8c3dfbe760134500da,35,historical_control_not_current_trip_demand
2013,historical_district,14,Yavatmal,2.8,residence,rural,persons_engaged,67885,published_census_count,,maharashtra_ec6_final,e1d10089c2662f20badfdd7c517287db0598bba25ba24d8c3dfbe760134500da,35,historical_control_not_current_trip_demand
2013,historical_district,14,Yavatmal,2.8,residence,urban,persons_engaged,71950,published_census_count,,maharashtra_ec6_final,e1d10089c2662f20badfdd7c517287db0598bba25ba24d8c3dfbe760134500da,35,historical_control_not_current_trip_demand
2013,historical_district,14,Yavatmal,2.8,residence,combined,persons_engaged,139835,published_census_count,,maharashtra_ec6_final,e1d10089c2662f20badfdd7c517287db0598bba25ba24d8c3dfbe760134500da,35,historical_control_not_current_trip_demand
2013,historical_district,15,Nanded,2.8,residence,rural,establishments,54254,published_census_count,,maharashtra_ec6_final,e1d10089c2662f20badfdd7c517287db0598bba25ba24d8c3dfbe760134500da,35,historical_control_not_current_trip_demand
2013,historical_district,15,Nanded,2.8,residence,urban,establishments,39707,published_census_count,,maharashtra_ec6_final,e1d10089c2662f20badfdd7c517287db0598bba25ba24d8c3dfbe760134500da,35,historical_control_not_current_trip_demand
2013,historical_district,15,Nanded,2.8,residence,combined,establishments,93961,published_census_count,,maharashtra_ec6_final,e1d10089c2662f20badfdd7c517287db0598bba25ba24d8c3dfbe760134500da,35,historical_control_not_current_trip_demand
2013,historical_district,15,Nanded,2.8,residence,rural,persons_engaged,92041,published_census_count,,maharashtra_ec6_final,e1d10089c2662f20badfdd7c517287db0598bba25ba24d8c3dfbe760134500da,35,historical_control_not_current_trip_demand
2013,historical_district,15,Nanded,2.8,residence,urban,persons_engaged,94055,published_census_count,,maharashtra_ec6_final,e1d10089c2662f20badfdd7c517287db0598bba25ba24d8c3dfbe760134500da,35,historical_control_not_current_trip_demand
2013,historical_district,15,Nanded,2.8,residence,combined,persons_engaged,186096,published_census_count,,maharashtra_ec6_final,e1d10089c2662f20badfdd7c517287db0598bba25ba24d8c3dfbe760134500da,35,historical_control_not_current_trip_demand
2013,historical_district,16,Hingoli,2.8,residence,rural,establishments,28392,published_census_count,,maharashtra_ec6_final,e1d10089c2662f20badfdd7c517287db0598bba25ba24d8c3dfbe760134500da,35,historical_control_not_current_trip_demand
2013,historical_district,16,Hingoli,2.8,residence,urban,establishments,7449,published_census_count,,maharashtra_ec6_final,e1d10089c2662f20badfdd7c517287db0598bba25ba24d8c3dfbe760134500da,35,historical_control_not_current_trip_demand
2013,historical_district,16,Hingoli,2.8,residence,combined,establishments,35841,published_census_count,,maharashtra_ec6_final,e1d10089c2662f20badfdd7c517287db0598bba25ba24d8c3dfbe760134500da,35,historical_control_not_current_trip_demand
2013,historical_district,16,Hingoli,2.8,residence,rural,persons_engaged,44305,published_census_count,,maharashtra_ec6_final,e1d10089c2662f20badfdd7c517287db0598bba25ba24d8c3dfbe760134500da,35,historical_control_not_current_trip_demand
2013,historical_district,16,Hingoli,2.8,residence,urban,persons_engaged,17050,published_census_count,,maharashtra_ec6_final,e1d10089c2662f20badfdd7c517287db0598bba25ba24d8c3dfbe760134500da,35,historical_control_not_current_trip_demand
2013,historical_district,16,Hingoli,2.8,residence,combined,persons_engaged,61355,published_census_count,,maharashtra_ec6_final,e1d10089c2662f20badfdd7c517287db0598bba25ba24d8c3dfbe760134500da,35,historical_control_not_current_trip_demand
2013,historical_district,17,Parbhani,2.8,residence,rural,establishments,32964,published_census_count,,maharashtra_ec6_final,e1d10089c2662f20badfdd7c517287db0598bba25ba24d8c3dfbe760134500da,35,historical_control_not_current_trip_demand
2013,historical_district,17,Parbhani,2.8,residence,urban,establishments,26848,published_census_count,,maharashtra_ec6_final,e1d10089c2662f20badfdd7c517287db0598bba25ba24d8c3dfbe760134500da,35,historical_control_not_current_trip_demand
2013,historical_district,17,Parbhani,2.8,residence,combined,establishments,59812,published_census_count,,maharashtra_ec6_final,e1d10089c2662f20badfdd7c517287db0598bba25ba24d8c3dfbe760134500da,35,historical_control_not_current_trip_demand
2013,historical_district,17,Parbhani,2.8,residence,rural,persons_engaged,49976,published_census_count,,maharashtra_ec6_final,e1d10089c2662f20badfdd7c517287db0598bba25ba24d8c3dfbe760134500da,35,historical_control_not_current_trip_demand
2013,historical_district,17,Parbhani,2.8,residence,urban,persons_engaged,56387,published_census_count,,maharashtra_ec6_final,e1d10089c2662f20badfdd7c517287db0598bba25ba24d8c3dfbe760134500da,35,historical_control_not_current_trip_demand
2013,historical_district,17,Parbhani,2.8,residence,combined,persons_engaged,106363,published_census_count,,maharashtra_ec6_final,e1d10089c2662f20badfdd7c517287db0598bba25ba24d8c3dfbe760134500da,35,historical_control_not_current_trip_demand
2013,historical_district,18,Jalna,2.8,residence,rural,establishments,76596,published_census_count,,maharashtra_ec6_final,e1d10089c2662f20badfdd7c517287db0598bba25ba24d8c3dfbe760134500da,35,historical_control_not_current_trip_demand
2013,historical_district,18,Jalna,2.8,residence,urban,establishments,21022,published_census_count,,maharashtra_ec6_final,e1d10089c2662f20badfdd7c517287db0598bba25ba24d8c3dfbe760134500da,35,historical_control_not_current_trip_demand
2013,historical_district,18,Jalna,2.8,residence,combined,establishments,97618,published_census_count,,maharashtra_ec6_final,e1d10089c2662f20badfdd7c517287db0598bba25ba24d8c3dfbe760134500da,35,historical_control_not_current_trip_demand
2013,historical_district,18,Jalna,2.8,residence,rural,persons_engaged,115971,published_census_count,,maharashtra_ec6_final,e1d10089c2662f20badfdd7c517287db0598bba25ba24d8c3dfbe760134500da,35,historical_control_not_current_trip_demand
2013,historical_district,18,Jalna,2.8,residence,urban,persons_engaged,41720,published_census_count,,maharashtra_ec6_final,e1d10089c2662f20badfdd7c517287db0598bba25ba24d8c3dfbe760134500da,35,historical_control_not_current_trip_demand
2013,historical_district,18,Jalna,2.8,residence,combined,persons_engaged,157691,published_census_count,,maharashtra_ec6_final,e1d10089c2662f20badfdd7c517287db0598bba25ba24d8c3dfbe760134500da,35,historical_control_not_current_trip_demand
2013,historical_district,19,Aurangabad,2.8,residence,rural,establishments,53674,published_census_count,,maharashtra_ec6_final,e1d10089c2662f20badfdd7c517287db0598bba25ba24d8c3dfbe760134500da,35,historical_control_not_current_trip_demand
2013,historical_district,19,Aurangabad,2.8,residence,urban,establishments,89684,published_census_count,,maharashtra_ec6_final,e1d10089c2662f20badfdd7c517287db0598bba25ba24d8c3dfbe760134500da,35,historical_control_not_current_trip_demand
2013,historical_district,19,Aurangabad,2.8,residence,combined,establishments,143358,published_census_count,,maharashtra_ec6_final,e1d10089c2662f20badfdd7c517287db0598bba25ba24d8c3dfbe760134500da,35,historical_control_not_current_trip_demand
2013,historical_district,19,Aurangabad,2.8,residence,rural,persons_engaged,100485,published_census_count,,maharashtra_ec6_final,e1d10089c2662f20badfdd7c517287db0598bba25ba24d8c3dfbe760134500da,35,historical_control_not_current_trip_demand
2013,historical_district,19,Aurangabad,2.8,residence,urban,persons_engaged,204235,published_census_count,,maharashtra_ec6_final,e1d10089c2662f20badfdd7c517287db0598bba25ba24d8c3dfbe760134500da,35,historical_control_not_current_trip_demand
2013,historical_district,19,Aurangabad,2.8,residence,combined,persons_engaged,304720,published_census_count,,maharashtra_ec6_final,e1d10089c2662f20badfdd7c517287db0598bba25ba24d8c3dfbe760134500da,35,historical_control_not_current_trip_demand
2013,historical_district,20,Nashik,2.8,residence,rural,establishments,80660,published_census_count,,maharashtra_ec6_final,e1d10089c2662f20badfdd7c517287db0598bba25ba24d8c3dfbe760134500da,35,historical_control_not_current_trip_demand
2013,historical_district,20,Nashik,2.8,residence,urban,establishments,133676,published_census_count,,maharashtra_ec6_final,e1d10089c2662f20badfdd7c517287db0598bba25ba24d8c3dfbe760134500da,35,historical_control_not_current_trip_demand
2013,historical_district,20,Nashik,2.8,residence,combined,establishments,214336,published_census_count,,maharashtra_ec6_final,e1d10089c2662f20badfdd7c517287db0598bba25ba24d8c3dfbe760134500da,35,historical_control_not_current_trip_demand
2013,historical_district,20,Nashik,2.8,residence,rural,persons_engaged,180437,published_census_count,,maharashtra_ec6_final,e1d10089c2662f20badfdd7c517287db0598bba25ba24d8c3dfbe760134500da,35,historical_control_not_current_trip_demand
2013,historical_district,20,Nashik,2.8,residence,urban,persons_engaged,405845,published_census_count,,maharashtra_ec6_final,e1d10089c2662f20badfdd7c517287db0598bba25ba24d8c3dfbe760134500da,35,historical_control_not_current_trip_demand
2013,historical_district,20,Nashik,2.8,residence,combined,persons_engaged,586282,published_census_count,,maharashtra_ec6_final,e1d10089c2662f20badfdd7c517287db0598bba25ba24d8c3dfbe760134500da,35,historical_control_not_current_trip_demand
2013,historical_district,21,Thane,2.8,residence,rural,establishments,47496,published_census_count,,maharashtra_ec6_final,e1d10089c2662f20badfdd7c517287db0598bba25ba24d8c3dfbe760134500da,35,historical_control_not_current_trip_demand
2013,historical_district,21,Thane,2.8,residence,urban,establishments,391210,published_census_count,,maharashtra_ec6_final,e1d10089c2662f20badfdd7c517287db0598bba25ba24d8c3dfbe760134500da,35,historical_control_not_current_trip_demand
2013,historical_district,21,Thane,2.8,residence,combined,establishments,438706,published_census_count,,maharashtra_ec6_final,e1d10089c2662f20badfdd7c517287db0598bba25ba24d8c3dfbe760134500da,35,historical_control_not_current_trip_demand
2013,historical_district,21,Thane,2.8,residence,rural,persons_engaged,134093,published_census_count,,maharashtra_ec6_final,e1d10089c2662f20badfdd7c517287db0598bba25ba24d8c3dfbe760134500da,35,historical_control_not_current_trip_demand
2013,historical_district,21,Thane,2.8,residence,urban,persons_engaged,1310567,published_census_count,,maharashtra_ec6_final,e1d10089c2662f20badfdd7c517287db0598bba25ba24d8c3dfbe760134500da,35,historical_control_not_current_trip_demand
2013,historical_district,21,Thane,2.8,residence,combined,persons_engaged,1444660,published_census_count,,maharashtra_ec6_final,e1d10089c2662f20badfdd7c517287db0598bba25ba24d8c3dfbe760134500da,35,historical_control_not_current_trip_demand
2013,historical_district,22,Mumbai Suburban,2.8,residence,rural,establishments,0,derived,combined minus urban; rural cell printed blank,maharashtra_ec6_final,e1d10089c2662f20badfdd7c517287db0598bba25ba24d8c3dfbe760134500da,35,historical_control_not_current_trip_demand
2013,historical_district,22,Mumbai Suburban,2.8,residence,urban,establishments,465416,published_census_count,,maharashtra_ec6_final,e1d10089c2662f20badfdd7c517287db0598bba25ba24d8c3dfbe760134500da,35,historical_control_not_current_trip_demand
2013,historical_district,22,Mumbai Suburban,2.8,residence,combined,establishments,465416,published_census_count,,maharashtra_ec6_final,e1d10089c2662f20badfdd7c517287db0598bba25ba24d8c3dfbe760134500da,35,historical_control_not_current_trip_demand
2013,historical_district,22,Mumbai Suburban,2.8,residence,rural,persons_engaged,0,derived,combined minus urban; rural cell printed blank,maharashtra_ec6_final,e1d10089c2662f20badfdd7c517287db0598bba25ba24d8c3dfbe760134500da,35,historical_control_not_current_trip_demand
2013,historical_district,22,Mumbai Suburban,2.8,residence,urban,persons_engaged,1670999,published_census_count,,maharashtra_ec6_final,e1d10089c2662f20badfdd7c517287db0598bba25ba24d8c3dfbe760134500da,35,historical_control_not_current_trip_demand
2013,historical_district,22,Mumbai Suburban,2.8,residence,combined,persons_engaged,1670999,published_census_count,,maharashtra_ec6_final,e1d10089c2662f20badfdd7c517287db0598bba25ba24d8c3dfbe760134500da,35,historical_control_not_current_trip_demand
2013,historical_district,23,Mumbai,2.8,residence,rural,establishments,0,derived,combined minus urban; rural cell printed blank,maharashtra_ec6_final,e1d10089c2662f20badfdd7c517287db0598bba25ba24d8c3dfbe760134500da,35,historical_control_not_current_trip_demand
2013,historical_district,23,Mumbai,2.8,residence,urban,establishments,261259,published_census_count,,maharashtra_ec6_final,e1d10089c2662f20badfdd7c517287db0598bba25ba24d8c3dfbe760134500da,35,historical_control_not_current_trip_demand
2013,historical_district,23,Mumbai,2.8,residence,combined,establishments,261259,published_census_count,,maharashtra_ec6_final,e1d10089c2662f20badfdd7c517287db0598bba25ba24d8c3dfbe760134500da,35,historical_control_not_current_trip_demand
2013,historical_district,23,Mumbai,2.8,residence,rural,persons_engaged,0,derived,combined minus urban; rural cell printed blank,maharashtra_ec6_final,e1d10089c2662f20badfdd7c517287db0598bba25ba24d8c3dfbe760134500da,35,historical_control_not_current_trip_demand
2013,historical_district,23,Mumbai,2.8,residence,urban,persons_engaged,1035482,published_census_count,,maharashtra_ec6_final,e1d10089c2662f20badfdd7c517287db0598bba25ba24d8c3dfbe760134500da,35,historical_control_not_current_trip_demand
2013,historical_district,23,Mumbai,2.8,residence,combined,persons_engaged,1035482,published_census_count,,maharashtra_ec6_final,e1d10089c2662f20badfdd7c517287db0598bba25ba24d8c3dfbe760134500da,35,historical_control_not_current_trip_demand
2013,historical_district,24,Raigarh,2.8,residence,rural,establishments,57201,published_census_count,,maharashtra_ec6_final,e1d10089c2662f20badfdd7c517287db0598bba25ba24d8c3dfbe760134500da,35,historical_control_not_current_trip_demand
2013,historical_district,24,Raigarh,2.8,residence,urban,establishments,44471,published_census_count,,maharashtra_ec6_final,e1d10089c2662f20badfdd7c517287db0598bba25ba24d8c3dfbe760134500da,35,historical_control_not_current_trip_demand
2013,historical_district,24,Raigarh,2.8,residence,combined,establishments,101672,published_census_count,,maharashtra_ec6_final,e1d10089c2662f20badfdd7c517287db0598bba25ba24d8c3dfbe760134500da,35,historical_control_not_current_trip_demand
2013,historical_district,24,Raigarh,2.8,residence,rural,persons_engaged,140124,published_census_count,,maharashtra_ec6_final,e1d10089c2662f20badfdd7c517287db0598bba25ba24d8c3dfbe760134500da,35,historical_control_not_current_trip_demand
2013,historical_district,24,Raigarh,2.8,residence,urban,persons_engaged,123920,published_census_count,,maharashtra_ec6_final,e1d10089c2662f20badfdd7c517287db0598bba25ba24d8c3dfbe760134500da,35,historical_control_not_current_trip_demand
2013,historical_district,24,Raigarh,2.8,residence,combined,persons_engaged,264044,published_census_count,,maharashtra_ec6_final,e1d10089c2662f20badfdd7c517287db0598bba25ba24d8c3dfbe760134500da,35,historical_control_not_current_trip_demand
2013,historical_district,25,Pune,2.8,residence,rural,establishments,235187,published_census_count,,maharashtra_ec6_final,e1d10089c2662f20badfdd7c517287db0598bba25ba24d8c3dfbe760134500da,35,historical_control_not_current_trip_demand
2013,historical_district,25,Pune,2.8,residence,urban,establishments,279282,published_census_count,,maharashtra_ec6_final,e1d10089c2662f20badfdd7c517287db0598bba25ba24d8c3dfbe760134500da,35,historical_control_not_current_trip_demand
2013,historical_district,25,Pune,2.8,residence,combined,establishments,514469,published_census_count,,maharashtra_ec6_final,e1d10089c2662f20badfdd7c517287db0598bba25ba24d8c3dfbe760134500da,35,historical_control_not_current_trip_demand
2013,historical_district,25,Pune,2.8,residence,rural,persons_engaged,567696,published_census_count,,maharashtra_ec6_final,e1d10089c2662f20badfdd7c517287db0598bba25ba24d8c3dfbe760134500da,35,historical_control_not_current_trip_demand
2013,historical_district,25,Pune,2.8,residence,urban,persons_engaged,1027614,published_census_count,,maharashtra_ec6_final,e1d10089c2662f20badfdd7c517287db0598bba25ba24d8c3dfbe760134500da,35,historical_control_not_current_trip_demand
2013,historical_district,25,Pune,2.8,residence,combined,persons_engaged,1595310,published_census_count,,maharashtra_ec6_final,e1d10089c2662f20badfdd7c517287db0598bba25ba24d8c3dfbe760134500da,35,historical_control_not_current_trip_demand
2013,historical_district,26,Ahmadnagar,2.8,residence,rural,establishments,188708,published_census_count,,maharashtra_ec6_final,e1d10089c2662f20badfdd7c517287db0598bba25ba24d8c3dfbe760134500da,35,historical_control_not_current_trip_demand
2013,historical_district,26,Ahmadnagar,2.8,residence,urban,establishments,57709,published_census_count,,maharashtra_ec6_final,e1d10089c2662f20badfdd7c517287db0598bba25ba24d8c3dfbe760134500da,35,historical_control_not_current_trip_demand
2013,historical_district,26,Ahmadnagar,2.8,residence,combined,establishments,246417,published_census_count,,maharashtra_ec6_final,e1d10089c2662f20badfdd7c517287db0598bba25ba24d8c3dfbe760134500da,35,historical_control_not_current_trip_demand
2013,historical_district,26,Ahmadnagar,2.8,residence,rural,persons_engaged,397955,published_census_count,,maharashtra_ec6_final,e1d10089c2662f20badfdd7c517287db0598bba25ba24d8c3dfbe760134500da,35,historical_control_not_current_trip_demand
2013,historical_district,26,Ahmadnagar,2.8,residence,urban,persons_engaged,145708,published_census_count,,maharashtra_ec6_final,e1d10089c2662f20badfdd7c517287db0598bba25ba24d8c3dfbe760134500da,35,historical_control_not_current_trip_demand
2013,historical_district,26,Ahmadnagar,2.8,residence,combined,persons_engaged,543663,published_census_count,,maharashtra_ec6_final,e1d10089c2662f20badfdd7c517287db0598bba25ba24d8c3dfbe760134500da,35,historical_control_not_current_trip_demand
2013,historical_district,27,Bid,2.8,residence,rural,establishments,108948,published_census_count,,maharashtra_ec6_final,e1d10089c2662f20badfdd7c517287db0598bba25ba24d8c3dfbe760134500da,35,historical_control_not_current_trip_demand
2013,historical_district,27,Bid,2.8,residence,urban,establishments,30399,published_census_count,,maharashtra_ec6_final,e1d10089c2662f20badfdd7c517287db0598bba25ba24d8c3dfbe760134500da,35,historical_control_not_current_trip_demand
2013,historical_district,27,Bid,2.8,residence,combined,establishments,139347,published_census_count,,maharashtra_ec6_final,e1d10089c2662f20badfdd7c517287db0598bba25ba24d8c3dfbe760134500da,35,historical_control_not_current_trip_demand
2013,historical_district,27,Bid,2.8,residence,rural,persons_engaged,170572,published_census_count,,maharashtra_ec6_final,e1d10089c2662f20badfdd7c517287db0598bba25ba24d8c3dfbe760134500da,35,historical_control_not_current_trip_demand
2013,historical_district,27,Bid,2.8,residence,urban,persons_engaged,67666,published_census_count,,maharashtra_ec6_final,e1d10089c2662f20badfdd7c517287db0598bba25ba24d8c3dfbe760134500da,35,historical_control_not_current_trip_demand
2013,historical_district,27,Bid,2.8,residence,combined,persons_engaged,238238,published_census_count,,maharashtra_ec6_final,e1d10089c2662f20badfdd7c517287db0598bba25ba24d8c3dfbe760134500da,35,historical_control_not_current_trip_demand
2013,historical_district,28,Latur,2.8,residence,rural,establishments,70964,published_census_count,,maharashtra_ec6_final,e1d10089c2662f20badfdd7c517287db0598bba25ba24d8c3dfbe760134500da,35,historical_control_not_current_trip_demand
2013,historical_district,28,Latur,2.8,residence,urban,establishments,31970,published_census_count,,maharashtra_ec6_final,e1d10089c2662f20badfdd7c517287db0598bba25ba24d8c3dfbe760134500da,35,historical_control_not_current_trip_demand
2013,historical_district,28,Latur,2.8,residence,combined,establishments,102934,published_census_count,,maharashtra_ec6_final,e1d10089c2662f20badfdd7c517287db0598bba25ba24d8c3dfbe760134500da,35,historical_control_not_current_trip_demand
2013,historical_district,28,Latur,2.8,residence,rural,persons_engaged,127483,published_census_count,,maharashtra_ec6_final,e1d10089c2662f20badfdd7c517287db0598bba25ba24d8c3dfbe760134500da,35,historical_control_not_current_trip_demand
2013,historical_district,28,Latur,2.8,residence,urban,persons_engaged,78093,published_census_count,,maharashtra_ec6_final,e1d10089c2662f20badfdd7c517287db0598bba25ba24d8c3dfbe760134500da,35,historical_control_not_current_trip_demand
2013,historical_district,28,Latur,2.8,residence,combined,persons_engaged,205576,published_census_count,,maharashtra_ec6_final,e1d10089c2662f20badfdd7c517287db0598bba25ba24d8c3dfbe760134500da,35,historical_control_not_current_trip_demand
2013,historical_district,29,Osmanabad,2.8,residence,rural,establishments,103636,published_census_count,,maharashtra_ec6_final,e1d10089c2662f20badfdd7c517287db0598bba25ba24d8c3dfbe760134500da,35,historical_control_not_current_trip_demand
2013,historical_district,29,Osmanabad,2.8,residence,urban,establishments,20729,published_census_count,,maharashtra_ec6_final,e1d10089c2662f20badfdd7c517287db0598bba25ba24d8c3dfbe760134500da,35,historical_control_not_current_trip_demand
2013,historical_district,29,Osmanabad,2.8,residence,combined,establishments,124365,published_census_count,,maharashtra_ec6_final,e1d10089c2662f20badfdd7c517287db0598bba25ba24d8c3dfbe760134500da,35,historical_control_not_current_trip_demand
2013,historical_district,29,Osmanabad,2.8,residence,rural,persons_engaged,174578,published_census_count,,maharashtra_ec6_final,e1d10089c2662f20badfdd7c517287db0598bba25ba24d8c3dfbe760134500da,35,historical_control_not_current_trip_demand
2013,historical_district,29,Osmanabad,2.8,residence,urban,persons_engaged,48222,published_census_count,,maharashtra_ec6_final,e1d10089c2662f20badfdd7c517287db0598bba25ba24d8c3dfbe760134500da,35,historical_control_not_current_trip_demand
2013,historical_district,29,Osmanabad,2.8,residence,combined,persons_engaged,222800,published_census_count,,maharashtra_ec6_final,e1d10089c2662f20badfdd7c517287db0598bba25ba24d8c3dfbe760134500da,35,historical_control_not_current_trip_demand
2013,historical_district,30,Solapur,2.8,residence,rural,establishments,288897,published_census_count,,maharashtra_ec6_final,e1d10089c2662f20badfdd7c517287db0598bba25ba24d8c3dfbe760134500da,35,historical_control_not_current_trip_demand
2013,historical_district,30,Solapur,2.8,residence,urban,establishments,84389,published_census_count,,maharashtra_ec6_final,e1d10089c2662f20badfdd7c517287db0598bba25ba24d8c3dfbe760134500da,35,historical_control_not_current_trip_demand
2013,historical_district,30,Solapur,2.8,residence,combined,establishments,373286,published_census_count,,maharashtra_ec6_final,e1d10089c2662f20badfdd7c517287db0598bba25ba24d8c3dfbe760134500da,35,historical_control_not_current_trip_demand
2013,historical_district,30,Solapur,2.8,residence,rural,persons_engaged,439107,published_census_count,,maharashtra_ec6_final,e1d10089c2662f20badfdd7c517287db0598bba25ba24d8c3dfbe760134500da,35,historical_control_not_current_trip_demand
2013,historical_district,30,Solapur,2.8,residence,urban,persons_engaged,197883,published_census_count,,maharashtra_ec6_final,e1d10089c2662f20badfdd7c517287db0598bba25ba24d8c3dfbe760134500da,35,historical_control_not_current_trip_demand
2013,historical_district,30,Solapur,2.8,residence,combined,persons_engaged,636990,published_census_count,,maharashtra_ec6_final,e1d10089c2662f20badfdd7c517287db0598bba25ba24d8c3dfbe760134500da,35,historical_control_not_current_trip_demand
2013,historical_district,31,Satara,2.8,residence,rural,establishments,324305,published_census_count,,maharashtra_ec6_final,e1d10089c2662f20badfdd7c517287db0598bba25ba24d8c3dfbe760134500da,35,historical_control_not_current_trip_demand
2013,historical_district,31,Satara,2.8,residence,urban,establishments,59342,published_census_count,,maharashtra_ec6_final,e1d10089c2662f20badfdd7c517287db0598bba25ba24d8c3dfbe760134500da,35,historical_control_not_current_trip_demand
2013,historical_district,31,Satara,2.8,residence,combined,establishments,383647,published_census_count,,maharashtra_ec6_final,e1d10089c2662f20badfdd7c517287db0598bba25ba24d8c3dfbe760134500da,35,historical_control_not_current_trip_demand
2013,historical_district,31,Satara,2.8,residence,rural,persons_engaged,561667,published_census_count,,maharashtra_ec6_final,e1d10089c2662f20badfdd7c517287db0598bba25ba24d8c3dfbe760134500da,35,historical_control_not_current_trip_demand
2013,historical_district,31,Satara,2.8,residence,urban,persons_engaged,138332,published_census_count,,maharashtra_ec6_final,e1d10089c2662f20badfdd7c517287db0598bba25ba24d8c3dfbe760134500da,35,historical_control_not_current_trip_demand
2013,historical_district,31,Satara,2.8,residence,combined,persons_engaged,699999,published_census_count,,maharashtra_ec6_final,e1d10089c2662f20badfdd7c517287db0598bba25ba24d8c3dfbe760134500da,35,historical_control_not_current_trip_demand
2013,historical_district,32,Ratnagiri,2.8,residence,rural,establishments,52719,published_census_count,,maharashtra_ec6_final,e1d10089c2662f20badfdd7c517287db0598bba25ba24d8c3dfbe760134500da,35,historical_control_not_current_trip_demand
2013,historical_district,32,Ratnagiri,2.8,residence,urban,establishments,19591,published_census_count,,maharashtra_ec6_final,e1d10089c2662f20badfdd7c517287db0598bba25ba24d8c3dfbe760134500da,35,historical_control_not_current_trip_demand
2013,historical_district,32,Ratnagiri,2.8,residence,combined,establishments,72310,published_census_count,,maharashtra_ec6_final,e1d10089c2662f20badfdd7c517287db0598bba25ba24d8c3dfbe760134500da,35,historical_control_not_current_trip_demand
2013,historical_district,32,Ratnagiri,2.8,residence,rural,persons_engaged,105166,published_census_count,,maharashtra_ec6_final,e1d10089c2662f20badfdd7c517287db0598bba25ba24d8c3dfbe760134500da,35,historical_control_not_current_trip_demand
2013,historical_district,32,Ratnagiri,2.8,residence,urban,persons_engaged,50969,published_census_count,,maharashtra_ec6_final,e1d10089c2662f20badfdd7c517287db0598bba25ba24d8c3dfbe760134500da,35,historical_control_not_current_trip_demand
2013,historical_district,32,Ratnagiri,2.8,residence,combined,persons_engaged,156135,published_census_count,,maharashtra_ec6_final,e1d10089c2662f20badfdd7c517287db0598bba25ba24d8c3dfbe760134500da,35,historical_control_not_current_trip_demand
2013,historical_district,33,Sindhudurg,2.8,residence,rural,establishments,39620,published_census_count,,maharashtra_ec6_final,e1d10089c2662f20badfdd7c517287db0598bba25ba24d8c3dfbe760134500da,35,historical_control_not_current_trip_demand
2013,historical_district,33,Sindhudurg,2.8,residence,urban,establishments,11596,published_census_count,,maharashtra_ec6_final,e1d10089c2662f20badfdd7c517287db0598bba25ba24d8c3dfbe760134500da,35,historical_control_not_current_trip_demand
2013,historical_district,33,Sindhudurg,2.8,residence,combined,establishments,51216,published_census_count,,maharashtra_ec6_final,e1d10089c2662f20badfdd7c517287db0598bba25ba24d8c3dfbe760134500da,35,historical_control_not_current_trip_demand
2013,historical_district,33,Sindhudurg,2.8,residence,rural,persons_engaged,69739,published_census_count,,maharashtra_ec6_final,e1d10089c2662f20badfdd7c517287db0598bba25ba24d8c3dfbe760134500da,35,historical_control_not_current_trip_demand
2013,historical_district,33,Sindhudurg,2.8,residence,urban,persons_engaged,27305,published_census_count,,maharashtra_ec6_final,e1d10089c2662f20badfdd7c517287db0598bba25ba24d8c3dfbe760134500da,35,historical_control_not_current_trip_demand
2013,historical_district,33,Sindhudurg,2.8,residence,combined,persons_engaged,97044,published_census_count,,maharashtra_ec6_final,e1d10089c2662f20badfdd7c517287db0598bba25ba24d8c3dfbe760134500da,35,historical_control_not_current_trip_demand
2013,historical_district,34,Kolhapur,2.8,residence,rural,establishments,454737,published_census_count,,maharashtra_ec6_final,e1d10089c2662f20badfdd7c517287db0598bba25ba24d8c3dfbe760134500da,35,historical_control_not_current_trip_demand
2013,historical_district,34,Kolhapur,2.8,residence,urban,establishments,116130,published_census_count,,maharashtra_ec6_final,e1d10089c2662f20badfdd7c517287db0598bba25ba24d8c3dfbe760134500da,35,historical_control_not_current_trip_demand
2013,historical_district,34,Kolhapur,2.8,residence,combined,establishments,570867,published_census_count,,maharashtra_ec6_final,e1d10089c2662f20badfdd7c517287db0598bba25ba24d8c3dfbe760134500da,35,historical_control_not_current_trip_demand
2013,historical_district,34,Kolhapur,2.8,residence,rural,persons_engaged,838543,published_census_count,,maharashtra_ec6_final,e1d10089c2662f20badfdd7c517287db0598bba25ba24d8c3dfbe760134500da,35,historical_control_not_current_trip_demand
2013,historical_district,34,Kolhapur,2.8,residence,urban,persons_engaged,260908,published_census_count,,maharashtra_ec6_final,e1d10089c2662f20badfdd7c517287db0598bba25ba24d8c3dfbe760134500da,35,historical_control_not_current_trip_demand
2013,historical_district,34,Kolhapur,2.8,residence,combined,persons_engaged,1099451,published_census_count,,maharashtra_ec6_final,e1d10089c2662f20badfdd7c517287db0598bba25ba24d8c3dfbe760134500da,35,historical_control_not_current_trip_demand
2013,historical_district,35,Sangli,2.8,residence,rural,establishments,233305,published_census_count,,maharashtra_ec6_final,e1d10089c2662f20badfdd7c517287db0598bba25ba24d8c3dfbe760134500da,35,historical_control_not_current_trip_demand
2013,historical_district,35,Sangli,2.8,residence,urban,establishments,44755,published_census_count,,maharashtra_ec6_final,e1d10089c2662f20badfdd7c517287db0598bba25ba24d8c3dfbe760134500da,35,historical_control_not_current_trip_demand
2013,historical_district,35,Sangli,2.8,residence,combined,establishments,278060,published_census_count,,maharashtra_ec6_final,e1d10089c2662f20badfdd7c517287db0598bba25ba24d8c3dfbe760134500da,35,historical_control_not_current_trip_demand
2013,historical_district,35,Sangli,2.8,residence,rural,persons_engaged,448845,published_census_count,,maharashtra_ec6_final,e1d10089c2662f20badfdd7c517287db0598bba25ba24d8c3dfbe760134500da,35,historical_control_not_current_trip_demand
2013,historical_district,35,Sangli,2.8,residence,urban,persons_engaged,116999,published_census_count,,maharashtra_ec6_final,e1d10089c2662f20badfdd7c517287db0598bba25ba24d8c3dfbe760134500da,35,historical_control_not_current_trip_demand
2013,historical_district,35,Sangli,2.8,residence,combined,persons_engaged,565844,published_census_count,,maharashtra_ec6_final,e1d10089c2662f20badfdd7c517287db0598bba25ba24d8c3dfbe760134500da,35,historical_control_not_current_trip_demand
2013,state,,Maharashtra,2.8,residence,rural,establishments,3294265,published_census_count,,maharashtra_ec6_final,e1d10089c2662f20badfdd7c517287db0598bba25ba24d8c3dfbe760134500da,35,historical_control_not_current_trip_demand
2013,state,,Maharashtra,2.8,residence,urban,establishments,2843077,published_census_count,,maharashtra_ec6_final,e1d10089c2662f20badfdd7c517287db0598bba25ba24d8c3dfbe760134500da,35,historical_control_not_current_trip_demand
2013,state,,Maharashtra,2.8,residence,combined,establishments,6137342,published_census_count,,maharashtra_ec6_final,e1d10089c2662f20badfdd7c517287db0598bba25ba24d8c3dfbe760134500da,35,historical_control_not_current_trip_demand
2013,state,,Maharashtra,2.8,residence,rural,persons_engaged,6062067,published_census_count,,maharashtra_ec6_final,e1d10089c2662f20badfdd7c517287db0598bba25ba24d8c3dfbe760134500da,35,historical_control_not_current_trip_demand
2013,state,,Maharashtra,2.8,residence,urban,persons_engaged,8450075,published_census_count,,maharashtra_ec6_final,e1d10089c2662f20badfdd7c517287db0598bba25ba24d8c3dfbe760134500da,35,historical_control_not_current_trip_demand
2013,state,,Maharashtra,2.8,residence,combined,persons_engaged,14512142,published_census_count,,maharashtra_ec6_final,e1d10089c2662f20badfdd7c517287db0598bba25ba24d8c3dfbe760134500da,35,historical_control_not_current_trip_demand
2013,historical_district,01,Nandurbar,2.9,establishment_type,without_hired_worker,establishments,33583,published_census_count,,maharashtra_ec6_final,e1d10089c2662f20badfdd7c517287db0598bba25ba24d8c3dfbe760134500da,36,historical_control_not_current_trip_demand
2013,historical_district,01,Nandurbar,2.9,establishment_type,with_at_least_one_hired_worker,establishments,13204,published_census_count,,maharashtra_ec6_final,e1d10089c2662f20badfdd7c517287db0598bba25ba24d8c3dfbe760134500da,36,historical_control_not_current_trip_demand
2013,historical_district,01,Nandurbar,2.9,establishment_type,combined,establishments,46787,published_census_count,,maharashtra_ec6_final,e1d10089c2662f20badfdd7c517287db0598bba25ba24d8c3dfbe760134500da,36,historical_control_not_current_trip_demand
2013,historical_district,01,Nandurbar,2.9,establishment_type,without_hired_worker,persons_engaged,41706,published_census_count,,maharashtra_ec6_final,e1d10089c2662f20badfdd7c517287db0598bba25ba24d8c3dfbe760134500da,36,historical_control_not_current_trip_demand
2013,historical_district,01,Nandurbar,2.9,establishment_type,with_at_least_one_hired_worker,persons_engaged,49759,published_census_count,,maharashtra_ec6_final,e1d10089c2662f20badfdd7c517287db0598bba25ba24d8c3dfbe760134500da,36,historical_control_not_current_trip_demand
2013,historical_district,01,Nandurbar,2.9,establishment_type,combined,persons_engaged,91465,published_census_count,,maharashtra_ec6_final,e1d10089c2662f20badfdd7c517287db0598bba25ba24d8c3dfbe760134500da,36,historical_control_not_current_trip_demand
2013,historical_district,02,Dhule,2.9,establishment_type,without_hired_worker,establishments,54022,published_census_count,,maharashtra_ec6_final,e1d10089c2662f20badfdd7c517287db0598bba25ba24d8c3dfbe760134500da,36,historical_control_not_current_trip_demand
2013,historical_district,02,Dhule,2.9,establishment_type,with_at_least_one_hired_worker,establishments,18596,published_census_count,,maharashtra_ec6_final,e1d10089c2662f20badfdd7c517287db0598bba25ba24d8c3dfbe760134500da,36,historical_control_not_current_trip_demand
2013,historical_district,02,Dhule,2.9,establishment_type,combined,establishments,72618,published_census_count,,maharashtra_ec6_final,e1d10089c2662f20badfdd7c517287db0598bba25ba24d8c3dfbe760134500da,36,historical_control_not_current_trip_demand
2013,historical_district,02,Dhule,2.9,establishment_type,without_hired_worker,persons_engaged,68199,published_census_count,,maharashtra_ec6_final,e1d10089c2662f20badfdd7c517287db0598bba25ba24d8c3dfbe760134500da,36,historical_control_not_current_trip_demand
2013,historical_district,02,Dhule,2.9,establishment_type,with_at_least_one_hired_worker,persons_engaged,85647,published_census_count,,maharashtra_ec6_final,e1d10089c2662f20badfdd7c517287db0598bba25ba24d8c3dfbe760134500da,36,historical_control_not_current_trip_demand
2013,historical_district,02,Dhule,2.9,establishment_type,combined,persons_engaged,153846,published_census_count,,maharashtra_ec6_final,e1d10089c2662f20badfdd7c517287db0598bba25ba24d8c3dfbe760134500da,36,historical_control_not_current_trip_demand
2013,historical_district,03,Jalgaon,2.9,establishment_type,without_hired_worker,establishments,120550,published_census_count,,maharashtra_ec6_final,e1d10089c2662f20badfdd7c517287db0598bba25ba24d8c3dfbe760134500da,36,historical_control_not_current_trip_demand
2013,historical_district,03,Jalgaon,2.9,establishment_type,with_at_least_one_hired_worker,establishments,38094,published_census_count,,maharashtra_ec6_final,e1d10089c2662f20badfdd7c517287db0598bba25ba24d8c3dfbe760134500da,36,historical_control_not_current_trip_demand
2013,historical_district,03,Jalgaon,2.9,establishment_type,combined,establishments,158644,published_census_count,,maharashtra_ec6_final,e1d10089c2662f20badfdd7c517287db0598bba25ba24d8c3dfbe760134500da,36,historical_control_not_current_trip_demand
2013,historical_district,03,Jalgaon,2.9,establishment_type,without_hired_worker,persons_engaged,145499,published_census_count,,maharashtra_ec6_final,e1d10089c2662f20badfdd7c517287db0598bba25ba24d8c3dfbe760134500da,36,historical_control_not_current_trip_demand
2013,historical_district,03,Jalgaon,2.9,establishment_type,with_at_least_one_hired_worker,persons_engaged,159215,published_census_count,,maharashtra_ec6_final,e1d10089c2662f20badfdd7c517287db0598bba25ba24d8c3dfbe760134500da,36,historical_control_not_current_trip_demand
2013,historical_district,03,Jalgaon,2.9,establishment_type,combined,persons_engaged,304714,published_census_count,,maharashtra_ec6_final,e1d10089c2662f20badfdd7c517287db0598bba25ba24d8c3dfbe760134500da,36,historical_control_not_current_trip_demand
2013,historical_district,04,Buldhana,2.9,establishment_type,without_hired_worker,establishments,73554,published_census_count,,maharashtra_ec6_final,e1d10089c2662f20badfdd7c517287db0598bba25ba24d8c3dfbe760134500da,36,historical_control_not_current_trip_demand
2013,historical_district,04,Buldhana,2.9,establishment_type,with_at_least_one_hired_worker,establishments,21418,published_census_count,,maharashtra_ec6_final,e1d10089c2662f20badfdd7c517287db0598bba25ba24d8c3dfbe760134500da,36,historical_control_not_current_trip_demand
2013,historical_district,04,Buldhana,2.9,establishment_type,combined,establishments,94972,published_census_count,,maharashtra_ec6_final,e1d10089c2662f20badfdd7c517287db0598bba25ba24d8c3dfbe760134500da,36,historical_control_not_current_trip_demand
2013,historical_district,04,Buldhana,2.9,establishment_type,without_hired_worker,persons_engaged,82337,published_census_count,,maharashtra_ec6_final,e1d10089c2662f20badfdd7c517287db0598bba25ba24d8c3dfbe760134500da,36,historical_control_not_current_trip_demand
2013,historical_district,04,Buldhana,2.9,establishment_type,with_at_least_one_hired_worker,persons_engaged,86952,published_census_count,,maharashtra_ec6_final,e1d10089c2662f20badfdd7c517287db0598bba25ba24d8c3dfbe760134500da,36,historical_control_not_current_trip_demand
2013,historical_district,04,Buldhana,2.9,establishment_type,combined,persons_engaged,169289,published_census_count,,maharashtra_ec6_final,e1d10089c2662f20badfdd7c517287db0598bba25ba24d8c3dfbe760134500da,36,historical_control_not_current_trip_demand
2013,historical_district,05,Akola,2.9,establishment_type,without_hired_worker,establishments,97488,published_census_count,,maharashtra_ec6_final,e1d10089c2662f20badfdd7c517287db0598bba25ba24d8c3dfbe760134500da,36,historical_control_not_current_trip_demand
2013,historical_district,05,Akola,2.9,establishment_type,with_at_least_one_hired_worker,establishments,26317,published_census_count,,maharashtra_ec6_final,e1d10089c2662f20badfdd7c517287db0598bba25ba24d8c3dfbe760134500da,36,historical_control_not_current_trip_demand
2013,historical_district,05,Akola,2.9,establishment_type,combined,establishments,123805,published_census_count,,maharashtra_ec6_final,e1d10089c2662f20badfdd7c517287db0598bba25ba24d8c3dfbe760134500da,36,historical_control_not_current_trip_demand
2013,historical_district,05,Akola,2.9,establishment_type,without_hired_worker,persons_engaged,125621,published_census_count,,maharashtra_ec6_final,e1d10089c2662f20badfdd7c517287db0598bba25ba24d8c3dfbe760134500da,36,historical_control_not_current_trip_demand
2013,historical_district,05,Akola,2.9,establishment_type,with_at_least_one_hired_worker,persons_engaged,93577,published_census_count,,maharashtra_ec6_final,e1d10089c2662f20badfdd7c517287db0598bba25ba24d8c3dfbe760134500da,36,historical_control_not_current_trip_demand
2013,historical_district,05,Akola,2.9,establishment_type,combined,persons_engaged,219198,published_census_count,,maharashtra_ec6_final,e1d10089c2662f20badfdd7c517287db0598bba25ba24d8c3dfbe760134500da,36,historical_control_not_current_trip_demand
2013,historical_district,06,Washim,2.9,establishment_type,without_hired_worker,establishments,22974,published_census_count,,maharashtra_ec6_final,e1d10089c2662f20badfdd7c517287db0598bba25ba24d8c3dfbe760134500da,36,historical_control_not_current_trip_demand
2013,historical_district,06,Washim,2.9,establishment_type,with_at_least_one_hired_worker,establishments,9507,published_census_count,,maharashtra_ec6_final,e1d10089c2662f20badfdd7c517287db0598bba25ba24d8c3dfbe760134500da,36,historical_control_not_current_trip_demand
2013,historical_district,06,Washim,2.9,establishment_type,combined,establishments,32481,published_census_count,,maharashtra_ec6_final,e1d10089c2662f20badfdd7c517287db0598bba25ba24d8c3dfbe760134500da,36,historical_control_not_current_trip_demand
2013,historical_district,06,Washim,2.9,establishment_type,without_hired_worker,persons_engaged,26488,published_census_count,,maharashtra_ec6_final,e1d10089c2662f20badfdd7c517287db0598bba25ba24d8c3dfbe760134500da,36,historical_control_not_current_trip_demand
2013,historical_district,06,Washim,2.9,establishment_type,with_at_least_one_hired_worker,persons_engaged,32913,published_census_count,,maharashtra_ec6_final,e1d10089c2662f20badfdd7c517287db0598bba25ba24d8c3dfbe760134500da,36,historical_control_not_current_trip_demand
2013,historical_district,06,Washim,2.9,establishment_type,combined,persons_engaged,59401,published_census_count,,maharashtra_ec6_final,e1d10089c2662f20badfdd7c517287db0598bba25ba24d8c3dfbe760134500da,36,historical_control_not_current_trip_demand
2013,historical_district,07,Amravati,2.9,establishment_type,without_hired_worker,establishments,109092,published_census_count,,maharashtra_ec6_final,e1d10089c2662f20badfdd7c517287db0598bba25ba24d8c3dfbe760134500da,36,historical_control_not_current_trip_demand
2013,historical_district,07,Amravati,2.9,establishment_type,with_at_least_one_hired_worker,establishments,27817,published_census_count,,maharashtra_ec6_final,e1d10089c2662f20badfdd7c517287db0598bba25ba24d8c3dfbe760134500da,36,historical_control_not_current_trip_demand
2013,historical_district,07,Amravati,2.9,establishment_type,combined,establishments,136909,published_census_count,,maharashtra_ec6_final,e1d10089c2662f20badfdd7c517287db0598bba25ba24d8c3dfbe760134500da,36,historical_control_not_current_trip_demand
2013,historical_district,07,Amravati,2.9,establishment_type,without_hired_worker,persons_engaged,125840,published_census_count,,maharashtra_ec6_final,e1d10089c2662f20badfdd7c517287db0598bba25ba24d8c3dfbe760134500da,36,historical_control_not_current_trip_demand
2013,historical_district,07,Amravati,2.9,establishment_type,with_at_least_one_hired_worker,persons_engaged,110357,published_census_count,,maharashtra_ec6_final,e1d10089c2662f20badfdd7c517287db0598bba25ba24d8c3dfbe760134500da,36,historical_control_not_current_trip_demand
2013,historical_district,07,Amravati,2.9,establishment_type,combined,persons_engaged,236197,published_census_count,,maharashtra_ec6_final,e1d10089c2662f20badfdd7c517287db0598bba25ba24d8c3dfbe760134500da,36,historical_control_not_current_trip_demand
2013,historical_district,08,Wardha,2.9,establishment_type,without_hired_worker,establishments,49792,published_census_count,,maharashtra_ec6_final,e1d10089c2662f20badfdd7c517287db0598bba25ba24d8c3dfbe760134500da,36,historical_control_not_current_trip_demand
2013,historical_district,08,Wardha,2.9,establishment_type,with_at_least_one_hired_worker,establishments,17767,published_census_count,,maharashtra_ec6_final,e1d10089c2662f20badfdd7c517287db0598bba25ba24d8c3dfbe760134500da,36,historical_control_not_current_trip_demand
2013,historical_district,08,Wardha,2.9,establishment_type,combined,establishments,67559,published_census_count,,maharashtra_ec6_final,e1d10089c2662f20badfdd7c517287db0598bba25ba24d8c3dfbe760134500da,36,historical_control_not_current_trip_demand
2013,historical_district,08,Wardha,2.9,establishment_type,without_hired_worker,persons_engaged,58549,published_census_count,,maharashtra_ec6_final,e1d10089c2662f20badfdd7c517287db0598bba25ba24d8c3dfbe760134500da,36,historical_control_not_current_trip_demand
2013,historical_district,08,Wardha,2.9,establishment_type,with_at_least_one_hired_worker,persons_engaged,72990,published_census_count,,maharashtra_ec6_final,e1d10089c2662f20badfdd7c517287db0598bba25ba24d8c3dfbe760134500da,36,historical_control_not_current_trip_demand
2013,historical_district,08,Wardha,2.9,establishment_type,combined,persons_engaged,131539,published_census_count,,maharashtra_ec6_final,e1d10089c2662f20badfdd7c517287db0598bba25ba24d8c3dfbe760134500da,36,historical_control_not_current_trip_demand
2013,historical_district,09,Nagpur,2.9,establishment_type,without_hired_worker,establishments,183518,published_census_count,,maharashtra_ec6_final,e1d10089c2662f20badfdd7c517287db0598bba25ba24d8c3dfbe760134500da,36,historical_control_not_current_trip_demand
2013,historical_district,09,Nagpur,2.9,establishment_type,with_at_least_one_hired_worker,establishments,75193,published_census_count,,maharashtra_ec6_final,e1d10089c2662f20badfdd7c517287db0598bba25ba24d8c3dfbe760134500da,36,historical_control_not_current_trip_demand
2013,historical_district,09,Nagpur,2.9,establishment_type,combined,establishments,258711,published_census_count,,maharashtra_ec6_final,e1d10089c2662f20badfdd7c517287db0598bba25ba24d8c3dfbe760134500da,36,historical_control_not_current_trip_demand
2013,historical_district,09,Nagpur,2.9,establishment_type,without_hired_worker,persons_engaged,216176,published_census_count,,maharashtra_ec6_final,e1d10089c2662f20badfdd7c517287db0598bba25ba24d8c3dfbe760134500da,36,historical_control_not_current_trip_demand
2013,historical_district,09,Nagpur,2.9,establishment_type,with_at_least_one_hired_worker,persons_engaged,354408,published_census_count,,maharashtra_ec6_final,e1d10089c2662f20badfdd7c517287db0598bba25ba24d8c3dfbe760134500da,36,historical_control_not_current_trip_demand
2013,historical_district,09,Nagpur,2.9,establishment_type,combined,persons_engaged,570584,published_census_count,,maharashtra_ec6_final,e1d10089c2662f20badfdd7c517287db0598bba25ba24d8c3dfbe760134500da,36,historical_control_not_current_trip_demand
2013,historical_district,10,Bhandara,2.9,establishment_type,without_hired_worker,establishments,70894,published_census_count,,maharashtra_ec6_final,e1d10089c2662f20badfdd7c517287db0598bba25ba24d8c3dfbe760134500da,36,historical_control_not_current_trip_demand
2013,historical_district,10,Bhandara,2.9,establishment_type,with_at_least_one_hired_worker,establishments,15641,published_census_count,,maharashtra_ec6_final,e1d10089c2662f20badfdd7c517287db0598bba25ba24d8c3dfbe760134500da,36,historical_control_not_current_trip_demand
2013,historical_district,10,Bhandara,2.9,establishment_type,combined,establishments,86535,published_census_count,,maharashtra_ec6_final,e1d10089c2662f20badfdd7c517287db0598bba25ba24d8c3dfbe760134500da,36,historical_control_not_current_trip_demand
2013,historical_district,10,Bhandara,2.9,establishment_type,without_hired_worker,persons_engaged,92071,published_census_count,,maharashtra_ec6_final,e1d10089c2662f20badfdd7c517287db0598bba25ba24d8c3dfbe760134500da,36,historical_control_not_current_trip_demand
2013,historical_district,10,Bhandara,2.9,establishment_type,with_at_least_one_hired_worker,persons_engaged,62216,published_census_count,,maharashtra_ec6_final,e1d10089c2662f20badfdd7c517287db0598bba25ba24d8c3dfbe760134500da,36,historical_control_not_current_trip_demand
2013,historical_district,10,Bhandara,2.9,establishment_type,combined,persons_engaged,154287,published_census_count,,maharashtra_ec6_final,e1d10089c2662f20badfdd7c517287db0598bba25ba24d8c3dfbe760134500da,36,historical_control_not_current_trip_demand
2013,historical_district,11,Gondiya,2.9,establishment_type,without_hired_worker,establishments,56334,published_census_count,,maharashtra_ec6_final,e1d10089c2662f20badfdd7c517287db0598bba25ba24d8c3dfbe760134500da,36,historical_control_not_current_trip_demand
2013,historical_district,11,Gondiya,2.9,establishment_type,with_at_least_one_hired_worker,establishments,13849,published_census_count,,maharashtra_ec6_final,e1d10089c2662f20badfdd7c517287db0598bba25ba24d8c3dfbe760134500da,36,historical_control_not_current_trip_demand
2013,historical_district,11,Gondiya,2.9,establishment_type,combined,establishments,70183,published_census_count,,maharashtra_ec6_final,e1d10089c2662f20badfdd7c517287db0598bba25ba24d8c3dfbe760134500da,36,historical_control_not_current_trip_demand
2013,historical_district,11,Gondiya,2.9,establishment_type,without_hired_worker,persons_engaged,73156,published_census_count,,maharashtra_ec6_final,e1d10089c2662f20badfdd7c517287db0598bba25ba24d8c3dfbe760134500da,36,historical_control_not_current_trip_demand
2013,historical_district,11,Gondiya,2.9,establishment_type,with_at_least_one_hired_worker,persons_engaged,54853,published_census_count,,maharashtra_ec6_final,e1d10089c2662f20badfdd7c517287db0598bba25ba24d8c3dfbe760134500da,36,historical_control_not_current_trip_demand
2013,historical_district,11,Gondiya,2.9,establishment_type,combined,persons_engaged,128009,published_census_count,,maharashtra_ec6_final,e1d10089c2662f20badfdd7c517287db0598bba25ba24d8c3dfbe760134500da,36,historical_control_not_current_trip_demand
2013,historical_district,12,Gadchiroli,2.9,establishment_type,without_hired_worker,establishments,36729,published_census_count,,maharashtra_ec6_final,e1d10089c2662f20badfdd7c517287db0598bba25ba24d8c3dfbe760134500da,36,historical_control_not_current_trip_demand
2013,historical_district,12,Gadchiroli,2.9,establishment_type,with_at_least_one_hired_worker,establishments,11345,published_census_count,,maharashtra_ec6_final,e1d10089c2662f20badfdd7c517287db0598bba25ba24d8c3dfbe760134500da,36,historical_control_not_current_trip_demand
2013,historical_district,12,Gadchiroli,2.9,establishment_type,combined,establishments,48074,published_census_count,,maharashtra_ec6_final,e1d10089c2662f20badfdd7c517287db0598bba25ba24d8c3dfbe760134500da,36,historical_control_not_current_trip_demand
2013,historical_district,12,Gadchiroli,2.9,establishment_type,without_hired_worker,persons_engaged,41605,published_census_count,,maharashtra_ec6_final,e1d10089c2662f20badfdd7c517287db0598bba25ba24d8c3dfbe760134500da,36,historical_control_not_current_trip_demand
2013,historical_district,12,Gadchiroli,2.9,establishment_type,with_at_least_one_hired_worker,persons_engaged,41251,published_census_count,,maharashtra_ec6_final,e1d10089c2662f20badfdd7c517287db0598bba25ba24d8c3dfbe760134500da,36,historical_control_not_current_trip_demand
2013,historical_district,12,Gadchiroli,2.9,establishment_type,combined,persons_engaged,82856,published_census_count,,maharashtra_ec6_final,e1d10089c2662f20badfdd7c517287db0598bba25ba24d8c3dfbe760134500da,36,historical_control_not_current_trip_demand
2013,historical_district,13,Chandrapur,2.9,establishment_type,without_hired_worker,establishments,79193,published_census_count,,maharashtra_ec6_final,e1d10089c2662f20badfdd7c517287db0598bba25ba24d8c3dfbe760134500da,36,historical_control_not_current_trip_demand
2013,historical_district,13,Chandrapur,2.9,establishment_type,with_at_least_one_hired_worker,establishments,23800,published_census_count,,maharashtra_ec6_final,e1d10089c2662f20badfdd7c517287db0598bba25ba24d8c3dfbe760134500da,36,historical_control_not_current_trip_demand
2013,historical_district,13,Chandrapur,2.9,establishment_type,combined,establishments,102993,published_census_count,,maharashtra_ec6_final,e1d10089c2662f20badfdd7c517287db0598bba25ba24d8c3dfbe760134500da,36,historical_control_not_current_trip_demand
2013,historical_district,13,Chandrapur,2.9,establishment_type,without_hired_worker,persons_engaged,91375,published_census_count,,maharashtra_ec6_final,e1d10089c2662f20badfdd7c517287db0598bba25ba24d8c3dfbe760134500da,36,historical_control_not_current_trip_demand
2013,historical_district,13,Chandrapur,2.9,establishment_type,with_at_least_one_hired_worker,persons_engaged,100805,published_census_count,,maharashtra_ec6_final,e1d10089c2662f20badfdd7c517287db0598bba25ba24d8c3dfbe760134500da,36,historical_control_not_current_trip_demand
2013,historical_district,13,Chandrapur,2.9,establishment_type,combined,persons_engaged,192180,published_census_count,,maharashtra_ec6_final,e1d10089c2662f20badfdd7c517287db0598bba25ba24d8c3dfbe760134500da,36,historical_control_not_current_trip_demand
2013,historical_district,14,Yavatmal,2.9,establishment_type,without_hired_worker,establishments,47114,published_census_count,,maharashtra_ec6_final,e1d10089c2662f20badfdd7c517287db0598bba25ba24d8c3dfbe760134500da,36,historical_control_not_current_trip_demand
2013,historical_district,14,Yavatmal,2.9,establishment_type,with_at_least_one_hired_worker,establishments,21060,published_census_count,,maharashtra_ec6_final,e1d10089c2662f20badfdd7c517287db0598bba25ba24d8c3dfbe760134500da,36,historical_control_not_current_trip_demand
2013,historical_district,14,Yavatmal,2.9,establishment_type,combined,establishments,68174,published_census_count,,maharashtra_ec6_final,e1d10089c2662f20badfdd7c517287db0598bba25ba24d8c3dfbe760134500da,36,historical_control_not_current_trip_demand
2013,historical_district,14,Yavatmal,2.9,establishment_type,without_hired_worker,persons_engaged,53754,published_census_count,,maharashtra_ec6_final,e1d10089c2662f20badfdd7c517287db0598bba25ba24d8c3dfbe760134500da,36,historical_control_not_current_trip_demand
2013,historical_district,14,Yavatmal,2.9,establishment_type,with_at_least_one_hired_worker,persons_engaged,86081,published_census_count,,maharashtra_ec6_final,e1d10089c2662f20badfdd7c517287db0598bba25ba24d8c3dfbe760134500da,36,historical_control_not_current_trip_demand
2013,historical_district,14,Yavatmal,2.9,establishment_type,combined,persons_engaged,139835,published_census_count,,maharashtra_ec6_final,e1d10089c2662f20badfdd7c517287db0598bba25ba24d8c3dfbe760134500da,36,historical_control_not_current_trip_demand
2013,historical_district,15,Nanded,2.9,establishment_type,without_hired_worker,establishments,63794,published_census_count,,maharashtra_ec6_final,e1d10089c2662f20badfdd7c517287db0598bba25ba24d8c3dfbe760134500da,36,historical_control_not_current_trip_demand
2013,historical_district,15,Nanded,2.9,establishment_type,with_at_least_one_hired_worker,establishments,30167,published_census_count,,maharashtra_ec6_final,e1d10089c2662f20badfdd7c517287db0598bba25ba24d8c3dfbe760134500da,36,historical_control_not_current_trip_demand
2013,historical_district,15,Nanded,2.9,establishment_type,combined,establishments,93961,published_census_count,,maharashtra_ec6_final,e1d10089c2662f20badfdd7c517287db0598bba25ba24d8c3dfbe760134500da,36,historical_control_not_current_trip_demand
2013,historical_district,15,Nanded,2.9,establishment_type,without_hired_worker,persons_engaged,73643,published_census_count,,maharashtra_ec6_final,e1d10089c2662f20badfdd7c517287db0598bba25ba24d8c3dfbe760134500da,36,historical_control_not_current_trip_demand
2013,historical_district,15,Nanded,2.9,establishment_type,with_at_least_one_hired_worker,persons_engaged,112453,published_census_count,,maharashtra_ec6_final,e1d10089c2662f20badfdd7c517287db0598bba25ba24d8c3dfbe760134500da,36,historical_control_not_current_trip_demand
2013,historical_district,15,Nanded,2.9,establishment_type,combined,persons_engaged,186096,published_census_count,,maharashtra_ec6_final,e1d10089c2662f20badfdd7c517287db0598bba25ba24d8c3dfbe760134500da,36,historical_control_not_current_trip_demand
2013,historical_district,16,Hingoli,2.9,establishment_type,without_hired_worker,establishments,27030,published_census_count,,maharashtra_ec6_final,e1d10089c2662f20badfdd7c517287db0598bba25ba24d8c3dfbe760134500da,36,historical_control_not_current_trip_demand
2013,historical_district,16,Hingoli,2.9,establishment_type,with_at_least_one_hired_worker,establishments,8811,published_census_count,,maharashtra_ec6_final,e1d10089c2662f20badfdd7c517287db0598bba25ba24d8c3dfbe760134500da,36,historical_control_not_current_trip_demand
2013,historical_district,16,Hingoli,2.9,establishment_type,combined,establishments,35841,published_census_count,,maharashtra_ec6_final,e1d10089c2662f20badfdd7c517287db0598bba25ba24d8c3dfbe760134500da,36,historical_control_not_current_trip_demand
2013,historical_district,16,Hingoli,2.9,establishment_type,without_hired_worker,persons_engaged,31883,published_census_count,,maharashtra_ec6_final,e1d10089c2662f20badfdd7c517287db0598bba25ba24d8c3dfbe760134500da,36,historical_control_not_current_trip_demand
2013,historical_district,16,Hingoli,2.9,establishment_type,with_at_least_one_hired_worker,persons_engaged,29472,published_census_count,,maharashtra_ec6_final,e1d10089c2662f20badfdd7c517287db0598bba25ba24d8c3dfbe760134500da,36,historical_control_not_current_trip_demand
2013,historical_district,16,Hingoli,2.9,establishment_type,combined,persons_engaged,61355,published_census_count,,maharashtra_ec6_final,e1d10089c2662f20badfdd7c517287db0598bba25ba24d8c3dfbe760134500da,36,historical_control_not_current_trip_demand
2013,historical_district,17,Parbhani,2.9,establishment_type,without_hired_worker,establishments,44803,published_census_count,,maharashtra_ec6_final,e1d10089c2662f20badfdd7c517287db0598bba25ba24d8c3dfbe760134500da,36,historical_control_not_current_trip_demand
2013,historical_district,17,Parbhani,2.9,establishment_type,with_at_least_one_hired_worker,establishments,15009,published_census_count,,maharashtra_ec6_final,e1d10089c2662f20badfdd7c517287db0598bba25ba24d8c3dfbe760134500da,36,historical_control_not_current_trip_demand
2013,historical_district,17,Parbhani,2.9,establishment_type,combined,establishments,59812,published_census_count,,maharashtra_ec6_final,e1d10089c2662f20badfdd7c517287db0598bba25ba24d8c3dfbe760134500da,36,historical_control_not_current_trip_demand
2013,historical_district,17,Parbhani,2.9,establishment_type,without_hired_worker,persons_engaged,50919,published_census_count,,maharashtra_ec6_final,e1d10089c2662f20badfdd7c517287db0598bba25ba24d8c3dfbe760134500da,36,historical_control_not_current_trip_demand
2013,historical_district,17,Parbhani,2.9,establishment_type,with_at_least_one_hired_worker,persons_engaged,55444,published_census_count,,maharashtra_ec6_final,e1d10089c2662f20badfdd7c517287db0598bba25ba24d8c3dfbe760134500da,36,historical_control_not_current_trip_demand
2013,historical_district,17,Parbhani,2.9,establishment_type,combined,persons_engaged,106363,published_census_count,,maharashtra_ec6_final,e1d10089c2662f20badfdd7c517287db0598bba25ba24d8c3dfbe760134500da,36,historical_control_not_current_trip_demand
2013,historical_district,18,Jalna,2.9,establishment_type,without_hired_worker,establishments,79203,published_census_count,,maharashtra_ec6_final,e1d10089c2662f20badfdd7c517287db0598bba25ba24d8c3dfbe760134500da,36,historical_control_not_current_trip_demand
2013,historical_district,18,Jalna,2.9,establishment_type,with_at_least_one_hired_worker,establishments,18415,published_census_count,,maharashtra_ec6_final,e1d10089c2662f20badfdd7c517287db0598bba25ba24d8c3dfbe760134500da,36,historical_control_not_current_trip_demand
2013,historical_district,18,Jalna,2.9,establishment_type,combined,establishments,97618,published_census_count,,maharashtra_ec6_final,e1d10089c2662f20badfdd7c517287db0598bba25ba24d8c3dfbe760134500da,36,historical_control_not_current_trip_demand
2013,historical_district,18,Jalna,2.9,establishment_type,without_hired_worker,persons_engaged,93170,published_census_count,,maharashtra_ec6_final,e1d10089c2662f20badfdd7c517287db0598bba25ba24d8c3dfbe760134500da,36,historical_control_not_current_trip_demand
2013,historical_district,18,Jalna,2.9,establishment_type,with_at_least_one_hired_worker,persons_engaged,64521,published_census_count,,maharashtra_ec6_final,e1d10089c2662f20badfdd7c517287db0598bba25ba24d8c3dfbe760134500da,36,historical_control_not_current_trip_demand
2013,historical_district,18,Jalna,2.9,establishment_type,combined,persons_engaged,157691,published_census_count,,maharashtra_ec6_final,e1d10089c2662f20badfdd7c517287db0598bba25ba24d8c3dfbe760134500da,36,historical_control_not_current_trip_demand
2013,historical_district,19,Aurangabad,2.9,establishment_type,without_hired_worker,establishments,103149,published_census_count,,maharashtra_ec6_final,e1d10089c2662f20badfdd7c517287db0598bba25ba24d8c3dfbe760134500da,36,historical_control_not_current_trip_demand
2013,historical_district,19,Aurangabad,2.9,establishment_type,with_at_least_one_hired_worker,establishments,40209,published_census_count,,maharashtra_ec6_final,e1d10089c2662f20badfdd7c517287db0598bba25ba24d8c3dfbe760134500da,36,historical_control_not_current_trip_demand
2013,historical_district,19,Aurangabad,2.9,establishment_type,combined,establishments,143358,published_census_count,,maharashtra_ec6_final,e1d10089c2662f20badfdd7c517287db0598bba25ba24d8c3dfbe760134500da,36,historical_control_not_current_trip_demand
2013,historical_district,19,Aurangabad,2.9,establishment_type,without_hired_worker,persons_engaged,122792,published_census_count,,maharashtra_ec6_final,e1d10089c2662f20badfdd7c517287db0598bba25ba24d8c3dfbe760134500da,36,historical_control_not_current_trip_demand
2013,historical_district,19,Aurangabad,2.9,establishment_type,with_at_least_one_hired_worker,persons_engaged,181928,published_census_count,,maharashtra_ec6_final,e1d10089c2662f20badfdd7c517287db0598bba25ba24d8c3dfbe760134500da,36,historical_control_not_current_trip_demand
2013,historical_district,19,Aurangabad,2.9,establishment_type,combined,persons_engaged,304720,published_census_count,,maharashtra_ec6_final,e1d10089c2662f20badfdd7c517287db0598bba25ba24d8c3dfbe760134500da,36,historical_control_not_current_trip_demand
2013,historical_district,20,Nashik,2.9,establishment_type,without_hired_worker,establishments,142008,published_census_count,,maharashtra_ec6_final,e1d10089c2662f20badfdd7c517287db0598bba25ba24d8c3dfbe760134500da,36,historical_control_not_current_trip_demand
2013,historical_district,20,Nashik,2.9,establishment_type,with_at_least_one_hired_worker,establishments,72328,published_census_count,,maharashtra_ec6_final,e1d10089c2662f20badfdd7c517287db0598bba25ba24d8c3dfbe760134500da,36,historical_control_not_current_trip_demand
2013,historical_district,20,Nashik,2.9,establishment_type,combined,establishments,214336,published_census_count,,maharashtra_ec6_final,e1d10089c2662f20badfdd7c517287db0598bba25ba24d8c3dfbe760134500da,36,historical_control_not_current_trip_demand
2013,historical_district,20,Nashik,2.9,establishment_type,without_hired_worker,persons_engaged,177138,published_census_count,,maharashtra_ec6_final,e1d10089c2662f20badfdd7c517287db0598bba25ba24d8c3dfbe760134500da,36,historical_control_not_current_trip_demand
2013,historical_district,20,Nashik,2.9,establishment_type,with_at_least_one_hired_worker,persons_engaged,409144,published_census_count,,maharashtra_ec6_final,e1d10089c2662f20badfdd7c517287db0598bba25ba24d8c3dfbe760134500da,36,historical_control_not_current_trip_demand
2013,historical_district,20,Nashik,2.9,establishment_type,combined,persons_engaged,586282,published_census_count,,maharashtra_ec6_final,e1d10089c2662f20badfdd7c517287db0598bba25ba24d8c3dfbe760134500da,36,historical_control_not_current_trip_demand
2013,historical_district,21,Thane,2.9,establishment_type,without_hired_worker,establishments,211543,published_census_count,,maharashtra_ec6_final,e1d10089c2662f20badfdd7c517287db0598bba25ba24d8c3dfbe760134500da,36,historical_control_not_current_trip_demand
2013,historical_district,21,Thane,2.9,establishment_type,with_at_least_one_hired_worker,establishments,227163,published_census_count,,maharashtra_ec6_final,e1d10089c2662f20badfdd7c517287db0598bba25ba24d8c3dfbe760134500da,36,historical_control_not_current_trip_demand
2013,historical_district,21,Thane,2.9,establishment_type,combined,establishments,438706,published_census_count,,maharashtra_ec6_final,e1d10089c2662f20badfdd7c517287db0598bba25ba24d8c3dfbe760134500da,36,historical_control_not_current_trip_demand
2013,historical_district,21,Thane,2.9,establishment_type,without_hired_worker,persons_engaged,267086,published_census_count,,maharashtra_ec6_final,e1d10089c2662f20badfdd7c517287db0598bba25ba24d8c3dfbe760134500da,36,historical_control_not_current_trip_demand
2013,historical_district,21,Thane,2.9,establishment_type,with_at_least_one_hired_worker,persons_engaged,1177574,published_census_count,,maharashtra_ec6_final,e1d10089c2662f20badfdd7c517287db0598bba25ba24d8c3dfbe760134500da,36,historical_control_not_current_trip_demand
2013,historical_district,21,Thane,2.9,establishment_type,combined,persons_engaged,1444660,published_census_count,,maharashtra_ec6_final,e1d10089c2662f20badfdd7c517287db0598bba25ba24d8c3dfbe760134500da,36,historical_control_not_current_trip_demand
2013,historical_district,22,Mumbai Suburban,2.9,establishment_type,without_hired_worker,establishments,241596,published_census_count,,maharashtra_ec6_final,e1d10089c2662f20badfdd7c517287db0598bba25ba24d8c3dfbe760134500da,36,historical_control_not_current_trip_demand
2013,historical_district,22,Mumbai Suburban,2.9,establishment_type,with_at_least_one_hired_worker,establishments,223820,published_census_count,,maharashtra_ec6_final,e1d10089c2662f20badfdd7c517287db0598bba25ba24d8c3dfbe760134500da,36,historical_control_not_current_trip_demand
2013,historical_district,22,Mumbai Suburban,2.9,establishment_type,combined,establishments,465416,published_census_count,,maharashtra_ec6_final,e1d10089c2662f20badfdd7c517287db0598bba25ba24d8c3dfbe760134500da,36,historical_control_not_current_trip_demand
2013,historical_district,22,Mumbai Suburban,2.9,establishment_type,without_hired_worker,persons_engaged,307703,published_census_count,,maharashtra_ec6_final,e1d10089c2662f20badfdd7c517287db0598bba25ba24d8c3dfbe760134500da,36,historical_control_not_current_trip_demand
2013,historical_district,22,Mumbai Suburban,2.9,establishment_type,with_at_least_one_hired_worker,persons_engaged,1363296,published_census_count,,maharashtra_ec6_final,e1d10089c2662f20badfdd7c517287db0598bba25ba24d8c3dfbe760134500da,36,historical_control_not_current_trip_demand
2013,historical_district,22,Mumbai Suburban,2.9,establishment_type,combined,persons_engaged,1670999,published_census_count,,maharashtra_ec6_final,e1d10089c2662f20badfdd7c517287db0598bba25ba24d8c3dfbe760134500da,36,historical_control_not_current_trip_demand
2013,historical_district,23,Mumbai,2.9,establishment_type,without_hired_worker,establishments,93138,published_census_count,,maharashtra_ec6_final,e1d10089c2662f20badfdd7c517287db0598bba25ba24d8c3dfbe760134500da,36,historical_control_not_current_trip_demand
2013,historical_district,23,Mumbai,2.9,establishment_type,with_at_least_one_hired_worker,establishments,168121,published_census_count,,maharashtra_ec6_final,e1d10089c2662f20badfdd7c517287db0598bba25ba24d8c3dfbe760134500da,36,historical_control_not_current_trip_demand
2013,historical_district,23,Mumbai,2.9,establishment_type,combined,establishments,261259,published_census_count,,maharashtra_ec6_final,e1d10089c2662f20badfdd7c517287db0598bba25ba24d8c3dfbe760134500da,36,historical_control_not_current_trip_demand
2013,historical_district,23,Mumbai,2.9,establishment_type,without_hired_worker,persons_engaged,119694,published_census_count,,maharashtra_ec6_final,e1d10089c2662f20badfdd7c517287db0598bba25ba24d8c3dfbe760134500da,36,historical_control_not_current_trip_demand
2013,historical_district,23,Mumbai,2.9,establishment_type,with_at_least_one_hired_worker,persons_engaged,915788,published_census_count,,maharashtra_ec6_final,e1d10089c2662f20badfdd7c517287db0598bba25ba24d8c3dfbe760134500da,36,historical_control_not_current_trip_demand
2013,historical_district,23,Mumbai,2.9,establishment_type,combined,persons_engaged,1035482,published_census_count,,maharashtra_ec6_final,e1d10089c2662f20badfdd7c517287db0598bba25ba24d8c3dfbe760134500da,36,historical_control_not_current_trip_demand
2013,historical_district,24,Raigarh,2.9,establishment_type,without_hired_worker,establishments,63360,published_census_count,,maharashtra_ec6_final,e1d10089c2662f20badfdd7c517287db0598bba25ba24d8c3dfbe760134500da,36,historical_control_not_current_trip_demand
2013,historical_district,24,Raigarh,2.9,establishment_type,with_at_least_one_hired_worker,establishments,38312,published_census_count,,maharashtra_ec6_final,e1d10089c2662f20badfdd7c517287db0598bba25ba24d8c3dfbe760134500da,36,historical_control_not_current_trip_demand
2013,historical_district,24,Raigarh,2.9,establishment_type,combined,establishments,101672,published_census_count,,maharashtra_ec6_final,e1d10089c2662f20badfdd7c517287db0598bba25ba24d8c3dfbe760134500da,36,historical_control_not_current_trip_demand
2013,historical_district,24,Raigarh,2.9,establishment_type,without_hired_worker,persons_engaged,78019,published_census_count,,maharashtra_ec6_final,e1d10089c2662f20badfdd7c517287db0598bba25ba24d8c3dfbe760134500da,36,historical_control_not_current_trip_demand
2013,historical_district,24,Raigarh,2.9,establishment_type,with_at_least_one_hired_worker,persons_engaged,186025,published_census_count,,maharashtra_ec6_final,e1d10089c2662f20badfdd7c517287db0598bba25ba24d8c3dfbe760134500da,36,historical_control_not_current_trip_demand
2013,historical_district,24,Raigarh,2.9,establishment_type,combined,persons_engaged,264044,published_census_count,,maharashtra_ec6_final,e1d10089c2662f20badfdd7c517287db0598bba25ba24d8c3dfbe760134500da,36,historical_control_not_current_trip_demand
2013,historical_district,25,Pune,2.9,establishment_type,without_hired_worker,establishments,326294,published_census_count,,maharashtra_ec6_final,e1d10089c2662f20badfdd7c517287db0598bba25ba24d8c3dfbe760134500da,36,historical_control_not_current_trip_demand
2013,historical_district,25,Pune,2.9,establishment_type,with_at_least_one_hired_worker,establishments,188175,published_census_count,,maharashtra_ec6_final,e1d10089c2662f20badfdd7c517287db0598bba25ba24d8c3dfbe760134500da,36,historical_control_not_current_trip_demand
2013,historical_district,25,Pune,2.9,establishment_type,combined,establishments,514469,published_census_count,,maharashtra_ec6_final,e1d10089c2662f20badfdd7c517287db0598bba25ba24d8c3dfbe760134500da,36,historical_control_not_current_trip_demand
2013,historical_district,25,Pune,2.9,establishment_type,without_hired_worker,persons_engaged,477113,published_census_count,,maharashtra_ec6_final,e1d10089c2662f20badfdd7c517287db0598bba25ba24d8c3dfbe760134500da,36,historical_control_not_current_trip_demand
2013,historical_district,25,Pune,2.9,establishment_type,with_at_least_one_hired_worker,persons_engaged,1118197,published_census_count,,maharashtra_ec6_final,e1d10089c2662f20badfdd7c517287db0598bba25ba24d8c3dfbe760134500da,36,historical_control_not_current_trip_demand
2013,historical_district,25,Pune,2.9,establishment_type,combined,persons_engaged,1595310,published_census_count,,maharashtra_ec6_final,e1d10089c2662f20badfdd7c517287db0598bba25ba24d8c3dfbe760134500da,36,historical_control_not_current_trip_demand
2013,historical_district,26,Ahmadnagar,2.9,establishment_type,without_hired_worker,establishments,196181,published_census_count,,maharashtra_ec6_final,e1d10089c2662f20badfdd7c517287db0598bba25ba24d8c3dfbe760134500da,36,historical_control_not_current_trip_demand
2013,historical_district,26,Ahmadnagar,2.9,establishment_type,with_at_least_one_hired_worker,establishments,50236,published_census_count,,maharashtra_ec6_final,e1d10089c2662f20badfdd7c517287db0598bba25ba24d8c3dfbe760134500da,36,historical_control_not_current_trip_demand
2013,historical_district,26,Ahmadnagar,2.9,establishment_type,combined,establishments,246417,published_census_count,,maharashtra_ec6_final,e1d10089c2662f20badfdd7c517287db0598bba25ba24d8c3dfbe760134500da,36,historical_control_not_current_trip_demand
2013,historical_district,26,Ahmadnagar,2.9,establishment_type,without_hired_worker,persons_engaged,324135,published_census_count,,maharashtra_ec6_final,e1d10089c2662f20badfdd7c517287db0598bba25ba24d8c3dfbe760134500da,36,historical_control_not_current_trip_demand
2013,historical_district,26,Ahmadnagar,2.9,establishment_type,with_at_least_one_hired_worker,persons_engaged,219528,published_census_count,,maharashtra_ec6_final,e1d10089c2662f20badfdd7c517287db0598bba25ba24d8c3dfbe760134500da,36,historical_control_not_current_trip_demand
2013,historical_district,26,Ahmadnagar,2.9,establishment_type,combined,persons_engaged,543663,published_census_count,,maharashtra_ec6_final,e1d10089c2662f20badfdd7c517287db0598bba25ba24d8c3dfbe760134500da,36,historical_control_not_current_trip_demand
2013,historical_district,27,Bid,2.9,establishment_type,without_hired_worker,establishments,116205,published_census_count,,maharashtra_ec6_final,e1d10089c2662f20badfdd7c517287db0598bba25ba24d8c3dfbe760134500da,36,historical_control_not_current_trip_demand
2013,historical_district,27,Bid,2.9,establishment_type,with_at_least_one_hired_worker,establishments,23142,published_census_count,,maharashtra_ec6_final,e1d10089c2662f20badfdd7c517287db0598bba25ba24d8c3dfbe760134500da,36,historical_control_not_current_trip_demand
2013,historical_district,27,Bid,2.9,establishment_type,combined,establishments,139347,published_census_count,,maharashtra_ec6_final,e1d10089c2662f20badfdd7c517287db0598bba25ba24d8c3dfbe760134500da,36,historical_control_not_current_trip_demand
2013,historical_district,27,Bid,2.9,establishment_type,without_hired_worker,persons_engaged,140901,published_census_count,,maharashtra_ec6_final,e1d10089c2662f20badfdd7c517287db0598bba25ba24d8c3dfbe760134500da,36,historical_control_not_current_trip_demand
2013,historical_district,27,Bid,2.9,establishment_type,with_at_least_one_hired_worker,persons_engaged,97337,published_census_count,,maharashtra_ec6_final,e1d10089c2662f20badfdd7c517287db0598bba25ba24d8c3dfbe760134500da,36,historical_control_not_current_trip_demand
2013,historical_district,27,Bid,2.9,establishment_type,combined,persons_engaged,238238,published_census_count,,maharashtra_ec6_final,e1d10089c2662f20badfdd7c517287db0598bba25ba24d8c3dfbe760134500da,36,historical_control_not_current_trip_demand
2013,historical_district,28,Latur,2.9,establishment_type,without_hired_worker,establishments,75165,published_census_count,,maharashtra_ec6_final,e1d10089c2662f20badfdd7c517287db0598bba25ba24d8c3dfbe760134500da,36,historical_control_not_current_trip_demand
2013,historical_district,28,Latur,2.9,establishment_type,with_at_least_one_hired_worker,establishments,27769,published_census_count,,maharashtra_ec6_final,e1d10089c2662f20badfdd7c517287db0598bba25ba24d8c3dfbe760134500da,36,historical_control_not_current_trip_demand
2013,historical_district,28,Latur,2.9,establishment_type,combined,establishments,102934,published_census_count,,maharashtra_ec6_final,e1d10089c2662f20badfdd7c517287db0598bba25ba24d8c3dfbe760134500da,36,historical_control_not_current_trip_demand
2013,historical_district,28,Latur,2.9,establishment_type,without_hired_worker,persons_engaged,95327,published_census_count,,maharashtra_ec6_final,e1d10089c2662f20badfdd7c517287db0598bba25ba24d8c3dfbe760134500da,36,historical_control_not_current_trip_demand
2013,historical_district,28,Latur,2.9,establishment_type,with_at_least_one_hired_worker,persons_engaged,110249,published_census_count,,maharashtra_ec6_final,e1d10089c2662f20badfdd7c517287db0598bba25ba24d8c3dfbe760134500da,36,historical_control_not_current_trip_demand
2013,historical_district,28,Latur,2.9,establishment_type,combined,persons_engaged,205576,published_census_count,,maharashtra_ec6_final,e1d10089c2662f20badfdd7c517287db0598bba25ba24d8c3dfbe760134500da,36,historical_control_not_current_trip_demand
2013,historical_district,29,Osmanabad,2.9,establishment_type,without_hired_worker,establishments,101843,published_census_count,,maharashtra_ec6_final,e1d10089c2662f20badfdd7c517287db0598bba25ba24d8c3dfbe760134500da,36,historical_control_not_current_trip_demand
2013,historical_district,29,Osmanabad,2.9,establishment_type,with_at_least_one_hired_worker,establishments,22522,published_census_count,,maharashtra_ec6_final,e1d10089c2662f20badfdd7c517287db0598bba25ba24d8c3dfbe760134500da,36,historical_control_not_current_trip_demand
2013,historical_district,29,Osmanabad,2.9,establishment_type,combined,establishments,124365,published_census_count,,maharashtra_ec6_final,e1d10089c2662f20badfdd7c517287db0598bba25ba24d8c3dfbe760134500da,36,historical_control_not_current_trip_demand
2013,historical_district,29,Osmanabad,2.9,establishment_type,without_hired_worker,persons_engaged,134907,published_census_count,,maharashtra_ec6_final,e1d10089c2662f20badfdd7c517287db0598bba25ba24d8c3dfbe760134500da,36,historical_control_not_current_trip_demand
2013,historical_district,29,Osmanabad,2.9,establishment_type,with_at_least_one_hired_worker,persons_engaged,87893,published_census_count,,maharashtra_ec6_final,e1d10089c2662f20badfdd7c517287db0598bba25ba24d8c3dfbe760134500da,36,historical_control_not_current_trip_demand
2013,historical_district,29,Osmanabad,2.9,establishment_type,combined,persons_engaged,222800,published_census_count,,maharashtra_ec6_final,e1d10089c2662f20badfdd7c517287db0598bba25ba24d8c3dfbe760134500da,36,historical_control_not_current_trip_demand
2013,historical_district,30,Solapur,2.9,establishment_type,without_hired_worker,establishments,325580,published_census_count,,maharashtra_ec6_final,e1d10089c2662f20badfdd7c517287db0598bba25ba24d8c3dfbe760134500da,36,historical_control_not_current_trip_demand
2013,historical_district,30,Solapur,2.9,establishment_type,with_at_least_one_hired_worker,establishments,47706,published_census_count,,maharashtra_ec6_final,e1d10089c2662f20badfdd7c517287db0598bba25ba24d8c3dfbe760134500da,36,historical_control_not_current_trip_demand
2013,historical_district,30,Solapur,2.9,establishment_type,combined,establishments,373286,published_census_count,,maharashtra_ec6_final,e1d10089c2662f20badfdd7c517287db0598bba25ba24d8c3dfbe760134500da,36,historical_control_not_current_trip_demand
2013,historical_district,30,Solapur,2.9,establishment_type,without_hired_worker,persons_engaged,420936,published_census_count,,maharashtra_ec6_final,e1d10089c2662f20badfdd7c517287db0598bba25ba24d8c3dfbe760134500da,36,historical_control_not_current_trip_demand
2013,historical_district,30,Solapur,2.9,establishment_type,with_at_least_one_hired_worker,persons_engaged,216054,published_census_count,,maharashtra_ec6_final,e1d10089c2662f20badfdd7c517287db0598bba25ba24d8c3dfbe760134500da,36,historical_control_not_current_trip_demand
2013,historical_district,30,Solapur,2.9,establishment_type,combined,persons_engaged,636990,published_census_count,,maharashtra_ec6_final,e1d10089c2662f20badfdd7c517287db0598bba25ba24d8c3dfbe760134500da,36,historical_control_not_current_trip_demand
2013,historical_district,31,Satara,2.9,establishment_type,without_hired_worker,establishments,339309,published_census_count,,maharashtra_ec6_final,e1d10089c2662f20badfdd7c517287db0598bba25ba24d8c3dfbe760134500da,36,historical_control_not_current_trip_demand
2013,historical_district,31,Satara,2.9,establishment_type,with_at_least_one_hired_worker,establishments,44338,published_census_count,,maharashtra_ec6_final,e1d10089c2662f20badfdd7c517287db0598bba25ba24d8c3dfbe760134500da,36,historical_control_not_current_trip_demand
2013,historical_district,31,Satara,2.9,establishment_type,combined,establishments,383647,published_census_count,,maharashtra_ec6_final,e1d10089c2662f20badfdd7c517287db0598bba25ba24d8c3dfbe760134500da,36,historical_control_not_current_trip_demand
2013,historical_district,31,Satara,2.9,establishment_type,without_hired_worker,persons_engaged,492436,published_census_count,,maharashtra_ec6_final,e1d10089c2662f20badfdd7c517287db0598bba25ba24d8c3dfbe760134500da,36,historical_control_not_current_trip_demand
2013,historical_district,31,Satara,2.9,establishment_type,with_at_least_one_hired_worker,persons_engaged,207563,published_census_count,,maharashtra_ec6_final,e1d10089c2662f20badfdd7c517287db0598bba25ba24d8c3dfbe760134500da,36,historical_control_not_current_trip_demand
2013,historical_district,31,Satara,2.9,establishment_type,combined,persons_engaged,699999,published_census_count,,maharashtra_ec6_final,e1d10089c2662f20badfdd7c517287db0598bba25ba24d8c3dfbe760134500da,36,historical_control_not_current_trip_demand
2013,historical_district,32,Ratnagiri,2.9,establishment_type,without_hired_worker,establishments,46729,published_census_count,,maharashtra_ec6_final,e1d10089c2662f20badfdd7c517287db0598bba25ba24d8c3dfbe760134500da,36,historical_control_not_current_trip_demand
2013,historical_district,32,Ratnagiri,2.9,establishment_type,with_at_least_one_hired_worker,establishments,25581,published_census_count,,maharashtra_ec6_final,e1d10089c2662f20badfdd7c517287db0598bba25ba24d8c3dfbe760134500da,36,historical_control_not_current_trip_demand
2013,historical_district,32,Ratnagiri,2.9,establishment_type,combined,establishments,72310,published_census_count,,maharashtra_ec6_final,e1d10089c2662f20badfdd7c517287db0598bba25ba24d8c3dfbe760134500da,36,historical_control_not_current_trip_demand
2013,historical_district,32,Ratnagiri,2.9,establishment_type,without_hired_worker,persons_engaged,55095,published_census_count,,maharashtra_ec6_final,e1d10089c2662f20badfdd7c517287db0598bba25ba24d8c3dfbe760134500da,36,historical_control_not_current_trip_demand
2013,historical_district,32,Ratnagiri,2.9,establishment_type,with_at_least_one_hired_worker,persons_engaged,101040,published_census_count,,maharashtra_ec6_final,e1d10089c2662f20badfdd7c517287db0598bba25ba24d8c3dfbe760134500da,36,historical_control_not_current_trip_demand
2013,historical_district,32,Ratnagiri,2.9,establishment_type,combined,persons_engaged,156135,published_census_count,,maharashtra_ec6_final,e1d10089c2662f20badfdd7c517287db0598bba25ba24d8c3dfbe760134500da,36,historical_control_not_current_trip_demand
2013,historical_district,33,Sindhudurg,2.9,establishment_type,without_hired_worker,establishments,38022,published_census_count,,maharashtra_ec6_final,e1d10089c2662f20badfdd7c517287db0598bba25ba24d8c3dfbe760134500da,36,historical_control_not_current_trip_demand
2013,historical_district,33,Sindhudurg,2.9,establishment_type,with_at_least_one_hired_worker,establishments,13194,published_census_count,,maharashtra_ec6_final,e1d10089c2662f20badfdd7c517287db0598bba25ba24d8c3dfbe760134500da,36,historical_control_not_current_trip_demand
2013,historical_district,33,Sindhudurg,2.9,establishment_type,combined,establishments,51216,published_census_count,,maharashtra_ec6_final,e1d10089c2662f20badfdd7c517287db0598bba25ba24d8c3dfbe760134500da,36,historical_control_not_current_trip_demand
2013,historical_district,33,Sindhudurg,2.9,establishment_type,without_hired_worker,persons_engaged,44999,published_census_count,,maharashtra_ec6_final,e1d10089c2662f20badfdd7c517287db0598bba25ba24d8c3dfbe760134500da,36,historical_control_not_current_trip_demand
2013,historical_district,33,Sindhudurg,2.9,establishment_type,with_at_least_one_hired_worker,persons_engaged,52045,published_census_count,,maharashtra_ec6_final,e1d10089c2662f20badfdd7c517287db0598bba25ba24d8c3dfbe760134500da,36,historical_control_not_current_trip_demand
2013,historical_district,33,Sindhudurg,2.9,establishment_type,combined,persons_engaged,97044,published_census_count,,maharashtra_ec6_final,e1d10089c2662f20badfdd7c517287db0598bba25ba24d8c3dfbe760134500da,36,historical_control_not_current_trip_demand
2013,historical_district,34,Kolhapur,2.9,establishment_type,without_hired_worker,establishments,499341,published_census_count,,maharashtra_ec6_final,e1d10089c2662f20badfdd7c517287db0598bba25ba24d8c3dfbe760134500da,36,historical_control_not_current_trip_demand
2013,historical_district,34,Kolhapur,2.9,establishment_type,with_at_least_one_hired_worker,establishments,71526,published_census_count,,maharashtra_ec6_final,e1d10089c2662f20badfdd7c517287db0598bba25ba24d8c3dfbe760134500da,36,historical_control_not_current_trip_demand
2013,historical_district,34,Kolhapur,2.9,establishment_type,combined,establishments,570867,published_census_count,,maharashtra_ec6_final,e1d10089c2662f20badfdd7c517287db0598bba25ba24d8c3dfbe760134500da,36,historical_control_not_current_trip_demand
2013,historical_district,34,Kolhapur,2.9,establishment_type,without_hired_worker,persons_engaged,767480,published_census_count,,maharashtra_ec6_final,e1d10089c2662f20badfdd7c517287db0598bba25ba24d8c3dfbe760134500da,36,historical_control_not_current_trip_demand
2013,historical_district,34,Kolhapur,2.9,establishment_type,with_at_least_one_hired_worker,persons_engaged,331971,published_census_count,,maharashtra_ec6_final,e1d10089c2662f20badfdd7c517287db0598bba25ba24d8c3dfbe760134500da,36,historical_control_not_current_trip_demand
2013,historical_district,34,Kolhapur,2.9,establishment_type,combined,persons_engaged,1099451,published_census_count,,maharashtra_ec6_final,e1d10089c2662f20badfdd7c517287db0598bba25ba24d8c3dfbe760134500da,36,historical_control_not_current_trip_demand
2013,historical_district,35,Sangli,2.9,establishment_type,without_hired_worker,establishments,244699,published_census_count,,maharashtra_ec6_final,e1d10089c2662f20badfdd7c517287db0598bba25ba24d8c3dfbe760134500da,36,historical_control_not_current_trip_demand
2013,historical_district,35,Sangli,2.9,establishment_type,with_at_least_one_hired_worker,establishments,33361,published_census_count,,maharashtra_ec6_final,e1d10089c2662f20badfdd7c517287db0598bba25ba24d8c3dfbe760134500da,36,historical_control_not_current_trip_demand
2013,historical_district,35,Sangli,2.9,establishment_type,combined,establishments,278060,published_census_count,,maharashtra_ec6_final,e1d10089c2662f20badfdd7c517287db0598bba25ba24d8c3dfbe760134500da,36,historical_control_not_current_trip_demand
2013,historical_district,35,Sangli,2.9,establishment_type,without_hired_worker,persons_engaged,387245,published_census_count,,maharashtra_ec6_final,e1d10089c2662f20badfdd7c517287db0598bba25ba24d8c3dfbe760134500da,36,historical_control_not_current_trip_demand
2013,historical_district,35,Sangli,2.9,establishment_type,with_at_least_one_hired_worker,persons_engaged,178599,published_census_count,,maharashtra_ec6_final,e1d10089c2662f20badfdd7c517287db0598bba25ba24d8c3dfbe760134500da,36,historical_control_not_current_trip_demand
2013,historical_district,35,Sangli,2.9,establishment_type,combined,persons_engaged,565844,published_census_count,,maharashtra_ec6_final,e1d10089c2662f20badfdd7c517287db0598bba25ba24d8c3dfbe760134500da,36,historical_control_not_current_trip_demand
2013,state,,Maharashtra,2.9,establishment_type,without_hired_worker,establishments,4413829,published_census_count,,maharashtra_ec6_final,e1d10089c2662f20badfdd7c517287db0598bba25ba24d8c3dfbe760134500da,36,historical_control_not_current_trip_demand
2013,state,,Maharashtra,2.9,establishment_type,with_at_least_one_hired_worker,establishments,1723513,published_census_count,,maharashtra_ec6_final,e1d10089c2662f20badfdd7c517287db0598bba25ba24d8c3dfbe760134500da,36,historical_control_not_current_trip_demand
2013,state,,Maharashtra,2.9,establishment_type,combined,establishments,6137342,published_census_count,,maharashtra_ec6_final,e1d10089c2662f20badfdd7c517287db0598bba25ba24d8c3dfbe760134500da,36,historical_control_not_current_trip_demand
2013,state,,Maharashtra,2.9,establishment_type,without_hired_worker,persons_engaged,5904997,published_census_count,,maharashtra_ec6_final,e1d10089c2662f20badfdd7c517287db0598bba25ba24d8c3dfbe760134500da,36,historical_control_not_current_trip_demand
2013,state,,Maharashtra,2.9,establishment_type,with_at_least_one_hired_worker,persons_engaged,8607145,published_census_count,,maharashtra_ec6_final,e1d10089c2662f20badfdd7c517287db0598bba25ba24d8c3dfbe760134500da,36,historical_control_not_current_trip_demand
2013,state,,Maharashtra,2.9,establishment_type,combined,persons_engaged,14512142,published_census_count,,maharashtra_ec6_final,e1d10089c2662f20badfdd7c517287db0598bba25ba24d8c3dfbe760134500da,36,historical_control_not_current_trip_demand
