from_station_code,to_station_code,chart_fare_inr,template_mse,template_margin,source,status,source_id,source_sha256
CUP,CUP,10,0.10199535969071724,0.1947667029774873,derived,transcribed_evidence_not_validated_model_input,metro3_fare_chart_20260918,31df5bd9bc8cbb188f78c7c0174177417ee00a548e19272ea0036fc0676f702a
CUP,VIDB,10,0.0,0.2724776261267034,derived,transcribed_evidence_not_validated_model_input,metro3_fare_chart_20260918,31df5bd9bc8cbb188f78c7c0174177417ee00a548e19272ea0036fc0676f702a
CUP,CHGM,20,0.0,0.1229560211884318,derived,transcribed_evidence_not_validated_model_input,metro3_fare_chart_20260918,31df5bd9bc8cbb188f78c7c0174177417ee00a548e19272ea0036fc0676f702a
CUP,HUC,20,0.054163355974197955,0.06949989854329533,derived,transcribed_evidence_not_validated_model_input,metro3_fare_chart_20260918,31df5bd9bc8cbb188f78c7c0174177417ee00a548e19272ea0036fc0676f702a
CUP,CSTM,20,0.04259803921568628,0.06085453244478618,derived,transcribed_evidence_not_validated_model_input,metro3_fare_chart_20260918,31df5bd9bc8cbb188f78c7c0174177417ee00a548e19272ea0036fc0676f702a
CUP,KLBD,20,0.03871836152761758,0.052531825366312096,derived,transcribed_evidence_not_validated_model_input,metro3_fare_chart_20260918,31df5bd9bc8cbb188f78c7c0174177417ee00a548e19272ea0036fc0676f702a
CUP,GIRG,30,0.0,0.10501796851638259,derived,transcribed_evidence_not_validated_model_input,metro3_fare_chart_20260918,31df5bd9bc8cbb188f78c7c0174177417ee00a548e19272ea0036fc0676f702a
CUP,GTRM,30,0.019632539835106155,0.0880229559143919,derived,transcribed_evidence_not_validated_model_input,metro3_fare_chart_20260918,31df5bd9bc8cbb188f78c7c0174177417ee00a548e19272ea0036fc0676f702a
CUP,MCLM,40,0.0,0.15298862082959547,derived,transcribed_evidence_not_validated_model_input,metro3_fare_chart_20260918,31df5bd9bc8cbb188f78c7c0174177417ee00a548e19272ea0036fc0676f702a
CUP,MLXM,40,0.018946025033106925,0.11744881776239909,derived,transcribed_evidence_not_validated_model_input,metro3_fare_chart_20260918,31df5bd9bc8cbb188f78c7c0174177417ee00a548e19272ea0036fc0676f702a
CUP,SCMU,40,0.04569278909821009,0.09605763274808835,derived,transcribed_evidence_not_validated_model_input,metro3_fare_chart_20260918,31df5bd9bc8cbb188f78c7c0174177417ee00a548e19272ea0036fc0676f702a
CUP,ACA,40,0.056592950360972276,0.10087479708659061,derived,transcribed_evidence_not_validated_model_input,metro3_fare_chart_20260918,31df5bd9bc8cbb188f78c7c0174177417ee00a548e19272ea0036fc0676f702a
CUP,WOR,50,0.0,0.0917613417916186,derived,transcribed_evidence_not_validated_model_input,metro3_fare_chart_20260918,31df5bd9bc8cbb188f78c7c0174177417ee00a548e19272ea0036fc0676f702a
CUP,SIDV,50,0.05164415929770601,0.038180827886710234,derived,transcribed_evidence_not_validated_model_input,metro3_fare_chart_20260918,31df5bd9bc8cbb188f78c7c0174177417ee00a548e19272ea0036fc0676f702a
CUP,DDRM,50,0.04529331667307446,0.04322237173736597,derived,transcribed_evidence_not_validated_model_input,metro3_fare_chart_20260918,31df5bd9bc8cbb188f78c7c0174177417ee00a548e19272ea0036fc0676f702a
CUP,SDIT,50,0.04253793946772608,0.04621219402793798,derived,transcribed_evidence_not_validated_model_input,metro3_fare_chart_20260918,31df5bd9bc8cbb188f78c7c0174177417ee00a548e19272ea0036fc0676f702a
CUP,DHAV,60,0.0,0.0917613417916186,derived,transcribed_evidence_not_validated_model_input,metro3_fare_chart_20260918,31df5bd9bc8cbb188f78c7c0174177417ee00a548e19272ea0036fc0676f702a
CUP,BDRM,60,0.022273778247682514,0.054812785680721086,derived,transcribed_evidence_not_validated_model_input,metro3_fare_chart_20260918,31df5bd9bc8cbb188f78c7c0174177417ee00a548e19272ea0036fc0676f702a
CUP,VIDN,60,0.03327360737323252,0.03215008116536374,derived,transcribed_evidence_not_validated_model_input,metro3_fare_chart_20260918,31df5bd9bc8cbb188f78c7c0174177417ee00a548e19272ea0036fc0676f702a
CUP,STZM,60,0.05453968025118544,0.010635385962663932,derived,transcribed_evidence_not_validated_model_input,metro3_fare_chart_20260918,31df5bd9bc8cbb188f78c7c0174177417ee00a548e19272ea0036fc0676f702a
CUP,CIAD,70,0.0,0.17803358216925114,derived,transcribed_evidence_not_validated_model_input,metro3_fare_chart_20260918,31df5bd9bc8cbb188f78c7c0174177417ee00a548e19272ea0036fc0676f702a
CUP,SHRR,70,0.02370287603058653,0.13635591545986586,derived,transcribed_evidence_not_validated_model_input,metro3_fare_chart_20260918,31df5bd9bc8cbb188f78c7c0174177417ee00a548e19272ea0036fc0676f702a
CUP,CSIA,70,0.0488022235037806,0.09867708466828998,derived,transcribed_evidence_not_validated_model_input,metro3_fare_chart_20260918,31df5bd9bc8cbb188f78c7c0174177417ee00a548e19272ea0036fc0676f702a
CUP,MNK,70,0.0637412159853048,0.07570296146781152,derived,transcribed_evidence_not_validated_model_input,metro3_fare_chart_20260918,31df5bd9bc8cbb188f78c7c0174177417ee00a548e19272ea0036fc0676f702a
CUP,MIDC,70,0.03718842112008201,0.09548013050536118,derived,transcribed_evidence_not_validated_model_input,metro3_fare_chart_20260918,31df5bd9bc8cbb188f78c7c0174177417ee00a548e19272ea0036fc0676f702a
CUP,SEPZ,70,0.006484765474817378,0.17481024926310393,derived,transcribed_evidence_not_validated_model_input,metro3_fare_chart_20260918,31df5bd9bc8cbb188f78c7c0174177417ee00a548e19272ea0036fc0676f702a
CUP,ARYJ,70,0.016952240591225597,0.14662765923362808,derived,transcribed_evidence_not_validated_model_input,metro3_fare_chart_20260918,31df5bd9bc8cbb188f78c7c0174177417ee00a548e19272ea0036fc0676f702a
VIDB,CUP,10,0.05785405720022214,0.22561178392925801,derived,transcribed_evidence_not_validated_model_input,metro3_fare_chart_20260918,31df5bd9bc8cbb188f78c7c0174177417ee00a548e19272ea0036fc0676f702a
VIDB,VIDB,10,0.10930726430005552,0.1803385450040583,derived,transcribed_evidence_not_validated_model_input,metro3_fare_chart_20260918,31df5bd9bc8cbb188f78c7c0174177417ee00a548e19272ea0036fc0676f702a
VIDB,CHGM,10,0.019922625913110344,0.2544239929087103,derived,transcribed_evidence_not_validated_model_input,metro3_fare_chart_20260918,31df5bd9bc8cbb188f78c7c0174177417ee00a548e19272ea0036fc0676f702a
VIDB,HUC,10,0.041616098509120424,0.24223017856380022,derived,transcribed_evidence_not_validated_model_input,metro3_fare_chart_20260918,31df5bd9bc8cbb188f78c7c0174177417ee00a548e19272ea0036fc0676f702a
VIDB,CSTM,20,0.042779353026613696,0.06165555982741681,derived,transcribed_evidence_not_validated_model_input,metro3_fare_chart_20260918,31df5bd9bc8cbb188f78c7c0174177417ee00a548e19272ea0036fc0676f702a
VIDB,KLBD,20,0.04111420821051732,0.05624417958904695,derived,transcribed_evidence_not_validated_model_input,metro3_fare_chart_20260918,31df5bd9bc8cbb188f78c7c0174177417ee00a548e19272ea0036fc0676f702a
VIDB,GIRG,20,0.02681295121534453,0.08714570250758255,derived,transcribed_evidence_not_validated_model_input,metro3_fare_chart_20260918,31df5bd9bc8cbb188f78c7c0174177417ee00a548e19272ea0036fc0676f702a
VIDB,GTRM,30,0.018932355077107096,0.08646837220727073,derived,transcribed_evidence_not_validated_model_input,metro3_fare_chart_20260918,31df5bd9bc8cbb188f78c7c0174177417ee00a548e19272ea0036fc0676f702a
VIDB,MCLM,30,0.04298677858943142,0.05860766692297833,derived,transcribed_evidence_not_validated_model_input,metro3_fare_chart_20260918,31df5bd9bc8cbb188f78c7c0174177417ee00a548e19272ea0036fc0676f702a
VIDB,MLXM,30,0.047894773377760685,0.07027417339484815,derived,transcribed_evidence_not_validated_model_input,metro3_fare_chart_20260918,31df5bd9bc8cbb188f78c7c0174177417ee00a548e19272ea0036fc0676f702a
VIDB,SCMU,40,0.048740281515656375,0.09969453522149602,derived,transcribed_evidence_not_validated_model_input,metro3_fare_chart_20260918,31df5bd9bc8cbb188f78c7c0174177417ee00a548e19272ea0036fc0676f702a
VIDB,ACA,40,0.0577749743688325,0.10067183027895255,derived,transcribed_evidence_not_validated_model_input,metro3_fare_chart_20260918,31df5bd9bc8cbb188f78c7c0174177417ee00a548e19272ea0036fc0676f702a
VIDB,WOR,40,0.056735069844931436,0.11411190674526892,derived,transcribed_evidence_not_validated_model_input,metro3_fare_chart_20260918,31df5bd9bc8cbb188f78c7c0174177417ee00a548e19272ea0036fc0676f702a
VIDB,SIDV,50,0.02268921675423982,0.08512121406296723,derived,transcribed_evidence_not_validated_model_input,metro3_fare_chart_20260918,31df5bd9bc8cbb188f78c7c0174177417ee00a548e19272ea0036fc0676f702a
VIDB,DDRM,50,0.048285515186466746,0.042127974283395264,derived,transcribed_evidence_not_validated_model_input,metro3_fare_chart_20260918,31df5bd9bc8cbb188f78c7c0174177417ee00a548e19272ea0036fc0676f702a
VIDB,SDIT,50,0.04272368533470033,0.05489678115254817,derived,transcribed_evidence_not_validated_model_input,metro3_fare_chart_20260918,31df5bd9bc8cbb188f78c7c0174177417ee00a548e19272ea0036fc0676f702a
VIDB,DHAV,60,0.011189926951172626,0.08353533897219016,derived,transcribed_evidence_not_validated_model_input,metro3_fare_chart_20260918,31df5bd9bc8cbb188f78c7c0174177417ee00a548e19272ea0036fc0676f702a
VIDB,BDRM,60,0.0227999914562775,0.05730328078943996,derived,transcribed_evidence_not_validated_model_input,metro3_fare_chart_20260918,31df5bd9bc8cbb188f78c7c0174177417ee00a548e19272ea0036fc0676f702a
VIDB,VIDN,60,0.03606769832115853,0.03206710026058352,derived,transcribed_evidence_not_validated_model_input,metro3_fare_chart_20260918,31df5bd9bc8cbb188f78c7c0174177417ee00a548e19272ea0036fc0676f702a
VIDB,STZM,60,0.054509830620701444,0.00929674484172753,derived,transcribed_evidence_not_validated_model_input,metro3_fare_chart_20260918,31df5bd9bc8cbb188f78c7c0174177417ee00a548e19272ea0036fc0676f702a
VIDB,CIAD,60,0.04184037122474262,0.09006375752915546,derived,transcribed_evidence_not_validated_model_input,metro3_fare_chart_20260918,31df5bd9bc8cbb188f78c7c0174177417ee00a548e19272ea0036fc0676f702a
VIDB,SHRR,70,0.03684130569439105,0.12366987590243068,derived,transcribed_evidence_not_validated_model_input,metro3_fare_chart_20260918,31df5bd9bc8cbb188f78c7c0174177417ee00a548e19272ea0036fc0676f702a
VIDB,CSIA,70,0.050939649280191374,0.09896981396044255,derived,transcribed_evidence_not_validated_model_input,metro3_fare_chart_20260918,31df5bd9bc8cbb188f78c7c0174177417ee00a548e19272ea0036fc0676f702a
VIDB,MNK,70,0.06380873809218676,0.0801195854158657,derived,transcribed_evidence_not_validated_model_input,metro3_fare_chart_20260918,31df5bd9bc8cbb188f78c7c0174177417ee00a548e19272ea0036fc0676f702a
VIDB,MIDC,70,0.039418359391686954,0.09563055341962495,derived,transcribed_evidence_not_validated_model_input,metro3_fare_chart_20260918,31df5bd9bc8cbb188f78c7c0174177417ee00a548e19272ea0036fc0676f702a
VIDB,SEPZ,70,0.01086053974966893,0.1769518401042334,derived,transcribed_evidence_not_validated_model_input,metro3_fare_chart_20260918,31df5bd9bc8cbb188f78c7c0174177417ee00a548e19272ea0036fc0676f702a
VIDB,ARYJ,70,0.02564040539963262,0.1475640512196164,derived,transcribed_evidence_not_validated_model_input,metro3_fare_chart_20260918,31df5bd9bc8cbb188f78c7c0174177417ee00a548e19272ea0036fc0676f702a
CHGM,CUP,20,0.05923603101371268,0.057937171600666415,derived,transcribed_evidence_not_validated_model_input,metro3_fare_chart_20260918,31df5bd9bc8cbb188f78c7c0174177417ee00a548e19272ea0036fc0676f702a
CHGM,VIDB,10,0.08808941005596138,0.20254640309282756,derived,transcribed_evidence_not_validated_model_input,metro3_fare_chart_20260918,31df5bd9bc8cbb188f78c7c0174177417ee00a548e19272ea0036fc0676f702a
CHGM,CHGM,10,0.09518999102909137,0.19929674484172755,derived,transcribed_evidence_not_validated_model_input,metro3_fare_chart_20260918,31df5bd9bc8cbb188f78c7c0174177417ee00a548e19272ea0036fc0676f702a
CHGM,HUC,10,0.04150302768166089,0.24387254901960784,derived,transcribed_evidence_not_validated_model_input,metro3_fare_chart_20260918,31df5bd9bc8cbb188f78c7c0174177417ee00a548e19272ea0036fc0676f702a
CHGM,CSTM,10,0.05823630868469392,0.23453249818445898,derived,transcribed_evidence_not_validated_model_input,metro3_fare_chart_20260918,31df5bd9bc8cbb188f78c7c0174177417ee00a548e19272ea0036fc0676f702a
CHGM,KLBD,20,0.0697375475244564,0.029931062839078995,derived,transcribed_evidence_not_validated_model_input,metro3_fare_chart_20260918,31df5bd9bc8cbb188f78c7c0174177417ee00a548e19272ea0036fc0676f702a
CHGM,GIRG,20,0.049821302704088175,0.06816171130761674,derived,transcribed_evidence_not_validated_model_input,metro3_fare_chart_20260918,31df5bd9bc8cbb188f78c7c0174177417ee00a548e19272ea0036fc0676f702a
CHGM,GTRM,20,0.0451191582297407,0.07510065573070188,derived,transcribed_evidence_not_validated_model_input,metro3_fare_chart_20260918,31df5bd9bc8cbb188f78c7c0174177417ee00a548e19272ea0036fc0676f702a
CHGM,MCLM,30,0.05249367230552352,0.061501746123285926,derived,transcribed_evidence_not_validated_model_input,metro3_fare_chart_20260918,31df5bd9bc8cbb188f78c7c0174177417ee00a548e19272ea0036fc0676f702a
CHGM,MLXM,30,0.053309651202528945,0.07272568776966123,derived,transcribed_evidence_not_validated_model_input,metro3_fare_chart_20260918,31df5bd9bc8cbb188f78c7c0174177417ee00a548e19272ea0036fc0676f702a
CHGM,SCMU,40,0.05819326968260071,0.1013274541842881,derived,transcribed_evidence_not_validated_model_input,metro3_fare_chart_20260918,31df5bd9bc8cbb188f78c7c0174177417ee00a548e19272ea0036fc0676f702a
CHGM,ACA,40,0.06584596202315349,0.10175202379426718,derived,transcribed_evidence_not_validated_model_input,metro3_fare_chart_20260918,31df5bd9bc8cbb188f78c7c0174177417ee00a548e19272ea0036fc0676f702a
CHGM,WOR,40,0.05722873681062839,0.10668645072408045,derived,transcribed_evidence_not_validated_model_input,metro3_fare_chart_20260918,31df5bd9bc8cbb188f78c7c0174177417ee00a548e19272ea0036fc0676f702a
CHGM,SIDV,50,0.030179685163825878,0.08389097142124823,derived,transcribed_evidence_not_validated_model_input,metro3_fare_chart_20260918,31df5bd9bc8cbb188f78c7c0174177417ee00a548e19272ea0036fc0676f702a
CHGM,DDRM,50,0.05754928659917126,0.04361516937929856,derived,transcribed_evidence_not_validated_model_input,metro3_fare_chart_20260918,31df5bd9bc8cbb188f78c7c0174177417ee00a548e19272ea0036fc0676f702a
CHGM,SDIT,50,0.0505064825494468,0.05546234888290828,derived,transcribed_evidence_not_validated_model_input,metro3_fare_chart_20260918,31df5bd9bc8cbb188f78c7c0174177417ee00a548e19272ea0036fc0676f702a
CHGM,DHAV,50,0.03640165107437311,0.05081144004442735,derived,transcribed_evidence_not_validated_model_input,metro3_fare_chart_20260918,31df5bd9bc8cbb188f78c7c0174177417ee00a548e19272ea0036fc0676f702a
CHGM,BDRM,60,0.03585637468495024,0.05095534837028492,derived,transcribed_evidence_not_validated_model_input,metro3_fare_chart_20260918,31df5bd9bc8cbb188f78c7c0174177417ee00a548e19272ea0036fc0676f702a
CHGM,VIDN,60,0.04338694519202017,0.030871993677645336,derived,transcribed_evidence_not_validated_model_input,metro3_fare_chart_20260918,31df5bd9bc8cbb188f78c7c0174177417ee00a548e19272ea0036fc0676f702a
CHGM,STZM,60,0.06360876158742364,0.012337562475970773,derived,transcribed_evidence_not_validated_model_input,metro3_fare_chart_20260918,31df5bd9bc8cbb188f78c7c0174177417ee00a548e19272ea0036fc0676f702a
CHGM,CIAD,60,0.05109300909906446,0.08608200905634585,derived,transcribed_evidence_not_validated_model_input,metro3_fare_chart_20260918,31df5bd9bc8cbb188f78c7c0174177417ee00a548e19272ea0036fc0676f702a
CHGM,SHRR,70,0.046756295655517116,0.12660672711350335,derived,transcribed_evidence_not_validated_model_input,metro3_fare_chart_20260918,31df5bd9bc8cbb188f78c7c0174177417ee00a548e19272ea0036fc0676f702a
CHGM,CSIA,70,0.05722430475458156,0.10567914584134308,derived,transcribed_evidence_not_validated_model_input,metro3_fare_chart_20260918,31df5bd9bc8cbb188f78c7c0174177417ee00a548e19272ea0036fc0676f702a
CHGM,MNK,70,0.07679671814259473,0.07339765154427783,derived,transcribed_evidence_not_validated_model_input,metro3_fare_chart_20260918,31df5bd9bc8cbb188f78c7c0174177417ee00a548e19272ea0036fc0676f702a
CHGM,MIDC,70,0.0461049436114315,0.09662418834636252,derived,transcribed_evidence_not_validated_model_input,metro3_fare_chart_20260918,31df5bd9bc8cbb188f78c7c0174177417ee00a548e19272ea0036fc0676f702a
CHGM,SEPZ,70,0.028560382758767995,0.16653976568841047,derived,transcribed_evidence_not_validated_model_input,metro3_fare_chart_20260918,31df5bd9bc8cbb188f78c7c0174177417ee00a548e19272ea0036fc0676f702a
CHGM,ARYJ,70,0.040053424964757146,0.1371018892306378,derived,transcribed_evidence_not_validated_model_input,metro3_fare_chart_20260918,31df5bd9bc8cbb188f78c7c0174177417ee00a548e19272ea0036fc0676f702a
HUC,CUP,20,0.08638544470075611,0.04929039044811824,derived,transcribed_evidence_not_validated_model_input,metro3_fare_chart_20260918,31df5bd9bc8cbb188f78c7c0174177417ee00a548e19272ea0036fc0676f702a
HUC,VIDB,10,0.0969026870007262,0.19778066128412153,derived,transcribed_evidence_not_validated_model_input,metro3_fare_chart_20260918,31df5bd9bc8cbb188f78c7c0174177417ee00a548e19272ea0036fc0676f702a
HUC,CHGM,10,0.04443587402281174,0.23702742534922466,derived,transcribed_evidence_not_validated_model_input,metro3_fare_chart_20260918,31df5bd9bc8cbb188f78c7c0174177417ee00a548e19272ea0036fc0676f702a
HUC,HUC,10,0.16139721901832627,0.13564734717416382,derived,transcribed_evidence_not_validated_model_input,metro3_fare_chart_20260918,31df5bd9bc8cbb188f78c7c0174177417ee00a548e19272ea0036fc0676f702a
HUC,CSTM,10,0.07558340275107864,0.2326259665086078,derived,transcribed_evidence_not_validated_model_input,metro3_fare_chart_20260918,31df5bd9bc8cbb188f78c7c0174177417ee00a548e19272ea0036fc0676f702a
HUC,KLBD,10,0.08325152719039686,0.21953837199367765,derived,transcribed_evidence_not_validated_model_input,metro3_fare_chart_20260918,31df5bd9bc8cbb188f78c7c0174177417ee00a548e19272ea0036fc0676f702a
HUC,GIRG,20,0.07554284676833697,0.055392530650604455,derived,transcribed_evidence_not_validated_model_input,metro3_fare_chart_20260918,31df5bd9bc8cbb188f78c7c0174177417ee00a548e19272ea0036fc0676f702a
HUC,GTRM,20,0.07015651031654492,0.0557882651971464,derived,transcribed_evidence_not_validated_model_input,metro3_fare_chart_20260918,31df5bd9bc8cbb188f78c7c0174177417ee00a548e19272ea0036fc0676f702a
HUC,MCLM,30,0.07279019287453543,0.05981190460933829,derived,transcribed_evidence_not_validated_model_input,metro3_fare_chart_20260918,31df5bd9bc8cbb188f78c7c0174177417ee00a548e19272ea0036fc0676f702a
HUC,MLXM,30,0.07180948032807895,0.06789757678670595,derived,transcribed_evidence_not_validated_model_input,metro3_fare_chart_20260918,31df5bd9bc8cbb188f78c7c0174177417ee00a548e19272ea0036fc0676f702a
HUC,SCMU,30,0.07491992930069631,0.05200614614037337,derived,transcribed_evidence_not_validated_model_input,metro3_fare_chart_20260918,31df5bd9bc8cbb188f78c7c0174177417ee00a548e19272ea0036fc0676f702a
HUC,ACA,40,0.07371814793455508,0.10229796766201035,derived,transcribed_evidence_not_validated_model_input,metro3_fare_chart_20260918,31df5bd9bc8cbb188f78c7c0174177417ee00a548e19272ea0036fc0676f702a
HUC,WOR,40,0.06922425669614252,0.10668714490153358,derived,transcribed_evidence_not_validated_model_input,metro3_fare_chart_20260918,31df5bd9bc8cbb188f78c7c0174177417ee00a548e19272ea0036fc0676f702a
HUC,SIDV,40,0.0829496667948225,0.09839653018069973,derived,transcribed_evidence_not_validated_model_input,metro3_fare_chart_20260918,31df5bd9bc8cbb188f78c7c0174177417ee00a548e19272ea0036fc0676f702a
HUC,DDRM,50,0.07207305416720065,0.037696932803622546,derived,transcribed_evidence_not_validated_model_input,metro3_fare_chart_20260918,31df5bd9bc8cbb188f78c7c0174177417ee00a548e19272ea0036fc0676f702a
HUC,SDIT,50,0.0631361869366483,0.05048320090563457,derived,transcribed_evidence_not_validated_model_input,metro3_fare_chart_20260918,31df5bd9bc8cbb188f78c7c0174177417ee00a548e19272ea0036fc0676f702a
HUC,DHAV,50,0.055235299457473616,0.041123659703532836,derived,transcribed_evidence_not_validated_model_input,metro3_fare_chart_20260918,31df5bd9bc8cbb188f78c7c0174177417ee00a548e19272ea0036fc0676f702a
HUC,BDRM,60,0.055873542227348465,0.04457868768422401,derived,transcribed_evidence_not_validated_model_input,metro3_fare_chart_20260918,31df5bd9bc8cbb188f78c7c0174177417ee00a548e19272ea0036fc0676f702a
HUC,VIDN,60,0.06942431329830406,0.03155212738690248,derived,transcribed_evidence_not_validated_model_input,metro3_fare_chart_20260918,31df5bd9bc8cbb188f78c7c0174177417ee00a548e19272ea0036fc0676f702a
HUC,STZM,60,0.08294448716305695,0.013628198556110888,derived,transcribed_evidence_not_validated_model_input,metro3_fare_chart_20260918,31df5bd9bc8cbb188f78c7c0174177417ee00a548e19272ea0036fc0676f702a
HUC,CIAD,60,0.06106046285616643,0.081409767610748,derived,transcribed_evidence_not_validated_model_input,metro3_fare_chart_20260918,31df5bd9bc8cbb188f78c7c0174177417ee00a548e19272ea0036fc0676f702a
HUC,SHRR,60,0.05175066213849374,0.07658160322952709,derived,transcribed_evidence_not_validated_model_input,metro3_fare_chart_20260918,31df5bd9bc8cbb188f78c7c0174177417ee00a548e19272ea0036fc0676f702a
HUC,CSIA,70,0.07134051006023324,0.09959078239138795,derived,transcribed_evidence_not_validated_model_input,metro3_fare_chart_20260918,31df5bd9bc8cbb188f78c7c0174177417ee00a548e19272ea0036fc0676f702a
HUC,MNK,70,0.09366872783971976,0.06987907962749372,derived,transcribed_evidence_not_validated_model_input,metro3_fare_chart_20260918,31df5bd9bc8cbb188f78c7c0174177417ee00a548e19272ea0036fc0676f702a
HUC,MIDC,70,0.061015528215643565,0.09825064611901405,derived,transcribed_evidence_not_validated_model_input,metro3_fare_chart_20260918,31df5bd9bc8cbb188f78c7c0174177417ee00a548e19272ea0036fc0676f702a
HUC,SEPZ,70,0.038501030586526555,0.16270261971891153,derived,transcribed_evidence_not_validated_model_input,metro3_fare_chart_20260918,31df5bd9bc8cbb188f78c7c0174177417ee00a548e19272ea0036fc0676f702a
HUC,ARYJ,70,0.05134582318766286,0.1380685580332351,derived,transcribed_evidence_not_validated_model_input,metro3_fare_chart_20260918,31df5bd9bc8cbb188f78c7c0174177417ee00a548e19272ea0036fc0676f702a
CSTM,CUP,20,0.05689478405741381,0.07029112734418388,derived,transcribed_evidence_not_validated_model_input,metro3_fare_chart_20260918,31df5bd9bc8cbb188f78c7c0174177417ee00a548e19272ea0036fc0676f702a
CSTM,VIDB,20,0.03565653167585117,0.0929206715365885,derived,transcribed_evidence_not_validated_model_input,metro3_fare_chart_20260918,31df5bd9bc8cbb188f78c7c0174177417ee00a548e19272ea0036fc0676f702a
CSTM,CHGM,10,0.03364907727797001,0.24325414370541248,derived,transcribed_evidence_not_validated_model_input,metro3_fare_chart_20260918,31df5bd9bc8cbb188f78c7c0174177417ee00a548e19272ea0036fc0676f702a
CSTM,HUC,10,0.051323476013499084,0.22728261566064334,derived,transcribed_evidence_not_validated_model_input,metro3_fare_chart_20260918,31df5bd9bc8cbb188f78c7c0174177417ee00a548e19272ea0036fc0676f702a
CSTM,CSTM,10,0.15825246166004528,0.1342233222264941,derived,transcribed_evidence_not_validated_model_input,metro3_fare_chart_20260918,31df5bd9bc8cbb188f78c7c0174177417ee00a548e19272ea0036fc0676f702a
CSTM,KLBD,10,0.07102863748985432,0.22263760733051385,derived,transcribed_evidence_not_validated_model_input,metro3_fare_chart_20260918,31df5bd9bc8cbb188f78c7c0174177417ee00a548e19272ea0036fc0676f702a
CSTM,GIRG,10,0.08601053547780767,0.1998158293818617,derived,transcribed_evidence_not_validated_model_input,metro3_fare_chart_20260918,31df5bd9bc8cbb188f78c7c0174177417ee00a548e19272ea0036fc0676f702a
CSTM,GTRM,20,0.02743253129138366,0.10035776837968303,derived,transcribed_evidence_not_validated_model_input,metro3_fare_chart_20260918,31df5bd9bc8cbb188f78c7c0174177417ee00a548e19272ea0036fc0676f702a
CSTM,MCLM,20,0.05783790422487077,0.07688495877653893,derived,transcribed_evidence_not_validated_model_input,metro3_fare_chart_20260918,31df5bd9bc8cbb188f78c7c0174177417ee00a548e19272ea0036fc0676f702a
CSTM,MLXM,30,0.05303056516724337,0.08389556367209194,derived,transcribed_evidence_not_validated_model_input,metro3_fare_chart_20260918,31df5bd9bc8cbb188f78c7c0174177417ee00a548e19272ea0036fc0676f702a
CSTM,SCMU,30,0.05390728459139647,0.0705095529497202,derived,transcribed_evidence_not_validated_model_input,metro3_fare_chart_20260918,31df5bd9bc8cbb188f78c7c0174177417ee00a548e19272ea0036fc0676f702a
CSTM,ACA,30,0.02340731663035585,0.0948451183305566,derived,transcribed_evidence_not_validated_model_input,metro3_fare_chart_20260918,31df5bd9bc8cbb188f78c7c0174177417ee00a548e19272ea0036fc0676f702a
CSTM,WOR,40,0.06843340168311335,0.10146906638472383,derived,transcribed_evidence_not_validated_model_input,metro3_fare_chart_20260918,31df5bd9bc8cbb188f78c7c0174177417ee00a548e19272ea0036fc0676f702a
CSTM,SIDV,40,0.08094795271049596,0.0946607341193558,derived,transcribed_evidence_not_validated_model_input,metro3_fare_chart_20260918,31df5bd9bc8cbb188f78c7c0174177417ee00a548e19272ea0036fc0676f702a
CSTM,DDRM,40,0.03178900209321201,0.11446647122901449,derived,transcribed_evidence_not_validated_model_input,metro3_fare_chart_20260918,31df5bd9bc8cbb188f78c7c0174177417ee00a548e19272ea0036fc0676f702a
CSTM,SDIT,50,0.0711923031739929,0.01900158592848905,derived,transcribed_evidence_not_validated_model_input,metro3_fare_chart_20260918,31df5bd9bc8cbb188f78c7c0174177417ee00a548e19272ea0036fc0676f702a
CSTM,DHAV,50,0.055767893758810715,0.028957986244606763,derived,transcribed_evidence_not_validated_model_input,metro3_fare_chart_20260918,31df5bd9bc8cbb188f78c7c0174177417ee00a548e19272ea0036fc0676f702a
CSTM,BDRM,50,0.043671077363407224,0.052509771882609274,derived,transcribed_evidence_not_validated_model_input,metro3_fare_chart_20260918,31df5bd9bc8cbb188f78c7c0174177417ee00a548e19272ea0036fc0676f702a
CSTM,VIDN,60,0.04572159746251442,0.03703693024050579,derived,transcribed_evidence_not_validated_model_input,metro3_fare_chart_20260918,31df5bd9bc8cbb188f78c7c0174177417ee00a548e19272ea0036fc0676f702a
CSTM,STZM,60,0.0639729644581144,0.015280607885855862,derived,transcribed_evidence_not_validated_model_input,metro3_fare_chart_20260918,31df5bd9bc8cbb188f78c7c0174177417ee00a548e19272ea0036fc0676f702a
CSTM,CIAD,60,0.04856892648126789,0.09101889230637786,derived,transcribed_evidence_not_validated_model_input,metro3_fare_chart_20260918,31df5bd9bc8cbb188f78c7c0174177417ee00a548e19272ea0036fc0676f702a
CSTM,SHRR,60,0.025724294074928447,0.09083429450211457,derived,transcribed_evidence_not_validated_model_input,metro3_fare_chart_20260918,31df5bd9bc8cbb188f78c7c0174177417ee00a548e19272ea0036fc0676f702a
CSTM,CSIA,60,0.028370071340082872,0.06572221154256909,derived,transcribed_evidence_not_validated_model_input,metro3_fare_chart_20260918,31df5bd9bc8cbb188f78c7c0174177417ee00a548e19272ea0036fc0676f702a
CSTM,MNK,70,0.0958214255200991,0.03562649515143747,derived,transcribed_evidence_not_validated_model_input,metro3_fare_chart_20260918,31df5bd9bc8cbb188f78c7c0174177417ee00a548e19272ea0036fc0676f702a
CSTM,MIDC,70,0.07214879960698878,0.05260057563330339,derived,transcribed_evidence_not_validated_model_input,metro3_fare_chart_20260918,31df5bd9bc8cbb188f78c7c0174177417ee00a548e19272ea0036fc0676f702a
CSTM,SEPZ,70,0.042504432056046815,0.12471279742833954,derived,transcribed_evidence_not_validated_model_input,metro3_fare_chart_20260918,31df5bd9bc8cbb188f78c7c0174177417ee00a548e19272ea0036fc0676f702a
CSTM,ARYJ,70,0.04714065637148104,0.10777080930411384,derived,transcribed_evidence_not_validated_model_input,metro3_fare_chart_20260918,31df5bd9bc8cbb188f78c7c0174177417ee00a548e19272ea0036fc0676f702a
KLBD,CUP,20,0.04213662480242642,0.07167408902558844,derived,transcribed_evidence_not_validated_model_input,metro3_fare_chart_20260918,31df5bd9bc8cbb188f78c7c0174177417ee00a548e19272ea0036fc0676f702a
KLBD,VIDB,20,0.022884494211628005,0.0950219466871716,derived,transcribed_evidence_not_validated_model_input,metro3_fare_chart_20260918,31df5bd9bc8cbb188f78c7c0174177417ee00a548e19272ea0036fc0676f702a
KLBD,CHGM,20,0.005899627280105942,0.11136646161732668,derived,transcribed_evidence_not_validated_model_input,metro3_fare_chart_20260918,31df5bd9bc8cbb188f78c7c0174177417ee00a548e19272ea0036fc0676f702a
KLBD,HUC,10,0.037968623179119136,0.23685398778247685,derived,transcribed_evidence_not_validated_model_input,metro3_fare_chart_20260918,31df5bd9bc8cbb188f78c7c0174177417ee00a548e19272ea0036fc0676f702a
KLBD,CSTM,10,0.057874882523815625,0.2253621470374642,derived,transcribed_evidence_not_validated_model_input,metro3_fare_chart_20260918,31df5bd9bc8cbb188f78c7c0174177417ee00a548e19272ea0036fc0676f702a
KLBD,KLBD,10,0.09767199581357595,0.1965260156350122,derived,transcribed_evidence_not_validated_model_input,metro3_fare_chart_20260918,31df5bd9bc8cbb188f78c7c0174177417ee00a548e19272ea0036fc0676f702a
KLBD,GIRG,10,0.07158729014481609,0.20909997223290183,derived,transcribed_evidence_not_validated_model_input,metro3_fare_chart_20260918,31df5bd9bc8cbb188f78c7c0174177417ee00a548e19272ea0036fc0676f702a
KLBD,GTRM,20,0.009789397240377633,0.10545473963005683,derived,transcribed_evidence_not_validated_model_input,metro3_fare_chart_20260918,31df5bd9bc8cbb188f78c7c0174177417ee00a548e19272ea0036fc0676f702a
KLBD,MCLM,20,0.05309066491520356,0.07692428659917125,derived,transcribed_evidence_not_validated_model_input,metro3_fare_chart_20260918,31df5bd9bc8cbb188f78c7c0174177417ee00a548e19272ea0036fc0676f702a
KLBD,MLXM,20,0.04315856080994489,0.07260631594685805,derived,transcribed_evidence_not_validated_model_input,metro3_fare_chart_20260918,31df5bd9bc8cbb188f78c7c0174177417ee00a548e19272ea0036fc0676f702a
KLBD,SCMU,30,0.04094936776453501,0.07653933850228545,derived,transcribed_evidence_not_validated_model_input,metro3_fare_chart_20260918,31df5bd9bc8cbb188f78c7c0174177417ee00a548e19272ea0036fc0676f702a
KLBD,ACA,30,0.01516710987227135,0.09865444380366525,derived,transcribed_evidence_not_validated_model_input,metro3_fare_chart_20260918,31df5bd9bc8cbb188f78c7c0174177417ee00a548e19272ea0036fc0676f702a
KLBD,WOR,40,0.05903717587252766,0.10179367444145415,derived,transcribed_evidence_not_validated_model_input,metro3_fare_chart_20260918,31df5bd9bc8cbb188f78c7c0174177417ee00a548e19272ea0036fc0676f702a
KLBD,SIDV,40,0.015120786876842242,0.14183340275107864,derived,transcribed_evidence_not_validated_model_input,metro3_fare_chart_20260918,31df5bd9bc8cbb188f78c7c0174177417ee00a548e19272ea0036fc0676f702a
KLBD,DDRM,40,0.02151643064633261,0.12081023858345083,derived,transcribed_evidence_not_validated_model_input,metro3_fare_chart_20260918,31df5bd9bc8cbb188f78c7c0174177417ee00a548e19272ea0036fc0676f702a
KLBD,SDIT,50,0.04177156755948566,0.04579678222051348,derived,transcribed_evidence_not_validated_model_input,metro3_fare_chart_20260918,31df5bd9bc8cbb188f78c7c0174177417ee00a548e19272ea0036fc0676f702a
KLBD,DHAV,50,0.02018545217651331,0.052398917083173124,derived,transcribed_evidence_not_validated_model_input,metro3_fare_chart_20260918,31df5bd9bc8cbb188f78c7c0174177417ee00a548e19272ea0036fc0676f702a
KLBD,BDRM,50,0.004544058908966638,0.08079563415780255,derived,transcribed_evidence_not_validated_model_input,metro3_fare_chart_20260918,31df5bd9bc8cbb188f78c7c0174177417ee00a548e19272ea0036fc0676f702a
KLBD,VIDN,50,0.01578263168012303,0.08824071404160792,derived,transcribed_evidence_not_validated_model_input,metro3_fare_chart_20260918,31df5bd9bc8cbb188f78c7c0174177417ee00a548e19272ea0036fc0676f702a
KLBD,STZM,60,0.054249861164509375,0.012951428937588105,derived,transcribed_evidence_not_validated_model_input,metro3_fare_chart_20260918,31df5bd9bc8cbb188f78c7c0174177417ee00a548e19272ea0036fc0676f702a
KLBD,CIAD,60,0.03912619078132343,0.09228512537912767,derived,transcribed_evidence_not_validated_model_input,metro3_fare_chart_20260918,31df5bd9bc8cbb188f78c7c0174177417ee00a548e19272ea0036fc0676f702a
KLBD,SHRR,60,0.0113540198214362,0.09172455038660342,derived,transcribed_evidence_not_validated_model_input,metro3_fare_chart_20260918,31df5bd9bc8cbb188f78c7c0174177417ee00a548e19272ea0036fc0676f702a
KLBD,CSIA,60,0.013192789098210091,0.06393700072621641,derived,transcribed_evidence_not_validated_model_input,metro3_fare_chart_20260918,31df5bd9bc8cbb188f78c7c0174177417ee00a548e19272ea0036fc0676f702a
KLBD,MNK,60,0.028418396770472896,0.04253305352642146,derived,transcribed_evidence_not_validated_model_input,metro3_fare_chart_20260918,31df5bd9bc8cbb188f78c7c0174177417ee00a548e19272ea0036fc0676f702a
KLBD,MIDC,70,0.03751503161177325,0.09318176235635867,derived,transcribed_evidence_not_validated_model_input,metro3_fare_chart_20260918,31df5bd9bc8cbb188f78c7c0174177417ee00a548e19272ea0036fc0676f702a
KLBD,SEPZ,70,0.006272720962023153,0.17475920052116709,derived,transcribed_evidence_not_validated_model_input,metro3_fare_chart_20260918,31df5bd9bc8cbb188f78c7c0174177417ee00a548e19272ea0036fc0676f702a
KLBD,ARYJ,70,0.012806906531675852,0.15402214426075442,derived,transcribed_evidence_not_validated_model_input,metro3_fare_chart_20260918,31df5bd9bc8cbb188f78c7c0174177417ee00a548e19272ea0036fc0676f702a
GIRG,CUP,30,0.018683252167969584,0.08887294950660002,derived,transcribed_evidence_not_validated_model_input,metro3_fare_chart_20260918,31df5bd9bc8cbb188f78c7c0174177417ee00a548e19272ea0036fc0676f702a
GIRG,VIDB,20,0.019462439659959845,0.0933567751719424,derived,transcribed_evidence_not_validated_model_input,metro3_fare_chart_20260918,31df5bd9bc8cbb188f78c7c0174177417ee00a548e19272ea0036fc0676f702a
GIRG,CHGM,20,0.008205471186295868,0.11297716690161905,derived,transcribed_evidence_not_validated_model_input,metro3_fare_chart_20260918,31df5bd9bc8cbb188f78c7c0174177417ee00a548e19272ea0036fc0676f702a
GIRG,HUC,20,0.054457900807381776,0.07530877547097273,derived,transcribed_evidence_not_validated_model_input,metro3_fare_chart_20260918,31df5bd9bc8cbb188f78c7c0174177417ee00a548e19272ea0036fc0676f702a
GIRG,CSTM,10,0.05733136827715837,0.22763066555598274,derived,transcribed_evidence_not_validated_model_input,metro3_fare_chart_20260918,31df5bd9bc8cbb188f78c7c0174177417ee00a548e19272ea0036fc0676f702a
GIRG,KLBD,10,0.061714030928275446,0.22042451621171344,derived,transcribed_evidence_not_validated_model_input,metro3_fare_chart_20260918,31df5bd9bc8cbb188f78c7c0174177417ee00a548e19272ea0036fc0676f702a
GIRG,GIRG,10,0.10651752531077789,0.17688255585458584,derived,transcribed_evidence_not_validated_model_input,metro3_fare_chart_20260918,31df5bd9bc8cbb188f78c7c0174177417ee00a548e19272ea0036fc0676f702a
GIRG,GTRM,10,0.01282661049169123,0.26482501388354907,derived,transcribed_evidence_not_validated_model_input,metro3_fare_chart_20260918,31df5bd9bc8cbb188f78c7c0174177417ee00a548e19272ea0036fc0676f702a
GIRG,MCLM,20,0.0569906606433423,0.06976171023965141,derived,transcribed_evidence_not_validated_model_input,metro3_fare_chart_20260918,31df5bd9bc8cbb188f78c7c0174177417ee00a548e19272ea0036fc0676f702a
GIRG,MLXM,20,0.04485667905506429,0.06381295655517111,derived,transcribed_evidence_not_validated_model_input,metro3_fare_chart_20260918,31df5bd9bc8cbb188f78c7c0174177417ee00a548e19272ea0036fc0676f702a
GIRG,SCMU,30,0.03856897987953351,0.06861978832927507,derived,transcribed_evidence_not_validated_model_input,metro3_fare_chart_20260918,31df5bd9bc8cbb188f78c7c0174177417ee00a548e19272ea0036fc0676f702a
GIRG,ACA,30,0.018104067879875264,0.09213777286513733,derived,transcribed_evidence_not_validated_model_input,metro3_fare_chart_20260918,31df5bd9bc8cbb188f78c7c0174177417ee00a548e19272ea0036fc0676f702a
GIRG,WOR,30,0.01811362616942202,0.08585391836473152,derived,transcribed_evidence_not_validated_model_input,metro3_fare_chart_20260918,31df5bd9bc8cbb188f78c7c0174177417ee00a548e19272ea0036fc0676f702a
GIRG,SIDV,40,0.05848479751377675,0.11662279999145628,derived,transcribed_evidence_not_validated_model_input,metro3_fare_chart_20260918,31df5bd9bc8cbb188f78c7c0174177417ee00a548e19272ea0036fc0676f702a
GIRG,DDRM,40,0.018004907300610874,0.13238223012516553,derived,transcribed_evidence_not_validated_model_input,metro3_fare_chart_20260918,31df5bd9bc8cbb188f78c7c0174177417ee00a548e19272ea0036fc0676f702a
GIRG,SDIT,50,0.03982843137254902,0.05345831197402709,derived,transcribed_evidence_not_validated_model_input,metro3_fare_chart_20260918,31df5bd9bc8cbb188f78c7c0174177417ee00a548e19272ea0036fc0676f702a
GIRG,DHAV,50,0.022746299500192232,0.051750234952368745,derived,transcribed_evidence_not_validated_model_input,metro3_fare_chart_20260918,31df5bd9bc8cbb188f78c7c0174177417ee00a548e19272ea0036fc0676f702a
GIRG,BDRM,50,0.008473744072792515,0.07699447861933445,derived,transcribed_evidence_not_validated_model_input,metro3_fare_chart_20260918,31df5bd9bc8cbb188f78c7c0174177417ee00a548e19272ea0036fc0676f702a
GIRG,VIDN,50,0.014978720791148703,0.08405015165107438,derived,transcribed_evidence_not_validated_model_input,metro3_fare_chart_20260918,31df5bd9bc8cbb188f78c7c0174177417ee00a548e19272ea0036fc0676f702a
GIRG,STZM,50,0.052859904310308,0.04029187491990262,derived,transcribed_evidence_not_validated_model_input,metro3_fare_chart_20260918,31df5bd9bc8cbb188f78c7c0174177417ee00a548e19272ea0036fc0676f702a
GIRG,CIAD,60,0.04583939403648169,0.0904913174420095,derived,transcribed_evidence_not_validated_model_input,metro3_fare_chart_20260918,31df5bd9bc8cbb188f78c7c0174177417ee00a548e19272ea0036fc0676f702a
GIRG,SHRR,60,0.009156814686658977,0.08697552223503781,derived,transcribed_evidence_not_validated_model_input,metro3_fare_chart_20260918,31df5bd9bc8cbb188f78c7c0174177417ee00a548e19272ea0036fc0676f702a
GIRG,CSIA,60,0.016849048442906578,0.0642360844119783,derived,transcribed_evidence_not_validated_model_input,metro3_fare_chart_20260918,31df5bd9bc8cbb188f78c7c0174177417ee00a548e19272ea0036fc0676f702a
GIRG,MNK,60,0.025881391772395235,0.051196655132641294,derived,transcribed_evidence_not_validated_model_input,metro3_fare_chart_20260918,31df5bd9bc8cbb188f78c7c0174177417ee00a548e19272ea0036fc0676f702a
GIRG,MIDC,70,0.036902233115468405,0.0981691069674057,derived,transcribed_evidence_not_validated_model_input,metro3_fare_chart_20260918,31df5bd9bc8cbb188f78c7c0174177417ee00a548e19272ea0036fc0676f702a
GIRG,SEPZ,70,0.008463491605792644,0.17879829873125716,derived,transcribed_evidence_not_validated_model_input,metro3_fare_chart_20260918,31df5bd9bc8cbb188f78c7c0174177417ee00a548e19272ea0036fc0676f702a
GIRG,ARYJ,70,0.019824052714767823,0.14880000747575717,derived,transcribed_evidence_not_validated_model_input,metro3_fare_chart_20260918,31df5bd9bc8cbb188f78c7c0174177417ee00a548e19272ea0036fc0676f702a
GTRM,CUP,30,0.036960170233670805,0.07028939190055107,derived,transcribed_evidence_not_validated_model_input,metro3_fare_chart_20260918,31df5bd9bc8cbb188f78c7c0174177417ee00a548e19272ea0036fc0676f702a
GTRM,VIDB,30,0.029092336280917595,0.08100434127899526,derived,transcribed_evidence_not_validated_model_input,metro3_fare_chart_20260918,31df5bd9bc8cbb188f78c7c0174177417ee00a548e19272ea0036fc0676f702a
GTRM,CHGM,20,0.025904566619676193,0.09798298731257211,derived,transcribed_evidence_not_validated_model_input,metro3_fare_chart_20260918,31df5bd9bc8cbb188f78c7c0174177417ee00a548e19272ea0036fc0676f702a
GTRM,HUC,20,0.05963582382844205,0.06985601157674401,derived,transcribed_evidence_not_validated_model_input,metro3_fare_chart_20260918,31df5bd9bc8cbb188f78c7c0174177417ee00a548e19272ea0036fc0676f702a
GTRM,CSTM,20,0.04742756525268059,0.06124578153701567,derived,transcribed_evidence_not_validated_model_input,metro3_fare_chart_20260918,31df5bd9bc8cbb188f78c7c0174177417ee00a548e19272ea0036fc0676f702a
GTRM,KLBD,20,0.048093521722414455,0.05357447990089282,derived,transcribed_evidence_not_validated_model_input,metro3_fare_chart_20260918,31df5bd9bc8cbb188f78c7c0174177417ee00a548e19272ea0036fc0676f702a
GTRM,GIRG,10,0.08520176534666153,0.2044363279080696,derived,transcribed_evidence_not_validated_model_input,metro3_fare_chart_20260918,31df5bd9bc8cbb188f78c7c0174177417ee00a548e19272ea0036fc0676f702a
GTRM,GTRM,10,0.11193614101413986,0.17576888162672472,derived,transcribed_evidence_not_validated_model_input,metro3_fare_chart_20260918,31df5bd9bc8cbb188f78c7c0174177417ee00a548e19272ea0036fc0676f702a
GTRM,MCLM,10,0.030565861420821055,0.2537237280533128,derived,transcribed_evidence_not_validated_model_input,metro3_fare_chart_20260918,31df5bd9bc8cbb188f78c7c0174177417ee00a548e19272ea0036fc0676f702a
GTRM,MLXM,20,0.04878588363449955,0.06419213763936948,derived,transcribed_evidence_not_validated_model_input,metro3_fare_chart_20260918,31df5bd9bc8cbb188f78c7c0174177417ee00a548e19272ea0036fc0676f702a
GTRM,SCMU,20,0.044986970823187665,0.054449143491819375,derived,transcribed_evidence_not_validated_model_input,metro3_fare_chart_20260918,31df5bd9bc8cbb188f78c7c0174177417ee00a548e19272ea0036fc0676f702a
GTRM,ACA,20,0.03523038681703618,0.07735176641462686,derived,transcribed_evidence_not_validated_model_input,metro3_fare_chart_20260918,31df5bd9bc8cbb188f78c7c0174177417ee00a548e19272ea0036fc0676f702a
GTRM,WOR,30,0.024003588363449953,0.08391791084625572,derived,transcribed_evidence_not_validated_model_input,metro3_fare_chart_20260918,31df5bd9bc8cbb188f78c7c0174177417ee00a548e19272ea0036fc0676f702a
GTRM,SIDV,30,0.03833781878764578,0.06937537378785937,derived,transcribed_evidence_not_validated_model_input,metro3_fare_chart_20260918,31df5bd9bc8cbb188f78c7c0174177417ee00a548e19272ea0036fc0676f702a
GTRM,DDRM,40,0.028099635823828437,0.12582641825793497,derived,transcribed_evidence_not_validated_model_input,metro3_fare_chart_20260918,31df5bd9bc8cbb188f78c7c0174177417ee00a548e19272ea0036fc0676f702a
GTRM,SDIT,40,0.04670839741125207,0.10532618330556623,derived,transcribed_evidence_not_validated_model_input,metro3_fare_chart_20260918,31df5bd9bc8cbb188f78c7c0174177417ee00a548e19272ea0036fc0676f702a
GTRM,DHAV,50,0.03543570314836174,0.04646941347345039,derived,transcribed_evidence_not_validated_model_input,metro3_fare_chart_20260918,31df5bd9bc8cbb188f78c7c0174177417ee00a548e19272ea0036fc0676f702a
GTRM,BDRM,50,0.021519127258746638,0.06508431586142081,derived,transcribed_evidence_not_validated_model_input,metro3_fare_chart_20260918,31df5bd9bc8cbb188f78c7c0174177417ee00a548e19272ea0036fc0676f702a
GTRM,VIDN,50,0.018788740441710455,0.07890875304370114,derived,transcribed_evidence_not_validated_model_input,metro3_fare_chart_20260918,31df5bd9bc8cbb188f78c7c0174177417ee00a548e19272ea0036fc0676f702a
GTRM,STZM,50,0.05500453885257807,0.04082719253278655,derived,transcribed_evidence_not_validated_model_input,metro3_fare_chart_20260918,31df5bd9bc8cbb188f78c7c0174177417ee00a548e19272ea0036fc0676f702a
GTRM,CIAD,60,0.048635273826306114,0.08591220257166046,derived,transcribed_evidence_not_validated_model_input,metro3_fare_chart_20260918,31df5bd9bc8cbb188f78c7c0174177417ee00a548e19272ea0036fc0676f702a
GTRM,SHRR,60,0.029610112563543938,0.08202160493827158,derived,transcribed_evidence_not_validated_model_input,metro3_fare_chart_20260918,31df5bd9bc8cbb188f78c7c0174177417ee00a548e19272ea0036fc0676f702a
GTRM,CSIA,60,0.029732234397026786,0.06183823529411764,derived,transcribed_evidence_not_validated_model_input,metro3_fare_chart_20260918,31df5bd9bc8cbb188f78c7c0174177417ee00a548e19272ea0036fc0676f702a
GTRM,MNK,60,0.03382876244179589,0.042366130548079806,derived,transcribed_evidence_not_validated_model_input,metro3_fare_chart_20260918,31df5bd9bc8cbb188f78c7c0174177417ee00a548e19272ea0036fc0676f702a
GTRM,MIDC,60,0.05204817057541971,0.02073470673672518,derived,transcribed_evidence_not_validated_model_input,metro3_fare_chart_20260918,31df5bd9bc8cbb188f78c7c0174177417ee00a548e19272ea0036fc0676f702a
GTRM,SEPZ,60,0.04862948011448588,0.09161834123627664,derived,transcribed_evidence_not_validated_model_input,metro3_fare_chart_20260918,31df5bd9bc8cbb188f78c7c0174177417ee00a548e19272ea0036fc0676f702a
GTRM,ARYJ,70,0.03302963069759494,0.1372419528813704,derived,transcribed_evidence_not_validated_model_input,metro3_fare_chart_20260918,31df5bd9bc8cbb188f78c7c0174177417ee00a548e19272ea0036fc0676f702a
MCLM,CUP,40,0.06860021786492375,0.10357306484685379,derived,transcribed_evidence_not_validated_model_input,metro3_fare_chart_20260918,31df5bd9bc8cbb188f78c7c0174177417ee00a548e19272ea0036fc0676f702a
MCLM,VIDB,30,0.04658955957110514,0.06288203789140927,derived,transcribed_evidence_not_validated_model_input,metro3_fare_chart_20260918,31df5bd9bc8cbb188f78c7c0174177417ee00a548e19272ea0036fc0676f702a
MCLM,CHGM,30,0.04804223268828229,0.06719261288393352,derived,transcribed_evidence_not_validated_model_input,metro3_fare_chart_20260918,31df5bd9bc8cbb188f78c7c0174177417ee00a548e19272ea0036fc0676f702a
MCLM,HUC,30,0.07010327224571745,0.061967432397795716,derived,transcribed_evidence_not_validated_model_input,metro3_fare_chart_20260918,31df5bd9bc8cbb188f78c7c0174177417ee00a548e19272ea0036fc0676f702a
MCLM,CSTM,20,0.09033277799137084,0.018117497543679806,derived,transcribed_evidence_not_validated_model_input,metro3_fare_chart_20260918,31df5bd9bc8cbb188f78c7c0174177417ee00a548e19272ea0036fc0676f702a
MCLM,KLBD,20,0.09318224294074928,0.020995236874706308,derived,transcribed_evidence_not_validated_model_input,metro3_fare_chart_20260918,31df5bd9bc8cbb188f78c7c0174177417ee00a548e19272ea0036fc0676f702a
MCLM,GIRG,20,0.06992019629202444,0.055089014908795766,derived,transcribed_evidence_not_validated_model_input,metro3_fare_chart_20260918,31df5bd9bc8cbb188f78c7c0174177417ee00a548e19272ea0036fc0676f702a
MCLM,GTRM,10,0.10234741445597846,0.18620776197189115,derived,transcribed_evidence_not_validated_model_input,metro3_fare_chart_20260918,31df5bd9bc8cbb188f78c7c0174177417ee00a548e19272ea0036fc0676f702a
MCLM,MCLM,10,0.13768099342133366,0.16473316886667522,derived,transcribed_evidence_not_validated_model_input,metro3_fare_chart_20260918,31df5bd9bc8cbb188f78c7c0174177417ee00a548e19272ea0036fc0676f702a
MCLM,MLXM,10,0.06666922978341663,0.23402489427143405,derived,transcribed_evidence_not_validated_model_input,metro3_fare_chart_20260918,31df5bd9bc8cbb188f78c7c0174177417ee00a548e19272ea0036fc0676f702a
MCLM,SCMU,20,0.09064793455508564,0.015555822546883688,derived,transcribed_evidence_not_validated_model_input,metro3_fare_chart_20260918,31df5bd9bc8cbb188f78c7c0174177417ee00a548e19272ea0036fc0676f702a
MCLM,ACA,20,0.0695330321671152,0.055027019522405934,derived,transcribed_evidence_not_validated_model_input,metro3_fare_chart_20260918,31df5bd9bc8cbb188f78c7c0174177417ee00a548e19272ea0036fc0676f702a
MCLM,WOR,20,0.06660921013285488,0.054017632107309144,derived,transcribed_evidence_not_validated_model_input,metro3_fare_chart_20260918,31df5bd9bc8cbb188f78c7c0174177417ee00a548e19272ea0036fc0676f702a
MCLM,SIDV,30,0.05504125016019479,0.0674363759665086,derived,transcribed_evidence_not_validated_model_input,metro3_fare_chart_20260918,31df5bd9bc8cbb188f78c7c0174177417ee00a548e19272ea0036fc0676f702a
MCLM,DDRM,30,0.0759594066384724,0.061664771028237,derived,transcribed_evidence_not_validated_model_input,metro3_fare_chart_20260918,31df5bd9bc8cbb188f78c7c0174177417ee00a548e19272ea0036fc0676f702a
MCLM,SDIT,40,0.055172316203169716,0.10409882417019097,derived,transcribed_evidence_not_validated_model_input,metro3_fare_chart_20260918,31df5bd9bc8cbb188f78c7c0174177417ee00a548e19272ea0036fc0676f702a
MCLM,DHAV,40,0.06860021786492375,0.10357306484685379,derived,transcribed_evidence_not_validated_model_input,metro3_fare_chart_20260918,31df5bd9bc8cbb188f78c7c0174177417ee00a548e19272ea0036fc0676f702a
MCLM,BDRM,50,0.03776234567901235,0.06562865778119525,derived,transcribed_evidence_not_validated_model_input,metro3_fare_chart_20260918,31df5bd9bc8cbb188f78c7c0174177417ee00a548e19272ea0036fc0676f702a
MCLM,VIDN,50,0.04084745717459096,0.07754421376393694,derived,transcribed_evidence_not_validated_model_input,metro3_fare_chart_20260918,31df5bd9bc8cbb188f78c7c0174177417ee00a548e19272ea0036fc0676f702a
MCLM,STZM,50,0.06306215024136017,0.04284110812080824,derived,transcribed_evidence_not_validated_model_input,metro3_fare_chart_20260918,31df5bd9bc8cbb188f78c7c0174177417ee00a548e19272ea0036fc0676f702a
MCLM,CIAD,50,0.05604572493485412,0.04975388739373742,derived,transcribed_evidence_not_validated_model_input,metro3_fare_chart_20260918,31df5bd9bc8cbb188f78c7c0174177417ee00a548e19272ea0036fc0676f702a
MCLM,SHRR,60,0.04320523089410057,0.07740073262420437,derived,transcribed_evidence_not_validated_model_input,metro3_fare_chart_20260918,31df5bd9bc8cbb188f78c7c0174177417ee00a548e19272ea0036fc0676f702a
MCLM,CSIA,60,0.046544945320175994,0.05266532103037292,derived,transcribed_evidence_not_validated_model_input,metro3_fare_chart_20260918,31df5bd9bc8cbb188f78c7c0174177417ee00a548e19272ea0036fc0676f702a
MCLM,MNK,60,0.05552554573027468,0.03425215728993123,derived,transcribed_evidence_not_validated_model_input,metro3_fare_chart_20260918,31df5bd9bc8cbb188f78c7c0174177417ee00a548e19272ea0036fc0676f702a
MCLM,MIDC,60,0.07308188090050835,0.02086900337477038,derived,transcribed_evidence_not_validated_model_input,metro3_fare_chart_20260918,31df5bd9bc8cbb188f78c7c0174177417ee00a548e19272ea0036fc0676f702a
MCLM,SEPZ,60,0.05923891452005639,0.08657930710410522,derived,transcribed_evidence_not_validated_model_input,metro3_fare_chart_20260918,31df5bd9bc8cbb188f78c7c0174177417ee00a548e19272ea0036fc0676f702a
MCLM,ARYJ,70,0.049049350677090015,0.1369093350847964,derived,transcribed_evidence_not_validated_model_input,metro3_fare_chart_20260918,31df5bd9bc8cbb188f78c7c0174177417ee00a548e19272ea0036fc0676f702a
MLXM,CUP,40,0.07075638643256868,0.09248870626682043,derived,transcribed_evidence_not_validated_model_input,metro3_fare_chart_20260918,31df5bd9bc8cbb188f78c7c0174177417ee00a548e19272ea0036fc0676f702a
MLXM,VIDB,30,0.03246860181981289,0.08969045025417574,derived,transcribed_evidence_not_validated_model_input,metro3_fare_chart_20260918,31df5bd9bc8cbb188f78c7c0174177417ee00a548e19272ea0036fc0676f702a
MLXM,CHGM,30,0.04663230488273741,0.07497645136485967,derived,transcribed_evidence_not_validated_model_input,metro3_fare_chart_20260918,31df5bd9bc8cbb188f78c7c0174177417ee00a548e19272ea0036fc0676f702a
MLXM,HUC,30,0.0680457302746807,0.06392867059677901,derived,transcribed_evidence_not_validated_model_input,metro3_fare_chart_20260918,31df5bd9bc8cbb188f78c7c0174177417ee00a548e19272ea0036fc0676f702a
MLXM,CSTM,30,0.05956087936263829,0.08041351616899484,derived,transcribed_evidence_not_validated_model_input,metro3_fare_chart_20260918,31df5bd9bc8cbb188f78c7c0174177417ee00a548e19272ea0036fc0676f702a
MLXM,KLBD,20,0.04702560980819343,0.06474240676662824,derived,transcribed_evidence_not_validated_model_input,metro3_fare_chart_20260918,31df5bd9bc8cbb188f78c7c0174177417ee00a548e19272ea0036fc0676f702a
MLXM,GIRG,20,0.0455097932419155,0.0843447498825238,derived,transcribed_evidence_not_validated_model_input,metro3_fare_chart_20260918,31df5bd9bc8cbb188f78c7c0174177417ee00a548e19272ea0036fc0676f702a
MLXM,GTRM,20,0.03588294032209834,0.09796910376350973,derived,transcribed_evidence_not_validated_model_input,metro3_fare_chart_20260918,31df5bd9bc8cbb188f78c7c0174177417ee00a548e19272ea0036fc0676f702a
MLXM,MCLM,10,0.04868666965696954,0.22596266393267544,derived,transcribed_evidence_not_validated_model_input,metro3_fare_chart_20260918,31df5bd9bc8cbb188f78c7c0174177417ee00a548e19272ea0036fc0676f702a
MLXM,MLXM,10,0.15802447776496217,0.1342147785039942,derived,transcribed_evidence_not_validated_model_input,metro3_fare_chart_20260918,31df5bd9bc8cbb188f78c7c0174177417ee00a548e19272ea0036fc0676f702a
MLXM,SCMU,10,0.05603632684010423,0.2400983062070144,derived,transcribed_evidence_not_validated_model_input,metro3_fare_chart_20260918,31df5bd9bc8cbb188f78c7c0174177417ee00a548e19272ea0036fc0676f702a
MLXM,ACA,20,0.048613353838267336,0.08123376692725018,derived,transcribed_evidence_not_validated_model_input,metro3_fare_chart_20260918,31df5bd9bc8cbb188f78c7c0174177417ee00a548e19272ea0036fc0676f702a
MLXM,WOR,20,0.03787629757785468,0.0919152355931479,derived,transcribed_evidence_not_validated_model_input,metro3_fare_chart_20260918,31df5bd9bc8cbb188f78c7c0174177417ee00a548e19272ea0036fc0676f702a
MLXM,SIDV,30,0.05352249668930753,0.07049959417318125,derived,transcribed_evidence_not_validated_model_input,metro3_fare_chart_20260918,31df5bd9bc8cbb188f78c7c0174177417ee00a548e19272ea0036fc0676f702a
MLXM,DDRM,30,0.07691448801742919,0.058683892947157104,derived,transcribed_evidence_not_validated_model_input,metro3_fare_chart_20260918,31df5bd9bc8cbb188f78c7c0174177417ee00a548e19272ea0036fc0676f702a
MLXM,SDIT,40,0.050898532615660644,0.0986591428510402,derived,transcribed_evidence_not_validated_model_input,metro3_fare_chart_20260918,31df5bd9bc8cbb188f78c7c0174177417ee00a548e19272ea0036fc0676f702a
MLXM,DHAV,40,0.07075638643256868,0.09248870626682043,derived,transcribed_evidence_not_validated_model_input,metro3_fare_chart_20260918,31df5bd9bc8cbb188f78c7c0174177417ee00a548e19272ea0036fc0676f702a
MLXM,BDRM,50,0.049954424580289626,0.050461254218463,derived,transcribed_evidence_not_validated_model_input,metro3_fare_chart_20260918,31df5bd9bc8cbb188f78c7c0174177417ee00a548e19272ea0036fc0676f702a
MLXM,VIDN,50,0.05459139647144261,0.04953487440727926,derived,transcribed_evidence_not_validated_model_input,metro3_fare_chart_20260918,31df5bd9bc8cbb188f78c7c0174177417ee00a548e19272ea0036fc0676f702a
MLXM,STZM,50,0.08026979473706694,0.022534174889999564,derived,transcribed_evidence_not_validated_model_input,metro3_fare_chart_20260918,31df5bd9bc8cbb188f78c7c0174177417ee00a548e19272ea0036fc0676f702a
MLXM,CIAD,50,0.07749615532487504,0.02410469797940963,derived,transcribed_evidence_not_validated_model_input,metro3_fare_chart_20260918,31df5bd9bc8cbb188f78c7c0174177417ee00a548e19272ea0036fc0676f702a
MLXM,SHRR,60,0.033271471442607545,0.08857287795292407,derived,transcribed_evidence_not_validated_model_input,metro3_fare_chart_20260918,31df5bd9bc8cbb188f78c7c0174177417ee00a548e19272ea0036fc0676f702a
MLXM,CSIA,60,0.033709524114656754,0.06501762142765602,derived,transcribed_evidence_not_validated_model_input,metro3_fare_chart_20260918,31df5bd9bc8cbb188f78c7c0174177417ee00a548e19272ea0036fc0676f702a
MLXM,MNK,60,0.04448636208295955,0.04176422529796232,derived,transcribed_evidence_not_validated_model_input,metro3_fare_chart_20260918,31df5bd9bc8cbb188f78c7c0174177417ee00a548e19272ea0036fc0676f702a
MLXM,MIDC,60,0.06137073347857661,0.02352610107223719,derived,transcribed_evidence_not_validated_model_input,metro3_fare_chart_20260918,31df5bd9bc8cbb188f78c7c0174177417ee00a548e19272ea0036fc0676f702a
MLXM,SEPZ,60,0.06021316587637234,0.08374594173181255,derived,transcribed_evidence_not_validated_model_input,metro3_fare_chart_20260918,31df5bd9bc8cbb188f78c7c0174177417ee00a548e19272ea0036fc0676f702a
MLXM,ARYJ,60,0.04048421547268145,0.08658528770985519,derived,transcribed_evidence_not_validated_model_input,metro3_fare_chart_20260918,31df5bd9bc8cbb188f78c7c0174177417ee00a548e19272ea0036fc0676f702a
SCMU,CUP,40,0.07011093489683456,0.08877779379725745,derived,transcribed_evidence_not_validated_model_input,metro3_fare_chart_20260918,31df5bd9bc8cbb188f78c7c0174177417ee00a548e19272ea0036fc0676f702a
SCMU,VIDB,40,0.07119099491648512,0.09037867380067494,derived,transcribed_evidence_not_validated_model_input,metro3_fare_chart_20260918,31df5bd9bc8cbb188f78c7c0174177417ee00a548e19272ea0036fc0676f702a
SCMU,CHGM,40,0.06805673031739928,0.10277646952027,derived,transcribed_evidence_not_validated_model_input,metro3_fare_chart_20260918,31df5bd9bc8cbb188f78c7c0174177417ee00a548e19272ea0036fc0676f702a
SCMU,HUC,30,0.055988481994104826,0.06570581827502242,derived,transcribed_evidence_not_validated_model_input,metro3_fare_chart_20260918,31df5bd9bc8cbb188f78c7c0174177417ee00a548e19272ea0036fc0676f702a
SCMU,CSTM,30,0.04307082745952411,0.08585418535605963,derived,transcribed_evidence_not_validated_model_input,metro3_fare_chart_20260918,31df5bd9bc8cbb188f78c7c0174177417ee00a548e19272ea0036fc0676f702a
SCMU,KLBD,30,0.029569129394677263,0.08192364581998374,derived,transcribed_evidence_not_validated_model_input,metro3_fare_chart_20260918,31df5bd9bc8cbb188f78c7c0174177417ee00a548e19272ea0036fc0676f702a
SCMU,GIRG,30,0.00986244606775172,0.10330607351873211,derived,transcribed_evidence_not_validated_model_input,metro3_fare_chart_20260918,31df5bd9bc8cbb188f78c7c0174177417ee00a548e19272ea0036fc0676f702a
SCMU,GTRM,20,0.015593361527617582,0.1034662416164723,derived,transcribed_evidence_not_validated_model_input,metro3_fare_chart_20260918,31df5bd9bc8cbb188f78c7c0174177417ee00a548e19272ea0036fc0676f702a
SCMU,MCLM,20,0.05245207505660216,0.08497354115938316,derived,transcribed_evidence_not_validated_model_input,metro3_fare_chart_20260918,31df5bd9bc8cbb188f78c7c0174177417ee00a548e19272ea0036fc0676f702a
SCMU,MLXM,10,0.05451845444059977,0.22917654534580717,derived,transcribed_evidence_not_validated_model_input,metro3_fare_chart_20260918,31df5bd9bc8cbb188f78c7c0174177417ee00a548e19272ea0036fc0676f702a
SCMU,SCMU,10,0.09420540710837712,0.19232586825579912,derived,transcribed_evidence_not_validated_model_input,metro3_fare_chart_20260918,31df5bd9bc8cbb188f78c7c0174177417ee00a548e19272ea0036fc0676f702a
SCMU,ACA,10,0.08002824768251528,0.20072562903156904,derived,transcribed_evidence_not_validated_model_input,metro3_fare_chart_20260918,31df5bd9bc8cbb188f78c7c0174177417ee00a548e19272ea0036fc0676f702a
SCMU,WOR,20,0.02156857405271477,0.09791944337647913,derived,transcribed_evidence_not_validated_model_input,metro3_fare_chart_20260918,31df5bd9bc8cbb188f78c7c0174177417ee00a548e19272ea0036fc0676f702a
SCMU,SIDV,20,0.05805112349950874,0.08154646717074626,derived,transcribed_evidence_not_validated_model_input,metro3_fare_chart_20260918,31df5bd9bc8cbb188f78c7c0174177417ee00a548e19272ea0036fc0676f702a
SCMU,DDRM,30,0.06119211628006322,0.062642146183092,derived,transcribed_evidence_not_validated_model_input,metro3_fare_chart_20260918,31df5bd9bc8cbb188f78c7c0174177417ee00a548e19272ea0036fc0676f702a
SCMU,SDIT,30,0.05129381327694476,0.06959259793241915,derived,transcribed_evidence_not_validated_model_input,metro3_fare_chart_20260918,31df5bd9bc8cbb188f78c7c0174177417ee00a548e19272ea0036fc0676f702a
SCMU,DHAV,40,0.07011093489683456,0.08877779379725745,derived,transcribed_evidence_not_validated_model_input,metro3_fare_chart_20260918,31df5bd9bc8cbb188f78c7c0174177417ee00a548e19272ea0036fc0676f702a
SCMU,BDRM,40,0.07119099491648512,0.09037867380067494,derived,transcribed_evidence_not_validated_model_input,metro3_fare_chart_20260918,31df5bd9bc8cbb188f78c7c0174177417ee00a548e19272ea0036fc0676f702a
SCMU,VIDN,40,0.06805673031739928,0.10277646952027,derived,transcribed_evidence_not_validated_model_input,metro3_fare_chart_20260918,31df5bd9bc8cbb188f78c7c0174177417ee00a548e19272ea0036fc0676f702a
SCMU,STZM,50,0.06266006130120894,0.023116215985304805,derived,transcribed_evidence_not_validated_model_input,metro3_fare_chart_20260918,31df5bd9bc8cbb188f78c7c0174177417ee00a548e19272ea0036fc0676f702a
SCMU,CIAD,50,0.05504621619889786,0.030594856679055073,derived,transcribed_evidence_not_validated_model_input,metro3_fare_chart_20260918,31df5bd9bc8cbb188f78c7c0174177417ee00a548e19272ea0036fc0676f702a
SCMU,SHRR,50,0.05747105814003162,0.02560652420009396,derived,transcribed_evidence_not_validated_model_input,metro3_fare_chart_20260918,31df5bd9bc8cbb188f78c7c0174177417ee00a548e19272ea0036fc0676f702a
SCMU,CSIA,50,0.021446238626169425,0.05097916399675337,derived,transcribed_evidence_not_validated_model_input,metro3_fare_chart_20260918,31df5bd9bc8cbb188f78c7c0174177417ee00a548e19272ea0036fc0676f702a
SCMU,MNK,60,0.03210570720662993,0.04226680977401853,derived,transcribed_evidence_not_validated_model_input,metro3_fare_chart_20260918,31df5bd9bc8cbb188f78c7c0174177417ee00a548e19272ea0036fc0676f702a
SCMU,MIDC,60,0.04645253962151309,0.022501815541031228,derived,transcribed_evidence_not_validated_model_input,metro3_fare_chart_20260918,31df5bd9bc8cbb188f78c7c0174177417ee00a548e19272ea0036fc0676f702a
SCMU,SEPZ,60,0.0542347494553377,0.08942797107949933,derived,transcribed_evidence_not_validated_model_input,metro3_fare_chart_20260918,31df5bd9bc8cbb188f78c7c0174177417ee00a548e19272ea0036fc0676f702a
SCMU,ARYJ,60,0.02925116942201717,0.08974779999145627,derived,transcribed_evidence_not_validated_model_input,metro3_fare_chart_20260918,31df5bd9bc8cbb188f78c7c0174177417ee00a548e19272ea0036fc0676f702a
ACA,CUP,40,0.05604297492417446,0.09742425456021189,derived,transcribed_evidence_not_validated_model_input,metro3_fare_chart_20260918,31df5bd9bc8cbb188f78c7c0174177417ee00a548e19272ea0036fc0676f702a
ACA,VIDB,40,0.05830180165748216,0.1061016329189628,derived,transcribed_evidence_not_validated_model_input,metro3_fare_chart_20260918,31df5bd9bc8cbb188f78c7c0174177417ee00a548e19272ea0036fc0676f702a
ACA,CHGM,40,0.05184386881114102,0.11064214084326539,derived,transcribed_evidence_not_validated_model_input,metro3_fare_chart_20260918,31df5bd9bc8cbb188f78c7c0174177417ee00a548e19272ea0036fc0676f702a
ACA,HUC,40,0.00553342197445427,0.14299064996368918,derived,transcribed_evidence_not_validated_model_input,metro3_fare_chart_20260918,31df5bd9bc8cbb188f78c7c0174177417ee00a548e19272ea0036fc0676f702a
ACA,CSTM,30,0.04954269725319322,0.07335263680635654,derived,transcribed_evidence_not_validated_model_input,metro3_fare_chart_20260918,31df5bd9bc8cbb188f78c7c0174177417ee00a548e19272ea0036fc0676f702a
ACA,KLBD,30,0.022748141740356276,0.08638549809902174,derived,transcribed_evidence_not_validated_model_input,metro3_fare_chart_20260918,31df5bd9bc8cbb188f78c7c0174177417ee00a548e19272ea0036fc0676f702a
ACA,GIRG,30,0.009332441582297409,0.1010090403263702,derived,transcribed_evidence_not_validated_model_input,metro3_fare_chart_20260918,31df5bd9bc8cbb188f78c7c0174177417ee00a548e19272ea0036fc0676f702a
ACA,GTRM,20,0.0067506087402281175,0.11416559870135416,derived,transcribed_evidence_not_validated_model_input,metro3_fare_chart_20260918,31df5bd9bc8cbb188f78c7c0174177417ee00a548e19272ea0036fc0676f702a
ACA,MCLM,20,0.0563230755265069,0.07174769853475157,derived,transcribed_evidence_not_validated_model_input,metro3_fare_chart_20260918,31df5bd9bc8cbb188f78c7c0174177417ee00a548e19272ea0036fc0676f702a
ACA,MLXM,20,0.04401845978042633,0.06729975650390875,derived,transcribed_evidence_not_validated_model_input,metro3_fare_chart_20260918,31df5bd9bc8cbb188f78c7c0174177417ee00a548e19272ea0036fc0676f702a
ACA,SCMU,10,0.038739266948609505,0.24711665385108295,derived,transcribed_evidence_not_validated_model_input,metro3_fare_chart_20260918,31df5bd9bc8cbb188f78c7c0174177417ee00a548e19272ea0036fc0676f702a
ACA,ACA,10,0.10871457025075824,0.19050456021188433,derived,transcribed_evidence_not_validated_model_input,metro3_fare_chart_20260918,31df5bd9bc8cbb188f78c7c0174177417ee00a548e19272ea0036fc0676f702a
ACA,WOR,10,0.00508431586142082,0.2756603229527105,derived,transcribed_evidence_not_validated_model_input,metro3_fare_chart_20260918,31df5bd9bc8cbb188f78c7c0174177417ee00a548e19272ea0036fc0676f702a
ACA,SIDV,20,0.058344894057841,0.07060033000128157,derived,transcribed_evidence_not_validated_model_input,metro3_fare_chart_20260918,31df5bd9bc8cbb188f78c7c0174177417ee00a548e19272ea0036fc0676f702a
ACA,DDRM,20,0.04855693857063523,0.07877846127557778,derived,transcribed_evidence_not_validated_model_input,metro3_fare_chart_20260918,31df5bd9bc8cbb188f78c7c0174177417ee00a548e19272ea0036fc0676f702a
ACA,SDIT,30,0.054189814814814816,0.05547212076551754,derived,transcribed_evidence_not_validated_model_input,metro3_fare_chart_20260918,31df5bd9bc8cbb188f78c7c0174177417ee00a548e19272ea0036fc0676f702a
ACA,DHAV,40,0.05604297492417446,0.09742425456021189,derived,transcribed_evidence_not_validated_model_input,metro3_fare_chart_20260918,31df5bd9bc8cbb188f78c7c0174177417ee00a548e19272ea0036fc0676f702a
ACA,BDRM,40,0.05830180165748216,0.1061016329189628,derived,transcribed_evidence_not_validated_model_input,metro3_fare_chart_20260918,31df5bd9bc8cbb188f78c7c0174177417ee00a548e19272ea0036fc0676f702a
ACA,VIDN,40,0.05184386881114102,0.11064214084326539,derived,transcribed_evidence_not_validated_model_input,metro3_fare_chart_20260918,31df5bd9bc8cbb188f78c7c0174177417ee00a548e19272ea0036fc0676f702a
ACA,STZM,50,0.04953615596565423,0.04301630783032168,derived,transcribed_evidence_not_validated_model_input,metro3_fare_chart_20260918,31df5bd9bc8cbb188f78c7c0174177417ee00a548e19272ea0036fc0676f702a
ACA,CIAD,50,0.039962728010594216,0.04832671194839592,derived,transcribed_evidence_not_validated_model_input,metro3_fare_chart_20260918,31df5bd9bc8cbb188f78c7c0174177417ee00a548e19272ea0036fc0676f702a
ACA,SHRR,50,0.04318915801614763,0.0396767535990431,derived,transcribed_evidence_not_validated_model_input,metro3_fare_chart_20260918,31df5bd9bc8cbb188f78c7c0174177417ee00a548e19272ea0036fc0676f702a
ACA,CSIA,50,0.011036834123627666,0.06796125421846297,derived,transcribed_evidence_not_validated_model_input,metro3_fare_chart_20260918,31df5bd9bc8cbb188f78c7c0174177417ee00a548e19272ea0036fc0676f702a
ACA,MNK,60,0.026243432013328207,0.04704899824853688,derived,transcribed_evidence_not_validated_model_input,metro3_fare_chart_20260918,31df5bd9bc8cbb188f78c7c0174177417ee00a548e19272ea0036fc0676f702a
ACA,MIDC,60,0.047952950788158394,0.014668610363535395,derived,transcribed_evidence_not_validated_model_input,metro3_fare_chart_20260918,31df5bd9bc8cbb188f78c7c0174177417ee00a548e19272ea0036fc0676f702a
ACA,SEPZ,60,0.05214615639284036,0.09263584518774828,derived,transcribed_evidence_not_validated_model_input,metro3_fare_chart_20260918,31df5bd9bc8cbb188f78c7c0174177417ee00a548e19272ea0036fc0676f702a
ACA,ARYJ,60,0.02010351253791277,0.09231988765004912,derived,transcribed_evidence_not_validated_model_input,metro3_fare_chart_20260918,31df5bd9bc8cbb188f78c7c0174177417ee00a548e19272ea0036fc0676f702a
WOR,CUP,50,0.03089386026741851,0.04973471741637832,derived,transcribed_evidence_not_validated_model_input,metro3_fare_chart_20260918,31df5bd9bc8cbb188f78c7c0174177417ee00a548e19272ea0036fc0676f702a
WOR,VIDB,40,0.06475671750181555,0.10320146631637406,derived,transcribed_evidence_not_validated_model_input,metro3_fare_chart_20260918,31df5bd9bc8cbb188f78c7c0174177417ee00a548e19272ea0036fc0676f702a
WOR,CHGM,40,0.05330740847537272,0.11257136678200694,derived,transcribed_evidence_not_validated_model_input,metro3_fare_chart_20260918,31df5bd9bc8cbb188f78c7c0174177417ee00a548e19272ea0036fc0676f702a
WOR,HUC,40,0.013314029860310135,0.14231959395958818,derived,transcribed_evidence_not_validated_model_input,metro3_fare_chart_20260918,31df5bd9bc8cbb188f78c7c0174177417ee00a548e19272ea0036fc0676f702a
WOR,CSTM,40,0.03974651843308129,0.10759609017899098,derived,transcribed_evidence_not_validated_model_input,metro3_fare_chart_20260918,31df5bd9bc8cbb188f78c7c0174177417ee00a548e19272ea0036fc0676f702a
WOR,KLBD,40,0.058714730445555134,0.09522339164423937,derived,transcribed_evidence_not_validated_model_input,metro3_fare_chart_20260918,31df5bd9bc8cbb188f78c7c0174177417ee00a548e19272ea0036fc0676f702a
WOR,GIRG,30,0.02392023367081037,0.08548552373018925,derived,transcribed_evidence_not_validated_model_input,metro3_fare_chart_20260918,31df5bd9bc8cbb188f78c7c0174177417ee00a548e19272ea0036fc0676f702a
WOR,GTRM,30,0.0228811835191593,0.08379183754111667,derived,transcribed_evidence_not_validated_model_input,metro3_fare_chart_20260918,31df5bd9bc8cbb188f78c7c0174177417ee00a548e19272ea0036fc0676f702a
WOR,MCLM,20,0.06266003460207613,0.06555713080439145,derived,transcribed_evidence_not_validated_model_input,metro3_fare_chart_20260918,31df5bd9bc8cbb188f78c7c0174177417ee00a548e19272ea0036fc0676f702a
WOR,MLXM,20,0.04543076380879149,0.0649242812593447,derived,transcribed_evidence_not_validated_model_input,metro3_fare_chart_20260918,31df5bd9bc8cbb188f78c7c0174177417ee00a548e19272ea0036fc0676f702a
WOR,SCMU,20,0.044553697295911826,0.053614635396642324,derived,transcribed_evidence_not_validated_model_input,metro3_fare_chart_20260918,31df5bd9bc8cbb188f78c7c0174177417ee00a548e19272ea0036fc0676f702a
WOR,ACA,10,0.08051523986500918,0.20531024392327735,derived,transcribed_evidence_not_validated_model_input,metro3_fare_chart_20260918,31df5bd9bc8cbb188f78c7c0174177417ee00a548e19272ea0036fc0676f702a
WOR,WOR,10,0.108969039685591,0.1833929791960357,derived,transcribed_evidence_not_validated_model_input,metro3_fare_chart_20260918,31df5bd9bc8cbb188f78c7c0174177417ee00a548e19272ea0036fc0676f702a
WOR,SIDV,10,0.027672663291896278,0.2547224892135503,derived,transcribed_evidence_not_validated_model_input,metro3_fare_chart_20260918,31df5bd9bc8cbb188f78c7c0174177417ee00a548e19272ea0036fc0676f702a
WOR,DDRM,20,0.04934368191721133,0.07307360416933659,derived,transcribed_evidence_not_validated_model_input,metro3_fare_chart_20260918,31df5bd9bc8cbb188f78c7c0174177417ee00a548e19272ea0036fc0676f702a
WOR,SDIT,20,0.044235790721517364,0.057208819257550524,derived,transcribed_evidence_not_validated_model_input,metro3_fare_chart_20260918,31df5bd9bc8cbb188f78c7c0174177417ee00a548e19272ea0036fc0676f702a
WOR,DHAV,30,0.031315786663249176,0.07456552501174761,derived,transcribed_evidence_not_validated_model_input,metro3_fare_chart_20260918,31df5bd9bc8cbb188f78c7c0174177417ee00a548e19272ea0036fc0676f702a
WOR,BDRM,40,0.06475671750181555,0.10320146631637406,derived,transcribed_evidence_not_validated_model_input,metro3_fare_chart_20260918,31df5bd9bc8cbb188f78c7c0174177417ee00a548e19272ea0036fc0676f702a
WOR,VIDN,40,0.05330740847537272,0.11257136678200694,derived,transcribed_evidence_not_validated_model_input,metro3_fare_chart_20260918,31df5bd9bc8cbb188f78c7c0174177417ee00a548e19272ea0036fc0676f702a
WOR,STZM,40,0.013314029860310135,0.14231959395958818,derived,transcribed_evidence_not_validated_model_input,metro3_fare_chart_20260918,31df5bd9bc8cbb188f78c7c0174177417ee00a548e19272ea0036fc0676f702a
WOR,CIAD,50,0.04154377055833226,0.052992065017728227,derived,transcribed_evidence_not_validated_model_input,metro3_fare_chart_20260918,31df5bd9bc8cbb188f78c7c0174177417ee00a548e19272ea0036fc0676f702a
WOR,SHRR,50,0.03551168888034517,0.043004079627493697,derived,transcribed_evidence_not_validated_model_input,metro3_fare_chart_20260918,31df5bd9bc8cbb188f78c7c0174177417ee00a548e19272ea0036fc0676f702a
WOR,CSIA,50,0.01962015143748131,0.06027505446623093,derived,transcribed_evidence_not_validated_model_input,metro3_fare_chart_20260918,31df5bd9bc8cbb188f78c7c0174177417ee00a548e19272ea0036fc0676f702a
WOR,MNK,50,0.016221752317484725,0.07872201930881285,derived,transcribed_evidence_not_validated_model_input,metro3_fare_chart_20260918,31df5bd9bc8cbb188f78c7c0174177417ee00a548e19272ea0036fc0676f702a
WOR,MIDC,50,0.053785269554444876,0.037606209150326794,derived,transcribed_evidence_not_validated_model_input,metro3_fare_chart_20260918,31df5bd9bc8cbb188f78c7c0174177417ee00a548e19272ea0036fc0676f702a
WOR,SEPZ,60,0.04634705134777222,0.0910291981716434,derived,transcribed_evidence_not_validated_model_input,metro3_fare_chart_20260918,31df5bd9bc8cbb188f78c7c0174177417ee00a548e19272ea0036fc0676f702a
WOR,ARYJ,60,0.025750272331154685,0.08573454654192833,derived,transcribed_evidence_not_validated_model_input,metro3_fare_chart_20260918,31df5bd9bc8cbb188f78c7c0174177417ee00a548e19272ea0036fc0676f702a
SIDV,CUP,50,0.038541800162330726,0.05477337776069035,derived,transcribed_evidence_not_validated_model_input,metro3_fare_chart_20260918,31df5bd9bc8cbb188f78c7c0174177417ee00a548e19272ea0036fc0676f702a
SIDV,VIDB,50,0.027069342987739758,0.0636653103507198,derived,transcribed_evidence_not_validated_model_input,metro3_fare_chart_20260918,31df5bd9bc8cbb188f78c7c0174177417ee00a548e19272ea0036fc0676f702a
SIDV,CHGM,50,0.03228197488145585,0.07692986671792901,derived,transcribed_evidence_not_validated_model_input,metro3_fare_chart_20260918,31df5bd9bc8cbb188f78c7c0174177417ee00a548e19272ea0036fc0676f702a
SIDV,HUC,40,0.02987454077491563,0.12861872036396257,derived,transcribed_evidence_not_validated_model_input,metro3_fare_chart_20260918,31df5bd9bc8cbb188f78c7c0174177417ee00a548e19272ea0036fc0676f702a
SIDV,CSTM,40,0.04633872121833483,0.10799588299372037,derived,transcribed_evidence_not_validated_model_input,metro3_fare_chart_20260918,31df5bd9bc8cbb188f78c7c0174177417ee00a548e19272ea0036fc0676f702a
SIDV,KLBD,40,0.06219498910675382,0.1002581005168952,derived,transcribed_evidence_not_validated_model_input,metro3_fare_chart_20260918,31df5bd9bc8cbb188f78c7c0174177417ee00a548e19272ea0036fc0676f702a
SIDV,GIRG,40,0.06574701503695161,0.10001711414413257,derived,transcribed_evidence_not_validated_model_input,metro3_fare_chart_20260918,31df5bd9bc8cbb188f78c7c0174177417ee00a548e19272ea0036fc0676f702a
SIDV,GTRM,30,0.03761104169336581,0.07280599876116021,derived,transcribed_evidence_not_validated_model_input,metro3_fare_chart_20260918,31df5bd9bc8cbb188f78c7c0174177417ee00a548e19272ea0036fc0676f702a
SIDV,MCLM,30,0.05567586184800718,0.06111589025588449,derived,transcribed_evidence_not_validated_model_input,metro3_fare_chart_20260918,31df5bd9bc8cbb188f78c7c0174177417ee00a548e19272ea0036fc0676f702a
SIDV,MLXM,30,0.05475300632235466,0.07182288329275063,derived,transcribed_evidence_not_validated_model_input,metro3_fare_chart_20260918,31df5bd9bc8cbb188f78c7c0174177417ee00a548e19272ea0036fc0676f702a
SIDV,SCMU,20,0.07404764193259003,0.03311263830150797,derived,transcribed_evidence_not_validated_model_input,metro3_fare_chart_20260918,31df5bd9bc8cbb188f78c7c0174177417ee00a548e19272ea0036fc0676f702a
SIDV,ACA,20,0.059544619590755694,0.06275684565765305,derived,transcribed_evidence_not_validated_model_input,metro3_fare_chart_20260918,31df5bd9bc8cbb188f78c7c0174177417ee00a548e19272ea0036fc0676f702a
SIDV,WOR,10,0.09272106881968473,0.19974571745909692,derived,transcribed_evidence_not_validated_model_input,metro3_fare_chart_20260918,31df5bd9bc8cbb188f78c7c0174177417ee00a548e19272ea0036fc0676f702a
SIDV,SIDV,10,0.13708859306249732,0.17121753385450045,derived,transcribed_evidence_not_validated_model_input,metro3_fare_chart_20260918,31df5bd9bc8cbb188f78c7c0174177417ee00a548e19272ea0036fc0676f702a
SIDV,DDRM,10,0.048897539407920035,0.24623515528215645,derived,transcribed_evidence_not_validated_model_input,metro3_fare_chart_20260918,31df5bd9bc8cbb188f78c7c0174177417ee00a548e19272ea0036fc0676f702a
SIDV,SDIT,20,0.0735963998889316,0.033569246870861644,derived,transcribed_evidence_not_validated_model_input,metro3_fare_chart_20260918,31df5bd9bc8cbb188f78c7c0174177417ee00a548e19272ea0036fc0676f702a
SIDV,DHAV,20,0.06253345401341365,0.0632781729249434,derived,transcribed_evidence_not_validated_model_input,metro3_fare_chart_20260918,31df5bd9bc8cbb188f78c7c0174177417ee00a548e19272ea0036fc0676f702a
SIDV,BDRM,30,0.03643820218719296,0.07171907706437694,derived,transcribed_evidence_not_validated_model_input,metro3_fare_chart_20260918,31df5bd9bc8cbb188f78c7c0174177417ee00a548e19272ea0036fc0676f702a
SIDV,VIDN,30,0.037687534708872664,0.07043532936050237,derived,transcribed_evidence_not_validated_model_input,metro3_fare_chart_20260918,31df5bd9bc8cbb188f78c7c0174177417ee00a548e19272ea0036fc0676f702a
SIDV,STZM,40,0.02987454077491563,0.12861872036396257,derived,transcribed_evidence_not_validated_model_input,metro3_fare_chart_20260918,31df5bd9bc8cbb188f78c7c0174177417ee00a548e19272ea0036fc0676f702a
SIDV,CIAD,40,0.04633872121833483,0.10799588299372037,derived,transcribed_evidence_not_validated_model_input,metro3_fare_chart_20260918,31df5bd9bc8cbb188f78c7c0174177417ee00a548e19272ea0036fc0676f702a
SIDV,SHRR,50,0.04677386368490752,0.040305438079371175,derived,transcribed_evidence_not_validated_model_input,metro3_fare_chart_20260918,31df5bd9bc8cbb188f78c7c0174177417ee00a548e19272ea0036fc0676f702a
SIDV,CSIA,50,0.033134958776538936,0.06081015848605237,derived,transcribed_evidence_not_validated_model_input,metro3_fare_chart_20260918,31df5bd9bc8cbb188f78c7c0174177417ee00a548e19272ea0036fc0676f702a
SIDV,MNK,50,0.026837300824469217,0.07298047759408774,derived,transcribed_evidence_not_validated_model_input,metro3_fare_chart_20260918,31df5bd9bc8cbb188f78c7c0174177417ee00a548e19272ea0036fc0676f702a
SIDV,MIDC,50,0.061928318168225895,0.03685922081250801,derived,transcribed_evidence_not_validated_model_input,metro3_fare_chart_20260918,31df5bd9bc8cbb188f78c7c0174177417ee00a548e19272ea0036fc0676f702a
SIDV,SEPZ,50,0.05685777905933615,0.049003695159981216,derived,transcribed_evidence_not_validated_model_input,metro3_fare_chart_20260918,31df5bd9bc8cbb188f78c7c0174177417ee00a548e19272ea0036fc0676f702a
SIDV,ARYJ,60,0.04428585159554018,0.08480904780212739,derived,transcribed_evidence_not_validated_model_input,metro3_fare_chart_20260918,31df5bd9bc8cbb188f78c7c0174177417ee00a548e19272ea0036fc0676f702a
DDRM,CUP,50,0.07068472596010082,0.021133591780938946,derived,transcribed_evidence_not_validated_model_input,metro3_fare_chart_20260918,31df5bd9bc8cbb188f78c7c0174177417ee00a548e19272ea0036fc0676f702a
DDRM,VIDB,50,0.06388939617241232,0.04529598658635568,derived,transcribed_evidence_not_validated_model_input,metro3_fare_chart_20260918,31df5bd9bc8cbb188f78c7c0174177417ee00a548e19272ea0036fc0676f702a
DDRM,CHGM,50,0.06389532337989662,0.05353202827972148,derived,transcribed_evidence_not_validated_model_input,metro3_fare_chart_20260918,31df5bd9bc8cbb188f78c7c0174177417ee00a548e19272ea0036fc0676f702a
DDRM,HUC,50,0.08433041244820368,0.010495535904993816,derived,transcribed_evidence_not_validated_model_input,metro3_fare_chart_20260918,31df5bd9bc8cbb188f78c7c0174177417ee00a548e19272ea0036fc0676f702a
DDRM,CSTM,40,0.039507454397881156,0.11385506108761588,derived,transcribed_evidence_not_validated_model_input,metro3_fare_chart_20260918,31df5bd9bc8cbb188f78c7c0174177417ee00a548e19272ea0036fc0676f702a
DDRM,KLBD,40,0.0630971528044769,0.10399250822333288,derived,transcribed_evidence_not_validated_model_input,metro3_fare_chart_20260918,31df5bd9bc8cbb188f78c7c0174177417ee00a548e19272ea0036fc0676f702a
DDRM,GIRG,40,0.08031657161775385,0.10149026549617671,derived,transcribed_evidence_not_validated_model_input,metro3_fare_chart_20260918,31df5bd9bc8cbb188f78c7c0174177417ee00a548e19272ea0036fc0676f702a
DDRM,GTRM,40,0.07147149600580974,0.10593358857704299,derived,transcribed_evidence_not_validated_model_input,metro3_fare_chart_20260918,31df5bd9bc8cbb188f78c7c0174177417ee00a548e19272ea0036fc0676f702a
DDRM,MCLM,30,0.06526205198855142,0.07557539301123498,derived,transcribed_evidence_not_validated_model_input,metro3_fare_chart_20260918,31df5bd9bc8cbb188f78c7c0174177417ee00a548e19272ea0036fc0676f702a
DDRM,MLXM,30,0.05646623627664574,0.08789981951386217,derived,transcribed_evidence_not_validated_model_input,metro3_fare_chart_20260918,31df5bd9bc8cbb188f78c7c0174177417ee00a548e19272ea0036fc0676f702a
DDRM,SCMU,30,0.06550464030928277,0.0645664327822632,derived,transcribed_evidence_not_validated_model_input,metro3_fare_chart_20260918,31df5bd9bc8cbb188f78c7c0174177417ee00a548e19272ea0036fc0676f702a
DDRM,ACA,20,0.07725669080268273,0.06182376436413346,derived,transcribed_evidence_not_validated_model_input,metro3_fare_chart_20260918,31df5bd9bc8cbb188f78c7c0174177417ee00a548e19272ea0036fc0676f702a
DDRM,WOR,20,0.06369868426673501,0.06269025802041951,derived,transcribed_evidence_not_validated_model_input,metro3_fare_chart_20260918,31df5bd9bc8cbb188f78c7c0174177417ee00a548e19272ea0036fc0676f702a
DDRM,SIDV,10,0.05445021145713187,0.2297220620274254,derived,transcribed_evidence_not_validated_model_input,metro3_fare_chart_20260918,31df5bd9bc8cbb188f78c7c0174177417ee00a548e19272ea0036fc0676f702a
DDRM,DDRM,10,0.15781998910675382,0.13446254645649103,derived,transcribed_evidence_not_validated_model_input,metro3_fare_chart_20260918,31df5bd9bc8cbb188f78c7c0174177417ee00a548e19272ea0036fc0676f702a
DDRM,SDIT,10,0.08603576615831518,0.2247492417446281,derived,transcribed_evidence_not_validated_model_input,metro3_fare_chart_20260918,31df5bd9bc8cbb188f78c7c0174177417ee00a548e19272ea0036fc0676f702a
DDRM,DHAV,20,0.082877952924089,0.05733676150198641,derived,transcribed_evidence_not_validated_model_input,metro3_fare_chart_20260918,31df5bd9bc8cbb188f78c7c0174177417ee00a548e19272ea0036fc0676f702a
DDRM,BDRM,30,0.04204672882224785,0.08100284612755779,derived,transcribed_evidence_not_validated_model_input,metro3_fare_chart_20260918,31df5bd9bc8cbb188f78c7c0174177417ee00a548e19272ea0036fc0676f702a
DDRM,VIDN,30,0.05592061279849631,0.07974382182066725,derived,transcribed_evidence_not_validated_model_input,metro3_fare_chart_20260918,31df5bd9bc8cbb188f78c7c0174177417ee00a548e19272ea0036fc0676f702a
DDRM,STZM,30,0.06913470780469051,0.07294985368875216,derived,transcribed_evidence_not_validated_model_input,metro3_fare_chart_20260918,31df5bd9bc8cbb188f78c7c0174177417ee00a548e19272ea0036fc0676f702a
DDRM,CIAD,40,0.039507454397881156,0.11385506108761588,derived,transcribed_evidence_not_validated_model_input,metro3_fare_chart_20260918,31df5bd9bc8cbb188f78c7c0174177417ee00a548e19272ea0036fc0676f702a
DDRM,SHRR,40,0.0630971528044769,0.10399250822333288,derived,transcribed_evidence_not_validated_model_input,metro3_fare_chart_20260918,31df5bd9bc8cbb188f78c7c0174177417ee00a548e19272ea0036fc0676f702a
DDRM,CSIA,50,0.06513707334785765,0.04091951813405101,derived,transcribed_evidence_not_validated_model_input,metro3_fare_chart_20260918,31df5bd9bc8cbb188f78c7c0174177417ee00a548e19272ea0036fc0676f702a
DDRM,MNK,50,0.06592162736554316,0.0485562176940493,derived,transcribed_evidence_not_validated_model_input,metro3_fare_chart_20260918,31df5bd9bc8cbb188f78c7c0174177417ee00a548e19272ea0036fc0676f702a
DDRM,MIDC,50,0.08318299051646802,0.011233019351531467,derived,transcribed_evidence_not_validated_model_input,metro3_fare_chart_20260918,31df5bd9bc8cbb188f78c7c0174177417ee00a548e19272ea0036fc0676f702a
DDRM,SEPZ,50,0.08305576914861805,0.012660408389935499,derived,transcribed_evidence_not_validated_model_input,metro3_fare_chart_20260918,31df5bd9bc8cbb188f78c7c0174177417ee00a548e19272ea0036fc0676f702a
DDRM,ARYJ,50,0.08001636656841386,0.024337781408859838,derived,transcribed_evidence_not_validated_model_input,metro3_fare_chart_20260918,31df5bd9bc8cbb188f78c7c0174177417ee00a548e19272ea0036fc0676f702a
SDIT,CUP,50,0.040119265026271944,0.03270173864752873,derived,transcribed_evidence_not_validated_model_input,metro3_fare_chart_20260918,31df5bd9bc8cbb188f78c7c0174177417ee00a548e19272ea0036fc0676f702a
SDIT,VIDB,50,0.024217902302533217,0.05620055320603186,derived,transcribed_evidence_not_validated_model_input,metro3_fare_chart_20260918,31df5bd9bc8cbb188f78c7c0174177417ee00a548e19272ea0036fc0676f702a
SDIT,CHGM,50,0.031546573967277544,0.06856097013968986,derived,transcribed_evidence_not_validated_model_input,metro3_fare_chart_20260918,31df5bd9bc8cbb188f78c7c0174177417ee00a548e19272ea0036fc0676f702a
SDIT,HUC,50,0.06240927634670426,0.023084497415523944,derived,transcribed_evidence_not_validated_model_input,metro3_fare_chart_20260918,31df5bd9bc8cbb188f78c7c0174177417ee00a548e19272ea0036fc0676f702a
SDIT,CSTM,50,0.054497735913537536,0.030332404203511458,derived,transcribed_evidence_not_validated_model_input,metro3_fare_chart_20260918,31df5bd9bc8cbb188f78c7c0174177417ee00a548e19272ea0036fc0676f702a
SDIT,KLBD,50,0.06051489277628262,0.02559018433081295,derived,transcribed_evidence_not_validated_model_input,metro3_fare_chart_20260918,31df5bd9bc8cbb188f78c7c0174177417ee00a548e19272ea0036fc0676f702a
SDIT,GIRG,50,0.024589420735614508,0.047182333717800846,derived,transcribed_evidence_not_validated_model_input,metro3_fare_chart_20260918,31df5bd9bc8cbb188f78c7c0174177417ee00a548e19272ea0036fc0676f702a
SDIT,GTRM,40,0.0630317132299543,0.09974649173394848,derived,transcribed_evidence_not_validated_model_input,metro3_fare_chart_20260918,31df5bd9bc8cbb188f78c7c0174177417ee00a548e19272ea0036fc0676f702a
SDIT,MCLM,40,0.026306895852022723,0.12624185676449226,derived,transcribed_evidence_not_validated_model_input,metro3_fare_chart_20260918,31df5bd9bc8cbb188f78c7c0174177417ee00a548e19272ea0036fc0676f702a
SDIT,MLXM,40,0.03417566427442437,0.10807491242684436,derived,transcribed_evidence_not_validated_model_input,metro3_fare_chart_20260918,31df5bd9bc8cbb188f78c7c0174177417ee00a548e19272ea0036fc0676f702a
SDIT,SCMU,30,0.048527542825409026,0.07234170084155668,derived,transcribed_evidence_not_validated_model_input,metro3_fare_chart_20260918,31df5bd9bc8cbb188f78c7c0174177417ee00a548e19272ea0036fc0676f702a
SDIT,ACA,30,0.017336013926267674,0.09610601157674398,derived,transcribed_evidence_not_validated_model_input,metro3_fare_chart_20260918,31df5bd9bc8cbb188f78c7c0174177417ee00a548e19272ea0036fc0676f702a
SDIT,WOR,20,0.025393972403776326,0.09647469990174717,derived,transcribed_evidence_not_validated_model_input,metro3_fare_chart_20260918,31df5bd9bc8cbb188f78c7c0174177417ee00a548e19272ea0036fc0676f702a
SDIT,SIDV,20,0.05844701824084754,0.08119062112862573,derived,transcribed_evidence_not_validated_model_input,metro3_fare_chart_20260918,31df5bd9bc8cbb188f78c7c0174177417ee00a548e19272ea0036fc0676f702a
SDIT,DDRM,10,0.053293498227177584,0.23286620530565164,derived,transcribed_evidence_not_validated_model_input,metro3_fare_chart_20260918,31df5bd9bc8cbb188f78c7c0174177417ee00a548e19272ea0036fc0676f702a
SDIT,SDIT,10,0.08645811974027083,0.19811301208936732,derived,transcribed_evidence_not_validated_model_input,metro3_fare_chart_20260918,31df5bd9bc8cbb188f78c7c0174177417ee00a548e19272ea0036fc0676f702a
SDIT,DHAV,10,0.06470793818616771,0.22572119697552223,derived,transcribed_evidence_not_validated_model_input,metro3_fare_chart_20260918,31df5bd9bc8cbb188f78c7c0174177417ee00a548e19272ea0036fc0676f702a
SDIT,BDRM,20,0.03108446537656457,0.0919037549660387,derived,transcribed_evidence_not_validated_model_input,metro3_fare_chart_20260918,31df5bd9bc8cbb188f78c7c0174177417ee00a548e19272ea0036fc0676f702a
SDIT,VIDN,20,0.017093745995130076,0.10808663334614893,derived,transcribed_evidence_not_validated_model_input,metro3_fare_chart_20260918,31df5bd9bc8cbb188f78c7c0174177417ee00a548e19272ea0036fc0676f702a
SDIT,STZM,30,0.0606037207911487,0.062106881968473665,derived,transcribed_evidence_not_validated_model_input,metro3_fare_chart_20260918,31df5bd9bc8cbb188f78c7c0174177417ee00a548e19272ea0036fc0676f702a
SDIT,CIAD,40,0.041263029176812335,0.0967628636421889,derived,transcribed_evidence_not_validated_model_input,metro3_fare_chart_20260918,31df5bd9bc8cbb188f78c7c0174177417ee00a548e19272ea0036fc0676f702a
SDIT,SHRR,40,0.06217624631551967,0.08416749433978386,derived,transcribed_evidence_not_validated_model_input,metro3_fare_chart_20260918,31df5bd9bc8cbb188f78c7c0174177417ee00a548e19272ea0036fc0676f702a
SDIT,CSIA,40,0.07131084732367893,0.09024501794181725,derived,transcribed_evidence_not_validated_model_input,metro3_fare_chart_20260918,31df5bd9bc8cbb188f78c7c0174177417ee00a548e19272ea0036fc0676f702a
SDIT,MNK,40,0.0630317132299543,0.09974649173394848,derived,transcribed_evidence_not_validated_model_input,metro3_fare_chart_20260918,31df5bd9bc8cbb188f78c7c0174177417ee00a548e19272ea0036fc0676f702a
SDIT,MIDC,50,0.06330092058609936,0.01991466957153233,derived,transcribed_evidence_not_validated_model_input,metro3_fare_chart_20260918,31df5bd9bc8cbb188f78c7c0174177417ee00a548e19272ea0036fc0676f702a
SDIT,SEPZ,50,0.05832222649408347,0.026521156392840348,derived,transcribed_evidence_not_validated_model_input,metro3_fare_chart_20260918,31df5bd9bc8cbb188f78c7c0174177417ee00a548e19272ea0036fc0676f702a
SDIT,ARYJ,50,0.05688122089794523,0.029611020334059546,derived,transcribed_evidence_not_validated_model_input,metro3_fare_chart_20260918,31df5bd9bc8cbb188f78c7c0174177417ee00a548e19272ea0036fc0676f702a
DHAV,CUP,60,0.0,0.0917613417916186,derived,transcribed_evidence_not_validated_model_input,metro3_fare_chart_20260918,31df5bd9bc8cbb188f78c7c0174177417ee00a548e19272ea0036fc0676f702a
DHAV,VIDB,60,0.022273778247682514,0.054812785680721086,derived,transcribed_evidence_not_validated_model_input,metro3_fare_chart_20260918,31df5bd9bc8cbb188f78c7c0174177417ee00a548e19272ea0036fc0676f702a
DHAV,CHGM,50,0.0116970235806741,0.08899568542013755,derived,transcribed_evidence_not_validated_model_input,metro3_fare_chart_20260918,31df5bd9bc8cbb188f78c7c0174177417ee00a548e19272ea0036fc0676f702a
DHAV,HUC,50,0.04992008949549319,0.0427868554829339,derived,transcribed_evidence_not_validated_model_input,metro3_fare_chart_20260918,31df5bd9bc8cbb188f78c7c0174177417ee00a548e19272ea0036fc0676f702a
DHAV,CSTM,50,0.04257804156520996,0.04481145072408048,derived,transcribed_evidence_not_validated_model_input,metro3_fare_chart_20260918,31df5bd9bc8cbb188f78c7c0174177417ee00a548e19272ea0036fc0676f702a
DHAV,KLBD,50,0.04269129928659917,0.03858636101499422,derived,transcribed_evidence_not_validated_model_input,metro3_fare_chart_20260918,31df5bd9bc8cbb188f78c7c0174177417ee00a548e19272ea0036fc0676f702a
DHAV,GIRG,50,0.011446532316630358,0.0658773869024734,derived,transcribed_evidence_not_validated_model_input,metro3_fare_chart_20260918,31df5bd9bc8cbb188f78c7c0174177417ee00a548e19272ea0036fc0676f702a
DHAV,GTRM,50,0.0052339378017002,0.08772256397112221,derived,transcribed_evidence_not_validated_model_input,metro3_fare_chart_20260918,31df5bd9bc8cbb188f78c7c0174177417ee00a548e19272ea0036fc0676f702a
DHAV,MCLM,40,0.0,0.15298862082959547,derived,transcribed_evidence_not_validated_model_input,metro3_fare_chart_20260918,31df5bd9bc8cbb188f78c7c0174177417ee00a548e19272ea0036fc0676f702a
DHAV,MLXM,40,0.018946025033106925,0.11744881776239909,derived,transcribed_evidence_not_validated_model_input,metro3_fare_chart_20260918,31df5bd9bc8cbb188f78c7c0174177417ee00a548e19272ea0036fc0676f702a
DHAV,SCMU,40,0.04569278909821009,0.09605763274808835,derived,transcribed_evidence_not_validated_model_input,metro3_fare_chart_20260918,31df5bd9bc8cbb188f78c7c0174177417ee00a548e19272ea0036fc0676f702a
DHAV,ACA,40,0.056592950360972276,0.10087479708659061,derived,transcribed_evidence_not_validated_model_input,metro3_fare_chart_20260918,31df5bd9bc8cbb188f78c7c0174177417ee00a548e19272ea0036fc0676f702a
DHAV,WOR,30,0.01252883506343714,0.0928568339100346,derived,transcribed_evidence_not_validated_model_input,metro3_fare_chart_20260918,31df5bd9bc8cbb188f78c7c0174177417ee00a548e19272ea0036fc0676f702a
DHAV,SIDV,20,0.05712978982442651,0.07291557200222135,derived,transcribed_evidence_not_validated_model_input,metro3_fare_chart_20260918,31df5bd9bc8cbb188f78c7c0174177417ee00a548e19272ea0036fc0676f702a
DHAV,DDRM,20,0.04879141035499167,0.07889518988423257,derived,transcribed_evidence_not_validated_model_input,metro3_fare_chart_20260918,31df5bd9bc8cbb188f78c7c0174177417ee00a548e19272ea0036fc0676f702a
DHAV,SDIT,10,0.06441488850442137,0.22873798539023452,derived,transcribed_evidence_not_validated_model_input,metro3_fare_chart_20260918,31df5bd9bc8cbb188f78c7c0174177417ee00a548e19272ea0036fc0676f702a
DHAV,DHAV,10,0.10199535969071724,0.1947667029774873,derived,transcribed_evidence_not_validated_model_input,metro3_fare_chart_20260918,31df5bd9bc8cbb188f78c7c0174177417ee00a548e19272ea0036fc0676f702a
DHAV,BDRM,10,0.0,0.2724776261267034,derived,transcribed_evidence_not_validated_model_input,metro3_fare_chart_20260918,31df5bd9bc8cbb188f78c7c0174177417ee00a548e19272ea0036fc0676f702a
DHAV,VIDN,20,0.0,0.1229560211884318,derived,transcribed_evidence_not_validated_model_input,metro3_fare_chart_20260918,31df5bd9bc8cbb188f78c7c0174177417ee00a548e19272ea0036fc0676f702a
DHAV,STZM,20,0.054163355974197955,0.06949989854329533,derived,transcribed_evidence_not_validated_model_input,metro3_fare_chart_20260918,31df5bd9bc8cbb188f78c7c0174177417ee00a548e19272ea0036fc0676f702a
DHAV,CIAD,30,0.04555459438677431,0.07869150220000856,derived,transcribed_evidence_not_validated_model_input,metro3_fare_chart_20260918,31df5bd9bc8cbb188f78c7c0174177417ee00a548e19272ea0036fc0676f702a
DHAV,SHRR,40,0.05441576957580418,0.09642068755606817,derived,transcribed_evidence_not_validated_model_input,metro3_fare_chart_20260918,31df5bd9bc8cbb188f78c7c0174177417ee00a548e19272ea0036fc0676f702a
DHAV,CSIA,40,0.0548913612285873,0.10294697018240846,derived,transcribed_evidence_not_validated_model_input,metro3_fare_chart_20260918,31df5bd9bc8cbb188f78c7c0174177417ee00a548e19272ea0036fc0676f702a
DHAV,MNK,40,0.048741990260156354,0.10864819620658722,derived,transcribed_evidence_not_validated_model_input,metro3_fare_chart_20260918,31df5bd9bc8cbb188f78c7c0174177417ee00a548e19272ea0036fc0676f702a
DHAV,MIDC,40,0.0008674548250672817,0.1528346736298005,derived,transcribed_evidence_not_validated_model_input,metro3_fare_chart_20260918,31df5bd9bc8cbb188f78c7c0174177417ee00a548e19272ea0036fc0676f702a
DHAV,SEPZ,50,0.042743015506856344,0.04240356273228245,derived,transcribed_evidence_not_validated_model_input,metro3_fare_chart_20260918,31df5bd9bc8cbb188f78c7c0174177417ee00a548e19272ea0036fc0676f702a
DHAV,ARYJ,50,0.04318702208552266,0.04072325280874877,derived,transcribed_evidence_not_validated_model_input,metro3_fare_chart_20260918,31df5bd9bc8cbb188f78c7c0174177417ee00a548e19272ea0036fc0676f702a
BDRM,CUP,60,0.011189926951172626,0.08353533897219016,derived,transcribed_evidence_not_validated_model_input,metro3_fare_chart_20260918,31df5bd9bc8cbb188f78c7c0174177417ee00a548e19272ea0036fc0676f702a
BDRM,VIDB,60,0.0227999914562775,0.05730328078943996,derived,transcribed_evidence_not_validated_model_input,metro3_fare_chart_20260918,31df5bd9bc8cbb188f78c7c0174177417ee00a548e19272ea0036fc0676f702a
BDRM,CHGM,60,0.03606769832115853,0.03206710026058352,derived,transcribed_evidence_not_validated_model_input,metro3_fare_chart_20260918,31df5bd9bc8cbb188f78c7c0174177417ee00a548e19272ea0036fc0676f702a
BDRM,HUC,60,0.054509830620701444,0.00929674484172753,derived,transcribed_evidence_not_validated_model_input,metro3_fare_chart_20260918,31df5bd9bc8cbb188f78c7c0174177417ee00a548e19272ea0036fc0676f702a
BDRM,CSTM,50,0.04118883228672733,0.05073545431244392,derived,transcribed_evidence_not_validated_model_input,metro3_fare_chart_20260918,31df5bd9bc8cbb188f78c7c0174177417ee00a548e19272ea0036fc0676f702a
BDRM,KLBD,50,0.030052170105514975,0.04617235892178222,derived,transcribed_evidence_not_validated_model_input,metro3_fare_chart_20260918,31df5bd9bc8cbb188f78c7c0174177417ee00a548e19272ea0036fc0676f702a
BDRM,GIRG,50,0.018658555470118333,0.05914867145115126,derived,transcribed_evidence_not_validated_model_input,metro3_fare_chart_20260918,31df5bd9bc8cbb188f78c7c0174177417ee00a548e19272ea0036fc0676f702a
BDRM,GTRM,50,0.013881706822162417,0.08340211029945747,derived,transcribed_evidence_not_validated_model_input,metro3_fare_chart_20260918,31df5bd9bc8cbb188f78c7c0174177417ee00a548e19272ea0036fc0676f702a
BDRM,MCLM,50,0.0521144378230595,0.038940097825622626,derived,transcribed_evidence_not_validated_model_input,metro3_fare_chart_20260918,31df5bd9bc8cbb188f78c7c0174177417ee00a548e19272ea0036fc0676f702a
BDRM,MLXM,50,0.042739971805715746,0.04813885684992951,derived,transcribed_evidence_not_validated_model_input,metro3_fare_chart_20260918,31df5bd9bc8cbb188f78c7c0174177417ee00a548e19272ea0036fc0676f702a
BDRM,SCMU,40,0.048740281515656375,0.09969453522149602,derived,transcribed_evidence_not_validated_model_input,metro3_fare_chart_20260918,31df5bd9bc8cbb188f78c7c0174177417ee00a548e19272ea0036fc0676f702a
BDRM,ACA,40,0.056994612114998504,0.10077376756802939,derived,transcribed_evidence_not_validated_model_input,metro3_fare_chart_20260918,31df5bd9bc8cbb188f78c7c0174177417ee00a548e19272ea0036fc0676f702a
BDRM,WOR,40,0.056735069844931436,0.11411190674526892,derived,transcribed_evidence_not_validated_model_input,metro3_fare_chart_20260918,31df5bd9bc8cbb188f78c7c0174177417ee00a548e19272ea0036fc0676f702a
BDRM,SIDV,30,0.039988065487632965,0.0634737440727925,derived,transcribed_evidence_not_validated_model_input,metro3_fare_chart_20260918,31df5bd9bc8cbb188f78c7c0174177417ee00a548e19272ea0036fc0676f702a
BDRM,DDRM,30,0.05957478961083345,0.06277337242086378,derived,transcribed_evidence_not_validated_model_input,metro3_fare_chart_20260918,31df5bd9bc8cbb188f78c7c0174177417ee00a548e19272ea0036fc0676f702a
BDRM,SDIT,20,0.04422305523516596,0.05538649664658891,derived,transcribed_evidence_not_validated_model_input,metro3_fare_chart_20260918,31df5bd9bc8cbb188f78c7c0174177417ee00a548e19272ea0036fc0676f702a
BDRM,DHAV,10,0.05785405720022214,0.22561178392925801,derived,transcribed_evidence_not_validated_model_input,metro3_fare_chart_20260918,31df5bd9bc8cbb188f78c7c0174177417ee00a548e19272ea0036fc0676f702a
BDRM,BDRM,10,0.10930726430005552,0.1803385450040583,derived,transcribed_evidence_not_validated_model_input,metro3_fare_chart_20260918,31df5bd9bc8cbb188f78c7c0174177417ee00a548e19272ea0036fc0676f702a
BDRM,VIDN,10,0.019922625913110344,0.2544239929087103,derived,transcribed_evidence_not_validated_model_input,metro3_fare_chart_20260918,31df5bd9bc8cbb188f78c7c0174177417ee00a548e19272ea0036fc0676f702a
BDRM,STZM,20,0.05730130505361185,0.07621617219872699,derived,transcribed_evidence_not_validated_model_input,metro3_fare_chart_20260918,31df5bd9bc8cbb188f78c7c0174177417ee00a548e19272ea0036fc0676f702a
BDRM,CIAD,20,0.042779353026613696,0.06165555982741681,derived,transcribed_evidence_not_validated_model_input,metro3_fare_chart_20260918,31df5bd9bc8cbb188f78c7c0174177417ee00a548e19272ea0036fc0676f702a
BDRM,SHRR,30,0.030533502071852705,0.07489306997308727,derived,transcribed_evidence_not_validated_model_input,metro3_fare_chart_20260918,31df5bd9bc8cbb188f78c7c0174177417ee00a548e19272ea0036fc0676f702a
BDRM,CSIA,30,0.012788323935238584,0.09580142786962279,derived,transcribed_evidence_not_validated_model_input,metro3_fare_chart_20260918,31df5bd9bc8cbb188f78c7c0174177417ee00a548e19272ea0036fc0676f702a
BDRM,MNK,40,0.053673266692297834,0.11348276837968302,derived,transcribed_evidence_not_validated_model_input,metro3_fare_chart_20260918,31df5bd9bc8cbb188f78c7c0174177417ee00a548e19272ea0036fc0676f702a
BDRM,MIDC,40,0.010967362980050408,0.1487589976077577,derived,transcribed_evidence_not_validated_model_input,metro3_fare_chart_20260918,31df5bd9bc8cbb188f78c7c0174177417ee00a548e19272ea0036fc0676f702a
BDRM,SEPZ,40,0.030391863172284164,0.11522787709855185,derived,transcribed_evidence_not_validated_model_input,metro3_fare_chart_20260918,31df5bd9bc8cbb188f78c7c0174177417ee00a548e19272ea0036fc0676f702a
BDRM,ARYJ,50,0.044718644538425396,0.048038121021829215,derived,transcribed_evidence_not_validated_model_input,metro3_fare_chart_20260918,31df5bd9bc8cbb188f78c7c0174177417ee00a548e19272ea0036fc0676f702a
VIDN,CUP,60,0.03204080161476355,0.07616456277500107,derived,transcribed_evidence_not_validated_model_input,metro3_fare_chart_20260918,31df5bd9bc8cbb188f78c7c0174177417ee00a548e19272ea0036fc0676f702a
VIDN,VIDB,60,0.035177949720193086,0.05236137810243924,derived,transcribed_evidence_not_validated_model_input,metro3_fare_chart_20260918,31df5bd9bc8cbb188f78c7c0174177417ee00a548e19272ea0036fc0676f702a
VIDN,CHGM,60,0.04338694519202017,0.030871993677645336,derived,transcribed_evidence_not_validated_model_input,metro3_fare_chart_20260918,31df5bd9bc8cbb188f78c7c0174177417ee00a548e19272ea0036fc0676f702a
VIDN,HUC,60,0.06360876158742364,0.012337562475970773,derived,transcribed_evidence_not_validated_model_input,metro3_fare_chart_20260918,31df5bd9bc8cbb188f78c7c0174177417ee00a548e19272ea0036fc0676f702a
VIDN,CSTM,60,0.05109300909906446,0.08608200905634585,derived,transcribed_evidence_not_validated_model_input,metro3_fare_chart_20260918,31df5bd9bc8cbb188f78c7c0174177417ee00a548e19272ea0036fc0676f702a
VIDN,KLBD,50,0.043591674142423854,0.040417040454526036,derived,transcribed_evidence_not_validated_model_input,metro3_fare_chart_20260918,31df5bd9bc8cbb188f78c7c0174177417ee00a548e19272ea0036fc0676f702a
VIDN,GIRG,50,0.02662464223162032,0.06370813575975051,derived,transcribed_evidence_not_validated_model_input,metro3_fare_chart_20260918,31df5bd9bc8cbb188f78c7c0174177417ee00a548e19272ea0036fc0676f702a
VIDN,GTRM,50,0.020454766329189626,0.07427031270024348,derived,transcribed_evidence_not_validated_model_input,metro3_fare_chart_20260918,31df5bd9bc8cbb188f78c7c0174177417ee00a548e19272ea0036fc0676f702a
VIDN,MCLM,50,0.05859097996497073,0.03904198171643386,derived,transcribed_evidence_not_validated_model_input,metro3_fare_chart_20260918,31df5bd9bc8cbb188f78c7c0174177417ee00a548e19272ea0036fc0676f702a
VIDN,MLXM,50,0.05151952774573882,0.049568542013755386,derived,transcribed_evidence_not_validated_model_input,metro3_fare_chart_20260918,31df5bd9bc8cbb188f78c7c0174177417ee00a548e19272ea0036fc0676f702a
VIDN,SCMU,40,0.05819326968260071,0.1013274541842881,derived,transcribed_evidence_not_validated_model_input,metro3_fare_chart_20260918,31df5bd9bc8cbb188f78c7c0174177417ee00a548e19272ea0036fc0676f702a
VIDN,ACA,40,0.06584596202315349,0.10175202379426718,derived,transcribed_evidence_not_validated_model_input,metro3_fare_chart_20260918,31df5bd9bc8cbb188f78c7c0174177417ee00a548e19272ea0036fc0676f702a
VIDN,WOR,40,0.05722873681062839,0.10668645072408045,derived,transcribed_evidence_not_validated_model_input,metro3_fare_chart_20260918,31df5bd9bc8cbb188f78c7c0174177417ee00a548e19272ea0036fc0676f702a
VIDN,SIDV,30,0.039250608740228114,0.07011931842453759,derived,transcribed_evidence_not_validated_model_input,metro3_fare_chart_20260918,31df5bd9bc8cbb188f78c7c0174177417ee00a548e19272ea0036fc0676f702a
VIDN,DDRM,30,0.06744216967832885,0.06189027190396858,derived,transcribed_evidence_not_validated_model_input,metro3_fare_chart_20260918,31df5bd9bc8cbb188f78c7c0174177417ee00a548e19272ea0036fc0676f702a
VIDN,SDIT,20,0.0729742299970097,0.03311263830150796,derived,transcribed_evidence_not_validated_model_input,metro3_fare_chart_20260918,31df5bd9bc8cbb188f78c7c0174177417ee00a548e19272ea0036fc0676f702a
VIDN,DHAV,20,0.05923603101371268,0.057937171600666415,derived,transcribed_evidence_not_validated_model_input,metro3_fare_chart_20260918,31df5bd9bc8cbb188f78c7c0174177417ee00a548e19272ea0036fc0676f702a
VIDN,BDRM,10,0.08808941005596138,0.20254640309282756,derived,transcribed_evidence_not_validated_model_input,metro3_fare_chart_20260918,31df5bd9bc8cbb188f78c7c0174177417ee00a548e19272ea0036fc0676f702a
VIDN,VIDN,10,0.09518999102909137,0.19929674484172755,derived,transcribed_evidence_not_validated_model_input,metro3_fare_chart_20260918,31df5bd9bc8cbb188f78c7c0174177417ee00a548e19272ea0036fc0676f702a
VIDN,STZM,10,0.04150302768166089,0.24387254901960784,derived,transcribed_evidence_not_validated_model_input,metro3_fare_chart_20260918,31df5bd9bc8cbb188f78c7c0174177417ee00a548e19272ea0036fc0676f702a
VIDN,CIAD,20,0.07109146054936136,0.037200168738519376,derived,transcribed_evidence_not_validated_model_input,metro3_fare_chart_20260918,31df5bd9bc8cbb188f78c7c0174177417ee00a548e19272ea0036fc0676f702a
VIDN,SHRR,20,0.0697375475244564,0.029931062839078995,derived,transcribed_evidence_not_validated_model_input,metro3_fare_chart_20260918,31df5bd9bc8cbb188f78c7c0174177417ee00a548e19272ea0036fc0676f702a
VIDN,CSIA,30,0.030481091674142417,0.0808029764193259,derived,transcribed_evidence_not_validated_model_input,metro3_fare_chart_20260918,31df5bd9bc8cbb188f78c7c0174177417ee00a548e19272ea0036fc0676f702a
VIDN,MNK,30,0.029981497500961168,0.07882910953052245,derived,transcribed_evidence_not_validated_model_input,metro3_fare_chart_20260918,31df5bd9bc8cbb188f78c7c0174177417ee00a548e19272ea0036fc0676f702a
VIDN,MIDC,40,0.024348674655047205,0.1363761000042719,derived,transcribed_evidence_not_validated_model_input,metro3_fare_chart_20260918,31df5bd9bc8cbb188f78c7c0174177417ee00a548e19272ea0036fc0676f702a
VIDN,SEPZ,40,0.04011704899824854,0.11498427421077363,derived,transcribed_evidence_not_validated_model_input,metro3_fare_chart_20260918,31df5bd9bc8cbb188f78c7c0174177417ee00a548e19272ea0036fc0676f702a
VIDN,ARYJ,40,0.055839714426075444,0.10023930432739545,derived,transcribed_evidence_not_validated_model_input,metro3_fare_chart_20260918,31df5bd9bc8cbb188f78c7c0174177417ee00a548e19272ea0036fc0676f702a
STZM,CUP,60,0.04919849203297877,0.07132422358921783,derived,transcribed_evidence_not_validated_model_input,metro3_fare_chart_20260918,31df5bd9bc8cbb188f78c7c0174177417ee00a548e19272ea0036fc0676f702a
STZM,VIDB,60,0.055873542227348465,0.04457868768422401,derived,transcribed_evidence_not_validated_model_input,metro3_fare_chart_20260918,31df5bd9bc8cbb188f78c7c0174177417ee00a548e19272ea0036fc0676f702a
STZM,CHGM,60,0.06942431329830406,0.03155212738690248,derived,transcribed_evidence_not_validated_model_input,metro3_fare_chart_20260918,31df5bd9bc8cbb188f78c7c0174177417ee00a548e19272ea0036fc0676f702a
STZM,HUC,60,0.08294448716305695,0.013628198556110888,derived,transcribed_evidence_not_validated_model_input,metro3_fare_chart_20260918,31df5bd9bc8cbb188f78c7c0174177417ee00a548e19272ea0036fc0676f702a
STZM,CSTM,60,0.06106046285616643,0.081409767610748,derived,transcribed_evidence_not_validated_model_input,metro3_fare_chart_20260918,31df5bd9bc8cbb188f78c7c0174177417ee00a548e19272ea0036fc0676f702a
STZM,KLBD,60,0.05175066213849374,0.07658160322952709,derived,transcribed_evidence_not_validated_model_input,metro3_fare_chart_20260918,31df5bd9bc8cbb188f78c7c0174177417ee00a548e19272ea0036fc0676f702a
STZM,GIRG,50,0.049914722969797945,0.05508484984407706,derived,transcribed_evidence_not_validated_model_input,metro3_fare_chart_20260918,31df5bd9bc8cbb188f78c7c0174177417ee00a548e19272ea0036fc0676f702a
STZM,GTRM,50,0.04908069545901149,0.06558070613866461,derived,transcribed_evidence_not_validated_model_input,metro3_fare_chart_20260918,31df5bd9bc8cbb188f78c7c0174177417ee00a548e19272ea0036fc0676f702a
STZM,MCLM,50,0.07269004442735699,0.027718345508137898,derived,transcribed_evidence_not_validated_model_input,metro3_fare_chart_20260918,31df5bd9bc8cbb188f78c7c0174177417ee00a548e19272ea0036fc0676f702a
STZM,MLXM,50,0.06852036075868256,0.03870674740484428,derived,transcribed_evidence_not_validated_model_input,metro3_fare_chart_20260918,31df5bd9bc8cbb188f78c7c0174177417ee00a548e19272ea0036fc0676f702a
STZM,SCMU,50,0.06528170255030116,0.050461387714127046,derived,transcribed_evidence_not_validated_model_input,metro3_fare_chart_20260918,31df5bd9bc8cbb188f78c7c0174177417ee00a548e19272ea0036fc0676f702a
STZM,ACA,50,0.051957527019522415,0.046705433807509925,derived,transcribed_evidence_not_validated_model_input,metro3_fare_chart_20260918,31df5bd9bc8cbb188f78c7c0174177417ee00a548e19272ea0036fc0676f702a
STZM,WOR,40,0.06922425669614252,0.10668714490153358,derived,transcribed_evidence_not_validated_model_input,metro3_fare_chart_20260918,31df5bd9bc8cbb188f78c7c0174177417ee00a548e19272ea0036fc0676f702a
STZM,SIDV,40,0.0829496667948225,0.09839653018069973,derived,transcribed_evidence_not_validated_model_input,metro3_fare_chart_20260918,31df5bd9bc8cbb188f78c7c0174177417ee00a548e19272ea0036fc0676f702a
STZM,DDRM,30,0.08715696954162928,0.06095804498269898,derived,transcribed_evidence_not_validated_model_input,metro3_fare_chart_20260918,31df5bd9bc8cbb188f78c7c0174177417ee00a548e19272ea0036fc0676f702a
STZM,SDIT,30,0.0709403434576445,0.0719265827245931,derived,transcribed_evidence_not_validated_model_input,metro3_fare_chart_20260918,31df5bd9bc8cbb188f78c7c0174177417ee00a548e19272ea0036fc0676f702a
STZM,DHAV,20,0.08638544470075611,0.04929039044811824,derived,transcribed_evidence_not_validated_model_input,metro3_fare_chart_20260918,31df5bd9bc8cbb188f78c7c0174177417ee00a548e19272ea0036fc0676f702a
STZM,BDRM,20,0.07805518176769619,0.04603832927506514,derived,transcribed_evidence_not_validated_model_input,metro3_fare_chart_20260918,31df5bd9bc8cbb188f78c7c0174177417ee00a548e19272ea0036fc0676f702a
STZM,VIDN,10,0.04443587402281174,0.23702742534922466,derived,transcribed_evidence_not_validated_model_input,metro3_fare_chart_20260918,31df5bd9bc8cbb188f78c7c0174177417ee00a548e19272ea0036fc0676f702a
STZM,STZM,10,0.16139721901832627,0.13564734717416382,derived,transcribed_evidence_not_validated_model_input,metro3_fare_chart_20260918,31df5bd9bc8cbb188f78c7c0174177417ee00a548e19272ea0036fc0676f702a
STZM,CIAD,20,0.09646992075697382,0.01994793669101627,derived,transcribed_evidence_not_validated_model_input,metro3_fare_chart_20260918,31df5bd9bc8cbb188f78c7c0174177417ee00a548e19272ea0036fc0676f702a
STZM,SHRR,20,0.0991810574992524,0.019933892947157084,derived,transcribed_evidence_not_validated_model_input,metro3_fare_chart_20260918,31df5bd9bc8cbb188f78c7c0174177417ee00a548e19272ea0036fc0676f702a
STZM,CSIA,20,0.07554284676833697,0.055392530650604455,derived,transcribed_evidence_not_validated_model_input,metro3_fare_chart_20260918,31df5bd9bc8cbb188f78c7c0174177417ee00a548e19272ea0036fc0676f702a
STZM,MNK,30,0.05541479772736982,0.06722433145371437,derived,transcribed_evidence_not_validated_model_input,metro3_fare_chart_20260918,31df5bd9bc8cbb188f78c7c0174177417ee00a548e19272ea0036fc0676f702a
STZM,MIDC,30,0.06966142829680892,0.0629217662010338,derived,transcribed_evidence_not_validated_model_input,metro3_fare_chart_20260918,31df5bd9bc8cbb188f78c7c0174177417ee00a548e19272ea0036fc0676f702a
STZM,SEPZ,40,0.046976456704686226,0.11519359541202101,derived,transcribed_evidence_not_validated_model_input,metro3_fare_chart_20260918,31df5bd9bc8cbb188f78c7c0174177417ee00a548e19272ea0036fc0676f702a
STZM,ARYJ,40,0.0644834251783502,0.10205238903840402,derived,transcribed_evidence_not_validated_model_input,metro3_fare_chart_20260918,31df5bd9bc8cbb188f78c7c0174177417ee00a548e19272ea0036fc0676f702a
CIAD,CUP,70,0.05738834422657952,0.08847011299073007,derived,transcribed_evidence_not_validated_model_input,metro3_fare_chart_20260918,31df5bd9bc8cbb188f78c7c0174177417ee00a548e19272ea0036fc0676f702a
CIAD,VIDB,60,0.029135668973471744,0.06252381562646844,derived,transcribed_evidence_not_validated_model_input,metro3_fare_chart_20260918,31df5bd9bc8cbb188f78c7c0174177417ee00a548e19272ea0036fc0676f702a
CIAD,CHGM,60,0.04572159746251442,0.03703693024050579,derived,transcribed_evidence_not_validated_model_input,metro3_fare_chart_20260918,31df5bd9bc8cbb188f78c7c0174177417ee00a548e19272ea0036fc0676f702a
CIAD,HUC,60,0.0639729644581144,0.015280607885855862,derived,transcribed_evidence_not_validated_model_input,metro3_fare_chart_20260918,31df5bd9bc8cbb188f78c7c0174177417ee00a548e19272ea0036fc0676f702a
CIAD,CSTM,60,0.04856892648126789,0.09101889230637786,derived,transcribed_evidence_not_validated_model_input,metro3_fare_chart_20260918,31df5bd9bc8cbb188f78c7c0174177417ee00a548e19272ea0036fc0676f702a
CIAD,KLBD,60,0.025724294074928447,0.09083429450211457,derived,transcribed_evidence_not_validated_model_input,metro3_fare_chart_20260918,31df5bd9bc8cbb188f78c7c0174177417ee00a548e19272ea0036fc0676f702a
CIAD,GIRG,60,0.029833263915588024,0.06572221154256909,derived,transcribed_evidence_not_validated_model_input,metro3_fare_chart_20260918,31df5bd9bc8cbb188f78c7c0174177417ee00a548e19272ea0036fc0676f702a
CIAD,GTRM,60,0.04196358772267077,0.04070111922764749,derived,transcribed_evidence_not_validated_model_input,metro3_fare_chart_20260918,31df5bd9bc8cbb188f78c7c0174177417ee00a548e19272ea0036fc0676f702a
CIAD,MCLM,50,0.07471586782861292,0.01589420735614508,derived,transcribed_evidence_not_validated_model_input,metro3_fare_chart_20260918,31df5bd9bc8cbb188f78c7c0174177417ee00a548e19272ea0036fc0676f702a
CIAD,MLXM,50,0.07173768635994703,0.02331640608313043,derived,transcribed_evidence_not_validated_model_input,metro3_fare_chart_20260918,31df5bd9bc8cbb188f78c7c0174177417ee00a548e19272ea0036fc0676f702a
CIAD,SCMU,50,0.06864512580631381,0.017011646161732674,derived,transcribed_evidence_not_validated_model_input,metro3_fare_chart_20260918,31df5bd9bc8cbb188f78c7c0174177417ee00a548e19272ea0036fc0676f702a
CIAD,ACA,50,0.05034735571788628,0.03951952240591226,derived,transcribed_evidence_not_validated_model_input,metro3_fare_chart_20260918,31df5bd9bc8cbb188f78c7c0174177417ee00a548e19272ea0036fc0676f702a
CIAD,WOR,50,0.042483232944593954,0.05869537357426631,derived,transcribed_evidence_not_validated_model_input,metro3_fare_chart_20260918,31df5bd9bc8cbb188f78c7c0174177417ee00a548e19272ea0036fc0676f702a
CIAD,SIDV,40,0.08094795271049596,0.0946607341193558,derived,transcribed_evidence_not_validated_model_input,metro3_fare_chart_20260918,31df5bd9bc8cbb188f78c7c0174177417ee00a548e19272ea0036fc0676f702a
CIAD,DDRM,40,0.03178900209321201,0.11446647122901449,derived,transcribed_evidence_not_validated_model_input,metro3_fare_chart_20260918,31df5bd9bc8cbb188f78c7c0174177417ee00a548e19272ea0036fc0676f702a
CIAD,SDIT,40,0.04851883890811226,0.09572074309026443,derived,transcribed_evidence_not_validated_model_input,metro3_fare_chart_20260918,31df5bd9bc8cbb188f78c7c0174177417ee00a548e19272ea0036fc0676f702a
CIAD,DHAV,30,0.03605530992353368,0.08325689371609207,derived,transcribed_evidence_not_validated_model_input,metro3_fare_chart_20260918,31df5bd9bc8cbb188f78c7c0174177417ee00a548e19272ea0036fc0676f702a
CIAD,BDRM,20,0.03565653167585117,0.0929206715365885,derived,transcribed_evidence_not_validated_model_input,metro3_fare_chart_20260918,31df5bd9bc8cbb188f78c7c0174177417ee00a548e19272ea0036fc0676f702a
CIAD,VIDN,20,0.022387917040454525,0.10603165449186212,derived,transcribed_evidence_not_validated_model_input,metro3_fare_chart_20260918,31df5bd9bc8cbb188f78c7c0174177417ee00a548e19272ea0036fc0676f702a
CIAD,STZM,20,0.05400591118800461,0.07430518176769618,derived,transcribed_evidence_not_validated_model_input,metro3_fare_chart_20260918,31df5bd9bc8cbb188f78c7c0174177417ee00a548e19272ea0036fc0676f702a
CIAD,CIAD,10,0.15825246166004528,0.1342233222264941,derived,transcribed_evidence_not_validated_model_input,metro3_fare_chart_20260918,31df5bd9bc8cbb188f78c7c0174177417ee00a548e19272ea0036fc0676f702a
CIAD,SHRR,10,0.07102863748985432,0.22263760733051385,derived,transcribed_evidence_not_validated_model_input,metro3_fare_chart_20260918,31df5bd9bc8cbb188f78c7c0174177417ee00a548e19272ea0036fc0676f702a
CIAD,CSIA,20,0.044500672818146875,0.08388584518774828,derived,transcribed_evidence_not_validated_model_input,metro3_fare_chart_20260918,31df5bd9bc8cbb188f78c7c0174177417ee00a548e19272ea0036fc0676f702a
CIAD,MNK,20,0.02743253129138366,0.10035776837968303,derived,transcribed_evidence_not_validated_model_input,metro3_fare_chart_20260918,31df5bd9bc8cbb188f78c7c0174177417ee00a548e19272ea0036fc0676f702a
CIAD,MIDC,30,0.056752798069118704,0.06943205604681962,derived,transcribed_evidence_not_validated_model_input,metro3_fare_chart_20260918,31df5bd9bc8cbb188f78c7c0174177417ee00a548e19272ea0036fc0676f702a
CIAD,SEPZ,30,0.05303056516724337,0.08389556367209194,derived,transcribed_evidence_not_validated_model_input,metro3_fare_chart_20260918,31df5bd9bc8cbb188f78c7c0174177417ee00a548e19272ea0036fc0676f702a
CIAD,ARYJ,30,0.05550829809047802,0.06826143256867018,derived,transcribed_evidence_not_validated_model_input,metro3_fare_chart_20260918,31df5bd9bc8cbb188f78c7c0174177417ee00a548e19272ea0036fc0676f702a
SHRR,CUP,70,0.029793535605963522,0.12645235272758343,derived,transcribed_evidence_not_validated_model_input,metro3_fare_chart_20260918,31df5bd9bc8cbb188f78c7c0174177417ee00a548e19272ea0036fc0676f702a
SHRR,VIDB,70,0.053490511128198553,0.08901258597120768,derived,transcribed_evidence_not_validated_model_input,metro3_fare_chart_20260918,31df5bd9bc8cbb188f78c7c0174177417ee00a548e19272ea0036fc0676f702a
SHRR,CHGM,70,0.071114395104447,0.06150607138280151,derived,transcribed_evidence_not_validated_model_input,metro3_fare_chart_20260918,31df5bd9bc8cbb188f78c7c0174177417ee00a548e19272ea0036fc0676f702a
SHRR,HUC,60,0.054249861164509375,0.012951428937588105,derived,transcribed_evidence_not_validated_model_input,metro3_fare_chart_20260918,31df5bd9bc8cbb188f78c7c0174177417ee00a548e19272ea0036fc0676f702a
SHRR,CSTM,60,0.03912619078132343,0.09228512537912767,derived,transcribed_evidence_not_validated_model_input,metro3_fare_chart_20260918,31df5bd9bc8cbb188f78c7c0174177417ee00a548e19272ea0036fc0676f702a
SHRR,KLBD,60,0.0113540198214362,0.09172455038660342,derived,transcribed_evidence_not_validated_model_input,metro3_fare_chart_20260918,31df5bd9bc8cbb188f78c7c0174177417ee00a548e19272ea0036fc0676f702a
SHRR,GIRG,60,0.013192789098210091,0.06393700072621641,derived,transcribed_evidence_not_validated_model_input,metro3_fare_chart_20260918,31df5bd9bc8cbb188f78c7c0174177417ee00a548e19272ea0036fc0676f702a
SHRR,GTRM,60,0.028418396770472896,0.04253305352642146,derived,transcribed_evidence_not_validated_model_input,metro3_fare_chart_20260918,31df5bd9bc8cbb188f78c7c0174177417ee00a548e19272ea0036fc0676f702a
SHRR,MCLM,60,0.04188212866846085,0.017603966423170574,derived,transcribed_evidence_not_validated_model_input,metro3_fare_chart_20260918,31df5bd9bc8cbb188f78c7c0174177417ee00a548e19272ea0036fc0676f702a
SHRR,MLXM,60,0.0539891975308642,0.08893932355077105,derived,transcribed_evidence_not_validated_model_input,metro3_fare_chart_20260918,31df5bd9bc8cbb188f78c7c0174177417ee00a548e19272ea0036fc0676f702a
SHRR,SCMU,50,0.0445042505019437,0.042060932760903925,derived,transcribed_evidence_not_validated_model_input,metro3_fare_chart_20260918,31df5bd9bc8cbb188f78c7c0174177417ee00a548e19272ea0036fc0676f702a
SHRR,ACA,50,0.011788494809688582,0.06385503438848307,derived,transcribed_evidence_not_validated_model_input,metro3_fare_chart_20260918,31df5bd9bc8cbb188f78c7c0174177417ee00a548e19272ea0036fc0676f702a
SHRR,WOR,50,0.002250736896065616,0.08719274637959759,derived,transcribed_evidence_not_validated_model_input,metro3_fare_chart_20260918,31df5bd9bc8cbb188f78c7c0174177417ee00a548e19272ea0036fc0676f702a
SHRR,SIDV,50,0.05124903883121876,0.038160109359648,derived,transcribed_evidence_not_validated_model_input,metro3_fare_chart_20260918,31df5bd9bc8cbb188f78c7c0174177417ee00a548e19272ea0036fc0676f702a
SHRR,DDRM,40,0.02151643064633261,0.12081023858345083,derived,transcribed_evidence_not_validated_model_input,metro3_fare_chart_20260918,31df5bd9bc8cbb188f78c7c0174177417ee00a548e19272ea0036fc0676f702a
SHRR,SDIT,40,0.04903148895723866,0.086446158528771,derived,transcribed_evidence_not_validated_model_input,metro3_fare_chart_20260918,31df5bd9bc8cbb188f78c7c0174177417ee00a548e19272ea0036fc0676f702a
SHRR,DHAV,40,0.06668108419838524,0.09704405890896663,derived,transcribed_evidence_not_validated_model_input,metro3_fare_chart_20260918,31df5bd9bc8cbb188f78c7c0174177417ee00a548e19272ea0036fc0676f702a
SHRR,BDRM,30,0.00613810393438421,0.10701944230851379,derived,transcribed_evidence_not_validated_model_input,metro3_fare_chart_20260918,31df5bd9bc8cbb188f78c7c0174177417ee00a548e19272ea0036fc0676f702a
SHRR,VIDN,20,0.005899627280105942,0.11136646161732668,derived,transcribed_evidence_not_validated_model_input,metro3_fare_chart_20260918,31df5bd9bc8cbb188f78c7c0174177417ee00a548e19272ea0036fc0676f702a
SHRR,STZM,20,0.051214783843820756,0.078495850954761,derived,transcribed_evidence_not_validated_model_input,metro3_fare_chart_20260918,31df5bd9bc8cbb188f78c7c0174177417ee00a548e19272ea0036fc0676f702a
SHRR,CIAD,10,0.057874882523815625,0.2253621470374642,derived,transcribed_evidence_not_validated_model_input,metro3_fare_chart_20260918,31df5bd9bc8cbb188f78c7c0174177417ee00a548e19272ea0036fc0676f702a
SHRR,SHRR,10,0.09767199581357595,0.1965260156350122,derived,transcribed_evidence_not_validated_model_input,metro3_fare_chart_20260918,31df5bd9bc8cbb188f78c7c0174177417ee00a548e19272ea0036fc0676f702a
SHRR,CSIA,10,0.07158729014481609,0.20909997223290183,derived,transcribed_evidence_not_validated_model_input,metro3_fare_chart_20260918,31df5bd9bc8cbb188f78c7c0174177417ee00a548e19272ea0036fc0676f702a
SHRR,MNK,20,0.009789397240377633,0.10545473963005683,derived,transcribed_evidence_not_validated_model_input,metro3_fare_chart_20260918,31df5bd9bc8cbb188f78c7c0174177417ee00a548e19272ea0036fc0676f702a
SHRR,MIDC,20,0.052539167627835455,0.07830692789098212,derived,transcribed_evidence_not_validated_model_input,metro3_fare_chart_20260918,31df5bd9bc8cbb188f78c7c0174177417ee00a548e19272ea0036fc0676f702a
SHRR,SEPZ,20,0.04315856080994489,0.07260631594685805,derived,transcribed_evidence_not_validated_model_input,metro3_fare_chart_20260918,31df5bd9bc8cbb188f78c7c0174177417ee00a548e19272ea0036fc0676f702a
SHRR,ARYJ,30,0.042444385706352256,0.07610115233457218,derived,transcribed_evidence_not_validated_model_input,metro3_fare_chart_20260918,31df5bd9bc8cbb188f78c7c0174177417ee00a548e19272ea0036fc0676f702a
CSIA,CUP,70,0.036320806100217866,0.11833330663420052,derived,transcribed_evidence_not_validated_model_input,metro3_fare_chart_20260918,31df5bd9bc8cbb188f78c7c0174177417ee00a548e19272ea0036fc0676f702a
CSIA,VIDB,70,0.052512068008031106,0.0954602129522833,derived,transcribed_evidence_not_validated_model_input,metro3_fare_chart_20260918,31df5bd9bc8cbb188f78c7c0174177417ee00a548e19272ea0036fc0676f702a
CSIA,CHGM,70,0.07486901405442352,0.05872348776111751,derived,transcribed_evidence_not_validated_model_input,metro3_fare_chart_20260918,31df5bd9bc8cbb188f78c7c0174177417ee00a548e19272ea0036fc0676f702a
CSIA,HUC,70,0.04127368213080439,0.08953418022982611,derived,transcribed_evidence_not_validated_model_input,metro3_fare_chart_20260918,31df5bd9bc8cbb188f78c7c0174177417ee00a548e19272ea0036fc0676f702a
CSIA,CSTM,60,0.04583939403648169,0.0904913174420095,derived,transcribed_evidence_not_validated_model_input,metro3_fare_chart_20260918,31df5bd9bc8cbb188f78c7c0174177417ee00a548e19272ea0036fc0676f702a
CSIA,KLBD,60,0.009156814686658977,0.08697552223503781,derived,transcribed_evidence_not_validated_model_input,metro3_fare_chart_20260918,31df5bd9bc8cbb188f78c7c0174177417ee00a548e19272ea0036fc0676f702a
CSIA,GIRG,60,0.016849048442906578,0.0642360844119783,derived,transcribed_evidence_not_validated_model_input,metro3_fare_chart_20260918,31df5bd9bc8cbb188f78c7c0174177417ee00a548e19272ea0036fc0676f702a
CSIA,GTRM,60,0.025881391772395235,0.051196655132641294,derived,transcribed_evidence_not_validated_model_input,metro3_fare_chart_20260918,31df5bd9bc8cbb188f78c7c0174177417ee00a548e19272ea0036fc0676f702a
CSIA,MCLM,60,0.047334598872228635,0.015117743175701644,derived,transcribed_evidence_not_validated_model_input,metro3_fare_chart_20260918,31df5bd9bc8cbb188f78c7c0174177417ee00a548e19272ea0036fc0676f702a
CSIA,MLXM,60,0.050913430731769835,0.09252045153573414,derived,transcribed_evidence_not_validated_model_input,metro3_fare_chart_20260918,31df5bd9bc8cbb188f78c7c0174177417ee00a548e19272ea0036fc0676f702a
CSIA,SCMU,50,0.0423169774445726,0.045471052800205046,derived,transcribed_evidence_not_validated_model_input,metro3_fare_chart_20260918,31df5bd9bc8cbb188f78c7c0174177417ee00a548e19272ea0036fc0676f702a
CSIA,ACA,50,0.018261112179076427,0.05479852834379939,derived,transcribed_evidence_not_validated_model_input,metro3_fare_chart_20260918,31df5bd9bc8cbb188f78c7c0174177417ee00a548e19272ea0036fc0676f702a
CSIA,WOR,50,0.006054295356486822,0.08719162501601947,derived,transcribed_evidence_not_validated_model_input,metro3_fare_chart_20260918,31df5bd9bc8cbb188f78c7c0174177417ee00a548e19272ea0036fc0676f702a
CSIA,SIDV,50,0.019836227519330174,0.08722483873723781,derived,transcribed_evidence_not_validated_model_input,metro3_fare_chart_20260918,31df5bd9bc8cbb188f78c7c0174177417ee00a548e19272ea0036fc0676f702a
CSIA,DDRM,50,0.04480966188218207,0.04136165577342047,derived,transcribed_evidence_not_validated_model_input,metro3_fare_chart_20260918,31df5bd9bc8cbb188f78c7c0174177417ee00a548e19272ea0036fc0676f702a
CSIA,SDIT,40,0.042881984493143656,0.1021080300311846,derived,transcribed_evidence_not_validated_model_input,metro3_fare_chart_20260918,31df5bd9bc8cbb188f78c7c0174177417ee00a548e19272ea0036fc0676f702a
CSIA,DHAV,40,0.058302095347943096,0.09974777329232348,derived,transcribed_evidence_not_validated_model_input,metro3_fare_chart_20260918,31df5bd9bc8cbb188f78c7c0174177417ee00a548e19272ea0036fc0676f702a
CSIA,BDRM,30,0.014553804092443078,0.0908193696868726,derived,transcribed_evidence_not_validated_model_input,metro3_fare_chart_20260918,31df5bd9bc8cbb188f78c7c0174177417ee00a548e19272ea0036fc0676f702a
CSIA,VIDN,30,0.027879821863385876,0.07587858836344996,derived,transcribed_evidence_not_validated_model_input,metro3_fare_chart_20260918,31df5bd9bc8cbb188f78c7c0174177417ee00a548e19272ea0036fc0676f702a
CSIA,STZM,20,0.054457900807381776,0.07530877547097273,derived,transcribed_evidence_not_validated_model_input,metro3_fare_chart_20260918,31df5bd9bc8cbb188f78c7c0174177417ee00a548e19272ea0036fc0676f702a
CSIA,CIAD,20,0.042122954846426586,0.061077523602033404,derived,transcribed_evidence_not_validated_model_input,metro3_fare_chart_20260918,31df5bd9bc8cbb188f78c7c0174177417ee00a548e19272ea0036fc0676f702a
CSIA,SHRR,10,0.061714030928275446,0.22042451621171344,derived,transcribed_evidence_not_validated_model_input,metro3_fare_chart_20260918,31df5bd9bc8cbb188f78c7c0174177417ee00a548e19272ea0036fc0676f702a
CSIA,CSIA,10,0.10651752531077789,0.17688255585458584,derived,transcribed_evidence_not_validated_model_input,metro3_fare_chart_20260918,31df5bd9bc8cbb188f78c7c0174177417ee00a548e19272ea0036fc0676f702a
CSIA,MNK,10,0.01282661049169123,0.26482501388354907,derived,transcribed_evidence_not_validated_model_input,metro3_fare_chart_20260918,31df5bd9bc8cbb188f78c7c0174177417ee00a548e19272ea0036fc0676f702a
CSIA,MIDC,20,0.05630206330898372,0.07216575355632449,derived,transcribed_evidence_not_validated_model_input,metro3_fare_chart_20260918,31df5bd9bc8cbb188f78c7c0174177417ee00a548e19272ea0036fc0676f702a
CSIA,SEPZ,20,0.04562353154769533,0.06461377034473922,derived,transcribed_evidence_not_validated_model_input,metro3_fare_chart_20260918,31df5bd9bc8cbb188f78c7c0174177417ee00a548e19272ea0036fc0676f702a
CSIA,ARYJ,30,0.040336542569097356,0.06587271455423127,derived,transcribed_evidence_not_validated_model_input,metro3_fare_chart_20260918,31df5bd9bc8cbb188f78c7c0174177417ee00a548e19272ea0036fc0676f702a
MNK,CUP,70,0.04059288094322697,0.12586134072365332,derived,transcribed_evidence_not_validated_model_input,metro3_fare_chart_20260918,31df5bd9bc8cbb188f78c7c0174177417ee00a548e19272ea0036fc0676f702a
MNK,VIDB,70,0.05744377162629758,0.09313076701268744,derived,transcribed_evidence_not_validated_model_input,metro3_fare_chart_20260918,31df5bd9bc8cbb188f78c7c0174177417ee00a548e19272ea0036fc0676f702a
MNK,CHGM,70,0.08109162074415824,0.06453855888760732,derived,transcribed_evidence_not_validated_model_input,metro3_fare_chart_20260918,31df5bd9bc8cbb188f78c7c0174177417ee00a548e19272ea0036fc0676f702a
MNK,HUC,70,0.040808609936349265,0.09730400166602587,derived,transcribed_evidence_not_validated_model_input,metro3_fare_chart_20260918,31df5bd9bc8cbb188f78c7c0174177417ee00a548e19272ea0036fc0676f702a
MNK,CSTM,70,0.024521578239138794,0.16275948887180147,derived,transcribed_evidence_not_validated_model_input,metro3_fare_chart_20260918,31df5bd9bc8cbb188f78c7c0174177417ee00a548e19272ea0036fc0676f702a
MNK,KLBD,60,0.029610112563543938,0.08202160493827158,derived,transcribed_evidence_not_validated_model_input,metro3_fare_chart_20260918,31df5bd9bc8cbb188f78c7c0174177417ee00a548e19272ea0036fc0676f702a
MNK,GIRG,60,0.029732234397026786,0.06183823529411764,derived,transcribed_evidence_not_validated_model_input,metro3_fare_chart_20260918,31df5bd9bc8cbb188f78c7c0174177417ee00a548e19272ea0036fc0676f702a
MNK,GTRM,60,0.03382876244179589,0.042366130548079806,derived,transcribed_evidence_not_validated_model_input,metro3_fare_chart_20260918,31df5bd9bc8cbb188f78c7c0174177417ee00a548e19272ea0036fc0676f702a
MNK,MCLM,60,0.05500929129821863,0.01835511982570806,derived,transcribed_evidence_not_validated_model_input,metro3_fare_chart_20260918,31df5bd9bc8cbb188f78c7c0174177417ee00a548e19272ea0036fc0676f702a
MNK,MLXM,60,0.04862948011448588,0.09161834123627664,derived,transcribed_evidence_not_validated_model_input,metro3_fare_chart_20260918,31df5bd9bc8cbb188f78c7c0174177417ee00a548e19272ea0036fc0676f702a
MNK,SCMU,50,0.04972473194070656,0.046858393139390844,derived,transcribed_evidence_not_validated_model_input,metro3_fare_chart_20260918,31df5bd9bc8cbb188f78c7c0174177417ee00a548e19272ea0036fc0676f702a
MNK,ACA,60,0.02752181319150754,0.06855755265068991,derived,transcribed_evidence_not_validated_model_input,metro3_fare_chart_20260918,31df5bd9bc8cbb188f78c7c0174177417ee00a548e19272ea0036fc0676f702a
MNK,WOR,50,0.0155001281558375,0.07688565295399205,derived,transcribed_evidence_not_validated_model_input,metro3_fare_chart_20260918,31df5bd9bc8cbb188f78c7c0174177417ee00a548e19272ea0036fc0676f702a
MNK,SIDV,50,0.029151234567901238,0.08208311974027083,derived,transcribed_evidence_not_validated_model_input,metro3_fare_chart_20260918,31df5bd9bc8cbb188f78c7c0174177417ee00a548e19272ea0036fc0676f702a
MNK,DDRM,50,0.05530437011405869,0.04272240377632535,derived,transcribed_evidence_not_validated_model_input,metro3_fare_chart_20260918,31df5bd9bc8cbb188f78c7c0174177417ee00a548e19272ea0036fc0676f702a
MNK,SDIT,40,0.04670839741125207,0.10532618330556623,derived,transcribed_evidence_not_validated_model_input,metro3_fare_chart_20260918,31df5bd9bc8cbb188f78c7c0174177417ee00a548e19272ea0036fc0676f702a
MNK,DHAV,40,0.05697784505959247,0.10416044576872144,derived,transcribed_evidence_not_validated_model_input,metro3_fare_chart_20260918,31df5bd9bc8cbb188f78c7c0174177417ee00a548e19272ea0036fc0676f702a
MNK,BDRM,40,0.06333966102780982,0.10229556474005726,derived,transcribed_evidence_not_validated_model_input,metro3_fare_chart_20260918,31df5bd9bc8cbb188f78c7c0174177417ee00a548e19272ea0036fc0676f702a
MNK,VIDN,30,0.037076204664872485,0.07150794032209834,derived,transcribed_evidence_not_validated_model_input,metro3_fare_chart_20260918,31df5bd9bc8cbb188f78c7c0174177417ee00a548e19272ea0036fc0676f702a
MNK,STZM,30,0.05584206394976291,0.06160266884531591,derived,transcribed_evidence_not_validated_model_input,metro3_fare_chart_20260918,31df5bd9bc8cbb188f78c7c0174177417ee00a548e19272ea0036fc0676f702a
MNK,CIAD,20,0.04742756525268059,0.06124578153701567,derived,transcribed_evidence_not_validated_model_input,metro3_fare_chart_20260918,31df5bd9bc8cbb188f78c7c0174177417ee00a548e19272ea0036fc0676f702a
MNK,SHRR,20,0.048093521722414455,0.05357447990089282,derived,transcribed_evidence_not_validated_model_input,metro3_fare_chart_20260918,31df5bd9bc8cbb188f78c7c0174177417ee00a548e19272ea0036fc0676f702a
MNK,CSIA,10,0.08520176534666153,0.2044363279080696,derived,transcribed_evidence_not_validated_model_input,metro3_fare_chart_20260918,31df5bd9bc8cbb188f78c7c0174177417ee00a548e19272ea0036fc0676f702a
MNK,MNK,10,0.11193614101413986,0.17576888162672472,derived,transcribed_evidence_not_validated_model_input,metro3_fare_chart_20260918,31df5bd9bc8cbb188f78c7c0174177417ee00a548e19272ea0036fc0676f702a
MNK,MIDC,10,0.030565861420821055,0.2537237280533128,derived,transcribed_evidence_not_validated_model_input,metro3_fare_chart_20260918,31df5bd9bc8cbb188f78c7c0174177417ee00a548e19272ea0036fc0676f702a
MNK,SEPZ,20,0.04878588363449955,0.06419213763936948,derived,transcribed_evidence_not_validated_model_input,metro3_fare_chart_20260918,31df5bd9bc8cbb188f78c7c0174177417ee00a548e19272ea0036fc0676f702a
MNK,ARYJ,20,0.044986970823187665,0.054449143491819375,derived,transcribed_evidence_not_validated_model_input,metro3_fare_chart_20260918,31df5bd9bc8cbb188f78c7c0174177417ee00a548e19272ea0036fc0676f702a
MIDC,CUP,70,0.05507051240975693,0.12205842304241957,derived,transcribed_evidence_not_validated_model_input,metro3_fare_chart_20260918,31df5bd9bc8cbb188f78c7c0174177417ee00a548e19272ea0036fc0676f702a
MIDC,VIDB,70,0.07257956341578026,0.08945034495279594,derived,transcribed_evidence_not_validated_model_input,metro3_fare_chart_20260918,31df5bd9bc8cbb188f78c7c0174177417ee00a548e19272ea0036fc0676f702a
MIDC,CHGM,70,0.0934500352428553,0.06795877119911145,derived,transcribed_evidence_not_validated_model_input,metro3_fare_chart_20260918,31df5bd9bc8cbb188f78c7c0174177417ee00a548e19272ea0036fc0676f702a
MIDC,HUC,70,0.05969397453970696,0.09332631146140372,derived,transcribed_evidence_not_validated_model_input,metro3_fare_chart_20260918,31df5bd9bc8cbb188f78c7c0174177417ee00a548e19272ea0036fc0676f702a
MIDC,CSTM,70,0.03610611837327524,0.15643836238198985,derived,transcribed_evidence_not_validated_model_input,metro3_fare_chart_20260918,31df5bd9bc8cbb188f78c7c0174177417ee00a548e19272ea0036fc0676f702a
MIDC,KLBD,70,0.0497899846212995,0.1319604906232646,derived,transcribed_evidence_not_validated_model_input,metro3_fare_chart_20260918,31df5bd9bc8cbb188f78c7c0174177417ee00a548e19272ea0036fc0676f702a
MIDC,GIRG,70,0.062025930197787175,0.10810316010935964,derived,transcribed_evidence_not_validated_model_input,metro3_fare_chart_20260918,31df5bd9bc8cbb188f78c7c0174177417ee00a548e19272ea0036fc0676f702a
MIDC,GTRM,60,0.05552554573027468,0.03425215728993123,derived,transcribed_evidence_not_validated_model_input,metro3_fare_chart_20260918,31df5bd9bc8cbb188f78c7c0174177417ee00a548e19272ea0036fc0676f702a
MIDC,MCLM,60,0.07245415758896151,0.02086900337477038,derived,transcribed_evidence_not_validated_model_input,metro3_fare_chart_20260918,31df5bd9bc8cbb188f78c7c0174177417ee00a548e19272ea0036fc0676f702a
MIDC,MLXM,60,0.058550664274424374,0.08533502071852705,derived,transcribed_evidence_not_validated_model_input,metro3_fare_chart_20260918,31df5bd9bc8cbb188f78c7c0174177417ee00a548e19272ea0036fc0676f702a
MIDC,SCMU,60,0.04855426865735401,0.08156435558973044,derived,transcribed_evidence_not_validated_model_input,metro3_fare_chart_20260918,31df5bd9bc8cbb188f78c7c0174177417ee00a548e19272ea0036fc0676f702a
MIDC,ACA,60,0.044380099534367126,0.06306954590114912,derived,transcribed_evidence_not_validated_model_input,metro3_fare_chart_20260918,31df5bd9bc8cbb188f78c7c0174177417ee00a548e19272ea0036fc0676f702a
MIDC,WOR,50,0.03887073347857661,0.06769452988166944,derived,transcribed_evidence_not_validated_model_input,metro3_fare_chart_20260918,31df5bd9bc8cbb188f78c7c0174177417ee00a548e19272ea0036fc0676f702a
MIDC,SIDV,50,0.04458218527062241,0.08039562775001068,derived,transcribed_evidence_not_validated_model_input,metro3_fare_chart_20260918,31df5bd9bc8cbb188f78c7c0174177417ee00a548e19272ea0036fc0676f702a
MIDC,DDRM,50,0.06261365820838138,0.04544155025844761,derived,transcribed_evidence_not_validated_model_input,metro3_fare_chart_20260918,31df5bd9bc8cbb188f78c7c0174177417ee00a548e19272ea0036fc0676f702a
MIDC,SDIT,50,0.05620316972104747,0.05386077470203768,derived,transcribed_evidence_not_validated_model_input,metro3_fare_chart_20260918,31df5bd9bc8cbb188f78c7c0174177417ee00a548e19272ea0036fc0676f702a
MIDC,DHAV,40,0.06860021786492375,0.10357306484685379,derived,transcribed_evidence_not_validated_model_input,metro3_fare_chart_20260918,31df5bd9bc8cbb188f78c7c0174177417ee00a548e19272ea0036fc0676f702a
MIDC,BDRM,40,0.0738581848861549,0.10157575611944124,derived,transcribed_evidence_not_validated_model_input,metro3_fare_chart_20260918,31df5bd9bc8cbb188f78c7c0174177417ee00a548e19272ea0036fc0676f702a
MIDC,VIDN,40,0.07271823871160664,0.10536393587936264,derived,transcribed_evidence_not_validated_model_input,metro3_fare_chart_20260918,31df5bd9bc8cbb188f78c7c0174177417ee00a548e19272ea0036fc0676f702a
MIDC,STZM,30,0.07010327224571745,0.061967432397795716,derived,transcribed_evidence_not_validated_model_input,metro3_fare_chart_20260918,31df5bd9bc8cbb188f78c7c0174177417ee00a548e19272ea0036fc0676f702a
MIDC,CIAD,30,0.06405866867444146,0.07408034837028493,derived,transcribed_evidence_not_validated_model_input,metro3_fare_chart_20260918,31df5bd9bc8cbb188f78c7c0174177417ee00a548e19272ea0036fc0676f702a
MIDC,SHRR,20,0.09318224294074928,0.020995236874706308,derived,transcribed_evidence_not_validated_model_input,metro3_fare_chart_20260918,31df5bd9bc8cbb188f78c7c0174177417ee00a548e19272ea0036fc0676f702a
MIDC,CSIA,20,0.06992019629202444,0.055089014908795766,derived,transcribed_evidence_not_validated_model_input,metro3_fare_chart_20260918,31df5bd9bc8cbb188f78c7c0174177417ee00a548e19272ea0036fc0676f702a
MIDC,MNK,10,0.10234741445597846,0.18620776197189115,derived,transcribed_evidence_not_validated_model_input,metro3_fare_chart_20260918,31df5bd9bc8cbb188f78c7c0174177417ee00a548e19272ea0036fc0676f702a
MIDC,MIDC,10,0.14069212161988978,0.16299857960613437,derived,transcribed_evidence_not_validated_model_input,metro3_fare_chart_20260918,31df5bd9bc8cbb188f78c7c0174177417ee00a548e19272ea0036fc0676f702a
MIDC,SEPZ,10,0.06666922978341663,0.23402489427143405,derived,transcribed_evidence_not_validated_model_input,metro3_fare_chart_20260918,31df5bd9bc8cbb188f78c7c0174177417ee00a548e19272ea0036fc0676f702a
MIDC,ARYJ,20,0.09064793455508564,0.015555822546883688,derived,transcribed_evidence_not_validated_model_input,metro3_fare_chart_20260918,31df5bd9bc8cbb188f78c7c0174177417ee00a548e19272ea0036fc0676f702a
SEPZ,CUP,70,0.05924219851339228,0.09063333012943738,derived,transcribed_evidence_not_validated_model_input,metro3_fare_chart_20260918,31df5bd9bc8cbb188f78c7c0174177417ee00a548e19272ea0036fc0676f702a
SEPZ,VIDB,70,0.0749361356743133,0.06882323572130376,derived,transcribed_evidence_not_validated_model_input,metro3_fare_chart_20260918,31df5bd9bc8cbb188f78c7c0174177417ee00a548e19272ea0036fc0676f702a
SEPZ,CHGM,70,0.09891494724251355,0.033092533854500436,derived,transcribed_evidence_not_validated_model_input,metro3_fare_chart_20260918,31df5bd9bc8cbb188f78c7c0174177417ee00a548e19272ea0036fc0676f702a
SEPZ,HUC,70,0.07835931158955958,0.047838304711862956,derived,transcribed_evidence_not_validated_model_input,metro3_fare_chart_20260918,31df5bd9bc8cbb188f78c7c0174177417ee00a548e19272ea0036fc0676f702a
SEPZ,CSTM,70,0.05018323614848989,0.11611514268016575,derived,transcribed_evidence_not_validated_model_input,metro3_fare_chart_20260918,31df5bd9bc8cbb188f78c7c0174177417ee00a548e19272ea0036fc0676f702a
SEPZ,KLBD,70,0.05374909222948438,0.10009934747319407,derived,transcribed_evidence_not_validated_model_input,metro3_fare_chart_20260918,31df5bd9bc8cbb188f78c7c0174177417ee00a548e19272ea0036fc0676f702a
SEPZ,GIRG,70,0.07113524712717331,0.0716434117219873,derived,transcribed_evidence_not_validated_model_input,metro3_fare_chart_20260918,31df5bd9bc8cbb188f78c7c0174177417ee00a548e19272ea0036fc0676f702a
SEPZ,GTRM,60,0.04448636208295955,0.04176422529796232,derived,transcribed_evidence_not_validated_model_input,metro3_fare_chart_20260918,31df5bd9bc8cbb188f78c7c0174177417ee00a548e19272ea0036fc0676f702a
SEPZ,MCLM,60,0.06137073347857661,0.02352610107223719,derived,transcribed_evidence_not_validated_model_input,metro3_fare_chart_20260918,31df5bd9bc8cbb188f78c7c0174177417ee00a548e19272ea0036fc0676f702a
SEPZ,MLXM,60,0.06021316587637234,0.08374594173181255,derived,transcribed_evidence_not_validated_model_input,metro3_fare_chart_20260918,31df5bd9bc8cbb188f78c7c0174177417ee00a548e19272ea0036fc0676f702a
SEPZ,SCMU,60,0.0393776165150156,0.0861872570378914,derived,transcribed_evidence_not_validated_model_input,metro3_fare_chart_20260918,31df5bd9bc8cbb188f78c7c0174177417ee00a548e19272ea0036fc0676f702a
SEPZ,ACA,60,0.03258007069930369,0.06978453799820582,derived,transcribed_evidence_not_validated_model_input,metro3_fare_chart_20260918,31df5bd9bc8cbb188f78c7c0174177417ee00a548e19272ea0036fc0676f702a
SEPZ,WOR,60,0.03571839356657696,0.05280800119612115,derived,transcribed_evidence_not_validated_model_input,metro3_fare_chart_20260918,31df5bd9bc8cbb188f78c7c0174177417ee00a548e19272ea0036fc0676f702a
SEPZ,SIDV,50,0.06016147635524797,0.04950208787218593,derived,transcribed_evidence_not_validated_model_input,metro3_fare_chart_20260918,31df5bd9bc8cbb188f78c7c0174177417ee00a548e19272ea0036fc0676f702a
SEPZ,DDRM,50,0.0775919518134051,0.02405709342560554,derived,transcribed_evidence_not_validated_model_input,metro3_fare_chart_20260918,31df5bd9bc8cbb188f78c7c0174177417ee00a548e19272ea0036fc0676f702a
SEPZ,SDIT,50,0.07403383848092614,0.019774525823401265,derived,transcribed_evidence_not_validated_model_input,metro3_fare_chart_20260918,31df5bd9bc8cbb188f78c7c0174177417ee00a548e19272ea0036fc0676f702a
SEPZ,DHAV,50,0.05946273335042077,0.028179866717929,derived,transcribed_evidence_not_validated_model_input,metro3_fare_chart_20260918,31df5bd9bc8cbb188f78c7c0174177417ee00a548e19272ea0036fc0676f702a
SEPZ,BDRM,40,0.07876409714212482,0.1007287528301081,derived,transcribed_evidence_not_validated_model_input,metro3_fare_chart_20260918,31df5bd9bc8cbb188f78c7c0174177417ee00a548e19272ea0036fc0676f702a
SEPZ,VIDN,40,0.07522528728266906,0.09635308535178777,derived,transcribed_evidence_not_validated_model_input,metro3_fare_chart_20260918,31df5bd9bc8cbb188f78c7c0174177417ee00a548e19272ea0036fc0676f702a
SEPZ,STZM,40,0.03594504250501944,0.1210825697381349,derived,transcribed_evidence_not_validated_model_input,metro3_fare_chart_20260918,31df5bd9bc8cbb188f78c7c0174177417ee00a548e19272ea0036fc0676f702a
SEPZ,CIAD,30,0.05956087936263829,0.08041351616899484,derived,transcribed_evidence_not_validated_model_input,metro3_fare_chart_20260918,31df5bd9bc8cbb188f78c7c0174177417ee00a548e19272ea0036fc0676f702a
SEPZ,SHRR,20,0.04702560980819343,0.06474240676662824,derived,transcribed_evidence_not_validated_model_input,metro3_fare_chart_20260918,31df5bd9bc8cbb188f78c7c0174177417ee00a548e19272ea0036fc0676f702a
SEPZ,CSIA,20,0.0455097932419155,0.0843447498825238,derived,transcribed_evidence_not_validated_model_input,metro3_fare_chart_20260918,31df5bd9bc8cbb188f78c7c0174177417ee00a548e19272ea0036fc0676f702a
SEPZ,MNK,20,0.03588294032209834,0.09796910376350973,derived,transcribed_evidence_not_validated_model_input,metro3_fare_chart_20260918,31df5bd9bc8cbb188f78c7c0174177417ee00a548e19272ea0036fc0676f702a
SEPZ,MIDC,10,0.04642602738263061,0.22962647913195774,derived,transcribed_evidence_not_validated_model_input,metro3_fare_chart_20260918,31df5bd9bc8cbb188f78c7c0174177417ee00a548e19272ea0036fc0676f702a
SEPZ,SEPZ,10,0.1589429012345679,0.13383276731171767,derived,transcribed_evidence_not_validated_model_input,metro3_fare_chart_20260918,31df5bd9bc8cbb188f78c7c0174177417ee00a548e19272ea0036fc0676f702a
SEPZ,ARYJ,10,0.05603632684010423,0.2400983062070144,derived,transcribed_evidence_not_validated_model_input,metro3_fare_chart_20260918,31df5bd9bc8cbb188f78c7c0174177417ee00a548e19272ea0036fc0676f702a
ARYJ,CUP,70,0.04547286834123628,0.10326826754667007,derived,transcribed_evidence_not_validated_model_input,metro3_fare_chart_20260918,31df5bd9bc8cbb188f78c7c0174177417ee00a548e19272ea0036fc0676f702a
ARYJ,VIDB,70,0.06446230616429578,0.07067781088470247,derived,transcribed_evidence_not_validated_model_input,metro3_fare_chart_20260918,31df5bd9bc8cbb188f78c7c0174177417ee00a548e19272ea0036fc0676f702a
ARYJ,CHGM,70,0.08635159020035028,0.035920292408902585,derived,transcribed_evidence_not_validated_model_input,metro3_fare_chart_20260918,31df5bd9bc8cbb188f78c7c0174177417ee00a548e19272ea0036fc0676f702a
ARYJ,HUC,70,0.06217381669443375,0.053912677816224525,derived,transcribed_evidence_not_validated_model_input,metro3_fare_chart_20260918,31df5bd9bc8cbb188f78c7c0174177417ee00a548e19272ea0036fc0676f702a
ARYJ,CSTM,70,0.024874700969712504,0.14128452197872612,derived,transcribed_evidence_not_validated_model_input,metro3_fare_chart_20260918,31df5bd9bc8cbb188f78c7c0174177417ee00a548e19272ea0036fc0676f702a
ARYJ,KLBD,70,0.043629079627493704,0.10406352791661327,derived,transcribed_evidence_not_validated_model_input,metro3_fare_chart_20260918,31df5bd9bc8cbb188f78c7c0174177417ee00a548e19272ea0036fc0676f702a
ARYJ,GIRG,70,0.05873486159169551,0.07939678649237474,derived,transcribed_evidence_not_validated_model_input,metro3_fare_chart_20260918,31df5bd9bc8cbb188f78c7c0174177417ee00a548e19272ea0036fc0676f702a
ARYJ,GTRM,70,0.08022638194711436,0.04591618074244948,derived,transcribed_evidence_not_validated_model_input,metro3_fare_chart_20260918,31df5bd9bc8cbb188f78c7c0174177417ee00a548e19272ea0036fc0676f702a
ARYJ,MCLM,70,0.057314494425221074,0.06528517343756673,derived,transcribed_evidence_not_validated_model_input,metro3_fare_chart_20260918,31df5bd9bc8cbb188f78c7c0174177417ee00a548e19272ea0036fc0676f702a
ARYJ,MLXM,60,0.052869088811995396,0.09213707868768423,derived,transcribed_evidence_not_validated_model_input,metro3_fare_chart_20260918,31df5bd9bc8cbb188f78c7c0174177417ee00a548e19272ea0036fc0676f702a
ARYJ,SCMU,60,0.02788558887607331,0.09336724123200478,derived,transcribed_evidence_not_validated_model_input,metro3_fare_chart_20260918,31df5bd9bc8cbb188f78c7c0174177417ee00a548e19272ea0036fc0676f702a
ARYJ,ACA,60,0.01620290272971934,0.07570491050450681,derived,transcribed_evidence_not_validated_model_input,metro3_fare_chart_20260918,31df5bd9bc8cbb188f78c7c0174177417ee00a548e19272ea0036fc0676f702a
ARYJ,WOR,60,0.02648740868896578,0.05341364432483234,derived,transcribed_evidence_not_validated_model_input,metro3_fare_chart_20260918,31df5bd9bc8cbb188f78c7c0174177417ee00a548e19272ea0036fc0676f702a
ARYJ,SIDV,60,0.04014761950531847,0.027786054508949547,derived,transcribed_evidence_not_validated_model_input,metro3_fare_chart_20260918,31df5bd9bc8cbb188f78c7c0174177417ee00a548e19272ea0036fc0676f702a
ARYJ,DDRM,50,0.06050028835063437,0.02289402580204196,derived,transcribed_evidence_not_validated_model_input,metro3_fare_chart_20260918,31df5bd9bc8cbb188f78c7c0174177417ee00a548e19272ea0036fc0676f702a
ARYJ,SDIT,50,0.05664757678670597,0.031951332820709985,derived,transcribed_evidence_not_validated_model_input,metro3_fare_chart_20260918,31df5bd9bc8cbb188f78c7c0174177417ee00a548e19272ea0036fc0676f702a
ARYJ,DHAV,50,0.033631402452048355,0.033439328890597635,derived,transcribed_evidence_not_validated_model_input,metro3_fare_chart_20260918,31df5bd9bc8cbb188f78c7c0174177417ee00a548e19272ea0036fc0676f702a
ARYJ,BDRM,50,0.019933198769703963,0.05442223076594471,derived,transcribed_evidence_not_validated_model_input,metro3_fare_chart_20260918,31df5bd9bc8cbb188f78c7c0174177417ee00a548e19272ea0036fc0676f702a
ARYJ,VIDN,40,0.06805673031739928,0.10277646952027,derived,transcribed_evidence_not_validated_model_input,metro3_fare_chart_20260918,31df5bd9bc8cbb188f78c7c0174177417ee00a548e19272ea0036fc0676f702a
ARYJ,STZM,40,0.019642445213379472,0.1294562187620146,derived,transcribed_evidence_not_validated_model_input,metro3_fare_chart_20260918,31df5bd9bc8cbb188f78c7c0174177417ee00a548e19272ea0036fc0676f702a
ARYJ,CIAD,30,0.04307082745952411,0.08585418535605963,derived,transcribed_evidence_not_validated_model_input,metro3_fare_chart_20260918,31df5bd9bc8cbb188f78c7c0174177417ee00a548e19272ea0036fc0676f702a
ARYJ,SHRR,30,0.029569129394677263,0.08192364581998374,derived,transcribed_evidence_not_validated_model_input,metro3_fare_chart_20260918,31df5bd9bc8cbb188f78c7c0174177417ee00a548e19272ea0036fc0676f702a
ARYJ,CSIA,30,0.00986244606775172,0.10330607351873211,derived,transcribed_evidence_not_validated_model_input,metro3_fare_chart_20260918,31df5bd9bc8cbb188f78c7c0174177417ee00a548e19272ea0036fc0676f702a
ARYJ,MNK,20,0.015593361527617582,0.1034662416164723,derived,transcribed_evidence_not_validated_model_input,metro3_fare_chart_20260918,31df5bd9bc8cbb188f78c7c0174177417ee00a548e19272ea0036fc0676f702a
ARYJ,MIDC,20,0.05245207505660216,0.08497354115938316,derived,transcribed_evidence_not_validated_model_input,metro3_fare_chart_20260918,31df5bd9bc8cbb188f78c7c0174177417ee00a548e19272ea0036fc0676f702a
ARYJ,SEPZ,10,0.05451845444059977,0.22917654534580717,derived,transcribed_evidence_not_validated_model_input,metro3_fare_chart_20260918,31df5bd9bc8cbb188f78c7c0174177417ee00a548e19272ea0036fc0676f702a
ARYJ,ARYJ,10,0.09420540710837712,0.19232586825579912,derived,transcribed_evidence_not_validated_model_input,metro3_fare_chart_20260918,31df5bd9bc8cbb188f78c7c0174177417ee00a548e19272ea0036fc0676f702a
