source_id,queried_vehicle_id,returned_vehicle_id,tracking_trip_id,route_id,station_id,response_sequence,published_sequence,trip_status_raw,stop_status_raw,scheduled_arrival_raw,scheduled_departure_raw,scheduled_arrival_datetime_raw,actual_arrival_field_raw,actual_departure_field_raw,covered_with_both_actual_fields,actual_arrival_equals_schedule,reported_trip_start_raw,reported_trip_end_raw,last_updated_raw,refresh_flag_raw,source,retrieved_utc,source_sha256
nmmt_vehicle_293_20260918,293,293,567784860,6975,3461,1,181712273,Running,covered,16:42:00,16:42:00,2026-09-18T16:42:00,16:55:50,16:56:00,True,False,16:42,17:05,18-09-2026 17:07:10,1,operator_reported_trip_stop,2026-09-18T11:37:53.521451+00:00,ba0fc4bc49a545324f065cfeefd55e133d45dad7eef4952f97591cb13e4beee4
nmmt_vehicle_293_20260918,293,293,567784860,6975,3462,2,181712274,Running,skipped,16:43:16,16:43:16,2026-09-18T16:43:16.667,16:58:40,,False,False,16:42,17:05,18-09-2026 17:07:10,1,operator_reported_trip_stop,2026-09-18T11:37:53.521451+00:00,ba0fc4bc49a545324f065cfeefd55e133d45dad7eef4952f97591cb13e4beee4
nmmt_vehicle_293_20260918,293,293,567784860,6975,3463,3,181712275,Running,skipped,16:44:33,16:44:33,2026-09-18T16:44:33.333,16:59:18,,False,False,16:42,17:05,18-09-2026 17:07:10,1,operator_reported_trip_stop,2026-09-18T11:37:53.521451+00:00,ba0fc4bc49a545324f065cfeefd55e133d45dad7eef4952f97591cb13e4beee4
nmmt_vehicle_293_20260918,293,293,567784860,6975,3464,4,181712276,Running,skipped,16:45:50,16:45:50,2026-09-18T16:45:50,16:59:44,,False,False,16:42,17:05,18-09-2026 17:07:10,1,operator_reported_trip_stop,2026-09-18T11:37:53.521451+00:00,ba0fc4bc49a545324f065cfeefd55e133d45dad7eef4952f97591cb13e4beee4
nmmt_vehicle_293_20260918,293,293,567784860,6975,3465,5,181712277,Running,skipped,16:47:06,16:47:06,2026-09-18T16:47:06.667,16:59:40,16:59:50,False,False,16:42,17:05,18-09-2026 17:07:10,1,operator_reported_trip_stop,2026-09-18T11:37:53.521451+00:00,ba0fc4bc49a545324f065cfeefd55e133d45dad7eef4952f97591cb13e4beee4
nmmt_vehicle_293_20260918,293,293,567784860,6975,3466,6,181712278,Running,covered,16:48:23,16:48:23,2026-09-18T16:48:23.333,17:00:00,17:01:00,True,False,16:42,17:05,18-09-2026 17:07:10,1,operator_reported_trip_stop,2026-09-18T11:37:53.521451+00:00,ba0fc4bc49a545324f065cfeefd55e133d45dad7eef4952f97591cb13e4beee4
nmmt_vehicle_293_20260918,293,293,567784860,6975,3467,7,181712279,Running,covered,16:49:40,16:49:40,2026-09-18T16:49:40,17:02:40,17:03:00,True,False,16:42,17:05,18-09-2026 17:07:10,1,operator_reported_trip_stop,2026-09-18T11:37:53.521451+00:00,ba0fc4bc49a545324f065cfeefd55e133d45dad7eef4952f97591cb13e4beee4
nmmt_vehicle_293_20260918,293,293,567784860,6975,3468,8,181712280,Running,skipped,16:50:56,16:50:56,2026-09-18T16:50:56.667,17:04:43,,False,False,16:42,17:05,18-09-2026 17:07:10,1,operator_reported_trip_stop,2026-09-18T11:37:53.521451+00:00,ba0fc4bc49a545324f065cfeefd55e133d45dad7eef4952f97591cb13e4beee4
nmmt_vehicle_293_20260918,293,293,567784860,6975,3469,9,181712281,Running,covered,16:53:30,16:53:30,2026-09-18T16:53:30,17:05:00,17:05:40,True,False,16:42,17:05,18-09-2026 17:07:10,1,operator_reported_trip_stop,2026-09-18T11:37:53.521451+00:00,ba0fc4bc49a545324f065cfeefd55e133d45dad7eef4952f97591cb13e4beee4
nmmt_vehicle_293_20260918,293,293,567784860,6975,3470,10,181712282,Running,skipped,16:54:46,16:54:46,2026-09-18T16:54:46.667,17:06:30,17:06:35,False,False,16:42,17:05,18-09-2026 17:07:10,1,operator_reported_trip_stop,2026-09-18T11:37:53.521451+00:00,ba0fc4bc49a545324f065cfeefd55e133d45dad7eef4952f97591cb13e4beee4
nmmt_vehicle_293_20260918,293,293,567784860,6975,4543,11,181712283,Running,upcoming,16:56:03,16:56:03,2026-09-18T16:56:03.333,16:56:03,,False,True,16:42,17:05,18-09-2026 17:07:10,1,operator_reported_trip_stop,2026-09-18T11:37:53.521451+00:00,ba0fc4bc49a545324f065cfeefd55e133d45dad7eef4952f97591cb13e4beee4
nmmt_vehicle_293_20260918,293,293,567784860,6975,4545,12,181712284,Running,upcoming,16:58:36,16:58:36,2026-09-18T16:58:36.667,16:58:36,,False,True,16:42,17:05,18-09-2026 17:07:10,1,operator_reported_trip_stop,2026-09-18T11:37:53.521451+00:00,ba0fc4bc49a545324f065cfeefd55e133d45dad7eef4952f97591cb13e4beee4
nmmt_vehicle_293_20260918,293,293,567784860,6975,4546,13,181712285,Running,upcoming,16:59:53,16:59:53,2026-09-18T16:59:53.333,16:59:53,,False,True,16:42,17:05,18-09-2026 17:07:10,1,operator_reported_trip_stop,2026-09-18T11:37:53.521451+00:00,ba0fc4bc49a545324f065cfeefd55e133d45dad7eef4952f97591cb13e4beee4
nmmt_vehicle_293_20260918,293,293,567784860,6975,4547,14,181712286,Running,upcoming,17:01:10,17:01:10,2026-09-18T17:01:10,17:01:10,,False,True,16:42,17:05,18-09-2026 17:07:10,1,operator_reported_trip_stop,2026-09-18T11:37:53.521451+00:00,ba0fc4bc49a545324f065cfeefd55e133d45dad7eef4952f97591cb13e4beee4
nmmt_vehicle_293_20260918,293,293,567784860,6975,4524,15,181712287,Running,upcoming,17:02:26,17:02:26,2026-09-18T17:02:26.667,17:02:26,,False,True,16:42,17:05,18-09-2026 17:07:10,1,operator_reported_trip_stop,2026-09-18T11:37:53.521451+00:00,ba0fc4bc49a545324f065cfeefd55e133d45dad7eef4952f97591cb13e4beee4
nmmt_vehicle_293_20260918,293,293,567784860,6975,3406,16,181712288,Running,upcoming,17:05:00,17:05:00,2026-09-18T17:05:00,17:05:00,,False,True,16:42,17:05,18-09-2026 17:07:10,1,operator_reported_trip_stop,2026-09-18T11:37:53.521451+00:00,ba0fc4bc49a545324f065cfeefd55e133d45dad7eef4952f97591cb13e4beee4
nmmt_vehicle_423_20260918,423,423,567787223,8396,2908,1,181796218,Running,covered,15:44:00,15:44:00,2026-09-18T15:44:00,15:34:37,15:34:47,True,False,15:44,17:32,18-09-2026 17:07:42,1,operator_reported_trip_stop,2026-09-18T11:37:53.933936+00:00,42ad761a97a347ef66dc014a2b3ee84b2aa0c723114a64166cfff2b9caf99a10
nmmt_vehicle_423_20260918,423,423,567787223,8396,3080,2,181796219,Running,skipped,15:45:12,15:45:12,2026-09-18T15:45:12,15:48:40,,False,False,15:44,17:32,18-09-2026 17:07:42,1,operator_reported_trip_stop,2026-09-18T11:37:53.933936+00:00,42ad761a97a347ef66dc014a2b3ee84b2aa0c723114a64166cfff2b9caf99a10
nmmt_vehicle_423_20260918,423,423,567787223,8396,3079,3,181796220,Running,skipped,15:46:24,15:46:24,2026-09-18T15:46:24,16:02:14,,False,False,15:44,17:32,18-09-2026 17:07:42,1,operator_reported_trip_stop,2026-09-18T11:37:53.933936+00:00,42ad761a97a347ef66dc014a2b3ee84b2aa0c723114a64166cfff2b9caf99a10
nmmt_vehicle_423_20260918,423,423,567787223,8396,3075,4,181796221,Running,covered,15:46:24,15:46:24,2026-09-18T15:46:24,16:15:18,16:16:10,True,False,15:44,17:32,18-09-2026 17:07:42,1,operator_reported_trip_stop,2026-09-18T11:37:53.933936+00:00,42ad761a97a347ef66dc014a2b3ee84b2aa0c723114a64166cfff2b9caf99a10
nmmt_vehicle_423_20260918,423,423,567787223,8396,2765,5,181796222,Running,covered,15:48:48,15:48:48,2026-09-18T15:48:48,16:16:48,16:17:56,True,False,15:44,17:32,18-09-2026 17:07:42,1,operator_reported_trip_stop,2026-09-18T11:37:53.933936+00:00,42ad761a97a347ef66dc014a2b3ee84b2aa0c723114a64166cfff2b9caf99a10
nmmt_vehicle_423_20260918,423,423,567787223,8396,2764,6,181796223,Running,skipped,15:50:00,15:50:00,2026-09-18T15:50:00,16:16:17,16:16:37,False,False,15:44,17:32,18-09-2026 17:07:42,1,operator_reported_trip_stop,2026-09-18T11:37:53.933936+00:00,42ad761a97a347ef66dc014a2b3ee84b2aa0c723114a64166cfff2b9caf99a10
nmmt_vehicle_423_20260918,423,423,567787223,8396,2766,7,181796224,Running,skipped,15:51:12,15:51:12,2026-09-18T15:51:12,16:17:20,,False,False,15:44,17:32,18-09-2026 17:07:42,1,operator_reported_trip_stop,2026-09-18T11:37:53.933936+00:00,42ad761a97a347ef66dc014a2b3ee84b2aa0c723114a64166cfff2b9caf99a10
nmmt_vehicle_423_20260918,423,423,567787223,8396,2767,8,181796225,Running,skipped,15:52:24,15:52:24,2026-09-18T15:52:24,16:19:00,,False,False,15:44,17:32,18-09-2026 17:07:42,1,operator_reported_trip_stop,2026-09-18T11:37:53.933936+00:00,42ad761a97a347ef66dc014a2b3ee84b2aa0c723114a64166cfff2b9caf99a10
nmmt_vehicle_423_20260918,423,423,567787223,8396,2763,9,181796226,Running,skipped,15:53:36,15:53:36,2026-09-18T15:53:36,16:23:28,,False,False,15:44,17:32,18-09-2026 17:07:42,1,operator_reported_trip_stop,2026-09-18T11:37:53.933936+00:00,42ad761a97a347ef66dc014a2b3ee84b2aa0c723114a64166cfff2b9caf99a10
nmmt_vehicle_423_20260918,423,423,567787223,8396,2762,10,181796227,Running,skipped,15:53:36,15:53:36,2026-09-18T15:53:36,16:24:35,,False,False,15:44,17:32,18-09-2026 17:07:42,1,operator_reported_trip_stop,2026-09-18T11:37:53.933936+00:00,42ad761a97a347ef66dc014a2b3ee84b2aa0c723114a64166cfff2b9caf99a10
nmmt_vehicle_423_20260918,423,423,567787223,8396,2683,11,181796228,Running,skipped,15:54:48,15:54:48,2026-09-18T15:54:48,16:27:22,,False,False,15:44,17:32,18-09-2026 17:07:42,1,operator_reported_trip_stop,2026-09-18T11:37:53.933936+00:00,42ad761a97a347ef66dc014a2b3ee84b2aa0c723114a64166cfff2b9caf99a10
nmmt_vehicle_423_20260918,423,423,567787223,8396,3215,12,181796229,Running,covered,15:54:48,15:54:48,2026-09-18T15:54:48,16:27:31,16:28:01,True,False,15:44,17:32,18-09-2026 17:07:42,1,operator_reported_trip_stop,2026-09-18T11:37:53.933936+00:00,42ad761a97a347ef66dc014a2b3ee84b2aa0c723114a64166cfff2b9caf99a10
nmmt_vehicle_423_20260918,423,423,567787223,8396,3216,13,181796230,Running,covered,15:56:00,15:56:00,2026-09-18T15:56:00,16:28:31,16:28:36,True,False,15:44,17:32,18-09-2026 17:07:42,1,operator_reported_trip_stop,2026-09-18T11:37:53.933936+00:00,42ad761a97a347ef66dc014a2b3ee84b2aa0c723114a64166cfff2b9caf99a10
nmmt_vehicle_423_20260918,423,423,567787223,8396,2678,14,181796231,Running,skipped,15:56:00,15:56:00,2026-09-18T15:56:00,16:30:49,,False,False,15:44,17:32,18-09-2026 17:07:42,1,operator_reported_trip_stop,2026-09-18T11:37:53.933936+00:00,42ad761a97a347ef66dc014a2b3ee84b2aa0c723114a64166cfff2b9caf99a10
nmmt_vehicle_423_20260918,423,423,567787223,8396,3196,15,181796232,Running,covered,15:57:12,15:57:12,2026-09-18T15:57:12,16:31:06,16:31:21,True,False,15:44,17:32,18-09-2026 17:07:42,1,operator_reported_trip_stop,2026-09-18T11:37:53.933936+00:00,42ad761a97a347ef66dc014a2b3ee84b2aa0c723114a64166cfff2b9caf99a10
nmmt_vehicle_423_20260918,423,423,567787223,8396,2677,16,181796233,Running,covered,15:58:24,15:58:24,2026-09-18T15:58:24,16:33:11,16:33:22,True,False,15:44,17:32,18-09-2026 17:07:42,1,operator_reported_trip_stop,2026-09-18T11:37:53.933936+00:00,42ad761a97a347ef66dc014a2b3ee84b2aa0c723114a64166cfff2b9caf99a10
nmmt_vehicle_423_20260918,423,423,567787223,8396,2675,17,181796234,Running,covered,15:59:36,15:59:36,2026-09-18T15:59:36,16:35:12,16:35:21,True,False,15:44,17:32,18-09-2026 17:07:42,1,operator_reported_trip_stop,2026-09-18T11:37:53.933936+00:00,42ad761a97a347ef66dc014a2b3ee84b2aa0c723114a64166cfff2b9caf99a10
nmmt_vehicle_423_20260918,423,423,567787223,8396,2674,18,181796235,Running,covered,16:00:48,16:00:48,2026-09-18T16:00:48,16:36:05,16:36:15,True,False,15:44,17:32,18-09-2026 17:07:42,1,operator_reported_trip_stop,2026-09-18T11:37:53.933936+00:00,42ad761a97a347ef66dc014a2b3ee84b2aa0c723114a64166cfff2b9caf99a10
nmmt_vehicle_423_20260918,423,423,567787223,8396,2672,19,181796236,Running,skipped,16:02:00,16:02:00,2026-09-18T16:02:00,16:38:04,16:38:14,False,False,15:44,17:32,18-09-2026 17:07:42,1,operator_reported_trip_stop,2026-09-18T11:37:53.933936+00:00,42ad761a97a347ef66dc014a2b3ee84b2aa0c723114a64166cfff2b9caf99a10
nmmt_vehicle_423_20260918,423,423,567787223,8396,2671,20,181796237,Running,covered,16:03:12,16:03:12,2026-09-18T16:03:12,16:38:40,16:38:51,True,False,15:44,17:32,18-09-2026 17:07:42,1,operator_reported_trip_stop,2026-09-18T11:37:53.933936+00:00,42ad761a97a347ef66dc014a2b3ee84b2aa0c723114a64166cfff2b9caf99a10
nmmt_vehicle_423_20260918,423,423,567787223,8396,2670,21,181796238,Running,covered,16:04:24,16:04:24,2026-09-18T16:04:24,16:39:31,16:40:22,True,False,15:44,17:32,18-09-2026 17:07:42,1,operator_reported_trip_stop,2026-09-18T11:37:53.933936+00:00,42ad761a97a347ef66dc014a2b3ee84b2aa0c723114a64166cfff2b9caf99a10
nmmt_vehicle_423_20260918,423,423,567787223,8396,2669,22,181796239,Running,covered,16:05:36,16:05:36,2026-09-18T16:05:36,16:40:32,16:40:42,True,False,15:44,17:32,18-09-2026 17:07:42,1,operator_reported_trip_stop,2026-09-18T11:37:53.933936+00:00,42ad761a97a347ef66dc014a2b3ee84b2aa0c723114a64166cfff2b9caf99a10
nmmt_vehicle_423_20260918,423,423,567787223,8396,2667,23,181796240,Running,covered,16:06:48,16:06:48,2026-09-18T16:06:48,16:41:23,16:41:33,True,False,15:44,17:32,18-09-2026 17:07:42,1,operator_reported_trip_stop,2026-09-18T11:37:53.933936+00:00,42ad761a97a347ef66dc014a2b3ee84b2aa0c723114a64166cfff2b9caf99a10
nmmt_vehicle_423_20260918,423,423,567787223,8396,2665,24,181796241,Running,skipped,16:08:00,16:08:00,2026-09-18T16:08:00,16:42:36,,False,False,15:44,17:32,18-09-2026 17:07:42,1,operator_reported_trip_stop,2026-09-18T11:37:53.933936+00:00,42ad761a97a347ef66dc014a2b3ee84b2aa0c723114a64166cfff2b9caf99a10
nmmt_vehicle_423_20260918,423,423,567787223,8396,2540,25,181796242,Running,covered,16:10:24,16:10:24,2026-09-18T16:10:24,16:44:04,16:44:09,True,False,15:44,17:32,18-09-2026 17:07:42,1,operator_reported_trip_stop,2026-09-18T11:37:53.933936+00:00,42ad761a97a347ef66dc014a2b3ee84b2aa0c723114a64166cfff2b9caf99a10
nmmt_vehicle_423_20260918,423,423,567787223,8396,3930,26,181796243,Running,upcoming,16:11:36,16:11:36,2026-09-18T16:11:36,16:11:36,,False,True,15:44,17:32,18-09-2026 17:07:42,1,operator_reported_trip_stop,2026-09-18T11:37:53.933936+00:00,42ad761a97a347ef66dc014a2b3ee84b2aa0c723114a64166cfff2b9caf99a10
nmmt_vehicle_423_20260918,423,423,567787223,8396,3917,27,181796244,Running,upcoming,16:12:48,16:12:48,2026-09-18T16:12:48,16:12:48,,False,True,15:44,17:32,18-09-2026 17:07:42,1,operator_reported_trip_stop,2026-09-18T11:37:53.933936+00:00,42ad761a97a347ef66dc014a2b3ee84b2aa0c723114a64166cfff2b9caf99a10
nmmt_vehicle_423_20260918,423,423,567787223,8396,4142,28,181796245,Running,upcoming,16:14:00,16:14:00,2026-09-18T16:14:00,16:14:00,,False,True,15:44,17:32,18-09-2026 17:07:42,1,operator_reported_trip_stop,2026-09-18T11:37:53.933936+00:00,42ad761a97a347ef66dc014a2b3ee84b2aa0c723114a64166cfff2b9caf99a10
nmmt_vehicle_423_20260918,423,423,567787223,8396,4145,29,181796246,Running,upcoming,16:15:12,16:15:12,2026-09-18T16:15:12,16:15:12,,False,True,15:44,17:32,18-09-2026 17:07:42,1,operator_reported_trip_stop,2026-09-18T11:37:53.933936+00:00,42ad761a97a347ef66dc014a2b3ee84b2aa0c723114a64166cfff2b9caf99a10
nmmt_vehicle_423_20260918,423,423,567787223,8396,2814,30,181796247,Running,upcoming,16:16:24,16:16:24,2026-09-18T16:16:24,16:16:24,,False,True,15:44,17:32,18-09-2026 17:07:42,1,operator_reported_trip_stop,2026-09-18T11:37:53.933936+00:00,42ad761a97a347ef66dc014a2b3ee84b2aa0c723114a64166cfff2b9caf99a10
nmmt_vehicle_423_20260918,423,423,567787223,8396,4143,31,181796248,Running,upcoming,16:17:36,16:17:36,2026-09-18T16:17:36,16:17:36,,False,True,15:44,17:32,18-09-2026 17:07:42,1,operator_reported_trip_stop,2026-09-18T11:37:53.933936+00:00,42ad761a97a347ef66dc014a2b3ee84b2aa0c723114a64166cfff2b9caf99a10
nmmt_vehicle_423_20260918,423,423,567787223,8396,3277,32,181796249,Running,upcoming,16:18:48,16:18:48,2026-09-18T16:18:48,16:18:48,,False,True,15:44,17:32,18-09-2026 17:07:42,1,operator_reported_trip_stop,2026-09-18T11:37:53.933936+00:00,42ad761a97a347ef66dc014a2b3ee84b2aa0c723114a64166cfff2b9caf99a10
nmmt_vehicle_423_20260918,423,423,567787223,8396,3278,33,181796250,Running,upcoming,16:20:00,16:20:00,2026-09-18T16:20:00,16:20:00,,False,True,15:44,17:32,18-09-2026 17:07:42,1,operator_reported_trip_stop,2026-09-18T11:37:53.933936+00:00,42ad761a97a347ef66dc014a2b3ee84b2aa0c723114a64166cfff2b9caf99a10
nmmt_vehicle_423_20260918,423,423,567787223,8396,4148,34,181796251,Running,upcoming,16:21:12,16:21:12,2026-09-18T16:21:12,16:21:12,,False,True,15:44,17:32,18-09-2026 17:07:42,1,operator_reported_trip_stop,2026-09-18T11:37:53.933936+00:00,42ad761a97a347ef66dc014a2b3ee84b2aa0c723114a64166cfff2b9caf99a10
nmmt_vehicle_423_20260918,423,423,567787223,8396,3243,35,181796252,Running,upcoming,16:22:24,16:22:24,2026-09-18T16:22:24,16:22:24,,False,True,15:44,17:32,18-09-2026 17:07:42,1,operator_reported_trip_stop,2026-09-18T11:37:53.933936+00:00,42ad761a97a347ef66dc014a2b3ee84b2aa0c723114a64166cfff2b9caf99a10
nmmt_vehicle_423_20260918,423,423,567787223,8396,4149,36,181796253,Running,upcoming,16:23:36,16:23:36,2026-09-18T16:23:36,16:23:36,,False,True,15:44,17:32,18-09-2026 17:07:42,1,operator_reported_trip_stop,2026-09-18T11:37:53.933936+00:00,42ad761a97a347ef66dc014a2b3ee84b2aa0c723114a64166cfff2b9caf99a10
nmmt_vehicle_423_20260918,423,423,567787223,8396,4150,37,181796254,Running,upcoming,16:24:48,16:24:48,2026-09-18T16:24:48,16:24:48,,False,True,15:44,17:32,18-09-2026 17:07:42,1,operator_reported_trip_stop,2026-09-18T11:37:53.933936+00:00,42ad761a97a347ef66dc014a2b3ee84b2aa0c723114a64166cfff2b9caf99a10
nmmt_vehicle_423_20260918,423,423,567787223,8396,3245,38,181796255,Running,upcoming,16:26:00,16:26:00,2026-09-18T16:26:00,16:26:00,,False,True,15:44,17:32,18-09-2026 17:07:42,1,operator_reported_trip_stop,2026-09-18T11:37:53.933936+00:00,42ad761a97a347ef66dc014a2b3ee84b2aa0c723114a64166cfff2b9caf99a10
nmmt_vehicle_423_20260918,423,423,567787223,8396,4169,39,181796256,Running,upcoming,16:27:12,16:27:12,2026-09-18T16:27:12,16:27:12,,False,True,15:44,17:32,18-09-2026 17:07:42,1,operator_reported_trip_stop,2026-09-18T11:37:53.933936+00:00,42ad761a97a347ef66dc014a2b3ee84b2aa0c723114a64166cfff2b9caf99a10
nmmt_vehicle_423_20260918,423,423,567787223,8396,3247,40,181796257,Running,upcoming,16:28:24,16:28:24,2026-09-18T16:28:24,16:28:24,,False,True,15:44,17:32,18-09-2026 17:07:42,1,operator_reported_trip_stop,2026-09-18T11:37:53.933936+00:00,42ad761a97a347ef66dc014a2b3ee84b2aa0c723114a64166cfff2b9caf99a10
nmmt_vehicle_423_20260918,423,423,567787223,8396,3612,41,181796258,Running,upcoming,16:29:36,16:29:36,2026-09-18T16:29:36,16:29:36,,False,True,15:44,17:32,18-09-2026 17:07:42,1,operator_reported_trip_stop,2026-09-18T11:37:53.933936+00:00,42ad761a97a347ef66dc014a2b3ee84b2aa0c723114a64166cfff2b9caf99a10
nmmt_vehicle_423_20260918,423,423,567787223,8396,4203,42,181796259,Running,upcoming,16:30:48,16:30:48,2026-09-18T16:30:48,16:30:48,,False,True,15:44,17:32,18-09-2026 17:07:42,1,operator_reported_trip_stop,2026-09-18T11:37:53.933936+00:00,42ad761a97a347ef66dc014a2b3ee84b2aa0c723114a64166cfff2b9caf99a10
nmmt_vehicle_423_20260918,423,423,567787223,8396,3220,43,181796260,Running,upcoming,16:32:00,16:32:00,2026-09-18T16:32:00,16:32:00,,False,True,15:44,17:32,18-09-2026 17:07:42,1,operator_reported_trip_stop,2026-09-18T11:37:53.933936+00:00,42ad761a97a347ef66dc014a2b3ee84b2aa0c723114a64166cfff2b9caf99a10
nmmt_vehicle_423_20260918,423,423,567787223,8396,4151,44,181796261,Running,upcoming,16:33:12,16:33:12,2026-09-18T16:33:12,16:33:12,,False,True,15:44,17:32,18-09-2026 17:07:42,1,operator_reported_trip_stop,2026-09-18T11:37:53.933936+00:00,42ad761a97a347ef66dc014a2b3ee84b2aa0c723114a64166cfff2b9caf99a10
nmmt_vehicle_423_20260918,423,423,567787223,8396,4152,45,181796262,Running,upcoming,16:34:24,16:34:24,2026-09-18T16:34:24,16:34:24,,False,True,15:44,17:32,18-09-2026 17:07:42,1,operator_reported_trip_stop,2026-09-18T11:37:53.933936+00:00,42ad761a97a347ef66dc014a2b3ee84b2aa0c723114a64166cfff2b9caf99a10
nmmt_vehicle_423_20260918,423,423,567787223,8396,3916,46,181796263,Running,upcoming,16:35:36,16:35:36,2026-09-18T16:35:36,16:35:36,,False,True,15:44,17:32,18-09-2026 17:07:42,1,operator_reported_trip_stop,2026-09-18T11:37:53.933936+00:00,42ad761a97a347ef66dc014a2b3ee84b2aa0c723114a64166cfff2b9caf99a10
nmmt_vehicle_423_20260918,423,423,567787223,8396,3945,47,181796264,Running,upcoming,16:36:48,16:36:48,2026-09-18T16:36:48,16:36:48,,False,True,15:44,17:32,18-09-2026 17:07:42,1,operator_reported_trip_stop,2026-09-18T11:37:53.933936+00:00,42ad761a97a347ef66dc014a2b3ee84b2aa0c723114a64166cfff2b9caf99a10
nmmt_vehicle_423_20260918,423,423,567787223,8396,4153,48,181796265,Running,upcoming,16:38:00,16:38:00,2026-09-18T16:38:00,16:38:00,,False,True,15:44,17:32,18-09-2026 17:07:42,1,operator_reported_trip_stop,2026-09-18T11:37:53.933936+00:00,42ad761a97a347ef66dc014a2b3ee84b2aa0c723114a64166cfff2b9caf99a10
nmmt_vehicle_423_20260918,423,423,567787223,8396,4155,49,181796266,Running,upcoming,16:39:12,16:39:12,2026-09-18T16:39:12,16:39:12,,False,True,15:44,17:32,18-09-2026 17:07:42,1,operator_reported_trip_stop,2026-09-18T11:37:53.933936+00:00,42ad761a97a347ef66dc014a2b3ee84b2aa0c723114a64166cfff2b9caf99a10
nmmt_vehicle_423_20260918,423,423,567787223,8396,4157,50,181796267,Running,upcoming,16:40:24,16:40:24,2026-09-18T16:40:24,16:40:24,,False,True,15:44,17:32,18-09-2026 17:07:42,1,operator_reported_trip_stop,2026-09-18T11:37:53.933936+00:00,42ad761a97a347ef66dc014a2b3ee84b2aa0c723114a64166cfff2b9caf99a10
nmmt_vehicle_423_20260918,423,423,567787223,8396,4159,51,181796268,Running,upcoming,16:41:36,16:41:36,2026-09-18T16:41:36,16:41:36,,False,True,15:44,17:32,18-09-2026 17:07:42,1,operator_reported_trip_stop,2026-09-18T11:37:53.933936+00:00,42ad761a97a347ef66dc014a2b3ee84b2aa0c723114a64166cfff2b9caf99a10
nmmt_vehicle_423_20260918,423,423,567787223,8396,3227,52,181796269,Running,upcoming,16:42:48,16:42:48,2026-09-18T16:42:48,16:42:48,,False,True,15:44,17:32,18-09-2026 17:07:42,1,operator_reported_trip_stop,2026-09-18T11:37:53.933936+00:00,42ad761a97a347ef66dc014a2b3ee84b2aa0c723114a64166cfff2b9caf99a10
nmmt_vehicle_423_20260918,423,423,567787223,8396,3710,53,181796270,Running,upcoming,16:44:00,16:44:00,2026-09-18T16:44:00,16:44:00,,False,True,15:44,17:32,18-09-2026 17:07:42,1,operator_reported_trip_stop,2026-09-18T11:37:53.933936+00:00,42ad761a97a347ef66dc014a2b3ee84b2aa0c723114a64166cfff2b9caf99a10
nmmt_vehicle_423_20260918,423,423,567787223,8396,3229,54,181796271,Running,upcoming,16:45:12,16:45:12,2026-09-18T16:45:12,16:45:12,,False,True,15:44,17:32,18-09-2026 17:07:42,1,operator_reported_trip_stop,2026-09-18T11:37:53.933936+00:00,42ad761a97a347ef66dc014a2b3ee84b2aa0c723114a64166cfff2b9caf99a10
nmmt_vehicle_423_20260918,423,423,567787223,8396,2891,55,181796272,Running,upcoming,16:46:24,16:46:24,2026-09-18T16:46:24,16:46:24,,False,True,15:44,17:32,18-09-2026 17:07:42,1,operator_reported_trip_stop,2026-09-18T11:37:53.933936+00:00,42ad761a97a347ef66dc014a2b3ee84b2aa0c723114a64166cfff2b9caf99a10
nmmt_vehicle_423_20260918,423,423,567787223,8396,4161,56,181796273,Running,upcoming,16:47:36,16:47:36,2026-09-18T16:47:36,16:47:36,,False,True,15:44,17:32,18-09-2026 17:07:42,1,operator_reported_trip_stop,2026-09-18T11:37:53.933936+00:00,42ad761a97a347ef66dc014a2b3ee84b2aa0c723114a64166cfff2b9caf99a10
nmmt_vehicle_423_20260918,423,423,567787223,8396,3250,57,181796274,Running,upcoming,16:48:48,16:48:48,2026-09-18T16:48:48,16:48:48,,False,True,15:44,17:32,18-09-2026 17:07:42,1,operator_reported_trip_stop,2026-09-18T11:37:53.933936+00:00,42ad761a97a347ef66dc014a2b3ee84b2aa0c723114a64166cfff2b9caf99a10
nmmt_vehicle_423_20260918,423,423,567787223,8396,3817,58,181796275,Running,upcoming,16:50:00,16:50:00,2026-09-18T16:50:00,16:50:00,,False,True,15:44,17:32,18-09-2026 17:07:42,1,operator_reported_trip_stop,2026-09-18T11:37:53.933936+00:00,42ad761a97a347ef66dc014a2b3ee84b2aa0c723114a64166cfff2b9caf99a10
nmmt_vehicle_423_20260918,423,423,567787223,8396,3640,59,181796276,Running,upcoming,16:51:12,16:51:12,2026-09-18T16:51:12,16:51:12,,False,True,15:44,17:32,18-09-2026 17:07:42,1,operator_reported_trip_stop,2026-09-18T11:37:53.933936+00:00,42ad761a97a347ef66dc014a2b3ee84b2aa0c723114a64166cfff2b9caf99a10
nmmt_vehicle_423_20260918,423,423,567787223,8396,3251,60,181796277,Running,upcoming,16:52:24,16:52:24,2026-09-18T16:52:24,16:52:24,,False,True,15:44,17:32,18-09-2026 17:07:42,1,operator_reported_trip_stop,2026-09-18T11:37:53.933936+00:00,42ad761a97a347ef66dc014a2b3ee84b2aa0c723114a64166cfff2b9caf99a10
nmmt_vehicle_423_20260918,423,423,567787223,8396,3252,61,181796278,Running,upcoming,16:53:36,16:53:36,2026-09-18T16:53:36,16:53:36,,False,True,15:44,17:32,18-09-2026 17:07:42,1,operator_reported_trip_stop,2026-09-18T11:37:53.933936+00:00,42ad761a97a347ef66dc014a2b3ee84b2aa0c723114a64166cfff2b9caf99a10
nmmt_vehicle_423_20260918,423,423,567787223,8396,3253,62,181796279,Running,upcoming,16:58:24,16:58:24,2026-09-18T16:58:24,16:58:24,,False,True,15:44,17:32,18-09-2026 17:07:42,1,operator_reported_trip_stop,2026-09-18T11:37:53.933936+00:00,42ad761a97a347ef66dc014a2b3ee84b2aa0c723114a64166cfff2b9caf99a10
nmmt_vehicle_423_20260918,423,423,567787223,8396,3254,63,181796280,Running,upcoming,16:59:36,16:59:36,2026-09-18T16:59:36,16:59:36,,False,True,15:44,17:32,18-09-2026 17:07:42,1,operator_reported_trip_stop,2026-09-18T11:37:53.933936+00:00,42ad761a97a347ef66dc014a2b3ee84b2aa0c723114a64166cfff2b9caf99a10
nmmt_vehicle_423_20260918,423,423,567787223,8396,3255,64,181796281,Running,upcoming,17:00:48,17:00:48,2026-09-18T17:00:48,17:00:48,,False,True,15:44,17:32,18-09-2026 17:07:42,1,operator_reported_trip_stop,2026-09-18T11:37:53.933936+00:00,42ad761a97a347ef66dc014a2b3ee84b2aa0c723114a64166cfff2b9caf99a10
nmmt_vehicle_423_20260918,423,423,567787223,8396,3256,65,181796282,Running,upcoming,17:02:00,17:02:00,2026-09-18T17:02:00,17:02:00,,False,True,15:44,17:32,18-09-2026 17:07:42,1,operator_reported_trip_stop,2026-09-18T11:37:53.933936+00:00,42ad761a97a347ef66dc014a2b3ee84b2aa0c723114a64166cfff2b9caf99a10
nmmt_vehicle_423_20260918,423,423,567787223,8396,3257,66,181796283,Running,upcoming,17:03:12,17:03:12,2026-09-18T17:03:12,17:03:12,,False,True,15:44,17:32,18-09-2026 17:07:42,1,operator_reported_trip_stop,2026-09-18T11:37:53.933936+00:00,42ad761a97a347ef66dc014a2b3ee84b2aa0c723114a64166cfff2b9caf99a10
nmmt_vehicle_423_20260918,423,423,567787223,8396,3258,67,181796284,Running,upcoming,17:04:24,17:04:24,2026-09-18T17:04:24,17:04:24,,False,True,15:44,17:32,18-09-2026 17:07:42,1,operator_reported_trip_stop,2026-09-18T11:37:53.933936+00:00,42ad761a97a347ef66dc014a2b3ee84b2aa0c723114a64166cfff2b9caf99a10
nmmt_vehicle_423_20260918,423,423,567787223,8396,3259,68,181796285,Running,upcoming,17:05:36,17:05:36,2026-09-18T17:05:36,17:05:36,,False,True,15:44,17:32,18-09-2026 17:07:42,1,operator_reported_trip_stop,2026-09-18T11:37:53.933936+00:00,42ad761a97a347ef66dc014a2b3ee84b2aa0c723114a64166cfff2b9caf99a10
nmmt_vehicle_423_20260918,423,423,567787223,8396,3774,69,181796286,Running,upcoming,17:06:48,17:06:48,2026-09-18T17:06:48,17:06:48,,False,True,15:44,17:32,18-09-2026 17:07:42,1,operator_reported_trip_stop,2026-09-18T11:37:53.933936+00:00,42ad761a97a347ef66dc014a2b3ee84b2aa0c723114a64166cfff2b9caf99a10
nmmt_vehicle_423_20260918,423,423,567787223,8396,3773,70,181796287,Running,upcoming,17:08:00,17:08:00,2026-09-18T17:08:00,17:08:00,,False,True,15:44,17:32,18-09-2026 17:07:42,1,operator_reported_trip_stop,2026-09-18T11:37:53.933936+00:00,42ad761a97a347ef66dc014a2b3ee84b2aa0c723114a64166cfff2b9caf99a10
nmmt_vehicle_423_20260918,423,423,567787223,8396,3772,71,181796288,Running,upcoming,17:09:12,17:09:12,2026-09-18T17:09:12,17:09:12,,False,True,15:44,17:32,18-09-2026 17:07:42,1,operator_reported_trip_stop,2026-09-18T11:37:53.933936+00:00,42ad761a97a347ef66dc014a2b3ee84b2aa0c723114a64166cfff2b9caf99a10
nmmt_vehicle_423_20260918,423,423,567787223,8396,3771,72,181796289,Running,upcoming,17:10:24,17:10:24,2026-09-18T17:10:24,17:10:24,,False,True,15:44,17:32,18-09-2026 17:07:42,1,operator_reported_trip_stop,2026-09-18T11:37:53.933936+00:00,42ad761a97a347ef66dc014a2b3ee84b2aa0c723114a64166cfff2b9caf99a10
nmmt_vehicle_423_20260918,423,423,567787223,8396,3775,73,181796290,Running,upcoming,17:11:36,17:11:36,2026-09-18T17:11:36,17:11:36,,False,True,15:44,17:32,18-09-2026 17:07:42,1,operator_reported_trip_stop,2026-09-18T11:37:53.933936+00:00,42ad761a97a347ef66dc014a2b3ee84b2aa0c723114a64166cfff2b9caf99a10
nmmt_vehicle_423_20260918,423,423,567787223,8396,3776,74,181796291,Running,upcoming,17:12:48,17:12:48,2026-09-18T17:12:48,17:12:48,,False,True,15:44,17:32,18-09-2026 17:07:42,1,operator_reported_trip_stop,2026-09-18T11:37:53.933936+00:00,42ad761a97a347ef66dc014a2b3ee84b2aa0c723114a64166cfff2b9caf99a10
nmmt_vehicle_423_20260918,423,423,567787223,8396,3777,75,181796292,Running,upcoming,17:14:00,17:14:00,2026-09-18T17:14:00,17:14:00,,False,True,15:44,17:32,18-09-2026 17:07:42,1,operator_reported_trip_stop,2026-09-18T11:37:53.933936+00:00,42ad761a97a347ef66dc014a2b3ee84b2aa0c723114a64166cfff2b9caf99a10
nmmt_vehicle_423_20260918,423,423,567787223,8396,3778,76,181796293,Running,upcoming,17:15:12,17:15:12,2026-09-18T17:15:12,17:15:12,,False,True,15:44,17:32,18-09-2026 17:07:42,1,operator_reported_trip_stop,2026-09-18T11:37:53.933936+00:00,42ad761a97a347ef66dc014a2b3ee84b2aa0c723114a64166cfff2b9caf99a10
nmmt_vehicle_423_20260918,423,423,567787223,8396,3779,77,181796294,Running,upcoming,17:16:24,17:16:24,2026-09-18T17:16:24,17:16:24,,False,True,15:44,17:32,18-09-2026 17:07:42,1,operator_reported_trip_stop,2026-09-18T11:37:53.933936+00:00,42ad761a97a347ef66dc014a2b3ee84b2aa0c723114a64166cfff2b9caf99a10
nmmt_vehicle_423_20260918,423,423,567787223,8396,3780,78,181796295,Running,upcoming,17:17:36,17:17:36,2026-09-18T17:17:36,17:17:36,,False,True,15:44,17:32,18-09-2026 17:07:42,1,operator_reported_trip_stop,2026-09-18T11:37:53.933936+00:00,42ad761a97a347ef66dc014a2b3ee84b2aa0c723114a64166cfff2b9caf99a10
nmmt_vehicle_423_20260918,423,423,567787223,8396,3264,79,181796296,Running,upcoming,17:18:48,17:18:48,2026-09-18T17:18:48,17:18:48,,False,True,15:44,17:32,18-09-2026 17:07:42,1,operator_reported_trip_stop,2026-09-18T11:37:53.933936+00:00,42ad761a97a347ef66dc014a2b3ee84b2aa0c723114a64166cfff2b9caf99a10
nmmt_vehicle_423_20260918,423,423,567787223,8396,3265,80,181796297,Running,upcoming,17:20:00,17:20:00,2026-09-18T17:20:00,17:20:00,,False,True,15:44,17:32,18-09-2026 17:07:42,1,operator_reported_trip_stop,2026-09-18T11:37:53.933936+00:00,42ad761a97a347ef66dc014a2b3ee84b2aa0c723114a64166cfff2b9caf99a10
nmmt_vehicle_423_20260918,423,423,567787223,8396,3267,81,181796298,Running,upcoming,17:21:12,17:21:12,2026-09-18T17:21:12,17:21:12,,False,True,15:44,17:32,18-09-2026 17:07:42,1,operator_reported_trip_stop,2026-09-18T11:37:53.933936+00:00,42ad761a97a347ef66dc014a2b3ee84b2aa0c723114a64166cfff2b9caf99a10
nmmt_vehicle_423_20260918,423,423,567787223,8396,3266,82,181796299,Running,upcoming,17:22:24,17:22:24,2026-09-18T17:22:24,17:22:24,,False,True,15:44,17:32,18-09-2026 17:07:42,1,operator_reported_trip_stop,2026-09-18T11:37:53.933936+00:00,42ad761a97a347ef66dc014a2b3ee84b2aa0c723114a64166cfff2b9caf99a10
nmmt_vehicle_423_20260918,423,423,567787223,8396,3268,83,181796300,Running,upcoming,17:23:36,17:23:36,2026-09-18T17:23:36,17:23:36,,False,True,15:44,17:32,18-09-2026 17:07:42,1,operator_reported_trip_stop,2026-09-18T11:37:53.933936+00:00,42ad761a97a347ef66dc014a2b3ee84b2aa0c723114a64166cfff2b9caf99a10
nmmt_vehicle_423_20260918,423,423,567787223,8396,3269,84,181796301,Running,upcoming,17:24:48,17:24:48,2026-09-18T17:24:48,17:24:48,,False,True,15:44,17:32,18-09-2026 17:07:42,1,operator_reported_trip_stop,2026-09-18T11:37:53.933936+00:00,42ad761a97a347ef66dc014a2b3ee84b2aa0c723114a64166cfff2b9caf99a10
nmmt_vehicle_423_20260918,423,423,567787223,8396,3270,85,181796302,Running,upcoming,17:26:00,17:26:00,2026-09-18T17:26:00,17:26:00,,False,True,15:44,17:32,18-09-2026 17:07:42,1,operator_reported_trip_stop,2026-09-18T11:37:53.933936+00:00,42ad761a97a347ef66dc014a2b3ee84b2aa0c723114a64166cfff2b9caf99a10
nmmt_vehicle_423_20260918,423,423,567787223,8396,3271,86,181796303,Running,upcoming,17:27:12,17:27:12,2026-09-18T17:27:12,17:27:12,,False,True,15:44,17:32,18-09-2026 17:07:42,1,operator_reported_trip_stop,2026-09-18T11:37:53.933936+00:00,42ad761a97a347ef66dc014a2b3ee84b2aa0c723114a64166cfff2b9caf99a10
nmmt_vehicle_423_20260918,423,423,567787223,8396,3995,87,181796304,Running,upcoming,17:28:24,17:28:24,2026-09-18T17:28:24,17:28:24,,False,True,15:44,17:32,18-09-2026 17:07:42,1,operator_reported_trip_stop,2026-09-18T11:37:53.933936+00:00,42ad761a97a347ef66dc014a2b3ee84b2aa0c723114a64166cfff2b9caf99a10
nmmt_vehicle_423_20260918,423,423,567787223,8396,5312,88,181796305,Running,upcoming,17:28:24,17:28:24,2026-09-18T17:28:24,17:28:24,,False,True,15:44,17:32,18-09-2026 17:07:42,1,operator_reported_trip_stop,2026-09-18T11:37:53.933936+00:00,42ad761a97a347ef66dc014a2b3ee84b2aa0c723114a64166cfff2b9caf99a10
nmmt_vehicle_423_20260918,423,423,567787223,8396,5313,89,181796306,Running,upcoming,17:29:36,17:29:36,2026-09-18T17:29:36,17:29:36,,False,True,15:44,17:32,18-09-2026 17:07:42,1,operator_reported_trip_stop,2026-09-18T11:37:53.933936+00:00,42ad761a97a347ef66dc014a2b3ee84b2aa0c723114a64166cfff2b9caf99a10
nmmt_vehicle_423_20260918,423,423,567787223,8396,5314,90,181796307,Running,upcoming,17:30:48,17:30:48,2026-09-18T17:30:48,17:30:48,,False,True,15:44,17:32,18-09-2026 17:07:42,1,operator_reported_trip_stop,2026-09-18T11:37:53.933936+00:00,42ad761a97a347ef66dc014a2b3ee84b2aa0c723114a64166cfff2b9caf99a10
nmmt_vehicle_423_20260918,423,423,567787223,8396,3996,91,181796308,Running,upcoming,17:32:00,17:32:00,2026-09-18T17:32:00,17:32:00,,False,True,15:44,17:32,18-09-2026 17:07:42,1,operator_reported_trip_stop,2026-09-18T11:37:53.933936+00:00,42ad761a97a347ef66dc014a2b3ee84b2aa0c723114a64166cfff2b9caf99a10
nmmt_vehicle_427_20260918,427,427,567787203,8397,3996,1,181794420,Running,covered,15:43:00,15:43:00,2026-09-18T15:43:00,15:36:06,15:36:16,True,False,15:43,17:31,02-07-2026 11:58:24,1,operator_reported_trip_stop,2026-09-18T11:37:54.372674+00:00,3c7c589321f368b8c98332dae3dc445a608c2a8dc2e6eb4c9e4c5ef89bbb8460
nmmt_vehicle_427_20260918,427,427,567787203,8397,5314,2,181794421,Running,covered,15:44:12,15:44:12,2026-09-18T15:44:12,15:40:25,15:40:30,True,False,15:43,17:31,02-07-2026 11:58:24,1,operator_reported_trip_stop,2026-09-18T11:37:54.372674+00:00,3c7c589321f368b8c98332dae3dc445a608c2a8dc2e6eb4c9e4c5ef89bbb8460
nmmt_vehicle_427_20260918,427,427,567787203,8397,5313,3,181794422,Running,skipped,15:45:24,15:45:24,2026-09-18T15:45:24,15:40:40,15:40:57,False,False,15:43,17:31,02-07-2026 11:58:24,1,operator_reported_trip_stop,2026-09-18T11:37:54.372674+00:00,3c7c589321f368b8c98332dae3dc445a608c2a8dc2e6eb4c9e4c5ef89bbb8460
nmmt_vehicle_427_20260918,427,427,567787203,8397,5312,4,181794423,Running,covered,15:45:24,15:45:24,2026-09-18T15:45:24,15:41:15,15:41:30,True,False,15:43,17:31,02-07-2026 11:58:24,1,operator_reported_trip_stop,2026-09-18T11:37:54.372674+00:00,3c7c589321f368b8c98332dae3dc445a608c2a8dc2e6eb4c9e4c5ef89bbb8460
nmmt_vehicle_427_20260918,427,427,567787203,8397,3995,5,181794424,Running,skipped,15:46:36,15:46:36,2026-09-18T15:46:36,15:42:16,15:42:45,False,False,15:43,17:31,02-07-2026 11:58:24,1,operator_reported_trip_stop,2026-09-18T11:37:54.372674+00:00,3c7c589321f368b8c98332dae3dc445a608c2a8dc2e6eb4c9e4c5ef89bbb8460
nmmt_vehicle_427_20260918,427,427,567787203,8397,3271,6,181794425,Running,covered,15:46:36,15:46:36,2026-09-18T15:46:36,15:42:55,15:43:13,True,False,15:43,17:31,02-07-2026 11:58:24,1,operator_reported_trip_stop,2026-09-18T11:37:54.372674+00:00,3c7c589321f368b8c98332dae3dc445a608c2a8dc2e6eb4c9e4c5ef89bbb8460
nmmt_vehicle_427_20260918,427,427,567787203,8397,3270,7,181794426,Running,covered,15:47:48,15:47:48,2026-09-18T15:47:48,15:44:00,15:44:15,True,False,15:43,17:31,02-07-2026 11:58:24,1,operator_reported_trip_stop,2026-09-18T11:37:54.372674+00:00,3c7c589321f368b8c98332dae3dc445a608c2a8dc2e6eb4c9e4c5ef89bbb8460
nmmt_vehicle_427_20260918,427,427,567787203,8397,3269,8,181794427,Running,skipped,15:47:48,15:47:48,2026-09-18T15:47:48,15:44:46,15:44:55,False,False,15:43,17:31,02-07-2026 11:58:24,1,operator_reported_trip_stop,2026-09-18T11:37:54.372674+00:00,3c7c589321f368b8c98332dae3dc445a608c2a8dc2e6eb4c9e4c5ef89bbb8460
nmmt_vehicle_427_20260918,427,427,567787203,8397,3268,9,181794428,Running,covered,15:49:00,15:49:00,2026-09-18T15:49:00,15:45:24,15:45:30,True,False,15:43,17:31,02-07-2026 11:58:24,1,operator_reported_trip_stop,2026-09-18T11:37:54.372674+00:00,3c7c589321f368b8c98332dae3dc445a608c2a8dc2e6eb4c9e4c5ef89bbb8460
nmmt_vehicle_427_20260918,427,427,567787203,8397,3266,10,181794429,Running,covered,15:50:12,15:50:12,2026-09-18T15:50:12,15:46:06,15:46:10,True,False,15:43,17:31,02-07-2026 11:58:24,1,operator_reported_trip_stop,2026-09-18T11:37:54.372674+00:00,3c7c589321f368b8c98332dae3dc445a608c2a8dc2e6eb4c9e4c5ef89bbb8460
nmmt_vehicle_427_20260918,427,427,567787203,8397,3267,11,181794430,Running,covered,15:51:24,15:51:24,2026-09-18T15:51:24,15:47:15,15:47:25,True,False,15:43,17:31,02-07-2026 11:58:24,1,operator_reported_trip_stop,2026-09-18T11:37:54.372674+00:00,3c7c589321f368b8c98332dae3dc445a608c2a8dc2e6eb4c9e4c5ef89bbb8460
nmmt_vehicle_427_20260918,427,427,567787203,8397,3265,12,181794431,Running,skipped,15:52:36,15:52:36,2026-09-18T15:52:36,15:48:26,15:48:36,False,False,15:43,17:31,02-07-2026 11:58:24,1,operator_reported_trip_stop,2026-09-18T11:37:54.372674+00:00,3c7c589321f368b8c98332dae3dc445a608c2a8dc2e6eb4c9e4c5ef89bbb8460
nmmt_vehicle_427_20260918,427,427,567787203,8397,3264,13,181794432,Running,covered,15:53:48,15:53:48,2026-09-18T15:53:48,15:49:45,15:49:55,True,False,15:43,17:31,02-07-2026 11:58:24,1,operator_reported_trip_stop,2026-09-18T11:37:54.372674+00:00,3c7c589321f368b8c98332dae3dc445a608c2a8dc2e6eb4c9e4c5ef89bbb8460
nmmt_vehicle_427_20260918,427,427,567787203,8397,3780,14,181794433,Running,skipped,15:55:00,15:55:00,2026-09-18T15:55:00,15:50:37,15:51:11,False,False,15:43,17:31,02-07-2026 11:58:24,1,operator_reported_trip_stop,2026-09-18T11:37:54.372674+00:00,3c7c589321f368b8c98332dae3dc445a608c2a8dc2e6eb4c9e4c5ef89bbb8460
nmmt_vehicle_427_20260918,427,427,567787203,8397,3779,15,181794434,Running,covered,15:56:12,15:56:12,2026-09-18T15:56:12,15:51:58,15:52:05,True,False,15:43,17:31,02-07-2026 11:58:24,1,operator_reported_trip_stop,2026-09-18T11:37:54.372674+00:00,3c7c589321f368b8c98332dae3dc445a608c2a8dc2e6eb4c9e4c5ef89bbb8460
nmmt_vehicle_427_20260918,427,427,567787203,8397,3778,16,181794435,Running,covered,15:57:24,15:57:24,2026-09-18T15:57:24,15:52:26,15:52:45,True,False,15:43,17:31,02-07-2026 11:58:24,1,operator_reported_trip_stop,2026-09-18T11:37:54.372674+00:00,3c7c589321f368b8c98332dae3dc445a608c2a8dc2e6eb4c9e4c5ef89bbb8460
nmmt_vehicle_427_20260918,427,427,567787203,8397,3777,17,181794436,Running,skipped,15:58:36,15:58:36,2026-09-18T15:58:36,15:53:20,15:53:25,False,False,15:43,17:31,02-07-2026 11:58:24,1,operator_reported_trip_stop,2026-09-18T11:37:54.372674+00:00,3c7c589321f368b8c98332dae3dc445a608c2a8dc2e6eb4c9e4c5ef89bbb8460
nmmt_vehicle_427_20260918,427,427,567787203,8397,3776,18,181794437,Running,covered,15:59:48,15:59:48,2026-09-18T15:59:48,15:53:35,15:53:51,True,False,15:43,17:31,02-07-2026 11:58:24,1,operator_reported_trip_stop,2026-09-18T11:37:54.372674+00:00,3c7c589321f368b8c98332dae3dc445a608c2a8dc2e6eb4c9e4c5ef89bbb8460
nmmt_vehicle_427_20260918,427,427,567787203,8397,3775,19,181794438,Running,covered,16:01:00,16:01:00,2026-09-18T16:01:00,15:54:15,15:54:30,True,False,15:43,17:31,02-07-2026 11:58:24,1,operator_reported_trip_stop,2026-09-18T11:37:54.372674+00:00,3c7c589321f368b8c98332dae3dc445a608c2a8dc2e6eb4c9e4c5ef89bbb8460
nmmt_vehicle_427_20260918,427,427,567787203,8397,3771,20,181794439,Running,skipped,16:02:12,16:02:12,2026-09-18T16:02:12,15:55:36,15:55:50,False,False,15:43,17:31,02-07-2026 11:58:24,1,operator_reported_trip_stop,2026-09-18T11:37:54.372674+00:00,3c7c589321f368b8c98332dae3dc445a608c2a8dc2e6eb4c9e4c5ef89bbb8460
nmmt_vehicle_427_20260918,427,427,567787203,8397,3772,21,181794440,Running,skipped,16:03:24,16:03:24,2026-09-18T16:03:24,15:55:55,15:56:15,False,False,15:43,17:31,02-07-2026 11:58:24,1,operator_reported_trip_stop,2026-09-18T11:37:54.372674+00:00,3c7c589321f368b8c98332dae3dc445a608c2a8dc2e6eb4c9e4c5ef89bbb8460
nmmt_vehicle_427_20260918,427,427,567787203,8397,3773,22,181794441,Running,covered,16:04:36,16:04:36,2026-09-18T16:04:36,15:56:51,15:57:01,True,False,15:43,17:31,02-07-2026 11:58:24,1,operator_reported_trip_stop,2026-09-18T11:37:54.372674+00:00,3c7c589321f368b8c98332dae3dc445a608c2a8dc2e6eb4c9e4c5ef89bbb8460
nmmt_vehicle_427_20260918,427,427,567787203,8397,3774,23,181794442,Running,skipped,16:05:48,16:05:48,2026-09-18T16:05:48,15:57:20,15:57:35,False,False,15:43,17:31,02-07-2026 11:58:24,1,operator_reported_trip_stop,2026-09-18T11:37:54.372674+00:00,3c7c589321f368b8c98332dae3dc445a608c2a8dc2e6eb4c9e4c5ef89bbb8460
nmmt_vehicle_427_20260918,427,427,567787203,8397,3259,24,181794443,Running,covered,16:07:00,16:07:00,2026-09-18T16:07:00,15:57:56,15:58:25,True,False,15:43,17:31,02-07-2026 11:58:24,1,operator_reported_trip_stop,2026-09-18T11:37:54.372674+00:00,3c7c589321f368b8c98332dae3dc445a608c2a8dc2e6eb4c9e4c5ef89bbb8460
nmmt_vehicle_427_20260918,427,427,567787203,8397,4114,25,181794444,Running,covered,16:08:12,16:08:12,2026-09-18T16:08:12,16:00:01,16:00:05,True,False,15:43,17:31,02-07-2026 11:58:24,1,operator_reported_trip_stop,2026-09-18T11:37:54.372674+00:00,3c7c589321f368b8c98332dae3dc445a608c2a8dc2e6eb4c9e4c5ef89bbb8460
nmmt_vehicle_427_20260918,427,427,567787203,8397,4102,26,181794445,Running,covered,16:09:24,16:09:24,2026-09-18T16:09:24,16:00:55,16:01:20,True,False,15:43,17:31,02-07-2026 11:58:24,1,operator_reported_trip_stop,2026-09-18T11:37:54.372674+00:00,3c7c589321f368b8c98332dae3dc445a608c2a8dc2e6eb4c9e4c5ef89bbb8460
nmmt_vehicle_427_20260918,427,427,567787203,8397,4103,27,181794446,Running,skipped,16:10:36,16:10:36,2026-09-18T16:10:36,16:01:50,16:02:00,False,False,15:43,17:31,02-07-2026 11:58:24,1,operator_reported_trip_stop,2026-09-18T11:37:54.372674+00:00,3c7c589321f368b8c98332dae3dc445a608c2a8dc2e6eb4c9e4c5ef89bbb8460
nmmt_vehicle_427_20260918,427,427,567787203,8397,4104,28,181794447,Running,skipped,16:11:48,16:11:48,2026-09-18T16:11:48,16:03:06,16:03:16,False,False,15:43,17:31,02-07-2026 11:58:24,1,operator_reported_trip_stop,2026-09-18T11:37:54.372674+00:00,3c7c589321f368b8c98332dae3dc445a608c2a8dc2e6eb4c9e4c5ef89bbb8460
nmmt_vehicle_427_20260918,427,427,567787203,8397,4105,29,181794448,Running,skipped,16:13:00,16:13:00,2026-09-18T16:13:00,16:04:20,16:04:45,False,False,15:43,17:31,02-07-2026 11:58:24,1,operator_reported_trip_stop,2026-09-18T11:37:54.372674+00:00,3c7c589321f368b8c98332dae3dc445a608c2a8dc2e6eb4c9e4c5ef89bbb8460
nmmt_vehicle_427_20260918,427,427,567787203,8397,4106,30,181794449,Running,covered,16:14:12,16:14:12,2026-09-18T16:14:12,16:05:41,16:05:45,True,False,15:43,17:31,02-07-2026 11:58:24,1,operator_reported_trip_stop,2026-09-18T11:37:54.372674+00:00,3c7c589321f368b8c98332dae3dc445a608c2a8dc2e6eb4c9e4c5ef89bbb8460
nmmt_vehicle_427_20260918,427,427,567787203,8397,4107,31,181794450,Running,covered,16:15:24,16:15:24,2026-09-18T16:15:24,16:07:51,16:07:55,True,False,15:43,17:31,02-07-2026 11:58:24,1,operator_reported_trip_stop,2026-09-18T11:37:54.372674+00:00,3c7c589321f368b8c98332dae3dc445a608c2a8dc2e6eb4c9e4c5ef89bbb8460
nmmt_vehicle_427_20260918,427,427,567787203,8397,4154,32,181794451,Running,covered,16:16:36,16:16:36,2026-09-18T16:16:36,16:08:50,16:09:15,True,False,15:43,17:31,02-07-2026 11:58:24,1,operator_reported_trip_stop,2026-09-18T11:37:54.372674+00:00,3c7c589321f368b8c98332dae3dc445a608c2a8dc2e6eb4c9e4c5ef89bbb8460
nmmt_vehicle_427_20260918,427,427,567787203,8397,4156,33,181794452,Running,skipped,16:17:48,16:17:48,2026-09-18T16:17:48,16:09:15,16:09:35,False,False,15:43,17:31,02-07-2026 11:58:24,1,operator_reported_trip_stop,2026-09-18T11:37:54.372674+00:00,3c7c589321f368b8c98332dae3dc445a608c2a8dc2e6eb4c9e4c5ef89bbb8460
nmmt_vehicle_427_20260918,427,427,567787203,8397,4160,34,181794453,Running,covered,16:19:00,16:19:00,2026-09-18T16:19:00,16:11:25,16:11:30,True,False,15:43,17:31,02-07-2026 11:58:24,1,operator_reported_trip_stop,2026-09-18T11:37:54.372674+00:00,3c7c589321f368b8c98332dae3dc445a608c2a8dc2e6eb4c9e4c5ef89bbb8460
nmmt_vehicle_427_20260918,427,427,567787203,8397,4158,35,181794454,Running,covered,16:20:12,16:20:12,2026-09-18T16:20:12,16:13:31,16:13:59,True,False,15:43,17:31,02-07-2026 11:58:24,1,operator_reported_trip_stop,2026-09-18T11:37:54.372674+00:00,3c7c589321f368b8c98332dae3dc445a608c2a8dc2e6eb4c9e4c5ef89bbb8460
nmmt_vehicle_427_20260918,427,427,567787203,8397,2892,36,181794455,Running,covered,16:21:24,16:21:24,2026-09-18T16:21:24,16:14:05,16:14:25,True,False,15:43,17:31,02-07-2026 11:58:24,1,operator_reported_trip_stop,2026-09-18T11:37:54.372674+00:00,3c7c589321f368b8c98332dae3dc445a608c2a8dc2e6eb4c9e4c5ef89bbb8460
nmmt_vehicle_427_20260918,427,427,567787203,8397,4164,37,181794456,Running,skipped,16:22:36,16:22:36,2026-09-18T16:22:36,16:15:15,16:15:30,False,False,15:43,17:31,02-07-2026 11:58:24,1,operator_reported_trip_stop,2026-09-18T11:37:54.372674+00:00,3c7c589321f368b8c98332dae3dc445a608c2a8dc2e6eb4c9e4c5ef89bbb8460
nmmt_vehicle_427_20260918,427,427,567787203,8397,3229,38,181794457,Running,covered,16:23:48,16:23:48,2026-09-18T16:23:48,16:17:10,16:17:41,True,False,15:43,17:31,02-07-2026 11:58:24,1,operator_reported_trip_stop,2026-09-18T11:37:54.372674+00:00,3c7c589321f368b8c98332dae3dc445a608c2a8dc2e6eb4c9e4c5ef89bbb8460
nmmt_vehicle_427_20260918,427,427,567787203,8397,3710,39,181794458,Running,covered,16:25:00,16:25:00,2026-09-18T16:25:00,16:18:26,16:19:05,True,False,15:43,17:31,02-07-2026 11:58:24,1,operator_reported_trip_stop,2026-09-18T11:37:54.372674+00:00,3c7c589321f368b8c98332dae3dc445a608c2a8dc2e6eb4c9e4c5ef89bbb8460
nmmt_vehicle_427_20260918,427,427,567787203,8397,4162,40,181794459,Running,covered,16:26:12,16:26:12,2026-09-18T16:26:12,16:19:55,16:20:40,True,False,15:43,17:31,02-07-2026 11:58:24,1,operator_reported_trip_stop,2026-09-18T11:37:54.372674+00:00,3c7c589321f368b8c98332dae3dc445a608c2a8dc2e6eb4c9e4c5ef89bbb8460
nmmt_vehicle_427_20260918,427,427,567787203,8397,2831,41,181794460,Running,covered,16:27:24,16:27:24,2026-09-18T16:27:24,16:20:40,16:20:46,True,False,15:43,17:31,02-07-2026 11:58:24,1,operator_reported_trip_stop,2026-09-18T11:37:54.372674+00:00,3c7c589321f368b8c98332dae3dc445a608c2a8dc2e6eb4c9e4c5ef89bbb8460
nmmt_vehicle_427_20260918,427,427,567787203,8397,2830,42,181794461,Running,covered,16:28:36,16:28:36,2026-09-18T16:28:36,16:22:05,16:22:15,True,False,15:43,17:31,02-07-2026 11:58:24,1,operator_reported_trip_stop,2026-09-18T11:37:54.372674+00:00,3c7c589321f368b8c98332dae3dc445a608c2a8dc2e6eb4c9e4c5ef89bbb8460
nmmt_vehicle_427_20260918,427,427,567787203,8397,2829,43,181794462,Running,skipped,16:29:48,16:29:48,2026-09-18T16:29:48,16:23:26,,False,False,15:43,17:31,02-07-2026 11:58:24,1,operator_reported_trip_stop,2026-09-18T11:37:54.372674+00:00,3c7c589321f368b8c98332dae3dc445a608c2a8dc2e6eb4c9e4c5ef89bbb8460
nmmt_vehicle_427_20260918,427,427,567787203,8397,3226,44,181794463,Running,covered,16:31:00,16:31:00,2026-09-18T16:31:00,16:24:50,16:25:05,True,False,15:43,17:31,02-07-2026 11:58:24,1,operator_reported_trip_stop,2026-09-18T11:37:54.372674+00:00,3c7c589321f368b8c98332dae3dc445a608c2a8dc2e6eb4c9e4c5ef89bbb8460
nmmt_vehicle_427_20260918,427,427,567787203,8397,3225,45,181794464,Running,skipped,16:32:12,16:32:12,2026-09-18T16:32:12,16:25:15,16:25:35,False,False,15:43,17:31,02-07-2026 11:58:24,1,operator_reported_trip_stop,2026-09-18T11:37:54.372674+00:00,3c7c589321f368b8c98332dae3dc445a608c2a8dc2e6eb4c9e4c5ef89bbb8460
nmmt_vehicle_427_20260918,427,427,567787203,8397,3224,46,181794465,Running,covered,16:33:24,16:33:24,2026-09-18T16:33:24,16:26:25,16:26:30,True,False,15:43,17:31,02-07-2026 11:58:24,1,operator_reported_trip_stop,2026-09-18T11:37:54.372674+00:00,3c7c589321f368b8c98332dae3dc445a608c2a8dc2e6eb4c9e4c5ef89bbb8460
nmmt_vehicle_427_20260918,427,427,567787203,8397,3223,47,181794466,Running,skipped,16:34:36,16:34:36,2026-09-18T16:34:36,16:28:02,,False,False,15:43,17:31,02-07-2026 11:58:24,1,operator_reported_trip_stop,2026-09-18T11:37:54.372674+00:00,3c7c589321f368b8c98332dae3dc445a608c2a8dc2e6eb4c9e4c5ef89bbb8460
nmmt_vehicle_427_20260918,427,427,567787203,8397,3693,48,181794467,Running,skipped,16:35:48,16:35:48,2026-09-18T16:35:48,16:28:29,,False,False,15:43,17:31,02-07-2026 11:58:24,1,operator_reported_trip_stop,2026-09-18T11:37:54.372674+00:00,3c7c589321f368b8c98332dae3dc445a608c2a8dc2e6eb4c9e4c5ef89bbb8460
nmmt_vehicle_427_20260918,427,427,567787203,8397,3220,49,181794468,Running,covered,16:37:00,16:37:00,2026-09-18T16:37:00,16:30:00,16:30:31,True,False,15:43,17:31,02-07-2026 11:58:24,1,operator_reported_trip_stop,2026-09-18T11:37:54.372674+00:00,3c7c589321f368b8c98332dae3dc445a608c2a8dc2e6eb4c9e4c5ef89bbb8460
nmmt_vehicle_427_20260918,427,427,567787203,8397,3219,50,181794469,Running,covered,16:38:12,16:38:12,2026-09-18T16:38:12,16:31:10,16:31:30,True,False,15:43,17:31,02-07-2026 11:58:24,1,operator_reported_trip_stop,2026-09-18T11:37:54.372674+00:00,3c7c589321f368b8c98332dae3dc445a608c2a8dc2e6eb4c9e4c5ef89bbb8460
nmmt_vehicle_427_20260918,427,427,567787203,8397,3612,51,181794470,Running,covered,16:40:36,16:40:36,2026-09-18T16:40:36,16:33:20,16:33:35,True,False,15:43,17:31,02-07-2026 11:58:24,1,operator_reported_trip_stop,2026-09-18T11:37:54.372674+00:00,3c7c589321f368b8c98332dae3dc445a608c2a8dc2e6eb4c9e4c5ef89bbb8460
nmmt_vehicle_427_20260918,427,427,567787203,8397,3247,52,181794471,Running,covered,16:41:48,16:41:48,2026-09-18T16:41:48,16:34:35,16:34:19,True,False,15:43,17:31,02-07-2026 11:58:24,1,operator_reported_trip_stop,2026-09-18T11:37:54.372674+00:00,3c7c589321f368b8c98332dae3dc445a608c2a8dc2e6eb4c9e4c5ef89bbb8460
nmmt_vehicle_427_20260918,427,427,567787203,8397,3246,53,181794472,Running,covered,16:43:00,16:43:00,2026-09-18T16:43:00,16:35:35,16:35:41,True,False,15:43,17:31,02-07-2026 11:58:24,1,operator_reported_trip_stop,2026-09-18T11:37:54.372674+00:00,3c7c589321f368b8c98332dae3dc445a608c2a8dc2e6eb4c9e4c5ef89bbb8460
nmmt_vehicle_427_20260918,427,427,567787203,8397,3245,54,181794473,Running,covered,16:44:12,16:44:12,2026-09-18T16:44:12,16:36:16,16:36:50,True,False,15:43,17:31,02-07-2026 11:58:24,1,operator_reported_trip_stop,2026-09-18T11:37:54.372674+00:00,3c7c589321f368b8c98332dae3dc445a608c2a8dc2e6eb4c9e4c5ef89bbb8460
nmmt_vehicle_427_20260918,427,427,567787203,8397,3244,55,181794474,Running,covered,16:45:24,16:45:24,2026-09-18T16:45:24,16:37:05,16:37:26,True,False,15:43,17:31,02-07-2026 11:58:24,1,operator_reported_trip_stop,2026-09-18T11:37:54.372674+00:00,3c7c589321f368b8c98332dae3dc445a608c2a8dc2e6eb4c9e4c5ef89bbb8460
nmmt_vehicle_427_20260918,427,427,567787203,8397,2525,56,181794475,Running,covered,16:47:48,16:47:48,2026-09-18T16:47:48,16:38:15,16:38:30,True,False,15:43,17:31,02-07-2026 11:58:24,1,operator_reported_trip_stop,2026-09-18T11:37:54.372674+00:00,3c7c589321f368b8c98332dae3dc445a608c2a8dc2e6eb4c9e4c5ef89bbb8460
nmmt_vehicle_427_20260918,427,427,567787203,8397,4147,57,181794476,Running,covered,16:49:00,16:49:00,2026-09-18T16:49:00,16:39:30,16:39:35,True,False,15:43,17:31,02-07-2026 11:58:24,1,operator_reported_trip_stop,2026-09-18T11:37:54.372674+00:00,3c7c589321f368b8c98332dae3dc445a608c2a8dc2e6eb4c9e4c5ef89bbb8460
nmmt_vehicle_427_20260918,427,427,567787203,8397,3242,58,181794477,Running,covered,16:50:12,16:50:12,2026-09-18T16:50:12,16:40:07,16:40:20,True,False,15:43,17:31,02-07-2026 11:58:24,1,operator_reported_trip_stop,2026-09-18T11:37:54.372674+00:00,3c7c589321f368b8c98332dae3dc445a608c2a8dc2e6eb4c9e4c5ef89bbb8460
nmmt_vehicle_427_20260918,427,427,567787203,8397,4146,59,181794478,Running,covered,16:52:36,16:52:36,2026-09-18T16:52:36,16:41:05,16:41:11,True,False,15:43,17:31,02-07-2026 11:58:24,1,operator_reported_trip_stop,2026-09-18T11:37:54.372674+00:00,3c7c589321f368b8c98332dae3dc445a608c2a8dc2e6eb4c9e4c5ef89bbb8460
nmmt_vehicle_427_20260918,427,427,567787203,8397,4144,60,181794479,Running,skipped,16:55:00,16:55:00,2026-09-18T16:55:00,16:42:00,16:42:05,False,False,15:43,17:31,02-07-2026 11:58:24,1,operator_reported_trip_stop,2026-09-18T11:37:54.372674+00:00,3c7c589321f368b8c98332dae3dc445a608c2a8dc2e6eb4c9e4c5ef89bbb8460
nmmt_vehicle_427_20260918,427,427,567787203,8397,3609,61,181794480,Running,skipped,16:56:12,16:56:12,2026-09-18T16:56:12,16:43:10,16:43:25,False,False,15:43,17:31,02-07-2026 11:58:24,1,operator_reported_trip_stop,2026-09-18T11:37:54.372674+00:00,3c7c589321f368b8c98332dae3dc445a608c2a8dc2e6eb4c9e4c5ef89bbb8460
nmmt_vehicle_427_20260918,427,427,567787203,8397,3918,62,181794481,Running,covered,16:57:24,16:57:24,2026-09-18T16:57:24,16:44:06,16:44:10,True,False,15:43,17:31,02-07-2026 11:58:24,1,operator_reported_trip_stop,2026-09-18T11:37:54.372674+00:00,3c7c589321f368b8c98332dae3dc445a608c2a8dc2e6eb4c9e4c5ef89bbb8460
nmmt_vehicle_427_20260918,427,427,567787203,8397,3279,63,181794482,Running,covered,16:58:36,16:58:36,2026-09-18T16:58:36,16:46:20,16:46:55,True,False,15:43,17:31,02-07-2026 11:58:24,1,operator_reported_trip_stop,2026-09-18T11:37:54.372674+00:00,3c7c589321f368b8c98332dae3dc445a608c2a8dc2e6eb4c9e4c5ef89bbb8460
nmmt_vehicle_427_20260918,427,427,567787203,8397,2811,64,181794483,Running,covered,16:59:48,16:59:48,2026-09-18T16:59:48,16:46:55,16:47:01,True,False,15:43,17:31,02-07-2026 11:58:24,1,operator_reported_trip_stop,2026-09-18T11:37:54.372674+00:00,3c7c589321f368b8c98332dae3dc445a608c2a8dc2e6eb4c9e4c5ef89bbb8460
nmmt_vehicle_427_20260918,427,427,567787203,8397,2809,65,181794484,Running,covered,17:01:00,17:01:00,2026-09-18T17:01:00,16:48:44,16:48:57,True,False,15:43,17:31,02-07-2026 11:58:24,1,operator_reported_trip_stop,2026-09-18T11:37:54.372674+00:00,3c7c589321f368b8c98332dae3dc445a608c2a8dc2e6eb4c9e4c5ef89bbb8460
nmmt_vehicle_427_20260918,427,427,567787203,8397,2540,66,181794485,Running,covered,17:02:12,17:02:12,2026-09-18T17:02:12,16:49:49,16:49:59,True,False,15:43,17:31,02-07-2026 11:58:24,1,operator_reported_trip_stop,2026-09-18T11:37:54.372674+00:00,3c7c589321f368b8c98332dae3dc445a608c2a8dc2e6eb4c9e4c5ef89bbb8460
nmmt_vehicle_427_20260918,427,427,567787203,8397,4816,67,181794486,Running,covered,17:03:24,17:03:24,2026-09-18T17:03:24,16:52:53,16:52:57,True,False,15:43,17:31,02-07-2026 11:58:24,1,operator_reported_trip_stop,2026-09-18T11:37:54.372674+00:00,3c7c589321f368b8c98332dae3dc445a608c2a8dc2e6eb4c9e4c5ef89bbb8460
nmmt_vehicle_427_20260918,427,427,567787203,8397,4139,68,181794487,Running,covered,17:04:36,17:04:36,2026-09-18T17:04:36,16:53:57,16:54:27,True,False,15:43,17:31,02-07-2026 11:58:24,1,operator_reported_trip_stop,2026-09-18T11:37:54.372674+00:00,3c7c589321f368b8c98332dae3dc445a608c2a8dc2e6eb4c9e4c5ef89bbb8460
nmmt_vehicle_427_20260918,427,427,567787203,8397,4137,69,181794488,Running,covered,17:05:48,17:05:48,2026-09-18T17:05:48,16:55:32,16:56:12,True,False,15:43,17:31,02-07-2026 11:58:24,1,operator_reported_trip_stop,2026-09-18T11:37:54.372674+00:00,3c7c589321f368b8c98332dae3dc445a608c2a8dc2e6eb4c9e4c5ef89bbb8460
nmmt_vehicle_427_20260918,427,427,567787203,8397,2668,70,181794489,Running,covered,17:07:00,17:07:00,2026-09-18T17:07:00,16:56:43,16:56:47,True,False,15:43,17:31,02-07-2026 11:58:24,1,operator_reported_trip_stop,2026-09-18T11:37:54.372674+00:00,3c7c589321f368b8c98332dae3dc445a608c2a8dc2e6eb4c9e4c5ef89bbb8460
nmmt_vehicle_427_20260918,427,427,567787203,8397,4135,71,181794490,Running,covered,17:09:24,17:09:24,2026-09-18T17:09:24,16:57:31,16:58:08,True,False,15:43,17:31,02-07-2026 11:58:24,1,operator_reported_trip_stop,2026-09-18T11:37:54.372674+00:00,3c7c589321f368b8c98332dae3dc445a608c2a8dc2e6eb4c9e4c5ef89bbb8460
nmmt_vehicle_427_20260918,427,427,567787203,8397,4133,72,181794491,Running,covered,17:10:36,17:10:36,2026-09-18T17:10:36,16:59:22,16:59:32,True,False,15:43,17:31,02-07-2026 11:58:24,1,operator_reported_trip_stop,2026-09-18T11:37:54.372674+00:00,3c7c589321f368b8c98332dae3dc445a608c2a8dc2e6eb4c9e4c5ef89bbb8460
nmmt_vehicle_427_20260918,427,427,567787203,8397,4132,73,181794492,Running,covered,17:11:48,17:11:48,2026-09-18T17:11:48,17:00:07,17:00:42,True,False,15:43,17:31,02-07-2026 11:58:24,1,operator_reported_trip_stop,2026-09-18T11:37:54.372674+00:00,3c7c589321f368b8c98332dae3dc445a608c2a8dc2e6eb4c9e4c5ef89bbb8460
nmmt_vehicle_427_20260918,427,427,567787203,8397,4131,74,181794493,Running,covered,17:13:00,17:13:00,2026-09-18T17:13:00,17:01:38,17:01:52,True,False,15:43,17:31,02-07-2026 11:58:24,1,operator_reported_trip_stop,2026-09-18T11:37:54.372674+00:00,3c7c589321f368b8c98332dae3dc445a608c2a8dc2e6eb4c9e4c5ef89bbb8460
nmmt_vehicle_427_20260918,427,427,567787203,8397,4130,75,181794494,Running,covered,17:14:12,17:14:12,2026-09-18T17:14:12,17:02:37,17:02:47,True,False,15:43,17:31,02-07-2026 11:58:24,1,operator_reported_trip_stop,2026-09-18T11:37:54.372674+00:00,3c7c589321f368b8c98332dae3dc445a608c2a8dc2e6eb4c9e4c5ef89bbb8460
nmmt_vehicle_427_20260918,427,427,567787203,8397,4129,76,181794495,Running,covered,17:15:24,17:15:24,2026-09-18T17:15:24,17:03:42,17:03:47,True,False,15:43,17:31,02-07-2026 11:58:24,1,operator_reported_trip_stop,2026-09-18T11:37:54.372674+00:00,3c7c589321f368b8c98332dae3dc445a608c2a8dc2e6eb4c9e4c5ef89bbb8460
nmmt_vehicle_427_20260918,427,427,567787203,8397,4127,77,181794496,Running,covered,17:16:36,17:16:36,2026-09-18T17:16:36,17:04:52,17:05:37,True,False,15:43,17:31,02-07-2026 11:58:24,1,operator_reported_trip_stop,2026-09-18T11:37:54.372674+00:00,3c7c589321f368b8c98332dae3dc445a608c2a8dc2e6eb4c9e4c5ef89bbb8460
nmmt_vehicle_427_20260918,427,427,567787203,8397,2678,78,181794497,Running,upcoming,17:17:48,17:17:48,2026-09-18T17:17:48,17:17:48,,False,True,15:43,17:31,02-07-2026 11:58:24,1,operator_reported_trip_stop,2026-09-18T11:37:54.372674+00:00,3c7c589321f368b8c98332dae3dc445a608c2a8dc2e6eb4c9e4c5ef89bbb8460
nmmt_vehicle_427_20260918,427,427,567787203,8397,4217,79,181794498,Running,upcoming,17:17:48,17:17:48,2026-09-18T17:17:48,17:17:48,,False,True,15:43,17:31,02-07-2026 11:58:24,1,operator_reported_trip_stop,2026-09-18T11:37:54.372674+00:00,3c7c589321f368b8c98332dae3dc445a608c2a8dc2e6eb4c9e4c5ef89bbb8460
nmmt_vehicle_427_20260918,427,427,567787203,8397,4215,80,181794499,Running,upcoming,17:17:48,17:17:48,2026-09-18T17:17:48,17:17:48,,False,True,15:43,17:31,02-07-2026 11:58:24,1,operator_reported_trip_stop,2026-09-18T11:37:54.372674+00:00,3c7c589321f368b8c98332dae3dc445a608c2a8dc2e6eb4c9e4c5ef89bbb8460
nmmt_vehicle_427_20260918,427,427,567787203,8397,4216,81,181794500,Running,upcoming,17:19:00,17:19:00,2026-09-18T17:19:00,17:19:00,,False,True,15:43,17:31,02-07-2026 11:58:24,1,operator_reported_trip_stop,2026-09-18T11:37:54.372674+00:00,3c7c589321f368b8c98332dae3dc445a608c2a8dc2e6eb4c9e4c5ef89bbb8460
nmmt_vehicle_427_20260918,427,427,567787203,8397,4233,82,181794501,Running,upcoming,17:20:12,17:20:12,2026-09-18T17:20:12,17:20:12,,False,True,15:43,17:31,02-07-2026 11:58:24,1,operator_reported_trip_stop,2026-09-18T11:37:54.372674+00:00,3c7c589321f368b8c98332dae3dc445a608c2a8dc2e6eb4c9e4c5ef89bbb8460
nmmt_vehicle_427_20260918,427,427,567787203,8397,3914,83,181794502,Running,upcoming,17:21:24,17:21:24,2026-09-18T17:21:24,17:21:24,,False,True,15:43,17:31,02-07-2026 11:58:24,1,operator_reported_trip_stop,2026-09-18T11:37:54.372674+00:00,3c7c589321f368b8c98332dae3dc445a608c2a8dc2e6eb4c9e4c5ef89bbb8460
nmmt_vehicle_427_20260918,427,427,567787203,8397,2767,84,181794503,Running,upcoming,17:22:36,17:22:36,2026-09-18T17:22:36,17:22:36,,False,True,15:43,17:31,02-07-2026 11:58:24,1,operator_reported_trip_stop,2026-09-18T11:37:54.372674+00:00,3c7c589321f368b8c98332dae3dc445a608c2a8dc2e6eb4c9e4c5ef89bbb8460
nmmt_vehicle_427_20260918,427,427,567787203,8397,2766,85,181794504,Running,upcoming,17:22:36,17:22:36,2026-09-18T17:22:36,17:22:36,,False,True,15:43,17:31,02-07-2026 11:58:24,1,operator_reported_trip_stop,2026-09-18T11:37:54.372674+00:00,3c7c589321f368b8c98332dae3dc445a608c2a8dc2e6eb4c9e4c5ef89bbb8460
nmmt_vehicle_427_20260918,427,427,567787203,8397,2764,86,181794505,Running,upcoming,17:22:36,17:22:36,2026-09-18T17:22:36,17:22:36,,False,True,15:43,17:31,02-07-2026 11:58:24,1,operator_reported_trip_stop,2026-09-18T11:37:54.372674+00:00,3c7c589321f368b8c98332dae3dc445a608c2a8dc2e6eb4c9e4c5ef89bbb8460
nmmt_vehicle_427_20260918,427,427,567787203,8397,2765,87,181794506,Running,upcoming,17:22:36,17:22:36,2026-09-18T17:22:36,17:22:36,,False,True,15:43,17:31,02-07-2026 11:58:24,1,operator_reported_trip_stop,2026-09-18T11:37:54.372674+00:00,3c7c589321f368b8c98332dae3dc445a608c2a8dc2e6eb4c9e4c5ef89bbb8460
nmmt_vehicle_427_20260918,427,427,567787203,8397,3075,88,181794507,Running,upcoming,17:27:24,17:27:24,2026-09-18T17:27:24,17:27:24,,False,True,15:43,17:31,02-07-2026 11:58:24,1,operator_reported_trip_stop,2026-09-18T11:37:54.372674+00:00,3c7c589321f368b8c98332dae3dc445a608c2a8dc2e6eb4c9e4c5ef89bbb8460
nmmt_vehicle_427_20260918,427,427,567787203,8397,2908,89,181794508,Running,upcoming,17:31:00,17:31:00,2026-09-18T17:31:00,17:31:00,,False,True,15:43,17:31,02-07-2026 11:58:24,1,operator_reported_trip_stop,2026-09-18T11:37:54.372674+00:00,3c7c589321f368b8c98332dae3dc445a608c2a8dc2e6eb4c9e4c5ef89bbb8460
nmmt_vehicle_437_20260918,437,437,567785682,7817,3173,1,181736092,Running,covered,16:03:00,16:03:00,2026-09-18T16:03:00,16:38:45,16:38:55,True,False,16:03,16:38,18-09-2026 17:07:29,1,operator_reported_trip_stop,2026-09-18T11:37:54.719573+00:00,f2c57dcb8aaaabdd4c189570672360e747a223a6d559be00fe79811916c2d452
nmmt_vehicle_437_20260918,437,437,567785682,7817,5107,2,181736093,Running,skipped,16:06:30,16:06:30,2026-09-18T16:06:30,16:46:37,,False,False,16:03,16:38,18-09-2026 17:07:29,1,operator_reported_trip_stop,2026-09-18T11:37:54.719573+00:00,f2c57dcb8aaaabdd4c189570672360e747a223a6d559be00fe79811916c2d452
nmmt_vehicle_437_20260918,437,437,567785682,7817,5106,3,181736094,Running,skipped,16:08:15,16:08:15,2026-09-18T16:08:15,16:53:29,16:54:29,False,False,16:03,16:38,18-09-2026 17:07:29,1,operator_reported_trip_stop,2026-09-18T11:37:54.719573+00:00,f2c57dcb8aaaabdd4c189570672360e747a223a6d559be00fe79811916c2d452
nmmt_vehicle_437_20260918,437,437,567785682,7817,3887,4,181736095,Running,skipped,16:10:00,16:10:00,2026-09-18T16:10:00,16:56:42,,False,False,16:03,16:38,18-09-2026 17:07:29,1,operator_reported_trip_stop,2026-09-18T11:37:54.719573+00:00,f2c57dcb8aaaabdd4c189570672360e747a223a6d559be00fe79811916c2d452
nmmt_vehicle_437_20260918,437,437,567785682,7817,3871,5,181736096,Running,skipped,16:11:45,16:11:45,2026-09-18T16:11:45,16:58:29,16:59:29,False,False,16:03,16:38,18-09-2026 17:07:29,1,operator_reported_trip_stop,2026-09-18T11:37:54.719573+00:00,f2c57dcb8aaaabdd4c189570672360e747a223a6d559be00fe79811916c2d452
nmmt_vehicle_437_20260918,437,437,567785682,7817,3870,6,181736097,Running,skipped,16:13:30,16:13:30,2026-09-18T16:13:30,16:58:59,,False,False,16:03,16:38,18-09-2026 17:07:29,1,operator_reported_trip_stop,2026-09-18T11:37:54.719573+00:00,f2c57dcb8aaaabdd4c189570672360e747a223a6d559be00fe79811916c2d452
nmmt_vehicle_437_20260918,437,437,567785682,7817,3872,7,181736098,Running,skipped,16:15:15,16:15:15,2026-09-18T16:15:15,17:03:06,,False,False,16:03,16:38,18-09-2026 17:07:29,1,operator_reported_trip_stop,2026-09-18T11:37:54.719573+00:00,f2c57dcb8aaaabdd4c189570672360e747a223a6d559be00fe79811916c2d452
nmmt_vehicle_437_20260918,437,437,567785682,7817,3873,8,181736099,Running,skipped,16:17:00,16:17:00,2026-09-18T16:17:00,17:04:44,,False,False,16:03,16:38,18-09-2026 17:07:29,1,operator_reported_trip_stop,2026-09-18T11:37:54.719573+00:00,f2c57dcb8aaaabdd4c189570672360e747a223a6d559be00fe79811916c2d452
nmmt_vehicle_437_20260918,437,437,567785682,7817,3874,9,181736100,Running,covered,16:18:45,16:18:45,2026-09-18T16:18:45,17:05:29,17:06:29,True,False,16:03,16:38,18-09-2026 17:07:29,1,operator_reported_trip_stop,2026-09-18T11:37:54.719573+00:00,f2c57dcb8aaaabdd4c189570672360e747a223a6d559be00fe79811916c2d452
nmmt_vehicle_437_20260918,437,437,567785682,7817,3875,10,181736101,Running,skipped,16:20:30,16:20:30,2026-09-18T16:20:30,17:07:29,17:07:29,False,False,16:03,16:38,18-09-2026 17:07:29,1,operator_reported_trip_stop,2026-09-18T11:37:54.719573+00:00,f2c57dcb8aaaabdd4c189570672360e747a223a6d559be00fe79811916c2d452
nmmt_vehicle_437_20260918,437,437,567785682,7817,3877,11,181736102,Running,upcoming,16:22:15,16:22:15,2026-09-18T16:22:15,16:22:15,,False,True,16:03,16:38,18-09-2026 17:07:29,1,operator_reported_trip_stop,2026-09-18T11:37:54.719573+00:00,f2c57dcb8aaaabdd4c189570672360e747a223a6d559be00fe79811916c2d452
nmmt_vehicle_437_20260918,437,437,567785682,7817,4095,12,181736103,Running,upcoming,16:24:00,16:24:00,2026-09-18T16:24:00,16:24:00,,False,True,16:03,16:38,18-09-2026 17:07:29,1,operator_reported_trip_stop,2026-09-18T11:37:54.719573+00:00,f2c57dcb8aaaabdd4c189570672360e747a223a6d559be00fe79811916c2d452
nmmt_vehicle_437_20260918,437,437,567785682,7817,3878,13,181736104,Running,upcoming,16:25:45,16:25:45,2026-09-18T16:25:45,16:25:45,,False,True,16:03,16:38,18-09-2026 17:07:29,1,operator_reported_trip_stop,2026-09-18T11:37:54.719573+00:00,f2c57dcb8aaaabdd4c189570672360e747a223a6d559be00fe79811916c2d452
nmmt_vehicle_437_20260918,437,437,567785682,7817,3879,14,181736105,Running,upcoming,16:27:30,16:27:30,2026-09-18T16:27:30,16:27:30,,False,True,16:03,16:38,18-09-2026 17:07:29,1,operator_reported_trip_stop,2026-09-18T11:37:54.719573+00:00,f2c57dcb8aaaabdd4c189570672360e747a223a6d559be00fe79811916c2d452
nmmt_vehicle_437_20260918,437,437,567785682,7817,3880,15,181736106,Running,upcoming,16:29:15,16:29:15,2026-09-18T16:29:15,16:29:15,,False,True,16:03,16:38,18-09-2026 17:07:29,1,operator_reported_trip_stop,2026-09-18T11:37:54.719573+00:00,f2c57dcb8aaaabdd4c189570672360e747a223a6d559be00fe79811916c2d452
nmmt_vehicle_437_20260918,437,437,567785682,7817,3881,16,181736107,Running,upcoming,16:31:00,16:31:00,2026-09-18T16:31:00,16:31:00,,False,True,16:03,16:38,18-09-2026 17:07:29,1,operator_reported_trip_stop,2026-09-18T11:37:54.719573+00:00,f2c57dcb8aaaabdd4c189570672360e747a223a6d559be00fe79811916c2d452
nmmt_vehicle_437_20260918,437,437,567785682,7817,3882,17,181736108,Running,upcoming,16:32:45,16:32:45,2026-09-18T16:32:45,16:32:45,,False,True,16:03,16:38,18-09-2026 17:07:29,1,operator_reported_trip_stop,2026-09-18T11:37:54.719573+00:00,f2c57dcb8aaaabdd4c189570672360e747a223a6d559be00fe79811916c2d452
nmmt_vehicle_437_20260918,437,437,567785682,7817,3883,18,181736109,Running,upcoming,16:34:30,16:34:30,2026-09-18T16:34:30,16:34:30,,False,True,16:03,16:38,18-09-2026 17:07:29,1,operator_reported_trip_stop,2026-09-18T11:37:54.719573+00:00,f2c57dcb8aaaabdd4c189570672360e747a223a6d559be00fe79811916c2d452
nmmt_vehicle_437_20260918,437,437,567785682,7817,3884,19,181736110,Running,upcoming,16:36:15,16:36:15,2026-09-18T16:36:15,16:36:15,,False,True,16:03,16:38,18-09-2026 17:07:29,1,operator_reported_trip_stop,2026-09-18T11:37:54.719573+00:00,f2c57dcb8aaaabdd4c189570672360e747a223a6d559be00fe79811916c2d452
nmmt_vehicle_437_20260918,437,437,567785682,7817,3885,20,181736111,Running,upcoming,16:38:00,16:38:00,2026-09-18T16:38:00,16:38:00,,False,True,16:03,16:38,18-09-2026 17:07:29,1,operator_reported_trip_stop,2026-09-18T11:37:54.719573+00:00,f2c57dcb8aaaabdd4c189570672360e747a223a6d559be00fe79811916c2d452
nmmt_vehicle_465_20260918,465,465,567787228,8396,2908,1,181796656,Running,covered,16:10:00,16:10:00,2026-09-18T16:10:00,16:22:11,16:22:21,True,False,16:10,18:00,18-09-2026 17:07:41,1,operator_reported_trip_stop,2026-09-18T11:37:55.127837+00:00,72ce300e1c3d9961c5e04f880ddbe0d179800c1ffb0e1e676ea54a92a35c255c
nmmt_vehicle_465_20260918,465,465,567787228,8396,3080,2,181796657,Running,skipped,16:11:13,16:11:13,2026-09-18T16:11:13.333,16:26:01,16:26:11,False,False,16:10,18:00,18-09-2026 17:07:41,1,operator_reported_trip_stop,2026-09-18T11:37:55.127837+00:00,72ce300e1c3d9961c5e04f880ddbe0d179800c1ffb0e1e676ea54a92a35c255c
nmmt_vehicle_465_20260918,465,465,567787228,8396,3079,3,181796658,Running,skipped,16:12:26,16:12:26,2026-09-18T16:12:26.667,16:26:31,16:26:41,False,False,16:10,18:00,18-09-2026 17:07:41,1,operator_reported_trip_stop,2026-09-18T11:37:55.127837+00:00,72ce300e1c3d9961c5e04f880ddbe0d179800c1ffb0e1e676ea54a92a35c255c
nmmt_vehicle_465_20260918,465,465,567787228,8396,3075,4,181796659,Running,covered,16:12:26,16:12:26,2026-09-18T16:12:26.667,16:27:31,16:28:01,True,False,16:10,18:00,18-09-2026 17:07:41,1,operator_reported_trip_stop,2026-09-18T11:37:55.127837+00:00,72ce300e1c3d9961c5e04f880ddbe0d179800c1ffb0e1e676ea54a92a35c255c
nmmt_vehicle_465_20260918,465,465,567787228,8396,2765,5,181796660,Running,covered,16:14:53,16:14:53,2026-09-18T16:14:53.333,16:28:41,16:29:41,True,False,16:10,18:00,18-09-2026 17:07:41,1,operator_reported_trip_stop,2026-09-18T11:37:55.127837+00:00,72ce300e1c3d9961c5e04f880ddbe0d179800c1ffb0e1e676ea54a92a35c255c
nmmt_vehicle_465_20260918,465,465,567787228,8396,2764,6,181796661,Running,covered,16:16:06,16:16:06,2026-09-18T16:16:06.667,16:36:11,16:28:31,True,False,16:10,18:00,18-09-2026 17:07:41,1,operator_reported_trip_stop,2026-09-18T11:37:55.127837+00:00,72ce300e1c3d9961c5e04f880ddbe0d179800c1ffb0e1e676ea54a92a35c255c
nmmt_vehicle_465_20260918,465,465,567787228,8396,2766,7,181796662,Running,covered,16:17:20,16:17:20,2026-09-18T16:17:20,16:36:51,16:37:21,True,False,16:10,18:00,18-09-2026 17:07:41,1,operator_reported_trip_stop,2026-09-18T11:37:55.127837+00:00,72ce300e1c3d9961c5e04f880ddbe0d179800c1ffb0e1e676ea54a92a35c255c
nmmt_vehicle_465_20260918,465,465,567787228,8396,2767,8,181796663,Running,covered,16:18:33,16:18:33,2026-09-18T16:18:33.333,16:38:21,16:39:01,True,False,16:10,18:00,18-09-2026 17:07:41,1,operator_reported_trip_stop,2026-09-18T11:37:55.127837+00:00,72ce300e1c3d9961c5e04f880ddbe0d179800c1ffb0e1e676ea54a92a35c255c
nmmt_vehicle_465_20260918,465,465,567787228,8396,2763,9,181796664,Running,covered,16:19:46,16:19:46,2026-09-18T16:19:46.667,16:40:11,16:40:51,True,False,16:10,18:00,18-09-2026 17:07:41,1,operator_reported_trip_stop,2026-09-18T11:37:55.127837+00:00,72ce300e1c3d9961c5e04f880ddbe0d179800c1ffb0e1e676ea54a92a35c255c
nmmt_vehicle_465_20260918,465,465,567787228,8396,2762,10,181796665,Running,covered,16:19:46,16:19:46,2026-09-18T16:19:46.667,16:41:21,16:41:31,True,False,16:10,18:00,18-09-2026 17:07:41,1,operator_reported_trip_stop,2026-09-18T11:37:55.127837+00:00,72ce300e1c3d9961c5e04f880ddbe0d179800c1ffb0e1e676ea54a92a35c255c
nmmt_vehicle_465_20260918,465,465,567787228,8396,2683,11,181796666,Running,covered,16:21:00,16:21:00,2026-09-18T16:21:00,16:43:11,16:43:21,True,False,16:10,18:00,18-09-2026 17:07:41,1,operator_reported_trip_stop,2026-09-18T11:37:55.127837+00:00,72ce300e1c3d9961c5e04f880ddbe0d179800c1ffb0e1e676ea54a92a35c255c
nmmt_vehicle_465_20260918,465,465,567787228,8396,3215,12,181796667,Running,skipped,16:21:00,16:21:00,2026-09-18T16:21:00,16:44:01,16:44:11,False,False,16:10,18:00,18-09-2026 17:07:41,1,operator_reported_trip_stop,2026-09-18T11:37:55.127837+00:00,72ce300e1c3d9961c5e04f880ddbe0d179800c1ffb0e1e676ea54a92a35c255c
nmmt_vehicle_465_20260918,465,465,567787228,8396,3216,13,181796668,Running,covered,16:22:13,16:22:13,2026-09-18T16:22:13.333,16:44:51,16:45:21,True,False,16:10,18:00,18-09-2026 17:07:41,1,operator_reported_trip_stop,2026-09-18T11:37:55.127837+00:00,72ce300e1c3d9961c5e04f880ddbe0d179800c1ffb0e1e676ea54a92a35c255c
nmmt_vehicle_465_20260918,465,465,567787228,8396,2678,14,181796669,Running,skipped,16:22:13,16:22:13,2026-09-18T16:22:13.333,16:48:28,,False,False,16:10,18:00,18-09-2026 17:07:41,1,operator_reported_trip_stop,2026-09-18T11:37:55.127837+00:00,72ce300e1c3d9961c5e04f880ddbe0d179800c1ffb0e1e676ea54a92a35c255c
nmmt_vehicle_465_20260918,465,465,567787228,8396,3196,15,181796670,Running,covered,16:23:26,16:23:26,2026-09-18T16:23:26.667,16:49:11,16:49:21,True,False,16:10,18:00,18-09-2026 17:07:41,1,operator_reported_trip_stop,2026-09-18T11:37:55.127837+00:00,72ce300e1c3d9961c5e04f880ddbe0d179800c1ffb0e1e676ea54a92a35c255c
nmmt_vehicle_465_20260918,465,465,567787228,8396,2677,16,181796671,Running,covered,16:24:40,16:24:40,2026-09-18T16:24:40,16:52:21,16:52:41,True,False,16:10,18:00,18-09-2026 17:07:41,1,operator_reported_trip_stop,2026-09-18T11:37:55.127837+00:00,72ce300e1c3d9961c5e04f880ddbe0d179800c1ffb0e1e676ea54a92a35c255c
nmmt_vehicle_465_20260918,465,465,567787228,8396,2675,17,181796672,Running,covered,16:25:53,16:25:53,2026-09-18T16:25:53.333,16:53:31,16:53:51,True,False,16:10,18:00,18-09-2026 17:07:41,1,operator_reported_trip_stop,2026-09-18T11:37:55.127837+00:00,72ce300e1c3d9961c5e04f880ddbe0d179800c1ffb0e1e676ea54a92a35c255c
nmmt_vehicle_465_20260918,465,465,567787228,8396,2674,18,181796673,Running,covered,16:27:06,16:27:06,2026-09-18T16:27:06.667,16:54:41,16:55:01,True,False,16:10,18:00,18-09-2026 17:07:41,1,operator_reported_trip_stop,2026-09-18T11:37:55.127837+00:00,72ce300e1c3d9961c5e04f880ddbe0d179800c1ffb0e1e676ea54a92a35c255c
nmmt_vehicle_465_20260918,465,465,567787228,8396,2672,19,181796674,Running,covered,16:28:20,16:28:20,2026-09-18T16:28:20,16:55:31,16:55:51,True,False,16:10,18:00,18-09-2026 17:07:41,1,operator_reported_trip_stop,2026-09-18T11:37:55.127837+00:00,72ce300e1c3d9961c5e04f880ddbe0d179800c1ffb0e1e676ea54a92a35c255c
nmmt_vehicle_465_20260918,465,465,567787228,8396,2671,20,181796675,Running,covered,16:29:33,16:29:33,2026-09-18T16:29:33.333,16:56:31,16:56:51,True,False,16:10,18:00,18-09-2026 17:07:41,1,operator_reported_trip_stop,2026-09-18T11:37:55.127837+00:00,72ce300e1c3d9961c5e04f880ddbe0d179800c1ffb0e1e676ea54a92a35c255c
nmmt_vehicle_465_20260918,465,465,567787228,8396,2670,21,181796676,Running,covered,16:30:46,16:30:46,2026-09-18T16:30:46.667,16:57:21,16:57:31,True,False,16:10,18:00,18-09-2026 17:07:41,1,operator_reported_trip_stop,2026-09-18T11:37:55.127837+00:00,72ce300e1c3d9961c5e04f880ddbe0d179800c1ffb0e1e676ea54a92a35c255c
nmmt_vehicle_465_20260918,465,465,567787228,8396,2669,22,181796677,Running,skipped,16:32:00,16:32:00,2026-09-18T16:32:00,17:01:27,,False,False,16:10,18:00,18-09-2026 17:07:41,1,operator_reported_trip_stop,2026-09-18T11:37:55.127837+00:00,72ce300e1c3d9961c5e04f880ddbe0d179800c1ffb0e1e676ea54a92a35c255c
nmmt_vehicle_465_20260918,465,465,567787228,8396,2667,23,181796678,Running,covered,16:33:13,16:33:13,2026-09-18T16:33:13.333,17:03:31,17:03:51,True,False,16:10,18:00,18-09-2026 17:07:41,1,operator_reported_trip_stop,2026-09-18T11:37:55.127837+00:00,72ce300e1c3d9961c5e04f880ddbe0d179800c1ffb0e1e676ea54a92a35c255c
nmmt_vehicle_465_20260918,465,465,567787228,8396,2665,24,181796679,Running,covered,16:34:26,16:34:26,2026-09-18T16:34:26.667,17:04:21,17:04:51,True,False,16:10,18:00,18-09-2026 17:07:41,1,operator_reported_trip_stop,2026-09-18T11:37:55.127837+00:00,72ce300e1c3d9961c5e04f880ddbe0d179800c1ffb0e1e676ea54a92a35c255c
nmmt_vehicle_465_20260918,465,465,567787228,8396,2540,25,181796680,Running,covered,16:36:53,16:36:53,2026-09-18T16:36:53.333,17:05:41,17:05:51,True,False,16:10,18:00,18-09-2026 17:07:41,1,operator_reported_trip_stop,2026-09-18T11:37:55.127837+00:00,72ce300e1c3d9961c5e04f880ddbe0d179800c1ffb0e1e676ea54a92a35c255c
nmmt_vehicle_465_20260918,465,465,567787228,8396,3930,26,181796681,Running,upcoming,16:38:06,16:38:06,2026-09-18T16:38:06.667,16:38:06,,False,True,16:10,18:00,18-09-2026 17:07:41,1,operator_reported_trip_stop,2026-09-18T11:37:55.127837+00:00,72ce300e1c3d9961c5e04f880ddbe0d179800c1ffb0e1e676ea54a92a35c255c
nmmt_vehicle_465_20260918,465,465,567787228,8396,3917,27,181796682,Running,upcoming,16:39:20,16:39:20,2026-09-18T16:39:20,16:39:20,,False,True,16:10,18:00,18-09-2026 17:07:41,1,operator_reported_trip_stop,2026-09-18T11:37:55.127837+00:00,72ce300e1c3d9961c5e04f880ddbe0d179800c1ffb0e1e676ea54a92a35c255c
nmmt_vehicle_465_20260918,465,465,567787228,8396,4142,28,181796683,Running,upcoming,16:40:33,16:40:33,2026-09-18T16:40:33.333,16:40:33,,False,True,16:10,18:00,18-09-2026 17:07:41,1,operator_reported_trip_stop,2026-09-18T11:37:55.127837+00:00,72ce300e1c3d9961c5e04f880ddbe0d179800c1ffb0e1e676ea54a92a35c255c
nmmt_vehicle_465_20260918,465,465,567787228,8396,4145,29,181796684,Running,upcoming,16:41:46,16:41:46,2026-09-18T16:41:46.667,16:41:46,,False,True,16:10,18:00,18-09-2026 17:07:41,1,operator_reported_trip_stop,2026-09-18T11:37:55.127837+00:00,72ce300e1c3d9961c5e04f880ddbe0d179800c1ffb0e1e676ea54a92a35c255c
nmmt_vehicle_465_20260918,465,465,567787228,8396,2814,30,181796685,Running,upcoming,16:43:00,16:43:00,2026-09-18T16:43:00,16:43:00,,False,True,16:10,18:00,18-09-2026 17:07:41,1,operator_reported_trip_stop,2026-09-18T11:37:55.127837+00:00,72ce300e1c3d9961c5e04f880ddbe0d179800c1ffb0e1e676ea54a92a35c255c
nmmt_vehicle_465_20260918,465,465,567787228,8396,4143,31,181796686,Running,upcoming,16:44:13,16:44:13,2026-09-18T16:44:13.333,16:44:13,,False,True,16:10,18:00,18-09-2026 17:07:41,1,operator_reported_trip_stop,2026-09-18T11:37:55.127837+00:00,72ce300e1c3d9961c5e04f880ddbe0d179800c1ffb0e1e676ea54a92a35c255c
nmmt_vehicle_465_20260918,465,465,567787228,8396,3277,32,181796687,Running,upcoming,16:45:26,16:45:26,2026-09-18T16:45:26.667,16:45:26,,False,True,16:10,18:00,18-09-2026 17:07:41,1,operator_reported_trip_stop,2026-09-18T11:37:55.127837+00:00,72ce300e1c3d9961c5e04f880ddbe0d179800c1ffb0e1e676ea54a92a35c255c
nmmt_vehicle_465_20260918,465,465,567787228,8396,3278,33,181796688,Running,upcoming,16:46:40,16:46:40,2026-09-18T16:46:40,16:46:40,,False,True,16:10,18:00,18-09-2026 17:07:41,1,operator_reported_trip_stop,2026-09-18T11:37:55.127837+00:00,72ce300e1c3d9961c5e04f880ddbe0d179800c1ffb0e1e676ea54a92a35c255c
nmmt_vehicle_465_20260918,465,465,567787228,8396,4148,34,181796689,Running,upcoming,16:47:53,16:47:53,2026-09-18T16:47:53.333,16:47:53,,False,True,16:10,18:00,18-09-2026 17:07:41,1,operator_reported_trip_stop,2026-09-18T11:37:55.127837+00:00,72ce300e1c3d9961c5e04f880ddbe0d179800c1ffb0e1e676ea54a92a35c255c
nmmt_vehicle_465_20260918,465,465,567787228,8396,3243,35,181796690,Running,upcoming,16:49:06,16:49:06,2026-09-18T16:49:06.667,16:49:06,,False,True,16:10,18:00,18-09-2026 17:07:41,1,operator_reported_trip_stop,2026-09-18T11:37:55.127837+00:00,72ce300e1c3d9961c5e04f880ddbe0d179800c1ffb0e1e676ea54a92a35c255c
nmmt_vehicle_465_20260918,465,465,567787228,8396,4149,36,181796691,Running,upcoming,16:50:20,16:50:20,2026-09-18T16:50:20,16:50:20,,False,True,16:10,18:00,18-09-2026 17:07:41,1,operator_reported_trip_stop,2026-09-18T11:37:55.127837+00:00,72ce300e1c3d9961c5e04f880ddbe0d179800c1ffb0e1e676ea54a92a35c255c
nmmt_vehicle_465_20260918,465,465,567787228,8396,4150,37,181796692,Running,upcoming,16:51:33,16:51:33,2026-09-18T16:51:33.333,16:51:33,,False,True,16:10,18:00,18-09-2026 17:07:41,1,operator_reported_trip_stop,2026-09-18T11:37:55.127837+00:00,72ce300e1c3d9961c5e04f880ddbe0d179800c1ffb0e1e676ea54a92a35c255c
nmmt_vehicle_465_20260918,465,465,567787228,8396,3245,38,181796693,Running,upcoming,16:52:46,16:52:46,2026-09-18T16:52:46.667,16:52:46,,False,True,16:10,18:00,18-09-2026 17:07:41,1,operator_reported_trip_stop,2026-09-18T11:37:55.127837+00:00,72ce300e1c3d9961c5e04f880ddbe0d179800c1ffb0e1e676ea54a92a35c255c
nmmt_vehicle_465_20260918,465,465,567787228,8396,4169,39,181796694,Running,upcoming,16:54:00,16:54:00,2026-09-18T16:54:00,16:54:00,,False,True,16:10,18:00,18-09-2026 17:07:41,1,operator_reported_trip_stop,2026-09-18T11:37:55.127837+00:00,72ce300e1c3d9961c5e04f880ddbe0d179800c1ffb0e1e676ea54a92a35c255c
nmmt_vehicle_465_20260918,465,465,567787228,8396,3247,40,181796695,Running,upcoming,16:55:13,16:55:13,2026-09-18T16:55:13.333,16:55:13,,False,True,16:10,18:00,18-09-2026 17:07:41,1,operator_reported_trip_stop,2026-09-18T11:37:55.127837+00:00,72ce300e1c3d9961c5e04f880ddbe0d179800c1ffb0e1e676ea54a92a35c255c
nmmt_vehicle_465_20260918,465,465,567787228,8396,3612,41,181796696,Running,upcoming,16:56:26,16:56:26,2026-09-18T16:56:26.667,16:56:26,,False,True,16:10,18:00,18-09-2026 17:07:41,1,operator_reported_trip_stop,2026-09-18T11:37:55.127837+00:00,72ce300e1c3d9961c5e04f880ddbe0d179800c1ffb0e1e676ea54a92a35c255c
nmmt_vehicle_465_20260918,465,465,567787228,8396,4203,42,181796697,Running,upcoming,16:57:40,16:57:40,2026-09-18T16:57:40,16:57:40,,False,True,16:10,18:00,18-09-2026 17:07:41,1,operator_reported_trip_stop,2026-09-18T11:37:55.127837+00:00,72ce300e1c3d9961c5e04f880ddbe0d179800c1ffb0e1e676ea54a92a35c255c
nmmt_vehicle_465_20260918,465,465,567787228,8396,3220,43,181796698,Running,upcoming,16:58:53,16:58:53,2026-09-18T16:58:53.333,16:58:53,,False,True,16:10,18:00,18-09-2026 17:07:41,1,operator_reported_trip_stop,2026-09-18T11:37:55.127837+00:00,72ce300e1c3d9961c5e04f880ddbe0d179800c1ffb0e1e676ea54a92a35c255c
nmmt_vehicle_465_20260918,465,465,567787228,8396,4151,44,181796699,Running,upcoming,17:00:06,17:00:06,2026-09-18T17:00:06.667,17:00:06,,False,True,16:10,18:00,18-09-2026 17:07:41,1,operator_reported_trip_stop,2026-09-18T11:37:55.127837+00:00,72ce300e1c3d9961c5e04f880ddbe0d179800c1ffb0e1e676ea54a92a35c255c
nmmt_vehicle_465_20260918,465,465,567787228,8396,4152,45,181796700,Running,upcoming,17:01:20,17:01:20,2026-09-18T17:01:20,17:01:20,,False,True,16:10,18:00,18-09-2026 17:07:41,1,operator_reported_trip_stop,2026-09-18T11:37:55.127837+00:00,72ce300e1c3d9961c5e04f880ddbe0d179800c1ffb0e1e676ea54a92a35c255c
nmmt_vehicle_465_20260918,465,465,567787228,8396,3916,46,181796701,Running,upcoming,17:02:33,17:02:33,2026-09-18T17:02:33.333,17:02:33,,False,True,16:10,18:00,18-09-2026 17:07:41,1,operator_reported_trip_stop,2026-09-18T11:37:55.127837+00:00,72ce300e1c3d9961c5e04f880ddbe0d179800c1ffb0e1e676ea54a92a35c255c
nmmt_vehicle_465_20260918,465,465,567787228,8396,3945,47,181796702,Running,upcoming,17:03:46,17:03:46,2026-09-18T17:03:46.667,17:03:46,,False,True,16:10,18:00,18-09-2026 17:07:41,1,operator_reported_trip_stop,2026-09-18T11:37:55.127837+00:00,72ce300e1c3d9961c5e04f880ddbe0d179800c1ffb0e1e676ea54a92a35c255c
nmmt_vehicle_465_20260918,465,465,567787228,8396,4153,48,181796703,Running,upcoming,17:05:00,17:05:00,2026-09-18T17:05:00,17:05:00,,False,True,16:10,18:00,18-09-2026 17:07:41,1,operator_reported_trip_stop,2026-09-18T11:37:55.127837+00:00,72ce300e1c3d9961c5e04f880ddbe0d179800c1ffb0e1e676ea54a92a35c255c
nmmt_vehicle_465_20260918,465,465,567787228,8396,4155,49,181796704,Running,upcoming,17:06:13,17:06:13,2026-09-18T17:06:13.333,17:06:13,,False,True,16:10,18:00,18-09-2026 17:07:41,1,operator_reported_trip_stop,2026-09-18T11:37:55.127837+00:00,72ce300e1c3d9961c5e04f880ddbe0d179800c1ffb0e1e676ea54a92a35c255c
nmmt_vehicle_465_20260918,465,465,567787228,8396,4157,50,181796705,Running,upcoming,17:07:26,17:07:26,2026-09-18T17:07:26.667,17:07:26,,False,True,16:10,18:00,18-09-2026 17:07:41,1,operator_reported_trip_stop,2026-09-18T11:37:55.127837+00:00,72ce300e1c3d9961c5e04f880ddbe0d179800c1ffb0e1e676ea54a92a35c255c
nmmt_vehicle_465_20260918,465,465,567787228,8396,4159,51,181796706,Running,upcoming,17:08:40,17:08:40,2026-09-18T17:08:40,17:08:40,,False,True,16:10,18:00,18-09-2026 17:07:41,1,operator_reported_trip_stop,2026-09-18T11:37:55.127837+00:00,72ce300e1c3d9961c5e04f880ddbe0d179800c1ffb0e1e676ea54a92a35c255c
nmmt_vehicle_465_20260918,465,465,567787228,8396,3227,52,181796707,Running,upcoming,17:09:53,17:09:53,2026-09-18T17:09:53.333,17:09:53,,False,True,16:10,18:00,18-09-2026 17:07:41,1,operator_reported_trip_stop,2026-09-18T11:37:55.127837+00:00,72ce300e1c3d9961c5e04f880ddbe0d179800c1ffb0e1e676ea54a92a35c255c
nmmt_vehicle_465_20260918,465,465,567787228,8396,3710,53,181796708,Running,upcoming,17:11:06,17:11:06,2026-09-18T17:11:06.667,17:11:06,,False,True,16:10,18:00,18-09-2026 17:07:41,1,operator_reported_trip_stop,2026-09-18T11:37:55.127837+00:00,72ce300e1c3d9961c5e04f880ddbe0d179800c1ffb0e1e676ea54a92a35c255c
nmmt_vehicle_465_20260918,465,465,567787228,8396,3229,54,181796709,Running,upcoming,17:12:20,17:12:20,2026-09-18T17:12:20,17:12:20,,False,True,16:10,18:00,18-09-2026 17:07:41,1,operator_reported_trip_stop,2026-09-18T11:37:55.127837+00:00,72ce300e1c3d9961c5e04f880ddbe0d179800c1ffb0e1e676ea54a92a35c255c
nmmt_vehicle_465_20260918,465,465,567787228,8396,2891,55,181796710,Running,upcoming,17:13:33,17:13:33,2026-09-18T17:13:33.333,17:13:33,,False,True,16:10,18:00,18-09-2026 17:07:41,1,operator_reported_trip_stop,2026-09-18T11:37:55.127837+00:00,72ce300e1c3d9961c5e04f880ddbe0d179800c1ffb0e1e676ea54a92a35c255c
nmmt_vehicle_465_20260918,465,465,567787228,8396,4161,56,181796711,Running,upcoming,17:14:46,17:14:46,2026-09-18T17:14:46.667,17:14:46,,False,True,16:10,18:00,18-09-2026 17:07:41,1,operator_reported_trip_stop,2026-09-18T11:37:55.127837+00:00,72ce300e1c3d9961c5e04f880ddbe0d179800c1ffb0e1e676ea54a92a35c255c
nmmt_vehicle_465_20260918,465,465,567787228,8396,3250,57,181796712,Running,upcoming,17:16:00,17:16:00,2026-09-18T17:16:00,17:16:00,,False,True,16:10,18:00,18-09-2026 17:07:41,1,operator_reported_trip_stop,2026-09-18T11:37:55.127837+00:00,72ce300e1c3d9961c5e04f880ddbe0d179800c1ffb0e1e676ea54a92a35c255c
nmmt_vehicle_465_20260918,465,465,567787228,8396,3817,58,181796713,Running,upcoming,17:17:13,17:17:13,2026-09-18T17:17:13.333,17:17:13,,False,True,16:10,18:00,18-09-2026 17:07:41,1,operator_reported_trip_stop,2026-09-18T11:37:55.127837+00:00,72ce300e1c3d9961c5e04f880ddbe0d179800c1ffb0e1e676ea54a92a35c255c
nmmt_vehicle_465_20260918,465,465,567787228,8396,3640,59,181796714,Running,upcoming,17:18:26,17:18:26,2026-09-18T17:18:26.667,17:18:26,,False,True,16:10,18:00,18-09-2026 17:07:41,1,operator_reported_trip_stop,2026-09-18T11:37:55.127837+00:00,72ce300e1c3d9961c5e04f880ddbe0d179800c1ffb0e1e676ea54a92a35c255c
nmmt_vehicle_465_20260918,465,465,567787228,8396,3251,60,181796715,Running,upcoming,17:19:40,17:19:40,2026-09-18T17:19:40,17:19:40,,False,True,16:10,18:00,18-09-2026 17:07:41,1,operator_reported_trip_stop,2026-09-18T11:37:55.127837+00:00,72ce300e1c3d9961c5e04f880ddbe0d179800c1ffb0e1e676ea54a92a35c255c
nmmt_vehicle_465_20260918,465,465,567787228,8396,3252,61,181796716,Running,upcoming,17:20:53,17:20:53,2026-09-18T17:20:53.333,17:20:53,,False,True,16:10,18:00,18-09-2026 17:07:41,1,operator_reported_trip_stop,2026-09-18T11:37:55.127837+00:00,72ce300e1c3d9961c5e04f880ddbe0d179800c1ffb0e1e676ea54a92a35c255c
nmmt_vehicle_465_20260918,465,465,567787228,8396,3253,62,181796717,Running,upcoming,17:25:46,17:25:46,2026-09-18T17:25:46.667,17:25:46,,False,True,16:10,18:00,18-09-2026 17:07:41,1,operator_reported_trip_stop,2026-09-18T11:37:55.127837+00:00,72ce300e1c3d9961c5e04f880ddbe0d179800c1ffb0e1e676ea54a92a35c255c
nmmt_vehicle_465_20260918,465,465,567787228,8396,3254,63,181796718,Running,upcoming,17:27:00,17:27:00,2026-09-18T17:27:00,17:27:00,,False,True,16:10,18:00,18-09-2026 17:07:41,1,operator_reported_trip_stop,2026-09-18T11:37:55.127837+00:00,72ce300e1c3d9961c5e04f880ddbe0d179800c1ffb0e1e676ea54a92a35c255c
nmmt_vehicle_465_20260918,465,465,567787228,8396,3255,64,181796719,Running,upcoming,17:28:13,17:28:13,2026-09-18T17:28:13.333,17:28:13,,False,True,16:10,18:00,18-09-2026 17:07:41,1,operator_reported_trip_stop,2026-09-18T11:37:55.127837+00:00,72ce300e1c3d9961c5e04f880ddbe0d179800c1ffb0e1e676ea54a92a35c255c
nmmt_vehicle_465_20260918,465,465,567787228,8396,3256,65,181796720,Running,upcoming,17:29:26,17:29:26,2026-09-18T17:29:26.667,17:29:26,,False,True,16:10,18:00,18-09-2026 17:07:41,1,operator_reported_trip_stop,2026-09-18T11:37:55.127837+00:00,72ce300e1c3d9961c5e04f880ddbe0d179800c1ffb0e1e676ea54a92a35c255c
nmmt_vehicle_465_20260918,465,465,567787228,8396,3257,66,181796721,Running,upcoming,17:30:40,17:30:40,2026-09-18T17:30:40,17:30:40,,False,True,16:10,18:00,18-09-2026 17:07:41,1,operator_reported_trip_stop,2026-09-18T11:37:55.127837+00:00,72ce300e1c3d9961c5e04f880ddbe0d179800c1ffb0e1e676ea54a92a35c255c
nmmt_vehicle_465_20260918,465,465,567787228,8396,3258,67,181796722,Running,upcoming,17:31:53,17:31:53,2026-09-18T17:31:53.333,17:31:53,,False,True,16:10,18:00,18-09-2026 17:07:41,1,operator_reported_trip_stop,2026-09-18T11:37:55.127837+00:00,72ce300e1c3d9961c5e04f880ddbe0d179800c1ffb0e1e676ea54a92a35c255c
nmmt_vehicle_465_20260918,465,465,567787228,8396,3259,68,181796723,Running,upcoming,17:33:06,17:33:06,2026-09-18T17:33:06.667,17:33:06,,False,True,16:10,18:00,18-09-2026 17:07:41,1,operator_reported_trip_stop,2026-09-18T11:37:55.127837+00:00,72ce300e1c3d9961c5e04f880ddbe0d179800c1ffb0e1e676ea54a92a35c255c
nmmt_vehicle_465_20260918,465,465,567787228,8396,3774,69,181796724,Running,upcoming,17:34:20,17:34:20,2026-09-18T17:34:20,17:34:20,,False,True,16:10,18:00,18-09-2026 17:07:41,1,operator_reported_trip_stop,2026-09-18T11:37:55.127837+00:00,72ce300e1c3d9961c5e04f880ddbe0d179800c1ffb0e1e676ea54a92a35c255c
nmmt_vehicle_465_20260918,465,465,567787228,8396,3773,70,181796725,Running,upcoming,17:35:33,17:35:33,2026-09-18T17:35:33.333,17:35:33,,False,True,16:10,18:00,18-09-2026 17:07:41,1,operator_reported_trip_stop,2026-09-18T11:37:55.127837+00:00,72ce300e1c3d9961c5e04f880ddbe0d179800c1ffb0e1e676ea54a92a35c255c
nmmt_vehicle_465_20260918,465,465,567787228,8396,3772,71,181796726,Running,upcoming,17:36:46,17:36:46,2026-09-18T17:36:46.667,17:36:46,,False,True,16:10,18:00,18-09-2026 17:07:41,1,operator_reported_trip_stop,2026-09-18T11:37:55.127837+00:00,72ce300e1c3d9961c5e04f880ddbe0d179800c1ffb0e1e676ea54a92a35c255c
nmmt_vehicle_465_20260918,465,465,567787228,8396,3771,72,181796727,Running,upcoming,17:38:00,17:38:00,2026-09-18T17:38:00,17:38:00,,False,True,16:10,18:00,18-09-2026 17:07:41,1,operator_reported_trip_stop,2026-09-18T11:37:55.127837+00:00,72ce300e1c3d9961c5e04f880ddbe0d179800c1ffb0e1e676ea54a92a35c255c
nmmt_vehicle_465_20260918,465,465,567787228,8396,3775,73,181796728,Running,upcoming,17:39:13,17:39:13,2026-09-18T17:39:13.333,17:39:13,,False,True,16:10,18:00,18-09-2026 17:07:41,1,operator_reported_trip_stop,2026-09-18T11:37:55.127837+00:00,72ce300e1c3d9961c5e04f880ddbe0d179800c1ffb0e1e676ea54a92a35c255c
nmmt_vehicle_465_20260918,465,465,567787228,8396,3776,74,181796729,Running,upcoming,17:40:26,17:40:26,2026-09-18T17:40:26.667,17:40:26,,False,True,16:10,18:00,18-09-2026 17:07:41,1,operator_reported_trip_stop,2026-09-18T11:37:55.127837+00:00,72ce300e1c3d9961c5e04f880ddbe0d179800c1ffb0e1e676ea54a92a35c255c
nmmt_vehicle_465_20260918,465,465,567787228,8396,3777,75,181796730,Running,upcoming,17:41:40,17:41:40,2026-09-18T17:41:40,17:41:40,,False,True,16:10,18:00,18-09-2026 17:07:41,1,operator_reported_trip_stop,2026-09-18T11:37:55.127837+00:00,72ce300e1c3d9961c5e04f880ddbe0d179800c1ffb0e1e676ea54a92a35c255c
nmmt_vehicle_465_20260918,465,465,567787228,8396,3778,76,181796731,Running,upcoming,17:42:53,17:42:53,2026-09-18T17:42:53.333,17:42:53,,False,True,16:10,18:00,18-09-2026 17:07:41,1,operator_reported_trip_stop,2026-09-18T11:37:55.127837+00:00,72ce300e1c3d9961c5e04f880ddbe0d179800c1ffb0e1e676ea54a92a35c255c
nmmt_vehicle_465_20260918,465,465,567787228,8396,3779,77,181796732,Running,upcoming,17:44:06,17:44:06,2026-09-18T17:44:06.667,17:44:06,,False,True,16:10,18:00,18-09-2026 17:07:41,1,operator_reported_trip_stop,2026-09-18T11:37:55.127837+00:00,72ce300e1c3d9961c5e04f880ddbe0d179800c1ffb0e1e676ea54a92a35c255c
nmmt_vehicle_465_20260918,465,465,567787228,8396,3780,78,181796733,Running,upcoming,17:45:20,17:45:20,2026-09-18T17:45:20,17:45:20,,False,True,16:10,18:00,18-09-2026 17:07:41,1,operator_reported_trip_stop,2026-09-18T11:37:55.127837+00:00,72ce300e1c3d9961c5e04f880ddbe0d179800c1ffb0e1e676ea54a92a35c255c
nmmt_vehicle_465_20260918,465,465,567787228,8396,3264,79,181796734,Running,upcoming,17:46:33,17:46:33,2026-09-18T17:46:33.333,17:46:33,,False,True,16:10,18:00,18-09-2026 17:07:41,1,operator_reported_trip_stop,2026-09-18T11:37:55.127837+00:00,72ce300e1c3d9961c5e04f880ddbe0d179800c1ffb0e1e676ea54a92a35c255c
nmmt_vehicle_465_20260918,465,465,567787228,8396,3265,80,181796735,Running,upcoming,17:47:46,17:47:46,2026-09-18T17:47:46.667,17:47:46,,False,True,16:10,18:00,18-09-2026 17:07:41,1,operator_reported_trip_stop,2026-09-18T11:37:55.127837+00:00,72ce300e1c3d9961c5e04f880ddbe0d179800c1ffb0e1e676ea54a92a35c255c
nmmt_vehicle_465_20260918,465,465,567787228,8396,3267,81,181796736,Running,upcoming,17:49:00,17:49:00,2026-09-18T17:49:00,17:49:00,,False,True,16:10,18:00,18-09-2026 17:07:41,1,operator_reported_trip_stop,2026-09-18T11:37:55.127837+00:00,72ce300e1c3d9961c5e04f880ddbe0d179800c1ffb0e1e676ea54a92a35c255c
nmmt_vehicle_465_20260918,465,465,567787228,8396,3266,82,181796737,Running,upcoming,17:50:13,17:50:13,2026-09-18T17:50:13.333,17:50:13,,False,True,16:10,18:00,18-09-2026 17:07:41,1,operator_reported_trip_stop,2026-09-18T11:37:55.127837+00:00,72ce300e1c3d9961c5e04f880ddbe0d179800c1ffb0e1e676ea54a92a35c255c
nmmt_vehicle_465_20260918,465,465,567787228,8396,3268,83,181796738,Running,upcoming,17:51:26,17:51:26,2026-09-18T17:51:26.667,17:51:26,,False,True,16:10,18:00,18-09-2026 17:07:41,1,operator_reported_trip_stop,2026-09-18T11:37:55.127837+00:00,72ce300e1c3d9961c5e04f880ddbe0d179800c1ffb0e1e676ea54a92a35c255c
nmmt_vehicle_465_20260918,465,465,567787228,8396,3269,84,181796739,Running,upcoming,17:52:40,17:52:40,2026-09-18T17:52:40,17:52:40,,False,True,16:10,18:00,18-09-2026 17:07:41,1,operator_reported_trip_stop,2026-09-18T11:37:55.127837+00:00,72ce300e1c3d9961c5e04f880ddbe0d179800c1ffb0e1e676ea54a92a35c255c
nmmt_vehicle_465_20260918,465,465,567787228,8396,3270,85,181796740,Running,upcoming,17:53:53,17:53:53,2026-09-18T17:53:53.333,17:53:53,,False,True,16:10,18:00,18-09-2026 17:07:41,1,operator_reported_trip_stop,2026-09-18T11:37:55.127837+00:00,72ce300e1c3d9961c5e04f880ddbe0d179800c1ffb0e1e676ea54a92a35c255c
nmmt_vehicle_465_20260918,465,465,567787228,8396,3271,86,181796741,Running,upcoming,17:55:06,17:55:06,2026-09-18T17:55:06.667,17:55:06,,False,True,16:10,18:00,18-09-2026 17:07:41,1,operator_reported_trip_stop,2026-09-18T11:37:55.127837+00:00,72ce300e1c3d9961c5e04f880ddbe0d179800c1ffb0e1e676ea54a92a35c255c
nmmt_vehicle_465_20260918,465,465,567787228,8396,3995,87,181796742,Running,upcoming,17:56:20,17:56:20,2026-09-18T17:56:20,17:56:20,,False,True,16:10,18:00,18-09-2026 17:07:41,1,operator_reported_trip_stop,2026-09-18T11:37:55.127837+00:00,72ce300e1c3d9961c5e04f880ddbe0d179800c1ffb0e1e676ea54a92a35c255c
nmmt_vehicle_465_20260918,465,465,567787228,8396,5312,88,181796743,Running,upcoming,17:56:20,17:56:20,2026-09-18T17:56:20,17:56:20,,False,True,16:10,18:00,18-09-2026 17:07:41,1,operator_reported_trip_stop,2026-09-18T11:37:55.127837+00:00,72ce300e1c3d9961c5e04f880ddbe0d179800c1ffb0e1e676ea54a92a35c255c
nmmt_vehicle_465_20260918,465,465,567787228,8396,5313,89,181796744,Running,upcoming,17:57:33,17:57:33,2026-09-18T17:57:33.333,17:57:33,,False,True,16:10,18:00,18-09-2026 17:07:41,1,operator_reported_trip_stop,2026-09-18T11:37:55.127837+00:00,72ce300e1c3d9961c5e04f880ddbe0d179800c1ffb0e1e676ea54a92a35c255c
nmmt_vehicle_465_20260918,465,465,567787228,8396,5314,90,181796745,Running,upcoming,17:58:46,17:58:46,2026-09-18T17:58:46.667,17:58:46,,False,True,16:10,18:00,18-09-2026 17:07:41,1,operator_reported_trip_stop,2026-09-18T11:37:55.127837+00:00,72ce300e1c3d9961c5e04f880ddbe0d179800c1ffb0e1e676ea54a92a35c255c
nmmt_vehicle_465_20260918,465,465,567787228,8396,3996,91,181796746,Running,upcoming,18:00:00,18:00:00,2026-09-18T18:00:00,18:00:00,,False,True,16:10,18:00,18-09-2026 17:07:41,1,operator_reported_trip_stop,2026-09-18T11:37:55.127837+00:00,72ce300e1c3d9961c5e04f880ddbe0d179800c1ffb0e1e676ea54a92a35c255c
nmmt_vehicle_528_20260918,528,528,567787132,8346,2908,1,181789090,Running,covered,15:35:00,15:35:00,2026-09-18T15:35:00,16:21:16,16:21:26,True,False,15:35,16:57,18-09-2026 17:07:46,1,operator_reported_trip_stop,2026-09-18T11:37:55.523728+00:00,22bdf10c6950480b8cb731a8edd60d56bb13352ebc95525a80bcf434d6f479aa
nmmt_vehicle_528_20260918,528,528,567787132,8346,3080,2,181789091,Running,skipped,15:36:22,15:37:22,2026-09-18T15:36:22,16:26:16,16:26:46,False,False,15:35,16:57,18-09-2026 17:07:46,1,operator_reported_trip_stop,2026-09-18T11:37:55.523728+00:00,22bdf10c6950480b8cb731a8edd60d56bb13352ebc95525a80bcf434d6f479aa
nmmt_vehicle_528_20260918,528,528,567787132,8346,3079,3,181789092,Running,skipped,15:38:44,15:38:44,2026-09-18T15:38:44,16:26:56,16:27:06,False,False,15:35,16:57,18-09-2026 17:07:46,1,operator_reported_trip_stop,2026-09-18T11:37:55.523728+00:00,22bdf10c6950480b8cb731a8edd60d56bb13352ebc95525a80bcf434d6f479aa
nmmt_vehicle_528_20260918,528,528,567787132,8346,3075,4,181789093,Running,skipped,15:39:06,15:39:06,2026-09-18T15:39:06,16:27:46,16:28:16,False,False,15:35,16:57,18-09-2026 17:07:46,1,operator_reported_trip_stop,2026-09-18T11:37:55.523728+00:00,22bdf10c6950480b8cb731a8edd60d56bb13352ebc95525a80bcf434d6f479aa
nmmt_vehicle_528_20260918,528,528,567787132,8346,2764,5,181789094,Running,covered,15:40:28,15:40:28,2026-09-18T15:40:28,16:37:06,16:28:46,True,False,15:35,16:57,18-09-2026 17:07:46,1,operator_reported_trip_stop,2026-09-18T11:37:55.523728+00:00,22bdf10c6950480b8cb731a8edd60d56bb13352ebc95525a80bcf434d6f479aa
nmmt_vehicle_528_20260918,528,528,567787132,8346,2765,6,181789095,Running,covered,15:41:50,15:41:50,2026-09-18T15:41:50,16:35:56,16:29:56,True,False,15:35,16:57,18-09-2026 17:07:46,1,operator_reported_trip_stop,2026-09-18T11:37:55.523728+00:00,22bdf10c6950480b8cb731a8edd60d56bb13352ebc95525a80bcf434d6f479aa
nmmt_vehicle_528_20260918,528,528,567787132,8346,2766,7,181789096,Running,covered,15:44:34,15:44:34,2026-09-18T15:44:34,16:37:26,16:37:56,True,False,15:35,16:57,18-09-2026 17:07:46,1,operator_reported_trip_stop,2026-09-18T11:37:55.523728+00:00,22bdf10c6950480b8cb731a8edd60d56bb13352ebc95525a80bcf434d6f479aa
nmmt_vehicle_528_20260918,528,528,567787132,8346,2767,8,181789097,Running,covered,15:45:56,15:45:56,2026-09-18T15:45:56,16:39:16,16:40:06,True,False,15:35,16:57,18-09-2026 17:07:46,1,operator_reported_trip_stop,2026-09-18T11:37:55.523728+00:00,22bdf10c6950480b8cb731a8edd60d56bb13352ebc95525a80bcf434d6f479aa
nmmt_vehicle_528_20260918,528,528,567787132,8346,2763,9,181789098,Running,covered,15:47:18,15:47:18,2026-09-18T15:47:18,16:41:06,16:41:16,True,False,15:35,16:57,18-09-2026 17:07:46,1,operator_reported_trip_stop,2026-09-18T11:37:55.523728+00:00,22bdf10c6950480b8cb731a8edd60d56bb13352ebc95525a80bcf434d6f479aa
nmmt_vehicle_528_20260918,528,528,567787132,8346,2762,10,181789099,Running,skipped,15:48:40,15:48:40,2026-09-18T15:48:40,16:41:46,16:41:56,False,False,15:35,16:57,18-09-2026 17:07:46,1,operator_reported_trip_stop,2026-09-18T11:37:55.523728+00:00,22bdf10c6950480b8cb731a8edd60d56bb13352ebc95525a80bcf434d6f479aa
nmmt_vehicle_528_20260918,528,528,567787132,8346,2683,11,181789100,Running,covered,15:50:02,15:50:02,2026-09-18T15:50:02,16:43:36,16:43:56,True,False,15:35,16:57,18-09-2026 17:07:46,1,operator_reported_trip_stop,2026-09-18T11:37:55.523728+00:00,22bdf10c6950480b8cb731a8edd60d56bb13352ebc95525a80bcf434d6f479aa
nmmt_vehicle_528_20260918,528,528,567787132,8346,3215,12,181789101,Running,covered,15:51:24,15:51:24,2026-09-18T15:51:24,16:44:26,16:44:46,True,False,15:35,16:57,18-09-2026 17:07:46,1,operator_reported_trip_stop,2026-09-18T11:37:55.523728+00:00,22bdf10c6950480b8cb731a8edd60d56bb13352ebc95525a80bcf434d6f479aa
nmmt_vehicle_528_20260918,528,528,567787132,8346,3216,13,181789102,Running,covered,15:52:46,15:52:46,2026-09-18T15:52:46,16:45:16,16:45:36,True,False,15:35,16:57,18-09-2026 17:07:46,1,operator_reported_trip_stop,2026-09-18T11:37:55.523728+00:00,22bdf10c6950480b8cb731a8edd60d56bb13352ebc95525a80bcf434d6f479aa
nmmt_vehicle_528_20260918,528,528,567787132,8346,4227,14,181789103,Running,covered,15:54:08,15:54:08,2026-09-18T15:54:08,16:46:06,16:47:06,True,False,15:35,16:57,18-09-2026 17:07:46,1,operator_reported_trip_stop,2026-09-18T11:37:55.523728+00:00,22bdf10c6950480b8cb731a8edd60d56bb13352ebc95525a80bcf434d6f479aa
nmmt_vehicle_528_20260918,528,528,567787132,8346,3196,15,181789104,Running,covered,15:55:30,15:55:30,2026-09-18T15:55:30,16:49:26,16:50:16,True,False,15:35,16:57,18-09-2026 17:07:46,1,operator_reported_trip_stop,2026-09-18T11:37:55.523728+00:00,22bdf10c6950480b8cb731a8edd60d56bb13352ebc95525a80bcf434d6f479aa
nmmt_vehicle_528_20260918,528,528,567787132,8346,2677,16,181789105,Running,covered,15:56:52,15:56:52,2026-09-18T15:56:52,16:52:16,16:52:46,True,False,15:35,16:57,18-09-2026 17:07:46,1,operator_reported_trip_stop,2026-09-18T11:37:55.523728+00:00,22bdf10c6950480b8cb731a8edd60d56bb13352ebc95525a80bcf434d6f479aa
nmmt_vehicle_528_20260918,528,528,567787132,8346,2675,17,181789106,Running,covered,15:58:14,15:58:14,2026-09-18T15:58:14,16:53:36,16:54:16,True,False,15:35,16:57,18-09-2026 17:07:46,1,operator_reported_trip_stop,2026-09-18T11:37:55.523728+00:00,22bdf10c6950480b8cb731a8edd60d56bb13352ebc95525a80bcf434d6f479aa
nmmt_vehicle_528_20260918,528,528,567787132,8346,2674,18,181789107,Running,skipped,15:59:36,15:59:36,2026-09-18T15:59:36,16:54:46,16:55:06,False,False,15:35,16:57,18-09-2026 17:07:46,1,operator_reported_trip_stop,2026-09-18T11:37:55.523728+00:00,22bdf10c6950480b8cb731a8edd60d56bb13352ebc95525a80bcf434d6f479aa
nmmt_vehicle_528_20260918,528,528,567787132,8346,2672,19,181789108,Running,covered,16:00:58,16:00:58,2026-09-18T16:00:58,16:55:36,16:55:56,True,False,15:35,16:57,18-09-2026 17:07:46,1,operator_reported_trip_stop,2026-09-18T11:37:55.523728+00:00,22bdf10c6950480b8cb731a8edd60d56bb13352ebc95525a80bcf434d6f479aa
nmmt_vehicle_528_20260918,528,528,567787132,8346,2671,20,181789109,Running,covered,16:02:20,16:02:20,2026-09-18T16:02:20,16:56:26,16:56:46,True,False,15:35,16:57,18-09-2026 17:07:46,1,operator_reported_trip_stop,2026-09-18T11:37:55.523728+00:00,22bdf10c6950480b8cb731a8edd60d56bb13352ebc95525a80bcf434d6f479aa
nmmt_vehicle_528_20260918,528,528,567787132,8346,2670,21,181789110,Running,covered,16:03:42,16:03:42,2026-09-18T16:03:42,16:57:36,16:57:56,True,False,15:35,16:57,18-09-2026 17:07:46,1,operator_reported_trip_stop,2026-09-18T11:37:55.523728+00:00,22bdf10c6950480b8cb731a8edd60d56bb13352ebc95525a80bcf434d6f479aa
nmmt_vehicle_528_20260918,528,528,567787132,8346,2669,22,181789111,Running,covered,16:05:04,16:05:04,2026-09-18T16:05:04,17:01:56,17:02:06,True,False,15:35,16:57,18-09-2026 17:07:46,1,operator_reported_trip_stop,2026-09-18T11:37:55.523728+00:00,22bdf10c6950480b8cb731a8edd60d56bb13352ebc95525a80bcf434d6f479aa
nmmt_vehicle_528_20260918,528,528,567787132,8346,2667,23,181789112,Running,covered,16:06:26,16:06:26,2026-09-18T16:06:26,17:04:56,17:05:06,True,False,15:35,16:57,18-09-2026 17:07:46,1,operator_reported_trip_stop,2026-09-18T11:37:55.523728+00:00,22bdf10c6950480b8cb731a8edd60d56bb13352ebc95525a80bcf434d6f479aa
nmmt_vehicle_528_20260918,528,528,567787132,8346,2665,24,181789113,Running,skipped,16:07:48,16:07:48,2026-09-18T16:07:48,17:06:16,17:06:26,False,False,15:35,16:57,18-09-2026 17:07:46,1,operator_reported_trip_stop,2026-09-18T11:37:55.523728+00:00,22bdf10c6950480b8cb731a8edd60d56bb13352ebc95525a80bcf434d6f479aa
nmmt_vehicle_528_20260918,528,528,567787132,8346,2540,25,181789114,Running,skipped,16:10:32,16:10:32,2026-09-18T16:10:32,17:06:56,17:07:16,False,False,15:35,16:57,18-09-2026 17:07:46,1,operator_reported_trip_stop,2026-09-18T11:37:55.523728+00:00,22bdf10c6950480b8cb731a8edd60d56bb13352ebc95525a80bcf434d6f479aa
nmmt_vehicle_528_20260918,528,528,567787132,8346,3930,26,181789115,Running,upcoming,16:11:54,16:11:54,2026-09-18T16:11:54,16:11:54,,False,True,15:35,16:57,18-09-2026 17:07:46,1,operator_reported_trip_stop,2026-09-18T11:37:55.523728+00:00,22bdf10c6950480b8cb731a8edd60d56bb13352ebc95525a80bcf434d6f479aa
nmmt_vehicle_528_20260918,528,528,567787132,8346,3917,27,181789116,Running,upcoming,16:13:16,16:13:16,2026-09-18T16:13:16,16:13:16,,False,True,15:35,16:57,18-09-2026 17:07:46,1,operator_reported_trip_stop,2026-09-18T11:37:55.523728+00:00,22bdf10c6950480b8cb731a8edd60d56bb13352ebc95525a80bcf434d6f479aa
nmmt_vehicle_528_20260918,528,528,567787132,8346,2536,28,181789117,Running,upcoming,16:14:38,16:14:38,2026-09-18T16:14:38,16:14:38,,False,True,15:35,16:57,18-09-2026 17:07:46,1,operator_reported_trip_stop,2026-09-18T11:37:55.523728+00:00,22bdf10c6950480b8cb731a8edd60d56bb13352ebc95525a80bcf434d6f479aa
nmmt_vehicle_528_20260918,528,528,567787132,8346,3911,29,181789118,Running,upcoming,16:16:00,16:16:00,2026-09-18T16:16:00,16:16:00,,False,True,15:35,16:57,18-09-2026 17:07:46,1,operator_reported_trip_stop,2026-09-18T11:37:55.523728+00:00,22bdf10c6950480b8cb731a8edd60d56bb13352ebc95525a80bcf434d6f479aa
nmmt_vehicle_528_20260918,528,528,567787132,8346,2531,30,181789119,Running,upcoming,16:17:22,16:17:22,2026-09-18T16:17:22,16:17:22,,False,True,15:35,16:57,18-09-2026 17:07:46,1,operator_reported_trip_stop,2026-09-18T11:37:55.523728+00:00,22bdf10c6950480b8cb731a8edd60d56bb13352ebc95525a80bcf434d6f479aa
nmmt_vehicle_528_20260918,528,528,567787132,8346,4943,31,181789120,Running,upcoming,16:18:44,16:18:44,2026-09-18T16:18:44,16:18:44,,False,True,15:35,16:57,18-09-2026 17:07:46,1,operator_reported_trip_stop,2026-09-18T11:37:55.523728+00:00,22bdf10c6950480b8cb731a8edd60d56bb13352ebc95525a80bcf434d6f479aa
nmmt_vehicle_528_20260918,528,528,567787132,8346,3927,32,181789121,Running,upcoming,16:20:06,16:20:06,2026-09-18T16:20:06,16:20:06,,False,True,15:35,16:57,18-09-2026 17:07:46,1,operator_reported_trip_stop,2026-09-18T11:37:55.523728+00:00,22bdf10c6950480b8cb731a8edd60d56bb13352ebc95525a80bcf434d6f479aa
nmmt_vehicle_528_20260918,528,528,567787132,8346,2726,33,181789122,Running,upcoming,16:21:28,16:21:28,2026-09-18T16:21:28,16:21:28,,False,True,15:35,16:57,18-09-2026 17:07:46,1,operator_reported_trip_stop,2026-09-18T11:37:55.523728+00:00,22bdf10c6950480b8cb731a8edd60d56bb13352ebc95525a80bcf434d6f479aa
nmmt_vehicle_528_20260918,528,528,567787132,8346,3915,34,181789123,Running,upcoming,16:22:50,16:22:50,2026-09-18T16:22:50,16:22:50,,False,True,15:35,16:57,18-09-2026 17:07:46,1,operator_reported_trip_stop,2026-09-18T11:37:55.523728+00:00,22bdf10c6950480b8cb731a8edd60d56bb13352ebc95525a80bcf434d6f479aa
nmmt_vehicle_528_20260918,528,528,567787132,8346,2524,35,181789124,Running,upcoming,16:24:12,16:24:12,2026-09-18T16:24:12,16:24:12,,False,True,15:35,16:57,18-09-2026 17:07:46,1,operator_reported_trip_stop,2026-09-18T11:37:55.523728+00:00,22bdf10c6950480b8cb731a8edd60d56bb13352ebc95525a80bcf434d6f479aa
nmmt_vehicle_528_20260918,528,528,567787132,8346,3218,36,181789125,Running,upcoming,16:25:34,16:25:34,2026-09-18T16:25:34,16:25:34,,False,True,15:35,16:57,18-09-2026 17:07:46,1,operator_reported_trip_stop,2026-09-18T11:37:55.523728+00:00,22bdf10c6950480b8cb731a8edd60d56bb13352ebc95525a80bcf434d6f479aa
nmmt_vehicle_528_20260918,528,528,567787132,8346,2881,37,181789126,Running,upcoming,16:26:56,16:26:56,2026-09-18T16:26:56,16:26:56,,False,True,15:35,16:57,18-09-2026 17:07:46,1,operator_reported_trip_stop,2026-09-18T11:37:55.523728+00:00,22bdf10c6950480b8cb731a8edd60d56bb13352ebc95525a80bcf434d6f479aa
nmmt_vehicle_528_20260918,528,528,567787132,8346,4203,38,181789127,Running,upcoming,16:28:18,16:28:18,2026-09-18T16:28:18,16:28:18,,False,True,15:35,16:57,18-09-2026 17:07:46,1,operator_reported_trip_stop,2026-09-18T11:37:55.523728+00:00,22bdf10c6950480b8cb731a8edd60d56bb13352ebc95525a80bcf434d6f479aa
nmmt_vehicle_528_20260918,528,528,567787132,8346,3220,39,181789128,Running,upcoming,16:29:40,16:29:40,2026-09-18T16:29:40,16:29:40,,False,True,15:35,16:57,18-09-2026 17:07:46,1,operator_reported_trip_stop,2026-09-18T11:37:55.523728+00:00,22bdf10c6950480b8cb731a8edd60d56bb13352ebc95525a80bcf434d6f479aa
nmmt_vehicle_528_20260918,528,528,567787132,8346,4204,40,181789129,Running,upcoming,16:31:02,16:31:02,2026-09-18T16:31:02,16:31:02,,False,True,15:35,16:57,18-09-2026 17:07:46,1,operator_reported_trip_stop,2026-09-18T11:37:55.523728+00:00,22bdf10c6950480b8cb731a8edd60d56bb13352ebc95525a80bcf434d6f479aa
nmmt_vehicle_528_20260918,528,528,567787132,8346,4205,41,181789130,Running,upcoming,16:32:24,16:32:24,2026-09-18T16:32:24,16:32:24,,False,True,15:35,16:57,18-09-2026 17:07:46,1,operator_reported_trip_stop,2026-09-18T11:37:55.523728+00:00,22bdf10c6950480b8cb731a8edd60d56bb13352ebc95525a80bcf434d6f479aa
nmmt_vehicle_528_20260918,528,528,567787132,8346,4152,42,181789131,Running,upcoming,16:33:46,16:33:46,2026-09-18T16:33:46,16:33:46,,False,True,15:35,16:57,18-09-2026 17:07:46,1,operator_reported_trip_stop,2026-09-18T11:37:55.523728+00:00,22bdf10c6950480b8cb731a8edd60d56bb13352ebc95525a80bcf434d6f479aa
nmmt_vehicle_528_20260918,528,528,567787132,8346,3916,43,181789132,Running,upcoming,16:35:08,16:35:08,2026-09-18T16:35:08,16:35:08,,False,True,15:35,16:57,18-09-2026 17:07:46,1,operator_reported_trip_stop,2026-09-18T11:37:55.523728+00:00,22bdf10c6950480b8cb731a8edd60d56bb13352ebc95525a80bcf434d6f479aa
nmmt_vehicle_528_20260918,528,528,567787132,8346,3945,44,181789133,Running,upcoming,16:36:30,16:36:30,2026-09-18T16:36:30,16:36:30,,False,True,15:35,16:57,18-09-2026 17:07:46,1,operator_reported_trip_stop,2026-09-18T11:37:55.523728+00:00,22bdf10c6950480b8cb731a8edd60d56bb13352ebc95525a80bcf434d6f479aa
nmmt_vehicle_528_20260918,528,528,567787132,8346,4153,45,181789134,Running,upcoming,16:37:52,16:37:52,2026-09-18T16:37:52,16:37:52,,False,True,15:35,16:57,18-09-2026 17:07:46,1,operator_reported_trip_stop,2026-09-18T11:37:55.523728+00:00,22bdf10c6950480b8cb731a8edd60d56bb13352ebc95525a80bcf434d6f479aa
nmmt_vehicle_528_20260918,528,528,567787132,8346,4155,46,181789135,Running,upcoming,16:39:14,16:39:14,2026-09-18T16:39:14,16:39:14,,False,True,15:35,16:57,18-09-2026 17:07:46,1,operator_reported_trip_stop,2026-09-18T11:37:55.523728+00:00,22bdf10c6950480b8cb731a8edd60d56bb13352ebc95525a80bcf434d6f479aa
nmmt_vehicle_528_20260918,528,528,567787132,8346,4157,47,181789136,Running,upcoming,16:40:36,16:40:36,2026-09-18T16:40:36,16:40:36,,False,True,15:35,16:57,18-09-2026 17:07:46,1,operator_reported_trip_stop,2026-09-18T11:37:55.523728+00:00,22bdf10c6950480b8cb731a8edd60d56bb13352ebc95525a80bcf434d6f479aa
nmmt_vehicle_528_20260918,528,528,567787132,8346,4159,48,181789137,Running,upcoming,16:41:58,16:41:58,2026-09-18T16:41:58,16:41:58,,False,True,15:35,16:57,18-09-2026 17:07:46,1,operator_reported_trip_stop,2026-09-18T11:37:55.523728+00:00,22bdf10c6950480b8cb731a8edd60d56bb13352ebc95525a80bcf434d6f479aa
nmmt_vehicle_528_20260918,528,528,567787132,8346,3227,49,181789138,Running,upcoming,16:43:20,16:43:20,2026-09-18T16:43:20,16:43:20,,False,True,15:35,16:57,18-09-2026 17:07:46,1,operator_reported_trip_stop,2026-09-18T11:37:55.523728+00:00,22bdf10c6950480b8cb731a8edd60d56bb13352ebc95525a80bcf434d6f479aa
nmmt_vehicle_528_20260918,528,528,567787132,8346,3710,50,181789139,Running,upcoming,16:44:42,16:44:42,2026-09-18T16:44:42,16:44:42,,False,True,15:35,16:57,18-09-2026 17:07:46,1,operator_reported_trip_stop,2026-09-18T11:37:55.523728+00:00,22bdf10c6950480b8cb731a8edd60d56bb13352ebc95525a80bcf434d6f479aa
nmmt_vehicle_528_20260918,528,528,567787132,8346,3229,51,181789140,Running,upcoming,16:46:04,16:46:04,2026-09-18T16:46:04,16:46:04,,False,True,15:35,16:57,18-09-2026 17:07:46,1,operator_reported_trip_stop,2026-09-18T11:37:55.523728+00:00,22bdf10c6950480b8cb731a8edd60d56bb13352ebc95525a80bcf434d6f479aa
nmmt_vehicle_528_20260918,528,528,567787132,8346,2891,52,181789141,Running,upcoming,16:47:26,16:47:26,2026-09-18T16:47:26,16:47:26,,False,True,15:35,16:57,18-09-2026 17:07:46,1,operator_reported_trip_stop,2026-09-18T11:37:55.523728+00:00,22bdf10c6950480b8cb731a8edd60d56bb13352ebc95525a80bcf434d6f479aa
nmmt_vehicle_528_20260918,528,528,567787132,8346,3231,53,181789142,Running,upcoming,16:48:48,16:48:48,2026-09-18T16:48:48,16:48:48,,False,True,15:35,16:57,18-09-2026 17:07:46,1,operator_reported_trip_stop,2026-09-18T11:37:55.523728+00:00,22bdf10c6950480b8cb731a8edd60d56bb13352ebc95525a80bcf434d6f479aa
nmmt_vehicle_528_20260918,528,528,567787132,8346,3696,54,181789143,Running,upcoming,16:50:10,16:50:10,2026-09-18T16:50:10,16:50:10,,False,True,15:35,16:57,18-09-2026 17:07:46,1,operator_reported_trip_stop,2026-09-18T11:37:55.523728+00:00,22bdf10c6950480b8cb731a8edd60d56bb13352ebc95525a80bcf434d6f479aa
nmmt_vehicle_528_20260918,528,528,567787132,8346,3650,55,181789144,Running,upcoming,16:51:32,16:51:32,2026-09-18T16:51:32,16:51:32,,False,True,15:35,16:57,18-09-2026 17:07:46,1,operator_reported_trip_stop,2026-09-18T11:37:55.523728+00:00,22bdf10c6950480b8cb731a8edd60d56bb13352ebc95525a80bcf434d6f479aa
nmmt_vehicle_528_20260918,528,528,567787132,8346,2893,56,181789145,Running,upcoming,16:52:54,16:52:54,2026-09-18T16:52:54,16:52:54,,False,True,15:35,16:57,18-09-2026 17:07:46,1,operator_reported_trip_stop,2026-09-18T11:37:55.523728+00:00,22bdf10c6950480b8cb731a8edd60d56bb13352ebc95525a80bcf434d6f479aa
nmmt_vehicle_528_20260918,528,528,567787132,8346,2832,57,181789146,Running,upcoming,16:54:16,16:54:16,2026-09-18T16:54:16,16:54:16,,False,True,15:35,16:57,18-09-2026 17:07:46,1,operator_reported_trip_stop,2026-09-18T11:37:55.523728+00:00,22bdf10c6950480b8cb731a8edd60d56bb13352ebc95525a80bcf434d6f479aa
nmmt_vehicle_528_20260918,528,528,567787132,8346,2833,58,181789147,Running,upcoming,16:55:38,16:55:38,2026-09-18T16:55:38,16:55:38,,False,True,15:35,16:57,18-09-2026 17:07:46,1,operator_reported_trip_stop,2026-09-18T11:37:55.523728+00:00,22bdf10c6950480b8cb731a8edd60d56bb13352ebc95525a80bcf434d6f479aa
nmmt_vehicle_528_20260918,528,528,567787132,8346,2895,59,181789148,Running,upcoming,16:57:00,16:57:00,2026-09-18T16:57:00,16:57:00,,False,True,15:35,16:57,18-09-2026 17:07:46,1,operator_reported_trip_stop,2026-09-18T11:37:55.523728+00:00,22bdf10c6950480b8cb731a8edd60d56bb13352ebc95525a80bcf434d6f479aa
nmmt_vehicle_529_20260918,529,529,567787121,8347,2895,1,181788557,Running,covered,15:12:00,15:12:00,2026-09-18T15:12:00,15:57:23,15:57:33,True,False,15:12,16:34,18-09-2026 17:07:43,1,operator_reported_trip_stop,2026-09-18T11:37:55.909968+00:00,e26448192d41dfb31be1aa5837e04c8dfd30da34d1d2af0868f559a9a4c0eb5b
nmmt_vehicle_529_20260918,529,529,567787121,8347,2833,2,181788558,Running,skipped,15:13:24,15:13:24,2026-09-18T15:13:24.828,15:58:53,15:59:13,False,False,15:12,16:34,18-09-2026 17:07:43,1,operator_reported_trip_stop,2026-09-18T11:37:55.909968+00:00,e26448192d41dfb31be1aa5837e04c8dfd30da34d1d2af0868f559a9a4c0eb5b
nmmt_vehicle_529_20260918,529,529,567787121,8347,2832,3,181788559,Running,skipped,15:14:49,15:14:49,2026-09-18T15:14:49.655,15:59:13,15:59:33,False,False,15:12,16:34,18-09-2026 17:07:43,1,operator_reported_trip_stop,2026-09-18T11:37:55.909968+00:00,e26448192d41dfb31be1aa5837e04c8dfd30da34d1d2af0868f559a9a4c0eb5b
nmmt_vehicle_529_20260918,529,529,567787121,8347,2893,4,181788560,Running,covered,15:16:14,15:16:14,2026-09-18T15:16:14.483,16:00:03,16:00:43,True,False,15:12,16:34,18-09-2026 17:07:43,1,operator_reported_trip_stop,2026-09-18T11:37:55.909968+00:00,e26448192d41dfb31be1aa5837e04c8dfd30da34d1d2af0868f559a9a4c0eb5b
nmmt_vehicle_529_20260918,529,529,567787121,8347,3650,5,181788561,Running,covered,15:17:39,15:17:39,2026-09-18T15:17:39.31,16:01:23,16:02:03,True,False,15:12,16:34,18-09-2026 17:07:43,1,operator_reported_trip_stop,2026-09-18T11:37:55.909968+00:00,e26448192d41dfb31be1aa5837e04c8dfd30da34d1d2af0868f559a9a4c0eb5b
nmmt_vehicle_529_20260918,529,529,567787121,8347,3696,6,181788562,Running,covered,15:19:04,15:19:04,2026-09-18T15:19:04.138,16:02:43,16:02:53,True,False,15:12,16:34,18-09-2026 17:07:43,1,operator_reported_trip_stop,2026-09-18T11:37:55.909968+00:00,e26448192d41dfb31be1aa5837e04c8dfd30da34d1d2af0868f559a9a4c0eb5b
nmmt_vehicle_529_20260918,529,529,567787121,8347,3231,7,181788563,Running,covered,15:20:28,15:20:28,2026-09-18T15:20:28.966,16:03:23,16:03:33,True,False,15:12,16:34,18-09-2026 17:07:43,1,operator_reported_trip_stop,2026-09-18T11:37:55.909968+00:00,e26448192d41dfb31be1aa5837e04c8dfd30da34d1d2af0868f559a9a4c0eb5b
nmmt_vehicle_529_20260918,529,529,567787121,8347,4164,8,181788564,Running,covered,15:21:53,15:21:53,2026-09-18T15:21:53.793,16:03:53,16:04:03,True,False,15:12,16:34,18-09-2026 17:07:43,1,operator_reported_trip_stop,2026-09-18T11:37:55.909968+00:00,e26448192d41dfb31be1aa5837e04c8dfd30da34d1d2af0868f559a9a4c0eb5b
nmmt_vehicle_529_20260918,529,529,567787121,8347,3229,9,181788565,Running,covered,15:23:18,15:23:18,2026-09-18T15:23:18.621,16:06:03,16:06:23,True,False,15:12,16:34,18-09-2026 17:07:43,1,operator_reported_trip_stop,2026-09-18T11:37:55.909968+00:00,e26448192d41dfb31be1aa5837e04c8dfd30da34d1d2af0868f559a9a4c0eb5b
nmmt_vehicle_529_20260918,529,529,567787121,8347,3710,10,181788566,Running,covered,15:24:43,15:24:43,2026-09-18T15:24:43.448,16:06:53,16:07:13,True,False,15:12,16:34,18-09-2026 17:07:43,1,operator_reported_trip_stop,2026-09-18T11:37:55.909968+00:00,e26448192d41dfb31be1aa5837e04c8dfd30da34d1d2af0868f559a9a4c0eb5b
nmmt_vehicle_529_20260918,529,529,567787121,8347,4162,11,181788567,Running,covered,15:26:08,15:26:08,2026-09-18T15:26:08.276,16:08:23,16:08:53,True,False,15:12,16:34,18-09-2026 17:07:43,1,operator_reported_trip_stop,2026-09-18T11:37:55.909968+00:00,e26448192d41dfb31be1aa5837e04c8dfd30da34d1d2af0868f559a9a4c0eb5b
nmmt_vehicle_529_20260918,529,529,567787121,8347,2831,12,181788568,Running,skipped,15:27:33,15:27:33,2026-09-18T15:27:33.103,16:09:33,16:09:43,False,False,15:12,16:34,18-09-2026 17:07:43,1,operator_reported_trip_stop,2026-09-18T11:37:55.909968+00:00,e26448192d41dfb31be1aa5837e04c8dfd30da34d1d2af0868f559a9a4c0eb5b
nmmt_vehicle_529_20260918,529,529,567787121,8347,2830,13,181788569,Running,skipped,15:28:57,15:28:57,2026-09-18T15:28:57.931,16:11:03,16:11:13,False,False,15:12,16:34,18-09-2026 17:07:43,1,operator_reported_trip_stop,2026-09-18T11:37:55.909968+00:00,e26448192d41dfb31be1aa5837e04c8dfd30da34d1d2af0868f559a9a4c0eb5b
nmmt_vehicle_529_20260918,529,529,567787121,8347,2829,14,181788570,Running,covered,15:30:22,15:30:22,2026-09-18T15:30:22.759,16:11:23,16:11:43,True,False,15:12,16:34,18-09-2026 17:07:43,1,operator_reported_trip_stop,2026-09-18T11:37:55.909968+00:00,e26448192d41dfb31be1aa5837e04c8dfd30da34d1d2af0868f559a9a4c0eb5b
nmmt_vehicle_529_20260918,529,529,567787121,8347,3226,15,181788571,Running,covered,15:31:47,15:31:47,2026-09-18T15:31:47.586,16:12:53,16:13:13,True,False,15:12,16:34,18-09-2026 17:07:43,1,operator_reported_trip_stop,2026-09-18T11:37:55.909968+00:00,e26448192d41dfb31be1aa5837e04c8dfd30da34d1d2af0868f559a9a4c0eb5b
nmmt_vehicle_529_20260918,529,529,567787121,8347,3225,16,181788572,Running,covered,15:33:12,15:33:12,2026-09-18T15:33:12.414,16:13:23,16:13:33,True,False,15:12,16:34,18-09-2026 17:07:43,1,operator_reported_trip_stop,2026-09-18T11:37:55.909968+00:00,e26448192d41dfb31be1aa5837e04c8dfd30da34d1d2af0868f559a9a4c0eb5b
nmmt_vehicle_529_20260918,529,529,567787121,8347,3224,17,181788573,Running,covered,15:34:37,15:34:37,2026-09-18T15:34:37.241,16:15:13,16:15:43,True,False,15:12,16:34,18-09-2026 17:07:43,1,operator_reported_trip_stop,2026-09-18T11:37:55.909968+00:00,e26448192d41dfb31be1aa5837e04c8dfd30da34d1d2af0868f559a9a4c0eb5b
nmmt_vehicle_529_20260918,529,529,567787121,8347,3223,18,181788574,Running,covered,15:36:02,15:36:02,2026-09-18T15:36:02.069,16:16:53,16:17:13,True,False,15:12,16:34,18-09-2026 17:07:43,1,operator_reported_trip_stop,2026-09-18T11:37:55.909968+00:00,e26448192d41dfb31be1aa5837e04c8dfd30da34d1d2af0868f559a9a4c0eb5b
nmmt_vehicle_529_20260918,529,529,567787121,8347,3222,19,181788575,Running,covered,15:37:26,15:37:26,2026-09-18T15:37:26.897,16:18:13,16:18:23,True,False,15:12,16:34,18-09-2026 17:07:43,1,operator_reported_trip_stop,2026-09-18T11:37:55.909968+00:00,e26448192d41dfb31be1aa5837e04c8dfd30da34d1d2af0868f559a9a4c0eb5b
nmmt_vehicle_529_20260918,529,529,567787121,8347,3730,20,181788576,Running,covered,15:38:51,15:38:51,2026-09-18T15:38:51.724,16:19:03,16:19:33,True,False,15:12,16:34,18-09-2026 17:07:43,1,operator_reported_trip_stop,2026-09-18T11:37:55.909968+00:00,e26448192d41dfb31be1aa5837e04c8dfd30da34d1d2af0868f559a9a4c0eb5b
nmmt_vehicle_529_20260918,529,529,567787121,8347,3220,21,181788577,Running,covered,15:40:16,15:40:16,2026-09-18T15:40:16.552,16:20:43,16:21:43,True,False,15:12,16:34,18-09-2026 17:07:43,1,operator_reported_trip_stop,2026-09-18T11:37:55.909968+00:00,e26448192d41dfb31be1aa5837e04c8dfd30da34d1d2af0868f559a9a4c0eb5b
nmmt_vehicle_529_20260918,529,529,567787121,8347,3219,22,181788578,Running,covered,15:41:41,15:41:41,2026-09-18T15:41:41.379,16:22:23,16:22:33,True,False,15:12,16:34,18-09-2026 17:07:43,1,operator_reported_trip_stop,2026-09-18T11:37:55.909968+00:00,e26448192d41dfb31be1aa5837e04c8dfd30da34d1d2af0868f559a9a4c0eb5b
nmmt_vehicle_529_20260918,529,529,567787121,8347,4123,23,181788579,Running,covered,15:43:06,15:43:06,2026-09-18T15:43:06.207,16:25:13,16:25:33,True,False,15:12,16:34,18-09-2026 17:07:43,1,operator_reported_trip_stop,2026-09-18T11:37:55.909968+00:00,e26448192d41dfb31be1aa5837e04c8dfd30da34d1d2af0868f559a9a4c0eb5b
nmmt_vehicle_529_20260918,529,529,567787121,8347,4128,24,181788580,Running,covered,15:44:31,15:44:31,2026-09-18T15:44:31.034,16:26:43,16:27:03,True,False,15:12,16:34,18-09-2026 17:07:43,1,operator_reported_trip_stop,2026-09-18T11:37:55.909968+00:00,e26448192d41dfb31be1aa5837e04c8dfd30da34d1d2af0868f559a9a4c0eb5b
nmmt_vehicle_529_20260918,529,529,567787121,8347,4126,25,181788581,Running,skipped,15:45:55,15:45:55,2026-09-18T15:45:55.862,16:27:43,16:28:13,False,False,15:12,16:34,18-09-2026 17:07:43,1,operator_reported_trip_stop,2026-09-18T11:37:55.909968+00:00,e26448192d41dfb31be1aa5837e04c8dfd30da34d1d2af0868f559a9a4c0eb5b
nmmt_vehicle_529_20260918,529,529,567787121,8347,3727,26,181788582,Running,skipped,15:47:20,15:47:20,2026-09-18T15:47:20.69,16:29:03,16:29:33,False,False,15:12,16:34,18-09-2026 17:07:43,1,operator_reported_trip_stop,2026-09-18T11:37:55.909968+00:00,e26448192d41dfb31be1aa5837e04c8dfd30da34d1d2af0868f559a9a4c0eb5b
nmmt_vehicle_529_20260918,529,529,567787121,8347,4125,27,181788583,Running,skipped,15:48:45,15:48:45,2026-09-18T15:48:45.517,16:30:13,16:30:33,False,False,15:12,16:34,18-09-2026 17:07:43,1,operator_reported_trip_stop,2026-09-18T11:37:55.909968+00:00,e26448192d41dfb31be1aa5837e04c8dfd30da34d1d2af0868f559a9a4c0eb5b
nmmt_vehicle_529_20260918,529,529,567787121,8347,3926,28,181788584,Running,covered,15:50:10,15:50:10,2026-09-18T15:50:10.345,16:31:43,16:31:53,True,False,15:12,16:34,18-09-2026 17:07:43,1,operator_reported_trip_stop,2026-09-18T11:37:55.909968+00:00,e26448192d41dfb31be1aa5837e04c8dfd30da34d1d2af0868f559a9a4c0eb5b
nmmt_vehicle_529_20260918,529,529,567787121,8347,4208,29,181788585,Running,skipped,15:51:35,15:51:35,2026-09-18T15:51:35.172,16:36:55,,False,False,15:12,16:34,18-09-2026 17:07:43,1,operator_reported_trip_stop,2026-09-18T11:37:55.909968+00:00,e26448192d41dfb31be1aa5837e04c8dfd30da34d1d2af0868f559a9a4c0eb5b
nmmt_vehicle_529_20260918,529,529,567787121,8347,2535,30,181788586,Running,covered,15:53:00,15:53:00,2026-09-18T15:53:00,16:38:33,16:39:03,True,False,15:12,16:34,18-09-2026 17:07:43,1,operator_reported_trip_stop,2026-09-18T11:37:55.909968+00:00,e26448192d41dfb31be1aa5837e04c8dfd30da34d1d2af0868f559a9a4c0eb5b
nmmt_vehicle_529_20260918,529,529,567787121,8347,4141,31,181788587,Running,skipped,15:54:24,15:54:24,2026-09-18T15:54:24.828,16:39:23,16:39:33,False,False,15:12,16:34,18-09-2026 17:07:43,1,operator_reported_trip_stop,2026-09-18T11:37:55.909968+00:00,e26448192d41dfb31be1aa5837e04c8dfd30da34d1d2af0868f559a9a4c0eb5b
nmmt_vehicle_529_20260918,529,529,567787121,8347,2809,32,181788588,Running,skipped,15:55:49,15:55:49,2026-09-18T15:55:49.655,16:41:16,,False,False,15:12,16:34,18-09-2026 17:07:43,1,operator_reported_trip_stop,2026-09-18T11:37:55.909968+00:00,e26448192d41dfb31be1aa5837e04c8dfd30da34d1d2af0868f559a9a4c0eb5b
nmmt_vehicle_529_20260918,529,529,567787121,8347,2540,33,181788589,Running,covered,15:57:14,15:57:14,2026-09-18T15:57:14.483,16:42:43,16:43:03,True,False,15:12,16:34,18-09-2026 17:07:43,1,operator_reported_trip_stop,2026-09-18T11:37:55.909968+00:00,e26448192d41dfb31be1aa5837e04c8dfd30da34d1d2af0868f559a9a4c0eb5b
nmmt_vehicle_529_20260918,529,529,567787121,8347,4816,34,181788590,Running,covered,15:58:39,15:58:39,2026-09-18T15:58:39.31,16:45:53,16:46:03,True,False,15:12,16:34,18-09-2026 17:07:43,1,operator_reported_trip_stop,2026-09-18T11:37:55.909968+00:00,e26448192d41dfb31be1aa5837e04c8dfd30da34d1d2af0868f559a9a4c0eb5b
nmmt_vehicle_529_20260918,529,529,567787121,8347,4139,35,181788591,Running,covered,16:00:04,16:00:04,2026-09-18T16:00:04.138,16:47:53,16:48:23,True,False,15:12,16:34,18-09-2026 17:07:43,1,operator_reported_trip_stop,2026-09-18T11:37:55.909968+00:00,e26448192d41dfb31be1aa5837e04c8dfd30da34d1d2af0868f559a9a4c0eb5b
nmmt_vehicle_529_20260918,529,529,567787121,8347,4137,36,181788592,Running,covered,16:01:28,16:01:28,2026-09-18T16:01:28.966,16:48:53,16:49:13,True,False,15:12,16:34,18-09-2026 17:07:43,1,operator_reported_trip_stop,2026-09-18T11:37:55.909968+00:00,e26448192d41dfb31be1aa5837e04c8dfd30da34d1d2af0868f559a9a4c0eb5b
nmmt_vehicle_529_20260918,529,529,567787121,8347,2668,37,181788593,Running,covered,16:02:53,16:02:53,2026-09-18T16:02:53.793,16:49:53,16:50:13,True,False,15:12,16:34,18-09-2026 17:07:43,1,operator_reported_trip_stop,2026-09-18T11:37:55.909968+00:00,e26448192d41dfb31be1aa5837e04c8dfd30da34d1d2af0868f559a9a4c0eb5b
nmmt_vehicle_529_20260918,529,529,567787121,8347,4135,38,181788594,Running,covered,16:04:18,16:04:18,2026-09-18T16:04:18.621,16:50:33,16:51:23,True,False,15:12,16:34,18-09-2026 17:07:43,1,operator_reported_trip_stop,2026-09-18T11:37:55.909968+00:00,e26448192d41dfb31be1aa5837e04c8dfd30da34d1d2af0868f559a9a4c0eb5b
nmmt_vehicle_529_20260918,529,529,567787121,8347,4133,39,181788595,Running,covered,16:05:43,16:05:43,2026-09-18T16:05:43.448,16:51:43,16:52:13,True,False,15:12,16:34,18-09-2026 17:07:43,1,operator_reported_trip_stop,2026-09-18T11:37:55.909968+00:00,e26448192d41dfb31be1aa5837e04c8dfd30da34d1d2af0868f559a9a4c0eb5b
nmmt_vehicle_529_20260918,529,529,567787121,8347,4132,40,181788596,Running,covered,16:07:08,16:07:08,2026-09-18T16:07:08.276,16:52:53,16:53:13,True,False,15:12,16:34,18-09-2026 17:07:43,1,operator_reported_trip_stop,2026-09-18T11:37:55.909968+00:00,e26448192d41dfb31be1aa5837e04c8dfd30da34d1d2af0868f559a9a4c0eb5b
nmmt_vehicle_529_20260918,529,529,567787121,8347,4131,41,181788597,Running,covered,16:08:33,16:08:33,2026-09-18T16:08:33.103,16:54:13,16:54:33,True,False,15:12,16:34,18-09-2026 17:07:43,1,operator_reported_trip_stop,2026-09-18T11:37:55.909968+00:00,e26448192d41dfb31be1aa5837e04c8dfd30da34d1d2af0868f559a9a4c0eb5b
nmmt_vehicle_529_20260918,529,529,567787121,8347,4130,42,181788598,Running,skipped,16:09:57,16:09:57,2026-09-18T16:09:57.931,16:55:13,16:55:23,False,False,15:12,16:34,18-09-2026 17:07:43,1,operator_reported_trip_stop,2026-09-18T11:37:55.909968+00:00,e26448192d41dfb31be1aa5837e04c8dfd30da34d1d2af0868f559a9a4c0eb5b
nmmt_vehicle_529_20260918,529,529,567787121,8347,4129,43,181788599,Running,covered,16:11:22,16:11:22,2026-09-18T16:11:22.759,16:55:53,16:56:43,True,False,15:12,16:34,18-09-2026 17:07:43,1,operator_reported_trip_stop,2026-09-18T11:37:55.909968+00:00,e26448192d41dfb31be1aa5837e04c8dfd30da34d1d2af0868f559a9a4c0eb5b
nmmt_vehicle_529_20260918,529,529,567787121,8347,4127,44,181788600,Running,covered,16:12:47,16:12:47,2026-09-18T16:12:47.586,16:57:13,16:58:53,True,False,15:12,16:34,18-09-2026 17:07:43,1,operator_reported_trip_stop,2026-09-18T11:37:55.909968+00:00,e26448192d41dfb31be1aa5837e04c8dfd30da34d1d2af0868f559a9a4c0eb5b
nmmt_vehicle_529_20260918,529,529,567787121,8347,4228,45,181788601,Running,covered,16:14:12,16:14:12,2026-09-18T16:14:12.414,16:59:43,17:00:03,True,False,15:12,16:34,18-09-2026 17:07:43,1,operator_reported_trip_stop,2026-09-18T11:37:55.909968+00:00,e26448192d41dfb31be1aa5837e04c8dfd30da34d1d2af0868f559a9a4c0eb5b
nmmt_vehicle_529_20260918,529,529,567787121,8347,4217,46,181788602,Running,covered,16:15:37,16:15:37,2026-09-18T16:15:37.241,17:00:33,17:00:53,True,False,15:12,16:34,18-09-2026 17:07:43,1,operator_reported_trip_stop,2026-09-18T11:37:55.909968+00:00,e26448192d41dfb31be1aa5837e04c8dfd30da34d1d2af0868f559a9a4c0eb5b
nmmt_vehicle_529_20260918,529,529,567787121,8347,4215,47,181788603,Running,covered,16:17:02,16:17:02,2026-09-18T16:17:02.069,17:01:43,17:02:13,True,False,15:12,16:34,18-09-2026 17:07:43,1,operator_reported_trip_stop,2026-09-18T11:37:55.909968+00:00,e26448192d41dfb31be1aa5837e04c8dfd30da34d1d2af0868f559a9a4c0eb5b
nmmt_vehicle_529_20260918,529,529,567787121,8347,4216,48,181788604,Running,skipped,16:18:26,16:18:26,2026-09-18T16:18:26.897,17:04:41,,False,False,15:12,16:34,18-09-2026 17:07:43,1,operator_reported_trip_stop,2026-09-18T11:37:55.909968+00:00,e26448192d41dfb31be1aa5837e04c8dfd30da34d1d2af0868f559a9a4c0eb5b
nmmt_vehicle_529_20260918,529,529,567787121,8347,4233,49,181788605,Running,covered,16:19:51,16:19:51,2026-09-18T16:19:51.724,17:06:03,17:06:23,True,False,15:12,16:34,18-09-2026 17:07:43,1,operator_reported_trip_stop,2026-09-18T11:37:55.909968+00:00,e26448192d41dfb31be1aa5837e04c8dfd30da34d1d2af0868f559a9a4c0eb5b
nmmt_vehicle_529_20260918,529,529,567787121,8347,3914,50,181788606,Running,covered,16:21:16,16:21:16,2026-09-18T16:21:16.552,17:07:03,17:07:33,True,False,15:12,16:34,18-09-2026 17:07:43,1,operator_reported_trip_stop,2026-09-18T11:37:55.909968+00:00,e26448192d41dfb31be1aa5837e04c8dfd30da34d1d2af0868f559a9a4c0eb5b
nmmt_vehicle_529_20260918,529,529,567787121,8347,2767,51,181788607,Running,upcoming,16:22:41,16:22:41,2026-09-18T16:22:41.379,16:22:41,,False,True,15:12,16:34,18-09-2026 17:07:43,1,operator_reported_trip_stop,2026-09-18T11:37:55.909968+00:00,e26448192d41dfb31be1aa5837e04c8dfd30da34d1d2af0868f559a9a4c0eb5b
nmmt_vehicle_529_20260918,529,529,567787121,8347,2766,52,181788608,Running,upcoming,16:24:06,16:24:06,2026-09-18T16:24:06.207,16:24:06,,False,True,15:12,16:34,18-09-2026 17:07:43,1,operator_reported_trip_stop,2026-09-18T11:37:55.909968+00:00,e26448192d41dfb31be1aa5837e04c8dfd30da34d1d2af0868f559a9a4c0eb5b
nmmt_vehicle_529_20260918,529,529,567787121,8347,2764,53,181788609,Running,upcoming,16:25:31,16:25:31,2026-09-18T16:25:31.034,16:25:31,,False,True,15:12,16:34,18-09-2026 17:07:43,1,operator_reported_trip_stop,2026-09-18T11:37:55.909968+00:00,e26448192d41dfb31be1aa5837e04c8dfd30da34d1d2af0868f559a9a4c0eb5b
nmmt_vehicle_529_20260918,529,529,567787121,8347,2765,54,181788610,Running,upcoming,16:26:55,16:26:55,2026-09-18T16:26:55.862,16:26:55,,False,True,15:12,16:34,18-09-2026 17:07:43,1,operator_reported_trip_stop,2026-09-18T11:37:55.909968+00:00,e26448192d41dfb31be1aa5837e04c8dfd30da34d1d2af0868f559a9a4c0eb5b
nmmt_vehicle_529_20260918,529,529,567787121,8347,3075,55,181788611,Running,upcoming,16:28:20,16:28:20,2026-09-18T16:28:20.69,16:28:20,,False,True,15:12,16:34,18-09-2026 17:07:43,1,operator_reported_trip_stop,2026-09-18T11:37:55.909968+00:00,e26448192d41dfb31be1aa5837e04c8dfd30da34d1d2af0868f559a9a4c0eb5b
nmmt_vehicle_529_20260918,529,529,567787121,8347,3079,56,181788612,Running,upcoming,16:29:45,16:29:45,2026-09-18T16:29:45.517,16:29:45,,False,True,15:12,16:34,18-09-2026 17:07:43,1,operator_reported_trip_stop,2026-09-18T11:37:55.909968+00:00,e26448192d41dfb31be1aa5837e04c8dfd30da34d1d2af0868f559a9a4c0eb5b
nmmt_vehicle_529_20260918,529,529,567787121,8347,3080,57,181788613,Running,upcoming,16:32:35,16:32:35,2026-09-18T16:32:35.172,16:32:35,,False,True,15:12,16:34,18-09-2026 17:07:43,1,operator_reported_trip_stop,2026-09-18T11:37:55.909968+00:00,e26448192d41dfb31be1aa5837e04c8dfd30da34d1d2af0868f559a9a4c0eb5b
nmmt_vehicle_529_20260918,529,529,567787121,8347,2908,58,181788614,Running,upcoming,16:34:00,16:34:00,2026-09-18T16:34:00,16:34:00,,False,True,15:12,16:34,18-09-2026 17:07:43,1,operator_reported_trip_stop,2026-09-18T11:37:55.909968+00:00,e26448192d41dfb31be1aa5837e04c8dfd30da34d1d2af0868f559a9a4c0eb5b
nmmt_vehicle_548_20260918,548,548,567790140,9855,5268,1,181902123,Running,covered,17:03:00,17:03:00,2026-09-18T17:03:00,17:00:41,17:00:51,True,False,17:03,17:48,18-09-2026 17:21:36,1,operator_reported_trip_stop,2026-09-18T11:53:42.600891+00:00,671bd10bfaed38f705fac55ee3337c96436b6e2ef0b17540ad5ba05d45ae9618
nmmt_vehicle_548_20260918,548,548,567790140,9855,5269,2,181902124,Running,skipped,17:06:54,17:06:54,2026-09-18T17:06:54.783,17:08:52,,False,False,17:03,17:48,18-09-2026 17:21:36,1,operator_reported_trip_stop,2026-09-18T11:53:42.600891+00:00,671bd10bfaed38f705fac55ee3337c96436b6e2ef0b17540ad5ba05d45ae9618
nmmt_vehicle_548_20260918,548,548,567790140,9855,5270,3,181902125,Running,skipped,17:07:53,17:07:53,2026-09-18T17:07:53.478,17:09:55,17:10:05,False,False,17:03,17:48,18-09-2026 17:21:36,1,operator_reported_trip_stop,2026-09-18T11:53:42.600891+00:00,671bd10bfaed38f705fac55ee3337c96436b6e2ef0b17540ad5ba05d45ae9618
nmmt_vehicle_548_20260918,548,548,567790140,9855,5271,4,181902126,Running,skipped,17:08:52,17:08:52,2026-09-18T17:08:52.174,17:08:55,17:10:00,False,False,17:03,17:48,18-09-2026 17:21:36,1,operator_reported_trip_stop,2026-09-18T11:53:42.600891+00:00,671bd10bfaed38f705fac55ee3337c96436b6e2ef0b17540ad5ba05d45ae9618
nmmt_vehicle_548_20260918,548,548,567790140,9855,5305,5,181902127,Running,skipped,17:09:50,17:09:50,2026-09-18T17:09:50.87,17:04:02,,False,False,17:03,17:48,18-09-2026 17:21:36,1,operator_reported_trip_stop,2026-09-18T11:53:42.600891+00:00,671bd10bfaed38f705fac55ee3337c96436b6e2ef0b17540ad5ba05d45ae9618
nmmt_vehicle_548_20260918,548,548,567790140,9855,5304,6,181902128,Running,skipped,17:10:49,17:10:49,2026-09-18T17:10:49.565,17:04:44,,False,False,17:03,17:48,18-09-2026 17:21:36,1,operator_reported_trip_stop,2026-09-18T11:53:42.600891+00:00,671bd10bfaed38f705fac55ee3337c96436b6e2ef0b17540ad5ba05d45ae9618
nmmt_vehicle_548_20260918,548,548,567790140,9855,5303,7,181902129,Running,skipped,17:11:48,17:11:48,2026-09-18T17:11:48.261,17:05:06,,False,False,17:03,17:48,18-09-2026 17:21:36,1,operator_reported_trip_stop,2026-09-18T11:53:42.600891+00:00,671bd10bfaed38f705fac55ee3337c96436b6e2ef0b17540ad5ba05d45ae9618
nmmt_vehicle_548_20260918,548,548,567790140,9855,5272,8,181902130,Running,skipped,17:12:46,17:12:46,2026-09-18T17:12:46.957,17:04:47,17:04:57,False,False,17:03,17:48,18-09-2026 17:21:36,1,operator_reported_trip_stop,2026-09-18T11:53:42.600891+00:00,671bd10bfaed38f705fac55ee3337c96436b6e2ef0b17540ad5ba05d45ae9618
nmmt_vehicle_548_20260918,548,548,567790140,9855,5273,9,181902131,Running,skipped,17:13:45,17:13:45,2026-09-18T17:13:45.652,17:04:27,17:04:47,False,False,17:03,17:48,18-09-2026 17:21:36,1,operator_reported_trip_stop,2026-09-18T11:53:42.600891+00:00,671bd10bfaed38f705fac55ee3337c96436b6e2ef0b17540ad5ba05d45ae9618
nmmt_vehicle_548_20260918,548,548,567790140,9855,5274,10,181902132,Running,skipped,17:14:44,17:14:44,2026-09-18T17:14:44.348,17:07:33,,False,False,17:03,17:48,18-09-2026 17:21:36,1,operator_reported_trip_stop,2026-09-18T11:53:42.600891+00:00,671bd10bfaed38f705fac55ee3337c96436b6e2ef0b17540ad5ba05d45ae9618
nmmt_vehicle_548_20260918,548,548,567790140,9855,5280,11,181902133,Running,skipped,17:16:41,17:16:41,2026-09-18T17:16:41.739,17:10:09,,False,False,17:03,17:48,18-09-2026 17:21:36,1,operator_reported_trip_stop,2026-09-18T11:53:42.600891+00:00,671bd10bfaed38f705fac55ee3337c96436b6e2ef0b17540ad5ba05d45ae9618
nmmt_vehicle_548_20260918,548,548,567790140,9855,5279,12,181902134,Running,covered,17:17:40,17:17:40,2026-09-18T17:17:40.435,17:12:41,17:13:21,True,False,17:03,17:48,18-09-2026 17:21:36,1,operator_reported_trip_stop,2026-09-18T11:53:42.600891+00:00,671bd10bfaed38f705fac55ee3337c96436b6e2ef0b17540ad5ba05d45ae9618
nmmt_vehicle_548_20260918,548,548,567790140,9855,5278,13,181902135,Running,skipped,17:18:39,17:18:39,2026-09-18T17:18:39.13,17:14:18,,False,False,17:03,17:48,18-09-2026 17:21:36,1,operator_reported_trip_stop,2026-09-18T11:53:42.600891+00:00,671bd10bfaed38f705fac55ee3337c96436b6e2ef0b17540ad5ba05d45ae9618
nmmt_vehicle_548_20260918,548,548,567790140,9855,5276,14,181902136,Running,covered,17:19:37,17:19:37,2026-09-18T17:19:37.826,17:14:56,17:15:06,True,False,17:03,17:48,18-09-2026 17:21:36,1,operator_reported_trip_stop,2026-09-18T11:53:42.600891+00:00,671bd10bfaed38f705fac55ee3337c96436b6e2ef0b17540ad5ba05d45ae9618
nmmt_vehicle_548_20260918,548,548,567790140,9855,3253,15,181902137,Running,skipped,17:21:35,17:21:35,2026-09-18T17:21:35.217,17:16:16,,False,False,17:03,17:48,18-09-2026 17:21:36,1,operator_reported_trip_stop,2026-09-18T11:53:42.600891+00:00,671bd10bfaed38f705fac55ee3337c96436b6e2ef0b17540ad5ba05d45ae9618
nmmt_vehicle_548_20260918,548,548,567790140,9855,5302,16,181902138,Running,skipped,17:22:33,17:22:33,2026-09-18T17:22:33.913,17:16:11,17:16:21,False,False,17:03,17:48,18-09-2026 17:21:36,1,operator_reported_trip_stop,2026-09-18T11:53:42.600891+00:00,671bd10bfaed38f705fac55ee3337c96436b6e2ef0b17540ad5ba05d45ae9618
nmmt_vehicle_548_20260918,548,548,567790140,9855,5301,17,181902139,Running,skipped,17:23:32,17:23:32,2026-09-18T17:23:32.609,17:17:01,17:17:16,False,False,17:03,17:48,18-09-2026 17:21:36,1,operator_reported_trip_stop,2026-09-18T11:53:42.600891+00:00,671bd10bfaed38f705fac55ee3337c96436b6e2ef0b17540ad5ba05d45ae9618
nmmt_vehicle_548_20260918,548,548,567790140,9855,5300,18,181902140,Running,upcoming,17:24:31,17:24:31,2026-09-18T17:24:31.304,17:24:31,,False,True,17:03,17:48,18-09-2026 17:21:36,1,operator_reported_trip_stop,2026-09-18T11:53:42.600891+00:00,671bd10bfaed38f705fac55ee3337c96436b6e2ef0b17540ad5ba05d45ae9618
nmmt_vehicle_548_20260918,548,548,567790140,9855,5299,19,181902141,Running,upcoming,17:25:30,17:25:30,2026-09-18T17:25:30,17:25:30,,False,True,17:03,17:48,18-09-2026 17:21:36,1,operator_reported_trip_stop,2026-09-18T11:53:42.600891+00:00,671bd10bfaed38f705fac55ee3337c96436b6e2ef0b17540ad5ba05d45ae9618
nmmt_vehicle_548_20260918,548,548,567790140,9855,5298,20,181902142,Running,upcoming,17:27:27,17:27:27,2026-09-18T17:27:27.391,17:27:27,,False,True,17:03,17:48,18-09-2026 17:21:36,1,operator_reported_trip_stop,2026-09-18T11:53:42.600891+00:00,671bd10bfaed38f705fac55ee3337c96436b6e2ef0b17540ad5ba05d45ae9618
nmmt_vehicle_548_20260918,548,548,567790140,9855,5297,21,181902143,Running,upcoming,17:28:26,17:28:26,2026-09-18T17:28:26.087,17:28:26,,False,True,17:03,17:48,18-09-2026 17:21:36,1,operator_reported_trip_stop,2026-09-18T11:53:42.600891+00:00,671bd10bfaed38f705fac55ee3337c96436b6e2ef0b17540ad5ba05d45ae9618
nmmt_vehicle_548_20260918,548,548,567790140,9855,5284,22,181902144,Running,upcoming,17:30:23,17:30:23,2026-09-18T17:30:23.478,17:30:23,,False,True,17:03,17:48,18-09-2026 17:21:36,1,operator_reported_trip_stop,2026-09-18T11:53:42.600891+00:00,671bd10bfaed38f705fac55ee3337c96436b6e2ef0b17540ad5ba05d45ae9618
nmmt_vehicle_548_20260918,548,548,567790140,9855,5285,23,181902145,Running,upcoming,17:31:22,17:31:22,2026-09-18T17:31:22.174,17:31:22,,False,True,17:03,17:48,18-09-2026 17:21:36,1,operator_reported_trip_stop,2026-09-18T11:53:42.600891+00:00,671bd10bfaed38f705fac55ee3337c96436b6e2ef0b17540ad5ba05d45ae9618
nmmt_vehicle_548_20260918,548,548,567790140,9855,5286,24,181902146,Running,upcoming,17:32:20,17:32:20,2026-09-18T17:32:20.87,17:32:20,,False,True,17:03,17:48,18-09-2026 17:21:36,1,operator_reported_trip_stop,2026-09-18T11:53:42.600891+00:00,671bd10bfaed38f705fac55ee3337c96436b6e2ef0b17540ad5ba05d45ae9618
nmmt_vehicle_548_20260918,548,548,567790140,9855,5287,25,181902147,Running,upcoming,17:34:18,17:34:18,2026-09-18T17:34:18.261,17:34:18,,False,True,17:03,17:48,18-09-2026 17:21:36,1,operator_reported_trip_stop,2026-09-18T11:53:42.600891+00:00,671bd10bfaed38f705fac55ee3337c96436b6e2ef0b17540ad5ba05d45ae9618
nmmt_vehicle_548_20260918,548,548,567790140,9855,5309,26,181902148,Running,upcoming,17:36:15,17:36:15,2026-09-18T17:36:15.652,17:36:15,,False,True,17:03,17:48,18-09-2026 17:21:36,1,operator_reported_trip_stop,2026-09-18T11:53:42.600891+00:00,671bd10bfaed38f705fac55ee3337c96436b6e2ef0b17540ad5ba05d45ae9618
nmmt_vehicle_548_20260918,548,548,567790140,9855,5308,27,181902149,Running,upcoming,17:37:14,17:37:14,2026-09-18T17:37:14.348,17:37:14,,False,True,17:03,17:48,18-09-2026 17:21:36,1,operator_reported_trip_stop,2026-09-18T11:53:42.600891+00:00,671bd10bfaed38f705fac55ee3337c96436b6e2ef0b17540ad5ba05d45ae9618
nmmt_vehicle_548_20260918,548,548,567790140,9855,5307,28,181902150,Running,upcoming,17:38:13,17:38:13,2026-09-18T17:38:13.043,17:38:13,,False,True,17:03,17:48,18-09-2026 17:21:36,1,operator_reported_trip_stop,2026-09-18T11:53:42.600891+00:00,671bd10bfaed38f705fac55ee3337c96436b6e2ef0b17540ad5ba05d45ae9618
nmmt_vehicle_548_20260918,548,548,567790140,9855,5306,29,181902151,Running,upcoming,17:39:11,17:39:11,2026-09-18T17:39:11.739,17:39:11,,False,True,17:03,17:48,18-09-2026 17:21:36,1,operator_reported_trip_stop,2026-09-18T11:53:42.600891+00:00,671bd10bfaed38f705fac55ee3337c96436b6e2ef0b17540ad5ba05d45ae9618
nmmt_vehicle_548_20260918,548,548,567790140,9855,3722,30,181902152,Running,upcoming,17:40:10,17:40:10,2026-09-18T17:40:10.435,17:40:10,,False,True,17:03,17:48,18-09-2026 17:21:36,1,operator_reported_trip_stop,2026-09-18T11:53:42.600891+00:00,671bd10bfaed38f705fac55ee3337c96436b6e2ef0b17540ad5ba05d45ae9618
nmmt_vehicle_548_20260918,548,548,567790140,9855,3399,31,181902153,Running,upcoming,17:41:09,17:41:09,2026-09-18T17:41:09.13,17:41:09,,False,True,17:03,17:48,18-09-2026 17:21:36,1,operator_reported_trip_stop,2026-09-18T11:53:42.600891+00:00,671bd10bfaed38f705fac55ee3337c96436b6e2ef0b17540ad5ba05d45ae9618
nmmt_vehicle_548_20260918,548,548,567790140,9855,3398,32,181902154,Running,upcoming,17:42:07,17:42:07,2026-09-18T17:42:07.826,17:42:07,,False,True,17:03,17:48,18-09-2026 17:21:36,1,operator_reported_trip_stop,2026-09-18T11:53:42.600891+00:00,671bd10bfaed38f705fac55ee3337c96436b6e2ef0b17540ad5ba05d45ae9618
nmmt_vehicle_548_20260918,548,548,567790140,9855,3397,33,181902155,Running,upcoming,17:43:06,17:43:06,2026-09-18T17:43:06.522,17:43:06,,False,True,17:03,17:48,18-09-2026 17:21:36,1,operator_reported_trip_stop,2026-09-18T11:53:42.600891+00:00,671bd10bfaed38f705fac55ee3337c96436b6e2ef0b17540ad5ba05d45ae9618
nmmt_vehicle_548_20260918,548,548,567790140,9855,3396,34,181902156,Running,upcoming,17:44:05,17:44:05,2026-09-18T17:44:05.217,17:44:05,,False,True,17:03,17:48,18-09-2026 17:21:36,1,operator_reported_trip_stop,2026-09-18T11:53:42.600891+00:00,671bd10bfaed38f705fac55ee3337c96436b6e2ef0b17540ad5ba05d45ae9618
nmmt_vehicle_548_20260918,548,548,567790140,9855,3719,35,181902157,Running,upcoming,17:43:06,17:43:06,2026-09-18T17:43:06.522,17:43:06,,False,True,17:03,17:48,18-09-2026 17:21:36,1,operator_reported_trip_stop,2026-09-18T11:53:42.600891+00:00,671bd10bfaed38f705fac55ee3337c96436b6e2ef0b17540ad5ba05d45ae9618
nmmt_vehicle_548_20260918,548,548,567790140,9855,3395,36,181902158,Running,upcoming,17:44:05,17:44:05,2026-09-18T17:44:05.217,17:44:05,,False,True,17:03,17:48,18-09-2026 17:21:36,1,operator_reported_trip_stop,2026-09-18T11:53:42.600891+00:00,671bd10bfaed38f705fac55ee3337c96436b6e2ef0b17540ad5ba05d45ae9618
nmmt_vehicle_548_20260918,548,548,567790140,9855,3718,37,181902159,Running,upcoming,17:45:03,17:45:03,2026-09-18T17:45:03.913,17:45:03,,False,True,17:03,17:48,18-09-2026 17:21:36,1,operator_reported_trip_stop,2026-09-18T11:53:42.600891+00:00,671bd10bfaed38f705fac55ee3337c96436b6e2ef0b17540ad5ba05d45ae9618
nmmt_vehicle_548_20260918,548,548,567790140,9855,3720,38,181902160,Running,upcoming,17:46:02,17:46:02,2026-09-18T17:46:02.609,17:46:02,,False,True,17:03,17:48,18-09-2026 17:21:36,1,operator_reported_trip_stop,2026-09-18T11:53:42.600891+00:00,671bd10bfaed38f705fac55ee3337c96436b6e2ef0b17540ad5ba05d45ae9618
nmmt_vehicle_548_20260918,548,548,567790140,9855,2775,39,181902161,Running,upcoming,17:47:01,17:47:01,2026-09-18T17:47:01.304,17:47:01,,False,True,17:03,17:48,18-09-2026 17:21:36,1,operator_reported_trip_stop,2026-09-18T11:53:42.600891+00:00,671bd10bfaed38f705fac55ee3337c96436b6e2ef0b17540ad5ba05d45ae9618
nmmt_vehicle_548_20260918,548,548,567790140,9855,2776,40,181902162,Running,upcoming,17:48:00,17:48:00,2026-09-18T17:48:00,17:48:00,,False,True,17:03,17:48,18-09-2026 17:21:36,1,operator_reported_trip_stop,2026-09-18T11:53:42.600891+00:00,671bd10bfaed38f705fac55ee3337c96436b6e2ef0b17540ad5ba05d45ae9618
nmmt_vehicle_550_20260918,550,550,567789103,9762,2771,1,181875646,Running,skipped,16:30:00,16:30:00,2026-09-18T16:30:00,16:30:00,,False,True,16:30,18:15,18-09-2026 17:11:49,1,operator_reported_trip_stop,2026-09-18T11:53:43.229415+00:00,eda0f6d7488b60850ccff13d513d2eda55793bb9cba2645a1b5323e34be55528
nmmt_vehicle_550_20260918,550,550,567789103,9762,4174,2,181875647,Running,skipped,16:31:10,16:31:10,2026-09-18T16:31:10,16:31:10,,False,True,16:30,18:15,18-09-2026 17:11:49,1,operator_reported_trip_stop,2026-09-18T11:53:43.229415+00:00,eda0f6d7488b60850ccff13d513d2eda55793bb9cba2645a1b5323e34be55528
nmmt_vehicle_550_20260918,550,550,567789103,9762,4173,3,181875648,Running,skipped,16:32:20,16:32:20,2026-09-18T16:32:20,16:32:20,,False,True,16:30,18:15,18-09-2026 17:11:49,1,operator_reported_trip_stop,2026-09-18T11:53:43.229415+00:00,eda0f6d7488b60850ccff13d513d2eda55793bb9cba2645a1b5323e34be55528
nmmt_vehicle_550_20260918,550,550,567789103,9762,4172,4,181875649,Running,skipped,16:33:30,16:33:30,2026-09-18T16:33:30,16:33:30,,False,True,16:30,18:15,18-09-2026 17:11:49,1,operator_reported_trip_stop,2026-09-18T11:53:43.229415+00:00,eda0f6d7488b60850ccff13d513d2eda55793bb9cba2645a1b5323e34be55528
nmmt_vehicle_550_20260918,550,550,567789103,9762,4171,5,181875650,Running,skipped,16:35:50,16:35:50,2026-09-18T16:35:50,16:35:50,,False,True,16:30,18:15,18-09-2026 17:11:49,1,operator_reported_trip_stop,2026-09-18T11:53:43.229415+00:00,eda0f6d7488b60850ccff13d513d2eda55793bb9cba2645a1b5323e34be55528
nmmt_vehicle_550_20260918,550,550,567789103,9762,4170,6,181875651,Running,skipped,16:38:10,16:38:10,2026-09-18T16:38:10,16:38:10,,False,True,16:30,18:15,18-09-2026 17:11:49,1,operator_reported_trip_stop,2026-09-18T11:53:43.229415+00:00,eda0f6d7488b60850ccff13d513d2eda55793bb9cba2645a1b5323e34be55528
nmmt_vehicle_550_20260918,550,550,567789103,9762,4213,7,181875652,Running,covered,16:39:20,16:39:20,2026-09-18T16:39:20,16:35:43,16:35:53,True,False,16:30,18:15,18-09-2026 17:11:49,1,operator_reported_trip_stop,2026-09-18T11:53:43.229415+00:00,eda0f6d7488b60850ccff13d513d2eda55793bb9cba2645a1b5323e34be55528
nmmt_vehicle_550_20260918,550,550,567789103,9762,2775,8,181875653,Running,covered,16:40:30,16:40:30,2026-09-18T16:40:30,16:36:28,16:37:33,True,False,16:30,18:15,18-09-2026 17:11:49,1,operator_reported_trip_stop,2026-09-18T11:53:43.229415+00:00,eda0f6d7488b60850ccff13d513d2eda55793bb9cba2645a1b5323e34be55528
nmmt_vehicle_550_20260918,550,550,567789103,9762,4971,9,181875654,Running,skipped,16:41:40,16:41:40,2026-09-18T16:41:40,16:39:38,,False,False,16:30,18:15,18-09-2026 17:11:49,1,operator_reported_trip_stop,2026-09-18T11:53:43.229415+00:00,eda0f6d7488b60850ccff13d513d2eda55793bb9cba2645a1b5323e34be55528
nmmt_vehicle_550_20260918,550,550,567789103,9762,4794,10,181875655,Running,skipped,16:44:00,16:44:00,2026-09-18T16:44:00,16:41:48,16:41:58,False,False,16:30,18:15,18-09-2026 17:11:49,1,operator_reported_trip_stop,2026-09-18T11:53:43.229415+00:00,eda0f6d7488b60850ccff13d513d2eda55793bb9cba2645a1b5323e34be55528
nmmt_vehicle_550_20260918,550,550,567789103,9762,4889,11,181875656,Running,skipped,16:45:10,16:45:10,2026-09-18T16:45:10,16:42:23,16:43:08,False,False,16:30,18:15,18-09-2026 17:11:49,1,operator_reported_trip_stop,2026-09-18T11:53:43.229415+00:00,eda0f6d7488b60850ccff13d513d2eda55793bb9cba2645a1b5323e34be55528
nmmt_vehicle_550_20260918,550,550,567789103,9762,4795,12,181875657,Running,skipped,16:46:20,16:46:20,2026-09-18T16:46:20,16:43:08,16:43:38,False,False,16:30,18:15,18-09-2026 17:11:49,1,operator_reported_trip_stop,2026-09-18T11:53:43.229415+00:00,eda0f6d7488b60850ccff13d513d2eda55793bb9cba2645a1b5323e34be55528
nmmt_vehicle_550_20260918,550,550,567789103,9762,4909,13,181875658,Running,skipped,16:47:30,16:47:30,2026-09-18T16:47:30,16:44:14,,False,False,16:30,18:15,18-09-2026 17:11:49,1,operator_reported_trip_stop,2026-09-18T11:53:43.229415+00:00,eda0f6d7488b60850ccff13d513d2eda55793bb9cba2645a1b5323e34be55528
nmmt_vehicle_550_20260918,550,550,567789103,9762,5195,14,181875659,Running,skipped,16:49:50,16:49:50,2026-09-18T16:49:50,16:46:02,,False,False,16:30,18:15,18-09-2026 17:11:49,1,operator_reported_trip_stop,2026-09-18T11:53:43.229415+00:00,eda0f6d7488b60850ccff13d513d2eda55793bb9cba2645a1b5323e34be55528
nmmt_vehicle_550_20260918,550,550,567789103,9762,5196,15,181875660,Running,skipped,16:52:10,16:52:10,2026-09-18T16:52:10,16:46:08,16:46:53,False,False,16:30,18:15,18-09-2026 17:11:49,1,operator_reported_trip_stop,2026-09-18T11:53:43.229415+00:00,eda0f6d7488b60850ccff13d513d2eda55793bb9cba2645a1b5323e34be55528
nmmt_vehicle_550_20260918,550,550,567789103,9762,5197,16,181875661,Running,skipped,16:53:20,16:53:20,2026-09-18T16:53:20,16:46:53,16:49:08,False,False,16:30,18:15,18-09-2026 17:11:49,1,operator_reported_trip_stop,2026-09-18T11:53:43.229415+00:00,eda0f6d7488b60850ccff13d513d2eda55793bb9cba2645a1b5323e34be55528
nmmt_vehicle_550_20260918,550,550,567789103,9762,5198,17,181875662,Running,skipped,16:54:30,16:54:30,2026-09-18T16:54:30,16:48:03,,False,False,16:30,18:15,18-09-2026 17:11:49,1,operator_reported_trip_stop,2026-09-18T11:53:43.229415+00:00,eda0f6d7488b60850ccff13d513d2eda55793bb9cba2645a1b5323e34be55528
nmmt_vehicle_550_20260918,550,550,567789103,9762,5199,18,181875663,Running,skipped,16:55:40,16:55:40,2026-09-18T16:55:40,16:48:30,,False,False,16:30,18:15,18-09-2026 17:11:49,1,operator_reported_trip_stop,2026-09-18T11:53:43.229415+00:00,eda0f6d7488b60850ccff13d513d2eda55793bb9cba2645a1b5323e34be55528
nmmt_vehicle_550_20260918,550,550,567789103,9762,5200,19,181875664,Running,skipped,16:56:50,16:56:50,2026-09-18T16:56:50,16:48:44,,False,False,16:30,18:15,18-09-2026 17:11:49,1,operator_reported_trip_stop,2026-09-18T11:53:43.229415+00:00,eda0f6d7488b60850ccff13d513d2eda55793bb9cba2645a1b5323e34be55528
nmmt_vehicle_550_20260918,550,550,567789103,9762,5187,20,181875665,Running,skipped,16:59:10,16:59:10,2026-09-18T16:59:10,16:49:08,16:49:43,False,False,16:30,18:15,18-09-2026 17:11:49,1,operator_reported_trip_stop,2026-09-18T11:53:43.229415+00:00,eda0f6d7488b60850ccff13d513d2eda55793bb9cba2645a1b5323e34be55528
nmmt_vehicle_550_20260918,550,550,567789103,9762,5201,21,181875666,Running,skipped,17:01:30,17:01:30,2026-09-18T17:01:30,16:50:03,16:50:08,False,False,16:30,18:15,18-09-2026 17:11:49,1,operator_reported_trip_stop,2026-09-18T11:53:43.229415+00:00,eda0f6d7488b60850ccff13d513d2eda55793bb9cba2645a1b5323e34be55528
nmmt_vehicle_550_20260918,550,550,567789103,9762,5202,22,181875667,Running,skipped,17:02:40,17:02:40,2026-09-18T17:02:40,16:50:53,,False,False,16:30,18:15,18-09-2026 17:11:49,1,operator_reported_trip_stop,2026-09-18T11:53:43.229415+00:00,eda0f6d7488b60850ccff13d513d2eda55793bb9cba2645a1b5323e34be55528
nmmt_vehicle_550_20260918,550,550,567789103,9762,5188,23,181875668,Running,skipped,17:03:50,17:03:50,2026-09-18T17:03:50,16:51:03,16:51:33,False,False,16:30,18:15,18-09-2026 17:11:49,1,operator_reported_trip_stop,2026-09-18T11:53:43.229415+00:00,eda0f6d7488b60850ccff13d513d2eda55793bb9cba2645a1b5323e34be55528
nmmt_vehicle_550_20260918,550,550,567789103,9762,5203,24,181875669,Running,skipped,17:05:00,17:05:00,2026-09-18T17:05:00,16:51:38,16:52:38,False,False,16:30,18:15,18-09-2026 17:11:49,1,operator_reported_trip_stop,2026-09-18T11:53:43.229415+00:00,eda0f6d7488b60850ccff13d513d2eda55793bb9cba2645a1b5323e34be55528
nmmt_vehicle_550_20260918,550,550,567789103,9762,5204,25,181875670,Running,skipped,17:06:10,17:06:10,2026-09-18T17:06:10,16:52:54,,False,False,16:30,18:15,18-09-2026 17:11:49,1,operator_reported_trip_stop,2026-09-18T11:53:43.229415+00:00,eda0f6d7488b60850ccff13d513d2eda55793bb9cba2645a1b5323e34be55528
nmmt_vehicle_550_20260918,550,550,567789103,9762,5189,26,181875671,Running,skipped,17:07:20,17:07:20,2026-09-18T17:07:20,16:54:04,,False,False,16:30,18:15,18-09-2026 17:11:49,1,operator_reported_trip_stop,2026-09-18T11:53:43.229415+00:00,eda0f6d7488b60850ccff13d513d2eda55793bb9cba2645a1b5323e34be55528
nmmt_vehicle_550_20260918,550,550,567789103,9762,5205,27,181875672,Running,skipped,17:08:30,17:08:30,2026-09-18T17:08:30,16:53:58,16:54:58,False,False,16:30,18:15,18-09-2026 17:11:49,1,operator_reported_trip_stop,2026-09-18T11:53:43.229415+00:00,eda0f6d7488b60850ccff13d513d2eda55793bb9cba2645a1b5323e34be55528
nmmt_vehicle_550_20260918,550,550,567789103,9762,5206,28,181875673,Running,skipped,17:10:50,17:10:50,2026-09-18T17:10:50,16:54:58,16:55:03,False,False,16:30,18:15,18-09-2026 17:11:49,1,operator_reported_trip_stop,2026-09-18T11:53:43.229415+00:00,eda0f6d7488b60850ccff13d513d2eda55793bb9cba2645a1b5323e34be55528
nmmt_vehicle_550_20260918,550,550,567789103,9762,5191,29,181875674,Running,skipped,17:13:10,17:13:10,2026-09-18T17:13:10,16:55:03,16:56:28,False,False,16:30,18:15,18-09-2026 17:11:49,1,operator_reported_trip_stop,2026-09-18T11:53:43.229415+00:00,eda0f6d7488b60850ccff13d513d2eda55793bb9cba2645a1b5323e34be55528
nmmt_vehicle_550_20260918,550,550,567789103,9762,5207,30,181875675,Running,skipped,17:14:20,17:14:20,2026-09-18T17:14:20,16:56:06,,False,False,16:30,18:15,18-09-2026 17:11:49,1,operator_reported_trip_stop,2026-09-18T11:53:43.229415+00:00,eda0f6d7488b60850ccff13d513d2eda55793bb9cba2645a1b5323e34be55528
nmmt_vehicle_550_20260918,550,550,567789103,9762,5208,31,181875676,Running,skipped,17:16:40,17:16:40,2026-09-18T17:16:40,16:56:43,16:57:33,False,False,16:30,18:15,18-09-2026 17:11:49,1,operator_reported_trip_stop,2026-09-18T11:53:43.229415+00:00,eda0f6d7488b60850ccff13d513d2eda55793bb9cba2645a1b5323e34be55528
nmmt_vehicle_550_20260918,550,550,567789103,9762,5190,32,181875677,Running,covered,17:17:50,17:17:50,2026-09-18T17:17:50,16:57:38,16:58:18,True,False,16:30,18:15,18-09-2026 17:11:49,1,operator_reported_trip_stop,2026-09-18T11:53:43.229415+00:00,eda0f6d7488b60850ccff13d513d2eda55793bb9cba2645a1b5323e34be55528
nmmt_vehicle_550_20260918,550,550,567789103,9762,5209,33,181875678,Running,skipped,17:19:00,17:19:00,2026-09-18T17:19:00,16:58:33,16:59:28,False,False,16:30,18:15,18-09-2026 17:11:49,1,operator_reported_trip_stop,2026-09-18T11:53:43.229415+00:00,eda0f6d7488b60850ccff13d513d2eda55793bb9cba2645a1b5323e34be55528
nmmt_vehicle_550_20260918,550,550,567789103,9762,5212,34,181875679,Running,skipped,17:21:20,17:21:20,2026-09-18T17:21:20,16:59:28,16:59:48,False,False,16:30,18:15,18-09-2026 17:11:49,1,operator_reported_trip_stop,2026-09-18T11:53:43.229415+00:00,eda0f6d7488b60850ccff13d513d2eda55793bb9cba2645a1b5323e34be55528
nmmt_vehicle_550_20260918,550,550,567789103,9762,5213,35,181875680,Running,skipped,17:22:30,17:22:30,2026-09-18T17:22:30,17:00:48,,False,False,16:30,18:15,18-09-2026 17:11:49,1,operator_reported_trip_stop,2026-09-18T11:53:43.229415+00:00,eda0f6d7488b60850ccff13d513d2eda55793bb9cba2645a1b5323e34be55528
nmmt_vehicle_550_20260918,550,550,567789103,9762,5214,36,181875681,Running,skipped,17:23:40,17:23:40,2026-09-18T17:23:40,17:02:03,,False,False,16:30,18:15,18-09-2026 17:11:49,1,operator_reported_trip_stop,2026-09-18T11:53:43.229415+00:00,eda0f6d7488b60850ccff13d513d2eda55793bb9cba2645a1b5323e34be55528
nmmt_vehicle_550_20260918,550,550,567789103,9762,5215,37,181875682,Running,skipped,17:24:50,17:24:50,2026-09-18T17:24:50,17:02:53,,False,False,16:30,18:15,18-09-2026 17:11:49,1,operator_reported_trip_stop,2026-09-18T11:53:43.229415+00:00,eda0f6d7488b60850ccff13d513d2eda55793bb9cba2645a1b5323e34be55528
nmmt_vehicle_550_20260918,550,550,567789103,9762,5216,38,181875683,Running,skipped,17:26:00,17:26:00,2026-09-18T17:26:00,17:03:38,17:04:18,False,False,16:30,18:15,18-09-2026 17:11:49,1,operator_reported_trip_stop,2026-09-18T11:53:43.229415+00:00,eda0f6d7488b60850ccff13d513d2eda55793bb9cba2645a1b5323e34be55528
nmmt_vehicle_550_20260918,550,550,567789103,9762,5210,39,181875684,Running,skipped,17:27:10,17:27:10,2026-09-18T17:27:10,17:04:23,17:05:08,False,False,16:30,18:15,18-09-2026 17:11:49,1,operator_reported_trip_stop,2026-09-18T11:53:43.229415+00:00,eda0f6d7488b60850ccff13d513d2eda55793bb9cba2645a1b5323e34be55528
nmmt_vehicle_550_20260918,550,550,567789103,9762,5211,40,181875685,Running,skipped,17:28:20,17:28:20,2026-09-18T17:28:20,17:05:08,17:05:18,False,False,16:30,18:15,18-09-2026 17:11:49,1,operator_reported_trip_stop,2026-09-18T11:53:43.229415+00:00,eda0f6d7488b60850ccff13d513d2eda55793bb9cba2645a1b5323e34be55528
nmmt_vehicle_550_20260918,550,550,567789103,9762,5192,41,181875686,Running,skipped,17:30:40,17:30:40,2026-09-18T17:30:40,17:05:44,17:06:34,False,False,16:30,18:15,18-09-2026 17:11:49,1,operator_reported_trip_stop,2026-09-18T11:53:43.229415+00:00,eda0f6d7488b60850ccff13d513d2eda55793bb9cba2645a1b5323e34be55528
nmmt_vehicle_550_20260918,550,550,567789103,9762,5175,42,181875687,Running,upcoming,17:51:40,17:51:40,2026-09-18T17:51:40,17:51:40,,False,True,16:30,18:15,18-09-2026 17:11:49,1,operator_reported_trip_stop,2026-09-18T11:53:43.229415+00:00,eda0f6d7488b60850ccff13d513d2eda55793bb9cba2645a1b5323e34be55528
nmmt_vehicle_550_20260918,550,550,567789103,9762,2800,43,181875688,Running,upcoming,17:52:50,17:52:50,2026-09-18T17:52:50,17:52:50,,False,True,16:30,18:15,18-09-2026 17:11:49,1,operator_reported_trip_stop,2026-09-18T11:53:43.229415+00:00,eda0f6d7488b60850ccff13d513d2eda55793bb9cba2645a1b5323e34be55528
nmmt_vehicle_550_20260918,550,550,567789103,9762,2797,44,181875689,Running,upcoming,17:54:00,17:54:00,2026-09-18T17:54:00,17:54:00,,False,True,16:30,18:15,18-09-2026 17:11:49,1,operator_reported_trip_stop,2026-09-18T11:53:43.229415+00:00,eda0f6d7488b60850ccff13d513d2eda55793bb9cba2645a1b5323e34be55528
nmmt_vehicle_550_20260918,550,550,567789103,9762,2795,45,181875690,Running,upcoming,17:55:10,17:55:10,2026-09-18T17:55:10,17:55:10,,False,True,16:30,18:15,18-09-2026 17:11:49,1,operator_reported_trip_stop,2026-09-18T11:53:43.229415+00:00,eda0f6d7488b60850ccff13d513d2eda55793bb9cba2645a1b5323e34be55528
nmmt_vehicle_550_20260918,550,550,567789103,9762,2793,46,181875691,Running,upcoming,17:57:30,17:57:30,2026-09-18T17:57:30,17:57:30,,False,True,16:30,18:15,18-09-2026 17:11:49,1,operator_reported_trip_stop,2026-09-18T11:53:43.229415+00:00,eda0f6d7488b60850ccff13d513d2eda55793bb9cba2645a1b5323e34be55528
nmmt_vehicle_550_20260918,550,550,567789103,9762,2790,47,181875692,Running,upcoming,17:58:40,17:58:40,2026-09-18T17:58:40,17:58:40,,False,True,16:30,18:15,18-09-2026 17:11:49,1,operator_reported_trip_stop,2026-09-18T11:53:43.229415+00:00,eda0f6d7488b60850ccff13d513d2eda55793bb9cba2645a1b5323e34be55528
nmmt_vehicle_550_20260918,550,550,567789103,9762,2789,48,181875693,Running,upcoming,17:59:50,17:59:50,2026-09-18T17:59:50,17:59:50,,False,True,16:30,18:15,18-09-2026 17:11:49,1,operator_reported_trip_stop,2026-09-18T11:53:43.229415+00:00,eda0f6d7488b60850ccff13d513d2eda55793bb9cba2645a1b5323e34be55528
nmmt_vehicle_550_20260918,550,550,567789103,9762,2788,49,181875694,Running,upcoming,18:01:00,18:01:00,2026-09-18T18:01:00,18:01:00,,False,True,16:30,18:15,18-09-2026 17:11:49,1,operator_reported_trip_stop,2026-09-18T11:53:43.229415+00:00,eda0f6d7488b60850ccff13d513d2eda55793bb9cba2645a1b5323e34be55528
nmmt_vehicle_550_20260918,550,550,567789103,9762,2787,50,181875695,Running,upcoming,18:02:10,18:02:10,2026-09-18T18:02:10,18:02:10,,False,True,16:30,18:15,18-09-2026 17:11:49,1,operator_reported_trip_stop,2026-09-18T11:53:43.229415+00:00,eda0f6d7488b60850ccff13d513d2eda55793bb9cba2645a1b5323e34be55528
nmmt_vehicle_550_20260918,550,550,567789103,9762,2786,51,181875696,Running,upcoming,18:03:20,18:03:20,2026-09-18T18:03:20,18:03:20,,False,True,16:30,18:15,18-09-2026 17:11:49,1,operator_reported_trip_stop,2026-09-18T11:53:43.229415+00:00,eda0f6d7488b60850ccff13d513d2eda55793bb9cba2645a1b5323e34be55528
nmmt_vehicle_550_20260918,550,550,567789103,9762,2785,52,181875697,Running,upcoming,18:04:30,18:04:30,2026-09-18T18:04:30,18:04:30,,False,True,16:30,18:15,18-09-2026 17:11:49,1,operator_reported_trip_stop,2026-09-18T11:53:43.229415+00:00,eda0f6d7488b60850ccff13d513d2eda55793bb9cba2645a1b5323e34be55528
nmmt_vehicle_550_20260918,550,550,567789103,9762,2835,53,181875698,Running,upcoming,18:05:40,18:05:40,2026-09-18T18:05:40,18:05:40,,False,True,16:30,18:15,18-09-2026 17:11:49,1,operator_reported_trip_stop,2026-09-18T11:53:43.229415+00:00,eda0f6d7488b60850ccff13d513d2eda55793bb9cba2645a1b5323e34be55528
nmmt_vehicle_550_20260918,550,550,567789103,9762,2834,54,181875699,Running,upcoming,18:06:50,18:06:50,2026-09-18T18:06:50,18:06:50,,False,True,16:30,18:15,18-09-2026 17:11:49,1,operator_reported_trip_stop,2026-09-18T11:53:43.229415+00:00,eda0f6d7488b60850ccff13d513d2eda55793bb9cba2645a1b5323e34be55528
nmmt_vehicle_550_20260918,550,550,567789103,9762,2782,55,181875700,Running,upcoming,18:08:00,18:08:00,2026-09-18T18:08:00,18:08:00,,False,True,16:30,18:15,18-09-2026 17:11:49,1,operator_reported_trip_stop,2026-09-18T11:53:43.229415+00:00,eda0f6d7488b60850ccff13d513d2eda55793bb9cba2645a1b5323e34be55528
nmmt_vehicle_550_20260918,550,550,567789103,9762,2781,56,181875701,Running,upcoming,18:09:10,18:09:10,2026-09-18T18:09:10,18:09:10,,False,True,16:30,18:15,18-09-2026 17:11:49,1,operator_reported_trip_stop,2026-09-18T11:53:43.229415+00:00,eda0f6d7488b60850ccff13d513d2eda55793bb9cba2645a1b5323e34be55528
nmmt_vehicle_550_20260918,550,550,567789103,9762,3716,57,181875702,Running,upcoming,18:10:20,18:10:20,2026-09-18T18:10:20,18:10:20,,False,True,16:30,18:15,18-09-2026 17:11:49,1,operator_reported_trip_stop,2026-09-18T11:53:43.229415+00:00,eda0f6d7488b60850ccff13d513d2eda55793bb9cba2645a1b5323e34be55528
nmmt_vehicle_550_20260918,550,550,567789103,9762,2780,58,181875703,Running,upcoming,18:11:30,18:11:30,2026-09-18T18:11:30,18:11:30,,False,True,16:30,18:15,18-09-2026 17:11:49,1,operator_reported_trip_stop,2026-09-18T11:53:43.229415+00:00,eda0f6d7488b60850ccff13d513d2eda55793bb9cba2645a1b5323e34be55528
nmmt_vehicle_550_20260918,550,550,567789103,9762,2779,59,181875704,Running,upcoming,18:12:40,18:12:40,2026-09-18T18:12:40,18:12:40,,False,True,16:30,18:15,18-09-2026 17:11:49,1,operator_reported_trip_stop,2026-09-18T11:53:43.229415+00:00,eda0f6d7488b60850ccff13d513d2eda55793bb9cba2645a1b5323e34be55528
nmmt_vehicle_550_20260918,550,550,567789103,9762,2778,60,181875705,Running,upcoming,18:13:50,18:13:50,2026-09-18T18:13:50,18:13:50,,False,True,16:30,18:15,18-09-2026 17:11:49,1,operator_reported_trip_stop,2026-09-18T11:53:43.229415+00:00,eda0f6d7488b60850ccff13d513d2eda55793bb9cba2645a1b5323e34be55528
nmmt_vehicle_550_20260918,550,550,567789103,9762,2777,61,181875706,Running,upcoming,18:15:00,18:15:00,2026-09-18T18:15:00,18:15:00,,False,True,16:30,18:15,18-09-2026 17:11:49,1,operator_reported_trip_stop,2026-09-18T11:53:43.229415+00:00,eda0f6d7488b60850ccff13d513d2eda55793bb9cba2645a1b5323e34be55528
nmmt_vehicle_556_20260918,556,556,567789097,9762,2771,1,181875441,Running,covered,16:15:00,16:15:00,2026-09-18T16:15:00,16:13:14,16:13:24,True,False,16:15,17:57,18-09-2026 17:23:24,1,operator_reported_trip_stop,2026-09-18T11:53:43.855815+00:00,a347295a9791357b0b2d725f7a62d7e705f910ef59aae2cc1e01e56f48f83f95
nmmt_vehicle_556_20260918,556,556,567789097,9762,4174,2,181875442,Running,skipped,16:16:08,16:16:08,2026-09-18T16:16:08,16:14:14,16:14:24,False,False,16:15,17:57,18-09-2026 17:23:24,1,operator_reported_trip_stop,2026-09-18T11:53:43.855815+00:00,a347295a9791357b0b2d725f7a62d7e705f910ef59aae2cc1e01e56f48f83f95
nmmt_vehicle_556_20260918,556,556,567789097,9762,4173,3,181875443,Running,covered,16:17:16,16:17:16,2026-09-18T16:17:16,16:15:54,16:17:04,True,False,16:15,17:57,18-09-2026 17:23:24,1,operator_reported_trip_stop,2026-09-18T11:53:43.855815+00:00,a347295a9791357b0b2d725f7a62d7e705f910ef59aae2cc1e01e56f48f83f95
nmmt_vehicle_556_20260918,556,556,567789097,9762,4172,4,181875444,Running,skipped,16:18:24,16:18:24,2026-09-18T16:18:24,16:17:19,16:17:29,False,False,16:15,17:57,18-09-2026 17:23:24,1,operator_reported_trip_stop,2026-09-18T11:53:43.855815+00:00,a347295a9791357b0b2d725f7a62d7e705f910ef59aae2cc1e01e56f48f83f95
nmmt_vehicle_556_20260918,556,556,567789097,9762,4171,5,181875445,Running,skipped,16:20:40,16:20:40,2026-09-18T16:20:40,16:19:06,,False,False,16:15,17:57,18-09-2026 17:23:24,1,operator_reported_trip_stop,2026-09-18T11:53:43.855815+00:00,a347295a9791357b0b2d725f7a62d7e705f910ef59aae2cc1e01e56f48f83f95
nmmt_vehicle_556_20260918,556,556,567789097,9762,4170,6,181875446,Running,covered,16:22:56,16:22:56,2026-09-18T16:22:56,16:19:54,16:20:14,True,False,16:15,17:57,18-09-2026 17:23:24,1,operator_reported_trip_stop,2026-09-18T11:53:43.855815+00:00,a347295a9791357b0b2d725f7a62d7e705f910ef59aae2cc1e01e56f48f83f95
nmmt_vehicle_556_20260918,556,556,567789097,9762,4213,7,181875447,Running,skipped,16:24:04,16:24:04,2026-09-18T16:24:04,16:21:11,,False,False,16:15,17:57,18-09-2026 17:23:24,1,operator_reported_trip_stop,2026-09-18T11:53:43.855815+00:00,a347295a9791357b0b2d725f7a62d7e705f910ef59aae2cc1e01e56f48f83f95
nmmt_vehicle_556_20260918,556,556,567789097,9762,2775,8,181875448,Running,covered,16:25:12,16:25:12,2026-09-18T16:25:12,16:21:29,16:22:49,True,False,16:15,17:57,18-09-2026 17:23:24,1,operator_reported_trip_stop,2026-09-18T11:53:43.855815+00:00,a347295a9791357b0b2d725f7a62d7e705f910ef59aae2cc1e01e56f48f83f95
nmmt_vehicle_556_20260918,556,556,567789097,9762,4971,9,181875449,Running,skipped,16:26:20,16:26:20,2026-09-18T16:26:20,16:22:49,16:23:04,False,False,16:15,17:57,18-09-2026 17:23:24,1,operator_reported_trip_stop,2026-09-18T11:53:43.855815+00:00,a347295a9791357b0b2d725f7a62d7e705f910ef59aae2cc1e01e56f48f83f95
nmmt_vehicle_556_20260918,556,556,567789097,9762,4794,10,181875450,Running,covered,16:28:36,16:28:36,2026-09-18T16:28:36,16:24:24,16:24:34,True,False,16:15,17:57,18-09-2026 17:23:24,1,operator_reported_trip_stop,2026-09-18T11:53:43.855815+00:00,a347295a9791357b0b2d725f7a62d7e705f910ef59aae2cc1e01e56f48f83f95
nmmt_vehicle_556_20260918,556,556,567789097,9762,4889,11,181875451,Running,skipped,16:29:44,16:29:44,2026-09-18T16:29:44,16:27:14,16:28:34,False,False,16:15,17:57,18-09-2026 17:23:24,1,operator_reported_trip_stop,2026-09-18T11:53:43.855815+00:00,a347295a9791357b0b2d725f7a62d7e705f910ef59aae2cc1e01e56f48f83f95
nmmt_vehicle_556_20260918,556,556,567789097,9762,4795,12,181875452,Running,skipped,16:30:52,16:30:52,2026-09-18T16:30:52,16:28:34,16:28:44,False,False,16:15,17:57,18-09-2026 17:23:24,1,operator_reported_trip_stop,2026-09-18T11:53:43.855815+00:00,a347295a9791357b0b2d725f7a62d7e705f910ef59aae2cc1e01e56f48f83f95
nmmt_vehicle_556_20260918,556,556,567789097,9762,4909,13,181875453,Running,covered,16:32:00,16:32:00,2026-09-18T16:32:00,16:29:34,16:32:39,True,False,16:15,17:57,18-09-2026 17:23:24,1,operator_reported_trip_stop,2026-09-18T11:53:43.855815+00:00,a347295a9791357b0b2d725f7a62d7e705f910ef59aae2cc1e01e56f48f83f95
nmmt_vehicle_556_20260918,556,556,567789097,9762,5195,14,181875454,Running,skipped,16:34:16,16:34:16,2026-09-18T16:34:16,16:34:07,,False,False,16:15,17:57,18-09-2026 17:23:24,1,operator_reported_trip_stop,2026-09-18T11:53:43.855815+00:00,a347295a9791357b0b2d725f7a62d7e705f910ef59aae2cc1e01e56f48f83f95
nmmt_vehicle_556_20260918,556,556,567789097,9762,5196,15,181875455,Running,skipped,16:36:32,16:36:32,2026-09-18T16:36:32,16:35:28,,False,False,16:15,17:57,18-09-2026 17:23:24,1,operator_reported_trip_stop,2026-09-18T11:53:43.855815+00:00,a347295a9791357b0b2d725f7a62d7e705f910ef59aae2cc1e01e56f48f83f95
nmmt_vehicle_556_20260918,556,556,567789097,9762,5197,16,181875456,Running,skipped,16:37:40,16:37:40,2026-09-18T16:37:40,16:36:19,16:36:34,False,False,16:15,17:57,18-09-2026 17:23:24,1,operator_reported_trip_stop,2026-09-18T11:53:43.855815+00:00,a347295a9791357b0b2d725f7a62d7e705f910ef59aae2cc1e01e56f48f83f95
nmmt_vehicle_556_20260918,556,556,567789097,9762,5198,17,181875457,Running,skipped,16:38:48,16:38:48,2026-09-18T16:38:48,16:36:49,16:37:39,False,False,16:15,17:57,18-09-2026 17:23:24,1,operator_reported_trip_stop,2026-09-18T11:53:43.855815+00:00,a347295a9791357b0b2d725f7a62d7e705f910ef59aae2cc1e01e56f48f83f95
nmmt_vehicle_556_20260918,556,556,567789097,9762,5199,18,181875458,Running,skipped,16:39:56,16:39:56,2026-09-18T16:39:56,16:37:52,,False,False,16:15,17:57,18-09-2026 17:23:24,1,operator_reported_trip_stop,2026-09-18T11:53:43.855815+00:00,a347295a9791357b0b2d725f7a62d7e705f910ef59aae2cc1e01e56f48f83f95
nmmt_vehicle_556_20260918,556,556,567789097,9762,5200,19,181875459,Running,skipped,16:41:04,16:41:04,2026-09-18T16:41:04,16:37:39,16:38:19,False,False,16:15,17:57,18-09-2026 17:23:24,1,operator_reported_trip_stop,2026-09-18T11:53:43.855815+00:00,a347295a9791357b0b2d725f7a62d7e705f910ef59aae2cc1e01e56f48f83f95
nmmt_vehicle_556_20260918,556,556,567789097,9762,5187,20,181875460,Running,skipped,16:43:20,16:43:20,2026-09-18T16:43:20,16:38:19,16:39:14,False,False,16:15,17:57,18-09-2026 17:23:24,1,operator_reported_trip_stop,2026-09-18T11:53:43.855815+00:00,a347295a9791357b0b2d725f7a62d7e705f910ef59aae2cc1e01e56f48f83f95
nmmt_vehicle_556_20260918,556,556,567789097,9762,5201,21,181875461,Running,skipped,16:45:36,16:45:36,2026-09-18T16:45:36,16:39:14,16:39:39,False,False,16:15,17:57,18-09-2026 17:23:24,1,operator_reported_trip_stop,2026-09-18T11:53:43.855815+00:00,a347295a9791357b0b2d725f7a62d7e705f910ef59aae2cc1e01e56f48f83f95
nmmt_vehicle_556_20260918,556,556,567789097,9762,5202,22,181875462,Running,skipped,16:46:44,16:46:44,2026-09-18T16:46:44,16:40:09,,False,False,16:15,17:57,18-09-2026 17:23:24,1,operator_reported_trip_stop,2026-09-18T11:53:43.855815+00:00,a347295a9791357b0b2d725f7a62d7e705f910ef59aae2cc1e01e56f48f83f95
nmmt_vehicle_556_20260918,556,556,567789097,9762,5188,23,181875463,Running,skipped,16:47:52,16:47:52,2026-09-18T16:47:52,16:40:29,16:40:59,False,False,16:15,17:57,18-09-2026 17:23:24,1,operator_reported_trip_stop,2026-09-18T11:53:43.855815+00:00,a347295a9791357b0b2d725f7a62d7e705f910ef59aae2cc1e01e56f48f83f95
nmmt_vehicle_556_20260918,556,556,567789097,9762,5203,24,181875464,Running,skipped,16:49:00,16:49:00,2026-09-18T16:49:00,16:40:59,16:42:04,False,False,16:15,17:57,18-09-2026 17:23:24,1,operator_reported_trip_stop,2026-09-18T11:53:43.855815+00:00,a347295a9791357b0b2d725f7a62d7e705f910ef59aae2cc1e01e56f48f83f95
nmmt_vehicle_556_20260918,556,556,567789097,9762,5204,25,181875465,Running,skipped,16:50:08,16:50:08,2026-09-18T16:50:08,16:42:20,,False,False,16:15,17:57,18-09-2026 17:23:24,1,operator_reported_trip_stop,2026-09-18T11:53:43.855815+00:00,a347295a9791357b0b2d725f7a62d7e705f910ef59aae2cc1e01e56f48f83f95
nmmt_vehicle_556_20260918,556,556,567789097,9762,5189,26,181875466,Running,skipped,16:51:16,16:51:16,2026-09-18T16:51:16,16:43:38,,False,False,16:15,17:57,18-09-2026 17:23:24,1,operator_reported_trip_stop,2026-09-18T11:53:43.855815+00:00,a347295a9791357b0b2d725f7a62d7e705f910ef59aae2cc1e01e56f48f83f95
nmmt_vehicle_556_20260918,556,556,567789097,9762,5205,27,181875467,Running,skipped,16:52:24,16:52:24,2026-09-18T16:52:24,16:43:34,16:43:54,False,False,16:15,17:57,18-09-2026 17:23:24,1,operator_reported_trip_stop,2026-09-18T11:53:43.855815+00:00,a347295a9791357b0b2d725f7a62d7e705f910ef59aae2cc1e01e56f48f83f95
nmmt_vehicle_556_20260918,556,556,567789097,9762,5206,28,181875468,Running,skipped,16:54:40,16:54:40,2026-09-18T16:54:40,16:44:49,,False,False,16:15,17:57,18-09-2026 17:23:24,1,operator_reported_trip_stop,2026-09-18T11:53:43.855815+00:00,a347295a9791357b0b2d725f7a62d7e705f910ef59aae2cc1e01e56f48f83f95
nmmt_vehicle_556_20260918,556,556,567789097,9762,5191,29,181875469,Running,skipped,16:56:56,16:56:56,2026-09-18T16:56:56,16:45:35,,False,False,16:15,17:57,18-09-2026 17:23:24,1,operator_reported_trip_stop,2026-09-18T11:53:43.855815+00:00,a347295a9791357b0b2d725f7a62d7e705f910ef59aae2cc1e01e56f48f83f95
nmmt_vehicle_556_20260918,556,556,567789097,9762,5207,30,181875470,Running,skipped,16:58:04,16:58:04,2026-09-18T16:58:04,16:45:57,,False,False,16:15,17:57,18-09-2026 17:23:24,1,operator_reported_trip_stop,2026-09-18T11:53:43.855815+00:00,a347295a9791357b0b2d725f7a62d7e705f910ef59aae2cc1e01e56f48f83f95
nmmt_vehicle_556_20260918,556,556,567789097,9762,5208,31,181875471,Running,skipped,17:00:20,17:00:20,2026-09-18T17:00:20,16:46:43,,False,False,16:15,17:57,18-09-2026 17:23:24,1,operator_reported_trip_stop,2026-09-18T11:53:43.855815+00:00,a347295a9791357b0b2d725f7a62d7e705f910ef59aae2cc1e01e56f48f83f95
nmmt_vehicle_556_20260918,556,556,567789097,9762,5190,32,181875472,Running,skipped,17:01:28,17:01:28,2026-09-18T17:01:28,16:46:59,16:47:39,False,False,16:15,17:57,18-09-2026 17:23:24,1,operator_reported_trip_stop,2026-09-18T11:53:43.855815+00:00,a347295a9791357b0b2d725f7a62d7e705f910ef59aae2cc1e01e56f48f83f95
nmmt_vehicle_556_20260918,556,556,567789097,9762,5209,33,181875473,Running,covered,17:02:36,17:02:36,2026-09-18T17:02:36,16:47:54,16:49:09,True,False,16:15,17:57,18-09-2026 17:23:24,1,operator_reported_trip_stop,2026-09-18T11:53:43.855815+00:00,a347295a9791357b0b2d725f7a62d7e705f910ef59aae2cc1e01e56f48f83f95
nmmt_vehicle_556_20260918,556,556,567789097,9762,5212,34,181875474,Running,covered,17:04:52,17:04:52,2026-09-18T17:04:52,16:49:19,16:53:29,True,False,16:15,17:57,18-09-2026 17:23:24,1,operator_reported_trip_stop,2026-09-18T11:53:43.855815+00:00,a347295a9791357b0b2d725f7a62d7e705f910ef59aae2cc1e01e56f48f83f95
nmmt_vehicle_556_20260918,556,556,567789097,9762,5213,35,181875475,Running,skipped,17:06:00,17:06:00,2026-09-18T17:06:00,16:50:49,,False,False,16:15,17:57,18-09-2026 17:23:24,1,operator_reported_trip_stop,2026-09-18T11:53:43.855815+00:00,a347295a9791357b0b2d725f7a62d7e705f910ef59aae2cc1e01e56f48f83f95
nmmt_vehicle_556_20260918,556,556,567789097,9762,5214,36,181875476,Running,skipped,17:07:08,17:07:08,2026-09-18T17:07:08,16:52:21,,False,False,16:15,17:57,18-09-2026 17:23:24,1,operator_reported_trip_stop,2026-09-18T11:53:43.855815+00:00,a347295a9791357b0b2d725f7a62d7e705f910ef59aae2cc1e01e56f48f83f95
nmmt_vehicle_556_20260918,556,556,567789097,9762,5215,37,181875477,Running,skipped,17:08:16,17:08:16,2026-09-18T17:08:16,16:53:22,,False,False,16:15,17:57,18-09-2026 17:23:24,1,operator_reported_trip_stop,2026-09-18T11:53:43.855815+00:00,a347295a9791357b0b2d725f7a62d7e705f910ef59aae2cc1e01e56f48f83f95
nmmt_vehicle_556_20260918,556,556,567789097,9762,5216,38,181875478,Running,skipped,17:09:24,17:09:24,2026-09-18T17:09:24,16:54:53,,False,False,16:15,17:57,18-09-2026 17:23:24,1,operator_reported_trip_stop,2026-09-18T11:53:43.855815+00:00,a347295a9791357b0b2d725f7a62d7e705f910ef59aae2cc1e01e56f48f83f95
nmmt_vehicle_556_20260918,556,556,567789097,9762,5210,39,181875479,Running,skipped,17:10:32,17:10:32,2026-09-18T17:10:32,16:54:54,16:55:29,False,False,16:15,17:57,18-09-2026 17:23:24,1,operator_reported_trip_stop,2026-09-18T11:53:43.855815+00:00,a347295a9791357b0b2d725f7a62d7e705f910ef59aae2cc1e01e56f48f83f95
nmmt_vehicle_556_20260918,556,556,567789097,9762,5211,40,181875480,Running,skipped,17:11:40,17:11:40,2026-09-18T17:11:40,16:55:29,16:55:49,False,False,16:15,17:57,18-09-2026 17:23:24,1,operator_reported_trip_stop,2026-09-18T11:53:43.855815+00:00,a347295a9791357b0b2d725f7a62d7e705f910ef59aae2cc1e01e56f48f83f95
nmmt_vehicle_556_20260918,556,556,567789097,9762,5192,41,181875481,Running,skipped,17:13:56,17:13:56,2026-09-18T17:13:56,16:56:04,16:56:54,False,False,16:15,17:57,18-09-2026 17:23:24,1,operator_reported_trip_stop,2026-09-18T11:53:43.855815+00:00,a347295a9791357b0b2d725f7a62d7e705f910ef59aae2cc1e01e56f48f83f95
nmmt_vehicle_556_20260918,556,556,567789097,9762,5175,42,181875482,Running,skipped,17:34:20,17:34:20,2026-09-18T17:34:20,17:23:28,,False,False,16:15,17:57,18-09-2026 17:23:24,1,operator_reported_trip_stop,2026-09-18T11:53:43.855815+00:00,a347295a9791357b0b2d725f7a62d7e705f910ef59aae2cc1e01e56f48f83f95
nmmt_vehicle_556_20260918,556,556,567789097,9762,2800,43,181875483,Running,skipped,17:35:28,17:35:28,2026-09-18T17:35:28,17:23:48,,False,False,16:15,17:57,18-09-2026 17:23:24,1,operator_reported_trip_stop,2026-09-18T11:53:43.855815+00:00,a347295a9791357b0b2d725f7a62d7e705f910ef59aae2cc1e01e56f48f83f95
nmmt_vehicle_556_20260918,556,556,567789097,9762,2797,44,181875484,Running,skipped,17:36:36,17:36:36,2026-09-18T17:36:36,17:23:29,17:23:29,False,False,16:15,17:57,18-09-2026 17:23:24,1,operator_reported_trip_stop,2026-09-18T11:53:43.855815+00:00,a347295a9791357b0b2d725f7a62d7e705f910ef59aae2cc1e01e56f48f83f95
nmmt_vehicle_556_20260918,556,556,567789097,9762,2795,45,181875485,Running,upcoming,17:37:44,17:37:44,2026-09-18T17:37:44,17:37:44,,False,True,16:15,17:57,18-09-2026 17:23:24,1,operator_reported_trip_stop,2026-09-18T11:53:43.855815+00:00,a347295a9791357b0b2d725f7a62d7e705f910ef59aae2cc1e01e56f48f83f95
nmmt_vehicle_556_20260918,556,556,567789097,9762,2793,46,181875486,Running,upcoming,17:40:00,17:40:00,2026-09-18T17:40:00,17:40:00,,False,True,16:15,17:57,18-09-2026 17:23:24,1,operator_reported_trip_stop,2026-09-18T11:53:43.855815+00:00,a347295a9791357b0b2d725f7a62d7e705f910ef59aae2cc1e01e56f48f83f95
nmmt_vehicle_556_20260918,556,556,567789097,9762,2790,47,181875487,Running,upcoming,17:41:08,17:41:08,2026-09-18T17:41:08,17:41:08,,False,True,16:15,17:57,18-09-2026 17:23:24,1,operator_reported_trip_stop,2026-09-18T11:53:43.855815+00:00,a347295a9791357b0b2d725f7a62d7e705f910ef59aae2cc1e01e56f48f83f95
nmmt_vehicle_556_20260918,556,556,567789097,9762,2789,48,181875488,Running,upcoming,17:42:16,17:42:16,2026-09-18T17:42:16,17:42:16,,False,True,16:15,17:57,18-09-2026 17:23:24,1,operator_reported_trip_stop,2026-09-18T11:53:43.855815+00:00,a347295a9791357b0b2d725f7a62d7e705f910ef59aae2cc1e01e56f48f83f95
nmmt_vehicle_556_20260918,556,556,567789097,9762,2788,49,181875489,Running,upcoming,17:43:24,17:43:24,2026-09-18T17:43:24,17:43:24,,False,True,16:15,17:57,18-09-2026 17:23:24,1,operator_reported_trip_stop,2026-09-18T11:53:43.855815+00:00,a347295a9791357b0b2d725f7a62d7e705f910ef59aae2cc1e01e56f48f83f95
nmmt_vehicle_556_20260918,556,556,567789097,9762,2787,50,181875490,Running,upcoming,17:44:32,17:44:32,2026-09-18T17:44:32,17:44:32,,False,True,16:15,17:57,18-09-2026 17:23:24,1,operator_reported_trip_stop,2026-09-18T11:53:43.855815+00:00,a347295a9791357b0b2d725f7a62d7e705f910ef59aae2cc1e01e56f48f83f95
nmmt_vehicle_556_20260918,556,556,567789097,9762,2786,51,181875491,Running,upcoming,17:45:40,17:45:40,2026-09-18T17:45:40,17:45:40,,False,True,16:15,17:57,18-09-2026 17:23:24,1,operator_reported_trip_stop,2026-09-18T11:53:43.855815+00:00,a347295a9791357b0b2d725f7a62d7e705f910ef59aae2cc1e01e56f48f83f95
nmmt_vehicle_556_20260918,556,556,567789097,9762,2785,52,181875492,Running,upcoming,17:46:48,17:46:48,2026-09-18T17:46:48,17:46:48,,False,True,16:15,17:57,18-09-2026 17:23:24,1,operator_reported_trip_stop,2026-09-18T11:53:43.855815+00:00,a347295a9791357b0b2d725f7a62d7e705f910ef59aae2cc1e01e56f48f83f95
nmmt_vehicle_556_20260918,556,556,567789097,9762,2835,53,181875493,Running,upcoming,17:47:56,17:47:56,2026-09-18T17:47:56,17:47:56,,False,True,16:15,17:57,18-09-2026 17:23:24,1,operator_reported_trip_stop,2026-09-18T11:53:43.855815+00:00,a347295a9791357b0b2d725f7a62d7e705f910ef59aae2cc1e01e56f48f83f95
nmmt_vehicle_556_20260918,556,556,567789097,9762,2834,54,181875494,Running,upcoming,17:49:04,17:49:04,2026-09-18T17:49:04,17:49:04,,False,True,16:15,17:57,18-09-2026 17:23:24,1,operator_reported_trip_stop,2026-09-18T11:53:43.855815+00:00,a347295a9791357b0b2d725f7a62d7e705f910ef59aae2cc1e01e56f48f83f95
nmmt_vehicle_556_20260918,556,556,567789097,9762,2782,55,181875495,Running,upcoming,17:50:12,17:50:12,2026-09-18T17:50:12,17:50:12,,False,True,16:15,17:57,18-09-2026 17:23:24,1,operator_reported_trip_stop,2026-09-18T11:53:43.855815+00:00,a347295a9791357b0b2d725f7a62d7e705f910ef59aae2cc1e01e56f48f83f95
nmmt_vehicle_556_20260918,556,556,567789097,9762,2781,56,181875496,Running,upcoming,17:51:20,17:51:20,2026-09-18T17:51:20,17:51:20,,False,True,16:15,17:57,18-09-2026 17:23:24,1,operator_reported_trip_stop,2026-09-18T11:53:43.855815+00:00,a347295a9791357b0b2d725f7a62d7e705f910ef59aae2cc1e01e56f48f83f95
nmmt_vehicle_556_20260918,556,556,567789097,9762,3716,57,181875497,Running,upcoming,17:52:28,17:52:28,2026-09-18T17:52:28,17:52:28,,False,True,16:15,17:57,18-09-2026 17:23:24,1,operator_reported_trip_stop,2026-09-18T11:53:43.855815+00:00,a347295a9791357b0b2d725f7a62d7e705f910ef59aae2cc1e01e56f48f83f95
nmmt_vehicle_556_20260918,556,556,567789097,9762,2780,58,181875498,Running,upcoming,17:53:36,17:53:36,2026-09-18T17:53:36,17:53:36,,False,True,16:15,17:57,18-09-2026 17:23:24,1,operator_reported_trip_stop,2026-09-18T11:53:43.855815+00:00,a347295a9791357b0b2d725f7a62d7e705f910ef59aae2cc1e01e56f48f83f95
nmmt_vehicle_556_20260918,556,556,567789097,9762,2779,59,181875499,Running,upcoming,17:54:44,17:54:44,2026-09-18T17:54:44,17:54:44,,False,True,16:15,17:57,18-09-2026 17:23:24,1,operator_reported_trip_stop,2026-09-18T11:53:43.855815+00:00,a347295a9791357b0b2d725f7a62d7e705f910ef59aae2cc1e01e56f48f83f95
nmmt_vehicle_556_20260918,556,556,567789097,9762,2778,60,181875500,Running,upcoming,17:55:52,17:55:52,2026-09-18T17:55:52,17:55:52,,False,True,16:15,17:57,18-09-2026 17:23:24,1,operator_reported_trip_stop,2026-09-18T11:53:43.855815+00:00,a347295a9791357b0b2d725f7a62d7e705f910ef59aae2cc1e01e56f48f83f95
nmmt_vehicle_556_20260918,556,556,567789097,9762,2777,61,181875501,Running,upcoming,17:57:00,17:57:00,2026-09-18T17:57:00,17:57:00,,False,True,16:15,17:57,18-09-2026 17:23:24,1,operator_reported_trip_stop,2026-09-18T11:53:43.855815+00:00,a347295a9791357b0b2d725f7a62d7e705f910ef59aae2cc1e01e56f48f83f95
nmmt_vehicle_574_20260918,574,574,567803063,9696,3986,1,181955402,Running,covered,17:17:00,17:17:00,2026-09-18T17:17:00,17:17:22,17:17:32,True,False,17:17,17:59,18-09-2026 17:23:22,1,operator_reported_trip_stop,2026-09-18T11:53:45.060695+00:00,8c699b7fd254b0be2f1a17abc45d6cec695401328a10f2642799efba76e884b3
nmmt_vehicle_574_20260918,574,574,567803063,9696,5234,2,181955403,Running,skipped,17:18:12,17:18:12,2026-09-18T17:18:12,17:18:03,,False,False,17:17,17:59,18-09-2026 17:23:22,1,operator_reported_trip_stop,2026-09-18T11:53:45.060695+00:00,8c699b7fd254b0be2f1a17abc45d6cec695401328a10f2642799efba76e884b3
nmmt_vehicle_574_20260918,574,574,567803063,9696,5244,3,181955404,Running,skipped,17:19:24,17:19:24,2026-09-18T17:19:24,17:18:07,,False,False,17:17,17:59,18-09-2026 17:23:22,1,operator_reported_trip_stop,2026-09-18T11:53:45.060695+00:00,8c699b7fd254b0be2f1a17abc45d6cec695401328a10f2642799efba76e884b3
nmmt_vehicle_574_20260918,574,574,567803063,9696,5243,4,181955405,Running,skipped,17:20:36,17:20:36,2026-09-18T17:20:36,17:18:16,,False,False,17:17,17:59,18-09-2026 17:23:22,1,operator_reported_trip_stop,2026-09-18T11:53:45.060695+00:00,8c699b7fd254b0be2f1a17abc45d6cec695401328a10f2642799efba76e884b3
nmmt_vehicle_574_20260918,574,574,567803063,9696,5245,5,181955406,Running,skipped,17:21:48,17:21:48,2026-09-18T17:21:48,17:18:21,,False,False,17:17,17:59,18-09-2026 17:23:22,1,operator_reported_trip_stop,2026-09-18T11:53:45.060695+00:00,8c699b7fd254b0be2f1a17abc45d6cec695401328a10f2642799efba76e884b3
nmmt_vehicle_574_20260918,574,574,567803063,9696,5242,6,181955407,Running,skipped,17:23:00,17:23:00,2026-09-18T17:23:00,17:18:25,,False,False,17:17,17:59,18-09-2026 17:23:22,1,operator_reported_trip_stop,2026-09-18T11:53:45.060695+00:00,8c699b7fd254b0be2f1a17abc45d6cec695401328a10f2642799efba76e884b3
nmmt_vehicle_574_20260918,574,574,567803063,9696,5246,7,181955408,Running,skipped,17:24:12,17:24:12,2026-09-18T17:24:12,17:18:32,,False,False,17:17,17:59,18-09-2026 17:23:22,1,operator_reported_trip_stop,2026-09-18T11:53:45.060695+00:00,8c699b7fd254b0be2f1a17abc45d6cec695401328a10f2642799efba76e884b3
nmmt_vehicle_574_20260918,574,574,567803063,9696,3981,8,181955409,Running,skipped,17:25:24,17:25:24,2026-09-18T17:25:24,17:18:07,17:19:37,False,False,17:17,17:59,18-09-2026 17:23:22,1,operator_reported_trip_stop,2026-09-18T11:53:45.060695+00:00,8c699b7fd254b0be2f1a17abc45d6cec695401328a10f2642799efba76e884b3
nmmt_vehicle_574_20260918,574,574,567803063,9696,5241,9,181955410,Running,skipped,17:26:36,17:26:36,2026-09-18T17:26:36,17:20:05,,False,False,17:17,17:59,18-09-2026 17:23:22,1,operator_reported_trip_stop,2026-09-18T11:53:45.060695+00:00,8c699b7fd254b0be2f1a17abc45d6cec695401328a10f2642799efba76e884b3
nmmt_vehicle_574_20260918,574,574,567803063,9696,5105,10,181955411,Running,skipped,17:27:48,17:27:48,2026-09-18T17:27:48,17:19:57,17:20:07,False,False,17:17,17:59,18-09-2026 17:23:22,1,operator_reported_trip_stop,2026-09-18T11:53:45.060695+00:00,8c699b7fd254b0be2f1a17abc45d6cec695401328a10f2642799efba76e884b3
nmmt_vehicle_574_20260918,574,574,567803063,9696,5104,11,181955412,Running,skipped,17:29:00,17:29:00,2026-09-18T17:29:00,17:20:51,,False,False,17:17,17:59,18-09-2026 17:23:22,1,operator_reported_trip_stop,2026-09-18T11:53:45.060695+00:00,8c699b7fd254b0be2f1a17abc45d6cec695401328a10f2642799efba76e884b3
nmmt_vehicle_574_20260918,574,574,567803063,9696,3434,12,181955413,Running,covered,17:30:12,17:30:12,2026-09-18T17:30:12,17:20:57,17:21:17,True,False,17:17,17:59,18-09-2026 17:23:22,1,operator_reported_trip_stop,2026-09-18T11:53:45.060695+00:00,8c699b7fd254b0be2f1a17abc45d6cec695401328a10f2642799efba76e884b3
nmmt_vehicle_574_20260918,574,574,567803063,9696,3433,13,181955414,Running,skipped,17:31:24,17:31:24,2026-09-18T17:31:24,17:22:13,,False,False,17:17,17:59,18-09-2026 17:23:22,1,operator_reported_trip_stop,2026-09-18T11:53:45.060695+00:00,8c699b7fd254b0be2f1a17abc45d6cec695401328a10f2642799efba76e884b3
nmmt_vehicle_574_20260918,574,574,567803063,9696,3432,14,181955415,Running,skipped,17:32:36,17:32:36,2026-09-18T17:32:36,17:23:00,,False,False,17:17,17:59,18-09-2026 17:23:22,1,operator_reported_trip_stop,2026-09-18T11:53:45.060695+00:00,8c699b7fd254b0be2f1a17abc45d6cec695401328a10f2642799efba76e884b3
nmmt_vehicle_574_20260918,574,574,567803063,9696,3431,15,181955416,Running,covered,17:33:48,17:33:48,2026-09-18T17:33:48,17:23:17,17:23:17,True,False,17:17,17:59,18-09-2026 17:23:22,1,operator_reported_trip_stop,2026-09-18T11:53:45.060695+00:00,8c699b7fd254b0be2f1a17abc45d6cec695401328a10f2642799efba76e884b3
nmmt_vehicle_574_20260918,574,574,567803063,9696,3430,16,181955417,Running,upcoming,17:35:00,17:35:00,2026-09-18T17:35:00,17:35:00,,False,True,17:17,17:59,18-09-2026 17:23:22,1,operator_reported_trip_stop,2026-09-18T11:53:45.060695+00:00,8c699b7fd254b0be2f1a17abc45d6cec695401328a10f2642799efba76e884b3
nmmt_vehicle_574_20260918,574,574,567803063,9696,3435,17,181955418,Running,upcoming,17:36:12,17:36:12,2026-09-18T17:36:12,17:36:12,,False,True,17:17,17:59,18-09-2026 17:23:22,1,operator_reported_trip_stop,2026-09-18T11:53:45.060695+00:00,8c699b7fd254b0be2f1a17abc45d6cec695401328a10f2642799efba76e884b3
nmmt_vehicle_574_20260918,574,574,567803063,9696,3436,18,181955419,Running,upcoming,17:37:24,17:37:24,2026-09-18T17:37:24,17:37:24,,False,True,17:17,17:59,18-09-2026 17:23:22,1,operator_reported_trip_stop,2026-09-18T11:53:45.060695+00:00,8c699b7fd254b0be2f1a17abc45d6cec695401328a10f2642799efba76e884b3
nmmt_vehicle_574_20260918,574,574,567803063,9696,4597,19,181955420,Running,upcoming,17:38:36,17:38:36,2026-09-18T17:38:36,17:38:36,,False,True,17:17,17:59,18-09-2026 17:23:22,1,operator_reported_trip_stop,2026-09-18T11:53:45.060695+00:00,8c699b7fd254b0be2f1a17abc45d6cec695401328a10f2642799efba76e884b3
nmmt_vehicle_574_20260918,574,574,567803063,9696,3676,20,181955421,Running,upcoming,17:39:48,17:39:48,2026-09-18T17:39:48,17:39:48,,False,True,17:17,17:59,18-09-2026 17:23:22,1,operator_reported_trip_stop,2026-09-18T11:53:45.060695+00:00,8c699b7fd254b0be2f1a17abc45d6cec695401328a10f2642799efba76e884b3
nmmt_vehicle_574_20260918,574,574,567803063,9696,5028,21,181955422,Running,upcoming,17:41:00,17:41:00,2026-09-18T17:41:00,17:41:00,,False,True,17:17,17:59,18-09-2026 17:23:22,1,operator_reported_trip_stop,2026-09-18T11:53:45.060695+00:00,8c699b7fd254b0be2f1a17abc45d6cec695401328a10f2642799efba76e884b3
nmmt_vehicle_574_20260918,574,574,567803063,9696,5240,22,181955423,Running,upcoming,17:42:12,17:42:12,2026-09-18T17:42:12,17:42:12,,False,True,17:17,17:59,18-09-2026 17:23:22,1,operator_reported_trip_stop,2026-09-18T11:53:45.060695+00:00,8c699b7fd254b0be2f1a17abc45d6cec695401328a10f2642799efba76e884b3
nmmt_vehicle_574_20260918,574,574,567803063,9696,4651,23,181955424,Running,upcoming,17:43:24,17:43:24,2026-09-18T17:43:24,17:43:24,,False,True,17:17,17:59,18-09-2026 17:23:22,1,operator_reported_trip_stop,2026-09-18T11:53:45.060695+00:00,8c699b7fd254b0be2f1a17abc45d6cec695401328a10f2642799efba76e884b3
nmmt_vehicle_574_20260918,574,574,567803063,9696,4650,24,181955425,Running,upcoming,17:44:36,17:44:36,2026-09-18T17:44:36,17:44:36,,False,True,17:17,17:59,18-09-2026 17:23:22,1,operator_reported_trip_stop,2026-09-18T11:53:45.060695+00:00,8c699b7fd254b0be2f1a17abc45d6cec695401328a10f2642799efba76e884b3
nmmt_vehicle_574_20260918,574,574,567803063,9696,4649,25,181955426,Running,upcoming,17:45:48,17:45:48,2026-09-18T17:45:48,17:45:48,,False,True,17:17,17:59,18-09-2026 17:23:22,1,operator_reported_trip_stop,2026-09-18T11:53:45.060695+00:00,8c699b7fd254b0be2f1a17abc45d6cec695401328a10f2642799efba76e884b3
nmmt_vehicle_574_20260918,574,574,567803063,9696,4647,26,181955427,Running,upcoming,17:47:00,17:47:00,2026-09-18T17:47:00,17:47:00,,False,True,17:17,17:59,18-09-2026 17:23:22,1,operator_reported_trip_stop,2026-09-18T11:53:45.060695+00:00,8c699b7fd254b0be2f1a17abc45d6cec695401328a10f2642799efba76e884b3
nmmt_vehicle_574_20260918,574,574,567803063,9696,4646,27,181955428,Running,upcoming,17:47:00,17:47:00,2026-09-18T17:47:00,17:47:00,,False,True,17:17,17:59,18-09-2026 17:23:22,1,operator_reported_trip_stop,2026-09-18T11:53:45.060695+00:00,8c699b7fd254b0be2f1a17abc45d6cec695401328a10f2642799efba76e884b3
nmmt_vehicle_574_20260918,574,574,567803063,9696,4806,28,181955429,Running,upcoming,17:48:12,17:48:12,2026-09-18T17:48:12,17:48:12,,False,True,17:17,17:59,18-09-2026 17:23:22,1,operator_reported_trip_stop,2026-09-18T11:53:45.060695+00:00,8c699b7fd254b0be2f1a17abc45d6cec695401328a10f2642799efba76e884b3
nmmt_vehicle_574_20260918,574,574,567803063,9696,5239,29,181955430,Running,upcoming,17:49:24,17:49:24,2026-09-18T17:49:24,17:49:24,,False,True,17:17,17:59,18-09-2026 17:23:22,1,operator_reported_trip_stop,2026-09-18T11:53:45.060695+00:00,8c699b7fd254b0be2f1a17abc45d6cec695401328a10f2642799efba76e884b3
nmmt_vehicle_574_20260918,574,574,567803063,9696,5238,30,181955431,Running,upcoming,17:50:36,17:50:36,2026-09-18T17:50:36,17:50:36,,False,True,17:17,17:59,18-09-2026 17:23:22,1,operator_reported_trip_stop,2026-09-18T11:53:45.060695+00:00,8c699b7fd254b0be2f1a17abc45d6cec695401328a10f2642799efba76e884b3
nmmt_vehicle_574_20260918,574,574,567803063,9696,4587,31,181955432,Running,upcoming,17:48:12,17:48:12,2026-09-18T17:48:12,17:48:12,,False,True,17:17,17:59,18-09-2026 17:23:22,1,operator_reported_trip_stop,2026-09-18T11:53:45.060695+00:00,8c699b7fd254b0be2f1a17abc45d6cec695401328a10f2642799efba76e884b3
nmmt_vehicle_574_20260918,574,574,567803063,9696,4585,32,181955433,Running,upcoming,17:49:24,17:49:24,2026-09-18T17:49:24,17:49:24,,False,True,17:17,17:59,18-09-2026 17:23:22,1,operator_reported_trip_stop,2026-09-18T11:53:45.060695+00:00,8c699b7fd254b0be2f1a17abc45d6cec695401328a10f2642799efba76e884b3
nmmt_vehicle_574_20260918,574,574,567803063,9696,3334,33,181955434,Running,upcoming,17:50:36,17:50:36,2026-09-18T17:50:36,17:50:36,,False,True,17:17,17:59,18-09-2026 17:23:22,1,operator_reported_trip_stop,2026-09-18T11:53:45.060695+00:00,8c699b7fd254b0be2f1a17abc45d6cec695401328a10f2642799efba76e884b3
nmmt_vehicle_574_20260918,574,574,567803063,9696,4393,34,181955435,Running,upcoming,17:51:48,17:51:48,2026-09-18T17:51:48,17:51:48,,False,True,17:17,17:59,18-09-2026 17:23:22,1,operator_reported_trip_stop,2026-09-18T11:53:45.060695+00:00,8c699b7fd254b0be2f1a17abc45d6cec695401328a10f2642799efba76e884b3
nmmt_vehicle_574_20260918,574,574,567803063,9696,4387,35,181955436,Running,upcoming,17:53:00,17:53:00,2026-09-18T17:53:00,17:53:00,,False,True,17:17,17:59,18-09-2026 17:23:22,1,operator_reported_trip_stop,2026-09-18T11:53:45.060695+00:00,8c699b7fd254b0be2f1a17abc45d6cec695401328a10f2642799efba76e884b3
nmmt_vehicle_574_20260918,574,574,567803063,9696,2661,36,181955437,Running,upcoming,17:54:12,17:54:12,2026-09-18T17:54:12,17:54:12,,False,True,17:17,17:59,18-09-2026 17:23:22,1,operator_reported_trip_stop,2026-09-18T11:53:45.060695+00:00,8c699b7fd254b0be2f1a17abc45d6cec695401328a10f2642799efba76e884b3
nmmt_vehicle_574_20260918,574,574,567803063,9696,3445,37,181955438,Running,upcoming,17:55:24,17:55:24,2026-09-18T17:55:24,17:55:24,,False,True,17:17,17:59,18-09-2026 17:23:22,1,operator_reported_trip_stop,2026-09-18T11:53:45.060695+00:00,8c699b7fd254b0be2f1a17abc45d6cec695401328a10f2642799efba76e884b3
nmmt_vehicle_574_20260918,574,574,567803063,9696,3446,38,181955439,Running,upcoming,17:56:36,17:56:36,2026-09-18T17:56:36,17:56:36,,False,True,17:17,17:59,18-09-2026 17:23:22,1,operator_reported_trip_stop,2026-09-18T11:53:45.060695+00:00,8c699b7fd254b0be2f1a17abc45d6cec695401328a10f2642799efba76e884b3
nmmt_vehicle_574_20260918,574,574,567803063,9696,3447,39,181955440,Running,upcoming,17:57:48,17:57:48,2026-09-18T17:57:48,17:57:48,,False,True,17:17,17:59,18-09-2026 17:23:22,1,operator_reported_trip_stop,2026-09-18T11:53:45.060695+00:00,8c699b7fd254b0be2f1a17abc45d6cec695401328a10f2642799efba76e884b3
nmmt_vehicle_574_20260918,574,574,567803063,9696,3448,40,181955441,Running,upcoming,17:59:00,17:59:00,2026-09-18T17:59:00,17:59:00,,False,True,17:17,17:59,18-09-2026 17:23:22,1,operator_reported_trip_stop,2026-09-18T11:53:45.060695+00:00,8c699b7fd254b0be2f1a17abc45d6cec695401328a10f2642799efba76e884b3
nmmt_vehicle_576_20260918,576,576,567803070,9696,3986,1,181955682,Running,covered,15:56:00,15:56:00,2026-09-18T15:56:00,16:49:35,16:49:45,True,False,15:56,16:38,18-09-2026 17:23:12,1,operator_reported_trip_stop,2026-09-18T11:53:45.663873+00:00,8d7290ccd2338f549d15b52217608237b25496e78be7b92e406bc0482c40f515
nmmt_vehicle_576_20260918,576,576,567803070,9696,5234,2,181955683,Running,skipped,15:57:12,15:57:12,2026-09-18T15:57:12,16:52:35,,False,False,15:56,16:38,18-09-2026 17:23:12,1,operator_reported_trip_stop,2026-09-18T11:53:45.663873+00:00,8d7290ccd2338f549d15b52217608237b25496e78be7b92e406bc0482c40f515
nmmt_vehicle_576_20260918,576,576,567803070,9696,5244,3,181955684,Running,skipped,15:58:24,15:58:24,2026-09-18T15:58:24,16:53:36,,False,False,15:56,16:38,18-09-2026 17:23:12,1,operator_reported_trip_stop,2026-09-18T11:53:45.663873+00:00,8d7290ccd2338f549d15b52217608237b25496e78be7b92e406bc0482c40f515
nmmt_vehicle_576_20260918,576,576,567803070,9696,5243,4,181955685,Running,skipped,15:59:36,15:59:36,2026-09-18T15:59:36,16:55:36,,False,False,15:56,16:38,18-09-2026 17:23:12,1,operator_reported_trip_stop,2026-09-18T11:53:45.663873+00:00,8d7290ccd2338f549d15b52217608237b25496e78be7b92e406bc0482c40f515
nmmt_vehicle_576_20260918,576,576,567803070,9696,5245,5,181955686,Running,skipped,16:00:48,16:00:48,2026-09-18T16:00:48,16:56:36,,False,False,15:56,16:38,18-09-2026 17:23:12,1,operator_reported_trip_stop,2026-09-18T11:53:45.663873+00:00,8d7290ccd2338f549d15b52217608237b25496e78be7b92e406bc0482c40f515
nmmt_vehicle_576_20260918,576,576,567803070,9696,5242,6,181955687,Running,skipped,16:02:00,16:02:00,2026-09-18T16:02:00,16:57:37,,False,False,15:56,16:38,18-09-2026 17:23:12,1,operator_reported_trip_stop,2026-09-18T11:53:45.663873+00:00,8d7290ccd2338f549d15b52217608237b25496e78be7b92e406bc0482c40f515
nmmt_vehicle_576_20260918,576,576,567803070,9696,5246,7,181955688,Running,skipped,16:03:12,16:03:12,2026-09-18T16:03:12,16:59:07,,False,False,15:56,16:38,18-09-2026 17:23:12,1,operator_reported_trip_stop,2026-09-18T11:53:45.663873+00:00,8d7290ccd2338f549d15b52217608237b25496e78be7b92e406bc0482c40f515
nmmt_vehicle_576_20260918,576,576,567803070,9696,3981,8,181955689,Running,skipped,16:04:24,16:04:24,2026-09-18T16:04:24,16:59:38,17:00:23,False,False,15:56,16:38,18-09-2026 17:23:12,1,operator_reported_trip_stop,2026-09-18T11:53:45.663873+00:00,8d7290ccd2338f549d15b52217608237b25496e78be7b92e406bc0482c40f515
nmmt_vehicle_576_20260918,576,576,567803070,9696,5241,9,181955690,Running,covered,16:05:36,16:05:36,2026-09-18T16:05:36,17:00:43,17:01:18,True,False,15:56,16:38,18-09-2026 17:23:12,1,operator_reported_trip_stop,2026-09-18T11:53:45.663873+00:00,8d7290ccd2338f549d15b52217608237b25496e78be7b92e406bc0482c40f515
nmmt_vehicle_576_20260918,576,576,567803070,9696,5105,10,181955691,Running,covered,16:06:48,16:06:48,2026-09-18T16:06:48,17:01:53,17:02:38,True,False,15:56,16:38,18-09-2026 17:23:12,1,operator_reported_trip_stop,2026-09-18T11:53:45.663873+00:00,8d7290ccd2338f549d15b52217608237b25496e78be7b92e406bc0482c40f515
nmmt_vehicle_576_20260918,576,576,567803070,9696,5104,11,181955692,Running,skipped,16:08:00,16:08:00,2026-09-18T16:08:00,17:02:38,17:02:48,False,False,15:56,16:38,18-09-2026 17:23:12,1,operator_reported_trip_stop,2026-09-18T11:53:45.663873+00:00,8d7290ccd2338f549d15b52217608237b25496e78be7b92e406bc0482c40f515
nmmt_vehicle_576_20260918,576,576,567803070,9696,3434,12,181955693,Running,covered,16:09:12,16:09:12,2026-09-18T16:09:12,17:03:23,17:04:03,True,False,15:56,16:38,18-09-2026 17:23:12,1,operator_reported_trip_stop,2026-09-18T11:53:45.663873+00:00,8d7290ccd2338f549d15b52217608237b25496e78be7b92e406bc0482c40f515
nmmt_vehicle_576_20260918,576,576,567803070,9696,3433,13,181955694,Running,covered,16:10:24,16:10:24,2026-09-18T16:10:24,17:04:33,17:04:38,True,False,15:56,16:38,18-09-2026 17:23:12,1,operator_reported_trip_stop,2026-09-18T11:53:45.663873+00:00,8d7290ccd2338f549d15b52217608237b25496e78be7b92e406bc0482c40f515
nmmt_vehicle_576_20260918,576,576,567803070,9696,3432,14,181955695,Running,skipped,16:11:36,16:11:36,2026-09-18T16:11:36,17:05:53,,False,False,15:56,16:38,18-09-2026 17:23:12,1,operator_reported_trip_stop,2026-09-18T11:53:45.663873+00:00,8d7290ccd2338f549d15b52217608237b25496e78be7b92e406bc0482c40f515
nmmt_vehicle_576_20260918,576,576,567803070,9696,3431,15,181955696,Running,skipped,16:12:48,16:12:48,2026-09-18T16:12:48,17:06:43,,False,False,15:56,16:38,18-09-2026 17:23:12,1,operator_reported_trip_stop,2026-09-18T11:53:45.663873+00:00,8d7290ccd2338f549d15b52217608237b25496e78be7b92e406bc0482c40f515
nmmt_vehicle_576_20260918,576,576,567803070,9696,3430,16,181955697,Running,skipped,16:14:00,16:14:00,2026-09-18T16:14:00,17:07:34,,False,False,15:56,16:38,18-09-2026 17:23:12,1,operator_reported_trip_stop,2026-09-18T11:53:45.663873+00:00,8d7290ccd2338f549d15b52217608237b25496e78be7b92e406bc0482c40f515
nmmt_vehicle_576_20260918,576,576,567803070,9696,3435,17,181955698,Running,skipped,16:15:12,16:15:12,2026-09-18T16:15:12,17:08:49,,False,False,15:56,16:38,18-09-2026 17:23:12,1,operator_reported_trip_stop,2026-09-18T11:53:45.663873+00:00,8d7290ccd2338f549d15b52217608237b25496e78be7b92e406bc0482c40f515
nmmt_vehicle_576_20260918,576,576,567803070,9696,3436,18,181955699,Running,covered,16:16:24,16:16:24,2026-09-18T16:16:24,17:11:16,17:12:41,True,False,15:56,16:38,18-09-2026 17:23:12,1,operator_reported_trip_stop,2026-09-18T11:53:45.663873+00:00,8d7290ccd2338f549d15b52217608237b25496e78be7b92e406bc0482c40f515
nmmt_vehicle_576_20260918,576,576,567803070,9696,4597,19,181955700,Running,covered,16:17:36,16:17:36,2026-09-18T16:17:36,17:15:11,17:16:06,True,False,15:56,16:38,18-09-2026 17:23:12,1,operator_reported_trip_stop,2026-09-18T11:53:45.663873+00:00,8d7290ccd2338f549d15b52217608237b25496e78be7b92e406bc0482c40f515
nmmt_vehicle_576_20260918,576,576,567803070,9696,3676,20,181955701,Running,skipped,16:18:48,16:18:48,2026-09-18T16:18:48,17:18:06,,False,False,15:56,16:38,18-09-2026 17:23:12,1,operator_reported_trip_stop,2026-09-18T11:53:45.663873+00:00,8d7290ccd2338f549d15b52217608237b25496e78be7b92e406bc0482c40f515
nmmt_vehicle_576_20260918,576,576,567803070,9696,5028,21,181955702,Running,skipped,16:20:00,16:20:00,2026-09-18T16:20:00,17:18:41,17:19:06,False,False,15:56,16:38,18-09-2026 17:23:12,1,operator_reported_trip_stop,2026-09-18T11:53:45.663873+00:00,8d7290ccd2338f549d15b52217608237b25496e78be7b92e406bc0482c40f515
nmmt_vehicle_576_20260918,576,576,567803070,9696,5240,22,181955703,Running,covered,16:21:12,16:21:12,2026-09-18T16:21:12,17:19:56,17:20:36,True,False,15:56,16:38,18-09-2026 17:23:12,1,operator_reported_trip_stop,2026-09-18T11:53:45.663873+00:00,8d7290ccd2338f549d15b52217608237b25496e78be7b92e406bc0482c40f515
nmmt_vehicle_576_20260918,576,576,567803070,9696,4651,23,181955704,Running,covered,16:22:24,16:22:24,2026-09-18T16:22:24,17:21:06,17:21:46,True,False,15:56,16:38,18-09-2026 17:23:12,1,operator_reported_trip_stop,2026-09-18T11:53:45.663873+00:00,8d7290ccd2338f549d15b52217608237b25496e78be7b92e406bc0482c40f515
nmmt_vehicle_576_20260918,576,576,567803070,9696,4650,24,181955705,Running,skipped,16:23:36,16:23:36,2026-09-18T16:23:36,17:21:51,17:22:32,False,False,15:56,16:38,18-09-2026 17:23:12,1,operator_reported_trip_stop,2026-09-18T11:53:45.663873+00:00,8d7290ccd2338f549d15b52217608237b25496e78be7b92e406bc0482c40f515
nmmt_vehicle_576_20260918,576,576,567803070,9696,4649,25,181955706,Running,skipped,16:24:48,16:24:48,2026-09-18T16:24:48,17:23:33,,False,False,15:56,16:38,18-09-2026 17:23:12,1,operator_reported_trip_stop,2026-09-18T11:53:45.663873+00:00,8d7290ccd2338f549d15b52217608237b25496e78be7b92e406bc0482c40f515
nmmt_vehicle_576_20260918,576,576,567803070,9696,4647,26,181955707,Running,skipped,16:26:00,16:26:00,2026-09-18T16:26:00,17:23:27,17:23:27,False,False,15:56,16:38,18-09-2026 17:23:12,1,operator_reported_trip_stop,2026-09-18T11:53:45.663873+00:00,8d7290ccd2338f549d15b52217608237b25496e78be7b92e406bc0482c40f515
nmmt_vehicle_576_20260918,576,576,567803070,9696,4646,27,181955708,Running,upcoming,16:26:00,16:26:00,2026-09-18T16:26:00,16:26:00,,False,True,15:56,16:38,18-09-2026 17:23:12,1,operator_reported_trip_stop,2026-09-18T11:53:45.663873+00:00,8d7290ccd2338f549d15b52217608237b25496e78be7b92e406bc0482c40f515
nmmt_vehicle_576_20260918,576,576,567803070,9696,4806,28,181955709,Running,upcoming,16:27:12,16:27:12,2026-09-18T16:27:12,16:27:12,,False,True,15:56,16:38,18-09-2026 17:23:12,1,operator_reported_trip_stop,2026-09-18T11:53:45.663873+00:00,8d7290ccd2338f549d15b52217608237b25496e78be7b92e406bc0482c40f515
nmmt_vehicle_576_20260918,576,576,567803070,9696,5239,29,181955710,Running,upcoming,16:28:24,16:28:24,2026-09-18T16:28:24,16:28:24,,False,True,15:56,16:38,18-09-2026 17:23:12,1,operator_reported_trip_stop,2026-09-18T11:53:45.663873+00:00,8d7290ccd2338f549d15b52217608237b25496e78be7b92e406bc0482c40f515
nmmt_vehicle_576_20260918,576,576,567803070,9696,5238,30,181955711,Running,upcoming,16:29:36,16:29:36,2026-09-18T16:29:36,16:29:36,,False,True,15:56,16:38,18-09-2026 17:23:12,1,operator_reported_trip_stop,2026-09-18T11:53:45.663873+00:00,8d7290ccd2338f549d15b52217608237b25496e78be7b92e406bc0482c40f515
nmmt_vehicle_576_20260918,576,576,567803070,9696,4587,31,181955712,Running,upcoming,16:27:12,16:27:12,2026-09-18T16:27:12,16:27:12,,False,True,15:56,16:38,18-09-2026 17:23:12,1,operator_reported_trip_stop,2026-09-18T11:53:45.663873+00:00,8d7290ccd2338f549d15b52217608237b25496e78be7b92e406bc0482c40f515
nmmt_vehicle_576_20260918,576,576,567803070,9696,4585,32,181955713,Running,upcoming,16:28:24,16:28:24,2026-09-18T16:28:24,16:28:24,,False,True,15:56,16:38,18-09-2026 17:23:12,1,operator_reported_trip_stop,2026-09-18T11:53:45.663873+00:00,8d7290ccd2338f549d15b52217608237b25496e78be7b92e406bc0482c40f515
nmmt_vehicle_576_20260918,576,576,567803070,9696,3334,33,181955714,Running,upcoming,16:29:36,16:29:36,2026-09-18T16:29:36,16:29:36,,False,True,15:56,16:38,18-09-2026 17:23:12,1,operator_reported_trip_stop,2026-09-18T11:53:45.663873+00:00,8d7290ccd2338f549d15b52217608237b25496e78be7b92e406bc0482c40f515
nmmt_vehicle_576_20260918,576,576,567803070,9696,4393,34,181955715,Running,upcoming,16:30:48,16:30:48,2026-09-18T16:30:48,16:30:48,,False,True,15:56,16:38,18-09-2026 17:23:12,1,operator_reported_trip_stop,2026-09-18T11:53:45.663873+00:00,8d7290ccd2338f549d15b52217608237b25496e78be7b92e406bc0482c40f515
nmmt_vehicle_576_20260918,576,576,567803070,9696,4387,35,181955716,Running,upcoming,16:32:00,16:32:00,2026-09-18T16:32:00,16:32:00,,False,True,15:56,16:38,18-09-2026 17:23:12,1,operator_reported_trip_stop,2026-09-18T11:53:45.663873+00:00,8d7290ccd2338f549d15b52217608237b25496e78be7b92e406bc0482c40f515
nmmt_vehicle_576_20260918,576,576,567803070,9696,2661,36,181955717,Running,upcoming,16:33:12,16:33:12,2026-09-18T16:33:12,16:33:12,,False,True,15:56,16:38,18-09-2026 17:23:12,1,operator_reported_trip_stop,2026-09-18T11:53:45.663873+00:00,8d7290ccd2338f549d15b52217608237b25496e78be7b92e406bc0482c40f515
nmmt_vehicle_576_20260918,576,576,567803070,9696,3445,37,181955718,Running,upcoming,16:34:24,16:34:24,2026-09-18T16:34:24,16:34:24,,False,True,15:56,16:38,18-09-2026 17:23:12,1,operator_reported_trip_stop,2026-09-18T11:53:45.663873+00:00,8d7290ccd2338f549d15b52217608237b25496e78be7b92e406bc0482c40f515
nmmt_vehicle_576_20260918,576,576,567803070,9696,3446,38,181955719,Running,upcoming,16:35:36,16:35:36,2026-09-18T16:35:36,16:35:36,,False,True,15:56,16:38,18-09-2026 17:23:12,1,operator_reported_trip_stop,2026-09-18T11:53:45.663873+00:00,8d7290ccd2338f549d15b52217608237b25496e78be7b92e406bc0482c40f515
nmmt_vehicle_576_20260918,576,576,567803070,9696,3447,39,181955720,Running,upcoming,16:36:48,16:36:48,2026-09-18T16:36:48,16:36:48,,False,True,15:56,16:38,18-09-2026 17:23:12,1,operator_reported_trip_stop,2026-09-18T11:53:45.663873+00:00,8d7290ccd2338f549d15b52217608237b25496e78be7b92e406bc0482c40f515
nmmt_vehicle_576_20260918,576,576,567803070,9696,3448,40,181955721,Running,upcoming,16:38:00,16:38:00,2026-09-18T16:38:00,16:38:00,,False,True,15:56,16:38,18-09-2026 17:23:12,1,operator_reported_trip_stop,2026-09-18T11:53:45.663873+00:00,8d7290ccd2338f549d15b52217608237b25496e78be7b92e406bc0482c40f515
nmmt_vehicle_585_20260918,585,585,567788529,9767,3448,1,181847905,Running,covered,16:20:00,16:20:00,2026-09-18T16:20:00,16:05:34,16:05:44,True,False,16:20,18:00,18-09-2026 17:22:15,1,operator_reported_trip_stop,2026-09-18T11:53:46.281567+00:00,50535fcda5bd6f73c273a54c5585f2ce6bea1583d8457e5a2c6846e0bfa7f9f5
nmmt_vehicle_585_20260918,585,585,567788529,9767,3658,2,181847906,Running,skipped,16:21:10,16:21:10,2026-09-18T16:21:10.588,16:08:12,,False,False,16:20,18:00,18-09-2026 17:22:15,1,operator_reported_trip_stop,2026-09-18T11:53:46.281567+00:00,50535fcda5bd6f73c273a54c5585f2ce6bea1583d8457e5a2c6846e0bfa7f9f5
nmmt_vehicle_585_20260918,585,585,567788529,9767,2732,3,181847907,Running,covered,16:22:21,16:22:21,2026-09-18T16:22:21.176,16:16:15,16:17:50,True,False,16:20,18:00,18-09-2026 17:22:15,1,operator_reported_trip_stop,2026-09-18T11:53:46.281567+00:00,50535fcda5bd6f73c273a54c5585f2ce6bea1583d8457e5a2c6846e0bfa7f9f5
nmmt_vehicle_585_20260918,585,585,567788529,9767,2515,4,181847908,Running,skipped,16:23:31,16:23:31,2026-09-18T16:23:31.765,16:23:50,,False,False,16:20,18:00,18-09-2026 17:22:15,1,operator_reported_trip_stop,2026-09-18T11:53:46.281567+00:00,50535fcda5bd6f73c273a54c5585f2ce6bea1583d8457e5a2c6846e0bfa7f9f5
nmmt_vehicle_585_20260918,585,585,567788529,9767,3604,5,181847909,Running,covered,16:25:52,16:25:52,2026-09-18T16:25:52.941,16:24:55,16:26:00,True,False,16:20,18:00,18-09-2026 17:22:15,1,operator_reported_trip_stop,2026-09-18T11:53:46.281567+00:00,50535fcda5bd6f73c273a54c5585f2ce6bea1583d8457e5a2c6846e0bfa7f9f5
nmmt_vehicle_585_20260918,585,585,567788529,9767,2518,6,181847910,Running,skipped,16:27:03,16:27:03,2026-09-18T16:27:03.529,16:28:43,,False,False,16:20,18:00,18-09-2026 17:22:15,1,operator_reported_trip_stop,2026-09-18T11:53:46.281567+00:00,50535fcda5bd6f73c273a54c5585f2ce6bea1583d8457e5a2c6846e0bfa7f9f5
nmmt_vehicle_585_20260918,585,585,567788529,9767,4128,7,181847911,Running,covered,16:29:24,16:29:24,2026-09-18T16:29:24.706,16:32:36,16:34:41,True,False,16:20,18:00,18-09-2026 17:22:15,1,operator_reported_trip_stop,2026-09-18T11:53:46.281567+00:00,50535fcda5bd6f73c273a54c5585f2ce6bea1583d8457e5a2c6846e0bfa7f9f5
nmmt_vehicle_585_20260918,585,585,567788529,9767,4126,8,181847912,Running,skipped,16:31:45,16:31:45,2026-09-18T16:31:45.882,16:34:23,,False,False,16:20,18:00,18-09-2026 17:22:15,1,operator_reported_trip_stop,2026-09-18T11:53:46.281567+00:00,50535fcda5bd6f73c273a54c5585f2ce6bea1583d8457e5a2c6846e0bfa7f9f5
nmmt_vehicle_585_20260918,585,585,567788529,9767,3727,9,181847913,Running,skipped,16:34:07,16:34:07,2026-09-18T16:34:07.059,16:34:51,16:34:51,False,False,16:20,18:00,18-09-2026 17:22:15,1,operator_reported_trip_stop,2026-09-18T11:53:46.281567+00:00,50535fcda5bd6f73c273a54c5585f2ce6bea1583d8457e5a2c6846e0bfa7f9f5
nmmt_vehicle_585_20260918,585,585,567788529,9767,4125,10,181847914,Running,skipped,16:35:17,16:35:17,2026-09-18T16:35:17.647,16:37:21,,False,False,16:20,18:00,18-09-2026 17:22:15,1,operator_reported_trip_stop,2026-09-18T11:53:46.281567+00:00,50535fcda5bd6f73c273a54c5585f2ce6bea1583d8457e5a2c6846e0bfa7f9f5
nmmt_vehicle_585_20260918,585,585,567788529,9767,2725,11,181847915,Running,skipped,16:37:38,16:37:38,2026-09-18T16:37:38.824,16:38:11,16:38:51,False,False,16:20,18:00,18-09-2026 17:22:15,1,operator_reported_trip_stop,2026-09-18T11:53:46.281567+00:00,50535fcda5bd6f73c273a54c5585f2ce6bea1583d8457e5a2c6846e0bfa7f9f5
nmmt_vehicle_585_20260918,585,585,567788529,9767,2724,12,181847916,Running,skipped,16:40:00,16:40:00,2026-09-18T16:40:00,16:38:51,16:39:01,False,False,16:20,18:00,18-09-2026 17:22:15,1,operator_reported_trip_stop,2026-09-18T11:53:46.281567+00:00,50535fcda5bd6f73c273a54c5585f2ce6bea1583d8457e5a2c6846e0bfa7f9f5
nmmt_vehicle_585_20260918,585,585,567788529,9767,2880,13,181847917,Running,skipped,16:41:10,16:41:10,2026-09-18T16:41:10.588,16:41:11,,False,False,16:20,18:00,18-09-2026 17:22:15,1,operator_reported_trip_stop,2026-09-18T11:53:46.281567+00:00,50535fcda5bd6f73c273a54c5585f2ce6bea1583d8457e5a2c6846e0bfa7f9f5
nmmt_vehicle_585_20260918,585,585,567788529,9767,3601,14,181847918,Running,skipped,16:42:21,16:42:21,2026-09-18T16:42:21.176,16:42:33,,False,False,16:20,18:00,18-09-2026 17:22:15,1,operator_reported_trip_stop,2026-09-18T11:53:46.281567+00:00,50535fcda5bd6f73c273a54c5585f2ce6bea1583d8457e5a2c6846e0bfa7f9f5
nmmt_vehicle_585_20260918,585,585,567788529,9767,2878,15,181847919,Running,skipped,16:43:31,16:43:31,2026-09-18T16:43:31.765,16:45:16,16:46:22,False,False,16:20,18:00,18-09-2026 17:22:15,1,operator_reported_trip_stop,2026-09-18T11:53:46.281567+00:00,50535fcda5bd6f73c273a54c5585f2ce6bea1583d8457e5a2c6846e0bfa7f9f5
nmmt_vehicle_585_20260918,585,585,567788529,9767,2877,16,181847920,Running,skipped,16:44:42,16:44:42,2026-09-18T16:44:42.353,16:47:17,16:49:52,False,False,16:20,18:00,18-09-2026 17:22:15,1,operator_reported_trip_stop,2026-09-18T11:53:46.281567+00:00,50535fcda5bd6f73c273a54c5585f2ce6bea1583d8457e5a2c6846e0bfa7f9f5
nmmt_vehicle_585_20260918,585,585,567788529,9767,2580,17,181847921,Running,skipped,16:48:14,16:48:14,2026-09-18T16:48:14.118,16:51:54,,False,False,16:20,18:00,18-09-2026 17:22:15,1,operator_reported_trip_stop,2026-09-18T11:53:46.281567+00:00,50535fcda5bd6f73c273a54c5585f2ce6bea1583d8457e5a2c6846e0bfa7f9f5
nmmt_vehicle_585_20260918,585,585,567788529,9767,2876,18,181847922,Running,skipped,16:51:45,16:51:45,2026-09-18T16:51:45.882,16:55:32,16:56:02,False,False,16:20,18:00,18-09-2026 17:22:15,1,operator_reported_trip_stop,2026-09-18T11:53:46.281567+00:00,50535fcda5bd6f73c273a54c5585f2ce6bea1583d8457e5a2c6846e0bfa7f9f5
nmmt_vehicle_585_20260918,585,585,567788529,9767,2588,19,181847923,Running,skipped,16:52:56,16:52:56,2026-09-18T16:52:56.471,16:56:35,,False,False,16:20,18:00,18-09-2026 17:22:15,1,operator_reported_trip_stop,2026-09-18T11:53:46.281567+00:00,50535fcda5bd6f73c273a54c5585f2ce6bea1583d8457e5a2c6846e0bfa7f9f5
nmmt_vehicle_585_20260918,585,585,567788529,9767,2592,20,181847924,Running,skipped,16:55:17,16:55:17,2026-09-18T16:55:17.647,16:58:17,16:59:02,False,False,16:20,18:00,18-09-2026 17:22:15,1,operator_reported_trip_stop,2026-09-18T11:53:46.281567+00:00,50535fcda5bd6f73c273a54c5585f2ce6bea1583d8457e5a2c6846e0bfa7f9f5
nmmt_vehicle_585_20260918,585,585,567788529,9767,3217,21,181847925,Running,covered,16:57:38,16:57:38,2026-09-18T16:57:38.824,16:59:02,16:59:42,True,False,16:20,18:00,18-09-2026 17:22:15,1,operator_reported_trip_stop,2026-09-18T11:53:46.281567+00:00,50535fcda5bd6f73c273a54c5585f2ce6bea1583d8457e5a2c6846e0bfa7f9f5
nmmt_vehicle_585_20260918,585,585,567788529,9767,2600,22,181847926,Running,covered,16:58:49,16:58:49,2026-09-18T16:58:49.412,16:59:42,17:00:32,True,False,16:20,18:00,18-09-2026 17:22:15,1,operator_reported_trip_stop,2026-09-18T11:53:46.281567+00:00,50535fcda5bd6f73c273a54c5585f2ce6bea1583d8457e5a2c6846e0bfa7f9f5
nmmt_vehicle_585_20260918,585,585,567788529,9767,2601,23,181847927,Running,covered,17:00:00,17:00:00,2026-09-18T17:00:00,17:01:17,17:02:47,True,False,16:20,18:00,18-09-2026 17:22:15,1,operator_reported_trip_stop,2026-09-18T11:53:46.281567+00:00,50535fcda5bd6f73c273a54c5585f2ce6bea1583d8457e5a2c6846e0bfa7f9f5
nmmt_vehicle_585_20260918,585,585,567788529,9767,2603,24,181847928,Running,skipped,17:02:21,17:02:21,2026-09-18T17:02:21.176,17:02:47,17:03:32,False,False,16:20,18:00,18-09-2026 17:22:15,1,operator_reported_trip_stop,2026-09-18T11:53:46.281567+00:00,50535fcda5bd6f73c273a54c5585f2ce6bea1583d8457e5a2c6846e0bfa7f9f5
nmmt_vehicle_585_20260918,585,585,567788529,9767,2806,25,181847929,Running,upcoming,17:04:42,17:04:42,2026-09-18T17:04:42.353,17:04:42,,False,True,16:20,18:00,18-09-2026 17:22:15,1,operator_reported_trip_stop,2026-09-18T11:53:46.281567+00:00,50535fcda5bd6f73c273a54c5585f2ce6bea1583d8457e5a2c6846e0bfa7f9f5
nmmt_vehicle_585_20260918,585,585,567788529,9767,2800,26,181847930,Running,upcoming,17:22:21,17:22:21,2026-09-18T17:22:21.176,17:22:21,,False,True,16:20,18:00,18-09-2026 17:22:15,1,operator_reported_trip_stop,2026-09-18T11:53:46.281567+00:00,50535fcda5bd6f73c273a54c5585f2ce6bea1583d8457e5a2c6846e0bfa7f9f5
nmmt_vehicle_585_20260918,585,585,567788529,9767,2797,27,181847931,Running,upcoming,17:24:42,17:24:42,2026-09-18T17:24:42.353,17:24:42,,False,True,16:20,18:00,18-09-2026 17:22:15,1,operator_reported_trip_stop,2026-09-18T11:53:46.281567+00:00,50535fcda5bd6f73c273a54c5585f2ce6bea1583d8457e5a2c6846e0bfa7f9f5
nmmt_vehicle_585_20260918,585,585,567788529,9767,2795,28,181847932,Running,upcoming,17:25:52,17:25:52,2026-09-18T17:25:52.941,17:25:52,,False,True,16:20,18:00,18-09-2026 17:22:15,1,operator_reported_trip_stop,2026-09-18T11:53:46.281567+00:00,50535fcda5bd6f73c273a54c5585f2ce6bea1583d8457e5a2c6846e0bfa7f9f5
nmmt_vehicle_585_20260918,585,585,567788529,9767,2793,29,181847933,Running,upcoming,17:27:03,17:27:03,2026-09-18T17:27:03.529,17:27:03,,False,True,16:20,18:00,18-09-2026 17:22:15,1,operator_reported_trip_stop,2026-09-18T11:53:46.281567+00:00,50535fcda5bd6f73c273a54c5585f2ce6bea1583d8457e5a2c6846e0bfa7f9f5
nmmt_vehicle_585_20260918,585,585,567788529,9767,2792,30,181847934,Running,upcoming,17:28:14,17:28:14,2026-09-18T17:28:14.118,17:28:14,,False,True,16:20,18:00,18-09-2026 17:22:15,1,operator_reported_trip_stop,2026-09-18T11:53:46.281567+00:00,50535fcda5bd6f73c273a54c5585f2ce6bea1583d8457e5a2c6846e0bfa7f9f5
nmmt_vehicle_585_20260918,585,585,567788529,9767,2790,31,181847935,Running,upcoming,17:29:24,17:29:24,2026-09-18T17:29:24.706,17:29:24,,False,True,16:20,18:00,18-09-2026 17:22:15,1,operator_reported_trip_stop,2026-09-18T11:53:46.281567+00:00,50535fcda5bd6f73c273a54c5585f2ce6bea1583d8457e5a2c6846e0bfa7f9f5
nmmt_vehicle_585_20260918,585,585,567788529,9767,2789,32,181847936,Running,upcoming,17:30:35,17:30:35,2026-09-18T17:30:35.294,17:30:35,,False,True,16:20,18:00,18-09-2026 17:22:15,1,operator_reported_trip_stop,2026-09-18T11:53:46.281567+00:00,50535fcda5bd6f73c273a54c5585f2ce6bea1583d8457e5a2c6846e0bfa7f9f5
nmmt_vehicle_585_20260918,585,585,567788529,9767,2788,33,181847937,Running,upcoming,17:32:56,17:32:56,2026-09-18T17:32:56.471,17:32:56,,False,True,16:20,18:00,18-09-2026 17:22:15,1,operator_reported_trip_stop,2026-09-18T11:53:46.281567+00:00,50535fcda5bd6f73c273a54c5585f2ce6bea1583d8457e5a2c6846e0bfa7f9f5
nmmt_vehicle_585_20260918,585,585,567788529,9767,2787,34,181847938,Running,upcoming,17:34:07,17:34:07,2026-09-18T17:34:07.059,17:34:07,,False,True,16:20,18:00,18-09-2026 17:22:15,1,operator_reported_trip_stop,2026-09-18T11:53:46.281567+00:00,50535fcda5bd6f73c273a54c5585f2ce6bea1583d8457e5a2c6846e0bfa7f9f5
nmmt_vehicle_585_20260918,585,585,567788529,9767,2786,35,181847939,Running,upcoming,17:36:28,17:36:28,2026-09-18T17:36:28.235,17:36:28,,False,True,16:20,18:00,18-09-2026 17:22:15,1,operator_reported_trip_stop,2026-09-18T11:53:46.281567+00:00,50535fcda5bd6f73c273a54c5585f2ce6bea1583d8457e5a2c6846e0bfa7f9f5
nmmt_vehicle_585_20260918,585,585,567788529,9767,2785,36,181847940,Running,upcoming,17:38:49,17:38:49,2026-09-18T17:38:49.412,17:38:49,,False,True,16:20,18:00,18-09-2026 17:22:15,1,operator_reported_trip_stop,2026-09-18T11:53:46.281567+00:00,50535fcda5bd6f73c273a54c5585f2ce6bea1583d8457e5a2c6846e0bfa7f9f5
nmmt_vehicle_585_20260918,585,585,567788529,9767,2834,37,181847941,Running,upcoming,17:40:00,17:40:00,2026-09-18T17:40:00,17:40:00,,False,True,16:20,18:00,18-09-2026 17:22:15,1,operator_reported_trip_stop,2026-09-18T11:53:46.281567+00:00,50535fcda5bd6f73c273a54c5585f2ce6bea1583d8457e5a2c6846e0bfa7f9f5
nmmt_vehicle_585_20260918,585,585,567788529,9767,2835,38,181847942,Running,upcoming,17:42:21,17:42:21,2026-09-18T17:42:21.176,17:42:21,,False,True,16:20,18:00,18-09-2026 17:22:15,1,operator_reported_trip_stop,2026-09-18T11:53:46.281567+00:00,50535fcda5bd6f73c273a54c5585f2ce6bea1583d8457e5a2c6846e0bfa7f9f5
nmmt_vehicle_585_20260918,585,585,567788529,9767,2782,39,181847943,Running,upcoming,17:44:42,17:44:42,2026-09-18T17:44:42.353,17:44:42,,False,True,16:20,18:00,18-09-2026 17:22:15,1,operator_reported_trip_stop,2026-09-18T11:53:46.281567+00:00,50535fcda5bd6f73c273a54c5585f2ce6bea1583d8457e5a2c6846e0bfa7f9f5
nmmt_vehicle_585_20260918,585,585,567788529,9767,2781,40,181847944,Running,upcoming,17:47:03,17:47:03,2026-09-18T17:47:03.529,17:47:03,,False,True,16:20,18:00,18-09-2026 17:22:15,1,operator_reported_trip_stop,2026-09-18T11:53:46.281567+00:00,50535fcda5bd6f73c273a54c5585f2ce6bea1583d8457e5a2c6846e0bfa7f9f5
nmmt_vehicle_585_20260918,585,585,567788529,9767,3716,41,181847945,Running,upcoming,17:49:24,17:49:24,2026-09-18T17:49:24.706,17:49:24,,False,True,16:20,18:00,18-09-2026 17:22:15,1,operator_reported_trip_stop,2026-09-18T11:53:46.281567+00:00,50535fcda5bd6f73c273a54c5585f2ce6bea1583d8457e5a2c6846e0bfa7f9f5
nmmt_vehicle_585_20260918,585,585,567788529,9767,2780,42,181847946,Running,upcoming,17:51:45,17:51:45,2026-09-18T17:51:45.882,17:51:45,,False,True,16:20,18:00,18-09-2026 17:22:15,1,operator_reported_trip_stop,2026-09-18T11:53:46.281567+00:00,50535fcda5bd6f73c273a54c5585f2ce6bea1583d8457e5a2c6846e0bfa7f9f5
nmmt_vehicle_585_20260918,585,585,567788529,9767,2779,43,181847947,Running,upcoming,17:54:07,17:54:07,2026-09-18T17:54:07.059,17:54:07,,False,True,16:20,18:00,18-09-2026 17:22:15,1,operator_reported_trip_stop,2026-09-18T11:53:46.281567+00:00,50535fcda5bd6f73c273a54c5585f2ce6bea1583d8457e5a2c6846e0bfa7f9f5
nmmt_vehicle_585_20260918,585,585,567788529,9767,2778,44,181847948,Running,upcoming,17:56:28,17:56:28,2026-09-18T17:56:28.235,17:56:28,,False,True,16:20,18:00,18-09-2026 17:22:15,1,operator_reported_trip_stop,2026-09-18T11:53:46.281567+00:00,50535fcda5bd6f73c273a54c5585f2ce6bea1583d8457e5a2c6846e0bfa7f9f5
nmmt_vehicle_585_20260918,585,585,567788529,9767,2777,45,181847949,Running,upcoming,18:00:00,18:00:00,2026-09-18T18:00:00,18:00:00,,False,True,16:20,18:00,18-09-2026 17:22:15,1,operator_reported_trip_stop,2026-09-18T11:53:46.281567+00:00,50535fcda5bd6f73c273a54c5585f2ce6bea1583d8457e5a2c6846e0bfa7f9f5
nmmt_vehicle_586_20260918,586,586,567801968,7813,2776,1,181910578,Running,skipped,15:52:00,15:52:00,2026-09-18T15:52:00,15:52:00,,False,True,15:52,17:27,18-09-2026 17:02:43,1,operator_reported_trip_stop,2026-09-18T11:37:56.297198+00:00,f82b648abd348e2c277654733d87c598fe7102b2212c5666fa3951f401881f2f
nmmt_vehicle_586_20260918,586,586,567801968,7813,2775,2,181910579,Running,skipped,15:54:06,15:54:06,2026-09-18T15:54:06.667,15:54:06,,False,True,15:52,17:27,18-09-2026 17:02:43,1,operator_reported_trip_stop,2026-09-18T11:37:56.297198+00:00,f82b648abd348e2c277654733d87c598fe7102b2212c5666fa3951f401881f2f
nmmt_vehicle_586_20260918,586,586,567801968,7813,3379,3,181910580,Running,skipped,15:55:10,15:55:10,2026-09-18T15:55:10,15:55:10,,False,True,15:52,17:27,18-09-2026 17:02:43,1,operator_reported_trip_stop,2026-09-18T11:37:56.297198+00:00,f82b648abd348e2c277654733d87c598fe7102b2212c5666fa3951f401881f2f
nmmt_vehicle_586_20260918,586,586,567801968,7813,2774,4,181910581,Running,skipped,15:56:13,15:56:13,2026-09-18T15:56:13.333,15:56:13,,False,True,15:52,17:27,18-09-2026 17:02:43,1,operator_reported_trip_stop,2026-09-18T11:37:56.297198+00:00,f82b648abd348e2c277654733d87c598fe7102b2212c5666fa3951f401881f2f
nmmt_vehicle_586_20260918,586,586,567801968,7813,3378,5,181910582,Running,skipped,15:57:16,15:57:16,2026-09-18T15:57:16.667,15:57:16,,False,True,15:52,17:27,18-09-2026 17:02:43,1,operator_reported_trip_stop,2026-09-18T11:37:56.297198+00:00,f82b648abd348e2c277654733d87c598fe7102b2212c5666fa3951f401881f2f
nmmt_vehicle_586_20260918,586,586,567801968,7813,2773,6,181910583,Running,skipped,15:58:20,15:58:20,2026-09-18T15:58:20,15:58:20,,False,True,15:52,17:27,18-09-2026 17:02:43,1,operator_reported_trip_stop,2026-09-18T11:37:56.297198+00:00,f82b648abd348e2c277654733d87c598fe7102b2212c5666fa3951f401881f2f
nmmt_vehicle_586_20260918,586,586,567801968,7813,2772,7,181910584,Running,skipped,15:59:23,15:59:23,2026-09-18T15:59:23.333,15:59:23,,False,True,15:52,17:27,18-09-2026 17:02:43,1,operator_reported_trip_stop,2026-09-18T11:37:56.297198+00:00,f82b648abd348e2c277654733d87c598fe7102b2212c5666fa3951f401881f2f
nmmt_vehicle_586_20260918,586,586,567801968,7813,3641,8,181910585,Running,skipped,16:00:26,16:00:26,2026-09-18T16:00:26.667,16:00:26,,False,True,15:52,17:27,18-09-2026 17:02:43,1,operator_reported_trip_stop,2026-09-18T11:37:56.297198+00:00,f82b648abd348e2c277654733d87c598fe7102b2212c5666fa3951f401881f2f
nmmt_vehicle_586_20260918,586,586,567801968,7813,3668,9,181910586,Running,skipped,16:01:30,16:01:30,2026-09-18T16:01:30,16:01:30,,False,True,15:52,17:27,18-09-2026 17:02:43,1,operator_reported_trip_stop,2026-09-18T11:37:56.297198+00:00,f82b648abd348e2c277654733d87c598fe7102b2212c5666fa3951f401881f2f
nmmt_vehicle_586_20260918,586,586,567801968,7813,2770,10,181910587,Running,skipped,16:03:36,16:03:36,2026-09-18T16:03:36.667,16:03:36,,False,True,15:52,17:27,18-09-2026 17:02:43,1,operator_reported_trip_stop,2026-09-18T11:37:56.297198+00:00,f82b648abd348e2c277654733d87c598fe7102b2212c5666fa3951f401881f2f
nmmt_vehicle_586_20260918,586,586,567801968,7813,3935,11,181910588,Running,covered,16:04:40,16:04:40,2026-09-18T16:04:40,16:36:07,16:36:17,True,False,15:52,17:27,18-09-2026 17:02:43,1,operator_reported_trip_stop,2026-09-18T11:37:56.297198+00:00,f82b648abd348e2c277654733d87c598fe7102b2212c5666fa3951f401881f2f
nmmt_vehicle_586_20260918,586,586,567801968,7813,2769,12,181910589,Running,covered,16:06:46,16:06:46,2026-09-18T16:06:46.667,16:36:57,16:39:47,True,False,15:52,17:27,18-09-2026 17:02:43,1,operator_reported_trip_stop,2026-09-18T11:37:56.297198+00:00,f82b648abd348e2c277654733d87c598fe7102b2212c5666fa3951f401881f2f
nmmt_vehicle_586_20260918,586,586,567801968,7813,2768,13,181910590,Running,covered,16:07:50,16:07:50,2026-09-18T16:07:50,16:43:02,16:43:17,True,False,15:52,17:27,18-09-2026 17:02:43,1,operator_reported_trip_stop,2026-09-18T11:37:56.297198+00:00,f82b648abd348e2c277654733d87c598fe7102b2212c5666fa3951f401881f2f
nmmt_vehicle_586_20260918,586,586,567801968,7813,4018,14,181910591,Running,covered,16:08:53,16:08:53,2026-09-18T16:08:53.333,16:43:42,16:44:32,True,False,15:52,17:27,18-09-2026 17:02:43,1,operator_reported_trip_stop,2026-09-18T11:37:56.297198+00:00,f82b648abd348e2c277654733d87c598fe7102b2212c5666fa3951f401881f2f
nmmt_vehicle_586_20260918,586,586,567801968,7813,4016,15,181910592,Running,skipped,16:09:56,16:09:56,2026-09-18T16:09:56.667,16:44:32,16:44:52,False,False,15:52,17:27,18-09-2026 17:02:43,1,operator_reported_trip_stop,2026-09-18T11:37:56.297198+00:00,f82b648abd348e2c277654733d87c598fe7102b2212c5666fa3951f401881f2f
nmmt_vehicle_586_20260918,586,586,567801968,7813,2747,16,181910593,Running,covered,16:11:00,16:11:00,2026-09-18T16:11:00,16:45:37,16:45:47,True,False,15:52,17:27,18-09-2026 17:02:43,1,operator_reported_trip_stop,2026-09-18T11:37:56.297198+00:00,f82b648abd348e2c277654733d87c598fe7102b2212c5666fa3951f401881f2f
nmmt_vehicle_586_20260918,586,586,567801968,7813,2746,17,181910594,Running,skipped,16:12:03,16:12:03,2026-09-18T16:12:03.333,16:47:17,16:47:32,False,False,15:52,17:27,18-09-2026 17:02:43,1,operator_reported_trip_stop,2026-09-18T11:37:56.297198+00:00,f82b648abd348e2c277654733d87c598fe7102b2212c5666fa3951f401881f2f
nmmt_vehicle_586_20260918,586,586,567801968,7813,2745,18,181910595,Running,skipped,16:13:06,16:13:06,2026-09-18T16:13:06.667,16:48:12,16:48:47,False,False,15:52,17:27,18-09-2026 17:02:43,1,operator_reported_trip_stop,2026-09-18T11:37:56.297198+00:00,f82b648abd348e2c277654733d87c598fe7102b2212c5666fa3951f401881f2f
nmmt_vehicle_586_20260918,586,586,567801968,7813,2661,19,181910596,Running,skipped,16:15:13,16:15:13,2026-09-18T16:15:13.333,16:49:57,,False,False,15:52,17:27,18-09-2026 17:02:43,1,operator_reported_trip_stop,2026-09-18T11:37:56.297198+00:00,f82b648abd348e2c277654733d87c598fe7102b2212c5666fa3951f401881f2f
nmmt_vehicle_586_20260918,586,586,567801968,7813,2732,20,181910597,Running,skipped,16:17:20,16:17:20,2026-09-18T16:17:20,16:52:12,16:52:22,False,False,15:52,17:27,18-09-2026 17:02:43,1,operator_reported_trip_stop,2026-09-18T11:37:56.297198+00:00,f82b648abd348e2c277654733d87c598fe7102b2212c5666fa3951f401881f2f
nmmt_vehicle_586_20260918,586,586,567801968,7813,3604,21,181910598,Running,covered,16:19:26,16:19:26,2026-09-18T16:19:26.667,16:57:22,16:57:57,True,False,15:52,17:27,18-09-2026 17:02:43,1,operator_reported_trip_stop,2026-09-18T11:37:56.297198+00:00,f82b648abd348e2c277654733d87c598fe7102b2212c5666fa3951f401881f2f
nmmt_vehicle_586_20260918,586,586,567801968,7813,2518,22,181910599,Running,covered,16:20:30,16:20:30,2026-09-18T16:20:30,17:01:13,17:01:28,True,False,15:52,17:27,18-09-2026 17:02:43,1,operator_reported_trip_stop,2026-09-18T11:37:56.297198+00:00,f82b648abd348e2c277654733d87c598fe7102b2212c5666fa3951f401881f2f
nmmt_vehicle_586_20260918,586,586,567801968,7813,2519,23,181910600,Running,covered,16:21:33,16:21:33,2026-09-18T16:21:33.333,17:02:08,17:02:48,True,False,15:52,17:27,18-09-2026 17:02:43,1,operator_reported_trip_stop,2026-09-18T11:37:56.297198+00:00,f82b648abd348e2c277654733d87c598fe7102b2212c5666fa3951f401881f2f
nmmt_vehicle_586_20260918,586,586,567801968,7813,4128,24,181910601,Running,upcoming,16:22:36,16:22:36,2026-09-18T16:22:36.667,16:22:36,,False,True,15:52,17:27,18-09-2026 17:02:43,1,operator_reported_trip_stop,2026-09-18T11:37:56.297198+00:00,f82b648abd348e2c277654733d87c598fe7102b2212c5666fa3951f401881f2f
nmmt_vehicle_586_20260918,586,586,567801968,7813,4126,25,181910602,Running,upcoming,16:23:40,16:23:40,2026-09-18T16:23:40,16:23:40,,False,True,15:52,17:27,18-09-2026 17:02:43,1,operator_reported_trip_stop,2026-09-18T11:37:56.297198+00:00,f82b648abd348e2c277654733d87c598fe7102b2212c5666fa3951f401881f2f
nmmt_vehicle_586_20260918,586,586,567801968,7813,3727,26,181910603,Running,upcoming,16:24:43,16:24:43,2026-09-18T16:24:43.333,16:24:43,,False,True,15:52,17:27,18-09-2026 17:02:43,1,operator_reported_trip_stop,2026-09-18T11:37:56.297198+00:00,f82b648abd348e2c277654733d87c598fe7102b2212c5666fa3951f401881f2f
nmmt_vehicle_586_20260918,586,586,567801968,7813,4125,27,181910604,Running,upcoming,16:27:53,16:27:53,2026-09-18T16:27:53.333,16:27:53,,False,True,15:52,17:27,18-09-2026 17:02:43,1,operator_reported_trip_stop,2026-09-18T11:37:56.297198+00:00,f82b648abd348e2c277654733d87c598fe7102b2212c5666fa3951f401881f2f
nmmt_vehicle_586_20260918,586,586,567801968,7813,3926,28,181910605,Running,upcoming,16:30:00,16:30:00,2026-09-18T16:30:00,16:30:00,,False,True,15:52,17:27,18-09-2026 17:02:43,1,operator_reported_trip_stop,2026-09-18T11:37:56.297198+00:00,f82b648abd348e2c277654733d87c598fe7102b2212c5666fa3951f401881f2f
nmmt_vehicle_586_20260918,586,586,567801968,7813,3183,29,181910606,Running,upcoming,16:31:03,16:31:03,2026-09-18T16:31:03.333,16:31:03,,False,True,15:52,17:27,18-09-2026 17:02:43,1,operator_reported_trip_stop,2026-09-18T11:37:56.297198+00:00,f82b648abd348e2c277654733d87c598fe7102b2212c5666fa3951f401881f2f
nmmt_vehicle_586_20260918,586,586,567801968,7813,3182,30,181910607,Running,upcoming,16:32:06,16:32:06,2026-09-18T16:32:06.667,16:32:06,,False,True,15:52,17:27,18-09-2026 17:02:43,1,operator_reported_trip_stop,2026-09-18T11:37:56.297198+00:00,f82b648abd348e2c277654733d87c598fe7102b2212c5666fa3951f401881f2f
nmmt_vehicle_586_20260918,586,586,567801968,7813,3181,31,181910608,Running,upcoming,16:33:10,16:33:10,2026-09-18T16:33:10,16:33:10,,False,True,15:52,17:27,18-09-2026 17:02:43,1,operator_reported_trip_stop,2026-09-18T11:37:56.297198+00:00,f82b648abd348e2c277654733d87c598fe7102b2212c5666fa3951f401881f2f
nmmt_vehicle_586_20260918,586,586,567801968,7813,3179,32,181910609,Running,upcoming,16:34:13,16:34:13,2026-09-18T16:34:13.333,16:34:13,,False,True,15:52,17:27,18-09-2026 17:02:43,1,operator_reported_trip_stop,2026-09-18T11:37:56.297198+00:00,f82b648abd348e2c277654733d87c598fe7102b2212c5666fa3951f401881f2f
nmmt_vehicle_586_20260918,586,586,567801968,7813,3071,33,181910610,Running,upcoming,16:35:16,16:35:16,2026-09-18T16:35:16.667,16:35:16,,False,True,15:52,17:27,18-09-2026 17:02:43,1,operator_reported_trip_stop,2026-09-18T11:37:56.297198+00:00,f82b648abd348e2c277654733d87c598fe7102b2212c5666fa3951f401881f2f
nmmt_vehicle_586_20260918,586,586,567801968,7813,3178,34,181910611,Running,upcoming,16:36:20,16:36:20,2026-09-18T16:36:20,16:36:20,,False,True,15:52,17:27,18-09-2026 17:02:43,1,operator_reported_trip_stop,2026-09-18T11:37:56.297198+00:00,f82b648abd348e2c277654733d87c598fe7102b2212c5666fa3951f401881f2f
nmmt_vehicle_586_20260918,586,586,567801968,7813,4429,35,181910612,Running,upcoming,16:37:23,16:37:23,2026-09-18T16:37:23.333,16:37:23,,False,True,15:52,17:27,18-09-2026 17:02:43,1,operator_reported_trip_stop,2026-09-18T11:37:56.297198+00:00,f82b648abd348e2c277654733d87c598fe7102b2212c5666fa3951f401881f2f
nmmt_vehicle_586_20260918,586,586,567801968,7813,4428,36,181910613,Running,upcoming,16:39:30,16:39:30,2026-09-18T16:39:30,16:39:30,,False,True,15:52,17:27,18-09-2026 17:02:43,1,operator_reported_trip_stop,2026-09-18T11:37:56.297198+00:00,f82b648abd348e2c277654733d87c598fe7102b2212c5666fa3951f401881f2f
nmmt_vehicle_586_20260918,586,586,567801968,7813,4427,37,181910614,Running,upcoming,16:41:36,16:41:36,2026-09-18T16:41:36.667,16:41:36,,False,True,15:52,17:27,18-09-2026 17:02:43,1,operator_reported_trip_stop,2026-09-18T11:37:56.297198+00:00,f82b648abd348e2c277654733d87c598fe7102b2212c5666fa3951f401881f2f
nmmt_vehicle_586_20260918,586,586,567801968,7813,2687,38,181910615,Running,upcoming,16:43:43,16:43:43,2026-09-18T16:43:43.333,16:43:43,,False,True,15:52,17:27,18-09-2026 17:02:43,1,operator_reported_trip_stop,2026-09-18T11:37:56.297198+00:00,f82b648abd348e2c277654733d87c598fe7102b2212c5666fa3951f401881f2f
nmmt_vehicle_586_20260918,586,586,567801968,7813,2682,39,181910616,Running,upcoming,16:46:53,16:46:53,2026-09-18T16:46:53.333,16:46:53,,False,True,15:52,17:27,18-09-2026 17:02:43,1,operator_reported_trip_stop,2026-09-18T11:37:56.297198+00:00,f82b648abd348e2c277654733d87c598fe7102b2212c5666fa3951f401881f2f
nmmt_vehicle_586_20260918,586,586,567801968,7813,4100,40,181910617,Running,upcoming,16:49:00,16:49:00,2026-09-18T16:49:00,16:49:00,,False,True,15:52,17:27,18-09-2026 17:02:43,1,operator_reported_trip_stop,2026-09-18T11:37:56.297198+00:00,f82b648abd348e2c277654733d87c598fe7102b2212c5666fa3951f401881f2f
nmmt_vehicle_586_20260918,586,586,567801968,7813,4426,41,181910618,Running,upcoming,16:51:06,16:51:06,2026-09-18T16:51:06.667,16:51:06,,False,True,15:52,17:27,18-09-2026 17:02:43,1,operator_reported_trip_stop,2026-09-18T11:37:56.297198+00:00,f82b648abd348e2c277654733d87c598fe7102b2212c5666fa3951f401881f2f
nmmt_vehicle_586_20260918,586,586,567801968,7813,4425,42,181910619,Running,upcoming,16:54:16,16:54:16,2026-09-18T16:54:16.667,16:54:16,,False,True,15:52,17:27,18-09-2026 17:02:43,1,operator_reported_trip_stop,2026-09-18T11:37:56.297198+00:00,f82b648abd348e2c277654733d87c598fe7102b2212c5666fa3951f401881f2f
nmmt_vehicle_586_20260918,586,586,567801968,7813,4424,43,181910620,Running,upcoming,16:57:26,16:57:26,2026-09-18T16:57:26.667,16:57:26,,False,True,15:52,17:27,18-09-2026 17:02:43,1,operator_reported_trip_stop,2026-09-18T11:37:56.297198+00:00,f82b648abd348e2c277654733d87c598fe7102b2212c5666fa3951f401881f2f
nmmt_vehicle_586_20260918,586,586,567801968,7813,3137,44,181910621,Running,upcoming,16:58:30,16:58:30,2026-09-18T16:58:30,16:58:30,,False,True,15:52,17:27,18-09-2026 17:02:43,1,operator_reported_trip_stop,2026-09-18T11:37:56.297198+00:00,f82b648abd348e2c277654733d87c598fe7102b2212c5666fa3951f401881f2f
nmmt_vehicle_586_20260918,586,586,567801968,7813,4066,45,181910622,Running,upcoming,16:59:33,16:59:33,2026-09-18T16:59:33.333,16:59:33,,False,True,15:52,17:27,18-09-2026 17:02:43,1,operator_reported_trip_stop,2026-09-18T11:37:56.297198+00:00,f82b648abd348e2c277654733d87c598fe7102b2212c5666fa3951f401881f2f
nmmt_vehicle_586_20260918,586,586,567801968,7813,3138,46,181910623,Running,upcoming,17:03:46,17:03:46,2026-09-18T17:03:46.667,17:03:46,,False,True,15:52,17:27,18-09-2026 17:02:43,1,operator_reported_trip_stop,2026-09-18T11:37:56.297198+00:00,f82b648abd348e2c277654733d87c598fe7102b2212c5666fa3951f401881f2f
nmmt_vehicle_586_20260918,586,586,567801968,7813,3622,47,181910624,Running,upcoming,17:05:53,17:05:53,2026-09-18T17:05:53.333,17:05:53,,False,True,15:52,17:27,18-09-2026 17:02:43,1,operator_reported_trip_stop,2026-09-18T11:37:56.297198+00:00,f82b648abd348e2c277654733d87c598fe7102b2212c5666fa3951f401881f2f
nmmt_vehicle_586_20260918,586,586,567801968,7813,3175,48,181910625,Running,upcoming,17:08:00,17:08:00,2026-09-18T17:08:00,17:08:00,,False,True,15:52,17:27,18-09-2026 17:02:43,1,operator_reported_trip_stop,2026-09-18T11:37:56.297198+00:00,f82b648abd348e2c277654733d87c598fe7102b2212c5666fa3951f401881f2f
nmmt_vehicle_586_20260918,586,586,567801968,7813,4423,49,181910626,Running,upcoming,17:10:06,17:10:06,2026-09-18T17:10:06.667,17:10:06,,False,True,15:52,17:27,18-09-2026 17:02:43,1,operator_reported_trip_stop,2026-09-18T11:37:56.297198+00:00,f82b648abd348e2c277654733d87c598fe7102b2212c5666fa3951f401881f2f
nmmt_vehicle_586_20260918,586,586,567801968,7813,4422,50,181910627,Running,upcoming,17:12:13,17:12:13,2026-09-18T17:12:13.333,17:12:13,,False,True,15:52,17:27,18-09-2026 17:02:43,1,operator_reported_trip_stop,2026-09-18T11:37:56.297198+00:00,f82b648abd348e2c277654733d87c598fe7102b2212c5666fa3951f401881f2f
nmmt_vehicle_586_20260918,586,586,567801968,7813,2986,51,181910628,Running,upcoming,17:14:20,17:14:20,2026-09-18T17:14:20,17:14:20,,False,True,15:52,17:27,18-09-2026 17:02:43,1,operator_reported_trip_stop,2026-09-18T11:37:56.297198+00:00,f82b648abd348e2c277654733d87c598fe7102b2212c5666fa3951f401881f2f
nmmt_vehicle_586_20260918,586,586,567801968,7813,2990,52,181910629,Running,upcoming,17:16:26,17:16:26,2026-09-18T17:16:26.667,17:16:26,,False,True,15:52,17:27,18-09-2026 17:02:43,1,operator_reported_trip_stop,2026-09-18T11:37:56.297198+00:00,f82b648abd348e2c277654733d87c598fe7102b2212c5666fa3951f401881f2f
nmmt_vehicle_586_20260918,586,586,567801968,7813,3167,53,181910630,Running,upcoming,17:17:30,17:17:30,2026-09-18T17:17:30,17:17:30,,False,True,15:52,17:27,18-09-2026 17:02:43,1,operator_reported_trip_stop,2026-09-18T11:37:56.297198+00:00,f82b648abd348e2c277654733d87c598fe7102b2212c5666fa3951f401881f2f
nmmt_vehicle_586_20260918,586,586,567801968,7813,3168,54,181910631,Running,upcoming,17:18:33,17:18:33,2026-09-18T17:18:33.333,17:18:33,,False,True,15:52,17:27,18-09-2026 17:02:43,1,operator_reported_trip_stop,2026-09-18T11:37:56.297198+00:00,f82b648abd348e2c277654733d87c598fe7102b2212c5666fa3951f401881f2f
nmmt_vehicle_586_20260918,586,586,567801968,7813,3169,55,181910632,Running,upcoming,17:19:36,17:19:36,2026-09-18T17:19:36.667,17:19:36,,False,True,15:52,17:27,18-09-2026 17:02:43,1,operator_reported_trip_stop,2026-09-18T11:37:56.297198+00:00,f82b648abd348e2c277654733d87c598fe7102b2212c5666fa3951f401881f2f
nmmt_vehicle_586_20260918,586,586,567801968,7813,2991,56,181910633,Running,upcoming,17:20:40,17:20:40,2026-09-18T17:20:40,17:20:40,,False,True,15:52,17:27,18-09-2026 17:02:43,1,operator_reported_trip_stop,2026-09-18T11:37:56.297198+00:00,f82b648abd348e2c277654733d87c598fe7102b2212c5666fa3951f401881f2f
nmmt_vehicle_586_20260918,586,586,567801968,7813,3170,57,181910634,Running,upcoming,17:22:46,17:22:46,2026-09-18T17:22:46.667,17:22:46,,False,True,15:52,17:27,18-09-2026 17:02:43,1,operator_reported_trip_stop,2026-09-18T11:37:56.297198+00:00,f82b648abd348e2c277654733d87c598fe7102b2212c5666fa3951f401881f2f
nmmt_vehicle_586_20260918,586,586,567801968,7813,3171,58,181910635,Running,upcoming,17:23:50,17:23:50,2026-09-18T17:23:50,17:23:50,,False,True,15:52,17:27,18-09-2026 17:02:43,1,operator_reported_trip_stop,2026-09-18T11:37:56.297198+00:00,f82b648abd348e2c277654733d87c598fe7102b2212c5666fa3951f401881f2f
nmmt_vehicle_586_20260918,586,586,567801968,7813,3172,59,181910636,Running,upcoming,17:25:56,17:25:56,2026-09-18T17:25:56.667,17:25:56,,False,True,15:52,17:27,18-09-2026 17:02:43,1,operator_reported_trip_stop,2026-09-18T11:37:56.297198+00:00,f82b648abd348e2c277654733d87c598fe7102b2212c5666fa3951f401881f2f
nmmt_vehicle_586_20260918,586,586,567801968,7813,3173,60,181910637,Running,upcoming,17:27:00,17:27:00,2026-09-18T17:27:00,17:27:00,,False,True,15:52,17:27,18-09-2026 17:02:43,1,operator_reported_trip_stop,2026-09-18T11:37:56.297198+00:00,f82b648abd348e2c277654733d87c598fe7102b2212c5666fa3951f401881f2f
nmmt_vehicle_592_20260918,592,592,567789311,9511,3448,1,181882614,Running,skipped,16:28:00,16:28:00,2026-09-18T16:28:00,16:28:00,,False,True,16:28,17:01,18-09-2026 17:23:20,1,operator_reported_trip_stop,2026-09-18T11:53:46.872975+00:00,40585bf91278046de5158a8cf6caf8b0b9116d1005f546a50228c7d21f23bd56
nmmt_vehicle_592_20260918,592,592,567789311,9511,3447,2,181882615,Running,skipped,16:29:22,16:29:22,2026-09-18T16:29:22.5,16:29:22,,False,True,16:28,17:01,18-09-2026 17:23:20,1,operator_reported_trip_stop,2026-09-18T11:53:46.872975+00:00,40585bf91278046de5158a8cf6caf8b0b9116d1005f546a50228c7d21f23bd56
nmmt_vehicle_592_20260918,592,592,567789311,9511,3446,3,181882616,Running,skipped,16:30:45,16:30:45,2026-09-18T16:30:45,16:30:45,,False,True,16:28,17:01,18-09-2026 17:23:20,1,operator_reported_trip_stop,2026-09-18T11:53:46.872975+00:00,40585bf91278046de5158a8cf6caf8b0b9116d1005f546a50228c7d21f23bd56
nmmt_vehicle_592_20260918,592,592,567789311,9511,3445,4,181882617,Running,skipped,16:30:45,16:30:45,2026-09-18T16:30:45,16:30:45,,False,True,16:28,17:01,18-09-2026 17:23:20,1,operator_reported_trip_stop,2026-09-18T11:53:46.872975+00:00,40585bf91278046de5158a8cf6caf8b0b9116d1005f546a50228c7d21f23bd56
nmmt_vehicle_592_20260918,592,592,567789311,9511,2743,5,181882618,Running,skipped,16:32:07,16:32:07,2026-09-18T16:32:07.5,16:32:07,,False,True,16:28,17:01,18-09-2026 17:23:20,1,operator_reported_trip_stop,2026-09-18T11:53:46.872975+00:00,40585bf91278046de5158a8cf6caf8b0b9116d1005f546a50228c7d21f23bd56
nmmt_vehicle_592_20260918,592,592,567789311,9511,3332,6,181882619,Running,skipped,16:33:30,16:33:30,2026-09-18T16:33:30,16:33:30,,False,True,16:28,17:01,18-09-2026 17:23:20,1,operator_reported_trip_stop,2026-09-18T11:53:46.872975+00:00,40585bf91278046de5158a8cf6caf8b0b9116d1005f546a50228c7d21f23bd56
nmmt_vehicle_592_20260918,592,592,567789311,9511,3333,7,181882620,Running,skipped,16:33:30,16:33:30,2026-09-18T16:33:30,16:33:30,,False,True,16:28,17:01,18-09-2026 17:23:20,1,operator_reported_trip_stop,2026-09-18T11:53:46.872975+00:00,40585bf91278046de5158a8cf6caf8b0b9116d1005f546a50228c7d21f23bd56
nmmt_vehicle_592_20260918,592,592,567789311,9511,4396,8,181882621,Running,skipped,16:34:52,16:34:52,2026-09-18T16:34:52.5,16:34:52,,False,True,16:28,17:01,18-09-2026 17:23:20,1,operator_reported_trip_stop,2026-09-18T11:53:46.872975+00:00,40585bf91278046de5158a8cf6caf8b0b9116d1005f546a50228c7d21f23bd56
nmmt_vehicle_592_20260918,592,592,567789311,9511,3769,9,181882622,Running,skipped,16:36:15,16:36:15,2026-09-18T16:36:15,16:36:15,,False,True,16:28,17:01,18-09-2026 17:23:20,1,operator_reported_trip_stop,2026-09-18T11:53:46.872975+00:00,40585bf91278046de5158a8cf6caf8b0b9116d1005f546a50228c7d21f23bd56
nmmt_vehicle_592_20260918,592,592,567789311,9511,3336,10,181882623,Running,skipped,16:37:37,16:37:37,2026-09-18T16:37:37.5,16:37:37,,False,True,16:28,17:01,18-09-2026 17:23:20,1,operator_reported_trip_stop,2026-09-18T11:53:46.872975+00:00,40585bf91278046de5158a8cf6caf8b0b9116d1005f546a50228c7d21f23bd56
nmmt_vehicle_592_20260918,592,592,567789311,9511,3683,11,181882624,Running,skipped,16:39:00,16:39:00,2026-09-18T16:39:00,16:39:00,,False,True,16:28,17:01,18-09-2026 17:23:20,1,operator_reported_trip_stop,2026-09-18T11:53:46.872975+00:00,40585bf91278046de5158a8cf6caf8b0b9116d1005f546a50228c7d21f23bd56
nmmt_vehicle_592_20260918,592,592,567789311,9511,4589,12,181882625,Running,skipped,16:40:22,16:40:22,2026-09-18T16:40:22.5,16:40:22,,False,True,16:28,17:01,18-09-2026 17:23:20,1,operator_reported_trip_stop,2026-09-18T11:53:46.872975+00:00,40585bf91278046de5158a8cf6caf8b0b9116d1005f546a50228c7d21f23bd56
nmmt_vehicle_592_20260918,592,592,567789311,9511,4619,13,181882626,Running,skipped,16:40:22,16:40:22,2026-09-18T16:40:22.5,16:40:22,,False,True,16:28,17:01,18-09-2026 17:23:20,1,operator_reported_trip_stop,2026-09-18T11:53:46.872975+00:00,40585bf91278046de5158a8cf6caf8b0b9116d1005f546a50228c7d21f23bd56
nmmt_vehicle_592_20260918,592,592,567789311,9511,4648,14,181882627,Running,skipped,16:41:45,16:41:45,2026-09-18T16:41:45,16:41:45,,False,True,16:28,17:01,18-09-2026 17:23:20,1,operator_reported_trip_stop,2026-09-18T11:53:46.872975+00:00,40585bf91278046de5158a8cf6caf8b0b9116d1005f546a50228c7d21f23bd56
nmmt_vehicle_592_20260918,592,592,567789311,9511,3485,15,181882628,Running,skipped,16:43:07,16:43:07,2026-09-18T16:43:07.5,16:43:07,,False,True,16:28,17:01,18-09-2026 17:23:20,1,operator_reported_trip_stop,2026-09-18T11:53:46.872975+00:00,40585bf91278046de5158a8cf6caf8b0b9116d1005f546a50228c7d21f23bd56
nmmt_vehicle_592_20260918,592,592,567789311,9511,3479,16,181882629,Running,skipped,16:44:30,16:44:30,2026-09-18T16:44:30,16:44:30,,False,True,16:28,17:01,18-09-2026 17:23:20,1,operator_reported_trip_stop,2026-09-18T11:53:46.872975+00:00,40585bf91278046de5158a8cf6caf8b0b9116d1005f546a50228c7d21f23bd56
nmmt_vehicle_592_20260918,592,592,567789311,9511,3480,17,181882630,Running,skipped,16:45:52,16:45:52,2026-09-18T16:45:52.5,16:45:52,,False,True,16:28,17:01,18-09-2026 17:23:20,1,operator_reported_trip_stop,2026-09-18T11:53:46.872975+00:00,40585bf91278046de5158a8cf6caf8b0b9116d1005f546a50228c7d21f23bd56
nmmt_vehicle_592_20260918,592,592,567789311,9511,3481,18,181882631,Running,skipped,16:47:15,16:47:15,2026-09-18T16:47:15,16:47:15,,False,True,16:28,17:01,18-09-2026 17:23:20,1,operator_reported_trip_stop,2026-09-18T11:53:46.872975+00:00,40585bf91278046de5158a8cf6caf8b0b9116d1005f546a50228c7d21f23bd56
nmmt_vehicle_592_20260918,592,592,567789311,9511,3483,19,181882632,Running,skipped,16:48:37,16:48:37,2026-09-18T16:48:37.5,16:48:37,,False,True,16:28,17:01,18-09-2026 17:23:20,1,operator_reported_trip_stop,2026-09-18T11:53:46.872975+00:00,40585bf91278046de5158a8cf6caf8b0b9116d1005f546a50228c7d21f23bd56
nmmt_vehicle_592_20260918,592,592,567789311,9511,3484,20,181882633,Running,skipped,16:50:00,16:50:00,2026-09-18T16:50:00,16:50:00,,False,True,16:28,17:01,18-09-2026 17:23:20,1,operator_reported_trip_stop,2026-09-18T11:53:46.872975+00:00,40585bf91278046de5158a8cf6caf8b0b9116d1005f546a50228c7d21f23bd56
nmmt_vehicle_592_20260918,592,592,567789311,9511,3815,21,181882634,Running,skipped,16:51:22,16:51:22,2026-09-18T16:51:22.5,16:51:22,,False,True,16:28,17:01,18-09-2026 17:23:20,1,operator_reported_trip_stop,2026-09-18T11:53:46.872975+00:00,40585bf91278046de5158a8cf6caf8b0b9116d1005f546a50228c7d21f23bd56
nmmt_vehicle_592_20260918,592,592,567789311,9511,3816,22,181882635,Running,covered,16:52:45,16:52:45,2026-09-18T16:52:45,16:52:59,16:53:09,True,False,16:28,17:01,18-09-2026 17:23:20,1,operator_reported_trip_stop,2026-09-18T11:53:46.872975+00:00,40585bf91278046de5158a8cf6caf8b0b9116d1005f546a50228c7d21f23bd56
nmmt_vehicle_592_20260918,592,592,567789311,9511,3860,23,181882636,Running,covered,16:54:07,16:54:07,2026-09-18T16:54:07.5,17:08:45,16:54:29,True,False,16:28,17:01,18-09-2026 17:23:20,1,operator_reported_trip_stop,2026-09-18T11:53:46.872975+00:00,40585bf91278046de5158a8cf6caf8b0b9116d1005f546a50228c7d21f23bd56
nmmt_vehicle_592_20260918,592,592,567789311,9511,4595,24,181882637,Running,skipped,16:55:30,16:55:30,2026-09-18T16:55:30,16:55:04,16:55:09,False,False,16:28,17:01,18-09-2026 17:23:20,1,operator_reported_trip_stop,2026-09-18T11:53:46.872975+00:00,40585bf91278046de5158a8cf6caf8b0b9116d1005f546a50228c7d21f23bd56
nmmt_vehicle_592_20260918,592,592,567789311,9511,3348,25,181882638,Running,skipped,16:56:52,16:56:52,2026-09-18T16:56:52.5,16:59:40,,False,False,16:28,17:01,18-09-2026 17:23:20,1,operator_reported_trip_stop,2026-09-18T11:53:46.872975+00:00,40585bf91278046de5158a8cf6caf8b0b9116d1005f546a50228c7d21f23bd56
nmmt_vehicle_592_20260918,592,592,567789311,9511,3665,26,181882639,Running,covered,16:58:15,16:58:15,2026-09-18T16:58:15,17:04:50,17:05:35,True,False,16:28,17:01,18-09-2026 17:23:20,1,operator_reported_trip_stop,2026-09-18T11:53:46.872975+00:00,40585bf91278046de5158a8cf6caf8b0b9116d1005f546a50228c7d21f23bd56
nmmt_vehicle_592_20260918,592,592,567789311,9511,3836,27,181882640,Running,upcoming,16:58:15,16:58:15,2026-09-18T16:58:15,16:58:15,,False,True,16:28,17:01,18-09-2026 17:23:20,1,operator_reported_trip_stop,2026-09-18T11:53:46.872975+00:00,40585bf91278046de5158a8cf6caf8b0b9116d1005f546a50228c7d21f23bd56
nmmt_vehicle_592_20260918,592,592,567789311,9511,4049,28,181882641,Running,upcoming,16:59:37,16:59:37,2026-09-18T16:59:37.5,16:59:37,,False,True,16:28,17:01,18-09-2026 17:23:20,1,operator_reported_trip_stop,2026-09-18T11:53:46.872975+00:00,40585bf91278046de5158a8cf6caf8b0b9116d1005f546a50228c7d21f23bd56
nmmt_vehicle_592_20260918,592,592,567789311,9511,4050,29,181882642,Running,upcoming,16:59:37,16:59:37,2026-09-18T16:59:37.5,16:59:37,,False,True,16:28,17:01,18-09-2026 17:23:20,1,operator_reported_trip_stop,2026-09-18T11:53:46.872975+00:00,40585bf91278046de5158a8cf6caf8b0b9116d1005f546a50228c7d21f23bd56
nmmt_vehicle_592_20260918,592,592,567789311,9511,4051,30,181882643,Running,upcoming,17:01:00,17:01:00,2026-09-18T17:01:00,17:01:00,,False,True,16:28,17:01,18-09-2026 17:23:20,1,operator_reported_trip_stop,2026-09-18T11:53:46.872975+00:00,40585bf91278046de5158a8cf6caf8b0b9116d1005f546a50228c7d21f23bd56
nmmt_vehicle_593_20260918,593,593,567801922,7814,3173,1,181908733,Running,covered,16:13:00,16:13:00,2026-09-18T16:13:00,16:19:38,16:19:48,True,False,16:13,17:49,18-09-2026 17:06:30,1,operator_reported_trip_stop,2026-09-18T11:37:56.658203+00:00,dfc02f03edf56da369b873754cbb10805a97277e566a44bf473bdb40faf08534
nmmt_vehicle_593_20260918,593,593,567801922,7814,3172,2,181908734,Running,skipped,16:15:05,16:15:05,2026-09-18T16:15:05.217,16:31:33,16:32:28,False,False,16:13,17:49,18-09-2026 17:06:30,1,operator_reported_trip_stop,2026-09-18T11:37:56.658203+00:00,dfc02f03edf56da369b873754cbb10805a97277e566a44bf473bdb40faf08534
nmmt_vehicle_593_20260918,593,593,567801922,7814,3171,3,181908735,Running,covered,16:16:07,16:16:07,2026-09-18T16:16:07.826,16:32:38,16:32:53,True,False,16:13,17:49,18-09-2026 17:06:30,1,operator_reported_trip_stop,2026-09-18T11:37:56.658203+00:00,dfc02f03edf56da369b873754cbb10805a97277e566a44bf473bdb40faf08534
nmmt_vehicle_593_20260918,593,593,567801922,7814,3170,4,181908736,Running,skipped,16:17:10,16:17:10,2026-09-18T16:17:10.435,16:33:25,,False,False,16:13,17:49,18-09-2026 17:06:30,1,operator_reported_trip_stop,2026-09-18T11:37:56.658203+00:00,dfc02f03edf56da369b873754cbb10805a97277e566a44bf473bdb40faf08534
nmmt_vehicle_593_20260918,593,593,567801922,7814,4075,5,181908737,Running,skipped,16:18:13,16:18:13,2026-09-18T16:18:13.043,16:36:54,,False,False,16:13,17:49,18-09-2026 17:06:30,1,operator_reported_trip_stop,2026-09-18T11:37:56.658203+00:00,dfc02f03edf56da369b873754cbb10805a97277e566a44bf473bdb40faf08534
nmmt_vehicle_593_20260918,593,593,567801922,7814,4074,6,181908738,Running,covered,16:19:15,16:19:15,2026-09-18T16:19:15.652,16:37:34,16:37:44,True,False,16:13,17:49,18-09-2026 17:06:30,1,operator_reported_trip_stop,2026-09-18T11:37:56.658203+00:00,dfc02f03edf56da369b873754cbb10805a97277e566a44bf473bdb40faf08534
nmmt_vehicle_593_20260918,593,593,567801922,7814,4073,7,181908739,Running,skipped,16:21:20,16:21:20,2026-09-18T16:21:20.87,16:39:44,,False,False,16:13,17:49,18-09-2026 17:06:30,1,operator_reported_trip_stop,2026-09-18T11:37:56.658203+00:00,dfc02f03edf56da369b873754cbb10805a97277e566a44bf473bdb40faf08534
nmmt_vehicle_593_20260918,593,593,567801922,7814,4072,8,181908740,Running,skipped,16:22:23,16:22:23,2026-09-18T16:22:23.478,16:40:34,,False,False,16:13,17:49,18-09-2026 17:06:30,1,operator_reported_trip_stop,2026-09-18T11:37:56.658203+00:00,dfc02f03edf56da369b873754cbb10805a97277e566a44bf473bdb40faf08534
nmmt_vehicle_593_20260918,593,593,567801922,7814,4071,9,181908741,Running,covered,16:23:26,16:23:26,2026-09-18T16:23:26.087,16:40:55,16:41:30,True,False,16:13,17:49,18-09-2026 17:06:30,1,operator_reported_trip_stop,2026-09-18T11:37:56.658203+00:00,dfc02f03edf56da369b873754cbb10805a97277e566a44bf473bdb40faf08534
nmmt_vehicle_593_20260918,593,593,567801922,7814,2986,10,181908742,Running,skipped,16:25:31,16:25:31,2026-09-18T16:25:31.304,16:42:31,,False,False,16:13,17:49,18-09-2026 17:06:30,1,operator_reported_trip_stop,2026-09-18T11:37:56.658203+00:00,dfc02f03edf56da369b873754cbb10805a97277e566a44bf473bdb40faf08534
nmmt_vehicle_593_20260918,593,593,567801922,7814,3621,11,181908743,Running,skipped,16:27:36,16:27:36,2026-09-18T16:27:36.522,16:45:50,,False,False,16:13,17:49,18-09-2026 17:06:30,1,operator_reported_trip_stop,2026-09-18T11:37:56.658203+00:00,dfc02f03edf56da369b873754cbb10805a97277e566a44bf473bdb40faf08534
nmmt_vehicle_593_20260918,593,593,567801922,7814,3174,12,181908744,Running,covered,16:28:39,16:28:39,2026-09-18T16:28:39.13,16:46:05,16:47:40,True,False,16:13,17:49,18-09-2026 17:06:30,1,operator_reported_trip_stop,2026-09-18T11:37:56.658203+00:00,dfc02f03edf56da369b873754cbb10805a97277e566a44bf473bdb40faf08534
nmmt_vehicle_593_20260918,593,593,567801922,7814,4068,13,181908745,Running,skipped,16:29:41,16:29:41,2026-09-18T16:29:41.739,16:49:08,,False,False,16:13,17:49,18-09-2026 17:06:30,1,operator_reported_trip_stop,2026-09-18T11:37:56.658203+00:00,dfc02f03edf56da369b873754cbb10805a97277e566a44bf473bdb40faf08534
nmmt_vehicle_593_20260918,593,593,567801922,7814,4067,14,181908746,Running,covered,16:31:46,16:31:46,2026-09-18T16:31:46.957,16:50:20,16:51:35,True,False,16:13,17:49,18-09-2026 17:06:30,1,operator_reported_trip_stop,2026-09-18T11:37:56.658203+00:00,dfc02f03edf56da369b873754cbb10805a97277e566a44bf473bdb40faf08534
nmmt_vehicle_593_20260918,593,593,567801922,7814,4091,15,181908747,Running,skipped,16:32:49,16:32:49,2026-09-18T16:32:49.565,16:53:05,,False,False,16:13,17:49,18-09-2026 17:06:30,1,operator_reported_trip_stop,2026-09-18T11:37:56.658203+00:00,dfc02f03edf56da369b873754cbb10805a97277e566a44bf473bdb40faf08534
nmmt_vehicle_593_20260918,593,593,567801922,7814,3176,16,181908748,Running,covered,16:33:52,16:33:52,2026-09-18T16:33:52.174,16:54:00,16:57:20,True,False,16:13,17:49,18-09-2026 17:06:30,1,operator_reported_trip_stop,2026-09-18T11:37:56.658203+00:00,dfc02f03edf56da369b873754cbb10805a97277e566a44bf473bdb40faf08534
nmmt_vehicle_593_20260918,593,593,567801922,7814,3137,17,181908749,Running,covered,16:34:54,16:34:54,2026-09-18T16:34:54.783,16:57:20,16:57:45,True,False,16:13,17:49,18-09-2026 17:06:30,1,operator_reported_trip_stop,2026-09-18T11:37:56.658203+00:00,dfc02f03edf56da369b873754cbb10805a97277e566a44bf473bdb40faf08534
nmmt_vehicle_593_20260918,593,593,567801922,7814,3177,18,181908750,Running,skipped,16:35:57,16:35:57,2026-09-18T16:35:57.391,17:00:25,17:01:15,False,False,16:13,17:49,18-09-2026 17:06:30,1,operator_reported_trip_stop,2026-09-18T11:37:56.658203+00:00,dfc02f03edf56da369b873754cbb10805a97277e566a44bf473bdb40faf08534
nmmt_vehicle_593_20260918,593,593,567801922,7814,2673,19,181908751,Running,covered,16:37:00,16:37:00,2026-09-18T16:37:00,17:01:40,17:02:40,True,False,16:13,17:49,18-09-2026 17:06:30,1,operator_reported_trip_stop,2026-09-18T11:37:56.658203+00:00,dfc02f03edf56da369b873754cbb10805a97277e566a44bf473bdb40faf08534
nmmt_vehicle_593_20260918,593,593,567801922,7814,2676,20,181908752,Running,covered,16:38:02,16:38:02,2026-09-18T16:38:02.609,17:03:55,17:04:20,True,False,16:13,17:49,18-09-2026 17:06:30,1,operator_reported_trip_stop,2026-09-18T11:37:56.658203+00:00,dfc02f03edf56da369b873754cbb10805a97277e566a44bf473bdb40faf08534
nmmt_vehicle_593_20260918,593,593,567801922,7814,4099,21,181908753,Running,upcoming,16:40:07,16:40:07,2026-09-18T16:40:07.826,16:40:07,,False,True,16:13,17:49,18-09-2026 17:06:30,1,operator_reported_trip_stop,2026-09-18T11:37:56.658203+00:00,dfc02f03edf56da369b873754cbb10805a97277e566a44bf473bdb40faf08534
nmmt_vehicle_593_20260918,593,593,567801922,7814,4101,22,181908754,Running,upcoming,16:41:10,16:41:10,2026-09-18T16:41:10.435,16:41:10,,False,True,16:13,17:49,18-09-2026 17:06:30,1,operator_reported_trip_stop,2026-09-18T11:37:56.658203+00:00,dfc02f03edf56da369b873754cbb10805a97277e566a44bf473bdb40faf08534
nmmt_vehicle_593_20260918,593,593,567801922,7814,3912,23,181908755,Running,upcoming,16:42:13,16:42:13,2026-09-18T16:42:13.043,16:42:13,,False,True,16:13,17:49,18-09-2026 17:06:30,1,operator_reported_trip_stop,2026-09-18T11:37:56.658203+00:00,dfc02f03edf56da369b873754cbb10805a97277e566a44bf473bdb40faf08534
nmmt_vehicle_593_20260918,593,593,567801922,7814,2688,24,181908756,Running,upcoming,16:44:18,16:44:18,2026-09-18T16:44:18.261,16:44:18,,False,True,16:13,17:49,18-09-2026 17:06:30,1,operator_reported_trip_stop,2026-09-18T11:37:56.658203+00:00,dfc02f03edf56da369b873754cbb10805a97277e566a44bf473bdb40faf08534
nmmt_vehicle_593_20260918,593,593,567801922,7814,2763,25,181908757,Running,upcoming,16:46:23,16:46:23,2026-09-18T16:46:23.478,16:46:23,,False,True,16:13,17:49,18-09-2026 17:06:30,1,operator_reported_trip_stop,2026-09-18T11:37:56.658203+00:00,dfc02f03edf56da369b873754cbb10805a97277e566a44bf473bdb40faf08534
nmmt_vehicle_593_20260918,593,593,567801922,7814,2690,26,181908758,Running,upcoming,16:48:28,16:48:28,2026-09-18T16:48:28.696,16:48:28,,False,True,16:13,17:49,18-09-2026 17:06:30,1,operator_reported_trip_stop,2026-09-18T11:37:56.658203+00:00,dfc02f03edf56da369b873754cbb10805a97277e566a44bf473bdb40faf08534
nmmt_vehicle_593_20260918,593,593,567801922,7814,3178,27,181908759,Running,upcoming,16:52:39,16:52:39,2026-09-18T16:52:39.13,16:52:39,,False,True,16:13,17:49,18-09-2026 17:06:30,1,operator_reported_trip_stop,2026-09-18T11:37:56.658203+00:00,dfc02f03edf56da369b873754cbb10805a97277e566a44bf473bdb40faf08534
nmmt_vehicle_593_20260918,593,593,567801922,7814,3071,28,181908760,Running,upcoming,16:54:44,16:54:44,2026-09-18T16:54:44.348,16:54:44,,False,True,16:13,17:49,18-09-2026 17:06:30,1,operator_reported_trip_stop,2026-09-18T11:37:56.658203+00:00,dfc02f03edf56da369b873754cbb10805a97277e566a44bf473bdb40faf08534
nmmt_vehicle_593_20260918,593,593,567801922,7814,4478,29,181908761,Running,upcoming,16:56:49,16:56:49,2026-09-18T16:56:49.565,16:56:49,,False,True,16:13,17:49,18-09-2026 17:06:30,1,operator_reported_trip_stop,2026-09-18T11:37:56.658203+00:00,dfc02f03edf56da369b873754cbb10805a97277e566a44bf473bdb40faf08534
nmmt_vehicle_593_20260918,593,593,567801922,7814,4476,30,181908762,Running,upcoming,16:59:57,16:59:57,2026-09-18T16:59:57.391,16:59:57,,False,True,16:13,17:49,18-09-2026 17:06:30,1,operator_reported_trip_stop,2026-09-18T11:37:56.658203+00:00,dfc02f03edf56da369b873754cbb10805a97277e566a44bf473bdb40faf08534
nmmt_vehicle_593_20260918,593,593,567801922,7814,4475,31,181908763,Running,upcoming,17:02:02,17:02:02,2026-09-18T17:02:02.609,17:02:02,,False,True,16:13,17:49,18-09-2026 17:06:30,1,operator_reported_trip_stop,2026-09-18T11:37:56.658203+00:00,dfc02f03edf56da369b873754cbb10805a97277e566a44bf473bdb40faf08534
nmmt_vehicle_593_20260918,593,593,567801922,7814,4472,32,181908764,Running,upcoming,17:05:10,17:05:10,2026-09-18T17:05:10.435,17:05:10,,False,True,16:13,17:49,18-09-2026 17:06:30,1,operator_reported_trip_stop,2026-09-18T11:37:56.658203+00:00,dfc02f03edf56da369b873754cbb10805a97277e566a44bf473bdb40faf08534
nmmt_vehicle_593_20260918,593,593,567801922,7814,3927,33,181908765,Running,upcoming,17:06:13,17:06:13,2026-09-18T17:06:13.043,17:06:13,,False,True,16:13,17:49,18-09-2026 17:06:30,1,operator_reported_trip_stop,2026-09-18T11:37:56.658203+00:00,dfc02f03edf56da369b873754cbb10805a97277e566a44bf473bdb40faf08534
nmmt_vehicle_593_20260918,593,593,567801922,7814,2726,34,181908766,Running,upcoming,17:08:18,17:08:18,2026-09-18T17:08:18.261,17:08:18,,False,True,16:13,17:49,18-09-2026 17:06:30,1,operator_reported_trip_stop,2026-09-18T11:37:56.658203+00:00,dfc02f03edf56da369b873754cbb10805a97277e566a44bf473bdb40faf08534
nmmt_vehicle_593_20260918,593,593,567801922,7814,3915,35,181908767,Running,upcoming,17:09:20,17:09:20,2026-09-18T17:09:20.87,17:09:20,,False,True,16:13,17:49,18-09-2026 17:06:30,1,operator_reported_trip_stop,2026-09-18T11:37:56.658203+00:00,dfc02f03edf56da369b873754cbb10805a97277e566a44bf473bdb40faf08534
nmmt_vehicle_593_20260918,593,593,567801922,7814,2524,36,181908768,Running,upcoming,17:10:23,17:10:23,2026-09-18T17:10:23.478,17:10:23,,False,True,16:13,17:49,18-09-2026 17:06:30,1,operator_reported_trip_stop,2026-09-18T11:37:56.658203+00:00,dfc02f03edf56da369b873754cbb10805a97277e566a44bf473bdb40faf08534
nmmt_vehicle_593_20260918,593,593,567801922,7814,3913,37,181908769,Running,upcoming,17:13:31,17:13:31,2026-09-18T17:13:31.304,17:13:31,,False,True,16:13,17:49,18-09-2026 17:06:30,1,operator_reported_trip_stop,2026-09-18T11:37:56.658203+00:00,dfc02f03edf56da369b873754cbb10805a97277e566a44bf473bdb40faf08534
nmmt_vehicle_593_20260918,593,593,567801922,7814,4210,38,181908770,Running,upcoming,17:16:39,17:16:39,2026-09-18T17:16:39.13,17:16:39,,False,True,16:13,17:49,18-09-2026 17:06:30,1,operator_reported_trip_stop,2026-09-18T11:37:56.658203+00:00,dfc02f03edf56da369b873754cbb10805a97277e566a44bf473bdb40faf08534
nmmt_vehicle_593_20260918,593,593,567801922,7814,4211,39,181908771,Running,upcoming,17:20:49,17:20:49,2026-09-18T17:20:49.565,17:20:49,,False,True,16:13,17:49,18-09-2026 17:06:30,1,operator_reported_trip_stop,2026-09-18T11:37:56.658203+00:00,dfc02f03edf56da369b873754cbb10805a97277e566a44bf473bdb40faf08534
nmmt_vehicle_593_20260918,593,593,567801922,7814,3992,40,181908772,Running,upcoming,17:23:57,17:23:57,2026-09-18T17:23:57.391,17:23:57,,False,True,16:13,17:49,18-09-2026 17:06:30,1,operator_reported_trip_stop,2026-09-18T11:37:56.658203+00:00,dfc02f03edf56da369b873754cbb10805a97277e566a44bf473bdb40faf08534
nmmt_vehicle_593_20260918,593,593,567801922,7814,4195,41,181908773,Running,upcoming,17:26:02,17:26:02,2026-09-18T17:26:02.609,17:26:02,,False,True,16:13,17:49,18-09-2026 17:06:30,1,operator_reported_trip_stop,2026-09-18T11:37:56.658203+00:00,dfc02f03edf56da369b873754cbb10805a97277e566a44bf473bdb40faf08534
nmmt_vehicle_593_20260918,593,593,567801922,7814,4194,42,181908774,Running,upcoming,17:27:05,17:27:05,2026-09-18T17:27:05.217,17:27:05,,False,True,16:13,17:49,18-09-2026 17:06:30,1,operator_reported_trip_stop,2026-09-18T11:37:56.658203+00:00,dfc02f03edf56da369b873754cbb10805a97277e566a44bf473bdb40faf08534
nmmt_vehicle_593_20260918,593,593,567801922,7814,4193,43,181908775,Running,upcoming,17:31:15,17:31:15,2026-09-18T17:31:15.652,17:31:15,,False,True,16:13,17:49,18-09-2026 17:06:30,1,operator_reported_trip_stop,2026-09-18T11:37:56.658203+00:00,dfc02f03edf56da369b873754cbb10805a97277e566a44bf473bdb40faf08534
nmmt_vehicle_593_20260918,593,593,567801922,7814,4191,44,181908776,Running,upcoming,17:36:28,17:36:28,2026-09-18T17:36:28.696,17:36:28,,False,True,16:13,17:49,18-09-2026 17:06:30,1,operator_reported_trip_stop,2026-09-18T11:37:56.658203+00:00,dfc02f03edf56da369b873754cbb10805a97277e566a44bf473bdb40faf08534
nmmt_vehicle_593_20260918,593,593,567801922,7814,4190,45,181908777,Running,upcoming,17:37:31,17:37:31,2026-09-18T17:37:31.304,17:37:31,,False,True,16:13,17:49,18-09-2026 17:06:30,1,operator_reported_trip_stop,2026-09-18T11:37:56.658203+00:00,dfc02f03edf56da369b873754cbb10805a97277e566a44bf473bdb40faf08534
nmmt_vehicle_593_20260918,593,593,567801922,7814,4189,46,181908778,Running,upcoming,17:38:33,17:38:33,2026-09-18T17:38:33.913,17:38:33,,False,True,16:13,17:49,18-09-2026 17:06:30,1,operator_reported_trip_stop,2026-09-18T11:37:56.658203+00:00,dfc02f03edf56da369b873754cbb10805a97277e566a44bf473bdb40faf08534
nmmt_vehicle_593_20260918,593,593,567801922,7814,4188,47,181908779,Running,upcoming,17:39:36,17:39:36,2026-09-18T17:39:36.522,17:39:36,,False,True,16:13,17:49,18-09-2026 17:06:30,1,operator_reported_trip_stop,2026-09-18T11:37:56.658203+00:00,dfc02f03edf56da369b873754cbb10805a97277e566a44bf473bdb40faf08534
nmmt_vehicle_593_20260918,593,593,567801922,7814,4187,48,181908780,Running,upcoming,17:40:39,17:40:39,2026-09-18T17:40:39.13,17:40:39,,False,True,16:13,17:49,18-09-2026 17:06:30,1,operator_reported_trip_stop,2026-09-18T11:37:56.658203+00:00,dfc02f03edf56da369b873754cbb10805a97277e566a44bf473bdb40faf08534
nmmt_vehicle_593_20260918,593,593,567801922,7814,4186,49,181908781,Running,upcoming,17:41:41,17:41:41,2026-09-18T17:41:41.739,17:41:41,,False,True,16:13,17:49,18-09-2026 17:06:30,1,operator_reported_trip_stop,2026-09-18T11:37:56.658203+00:00,dfc02f03edf56da369b873754cbb10805a97277e566a44bf473bdb40faf08534
nmmt_vehicle_593_20260918,593,593,567801922,7814,4185,50,181908782,Running,upcoming,17:42:44,17:42:44,2026-09-18T17:42:44.348,17:42:44,,False,True,16:13,17:49,18-09-2026 17:06:30,1,operator_reported_trip_stop,2026-09-18T11:37:56.658203+00:00,dfc02f03edf56da369b873754cbb10805a97277e566a44bf473bdb40faf08534
nmmt_vehicle_593_20260918,593,593,567801922,7814,2771,51,181908783,Running,upcoming,17:43:46,17:43:46,2026-09-18T17:43:46.957,17:43:46,,False,True,16:13,17:49,18-09-2026 17:06:30,1,operator_reported_trip_stop,2026-09-18T11:37:56.658203+00:00,dfc02f03edf56da369b873754cbb10805a97277e566a44bf473bdb40faf08534
nmmt_vehicle_593_20260918,593,593,567801922,7814,4174,52,181908784,Running,upcoming,17:44:49,17:44:49,2026-09-18T17:44:49.565,17:44:49,,False,True,16:13,17:49,18-09-2026 17:06:30,1,operator_reported_trip_stop,2026-09-18T11:37:56.658203+00:00,dfc02f03edf56da369b873754cbb10805a97277e566a44bf473bdb40faf08534
nmmt_vehicle_593_20260918,593,593,567801922,7814,4172,53,181908785,Running,upcoming,17:45:52,17:45:52,2026-09-18T17:45:52.174,17:45:52,,False,True,16:13,17:49,18-09-2026 17:06:30,1,operator_reported_trip_stop,2026-09-18T11:37:56.658203+00:00,dfc02f03edf56da369b873754cbb10805a97277e566a44bf473bdb40faf08534
nmmt_vehicle_593_20260918,593,593,567801922,7814,4171,54,181908786,Running,upcoming,17:46:54,17:46:54,2026-09-18T17:46:54.783,17:46:54,,False,True,16:13,17:49,18-09-2026 17:06:30,1,operator_reported_trip_stop,2026-09-18T11:37:56.658203+00:00,dfc02f03edf56da369b873754cbb10805a97277e566a44bf473bdb40faf08534
nmmt_vehicle_593_20260918,593,593,567801922,7814,2775,55,181908787,Running,upcoming,17:47:57,17:47:57,2026-09-18T17:47:57.391,17:47:57,,False,True,16:13,17:49,18-09-2026 17:06:30,1,operator_reported_trip_stop,2026-09-18T11:37:56.658203+00:00,dfc02f03edf56da369b873754cbb10805a97277e566a44bf473bdb40faf08534
nmmt_vehicle_593_20260918,593,593,567801922,7814,2776,56,181908788,Running,upcoming,17:49:00,17:49:00,2026-09-18T17:49:00,17:49:00,,False,True,16:13,17:49,18-09-2026 17:06:30,1,operator_reported_trip_stop,2026-09-18T11:37:56.658203+00:00,dfc02f03edf56da369b873754cbb10805a97277e566a44bf473bdb40faf08534
nmmt_vehicle_600_20260918,600,600,567789596,9600,3303,1,181890560,Running,covered,16:09:00,16:09:00,2026-09-18T16:09:00,16:17:22,16:17:32,True,False,16:09,17:44,18-09-2026 17:23:08,1,operator_reported_trip_stop,2026-09-18T11:53:47.502132+00:00,4c2a417ccb30efae405a14a279995ffc9aeff21c900794ba19c53026d777f7cd
nmmt_vehicle_600_20260918,600,600,567789596,9600,3307,2,181890561,Running,skipped,16:10:27,16:10:27,2026-09-18T16:10:27.692,16:20:12,16:20:22,False,False,16:09,17:44,18-09-2026 17:23:08,1,operator_reported_trip_stop,2026-09-18T11:53:47.502132+00:00,4c2a417ccb30efae405a14a279995ffc9aeff21c900794ba19c53026d777f7cd
nmmt_vehicle_600_20260918,600,600,567789596,9600,3302,3,181890562,Running,skipped,16:11:55,16:11:55,2026-09-18T16:11:55.385,16:21:36,,False,False,16:09,17:44,18-09-2026 17:23:08,1,operator_reported_trip_stop,2026-09-18T11:53:47.502132+00:00,4c2a417ccb30efae405a14a279995ffc9aeff21c900794ba19c53026d777f7cd
nmmt_vehicle_600_20260918,600,600,567789596,9600,3301,4,181890563,Running,covered,16:13:23,16:13:23,2026-09-18T16:13:23.077,16:22:47,16:23:22,True,False,16:09,17:44,18-09-2026 17:23:08,1,operator_reported_trip_stop,2026-09-18T11:53:47.502132+00:00,4c2a417ccb30efae405a14a279995ffc9aeff21c900794ba19c53026d777f7cd
nmmt_vehicle_600_20260918,600,600,567789596,9600,4957,5,181890564,Running,skipped,16:14:50,16:14:50,2026-09-18T16:14:50.769,16:24:17,,False,False,16:09,17:44,18-09-2026 17:23:08,1,operator_reported_trip_stop,2026-09-18T11:53:47.502132+00:00,4c2a417ccb30efae405a14a279995ffc9aeff21c900794ba19c53026d777f7cd
nmmt_vehicle_600_20260918,600,600,567789596,9600,4956,6,181890565,Running,skipped,16:16:18,16:16:18,2026-09-18T16:16:18.462,16:24:27,16:25:12,False,False,16:09,17:44,18-09-2026 17:23:08,1,operator_reported_trip_stop,2026-09-18T11:53:47.502132+00:00,4c2a417ccb30efae405a14a279995ffc9aeff21c900794ba19c53026d777f7cd
nmmt_vehicle_600_20260918,600,600,567789596,9600,4955,7,181890566,Running,skipped,16:17:46,16:17:46,2026-09-18T16:17:46.154,16:25:22,16:26:02,False,False,16:09,17:44,18-09-2026 17:23:08,1,operator_reported_trip_stop,2026-09-18T11:53:47.502132+00:00,4c2a417ccb30efae405a14a279995ffc9aeff21c900794ba19c53026d777f7cd
nmmt_vehicle_600_20260918,600,600,567789596,9600,4954,8,181890567,Running,skipped,16:19:13,16:19:13,2026-09-18T16:19:13.846,16:26:12,16:26:52,False,False,16:09,17:44,18-09-2026 17:23:08,1,operator_reported_trip_stop,2026-09-18T11:53:47.502132+00:00,4c2a417ccb30efae405a14a279995ffc9aeff21c900794ba19c53026d777f7cd
nmmt_vehicle_600_20260918,600,600,567789596,9600,4953,9,181890568,Running,skipped,16:20:41,16:20:41,2026-09-18T16:20:41.538,16:27:02,16:27:47,False,False,16:09,17:44,18-09-2026 17:23:08,1,operator_reported_trip_stop,2026-09-18T11:53:47.502132+00:00,4c2a417ccb30efae405a14a279995ffc9aeff21c900794ba19c53026d777f7cd
nmmt_vehicle_600_20260918,600,600,567789596,9600,4952,10,181890569,Running,skipped,16:22:09,16:22:09,2026-09-18T16:22:09.231,16:27:47,16:31:47,False,False,16:09,17:44,18-09-2026 17:23:08,1,operator_reported_trip_stop,2026-09-18T11:53:47.502132+00:00,4c2a417ccb30efae405a14a279995ffc9aeff21c900794ba19c53026d777f7cd
nmmt_vehicle_600_20260918,600,600,567789596,9600,4951,11,181890570,Running,skipped,16:23:36,16:23:36,2026-09-18T16:23:36.923,16:31:19,,False,False,16:09,17:44,18-09-2026 17:23:08,1,operator_reported_trip_stop,2026-09-18T11:53:47.502132+00:00,4c2a417ccb30efae405a14a279995ffc9aeff21c900794ba19c53026d777f7cd
nmmt_vehicle_600_20260918,600,600,567789596,9600,3316,12,181890571,Running,skipped,16:25:04,16:25:04,2026-09-18T16:25:04.615,16:32:32,,False,False,16:09,17:44,18-09-2026 17:23:08,1,operator_reported_trip_stop,2026-09-18T11:53:47.502132+00:00,4c2a417ccb30efae405a14a279995ffc9aeff21c900794ba19c53026d777f7cd
nmmt_vehicle_600_20260918,600,600,567789596,9600,3317,13,181890572,Running,covered,16:26:32,16:26:32,2026-09-18T16:26:32.308,16:33:07,16:33:07,True,False,16:09,17:44,18-09-2026 17:23:08,1,operator_reported_trip_stop,2026-09-18T11:53:47.502132+00:00,4c2a417ccb30efae405a14a279995ffc9aeff21c900794ba19c53026d777f7cd
nmmt_vehicle_600_20260918,600,600,567789596,9600,3308,14,181890573,Running,skipped,16:28:00,16:28:00,2026-09-18T16:28:00,16:34:19,,False,False,16:09,17:44,18-09-2026 17:23:08,1,operator_reported_trip_stop,2026-09-18T11:53:47.502132+00:00,4c2a417ccb30efae405a14a279995ffc9aeff21c900794ba19c53026d777f7cd
nmmt_vehicle_600_20260918,600,600,567789596,9600,3296,15,181890574,Running,skipped,16:29:27,16:29:27,2026-09-18T16:29:27.692,16:34:53,,False,False,16:09,17:44,18-09-2026 17:23:08,1,operator_reported_trip_stop,2026-09-18T11:53:47.502132+00:00,4c2a417ccb30efae405a14a279995ffc9aeff21c900794ba19c53026d777f7cd
nmmt_vehicle_600_20260918,600,600,567789596,9600,3295,16,181890575,Running,covered,16:30:55,16:30:55,2026-09-18T16:30:55.385,16:36:17,16:37:32,True,False,16:09,17:44,18-09-2026 17:23:08,1,operator_reported_trip_stop,2026-09-18T11:53:47.502132+00:00,4c2a417ccb30efae405a14a279995ffc9aeff21c900794ba19c53026d777f7cd
nmmt_vehicle_600_20260918,600,600,567789596,9600,3294,17,181890576,Running,covered,16:32:23,16:32:23,2026-09-18T16:32:23.077,16:37:32,16:38:12,True,False,16:09,17:44,18-09-2026 17:23:08,1,operator_reported_trip_stop,2026-09-18T11:53:47.502132+00:00,4c2a417ccb30efae405a14a279995ffc9aeff21c900794ba19c53026d777f7cd
nmmt_vehicle_600_20260918,600,600,567789596,9600,3292,18,181890577,Running,covered,16:33:50,16:33:50,2026-09-18T16:33:50.769,16:42:27,16:43:08,True,False,16:09,17:44,18-09-2026 17:23:08,1,operator_reported_trip_stop,2026-09-18T11:53:47.502132+00:00,4c2a417ccb30efae405a14a279995ffc9aeff21c900794ba19c53026d777f7cd
nmmt_vehicle_600_20260918,600,600,567789596,9600,3291,19,181890578,Running,skipped,16:36:46,16:36:46,2026-09-18T16:36:46.154,16:45:33,16:46:13,False,False,16:09,17:44,18-09-2026 17:23:08,1,operator_reported_trip_stop,2026-09-18T11:53:47.502132+00:00,4c2a417ccb30efae405a14a279995ffc9aeff21c900794ba19c53026d777f7cd
nmmt_vehicle_600_20260918,600,600,567789596,9600,3289,20,181890579,Running,covered,16:38:13,16:38:13,2026-09-18T16:38:13.846,16:48:03,16:48:48,True,False,16:09,17:44,18-09-2026 17:23:08,1,operator_reported_trip_stop,2026-09-18T11:53:47.502132+00:00,4c2a417ccb30efae405a14a279995ffc9aeff21c900794ba19c53026d777f7cd
nmmt_vehicle_600_20260918,600,600,567789596,9600,3288,21,181890580,Running,covered,16:39:41,16:39:41,2026-09-18T16:39:41.538,16:50:23,16:51:13,True,False,16:09,17:44,18-09-2026 17:23:08,1,operator_reported_trip_stop,2026-09-18T11:53:47.502132+00:00,4c2a417ccb30efae405a14a279995ffc9aeff21c900794ba19c53026d777f7cd
nmmt_vehicle_600_20260918,600,600,567789596,9600,3287,22,181890581,Running,skipped,16:41:09,16:41:09,2026-09-18T16:41:09.231,16:52:33,16:53:23,False,False,16:09,17:44,18-09-2026 17:23:08,1,operator_reported_trip_stop,2026-09-18T11:53:47.502132+00:00,4c2a417ccb30efae405a14a279995ffc9aeff21c900794ba19c53026d777f7cd
nmmt_vehicle_600_20260918,600,600,567789596,9600,3686,23,181890582,Running,skipped,16:42:36,16:42:36,2026-09-18T16:42:36.923,16:53:39,,False,False,16:09,17:44,18-09-2026 17:23:08,1,operator_reported_trip_stop,2026-09-18T11:53:47.502132+00:00,4c2a417ccb30efae405a14a279995ffc9aeff21c900794ba19c53026d777f7cd
nmmt_vehicle_600_20260918,600,600,567789596,9600,3286,24,181890583,Running,skipped,16:44:04,16:44:04,2026-09-18T16:44:04.615,16:54:23,16:55:53,False,False,16:09,17:44,18-09-2026 17:23:08,1,operator_reported_trip_stop,2026-09-18T11:53:47.502132+00:00,4c2a417ccb30efae405a14a279995ffc9aeff21c900794ba19c53026d777f7cd
nmmt_vehicle_600_20260918,600,600,567789596,9600,3285,25,181890584,Running,skipped,16:47:00,16:47:00,2026-09-18T16:47:00,16:56:30,,False,False,16:09,17:44,18-09-2026 17:23:08,1,operator_reported_trip_stop,2026-09-18T11:53:47.502132+00:00,4c2a417ccb30efae405a14a279995ffc9aeff21c900794ba19c53026d777f7cd
nmmt_vehicle_600_20260918,600,600,567789596,9600,3284,26,181890585,Running,skipped,16:48:27,16:48:27,2026-09-18T16:48:27.692,16:57:18,,False,False,16:09,17:44,18-09-2026 17:23:08,1,operator_reported_trip_stop,2026-09-18T11:53:47.502132+00:00,4c2a417ccb30efae405a14a279995ffc9aeff21c900794ba19c53026d777f7cd
nmmt_vehicle_600_20260918,600,600,567789596,9600,4114,27,181890586,Running,covered,16:51:23,16:51:23,2026-09-18T16:51:23.077,16:58:38,16:58:48,True,False,16:09,17:44,18-09-2026 17:23:08,1,operator_reported_trip_stop,2026-09-18T11:53:47.502132+00:00,4c2a417ccb30efae405a14a279995ffc9aeff21c900794ba19c53026d777f7cd
nmmt_vehicle_600_20260918,600,600,567789596,9600,4102,28,181890587,Running,covered,16:52:50,16:52:50,2026-09-18T16:52:50.769,16:59:33,17:00:48,True,False,16:09,17:44,18-09-2026 17:23:08,1,operator_reported_trip_stop,2026-09-18T11:53:47.502132+00:00,4c2a417ccb30efae405a14a279995ffc9aeff21c900794ba19c53026d777f7cd
nmmt_vehicle_600_20260918,600,600,567789596,9600,4103,29,181890588,Running,skipped,16:54:18,16:54:18,2026-09-18T16:54:18.462,17:00:58,17:01:03,False,False,16:09,17:44,18-09-2026 17:23:08,1,operator_reported_trip_stop,2026-09-18T11:53:47.502132+00:00,4c2a417ccb30efae405a14a279995ffc9aeff21c900794ba19c53026d777f7cd
nmmt_vehicle_600_20260918,600,600,567789596,9600,4104,30,181890589,Running,skipped,16:55:46,16:55:46,2026-09-18T16:55:46.154,17:02:18,17:02:28,False,False,16:09,17:44,18-09-2026 17:23:08,1,operator_reported_trip_stop,2026-09-18T11:53:47.502132+00:00,4c2a417ccb30efae405a14a279995ffc9aeff21c900794ba19c53026d777f7cd
nmmt_vehicle_600_20260918,600,600,567789596,9600,4105,31,181890590,Running,skipped,16:57:13,16:57:13,2026-09-18T16:57:13.846,17:04:13,17:04:23,False,False,16:09,17:44,18-09-2026 17:23:08,1,operator_reported_trip_stop,2026-09-18T11:53:47.502132+00:00,4c2a417ccb30efae405a14a279995ffc9aeff21c900794ba19c53026d777f7cd
nmmt_vehicle_600_20260918,600,600,567789596,9600,4106,32,181890591,Running,covered,16:58:41,16:58:41,2026-09-18T16:58:41.538,17:05:08,17:05:43,True,False,16:09,17:44,18-09-2026 17:23:08,1,operator_reported_trip_stop,2026-09-18T11:53:47.502132+00:00,4c2a417ccb30efae405a14a279995ffc9aeff21c900794ba19c53026d777f7cd
nmmt_vehicle_600_20260918,600,600,567789596,9600,3359,33,181890592,Running,skipped,17:00:09,17:00:09,2026-09-18T17:00:09.231,17:07:19,,False,False,16:09,17:44,18-09-2026 17:23:08,1,operator_reported_trip_stop,2026-09-18T11:53:47.502132+00:00,4c2a417ccb30efae405a14a279995ffc9aeff21c900794ba19c53026d777f7cd
nmmt_vehicle_600_20260918,600,600,567789596,9600,3318,34,181890593,Running,skipped,17:01:36,17:01:36,2026-09-18T17:01:36.923,17:10:41,,False,False,16:09,17:44,18-09-2026 17:23:08,1,operator_reported_trip_stop,2026-09-18T11:53:47.502132+00:00,4c2a417ccb30efae405a14a279995ffc9aeff21c900794ba19c53026d777f7cd
nmmt_vehicle_600_20260918,600,600,567789596,9600,5311,35,181890594,Running,skipped,17:03:04,17:03:04,2026-09-18T17:03:04.615,17:11:31,,False,False,16:09,17:44,18-09-2026 17:23:08,1,operator_reported_trip_stop,2026-09-18T11:53:47.502132+00:00,4c2a417ccb30efae405a14a279995ffc9aeff21c900794ba19c53026d777f7cd
nmmt_vehicle_600_20260918,600,600,567789596,9600,3319,36,181890595,Running,skipped,17:04:32,17:04:32,2026-09-18T17:04:32.308,17:12:22,,False,False,16:09,17:44,18-09-2026 17:23:08,1,operator_reported_trip_stop,2026-09-18T11:53:47.502132+00:00,4c2a417ccb30efae405a14a279995ffc9aeff21c900794ba19c53026d777f7cd
nmmt_vehicle_600_20260918,600,600,567789596,9600,3320,37,181890596,Running,covered,17:06:00,17:06:00,2026-09-18T17:06:00,17:13:33,17:14:13,True,False,16:09,17:44,18-09-2026 17:23:08,1,operator_reported_trip_stop,2026-09-18T11:53:47.502132+00:00,4c2a417ccb30efae405a14a279995ffc9aeff21c900794ba19c53026d777f7cd
nmmt_vehicle_600_20260918,600,600,567789596,9600,3321,38,181890597,Running,skipped,17:07:27,17:07:27,2026-09-18T17:07:27.692,17:15:15,,False,False,16:09,17:44,18-09-2026 17:23:08,1,operator_reported_trip_stop,2026-09-18T11:53:47.502132+00:00,4c2a417ccb30efae405a14a279995ffc9aeff21c900794ba19c53026d777f7cd
nmmt_vehicle_600_20260918,600,600,567789596,9600,3322,39,181890598,Running,skipped,17:08:55,17:08:55,2026-09-18T17:08:55.385,17:17:40,,False,False,16:09,17:44,18-09-2026 17:23:08,1,operator_reported_trip_stop,2026-09-18T11:53:47.502132+00:00,4c2a417ccb30efae405a14a279995ffc9aeff21c900794ba19c53026d777f7cd
nmmt_vehicle_600_20260918,600,600,567789596,9600,4176,40,181890599,Running,skipped,17:10:23,17:10:23,2026-09-18T17:10:23.077,17:20:05,,False,False,16:09,17:44,18-09-2026 17:23:08,1,operator_reported_trip_stop,2026-09-18T11:53:47.502132+00:00,4c2a417ccb30efae405a14a279995ffc9aeff21c900794ba19c53026d777f7cd
nmmt_vehicle_600_20260918,600,600,567789596,9600,3544,41,181890600,Running,skipped,17:11:50,17:11:50,2026-09-18T17:11:50.769,17:21:18,,False,False,16:09,17:44,18-09-2026 17:23:08,1,operator_reported_trip_stop,2026-09-18T11:53:47.502132+00:00,4c2a417ccb30efae405a14a279995ffc9aeff21c900794ba19c53026d777f7cd
nmmt_vehicle_600_20260918,600,600,567789596,9600,3992,42,181890601,Running,covered,17:13:18,17:13:18,2026-09-18T17:13:18.462,17:23:18,17:23:18,True,False,16:09,17:44,18-09-2026 17:23:08,1,operator_reported_trip_stop,2026-09-18T11:53:47.502132+00:00,4c2a417ccb30efae405a14a279995ffc9aeff21c900794ba19c53026d777f7cd
nmmt_vehicle_600_20260918,600,600,567789596,9600,4195,43,181890602,Running,upcoming,17:14:46,17:14:46,2026-09-18T17:14:46.154,17:14:46,,False,True,16:09,17:44,18-09-2026 17:23:08,1,operator_reported_trip_stop,2026-09-18T11:53:47.502132+00:00,4c2a417ccb30efae405a14a279995ffc9aeff21c900794ba19c53026d777f7cd
nmmt_vehicle_600_20260918,600,600,567789596,9600,4194,44,181890603,Running,upcoming,17:16:13,17:16:13,2026-09-18T17:16:13.846,17:16:13,,False,True,16:09,17:44,18-09-2026 17:23:08,1,operator_reported_trip_stop,2026-09-18T11:53:47.502132+00:00,4c2a417ccb30efae405a14a279995ffc9aeff21c900794ba19c53026d777f7cd
nmmt_vehicle_600_20260918,600,600,567789596,9600,4193,45,181890604,Running,upcoming,17:17:41,17:17:41,2026-09-18T17:17:41.538,17:17:41,,False,True,16:09,17:44,18-09-2026 17:23:08,1,operator_reported_trip_stop,2026-09-18T11:53:47.502132+00:00,4c2a417ccb30efae405a14a279995ffc9aeff21c900794ba19c53026d777f7cd
nmmt_vehicle_600_20260918,600,600,567789596,9600,4191,46,181890605,Running,upcoming,17:19:09,17:19:09,2026-09-18T17:19:09.231,17:19:09,,False,True,16:09,17:44,18-09-2026 17:23:08,1,operator_reported_trip_stop,2026-09-18T11:53:47.502132+00:00,4c2a417ccb30efae405a14a279995ffc9aeff21c900794ba19c53026d777f7cd
nmmt_vehicle_600_20260918,600,600,567789596,9600,4190,47,181890606,Running,upcoming,17:20:36,17:20:36,2026-09-18T17:20:36.923,17:20:36,,False,True,16:09,17:44,18-09-2026 17:23:08,1,operator_reported_trip_stop,2026-09-18T11:53:47.502132+00:00,4c2a417ccb30efae405a14a279995ffc9aeff21c900794ba19c53026d777f7cd
nmmt_vehicle_600_20260918,600,600,567789596,9600,4189,48,181890607,Running,upcoming,17:22:04,17:22:04,2026-09-18T17:22:04.615,17:22:04,,False,True,16:09,17:44,18-09-2026 17:23:08,1,operator_reported_trip_stop,2026-09-18T11:53:47.502132+00:00,4c2a417ccb30efae405a14a279995ffc9aeff21c900794ba19c53026d777f7cd
nmmt_vehicle_600_20260918,600,600,567789596,9600,4188,49,181890608,Running,upcoming,17:23:32,17:23:32,2026-09-18T17:23:32.308,17:23:32,,False,True,16:09,17:44,18-09-2026 17:23:08,1,operator_reported_trip_stop,2026-09-18T11:53:47.502132+00:00,4c2a417ccb30efae405a14a279995ffc9aeff21c900794ba19c53026d777f7cd
nmmt_vehicle_600_20260918,600,600,567789596,9600,4187,50,181890609,Running,upcoming,17:25:00,17:25:00,2026-09-18T17:25:00,17:25:00,,False,True,16:09,17:44,18-09-2026 17:23:08,1,operator_reported_trip_stop,2026-09-18T11:53:47.502132+00:00,4c2a417ccb30efae405a14a279995ffc9aeff21c900794ba19c53026d777f7cd
nmmt_vehicle_600_20260918,600,600,567789596,9600,4186,51,181890610,Running,upcoming,17:26:27,17:26:27,2026-09-18T17:26:27.692,17:26:27,,False,True,16:09,17:44,18-09-2026 17:23:08,1,operator_reported_trip_stop,2026-09-18T11:53:47.502132+00:00,4c2a417ccb30efae405a14a279995ffc9aeff21c900794ba19c53026d777f7cd
nmmt_vehicle_600_20260918,600,600,567789596,9600,4185,52,181890611,Running,upcoming,17:29:23,17:29:23,2026-09-18T17:29:23.077,17:29:23,,False,True,16:09,17:44,18-09-2026 17:23:08,1,operator_reported_trip_stop,2026-09-18T11:53:47.502132+00:00,4c2a417ccb30efae405a14a279995ffc9aeff21c900794ba19c53026d777f7cd
nmmt_vehicle_600_20260918,600,600,567789596,9600,4175,53,181890612,Running,upcoming,17:32:18,17:32:18,2026-09-18T17:32:18.462,17:32:18,,False,True,16:09,17:44,18-09-2026 17:23:08,1,operator_reported_trip_stop,2026-09-18T11:53:47.502132+00:00,4c2a417ccb30efae405a14a279995ffc9aeff21c900794ba19c53026d777f7cd
nmmt_vehicle_600_20260918,600,600,567789596,9600,4184,54,181890613,Running,upcoming,17:35:13,17:35:13,2026-09-18T17:35:13.846,17:35:13,,False,True,16:09,17:44,18-09-2026 17:23:08,1,operator_reported_trip_stop,2026-09-18T11:53:47.502132+00:00,4c2a417ccb30efae405a14a279995ffc9aeff21c900794ba19c53026d777f7cd
nmmt_vehicle_600_20260918,600,600,567789596,9600,4183,55,181890614,Running,upcoming,17:36:41,17:36:41,2026-09-18T17:36:41.538,17:36:41,,False,True,16:09,17:44,18-09-2026 17:23:08,1,operator_reported_trip_stop,2026-09-18T11:53:47.502132+00:00,4c2a417ccb30efae405a14a279995ffc9aeff21c900794ba19c53026d777f7cd
nmmt_vehicle_600_20260918,600,600,567789596,9600,3425,56,181890615,Running,upcoming,17:38:09,17:38:09,2026-09-18T17:38:09.231,17:38:09,,False,True,16:09,17:44,18-09-2026 17:23:08,1,operator_reported_trip_stop,2026-09-18T11:53:47.502132+00:00,4c2a417ccb30efae405a14a279995ffc9aeff21c900794ba19c53026d777f7cd
nmmt_vehicle_600_20260918,600,600,567789596,9600,4197,57,181890616,Running,upcoming,17:39:36,17:39:36,2026-09-18T17:39:36.923,17:39:36,,False,True,16:09,17:44,18-09-2026 17:23:08,1,operator_reported_trip_stop,2026-09-18T11:53:47.502132+00:00,4c2a417ccb30efae405a14a279995ffc9aeff21c900794ba19c53026d777f7cd
nmmt_vehicle_600_20260918,600,600,567789596,9600,4198,58,181890617,Running,upcoming,17:41:04,17:41:04,2026-09-18T17:41:04.615,17:41:04,,False,True,16:09,17:44,18-09-2026 17:23:08,1,operator_reported_trip_stop,2026-09-18T11:53:47.502132+00:00,4c2a417ccb30efae405a14a279995ffc9aeff21c900794ba19c53026d777f7cd
nmmt_vehicle_600_20260918,600,600,567789596,9600,4199,59,181890618,Running,upcoming,17:42:32,17:42:32,2026-09-18T17:42:32.308,17:42:32,,False,True,16:09,17:44,18-09-2026 17:23:08,1,operator_reported_trip_stop,2026-09-18T11:53:47.502132+00:00,4c2a417ccb30efae405a14a279995ffc9aeff21c900794ba19c53026d777f7cd
nmmt_vehicle_600_20260918,600,600,567789596,9600,3699,60,181890619,Running,upcoming,17:42:32,17:42:32,2026-09-18T17:42:32.308,17:42:32,,False,True,16:09,17:44,18-09-2026 17:23:08,1,operator_reported_trip_stop,2026-09-18T11:53:47.502132+00:00,4c2a417ccb30efae405a14a279995ffc9aeff21c900794ba19c53026d777f7cd
nmmt_vehicle_600_20260918,600,600,567789596,9600,4201,61,181890620,Running,upcoming,17:44:00,17:44:00,2026-09-18T17:44:00,17:44:00,,False,True,16:09,17:44,18-09-2026 17:23:08,1,operator_reported_trip_stop,2026-09-18T11:53:47.502132+00:00,4c2a417ccb30efae405a14a279995ffc9aeff21c900794ba19c53026d777f7cd
nmmt_vehicle_603_20260918,603,603,567787720,9671,5230,1,181816726,Running,covered,17:03:00,17:03:00,2026-09-18T17:03:00,16:55:45,16:55:55,True,False,17:03,17:43,18-09-2026 17:22:41,1,operator_reported_trip_stop,2026-09-18T11:53:48.103305+00:00,20c617995d84c5b55932f859076733c758c7ad0984021375f091b78d5bae199c
nmmt_vehicle_603_20260918,603,603,567787720,9671,5231,2,181816727,Running,skipped,17:04:08,17:04:08,2026-09-18T17:04:08.571,16:59:20,,False,False,17:03,17:43,18-09-2026 17:22:41,1,operator_reported_trip_stop,2026-09-18T11:53:48.103305+00:00,20c617995d84c5b55932f859076733c758c7ad0984021375f091b78d5bae199c
nmmt_vehicle_603_20260918,603,603,567787720,9671,5232,3,181816728,Running,skipped,17:05:17,17:05:17,2026-09-18T17:05:17.143,17:01:55,17:03:20,False,False,17:03,17:43,18-09-2026 17:22:41,1,operator_reported_trip_stop,2026-09-18T11:53:48.103305+00:00,20c617995d84c5b55932f859076733c758c7ad0984021375f091b78d5bae199c
nmmt_vehicle_603_20260918,603,603,567787720,9671,5237,4,181816729,Running,skipped,17:06:25,17:06:25,2026-09-18T17:06:25.714,17:03:21,,False,False,17:03,17:43,18-09-2026 17:22:41,1,operator_reported_trip_stop,2026-09-18T11:53:48.103305+00:00,20c617995d84c5b55932f859076733c758c7ad0984021375f091b78d5bae199c
nmmt_vehicle_603_20260918,603,603,567787720,9671,5233,5,181816730,Running,covered,17:07:34,17:07:34,2026-09-18T17:07:34.286,17:03:35,17:04:15,True,False,17:03,17:43,18-09-2026 17:22:41,1,operator_reported_trip_stop,2026-09-18T11:53:48.103305+00:00,20c617995d84c5b55932f859076733c758c7ad0984021375f091b78d5bae199c
nmmt_vehicle_603_20260918,603,603,567787720,9671,5234,6,181816731,Running,skipped,17:08:42,17:08:42,2026-09-18T17:08:42.857,17:04:18,,False,False,17:03,17:43,18-09-2026 17:22:41,1,operator_reported_trip_stop,2026-09-18T11:53:48.103305+00:00,20c617995d84c5b55932f859076733c758c7ad0984021375f091b78d5bae199c
nmmt_vehicle_603_20260918,603,603,567787720,9671,5235,7,181816732,Running,covered,17:09:51,17:09:51,2026-09-18T17:09:51.429,17:04:15,17:05:00,True,False,17:03,17:43,18-09-2026 17:22:41,1,operator_reported_trip_stop,2026-09-18T11:53:48.103305+00:00,20c617995d84c5b55932f859076733c758c7ad0984021375f091b78d5bae199c
nmmt_vehicle_603_20260918,603,603,567787720,9671,5103,8,181816733,Running,covered,17:11:00,17:11:00,2026-09-18T17:11:00,17:05:45,17:06:45,True,False,17:03,17:43,18-09-2026 17:22:41,1,operator_reported_trip_stop,2026-09-18T11:53:48.103305+00:00,20c617995d84c5b55932f859076733c758c7ad0984021375f091b78d5bae199c
nmmt_vehicle_603_20260918,603,603,567787720,9671,4817,9,181816734,Running,covered,17:12:08,17:12:08,2026-09-18T17:12:08.571,17:07:10,17:08:05,True,False,17:03,17:43,18-09-2026 17:22:41,1,operator_reported_trip_stop,2026-09-18T11:53:48.103305+00:00,20c617995d84c5b55932f859076733c758c7ad0984021375f091b78d5bae199c
nmmt_vehicle_603_20260918,603,603,567787720,9671,3981,10,181816735,Running,covered,17:13:17,17:13:17,2026-09-18T17:13:17.143,17:08:15,17:08:25,True,False,17:03,17:43,18-09-2026 17:22:41,1,operator_reported_trip_stop,2026-09-18T11:53:48.103305+00:00,20c617995d84c5b55932f859076733c758c7ad0984021375f091b78d5bae199c
nmmt_vehicle_603_20260918,603,603,567787720,9671,3906,11,181816736,Running,covered,17:14:25,17:14:25,2026-09-18T17:14:25.714,17:10:30,17:10:35,True,False,17:03,17:43,18-09-2026 17:22:41,1,operator_reported_trip_stop,2026-09-18T11:53:48.103305+00:00,20c617995d84c5b55932f859076733c758c7ad0984021375f091b78d5bae199c
nmmt_vehicle_603_20260918,603,603,567787720,9671,3430,12,181816737,Running,covered,17:15:34,17:15:34,2026-09-18T17:15:34.286,17:11:45,17:11:55,True,False,17:03,17:43,18-09-2026 17:22:41,1,operator_reported_trip_stop,2026-09-18T11:53:48.103305+00:00,20c617995d84c5b55932f859076733c758c7ad0984021375f091b78d5bae199c
nmmt_vehicle_603_20260918,603,603,567787720,9671,3435,13,181816738,Running,skipped,17:16:42,17:16:42,2026-09-18T17:16:42.857,17:14:13,,False,False,17:03,17:43,18-09-2026 17:22:41,1,operator_reported_trip_stop,2026-09-18T11:53:48.103305+00:00,20c617995d84c5b55932f859076733c758c7ad0984021375f091b78d5bae199c
nmmt_vehicle_603_20260918,603,603,567787720,9671,4597,14,181816739,Running,covered,17:17:51,17:17:51,2026-09-18T17:17:51.429,17:15:41,17:16:31,True,False,17:03,17:43,18-09-2026 17:22:41,1,operator_reported_trip_stop,2026-09-18T11:53:48.103305+00:00,20c617995d84c5b55932f859076733c758c7ad0984021375f091b78d5bae199c
nmmt_vehicle_603_20260918,603,603,567787720,9671,4657,15,181816740,Running,skipped,17:19:00,17:19:00,2026-09-18T17:19:00,17:17:16,,False,False,17:03,17:43,18-09-2026 17:22:41,1,operator_reported_trip_stop,2026-09-18T11:53:48.103305+00:00,20c617995d84c5b55932f859076733c758c7ad0984021375f091b78d5bae199c
nmmt_vehicle_603_20260918,603,603,567787720,9671,3811,16,181816741,Running,skipped,17:20:08,17:20:08,2026-09-18T17:20:08.571,17:17:51,17:19:16,False,False,17:03,17:43,18-09-2026 17:22:41,1,operator_reported_trip_stop,2026-09-18T11:53:48.103305+00:00,20c617995d84c5b55932f859076733c758c7ad0984021375f091b78d5bae199c
nmmt_vehicle_603_20260918,603,603,567787720,9671,4596,17,181816742,Running,skipped,17:21:17,17:21:17,2026-09-18T17:21:17.143,17:19:51,,False,False,17:03,17:43,18-09-2026 17:22:41,1,operator_reported_trip_stop,2026-09-18T11:53:48.103305+00:00,20c617995d84c5b55932f859076733c758c7ad0984021375f091b78d5bae199c
nmmt_vehicle_603_20260918,603,603,567787720,9671,4594,18,181816743,Running,skipped,17:22:25,17:22:25,2026-09-18T17:22:25.714,17:20:51,,False,False,17:03,17:43,18-09-2026 17:22:41,1,operator_reported_trip_stop,2026-09-18T11:53:48.103305+00:00,20c617995d84c5b55932f859076733c758c7ad0984021375f091b78d5bae199c
nmmt_vehicle_603_20260918,603,603,567787720,9671,2644,19,181816744,Running,covered,17:23:34,17:23:34,2026-09-18T17:23:34.286,17:20:51,17:21:51,True,False,17:03,17:43,18-09-2026 17:22:41,1,operator_reported_trip_stop,2026-09-18T11:53:48.103305+00:00,20c617995d84c5b55932f859076733c758c7ad0984021375f091b78d5bae199c
nmmt_vehicle_603_20260918,603,603,567787720,9671,3936,20,181816745,Running,skipped,17:24:42,17:24:42,2026-09-18T17:24:42.857,17:22:13,,False,False,17:03,17:43,18-09-2026 17:22:41,1,operator_reported_trip_stop,2026-09-18T11:53:48.103305+00:00,20c617995d84c5b55932f859076733c758c7ad0984021375f091b78d5bae199c
nmmt_vehicle_603_20260918,603,603,567787720,9671,3344,21,181816746,Running,covered,17:25:51,17:25:51,2026-09-18T17:25:51.429,17:22:36,17:22:51,True,False,17:03,17:43,18-09-2026 17:22:41,1,operator_reported_trip_stop,2026-09-18T11:53:48.103305+00:00,20c617995d84c5b55932f859076733c758c7ad0984021375f091b78d5bae199c
nmmt_vehicle_603_20260918,603,603,567787720,9671,2646,22,181816747,Running,upcoming,17:27:00,17:27:00,2026-09-18T17:27:00,17:27:00,,False,True,17:03,17:43,18-09-2026 17:22:41,1,operator_reported_trip_stop,2026-09-18T11:53:48.103305+00:00,20c617995d84c5b55932f859076733c758c7ad0984021375f091b78d5bae199c
nmmt_vehicle_603_20260918,603,603,567787720,9671,2648,23,181816748,Running,upcoming,17:28:08,17:28:08,2026-09-18T17:28:08.571,17:28:08,,False,True,17:03,17:43,18-09-2026 17:22:41,1,operator_reported_trip_stop,2026-09-18T11:53:48.103305+00:00,20c617995d84c5b55932f859076733c758c7ad0984021375f091b78d5bae199c
nmmt_vehicle_603_20260918,603,603,567787720,9671,4020,24,181816749,Running,upcoming,17:29:17,17:29:17,2026-09-18T17:29:17.143,17:29:17,,False,True,17:03,17:43,18-09-2026 17:22:41,1,operator_reported_trip_stop,2026-09-18T11:53:48.103305+00:00,20c617995d84c5b55932f859076733c758c7ad0984021375f091b78d5bae199c
nmmt_vehicle_603_20260918,603,603,567787720,9671,4445,25,181816750,Running,upcoming,17:30:25,17:30:25,2026-09-18T17:30:25.714,17:30:25,,False,True,17:03,17:43,18-09-2026 17:22:41,1,operator_reported_trip_stop,2026-09-18T11:53:48.103305+00:00,20c617995d84c5b55932f859076733c758c7ad0984021375f091b78d5bae199c
nmmt_vehicle_603_20260918,603,603,567787720,9671,4442,26,181816751,Running,upcoming,17:31:34,17:31:34,2026-09-18T17:31:34.286,17:31:34,,False,True,17:03,17:43,18-09-2026 17:22:41,1,operator_reported_trip_stop,2026-09-18T11:53:48.103305+00:00,20c617995d84c5b55932f859076733c758c7ad0984021375f091b78d5bae199c
nmmt_vehicle_603_20260918,603,603,567787720,9671,2657,27,181816752,Running,upcoming,17:32:42,17:32:42,2026-09-18T17:32:42.857,17:32:42,,False,True,17:03,17:43,18-09-2026 17:22:41,1,operator_reported_trip_stop,2026-09-18T11:53:48.103305+00:00,20c617995d84c5b55932f859076733c758c7ad0984021375f091b78d5bae199c
nmmt_vehicle_603_20260918,603,603,567787720,9671,3660,28,181816753,Running,upcoming,17:33:51,17:33:51,2026-09-18T17:33:51.429,17:33:51,,False,True,17:03,17:43,18-09-2026 17:22:41,1,operator_reported_trip_stop,2026-09-18T11:53:48.103305+00:00,20c617995d84c5b55932f859076733c758c7ad0984021375f091b78d5bae199c
nmmt_vehicle_603_20260918,603,603,567787720,9671,3662,29,181816754,Running,upcoming,17:35:00,17:35:00,2026-09-18T17:35:00,17:35:00,,False,True,17:03,17:43,18-09-2026 17:22:41,1,operator_reported_trip_stop,2026-09-18T11:53:48.103305+00:00,20c617995d84c5b55932f859076733c758c7ad0984021375f091b78d5bae199c
nmmt_vehicle_603_20260918,603,603,567787720,9671,4021,30,181816755,Running,upcoming,17:37:17,17:37:17,2026-09-18T17:37:17.143,17:37:17,,False,True,17:03,17:43,18-09-2026 17:22:41,1,operator_reported_trip_stop,2026-09-18T11:53:48.103305+00:00,20c617995d84c5b55932f859076733c758c7ad0984021375f091b78d5bae199c
nmmt_vehicle_603_20260918,603,603,567787720,9671,2661,31,181816756,Running,upcoming,17:38:25,17:38:25,2026-09-18T17:38:25.714,17:38:25,,False,True,17:03,17:43,18-09-2026 17:22:41,1,operator_reported_trip_stop,2026-09-18T11:53:48.103305+00:00,20c617995d84c5b55932f859076733c758c7ad0984021375f091b78d5bae199c
nmmt_vehicle_603_20260918,603,603,567787720,9671,3446,32,181816757,Running,upcoming,17:39:34,17:39:34,2026-09-18T17:39:34.286,17:39:34,,False,True,17:03,17:43,18-09-2026 17:22:41,1,operator_reported_trip_stop,2026-09-18T11:53:48.103305+00:00,20c617995d84c5b55932f859076733c758c7ad0984021375f091b78d5bae199c
nmmt_vehicle_603_20260918,603,603,567787720,9671,3445,33,181816758,Running,upcoming,17:40:42,17:40:42,2026-09-18T17:40:42.857,17:40:42,,False,True,17:03,17:43,18-09-2026 17:22:41,1,operator_reported_trip_stop,2026-09-18T11:53:48.103305+00:00,20c617995d84c5b55932f859076733c758c7ad0984021375f091b78d5bae199c
nmmt_vehicle_603_20260918,603,603,567787720,9671,3447,34,181816759,Running,upcoming,17:41:51,17:41:51,2026-09-18T17:41:51.429,17:41:51,,False,True,17:03,17:43,18-09-2026 17:22:41,1,operator_reported_trip_stop,2026-09-18T11:53:48.103305+00:00,20c617995d84c5b55932f859076733c758c7ad0984021375f091b78d5bae199c
nmmt_vehicle_603_20260918,603,603,567787720,9671,3448,35,181816760,Running,upcoming,17:43:00,17:43:00,2026-09-18T17:43:00,17:43:00,,False,True,17:03,17:43,18-09-2026 17:22:41,1,operator_reported_trip_stop,2026-09-18T11:53:48.103305+00:00,20c617995d84c5b55932f859076733c758c7ad0984021375f091b78d5bae199c
nmmt_vehicle_623_20260918,623,623,567788652,9587,5227,1,181852144,Running,covered,16:15:00,16:15:00,2026-09-18T16:15:00,16:18:38,16:18:48,True,False,16:15,17:17,18-09-2026 17:23:27,1,operator_reported_trip_stop,2026-09-18T11:53:49.314495+00:00,b624fa4d1ad27485afbe145f45a583295cb5e872f0d9a49c3e8a8aefdd827693
nmmt_vehicle_623_20260918,623,623,567788652,9587,5228,2,181852145,Running,covered,16:16:14,16:16:14,2026-09-18T16:16:14.4,16:21:58,16:22:53,True,False,16:15,17:17,18-09-2026 17:23:27,1,operator_reported_trip_stop,2026-09-18T11:53:49.314495+00:00,b624fa4d1ad27485afbe145f45a583295cb5e872f0d9a49c3e8a8aefdd827693
nmmt_vehicle_623_20260918,623,623,567788652,9587,5229,3,181852146,Running,covered,16:17:28,16:17:28,2026-09-18T16:17:28.8,16:23:23,16:24:13,True,False,16:15,17:17,18-09-2026 17:23:27,1,operator_reported_trip_stop,2026-09-18T11:53:49.314495+00:00,b624fa4d1ad27485afbe145f45a583295cb5e872f0d9a49c3e8a8aefdd827693
nmmt_vehicle_623_20260918,623,623,567788652,9587,3983,4,181852147,Running,covered,16:18:43,16:18:43,2026-09-18T16:18:43.2,16:26:33,16:27:08,True,False,16:15,17:17,18-09-2026 17:23:27,1,operator_reported_trip_stop,2026-09-18T11:53:49.314495+00:00,b624fa4d1ad27485afbe145f45a583295cb5e872f0d9a49c3e8a8aefdd827693
nmmt_vehicle_623_20260918,623,623,567788652,9587,3987,5,181852148,Running,covered,16:19:57,16:19:57,2026-09-18T16:19:57.6,16:27:18,16:28:33,True,False,16:15,17:17,18-09-2026 17:23:27,1,operator_reported_trip_stop,2026-09-18T11:53:49.314495+00:00,b624fa4d1ad27485afbe145f45a583295cb5e872f0d9a49c3e8a8aefdd827693
nmmt_vehicle_623_20260918,623,623,567788652,9587,3984,6,181852149,Running,skipped,16:21:12,16:21:12,2026-09-18T16:21:12,16:29:18,,False,False,16:15,17:17,18-09-2026 17:23:27,1,operator_reported_trip_stop,2026-09-18T11:53:49.314495+00:00,b624fa4d1ad27485afbe145f45a583295cb5e872f0d9a49c3e8a8aefdd827693
nmmt_vehicle_623_20260918,623,623,567788652,9587,3986,7,181852150,Running,skipped,16:22:26,16:22:26,2026-09-18T16:22:26.4,16:30:03,,False,False,16:15,17:17,18-09-2026 17:23:27,1,operator_reported_trip_stop,2026-09-18T11:53:49.314495+00:00,b624fa4d1ad27485afbe145f45a583295cb5e872f0d9a49c3e8a8aefdd827693
nmmt_vehicle_623_20260918,623,623,567788652,9587,5103,8,181852151,Running,skipped,16:23:40,16:23:40,2026-09-18T16:23:40.8,16:33:03,,False,False,16:15,17:17,18-09-2026 17:23:27,1,operator_reported_trip_stop,2026-09-18T11:53:49.314495+00:00,b624fa4d1ad27485afbe145f45a583295cb5e872f0d9a49c3e8a8aefdd827693
nmmt_vehicle_623_20260918,623,623,567788652,9587,4817,9,181852152,Running,skipped,16:24:55,16:24:55,2026-09-18T16:24:55.2,16:34:33,,False,False,16:15,17:17,18-09-2026 17:23:27,1,operator_reported_trip_stop,2026-09-18T11:53:49.314495+00:00,b624fa4d1ad27485afbe145f45a583295cb5e872f0d9a49c3e8a8aefdd827693
nmmt_vehicle_623_20260918,623,623,567788652,9587,3981,10,181852153,Running,skipped,16:26:09,16:26:09,2026-09-18T16:26:09.6,16:35:18,,False,False,16:15,17:17,18-09-2026 17:23:27,1,operator_reported_trip_stop,2026-09-18T11:53:49.314495+00:00,b624fa4d1ad27485afbe145f45a583295cb5e872f0d9a49c3e8a8aefdd827693
nmmt_vehicle_623_20260918,623,623,567788652,9587,3906,11,181852154,Running,skipped,16:27:24,16:27:24,2026-09-18T16:27:24,16:36:48,,False,False,16:15,17:17,18-09-2026 17:23:27,1,operator_reported_trip_stop,2026-09-18T11:53:49.314495+00:00,b624fa4d1ad27485afbe145f45a583295cb5e872f0d9a49c3e8a8aefdd827693
nmmt_vehicle_623_20260918,623,623,567788652,9587,3430,12,181852155,Running,skipped,16:28:38,16:28:38,2026-09-18T16:28:38.4,16:37:33,,False,False,16:15,17:17,18-09-2026 17:23:27,1,operator_reported_trip_stop,2026-09-18T11:53:49.314495+00:00,b624fa4d1ad27485afbe145f45a583295cb5e872f0d9a49c3e8a8aefdd827693
nmmt_vehicle_623_20260918,623,623,567788652,9587,3435,13,181852156,Running,skipped,16:29:52,16:29:52,2026-09-18T16:29:52.8,16:39:48,,False,False,16:15,17:17,18-09-2026 17:23:27,1,operator_reported_trip_stop,2026-09-18T11:53:49.314495+00:00,b624fa4d1ad27485afbe145f45a583295cb5e872f0d9a49c3e8a8aefdd827693
nmmt_vehicle_623_20260918,623,623,567788652,9587,3436,14,181852157,Running,covered,16:31:07,16:31:07,2026-09-18T16:31:07.2,16:40:49,16:41:34,True,False,16:15,17:17,18-09-2026 17:23:27,1,operator_reported_trip_stop,2026-09-18T11:53:49.314495+00:00,b624fa4d1ad27485afbe145f45a583295cb5e872f0d9a49c3e8a8aefdd827693
nmmt_vehicle_623_20260918,623,623,567788652,9587,4597,15,181852158,Running,skipped,16:33:36,16:33:36,2026-09-18T16:33:36,16:43:00,,False,False,16:15,17:17,18-09-2026 17:23:27,1,operator_reported_trip_stop,2026-09-18T11:53:49.314495+00:00,b624fa4d1ad27485afbe145f45a583295cb5e872f0d9a49c3e8a8aefdd827693
nmmt_vehicle_623_20260918,623,623,567788652,9587,3811,16,181852159,Running,skipped,16:34:50,16:34:50,2026-09-18T16:34:50.4,16:44:42,,False,False,16:15,17:17,18-09-2026 17:23:27,1,operator_reported_trip_stop,2026-09-18T11:53:49.314495+00:00,b624fa4d1ad27485afbe145f45a583295cb5e872f0d9a49c3e8a8aefdd827693
nmmt_vehicle_623_20260918,623,623,567788652,9587,4644,17,181852160,Running,skipped,16:36:04,16:36:04,2026-09-18T16:36:04.8,16:45:33,,False,False,16:15,17:17,18-09-2026 17:23:27,1,operator_reported_trip_stop,2026-09-18T11:53:49.314495+00:00,b624fa4d1ad27485afbe145f45a583295cb5e872f0d9a49c3e8a8aefdd827693
nmmt_vehicle_623_20260918,623,623,567788652,9587,4643,18,181852161,Running,covered,16:37:19,16:37:19,2026-09-18T16:37:19.2,16:47:36,16:47:46,True,False,16:15,17:17,18-09-2026 17:23:27,1,operator_reported_trip_stop,2026-09-18T11:53:49.314495+00:00,b624fa4d1ad27485afbe145f45a583295cb5e872f0d9a49c3e8a8aefdd827693
nmmt_vehicle_623_20260918,623,623,567788652,9587,3663,19,181852162,Running,skipped,16:38:33,16:38:33,2026-09-18T16:38:33.6,16:49:13,,False,False,16:15,17:17,18-09-2026 17:23:27,1,operator_reported_trip_stop,2026-09-18T11:53:49.314495+00:00,b624fa4d1ad27485afbe145f45a583295cb5e872f0d9a49c3e8a8aefdd827693
nmmt_vehicle_623_20260918,623,623,567788652,9587,2644,20,181852163,Running,covered,16:39:48,16:39:48,2026-09-18T16:39:48,16:49:51,16:51:36,True,False,16:15,17:17,18-09-2026 17:23:27,1,operator_reported_trip_stop,2026-09-18T11:53:49.314495+00:00,b624fa4d1ad27485afbe145f45a583295cb5e872f0d9a49c3e8a8aefdd827693
nmmt_vehicle_623_20260918,623,623,567788652,9587,3936,21,181852164,Running,covered,16:41:02,16:41:02,2026-09-18T16:41:02.4,16:51:41,16:52:21,True,False,16:15,17:17,18-09-2026 17:23:27,1,operator_reported_trip_stop,2026-09-18T11:53:49.314495+00:00,b624fa4d1ad27485afbe145f45a583295cb5e872f0d9a49c3e8a8aefdd827693
nmmt_vehicle_623_20260918,623,623,567788652,9587,3344,22,181852165,Running,skipped,16:42:16,16:42:16,2026-09-18T16:42:16.8,16:52:45,,False,False,16:15,17:17,18-09-2026 17:23:27,1,operator_reported_trip_stop,2026-09-18T11:53:49.314495+00:00,b624fa4d1ad27485afbe145f45a583295cb5e872f0d9a49c3e8a8aefdd827693
nmmt_vehicle_623_20260918,623,623,567788652,9587,2646,23,181852166,Running,covered,16:43:31,16:43:31,2026-09-18T16:43:31.2,16:53:16,16:53:51,True,False,16:15,17:17,18-09-2026 17:23:27,1,operator_reported_trip_stop,2026-09-18T11:53:49.314495+00:00,b624fa4d1ad27485afbe145f45a583295cb5e872f0d9a49c3e8a8aefdd827693
nmmt_vehicle_623_20260918,623,623,567788652,9587,2648,24,181852167,Running,skipped,16:44:45,16:44:45,2026-09-18T16:44:45.6,16:54:01,16:54:36,False,False,16:15,17:17,18-09-2026 17:23:27,1,operator_reported_trip_stop,2026-09-18T11:53:49.314495+00:00,b624fa4d1ad27485afbe145f45a583295cb5e872f0d9a49c3e8a8aefdd827693
nmmt_vehicle_623_20260918,623,623,567788652,9587,4020,25,181852168,Running,skipped,16:46:00,16:46:00,2026-09-18T16:46:00,16:55:33,,False,False,16:15,17:17,18-09-2026 17:23:27,1,operator_reported_trip_stop,2026-09-18T11:53:49.314495+00:00,b624fa4d1ad27485afbe145f45a583295cb5e872f0d9a49c3e8a8aefdd827693
nmmt_vehicle_623_20260918,623,623,567788652,9587,4445,26,181852169,Running,covered,16:47:14,16:47:14,2026-09-18T16:47:14.4,16:56:06,16:56:11,True,False,16:15,17:17,18-09-2026 17:23:27,1,operator_reported_trip_stop,2026-09-18T11:53:49.314495+00:00,b624fa4d1ad27485afbe145f45a583295cb5e872f0d9a49c3e8a8aefdd827693
nmmt_vehicle_623_20260918,623,623,567788652,9587,3341,27,181852170,Running,covered,16:48:28,16:48:28,2026-09-18T16:48:28.8,16:56:11,16:56:51,True,False,16:15,17:17,18-09-2026 17:23:27,1,operator_reported_trip_stop,2026-09-18T11:53:49.314495+00:00,b624fa4d1ad27485afbe145f45a583295cb5e872f0d9a49c3e8a8aefdd827693
nmmt_vehicle_623_20260918,623,623,567788652,9587,3340,28,181852171,Running,covered,16:50:57,16:50:57,2026-09-18T16:50:57.6,16:56:51,16:58:16,True,False,16:15,17:17,18-09-2026 17:23:27,1,operator_reported_trip_stop,2026-09-18T11:53:49.314495+00:00,b624fa4d1ad27485afbe145f45a583295cb5e872f0d9a49c3e8a8aefdd827693
nmmt_vehicle_623_20260918,623,623,567788652,9587,4642,29,181852172,Running,skipped,16:52:12,16:52:12,2026-09-18T16:52:12,16:58:16,16:58:31,False,False,16:15,17:17,18-09-2026 17:23:27,1,operator_reported_trip_stop,2026-09-18T11:53:49.314495+00:00,b624fa4d1ad27485afbe145f45a583295cb5e872f0d9a49c3e8a8aefdd827693
nmmt_vehicle_623_20260918,623,623,567788652,9587,4641,30,181852173,Running,skipped,16:53:26,16:53:26,2026-09-18T16:53:26.4,16:59:46,,False,False,16:15,17:17,18-09-2026 17:23:27,1,operator_reported_trip_stop,2026-09-18T11:53:49.314495+00:00,b624fa4d1ad27485afbe145f45a583295cb5e872f0d9a49c3e8a8aefdd827693
nmmt_vehicle_623_20260918,623,623,567788652,9587,4640,31,181852174,Running,skipped,16:54:40,16:54:40,2026-09-18T16:54:40.8,17:00:16,17:00:21,False,False,16:15,17:17,18-09-2026 17:23:27,1,operator_reported_trip_stop,2026-09-18T11:53:49.314495+00:00,b624fa4d1ad27485afbe145f45a583295cb5e872f0d9a49c3e8a8aefdd827693
nmmt_vehicle_623_20260918,623,623,567788652,9587,4639,32,181852175,Running,skipped,16:55:55,16:55:55,2026-09-18T16:55:55.2,17:01:32,,False,False,16:15,17:17,18-09-2026 17:23:27,1,operator_reported_trip_stop,2026-09-18T11:53:49.314495+00:00,b624fa4d1ad27485afbe145f45a583295cb5e872f0d9a49c3e8a8aefdd827693
nmmt_vehicle_623_20260918,623,623,567788652,9587,4593,33,181852176,Running,skipped,16:57:09,16:57:09,2026-09-18T16:57:09.6,17:02:19,,False,False,16:15,17:17,18-09-2026 17:23:27,1,operator_reported_trip_stop,2026-09-18T11:53:49.314495+00:00,b624fa4d1ad27485afbe145f45a583295cb5e872f0d9a49c3e8a8aefdd827693
nmmt_vehicle_623_20260918,623,623,567788652,9587,4592,34,181852177,Running,skipped,16:58:24,16:58:24,2026-09-18T16:58:24,17:03:53,,False,False,16:15,17:17,18-09-2026 17:23:27,1,operator_reported_trip_stop,2026-09-18T11:53:49.314495+00:00,b624fa4d1ad27485afbe145f45a583295cb5e872f0d9a49c3e8a8aefdd827693
nmmt_vehicle_623_20260918,623,623,567788652,9587,4587,35,181852178,Running,skipped,16:59:38,16:59:38,2026-09-18T16:59:38.4,17:05:26,,False,False,16:15,17:17,18-09-2026 17:23:27,1,operator_reported_trip_stop,2026-09-18T11:53:49.314495+00:00,b624fa4d1ad27485afbe145f45a583295cb5e872f0d9a49c3e8a8aefdd827693
nmmt_vehicle_623_20260918,623,623,567788652,9587,4585,36,181852179,Running,skipped,17:00:52,17:00:52,2026-09-18T17:00:52.8,17:07:00,,False,False,16:15,17:17,18-09-2026 17:23:27,1,operator_reported_trip_stop,2026-09-18T11:53:49.314495+00:00,b624fa4d1ad27485afbe145f45a583295cb5e872f0d9a49c3e8a8aefdd827693
nmmt_vehicle_623_20260918,623,623,567788652,9587,3334,37,181852180,Running,skipped,17:02:07,17:02:07,2026-09-18T17:02:07.2,17:07:46,,False,False,16:15,17:17,18-09-2026 17:23:27,1,operator_reported_trip_stop,2026-09-18T11:53:49.314495+00:00,b624fa4d1ad27485afbe145f45a583295cb5e872f0d9a49c3e8a8aefdd827693
nmmt_vehicle_623_20260918,623,623,567788652,9587,4393,38,181852181,Running,skipped,17:03:21,17:03:21,2026-09-18T17:03:21.6,17:08:33,,False,False,16:15,17:17,18-09-2026 17:23:27,1,operator_reported_trip_stop,2026-09-18T11:53:49.314495+00:00,b624fa4d1ad27485afbe145f45a583295cb5e872f0d9a49c3e8a8aefdd827693
nmmt_vehicle_623_20260918,623,623,567788652,9587,4387,39,181852182,Running,covered,17:04:36,17:04:36,2026-09-18T17:04:36,17:09:37,17:09:42,True,False,16:15,17:17,18-09-2026 17:23:27,1,operator_reported_trip_stop,2026-09-18T11:53:49.314495+00:00,b624fa4d1ad27485afbe145f45a583295cb5e872f0d9a49c3e8a8aefdd827693
nmmt_vehicle_623_20260918,623,623,567788652,9587,3331,40,181852183,Running,covered,17:05:50,17:05:50,2026-09-18T17:05:50.4,17:12:07,17:13:02,True,False,16:15,17:17,18-09-2026 17:23:27,1,operator_reported_trip_stop,2026-09-18T11:53:49.314495+00:00,b624fa4d1ad27485afbe145f45a583295cb5e872f0d9a49c3e8a8aefdd827693
nmmt_vehicle_623_20260918,623,623,567788652,9587,3330,41,181852184,Running,covered,17:07:04,17:07:04,2026-09-18T17:07:04.8,17:13:07,17:14:52,True,False,16:15,17:17,18-09-2026 17:23:27,1,operator_reported_trip_stop,2026-09-18T11:53:49.314495+00:00,b624fa4d1ad27485afbe145f45a583295cb5e872f0d9a49c3e8a8aefdd827693
nmmt_vehicle_623_20260918,623,623,567788652,9587,3919,42,181852185,Running,covered,17:08:19,17:08:19,2026-09-18T17:08:19.2,17:14:52,17:15:27,True,False,16:15,17:17,18-09-2026 17:23:27,1,operator_reported_trip_stop,2026-09-18T11:53:49.314495+00:00,b624fa4d1ad27485afbe145f45a583295cb5e872f0d9a49c3e8a8aefdd827693
nmmt_vehicle_623_20260918,623,623,567788652,9587,3328,43,181852186,Running,skipped,17:09:33,17:09:33,2026-09-18T17:09:33.6,17:17:02,,False,False,16:15,17:17,18-09-2026 17:23:27,1,operator_reported_trip_stop,2026-09-18T11:53:49.314495+00:00,b624fa4d1ad27485afbe145f45a583295cb5e872f0d9a49c3e8a8aefdd827693
nmmt_vehicle_623_20260918,623,623,567788652,9587,4384,44,181852187,Running,covered,17:10:48,17:10:48,2026-09-18T17:10:48,17:17:22,17:19:22,True,False,16:15,17:17,18-09-2026 17:23:27,1,operator_reported_trip_stop,2026-09-18T11:53:49.314495+00:00,b624fa4d1ad27485afbe145f45a583295cb5e872f0d9a49c3e8a8aefdd827693
nmmt_vehicle_623_20260918,623,623,567788652,9587,4382,45,181852188,Running,skipped,17:12:02,17:12:02,2026-09-18T17:12:02.4,17:19:17,17:19:27,False,False,16:15,17:17,18-09-2026 17:23:27,1,operator_reported_trip_stop,2026-09-18T11:53:49.314495+00:00,b624fa4d1ad27485afbe145f45a583295cb5e872f0d9a49c3e8a8aefdd827693
nmmt_vehicle_623_20260918,623,623,567788652,9587,4379,46,181852189,Running,skipped,17:13:16,17:13:16,2026-09-18T17:13:16.8,17:20:07,,False,False,16:15,17:17,18-09-2026 17:23:27,1,operator_reported_trip_stop,2026-09-18T11:53:49.314495+00:00,b624fa4d1ad27485afbe145f45a583295cb5e872f0d9a49c3e8a8aefdd827693
nmmt_vehicle_623_20260918,623,623,567788652,9587,3325,47,181852190,Running,covered,17:14:31,17:14:31,2026-09-18T17:14:31.2,17:20:17,17:20:37,True,False,16:15,17:17,18-09-2026 17:23:27,1,operator_reported_trip_stop,2026-09-18T11:53:49.314495+00:00,b624fa4d1ad27485afbe145f45a583295cb5e872f0d9a49c3e8a8aefdd827693
nmmt_vehicle_623_20260918,623,623,567788652,9587,2515,48,181852191,Running,covered,17:15:45,17:15:45,2026-09-18T17:15:45.6,17:21:42,17:21:57,True,False,16:15,17:17,18-09-2026 17:23:27,1,operator_reported_trip_stop,2026-09-18T11:53:49.314495+00:00,b624fa4d1ad27485afbe145f45a583295cb5e872f0d9a49c3e8a8aefdd827693
nmmt_vehicle_623_20260918,623,623,567788652,9587,3324,49,181852192,Running,upcoming,17:15:45,17:15:45,2026-09-18T17:15:45.6,17:15:45,,False,True,16:15,17:17,18-09-2026 17:23:27,1,operator_reported_trip_stop,2026-09-18T11:53:49.314495+00:00,b624fa4d1ad27485afbe145f45a583295cb5e872f0d9a49c3e8a8aefdd827693
nmmt_vehicle_623_20260918,623,623,567788652,9587,3323,50,181852193,Running,upcoming,17:17:00,17:17:00,2026-09-18T17:17:00,17:17:00,,False,True,16:15,17:17,18-09-2026 17:23:27,1,operator_reported_trip_stop,2026-09-18T11:53:49.314495+00:00,b624fa4d1ad27485afbe145f45a583295cb5e872f0d9a49c3e8a8aefdd827693
nmmt_vehicle_624_20260918,624,624,567789322,9512,4051,1,181882931,Running,skipped,16:15:00,16:15:00,2026-09-18T16:15:00,16:15:00,,False,True,16:15,16:50,18-09-2026 17:21:45,1,operator_reported_trip_stop,2026-09-18T11:53:49.904490+00:00,a0182e0a6415e49496c9e199b2bd31e17189474280de4ad0302364332b8e13a9
nmmt_vehicle_624_20260918,624,624,567789322,9512,4655,2,181882932,Running,skipped,16:16:27,16:16:27,2026-09-18T16:16:27.5,16:16:27,,False,True,16:15,16:50,18-09-2026 17:21:45,1,operator_reported_trip_stop,2026-09-18T11:53:49.904490+00:00,a0182e0a6415e49496c9e199b2bd31e17189474280de4ad0302364332b8e13a9
nmmt_vehicle_624_20260918,624,624,567789322,9512,4654,3,181882933,Running,skipped,16:17:55,16:17:55,2026-09-18T16:17:55,16:17:55,,False,True,16:15,16:50,18-09-2026 17:21:45,1,operator_reported_trip_stop,2026-09-18T11:53:49.904490+00:00,a0182e0a6415e49496c9e199b2bd31e17189474280de4ad0302364332b8e13a9
nmmt_vehicle_624_20260918,624,624,567789322,9512,4661,4,181882934,Running,skipped,16:19:22,16:19:22,2026-09-18T16:19:22.5,16:19:22,,False,True,16:15,16:50,18-09-2026 17:21:45,1,operator_reported_trip_stop,2026-09-18T11:53:49.904490+00:00,a0182e0a6415e49496c9e199b2bd31e17189474280de4ad0302364332b8e13a9
nmmt_vehicle_624_20260918,624,624,567789322,9512,4644,5,181882935,Running,skipped,16:20:50,16:20:50,2026-09-18T16:20:50,16:20:50,,False,True,16:15,16:50,18-09-2026 17:21:45,1,operator_reported_trip_stop,2026-09-18T11:53:49.904490+00:00,a0182e0a6415e49496c9e199b2bd31e17189474280de4ad0302364332b8e13a9
nmmt_vehicle_624_20260918,624,624,567789322,9512,4596,6,181882936,Running,covered,16:22:17,16:22:17,2026-09-18T16:22:17.5,17:19:10,17:19:20,True,False,16:15,16:50,18-09-2026 17:21:45,1,operator_reported_trip_stop,2026-09-18T11:53:49.904490+00:00,a0182e0a6415e49496c9e199b2bd31e17189474280de4ad0302364332b8e13a9
nmmt_vehicle_624_20260918,624,624,567789322,9512,3347,7,181882937,Running,skipped,16:23:45,16:23:45,2026-09-18T16:23:45,16:23:45,,False,True,16:15,16:50,18-09-2026 17:21:45,1,operator_reported_trip_stop,2026-09-18T11:53:49.904490+00:00,a0182e0a6415e49496c9e199b2bd31e17189474280de4ad0302364332b8e13a9
nmmt_vehicle_624_20260918,624,624,567789322,9512,3860,8,181882938,Running,skipped,16:25:12,16:25:12,2026-09-18T16:25:12.5,17:18:15,17:19:15,False,False,16:15,16:50,18-09-2026 17:21:45,1,operator_reported_trip_stop,2026-09-18T11:53:49.904490+00:00,a0182e0a6415e49496c9e199b2bd31e17189474280de4ad0302364332b8e13a9
nmmt_vehicle_624_20260918,624,624,567789322,9512,3816,9,181882939,Running,skipped,16:26:40,16:26:40,2026-09-18T16:26:40,17:17:34,17:17:54,False,False,16:15,16:50,18-09-2026 17:21:45,1,operator_reported_trip_stop,2026-09-18T11:53:49.904490+00:00,a0182e0a6415e49496c9e199b2bd31e17189474280de4ad0302364332b8e13a9
nmmt_vehicle_624_20260918,624,624,567789322,9512,4653,10,181882940,Running,skipped,16:28:07,16:28:07,2026-09-18T16:28:07.5,16:28:07,,False,True,16:15,16:50,18-09-2026 17:21:45,1,operator_reported_trip_stop,2026-09-18T11:53:49.904490+00:00,a0182e0a6415e49496c9e199b2bd31e17189474280de4ad0302364332b8e13a9
nmmt_vehicle_624_20260918,624,624,567789322,9512,4652,11,181882941,Running,skipped,16:29:35,16:29:35,2026-09-18T16:29:35,16:29:35,,False,True,16:15,16:50,18-09-2026 17:21:45,1,operator_reported_trip_stop,2026-09-18T11:53:49.904490+00:00,a0182e0a6415e49496c9e199b2bd31e17189474280de4ad0302364332b8e13a9
nmmt_vehicle_624_20260918,624,624,567789322,9512,4650,12,181882942,Running,skipped,16:31:02,16:31:02,2026-09-18T16:31:02.5,16:31:02,,False,True,16:15,16:50,18-09-2026 17:21:45,1,operator_reported_trip_stop,2026-09-18T11:53:49.904490+00:00,a0182e0a6415e49496c9e199b2bd31e17189474280de4ad0302364332b8e13a9
nmmt_vehicle_624_20260918,624,624,567789322,9512,4649,13,181882943,Running,skipped,16:32:30,16:32:30,2026-09-18T16:32:30,16:32:30,,False,True,16:15,16:50,18-09-2026 17:21:45,1,operator_reported_trip_stop,2026-09-18T11:53:49.904490+00:00,a0182e0a6415e49496c9e199b2bd31e17189474280de4ad0302364332b8e13a9
nmmt_vehicle_624_20260918,624,624,567789322,9512,4647,14,181882944,Running,skipped,16:32:30,16:32:30,2026-09-18T16:32:30,16:32:30,,False,True,16:15,16:50,18-09-2026 17:21:45,1,operator_reported_trip_stop,2026-09-18T11:53:49.904490+00:00,a0182e0a6415e49496c9e199b2bd31e17189474280de4ad0302364332b8e13a9
nmmt_vehicle_624_20260918,624,624,567789322,9512,4646,15,181882945,Running,skipped,16:33:57,16:33:57,2026-09-18T16:33:57.5,16:33:57,,False,True,16:15,16:50,18-09-2026 17:21:45,1,operator_reported_trip_stop,2026-09-18T11:53:49.904490+00:00,a0182e0a6415e49496c9e199b2bd31e17189474280de4ad0302364332b8e13a9
nmmt_vehicle_624_20260918,624,624,567789322,9512,4645,16,181882946,Running,skipped,16:35:25,16:35:25,2026-09-18T16:35:25,16:35:25,,False,True,16:15,16:50,18-09-2026 17:21:45,1,operator_reported_trip_stop,2026-09-18T11:53:49.904490+00:00,a0182e0a6415e49496c9e199b2bd31e17189474280de4ad0302364332b8e13a9
nmmt_vehicle_624_20260918,624,624,567789322,9512,3486,17,181882947,Running,skipped,16:36:52,16:36:52,2026-09-18T16:36:52.5,16:36:52,,False,True,16:15,16:50,18-09-2026 17:21:45,1,operator_reported_trip_stop,2026-09-18T11:53:49.904490+00:00,a0182e0a6415e49496c9e199b2bd31e17189474280de4ad0302364332b8e13a9
nmmt_vehicle_624_20260918,624,624,567789322,9512,3684,18,181882948,Running,skipped,16:36:52,16:36:52,2026-09-18T16:36:52.5,16:36:52,,False,True,16:15,16:50,18-09-2026 17:21:45,1,operator_reported_trip_stop,2026-09-18T11:53:49.904490+00:00,a0182e0a6415e49496c9e199b2bd31e17189474280de4ad0302364332b8e13a9
nmmt_vehicle_624_20260918,624,624,567789322,9512,3478,19,181882949,Running,skipped,16:38:20,16:38:20,2026-09-18T16:38:20,17:10:04,17:10:54,False,False,16:15,16:50,18-09-2026 17:21:45,1,operator_reported_trip_stop,2026-09-18T11:53:49.904490+00:00,a0182e0a6415e49496c9e199b2bd31e17189474280de4ad0302364332b8e13a9
nmmt_vehicle_624_20260918,624,624,567789322,9512,4588,20,181882950,Running,skipped,16:38:20,16:38:20,2026-09-18T16:38:20,16:38:20,,False,True,16:15,16:50,18-09-2026 17:21:45,1,operator_reported_trip_stop,2026-09-18T11:53:49.904490+00:00,a0182e0a6415e49496c9e199b2bd31e17189474280de4ad0302364332b8e13a9
nmmt_vehicle_624_20260918,624,624,567789322,9512,4587,21,181882951,Running,skipped,16:39:47,16:39:47,2026-09-18T16:39:47.5,16:39:47,,False,True,16:15,16:50,18-09-2026 17:21:45,1,operator_reported_trip_stop,2026-09-18T11:53:49.904490+00:00,a0182e0a6415e49496c9e199b2bd31e17189474280de4ad0302364332b8e13a9
nmmt_vehicle_624_20260918,624,624,567789322,9512,4585,22,181882952,Running,skipped,16:41:15,16:41:15,2026-09-18T16:41:15,16:41:15,,False,True,16:15,16:50,18-09-2026 17:21:45,1,operator_reported_trip_stop,2026-09-18T11:53:49.904490+00:00,a0182e0a6415e49496c9e199b2bd31e17189474280de4ad0302364332b8e13a9
nmmt_vehicle_624_20260918,624,624,567789322,9512,3334,23,181882953,Running,skipped,16:42:42,16:42:42,2026-09-18T16:42:42.5,17:02:38,17:02:48,False,False,16:15,16:50,18-09-2026 17:21:45,1,operator_reported_trip_stop,2026-09-18T11:53:49.904490+00:00,a0182e0a6415e49496c9e199b2bd31e17189474280de4ad0302364332b8e13a9
nmmt_vehicle_624_20260918,624,624,567789322,9512,4393,24,181882954,Running,skipped,16:42:42,16:42:42,2026-09-18T16:42:42.5,16:42:42,,False,True,16:15,16:50,18-09-2026 17:21:45,1,operator_reported_trip_stop,2026-09-18T11:53:49.904490+00:00,a0182e0a6415e49496c9e199b2bd31e17189474280de4ad0302364332b8e13a9
nmmt_vehicle_624_20260918,624,624,567789322,9512,4387,25,181882955,Running,skipped,16:44:10,16:44:10,2026-09-18T16:44:10,16:44:10,,False,True,16:15,16:50,18-09-2026 17:21:45,1,operator_reported_trip_stop,2026-09-18T11:53:49.904490+00:00,a0182e0a6415e49496c9e199b2bd31e17189474280de4ad0302364332b8e13a9
nmmt_vehicle_624_20260918,624,624,567789322,9512,3445,26,181882956,Running,skipped,16:45:37,16:45:37,2026-09-18T16:45:37.5,16:37:17,16:37:27,False,False,16:15,16:50,18-09-2026 17:21:45,1,operator_reported_trip_stop,2026-09-18T11:53:49.904490+00:00,a0182e0a6415e49496c9e199b2bd31e17189474280de4ad0302364332b8e13a9
nmmt_vehicle_624_20260918,624,624,567789322,9512,3446,27,181882957,Running,covered,16:47:05,16:47:05,2026-09-18T16:47:05,16:37:27,16:39:27,True,False,16:15,16:50,18-09-2026 17:21:45,1,operator_reported_trip_stop,2026-09-18T11:53:49.904490+00:00,a0182e0a6415e49496c9e199b2bd31e17189474280de4ad0302364332b8e13a9
nmmt_vehicle_624_20260918,624,624,567789322,9512,3447,28,181882958,Running,skipped,16:48:32,16:48:32,2026-09-18T16:48:32.5,16:38:29,,False,False,16:15,16:50,18-09-2026 17:21:45,1,operator_reported_trip_stop,2026-09-18T11:53:49.904490+00:00,a0182e0a6415e49496c9e199b2bd31e17189474280de4ad0302364332b8e13a9
nmmt_vehicle_624_20260918,624,624,567789322,9512,3448,29,181882959,Running,covered,16:50:00,16:50:00,2026-09-18T16:50:00,16:39:27,16:40:42,True,False,16:15,16:50,18-09-2026 17:21:45,1,operator_reported_trip_stop,2026-09-18T11:53:49.904490+00:00,a0182e0a6415e49496c9e199b2bd31e17189474280de4ad0302364332b8e13a9
nmmt_vehicle_633_20260918,633,633,567802623,9372,4397,1,181933595,Running,covered,15:47:00,15:47:00,2026-09-18T15:47:00,16:37:00,16:37:10,True,False,15:47,17:19,18-09-2026 17:23:32,1,operator_reported_trip_stop,2026-09-18T11:53:50.513811+00:00,c71ec0da6029c0d3446d890d142e625178d6e71ad7fc18c7119d0f1668a238af
nmmt_vehicle_633_20260918,633,633,567802623,9372,2718,2,181933596,Running,skipped,15:48:01,15:48:01,2026-09-18T15:48:01.333,16:38:53,,False,False,15:47,17:19,18-09-2026 17:23:32,1,operator_reported_trip_stop,2026-09-18T11:53:50.513811+00:00,c71ec0da6029c0d3446d890d142e625178d6e71ad7fc18c7119d0f1668a238af
nmmt_vehicle_633_20260918,633,633,567802623,9372,4395,3,181933597,Running,covered,15:55:10,15:55:10,2026-09-18T15:55:10.667,16:39:05,16:39:35,True,False,15:47,17:19,18-09-2026 17:23:32,1,operator_reported_trip_stop,2026-09-18T11:53:50.513811+00:00,c71ec0da6029c0d3446d890d142e625178d6e71ad7fc18c7119d0f1668a238af
nmmt_vehicle_633_20260918,633,633,567802623,9372,4394,4,181933598,Running,covered,15:56:12,15:56:12,2026-09-18T15:56:12,16:41:00,16:41:45,True,False,15:47,17:19,18-09-2026 17:23:32,1,operator_reported_trip_stop,2026-09-18T11:53:50.513811+00:00,c71ec0da6029c0d3446d890d142e625178d6e71ad7fc18c7119d0f1668a238af
nmmt_vehicle_633_20260918,633,633,567802623,9372,4392,5,181933599,Running,covered,15:57:13,15:57:13,2026-09-18T15:57:13.333,16:43:10,16:43:55,True,False,15:47,17:19,18-09-2026 17:23:32,1,operator_reported_trip_stop,2026-09-18T11:53:50.513811+00:00,c71ec0da6029c0d3446d890d142e625178d6e71ad7fc18c7119d0f1668a238af
nmmt_vehicle_633_20260918,633,633,567802623,9372,4391,6,181933600,Running,covered,15:58:14,15:58:14,2026-09-18T15:58:14.667,16:45:10,16:45:25,True,False,15:47,17:19,18-09-2026 17:23:32,1,operator_reported_trip_stop,2026-09-18T11:53:50.513811+00:00,c71ec0da6029c0d3446d890d142e625178d6e71ad7fc18c7119d0f1668a238af
nmmt_vehicle_633_20260918,633,633,567802623,9372,4390,7,181933601,Running,covered,15:59:16,15:59:16,2026-09-18T15:59:16,16:48:10,16:49:00,True,False,15:47,17:19,18-09-2026 17:23:32,1,operator_reported_trip_stop,2026-09-18T11:53:50.513811+00:00,c71ec0da6029c0d3446d890d142e625178d6e71ad7fc18c7119d0f1668a238af
nmmt_vehicle_633_20260918,633,633,567802623,9372,4386,8,181933602,Running,skipped,16:00:17,16:00:17,2026-09-18T16:00:17.333,16:51:45,16:52:30,False,False,15:47,17:19,18-09-2026 17:23:32,1,operator_reported_trip_stop,2026-09-18T11:53:50.513811+00:00,c71ec0da6029c0d3446d890d142e625178d6e71ad7fc18c7119d0f1668a238af
nmmt_vehicle_633_20260918,633,633,567802623,9372,4385,9,181933603,Running,covered,16:01:18,16:01:18,2026-09-18T16:01:18.667,16:53:20,16:54:05,True,False,15:47,17:19,18-09-2026 17:23:32,1,operator_reported_trip_stop,2026-09-18T11:53:50.513811+00:00,c71ec0da6029c0d3446d890d142e625178d6e71ad7fc18c7119d0f1668a238af
nmmt_vehicle_633_20260918,633,633,567802623,9372,4383,10,181933604,Running,covered,16:02:20,16:02:20,2026-09-18T16:02:20,16:55:35,16:56:50,True,False,15:47,17:19,18-09-2026 17:23:32,1,operator_reported_trip_stop,2026-09-18T11:53:50.513811+00:00,c71ec0da6029c0d3446d890d142e625178d6e71ad7fc18c7119d0f1668a238af
nmmt_vehicle_633_20260918,633,633,567802623,9372,4381,11,181933605,Running,covered,16:03:21,16:03:21,2026-09-18T16:03:21.333,16:57:45,16:57:55,True,False,15:47,17:19,18-09-2026 17:23:32,1,operator_reported_trip_stop,2026-09-18T11:53:50.513811+00:00,c71ec0da6029c0d3446d890d142e625178d6e71ad7fc18c7119d0f1668a238af
nmmt_vehicle_633_20260918,633,633,567802623,9372,4376,12,181933606,Running,skipped,16:04:22,16:04:22,2026-09-18T16:04:22.667,16:59:26,,False,False,15:47,17:19,18-09-2026 17:23:32,1,operator_reported_trip_stop,2026-09-18T11:53:50.513811+00:00,c71ec0da6029c0d3446d890d142e625178d6e71ad7fc18c7119d0f1668a238af
nmmt_vehicle_633_20260918,633,633,567802623,9372,4374,13,181933607,Running,skipped,16:05:24,16:05:24,2026-09-18T16:05:24,17:02:30,17:02:45,False,False,15:47,17:19,18-09-2026 17:23:32,1,operator_reported_trip_stop,2026-09-18T11:53:50.513811+00:00,c71ec0da6029c0d3446d890d142e625178d6e71ad7fc18c7119d0f1668a238af
nmmt_vehicle_633_20260918,633,633,567802623,9372,4373,14,181933608,Running,covered,16:06:25,16:06:25,2026-09-18T16:06:25.333,17:04:05,17:04:05,True,False,15:47,17:19,18-09-2026 17:23:32,1,operator_reported_trip_stop,2026-09-18T11:53:50.513811+00:00,c71ec0da6029c0d3446d890d142e625178d6e71ad7fc18c7119d0f1668a238af
nmmt_vehicle_633_20260918,633,633,567802623,9372,4368,15,181933609,Running,covered,16:07:26,16:07:26,2026-09-18T16:07:26.667,17:07:05,17:07:50,True,False,15:47,17:19,18-09-2026 17:23:32,1,operator_reported_trip_stop,2026-09-18T11:53:50.513811+00:00,c71ec0da6029c0d3446d890d142e625178d6e71ad7fc18c7119d0f1668a238af
nmmt_vehicle_633_20260918,633,633,567802623,9372,4367,16,181933610,Running,covered,16:09:29,16:09:29,2026-09-18T16:09:29.333,17:09:55,17:11:35,True,False,15:47,17:19,18-09-2026 17:23:32,1,operator_reported_trip_stop,2026-09-18T11:53:50.513811+00:00,c71ec0da6029c0d3446d890d142e625178d6e71ad7fc18c7119d0f1668a238af
nmmt_vehicle_633_20260918,633,633,567802623,9372,4366,17,181933611,Running,skipped,16:11:32,16:11:32,2026-09-18T16:11:32,17:13:30,,False,False,15:47,17:19,18-09-2026 17:23:32,1,operator_reported_trip_stop,2026-09-18T11:53:50.513811+00:00,c71ec0da6029c0d3446d890d142e625178d6e71ad7fc18c7119d0f1668a238af
nmmt_vehicle_633_20260918,633,633,567802623,9372,4364,18,181933612,Running,covered,16:15:37,16:15:37,2026-09-18T16:15:37.333,17:16:05,17:16:50,True,False,15:47,17:19,18-09-2026 17:23:32,1,operator_reported_trip_stop,2026-09-18T11:53:50.513811+00:00,c71ec0da6029c0d3446d890d142e625178d6e71ad7fc18c7119d0f1668a238af
nmmt_vehicle_633_20260918,633,633,567802623,9372,4363,19,181933613,Running,covered,16:17:40,16:17:40,2026-09-18T16:17:40,17:17:40,17:17:45,True,False,15:47,17:19,18-09-2026 17:23:32,1,operator_reported_trip_stop,2026-09-18T11:53:50.513811+00:00,c71ec0da6029c0d3446d890d142e625178d6e71ad7fc18c7119d0f1668a238af
nmmt_vehicle_633_20260918,633,633,567802623,9372,4362,20,181933614,Running,covered,16:19:42,16:19:42,2026-09-18T16:19:42.667,17:20:20,17:23:37,True,False,15:47,17:19,18-09-2026 17:23:32,1,operator_reported_trip_stop,2026-09-18T11:53:50.513811+00:00,c71ec0da6029c0d3446d890d142e625178d6e71ad7fc18c7119d0f1668a238af
nmmt_vehicle_633_20260918,633,633,567802623,9372,4361,21,181933615,Running,upcoming,16:21:45,16:21:45,2026-09-18T16:21:45.333,16:21:45,,False,True,15:47,17:19,18-09-2026 17:23:32,1,operator_reported_trip_stop,2026-09-18T11:53:50.513811+00:00,c71ec0da6029c0d3446d890d142e625178d6e71ad7fc18c7119d0f1668a238af
nmmt_vehicle_633_20260918,633,633,567802623,9372,4359,22,181933616,Running,upcoming,16:25:50,16:25:50,2026-09-18T16:25:50.667,16:25:50,,False,True,15:47,17:19,18-09-2026 17:23:32,1,operator_reported_trip_stop,2026-09-18T11:53:50.513811+00:00,c71ec0da6029c0d3446d890d142e625178d6e71ad7fc18c7119d0f1668a238af
nmmt_vehicle_633_20260918,633,633,567802623,9372,4358,23,181933617,Running,upcoming,16:27:53,16:27:53,2026-09-18T16:27:53.333,16:27:53,,False,True,15:47,17:19,18-09-2026 17:23:32,1,operator_reported_trip_stop,2026-09-18T11:53:50.513811+00:00,c71ec0da6029c0d3446d890d142e625178d6e71ad7fc18c7119d0f1668a238af
nmmt_vehicle_633_20260918,633,633,567802623,9372,4356,24,181933618,Running,upcoming,16:29:56,16:29:56,2026-09-18T16:29:56,16:29:56,,False,True,15:47,17:19,18-09-2026 17:23:32,1,operator_reported_trip_stop,2026-09-18T11:53:50.513811+00:00,c71ec0da6029c0d3446d890d142e625178d6e71ad7fc18c7119d0f1668a238af
nmmt_vehicle_633_20260918,633,633,567802623,9372,4354,25,181933619,Running,upcoming,16:34:01,16:34:01,2026-09-18T16:34:01.333,16:34:01,,False,True,15:47,17:19,18-09-2026 17:23:32,1,operator_reported_trip_stop,2026-09-18T11:53:50.513811+00:00,c71ec0da6029c0d3446d890d142e625178d6e71ad7fc18c7119d0f1668a238af
nmmt_vehicle_633_20260918,633,633,567802623,9372,4353,26,181933620,Running,upcoming,16:36:04,16:36:04,2026-09-18T16:36:04,16:36:04,,False,True,15:47,17:19,18-09-2026 17:23:32,1,operator_reported_trip_stop,2026-09-18T11:53:50.513811+00:00,c71ec0da6029c0d3446d890d142e625178d6e71ad7fc18c7119d0f1668a238af
nmmt_vehicle_633_20260918,633,633,567802623,9372,4350,27,181933621,Running,upcoming,16:42:12,16:42:12,2026-09-18T16:42:12,16:42:12,,False,True,15:47,17:19,18-09-2026 17:23:32,1,operator_reported_trip_stop,2026-09-18T11:53:50.513811+00:00,c71ec0da6029c0d3446d890d142e625178d6e71ad7fc18c7119d0f1668a238af
nmmt_vehicle_633_20260918,633,633,567802623,9372,4348,28,181933622,Running,upcoming,16:46:17,16:46:17,2026-09-18T16:46:17.333,16:46:17,,False,True,15:47,17:19,18-09-2026 17:23:32,1,operator_reported_trip_stop,2026-09-18T11:53:50.513811+00:00,c71ec0da6029c0d3446d890d142e625178d6e71ad7fc18c7119d0f1668a238af
nmmt_vehicle_633_20260918,633,633,567802623,9372,4347,29,181933623,Running,upcoming,16:47:18,16:47:18,2026-09-18T16:47:18.667,16:47:18,,False,True,15:47,17:19,18-09-2026 17:23:32,1,operator_reported_trip_stop,2026-09-18T11:53:50.513811+00:00,c71ec0da6029c0d3446d890d142e625178d6e71ad7fc18c7119d0f1668a238af
nmmt_vehicle_633_20260918,633,633,567802623,9372,4346,30,181933624,Running,upcoming,16:49:21,16:49:21,2026-09-18T16:49:21.333,16:49:21,,False,True,15:47,17:19,18-09-2026 17:23:32,1,operator_reported_trip_stop,2026-09-18T11:53:50.513811+00:00,c71ec0da6029c0d3446d890d142e625178d6e71ad7fc18c7119d0f1668a238af
nmmt_vehicle_633_20260918,633,633,567802623,9372,4345,31,181933625,Running,upcoming,16:50:22,16:50:22,2026-09-18T16:50:22.667,16:50:22,,False,True,15:47,17:19,18-09-2026 17:23:32,1,operator_reported_trip_stop,2026-09-18T11:53:50.513811+00:00,c71ec0da6029c0d3446d890d142e625178d6e71ad7fc18c7119d0f1668a238af
nmmt_vehicle_633_20260918,633,633,567802623,9372,4343,32,181933626,Running,upcoming,16:54:28,16:54:28,2026-09-18T16:54:28,16:54:28,,False,True,15:47,17:19,18-09-2026 17:23:32,1,operator_reported_trip_stop,2026-09-18T11:53:50.513811+00:00,c71ec0da6029c0d3446d890d142e625178d6e71ad7fc18c7119d0f1668a238af
nmmt_vehicle_633_20260918,633,633,567802623,9372,4342,33,181933627,Running,upcoming,16:56:30,16:56:30,2026-09-18T16:56:30.667,16:56:30,,False,True,15:47,17:19,18-09-2026 17:23:32,1,operator_reported_trip_stop,2026-09-18T11:53:50.513811+00:00,c71ec0da6029c0d3446d890d142e625178d6e71ad7fc18c7119d0f1668a238af
nmmt_vehicle_633_20260918,633,633,567802623,9372,4341,34,181933628,Running,upcoming,16:58:33,16:58:33,2026-09-18T16:58:33.333,16:58:33,,False,True,15:47,17:19,18-09-2026 17:23:32,1,operator_reported_trip_stop,2026-09-18T11:53:50.513811+00:00,c71ec0da6029c0d3446d890d142e625178d6e71ad7fc18c7119d0f1668a238af
nmmt_vehicle_633_20260918,633,633,567802623,9372,4340,35,181933629,Running,upcoming,17:00:36,17:00:36,2026-09-18T17:00:36,17:00:36,,False,True,15:47,17:19,18-09-2026 17:23:32,1,operator_reported_trip_stop,2026-09-18T11:53:50.513811+00:00,c71ec0da6029c0d3446d890d142e625178d6e71ad7fc18c7119d0f1668a238af
nmmt_vehicle_633_20260918,633,633,567802623,9372,4339,36,181933630,Running,upcoming,17:02:38,17:02:38,2026-09-18T17:02:38.667,17:02:38,,False,True,15:47,17:19,18-09-2026 17:23:32,1,operator_reported_trip_stop,2026-09-18T11:53:50.513811+00:00,c71ec0da6029c0d3446d890d142e625178d6e71ad7fc18c7119d0f1668a238af
nmmt_vehicle_633_20260918,633,633,567802623,9372,4338,37,181933631,Running,upcoming,17:03:40,17:03:40,2026-09-18T17:03:40,17:03:40,,False,True,15:47,17:19,18-09-2026 17:23:32,1,operator_reported_trip_stop,2026-09-18T11:53:50.513811+00:00,c71ec0da6029c0d3446d890d142e625178d6e71ad7fc18c7119d0f1668a238af
nmmt_vehicle_633_20260918,633,633,567802623,9372,4337,38,181933632,Running,upcoming,17:04:41,17:04:41,2026-09-18T17:04:41.333,17:04:41,,False,True,15:47,17:19,18-09-2026 17:23:32,1,operator_reported_trip_stop,2026-09-18T11:53:50.513811+00:00,c71ec0da6029c0d3446d890d142e625178d6e71ad7fc18c7119d0f1668a238af
nmmt_vehicle_633_20260918,633,633,567802623,9372,4336,39,181933633,Running,upcoming,17:05:42,17:05:42,2026-09-18T17:05:42.667,17:05:42,,False,True,15:47,17:19,18-09-2026 17:23:32,1,operator_reported_trip_stop,2026-09-18T11:53:50.513811+00:00,c71ec0da6029c0d3446d890d142e625178d6e71ad7fc18c7119d0f1668a238af
nmmt_vehicle_633_20260918,633,633,567802623,9372,4335,40,181933634,Running,upcoming,17:06:44,17:06:44,2026-09-18T17:06:44,17:06:44,,False,True,15:47,17:19,18-09-2026 17:23:32,1,operator_reported_trip_stop,2026-09-18T11:53:50.513811+00:00,c71ec0da6029c0d3446d890d142e625178d6e71ad7fc18c7119d0f1668a238af
nmmt_vehicle_633_20260918,633,633,567802623,9372,3927,41,181933635,Running,upcoming,17:08:46,17:08:46,2026-09-18T17:08:46.667,17:08:46,,False,True,15:47,17:19,18-09-2026 17:23:32,1,operator_reported_trip_stop,2026-09-18T11:53:50.513811+00:00,c71ec0da6029c0d3446d890d142e625178d6e71ad7fc18c7119d0f1668a238af
nmmt_vehicle_633_20260918,633,633,567802623,9372,2726,42,181933636,Running,upcoming,17:09:48,17:09:48,2026-09-18T17:09:48,17:09:48,,False,True,15:47,17:19,18-09-2026 17:23:32,1,operator_reported_trip_stop,2026-09-18T11:53:50.513811+00:00,c71ec0da6029c0d3446d890d142e625178d6e71ad7fc18c7119d0f1668a238af
nmmt_vehicle_633_20260918,633,633,567802623,9372,3915,43,181933637,Running,upcoming,17:10:49,17:10:49,2026-09-18T17:10:49.333,17:10:49,,False,True,15:47,17:19,18-09-2026 17:23:32,1,operator_reported_trip_stop,2026-09-18T11:53:50.513811+00:00,c71ec0da6029c0d3446d890d142e625178d6e71ad7fc18c7119d0f1668a238af
nmmt_vehicle_633_20260918,633,633,567802623,9372,2524,44,181933638,Running,upcoming,17:11:50,17:11:50,2026-09-18T17:11:50.667,17:11:50,,False,True,15:47,17:19,18-09-2026 17:23:32,1,operator_reported_trip_stop,2026-09-18T11:53:50.513811+00:00,c71ec0da6029c0d3446d890d142e625178d6e71ad7fc18c7119d0f1668a238af
nmmt_vehicle_633_20260918,633,633,567802623,9372,3913,45,181933639,Running,upcoming,17:12:52,17:12:52,2026-09-18T17:12:52,17:12:52,,False,True,15:47,17:19,18-09-2026 17:23:32,1,operator_reported_trip_stop,2026-09-18T11:53:50.513811+00:00,c71ec0da6029c0d3446d890d142e625178d6e71ad7fc18c7119d0f1668a238af
nmmt_vehicle_633_20260918,633,633,567802623,9372,4210,46,181933640,Running,upcoming,17:14:54,17:14:54,2026-09-18T17:14:54.667,17:14:54,,False,True,15:47,17:19,18-09-2026 17:23:32,1,operator_reported_trip_stop,2026-09-18T11:53:50.513811+00:00,c71ec0da6029c0d3446d890d142e625178d6e71ad7fc18c7119d0f1668a238af
nmmt_vehicle_633_20260918,633,633,567802623,9372,2518,47,181933641,Running,upcoming,17:15:56,17:15:56,2026-09-18T17:15:56,17:15:56,,False,True,15:47,17:19,18-09-2026 17:23:32,1,operator_reported_trip_stop,2026-09-18T11:53:50.513811+00:00,c71ec0da6029c0d3446d890d142e625178d6e71ad7fc18c7119d0f1668a238af
nmmt_vehicle_633_20260918,633,633,567802623,9372,3324,48,181933642,Running,upcoming,17:16:57,17:16:57,2026-09-18T17:16:57.333,17:16:57,,False,True,15:47,17:19,18-09-2026 17:23:32,1,operator_reported_trip_stop,2026-09-18T11:53:50.513811+00:00,c71ec0da6029c0d3446d890d142e625178d6e71ad7fc18c7119d0f1668a238af
nmmt_vehicle_633_20260918,633,633,567802623,9372,3323,49,181933643,Running,upcoming,17:19:00,17:19:00,2026-09-18T17:19:00,17:19:00,,False,True,15:47,17:19,18-09-2026 17:23:32,1,operator_reported_trip_stop,2026-09-18T11:53:50.513811+00:00,c71ec0da6029c0d3446d890d142e625178d6e71ad7fc18c7119d0f1668a238af
nmmt_vehicle_635_20260918,635,635,567787701,9670,3448,1,181816095,Running,covered,16:48:00,16:48:00,2026-09-18T16:48:00,16:48:20,16:48:30,True,False,16:48,17:28,18-09-2026 17:23:13,1,operator_reported_trip_stop,2026-09-18T11:53:51.123819+00:00,a6107c2554fc25742e655378c5b9b88ee5a97e0c1c51a658f549bc8863c0e173
nmmt_vehicle_635_20260918,635,635,567787701,9670,3447,2,181816096,Running,skipped,16:49:08,16:49:08,2026-09-18T16:49:08.571,16:51:20,16:51:50,False,False,16:48,17:28,18-09-2026 17:23:13,1,operator_reported_trip_stop,2026-09-18T11:53:51.123819+00:00,a6107c2554fc25742e655378c5b9b88ee5a97e0c1c51a658f549bc8863c0e173
nmmt_vehicle_635_20260918,635,635,567787701,9670,3446,3,181816097,Running,skipped,16:50:17,16:50:17,2026-09-18T16:50:17.143,16:51:50,16:52:00,False,False,16:48,17:28,18-09-2026 17:23:13,1,operator_reported_trip_stop,2026-09-18T11:53:51.123819+00:00,a6107c2554fc25742e655378c5b9b88ee5a97e0c1c51a658f549bc8863c0e173
nmmt_vehicle_635_20260918,635,635,567787701,9670,3445,4,181816098,Running,skipped,16:51:25,16:51:25,2026-09-18T16:51:25.714,16:53:02,,False,False,16:48,17:28,18-09-2026 17:23:13,1,operator_reported_trip_stop,2026-09-18T11:53:51.123819+00:00,a6107c2554fc25742e655378c5b9b88ee5a97e0c1c51a658f549bc8863c0e173
nmmt_vehicle_635_20260918,635,635,567787701,9670,2743,5,181816099,Running,skipped,16:52:34,16:52:34,2026-09-18T16:52:34.286,16:53:35,16:54:00,False,False,16:48,17:28,18-09-2026 17:23:13,1,operator_reported_trip_stop,2026-09-18T11:53:51.123819+00:00,a6107c2554fc25742e655378c5b9b88ee5a97e0c1c51a658f549bc8863c0e173
nmmt_vehicle_635_20260918,635,635,567787701,9670,4022,6,181816100,Running,skipped,16:53:42,16:53:42,2026-09-18T16:53:42.857,16:54:40,16:55:15,False,False,16:48,17:28,18-09-2026 17:23:13,1,operator_reported_trip_stop,2026-09-18T11:53:51.123819+00:00,a6107c2554fc25742e655378c5b9b88ee5a97e0c1c51a658f549bc8863c0e173
nmmt_vehicle_635_20260918,635,635,567787701,9670,4314,7,181816101,Running,skipped,16:54:51,16:54:51,2026-09-18T16:54:51.429,16:55:45,16:55:55,False,False,16:48,17:28,18-09-2026 17:23:13,1,operator_reported_trip_stop,2026-09-18T11:53:51.123819+00:00,a6107c2554fc25742e655378c5b9b88ee5a97e0c1c51a658f549bc8863c0e173
nmmt_vehicle_635_20260918,635,635,567787701,9670,4313,8,181816102,Running,skipped,16:56:00,16:56:00,2026-09-18T16:56:00,16:56:57,,False,False,16:48,17:28,18-09-2026 17:23:13,1,operator_reported_trip_stop,2026-09-18T11:53:51.123819+00:00,a6107c2554fc25742e655378c5b9b88ee5a97e0c1c51a658f549bc8863c0e173
nmmt_vehicle_635_20260918,635,635,567787701,9670,4312,9,181816103,Running,covered,16:57:08,16:57:08,2026-09-18T16:57:08.571,16:57:20,16:58:05,True,False,16:48,17:28,18-09-2026 17:23:13,1,operator_reported_trip_stop,2026-09-18T11:53:51.123819+00:00,a6107c2554fc25742e655378c5b9b88ee5a97e0c1c51a658f549bc8863c0e173
nmmt_vehicle_635_20260918,635,635,567787701,9670,3661,10,181816104,Running,skipped,16:58:17,16:58:17,2026-09-18T16:58:17.143,16:58:15,16:58:40,False,False,16:48,17:28,18-09-2026 17:23:13,1,operator_reported_trip_stop,2026-09-18T11:53:51.123819+00:00,a6107c2554fc25742e655378c5b9b88ee5a97e0c1c51a658f549bc8863c0e173
nmmt_vehicle_635_20260918,635,635,567787701,9670,2651,11,181816105,Running,covered,16:59:25,16:59:25,2026-09-18T16:59:25.714,17:00:10,17:00:35,True,False,16:48,17:28,18-09-2026 17:23:13,1,operator_reported_trip_stop,2026-09-18T11:53:51.123819+00:00,a6107c2554fc25742e655378c5b9b88ee5a97e0c1c51a658f549bc8863c0e173
nmmt_vehicle_635_20260918,635,635,567787701,9670,3342,12,181816106,Running,covered,17:00:34,17:00:34,2026-09-18T17:00:34.286,17:01:00,17:01:31,True,False,16:48,17:28,18-09-2026 17:23:13,1,operator_reported_trip_stop,2026-09-18T11:53:51.123819+00:00,a6107c2554fc25742e655378c5b9b88ee5a97e0c1c51a658f549bc8863c0e173
nmmt_vehicle_635_20260918,635,635,567787701,9670,4487,13,181816107,Running,skipped,17:01:42,17:01:42,2026-09-18T17:01:42.857,17:03:03,,False,False,16:48,17:28,18-09-2026 17:23:13,1,operator_reported_trip_stop,2026-09-18T11:53:51.123819+00:00,a6107c2554fc25742e655378c5b9b88ee5a97e0c1c51a658f549bc8863c0e173
nmmt_vehicle_635_20260918,635,635,567787701,9670,4488,14,181816108,Running,skipped,17:04:00,17:04:00,2026-09-18T17:04:00,17:03:34,,False,False,16:48,17:28,18-09-2026 17:23:13,1,operator_reported_trip_stop,2026-09-18T11:53:51.123819+00:00,a6107c2554fc25742e655378c5b9b88ee5a97e0c1c51a658f549bc8863c0e173
nmmt_vehicle_635_20260918,635,635,567787701,9670,4489,15,181816109,Running,covered,17:05:08,17:05:08,2026-09-18T17:05:08.571,17:03:46,17:03:56,True,False,16:48,17:28,18-09-2026 17:23:13,1,operator_reported_trip_stop,2026-09-18T11:53:51.123819+00:00,a6107c2554fc25742e655378c5b9b88ee5a97e0c1c51a658f549bc8863c0e173
nmmt_vehicle_635_20260918,635,635,567787701,9670,4490,16,181816110,Running,skipped,17:06:17,17:06:17,2026-09-18T17:06:17.143,17:04:11,17:04:41,False,False,16:48,17:28,18-09-2026 17:23:13,1,operator_reported_trip_stop,2026-09-18T11:53:51.123819+00:00,a6107c2554fc25742e655378c5b9b88ee5a97e0c1c51a658f549bc8863c0e173
nmmt_vehicle_635_20260918,635,635,567787701,9670,4562,17,181816111,Running,covered,17:07:25,17:07:25,2026-09-18T17:07:25.714,17:04:56,17:05:26,True,False,16:48,17:28,18-09-2026 17:23:13,1,operator_reported_trip_stop,2026-09-18T11:53:51.123819+00:00,a6107c2554fc25742e655378c5b9b88ee5a97e0c1c51a658f549bc8863c0e173
nmmt_vehicle_635_20260918,635,635,567787701,9670,3346,18,181816112,Running,skipped,17:08:34,17:08:34,2026-09-18T17:08:34.286,17:05:36,17:06:11,False,False,16:48,17:28,18-09-2026 17:23:13,1,operator_reported_trip_stop,2026-09-18T11:53:51.123819+00:00,a6107c2554fc25742e655378c5b9b88ee5a97e0c1c51a658f549bc8863c0e173
nmmt_vehicle_635_20260918,635,635,567787701,9670,3348,19,181816113,Running,skipped,17:09:42,17:09:42,2026-09-18T17:09:42.857,17:07:01,,False,False,16:48,17:28,18-09-2026 17:23:13,1,operator_reported_trip_stop,2026-09-18T11:53:51.123819+00:00,a6107c2554fc25742e655378c5b9b88ee5a97e0c1c51a658f549bc8863c0e173
nmmt_vehicle_635_20260918,635,635,567787701,9670,3811,20,181816114,Running,covered,17:10:51,17:10:51,2026-09-18T17:10:51.429,17:07:41,17:08:16,True,False,16:48,17:28,18-09-2026 17:23:13,1,operator_reported_trip_stop,2026-09-18T11:53:51.123819+00:00,a6107c2554fc25742e655378c5b9b88ee5a97e0c1c51a658f549bc8863c0e173
nmmt_vehicle_635_20260918,635,635,567787701,9670,3676,21,181816115,Running,skipped,17:13:08,17:13:08,2026-09-18T17:13:08.571,17:09:23,,False,False,16:48,17:28,18-09-2026 17:23:13,1,operator_reported_trip_stop,2026-09-18T11:53:51.123819+00:00,a6107c2554fc25742e655378c5b9b88ee5a97e0c1c51a658f549bc8863c0e173
nmmt_vehicle_635_20260918,635,635,567787701,9670,3349,22,181816116,Running,covered,17:14:17,17:14:17,2026-09-18T17:14:17.143,17:09:41,17:10:31,True,False,16:48,17:28,18-09-2026 17:23:13,1,operator_reported_trip_stop,2026-09-18T11:53:51.123819+00:00,a6107c2554fc25742e655378c5b9b88ee5a97e0c1c51a658f549bc8863c0e173
nmmt_vehicle_635_20260918,635,635,567787701,9670,3435,23,181816117,Running,skipped,17:15:25,17:15:25,2026-09-18T17:15:25.714,17:11:39,,False,False,16:48,17:28,18-09-2026 17:23:13,1,operator_reported_trip_stop,2026-09-18T11:53:51.123819+00:00,a6107c2554fc25742e655378c5b9b88ee5a97e0c1c51a658f549bc8863c0e173
nmmt_vehicle_635_20260918,635,635,567787701,9670,3430,24,181816118,Running,covered,17:16:34,17:16:34,2026-09-18T17:16:34.286,17:14:07,17:14:47,True,False,16:48,17:28,18-09-2026 17:23:13,1,operator_reported_trip_stop,2026-09-18T11:53:51.123819+00:00,a6107c2554fc25742e655378c5b9b88ee5a97e0c1c51a658f549bc8863c0e173
nmmt_vehicle_635_20260918,635,635,567787701,9670,3981,25,181816119,Running,covered,17:17:42,17:17:42,2026-09-18T17:17:42.857,17:16:17,17:17:12,True,False,16:48,17:28,18-09-2026 17:23:13,1,operator_reported_trip_stop,2026-09-18T11:53:51.123819+00:00,a6107c2554fc25742e655378c5b9b88ee5a97e0c1c51a658f549bc8863c0e173
nmmt_vehicle_635_20260918,635,635,567787701,9670,4817,26,181816120,Running,skipped,17:18:51,17:18:51,2026-09-18T17:18:51.429,17:17:52,17:22:08,False,False,16:48,17:28,18-09-2026 17:23:13,1,operator_reported_trip_stop,2026-09-18T11:53:51.123819+00:00,a6107c2554fc25742e655378c5b9b88ee5a97e0c1c51a658f549bc8863c0e173
nmmt_vehicle_635_20260918,635,635,567787701,9670,5103,27,181816121,Running,skipped,17:20:00,17:20:00,2026-09-18T17:20:00,17:18:58,,False,False,16:48,17:28,18-09-2026 17:23:13,1,operator_reported_trip_stop,2026-09-18T11:53:51.123819+00:00,a6107c2554fc25742e655378c5b9b88ee5a97e0c1c51a658f549bc8863c0e173
nmmt_vehicle_635_20260918,635,635,567787701,9670,5235,28,181816122,Running,skipped,17:21:08,17:21:08,2026-09-18T17:21:08.571,17:20:46,,False,False,16:48,17:28,18-09-2026 17:23:13,1,operator_reported_trip_stop,2026-09-18T11:53:51.123819+00:00,a6107c2554fc25742e655378c5b9b88ee5a97e0c1c51a658f549bc8863c0e173
nmmt_vehicle_635_20260918,635,635,567787701,9670,5233,29,181816123,Running,skipped,17:22:17,17:22:17,2026-09-18T17:22:17.143,17:21:58,,False,False,16:48,17:28,18-09-2026 17:23:13,1,operator_reported_trip_stop,2026-09-18T11:53:51.123819+00:00,a6107c2554fc25742e655378c5b9b88ee5a97e0c1c51a658f549bc8863c0e173
nmmt_vehicle_635_20260918,635,635,567787701,9670,5237,30,181816124,Running,skipped,17:23:25,17:23:25,2026-09-18T17:23:25.714,17:22:34,,False,False,16:48,17:28,18-09-2026 17:23:13,1,operator_reported_trip_stop,2026-09-18T11:53:51.123819+00:00,a6107c2554fc25742e655378c5b9b88ee5a97e0c1c51a658f549bc8863c0e173
nmmt_vehicle_635_20260918,635,635,567787701,9670,5232,31,181816125,Running,covered,17:24:34,17:24:34,2026-09-18T17:24:34.286,17:22:23,17:22:58,True,False,16:48,17:28,18-09-2026 17:23:13,1,operator_reported_trip_stop,2026-09-18T11:53:51.123819+00:00,a6107c2554fc25742e655378c5b9b88ee5a97e0c1c51a658f549bc8863c0e173
nmmt_vehicle_635_20260918,635,635,567787701,9670,5231,32,181816126,Running,skipped,17:25:42,17:25:42,2026-09-18T17:25:42.857,17:23:08,17:23:18,False,False,16:48,17:28,18-09-2026 17:23:13,1,operator_reported_trip_stop,2026-09-18T11:53:51.123819+00:00,a6107c2554fc25742e655378c5b9b88ee5a97e0c1c51a658f549bc8863c0e173
nmmt_vehicle_635_20260918,635,635,567787701,9670,5230,33,181816127,Running,upcoming,17:28:00,17:28:00,2026-09-18T17:28:00,17:28:00,,False,True,16:48,17:28,18-09-2026 17:23:13,1,operator_reported_trip_stop,2026-09-18T11:53:51.123819+00:00,a6107c2554fc25742e655378c5b9b88ee5a97e0c1c51a658f549bc8863c0e173
nmmt_vehicle_639_20260918,639,639,567787709,9670,3448,1,181816360,Running,covered,16:05:00,16:05:00,2026-09-18T16:05:00,16:09:55,16:10:05,True,False,16:05,16:45,18-09-2026 17:23:02,1,operator_reported_trip_stop,2026-09-18T11:53:51.711028+00:00,0dfbc4229a70188b8c553435831e4d1d2c02617c123c8f9929963ab236a51e88
nmmt_vehicle_639_20260918,639,639,567787709,9670,3447,2,181816361,Running,skipped,16:06:08,16:06:08,2026-09-18T16:06:08.571,16:21:24,,False,False,16:05,16:45,18-09-2026 17:23:02,1,operator_reported_trip_stop,2026-09-18T11:53:51.711028+00:00,0dfbc4229a70188b8c553435831e4d1d2c02617c123c8f9929963ab236a51e88
nmmt_vehicle_639_20260918,639,639,567787709,9670,3446,3,181816362,Running,skipped,16:07:17,16:07:17,2026-09-18T16:07:17.143,16:32:24,,False,False,16:05,16:45,18-09-2026 17:23:02,1,operator_reported_trip_stop,2026-09-18T11:53:51.711028+00:00,0dfbc4229a70188b8c553435831e4d1d2c02617c123c8f9929963ab236a51e88
nmmt_vehicle_639_20260918,639,639,567787709,9670,3445,4,181816363,Running,skipped,16:08:25,16:08:25,2026-09-18T16:08:25.714,16:43:23,,False,False,16:05,16:45,18-09-2026 17:23:02,1,operator_reported_trip_stop,2026-09-18T11:53:51.711028+00:00,0dfbc4229a70188b8c553435831e4d1d2c02617c123c8f9929963ab236a51e88
nmmt_vehicle_639_20260918,639,639,567787709,9670,2743,5,181816364,Running,skipped,16:09:34,16:09:34,2026-09-18T16:09:34.286,16:59:52,,False,False,16:05,16:45,18-09-2026 17:23:02,1,operator_reported_trip_stop,2026-09-18T11:53:51.711028+00:00,0dfbc4229a70188b8c553435831e4d1d2c02617c123c8f9929963ab236a51e88
nmmt_vehicle_639_20260918,639,639,567787709,9670,4022,6,181816365,Running,skipped,16:10:42,16:10:42,2026-09-18T16:10:42.857,17:05:22,,False,False,16:05,16:45,18-09-2026 17:23:02,1,operator_reported_trip_stop,2026-09-18T11:53:51.711028+00:00,0dfbc4229a70188b8c553435831e4d1d2c02617c123c8f9929963ab236a51e88
nmmt_vehicle_639_20260918,639,639,567787709,9670,4314,7,181816366,Running,skipped,16:11:51,16:11:51,2026-09-18T16:11:51.429,17:13:37,,False,False,16:05,16:45,18-09-2026 17:23:02,1,operator_reported_trip_stop,2026-09-18T11:53:51.711028+00:00,0dfbc4229a70188b8c553435831e4d1d2c02617c123c8f9929963ab236a51e88
nmmt_vehicle_639_20260918,639,639,567787709,9670,4313,8,181816367,Running,skipped,16:13:00,16:13:00,2026-09-18T16:13:00,17:21:22,17:21:32,False,False,16:05,16:45,18-09-2026 17:23:02,1,operator_reported_trip_stop,2026-09-18T11:53:51.711028+00:00,0dfbc4229a70188b8c553435831e4d1d2c02617c123c8f9929963ab236a51e88
nmmt_vehicle_639_20260918,639,639,567787709,9670,4312,9,181816368,Running,skipped,16:14:08,16:14:08,2026-09-18T16:14:08.571,16:20:37,,False,False,16:05,16:45,18-09-2026 17:23:02,1,operator_reported_trip_stop,2026-09-18T11:53:51.711028+00:00,0dfbc4229a70188b8c553435831e4d1d2c02617c123c8f9929963ab236a51e88
nmmt_vehicle_639_20260918,639,639,567787709,9670,3661,10,181816369,Running,skipped,16:15:17,16:15:17,2026-09-18T16:15:17.143,16:21:19,,False,False,16:05,16:45,18-09-2026 17:23:02,1,operator_reported_trip_stop,2026-09-18T11:53:51.711028+00:00,0dfbc4229a70188b8c553435831e4d1d2c02617c123c8f9929963ab236a51e88
nmmt_vehicle_639_20260918,639,639,567787709,9670,2651,11,181816370,Running,skipped,16:16:25,16:16:25,2026-09-18T16:16:25.714,16:22:56,16:23:26,False,False,16:05,16:45,18-09-2026 17:23:02,1,operator_reported_trip_stop,2026-09-18T11:53:51.711028+00:00,0dfbc4229a70188b8c553435831e4d1d2c02617c123c8f9929963ab236a51e88
nmmt_vehicle_639_20260918,639,639,567787709,9670,3342,12,181816371,Running,skipped,16:17:34,16:17:34,2026-09-18T16:17:34.286,16:23:36,16:24:11,False,False,16:05,16:45,18-09-2026 17:23:02,1,operator_reported_trip_stop,2026-09-18T11:53:51.711028+00:00,0dfbc4229a70188b8c553435831e4d1d2c02617c123c8f9929963ab236a51e88
nmmt_vehicle_639_20260918,639,639,567787709,9670,4487,13,181816372,Running,skipped,16:18:42,16:18:42,2026-09-18T16:18:42.857,17:14:07,17:14:17,False,False,16:05,16:45,18-09-2026 17:23:02,1,operator_reported_trip_stop,2026-09-18T11:53:51.711028+00:00,0dfbc4229a70188b8c553435831e4d1d2c02617c123c8f9929963ab236a51e88
nmmt_vehicle_639_20260918,639,639,567787709,9670,4488,14,181816373,Running,skipped,16:21:00,16:21:00,2026-09-18T16:21:00,16:45:23,,False,False,16:05,16:45,18-09-2026 17:23:02,1,operator_reported_trip_stop,2026-09-18T11:53:51.711028+00:00,0dfbc4229a70188b8c553435831e4d1d2c02617c123c8f9929963ab236a51e88
nmmt_vehicle_639_20260918,639,639,567787709,9670,4489,15,181816374,Running,skipped,16:22:08,16:22:08,2026-09-18T16:22:08.571,17:12:17,17:12:27,False,False,16:05,16:45,18-09-2026 17:23:02,1,operator_reported_trip_stop,2026-09-18T11:53:51.711028+00:00,0dfbc4229a70188b8c553435831e4d1d2c02617c123c8f9929963ab236a51e88
nmmt_vehicle_639_20260918,639,639,567787709,9670,4490,16,181816375,Running,skipped,16:23:17,16:23:17,2026-09-18T16:23:17.143,16:26:46,16:27:21,False,False,16:05,16:45,18-09-2026 17:23:02,1,operator_reported_trip_stop,2026-09-18T11:53:51.711028+00:00,0dfbc4229a70188b8c553435831e4d1d2c02617c123c8f9929963ab236a51e88
nmmt_vehicle_639_20260918,639,639,567787709,9670,4562,17,181816376,Running,covered,16:24:25,16:24:25,2026-09-18T16:24:25.714,16:27:56,16:28:16,True,False,16:05,16:45,18-09-2026 17:23:02,1,operator_reported_trip_stop,2026-09-18T11:53:51.711028+00:00,0dfbc4229a70188b8c553435831e4d1d2c02617c123c8f9929963ab236a51e88
nmmt_vehicle_639_20260918,639,639,567787709,9670,3346,18,181816377,Running,skipped,16:25:34,16:25:34,2026-09-18T16:25:34.286,16:58:36,,False,False,16:05,16:45,18-09-2026 17:23:02,1,operator_reported_trip_stop,2026-09-18T11:53:51.711028+00:00,0dfbc4229a70188b8c553435831e4d1d2c02617c123c8f9929963ab236a51e88
nmmt_vehicle_639_20260918,639,639,567787709,9670,3348,19,181816378,Running,covered,16:26:42,16:26:42,2026-09-18T16:26:42.857,17:08:10,16:29:56,True,False,16:05,16:45,18-09-2026 17:23:02,1,operator_reported_trip_stop,2026-09-18T11:53:51.711028+00:00,0dfbc4229a70188b8c553435831e4d1d2c02617c123c8f9929963ab236a51e88
nmmt_vehicle_639_20260918,639,639,567787709,9670,3811,20,181816379,Running,covered,16:27:51,16:27:51,2026-09-18T16:27:51.429,17:07:30,16:31:26,True,False,16:05,16:45,18-09-2026 17:23:02,1,operator_reported_trip_stop,2026-09-18T11:53:51.711028+00:00,0dfbc4229a70188b8c553435831e4d1d2c02617c123c8f9929963ab236a51e88
nmmt_vehicle_639_20260918,639,639,567787709,9670,3676,21,181816380,Running,skipped,16:30:08,16:30:08,2026-09-18T16:30:08.571,16:32:28,,False,False,16:05,16:45,18-09-2026 17:23:02,1,operator_reported_trip_stop,2026-09-18T11:53:51.711028+00:00,0dfbc4229a70188b8c553435831e4d1d2c02617c123c8f9929963ab236a51e88
nmmt_vehicle_639_20260918,639,639,567787709,9670,3349,22,181816381,Running,covered,16:31:17,16:31:17,2026-09-18T16:31:17.143,16:32:56,16:33:06,True,False,16:05,16:45,18-09-2026 17:23:02,1,operator_reported_trip_stop,2026-09-18T11:53:51.711028+00:00,0dfbc4229a70188b8c553435831e4d1d2c02617c123c8f9929963ab236a51e88
nmmt_vehicle_639_20260918,639,639,567787709,9670,3435,23,181816382,Running,skipped,16:32:25,16:32:25,2026-09-18T16:32:25.714,16:35:43,,False,False,16:05,16:45,18-09-2026 17:23:02,1,operator_reported_trip_stop,2026-09-18T11:53:51.711028+00:00,0dfbc4229a70188b8c553435831e4d1d2c02617c123c8f9929963ab236a51e88
nmmt_vehicle_639_20260918,639,639,567787709,9670,3430,24,181816383,Running,covered,16:33:34,16:33:34,2026-09-18T16:33:34.286,16:39:49,16:39:59,True,False,16:05,16:45,18-09-2026 17:23:02,1,operator_reported_trip_stop,2026-09-18T11:53:51.711028+00:00,0dfbc4229a70188b8c553435831e4d1d2c02617c123c8f9929963ab236a51e88
nmmt_vehicle_639_20260918,639,639,567787709,9670,3981,25,181816384,Running,covered,16:34:42,16:34:42,2026-09-18T16:34:42.857,16:42:24,16:50:42,True,False,16:05,16:45,18-09-2026 17:23:02,1,operator_reported_trip_stop,2026-09-18T11:53:51.711028+00:00,0dfbc4229a70188b8c553435831e4d1d2c02617c123c8f9929963ab236a51e88
nmmt_vehicle_639_20260918,639,639,567787709,9670,4817,26,181816385,Running,skipped,16:35:51,16:35:51,2026-09-18T16:35:51.429,16:44:08,,False,False,16:05,16:45,18-09-2026 17:23:02,1,operator_reported_trip_stop,2026-09-18T11:53:51.711028+00:00,0dfbc4229a70188b8c553435831e4d1d2c02617c123c8f9929963ab236a51e88
nmmt_vehicle_639_20260918,639,639,567787709,9670,5103,27,181816386,Running,skipped,16:37:00,16:37:00,2026-09-18T16:37:00,16:45:22,,False,False,16:05,16:45,18-09-2026 17:23:02,1,operator_reported_trip_stop,2026-09-18T11:53:51.711028+00:00,0dfbc4229a70188b8c553435831e4d1d2c02617c123c8f9929963ab236a51e88
nmmt_vehicle_639_20260918,639,639,567787709,9670,5235,28,181816387,Running,skipped,16:38:08,16:38:08,2026-09-18T16:38:08.571,16:49:04,,False,False,16:05,16:45,18-09-2026 17:23:02,1,operator_reported_trip_stop,2026-09-18T11:53:51.711028+00:00,0dfbc4229a70188b8c553435831e4d1d2c02617c123c8f9929963ab236a51e88
nmmt_vehicle_639_20260918,639,639,567787709,9670,5233,29,181816388,Running,skipped,16:39:17,16:39:17,2026-09-18T16:39:17.143,16:51:32,,False,False,16:05,16:45,18-09-2026 17:23:02,1,operator_reported_trip_stop,2026-09-18T11:53:51.711028+00:00,0dfbc4229a70188b8c553435831e4d1d2c02617c123c8f9929963ab236a51e88
nmmt_vehicle_639_20260918,639,639,567787709,9670,5237,30,181816389,Running,skipped,16:40:25,16:40:25,2026-09-18T16:40:25.714,16:52:17,16:56:42,False,False,16:05,16:45,18-09-2026 17:23:02,1,operator_reported_trip_stop,2026-09-18T11:53:51.711028+00:00,0dfbc4229a70188b8c553435831e4d1d2c02617c123c8f9929963ab236a51e88
nmmt_vehicle_639_20260918,639,639,567787709,9670,5232,31,181816390,Running,covered,16:41:34,16:41:34,2026-09-18T16:41:34.286,16:51:32,16:51:42,True,False,16:05,16:45,18-09-2026 17:23:02,1,operator_reported_trip_stop,2026-09-18T11:53:51.711028+00:00,0dfbc4229a70188b8c553435831e4d1d2c02617c123c8f9929963ab236a51e88
nmmt_vehicle_639_20260918,639,639,567787709,9670,5231,32,181816391,Running,skipped,16:42:42,16:42:42,2026-09-18T16:42:42.857,16:50:57,16:51:32,False,False,16:05,16:45,18-09-2026 17:23:02,1,operator_reported_trip_stop,2026-09-18T11:53:51.711028+00:00,0dfbc4229a70188b8c553435831e4d1d2c02617c123c8f9929963ab236a51e88
nmmt_vehicle_639_20260918,639,639,567787709,9670,5230,33,181816392,Running,upcoming,16:45:00,16:45:00,2026-09-18T16:45:00,16:45:00,,False,True,16:05,16:45,18-09-2026 17:23:02,1,operator_reported_trip_stop,2026-09-18T11:53:51.711028+00:00,0dfbc4229a70188b8c553435831e4d1d2c02617c123c8f9929963ab236a51e88
nmmt_vehicle_648_20260918,648,648,567783680,5615,2908,1,181675078,Running,skipped,16:44:00,16:44:00,2026-09-18T16:44:00,16:44:00,,False,True,16:44,18:29,18-09-2026 17:07:06,1,operator_reported_trip_stop,2026-09-18T11:37:57.038387+00:00,b2d896b5a138e9ae09298007d07ede633b2675d457acb12ecb9237b18da7e37b
nmmt_vehicle_648_20260918,648,648,567783680,5615,3080,2,181675079,Running,skipped,16:45:10,16:45:10,2026-09-18T16:45:10,16:45:10,,False,True,16:44,18:29,18-09-2026 17:07:06,1,operator_reported_trip_stop,2026-09-18T11:37:57.038387+00:00,b2d896b5a138e9ae09298007d07ede633b2675d457acb12ecb9237b18da7e37b
nmmt_vehicle_648_20260918,648,648,567783680,5615,3079,3,181675080,Running,skipped,16:46:20,16:46:20,2026-09-18T16:46:20,16:46:20,,False,True,16:44,18:29,18-09-2026 17:07:06,1,operator_reported_trip_stop,2026-09-18T11:37:57.038387+00:00,b2d896b5a138e9ae09298007d07ede633b2675d457acb12ecb9237b18da7e37b
nmmt_vehicle_648_20260918,648,648,567783680,5615,3075,4,181675081,Running,covered,16:47:30,16:47:30,2026-09-18T16:47:30,17:00:21,17:00:31,True,False,16:44,18:29,18-09-2026 17:07:06,1,operator_reported_trip_stop,2026-09-18T11:37:57.038387+00:00,b2d896b5a138e9ae09298007d07ede633b2675d457acb12ecb9237b18da7e37b
nmmt_vehicle_648_20260918,648,648,567783680,5615,2764,5,181675082,Running,covered,16:48:40,16:48:40,2026-09-18T16:48:40,17:00:31,17:00:51,True,False,16:44,18:29,18-09-2026 17:07:06,1,operator_reported_trip_stop,2026-09-18T11:37:57.038387+00:00,b2d896b5a138e9ae09298007d07ede633b2675d457acb12ecb9237b18da7e37b
nmmt_vehicle_648_20260918,648,648,567783680,5615,2765,6,181675083,Running,covered,16:49:50,16:49:50,2026-09-18T16:49:50,17:01:06,17:02:21,True,False,16:44,18:29,18-09-2026 17:07:06,1,operator_reported_trip_stop,2026-09-18T11:37:57.038387+00:00,b2d896b5a138e9ae09298007d07ede633b2675d457acb12ecb9237b18da7e37b
nmmt_vehicle_648_20260918,648,648,567783680,5615,2766,7,181675084,Running,upcoming,16:51:00,16:51:00,2026-09-18T16:51:00,16:51:00,,False,True,16:44,18:29,18-09-2026 17:07:06,1,operator_reported_trip_stop,2026-09-18T11:37:57.038387+00:00,b2d896b5a138e9ae09298007d07ede633b2675d457acb12ecb9237b18da7e37b
nmmt_vehicle_648_20260918,648,648,567783680,5615,2767,8,181675085,Running,upcoming,16:52:10,16:52:10,2026-09-18T16:52:10,16:52:10,,False,True,16:44,18:29,18-09-2026 17:07:06,1,operator_reported_trip_stop,2026-09-18T11:37:57.038387+00:00,b2d896b5a138e9ae09298007d07ede633b2675d457acb12ecb9237b18da7e37b
nmmt_vehicle_648_20260918,648,648,567783680,5615,2763,9,181675086,Running,upcoming,16:53:20,16:53:20,2026-09-18T16:53:20,16:53:20,,False,True,16:44,18:29,18-09-2026 17:07:06,1,operator_reported_trip_stop,2026-09-18T11:37:57.038387+00:00,b2d896b5a138e9ae09298007d07ede633b2675d457acb12ecb9237b18da7e37b
nmmt_vehicle_648_20260918,648,648,567783680,5615,2762,10,181675087,Running,upcoming,16:54:30,16:54:30,2026-09-18T16:54:30,16:54:30,,False,True,16:44,18:29,18-09-2026 17:07:06,1,operator_reported_trip_stop,2026-09-18T11:37:57.038387+00:00,b2d896b5a138e9ae09298007d07ede633b2675d457acb12ecb9237b18da7e37b
nmmt_vehicle_648_20260918,648,648,567783680,5615,2683,11,181675088,Running,upcoming,16:56:50,16:56:50,2026-09-18T16:56:50,16:56:50,,False,True,16:44,18:29,18-09-2026 17:07:06,1,operator_reported_trip_stop,2026-09-18T11:37:57.038387+00:00,b2d896b5a138e9ae09298007d07ede633b2675d457acb12ecb9237b18da7e37b
nmmt_vehicle_648_20260918,648,648,567783680,5615,3215,12,181675089,Running,upcoming,16:58:00,16:58:00,2026-09-18T16:58:00,16:58:00,,False,True,16:44,18:29,18-09-2026 17:07:06,1,operator_reported_trip_stop,2026-09-18T11:37:57.038387+00:00,b2d896b5a138e9ae09298007d07ede633b2675d457acb12ecb9237b18da7e37b
nmmt_vehicle_648_20260918,648,648,567783680,5615,3216,13,181675090,Running,upcoming,16:59:10,16:59:10,2026-09-18T16:59:10,16:59:10,,False,True,16:44,18:29,18-09-2026 17:07:06,1,operator_reported_trip_stop,2026-09-18T11:37:57.038387+00:00,b2d896b5a138e9ae09298007d07ede633b2675d457acb12ecb9237b18da7e37b
nmmt_vehicle_648_20260918,648,648,567783680,5615,4227,14,181675091,Running,upcoming,17:00:20,17:00:20,2026-09-18T17:00:20,17:00:20,,False,True,16:44,18:29,18-09-2026 17:07:06,1,operator_reported_trip_stop,2026-09-18T11:37:57.038387+00:00,b2d896b5a138e9ae09298007d07ede633b2675d457acb12ecb9237b18da7e37b
nmmt_vehicle_648_20260918,648,648,567783680,5615,3196,15,181675092,Running,upcoming,17:01:30,17:01:30,2026-09-18T17:01:30,17:01:30,,False,True,16:44,18:29,18-09-2026 17:07:06,1,operator_reported_trip_stop,2026-09-18T11:37:57.038387+00:00,b2d896b5a138e9ae09298007d07ede633b2675d457acb12ecb9237b18da7e37b
nmmt_vehicle_648_20260918,648,648,567783680,5615,2677,16,181675093,Running,upcoming,17:02:40,17:02:40,2026-09-18T17:02:40,17:02:40,,False,True,16:44,18:29,18-09-2026 17:07:06,1,operator_reported_trip_stop,2026-09-18T11:37:57.038387+00:00,b2d896b5a138e9ae09298007d07ede633b2675d457acb12ecb9237b18da7e37b
nmmt_vehicle_648_20260918,648,648,567783680,5615,2675,17,181675094,Running,upcoming,17:03:50,17:03:50,2026-09-18T17:03:50,17:03:50,,False,True,16:44,18:29,18-09-2026 17:07:06,1,operator_reported_trip_stop,2026-09-18T11:37:57.038387+00:00,b2d896b5a138e9ae09298007d07ede633b2675d457acb12ecb9237b18da7e37b
nmmt_vehicle_648_20260918,648,648,567783680,5615,2674,18,181675095,Running,upcoming,17:05:00,17:05:00,2026-09-18T17:05:00,17:05:00,,False,True,16:44,18:29,18-09-2026 17:07:06,1,operator_reported_trip_stop,2026-09-18T11:37:57.038387+00:00,b2d896b5a138e9ae09298007d07ede633b2675d457acb12ecb9237b18da7e37b
nmmt_vehicle_648_20260918,648,648,567783680,5615,2672,19,181675096,Running,upcoming,17:06:10,17:06:10,2026-09-18T17:06:10,17:06:10,,False,True,16:44,18:29,18-09-2026 17:07:06,1,operator_reported_trip_stop,2026-09-18T11:37:57.038387+00:00,b2d896b5a138e9ae09298007d07ede633b2675d457acb12ecb9237b18da7e37b
nmmt_vehicle_648_20260918,648,648,567783680,5615,2671,20,181675097,Running,upcoming,17:07:20,17:07:20,2026-09-18T17:07:20,17:07:20,,False,True,16:44,18:29,18-09-2026 17:07:06,1,operator_reported_trip_stop,2026-09-18T11:37:57.038387+00:00,b2d896b5a138e9ae09298007d07ede633b2675d457acb12ecb9237b18da7e37b
nmmt_vehicle_648_20260918,648,648,567783680,5615,2670,21,181675098,Running,upcoming,17:07:20,17:07:20,2026-09-18T17:07:20,17:07:20,,False,True,16:44,18:29,18-09-2026 17:07:06,1,operator_reported_trip_stop,2026-09-18T11:37:57.038387+00:00,b2d896b5a138e9ae09298007d07ede633b2675d457acb12ecb9237b18da7e37b
nmmt_vehicle_648_20260918,648,648,567783680,5615,2669,22,181675099,Running,upcoming,17:08:30,17:08:30,2026-09-18T17:08:30,17:08:30,,False,True,16:44,18:29,18-09-2026 17:07:06,1,operator_reported_trip_stop,2026-09-18T11:37:57.038387+00:00,b2d896b5a138e9ae09298007d07ede633b2675d457acb12ecb9237b18da7e37b
nmmt_vehicle_648_20260918,648,648,567783680,5615,2667,23,181675100,Running,upcoming,17:09:40,17:09:40,2026-09-18T17:09:40,17:09:40,,False,True,16:44,18:29,18-09-2026 17:07:06,1,operator_reported_trip_stop,2026-09-18T11:37:57.038387+00:00,b2d896b5a138e9ae09298007d07ede633b2675d457acb12ecb9237b18da7e37b
nmmt_vehicle_648_20260918,648,648,567783680,5615,2665,24,181675101,Running,upcoming,17:10:50,17:10:50,2026-09-18T17:10:50,17:10:50,,False,True,16:44,18:29,18-09-2026 17:07:06,1,operator_reported_trip_stop,2026-09-18T11:37:57.038387+00:00,b2d896b5a138e9ae09298007d07ede633b2675d457acb12ecb9237b18da7e37b
nmmt_vehicle_648_20260918,648,648,567783680,5615,4798,25,181675102,Running,upcoming,17:12:00,17:12:00,2026-09-18T17:12:00,17:12:00,,False,True,16:44,18:29,18-09-2026 17:07:06,1,operator_reported_trip_stop,2026-09-18T11:37:57.038387+00:00,b2d896b5a138e9ae09298007d07ede633b2675d457acb12ecb9237b18da7e37b
nmmt_vehicle_648_20260918,648,648,567783680,5615,2540,26,181675103,Running,upcoming,17:12:00,17:12:00,2026-09-18T17:12:00,17:12:00,,False,True,16:44,18:29,18-09-2026 17:07:06,1,operator_reported_trip_stop,2026-09-18T11:37:57.038387+00:00,b2d896b5a138e9ae09298007d07ede633b2675d457acb12ecb9237b18da7e37b
nmmt_vehicle_648_20260918,648,648,567783680,5615,3930,27,181675104,Running,upcoming,17:13:10,17:13:10,2026-09-18T17:13:10,17:13:10,,False,True,16:44,18:29,18-09-2026 17:07:06,1,operator_reported_trip_stop,2026-09-18T11:37:57.038387+00:00,b2d896b5a138e9ae09298007d07ede633b2675d457acb12ecb9237b18da7e37b
nmmt_vehicle_648_20260918,648,648,567783680,5615,3917,28,181675105,Running,upcoming,17:15:30,17:15:30,2026-09-18T17:15:30,17:15:30,,False,True,16:44,18:29,18-09-2026 17:07:06,1,operator_reported_trip_stop,2026-09-18T11:37:57.038387+00:00,b2d896b5a138e9ae09298007d07ede633b2675d457acb12ecb9237b18da7e37b
nmmt_vehicle_648_20260918,648,648,567783680,5615,2536,29,181675106,Running,upcoming,17:14:20,17:14:20,2026-09-18T17:14:20,17:14:20,,False,True,16:44,18:29,18-09-2026 17:07:06,1,operator_reported_trip_stop,2026-09-18T11:37:57.038387+00:00,b2d896b5a138e9ae09298007d07ede633b2675d457acb12ecb9237b18da7e37b
nmmt_vehicle_648_20260918,648,648,567783680,5615,3911,30,181675107,Running,upcoming,17:16:40,17:16:40,2026-09-18T17:16:40,17:16:40,,False,True,16:44,18:29,18-09-2026 17:07:06,1,operator_reported_trip_stop,2026-09-18T11:37:57.038387+00:00,b2d896b5a138e9ae09298007d07ede633b2675d457acb12ecb9237b18da7e37b
nmmt_vehicle_648_20260918,648,648,567783680,5615,2531,31,181675108,Running,upcoming,17:17:50,17:17:50,2026-09-18T17:17:50,17:17:50,,False,True,16:44,18:29,18-09-2026 17:07:06,1,operator_reported_trip_stop,2026-09-18T11:37:57.038387+00:00,b2d896b5a138e9ae09298007d07ede633b2675d457acb12ecb9237b18da7e37b
nmmt_vehicle_648_20260918,648,648,567783680,5615,3927,32,181675109,Running,upcoming,17:21:20,17:21:20,2026-09-18T17:21:20,17:21:20,,False,True,16:44,18:29,18-09-2026 17:07:06,1,operator_reported_trip_stop,2026-09-18T11:37:57.038387+00:00,b2d896b5a138e9ae09298007d07ede633b2675d457acb12ecb9237b18da7e37b
nmmt_vehicle_648_20260918,648,648,567783680,5615,2726,33,181675110,Running,upcoming,17:23:40,17:23:40,2026-09-18T17:23:40,17:23:40,,False,True,16:44,18:29,18-09-2026 17:07:06,1,operator_reported_trip_stop,2026-09-18T11:37:57.038387+00:00,b2d896b5a138e9ae09298007d07ede633b2675d457acb12ecb9237b18da7e37b
nmmt_vehicle_648_20260918,648,648,567783680,5615,3915,34,181675111,Running,upcoming,17:26:00,17:26:00,2026-09-18T17:26:00,17:26:00,,False,True,16:44,18:29,18-09-2026 17:07:06,1,operator_reported_trip_stop,2026-09-18T11:37:57.038387+00:00,b2d896b5a138e9ae09298007d07ede633b2675d457acb12ecb9237b18da7e37b
nmmt_vehicle_648_20260918,648,648,567783680,5615,2524,35,181675112,Running,upcoming,17:28:20,17:28:20,2026-09-18T17:28:20,17:28:20,,False,True,16:44,18:29,18-09-2026 17:07:06,1,operator_reported_trip_stop,2026-09-18T11:37:57.038387+00:00,b2d896b5a138e9ae09298007d07ede633b2675d457acb12ecb9237b18da7e37b
nmmt_vehicle_648_20260918,648,648,567783680,5615,3913,36,181675113,Running,upcoming,17:30:40,17:30:40,2026-09-18T17:30:40,17:30:40,,False,True,16:44,18:29,18-09-2026 17:07:06,1,operator_reported_trip_stop,2026-09-18T11:37:57.038387+00:00,b2d896b5a138e9ae09298007d07ede633b2675d457acb12ecb9237b18da7e37b
nmmt_vehicle_648_20260918,648,648,567783680,5615,4209,37,181675114,Running,upcoming,17:33:00,17:33:00,2026-09-18T17:33:00,17:33:00,,False,True,16:44,18:29,18-09-2026 17:07:06,1,operator_reported_trip_stop,2026-09-18T11:37:57.038387+00:00,b2d896b5a138e9ae09298007d07ede633b2675d457acb12ecb9237b18da7e37b
nmmt_vehicle_648_20260918,648,648,567783680,5615,4210,38,181675115,Running,upcoming,17:35:20,17:35:20,2026-09-18T17:35:20,17:35:20,,False,True,16:44,18:29,18-09-2026 17:07:06,1,operator_reported_trip_stop,2026-09-18T11:37:57.038387+00:00,b2d896b5a138e9ae09298007d07ede633b2675d457acb12ecb9237b18da7e37b
nmmt_vehicle_648_20260918,648,648,567783680,5615,4211,39,181675116,Running,upcoming,17:37:40,17:37:40,2026-09-18T17:37:40,17:37:40,,False,True,16:44,18:29,18-09-2026 17:07:06,1,operator_reported_trip_stop,2026-09-18T11:37:57.038387+00:00,b2d896b5a138e9ae09298007d07ede633b2675d457acb12ecb9237b18da7e37b
nmmt_vehicle_648_20260918,648,648,567783680,5615,2515,40,181675117,Running,upcoming,17:44:40,17:44:40,2026-09-18T17:44:40,17:44:40,,False,True,16:44,18:29,18-09-2026 17:07:06,1,operator_reported_trip_stop,2026-09-18T11:37:57.038387+00:00,b2d896b5a138e9ae09298007d07ede633b2675d457acb12ecb9237b18da7e37b
nmmt_vehicle_648_20260918,648,648,567783680,5615,4377,41,181675118,Running,upcoming,17:48:10,17:48:10,2026-09-18T17:48:10,17:48:10,,False,True,16:44,18:29,18-09-2026 17:07:06,1,operator_reported_trip_stop,2026-09-18T11:37:57.038387+00:00,b2d896b5a138e9ae09298007d07ede633b2675d457acb12ecb9237b18da7e37b
nmmt_vehicle_648_20260918,648,648,567783680,5615,3682,42,181675119,Running,upcoming,17:49:20,17:49:20,2026-09-18T17:49:20,17:49:20,,False,True,16:44,18:29,18-09-2026 17:07:06,1,operator_reported_trip_stop,2026-09-18T11:37:57.038387+00:00,b2d896b5a138e9ae09298007d07ede633b2675d457acb12ecb9237b18da7e37b
nmmt_vehicle_648_20260918,648,648,567783680,5615,3326,43,181675120,Running,upcoming,17:50:30,17:50:30,2026-09-18T17:50:30,17:50:30,,False,True,16:44,18:29,18-09-2026 17:07:06,1,operator_reported_trip_stop,2026-09-18T11:37:57.038387+00:00,b2d896b5a138e9ae09298007d07ede633b2675d457acb12ecb9237b18da7e37b
nmmt_vehicle_648_20260918,648,648,567783680,5615,3327,44,181675121,Running,upcoming,17:52:50,17:52:50,2026-09-18T17:52:50,17:52:50,,False,True,16:44,18:29,18-09-2026 17:07:06,1,operator_reported_trip_stop,2026-09-18T11:37:57.038387+00:00,b2d896b5a138e9ae09298007d07ede633b2675d457acb12ecb9237b18da7e37b
nmmt_vehicle_648_20260918,648,648,567783680,5615,3328,45,181675122,Running,upcoming,17:54:00,17:54:00,2026-09-18T17:54:00,17:54:00,,False,True,16:44,18:29,18-09-2026 17:07:06,1,operator_reported_trip_stop,2026-09-18T11:37:57.038387+00:00,b2d896b5a138e9ae09298007d07ede633b2675d457acb12ecb9237b18da7e37b
nmmt_vehicle_648_20260918,648,648,567783680,5615,3919,46,181675123,Running,upcoming,17:55:10,17:55:10,2026-09-18T17:55:10,17:55:10,,False,True,16:44,18:29,18-09-2026 17:07:06,1,operator_reported_trip_stop,2026-09-18T11:37:57.038387+00:00,b2d896b5a138e9ae09298007d07ede633b2675d457acb12ecb9237b18da7e37b
nmmt_vehicle_648_20260918,648,648,567783680,5615,3330,47,181675124,Running,upcoming,17:56:20,17:56:20,2026-09-18T17:56:20,17:56:20,,False,True,16:44,18:29,18-09-2026 17:07:06,1,operator_reported_trip_stop,2026-09-18T11:37:57.038387+00:00,b2d896b5a138e9ae09298007d07ede633b2675d457acb12ecb9237b18da7e37b
nmmt_vehicle_648_20260918,648,648,567783680,5615,3331,48,181675125,Running,upcoming,17:57:30,17:57:30,2026-09-18T17:57:30,17:57:30,,False,True,16:44,18:29,18-09-2026 17:07:06,1,operator_reported_trip_stop,2026-09-18T11:37:57.038387+00:00,b2d896b5a138e9ae09298007d07ede633b2675d457acb12ecb9237b18da7e37b
nmmt_vehicle_648_20260918,648,648,567783680,5615,3332,49,181675126,Running,upcoming,17:57:30,17:57:30,2026-09-18T17:57:30,17:57:30,,False,True,16:44,18:29,18-09-2026 17:07:06,1,operator_reported_trip_stop,2026-09-18T11:37:57.038387+00:00,b2d896b5a138e9ae09298007d07ede633b2675d457acb12ecb9237b18da7e37b
nmmt_vehicle_648_20260918,648,648,567783680,5615,3333,50,181675127,Running,upcoming,17:58:40,17:58:40,2026-09-18T17:58:40,17:58:40,,False,True,16:44,18:29,18-09-2026 17:07:06,1,operator_reported_trip_stop,2026-09-18T11:37:57.038387+00:00,b2d896b5a138e9ae09298007d07ede633b2675d457acb12ecb9237b18da7e37b
nmmt_vehicle_648_20260918,648,648,567783680,5615,4396,51,181675128,Running,upcoming,17:59:50,17:59:50,2026-09-18T17:59:50,17:59:50,,False,True,16:44,18:29,18-09-2026 17:07:06,1,operator_reported_trip_stop,2026-09-18T11:37:57.038387+00:00,b2d896b5a138e9ae09298007d07ede633b2675d457acb12ecb9237b18da7e37b
nmmt_vehicle_648_20260918,648,648,567783680,5615,3769,52,181675129,Running,upcoming,18:01:00,18:01:00,2026-09-18T18:01:00,18:01:00,,False,True,16:44,18:29,18-09-2026 17:07:06,1,operator_reported_trip_stop,2026-09-18T11:37:57.038387+00:00,b2d896b5a138e9ae09298007d07ede633b2675d457acb12ecb9237b18da7e37b
nmmt_vehicle_648_20260918,648,648,567783680,5615,3336,53,181675130,Running,upcoming,18:02:10,18:02:10,2026-09-18T18:02:10,18:02:10,,False,True,16:44,18:29,18-09-2026 17:07:06,1,operator_reported_trip_stop,2026-09-18T11:37:57.038387+00:00,b2d896b5a138e9ae09298007d07ede633b2675d457acb12ecb9237b18da7e37b
nmmt_vehicle_648_20260918,648,648,567783680,5615,3337,54,181675131,Running,upcoming,18:03:20,18:03:20,2026-09-18T18:03:20,18:03:20,,False,True,16:44,18:29,18-09-2026 17:07:06,1,operator_reported_trip_stop,2026-09-18T11:37:57.038387+00:00,b2d896b5a138e9ae09298007d07ede633b2675d457acb12ecb9237b18da7e37b
nmmt_vehicle_648_20260918,648,648,567783680,5615,3338,55,181675132,Running,upcoming,18:03:20,18:03:20,2026-09-18T18:03:20,18:03:20,,False,True,16:44,18:29,18-09-2026 17:07:06,1,operator_reported_trip_stop,2026-09-18T11:37:57.038387+00:00,b2d896b5a138e9ae09298007d07ede633b2675d457acb12ecb9237b18da7e37b
nmmt_vehicle_648_20260918,648,648,567783680,5615,4310,56,181675133,Running,upcoming,18:04:30,18:04:30,2026-09-18T18:04:30,18:04:30,,False,True,16:44,18:29,18-09-2026 17:07:06,1,operator_reported_trip_stop,2026-09-18T11:37:57.038387+00:00,b2d896b5a138e9ae09298007d07ede633b2675d457acb12ecb9237b18da7e37b
nmmt_vehicle_648_20260918,648,648,567783680,5615,4309,57,181675134,Running,upcoming,18:05:40,18:05:40,2026-09-18T18:05:40,18:05:40,,False,True,16:44,18:29,18-09-2026 17:07:06,1,operator_reported_trip_stop,2026-09-18T11:37:57.038387+00:00,b2d896b5a138e9ae09298007d07ede633b2675d457acb12ecb9237b18da7e37b
nmmt_vehicle_648_20260918,648,648,567783680,5615,4492,58,181675135,Running,upcoming,18:06:50,18:06:50,2026-09-18T18:06:50,18:06:50,,False,True,16:44,18:29,18-09-2026 17:07:06,1,operator_reported_trip_stop,2026-09-18T11:37:57.038387+00:00,b2d896b5a138e9ae09298007d07ede633b2675d457acb12ecb9237b18da7e37b
nmmt_vehicle_648_20260918,648,648,567783680,5615,3341,59,181675136,Running,upcoming,18:08:00,18:08:00,2026-09-18T18:08:00,18:08:00,,False,True,16:44,18:29,18-09-2026 17:07:06,1,operator_reported_trip_stop,2026-09-18T11:37:57.038387+00:00,b2d896b5a138e9ae09298007d07ede633b2675d457acb12ecb9237b18da7e37b
nmmt_vehicle_648_20260918,648,648,567783680,5615,2651,60,181675137,Running,upcoming,18:09:10,18:09:10,2026-09-18T18:09:10,18:09:10,,False,True,16:44,18:29,18-09-2026 17:07:06,1,operator_reported_trip_stop,2026-09-18T11:37:57.038387+00:00,b2d896b5a138e9ae09298007d07ede633b2675d457acb12ecb9237b18da7e37b
nmmt_vehicle_648_20260918,648,648,567783680,5615,3342,61,181675138,Running,upcoming,18:11:30,18:11:30,2026-09-18T18:11:30,18:11:30,,False,True,16:44,18:29,18-09-2026 17:07:06,1,operator_reported_trip_stop,2026-09-18T11:37:57.038387+00:00,b2d896b5a138e9ae09298007d07ede633b2675d457acb12ecb9237b18da7e37b
nmmt_vehicle_648_20260918,648,648,567783680,5615,4487,62,181675139,Running,upcoming,18:12:40,18:12:40,2026-09-18T18:12:40,18:12:40,,False,True,16:44,18:29,18-09-2026 17:07:06,1,operator_reported_trip_stop,2026-09-18T11:37:57.038387+00:00,b2d896b5a138e9ae09298007d07ede633b2675d457acb12ecb9237b18da7e37b
nmmt_vehicle_648_20260918,648,648,567783680,5615,4488,63,181675140,Running,upcoming,18:13:50,18:13:50,2026-09-18T18:13:50,18:13:50,,False,True,16:44,18:29,18-09-2026 17:07:06,1,operator_reported_trip_stop,2026-09-18T11:37:57.038387+00:00,b2d896b5a138e9ae09298007d07ede633b2675d457acb12ecb9237b18da7e37b
nmmt_vehicle_648_20260918,648,648,567783680,5615,4489,64,181675141,Running,upcoming,18:15:00,18:15:00,2026-09-18T18:15:00,18:15:00,,False,True,16:44,18:29,18-09-2026 17:07:06,1,operator_reported_trip_stop,2026-09-18T11:37:57.038387+00:00,b2d896b5a138e9ae09298007d07ede633b2675d457acb12ecb9237b18da7e37b
nmmt_vehicle_648_20260918,648,648,567783680,5615,4490,65,181675142,Running,upcoming,18:16:10,18:16:10,2026-09-18T18:16:10,18:16:10,,False,True,16:44,18:29,18-09-2026 17:07:06,1,operator_reported_trip_stop,2026-09-18T11:37:57.038387+00:00,b2d896b5a138e9ae09298007d07ede633b2675d457acb12ecb9237b18da7e37b
nmmt_vehicle_648_20260918,648,648,567783680,5615,4562,66,181675143,Running,upcoming,18:17:20,18:17:20,2026-09-18T18:17:20,18:17:20,,False,True,16:44,18:29,18-09-2026 17:07:06,1,operator_reported_trip_stop,2026-09-18T11:37:57.038387+00:00,b2d896b5a138e9ae09298007d07ede633b2675d457acb12ecb9237b18da7e37b
nmmt_vehicle_648_20260918,648,648,567783680,5615,3346,67,181675144,Running,upcoming,18:18:30,18:18:30,2026-09-18T18:18:30,18:18:30,,False,True,16:44,18:29,18-09-2026 17:07:06,1,operator_reported_trip_stop,2026-09-18T11:37:57.038387+00:00,b2d896b5a138e9ae09298007d07ede633b2675d457acb12ecb9237b18da7e37b
nmmt_vehicle_648_20260918,648,648,567783680,5615,4595,68,181675145,Running,upcoming,18:19:40,18:19:40,2026-09-18T18:19:40,18:19:40,,False,True,16:44,18:29,18-09-2026 17:07:06,1,operator_reported_trip_stop,2026-09-18T11:37:57.038387+00:00,b2d896b5a138e9ae09298007d07ede633b2675d457acb12ecb9237b18da7e37b
nmmt_vehicle_648_20260918,648,648,567783680,5615,3348,69,181675146,Running,upcoming,18:20:50,18:20:50,2026-09-18T18:20:50,18:20:50,,False,True,16:44,18:29,18-09-2026 17:07:06,1,operator_reported_trip_stop,2026-09-18T11:37:57.038387+00:00,b2d896b5a138e9ae09298007d07ede633b2675d457acb12ecb9237b18da7e37b
nmmt_vehicle_648_20260918,648,648,567783680,5615,3349,70,181675147,Running,upcoming,18:23:10,18:23:10,2026-09-18T18:23:10,18:23:10,,False,True,16:44,18:29,18-09-2026 17:07:06,1,operator_reported_trip_stop,2026-09-18T11:37:57.038387+00:00,b2d896b5a138e9ae09298007d07ede633b2675d457acb12ecb9237b18da7e37b
nmmt_vehicle_648_20260918,648,648,567783680,5615,4190,71,181675148,Running,upcoming,18:24:20,18:24:20,2026-09-18T18:24:20,18:24:20,,False,True,16:44,18:29,18-09-2026 17:07:06,1,operator_reported_trip_stop,2026-09-18T11:37:57.038387+00:00,b2d896b5a138e9ae09298007d07ede633b2675d457acb12ecb9237b18da7e37b
nmmt_vehicle_648_20260918,648,648,567783680,5615,3435,72,181675149,Running,upcoming,18:25:30,18:25:30,2026-09-18T18:25:30,18:25:30,,False,True,16:44,18:29,18-09-2026 17:07:06,1,operator_reported_trip_stop,2026-09-18T11:37:57.038387+00:00,b2d896b5a138e9ae09298007d07ede633b2675d457acb12ecb9237b18da7e37b
nmmt_vehicle_648_20260918,648,648,567783680,5615,3430,73,181675150,Running,upcoming,18:25:30,18:25:30,2026-09-18T18:25:30,18:25:30,,False,True,16:44,18:29,18-09-2026 17:07:06,1,operator_reported_trip_stop,2026-09-18T11:37:57.038387+00:00,b2d896b5a138e9ae09298007d07ede633b2675d457acb12ecb9237b18da7e37b
nmmt_vehicle_648_20260918,648,648,567783680,5615,3431,74,181675151,Running,upcoming,18:26:40,18:26:40,2026-09-18T18:26:40,18:26:40,,False,True,16:44,18:29,18-09-2026 17:07:06,1,operator_reported_trip_stop,2026-09-18T11:37:57.038387+00:00,b2d896b5a138e9ae09298007d07ede633b2675d457acb12ecb9237b18da7e37b
nmmt_vehicle_648_20260918,648,648,567783680,5615,3432,75,181675152,Running,upcoming,18:26:40,18:26:40,2026-09-18T18:26:40,18:26:40,,False,True,16:44,18:29,18-09-2026 17:07:06,1,operator_reported_trip_stop,2026-09-18T11:37:57.038387+00:00,b2d896b5a138e9ae09298007d07ede633b2675d457acb12ecb9237b18da7e37b
nmmt_vehicle_648_20260918,648,648,567783680,5615,3433,76,181675153,Running,upcoming,18:27:50,18:27:50,2026-09-18T18:27:50,18:27:50,,False,True,16:44,18:29,18-09-2026 17:07:06,1,operator_reported_trip_stop,2026-09-18T11:37:57.038387+00:00,b2d896b5a138e9ae09298007d07ede633b2675d457acb12ecb9237b18da7e37b
nmmt_vehicle_648_20260918,648,648,567783680,5615,3434,77,181675154,Running,upcoming,18:29:00,18:29:00,2026-09-18T18:29:00,18:29:00,,False,True,16:44,18:29,18-09-2026 17:07:06,1,operator_reported_trip_stop,2026-09-18T11:37:57.038387+00:00,b2d896b5a138e9ae09298007d07ede633b2675d457acb12ecb9237b18da7e37b
nmmt_vehicle_651_20260918,651,651,567788177,9075,3173,1,181833789,Running,covered,17:10:00,17:10:00,2026-09-18T17:10:00,16:31:14,16:31:24,True,False,17:10,18:30,18-09-2026 17:22:59,1,operator_reported_trip_stop,2026-09-18T11:53:52.936138+00:00,51ba7c6587fe32284df1df91fd5a18d712227513d687667855f2d9d345fd4d30
nmmt_vehicle_651_20260918,651,651,567788177,9075,5108,2,181833790,Running,skipped,17:11:36,17:11:36,2026-09-18T17:11:36,16:31:54,16:32:19,False,False,17:10,18:30,18-09-2026 17:22:59,1,operator_reported_trip_stop,2026-09-18T11:53:52.936138+00:00,51ba7c6587fe32284df1df91fd5a18d712227513d687667855f2d9d345fd4d30
nmmt_vehicle_651_20260918,651,651,567788177,9075,5107,3,181833791,Running,covered,17:14:48,17:14:48,2026-09-18T17:14:48,16:33:19,16:33:24,True,False,17:10,18:30,18-09-2026 17:22:59,1,operator_reported_trip_stop,2026-09-18T11:53:52.936138+00:00,51ba7c6587fe32284df1df91fd5a18d712227513d687667855f2d9d345fd4d30
nmmt_vehicle_651_20260918,651,651,567788177,9075,5106,4,181833792,Running,covered,17:16:24,17:16:24,2026-09-18T17:16:24,16:34:34,16:34:44,True,False,17:10,18:30,18-09-2026 17:22:59,1,operator_reported_trip_stop,2026-09-18T11:53:52.936138+00:00,51ba7c6587fe32284df1df91fd5a18d712227513d687667855f2d9d345fd4d30
nmmt_vehicle_651_20260918,651,651,567788177,9075,4748,5,181833793,Running,skipped,17:18:00,17:18:00,2026-09-18T17:18:00,16:34:59,16:35:09,False,False,17:10,18:30,18-09-2026 17:22:59,1,operator_reported_trip_stop,2026-09-18T11:53:52.936138+00:00,51ba7c6587fe32284df1df91fd5a18d712227513d687667855f2d9d345fd4d30
nmmt_vehicle_651_20260918,651,651,567788177,9075,4747,6,181833794,Running,skipped,17:19:36,17:19:36,2026-09-18T17:19:36,16:37:15,,False,False,17:10,18:30,18-09-2026 17:22:59,1,operator_reported_trip_stop,2026-09-18T11:53:52.936138+00:00,51ba7c6587fe32284df1df91fd5a18d712227513d687667855f2d9d345fd4d30
nmmt_vehicle_651_20260918,651,651,567788177,9075,4749,7,181833795,Running,covered,17:21:12,17:21:12,2026-09-18T17:21:12,16:37:54,16:38:14,True,False,17:10,18:30,18-09-2026 17:22:59,1,operator_reported_trip_stop,2026-09-18T11:53:52.936138+00:00,51ba7c6587fe32284df1df91fd5a18d712227513d687667855f2d9d345fd4d30
nmmt_vehicle_651_20260918,651,651,567788177,9075,4751,8,181833796,Running,covered,17:22:48,17:22:48,2026-09-18T17:22:48,16:41:59,16:42:59,True,False,17:10,18:30,18-09-2026 17:22:59,1,operator_reported_trip_stop,2026-09-18T11:53:52.936138+00:00,51ba7c6587fe32284df1df91fd5a18d712227513d687667855f2d9d345fd4d30
nmmt_vehicle_651_20260918,651,651,567788177,9075,4752,9,181833797,Running,covered,17:24:24,17:24:24,2026-09-18T17:24:24,16:43:14,16:43:44,True,False,17:10,18:30,18-09-2026 17:22:59,1,operator_reported_trip_stop,2026-09-18T11:53:52.936138+00:00,51ba7c6587fe32284df1df91fd5a18d712227513d687667855f2d9d345fd4d30
nmmt_vehicle_651_20260918,651,651,567788177,9075,5084,10,181833798,Running,covered,17:26:00,17:26:00,2026-09-18T17:26:00,16:45:50,16:46:00,True,False,17:10,18:30,18-09-2026 17:22:59,1,operator_reported_trip_stop,2026-09-18T11:53:52.936138+00:00,51ba7c6587fe32284df1df91fd5a18d712227513d687667855f2d9d345fd4d30
nmmt_vehicle_651_20260918,651,651,567788177,9075,5086,11,181833799,Running,skipped,17:27:36,17:27:36,2026-09-18T17:27:36,16:47:35,16:47:45,False,False,17:10,18:30,18-09-2026 17:22:59,1,operator_reported_trip_stop,2026-09-18T11:53:52.936138+00:00,51ba7c6587fe32284df1df91fd5a18d712227513d687667855f2d9d345fd4d30
nmmt_vehicle_651_20260918,651,651,567788177,9075,5081,12,181833800,Running,skipped,17:30:48,17:30:48,2026-09-18T17:30:48,16:48:15,16:48:52,False,False,17:10,18:30,18-09-2026 17:22:59,1,operator_reported_trip_stop,2026-09-18T11:53:52.936138+00:00,51ba7c6587fe32284df1df91fd5a18d712227513d687667855f2d9d345fd4d30
nmmt_vehicle_651_20260918,651,651,567788177,9075,5082,13,181833801,Running,covered,17:32:24,17:32:24,2026-09-18T17:32:24,16:49:43,16:49:48,True,False,17:10,18:30,18-09-2026 17:22:59,1,operator_reported_trip_stop,2026-09-18T11:53:52.936138+00:00,51ba7c6587fe32284df1df91fd5a18d712227513d687667855f2d9d345fd4d30
nmmt_vehicle_651_20260918,651,651,567788177,9075,5033,14,181833802,Running,skipped,17:34:00,17:34:00,2026-09-18T17:34:00,16:51:08,16:51:13,False,False,17:10,18:30,18-09-2026 17:22:59,1,operator_reported_trip_stop,2026-09-18T11:53:52.936138+00:00,51ba7c6587fe32284df1df91fd5a18d712227513d687667855f2d9d345fd4d30
nmmt_vehicle_651_20260918,651,651,567788177,9075,5078,15,181833803,Running,skipped,17:35:36,17:35:36,2026-09-18T17:35:36,16:53:38,16:53:58,False,False,17:10,18:30,18-09-2026 17:22:59,1,operator_reported_trip_stop,2026-09-18T11:53:52.936138+00:00,51ba7c6587fe32284df1df91fd5a18d712227513d687667855f2d9d345fd4d30
nmmt_vehicle_651_20260918,651,651,567788177,9075,5030,16,181833804,Running,covered,17:38:48,17:38:48,2026-09-18T17:38:48,16:55:13,16:55:33,True,False,17:10,18:30,18-09-2026 17:22:59,1,operator_reported_trip_stop,2026-09-18T11:53:52.936138+00:00,51ba7c6587fe32284df1df91fd5a18d712227513d687667855f2d9d345fd4d30
nmmt_vehicle_651_20260918,651,651,567788177,9075,5075,17,181833805,Running,covered,17:42:00,17:42:00,2026-09-18T17:42:00,16:56:08,16:56:28,True,False,17:10,18:30,18-09-2026 17:22:59,1,operator_reported_trip_stop,2026-09-18T11:53:52.936138+00:00,51ba7c6587fe32284df1df91fd5a18d712227513d687667855f2d9d345fd4d30
nmmt_vehicle_651_20260918,651,651,567788177,9075,5031,18,181833806,Running,skipped,17:45:12,17:45:12,2026-09-18T17:45:12,16:58:43,16:58:53,False,False,17:10,18:30,18-09-2026 17:22:59,1,operator_reported_trip_stop,2026-09-18T11:53:52.936138+00:00,51ba7c6587fe32284df1df91fd5a18d712227513d687667855f2d9d345fd4d30
nmmt_vehicle_651_20260918,651,651,567788177,9075,5073,19,181833807,Running,skipped,17:48:24,17:48:24,2026-09-18T17:48:24,17:00:03,17:00:08,False,False,17:10,18:30,18-09-2026 17:22:59,1,operator_reported_trip_stop,2026-09-18T11:53:52.936138+00:00,51ba7c6587fe32284df1df91fd5a18d712227513d687667855f2d9d345fd4d30
nmmt_vehicle_651_20260918,651,651,567788177,9075,5069,20,181833808,Running,skipped,17:50:00,17:50:00,2026-09-18T17:50:00,17:01:53,17:02:03,False,False,17:10,18:30,18-09-2026 17:22:59,1,operator_reported_trip_stop,2026-09-18T11:53:52.936138+00:00,51ba7c6587fe32284df1df91fd5a18d712227513d687667855f2d9d345fd4d30
nmmt_vehicle_651_20260918,651,651,567788177,9075,5071,21,181833809,Running,covered,17:51:36,17:51:36,2026-09-18T17:51:36,17:02:23,17:02:33,True,False,17:10,18:30,18-09-2026 17:22:59,1,operator_reported_trip_stop,2026-09-18T11:53:52.936138+00:00,51ba7c6587fe32284df1df91fd5a18d712227513d687667855f2d9d345fd4d30
nmmt_vehicle_651_20260918,651,651,567788177,9075,5035,22,181833810,Running,skipped,17:54:48,17:54:48,2026-09-18T17:54:48,17:03:43,17:04:03,False,False,17:10,18:30,18-09-2026 17:22:59,1,operator_reported_trip_stop,2026-09-18T11:53:52.936138+00:00,51ba7c6587fe32284df1df91fd5a18d712227513d687667855f2d9d345fd4d30
nmmt_vehicle_651_20260918,651,651,567788177,9075,5037,23,181833811,Running,skipped,17:56:24,17:56:24,2026-09-18T17:56:24,17:04:53,17:04:58,False,False,17:10,18:30,18-09-2026 17:22:59,1,operator_reported_trip_stop,2026-09-18T11:53:52.936138+00:00,51ba7c6587fe32284df1df91fd5a18d712227513d687667855f2d9d345fd4d30
nmmt_vehicle_651_20260918,651,651,567788177,9075,5039,24,181833812,Running,skipped,17:58:00,17:58:00,2026-09-18T17:58:00,17:07:08,,False,False,17:10,18:30,18-09-2026 17:22:59,1,operator_reported_trip_stop,2026-09-18T11:53:52.936138+00:00,51ba7c6587fe32284df1df91fd5a18d712227513d687667855f2d9d345fd4d30
nmmt_vehicle_651_20260918,651,651,567788177,9075,5067,25,181833813,Running,covered,18:01:12,18:01:12,2026-09-18T18:01:12,17:09:03,17:09:23,True,False,17:10,18:30,18-09-2026 17:22:59,1,operator_reported_trip_stop,2026-09-18T11:53:52.936138+00:00,51ba7c6587fe32284df1df91fd5a18d712227513d687667855f2d9d345fd4d30
nmmt_vehicle_651_20260918,651,651,567788177,9075,5065,26,181833814,Running,covered,18:02:48,18:02:48,2026-09-18T18:02:48,17:10:03,17:10:18,True,False,17:10,18:30,18-09-2026 17:22:59,1,operator_reported_trip_stop,2026-09-18T11:53:52.936138+00:00,51ba7c6587fe32284df1df91fd5a18d712227513d687667855f2d9d345fd4d30
nmmt_vehicle_651_20260918,651,651,567788177,9075,5063,27,181833815,Running,covered,18:04:24,18:04:24,2026-09-18T18:04:24,17:11:08,17:11:28,True,False,17:10,18:30,18-09-2026 17:22:59,1,operator_reported_trip_stop,2026-09-18T11:53:52.936138+00:00,51ba7c6587fe32284df1df91fd5a18d712227513d687667855f2d9d345fd4d30
nmmt_vehicle_651_20260918,651,651,567788177,9075,5041,28,181833816,Running,covered,18:06:00,18:06:00,2026-09-18T18:06:00,17:14:23,17:14:38,True,False,17:10,18:30,18-09-2026 17:22:59,1,operator_reported_trip_stop,2026-09-18T11:53:52.936138+00:00,51ba7c6587fe32284df1df91fd5a18d712227513d687667855f2d9d345fd4d30
nmmt_vehicle_651_20260918,651,651,567788177,9075,5060,29,181833817,Running,skipped,18:07:36,18:07:36,2026-09-18T18:07:36,17:17:18,17:17:28,False,False,17:10,18:30,18-09-2026 17:22:59,1,operator_reported_trip_stop,2026-09-18T11:53:52.936138+00:00,51ba7c6587fe32284df1df91fd5a18d712227513d687667855f2d9d345fd4d30
nmmt_vehicle_651_20260918,651,651,567788177,9075,5059,30,181833818,Running,covered,18:09:12,18:09:12,2026-09-18T18:09:12,17:18:38,17:18:48,True,False,17:10,18:30,18-09-2026 17:22:59,1,operator_reported_trip_stop,2026-09-18T11:53:52.936138+00:00,51ba7c6587fe32284df1df91fd5a18d712227513d687667855f2d9d345fd4d30
nmmt_vehicle_651_20260918,651,651,567788177,9075,5043,31,181833819,Running,covered,18:10:48,18:10:48,2026-09-18T18:10:48,17:22:14,17:22:19,True,False,17:10,18:30,18-09-2026 17:22:59,1,operator_reported_trip_stop,2026-09-18T11:53:52.936138+00:00,51ba7c6587fe32284df1df91fd5a18d712227513d687667855f2d9d345fd4d30
nmmt_vehicle_651_20260918,651,651,567788177,9075,5045,32,181833820,Running,upcoming,18:14:00,18:14:00,2026-09-18T18:14:00,18:14:00,,False,True,17:10,18:30,18-09-2026 17:22:59,1,operator_reported_trip_stop,2026-09-18T11:53:52.936138+00:00,51ba7c6587fe32284df1df91fd5a18d712227513d687667855f2d9d345fd4d30
nmmt_vehicle_651_20260918,651,651,567788177,9075,5055,33,181833821,Running,upcoming,18:17:12,18:17:12,2026-09-18T18:17:12,18:17:12,,False,True,17:10,18:30,18-09-2026 17:22:59,1,operator_reported_trip_stop,2026-09-18T11:53:52.936138+00:00,51ba7c6587fe32284df1df91fd5a18d712227513d687667855f2d9d345fd4d30
nmmt_vehicle_651_20260918,651,651,567788177,9075,5057,34,181833822,Running,upcoming,18:20:24,18:20:24,2026-09-18T18:20:24,18:20:24,,False,True,17:10,18:30,18-09-2026 17:22:59,1,operator_reported_trip_stop,2026-09-18T11:53:52.936138+00:00,51ba7c6587fe32284df1df91fd5a18d712227513d687667855f2d9d345fd4d30
nmmt_vehicle_651_20260918,651,651,567788177,9075,5053,35,181833823,Running,upcoming,18:22:00,18:22:00,2026-09-18T18:22:00,18:22:00,,False,True,17:10,18:30,18-09-2026 17:22:59,1,operator_reported_trip_stop,2026-09-18T11:53:52.936138+00:00,51ba7c6587fe32284df1df91fd5a18d712227513d687667855f2d9d345fd4d30
nmmt_vehicle_651_20260918,651,651,567788177,9075,5051,36,181833824,Running,upcoming,18:23:36,18:23:36,2026-09-18T18:23:36,18:23:36,,False,True,17:10,18:30,18-09-2026 17:22:59,1,operator_reported_trip_stop,2026-09-18T11:53:52.936138+00:00,51ba7c6587fe32284df1df91fd5a18d712227513d687667855f2d9d345fd4d30
nmmt_vehicle_651_20260918,651,651,567788177,9075,5047,37,181833825,Running,upcoming,18:25:12,18:25:12,2026-09-18T18:25:12,18:25:12,,False,True,17:10,18:30,18-09-2026 17:22:59,1,operator_reported_trip_stop,2026-09-18T11:53:52.936138+00:00,51ba7c6587fe32284df1df91fd5a18d712227513d687667855f2d9d345fd4d30
nmmt_vehicle_651_20260918,651,651,567788177,9075,5049,38,181833826,Running,upcoming,18:26:48,18:26:48,2026-09-18T18:26:48,18:26:48,,False,True,17:10,18:30,18-09-2026 17:22:59,1,operator_reported_trip_stop,2026-09-18T11:53:52.936138+00:00,51ba7c6587fe32284df1df91fd5a18d712227513d687667855f2d9d345fd4d30
nmmt_vehicle_651_20260918,651,651,567788177,9075,5029,39,181833827,Running,upcoming,18:30:00,18:30:00,2026-09-18T18:30:00,18:30:00,,False,True,17:10,18:30,18-09-2026 17:22:59,1,operator_reported_trip_stop,2026-09-18T11:53:52.936138+00:00,51ba7c6587fe32284df1df91fd5a18d712227513d687667855f2d9d345fd4d30
nmmt_vehicle_657_20260918,657,657,567783712,5616,3434,1,181677398,Running,covered,16:15:00,16:15:00,2026-09-18T16:15:00,16:01:10,16:01:20,True,False,16:15,18:00,18-09-2026 17:07:12,1,operator_reported_trip_stop,2026-09-18T11:37:57.452211+00:00,bd1cb1bbd40b96d62c5a65c3b3eefd5decdd9a7e06c48328bbd2de86e6edd8d3
nmmt_vehicle_657_20260918,657,657,567783712,5616,3433,2,181677399,Running,skipped,16:16:10,16:16:10,2026-09-18T16:16:10,16:05:34,16:05:44,False,False,16:15,18:00,18-09-2026 17:07:12,1,operator_reported_trip_stop,2026-09-18T11:37:57.452211+00:00,bd1cb1bbd40b96d62c5a65c3b3eefd5decdd9a7e06c48328bbd2de86e6edd8d3
nmmt_vehicle_657_20260918,657,657,567783712,5616,3432,3,181677400,Running,covered,16:16:10,16:16:10,2026-09-18T16:16:10,16:06:19,16:06:29,True,False,16:15,18:00,18-09-2026 17:07:12,1,operator_reported_trip_stop,2026-09-18T11:37:57.452211+00:00,bd1cb1bbd40b96d62c5a65c3b3eefd5decdd9a7e06c48328bbd2de86e6edd8d3
nmmt_vehicle_657_20260918,657,657,567783712,5616,3431,4,181677401,Running,covered,16:17:20,16:17:20,2026-09-18T16:17:20,16:06:54,16:07:14,True,False,16:15,18:00,18-09-2026 17:07:12,1,operator_reported_trip_stop,2026-09-18T11:37:57.452211+00:00,bd1cb1bbd40b96d62c5a65c3b3eefd5decdd9a7e06c48328bbd2de86e6edd8d3
nmmt_vehicle_657_20260918,657,657,567783712,5616,3430,5,181677402,Running,covered,16:17:20,16:17:20,2026-09-18T16:17:20,16:07:39,16:07:54,True,False,16:15,18:00,18-09-2026 17:07:12,1,operator_reported_trip_stop,2026-09-18T11:37:57.452211+00:00,bd1cb1bbd40b96d62c5a65c3b3eefd5decdd9a7e06c48328bbd2de86e6edd8d3
nmmt_vehicle_657_20260918,657,657,567783712,5616,3435,6,181677403,Running,skipped,16:18:30,16:18:30,2026-09-18T16:18:30,16:09:45,,False,False,16:15,18:00,18-09-2026 17:07:12,1,operator_reported_trip_stop,2026-09-18T11:37:57.452211+00:00,bd1cb1bbd40b96d62c5a65c3b3eefd5decdd9a7e06c48328bbd2de86e6edd8d3
nmmt_vehicle_657_20260918,657,657,567783712,5616,3676,7,181677404,Running,skipped,16:18:30,16:18:30,2026-09-18T16:18:30,16:10:33,,False,False,16:15,18:00,18-09-2026 17:07:12,1,operator_reported_trip_stop,2026-09-18T11:37:57.452211+00:00,bd1cb1bbd40b96d62c5a65c3b3eefd5decdd9a7e06c48328bbd2de86e6edd8d3
nmmt_vehicle_657_20260918,657,657,567783712,5616,4597,8,181677405,Running,covered,16:19:40,16:19:40,2026-09-18T16:19:40,16:13:17,16:13:22,True,False,16:15,18:00,18-09-2026 17:07:12,1,operator_reported_trip_stop,2026-09-18T11:37:57.452211+00:00,bd1cb1bbd40b96d62c5a65c3b3eefd5decdd9a7e06c48328bbd2de86e6edd8d3
nmmt_vehicle_657_20260918,657,657,567783712,5616,4596,9,181677406,Running,covered,16:23:10,16:23:10,2026-09-18T16:23:10,16:16:02,16:16:12,True,False,16:15,18:00,18-09-2026 17:07:12,1,operator_reported_trip_stop,2026-09-18T11:37:57.452211+00:00,bd1cb1bbd40b96d62c5a65c3b3eefd5decdd9a7e06c48328bbd2de86e6edd8d3
nmmt_vehicle_657_20260918,657,657,567783712,5616,3347,10,181677407,Running,skipped,16:24:20,16:24:20,2026-09-18T16:24:20,16:16:37,16:17:07,False,False,16:15,18:00,18-09-2026 17:07:12,1,operator_reported_trip_stop,2026-09-18T11:37:57.452211+00:00,bd1cb1bbd40b96d62c5a65c3b3eefd5decdd9a7e06c48328bbd2de86e6edd8d3
nmmt_vehicle_657_20260918,657,657,567783712,5616,4594,11,181677408,Running,skipped,16:25:30,16:25:30,2026-09-18T16:25:30,16:17:32,16:17:42,False,False,16:15,18:00,18-09-2026 17:07:12,1,operator_reported_trip_stop,2026-09-18T11:37:57.452211+00:00,bd1cb1bbd40b96d62c5a65c3b3eefd5decdd9a7e06c48328bbd2de86e6edd8d3
nmmt_vehicle_657_20260918,657,657,567783712,5616,2644,12,181677409,Running,covered,16:26:40,16:26:40,2026-09-18T16:26:40,16:18:17,16:18:42,True,False,16:15,18:00,18-09-2026 17:07:12,1,operator_reported_trip_stop,2026-09-18T11:37:57.452211+00:00,bd1cb1bbd40b96d62c5a65c3b3eefd5decdd9a7e06c48328bbd2de86e6edd8d3
nmmt_vehicle_657_20260918,657,657,567783712,5616,3936,13,181677410,Running,covered,16:27:50,16:27:50,2026-09-18T16:27:50,16:19:02,16:19:22,True,False,16:15,18:00,18-09-2026 17:07:12,1,operator_reported_trip_stop,2026-09-18T11:37:57.452211+00:00,bd1cb1bbd40b96d62c5a65c3b3eefd5decdd9a7e06c48328bbd2de86e6edd8d3
nmmt_vehicle_657_20260918,657,657,567783712,5616,3344,14,181677411,Running,skipped,16:29:00,16:29:00,2026-09-18T16:29:00,16:19:37,16:19:52,False,False,16:15,18:00,18-09-2026 17:07:12,1,operator_reported_trip_stop,2026-09-18T11:37:57.452211+00:00,bd1cb1bbd40b96d62c5a65c3b3eefd5decdd9a7e06c48328bbd2de86e6edd8d3
nmmt_vehicle_657_20260918,657,657,567783712,5616,2646,15,181677412,Running,covered,16:30:10,16:30:10,2026-09-18T16:30:10,16:20:32,16:20:37,True,False,16:15,18:00,18-09-2026 17:07:12,1,operator_reported_trip_stop,2026-09-18T11:37:57.452211+00:00,bd1cb1bbd40b96d62c5a65c3b3eefd5decdd9a7e06c48328bbd2de86e6edd8d3
nmmt_vehicle_657_20260918,657,657,567783712,5616,2648,16,181677413,Running,covered,16:31:20,16:31:20,2026-09-18T16:31:20,16:21:32,16:21:37,True,False,16:15,18:00,18-09-2026 17:07:12,1,operator_reported_trip_stop,2026-09-18T11:37:57.452211+00:00,bd1cb1bbd40b96d62c5a65c3b3eefd5decdd9a7e06c48328bbd2de86e6edd8d3
nmmt_vehicle_657_20260918,657,657,567783712,5616,4020,17,181677414,Running,skipped,16:32:30,16:32:30,2026-09-18T16:32:30,16:22:32,16:22:42,False,False,16:15,18:00,18-09-2026 17:07:12,1,operator_reported_trip_stop,2026-09-18T11:37:57.452211+00:00,bd1cb1bbd40b96d62c5a65c3b3eefd5decdd9a7e06c48328bbd2de86e6edd8d3
nmmt_vehicle_657_20260918,657,657,567783712,5616,4445,18,181677415,Running,covered,16:34:50,16:34:50,2026-09-18T16:34:50,16:23:32,16:23:37,True,False,16:15,18:00,18-09-2026 17:07:12,1,operator_reported_trip_stop,2026-09-18T11:37:57.452211+00:00,bd1cb1bbd40b96d62c5a65c3b3eefd5decdd9a7e06c48328bbd2de86e6edd8d3
nmmt_vehicle_657_20260918,657,657,567783712,5616,4491,19,181677416,Running,skipped,16:36:00,16:36:00,2026-09-18T16:36:00,16:24:17,,False,False,16:15,18:00,18-09-2026 17:07:12,1,operator_reported_trip_stop,2026-09-18T11:37:57.452211+00:00,bd1cb1bbd40b96d62c5a65c3b3eefd5decdd9a7e06c48328bbd2de86e6edd8d3
nmmt_vehicle_657_20260918,657,657,567783712,5616,3340,20,181677417,Running,covered,16:37:10,16:37:10,2026-09-18T16:37:10,16:24:07,16:24:22,True,False,16:15,18:00,18-09-2026 17:07:12,1,operator_reported_trip_stop,2026-09-18T11:37:57.452211+00:00,bd1cb1bbd40b96d62c5a65c3b3eefd5decdd9a7e06c48328bbd2de86e6edd8d3
nmmt_vehicle_657_20260918,657,657,567783712,5616,3339,21,181677418,Running,covered,16:38:20,16:38:20,2026-09-18T16:38:20,16:25:12,16:25:53,True,False,16:15,18:00,18-09-2026 17:07:12,1,operator_reported_trip_stop,2026-09-18T11:37:57.452211+00:00,bd1cb1bbd40b96d62c5a65c3b3eefd5decdd9a7e06c48328bbd2de86e6edd8d3
nmmt_vehicle_657_20260918,657,657,567783712,5616,2655,22,181677419,Running,covered,16:38:20,16:38:20,2026-09-18T16:38:20,16:26:28,16:26:58,True,False,16:15,18:00,18-09-2026 17:07:12,1,operator_reported_trip_stop,2026-09-18T11:37:57.452211+00:00,bd1cb1bbd40b96d62c5a65c3b3eefd5decdd9a7e06c48328bbd2de86e6edd8d3
nmmt_vehicle_657_20260918,657,657,567783712,5616,4593,23,181677420,Running,skipped,16:39:30,16:39:30,2026-09-18T16:39:30,16:28:13,,False,False,16:15,18:00,18-09-2026 17:07:12,1,operator_reported_trip_stop,2026-09-18T11:37:57.452211+00:00,bd1cb1bbd40b96d62c5a65c3b3eefd5decdd9a7e06c48328bbd2de86e6edd8d3
nmmt_vehicle_657_20260918,657,657,567783712,5616,4592,24,181677421,Running,skipped,16:40:40,16:40:40,2026-09-18T16:40:40,16:29:13,,False,False,16:15,18:00,18-09-2026 17:07:12,1,operator_reported_trip_stop,2026-09-18T11:37:57.452211+00:00,bd1cb1bbd40b96d62c5a65c3b3eefd5decdd9a7e06c48328bbd2de86e6edd8d3
nmmt_vehicle_657_20260918,657,657,567783712,5616,4587,25,181677422,Running,covered,16:41:50,16:41:50,2026-09-18T16:41:50,16:29:28,16:29:33,True,False,16:15,18:00,18-09-2026 17:07:12,1,operator_reported_trip_stop,2026-09-18T11:37:57.452211+00:00,bd1cb1bbd40b96d62c5a65c3b3eefd5decdd9a7e06c48328bbd2de86e6edd8d3
nmmt_vehicle_657_20260918,657,657,567783712,5616,4585,26,181677423,Running,skipped,16:43:00,16:43:00,2026-09-18T16:43:00,16:30:32,,False,False,16:15,18:00,18-09-2026 17:07:12,1,operator_reported_trip_stop,2026-09-18T11:37:57.452211+00:00,bd1cb1bbd40b96d62c5a65c3b3eefd5decdd9a7e06c48328bbd2de86e6edd8d3
nmmt_vehicle_657_20260918,657,657,567783712,5616,3334,27,181677424,Running,covered,16:44:10,16:44:10,2026-09-18T16:44:10,16:31:18,16:30:53,True,False,16:15,18:00,18-09-2026 17:07:12,1,operator_reported_trip_stop,2026-09-18T11:37:57.452211+00:00,bd1cb1bbd40b96d62c5a65c3b3eefd5decdd9a7e06c48328bbd2de86e6edd8d3
nmmt_vehicle_657_20260918,657,657,567783712,5616,4393,28,181677425,Running,covered,16:45:20,16:45:20,2026-09-18T16:45:20,16:32:08,16:32:13,True,False,16:15,18:00,18-09-2026 17:07:12,1,operator_reported_trip_stop,2026-09-18T11:37:57.452211+00:00,bd1cb1bbd40b96d62c5a65c3b3eefd5decdd9a7e06c48328bbd2de86e6edd8d3
nmmt_vehicle_657_20260918,657,657,567783712,5616,2661,29,181677426,Running,skipped,16:46:30,16:46:30,2026-09-18T16:46:30,16:33:13,,False,False,16:15,18:00,18-09-2026 17:07:12,1,operator_reported_trip_stop,2026-09-18T11:37:57.452211+00:00,bd1cb1bbd40b96d62c5a65c3b3eefd5decdd9a7e06c48328bbd2de86e6edd8d3
nmmt_vehicle_657_20260918,657,657,567783712,5616,3331,30,181677427,Running,skipped,16:46:30,16:46:30,2026-09-18T16:46:30,16:34:29,16:34:34,False,False,16:15,18:00,18-09-2026 17:07:12,1,operator_reported_trip_stop,2026-09-18T11:37:57.452211+00:00,bd1cb1bbd40b96d62c5a65c3b3eefd5decdd9a7e06c48328bbd2de86e6edd8d3
nmmt_vehicle_657_20260918,657,657,567783712,5616,3330,31,181677428,Running,covered,16:47:40,16:47:40,2026-09-18T16:47:40,16:34:59,16:35:24,True,False,16:15,18:00,18-09-2026 17:07:12,1,operator_reported_trip_stop,2026-09-18T11:37:57.452211+00:00,bd1cb1bbd40b96d62c5a65c3b3eefd5decdd9a7e06c48328bbd2de86e6edd8d3
nmmt_vehicle_657_20260918,657,657,567783712,5616,3919,32,181677429,Running,skipped,16:48:50,16:48:50,2026-09-18T16:48:50,16:35:59,16:36:19,False,False,16:15,18:00,18-09-2026 17:07:12,1,operator_reported_trip_stop,2026-09-18T11:37:57.452211+00:00,bd1cb1bbd40b96d62c5a65c3b3eefd5decdd9a7e06c48328bbd2de86e6edd8d3
nmmt_vehicle_657_20260918,657,657,567783712,5616,3328,33,181677430,Running,covered,16:50:00,16:50:00,2026-09-18T16:50:00,16:36:54,16:37:04,True,False,16:15,18:00,18-09-2026 17:07:12,1,operator_reported_trip_stop,2026-09-18T11:37:57.452211+00:00,bd1cb1bbd40b96d62c5a65c3b3eefd5decdd9a7e06c48328bbd2de86e6edd8d3
nmmt_vehicle_657_20260918,657,657,567783712,5616,4384,34,181677431,Running,covered,16:51:10,16:51:10,2026-09-18T16:51:10,16:38:19,16:38:39,True,False,16:15,18:00,18-09-2026 17:07:12,1,operator_reported_trip_stop,2026-09-18T11:37:57.452211+00:00,bd1cb1bbd40b96d62c5a65c3b3eefd5decdd9a7e06c48328bbd2de86e6edd8d3
nmmt_vehicle_657_20260918,657,657,567783712,5616,4382,35,181677432,Running,skipped,16:53:30,16:53:30,2026-09-18T16:53:30,16:39:39,16:39:59,False,False,16:15,18:00,18-09-2026 17:07:12,1,operator_reported_trip_stop,2026-09-18T11:37:57.452211+00:00,bd1cb1bbd40b96d62c5a65c3b3eefd5decdd9a7e06c48328bbd2de86e6edd8d3
nmmt_vehicle_657_20260918,657,657,567783712,5616,4379,36,181677433,Running,skipped,16:54:40,16:54:40,2026-09-18T16:54:40,16:40:14,16:40:24,False,False,16:15,18:00,18-09-2026 17:07:12,1,operator_reported_trip_stop,2026-09-18T11:37:57.452211+00:00,bd1cb1bbd40b96d62c5a65c3b3eefd5decdd9a7e06c48328bbd2de86e6edd8d3
nmmt_vehicle_657_20260918,657,657,567783712,5616,3325,37,181677434,Running,covered,16:55:50,16:55:50,2026-09-18T16:55:50,16:40:49,16:40:54,True,False,16:15,18:00,18-09-2026 17:07:12,1,operator_reported_trip_stop,2026-09-18T11:37:57.452211+00:00,bd1cb1bbd40b96d62c5a65c3b3eefd5decdd9a7e06c48328bbd2de86e6edd8d3
nmmt_vehicle_657_20260918,657,657,567783712,5616,2515,38,181677435,Running,covered,16:59:20,16:59:20,2026-09-18T16:59:20,16:42:14,16:42:19,True,False,16:15,18:00,18-09-2026 17:07:12,1,operator_reported_trip_stop,2026-09-18T11:37:57.452211+00:00,bd1cb1bbd40b96d62c5a65c3b3eefd5decdd9a7e06c48328bbd2de86e6edd8d3
nmmt_vehicle_657_20260918,657,657,567783712,5616,3604,39,181677436,Running,covered,17:01:40,17:01:40,2026-09-18T17:01:40,16:46:02,16:46:12,True,False,16:15,18:00,18-09-2026 17:07:12,1,operator_reported_trip_stop,2026-09-18T11:37:57.452211+00:00,bd1cb1bbd40b96d62c5a65c3b3eefd5decdd9a7e06c48328bbd2de86e6edd8d3
nmmt_vehicle_657_20260918,657,657,567783712,5616,2518,40,181677437,Running,covered,17:06:20,17:06:20,2026-09-18T17:06:20,16:49:12,16:49:17,True,False,16:15,18:00,18-09-2026 17:07:12,1,operator_reported_trip_stop,2026-09-18T11:37:57.452211+00:00,bd1cb1bbd40b96d62c5a65c3b3eefd5decdd9a7e06c48328bbd2de86e6edd8d3
nmmt_vehicle_657_20260918,657,657,567783712,5616,2519,41,181677438,Running,skipped,17:08:40,17:08:40,2026-09-18T17:08:40,16:49:52,16:50:17,False,False,16:15,18:00,18-09-2026 17:07:12,1,operator_reported_trip_stop,2026-09-18T11:37:57.452211+00:00,bd1cb1bbd40b96d62c5a65c3b3eefd5decdd9a7e06c48328bbd2de86e6edd8d3
nmmt_vehicle_657_20260918,657,657,567783712,5616,2520,42,181677439,Running,skipped,17:11:00,17:11:00,2026-09-18T17:11:00,16:50:27,16:50:47,False,False,16:15,18:00,18-09-2026 17:07:12,1,operator_reported_trip_stop,2026-09-18T11:37:57.452211+00:00,bd1cb1bbd40b96d62c5a65c3b3eefd5decdd9a7e06c48328bbd2de86e6edd8d3
nmmt_vehicle_657_20260918,657,657,567783712,5616,4128,43,181677440,Running,covered,17:13:20,17:13:20,2026-09-18T17:13:20,16:51:22,16:51:32,True,False,16:15,18:00,18-09-2026 17:07:12,1,operator_reported_trip_stop,2026-09-18T11:37:57.452211+00:00,bd1cb1bbd40b96d62c5a65c3b3eefd5decdd9a7e06c48328bbd2de86e6edd8d3
nmmt_vehicle_657_20260918,657,657,567783712,5616,4126,44,181677441,Running,covered,17:14:30,17:14:30,2026-09-18T17:14:30,16:52:07,16:52:27,True,False,16:15,18:00,18-09-2026 17:07:12,1,operator_reported_trip_stop,2026-09-18T11:37:57.452211+00:00,bd1cb1bbd40b96d62c5a65c3b3eefd5decdd9a7e06c48328bbd2de86e6edd8d3
nmmt_vehicle_657_20260918,657,657,567783712,5616,3727,45,181677442,Running,covered,17:18:00,17:18:00,2026-09-18T17:18:00,16:53:27,16:53:57,True,False,16:15,18:00,18-09-2026 17:07:12,1,operator_reported_trip_stop,2026-09-18T11:37:57.452211+00:00,bd1cb1bbd40b96d62c5a65c3b3eefd5decdd9a7e06c48328bbd2de86e6edd8d3
nmmt_vehicle_657_20260918,657,657,567783712,5616,4125,46,181677443,Running,covered,17:20:20,17:20:20,2026-09-18T17:20:20,16:54:52,16:55:17,True,False,16:15,18:00,18-09-2026 17:07:12,1,operator_reported_trip_stop,2026-09-18T11:37:57.452211+00:00,bd1cb1bbd40b96d62c5a65c3b3eefd5decdd9a7e06c48328bbd2de86e6edd8d3
nmmt_vehicle_657_20260918,657,657,567783712,5616,3926,47,181677444,Running,covered,17:22:40,17:22:40,2026-09-18T17:22:40,16:56:17,16:56:22,True,False,16:15,18:00,18-09-2026 17:07:12,1,operator_reported_trip_stop,2026-09-18T11:37:57.452211+00:00,bd1cb1bbd40b96d62c5a65c3b3eefd5decdd9a7e06c48328bbd2de86e6edd8d3
nmmt_vehicle_657_20260918,657,657,567783712,5616,4208,48,181677445,Running,covered,17:26:10,17:26:10,2026-09-18T17:26:10,16:58:02,16:58:12,True,False,16:15,18:00,18-09-2026 17:07:12,1,operator_reported_trip_stop,2026-09-18T11:37:57.452211+00:00,bd1cb1bbd40b96d62c5a65c3b3eefd5decdd9a7e06c48328bbd2de86e6edd8d3
nmmt_vehicle_657_20260918,657,657,567783712,5616,2535,49,181677446,Running,covered,17:27:20,17:27:20,2026-09-18T17:27:20,16:59:47,16:59:52,True,False,16:15,18:00,18-09-2026 17:07:12,1,operator_reported_trip_stop,2026-09-18T11:37:57.452211+00:00,bd1cb1bbd40b96d62c5a65c3b3eefd5decdd9a7e06c48328bbd2de86e6edd8d3
nmmt_vehicle_657_20260918,657,657,567783712,5616,4141,50,181677447,Running,skipped,17:28:30,17:28:30,2026-09-18T17:28:30,17:00:37,17:00:47,False,False,16:15,18:00,18-09-2026 17:07:12,1,operator_reported_trip_stop,2026-09-18T11:37:57.452211+00:00,bd1cb1bbd40b96d62c5a65c3b3eefd5decdd9a7e06c48328bbd2de86e6edd8d3
nmmt_vehicle_657_20260918,657,657,567783712,5616,2809,51,181677448,Running,covered,17:29:40,17:29:40,2026-09-18T17:29:40,17:01:52,17:02:07,True,False,16:15,18:00,18-09-2026 17:07:12,1,operator_reported_trip_stop,2026-09-18T11:37:57.452211+00:00,bd1cb1bbd40b96d62c5a65c3b3eefd5decdd9a7e06c48328bbd2de86e6edd8d3
nmmt_vehicle_657_20260918,657,657,567783712,5616,2540,52,181677449,Running,covered,17:32:00,17:32:00,2026-09-18T17:32:00,17:03:17,17:03:42,True,False,16:15,18:00,18-09-2026 17:07:12,1,operator_reported_trip_stop,2026-09-18T11:37:57.452211+00:00,bd1cb1bbd40b96d62c5a65c3b3eefd5decdd9a7e06c48328bbd2de86e6edd8d3
nmmt_vehicle_657_20260918,657,657,567783712,5616,4816,53,181677450,Running,covered,17:32:00,17:32:00,2026-09-18T17:32:00,17:04:22,17:04:37,True,False,16:15,18:00,18-09-2026 17:07:12,1,operator_reported_trip_stop,2026-09-18T11:37:57.452211+00:00,bd1cb1bbd40b96d62c5a65c3b3eefd5decdd9a7e06c48328bbd2de86e6edd8d3
nmmt_vehicle_657_20260918,657,657,567783712,5616,4139,54,181677451,Running,covered,17:33:10,17:33:10,2026-09-18T17:33:10,17:05:57,17:06:07,True,False,16:15,18:00,18-09-2026 17:07:12,1,operator_reported_trip_stop,2026-09-18T11:37:57.452211+00:00,bd1cb1bbd40b96d62c5a65c3b3eefd5decdd9a7e06c48328bbd2de86e6edd8d3
nmmt_vehicle_657_20260918,657,657,567783712,5616,4137,55,181677452,Running,covered,17:34:20,17:34:20,2026-09-18T17:34:20,17:07:02,17:07:07,True,False,16:15,18:00,18-09-2026 17:07:12,1,operator_reported_trip_stop,2026-09-18T11:37:57.452211+00:00,bd1cb1bbd40b96d62c5a65c3b3eefd5decdd9a7e06c48328bbd2de86e6edd8d3
nmmt_vehicle_657_20260918,657,657,567783712,5616,2668,56,181677453,Running,upcoming,17:35:30,17:35:30,2026-09-18T17:35:30,17:35:30,,False,True,16:15,18:00,18-09-2026 17:07:12,1,operator_reported_trip_stop,2026-09-18T11:37:57.452211+00:00,bd1cb1bbd40b96d62c5a65c3b3eefd5decdd9a7e06c48328bbd2de86e6edd8d3
nmmt_vehicle_657_20260918,657,657,567783712,5616,4135,57,181677454,Running,upcoming,17:35:30,17:35:30,2026-09-18T17:35:30,17:35:30,,False,True,16:15,18:00,18-09-2026 17:07:12,1,operator_reported_trip_stop,2026-09-18T11:37:57.452211+00:00,bd1cb1bbd40b96d62c5a65c3b3eefd5decdd9a7e06c48328bbd2de86e6edd8d3
nmmt_vehicle_657_20260918,657,657,567783712,5616,4133,58,181677455,Running,upcoming,17:36:40,17:36:40,2026-09-18T17:36:40,17:36:40,,False,True,16:15,18:00,18-09-2026 17:07:12,1,operator_reported_trip_stop,2026-09-18T11:37:57.452211+00:00,bd1cb1bbd40b96d62c5a65c3b3eefd5decdd9a7e06c48328bbd2de86e6edd8d3
nmmt_vehicle_657_20260918,657,657,567783712,5616,4132,59,181677456,Running,upcoming,17:37:50,17:37:50,2026-09-18T17:37:50,17:37:50,,False,True,16:15,18:00,18-09-2026 17:07:12,1,operator_reported_trip_stop,2026-09-18T11:37:57.452211+00:00,bd1cb1bbd40b96d62c5a65c3b3eefd5decdd9a7e06c48328bbd2de86e6edd8d3
nmmt_vehicle_657_20260918,657,657,567783712,5616,4131,60,181677457,Running,upcoming,17:39:00,17:39:00,2026-09-18T17:39:00,17:39:00,,False,True,16:15,18:00,18-09-2026 17:07:12,1,operator_reported_trip_stop,2026-09-18T11:37:57.452211+00:00,bd1cb1bbd40b96d62c5a65c3b3eefd5decdd9a7e06c48328bbd2de86e6edd8d3
nmmt_vehicle_657_20260918,657,657,567783712,5616,4130,61,181677458,Running,upcoming,17:40:10,17:40:10,2026-09-18T17:40:10,17:40:10,,False,True,16:15,18:00,18-09-2026 17:07:12,1,operator_reported_trip_stop,2026-09-18T11:37:57.452211+00:00,bd1cb1bbd40b96d62c5a65c3b3eefd5decdd9a7e06c48328bbd2de86e6edd8d3
nmmt_vehicle_657_20260918,657,657,567783712,5616,4129,62,181677459,Running,upcoming,17:41:20,17:41:20,2026-09-18T17:41:20,17:41:20,,False,True,16:15,18:00,18-09-2026 17:07:12,1,operator_reported_trip_stop,2026-09-18T11:37:57.452211+00:00,bd1cb1bbd40b96d62c5a65c3b3eefd5decdd9a7e06c48328bbd2de86e6edd8d3
nmmt_vehicle_657_20260918,657,657,567783712,5616,4127,63,181677460,Running,upcoming,17:42:30,17:42:30,2026-09-18T17:42:30,17:42:30,,False,True,16:15,18:00,18-09-2026 17:07:12,1,operator_reported_trip_stop,2026-09-18T11:37:57.452211+00:00,bd1cb1bbd40b96d62c5a65c3b3eefd5decdd9a7e06c48328bbd2de86e6edd8d3
nmmt_vehicle_657_20260918,657,657,567783712,5616,4228,64,181677461,Running,upcoming,17:43:40,17:43:40,2026-09-18T17:43:40,17:43:40,,False,True,16:15,18:00,18-09-2026 17:07:12,1,operator_reported_trip_stop,2026-09-18T11:37:57.452211+00:00,bd1cb1bbd40b96d62c5a65c3b3eefd5decdd9a7e06c48328bbd2de86e6edd8d3
nmmt_vehicle_657_20260918,657,657,567783712,5616,4217,65,181677462,Running,upcoming,17:44:50,17:44:50,2026-09-18T17:44:50,17:44:50,,False,True,16:15,18:00,18-09-2026 17:07:12,1,operator_reported_trip_stop,2026-09-18T11:37:57.452211+00:00,bd1cb1bbd40b96d62c5a65c3b3eefd5decdd9a7e06c48328bbd2de86e6edd8d3
nmmt_vehicle_657_20260918,657,657,567783712,5616,4215,66,181677463,Running,upcoming,17:46:00,17:46:00,2026-09-18T17:46:00,17:46:00,,False,True,16:15,18:00,18-09-2026 17:07:12,1,operator_reported_trip_stop,2026-09-18T11:37:57.452211+00:00,bd1cb1bbd40b96d62c5a65c3b3eefd5decdd9a7e06c48328bbd2de86e6edd8d3
nmmt_vehicle_657_20260918,657,657,567783712,5616,4216,67,181677464,Running,upcoming,17:47:10,17:47:10,2026-09-18T17:47:10,17:47:10,,False,True,16:15,18:00,18-09-2026 17:07:12,1,operator_reported_trip_stop,2026-09-18T11:37:57.452211+00:00,bd1cb1bbd40b96d62c5a65c3b3eefd5decdd9a7e06c48328bbd2de86e6edd8d3
nmmt_vehicle_657_20260918,657,657,567783712,5616,4233,68,181677465,Running,upcoming,17:49:30,17:49:30,2026-09-18T17:49:30,17:49:30,,False,True,16:15,18:00,18-09-2026 17:07:12,1,operator_reported_trip_stop,2026-09-18T11:37:57.452211+00:00,bd1cb1bbd40b96d62c5a65c3b3eefd5decdd9a7e06c48328bbd2de86e6edd8d3
nmmt_vehicle_657_20260918,657,657,567783712,5616,3914,69,181677466,Running,upcoming,17:49:30,17:49:30,2026-09-18T17:49:30,17:49:30,,False,True,16:15,18:00,18-09-2026 17:07:12,1,operator_reported_trip_stop,2026-09-18T11:37:57.452211+00:00,bd1cb1bbd40b96d62c5a65c3b3eefd5decdd9a7e06c48328bbd2de86e6edd8d3
nmmt_vehicle_657_20260918,657,657,567783712,5616,2767,70,181677467,Running,upcoming,17:50:40,17:50:40,2026-09-18T17:50:40,17:50:40,,False,True,16:15,18:00,18-09-2026 17:07:12,1,operator_reported_trip_stop,2026-09-18T11:37:57.452211+00:00,bd1cb1bbd40b96d62c5a65c3b3eefd5decdd9a7e06c48328bbd2de86e6edd8d3
nmmt_vehicle_657_20260918,657,657,567783712,5616,2766,71,181677468,Running,upcoming,17:51:50,17:51:50,2026-09-18T17:51:50,17:51:50,,False,True,16:15,18:00,18-09-2026 17:07:12,1,operator_reported_trip_stop,2026-09-18T11:37:57.452211+00:00,bd1cb1bbd40b96d62c5a65c3b3eefd5decdd9a7e06c48328bbd2de86e6edd8d3
nmmt_vehicle_657_20260918,657,657,567783712,5616,2764,72,181677469,Running,upcoming,17:53:00,17:53:00,2026-09-18T17:53:00,17:53:00,,False,True,16:15,18:00,18-09-2026 17:07:12,1,operator_reported_trip_stop,2026-09-18T11:37:57.452211+00:00,bd1cb1bbd40b96d62c5a65c3b3eefd5decdd9a7e06c48328bbd2de86e6edd8d3
nmmt_vehicle_657_20260918,657,657,567783712,5616,2765,73,181677470,Running,upcoming,17:54:10,17:54:10,2026-09-18T17:54:10,17:54:10,,False,True,16:15,18:00,18-09-2026 17:07:12,1,operator_reported_trip_stop,2026-09-18T11:37:57.452211+00:00,bd1cb1bbd40b96d62c5a65c3b3eefd5decdd9a7e06c48328bbd2de86e6edd8d3
nmmt_vehicle_657_20260918,657,657,567783712,5616,3075,74,181677471,Running,upcoming,17:56:30,17:56:30,2026-09-18T17:56:30,17:56:30,,False,True,16:15,18:00,18-09-2026 17:07:12,1,operator_reported_trip_stop,2026-09-18T11:37:57.452211+00:00,bd1cb1bbd40b96d62c5a65c3b3eefd5decdd9a7e06c48328bbd2de86e6edd8d3
nmmt_vehicle_657_20260918,657,657,567783712,5616,3079,75,181677472,Running,upcoming,17:57:40,17:57:40,2026-09-18T17:57:40,17:57:40,,False,True,16:15,18:00,18-09-2026 17:07:12,1,operator_reported_trip_stop,2026-09-18T11:37:57.452211+00:00,bd1cb1bbd40b96d62c5a65c3b3eefd5decdd9a7e06c48328bbd2de86e6edd8d3
nmmt_vehicle_657_20260918,657,657,567783712,5616,3080,76,181677473,Running,upcoming,17:58:50,17:58:50,2026-09-18T17:58:50,17:58:50,,False,True,16:15,18:00,18-09-2026 17:07:12,1,operator_reported_trip_stop,2026-09-18T11:37:57.452211+00:00,bd1cb1bbd40b96d62c5a65c3b3eefd5decdd9a7e06c48328bbd2de86e6edd8d3
nmmt_vehicle_657_20260918,657,657,567783712,5616,2908,77,181677474,Running,upcoming,18:00:00,18:00:00,2026-09-18T18:00:00,18:00:00,,False,True,16:15,18:00,18-09-2026 17:07:12,1,operator_reported_trip_stop,2026-09-18T11:37:57.452211+00:00,bd1cb1bbd40b96d62c5a65c3b3eefd5decdd9a7e06c48328bbd2de86e6edd8d3
nmmt_vehicle_684_20260918,684,684,567783667,5616,3434,1,181674077,Running,covered,15:00:00,15:00:00,2026-09-18T15:00:00,15:17:37,15:17:47,True,False,15:00,17:00,18-09-2026 17:07:19,1,operator_reported_trip_stop,2026-09-18T11:37:57.885940+00:00,48cfc936ae8cb387c31d857b143df342cd958859522a02884e279dd7ec375cda
nmmt_vehicle_684_20260918,684,684,567783667,5616,3433,2,181674078,Running,covered,15:01:20,15:01:20,2026-09-18T15:01:20,15:25:36,15:26:01,True,False,15:00,17:00,18-09-2026 17:07:19,1,operator_reported_trip_stop,2026-09-18T11:37:57.885940+00:00,48cfc936ae8cb387c31d857b143df342cd958859522a02884e279dd7ec375cda
nmmt_vehicle_684_20260918,684,684,567783667,5616,3432,3,181674079,Running,covered,15:01:20,15:01:20,2026-09-18T15:01:20,15:26:41,15:27:01,True,False,15:00,17:00,18-09-2026 17:07:19,1,operator_reported_trip_stop,2026-09-18T11:37:57.885940+00:00,48cfc936ae8cb387c31d857b143df342cd958859522a02884e279dd7ec375cda
nmmt_vehicle_684_20260918,684,684,567783667,5616,3431,4,181674080,Running,covered,15:02:40,15:02:40,2026-09-18T15:02:40,15:27:26,15:27:36,True,False,15:00,17:00,18-09-2026 17:07:19,1,operator_reported_trip_stop,2026-09-18T11:37:57.885940+00:00,48cfc936ae8cb387c31d857b143df342cd958859522a02884e279dd7ec375cda
nmmt_vehicle_684_20260918,684,684,567783667,5616,3430,5,181674081,Running,covered,15:02:40,15:02:40,2026-09-18T15:02:40,15:28:16,15:28:26,True,False,15:00,17:00,18-09-2026 17:07:19,1,operator_reported_trip_stop,2026-09-18T11:37:57.885940+00:00,48cfc936ae8cb387c31d857b143df342cd958859522a02884e279dd7ec375cda
nmmt_vehicle_684_20260918,684,684,567783667,5616,3435,6,181674082,Running,skipped,15:04:00,15:04:00,2026-09-18T15:04:00,15:30:43,,False,False,15:00,17:00,18-09-2026 17:07:19,1,operator_reported_trip_stop,2026-09-18T11:37:57.885940+00:00,48cfc936ae8cb387c31d857b143df342cd958859522a02884e279dd7ec375cda
nmmt_vehicle_684_20260918,684,684,567783667,5616,3676,7,181674083,Running,skipped,15:04:00,15:04:00,2026-09-18T15:04:00,15:31:42,,False,False,15:00,17:00,18-09-2026 17:07:19,1,operator_reported_trip_stop,2026-09-18T11:37:57.885940+00:00,48cfc936ae8cb387c31d857b143df342cd958859522a02884e279dd7ec375cda
nmmt_vehicle_684_20260918,684,684,567783667,5616,4597,8,181674084,Running,covered,15:05:20,15:05:20,2026-09-18T15:05:20,15:35:07,15:35:42,True,False,15:00,17:00,18-09-2026 17:07:19,1,operator_reported_trip_stop,2026-09-18T11:37:57.885940+00:00,48cfc936ae8cb387c31d857b143df342cd958859522a02884e279dd7ec375cda
nmmt_vehicle_684_20260918,684,684,567783667,5616,4596,9,181674085,Running,covered,15:09:20,15:09:20,2026-09-18T15:09:20,15:37:42,15:37:47,True,False,15:00,17:00,18-09-2026 17:07:19,1,operator_reported_trip_stop,2026-09-18T11:37:57.885940+00:00,48cfc936ae8cb387c31d857b143df342cd958859522a02884e279dd7ec375cda
nmmt_vehicle_684_20260918,684,684,567783667,5616,3347,10,181674086,Running,skipped,15:10:40,15:10:40,2026-09-18T15:10:40,15:38:17,15:38:47,False,False,15:00,17:00,18-09-2026 17:07:19,1,operator_reported_trip_stop,2026-09-18T11:37:57.885940+00:00,48cfc936ae8cb387c31d857b143df342cd958859522a02884e279dd7ec375cda
nmmt_vehicle_684_20260918,684,684,567783667,5616,4594,11,181674087,Running,skipped,15:12:00,15:12:00,2026-09-18T15:12:00,15:39:08,15:39:18,False,False,15:00,17:00,18-09-2026 17:07:19,1,operator_reported_trip_stop,2026-09-18T11:37:57.885940+00:00,48cfc936ae8cb387c31d857b143df342cd958859522a02884e279dd7ec375cda
nmmt_vehicle_684_20260918,684,684,567783667,5616,2644,12,181674088,Running,covered,15:13:20,15:13:20,2026-09-18T15:13:20,15:39:54,15:40:14,True,False,15:00,17:00,18-09-2026 17:07:19,1,operator_reported_trip_stop,2026-09-18T11:37:57.885940+00:00,48cfc936ae8cb387c31d857b143df342cd958859522a02884e279dd7ec375cda
nmmt_vehicle_684_20260918,684,684,567783667,5616,3936,13,181674089,Running,covered,15:14:40,15:14:40,2026-09-18T15:14:40,15:40:39,15:40:59,True,False,15:00,17:00,18-09-2026 17:07:19,1,operator_reported_trip_stop,2026-09-18T11:37:57.885940+00:00,48cfc936ae8cb387c31d857b143df342cd958859522a02884e279dd7ec375cda
nmmt_vehicle_684_20260918,684,684,567783667,5616,3344,14,181674090,Running,skipped,15:16:00,15:16:00,2026-09-18T15:16:00,15:41:09,15:41:19,False,False,15:00,17:00,18-09-2026 17:07:19,1,operator_reported_trip_stop,2026-09-18T11:37:57.885940+00:00,48cfc936ae8cb387c31d857b143df342cd958859522a02884e279dd7ec375cda
nmmt_vehicle_684_20260918,684,684,567783667,5616,2646,15,181674091,Running,covered,15:17:20,15:17:20,2026-09-18T15:17:20,15:42:09,15:42:14,True,False,15:00,17:00,18-09-2026 17:07:19,1,operator_reported_trip_stop,2026-09-18T11:37:57.885940+00:00,48cfc936ae8cb387c31d857b143df342cd958859522a02884e279dd7ec375cda
nmmt_vehicle_684_20260918,684,684,567783667,5616,2648,16,181674092,Running,covered,15:18:40,15:18:40,2026-09-18T15:18:40,15:43:04,15:43:19,True,False,15:00,17:00,18-09-2026 17:07:19,1,operator_reported_trip_stop,2026-09-18T11:37:57.885940+00:00,48cfc936ae8cb387c31d857b143df342cd958859522a02884e279dd7ec375cda
nmmt_vehicle_684_20260918,684,684,567783667,5616,4020,17,181674093,Running,covered,15:20:00,15:20:00,2026-09-18T15:20:00,15:44:04,15:44:14,True,False,15:00,17:00,18-09-2026 17:07:19,1,operator_reported_trip_stop,2026-09-18T11:37:57.885940+00:00,48cfc936ae8cb387c31d857b143df342cd958859522a02884e279dd7ec375cda
nmmt_vehicle_684_20260918,684,684,567783667,5616,4445,18,181674094,Running,covered,15:22:40,15:22:40,2026-09-18T15:22:40,15:45:09,15:45:14,True,False,15:00,17:00,18-09-2026 17:07:19,1,operator_reported_trip_stop,2026-09-18T11:37:57.885940+00:00,48cfc936ae8cb387c31d857b143df342cd958859522a02884e279dd7ec375cda
nmmt_vehicle_684_20260918,684,684,567783667,5616,4491,19,181674095,Running,skipped,15:24:00,15:24:00,2026-09-18T15:24:00,15:46:11,,False,False,15:00,17:00,18-09-2026 17:07:19,1,operator_reported_trip_stop,2026-09-18T11:37:57.885940+00:00,48cfc936ae8cb387c31d857b143df342cd958859522a02884e279dd7ec375cda
nmmt_vehicle_684_20260918,684,684,567783667,5616,3340,20,181674096,Running,skipped,15:25:20,15:25:20,2026-09-18T15:25:20,15:46:14,15:46:29,False,False,15:00,17:00,18-09-2026 17:07:19,1,operator_reported_trip_stop,2026-09-18T11:37:57.885940+00:00,48cfc936ae8cb387c31d857b143df342cd958859522a02884e279dd7ec375cda
nmmt_vehicle_684_20260918,684,684,567783667,5616,3339,21,181674097,Running,covered,15:26:40,15:26:40,2026-09-18T15:26:40,15:48:14,15:48:19,True,False,15:00,17:00,18-09-2026 17:07:19,1,operator_reported_trip_stop,2026-09-18T11:37:57.885940+00:00,48cfc936ae8cb387c31d857b143df342cd958859522a02884e279dd7ec375cda
nmmt_vehicle_684_20260918,684,684,567783667,5616,2655,22,181674098,Running,covered,15:26:40,15:26:40,2026-09-18T15:26:40,15:49:00,15:49:05,True,False,15:00,17:00,18-09-2026 17:07:19,1,operator_reported_trip_stop,2026-09-18T11:37:57.885940+00:00,48cfc936ae8cb387c31d857b143df342cd958859522a02884e279dd7ec375cda
nmmt_vehicle_684_20260918,684,684,567783667,5616,4593,23,181674099,Running,skipped,15:28:00,15:28:00,2026-09-18T15:28:00,15:50:40,,False,False,15:00,17:00,18-09-2026 17:07:19,1,operator_reported_trip_stop,2026-09-18T11:37:57.885940+00:00,48cfc936ae8cb387c31d857b143df342cd958859522a02884e279dd7ec375cda
nmmt_vehicle_684_20260918,684,684,567783667,5616,4592,24,181674100,Running,covered,15:29:20,15:29:20,2026-09-18T15:29:20,15:51:06,15:51:11,True,False,15:00,17:00,18-09-2026 17:07:19,1,operator_reported_trip_stop,2026-09-18T11:37:57.885940+00:00,48cfc936ae8cb387c31d857b143df342cd958859522a02884e279dd7ec375cda
nmmt_vehicle_684_20260918,684,684,567783667,5616,4587,25,181674101,Running,covered,15:30:40,15:30:40,2026-09-18T15:30:40,15:52:01,15:52:21,True,False,15:00,17:00,18-09-2026 17:07:19,1,operator_reported_trip_stop,2026-09-18T11:37:57.885940+00:00,48cfc936ae8cb387c31d857b143df342cd958859522a02884e279dd7ec375cda
nmmt_vehicle_684_20260918,684,684,567783667,5616,4585,26,181674102,Running,skipped,15:32:00,15:32:00,2026-09-18T15:32:00,15:53:11,,False,False,15:00,17:00,18-09-2026 17:07:19,1,operator_reported_trip_stop,2026-09-18T11:37:57.885940+00:00,48cfc936ae8cb387c31d857b143df342cd958859522a02884e279dd7ec375cda
nmmt_vehicle_684_20260918,684,684,567783667,5616,3334,27,181674103,Running,covered,15:33:20,15:33:20,2026-09-18T15:33:20,15:53:46,15:54:21,True,False,15:00,17:00,18-09-2026 17:07:19,1,operator_reported_trip_stop,2026-09-18T11:37:57.885940+00:00,48cfc936ae8cb387c31d857b143df342cd958859522a02884e279dd7ec375cda
nmmt_vehicle_684_20260918,684,684,567783667,5616,4393,28,181674104,Running,covered,15:34:40,15:34:40,2026-09-18T15:34:40,15:54:51,15:55:11,True,False,15:00,17:00,18-09-2026 17:07:19,1,operator_reported_trip_stop,2026-09-18T11:37:57.885940+00:00,48cfc936ae8cb387c31d857b143df342cd958859522a02884e279dd7ec375cda
nmmt_vehicle_684_20260918,684,684,567783667,5616,2661,29,181674105,Running,skipped,15:36:00,15:36:00,2026-09-18T15:36:00,15:55:53,,False,False,15:00,17:00,18-09-2026 17:07:19,1,operator_reported_trip_stop,2026-09-18T11:37:57.885940+00:00,48cfc936ae8cb387c31d857b143df342cd958859522a02884e279dd7ec375cda
nmmt_vehicle_684_20260918,684,684,567783667,5616,3331,30,181674106,Running,covered,15:36:00,15:36:00,2026-09-18T15:36:00,15:57:04,15:57:19,True,False,15:00,17:00,18-09-2026 17:07:19,1,operator_reported_trip_stop,2026-09-18T11:37:57.885940+00:00,48cfc936ae8cb387c31d857b143df342cd958859522a02884e279dd7ec375cda
nmmt_vehicle_684_20260918,684,684,567783667,5616,3330,31,181674107,Running,covered,15:37:20,15:37:20,2026-09-18T15:37:20,15:57:54,15:58:34,True,False,15:00,17:00,18-09-2026 17:07:19,1,operator_reported_trip_stop,2026-09-18T11:37:57.885940+00:00,48cfc936ae8cb387c31d857b143df342cd958859522a02884e279dd7ec375cda
nmmt_vehicle_684_20260918,684,684,567783667,5616,3919,32,181674108,Running,covered,15:38:40,15:38:40,2026-09-18T15:38:40,15:59:34,16:00:09,True,False,15:00,17:00,18-09-2026 17:07:19,1,operator_reported_trip_stop,2026-09-18T11:37:57.885940+00:00,48cfc936ae8cb387c31d857b143df342cd958859522a02884e279dd7ec375cda
nmmt_vehicle_684_20260918,684,684,567783667,5616,3328,33,181674109,Running,covered,15:40:00,15:40:00,2026-09-18T15:40:00,16:01:19,16:01:29,True,False,15:00,17:00,18-09-2026 17:07:19,1,operator_reported_trip_stop,2026-09-18T11:37:57.885940+00:00,48cfc936ae8cb387c31d857b143df342cd958859522a02884e279dd7ec375cda
nmmt_vehicle_684_20260918,684,684,567783667,5616,4384,34,181674110,Running,covered,15:41:20,15:41:20,2026-09-18T15:41:20,16:02:37,16:02:52,True,False,15:00,17:00,18-09-2026 17:07:19,1,operator_reported_trip_stop,2026-09-18T11:37:57.885940+00:00,48cfc936ae8cb387c31d857b143df342cd958859522a02884e279dd7ec375cda
nmmt_vehicle_684_20260918,684,684,567783667,5616,4382,35,181674111,Running,skipped,15:44:00,15:44:00,2026-09-18T15:44:00,16:04:22,16:04:47,False,False,15:00,17:00,18-09-2026 17:07:19,1,operator_reported_trip_stop,2026-09-18T11:37:57.885940+00:00,48cfc936ae8cb387c31d857b143df342cd958859522a02884e279dd7ec375cda
nmmt_vehicle_684_20260918,684,684,567783667,5616,4379,36,181674112,Running,skipped,15:45:20,15:45:20,2026-09-18T15:45:20,16:05:02,16:05:12,False,False,15:00,17:00,18-09-2026 17:07:19,1,operator_reported_trip_stop,2026-09-18T11:37:57.885940+00:00,48cfc936ae8cb387c31d857b143df342cd958859522a02884e279dd7ec375cda
nmmt_vehicle_684_20260918,684,684,567783667,5616,3325,37,181674113,Running,covered,15:46:40,15:46:40,2026-09-18T15:46:40,16:05:32,16:05:57,True,False,15:00,17:00,18-09-2026 17:07:19,1,operator_reported_trip_stop,2026-09-18T11:37:57.885940+00:00,48cfc936ae8cb387c31d857b143df342cd958859522a02884e279dd7ec375cda
nmmt_vehicle_684_20260918,684,684,567783667,5616,2515,38,181674114,Running,covered,15:50:40,15:50:40,2026-09-18T15:50:40,16:06:52,16:07:27,True,False,15:00,17:00,18-09-2026 17:07:19,1,operator_reported_trip_stop,2026-09-18T11:37:57.885940+00:00,48cfc936ae8cb387c31d857b143df342cd958859522a02884e279dd7ec375cda
nmmt_vehicle_684_20260918,684,684,567783667,5616,3604,39,181674115,Running,covered,15:53:20,15:53:20,2026-09-18T15:53:20,16:11:19,16:11:34,True,False,15:00,17:00,18-09-2026 17:07:19,1,operator_reported_trip_stop,2026-09-18T11:37:57.885940+00:00,48cfc936ae8cb387c31d857b143df342cd958859522a02884e279dd7ec375cda
nmmt_vehicle_684_20260918,684,684,567783667,5616,2518,40,181674116,Running,covered,15:58:40,15:58:40,2026-09-18T15:58:40,16:17:51,16:17:56,True,False,15:00,17:00,18-09-2026 17:07:19,1,operator_reported_trip_stop,2026-09-18T11:37:57.885940+00:00,48cfc936ae8cb387c31d857b143df342cd958859522a02884e279dd7ec375cda
nmmt_vehicle_684_20260918,684,684,567783667,5616,2519,41,181674117,Running,skipped,16:01:20,16:01:20,2026-09-18T16:01:20,16:18:31,16:19:01,False,False,15:00,17:00,18-09-2026 17:07:19,1,operator_reported_trip_stop,2026-09-18T11:37:57.885940+00:00,48cfc936ae8cb387c31d857b143df342cd958859522a02884e279dd7ec375cda
nmmt_vehicle_684_20260918,684,684,567783667,5616,2520,42,181674118,Running,skipped,16:04:00,16:04:00,2026-09-18T16:04:00,16:19:11,16:19:31,False,False,15:00,17:00,18-09-2026 17:07:19,1,operator_reported_trip_stop,2026-09-18T11:37:57.885940+00:00,48cfc936ae8cb387c31d857b143df342cd958859522a02884e279dd7ec375cda
nmmt_vehicle_684_20260918,684,684,567783667,5616,4128,43,181674119,Running,covered,16:06:40,16:06:40,2026-09-18T16:06:40,16:20:01,16:20:11,True,False,15:00,17:00,18-09-2026 17:07:19,1,operator_reported_trip_stop,2026-09-18T11:37:57.885940+00:00,48cfc936ae8cb387c31d857b143df342cd958859522a02884e279dd7ec375cda
nmmt_vehicle_684_20260918,684,684,567783667,5616,4126,44,181674120,Running,skipped,16:08:00,16:08:00,2026-09-18T16:08:00,16:22:58,16:23:08,False,False,15:00,17:00,18-09-2026 17:07:19,1,operator_reported_trip_stop,2026-09-18T11:37:57.885940+00:00,48cfc936ae8cb387c31d857b143df342cd958859522a02884e279dd7ec375cda
nmmt_vehicle_684_20260918,684,684,567783667,5616,3727,45,181674121,Running,covered,16:12:00,16:12:00,2026-09-18T16:12:00,16:24:08,16:24:28,True,False,15:00,17:00,18-09-2026 17:07:19,1,operator_reported_trip_stop,2026-09-18T11:37:57.885940+00:00,48cfc936ae8cb387c31d857b143df342cd958859522a02884e279dd7ec375cda
nmmt_vehicle_684_20260918,684,684,567783667,5616,4125,46,181674122,Running,covered,16:14:40,16:14:40,2026-09-18T16:14:40,16:25:23,16:25:43,True,False,15:00,17:00,18-09-2026 17:07:19,1,operator_reported_trip_stop,2026-09-18T11:37:57.885940+00:00,48cfc936ae8cb387c31d857b143df342cd958859522a02884e279dd7ec375cda
nmmt_vehicle_684_20260918,684,684,567783667,5616,3926,47,181674123,Running,covered,16:17:20,16:17:20,2026-09-18T16:17:20,16:26:53,16:27:03,True,False,15:00,17:00,18-09-2026 17:07:19,1,operator_reported_trip_stop,2026-09-18T11:37:57.885940+00:00,48cfc936ae8cb387c31d857b143df342cd958859522a02884e279dd7ec375cda
nmmt_vehicle_684_20260918,684,684,567783667,5616,4208,48,181674124,Running,covered,16:21:20,16:21:20,2026-09-18T16:21:20,16:28:53,16:29:03,True,False,15:00,17:00,18-09-2026 17:07:19,1,operator_reported_trip_stop,2026-09-18T11:37:57.885940+00:00,48cfc936ae8cb387c31d857b143df342cd958859522a02884e279dd7ec375cda
nmmt_vehicle_684_20260918,684,684,567783667,5616,2535,49,181674125,Running,covered,16:22:40,16:22:40,2026-09-18T16:22:40,16:35:01,16:35:11,True,False,15:00,17:00,18-09-2026 17:07:19,1,operator_reported_trip_stop,2026-09-18T11:37:57.885940+00:00,48cfc936ae8cb387c31d857b143df342cd958859522a02884e279dd7ec375cda
nmmt_vehicle_684_20260918,684,684,567783667,5616,4141,50,181674126,Running,skipped,16:24:00,16:24:00,2026-09-18T16:24:00,16:35:41,16:35:56,False,False,15:00,17:00,18-09-2026 17:07:19,1,operator_reported_trip_stop,2026-09-18T11:37:57.885940+00:00,48cfc936ae8cb387c31d857b143df342cd958859522a02884e279dd7ec375cda
nmmt_vehicle_684_20260918,684,684,567783667,5616,2809,51,181674127,Running,covered,16:25:20,16:25:20,2026-09-18T16:25:20,16:38:07,16:38:12,True,False,15:00,17:00,18-09-2026 17:07:19,1,operator_reported_trip_stop,2026-09-18T11:37:57.885940+00:00,48cfc936ae8cb387c31d857b143df342cd958859522a02884e279dd7ec375cda
nmmt_vehicle_684_20260918,684,684,567783667,5616,2540,52,181674128,Running,covered,16:28:00,16:28:00,2026-09-18T16:28:00,16:39:08,16:39:13,True,False,15:00,17:00,18-09-2026 17:07:19,1,operator_reported_trip_stop,2026-09-18T11:37:57.885940+00:00,48cfc936ae8cb387c31d857b143df342cd958859522a02884e279dd7ec375cda
nmmt_vehicle_684_20260918,684,684,567783667,5616,4816,53,181674129,Running,covered,16:28:00,16:28:00,2026-09-18T16:28:00,16:40:18,16:40:28,True,False,15:00,17:00,18-09-2026 17:07:19,1,operator_reported_trip_stop,2026-09-18T11:37:57.885940+00:00,48cfc936ae8cb387c31d857b143df342cd958859522a02884e279dd7ec375cda
nmmt_vehicle_684_20260918,684,684,567783667,5616,4139,54,181674130,Running,covered,16:29:20,16:29:20,2026-09-18T16:29:20,16:42:03,16:42:18,True,False,15:00,17:00,18-09-2026 17:07:19,1,operator_reported_trip_stop,2026-09-18T11:37:57.885940+00:00,48cfc936ae8cb387c31d857b143df342cd958859522a02884e279dd7ec375cda
nmmt_vehicle_684_20260918,684,684,567783667,5616,4137,55,181674131,Running,covered,16:30:40,16:30:40,2026-09-18T16:30:40,16:43:18,16:43:23,True,False,15:00,17:00,18-09-2026 17:07:19,1,operator_reported_trip_stop,2026-09-18T11:37:57.885940+00:00,48cfc936ae8cb387c31d857b143df342cd958859522a02884e279dd7ec375cda
nmmt_vehicle_684_20260918,684,684,567783667,5616,2668,56,181674132,Running,covered,16:32:00,16:32:00,2026-09-18T16:32:00,16:44:13,16:44:33,True,False,15:00,17:00,18-09-2026 17:07:19,1,operator_reported_trip_stop,2026-09-18T11:37:57.885940+00:00,48cfc936ae8cb387c31d857b143df342cd958859522a02884e279dd7ec375cda
nmmt_vehicle_684_20260918,684,684,567783667,5616,4135,57,181674133,Running,covered,16:32:00,16:32:00,2026-09-18T16:32:00,16:45:03,16:45:13,True,False,15:00,17:00,18-09-2026 17:07:19,1,operator_reported_trip_stop,2026-09-18T11:37:57.885940+00:00,48cfc936ae8cb387c31d857b143df342cd958859522a02884e279dd7ec375cda
nmmt_vehicle_684_20260918,684,684,567783667,5616,4133,58,181674134,Running,covered,16:33:20,16:33:20,2026-09-18T16:33:20,16:46:03,16:46:18,True,False,15:00,17:00,18-09-2026 17:07:19,1,operator_reported_trip_stop,2026-09-18T11:37:57.885940+00:00,48cfc936ae8cb387c31d857b143df342cd958859522a02884e279dd7ec375cda
nmmt_vehicle_684_20260918,684,684,567783667,5616,4132,59,181674135,Running,covered,16:34:40,16:34:40,2026-09-18T16:34:40,16:47:23,16:47:28,True,False,15:00,17:00,18-09-2026 17:07:19,1,operator_reported_trip_stop,2026-09-18T11:37:57.885940+00:00,48cfc936ae8cb387c31d857b143df342cd958859522a02884e279dd7ec375cda
nmmt_vehicle_684_20260918,684,684,567783667,5616,4131,60,181674136,Running,covered,16:36:00,16:36:00,2026-09-18T16:36:00,16:48:18,16:48:33,True,False,15:00,17:00,18-09-2026 17:07:19,1,operator_reported_trip_stop,2026-09-18T11:37:57.885940+00:00,48cfc936ae8cb387c31d857b143df342cd958859522a02884e279dd7ec375cda
nmmt_vehicle_684_20260918,684,684,567783667,5616,4130,61,181674137,Running,covered,16:37:20,16:37:20,2026-09-18T16:37:20,16:49:08,16:49:13,True,False,15:00,17:00,18-09-2026 17:07:19,1,operator_reported_trip_stop,2026-09-18T11:37:57.885940+00:00,48cfc936ae8cb387c31d857b143df342cd958859522a02884e279dd7ec375cda
nmmt_vehicle_684_20260918,684,684,567783667,5616,4129,62,181674138,Running,covered,16:38:40,16:38:40,2026-09-18T16:38:40,16:50:08,16:50:13,True,False,15:00,17:00,18-09-2026 17:07:19,1,operator_reported_trip_stop,2026-09-18T11:37:57.885940+00:00,48cfc936ae8cb387c31d857b143df342cd958859522a02884e279dd7ec375cda
nmmt_vehicle_684_20260918,684,684,567783667,5616,4127,63,181674139,Running,covered,16:40:00,16:40:00,2026-09-18T16:40:00,16:52:12,16:52:37,True,False,15:00,17:00,18-09-2026 17:07:19,1,operator_reported_trip_stop,2026-09-18T11:37:57.885940+00:00,48cfc936ae8cb387c31d857b143df342cd958859522a02884e279dd7ec375cda
nmmt_vehicle_684_20260918,684,684,567783667,5616,4228,64,181674140,Running,covered,16:41:20,16:41:20,2026-09-18T16:41:20,16:55:57,16:56:02,True,False,15:00,17:00,18-09-2026 17:07:19,1,operator_reported_trip_stop,2026-09-18T11:37:57.885940+00:00,48cfc936ae8cb387c31d857b143df342cd958859522a02884e279dd7ec375cda
nmmt_vehicle_684_20260918,684,684,567783667,5616,4217,65,181674141,Running,covered,16:42:40,16:42:40,2026-09-18T16:42:40,16:56:47,16:56:52,True,False,15:00,17:00,18-09-2026 17:07:19,1,operator_reported_trip_stop,2026-09-18T11:37:57.885940+00:00,48cfc936ae8cb387c31d857b143df342cd958859522a02884e279dd7ec375cda
nmmt_vehicle_684_20260918,684,684,567783667,5616,4215,66,181674142,Running,covered,16:44:00,16:44:00,2026-09-18T16:44:00,16:57:42,16:57:57,True,False,15:00,17:00,18-09-2026 17:07:19,1,operator_reported_trip_stop,2026-09-18T11:37:57.885940+00:00,48cfc936ae8cb387c31d857b143df342cd958859522a02884e279dd7ec375cda
nmmt_vehicle_684_20260918,684,684,567783667,5616,4216,67,181674143,Running,covered,16:45:20,16:45:20,2026-09-18T16:45:20,16:58:57,16:59:02,True,False,15:00,17:00,18-09-2026 17:07:19,1,operator_reported_trip_stop,2026-09-18T11:37:57.885940+00:00,48cfc936ae8cb387c31d857b143df342cd958859522a02884e279dd7ec375cda
nmmt_vehicle_684_20260918,684,684,567783667,5616,4233,68,181674144,Running,covered,16:48:00,16:48:00,2026-09-18T16:48:00,17:00:38,17:00:58,True,False,15:00,17:00,18-09-2026 17:07:19,1,operator_reported_trip_stop,2026-09-18T11:37:57.885940+00:00,48cfc936ae8cb387c31d857b143df342cd958859522a02884e279dd7ec375cda
nmmt_vehicle_684_20260918,684,684,567783667,5616,3914,69,181674145,Running,covered,16:48:00,16:48:00,2026-09-18T16:48:00,17:01:43,17:02:13,True,False,15:00,17:00,18-09-2026 17:07:19,1,operator_reported_trip_stop,2026-09-18T11:37:57.885940+00:00,48cfc936ae8cb387c31d857b143df342cd958859522a02884e279dd7ec375cda
nmmt_vehicle_684_20260918,684,684,567783667,5616,2767,70,181674146,Running,covered,16:49:20,16:49:20,2026-09-18T16:49:20,17:02:53,17:03:28,True,False,15:00,17:00,18-09-2026 17:07:19,1,operator_reported_trip_stop,2026-09-18T11:37:57.885940+00:00,48cfc936ae8cb387c31d857b143df342cd958859522a02884e279dd7ec375cda
nmmt_vehicle_684_20260918,684,684,567783667,5616,2766,71,181674147,Running,covered,16:50:40,16:50:40,2026-09-18T16:50:40,17:04:48,17:04:53,True,False,15:00,17:00,18-09-2026 17:07:19,1,operator_reported_trip_stop,2026-09-18T11:37:57.885940+00:00,48cfc936ae8cb387c31d857b143df342cd958859522a02884e279dd7ec375cda
nmmt_vehicle_684_20260918,684,684,567783667,5616,2764,72,181674148,Running,covered,16:52:00,16:52:00,2026-09-18T16:52:00,17:05:28,17:05:58,True,False,15:00,17:00,18-09-2026 17:07:19,1,operator_reported_trip_stop,2026-09-18T11:37:57.885940+00:00,48cfc936ae8cb387c31d857b143df342cd958859522a02884e279dd7ec375cda
nmmt_vehicle_684_20260918,684,684,567783667,5616,2765,73,181674149,Running,covered,16:53:20,16:53:20,2026-09-18T16:53:20,17:06:33,17:06:43,True,False,15:00,17:00,18-09-2026 17:07:19,1,operator_reported_trip_stop,2026-09-18T11:37:57.885940+00:00,48cfc936ae8cb387c31d857b143df342cd958859522a02884e279dd7ec375cda
nmmt_vehicle_684_20260918,684,684,567783667,5616,3075,74,181674150,Running,upcoming,16:56:00,16:56:00,2026-09-18T16:56:00,16:56:00,,False,True,15:00,17:00,18-09-2026 17:07:19,1,operator_reported_trip_stop,2026-09-18T11:37:57.885940+00:00,48cfc936ae8cb387c31d857b143df342cd958859522a02884e279dd7ec375cda
nmmt_vehicle_684_20260918,684,684,567783667,5616,3079,75,181674151,Running,upcoming,16:57:20,16:57:20,2026-09-18T16:57:20,16:57:20,,False,True,15:00,17:00,18-09-2026 17:07:19,1,operator_reported_trip_stop,2026-09-18T11:37:57.885940+00:00,48cfc936ae8cb387c31d857b143df342cd958859522a02884e279dd7ec375cda
nmmt_vehicle_684_20260918,684,684,567783667,5616,3080,76,181674152,Running,upcoming,16:58:40,16:58:40,2026-09-18T16:58:40,16:58:40,,False,True,15:00,17:00,18-09-2026 17:07:19,1,operator_reported_trip_stop,2026-09-18T11:37:57.885940+00:00,48cfc936ae8cb387c31d857b143df342cd958859522a02884e279dd7ec375cda
nmmt_vehicle_684_20260918,684,684,567783667,5616,2908,77,181674153,Running,upcoming,17:00:00,17:00:00,2026-09-18T17:00:00,17:00:00,,False,True,15:00,17:00,18-09-2026 17:07:19,1,operator_reported_trip_stop,2026-09-18T11:37:57.885940+00:00,48cfc936ae8cb387c31d857b143df342cd958859522a02884e279dd7ec375cda
nmmt_vehicle_688_20260918,688,688,567786846,9904,2836,1,181777183,Running,covered,15:50:00,15:50:00,2026-09-18T15:50:00,15:52:30,15:52:40,True,False,15:50,17:21,18-09-2026 17:23:26,1,operator_reported_trip_stop,2026-09-18T11:53:53.571947+00:00,de1dcb5a087054e6f14ac48a72b6753970493fb297f9b6a8cb5ab6eb2d234714
nmmt_vehicle_688_20260918,688,688,567786846,9904,2812,2,181777184,Running,skipped,15:52:25,15:52:25,2026-09-18T15:52:25.6,16:08:01,16:08:46,False,False,15:50,17:21,18-09-2026 17:23:26,1,operator_reported_trip_stop,2026-09-18T11:53:53.571947+00:00,de1dcb5a087054e6f14ac48a72b6753970493fb297f9b6a8cb5ab6eb2d234714
nmmt_vehicle_688_20260918,688,688,567786846,9904,2813,3,181777185,Running,covered,15:53:38,15:53:38,2026-09-18T15:53:38.4,16:09:01,16:09:46,True,False,15:50,17:21,18-09-2026 17:23:26,1,operator_reported_trip_stop,2026-09-18T11:53:53.571947+00:00,de1dcb5a087054e6f14ac48a72b6753970493fb297f9b6a8cb5ab6eb2d234714
nmmt_vehicle_688_20260918,688,688,567786846,9904,2815,4,181777186,Running,covered,15:54:51,15:54:51,2026-09-18T15:54:51.2,16:12:53,16:13:03,True,False,15:50,17:21,18-09-2026 17:23:26,1,operator_reported_trip_stop,2026-09-18T11:53:53.571947+00:00,de1dcb5a087054e6f14ac48a72b6753970493fb297f9b6a8cb5ab6eb2d234714
nmmt_vehicle_688_20260918,688,688,567786846,9904,2840,5,181777187,Running,covered,15:56:04,15:56:04,2026-09-18T15:56:04,16:14:58,16:15:28,True,False,15:50,17:21,18-09-2026 17:23:26,1,operator_reported_trip_stop,2026-09-18T11:53:53.571947+00:00,de1dcb5a087054e6f14ac48a72b6753970493fb297f9b6a8cb5ab6eb2d234714
nmmt_vehicle_688_20260918,688,688,567786846,9904,2841,6,181777188,Running,skipped,15:57:16,15:57:16,2026-09-18T15:57:16.8,16:16:08,16:16:28,False,False,15:50,17:21,18-09-2026 17:23:26,1,operator_reported_trip_stop,2026-09-18T11:53:53.571947+00:00,de1dcb5a087054e6f14ac48a72b6753970493fb297f9b6a8cb5ab6eb2d234714
nmmt_vehicle_688_20260918,688,688,567786846,9904,2842,7,181777189,Running,covered,15:58:29,15:58:29,2026-09-18T15:58:29.6,16:16:53,16:17:13,True,False,15:50,17:21,18-09-2026 17:23:26,1,operator_reported_trip_stop,2026-09-18T11:53:53.571947+00:00,de1dcb5a087054e6f14ac48a72b6753970493fb297f9b6a8cb5ab6eb2d234714
nmmt_vehicle_688_20260918,688,688,567786846,9904,2843,8,181777190,Running,covered,15:59:42,15:59:42,2026-09-18T15:59:42.4,16:19:06,16:19:11,True,False,15:50,17:21,18-09-2026 17:23:26,1,operator_reported_trip_stop,2026-09-18T11:53:53.571947+00:00,de1dcb5a087054e6f14ac48a72b6753970493fb297f9b6a8cb5ab6eb2d234714
nmmt_vehicle_688_20260918,688,688,567786846,9904,2844,9,181777191,Running,covered,16:00:55,16:00:55,2026-09-18T16:00:55.2,16:20:16,16:20:21,True,False,15:50,17:21,18-09-2026 17:23:26,1,operator_reported_trip_stop,2026-09-18T11:53:53.571947+00:00,de1dcb5a087054e6f14ac48a72b6753970493fb297f9b6a8cb5ab6eb2d234714
nmmt_vehicle_688_20260918,688,688,567786846,9904,2845,10,181777192,Running,covered,16:02:08,16:02:08,2026-09-18T16:02:08,16:21:11,16:21:21,True,False,15:50,17:21,18-09-2026 17:23:26,1,operator_reported_trip_stop,2026-09-18T11:53:53.571947+00:00,de1dcb5a087054e6f14ac48a72b6753970493fb297f9b6a8cb5ab6eb2d234714
nmmt_vehicle_688_20260918,688,688,567786846,9904,2846,11,181777193,Running,skipped,16:03:20,16:03:20,2026-09-18T16:03:20.8,16:22:11,16:22:21,False,False,15:50,17:21,18-09-2026 17:23:26,1,operator_reported_trip_stop,2026-09-18T11:53:53.571947+00:00,de1dcb5a087054e6f14ac48a72b6753970493fb297f9b6a8cb5ab6eb2d234714
nmmt_vehicle_688_20260918,688,688,567786846,9904,2847,12,181777194,Running,covered,16:04:33,16:04:33,2026-09-18T16:04:33.6,16:22:56,16:23:06,True,False,15:50,17:21,18-09-2026 17:23:26,1,operator_reported_trip_stop,2026-09-18T11:53:53.571947+00:00,de1dcb5a087054e6f14ac48a72b6753970493fb297f9b6a8cb5ab6eb2d234714
nmmt_vehicle_688_20260918,688,688,567786846,9904,4513,13,181777195,Running,covered,16:05:46,16:05:46,2026-09-18T16:05:46.4,16:24:01,16:24:11,True,False,15:50,17:21,18-09-2026 17:23:26,1,operator_reported_trip_stop,2026-09-18T11:53:53.571947+00:00,de1dcb5a087054e6f14ac48a72b6753970493fb297f9b6a8cb5ab6eb2d234714
nmmt_vehicle_688_20260918,688,688,567786846,9904,4512,14,181777196,Running,covered,16:06:59,16:06:59,2026-09-18T16:06:59.2,16:32:58,16:33:23,True,False,15:50,17:21,18-09-2026 17:23:26,1,operator_reported_trip_stop,2026-09-18T11:53:53.571947+00:00,de1dcb5a087054e6f14ac48a72b6753970493fb297f9b6a8cb5ab6eb2d234714
nmmt_vehicle_688_20260918,688,688,567786846,9904,4511,15,181777197,Running,skipped,16:08:12,16:08:12,2026-09-18T16:08:12,16:36:28,16:36:38,False,False,15:50,17:21,18-09-2026 17:23:26,1,operator_reported_trip_stop,2026-09-18T11:53:53.571947+00:00,de1dcb5a087054e6f14ac48a72b6753970493fb297f9b6a8cb5ab6eb2d234714
nmmt_vehicle_688_20260918,688,688,567786846,9904,4510,16,181777198,Running,covered,16:09:24,16:09:24,2026-09-18T16:09:24.8,16:39:00,16:39:30,True,False,15:50,17:21,18-09-2026 17:23:26,1,operator_reported_trip_stop,2026-09-18T11:53:53.571947+00:00,de1dcb5a087054e6f14ac48a72b6753970493fb297f9b6a8cb5ab6eb2d234714
nmmt_vehicle_688_20260918,688,688,567786846,9904,4509,17,181777199,Running,covered,16:10:37,16:10:37,2026-09-18T16:10:37.6,16:41:10,16:41:20,True,False,15:50,17:21,18-09-2026 17:23:26,1,operator_reported_trip_stop,2026-09-18T11:53:53.571947+00:00,de1dcb5a087054e6f14ac48a72b6753970493fb297f9b6a8cb5ab6eb2d234714
nmmt_vehicle_688_20260918,688,688,567786846,9904,4508,18,181777200,Running,covered,16:11:50,16:11:50,2026-09-18T16:11:50.4,16:42:20,16:42:40,True,False,15:50,17:21,18-09-2026 17:23:26,1,operator_reported_trip_stop,2026-09-18T11:53:53.571947+00:00,de1dcb5a087054e6f14ac48a72b6753970493fb297f9b6a8cb5ab6eb2d234714
nmmt_vehicle_688_20260918,688,688,567786846,9904,4506,19,181777201,Running,covered,16:14:16,16:14:16,2026-09-18T16:14:16,16:47:10,16:47:20,True,False,15:50,17:21,18-09-2026 17:23:26,1,operator_reported_trip_stop,2026-09-18T11:53:53.571947+00:00,de1dcb5a087054e6f14ac48a72b6753970493fb297f9b6a8cb5ab6eb2d234714
nmmt_vehicle_688_20260918,688,688,567786846,9904,4505,20,181777202,Running,covered,16:15:28,16:15:28,2026-09-18T16:15:28.8,16:48:25,16:48:30,True,False,15:50,17:21,18-09-2026 17:23:26,1,operator_reported_trip_stop,2026-09-18T11:53:53.571947+00:00,de1dcb5a087054e6f14ac48a72b6753970493fb297f9b6a8cb5ab6eb2d234714
nmmt_vehicle_688_20260918,688,688,567786846,9904,2575,21,181777203,Running,covered,16:16:41,16:16:41,2026-09-18T16:16:41.6,16:52:56,16:53:06,True,False,15:50,17:21,18-09-2026 17:23:26,1,operator_reported_trip_stop,2026-09-18T11:53:53.571947+00:00,de1dcb5a087054e6f14ac48a72b6753970493fb297f9b6a8cb5ab6eb2d234714
nmmt_vehicle_688_20260918,688,688,567786846,9904,2581,22,181777204,Running,covered,16:17:54,16:17:54,2026-09-18T16:17:54.4,16:54:26,16:54:36,True,False,15:50,17:21,18-09-2026 17:23:26,1,operator_reported_trip_stop,2026-09-18T11:53:53.571947+00:00,de1dcb5a087054e6f14ac48a72b6753970493fb297f9b6a8cb5ab6eb2d234714
nmmt_vehicle_688_20260918,688,688,567786846,9904,2578,23,181777205,Running,skipped,16:19:07,16:19:07,2026-09-18T16:19:07.2,16:56:26,16:56:41,False,False,15:50,17:21,18-09-2026 17:23:26,1,operator_reported_trip_stop,2026-09-18T11:53:53.571947+00:00,de1dcb5a087054e6f14ac48a72b6753970493fb297f9b6a8cb5ab6eb2d234714
nmmt_vehicle_688_20260918,688,688,567786846,9904,4501,24,181777206,Running,covered,16:20:20,16:20:20,2026-09-18T16:20:20,16:57:21,16:57:26,True,False,15:50,17:21,18-09-2026 17:23:26,1,operator_reported_trip_stop,2026-09-18T11:53:53.571947+00:00,de1dcb5a087054e6f14ac48a72b6753970493fb297f9b6a8cb5ab6eb2d234714
nmmt_vehicle_688_20260918,688,688,567786846,9904,3549,25,181777207,Running,covered,16:21:32,16:21:32,2026-09-18T16:21:32.8,16:58:26,16:58:41,True,False,15:50,17:21,18-09-2026 17:23:26,1,operator_reported_trip_stop,2026-09-18T11:53:53.571947+00:00,de1dcb5a087054e6f14ac48a72b6753970493fb297f9b6a8cb5ab6eb2d234714
nmmt_vehicle_688_20260918,688,688,567786846,9904,3550,26,181777208,Running,covered,16:23:58,16:23:58,2026-09-18T16:23:58.4,17:01:22,17:01:37,True,False,15:50,17:21,18-09-2026 17:23:26,1,operator_reported_trip_stop,2026-09-18T11:53:53.571947+00:00,de1dcb5a087054e6f14ac48a72b6753970493fb297f9b6a8cb5ab6eb2d234714
nmmt_vehicle_688_20260918,688,688,567786846,9904,3551,27,181777209,Running,covered,16:26:24,16:26:24,2026-09-18T16:26:24,17:02:32,17:02:42,True,False,15:50,17:21,18-09-2026 17:23:26,1,operator_reported_trip_stop,2026-09-18T11:53:53.571947+00:00,de1dcb5a087054e6f14ac48a72b6753970493fb297f9b6a8cb5ab6eb2d234714
nmmt_vehicle_688_20260918,688,688,567786846,9904,3552,28,181777210,Running,covered,16:28:49,16:28:49,2026-09-18T16:28:49.6,17:03:22,17:03:37,True,False,15:50,17:21,18-09-2026 17:23:26,1,operator_reported_trip_stop,2026-09-18T11:53:53.571947+00:00,de1dcb5a087054e6f14ac48a72b6753970493fb297f9b6a8cb5ab6eb2d234714
nmmt_vehicle_688_20260918,688,688,567786846,9904,3553,29,181777211,Running,covered,16:30:02,16:30:02,2026-09-18T16:30:02.4,17:04:42,17:04:57,True,False,15:50,17:21,18-09-2026 17:23:26,1,operator_reported_trip_stop,2026-09-18T11:53:53.571947+00:00,de1dcb5a087054e6f14ac48a72b6753970493fb297f9b6a8cb5ab6eb2d234714
nmmt_vehicle_688_20260918,688,688,567786846,9904,3554,30,181777212,Running,covered,16:31:15,16:31:15,2026-09-18T16:31:15.2,17:06:12,17:06:22,True,False,15:50,17:21,18-09-2026 17:23:26,1,operator_reported_trip_stop,2026-09-18T11:53:53.571947+00:00,de1dcb5a087054e6f14ac48a72b6753970493fb297f9b6a8cb5ab6eb2d234714
nmmt_vehicle_688_20260918,688,688,567786846,9904,3555,31,181777213,Running,skipped,16:32:28,16:32:28,2026-09-18T16:32:28,17:07:17,17:07:22,False,False,15:50,17:21,18-09-2026 17:23:26,1,operator_reported_trip_stop,2026-09-18T11:53:53.571947+00:00,de1dcb5a087054e6f14ac48a72b6753970493fb297f9b6a8cb5ab6eb2d234714
nmmt_vehicle_688_20260918,688,688,567786846,9904,3556,32,181777214,Running,covered,16:33:40,16:33:40,2026-09-18T16:33:40.8,17:07:42,17:07:52,True,False,15:50,17:21,18-09-2026 17:23:26,1,operator_reported_trip_stop,2026-09-18T11:53:53.571947+00:00,de1dcb5a087054e6f14ac48a72b6753970493fb297f9b6a8cb5ab6eb2d234714
nmmt_vehicle_688_20260918,688,688,567786846,9904,3557,33,181777215,Running,covered,16:34:53,16:34:53,2026-09-18T16:34:53.6,17:09:02,17:09:12,True,False,15:50,17:21,18-09-2026 17:23:26,1,operator_reported_trip_stop,2026-09-18T11:53:53.571947+00:00,de1dcb5a087054e6f14ac48a72b6753970493fb297f9b6a8cb5ab6eb2d234714
nmmt_vehicle_688_20260918,688,688,567786846,9904,3558,34,181777216,Running,covered,16:36:06,16:36:06,2026-09-18T16:36:06.4,17:10:22,17:10:32,True,False,15:50,17:21,18-09-2026 17:23:26,1,operator_reported_trip_stop,2026-09-18T11:53:53.571947+00:00,de1dcb5a087054e6f14ac48a72b6753970493fb297f9b6a8cb5ab6eb2d234714
nmmt_vehicle_688_20260918,688,688,567786846,9904,3559,35,181777217,Running,covered,16:38:32,16:38:32,2026-09-18T16:38:32,17:11:07,17:11:12,True,False,15:50,17:21,18-09-2026 17:23:26,1,operator_reported_trip_stop,2026-09-18T11:53:53.571947+00:00,de1dcb5a087054e6f14ac48a72b6753970493fb297f9b6a8cb5ab6eb2d234714
nmmt_vehicle_688_20260918,688,688,567786846,9904,3561,36,181777218,Running,covered,16:40:57,16:40:57,2026-09-18T16:40:57.6,17:13:27,17:13:32,True,False,15:50,17:21,18-09-2026 17:23:26,1,operator_reported_trip_stop,2026-09-18T11:53:53.571947+00:00,de1dcb5a087054e6f14ac48a72b6753970493fb297f9b6a8cb5ab6eb2d234714
nmmt_vehicle_688_20260918,688,688,567786846,9904,2643,37,181777219,Running,covered,16:44:36,16:44:36,2026-09-18T16:44:36,17:14:07,17:14:12,True,False,15:50,17:21,18-09-2026 17:23:26,1,operator_reported_trip_stop,2026-09-18T11:53:53.571947+00:00,de1dcb5a087054e6f14ac48a72b6753970493fb297f9b6a8cb5ab6eb2d234714
nmmt_vehicle_688_20260918,688,688,567786846,9904,4548,38,181777220,Running,covered,16:47:01,16:47:01,2026-09-18T16:47:01.6,17:15:37,17:16:22,True,False,15:50,17:21,18-09-2026 17:23:26,1,operator_reported_trip_stop,2026-09-18T11:53:53.571947+00:00,de1dcb5a087054e6f14ac48a72b6753970493fb297f9b6a8cb5ab6eb2d234714
nmmt_vehicle_688_20260918,688,688,567786846,9904,4496,39,181777221,Running,skipped,16:51:52,16:51:52,2026-09-18T16:51:52.8,17:18:06,17:18:36,False,False,15:50,17:21,18-09-2026 17:23:26,1,operator_reported_trip_stop,2026-09-18T11:53:53.571947+00:00,de1dcb5a087054e6f14ac48a72b6753970493fb297f9b6a8cb5ab6eb2d234714
nmmt_vehicle_688_20260918,688,688,567786846,9904,4495,40,181777222,Running,skipped,16:53:05,16:53:05,2026-09-18T16:53:05.6,17:19:06,17:19:21,False,False,15:50,17:21,18-09-2026 17:23:26,1,operator_reported_trip_stop,2026-09-18T11:53:53.571947+00:00,de1dcb5a087054e6f14ac48a72b6753970493fb297f9b6a8cb5ab6eb2d234714
nmmt_vehicle_688_20260918,688,688,567786846,9904,4494,41,181777223,Running,covered,16:54:18,16:54:18,2026-09-18T16:54:18.4,17:19:31,17:19:56,True,False,15:50,17:21,18-09-2026 17:23:26,1,operator_reported_trip_stop,2026-09-18T11:53:53.571947+00:00,de1dcb5a087054e6f14ac48a72b6753970493fb297f9b6a8cb5ab6eb2d234714
nmmt_vehicle_688_20260918,688,688,567786846,9904,4493,42,181777224,Running,upcoming,17:05:13,17:05:13,2026-09-18T17:05:13.6,17:05:13,,False,True,15:50,17:21,18-09-2026 17:23:26,1,operator_reported_trip_stop,2026-09-18T11:53:53.571947+00:00,de1dcb5a087054e6f14ac48a72b6753970493fb297f9b6a8cb5ab6eb2d234714
nmmt_vehicle_688_20260918,688,688,567786846,9904,4063,43,181777225,Running,upcoming,17:07:39,17:07:39,2026-09-18T17:07:39.2,17:07:39,,False,True,15:50,17:21,18-09-2026 17:23:26,1,operator_reported_trip_stop,2026-09-18T11:53:53.571947+00:00,de1dcb5a087054e6f14ac48a72b6753970493fb297f9b6a8cb5ab6eb2d234714
nmmt_vehicle_688_20260918,688,688,567786846,9904,3910,44,181777226,Running,upcoming,17:10:04,17:10:04,2026-09-18T17:10:04.8,17:10:04,,False,True,15:50,17:21,18-09-2026 17:23:26,1,operator_reported_trip_stop,2026-09-18T11:53:53.571947+00:00,de1dcb5a087054e6f14ac48a72b6753970493fb297f9b6a8cb5ab6eb2d234714
nmmt_vehicle_688_20260918,688,688,567786846,9904,3909,45,181777227,Running,upcoming,17:12:30,17:12:30,2026-09-18T17:12:30.4,17:12:30,,False,True,15:50,17:21,18-09-2026 17:23:26,1,operator_reported_trip_stop,2026-09-18T11:53:53.571947+00:00,de1dcb5a087054e6f14ac48a72b6753970493fb297f9b6a8cb5ab6eb2d234714
nmmt_vehicle_688_20260918,688,688,567786846,9904,3135,46,181777228,Running,upcoming,17:14:56,17:14:56,2026-09-18T17:14:56,17:14:56,,False,True,15:50,17:21,18-09-2026 17:23:26,1,operator_reported_trip_stop,2026-09-18T11:53:53.571947+00:00,de1dcb5a087054e6f14ac48a72b6753970493fb297f9b6a8cb5ab6eb2d234714
nmmt_vehicle_688_20260918,688,688,567786846,9904,3136,47,181777229,Running,upcoming,17:17:21,17:17:21,2026-09-18T17:17:21.6,17:17:21,,False,True,15:50,17:21,18-09-2026 17:23:26,1,operator_reported_trip_stop,2026-09-18T11:53:53.571947+00:00,de1dcb5a087054e6f14ac48a72b6753970493fb297f9b6a8cb5ab6eb2d234714
nmmt_vehicle_688_20260918,688,688,567786846,9904,4065,48,181777230,Running,upcoming,17:19:47,17:19:47,2026-09-18T17:19:47.2,17:19:47,,False,True,15:50,17:21,18-09-2026 17:23:26,1,operator_reported_trip_stop,2026-09-18T11:53:53.571947+00:00,de1dcb5a087054e6f14ac48a72b6753970493fb297f9b6a8cb5ab6eb2d234714
nmmt_vehicle_688_20260918,688,688,567786846,9904,3137,49,181777231,Running,upcoming,17:21:00,17:21:00,2026-09-18T17:21:00,17:21:00,,False,True,15:50,17:21,18-09-2026 17:23:26,1,operator_reported_trip_stop,2026-09-18T11:53:53.571947+00:00,de1dcb5a087054e6f14ac48a72b6753970493fb297f9b6a8cb5ab6eb2d234714
nmmt_vehicle_692_20260918,692,692,567786090,8103,3137,1,181753463,Running,upcoming,19:05:00,19:05:00,2026-09-18T19:05:00,19:05:00,,False,True,19:05,20:30,18-09-2026 17:07:49,1,operator_reported_trip_stop,2026-09-18T11:37:58.245255+00:00,ee24ffad1f1cc65ab5ed312444f09d9e398c8dc85c11a5147459fb0333bc717c
nmmt_vehicle_692_20260918,692,692,567786090,8103,4062,2,181753464,Running,upcoming,19:06:03,19:06:03,2026-09-18T19:06:03.75,19:06:03,,False,True,19:05,20:30,18-09-2026 17:07:49,1,operator_reported_trip_stop,2026-09-18T11:37:58.245255+00:00,ee24ffad1f1cc65ab5ed312444f09d9e398c8dc85c11a5147459fb0333bc717c
nmmt_vehicle_692_20260918,692,692,567786090,8103,3139,3,181753465,Running,upcoming,19:07:07,19:07:07,2026-09-18T19:07:07.5,19:07:07,,False,True,19:05,20:30,18-09-2026 17:07:49,1,operator_reported_trip_stop,2026-09-18T11:37:58.245255+00:00,ee24ffad1f1cc65ab5ed312444f09d9e398c8dc85c11a5147459fb0333bc717c
nmmt_vehicle_692_20260918,692,692,567786090,8103,3680,4,181753466,Running,upcoming,19:08:11,19:08:11,2026-09-18T19:08:11.25,19:08:11,,False,True,19:05,20:30,18-09-2026 17:07:49,1,operator_reported_trip_stop,2026-09-18T11:37:58.245255+00:00,ee24ffad1f1cc65ab5ed312444f09d9e398c8dc85c11a5147459fb0333bc717c
nmmt_vehicle_692_20260918,692,692,567786090,8103,3140,5,181753467,Running,upcoming,19:09:15,19:09:15,2026-09-18T19:09:15,19:09:15,,False,True,19:05,20:30,18-09-2026 17:07:49,1,operator_reported_trip_stop,2026-09-18T11:37:58.245255+00:00,ee24ffad1f1cc65ab5ed312444f09d9e398c8dc85c11a5147459fb0333bc717c
nmmt_vehicle_692_20260918,692,692,567786090,8103,3685,6,181753468,Running,upcoming,19:10:18,19:10:18,2026-09-18T19:10:18.75,19:10:18,,False,True,19:05,20:30,18-09-2026 17:07:49,1,operator_reported_trip_stop,2026-09-18T11:37:58.245255+00:00,ee24ffad1f1cc65ab5ed312444f09d9e398c8dc85c11a5147459fb0333bc717c
nmmt_vehicle_692_20260918,692,692,567786090,8103,3141,7,181753469,Running,upcoming,19:11:22,19:11:22,2026-09-18T19:11:22.5,19:11:22,,False,True,19:05,20:30,18-09-2026 17:07:49,1,operator_reported_trip_stop,2026-09-18T11:37:58.245255+00:00,ee24ffad1f1cc65ab5ed312444f09d9e398c8dc85c11a5147459fb0333bc717c
nmmt_vehicle_692_20260918,692,692,567786090,8103,3142,8,181753470,Running,upcoming,19:12:26,19:12:26,2026-09-18T19:12:26.25,19:12:26,,False,True,19:05,20:30,18-09-2026 17:07:49,1,operator_reported_trip_stop,2026-09-18T11:37:58.245255+00:00,ee24ffad1f1cc65ab5ed312444f09d9e398c8dc85c11a5147459fb0333bc717c
nmmt_vehicle_692_20260918,692,692,567786090,8103,3143,9,181753471,Running,upcoming,19:13:30,19:13:30,2026-09-18T19:13:30,19:13:30,,False,True,19:05,20:30,18-09-2026 17:07:49,1,operator_reported_trip_stop,2026-09-18T11:37:58.245255+00:00,ee24ffad1f1cc65ab5ed312444f09d9e398c8dc85c11a5147459fb0333bc717c
nmmt_vehicle_692_20260918,692,692,567786090,8103,3144,10,181753472,Running,upcoming,19:14:33,19:14:33,2026-09-18T19:14:33.75,19:14:33,,False,True,19:05,20:30,18-09-2026 17:07:49,1,operator_reported_trip_stop,2026-09-18T11:37:58.245255+00:00,ee24ffad1f1cc65ab5ed312444f09d9e398c8dc85c11a5147459fb0333bc717c
nmmt_vehicle_692_20260918,692,692,567786090,8103,3163,11,181753473,Running,upcoming,19:15:37,19:15:37,2026-09-18T19:15:37.5,19:15:37,,False,True,19:05,20:30,18-09-2026 17:07:49,1,operator_reported_trip_stop,2026-09-18T11:37:58.245255+00:00,ee24ffad1f1cc65ab5ed312444f09d9e398c8dc85c11a5147459fb0333bc717c
nmmt_vehicle_692_20260918,692,692,567786090,8103,3164,12,181753474,Running,upcoming,19:16:41,19:16:41,2026-09-18T19:16:41.25,19:16:41,,False,True,19:05,20:30,18-09-2026 17:07:49,1,operator_reported_trip_stop,2026-09-18T11:37:58.245255+00:00,ee24ffad1f1cc65ab5ed312444f09d9e398c8dc85c11a5147459fb0333bc717c
nmmt_vehicle_692_20260918,692,692,567786090,8103,3165,13,181753475,Running,upcoming,19:17:45,19:17:45,2026-09-18T19:17:45,19:17:45,,False,True,19:05,20:30,18-09-2026 17:07:49,1,operator_reported_trip_stop,2026-09-18T11:37:58.245255+00:00,ee24ffad1f1cc65ab5ed312444f09d9e398c8dc85c11a5147459fb0333bc717c
nmmt_vehicle_692_20260918,692,692,567786090,8103,3166,14,181753476,Running,upcoming,19:18:48,19:18:48,2026-09-18T19:18:48.75,19:18:48,,False,True,19:05,20:30,18-09-2026 17:07:49,1,operator_reported_trip_stop,2026-09-18T11:37:58.245255+00:00,ee24ffad1f1cc65ab5ed312444f09d9e398c8dc85c11a5147459fb0333bc717c
nmmt_vehicle_692_20260918,692,692,567786090,8103,2986,15,181753477,Running,upcoming,19:19:52,19:19:52,2026-09-18T19:19:52.5,19:19:52,,False,True,19:05,20:30,18-09-2026 17:07:49,1,operator_reported_trip_stop,2026-09-18T11:37:58.245255+00:00,ee24ffad1f1cc65ab5ed312444f09d9e398c8dc85c11a5147459fb0333bc717c
nmmt_vehicle_692_20260918,692,692,567786090,8103,2990,16,181753478,Running,upcoming,19:20:56,19:20:56,2026-09-18T19:20:56.25,19:20:56,,False,True,19:05,20:30,18-09-2026 17:07:49,1,operator_reported_trip_stop,2026-09-18T11:37:58.245255+00:00,ee24ffad1f1cc65ab5ed312444f09d9e398c8dc85c11a5147459fb0333bc717c
nmmt_vehicle_692_20260918,692,692,567786090,8103,4072,17,181753479,Running,upcoming,19:22:00,19:22:00,2026-09-18T19:22:00,19:22:00,,False,True,19:05,20:30,18-09-2026 17:07:49,1,operator_reported_trip_stop,2026-09-18T11:37:58.245255+00:00,ee24ffad1f1cc65ab5ed312444f09d9e398c8dc85c11a5147459fb0333bc717c
nmmt_vehicle_692_20260918,692,692,567786090,8103,3168,18,181753480,Running,upcoming,19:23:03,19:23:03,2026-09-18T19:23:03.75,19:23:03,,False,True,19:05,20:30,18-09-2026 17:07:49,1,operator_reported_trip_stop,2026-09-18T11:37:58.245255+00:00,ee24ffad1f1cc65ab5ed312444f09d9e398c8dc85c11a5147459fb0333bc717c
nmmt_vehicle_692_20260918,692,692,567786090,8103,3169,19,181753481,Running,upcoming,19:24:07,19:24:07,2026-09-18T19:24:07.5,19:24:07,,False,True,19:05,20:30,18-09-2026 17:07:49,1,operator_reported_trip_stop,2026-09-18T11:37:58.245255+00:00,ee24ffad1f1cc65ab5ed312444f09d9e398c8dc85c11a5147459fb0333bc717c
nmmt_vehicle_692_20260918,692,692,567786090,8103,2991,20,181753482,Running,upcoming,19:25:11,19:25:11,2026-09-18T19:25:11.25,19:25:11,,False,True,19:05,20:30,18-09-2026 17:07:49,1,operator_reported_trip_stop,2026-09-18T11:37:58.245255+00:00,ee24ffad1f1cc65ab5ed312444f09d9e398c8dc85c11a5147459fb0333bc717c
nmmt_vehicle_692_20260918,692,692,567786090,8103,3170,21,181753483,Running,upcoming,19:26:15,19:26:15,2026-09-18T19:26:15,19:26:15,,False,True,19:05,20:30,18-09-2026 17:07:49,1,operator_reported_trip_stop,2026-09-18T11:37:58.245255+00:00,ee24ffad1f1cc65ab5ed312444f09d9e398c8dc85c11a5147459fb0333bc717c
nmmt_vehicle_692_20260918,692,692,567786090,8103,3171,22,181753484,Running,upcoming,19:27:18,19:27:18,2026-09-18T19:27:18.75,19:27:18,,False,True,19:05,20:30,18-09-2026 17:07:49,1,operator_reported_trip_stop,2026-09-18T11:37:58.245255+00:00,ee24ffad1f1cc65ab5ed312444f09d9e398c8dc85c11a5147459fb0333bc717c
nmmt_vehicle_692_20260918,692,692,567786090,8103,3172,23,181753485,Running,upcoming,19:28:22,19:28:22,2026-09-18T19:28:22.5,19:28:22,,False,True,19:05,20:30,18-09-2026 17:07:49,1,operator_reported_trip_stop,2026-09-18T11:37:58.245255+00:00,ee24ffad1f1cc65ab5ed312444f09d9e398c8dc85c11a5147459fb0333bc717c
nmmt_vehicle_692_20260918,692,692,567786090,8103,2945,24,181753486,Running,upcoming,19:29:26,19:29:26,2026-09-18T19:29:26.25,19:29:26,,False,True,19:05,20:30,18-09-2026 17:07:49,1,operator_reported_trip_stop,2026-09-18T11:37:58.245255+00:00,ee24ffad1f1cc65ab5ed312444f09d9e398c8dc85c11a5147459fb0333bc717c
nmmt_vehicle_692_20260918,692,692,567786090,8103,3172,25,181753487,Running,upcoming,19:30:30,19:30:30,2026-09-18T19:30:30,19:30:30,,False,True,19:05,20:30,18-09-2026 17:07:49,1,operator_reported_trip_stop,2026-09-18T11:37:58.245255+00:00,ee24ffad1f1cc65ab5ed312444f09d9e398c8dc85c11a5147459fb0333bc717c
nmmt_vehicle_692_20260918,692,692,567786090,8103,3171,26,181753488,Running,upcoming,19:31:33,19:31:33,2026-09-18T19:31:33.75,19:31:33,,False,True,19:05,20:30,18-09-2026 17:07:49,1,operator_reported_trip_stop,2026-09-18T11:37:58.245255+00:00,ee24ffad1f1cc65ab5ed312444f09d9e398c8dc85c11a5147459fb0333bc717c
nmmt_vehicle_692_20260918,692,692,567786090,8103,3170,27,181753489,Running,upcoming,19:32:37,19:32:37,2026-09-18T19:32:37.5,19:32:37,,False,True,19:05,20:30,18-09-2026 17:07:49,1,operator_reported_trip_stop,2026-09-18T11:37:58.245255+00:00,ee24ffad1f1cc65ab5ed312444f09d9e398c8dc85c11a5147459fb0333bc717c
nmmt_vehicle_692_20260918,692,692,567786090,8103,4076,28,181753490,Running,upcoming,19:33:41,19:33:41,2026-09-18T19:33:41.25,19:33:41,,False,True,19:05,20:30,18-09-2026 17:07:49,1,operator_reported_trip_stop,2026-09-18T11:37:58.245255+00:00,ee24ffad1f1cc65ab5ed312444f09d9e398c8dc85c11a5147459fb0333bc717c
nmmt_vehicle_692_20260918,692,692,567786090,8103,2992,29,181753491,Running,upcoming,19:34:45,19:34:45,2026-09-18T19:34:45,19:34:45,,False,True,19:05,20:30,18-09-2026 17:07:49,1,operator_reported_trip_stop,2026-09-18T11:37:58.245255+00:00,ee24ffad1f1cc65ab5ed312444f09d9e398c8dc85c11a5147459fb0333bc717c
nmmt_vehicle_692_20260918,692,692,567786090,8103,2993,30,181753492,Running,upcoming,19:35:48,19:35:48,2026-09-18T19:35:48.75,19:35:48,,False,True,19:05,20:30,18-09-2026 17:07:49,1,operator_reported_trip_stop,2026-09-18T11:37:58.245255+00:00,ee24ffad1f1cc65ab5ed312444f09d9e398c8dc85c11a5147459fb0333bc717c
nmmt_vehicle_692_20260918,692,692,567786090,8103,2994,31,181753493,Running,upcoming,19:36:52,19:36:52,2026-09-18T19:36:52.5,19:36:52,,False,True,19:05,20:30,18-09-2026 17:07:49,1,operator_reported_trip_stop,2026-09-18T11:37:58.245255+00:00,ee24ffad1f1cc65ab5ed312444f09d9e398c8dc85c11a5147459fb0333bc717c
nmmt_vehicle_692_20260918,692,692,567786090,8103,2995,32,181753494,Running,upcoming,19:37:56,19:37:56,2026-09-18T19:37:56.25,19:37:56,,False,True,19:05,20:30,18-09-2026 17:07:49,1,operator_reported_trip_stop,2026-09-18T11:37:58.245255+00:00,ee24ffad1f1cc65ab5ed312444f09d9e398c8dc85c11a5147459fb0333bc717c
nmmt_vehicle_692_20260918,692,692,567786090,8103,2996,33,181753495,Running,upcoming,19:39:00,19:39:00,2026-09-18T19:39:00,19:39:00,,False,True,19:05,20:30,18-09-2026 17:07:49,1,operator_reported_trip_stop,2026-09-18T11:37:58.245255+00:00,ee24ffad1f1cc65ab5ed312444f09d9e398c8dc85c11a5147459fb0333bc717c
nmmt_vehicle_692_20260918,692,692,567786090,8103,2997,34,181753496,Running,upcoming,19:40:03,19:40:03,2026-09-18T19:40:03.75,19:40:03,,False,True,19:05,20:30,18-09-2026 17:07:49,1,operator_reported_trip_stop,2026-09-18T11:37:58.245255+00:00,ee24ffad1f1cc65ab5ed312444f09d9e398c8dc85c11a5147459fb0333bc717c
nmmt_vehicle_692_20260918,692,692,567786090,8103,2998,35,181753497,Running,upcoming,19:42:11,19:42:11,2026-09-18T19:42:11.25,19:42:11,,False,True,19:05,20:30,18-09-2026 17:07:49,1,operator_reported_trip_stop,2026-09-18T11:37:58.245255+00:00,ee24ffad1f1cc65ab5ed312444f09d9e398c8dc85c11a5147459fb0333bc717c
nmmt_vehicle_692_20260918,692,692,567786090,8103,2999,36,181753498,Running,upcoming,19:43:15,19:43:15,2026-09-18T19:43:15,19:43:15,,False,True,19:05,20:30,18-09-2026 17:07:49,1,operator_reported_trip_stop,2026-09-18T11:37:58.245255+00:00,ee24ffad1f1cc65ab5ed312444f09d9e398c8dc85c11a5147459fb0333bc717c
nmmt_vehicle_692_20260918,692,692,567786090,8103,3732,37,181753499,Running,upcoming,19:44:18,19:44:18,2026-09-18T19:44:18.75,19:44:18,,False,True,19:05,20:30,18-09-2026 17:07:49,1,operator_reported_trip_stop,2026-09-18T11:37:58.245255+00:00,ee24ffad1f1cc65ab5ed312444f09d9e398c8dc85c11a5147459fb0333bc717c
nmmt_vehicle_692_20260918,692,692,567786090,8103,3000,38,181753500,Running,upcoming,19:45:22,19:45:22,2026-09-18T19:45:22.5,19:45:22,,False,True,19:05,20:30,18-09-2026 17:07:49,1,operator_reported_trip_stop,2026-09-18T11:37:58.245255+00:00,ee24ffad1f1cc65ab5ed312444f09d9e398c8dc85c11a5147459fb0333bc717c
nmmt_vehicle_692_20260918,692,692,567786090,8103,3001,39,181753501,Running,upcoming,19:46:26,19:46:26,2026-09-18T19:46:26.25,19:46:26,,False,True,19:05,20:30,18-09-2026 17:07:49,1,operator_reported_trip_stop,2026-09-18T11:37:58.245255+00:00,ee24ffad1f1cc65ab5ed312444f09d9e398c8dc85c11a5147459fb0333bc717c
nmmt_vehicle_692_20260918,692,692,567786090,8103,3002,40,181753502,Running,upcoming,19:47:30,19:47:30,2026-09-18T19:47:30,19:47:30,,False,True,19:05,20:30,18-09-2026 17:07:49,1,operator_reported_trip_stop,2026-09-18T11:37:58.245255+00:00,ee24ffad1f1cc65ab5ed312444f09d9e398c8dc85c11a5147459fb0333bc717c
nmmt_vehicle_692_20260918,692,692,567786090,8103,3003,41,181753503,Running,upcoming,19:48:33,19:48:33,2026-09-18T19:48:33.75,19:48:33,,False,True,19:05,20:30,18-09-2026 17:07:49,1,operator_reported_trip_stop,2026-09-18T11:37:58.245255+00:00,ee24ffad1f1cc65ab5ed312444f09d9e398c8dc85c11a5147459fb0333bc717c
nmmt_vehicle_692_20260918,692,692,567786090,8103,3734,42,181753504,Running,upcoming,19:49:37,19:49:37,2026-09-18T19:49:37.5,19:49:37,,False,True,19:05,20:30,18-09-2026 17:07:49,1,operator_reported_trip_stop,2026-09-18T11:37:58.245255+00:00,ee24ffad1f1cc65ab5ed312444f09d9e398c8dc85c11a5147459fb0333bc717c
nmmt_vehicle_692_20260918,692,692,567786090,8103,3004,43,181753505,Running,upcoming,19:51:45,19:51:45,2026-09-18T19:51:45,19:51:45,,False,True,19:05,20:30,18-09-2026 17:07:49,1,operator_reported_trip_stop,2026-09-18T11:37:58.245255+00:00,ee24ffad1f1cc65ab5ed312444f09d9e398c8dc85c11a5147459fb0333bc717c
nmmt_vehicle_692_20260918,692,692,567786090,8103,3005,44,181753506,Running,upcoming,19:52:48,19:52:48,2026-09-18T19:52:48.75,19:52:48,,False,True,19:05,20:30,18-09-2026 17:07:49,1,operator_reported_trip_stop,2026-09-18T11:37:58.245255+00:00,ee24ffad1f1cc65ab5ed312444f09d9e398c8dc85c11a5147459fb0333bc717c
nmmt_vehicle_692_20260918,692,692,567786090,8103,3006,45,181753507,Running,upcoming,19:53:52,19:53:52,2026-09-18T19:53:52.5,19:53:52,,False,True,19:05,20:30,18-09-2026 17:07:49,1,operator_reported_trip_stop,2026-09-18T11:37:58.245255+00:00,ee24ffad1f1cc65ab5ed312444f09d9e398c8dc85c11a5147459fb0333bc717c
nmmt_vehicle_692_20260918,692,692,567786090,8103,3008,46,181753508,Running,upcoming,19:54:56,19:54:56,2026-09-18T19:54:56.25,19:54:56,,False,True,19:05,20:30,18-09-2026 17:07:49,1,operator_reported_trip_stop,2026-09-18T11:37:58.245255+00:00,ee24ffad1f1cc65ab5ed312444f09d9e398c8dc85c11a5147459fb0333bc717c
nmmt_vehicle_692_20260918,692,692,567786090,8103,3007,47,181753509,Running,upcoming,19:56:00,19:56:00,2026-09-18T19:56:00,19:56:00,,False,True,19:05,20:30,18-09-2026 17:07:49,1,operator_reported_trip_stop,2026-09-18T11:37:58.245255+00:00,ee24ffad1f1cc65ab5ed312444f09d9e398c8dc85c11a5147459fb0333bc717c
nmmt_vehicle_692_20260918,692,692,567786090,8103,3009,48,181753510,Running,upcoming,19:57:03,19:57:03,2026-09-18T19:57:03.75,19:57:03,,False,True,19:05,20:30,18-09-2026 17:07:49,1,operator_reported_trip_stop,2026-09-18T11:37:58.245255+00:00,ee24ffad1f1cc65ab5ed312444f09d9e398c8dc85c11a5147459fb0333bc717c
nmmt_vehicle_692_20260918,692,692,567786090,8103,3010,49,181753511,Running,upcoming,19:58:07,19:58:07,2026-09-18T19:58:07.5,19:58:07,,False,True,19:05,20:30,18-09-2026 17:07:49,1,operator_reported_trip_stop,2026-09-18T11:37:58.245255+00:00,ee24ffad1f1cc65ab5ed312444f09d9e398c8dc85c11a5147459fb0333bc717c
nmmt_vehicle_692_20260918,692,692,567786090,8103,3011,50,181753512,Running,upcoming,20:00:15,20:00:15,2026-09-18T20:00:15,20:00:15,,False,True,19:05,20:30,18-09-2026 17:07:49,1,operator_reported_trip_stop,2026-09-18T11:37:58.245255+00:00,ee24ffad1f1cc65ab5ed312444f09d9e398c8dc85c11a5147459fb0333bc717c
nmmt_vehicle_692_20260918,692,692,567786090,8103,3013,51,181753513,Running,upcoming,20:01:18,20:01:18,2026-09-18T20:01:18.75,20:01:18,,False,True,19:05,20:30,18-09-2026 17:07:49,1,operator_reported_trip_stop,2026-09-18T11:37:58.245255+00:00,ee24ffad1f1cc65ab5ed312444f09d9e398c8dc85c11a5147459fb0333bc717c
nmmt_vehicle_692_20260918,692,692,567786090,8103,3014,52,181753514,Running,upcoming,20:02:22,20:02:22,2026-09-18T20:02:22.5,20:02:22,,False,True,19:05,20:30,18-09-2026 17:07:49,1,operator_reported_trip_stop,2026-09-18T11:37:58.245255+00:00,ee24ffad1f1cc65ab5ed312444f09d9e398c8dc85c11a5147459fb0333bc717c
nmmt_vehicle_692_20260918,692,692,567786090,8103,3015,53,181753515,Running,upcoming,20:03:26,20:03:26,2026-09-18T20:03:26.25,20:03:26,,False,True,19:05,20:30,18-09-2026 17:07:49,1,operator_reported_trip_stop,2026-09-18T11:37:58.245255+00:00,ee24ffad1f1cc65ab5ed312444f09d9e398c8dc85c11a5147459fb0333bc717c
nmmt_vehicle_692_20260918,692,692,567786090,8103,3016,54,181753516,Running,upcoming,20:04:30,20:04:30,2026-09-18T20:04:30,20:04:30,,False,True,19:05,20:30,18-09-2026 17:07:49,1,operator_reported_trip_stop,2026-09-18T11:37:58.245255+00:00,ee24ffad1f1cc65ab5ed312444f09d9e398c8dc85c11a5147459fb0333bc717c
nmmt_vehicle_692_20260918,692,692,567786090,8103,3017,55,181753517,Running,upcoming,20:05:33,20:05:33,2026-09-18T20:05:33.75,20:05:33,,False,True,19:05,20:30,18-09-2026 17:07:49,1,operator_reported_trip_stop,2026-09-18T11:37:58.245255+00:00,ee24ffad1f1cc65ab5ed312444f09d9e398c8dc85c11a5147459fb0333bc717c
nmmt_vehicle_692_20260918,692,692,567786090,8103,3018,56,181753518,Running,upcoming,20:06:37,20:06:37,2026-09-18T20:06:37.5,20:06:37,,False,True,19:05,20:30,18-09-2026 17:07:49,1,operator_reported_trip_stop,2026-09-18T11:37:58.245255+00:00,ee24ffad1f1cc65ab5ed312444f09d9e398c8dc85c11a5147459fb0333bc717c
nmmt_vehicle_692_20260918,692,692,567786090,8103,3019,57,181753519,Running,upcoming,20:07:41,20:07:41,2026-09-18T20:07:41.25,20:07:41,,False,True,19:05,20:30,18-09-2026 17:07:49,1,operator_reported_trip_stop,2026-09-18T11:37:58.245255+00:00,ee24ffad1f1cc65ab5ed312444f09d9e398c8dc85c11a5147459fb0333bc717c
nmmt_vehicle_692_20260918,692,692,567786090,8103,4776,58,181753520,Running,upcoming,20:08:45,20:08:45,2026-09-18T20:08:45,20:08:45,,False,True,19:05,20:30,18-09-2026 17:07:49,1,operator_reported_trip_stop,2026-09-18T11:37:58.245255+00:00,ee24ffad1f1cc65ab5ed312444f09d9e398c8dc85c11a5147459fb0333bc717c
nmmt_vehicle_692_20260918,692,692,567786090,8103,4775,59,181753521,Running,upcoming,20:10:52,20:10:52,2026-09-18T20:10:52.5,20:10:52,,False,True,19:05,20:30,18-09-2026 17:07:49,1,operator_reported_trip_stop,2026-09-18T11:37:58.245255+00:00,ee24ffad1f1cc65ab5ed312444f09d9e398c8dc85c11a5147459fb0333bc717c
nmmt_vehicle_692_20260918,692,692,567786090,8103,4781,60,181753522,Running,upcoming,20:11:56,20:11:56,2026-09-18T20:11:56.25,20:11:56,,False,True,19:05,20:30,18-09-2026 17:07:49,1,operator_reported_trip_stop,2026-09-18T11:37:58.245255+00:00,ee24ffad1f1cc65ab5ed312444f09d9e398c8dc85c11a5147459fb0333bc717c
nmmt_vehicle_692_20260918,692,692,567786090,8103,4780,61,181753523,Running,upcoming,20:14:03,20:14:03,2026-09-18T20:14:03.75,20:14:03,,False,True,19:05,20:30,18-09-2026 17:07:49,1,operator_reported_trip_stop,2026-09-18T11:37:58.245255+00:00,ee24ffad1f1cc65ab5ed312444f09d9e398c8dc85c11a5147459fb0333bc717c
nmmt_vehicle_692_20260918,692,692,567786090,8103,4779,62,181753524,Running,upcoming,20:15:07,20:15:07,2026-09-18T20:15:07.5,20:15:07,,False,True,19:05,20:30,18-09-2026 17:07:49,1,operator_reported_trip_stop,2026-09-18T11:37:58.245255+00:00,ee24ffad1f1cc65ab5ed312444f09d9e398c8dc85c11a5147459fb0333bc717c
nmmt_vehicle_692_20260918,692,692,567786090,8103,4777,63,181753525,Running,upcoming,20:17:15,20:17:15,2026-09-18T20:17:15,20:17:15,,False,True,19:05,20:30,18-09-2026 17:07:49,1,operator_reported_trip_stop,2026-09-18T11:37:58.245255+00:00,ee24ffad1f1cc65ab5ed312444f09d9e398c8dc85c11a5147459fb0333bc717c
nmmt_vehicle_692_20260918,692,692,567786090,8103,4782,64,181753526,Running,upcoming,20:19:22,20:19:22,2026-09-18T20:19:22.5,20:19:22,,False,True,19:05,20:30,18-09-2026 17:07:49,1,operator_reported_trip_stop,2026-09-18T11:37:58.245255+00:00,ee24ffad1f1cc65ab5ed312444f09d9e398c8dc85c11a5147459fb0333bc717c
nmmt_vehicle_692_20260918,692,692,567786090,8103,4783,65,181753527,Running,upcoming,20:22:33,20:22:33,2026-09-18T20:22:33.75,20:22:33,,False,True,19:05,20:30,18-09-2026 17:07:49,1,operator_reported_trip_stop,2026-09-18T11:37:58.245255+00:00,ee24ffad1f1cc65ab5ed312444f09d9e398c8dc85c11a5147459fb0333bc717c
nmmt_vehicle_692_20260918,692,692,567786090,8103,4791,66,181753528,Running,upcoming,20:25:45,20:25:45,2026-09-18T20:25:45,20:25:45,,False,True,19:05,20:30,18-09-2026 17:07:49,1,operator_reported_trip_stop,2026-09-18T11:37:58.245255+00:00,ee24ffad1f1cc65ab5ed312444f09d9e398c8dc85c11a5147459fb0333bc717c
nmmt_vehicle_692_20260918,692,692,567786090,8103,4773,67,181753529,Running,upcoming,20:30:00,20:30:00,2026-09-18T20:30:00,20:30:00,,False,True,19:05,20:30,18-09-2026 17:07:49,1,operator_reported_trip_stop,2026-09-18T11:37:58.245255+00:00,ee24ffad1f1cc65ab5ed312444f09d9e398c8dc85c11a5147459fb0333bc717c
nmmt_vehicle_705_20260918,705,705,567785005,8684,3194,1,181715878,Running,covered,16:34:00,16:34:00,2026-09-18T16:34:00,16:46:24,16:46:34,True,False,16:34,17:11,18-09-2026 17:22:57,1,operator_reported_trip_stop,2026-09-18T11:53:54.163491+00:00,6dbd41cbd1baf76e8d270d266c1aad7463fe9dc49cf468a9b76b76665995d184
nmmt_vehicle_705_20260918,705,705,567785005,8684,4231,2,181715879,Running,covered,16:36:38,16:36:38,2026-09-18T16:36:38.571,16:53:04,16:53:24,True,False,16:34,17:11,18-09-2026 17:22:57,1,operator_reported_trip_stop,2026-09-18T11:53:54.163491+00:00,6dbd41cbd1baf76e8d270d266c1aad7463fe9dc49cf468a9b76b76665995d184
nmmt_vehicle_705_20260918,705,705,567785005,8684,2572,3,181715880,Running,covered,16:37:57,16:37:57,2026-09-18T16:37:57.857,16:55:43,16:56:08,True,False,16:34,17:11,18-09-2026 17:22:57,1,operator_reported_trip_stop,2026-09-18T11:53:54.163491+00:00,6dbd41cbd1baf76e8d270d266c1aad7463fe9dc49cf468a9b76b76665995d184
nmmt_vehicle_705_20260918,705,705,567785005,8684,4230,4,181715881,Running,covered,16:39:17,16:39:17,2026-09-18T16:39:17.143,16:58:13,16:58:18,True,False,16:34,17:11,18-09-2026 17:22:57,1,operator_reported_trip_stop,2026-09-18T11:53:54.163491+00:00,6dbd41cbd1baf76e8d270d266c1aad7463fe9dc49cf468a9b76b76665995d184
nmmt_vehicle_705_20260918,705,705,567785005,8684,2540,5,181715882,Running,covered,16:40:36,16:40:36,2026-09-18T16:40:36.429,16:58:38,16:58:58,True,False,16:34,17:11,18-09-2026 17:22:57,1,operator_reported_trip_stop,2026-09-18T11:53:54.163491+00:00,6dbd41cbd1baf76e8d270d266c1aad7463fe9dc49cf468a9b76b76665995d184
nmmt_vehicle_705_20260918,705,705,567785005,8684,4816,6,181715883,Running,covered,16:41:55,16:41:55,2026-09-18T16:41:55.714,17:00:13,17:00:18,True,False,16:34,17:11,18-09-2026 17:22:57,1,operator_reported_trip_stop,2026-09-18T11:53:54.163491+00:00,6dbd41cbd1baf76e8d270d266c1aad7463fe9dc49cf468a9b76b76665995d184
nmmt_vehicle_705_20260918,705,705,567785005,8684,4139,7,181715884,Running,covered,16:43:15,16:43:15,2026-09-18T16:43:15,17:04:31,17:04:36,True,False,16:34,17:11,18-09-2026 17:22:57,1,operator_reported_trip_stop,2026-09-18T11:53:54.163491+00:00,6dbd41cbd1baf76e8d270d266c1aad7463fe9dc49cf468a9b76b76665995d184
nmmt_vehicle_705_20260918,705,705,567785005,8684,4137,8,181715885,Running,covered,16:44:34,16:44:34,2026-09-18T16:44:34.286,17:05:31,17:05:41,True,False,16:34,17:11,18-09-2026 17:22:57,1,operator_reported_trip_stop,2026-09-18T11:53:54.163491+00:00,6dbd41cbd1baf76e8d270d266c1aad7463fe9dc49cf468a9b76b76665995d184
nmmt_vehicle_705_20260918,705,705,567785005,8684,2668,9,181715886,Running,covered,16:45:53,16:45:53,2026-09-18T16:45:53.571,17:06:56,17:07:01,True,False,16:34,17:11,18-09-2026 17:22:57,1,operator_reported_trip_stop,2026-09-18T11:53:54.163491+00:00,6dbd41cbd1baf76e8d270d266c1aad7463fe9dc49cf468a9b76b76665995d184
nmmt_vehicle_705_20260918,705,705,567785005,8684,4135,10,181715887,Running,covered,16:47:12,16:47:12,2026-09-18T16:47:12.857,17:07:36,17:07:46,True,False,16:34,17:11,18-09-2026 17:22:57,1,operator_reported_trip_stop,2026-09-18T11:53:54.163491+00:00,6dbd41cbd1baf76e8d270d266c1aad7463fe9dc49cf468a9b76b76665995d184
nmmt_vehicle_705_20260918,705,705,567785005,8684,4133,11,181715888,Running,covered,16:48:32,16:48:32,2026-09-18T16:48:32.143,17:08:56,17:09:11,True,False,16:34,17:11,18-09-2026 17:22:57,1,operator_reported_trip_stop,2026-09-18T11:53:54.163491+00:00,6dbd41cbd1baf76e8d270d266c1aad7463fe9dc49cf468a9b76b76665995d184
nmmt_vehicle_705_20260918,705,705,567785005,8684,4132,12,181715889,Running,covered,16:49:51,16:49:51,2026-09-18T16:49:51.429,17:10:11,17:10:36,True,False,16:34,17:11,18-09-2026 17:22:57,1,operator_reported_trip_stop,2026-09-18T11:53:54.163491+00:00,6dbd41cbd1baf76e8d270d266c1aad7463fe9dc49cf468a9b76b76665995d184
nmmt_vehicle_705_20260918,705,705,567785005,8684,4131,13,181715890,Running,covered,16:51:10,16:51:10,2026-09-18T16:51:10.714,17:11:16,17:11:31,True,False,16:34,17:11,18-09-2026 17:22:57,1,operator_reported_trip_stop,2026-09-18T11:53:54.163491+00:00,6dbd41cbd1baf76e8d270d266c1aad7463fe9dc49cf468a9b76b76665995d184
nmmt_vehicle_705_20260918,705,705,567785005,8684,4130,14,181715891,Running,covered,16:52:30,16:52:30,2026-09-18T16:52:30,17:12:06,17:12:11,True,False,16:34,17:11,18-09-2026 17:22:57,1,operator_reported_trip_stop,2026-09-18T11:53:54.163491+00:00,6dbd41cbd1baf76e8d270d266c1aad7463fe9dc49cf468a9b76b76665995d184
nmmt_vehicle_705_20260918,705,705,567785005,8684,4129,15,181715892,Running,covered,16:53:49,16:53:49,2026-09-18T16:53:49.286,17:13:16,17:13:31,True,False,16:34,17:11,18-09-2026 17:22:57,1,operator_reported_trip_stop,2026-09-18T11:53:54.163491+00:00,6dbd41cbd1baf76e8d270d266c1aad7463fe9dc49cf468a9b76b76665995d184
nmmt_vehicle_705_20260918,705,705,567785005,8684,4127,16,181715893,Running,covered,16:56:27,16:56:27,2026-09-18T16:56:27.857,17:15:33,17:15:43,True,False,16:34,17:11,18-09-2026 17:22:57,1,operator_reported_trip_stop,2026-09-18T11:53:54.163491+00:00,6dbd41cbd1baf76e8d270d266c1aad7463fe9dc49cf468a9b76b76665995d184
nmmt_vehicle_705_20260918,705,705,567785005,8684,4228,17,181715894,Running,covered,16:57:47,16:57:47,2026-09-18T16:57:47.143,17:20:37,17:20:47,True,False,16:34,17:11,18-09-2026 17:22:57,1,operator_reported_trip_stop,2026-09-18T11:53:54.163491+00:00,6dbd41cbd1baf76e8d270d266c1aad7463fe9dc49cf468a9b76b76665995d184
nmmt_vehicle_705_20260918,705,705,567785005,8684,4217,18,181715895,Running,covered,16:59:06,16:59:06,2026-09-18T16:59:06.429,17:21:22,17:21:27,True,False,16:34,17:11,18-09-2026 17:22:57,1,operator_reported_trip_stop,2026-09-18T11:53:54.163491+00:00,6dbd41cbd1baf76e8d270d266c1aad7463fe9dc49cf468a9b76b76665995d184
nmmt_vehicle_705_20260918,705,705,567785005,8684,4215,19,181715896,Running,covered,17:00:25,17:00:25,2026-09-18T17:00:25.714,17:22:17,17:22:47,True,False,16:34,17:11,18-09-2026 17:22:57,1,operator_reported_trip_stop,2026-09-18T11:53:54.163491+00:00,6dbd41cbd1baf76e8d270d266c1aad7463fe9dc49cf468a9b76b76665995d184
nmmt_vehicle_705_20260918,705,705,567785005,8684,4216,20,181715897,Running,upcoming,17:01:45,17:01:45,2026-09-18T17:01:45,17:01:45,,False,True,16:34,17:11,18-09-2026 17:22:57,1,operator_reported_trip_stop,2026-09-18T11:53:54.163491+00:00,6dbd41cbd1baf76e8d270d266c1aad7463fe9dc49cf468a9b76b76665995d184
nmmt_vehicle_705_20260918,705,705,567785005,8684,4234,21,181715898,Running,upcoming,17:03:04,17:03:04,2026-09-18T17:03:04.286,17:03:04,,False,True,16:34,17:11,18-09-2026 17:22:57,1,operator_reported_trip_stop,2026-09-18T11:53:54.163491+00:00,6dbd41cbd1baf76e8d270d266c1aad7463fe9dc49cf468a9b76b76665995d184
nmmt_vehicle_705_20260918,705,705,567785005,8684,3078,22,181715899,Running,upcoming,17:04:23,17:04:23,2026-09-18T17:04:23.571,17:04:23,,False,True,16:34,17:11,18-09-2026 17:22:57,1,operator_reported_trip_stop,2026-09-18T11:53:54.163491+00:00,6dbd41cbd1baf76e8d270d266c1aad7463fe9dc49cf468a9b76b76665995d184
nmmt_vehicle_705_20260918,705,705,567785005,8684,2767,23,181715900,Running,upcoming,17:05:42,17:05:42,2026-09-18T17:05:42.857,17:05:42,,False,True,16:34,17:11,18-09-2026 17:22:57,1,operator_reported_trip_stop,2026-09-18T11:53:54.163491+00:00,6dbd41cbd1baf76e8d270d266c1aad7463fe9dc49cf468a9b76b76665995d184
nmmt_vehicle_705_20260918,705,705,567785005,8684,3077,24,181715901,Running,upcoming,17:07:02,17:07:02,2026-09-18T17:07:02.143,17:07:02,,False,True,16:34,17:11,18-09-2026 17:22:57,1,operator_reported_trip_stop,2026-09-18T11:53:54.163491+00:00,6dbd41cbd1baf76e8d270d266c1aad7463fe9dc49cf468a9b76b76665995d184
nmmt_vehicle_705_20260918,705,705,567785005,8684,3076,25,181715902,Running,upcoming,17:08:21,17:08:21,2026-09-18T17:08:21.429,17:08:21,,False,True,16:34,17:11,18-09-2026 17:22:57,1,operator_reported_trip_stop,2026-09-18T11:53:54.163491+00:00,6dbd41cbd1baf76e8d270d266c1aad7463fe9dc49cf468a9b76b76665995d184
nmmt_vehicle_705_20260918,705,705,567785005,8684,2764,26,181715903,Running,upcoming,17:09:40,17:09:40,2026-09-18T17:09:40.714,17:09:40,,False,True,16:34,17:11,18-09-2026 17:22:57,1,operator_reported_trip_stop,2026-09-18T11:53:54.163491+00:00,6dbd41cbd1baf76e8d270d266c1aad7463fe9dc49cf468a9b76b76665995d184
nmmt_vehicle_705_20260918,705,705,567785005,8684,2765,27,181715904,Running,upcoming,17:11:00,17:11:00,2026-09-18T17:11:00,17:11:00,,False,True,16:34,17:11,18-09-2026 17:22:57,1,operator_reported_trip_stop,2026-09-18T11:53:54.163491+00:00,6dbd41cbd1baf76e8d270d266c1aad7463fe9dc49cf468a9b76b76665995d184
