route_id,trip_id,route_number,from_station_id,to_station_id,published_departure_time,departure_clock_s,calendar_status,source,source_id
5578,21151,002,3173,3156,12:03 PM,43380,unresolved,observed,nmmt_schedule_5578
5582,15683,083 AC,3173,3137,07:05 AM,25500,unresolved,observed,nmmt_schedule_5582
5582,15725,083 AC,3173,3137,07:35 AM,27300,unresolved,observed,nmmt_schedule_5582
5582,15685,083 AC,3173,3137,08:11 AM,29460,unresolved,observed,nmmt_schedule_5582
5582,15718,083 AC,3173,3137,08:35 AM,30900,unresolved,observed,nmmt_schedule_5582
5582,15730,083 AC,3173,3137,08:41 AM,31260,unresolved,observed,nmmt_schedule_5582
5582,15687,083 AC,3173,3137,09:23 AM,33780,unresolved,observed,nmmt_schedule_5582
5582,15727,083 AC,3173,3137,09:53 AM,35580,unresolved,observed,nmmt_schedule_5582
5582,15689,083 AC,3173,3137,10:40 AM,38400,unresolved,observed,nmmt_schedule_5582
5582,15720,083 AC,3173,3137,10:47 AM,38820,unresolved,observed,nmmt_schedule_5582
5582,15729,083 AC,3173,3137,11:10 AM,40200,unresolved,observed,nmmt_schedule_5582
5582,15721,083 AC,3173,3137,01:17 PM,47820,unresolved,observed,nmmt_schedule_5582
5582,15693,083 AC,3173,3137,02:25 PM,51900,unresolved,observed,nmmt_schedule_5582
5582,15708,083 AC,3173,3137,04:02 PM,57720,unresolved,observed,nmmt_schedule_5582
5582,15696,083 AC,3173,3137,04:32 PM,59520,unresolved,observed,nmmt_schedule_5582
5582,15710,083 AC,3173,3137,05:12 PM,61920,unresolved,observed,nmmt_schedule_5582
5582,15700,083 AC,3173,3137,05:42 PM,63720,unresolved,observed,nmmt_schedule_5582
5582,15694,083 AC,3173,3137,06:15 PM,65700,unresolved,observed,nmmt_schedule_5582
5582,15712,083 AC,3173,3137,06:26 PM,66360,unresolved,observed,nmmt_schedule_5582
5582,15699,083 AC,3173,3137,06:56 PM,68160,unresolved,observed,nmmt_schedule_5582
5582,15714,083 AC,3173,3137,07:42 PM,70920,unresolved,observed,nmmt_schedule_5582
5582,15701,083 AC,3173,3137,08:12 PM,72720,unresolved,observed,nmmt_schedule_5582
5582,10513,083 AC,3173,3137,07:05 AM,25500,unresolved,observed,nmmt_schedule_5582
5582,10533,083 AC,3173,3137,07:35 AM,27300,unresolved,observed,nmmt_schedule_5582
5582,10515,083 AC,3173,3137,08:11 AM,29460,unresolved,observed,nmmt_schedule_5582
5582,10535,083 AC,3173,3137,08:41 AM,31260,unresolved,observed,nmmt_schedule_5582
5582,10517,083 AC,3173,3137,09:23 AM,33780,unresolved,observed,nmmt_schedule_5582
5582,10537,083 AC,3173,3137,09:53 AM,35580,unresolved,observed,nmmt_schedule_5582
5582,10519,083 AC,3173,3137,10:40 AM,38400,unresolved,observed,nmmt_schedule_5582
5582,10539,083 AC,3173,3137,11:10 AM,40200,unresolved,observed,nmmt_schedule_5582
5582,10523,083 AC,3173,3137,04:02 PM,57720,unresolved,observed,nmmt_schedule_5582
5582,10543,083 AC,3173,3137,04:32 PM,59520,unresolved,observed,nmmt_schedule_5582
5582,10525,083 AC,3173,3137,05:12 PM,61920,unresolved,observed,nmmt_schedule_5582
5582,10545,083 AC,3173,3137,05:42 PM,63720,unresolved,observed,nmmt_schedule_5582
5582,10527,083 AC,3173,3137,06:26 PM,66360,unresolved,observed,nmmt_schedule_5582
5582,10547,083 AC,3173,3137,06:56 PM,68160,unresolved,observed,nmmt_schedule_5582
5582,10529,083 AC,3173,3137,07:42 PM,70920,unresolved,observed,nmmt_schedule_5582
5582,10549,083 AC,3173,3137,08:12 PM,72720,unresolved,observed,nmmt_schedule_5582
5586,21148,002,3624,3173,07:35 AM,27300,unresolved,observed,nmmt_schedule_5586
5586,21135,002,3624,3173,07:50 AM,28200,unresolved,observed,nmmt_schedule_5586
5586,21137,002,3624,3173,09:10 AM,33000,unresolved,observed,nmmt_schedule_5586
5586,21147,002,3624,3173,10:09 AM,36540,unresolved,observed,nmmt_schedule_5586
5586,21139,002,3624,3173,11:15 AM,40500,unresolved,observed,nmmt_schedule_5586
5586,21150,002,3624,3173,11:25 AM,41100,unresolved,observed,nmmt_schedule_5586
5586,21140,002,3624,3173,12:35 PM,45300,unresolved,observed,nmmt_schedule_5586
5586,21156,002,3624,3173,02:40 PM,52800,unresolved,observed,nmmt_schedule_5586
5586,21167,002,3624,3173,03:20 PM,55200,unresolved,observed,nmmt_schedule_5586
5586,21158,002,3624,3173,03:58 PM,57480,unresolved,observed,nmmt_schedule_5586
5586,21169,002,3624,3173,04:35 PM,59700,unresolved,observed,nmmt_schedule_5586
5586,21160,002,3624,3173,05:13 PM,61980,unresolved,observed,nmmt_schedule_5586
5586,21170,002,3624,3173,05:51 PM,64260,unresolved,observed,nmmt_schedule_5586
5586,21162,002,3624,3173,06:30 PM,66600,unresolved,observed,nmmt_schedule_5586
5586,21172,002,3624,3173,07:10 PM,69000,unresolved,observed,nmmt_schedule_5586
5591,15682,083 AC,3137,3173,06:30 AM,23400,unresolved,observed,nmmt_schedule_5591
5591,15724,083 AC,3137,3173,07:00 AM,25200,unresolved,observed,nmmt_schedule_5591
5591,15684,083 AC,3137,3173,07:38 AM,27480,unresolved,observed,nmmt_schedule_5591
5591,24721,083 AC,3137,3173,07:50 AM,28200,unresolved,observed,nmmt_schedule_5591
5591,15717,083 AC,3137,3173,08:00 AM,28800,unresolved,observed,nmmt_schedule_5591
5591,15726,083 AC,3137,3173,08:08 AM,29280,unresolved,observed,nmmt_schedule_5591
5591,24689,083 AC,3137,3173,08:40 AM,31200,unresolved,observed,nmmt_schedule_5591
5591,15686,083 AC,3137,3173,08:47 AM,31620,unresolved,observed,nmmt_schedule_5591
5591,15731,083 AC,3137,3173,09:17 AM,33420,unresolved,observed,nmmt_schedule_5591
5591,15688,083 AC,3137,3173,10:00 AM,36000,unresolved,observed,nmmt_schedule_5591
5591,15719,083 AC,3137,3173,10:20 AM,37200,unresolved,observed,nmmt_schedule_5591
5591,15728,083 AC,3137,3173,10:30 AM,37800,unresolved,observed,nmmt_schedule_5591
5591,15692,083 AC,3137,3173,01:50 PM,49800,unresolved,observed,nmmt_schedule_5591
5591,15707,083 AC,3137,3173,03:30 PM,55800,unresolved,observed,nmmt_schedule_5591
5591,15705,083 AC,3137,3173,04:00 PM,57600,unresolved,observed,nmmt_schedule_5591
5591,15709,083 AC,3137,3173,04:37 PM,59820,unresolved,observed,nmmt_schedule_5591
5591,15697,083 AC,3137,3173,05:07 PM,61620,unresolved,observed,nmmt_schedule_5591
5591,15711,083 AC,3137,3173,05:48 PM,64080,unresolved,observed,nmmt_schedule_5591
5591,15698,083 AC,3137,3173,06:18 PM,65880,unresolved,observed,nmmt_schedule_5591
5591,15713,083 AC,3137,3173,07:05 PM,68700,unresolved,observed,nmmt_schedule_5591
5591,15703,083 AC,3137,3173,07:35 PM,70500,unresolved,observed,nmmt_schedule_5591
5591,10512,083 AC,3137,3173,06:30 AM,23400,unresolved,observed,nmmt_schedule_5591
5591,10532,083 AC,3137,3173,07:00 AM,25200,unresolved,observed,nmmt_schedule_5591
5591,10514,083 AC,3137,3173,07:38 AM,27480,unresolved,observed,nmmt_schedule_5591
5591,10534,083 AC,3137,3173,08:08 AM,29280,unresolved,observed,nmmt_schedule_5591
5591,10516,083 AC,3137,3173,08:47 AM,31620,unresolved,observed,nmmt_schedule_5591
5591,10536,083 AC,3137,3173,09:17 AM,33420,unresolved,observed,nmmt_schedule_5591
5591,10518,083 AC,3137,3173,10:00 AM,36000,unresolved,observed,nmmt_schedule_5591
5591,10538,083 AC,3137,3173,10:30 AM,37800,unresolved,observed,nmmt_schedule_5591
5591,10522,083 AC,3137,3173,03:30 PM,55800,unresolved,observed,nmmt_schedule_5591
5591,10542,083 AC,3137,3173,04:00 PM,57600,unresolved,observed,nmmt_schedule_5591
5591,10524,083 AC,3137,3173,04:37 PM,59820,unresolved,observed,nmmt_schedule_5591
5591,10544,083 AC,3137,3173,05:07 PM,61620,unresolved,observed,nmmt_schedule_5591
5591,10526,083 AC,3137,3173,05:48 PM,64080,unresolved,observed,nmmt_schedule_5591
5591,10546,083 AC,3137,3173,06:18 PM,65880,unresolved,observed,nmmt_schedule_5591
5591,10528,083 AC,3137,3173,07:05 PM,68700,unresolved,observed,nmmt_schedule_5591
5591,10548,083 AC,3137,3173,07:35 PM,70500,unresolved,observed,nmmt_schedule_5591
5599,21655,062,2717,3194,06:50 AM,24600,unresolved,observed,nmmt_schedule_5599
5599,23259,062,2717,3194,07:10 AM,25800,unresolved,observed,nmmt_schedule_5599
5599,21659,062,2717,3194,07:15 AM,26100,unresolved,observed,nmmt_schedule_5599
5599,23268,062,2717,3194,07:30 AM,27000,unresolved,observed,nmmt_schedule_5599
5599,21664,062,2717,3194,07:40 AM,27600,unresolved,observed,nmmt_schedule_5599
5599,23284,062,2717,3194,07:45 AM,27900,unresolved,observed,nmmt_schedule_5599
5599,23288,062,2717,3194,08:05 AM,29100,unresolved,observed,nmmt_schedule_5599
5599,21671,062,2717,3194,08:10 AM,29400,unresolved,observed,nmmt_schedule_5599
5599,23294,062,2717,3194,08:25 AM,30300,unresolved,observed,nmmt_schedule_5599
5599,21678,062,2717,3194,08:40 AM,31200,unresolved,observed,nmmt_schedule_5599
5599,23299,062,2717,3194,08:50 AM,31800,unresolved,observed,nmmt_schedule_5599
5599,23314,062,2717,3194,09:10 AM,33000,unresolved,observed,nmmt_schedule_5599
5599,21688,062,2717,3194,09:25 AM,33900,unresolved,observed,nmmt_schedule_5599
5599,21696,062,2717,3194,09:40 AM,34800,unresolved,observed,nmmt_schedule_5599
5599,21702,062,2717,3194,09:55 AM,35700,unresolved,observed,nmmt_schedule_5599
5599,21708,062,2717,3194,10:10 AM,36600,unresolved,observed,nmmt_schedule_5599
5599,23339,062,2717,3194,10:30 AM,37800,unresolved,observed,nmmt_schedule_5599
5599,21657,062,2717,3194,10:40 AM,38400,unresolved,observed,nmmt_schedule_5599
5599,23256,062,2717,3194,10:45 AM,38700,unresolved,observed,nmmt_schedule_5599
5599,23261,062,2717,3194,11:05 AM,39900,unresolved,observed,nmmt_schedule_5599
5599,21661,062,2717,3194,11:10 AM,40200,unresolved,observed,nmmt_schedule_5599
5599,23271,062,2717,3194,11:30 AM,41400,unresolved,observed,nmmt_schedule_5599
5599,21666,062,2717,3194,11:40 AM,42000,unresolved,observed,nmmt_schedule_5599
5599,23286,062,2717,3194,11:50 AM,42600,unresolved,observed,nmmt_schedule_5599
5599,23290,062,2717,3194,12:05 PM,43500,unresolved,observed,nmmt_schedule_5599
5599,21673,062,2717,3194,12:10 PM,43800,unresolved,observed,nmmt_schedule_5599
5599,23296,062,2717,3194,12:30 PM,45000,unresolved,observed,nmmt_schedule_5599
5599,21680,062,2717,3194,12:45 PM,45900,unresolved,observed,nmmt_schedule_5599
5599,23316,062,2717,3194,01:05 PM,47100,unresolved,observed,nmmt_schedule_5599
5599,21686,062,2717,3194,01:10 PM,47400,unresolved,observed,nmmt_schedule_5599
5599,21692,062,2717,3194,01:25 PM,48300,unresolved,observed,nmmt_schedule_5599
5599,23326,062,2717,3194,01:40 PM,49200,unresolved,observed,nmmt_schedule_5599
5599,21710,062,2717,3194,02:15 PM,51300,unresolved,observed,nmmt_schedule_5599
5599,23548,062,2717,3194,02:25 PM,51900,unresolved,observed,nmmt_schedule_5599
5599,21698,062,2717,3194,02:40 PM,52800,unresolved,observed,nmmt_schedule_5599
5599,21704,062,2717,3194,02:55 PM,53700,unresolved,observed,nmmt_schedule_5599
5599,23344,062,2717,3194,03:00 PM,54000,unresolved,observed,nmmt_schedule_5599
5599,23336,062,2717,3194,03:15 PM,54900,unresolved,observed,nmmt_schedule_5599
5599,23264,062,2717,3194,03:20 PM,55200,unresolved,observed,nmmt_schedule_5599
5599,23557,062,2717,3194,03:30 PM,55800,unresolved,observed,nmmt_schedule_5599
5599,23341,062,2717,3194,03:35 PM,56100,unresolved,observed,nmmt_schedule_5599
5599,23274,062,2717,3194,04:00 PM,57600,unresolved,observed,nmmt_schedule_5599
5599,23562,062,2717,3194,04:05 PM,57900,unresolved,observed,nmmt_schedule_5599
5599,23279,062,2717,3194,04:25 PM,59100,unresolved,observed,nmmt_schedule_5599
5599,23568,062,2717,3194,04:35 PM,59700,unresolved,observed,nmmt_schedule_5599
5599,23308,062,2717,3194,04:55 PM,60900,unresolved,observed,nmmt_schedule_5599
5599,23572,062,2717,3194,05:10 PM,61800,unresolved,observed,nmmt_schedule_5599
5599,23221,062,2717,3194,05:15 PM,62100,unresolved,observed,nmmt_schedule_5599
5599,23226,062,2717,3194,05:40 PM,63600,unresolved,observed,nmmt_schedule_5599
5599,23231,062,2717,3194,05:58 PM,64680,unresolved,observed,nmmt_schedule_5599
5599,23582,062,2717,3194,06:15 PM,65700,unresolved,observed,nmmt_schedule_5599
5599,23237,062,2717,3194,06:20 PM,66000,unresolved,observed,nmmt_schedule_5599
5599,23244,062,2717,3194,06:40 PM,67200,unresolved,observed,nmmt_schedule_5599
5599,23587,062,2717,3194,06:45 PM,67500,unresolved,observed,nmmt_schedule_5599
5599,23249,062,2717,3194,07:00 PM,68400,unresolved,observed,nmmt_schedule_5599
5599,23346,062,2717,3194,07:20 PM,69600,unresolved,observed,nmmt_schedule_5599
5599,23266,062,2717,3194,07:35 PM,70500,unresolved,observed,nmmt_schedule_5599
5599,23305,062,2717,3194,07:50 PM,71400,unresolved,observed,nmmt_schedule_5599
5599,23276,062,2717,3194,08:10 PM,72600,unresolved,observed,nmmt_schedule_5599
5599,23564,062,2717,3194,08:15 PM,72900,unresolved,observed,nmmt_schedule_5599
5599,23281,062,2717,3194,08:35 PM,74100,unresolved,observed,nmmt_schedule_5599
5599,23570,062,2717,3194,08:50 PM,75000,unresolved,observed,nmmt_schedule_5599
5599,23310,062,2717,3194,09:05 PM,75900,unresolved,observed,nmmt_schedule_5599
5599,23574,062,2717,3194,09:20 PM,76800,unresolved,observed,nmmt_schedule_5599
5599,23223,062,2717,3194,09:25 PM,77100,unresolved,observed,nmmt_schedule_5599
5599,23228,062,2717,3194,09:45 PM,78300,unresolved,observed,nmmt_schedule_5599
5599,23233,062,2717,3194,10:05 PM,79500,unresolved,observed,nmmt_schedule_5599
5599,23239,062,2717,3194,10:24 PM,80640,unresolved,observed,nmmt_schedule_5599
5599,23246,062,2717,3194,10:50 PM,82200,unresolved,observed,nmmt_schedule_5599
5599,23590,062,2717,3194,10:55 PM,82500,unresolved,observed,nmmt_schedule_5599
5603,22233,042,2907,3031,04:35 AM,16500,unresolved,observed,nmmt_schedule_5603
5603,18660,042,2907,3031,05:02 AM,18120,unresolved,observed,nmmt_schedule_5603
5603,22238,042,2907,3031,05:07 AM,18420,unresolved,observed,nmmt_schedule_5603
5603,18598,042,2907,3031,05:15 AM,18900,unresolved,observed,nmmt_schedule_5603
5603,18665,042,2907,3031,05:20 AM,19200,unresolved,observed,nmmt_schedule_5603
5603,22243,042,2907,3031,05:25 AM,19500,unresolved,observed,nmmt_schedule_5603
5603,18670,042,2907,3031,05:40 AM,20400,unresolved,observed,nmmt_schedule_5603
5603,22248,042,2907,3031,05:48 AM,20880,unresolved,observed,nmmt_schedule_5603
5604,25324,062,3194,2717,05:30 AM,19800,unresolved,observed,nmmt_schedule_5604
5604,23521,062,3194,2717,06:18 AM,22680,unresolved,observed,nmmt_schedule_5604
5604,21669,062,3194,2717,06:28 AM,23280,unresolved,observed,nmmt_schedule_5604
5604,21675,062,3194,2717,06:30 AM,23400,unresolved,observed,nmmt_schedule_5604
5604,23293,062,3194,2717,06:45 AM,24300,unresolved,observed,nmmt_schedule_5604
5604,21677,062,3194,2717,07:00 AM,25200,unresolved,observed,nmmt_schedule_5604
5604,23298,062,3194,2717,07:10 AM,25800,unresolved,observed,nmmt_schedule_5604
5604,21684,062,3194,2717,07:30 AM,27000,unresolved,observed,nmmt_schedule_5604
5604,21690,062,3194,2717,07:45 AM,27900,unresolved,observed,nmmt_schedule_5604
5604,21695,062,3194,2717,08:00 AM,28800,unresolved,observed,nmmt_schedule_5604
5604,21701,062,3194,2717,08:15 AM,29700,unresolved,observed,nmmt_schedule_5604
5604,21707,062,3194,2717,08:30 AM,30600,unresolved,observed,nmmt_schedule_5604
5604,23338,062,3194,2717,08:50 AM,31800,unresolved,observed,nmmt_schedule_5604
5604,21656,062,3194,2717,09:00 AM,32400,unresolved,observed,nmmt_schedule_5604
5604,23255,062,3194,2717,09:05 AM,32700,unresolved,observed,nmmt_schedule_5604
5604,23260,062,3194,2717,09:25 AM,33900,unresolved,observed,nmmt_schedule_5604
5604,21660,062,3194,2717,09:30 AM,34200,unresolved,observed,nmmt_schedule_5604
5604,23270,062,3194,2717,09:48 AM,35280,unresolved,observed,nmmt_schedule_5604
5604,21665,062,3194,2717,10:00 AM,36000,unresolved,observed,nmmt_schedule_5604
5604,23285,062,3194,2717,10:10 AM,36600,unresolved,observed,nmmt_schedule_5604
5604,23289,062,3194,2717,10:25 AM,37500,unresolved,observed,nmmt_schedule_5604
5604,21672,062,3194,2717,10:30 AM,37800,unresolved,observed,nmmt_schedule_5604
5604,23295,062,3194,2717,10:48 AM,38880,unresolved,observed,nmmt_schedule_5604
5604,21679,062,3194,2717,11:00 AM,39600,unresolved,observed,nmmt_schedule_5604
5604,23300,062,3194,2717,11:05 AM,39900,unresolved,observed,nmmt_schedule_5604
5604,23315,062,3194,2717,11:25 AM,41100,unresolved,observed,nmmt_schedule_5604
5604,21683,062,3194,2717,11:30 AM,41400,unresolved,observed,nmmt_schedule_5604
5604,21691,062,3194,2717,11:45 AM,42300,unresolved,observed,nmmt_schedule_5604
5604,23325,062,3194,2717,12:05 PM,43500,unresolved,observed,nmmt_schedule_5604
5604,21703,062,3194,2717,12:20 PM,44400,unresolved,observed,nmmt_schedule_5604
5604,21709,062,3194,2717,12:40 PM,45600,unresolved,observed,nmmt_schedule_5604
5604,23545,062,3194,2717,12:50 PM,46200,unresolved,observed,nmmt_schedule_5604
5604,23340,062,3194,2717,01:00 PM,46800,unresolved,observed,nmmt_schedule_5604
5604,23343,062,3194,2717,01:25 PM,48300,unresolved,observed,nmmt_schedule_5604
5604,23263,062,3194,2717,01:45 PM,49500,unresolved,observed,nmmt_schedule_5604
5604,23556,062,3194,2717,01:55 PM,50100,unresolved,observed,nmmt_schedule_5604
5604,23302,062,3194,2717,02:00 PM,50400,unresolved,observed,nmmt_schedule_5604
5604,23273,062,3194,2717,02:25 PM,51900,unresolved,observed,nmmt_schedule_5604
5604,23561,062,3194,2717,02:30 PM,52200,unresolved,observed,nmmt_schedule_5604
5604,23278,062,3194,2717,02:50 PM,53400,unresolved,observed,nmmt_schedule_5604
5604,23567,062,3194,2717,03:00 PM,54000,unresolved,observed,nmmt_schedule_5604
5604,23307,062,3194,2717,03:20 PM,55200,unresolved,observed,nmmt_schedule_5604
5604,23571,062,3194,2717,03:30 PM,55800,unresolved,observed,nmmt_schedule_5604
5604,23220,062,3194,2717,03:35 PM,56100,unresolved,observed,nmmt_schedule_5604
5604,23225,062,3194,2717,03:55 PM,57300,unresolved,observed,nmmt_schedule_5604
5604,23576,062,3194,2717,04:00 PM,57600,unresolved,observed,nmmt_schedule_5604
5604,23230,062,3194,2717,04:20 PM,58800,unresolved,observed,nmmt_schedule_5604
5604,23581,062,3194,2717,04:30 PM,59400,unresolved,observed,nmmt_schedule_5604
5604,23236,062,3194,2717,04:35 PM,59700,unresolved,observed,nmmt_schedule_5604
5604,23243,062,3194,2717,04:55 PM,60900,unresolved,observed,nmmt_schedule_5604
5604,23586,062,3194,2717,05:00 PM,61200,unresolved,observed,nmmt_schedule_5604
5604,23248,062,3194,2717,05:15 PM,62100,unresolved,observed,nmmt_schedule_5604
5604,23345,062,3194,2717,05:30 PM,63000,unresolved,observed,nmmt_schedule_5604
5604,23265,062,3194,2717,05:45 PM,63900,unresolved,observed,nmmt_schedule_5604
5604,23304,062,3194,2717,06:00 PM,64800,unresolved,observed,nmmt_schedule_5604
5604,23275,062,3194,2717,06:20 PM,66000,unresolved,observed,nmmt_schedule_5604
5604,23563,062,3194,2717,06:25 PM,66300,unresolved,observed,nmmt_schedule_5604
5604,23280,062,3194,2717,06:45 PM,67500,unresolved,observed,nmmt_schedule_5604
5604,23569,062,3194,2717,07:00 PM,68400,unresolved,observed,nmmt_schedule_5604
5604,23309,062,3194,2717,07:15 PM,69300,unresolved,observed,nmmt_schedule_5604
5604,23573,062,3194,2717,07:30 PM,70200,unresolved,observed,nmmt_schedule_5604
5604,23222,062,3194,2717,07:35 PM,70500,unresolved,observed,nmmt_schedule_5604
5604,23227,062,3194,2717,07:55 PM,71700,unresolved,observed,nmmt_schedule_5604
5604,23578,062,3194,2717,08:00 PM,72000,unresolved,observed,nmmt_schedule_5604
5604,23232,062,3194,2717,08:20 PM,73200,unresolved,observed,nmmt_schedule_5604
5604,23238,062,3194,2717,08:40 PM,74400,unresolved,observed,nmmt_schedule_5604
5604,23245,062,3194,2717,09:10 PM,76200,unresolved,observed,nmmt_schedule_5604
5604,23588,062,3194,2717,09:15 PM,76500,unresolved,observed,nmmt_schedule_5604
5604,23250,062,3194,2717,09:25 PM,77100,unresolved,observed,nmmt_schedule_5604
5615,13950,055,2908,3434,05:10 AM,18600,unresolved,observed,nmmt_schedule_5615
5615,16835,055,2908,3434,05:32 AM,19920,unresolved,observed,nmmt_schedule_5615
5615,13927,055,2908,3434,05:35 AM,20100,unresolved,observed,nmmt_schedule_5615
5615,21354,055,2908,3434,05:45 AM,20700,unresolved,observed,nmmt_schedule_5615
5615,13951,055,2908,3434,05:55 AM,21300,unresolved,observed,nmmt_schedule_5615
5615,16837,055,2908,3434,05:57 AM,21420,unresolved,observed,nmmt_schedule_5615
5615,13955,055,2908,3434,06:05 AM,21900,unresolved,observed,nmmt_schedule_5615
5615,16841,055,2908,3434,06:06 AM,21960,unresolved,observed,nmmt_schedule_5615
5615,18972,055,2908,3434,06:15 AM,22500,unresolved,observed,nmmt_schedule_5615
5615,16848,055,2908,3434,06:20 AM,22800,unresolved,observed,nmmt_schedule_5615
5615,13959,055,2908,3434,06:25 AM,23100,unresolved,observed,nmmt_schedule_5615
5615,16849,055,2908,3434,06:35 AM,23700,unresolved,observed,nmmt_schedule_5615
5615,13975,055,2908,3434,06:42 AM,24120,unresolved,observed,nmmt_schedule_5615
5615,18976,055,2908,3434,06:45 AM,24300,unresolved,observed,nmmt_schedule_5615
5615,16853,055,2908,3434,06:48 AM,24480,unresolved,observed,nmmt_schedule_5615
5615,13982,055,2908,3434,07:00 AM,25200,unresolved,observed,nmmt_schedule_5615
5615,16857,055,2908,3434,07:07 AM,25620,unresolved,observed,nmmt_schedule_5615
5615,21366,055,2908,3434,07:10 AM,25800,unresolved,observed,nmmt_schedule_5615
5615,16861,055,2908,3434,07:14 AM,26040,unresolved,observed,nmmt_schedule_5615
5615,13945,055,2908,3434,07:17 AM,26220,unresolved,observed,nmmt_schedule_5615
5615,18980,055,2908,3434,07:30 AM,27000,unresolved,observed,nmmt_schedule_5615
5615,13964,055,2908,3434,07:32 AM,27120,unresolved,observed,nmmt_schedule_5615
5615,21370,055,2908,3434,07:35 AM,27300,unresolved,observed,nmmt_schedule_5615
5615,16869,055,2908,3434,07:40 AM,27600,unresolved,observed,nmmt_schedule_5615
5615,13967,055,2908,3434,07:48 AM,28080,unresolved,observed,nmmt_schedule_5615
5615,16875,055,2908,3434,07:55 AM,28500,unresolved,observed,nmmt_schedule_5615
5615,21374,055,2908,3434,08:00 AM,28800,unresolved,observed,nmmt_schedule_5615
5615,13971,055,2908,3434,08:05 AM,29100,unresolved,observed,nmmt_schedule_5615
5615,16877,055,2908,3434,08:08 AM,29280,unresolved,observed,nmmt_schedule_5615
5615,18985,055,2908,3434,08:15 AM,29700,unresolved,observed,nmmt_schedule_5615
5615,16883,055,2908,3434,08:20 AM,30000,unresolved,observed,nmmt_schedule_5615
5615,21378,055,2908,3434,08:25 AM,30300,unresolved,observed,nmmt_schedule_5615
5615,16886,055,2908,3434,08:35 AM,30900,unresolved,observed,nmmt_schedule_5615
5615,13948,055,2908,3434,08:50 AM,31800,unresolved,observed,nmmt_schedule_5615
5615,16830,055,2908,3434,08:55 AM,32100,unresolved,observed,nmmt_schedule_5615
5615,18988,055,2908,3434,09:00 AM,32400,unresolved,observed,nmmt_schedule_5615
5615,13929,055,2908,3434,09:15 AM,33300,unresolved,observed,nmmt_schedule_5615
5615,21357,055,2908,3434,09:20 AM,33600,unresolved,observed,nmmt_schedule_5615
5615,16839,055,2908,3434,09:35 AM,34500,unresolved,observed,nmmt_schedule_5615
5615,13953,055,2908,3434,09:40 AM,34800,unresolved,observed,nmmt_schedule_5615
5615,18974,055,2908,3434,09:45 AM,35100,unresolved,observed,nmmt_schedule_5615
5615,21360,055,2908,3434,09:55 AM,35700,unresolved,observed,nmmt_schedule_5615
5615,13957,055,2908,3434,10:00 AM,36000,unresolved,observed,nmmt_schedule_5615
5615,16846,055,2908,3434,10:08 AM,36480,unresolved,observed,nmmt_schedule_5615
5615,13961,055,2908,3434,10:20 AM,37200,unresolved,observed,nmmt_schedule_5615
5615,16851,055,2908,3434,10:25 AM,37500,unresolved,observed,nmmt_schedule_5615
5615,18978,055,2908,3434,10:30 AM,37800,unresolved,observed,nmmt_schedule_5615
5615,13977,055,2908,3434,10:40 AM,38400,unresolved,observed,nmmt_schedule_5615
5615,16854,055,2908,3434,10:45 AM,38700,unresolved,observed,nmmt_schedule_5615
5615,21368,055,2908,3434,10:55 AM,39300,unresolved,observed,nmmt_schedule_5615
5615,13980,055,2908,3434,11:00 AM,39600,unresolved,observed,nmmt_schedule_5615
5615,16859,055,2908,3434,11:03 AM,39780,unresolved,observed,nmmt_schedule_5615
5615,18982,055,2908,3434,11:20 AM,40800,unresolved,observed,nmmt_schedule_5615
5615,21372,055,2908,3434,11:30 AM,41400,unresolved,observed,nmmt_schedule_5615
5615,16867,055,2908,3434,11:35 AM,41700,unresolved,observed,nmmt_schedule_5615
5615,13963,055,2908,3434,11:40 AM,42000,unresolved,observed,nmmt_schedule_5615
5615,18992,055,2908,3434,11:50 AM,42600,unresolved,observed,nmmt_schedule_5615
5615,21376,055,2908,3434,12:00 PM,43200,unresolved,observed,nmmt_schedule_5615
5615,16873,055,2908,3434,12:05 PM,43500,unresolved,observed,nmmt_schedule_5615
5615,21386,055,2908,3434,12:15 PM,44100,unresolved,observed,nmmt_schedule_5615
5615,18984,055,2908,3434,12:20 PM,44400,unresolved,observed,nmmt_schedule_5615
5615,13974,055,2908,3434,12:25 PM,44700,unresolved,observed,nmmt_schedule_5615
5615,21380,055,2908,3434,12:30 PM,45000,unresolved,observed,nmmt_schedule_5615
5615,16882,055,2908,3434,12:40 PM,45600,unresolved,observed,nmmt_schedule_5615
5615,21390,055,2908,3434,12:45 PM,45900,unresolved,observed,nmmt_schedule_5615
5615,18996,055,2908,3434,12:50 PM,46200,unresolved,observed,nmmt_schedule_5615
5615,13933,055,2908,3434,12:55 PM,46500,unresolved,observed,nmmt_schedule_5615
5615,16885,055,2908,3434,01:00 PM,46800,unresolved,observed,nmmt_schedule_5615
5615,18990,055,2908,3434,01:10 PM,47400,unresolved,observed,nmmt_schedule_5615
5615,13938,055,2908,3434,01:25 PM,48300,unresolved,observed,nmmt_schedule_5615
5615,16891,055,2908,3434,01:30 PM,48600,unresolved,observed,nmmt_schedule_5615
5615,13939,055,2908,3434,01:50 PM,49800,unresolved,observed,nmmt_schedule_5615
5615,19004,055,2908,3434,01:55 PM,50100,unresolved,observed,nmmt_schedule_5615
5615,21398,055,2908,3434,02:00 PM,50400,unresolved,observed,nmmt_schedule_5615
5615,16897,055,2908,3434,02:10 PM,51000,unresolved,observed,nmmt_schedule_5615
5615,13983,055,2908,3434,02:20 PM,51600,unresolved,observed,nmmt_schedule_5615
5615,16904,055,2908,3434,02:30 PM,52200,unresolved,observed,nmmt_schedule_5615
5615,19008,055,2908,3434,02:35 PM,52500,unresolved,observed,nmmt_schedule_5615
5615,13987,055,2908,3434,02:45 PM,53100,unresolved,observed,nmmt_schedule_5615
5615,16905,055,2908,3434,02:50 PM,53400,unresolved,observed,nmmt_schedule_5615
5615,13991,055,2908,3434,03:05 PM,54300,unresolved,observed,nmmt_schedule_5615
5615,19012,055,2908,3434,03:10 PM,54600,unresolved,observed,nmmt_schedule_5615
5615,13995,055,2908,3434,03:25 PM,55500,unresolved,observed,nmmt_schedule_5615
5615,21410,055,2908,3434,03:45 PM,56700,unresolved,observed,nmmt_schedule_5615
5615,16920,055,2908,3434,03:46 PM,56760,unresolved,observed,nmmt_schedule_5615
5615,16922,055,2908,3434,04:00 PM,57600,unresolved,observed,nmmt_schedule_5615
5615,14003,055,2908,3434,04:05 PM,57900,unresolved,observed,nmmt_schedule_5615
5615,18995,055,2908,3434,04:10 PM,58200,unresolved,observed,nmmt_schedule_5615
5615,16925,055,2908,3434,04:15 PM,58500,unresolved,observed,nmmt_schedule_5615
5615,21388,055,2908,3434,04:20 PM,58800,unresolved,observed,nmmt_schedule_5615
5615,14007,055,2908,3434,04:25 PM,59100,unresolved,observed,nmmt_schedule_5615
5615,16929,055,2908,3434,04:30 PM,59400,unresolved,observed,nmmt_schedule_5615
5615,16933,055,2908,3434,04:44 PM,60240,unresolved,observed,nmmt_schedule_5615
5615,14011,055,2908,3434,04:45 PM,60300,unresolved,observed,nmmt_schedule_5615
5615,21392,055,2908,3434,04:55 PM,60900,unresolved,observed,nmmt_schedule_5615
5615,16937,055,2908,3434,05:02 PM,61320,unresolved,observed,nmmt_schedule_5615
5615,18998,055,2908,3434,05:05 PM,61500,unresolved,observed,nmmt_schedule_5615
5615,16941,055,2908,3434,05:15 PM,62100,unresolved,observed,nmmt_schedule_5615
5615,14019,055,2908,3434,05:25 PM,62700,unresolved,observed,nmmt_schedule_5615
5615,21396,055,2908,3434,05:30 PM,63000,unresolved,observed,nmmt_schedule_5615
5615,19002,055,2908,3434,05:35 PM,63300,unresolved,observed,nmmt_schedule_5615
5615,13936,055,2908,3434,05:45 PM,63900,unresolved,observed,nmmt_schedule_5615
5615,16893,055,2908,3434,06:00 PM,64800,unresolved,observed,nmmt_schedule_5615
5615,19006,055,2908,3434,06:05 PM,65100,unresolved,observed,nmmt_schedule_5615
5615,13941,055,2908,3434,06:10 PM,65400,unresolved,observed,nmmt_schedule_5615
5615,16899,055,2908,3434,06:20 PM,66000,unresolved,observed,nmmt_schedule_5615
5615,13985,055,2908,3434,06:30 PM,66600,unresolved,observed,nmmt_schedule_5615
5615,21404,055,2908,3434,06:35 PM,66900,unresolved,observed,nmmt_schedule_5615
5615,19010,055,2908,3434,06:40 PM,67200,unresolved,observed,nmmt_schedule_5615
5615,16902,055,2908,3434,06:42 PM,67320,unresolved,observed,nmmt_schedule_5615
5615,13989,055,2908,3434,06:55 PM,68100,unresolved,observed,nmmt_schedule_5615
5615,16908,055,2908,3434,07:00 PM,68400,unresolved,observed,nmmt_schedule_5615
5615,19014,055,2908,3434,07:10 PM,69000,unresolved,observed,nmmt_schedule_5615
5615,16912,055,2908,3434,07:15 PM,69300,unresolved,observed,nmmt_schedule_5615
5615,13993,055,2908,3434,07:18 PM,69480,unresolved,observed,nmmt_schedule_5615
5615,16915,055,2908,3434,07:35 PM,70500,unresolved,observed,nmmt_schedule_5615
5615,13997,055,2908,3434,07:40 PM,70800,unresolved,observed,nmmt_schedule_5615
5615,16918,055,2908,3434,07:55 PM,71700,unresolved,observed,nmmt_schedule_5615
5615,14001,055,2908,3434,08:00 PM,72000,unresolved,observed,nmmt_schedule_5615
5615,16924,055,2908,3434,08:15 PM,72900,unresolved,observed,nmmt_schedule_5615
5615,14005,055,2908,3434,08:20 PM,73200,unresolved,observed,nmmt_schedule_5615
5615,16927,055,2908,3434,08:30 PM,73800,unresolved,observed,nmmt_schedule_5615
5615,14009,055,2908,3434,08:40 PM,74400,unresolved,observed,nmmt_schedule_5615
5615,16931,055,2908,3434,08:45 PM,74700,unresolved,observed,nmmt_schedule_5615
5615,14013,055,2908,3434,09:00 PM,75600,unresolved,observed,nmmt_schedule_5615
5615,16939,055,2908,3434,09:15 PM,76500,unresolved,observed,nmmt_schedule_5615
5615,14017,055,2908,3434,09:25 PM,77100,unresolved,observed,nmmt_schedule_5615
5615,16943,055,2908,3434,09:30 PM,77400,unresolved,observed,nmmt_schedule_5615
5615,14021,055,2908,3434,09:50 PM,78600,unresolved,observed,nmmt_schedule_5615
5616,13947,055,3434,2908,06:35 AM,23700,unresolved,observed,nmmt_schedule_5616
5616,13928,055,3434,2908,07:00 AM,25200,unresolved,observed,nmmt_schedule_5616
5616,21355,055,3434,2908,07:05 AM,25500,unresolved,observed,nmmt_schedule_5616
5616,13952,055,3434,2908,07:22 AM,26520,unresolved,observed,nmmt_schedule_5616
5616,16838,055,3434,2908,07:25 AM,26700,unresolved,observed,nmmt_schedule_5616
5616,18973,055,3434,2908,07:40 AM,27600,unresolved,observed,nmmt_schedule_5616
5616,21359,055,3434,2908,07:45 AM,27900,unresolved,observed,nmmt_schedule_5616
5616,16845,055,3434,2908,07:55 AM,28500,unresolved,observed,nmmt_schedule_5616
5616,13960,055,3434,2908,08:00 AM,28800,unresolved,observed,nmmt_schedule_5616
5616,16850,055,3434,2908,08:10 AM,29400,unresolved,observed,nmmt_schedule_5616
5616,13976,055,3434,2908,08:17 AM,29820,unresolved,observed,nmmt_schedule_5616
5616,18977,055,3434,2908,08:20 AM,30000,unresolved,observed,nmmt_schedule_5616
5616,16856,055,3434,2908,08:27 AM,30420,unresolved,observed,nmmt_schedule_5616
5616,13979,055,3434,2908,08:35 AM,30900,unresolved,observed,nmmt_schedule_5616
5616,21367,055,3434,2908,08:45 AM,31500,unresolved,observed,nmmt_schedule_5616
5616,13946,055,3434,2908,08:55 AM,32100,unresolved,observed,nmmt_schedule_5616
5616,18981,055,3434,2908,09:07 AM,32820,unresolved,observed,nmmt_schedule_5616
5616,21371,055,3434,2908,09:10 AM,33000,unresolved,observed,nmmt_schedule_5616
5616,13965,055,3434,2908,09:15 AM,33300,unresolved,observed,nmmt_schedule_5616
5616,16871,055,3434,2908,09:25 AM,33900,unresolved,observed,nmmt_schedule_5616
5616,21375,055,3434,2908,09:35 AM,34500,unresolved,observed,nmmt_schedule_5616
5616,16876,055,3434,2908,09:42 AM,34920,unresolved,observed,nmmt_schedule_5616
5616,18986,055,3434,2908,09:53 AM,35580,unresolved,observed,nmmt_schedule_5616
5616,13972,055,3434,2908,09:55 AM,35700,unresolved,observed,nmmt_schedule_5616
5616,16884,055,3434,2908,10:00 AM,36000,unresolved,observed,nmmt_schedule_5616
5616,21379,055,3434,2908,10:03 AM,36180,unresolved,observed,nmmt_schedule_5616
5616,13932,055,3434,2908,10:15 AM,36900,unresolved,observed,nmmt_schedule_5616
5616,16887,055,3434,2908,10:25 AM,37500,unresolved,observed,nmmt_schedule_5616
5616,21383,055,3434,2908,10:38 AM,38280,unresolved,observed,nmmt_schedule_5616
5616,13949,055,3434,2908,10:40 AM,38400,unresolved,observed,nmmt_schedule_5616
5616,18989,055,3434,2908,10:43 AM,38580,unresolved,observed,nmmt_schedule_5616
5616,16831,055,3434,2908,10:45 AM,38700,unresolved,observed,nmmt_schedule_5616
5616,21356,055,3434,2908,11:00 AM,39600,unresolved,observed,nmmt_schedule_5616
5616,13930,055,3434,2908,11:05 AM,39900,unresolved,observed,nmmt_schedule_5616
5616,16840,055,3434,2908,11:25 AM,41100,unresolved,observed,nmmt_schedule_5616
5616,13954,055,3434,2908,11:30 AM,41400,unresolved,observed,nmmt_schedule_5616
5616,21361,055,3434,2908,11:40 AM,42000,unresolved,observed,nmmt_schedule_5616
5616,16844,055,3434,2908,11:45 AM,42300,unresolved,observed,nmmt_schedule_5616
5616,13958,055,3434,2908,11:50 AM,42600,unresolved,observed,nmmt_schedule_5616
5616,16847,055,3434,2908,12:00 PM,43200,unresolved,observed,nmmt_schedule_5616
5616,18979,055,3434,2908,12:15 PM,44100,unresolved,observed,nmmt_schedule_5616
5616,16852,055,3434,2908,12:20 PM,44400,unresolved,observed,nmmt_schedule_5616
5616,13978,055,3434,2908,12:35 PM,45300,unresolved,observed,nmmt_schedule_5616
5616,16855,055,3434,2908,12:40 PM,45600,unresolved,observed,nmmt_schedule_5616
5616,21369,055,3434,2908,12:45 PM,45900,unresolved,observed,nmmt_schedule_5616
5616,13981,055,3434,2908,12:55 PM,46500,unresolved,observed,nmmt_schedule_5616
5616,16860,055,3434,2908,01:00 PM,46800,unresolved,observed,nmmt_schedule_5616
5616,18983,055,3434,2908,01:05 PM,47100,unresolved,observed,nmmt_schedule_5616
5616,13944,055,3434,2908,01:15 PM,47700,unresolved,observed,nmmt_schedule_5616
5616,21373,055,3434,2908,01:20 PM,48000,unresolved,observed,nmmt_schedule_5616
5616,16868,055,3434,2908,01:30 PM,48600,unresolved,observed,nmmt_schedule_5616
5616,18993,055,3434,2908,01:35 PM,48900,unresolved,observed,nmmt_schedule_5616
5616,16872,055,3434,2908,01:45 PM,49500,unresolved,observed,nmmt_schedule_5616
5616,21377,055,3434,2908,01:50 PM,49800,unresolved,observed,nmmt_schedule_5616
5616,13970,055,3434,2908,01:55 PM,50100,unresolved,observed,nmmt_schedule_5616
5616,16874,055,3434,2908,02:00 PM,50400,unresolved,observed,nmmt_schedule_5616
5616,21387,055,3434,2908,02:02 PM,50520,unresolved,observed,nmmt_schedule_5616
5616,18987,055,3434,2908,02:05 PM,50700,unresolved,observed,nmmt_schedule_5616
5616,16880,055,3434,2908,02:15 PM,51300,unresolved,observed,nmmt_schedule_5616
5616,13973,055,3434,2908,02:20 PM,51600,unresolved,observed,nmmt_schedule_5616
5616,16881,055,3434,2908,02:30 PM,52200,unresolved,observed,nmmt_schedule_5616
5616,21391,055,3434,2908,02:35 PM,52500,unresolved,observed,nmmt_schedule_5616
5616,16888,055,3434,2908,02:48 PM,53280,unresolved,observed,nmmt_schedule_5616
5616,13931,055,3434,2908,02:50 PM,53400,unresolved,observed,nmmt_schedule_5616
5616,18991,055,3434,2908,02:55 PM,53700,unresolved,observed,nmmt_schedule_5616
5616,16892,055,3434,2908,03:00 PM,54000,unresolved,observed,nmmt_schedule_5616
5616,13935,055,3434,2908,03:10 PM,54600,unresolved,observed,nmmt_schedule_5616
5616,19001,055,3434,2908,03:15 PM,54900,unresolved,observed,nmmt_schedule_5616
5616,13940,055,3434,2908,03:35 PM,56100,unresolved,observed,nmmt_schedule_5616
5616,19005,055,3434,2908,03:40 PM,56400,unresolved,observed,nmmt_schedule_5616
5616,21399,055,3434,2908,03:45 PM,56700,unresolved,observed,nmmt_schedule_5616
5616,16898,055,3434,2908,03:55 PM,57300,unresolved,observed,nmmt_schedule_5616
5616,13984,055,3434,2908,04:05 PM,57900,unresolved,observed,nmmt_schedule_5616
5616,16901,055,3434,2908,04:15 PM,58500,unresolved,observed,nmmt_schedule_5616
5616,19009,055,3434,2908,04:20 PM,58800,unresolved,observed,nmmt_schedule_5616
5616,13988,055,3434,2908,04:30 PM,59400,unresolved,observed,nmmt_schedule_5616
5616,16906,055,3434,2908,04:35 PM,59700,unresolved,observed,nmmt_schedule_5616
5616,13992,055,3434,2908,04:52 PM,60720,unresolved,observed,nmmt_schedule_5616
5616,19013,055,3434,2908,04:55 PM,60900,unresolved,observed,nmmt_schedule_5616
5616,13996,055,3434,2908,05:15 PM,62100,unresolved,observed,nmmt_schedule_5616
5616,21411,055,3434,2908,05:28 PM,62880,unresolved,observed,nmmt_schedule_5616
5616,14000,055,3434,2908,05:35 PM,63300,unresolved,observed,nmmt_schedule_5616
5616,16923,055,3434,2908,05:50 PM,64200,unresolved,observed,nmmt_schedule_5616
5616,14004,055,3434,2908,05:55 PM,64500,unresolved,observed,nmmt_schedule_5616
5616,21389,055,3434,2908,06:05 PM,65100,unresolved,observed,nmmt_schedule_5616
5616,14008,055,3434,2908,06:15 PM,65700,unresolved,observed,nmmt_schedule_5616
5616,16930,055,3434,2908,06:20 PM,66000,unresolved,observed,nmmt_schedule_5616
5616,14012,055,3434,2908,06:35 PM,66900,unresolved,observed,nmmt_schedule_5616
5616,21393,055,3434,2908,06:40 PM,67200,unresolved,observed,nmmt_schedule_5616
5616,18999,055,3434,2908,06:50 PM,67800,unresolved,observed,nmmt_schedule_5616
5616,14016,055,3434,2908,06:55 PM,68100,unresolved,observed,nmmt_schedule_5616
5616,16942,055,3434,2908,07:05 PM,68700,unresolved,observed,nmmt_schedule_5616
5616,14020,055,3434,2908,07:15 PM,69300,unresolved,observed,nmmt_schedule_5616
5616,19003,055,3434,2908,07:20 PM,69600,unresolved,observed,nmmt_schedule_5616
5616,13937,055,3434,2908,07:35 PM,70500,unresolved,observed,nmmt_schedule_5616
5616,19007,055,3434,2908,07:50 PM,71400,unresolved,observed,nmmt_schedule_5616
5616,13942,055,3434,2908,08:00 PM,72000,unresolved,observed,nmmt_schedule_5616
5616,16900,055,3434,2908,08:10 PM,72600,unresolved,observed,nmmt_schedule_5616
5616,21405,055,3434,2908,08:20 PM,73200,unresolved,observed,nmmt_schedule_5616
5616,19011,055,3434,2908,08:25 PM,73500,unresolved,observed,nmmt_schedule_5616
5616,16903,055,3434,2908,08:30 PM,73800,unresolved,observed,nmmt_schedule_5616
5616,13990,055,3434,2908,08:45 PM,74700,unresolved,observed,nmmt_schedule_5616
5616,16907,055,3434,2908,08:50 PM,75000,unresolved,observed,nmmt_schedule_5616
5616,19015,055,3434,2908,08:55 PM,75300,unresolved,observed,nmmt_schedule_5616
5616,16909,055,3434,2908,09:05 PM,75900,unresolved,observed,nmmt_schedule_5616
5616,13994,055,3434,2908,09:08 PM,76080,unresolved,observed,nmmt_schedule_5616
5616,16916,055,3434,2908,09:25 PM,77100,unresolved,observed,nmmt_schedule_5616
5616,13998,055,3434,2908,09:30 PM,77400,unresolved,observed,nmmt_schedule_5616
5616,16919,055,3434,2908,09:45 PM,78300,unresolved,observed,nmmt_schedule_5616
5616,14002,055,3434,2908,09:50 PM,78600,unresolved,observed,nmmt_schedule_5616
5616,16921,055,3434,2908,10:05 PM,79500,unresolved,observed,nmmt_schedule_5616
5616,14006,055,3434,2908,10:10 PM,79800,unresolved,observed,nmmt_schedule_5616
5616,16928,055,3434,2908,10:20 PM,80400,unresolved,observed,nmmt_schedule_5616
5616,14010,055,3434,2908,10:30 PM,81000,unresolved,observed,nmmt_schedule_5616
5616,16932,055,3434,2908,10:35 PM,81300,unresolved,observed,nmmt_schedule_5616
5616,14014,055,3434,2908,10:50 PM,82200,unresolved,observed,nmmt_schedule_5616
5616,16940,055,3434,2908,11:05 PM,83100,unresolved,observed,nmmt_schedule_5616
5616,14018,055,3434,2908,11:15 PM,83700,unresolved,observed,nmmt_schedule_5616
5616,16944,055,3434,2908,11:20 PM,84000,unresolved,observed,nmmt_schedule_5616
5616,14022,055,3434,2908,11:40 PM,85200,unresolved,observed,nmmt_schedule_5616
5651,15917,108 AC,2895,2777,07:45 AM,27900,unresolved,observed,nmmt_schedule_5651
5651,15921,108 AC,2895,2777,08:15 AM,29700,unresolved,observed,nmmt_schedule_5651
5651,15925,108 AC,2895,2777,08:35 AM,30900,unresolved,observed,nmmt_schedule_5651
5657,25896,056,3477,3449,10:56 AM,39360,unresolved,observed,nmmt_schedule_5657
5657,25898,056,3477,3449,11:52 AM,42720,unresolved,observed,nmmt_schedule_5657
5657,25900,056,3477,3449,02:58 PM,53880,unresolved,observed,nmmt_schedule_5657
5657,25902,056,3477,3449,04:00 PM,57600,unresolved,observed,nmmt_schedule_5657
5658,25895,056,3449,3477,10:28 AM,37680,unresolved,observed,nmmt_schedule_5658
5658,25897,056,3449,3477,11:24 AM,41040,unresolved,observed,nmmt_schedule_5658
5658,25899,056,3449,3477,02:30 PM,52200,unresolved,observed,nmmt_schedule_5658
5658,25901,056,3449,3477,03:30 PM,55800,unresolved,observed,nmmt_schedule_5658
5684,14180,075,3391,2776,06:45 AM,24300,unresolved,observed,nmmt_schedule_5684
5684,14198,075,3391,2776,07:08 AM,25680,unresolved,observed,nmmt_schedule_5684
5684,14182,075,3391,2776,07:33 AM,27180,unresolved,observed,nmmt_schedule_5684
5684,14199,075,3391,2776,07:56 AM,28560,unresolved,observed,nmmt_schedule_5684
5684,14184,075,3391,2776,08:19 AM,29940,unresolved,observed,nmmt_schedule_5684
5684,14201,075,3391,2776,08:42 AM,31320,unresolved,observed,nmmt_schedule_5684
5684,14190,075,3391,2776,09:05 AM,32700,unresolved,observed,nmmt_schedule_5684
5684,14204,075,3391,2776,09:28 AM,34080,unresolved,observed,nmmt_schedule_5684
5684,14187,075,3391,2776,09:51 AM,35460,unresolved,observed,nmmt_schedule_5684
5684,14211,075,3391,2776,10:00 AM,36000,unresolved,observed,nmmt_schedule_5684
5684,14206,075,3391,2776,10:14 AM,36840,unresolved,observed,nmmt_schedule_5684
5684,14163,075,3391,2776,10:37 AM,38220,unresolved,observed,nmmt_schedule_5684
5684,16562,075,3391,2776,11:00 AM,39600,unresolved,observed,nmmt_schedule_5684
5684,14165,075,3391,2776,11:23 AM,40980,unresolved,observed,nmmt_schedule_5684
5684,14189,075,3391,2776,11:46 AM,42360,unresolved,observed,nmmt_schedule_5684
5684,14167,075,3391,2776,12:09 PM,43740,unresolved,observed,nmmt_schedule_5684
5684,14188,075,3391,2776,12:32 PM,45120,unresolved,observed,nmmt_schedule_5684
5684,14208,075,3391,2776,12:55 PM,46500,unresolved,observed,nmmt_schedule_5684
5684,14194,075,3391,2776,01:18 PM,47880,unresolved,observed,nmmt_schedule_5684
5684,14202,075,3391,2776,01:41 PM,49260,unresolved,observed,nmmt_schedule_5684
5684,14196,075,3391,2776,02:04 PM,50640,unresolved,observed,nmmt_schedule_5684
5684,16569,075,3391,2776,02:24 PM,51840,unresolved,observed,nmmt_schedule_5684
5684,14214,075,3391,2776,02:27 PM,52020,unresolved,observed,nmmt_schedule_5684
5684,14178,075,3391,2776,02:50 PM,53400,unresolved,observed,nmmt_schedule_5684
5684,14218,075,3391,2776,03:13 PM,54780,unresolved,observed,nmmt_schedule_5684
5684,14170,075,3391,2776,03:36 PM,56160,unresolved,observed,nmmt_schedule_5684
5684,14217,075,3391,2776,03:59 PM,57540,unresolved,observed,nmmt_schedule_5684
5684,14172,075,3391,2776,04:22 PM,58920,unresolved,observed,nmmt_schedule_5684
5684,14219,075,3391,2776,04:45 PM,60300,unresolved,observed,nmmt_schedule_5684
5684,14174,075,3391,2776,05:08 PM,61680,unresolved,observed,nmmt_schedule_5684
5684,14234,075,3391,2776,05:31 PM,63060,unresolved,observed,nmmt_schedule_5684
5684,14177,075,3391,2776,05:54 PM,64440,unresolved,observed,nmmt_schedule_5684
5684,14235,075,3391,2776,06:17 PM,65820,unresolved,observed,nmmt_schedule_5684
5684,14221,075,3391,2776,06:40 PM,67200,unresolved,observed,nmmt_schedule_5684
5684,14233,075,3391,2776,07:03 PM,68580,unresolved,observed,nmmt_schedule_5684
5684,14452,075,3391,2776,07:22 PM,69720,unresolved,observed,nmmt_schedule_5684
5684,14223,075,3391,2776,07:26 PM,69960,unresolved,observed,nmmt_schedule_5684
5684,14453,075,3391,2776,07:30 PM,70200,unresolved,observed,nmmt_schedule_5684
5684,14238,075,3391,2776,07:49 PM,71340,unresolved,observed,nmmt_schedule_5684
5684,14229,075,3391,2776,08:12 PM,72720,unresolved,observed,nmmt_schedule_5684
5684,14240,075,3391,2776,08:35 PM,74100,unresolved,observed,nmmt_schedule_5684
5684,14231,075,3391,2776,08:58 PM,75480,unresolved,observed,nmmt_schedule_5684
5684,14246,075,3391,2776,09:21 PM,76860,unresolved,observed,nmmt_schedule_5684
5684,14225,075,3391,2776,09:44 PM,78240,unresolved,observed,nmmt_schedule_5684
5684,14243,075,3391,2776,10:10 PM,79800,unresolved,observed,nmmt_schedule_5684
5685,14181,075,2776,3391,07:10 AM,25800,unresolved,observed,nmmt_schedule_5685
5685,14212,075,2776,3391,07:33 AM,27180,unresolved,observed,nmmt_schedule_5685
5685,14183,075,2776,3391,07:56 AM,28560,unresolved,observed,nmmt_schedule_5685
5685,14200,075,2776,3391,08:19 AM,29940,unresolved,observed,nmmt_schedule_5685
5685,14185,075,2776,3391,08:42 AM,31320,unresolved,observed,nmmt_schedule_5685
5685,14203,075,2776,3391,09:05 AM,32700,unresolved,observed,nmmt_schedule_5685
5685,14186,075,2776,3391,09:28 AM,34080,unresolved,observed,nmmt_schedule_5685
5685,14205,075,2776,3391,09:51 AM,35460,unresolved,observed,nmmt_schedule_5685
5685,14432,075,2776,3391,10:14 AM,36840,unresolved,observed,nmmt_schedule_5685
5685,14169,075,2776,3391,10:15 AM,36900,unresolved,observed,nmmt_schedule_5685
5685,14207,075,2776,3391,10:37 AM,38220,unresolved,observed,nmmt_schedule_5685
5685,14164,075,2776,3391,11:00 AM,39600,unresolved,observed,nmmt_schedule_5685
5685,14191,075,2776,3391,11:23 AM,40980,unresolved,observed,nmmt_schedule_5685
5685,14166,075,2776,3391,11:46 AM,42360,unresolved,observed,nmmt_schedule_5685
5685,14192,075,2776,3391,12:09 PM,43740,unresolved,observed,nmmt_schedule_5685
5685,14210,075,2776,3391,12:32 PM,45120,unresolved,observed,nmmt_schedule_5685
5685,14193,075,2776,3391,12:55 PM,46500,unresolved,observed,nmmt_schedule_5685
5685,14209,075,2776,3391,01:18 PM,47880,unresolved,observed,nmmt_schedule_5685
5685,14195,075,2776,3391,01:41 PM,49260,unresolved,observed,nmmt_schedule_5685
5685,14213,075,2776,3391,02:04 PM,50640,unresolved,observed,nmmt_schedule_5685
5685,14168,075,2776,3391,02:27 PM,52020,unresolved,observed,nmmt_schedule_5685
5685,14216,075,2776,3391,02:50 PM,53400,unresolved,observed,nmmt_schedule_5685
5685,14175,075,2776,3391,03:13 PM,54780,unresolved,observed,nmmt_schedule_5685
5685,14215,075,2776,3391,03:36 PM,56160,unresolved,observed,nmmt_schedule_5685
5685,14171,075,2776,3391,03:59 PM,57540,unresolved,observed,nmmt_schedule_5685
5685,14224,075,2776,3391,04:22 PM,58920,unresolved,observed,nmmt_schedule_5685
5685,14173,075,2776,3391,04:45 PM,60300,unresolved,observed,nmmt_schedule_5685
5685,14244,075,2776,3391,05:08 PM,61680,unresolved,observed,nmmt_schedule_5685
5685,14176,075,2776,3391,05:31 PM,63060,unresolved,observed,nmmt_schedule_5685
5685,14245,075,2776,3391,05:54 PM,64440,unresolved,observed,nmmt_schedule_5685
5685,14220,075,2776,3391,06:17 PM,65820,unresolved,observed,nmmt_schedule_5685
5685,14236,075,2776,3391,06:40 PM,67200,unresolved,observed,nmmt_schedule_5685
5685,14222,075,2776,3391,07:03 PM,68580,unresolved,observed,nmmt_schedule_5685
5685,14451,075,2776,3391,07:05 PM,68700,unresolved,observed,nmmt_schedule_5685
5685,14237,075,2776,3391,07:26 PM,69960,unresolved,observed,nmmt_schedule_5685
5685,14228,075,2776,3391,07:49 PM,71340,unresolved,observed,nmmt_schedule_5685
5685,14239,075,2776,3391,08:12 PM,72720,unresolved,observed,nmmt_schedule_5685
5685,14230,075,2776,3391,08:35 PM,74100,unresolved,observed,nmmt_schedule_5685
5685,14241,075,2776,3391,08:58 PM,75480,unresolved,observed,nmmt_schedule_5685
5685,14232,075,2776,3391,09:21 PM,76860,unresolved,observed,nmmt_schedule_5685
5685,14242,075,2776,3391,09:44 PM,78240,unresolved,observed,nmmt_schedule_5685
5685,14226,075,2776,3391,10:10 PM,79800,unresolved,observed,nmmt_schedule_5685
5692,13786,076,2776,3405,06:00 AM,21600,unresolved,observed,nmmt_schedule_5692
5692,13801,076,2776,3405,06:20 AM,22800,unresolved,observed,nmmt_schedule_5692
5692,12684,076,2776,3405,06:35 AM,23700,unresolved,observed,nmmt_schedule_5692
5692,13772,076,2776,3405,06:39 AM,23940,unresolved,observed,nmmt_schedule_5692
5692,13812,076,2776,3405,06:52 AM,24720,unresolved,observed,nmmt_schedule_5692
5692,12706,076,2776,3405,06:55 AM,24900,unresolved,observed,nmmt_schedule_5692
5692,13803,076,2776,3405,07:05 AM,25500,unresolved,observed,nmmt_schedule_5692
5692,12686,076,2776,3405,07:15 AM,26100,unresolved,observed,nmmt_schedule_5692
5692,13788,076,2776,3405,07:19 AM,26340,unresolved,observed,nmmt_schedule_5692
5692,13814,076,2776,3405,07:32 AM,27120,unresolved,observed,nmmt_schedule_5692
5692,12708,076,2776,3405,07:35 AM,27300,unresolved,observed,nmmt_schedule_5692
5692,13805,076,2776,3405,07:45 AM,27900,unresolved,observed,nmmt_schedule_5692
5692,12688,076,2776,3405,07:55 AM,28500,unresolved,observed,nmmt_schedule_5692
5692,13773,076,2776,3405,08:00 AM,28800,unresolved,observed,nmmt_schedule_5692
5692,13816,076,2776,3405,08:14 AM,29640,unresolved,observed,nmmt_schedule_5692
5692,12710,076,2776,3405,08:15 AM,29700,unresolved,observed,nmmt_schedule_5692
5692,13807,076,2776,3405,08:28 AM,30480,unresolved,observed,nmmt_schedule_5692
5692,12690,076,2776,3405,08:37 AM,31020,unresolved,observed,nmmt_schedule_5692
5692,13775,076,2776,3405,08:43 AM,31380,unresolved,observed,nmmt_schedule_5692
5692,12712,076,2776,3405,08:49 AM,31740,unresolved,observed,nmmt_schedule_5692
5692,13818,076,2776,3405,08:58 AM,32280,unresolved,observed,nmmt_schedule_5692
5692,12692,076,2776,3405,09:11 AM,33060,unresolved,observed,nmmt_schedule_5692
5692,13862,076,2776,3405,09:12 AM,33120,unresolved,observed,nmmt_schedule_5692
5692,13777,076,2776,3405,09:27 AM,34020,unresolved,observed,nmmt_schedule_5692
5692,12714,076,2776,3405,09:33 AM,34380,unresolved,observed,nmmt_schedule_5692
5692,13810,076,2776,3405,09:42 AM,34920,unresolved,observed,nmmt_schedule_5692
5692,12694,076,2776,3405,09:55 AM,35700,unresolved,observed,nmmt_schedule_5692
5692,13864,076,2776,3405,09:56 AM,35760,unresolved,observed,nmmt_schedule_5692
5692,13790,076,2776,3405,10:11 AM,36660,unresolved,observed,nmmt_schedule_5692
5692,13819,076,2776,3405,10:26 AM,37560,unresolved,observed,nmmt_schedule_5692
5692,25856,076,2776,3405,10:27 AM,37620,unresolved,observed,nmmt_schedule_5692
5692,13866,076,2776,3405,10:40 AM,38400,unresolved,observed,nmmt_schedule_5692
5692,13792,076,2776,3405,10:55 AM,39300,unresolved,observed,nmmt_schedule_5692
5692,13779,076,2776,3405,11:10 AM,40200,unresolved,observed,nmmt_schedule_5692
5692,12696,076,2776,3405,11:15 AM,40500,unresolved,observed,nmmt_schedule_5692
5692,25858,076,2776,3405,11:20 AM,40800,unresolved,observed,nmmt_schedule_5692
5692,13868,076,2776,3405,11:24 AM,41040,unresolved,observed,nmmt_schedule_5692
5692,12718,076,2776,3405,11:37 AM,41820,unresolved,observed,nmmt_schedule_5692
5692,13794,076,2776,3405,11:39 AM,41940,unresolved,observed,nmmt_schedule_5692
5692,13781,076,2776,3405,11:54 AM,42840,unresolved,observed,nmmt_schedule_5692
5692,12698,076,2776,3405,11:59 AM,43140,unresolved,observed,nmmt_schedule_5692
5692,13870,076,2776,3405,12:08 PM,43680,unresolved,observed,nmmt_schedule_5692
5692,12720,076,2776,3405,12:21 PM,44460,unresolved,observed,nmmt_schedule_5692
5692,13796,076,2776,3405,12:23 PM,44580,unresolved,observed,nmmt_schedule_5692
5692,13783,076,2776,3405,12:38 PM,45480,unresolved,observed,nmmt_schedule_5692
5692,12700,076,2776,3405,12:43 PM,45780,unresolved,observed,nmmt_schedule_5692
5692,13880,076,2776,3405,12:52 PM,46320,unresolved,observed,nmmt_schedule_5692
5692,12722,076,2776,3405,01:05 PM,47100,unresolved,observed,nmmt_schedule_5692
5692,13799,076,2776,3405,01:07 PM,47220,unresolved,observed,nmmt_schedule_5692
5692,13821,076,2776,3405,01:22 PM,48120,unresolved,observed,nmmt_schedule_5692
5692,12702,076,2776,3405,01:27 PM,48420,unresolved,observed,nmmt_schedule_5692
5692,13875,076,2776,3405,01:36 PM,48960,unresolved,observed,nmmt_schedule_5692
5692,25860,076,2776,3405,01:45 PM,49500,unresolved,observed,nmmt_schedule_5692
5692,12724,076,2776,3405,01:49 PM,49740,unresolved,observed,nmmt_schedule_5692
5692,13860,076,2776,3405,01:51 PM,49860,unresolved,observed,nmmt_schedule_5692
5692,13823,076,2776,3405,02:06 PM,50760,unresolved,observed,nmmt_schedule_5692
5692,25883,076,2776,3405,02:15 PM,51300,unresolved,observed,nmmt_schedule_5692
5692,13882,076,2776,3405,02:20 PM,51600,unresolved,observed,nmmt_schedule_5692
5692,13872,076,2776,3405,02:35 PM,52500,unresolved,observed,nmmt_schedule_5692
5692,25862,076,2776,3405,02:38 PM,52680,unresolved,observed,nmmt_schedule_5692
5692,12728,076,2776,3405,02:40 PM,52800,unresolved,observed,nmmt_schedule_5692
5692,13894,076,2776,3405,02:50 PM,53400,unresolved,observed,nmmt_schedule_5692
5692,12745,076,2776,3405,03:02 PM,54120,unresolved,observed,nmmt_schedule_5692
5692,13883,076,2776,3405,03:04 PM,54240,unresolved,observed,nmmt_schedule_5692
5692,13841,076,2776,3405,03:19 PM,55140,unresolved,observed,nmmt_schedule_5692
5692,12730,076,2776,3405,03:24 PM,55440,unresolved,observed,nmmt_schedule_5692
5692,13896,076,2776,3405,03:34 PM,56040,unresolved,observed,nmmt_schedule_5692
5692,12747,076,2776,3405,03:46 PM,56760,unresolved,observed,nmmt_schedule_5692
5692,13884,076,2776,3405,03:48 PM,56880,unresolved,observed,nmmt_schedule_5692
5692,13852,076,2776,3405,04:03 PM,57780,unresolved,observed,nmmt_schedule_5692
5692,12732,076,2776,3405,04:08 PM,58080,unresolved,observed,nmmt_schedule_5692
5692,13898,076,2776,3405,04:18 PM,58680,unresolved,observed,nmmt_schedule_5692
5692,12749,076,2776,3405,04:30 PM,59400,unresolved,observed,nmmt_schedule_5692
5692,13886,076,2776,3405,04:32 PM,59520,unresolved,observed,nmmt_schedule_5692
5692,13854,076,2776,3405,04:47 PM,60420,unresolved,observed,nmmt_schedule_5692
5692,12734,076,2776,3405,04:52 PM,60720,unresolved,observed,nmmt_schedule_5692
5692,13900,076,2776,3405,05:02 PM,61320,unresolved,observed,nmmt_schedule_5692
5692,12751,076,2776,3405,05:14 PM,62040,unresolved,observed,nmmt_schedule_5692
5692,13832,076,2776,3405,05:16 PM,62160,unresolved,observed,nmmt_schedule_5692
5692,13856,076,2776,3405,05:31 PM,63060,unresolved,observed,nmmt_schedule_5692
5692,12736,076,2776,3405,05:36 PM,63360,unresolved,observed,nmmt_schedule_5692
5692,13902,076,2776,3405,05:46 PM,63960,unresolved,observed,nmmt_schedule_5692
5692,12753,076,2776,3405,05:58 PM,64680,unresolved,observed,nmmt_schedule_5692
5692,13826,076,2776,3405,06:00 PM,64800,unresolved,observed,nmmt_schedule_5692
5692,13842,076,2776,3405,06:15 PM,65700,unresolved,observed,nmmt_schedule_5692
5692,12740,076,2776,3405,06:20 PM,66000,unresolved,observed,nmmt_schedule_5692
5692,13887,076,2776,3405,06:30 PM,66600,unresolved,observed,nmmt_schedule_5692
5692,12755,076,2776,3405,06:42 PM,67320,unresolved,observed,nmmt_schedule_5692
5692,13828,076,2776,3405,06:44 PM,67440,unresolved,observed,nmmt_schedule_5692
5692,13858,076,2776,3405,06:59 PM,68340,unresolved,observed,nmmt_schedule_5692
5692,12742,076,2776,3405,07:09 PM,68940,unresolved,observed,nmmt_schedule_5692
5692,13878,076,2776,3405,07:14 PM,69240,unresolved,observed,nmmt_schedule_5692
5692,13904,076,2776,3405,07:28 PM,70080,unresolved,observed,nmmt_schedule_5692
5692,12743,076,2776,3405,07:30 PM,70200,unresolved,observed,nmmt_schedule_5692
5692,13829,076,2776,3405,07:43 PM,70980,unresolved,observed,nmmt_schedule_5692
5692,13888,076,2776,3405,07:58 PM,71880,unresolved,observed,nmmt_schedule_5692
5692,13906,076,2776,3405,08:12 PM,72720,unresolved,observed,nmmt_schedule_5692
5692,13836,076,2776,3405,08:27 PM,73620,unresolved,observed,nmmt_schedule_5692
5692,13845,076,2776,3405,08:42 PM,74520,unresolved,observed,nmmt_schedule_5692
5692,13908,076,2776,3405,08:56 PM,75360,unresolved,observed,nmmt_schedule_5692
5692,13838,076,2776,3405,09:11 PM,76260,unresolved,observed,nmmt_schedule_5692
5692,13846,076,2776,3405,09:26 PM,77160,unresolved,observed,nmmt_schedule_5692
5692,13892,076,2776,3405,09:40 PM,78000,unresolved,observed,nmmt_schedule_5692
5692,13839,076,2776,3405,09:55 PM,78900,unresolved,observed,nmmt_schedule_5692
5692,13848,076,2776,3405,10:10 PM,79800,unresolved,observed,nmmt_schedule_5692
5692,13850,076,2776,3405,10:50 PM,82200,unresolved,observed,nmmt_schedule_5692
5693,13771,076,3405,2776,06:20 AM,22800,unresolved,observed,nmmt_schedule_5693
5693,13802,076,3405,2776,06:40 AM,24000,unresolved,observed,nmmt_schedule_5693
5693,12685,076,3405,2776,06:55 AM,24900,unresolved,observed,nmmt_schedule_5693
5693,13787,076,3405,2776,06:59 AM,25140,unresolved,observed,nmmt_schedule_5693
5693,19983,076,3405,2776,07:12 AM,25920,unresolved,observed,nmmt_schedule_5693
5693,12707,076,3405,2776,07:15 AM,26100,unresolved,observed,nmmt_schedule_5693
5693,13804,076,3405,2776,07:25 AM,26700,unresolved,observed,nmmt_schedule_5693
5693,12687,076,3405,2776,07:35 AM,27300,unresolved,observed,nmmt_schedule_5693
5693,13789,076,3405,2776,07:39 AM,27540,unresolved,observed,nmmt_schedule_5693
5693,13815,076,3405,2776,07:52 AM,28320,unresolved,observed,nmmt_schedule_5693
5693,12709,076,3405,2776,07:55 AM,28500,unresolved,observed,nmmt_schedule_5693
5693,13806,076,3405,2776,08:06 AM,29160,unresolved,observed,nmmt_schedule_5693
5693,12689,076,3405,2776,08:15 AM,29700,unresolved,observed,nmmt_schedule_5693
5693,13774,076,3405,2776,08:22 AM,30120,unresolved,observed,nmmt_schedule_5693
5693,13817,076,3405,2776,08:36 AM,30960,unresolved,observed,nmmt_schedule_5693
5693,12711,076,3405,2776,08:37 AM,31020,unresolved,observed,nmmt_schedule_5693
5693,12691,076,3405,2776,08:49 AM,31740,unresolved,observed,nmmt_schedule_5693
5693,13798,076,3405,2776,08:50 AM,31800,unresolved,observed,nmmt_schedule_5693
5693,13776,076,3405,2776,09:05 AM,32700,unresolved,observed,nmmt_schedule_5693
5693,12713,076,3405,2776,09:11 AM,33060,unresolved,observed,nmmt_schedule_5693
5693,13809,076,3405,2776,09:20 AM,33600,unresolved,observed,nmmt_schedule_5693
5693,12693,076,3405,2776,09:33 AM,34380,unresolved,observed,nmmt_schedule_5693
5693,13863,076,3405,2776,09:34 AM,34440,unresolved,observed,nmmt_schedule_5693
5693,13778,076,3405,2776,09:49 AM,35340,unresolved,observed,nmmt_schedule_5693
5693,12715,076,3405,2776,09:55 AM,35700,unresolved,observed,nmmt_schedule_5693
5693,13811,076,3405,2776,10:04 AM,36240,unresolved,observed,nmmt_schedule_5693
5693,25874,076,3405,2776,10:05 AM,36300,unresolved,observed,nmmt_schedule_5693
5693,12695,076,3405,2776,10:17 AM,37020,unresolved,observed,nmmt_schedule_5693
5693,13865,076,3405,2776,10:18 AM,37080,unresolved,observed,nmmt_schedule_5693
5693,13791,076,3405,2776,10:33 AM,37980,unresolved,observed,nmmt_schedule_5693
5693,12717,076,3405,2776,10:39 AM,38340,unresolved,observed,nmmt_schedule_5693
5693,13820,076,3405,2776,10:48 AM,38880,unresolved,observed,nmmt_schedule_5693
5693,25857,076,3405,2776,10:50 AM,39000,unresolved,observed,nmmt_schedule_5693
5693,13867,076,3405,2776,11:02 AM,39720,unresolved,observed,nmmt_schedule_5693
5693,13793,076,3405,2776,11:17 AM,40620,unresolved,observed,nmmt_schedule_5693
5693,13780,076,3405,2776,11:32 AM,41520,unresolved,observed,nmmt_schedule_5693
5693,12697,076,3405,2776,11:37 AM,41820,unresolved,observed,nmmt_schedule_5693
5693,25859,076,3405,2776,11:43 AM,42180,unresolved,observed,nmmt_schedule_5693
5693,13869,076,3405,2776,11:46 AM,42360,unresolved,observed,nmmt_schedule_5693
5693,12719,076,3405,2776,11:59 AM,43140,unresolved,observed,nmmt_schedule_5693
5693,13795,076,3405,2776,12:01 PM,43260,unresolved,observed,nmmt_schedule_5693
5693,13782,076,3405,2776,12:16 PM,44160,unresolved,observed,nmmt_schedule_5693
5693,12699,076,3405,2776,12:21 PM,44460,unresolved,observed,nmmt_schedule_5693
5693,13871,076,3405,2776,12:30 PM,45000,unresolved,observed,nmmt_schedule_5693
5693,12721,076,3405,2776,12:43 PM,45780,unresolved,observed,nmmt_schedule_5693
5693,13797,076,3405,2776,12:45 PM,45900,unresolved,observed,nmmt_schedule_5693
5693,13784,076,3405,2776,01:00 PM,46800,unresolved,observed,nmmt_schedule_5693
5693,12701,076,3405,2776,01:05 PM,47100,unresolved,observed,nmmt_schedule_5693
5693,13874,076,3405,2776,01:14 PM,47640,unresolved,observed,nmmt_schedule_5693
5693,12723,076,3405,2776,01:27 PM,48420,unresolved,observed,nmmt_schedule_5693
5693,13800,076,3405,2776,01:29 PM,48540,unresolved,observed,nmmt_schedule_5693
5693,13822,076,3405,2776,01:44 PM,49440,unresolved,observed,nmmt_schedule_5693
5693,12703,076,3405,2776,01:49 PM,49740,unresolved,observed,nmmt_schedule_5693
5693,13881,076,3405,2776,01:58 PM,50280,unresolved,observed,nmmt_schedule_5693
5693,12725,076,3405,2776,02:10 PM,51000,unresolved,observed,nmmt_schedule_5693
5693,25861,076,3405,2776,02:12 PM,51120,unresolved,observed,nmmt_schedule_5693
5693,13861,076,3405,2776,02:13 PM,51180,unresolved,observed,nmmt_schedule_5693
5693,13824,076,3405,2776,02:28 PM,52080,unresolved,observed,nmmt_schedule_5693
5693,25884,076,3405,2776,02:38 PM,52680,unresolved,observed,nmmt_schedule_5693
5693,13890,076,3405,2776,02:42 PM,52920,unresolved,observed,nmmt_schedule_5693
5693,13873,076,3405,2776,02:57 PM,53820,unresolved,observed,nmmt_schedule_5693
5693,12729,076,3405,2776,03:02 PM,54120,unresolved,observed,nmmt_schedule_5693
5693,13895,076,3405,2776,03:12 PM,54720,unresolved,observed,nmmt_schedule_5693
5693,25863,076,3405,2776,03:15 PM,54900,unresolved,observed,nmmt_schedule_5693
5693,12746,076,3405,2776,03:24 PM,55440,unresolved,observed,nmmt_schedule_5693
5693,13891,076,3405,2776,03:26 PM,55560,unresolved,observed,nmmt_schedule_5693
5693,13851,076,3405,2776,03:41 PM,56460,unresolved,observed,nmmt_schedule_5693
5693,12731,076,3405,2776,03:46 PM,56760,unresolved,observed,nmmt_schedule_5693
5693,13897,076,3405,2776,03:56 PM,57360,unresolved,observed,nmmt_schedule_5693
5693,12748,076,3405,2776,04:08 PM,58080,unresolved,observed,nmmt_schedule_5693
5693,13885,076,3405,2776,04:10 PM,58200,unresolved,observed,nmmt_schedule_5693
5693,13853,076,3405,2776,04:25 PM,59100,unresolved,observed,nmmt_schedule_5693
5693,12733,076,3405,2776,04:30 PM,59400,unresolved,observed,nmmt_schedule_5693
5693,13899,076,3405,2776,04:40 PM,60000,unresolved,observed,nmmt_schedule_5693
5693,12750,076,3405,2776,04:52 PM,60720,unresolved,observed,nmmt_schedule_5693
5693,13876,076,3405,2776,04:54 PM,60840,unresolved,observed,nmmt_schedule_5693
5693,13855,076,3405,2776,05:09 PM,61740,unresolved,observed,nmmt_schedule_5693
5693,12735,076,3405,2776,05:14 PM,62040,unresolved,observed,nmmt_schedule_5693
5693,13901,076,3405,2776,05:24 PM,62640,unresolved,observed,nmmt_schedule_5693
5693,12752,076,3405,2776,05:36 PM,63360,unresolved,observed,nmmt_schedule_5693
5693,13833,076,3405,2776,05:38 PM,63480,unresolved,observed,nmmt_schedule_5693
5693,13857,076,3405,2776,05:53 PM,64380,unresolved,observed,nmmt_schedule_5693
5693,12737,076,3405,2776,05:58 PM,64680,unresolved,observed,nmmt_schedule_5693
5693,13903,076,3405,2776,06:08 PM,65280,unresolved,observed,nmmt_schedule_5693
5693,12754,076,3405,2776,06:20 PM,66000,unresolved,observed,nmmt_schedule_5693
5693,13827,076,3405,2776,06:22 PM,66120,unresolved,observed,nmmt_schedule_5693
5693,13843,076,3405,2776,06:37 PM,67020,unresolved,observed,nmmt_schedule_5693
5693,12741,076,3405,2776,06:42 PM,67320,unresolved,observed,nmmt_schedule_5693
5693,13877,076,3405,2776,06:52 PM,67920,unresolved,observed,nmmt_schedule_5693
5693,12756,076,3405,2776,07:04 PM,68640,unresolved,observed,nmmt_schedule_5693
5693,13834,076,3405,2776,07:06 PM,68760,unresolved,observed,nmmt_schedule_5693
5693,13844,076,3405,2776,07:21 PM,69660,unresolved,observed,nmmt_schedule_5693
5693,12738,076,3405,2776,07:30 PM,70200,unresolved,observed,nmmt_schedule_5693
5693,13879,076,3405,2776,07:36 PM,70560,unresolved,observed,nmmt_schedule_5693
5693,13905,076,3405,2776,07:50 PM,71400,unresolved,observed,nmmt_schedule_5693
5693,12757,076,3405,2776,07:55 PM,71700,unresolved,observed,nmmt_schedule_5693
5693,13835,076,3405,2776,08:05 PM,72300,unresolved,observed,nmmt_schedule_5693
5693,13889,076,3405,2776,08:20 PM,73200,unresolved,observed,nmmt_schedule_5693
5693,13907,076,3405,2776,08:34 PM,74040,unresolved,observed,nmmt_schedule_5693
5693,13837,076,3405,2776,08:49 PM,74940,unresolved,observed,nmmt_schedule_5693
5693,13859,076,3405,2776,09:04 PM,75840,unresolved,observed,nmmt_schedule_5693
5693,13909,076,3405,2776,09:18 PM,76680,unresolved,observed,nmmt_schedule_5693
5693,13830,076,3405,2776,09:33 PM,77580,unresolved,observed,nmmt_schedule_5693
5693,13847,076,3405,2776,09:48 PM,78480,unresolved,observed,nmmt_schedule_5693
5693,13893,076,3405,2776,10:02 PM,79320,unresolved,observed,nmmt_schedule_5693
5693,13831,076,3405,2776,10:17 PM,80220,unresolved,observed,nmmt_schedule_5693
5693,13849,076,3405,2776,10:30 PM,81000,unresolved,observed,nmmt_schedule_5693
5722,12582,044,3031,3323,07:00 AM,25200,unresolved,observed,nmmt_schedule_5722
5722,12587,044,3031,3323,07:45 AM,27900,unresolved,observed,nmmt_schedule_5722
5722,12592,044,3031,3323,08:15 AM,29700,unresolved,observed,nmmt_schedule_5722
5722,12596,044,3031,3323,09:04 AM,32640,unresolved,observed,nmmt_schedule_5722
5722,12600,044,3031,3323,09:35 AM,34500,unresolved,observed,nmmt_schedule_5722
5722,12605,044,3031,3323,10:10 AM,36600,unresolved,observed,nmmt_schedule_5722
5722,13154,044,3031,3323,10:33 AM,37980,unresolved,observed,nmmt_schedule_5722
5722,12583,044,3031,3323,10:45 AM,38700,unresolved,observed,nmmt_schedule_5722
5722,12589,044,3031,3323,11:35 AM,41700,unresolved,observed,nmmt_schedule_5722
5722,12594,044,3031,3323,12:25 PM,44700,unresolved,observed,nmmt_schedule_5722
5722,12598,044,3031,3323,12:55 PM,46500,unresolved,observed,nmmt_schedule_5722
5722,12603,044,3031,3323,01:35 PM,48900,unresolved,observed,nmmt_schedule_5722
5722,12607,044,3031,3323,02:05 PM,50700,unresolved,observed,nmmt_schedule_5722
5722,12566,044,3031,3323,02:35 PM,52500,unresolved,observed,nmmt_schedule_5722
5722,13166,044,3031,3323,03:00 PM,54000,unresolved,observed,nmmt_schedule_5722
5722,12611,044,3031,3323,03:10 PM,54600,unresolved,observed,nmmt_schedule_5722
5722,12618,044,3031,3323,03:50 PM,57000,unresolved,observed,nmmt_schedule_5722
5722,12622,044,3031,3323,04:25 PM,59100,unresolved,observed,nmmt_schedule_5722
5722,12571,044,3031,3323,05:03 PM,61380,unresolved,observed,nmmt_schedule_5722
5722,13184,044,3031,3323,05:13 PM,61980,unresolved,observed,nmmt_schedule_5722
5722,12576,044,3031,3323,05:55 PM,64500,unresolved,observed,nmmt_schedule_5722
5722,13162,044,3031,3323,06:15 PM,65700,unresolved,observed,nmmt_schedule_5722
5722,12568,044,3031,3323,06:40 PM,67200,unresolved,observed,nmmt_schedule_5722
5722,13168,044,3031,3323,07:15 PM,69300,unresolved,observed,nmmt_schedule_5722
5722,12613,044,3031,3323,07:20 PM,69600,unresolved,observed,nmmt_schedule_5722
5722,12615,044,3031,3323,07:45 PM,71100,unresolved,observed,nmmt_schedule_5722
5722,12624,044,3031,3323,08:30 PM,73800,unresolved,observed,nmmt_schedule_5722
5722,12573,044,3031,3323,09:15 PM,76500,unresolved,observed,nmmt_schedule_5722
5722,13186,044,3031,3323,09:20 PM,76800,unresolved,observed,nmmt_schedule_5722
5723,21439,044,3323,3031,05:30 AM,19800,unresolved,observed,nmmt_schedule_5723
5723,12585,044,3323,3031,06:15 AM,22500,unresolved,observed,nmmt_schedule_5723
5723,12591,044,3323,3031,06:45 AM,24300,unresolved,observed,nmmt_schedule_5723
5723,12595,044,3323,3031,07:30 AM,27000,unresolved,observed,nmmt_schedule_5723
5723,12601,044,3323,3031,08:00 AM,28800,unresolved,observed,nmmt_schedule_5723
5723,12606,044,3323,3031,08:35 AM,30900,unresolved,observed,nmmt_schedule_5723
5723,13153,044,3323,3031,09:00 AM,32400,unresolved,observed,nmmt_schedule_5723
5723,12584,044,3323,3031,09:10 AM,33000,unresolved,observed,nmmt_schedule_5723
5723,12588,044,3323,3031,09:55 AM,35700,unresolved,observed,nmmt_schedule_5723
5723,12593,044,3323,3031,10:45 AM,38700,unresolved,observed,nmmt_schedule_5723
5723,12597,044,3323,3031,11:20 AM,40800,unresolved,observed,nmmt_schedule_5723
5723,12602,044,3323,3031,12:00 PM,43200,unresolved,observed,nmmt_schedule_5723
5723,12608,044,3323,3031,12:30 PM,45000,unresolved,observed,nmmt_schedule_5723
5723,12565,044,3323,3031,01:00 PM,46800,unresolved,observed,nmmt_schedule_5723
5723,13165,044,3323,3031,01:25 PM,48300,unresolved,observed,nmmt_schedule_5723
5723,12610,044,3323,3031,01:35 PM,48900,unresolved,observed,nmmt_schedule_5723
5723,12617,044,3323,3031,02:15 PM,51300,unresolved,observed,nmmt_schedule_5723
5723,12621,044,3323,3031,02:50 PM,53400,unresolved,observed,nmmt_schedule_5723
5723,12570,044,3323,3031,03:30 PM,55800,unresolved,observed,nmmt_schedule_5723
5723,13183,044,3323,3031,03:40 PM,56400,unresolved,observed,nmmt_schedule_5723
5723,12575,044,3323,3031,04:10 PM,58200,unresolved,observed,nmmt_schedule_5723
5723,13161,044,3323,3031,04:30 PM,59400,unresolved,observed,nmmt_schedule_5723
5723,12567,044,3323,3031,04:55 PM,60900,unresolved,observed,nmmt_schedule_5723
5723,12612,044,3323,3031,05:30 PM,63000,unresolved,observed,nmmt_schedule_5723
5723,12619,044,3323,3031,05:55 PM,64500,unresolved,observed,nmmt_schedule_5723
5723,12623,044,3323,3031,06:35 PM,66900,unresolved,observed,nmmt_schedule_5723
5723,12572,044,3323,3031,07:30 PM,70200,unresolved,observed,nmmt_schedule_5723
5723,13185,044,3323,3031,07:35 PM,70500,unresolved,observed,nmmt_schedule_5723
5723,12577,044,3323,3031,08:15 PM,72900,unresolved,observed,nmmt_schedule_5723
5733,20624,071,3323,5110,06:40 AM,24000,unresolved,observed,nmmt_schedule_5733
5733,13024,071,3323,5110,07:10 AM,25800,unresolved,observed,nmmt_schedule_5733
5733,13030,071,3323,5110,07:40 AM,27600,unresolved,observed,nmmt_schedule_5733
5733,20636,071,3323,5110,07:50 AM,28200,unresolved,observed,nmmt_schedule_5733
5733,13036,071,3323,5110,08:05 AM,29100,unresolved,observed,nmmt_schedule_5733
5733,13042,071,3323,5110,08:30 AM,30600,unresolved,observed,nmmt_schedule_5733
5733,20614,071,3323,5110,08:45 AM,31500,unresolved,observed,nmmt_schedule_5733
5733,13002,071,3323,5110,08:55 AM,32100,unresolved,observed,nmmt_schedule_5733
5733,20620,071,3323,5110,09:25 AM,33900,unresolved,observed,nmmt_schedule_5733
5733,13014,071,3323,5110,09:55 AM,35700,unresolved,observed,nmmt_schedule_5733
5733,20626,071,3323,5110,10:10 AM,36600,unresolved,observed,nmmt_schedule_5733
5733,13020,071,3323,5110,10:25 AM,37500,unresolved,observed,nmmt_schedule_5733
5733,20632,071,3323,5110,10:50 AM,39000,unresolved,observed,nmmt_schedule_5733
5733,13026,071,3323,5110,10:55 AM,39300,unresolved,observed,nmmt_schedule_5733
5733,13032,071,3323,5110,11:25 AM,41100,unresolved,observed,nmmt_schedule_5733
5733,20638,071,3323,5110,11:30 AM,41400,unresolved,observed,nmmt_schedule_5733
5733,13038,071,3323,5110,11:55 AM,42900,unresolved,observed,nmmt_schedule_5733
5733,20643,071,3323,5110,12:10 PM,43800,unresolved,observed,nmmt_schedule_5733
5733,13044,071,3323,5110,12:20 PM,44400,unresolved,observed,nmmt_schedule_5733
5733,20648,071,3323,5110,12:50 PM,46200,unresolved,observed,nmmt_schedule_5733
5733,13054,071,3323,5110,01:00 PM,46800,unresolved,observed,nmmt_schedule_5733
5733,13060,071,3323,5110,01:25 PM,48300,unresolved,observed,nmmt_schedule_5733
5733,20654,071,3323,5110,01:30 PM,48600,unresolved,observed,nmmt_schedule_5733
5733,13066,071,3323,5110,01:50 PM,49800,unresolved,observed,nmmt_schedule_5733
5733,20660,071,3323,5110,02:10 PM,51000,unresolved,observed,nmmt_schedule_5733
5733,13072,071,3323,5110,02:15 PM,51300,unresolved,observed,nmmt_schedule_5733
5733,13078,071,3323,5110,02:45 PM,53100,unresolved,observed,nmmt_schedule_5733
5733,20666,071,3323,5110,02:50 PM,53400,unresolved,observed,nmmt_schedule_5733
5733,13084,071,3323,5110,03:15 PM,54900,unresolved,observed,nmmt_schedule_5733
5733,20645,071,3323,5110,03:50 PM,57000,unresolved,observed,nmmt_schedule_5733
5733,13050,071,3323,5110,04:15 PM,58500,unresolved,observed,nmmt_schedule_5733
5733,20650,071,3323,5110,04:30 PM,59400,unresolved,observed,nmmt_schedule_5733
5733,13056,071,3323,5110,04:45 PM,60300,unresolved,observed,nmmt_schedule_5733
5733,13062,071,3323,5110,05:10 PM,61800,unresolved,observed,nmmt_schedule_5733
5733,20656,071,3323,5110,05:15 PM,62100,unresolved,observed,nmmt_schedule_5733
5733,13068,071,3323,5110,05:35 PM,63300,unresolved,observed,nmmt_schedule_5733
5733,20662,071,3323,5110,05:55 PM,64500,unresolved,observed,nmmt_schedule_5733
5733,13074,071,3323,5110,06:05 PM,65100,unresolved,observed,nmmt_schedule_5733
5733,13080,071,3323,5110,06:35 PM,66900,unresolved,observed,nmmt_schedule_5733
5733,20668,071,3323,5110,06:40 PM,67200,unresolved,observed,nmmt_schedule_5733
5733,13086,071,3323,5110,07:05 PM,68700,unresolved,observed,nmmt_schedule_5733
5733,13092,071,3323,5110,07:35 PM,70500,unresolved,observed,nmmt_schedule_5733
5735,20613,071,5110,3323,06:45 AM,24300,unresolved,observed,nmmt_schedule_5735
5735,13007,071,5110,3323,07:15 AM,26100,unresolved,observed,nmmt_schedule_5735
5735,20619,071,5110,3323,07:25 AM,26700,unresolved,observed,nmmt_schedule_5735
5735,13013,071,5110,3323,07:45 AM,27900,unresolved,observed,nmmt_schedule_5735
5735,20625,071,5110,3323,08:05 AM,29100,unresolved,observed,nmmt_schedule_5735
5735,13019,071,5110,3323,08:15 AM,29700,unresolved,observed,nmmt_schedule_5735
5735,13025,071,5110,3323,08:45 AM,31500,unresolved,observed,nmmt_schedule_5735
5735,13031,071,5110,3323,09:15 AM,33300,unresolved,observed,nmmt_schedule_5735
5735,20637,071,5110,3323,09:25 AM,33900,unresolved,observed,nmmt_schedule_5735
5735,13037,071,5110,3323,09:40 AM,34800,unresolved,observed,nmmt_schedule_5735
5735,13043,071,5110,3323,10:05 AM,36300,unresolved,observed,nmmt_schedule_5735
5735,20615,071,5110,3323,10:15 AM,36900,unresolved,observed,nmmt_schedule_5735
5735,13003,071,5110,3323,10:35 AM,38100,unresolved,observed,nmmt_schedule_5735
5735,20621,071,5110,3323,10:55 AM,39300,unresolved,observed,nmmt_schedule_5735
5735,13009,071,5110,3323,11:05 AM,39900,unresolved,observed,nmmt_schedule_5735
5735,13015,071,5110,3323,11:35 AM,41700,unresolved,observed,nmmt_schedule_5735
5735,20627,071,5110,3323,11:45 AM,42300,unresolved,observed,nmmt_schedule_5735
5735,13021,071,5110,3323,12:05 PM,43500,unresolved,observed,nmmt_schedule_5735
5735,20633,071,5110,3323,12:25 PM,44700,unresolved,observed,nmmt_schedule_5735
5735,13027,071,5110,3323,12:35 PM,45300,unresolved,observed,nmmt_schedule_5735
5735,13033,071,5110,3323,01:05 PM,47100,unresolved,observed,nmmt_schedule_5735
5735,13039,071,5110,3323,01:32 PM,48720,unresolved,observed,nmmt_schedule_5735
5735,20644,071,5110,3323,01:45 PM,49500,unresolved,observed,nmmt_schedule_5735
5735,13045,071,5110,3323,01:55 PM,50100,unresolved,observed,nmmt_schedule_5735
5735,13049,071,5110,3323,02:10 PM,51000,unresolved,observed,nmmt_schedule_5735
5735,20649,071,5110,3323,02:25 PM,51900,unresolved,observed,nmmt_schedule_5735
5735,13055,071,5110,3323,02:35 PM,52500,unresolved,observed,nmmt_schedule_5735
5735,13061,071,5110,3323,03:00 PM,54000,unresolved,observed,nmmt_schedule_5735
5735,20655,071,5110,3323,03:05 PM,54300,unresolved,observed,nmmt_schedule_5735
5735,13067,071,5110,3323,03:25 PM,55500,unresolved,observed,nmmt_schedule_5735
5735,20661,071,5110,3323,03:45 PM,56700,unresolved,observed,nmmt_schedule_5735
5735,13073,071,5110,3323,03:50 PM,57000,unresolved,observed,nmmt_schedule_5735
5735,13079,071,5110,3323,04:22 PM,58920,unresolved,observed,nmmt_schedule_5735
5735,20667,071,5110,3323,04:25 PM,59100,unresolved,observed,nmmt_schedule_5735
5735,13085,071,5110,3323,04:50 PM,60600,unresolved,observed,nmmt_schedule_5735
5735,13091,071,5110,3323,05:15 PM,62100,unresolved,observed,nmmt_schedule_5735
5735,20646,071,5110,3323,05:25 PM,62700,unresolved,observed,nmmt_schedule_5735
5735,13051,071,5110,3323,05:53 PM,64380,unresolved,observed,nmmt_schedule_5735
5735,20651,071,5110,3323,06:05 PM,65100,unresolved,observed,nmmt_schedule_5735
5735,13057,071,5110,3323,06:25 PM,66300,unresolved,observed,nmmt_schedule_5735
5735,20657,071,5110,3323,06:50 PM,67800,unresolved,observed,nmmt_schedule_5735
5735,13063,071,5110,3323,06:53 PM,67980,unresolved,observed,nmmt_schedule_5735
5735,13069,071,5110,3323,07:20 PM,69600,unresolved,observed,nmmt_schedule_5735
5735,20663,071,5110,3323,07:30 PM,70200,unresolved,observed,nmmt_schedule_5735
5735,13075,071,5110,3323,07:50 PM,71400,unresolved,observed,nmmt_schedule_5735
5735,20669,071,5110,3323,08:15 PM,72900,unresolved,observed,nmmt_schedule_5735
5735,13081,071,5110,3323,08:20 PM,73200,unresolved,observed,nmmt_schedule_5735
5735,13087,071,5110,3323,08:50 PM,75000,unresolved,observed,nmmt_schedule_5735
5735,13093,071,5110,3323,09:20 PM,76800,unresolved,observed,nmmt_schedule_5735
5778,17039,059,3406,3461,05:50 AM,21000,unresolved,observed,nmmt_schedule_5778
5778,17083,059,3406,3461,06:10 AM,22200,unresolved,observed,nmmt_schedule_5778
5778,17104,059,3406,3461,06:25 AM,23100,unresolved,observed,nmmt_schedule_5778
5778,17211,059,3406,3461,06:33 AM,23580,unresolved,observed,nmmt_schedule_5778
5778,17050,059,3406,3461,06:38 AM,23880,unresolved,observed,nmmt_schedule_5778
5778,17095,059,3406,3461,06:53 AM,24780,unresolved,observed,nmmt_schedule_5778
5778,17334,059,3406,3461,06:58 AM,25080,unresolved,observed,nmmt_schedule_5778
5778,17106,059,3406,3461,07:11 AM,25860,unresolved,observed,nmmt_schedule_5778
5778,17204,059,3406,3461,07:23 AM,26580,unresolved,observed,nmmt_schedule_5778
5778,17120,059,3406,3461,07:25 AM,26700,unresolved,observed,nmmt_schedule_5778
5778,17042,059,3406,3461,07:37 AM,27420,unresolved,observed,nmmt_schedule_5778
5778,17327,059,3406,3461,07:48 AM,28080,unresolved,observed,nmmt_schedule_5778
5778,17088,059,3406,3461,07:49 AM,28140,unresolved,observed,nmmt_schedule_5778
5778,17108,059,3406,3461,08:01 AM,28860,unresolved,observed,nmmt_schedule_5778
5778,17206,059,3406,3461,08:13 AM,29580,unresolved,observed,nmmt_schedule_5778
5778,17121,059,3406,3461,08:14 AM,29640,unresolved,observed,nmmt_schedule_5778
5778,17044,059,3406,3461,08:27 AM,30420,unresolved,observed,nmmt_schedule_5778
5778,17336,059,3406,3461,08:38 AM,31080,unresolved,observed,nmmt_schedule_5778
5778,17089,059,3406,3461,08:39 AM,31140,unresolved,observed,nmmt_schedule_5778
5778,17110,059,3406,3461,08:51 AM,31860,unresolved,observed,nmmt_schedule_5778
5778,17250,059,3406,3461,09:03 AM,32580,unresolved,observed,nmmt_schedule_5778
5778,17123,059,3406,3461,09:04 AM,32640,unresolved,observed,nmmt_schedule_5778
5778,17046,059,3406,3461,09:17 AM,33420,unresolved,observed,nmmt_schedule_5778
5778,17323,059,3406,3461,09:28 AM,34080,unresolved,observed,nmmt_schedule_5778
5778,17091,059,3406,3461,09:29 AM,34140,unresolved,observed,nmmt_schedule_5778
5778,17133,059,3406,3461,09:41 AM,34860,unresolved,observed,nmmt_schedule_5778
5778,17252,059,3406,3461,09:53 AM,35580,unresolved,observed,nmmt_schedule_5778
5778,17173,059,3406,3461,09:54 AM,35640,unresolved,observed,nmmt_schedule_5778
5778,17048,059,3406,3461,10:07 AM,36420,unresolved,observed,nmmt_schedule_5778
5778,17207,059,3406,3461,10:18 AM,37080,unresolved,observed,nmmt_schedule_5778
5778,17093,059,3406,3461,10:19 AM,37140,unresolved,observed,nmmt_schedule_5778
5778,17129,059,3406,3461,10:31 AM,37860,unresolved,observed,nmmt_schedule_5778
5778,25887,059,3406,3461,10:40 AM,38400,unresolved,observed,nmmt_schedule_5778
5778,17254,059,3406,3461,10:43 AM,38580,unresolved,observed,nmmt_schedule_5778
5778,17175,059,3406,3461,10:44 AM,38640,unresolved,observed,nmmt_schedule_5778
5778,17125,059,3406,3461,10:57 AM,39420,unresolved,observed,nmmt_schedule_5778
5778,17208,059,3406,3461,11:08 AM,40080,unresolved,observed,nmmt_schedule_5778
5778,17099,059,3406,3461,11:09 AM,40140,unresolved,observed,nmmt_schedule_5778
5778,17131,059,3406,3461,11:21 AM,40860,unresolved,observed,nmmt_schedule_5778
5778,25889,059,3406,3461,11:26 AM,41160,unresolved,observed,nmmt_schedule_5778
5778,20954,059,3406,3461,11:28 AM,41280,unresolved,observed,nmmt_schedule_5778
5778,17325,059,3406,3461,11:33 AM,41580,unresolved,observed,nmmt_schedule_5778
5778,17177,059,3406,3461,11:34 AM,41640,unresolved,observed,nmmt_schedule_5778
5778,17119,059,3406,3461,11:47 AM,42420,unresolved,observed,nmmt_schedule_5778
5778,17209,059,3406,3461,11:58 AM,43080,unresolved,observed,nmmt_schedule_5778
5778,17103,059,3406,3461,11:59 AM,43140,unresolved,observed,nmmt_schedule_5778
5778,17134,059,3406,3461,12:11 PM,43860,unresolved,observed,nmmt_schedule_5778
5778,17322,059,3406,3461,12:23 PM,44580,unresolved,observed,nmmt_schedule_5778
5778,17179,059,3406,3461,12:24 PM,44640,unresolved,observed,nmmt_schedule_5778
5778,25891,059,3406,3461,12:25 PM,44700,unresolved,observed,nmmt_schedule_5778
5778,17113,059,3406,3461,12:40 PM,45600,unresolved,observed,nmmt_schedule_5778
5778,17210,059,3406,3461,12:48 PM,46080,unresolved,observed,nmmt_schedule_5778
5778,17098,059,3406,3461,12:55 PM,46500,unresolved,observed,nmmt_schedule_5778
5778,17181,059,3406,3461,01:13 PM,47580,unresolved,observed,nmmt_schedule_5778
5778,17115,059,3406,3461,01:30 PM,48600,unresolved,observed,nmmt_schedule_5778
5778,17256,059,3406,3461,01:38 PM,49080,unresolved,observed,nmmt_schedule_5778
5778,16994,059,3406,3461,01:47 PM,49620,unresolved,observed,nmmt_schedule_5778
5778,17183,059,3406,3461,02:03 PM,50580,unresolved,observed,nmmt_schedule_5778
5778,17136,059,3406,3461,02:20 PM,51600,unresolved,observed,nmmt_schedule_5778
5778,17258,059,3406,3461,02:28 PM,52080,unresolved,observed,nmmt_schedule_5778
5778,16985,059,3406,3461,02:37 PM,52620,unresolved,observed,nmmt_schedule_5778
5778,17030,059,3406,3461,02:53 PM,53580,unresolved,observed,nmmt_schedule_5778
5778,17147,059,3406,3461,03:10 PM,54600,unresolved,observed,nmmt_schedule_5778
5778,17260,059,3406,3461,03:18 PM,55080,unresolved,observed,nmmt_schedule_5778
5778,17294,059,3406,3461,03:43 PM,56580,unresolved,observed,nmmt_schedule_5778
5778,17185,059,3406,3461,03:45 PM,56700,unresolved,observed,nmmt_schedule_5778
5778,17150,059,3406,3461,04:00 PM,57600,unresolved,observed,nmmt_schedule_5778
5778,17262,059,3406,3461,04:05 PM,57900,unresolved,observed,nmmt_schedule_5778
5778,20960,059,3406,3461,04:13 PM,58380,unresolved,observed,nmmt_schedule_5778
5778,17156,059,3406,3461,04:17 PM,58620,unresolved,observed,nmmt_schedule_5778
5778,16982,059,3406,3461,04:30 PM,59400,unresolved,observed,nmmt_schedule_5778
5778,20961,059,3406,3461,04:37 PM,59820,unresolved,observed,nmmt_schedule_5778
5778,17187,059,3406,3461,04:40 PM,60000,unresolved,observed,nmmt_schedule_5778
5778,17342,059,3406,3461,04:55 PM,60900,unresolved,observed,nmmt_schedule_5778
5778,17151,059,3406,3461,04:56 PM,60960,unresolved,observed,nmmt_schedule_5778
5778,17159,059,3406,3461,05:08 PM,61680,unresolved,observed,nmmt_schedule_5778
5778,16984,059,3406,3461,05:21 PM,62460,unresolved,observed,nmmt_schedule_5778
5778,17189,059,3406,3461,05:34 PM,63240,unresolved,observed,nmmt_schedule_5778
5778,17140,059,3406,3461,05:47 PM,64020,unresolved,observed,nmmt_schedule_5778
5778,17341,059,3406,3461,05:57 PM,64620,unresolved,observed,nmmt_schedule_5778
5778,17161,059,3406,3461,06:00 PM,64800,unresolved,observed,nmmt_schedule_5778
5778,16987,059,3406,3461,06:13 PM,65580,unresolved,observed,nmmt_schedule_5778
5778,17310,059,3406,3461,06:22 PM,66120,unresolved,observed,nmmt_schedule_5778
5778,17191,059,3406,3461,06:26 PM,66360,unresolved,observed,nmmt_schedule_5778
5778,17153,059,3406,3461,06:39 PM,67140,unresolved,observed,nmmt_schedule_5778
5778,17300,059,3406,3461,06:49 PM,67740,unresolved,observed,nmmt_schedule_5778
5778,17029,059,3406,3461,06:52 PM,67920,unresolved,observed,nmmt_schedule_5778
5778,16989,059,3406,3461,07:05 PM,68700,unresolved,observed,nmmt_schedule_5778
5778,17312,059,3406,3461,07:15 PM,69300,unresolved,observed,nmmt_schedule_5778
5778,17193,059,3406,3461,07:18 PM,69480,unresolved,observed,nmmt_schedule_5778
5778,17163,059,3406,3461,07:31 PM,70260,unresolved,observed,nmmt_schedule_5778
5778,17302,059,3406,3461,07:41 PM,70860,unresolved,observed,nmmt_schedule_5778
5778,17031,059,3406,3461,07:44 PM,71040,unresolved,observed,nmmt_schedule_5778
5778,16991,059,3406,3461,07:57 PM,71820,unresolved,observed,nmmt_schedule_5778
5778,17314,059,3406,3461,08:07 PM,72420,unresolved,observed,nmmt_schedule_5778
5778,17143,059,3406,3461,08:10 PM,72600,unresolved,observed,nmmt_schedule_5778
5778,17165,059,3406,3461,08:23 PM,73380,unresolved,observed,nmmt_schedule_5778
5778,17295,059,3406,3461,08:32 PM,73920,unresolved,observed,nmmt_schedule_5778
5778,17032,059,3406,3461,08:36 PM,74160,unresolved,observed,nmmt_schedule_5778
5778,17195,059,3406,3461,08:49 PM,74940,unresolved,observed,nmmt_schedule_5778
5778,17316,059,3406,3461,08:56 PM,75360,unresolved,observed,nmmt_schedule_5778
5778,17167,059,3406,3461,09:15 PM,76500,unresolved,observed,nmmt_schedule_5778
5778,17304,059,3406,3461,09:22 PM,76920,unresolved,observed,nmmt_schedule_5778
5778,17035,059,3406,3461,09:28 PM,77280,unresolved,observed,nmmt_schedule_5778
5778,17197,059,3406,3461,09:41 PM,78060,unresolved,observed,nmmt_schedule_5778
5778,17318,059,3406,3461,09:46 PM,78360,unresolved,observed,nmmt_schedule_5778
5778,17154,059,3406,3461,09:54 PM,78840,unresolved,observed,nmmt_schedule_5778
5778,17169,059,3406,3461,10:05 PM,79500,unresolved,observed,nmmt_schedule_5778
5778,17306,059,3406,3461,10:15 PM,80100,unresolved,observed,nmmt_schedule_5778
5778,17037,059,3406,3461,10:20 PM,80400,unresolved,observed,nmmt_schedule_5778
5782,25312,114 AC,2765,2777,07:35 AM,27300,unresolved,observed,nmmt_schedule_5782
5782,13699,114 AC,2765,2777,08:10 AM,29400,unresolved,observed,nmmt_schedule_5782
5782,25320,114 AC,2765,2777,08:35 AM,30900,unresolved,observed,nmmt_schedule_5782
5783,25317,114 AC,2777,2765,05:40 PM,63600,unresolved,observed,nmmt_schedule_5783
5783,25321,114 AC,2777,2765,06:20 PM,66000,unresolved,observed,nmmt_schedule_5783
5873,14179,075,2692,3391,06:30 AM,23400,unresolved,observed,nmmt_schedule_5873
5873,14197,075,2692,3391,06:53 AM,24780,unresolved,observed,nmmt_schedule_5873
5874,14227,075,3391,2692,10:32 PM,81120,unresolved,observed,nmmt_schedule_5874
6333,15690,083 AC,3137,2908,11:17 AM,40620,unresolved,observed,nmmt_schedule_6333
6333,15732,083 AC,3137,2908,11:47 AM,42420,unresolved,observed,nmmt_schedule_6333
6333,15722,083 AC,3137,2908,01:42 PM,49320,unresolved,observed,nmmt_schedule_6333
6333,24720,083 AC,3137,2908,02:05 PM,50700,unresolved,observed,nmmt_schedule_6333
6333,15695,083 AC,3137,2908,06:50 PM,67800,unresolved,observed,nmmt_schedule_6333
6333,15715,083 AC,3137,2908,08:17 PM,73020,unresolved,observed,nmmt_schedule_6333
6333,15702,083 AC,3137,2908,08:47 PM,74820,unresolved,observed,nmmt_schedule_6333
6333,10520,083 AC,3137,2908,11:17 AM,40620,unresolved,observed,nmmt_schedule_6333
6333,10540,083 AC,3137,2908,11:47 AM,42420,unresolved,observed,nmmt_schedule_6333
6333,10530,083 AC,3137,2908,08:17 PM,73020,unresolved,observed,nmmt_schedule_6333
6333,10550,083 AC,3137,2908,08:47 PM,74820,unresolved,observed,nmmt_schedule_6333
6334,15681,083 AC,2908,3137,06:03 AM,21780,unresolved,observed,nmmt_schedule_6334
6334,15716,083 AC,2908,3137,06:10 AM,22200,unresolved,observed,nmmt_schedule_6334
6334,15723,083 AC,2908,3137,06:33 AM,23580,unresolved,observed,nmmt_schedule_6334
6334,15691,083 AC,2908,3137,11:30 AM,41400,unresolved,observed,nmmt_schedule_6334
6334,15706,083 AC,2908,3137,03:00 PM,54000,unresolved,observed,nmmt_schedule_6334
6334,15704,083 AC,2908,3137,03:30 PM,55800,unresolved,observed,nmmt_schedule_6334
6334,10511,083 AC,2908,3137,06:03 AM,21780,unresolved,observed,nmmt_schedule_6334
6334,10531,083 AC,2908,3137,06:33 AM,23580,unresolved,observed,nmmt_schedule_6334
6334,10521,083 AC,2908,3137,03:00 PM,54000,unresolved,observed,nmmt_schedule_6334
6334,10541,083 AC,2908,3137,03:30 PM,55800,unresolved,observed,nmmt_schedule_6334
6375,13785,076,2692,2776,05:45 AM,20700,unresolved,observed,nmmt_schedule_6375
6375,13808,076,2692,2776,06:05 AM,21900,unresolved,observed,nmmt_schedule_6375
6375,12683,076,2692,2776,06:20 AM,22800,unresolved,observed,nmmt_schedule_6375
6375,13825,076,2692,2776,06:37 AM,23820,unresolved,observed,nmmt_schedule_6375
6375,12705,076,2692,2776,06:40 AM,24000,unresolved,observed,nmmt_schedule_6375
6375,12727,076,2692,2776,02:25 PM,51900,unresolved,observed,nmmt_schedule_6375
6375,12744,076,2692,2776,02:46 PM,53160,unresolved,observed,nmmt_schedule_6375
6376,12704,076,2776,2692,02:10 PM,51000,unresolved,observed,nmmt_schedule_6376
6376,12726,076,2776,2692,02:31 PM,52260,unresolved,observed,nmmt_schedule_6376
6376,25864,076,2776,2692,05:20 PM,62400,unresolved,observed,nmmt_schedule_6376
6376,12739,076,2776,2692,07:51 PM,71460,unresolved,observed,nmmt_schedule_6376
6376,12758,076,2776,2692,08:16 PM,72960,unresolved,observed,nmmt_schedule_6376
6376,13910,076,2776,2692,10:23 PM,80580,unresolved,observed,nmmt_schedule_6376
6376,13840,076,2776,2692,10:37 PM,81420,unresolved,observed,nmmt_schedule_6376
6376,20083,076,2776,2692,10:50 PM,82200,unresolved,observed,nmmt_schedule_6376
6383,14454,075,2776,2692,07:52 PM,71520,unresolved,observed,nmmt_schedule_6383
6383,14247,075,2776,2692,10:32 PM,81120,unresolved,observed,nmmt_schedule_6383
6498,15083,061 AC,3323,3365,06:52 AM,24720,unresolved,observed,nmmt_schedule_6498
6498,15145,061 AC,3323,3365,07:57 AM,28620,unresolved,observed,nmmt_schedule_6498
6498,15090,061 AC,3323,3365,08:47 AM,31620,unresolved,observed,nmmt_schedule_6498
6498,15097,061 AC,3323,3365,09:32 AM,34320,unresolved,observed,nmmt_schedule_6498
6498,15104,061 AC,3323,3365,10:22 AM,37320,unresolved,observed,nmmt_schedule_6498
6498,15109,061 AC,3323,3365,03:42 PM,56520,unresolved,observed,nmmt_schedule_6498
6498,21116,061 AC,3323,3365,04:38 PM,59880,unresolved,observed,nmmt_schedule_6498
6498,15121,061 AC,3323,3365,04:39 PM,59940,unresolved,observed,nmmt_schedule_6498
6498,15125,061 AC,3323,3365,05:21 PM,62460,unresolved,observed,nmmt_schedule_6498
6498,15130,061 AC,3323,3365,05:59 PM,64740,unresolved,observed,nmmt_schedule_6498
6498,15137,061 AC,3323,3365,06:44 PM,67440,unresolved,observed,nmmt_schedule_6498
6499,15084,061 AC,3365,3323,08:05 AM,29100,unresolved,observed,nmmt_schedule_6499
6499,15146,061 AC,3365,3323,09:05 AM,32700,unresolved,observed,nmmt_schedule_6499
6499,15091,061 AC,3365,3323,09:55 AM,35700,unresolved,observed,nmmt_schedule_6499
6499,15098,061 AC,3365,3323,10:40 AM,38400,unresolved,observed,nmmt_schedule_6499
6499,15105,061 AC,3365,3323,11:35 AM,41700,unresolved,observed,nmmt_schedule_6499
6499,15110,061 AC,3365,3323,04:50 PM,60600,unresolved,observed,nmmt_schedule_6499
6499,15116,061 AC,3365,3323,05:55 PM,64500,unresolved,observed,nmmt_schedule_6499
6499,15123,061 AC,3365,3323,06:30 PM,66600,unresolved,observed,nmmt_schedule_6499
6499,15131,061 AC,3365,3323,07:07 PM,68820,unresolved,observed,nmmt_schedule_6499
6499,15138,061 AC,3365,3323,07:52 PM,71520,unresolved,observed,nmmt_schedule_6499
6535,23520,062,2907,3194,06:08 AM,22080,unresolved,observed,nmmt_schedule_6535
6535,21670,062,2907,3194,06:13 AM,22380,unresolved,observed,nmmt_schedule_6535
6535,21668,062,2907,3194,06:18 AM,22680,unresolved,observed,nmmt_schedule_6535
6535,23292,062,2907,3194,06:30 AM,23400,unresolved,observed,nmmt_schedule_6535
6535,21676,062,2907,3194,06:45 AM,24300,unresolved,observed,nmmt_schedule_6535
6535,23297,062,2907,3194,06:55 AM,24900,unresolved,observed,nmmt_schedule_6535
6535,21682,062,2907,3194,07:15 AM,26100,unresolved,observed,nmmt_schedule_6535
6535,21689,062,2907,3194,07:30 AM,27000,unresolved,observed,nmmt_schedule_6535
6535,21694,062,2907,3194,07:45 AM,27900,unresolved,observed,nmmt_schedule_6535
6535,21700,062,2907,3194,08:00 AM,28800,unresolved,observed,nmmt_schedule_6535
6535,21706,062,2907,3194,08:15 AM,29700,unresolved,observed,nmmt_schedule_6535
6535,23337,062,2907,3194,08:35 AM,30900,unresolved,observed,nmmt_schedule_6535
6535,23549,062,2907,3194,01:10 PM,47400,unresolved,observed,nmmt_schedule_6535
6535,23555,062,2907,3194,01:40 PM,49200,unresolved,observed,nmmt_schedule_6535
6535,25382,062,2907,3194,02:15 PM,51300,unresolved,observed,nmmt_schedule_6535
6535,25388,062,2907,3194,02:45 PM,53100,unresolved,observed,nmmt_schedule_6535
6535,25394,062,2907,3194,03:15 PM,54900,unresolved,observed,nmmt_schedule_6535
6535,25400,062,2907,3194,03:45 PM,56700,unresolved,observed,nmmt_schedule_6535
6535,25406,062,2907,3194,04:15 PM,58500,unresolved,observed,nmmt_schedule_6535
6535,23235,062,2907,3194,04:20 PM,58800,unresolved,observed,nmmt_schedule_6535
6535,23242,062,2907,3194,04:40 PM,60000,unresolved,observed,nmmt_schedule_6535
6535,25413,062,2907,3194,04:45 PM,60300,unresolved,observed,nmmt_schedule_6535
6535,23247,062,2907,3194,05:00 PM,61200,unresolved,observed,nmmt_schedule_6535
6536,21658,062,3194,2907,12:17 PM,44220,unresolved,observed,nmmt_schedule_6536
6536,23253,062,3194,2907,12:22 PM,44520,unresolved,observed,nmmt_schedule_6536
6536,23262,062,3194,2907,12:42 PM,45720,unresolved,observed,nmmt_schedule_6536
6536,21662,062,3194,2907,12:47 PM,46020,unresolved,observed,nmmt_schedule_6536
6536,23272,062,3194,2907,01:07 PM,47220,unresolved,observed,nmmt_schedule_6536
6536,21667,062,3194,2907,01:17 PM,47820,unresolved,observed,nmmt_schedule_6536
6536,21674,062,3194,2907,01:47 PM,49620,unresolved,observed,nmmt_schedule_6536
6536,21681,062,3194,2907,02:12 PM,51120,unresolved,observed,nmmt_schedule_6536
6536,21687,062,3194,2907,02:42 PM,52920,unresolved,observed,nmmt_schedule_6536
6536,21693,062,3194,2907,02:55 PM,53700,unresolved,observed,nmmt_schedule_6536
6536,21699,062,3194,2907,03:17 PM,55020,unresolved,observed,nmmt_schedule_6536
6536,21705,062,3194,2907,03:32 PM,55920,unresolved,observed,nmmt_schedule_6536
6536,21711,062,3194,2907,03:52 PM,57120,unresolved,observed,nmmt_schedule_6536
6536,25369,062,3194,2907,04:02 PM,57720,unresolved,observed,nmmt_schedule_6536
6536,23342,062,3194,2907,04:12 PM,58320,unresolved,observed,nmmt_schedule_6536
6536,23347,062,3194,2907,09:02 PM,75720,unresolved,observed,nmmt_schedule_6536
6536,23267,062,3194,2907,09:17 PM,76620,unresolved,observed,nmmt_schedule_6536
6536,23306,062,3194,2907,09:32 PM,77520,unresolved,observed,nmmt_schedule_6536
6536,23277,062,3194,2907,09:52 PM,78720,unresolved,observed,nmmt_schedule_6536
6536,23565,062,3194,2907,09:57 PM,79020,unresolved,observed,nmmt_schedule_6536
6536,23282,062,3194,2907,10:17 PM,80220,unresolved,observed,nmmt_schedule_6536
6536,23566,062,3194,2907,10:32 PM,81120,unresolved,observed,nmmt_schedule_6536
6536,23311,062,3194,2907,10:45 PM,81900,unresolved,observed,nmmt_schedule_6536
6536,23575,062,3194,2907,10:52 PM,82320,unresolved,observed,nmmt_schedule_6536
6536,23224,062,3194,2907,10:57 PM,82620,unresolved,observed,nmmt_schedule_6536
6536,23229,062,3194,2907,11:17 PM,83820,unresolved,observed,nmmt_schedule_6536
6536,23234,062,3194,2907,11:40 PM,85200,unresolved,observed,nmmt_schedule_6536
6536,23240,062,3194,2907,11:56 PM,86160,unresolved,observed,nmmt_schedule_6536
6536,23241,062,3194,2907,12:25 AM,1500,unresolved,observed,nmmt_schedule_6536
6536,23589,062,3194,2907,12:28 AM,1680,unresolved,observed,nmmt_schedule_6536
6543,25548,WS1,2692,3284,04:25 AM,15900,unresolved,observed,nmmt_schedule_6543
6551,25545,WS1,2540,2907,01:47 AM,6420,unresolved,observed,nmmt_schedule_6551
6551,25556,WS1,2540,2907,03:05 AM,11100,unresolved,observed,nmmt_schedule_6551
6560,25693,WST1AC,3173,2907,02:15 AM,8100,unresolved,observed,nmmt_schedule_6560
6560,25695,WST1AC,3173,2907,04:00 AM,14400,unresolved,observed,nmmt_schedule_6560
6560,25701,WST1AC,3173,2907,06:10 AM,22200,unresolved,observed,nmmt_schedule_6560
6560,25697,WST1AC,3173,2907,06:25 AM,23100,unresolved,observed,nmmt_schedule_6560
6564,25698,WST1AC,2907,4061,03:45 AM,13500,unresolved,observed,nmmt_schedule_6564
6585,15918,108 AC,2777,2895,04:45 PM,60300,unresolved,observed,nmmt_schedule_6585
6585,15922,108 AC,2777,2895,05:25 PM,62700,unresolved,observed,nmmt_schedule_6585
6585,21066,108 AC,2777,2895,05:45 PM,63900,unresolved,observed,nmmt_schedule_6585
6585,15926,108 AC,2777,2895,06:35 PM,66900,unresolved,observed,nmmt_schedule_6585
6750,23974,046,2907,4814,05:45 AM,20700,unresolved,observed,nmmt_schedule_6750
6750,23981,046,2907,4814,06:15 AM,22500,unresolved,observed,nmmt_schedule_6750
6751,23972,046,4486,4814,08:20 PM,73200,unresolved,observed,nmmt_schedule_6751
6751,23989,046,4486,4814,08:30 PM,73800,unresolved,observed,nmmt_schedule_6751
6804,25168,121 AC,2777,2908,09:20 AM,33600,unresolved,observed,nmmt_schedule_6804
6804,25148,121 AC,2777,2908,09:55 AM,35700,unresolved,observed,nmmt_schedule_6804
6804,25153,121 AC,2777,2908,10:05 AM,36300,unresolved,observed,nmmt_schedule_6804
6822,26018,109,2643,3137,11:28 AM,41280,unresolved,observed,nmmt_schedule_6822
6822,26050,109,2643,3137,12:00 PM,43200,unresolved,observed,nmmt_schedule_6822
6822,26029,109,2643,3137,12:50 PM,46200,unresolved,observed,nmmt_schedule_6822
6822,26061,109,2643,3137,01:25 PM,48300,unresolved,observed,nmmt_schedule_6822
6845,18679,042,2907,3194,06:00 AM,21600,unresolved,observed,nmmt_schedule_6845
6845,18588,042,2907,3194,06:05 AM,21900,unresolved,observed,nmmt_schedule_6845
6845,18688,042,2907,3194,06:20 AM,22800,unresolved,observed,nmmt_schedule_6845
6845,15548,042,2907,3194,06:27 AM,23220,unresolved,observed,nmmt_schedule_6845
6845,18689,042,2907,3194,06:40 AM,24000,unresolved,observed,nmmt_schedule_6845
6845,15549,042,2907,3194,06:50 AM,24600,unresolved,observed,nmmt_schedule_6845
6845,18694,042,2907,3194,07:07 AM,25620,unresolved,observed,nmmt_schedule_6845
6845,18699,042,2907,3194,07:27 AM,26820,unresolved,observed,nmmt_schedule_6845
6845,15554,042,2907,3194,07:32 AM,27120,unresolved,observed,nmmt_schedule_6845
6845,18613,042,2907,3194,07:38 AM,27480,unresolved,observed,nmmt_schedule_6845
6845,22283,042,2907,3194,07:50 AM,28200,unresolved,observed,nmmt_schedule_6845
6845,22289,042,2907,3194,12:45 PM,45900,unresolved,observed,nmmt_schedule_6845
6845,22295,042,2907,3194,01:12 PM,47520,unresolved,observed,nmmt_schedule_6845
6845,22301,042,2907,3194,01:35 PM,48900,unresolved,observed,nmmt_schedule_6845
6845,22307,042,2907,3194,01:59 PM,50340,unresolved,observed,nmmt_schedule_6845
6845,22313,042,2907,3194,02:25 PM,51900,unresolved,observed,nmmt_schedule_6845
6845,22319,042,2907,3194,02:40 PM,52800,unresolved,observed,nmmt_schedule_6845
6845,22325,042,2907,3194,03:17 PM,55020,unresolved,observed,nmmt_schedule_6845
6845,22331,042,2907,3194,03:40 PM,56400,unresolved,observed,nmmt_schedule_6845
6845,15580,042,2907,3194,03:55 PM,57300,unresolved,observed,nmmt_schedule_6845
6845,22337,042,2907,3194,04:05 PM,57900,unresolved,observed,nmmt_schedule_6845
6845,18751,042,2907,3194,04:20 PM,58800,unresolved,observed,nmmt_schedule_6845
6845,22344,042,2907,3194,04:30 PM,59400,unresolved,observed,nmmt_schedule_6845
6845,18650,042,2907,3194,04:49 PM,60540,unresolved,observed,nmmt_schedule_6845
6846,22237,042,3194,2907,10:27 AM,37620,unresolved,observed,nmmt_schedule_6846
6846,18596,042,3194,2907,10:29 AM,37740,unresolved,observed,nmmt_schedule_6846
6846,18602,042,3194,2907,11:24 AM,41040,unresolved,observed,nmmt_schedule_6846
6846,18658,042,3194,2907,11:25 AM,41100,unresolved,observed,nmmt_schedule_6846
6846,22242,042,3194,2907,11:31 AM,41460,unresolved,observed,nmmt_schedule_6846
6846,18664,042,3194,2907,11:47 AM,42420,unresolved,observed,nmmt_schedule_6846
6846,22247,042,3194,2907,11:49 AM,42540,unresolved,observed,nmmt_schedule_6846
6846,18669,042,3194,2907,12:05 PM,43500,unresolved,observed,nmmt_schedule_6846
6846,22252,042,3194,2907,12:09 PM,43740,unresolved,observed,nmmt_schedule_6846
6846,22258,042,3194,2907,12:28 PM,44880,unresolved,observed,nmmt_schedule_6846
6846,22264,042,3194,2907,12:53 PM,46380,unresolved,observed,nmmt_schedule_6846
6846,22270,042,3194,2907,01:22 PM,48120,unresolved,observed,nmmt_schedule_6846
6846,22276,042,3194,2907,01:54 PM,50040,unresolved,observed,nmmt_schedule_6846
6846,22282,042,3194,2907,02:22 PM,51720,unresolved,observed,nmmt_schedule_6846
6846,22288,042,3194,2907,02:59 PM,53940,unresolved,observed,nmmt_schedule_6846
6846,18708,042,3194,2907,08:32 PM,73920,unresolved,observed,nmmt_schedule_6846
6846,22294,042,3194,2907,08:37 PM,74220,unresolved,observed,nmmt_schedule_6846
6846,18713,042,3194,2907,08:57 PM,75420,unresolved,observed,nmmt_schedule_6846
6846,22300,042,3194,2907,09:00 PM,75600,unresolved,observed,nmmt_schedule_6846
6846,22306,042,3194,2907,09:22 PM,76920,unresolved,observed,nmmt_schedule_6846
6846,18718,042,3194,2907,09:27 PM,77220,unresolved,observed,nmmt_schedule_6846
6846,18622,042,3194,2907,09:37 PM,77820,unresolved,observed,nmmt_schedule_6846
6846,22312,042,3194,2907,09:45 PM,78300,unresolved,observed,nmmt_schedule_6846
6846,18723,042,3194,2907,09:52 PM,78720,unresolved,observed,nmmt_schedule_6846
6846,15569,042,3194,2907,10:07 PM,79620,unresolved,observed,nmmt_schedule_6846
6846,22318,042,3194,2907,10:08 PM,79680,unresolved,observed,nmmt_schedule_6846
6846,18728,042,3194,2907,10:17 PM,80220,unresolved,observed,nmmt_schedule_6846
6846,22324,042,3194,2907,10:30 PM,81000,unresolved,observed,nmmt_schedule_6846
6846,15574,042,3194,2907,10:36 PM,81360,unresolved,observed,nmmt_schedule_6846
6846,18733,042,3194,2907,10:42 PM,81720,unresolved,observed,nmmt_schedule_6846
6846,22330,042,3194,2907,10:57 PM,82620,unresolved,observed,nmmt_schedule_6846
6846,18738,042,3194,2907,11:02 PM,82920,unresolved,observed,nmmt_schedule_6846
6846,15579,042,3194,2907,11:03 PM,82980,unresolved,observed,nmmt_schedule_6846
6846,22336,042,3194,2907,11:27 PM,84420,unresolved,observed,nmmt_schedule_6846
6846,15585,042,3194,2907,11:30 PM,84600,unresolved,observed,nmmt_schedule_6846
6846,18743,042,3194,2907,11:37 PM,85020,unresolved,observed,nmmt_schedule_6846
6846,22342,042,3194,2907,11:52 PM,85920,unresolved,observed,nmmt_schedule_6846
6846,18648,042,3194,2907,11:57 PM,86220,unresolved,observed,nmmt_schedule_6846
6846,15595,042,3194,2907,12:21 AM,1260,unresolved,observed,nmmt_schedule_6846
6846,15562,042,3194,2907,09:37 PM,77820,unresolved,observed,nmmt_schedule_6846
6847,18589,042,3194,3031,06:20 AM,22800,unresolved,observed,nmmt_schedule_6847
6847,22266,042,3194,3031,06:42 AM,24120,unresolved,observed,nmmt_schedule_6847
6847,15544,042,3194,3031,06:44 AM,24240,unresolved,observed,nmmt_schedule_6847
6847,22272,042,3194,3031,07:05 AM,25500,unresolved,observed,nmmt_schedule_6847
6847,15550,042,3194,3031,07:08 AM,25680,unresolved,observed,nmmt_schedule_6847
6847,22235,042,3194,3031,07:28 AM,26880,unresolved,observed,nmmt_schedule_6847
6847,18594,042,3194,3031,07:31 AM,27060,unresolved,observed,nmmt_schedule_6847
6847,15556,042,3194,3031,07:47 AM,28020,unresolved,observed,nmmt_schedule_6847
6847,18614,042,3194,3031,07:55 AM,28500,unresolved,observed,nmmt_schedule_6847
6847,22284,042,3194,3031,08:06 AM,29160,unresolved,observed,nmmt_schedule_6847
6847,18600,042,3194,3031,08:19 AM,29940,unresolved,observed,nmmt_schedule_6847
6847,22240,042,3194,3031,08:26 AM,30360,unresolved,observed,nmmt_schedule_6847
6847,22245,042,3194,3031,08:44 AM,31440,unresolved,observed,nmmt_schedule_6847
6847,22250,042,3194,3031,09:04 AM,32640,unresolved,observed,nmmt_schedule_6847
6847,18586,042,3194,3031,09:11 AM,33060,unresolved,observed,nmmt_schedule_6847
6847,22256,042,3194,3031,09:24 AM,33840,unresolved,observed,nmmt_schedule_6847
6847,22262,042,3194,3031,09:46 AM,35160,unresolved,observed,nmmt_schedule_6847
6847,15546,042,3194,3031,10:07 AM,36420,unresolved,observed,nmmt_schedule_6847
6847,22268,042,3194,3031,10:15 AM,36900,unresolved,observed,nmmt_schedule_6847
6847,15552,042,3194,3031,10:34 AM,38040,unresolved,observed,nmmt_schedule_6847
6847,22274,042,3194,3031,10:47 AM,38820,unresolved,observed,nmmt_schedule_6847
6847,15558,042,3194,3031,11:22 AM,40920,unresolved,observed,nmmt_schedule_6847
6847,18616,042,3194,3031,11:38 AM,41880,unresolved,observed,nmmt_schedule_6847
6847,22286,042,3194,3031,12:00 PM,43200,unresolved,observed,nmmt_schedule_6847
6847,22290,042,3194,3031,01:00 PM,46800,unresolved,observed,nmmt_schedule_6847
6847,22296,042,3194,3031,01:27 PM,48420,unresolved,observed,nmmt_schedule_6847
6847,22302,042,3194,3031,01:50 PM,49800,unresolved,observed,nmmt_schedule_6847
6847,15560,042,3194,3031,02:12 PM,51120,unresolved,observed,nmmt_schedule_6847
6847,22308,042,3194,3031,02:17 PM,51420,unresolved,observed,nmmt_schedule_6847
6847,22314,042,3194,3031,02:40 PM,52800,unresolved,observed,nmmt_schedule_6847
6847,15565,042,3194,3031,02:43 PM,52980,unresolved,observed,nmmt_schedule_6847
6847,22320,042,3194,3031,03:05 PM,54300,unresolved,observed,nmmt_schedule_6847
6847,15570,042,3194,3031,03:16 PM,54960,unresolved,observed,nmmt_schedule_6847
6847,22326,042,3194,3031,03:32 PM,55920,unresolved,observed,nmmt_schedule_6847
6847,15575,042,3194,3031,03:43 PM,56580,unresolved,observed,nmmt_schedule_6847
6847,22332,042,3194,3031,03:55 PM,57300,unresolved,observed,nmmt_schedule_6847
6847,15581,042,3194,3031,04:12 PM,58320,unresolved,observed,nmmt_schedule_6847
6847,22338,042,3194,3031,04:20 PM,58800,unresolved,observed,nmmt_schedule_6847
6847,15586,042,3194,3031,04:35 PM,59700,unresolved,observed,nmmt_schedule_6847
6847,22345,042,3194,3031,04:45 PM,60300,unresolved,observed,nmmt_schedule_6847
6847,18651,042,3194,3031,05:04 PM,61440,unresolved,observed,nmmt_schedule_6847
6847,22292,042,3194,3031,05:10 PM,61800,unresolved,observed,nmmt_schedule_6847
6847,22298,042,3194,3031,05:33 PM,63180,unresolved,observed,nmmt_schedule_6847
6847,22304,042,3194,3031,05:55 PM,64500,unresolved,observed,nmmt_schedule_6847
6847,15563,042,3194,3031,06:00 PM,64800,unresolved,observed,nmmt_schedule_6847
6847,22310,042,3194,3031,06:20 PM,66000,unresolved,observed,nmmt_schedule_6847
6847,15567,042,3194,3031,06:32 PM,66720,unresolved,observed,nmmt_schedule_6847
6847,22316,042,3194,3031,06:45 PM,67500,unresolved,observed,nmmt_schedule_6847
6847,15572,042,3194,3031,07:05 PM,68700,unresolved,observed,nmmt_schedule_6847
6847,22322,042,3194,3031,07:08 PM,68880,unresolved,observed,nmmt_schedule_6847
6847,15577,042,3194,3031,07:35 PM,70500,unresolved,observed,nmmt_schedule_6847
6847,22328,042,3194,3031,07:40 PM,70800,unresolved,observed,nmmt_schedule_6847
6847,22334,042,3194,3031,08:10 PM,72600,unresolved,observed,nmmt_schedule_6847
6847,15588,042,3194,3031,08:38 PM,74280,unresolved,observed,nmmt_schedule_6847
6847,22340,042,3194,3031,08:40 PM,74400,unresolved,observed,nmmt_schedule_6847
6847,15593,042,3194,3031,09:08 PM,76080,unresolved,observed,nmmt_schedule_6847
6847,22347,042,3194,3031,09:10 PM,76200,unresolved,observed,nmmt_schedule_6847
6847,18627,042,3194,3031,10:07 PM,79620,unresolved,observed,nmmt_schedule_6847
6848,22234,042,3031,3194,05:30 AM,19800,unresolved,observed,nmmt_schedule_6848
6848,18593,042,3031,3194,05:35 AM,20100,unresolved,observed,nmmt_schedule_6848
6848,18599,042,3031,3194,06:10 AM,22200,unresolved,observed,nmmt_schedule_6848
6848,22244,042,3031,3194,06:35 AM,23700,unresolved,observed,nmmt_schedule_6848
6848,22249,042,3031,3194,06:58 AM,25080,unresolved,observed,nmmt_schedule_6848
6848,18585,042,3031,3194,07:19 AM,26340,unresolved,observed,nmmt_schedule_6848
6848,18590,042,3031,3194,07:41 AM,27660,unresolved,observed,nmmt_schedule_6848
6848,22267,042,3031,3194,08:04 AM,29040,unresolved,observed,nmmt_schedule_6848
6848,15545,042,3031,3194,08:06 AM,29160,unresolved,observed,nmmt_schedule_6848
6848,22273,042,3031,3194,08:27 AM,30420,unresolved,observed,nmmt_schedule_6848
6848,15551,042,3031,3194,08:30 AM,30600,unresolved,observed,nmmt_schedule_6848
6848,22236,042,3031,3194,08:55 AM,32100,unresolved,observed,nmmt_schedule_6848
6848,18595,042,3031,3194,08:57 AM,32220,unresolved,observed,nmmt_schedule_6848
6848,15557,042,3031,3194,09:18 AM,33480,unresolved,observed,nmmt_schedule_6848
6848,18615,042,3031,3194,09:26 AM,33960,unresolved,observed,nmmt_schedule_6848
6848,22285,042,3031,3194,09:39 AM,34740,unresolved,observed,nmmt_schedule_6848
6848,18601,042,3031,3194,09:52 AM,35520,unresolved,observed,nmmt_schedule_6848
6848,22241,042,3031,3194,09:59 AM,35940,unresolved,observed,nmmt_schedule_6848
6848,22246,042,3031,3194,10:17 AM,37020,unresolved,observed,nmmt_schedule_6848
6848,22251,042,3031,3194,10:37 AM,38220,unresolved,observed,nmmt_schedule_6848
6848,18587,042,3031,3194,10:49 AM,38940,unresolved,observed,nmmt_schedule_6848
6848,22257,042,3031,3194,10:59 AM,39540,unresolved,observed,nmmt_schedule_6848
6848,18592,042,3031,3194,11:13 AM,40380,unresolved,observed,nmmt_schedule_6848
6848,22263,042,3031,3194,11:21 AM,40860,unresolved,observed,nmmt_schedule_6848
6848,15547,042,3031,3194,11:40 AM,42000,unresolved,observed,nmmt_schedule_6848
6848,22269,042,3031,3194,11:50 AM,42600,unresolved,observed,nmmt_schedule_6848
6848,15553,042,3031,3194,12:07 PM,43620,unresolved,observed,nmmt_schedule_6848
6848,22275,042,3031,3194,12:22 PM,44520,unresolved,observed,nmmt_schedule_6848
6848,15555,042,3031,3194,12:55 PM,46500,unresolved,observed,nmmt_schedule_6848
6848,18617,042,3031,3194,01:13 PM,47580,unresolved,observed,nmmt_schedule_6848
6848,22287,042,3031,3194,01:32 PM,48720,unresolved,observed,nmmt_schedule_6848
6848,22291,042,3031,3194,02:32 PM,52320,unresolved,observed,nmmt_schedule_6848
6848,22297,042,3031,3194,02:59 PM,53940,unresolved,observed,nmmt_schedule_6848
6848,15561,042,3031,3194,03:20 PM,55200,unresolved,observed,nmmt_schedule_6848
6848,22303,042,3031,3194,03:25 PM,55500,unresolved,observed,nmmt_schedule_6848
6848,18619,042,3031,3194,03:40 PM,56400,unresolved,observed,nmmt_schedule_6848
6848,22309,042,3031,3194,03:48 PM,56880,unresolved,observed,nmmt_schedule_6848
6848,15566,042,3031,3194,04:15 PM,58500,unresolved,observed,nmmt_schedule_6848
6848,22315,042,3031,3194,04:18 PM,58680,unresolved,observed,nmmt_schedule_6848
6848,22321,042,3031,3194,04:40 PM,60000,unresolved,observed,nmmt_schedule_6848
6848,15571,042,3031,3194,04:50 PM,60600,unresolved,observed,nmmt_schedule_6848
6848,22327,042,3031,3194,05:07 PM,61620,unresolved,observed,nmmt_schedule_6848
6848,15576,042,3031,3194,05:18 PM,62280,unresolved,observed,nmmt_schedule_6848
6848,22333,042,3031,3194,05:30 PM,63000,unresolved,observed,nmmt_schedule_6848
6848,15582,042,3031,3194,05:47 PM,64020,unresolved,observed,nmmt_schedule_6848
6848,22339,042,3031,3194,06:05 PM,65100,unresolved,observed,nmmt_schedule_6848
6848,15587,042,3031,3194,06:20 PM,66000,unresolved,observed,nmmt_schedule_6848
6848,22346,042,3031,3194,06:30 PM,66600,unresolved,observed,nmmt_schedule_6848
6848,15594,042,3031,3194,06:50 PM,67800,unresolved,observed,nmmt_schedule_6848
6848,22293,042,3031,3194,06:55 PM,68100,unresolved,observed,nmmt_schedule_6848
6848,22299,042,3031,3194,07:18 PM,69480,unresolved,observed,nmmt_schedule_6848
6848,22305,042,3031,3194,07:40 PM,70800,unresolved,observed,nmmt_schedule_6848
6848,18621,042,3031,3194,07:53 PM,71580,unresolved,observed,nmmt_schedule_6848
6848,22311,042,3031,3194,08:05 PM,72300,unresolved,observed,nmmt_schedule_6848
6848,15568,042,3031,3194,08:24 PM,73440,unresolved,observed,nmmt_schedule_6848
6848,22317,042,3031,3194,08:30 PM,73800,unresolved,observed,nmmt_schedule_6848
6848,22323,042,3031,3194,08:53 PM,75180,unresolved,observed,nmmt_schedule_6848
6848,15573,042,3031,3194,08:55 PM,75300,unresolved,observed,nmmt_schedule_6848
6848,22329,042,3031,3194,09:22 PM,76920,unresolved,observed,nmmt_schedule_6848
6848,15578,042,3031,3194,09:25 PM,77100,unresolved,observed,nmmt_schedule_6848
6848,22335,042,3031,3194,09:53 PM,78780,unresolved,observed,nmmt_schedule_6848
6848,15584,042,3031,3194,09:55 PM,78900,unresolved,observed,nmmt_schedule_6848
6848,22341,042,3031,3194,10:20 PM,80400,unresolved,observed,nmmt_schedule_6848
6848,18647,042,3031,3194,10:25 PM,80700,unresolved,observed,nmmt_schedule_6848
6848,18654,042,3031,3194,10:50 PM,82200,unresolved,observed,nmmt_schedule_6848
6881,18676,042,4814,3031,05:51 AM,21060,unresolved,observed,nmmt_schedule_6881
6881,18584,042,4814,3031,05:56 AM,21360,unresolved,observed,nmmt_schedule_6881
6881,18591,042,4814,3031,09:37 AM,34620,unresolved,observed,nmmt_schedule_6881
6882,18675,042,2907,4814,05:41 AM,20460,unresolved,observed,nmmt_schedule_6882
6882,18583,042,2907,4814,05:46 AM,20760,unresolved,observed,nmmt_schedule_6882
6975,17086,059,3461,3406,05:50 AM,21000,unresolved,observed,nmmt_schedule_6975
6975,17102,059,3461,3406,06:05 AM,21900,unresolved,observed,nmmt_schedule_6975
6975,17202,059,3461,3406,06:10 AM,22200,unresolved,observed,nmmt_schedule_6975
6975,17040,059,3461,3406,06:15 AM,22500,unresolved,observed,nmmt_schedule_6975
6975,17084,059,3461,3406,06:31 AM,23460,unresolved,observed,nmmt_schedule_6975
6975,17326,059,3461,3406,06:33 AM,23580,unresolved,observed,nmmt_schedule_6975
6975,17105,059,3461,3406,06:47 AM,24420,unresolved,observed,nmmt_schedule_6975
6975,17203,059,3461,3406,06:58 AM,25080,unresolved,observed,nmmt_schedule_6975
6975,17127,059,3461,3406,07:00 AM,25200,unresolved,observed,nmmt_schedule_6975
6975,17041,059,3461,3406,07:12 AM,25920,unresolved,observed,nmmt_schedule_6975
6975,17335,059,3461,3406,07:23 AM,26580,unresolved,observed,nmmt_schedule_6975
6975,17087,059,3461,3406,07:24 AM,26640,unresolved,observed,nmmt_schedule_6975
6975,17107,059,3461,3406,07:36 AM,27360,unresolved,observed,nmmt_schedule_6975
6975,17205,059,3461,3406,07:48 AM,28080,unresolved,observed,nmmt_schedule_6975
6975,17128,059,3461,3406,07:49 AM,28140,unresolved,observed,nmmt_schedule_6975
6975,17043,059,3461,3406,08:02 AM,28920,unresolved,observed,nmmt_schedule_6975
6975,17328,059,3461,3406,08:13 AM,29580,unresolved,observed,nmmt_schedule_6975
6975,17096,059,3461,3406,08:14 AM,29640,unresolved,observed,nmmt_schedule_6975
6975,17109,059,3461,3406,08:26 AM,30360,unresolved,observed,nmmt_schedule_6975
6975,17212,059,3461,3406,08:38 AM,31080,unresolved,observed,nmmt_schedule_6975
6975,17122,059,3461,3406,08:39 AM,31140,unresolved,observed,nmmt_schedule_6975
6975,17045,059,3461,3406,08:52 AM,31920,unresolved,observed,nmmt_schedule_6975
6975,17337,059,3461,3406,09:03 AM,32580,unresolved,observed,nmmt_schedule_6975
6975,17090,059,3461,3406,09:04 AM,32640,unresolved,observed,nmmt_schedule_6975
6975,17111,059,3461,3406,09:16 AM,33360,unresolved,observed,nmmt_schedule_6975
6975,17251,059,3461,3406,09:28 AM,34080,unresolved,observed,nmmt_schedule_6975
6975,17124,059,3461,3406,09:29 AM,34140,unresolved,observed,nmmt_schedule_6975
6975,17047,059,3461,3406,09:42 AM,34920,unresolved,observed,nmmt_schedule_6975
6975,17324,059,3461,3406,09:53 AM,35580,unresolved,observed,nmmt_schedule_6975
6975,17092,059,3461,3406,09:54 AM,35640,unresolved,observed,nmmt_schedule_6975
6975,17138,059,3461,3406,10:06 AM,36360,unresolved,observed,nmmt_schedule_6975
6975,17253,059,3461,3406,10:18 AM,37080,unresolved,observed,nmmt_schedule_6975
6975,17174,059,3461,3406,10:19 AM,37140,unresolved,observed,nmmt_schedule_6975
6975,17049,059,3461,3406,10:32 AM,37920,unresolved,observed,nmmt_schedule_6975
6975,17094,059,3461,3406,10:43 AM,38580,unresolved,observed,nmmt_schedule_6975
6975,17130,059,3461,3406,10:56 AM,39360,unresolved,observed,nmmt_schedule_6975
6975,25888,059,3461,3406,11:03 AM,39780,unresolved,observed,nmmt_schedule_6975
6975,17255,059,3461,3406,11:08 AM,40080,unresolved,observed,nmmt_schedule_6975
6975,17176,059,3461,3406,11:09 AM,40140,unresolved,observed,nmmt_schedule_6975
6975,17118,059,3461,3406,11:22 AM,40920,unresolved,observed,nmmt_schedule_6975
6975,17214,059,3461,3406,11:33 AM,41580,unresolved,observed,nmmt_schedule_6975
6975,17100,059,3461,3406,11:34 AM,41640,unresolved,observed,nmmt_schedule_6975
6975,17132,059,3461,3406,11:46 AM,42360,unresolved,observed,nmmt_schedule_6975
6975,25890,059,3461,3406,11:50 AM,42600,unresolved,observed,nmmt_schedule_6975
6975,17330,059,3461,3406,11:58 AM,43080,unresolved,observed,nmmt_schedule_6975
6975,17178,059,3461,3406,11:59 AM,43140,unresolved,observed,nmmt_schedule_6975
6975,17117,059,3461,3406,12:12 PM,43920,unresolved,observed,nmmt_schedule_6975
6975,17215,059,3461,3406,12:23 PM,44580,unresolved,observed,nmmt_schedule_6975
6975,17112,059,3461,3406,12:24 PM,44640,unresolved,observed,nmmt_schedule_6975
6975,17135,059,3461,3406,12:36 PM,45360,unresolved,observed,nmmt_schedule_6975
6975,17329,059,3461,3406,12:48 PM,46080,unresolved,observed,nmmt_schedule_6975
6975,17180,059,3461,3406,12:49 PM,46140,unresolved,observed,nmmt_schedule_6975
6975,25892,059,3461,3406,12:50 PM,46200,unresolved,observed,nmmt_schedule_6975
6975,17114,059,3461,3406,01:06 PM,47160,unresolved,observed,nmmt_schedule_6975
6975,17216,059,3461,3406,01:13 PM,47580,unresolved,observed,nmmt_schedule_6975
6975,17097,059,3461,3406,01:22 PM,48120,unresolved,observed,nmmt_schedule_6975
6975,17182,059,3461,3406,01:38 PM,49080,unresolved,observed,nmmt_schedule_6975
6975,17116,059,3461,3406,01:55 PM,50100,unresolved,observed,nmmt_schedule_6975
6975,17257,059,3461,3406,02:03 PM,50580,unresolved,observed,nmmt_schedule_6975
6975,16986,059,3461,3406,02:12 PM,51120,unresolved,observed,nmmt_schedule_6975
6975,17184,059,3461,3406,02:28 PM,52080,unresolved,observed,nmmt_schedule_6975
6975,17137,059,3461,3406,02:45 PM,53100,unresolved,observed,nmmt_schedule_6975
6975,17259,059,3461,3406,02:53 PM,53580,unresolved,observed,nmmt_schedule_6975
6975,16981,059,3461,3406,03:02 PM,54120,unresolved,observed,nmmt_schedule_6975
6975,17026,059,3461,3406,03:18 PM,55080,unresolved,observed,nmmt_schedule_6975
6975,17149,059,3461,3406,03:35 PM,56100,unresolved,observed,nmmt_schedule_6975
6975,17261,059,3461,3406,03:43 PM,56580,unresolved,observed,nmmt_schedule_6975
6975,17157,059,3461,3406,03:52 PM,57120,unresolved,observed,nmmt_schedule_6975
6975,17297,059,3461,3406,04:05 PM,57900,unresolved,observed,nmmt_schedule_6975
6975,17186,059,3461,3406,04:10 PM,58200,unresolved,observed,nmmt_schedule_6975
6975,17139,059,3461,3406,04:25 PM,59100,unresolved,observed,nmmt_schedule_6975
6975,17249,059,3461,3406,04:30 PM,59400,unresolved,observed,nmmt_schedule_6975
6975,17158,059,3461,3406,04:42 PM,60120,unresolved,observed,nmmt_schedule_6975
6975,16983,059,3461,3406,04:55 PM,60900,unresolved,observed,nmmt_schedule_6975
6975,17188,059,3461,3406,05:05 PM,61500,unresolved,observed,nmmt_schedule_6975
6975,17152,059,3461,3406,05:21 PM,62460,unresolved,observed,nmmt_schedule_6975
6975,17160,059,3461,3406,05:34 PM,63240,unresolved,observed,nmmt_schedule_6975
6975,16993,059,3461,3406,05:47 PM,64020,unresolved,observed,nmmt_schedule_6975
6975,17321,059,3461,3406,05:57 PM,64620,unresolved,observed,nmmt_schedule_6975
6975,17190,059,3461,3406,06:00 PM,64800,unresolved,observed,nmmt_schedule_6975
6975,17141,059,3461,3406,06:13 PM,65580,unresolved,observed,nmmt_schedule_6975
6975,17343,059,3461,3406,06:23 PM,66180,unresolved,observed,nmmt_schedule_6975
6975,17162,059,3461,3406,06:26 PM,66360,unresolved,observed,nmmt_schedule_6975
6975,16988,059,3461,3406,06:36 PM,66960,unresolved,observed,nmmt_schedule_6975
6975,17311,059,3461,3406,06:49 PM,67740,unresolved,observed,nmmt_schedule_6975
6975,17192,059,3461,3406,06:52 PM,67920,unresolved,observed,nmmt_schedule_6975
6975,17142,059,3461,3406,07:05 PM,68700,unresolved,observed,nmmt_schedule_6975
6975,17301,059,3461,3406,07:15 PM,69300,unresolved,observed,nmmt_schedule_6975
6975,17027,059,3461,3406,07:18 PM,69480,unresolved,observed,nmmt_schedule_6975
6975,16990,059,3461,3406,07:31 PM,70260,unresolved,observed,nmmt_schedule_6975
6975,17313,059,3461,3406,07:41 PM,70860,unresolved,observed,nmmt_schedule_6975
6975,17194,059,3461,3406,07:44 PM,71040,unresolved,observed,nmmt_schedule_6975
6975,17164,059,3461,3406,07:57 PM,71820,unresolved,observed,nmmt_schedule_6975
6975,17303,059,3461,3406,08:07 PM,72420,unresolved,observed,nmmt_schedule_6975
6975,17028,059,3461,3406,08:10 PM,72600,unresolved,observed,nmmt_schedule_6975
6975,16992,059,3461,3406,08:23 PM,73380,unresolved,observed,nmmt_schedule_6975
6975,17315,059,3461,3406,08:32 PM,73920,unresolved,observed,nmmt_schedule_6975
6975,17166,059,3461,3406,08:49 PM,74940,unresolved,observed,nmmt_schedule_6975
6975,17296,059,3461,3406,08:57 PM,75420,unresolved,observed,nmmt_schedule_6975
6975,17034,059,3461,3406,09:02 PM,75720,unresolved,observed,nmmt_schedule_6975
6975,17196,059,3461,3406,09:15 PM,76500,unresolved,observed,nmmt_schedule_6975
6975,17317,059,3461,3406,09:22 PM,76920,unresolved,observed,nmmt_schedule_6975
6975,17146,059,3461,3406,09:28 PM,77280,unresolved,observed,nmmt_schedule_6975
6975,17168,059,3461,3406,09:40 PM,78000,unresolved,observed,nmmt_schedule_6975
6975,17305,059,3461,3406,09:50 PM,78600,unresolved,observed,nmmt_schedule_6975
6975,17036,059,3461,3406,09:53 PM,78780,unresolved,observed,nmmt_schedule_6975
6975,17198,059,3461,3406,10:06 PM,79560,unresolved,observed,nmmt_schedule_6975
6975,17319,059,3461,3406,10:10 PM,79800,unresolved,observed,nmmt_schedule_6975
6975,17155,059,3461,3406,10:20 PM,80400,unresolved,observed,nmmt_schedule_6975
6975,17170,059,3461,3406,10:30 PM,81000,unresolved,observed,nmmt_schedule_6975
6975,17307,059,3461,3406,10:50 PM,82200,unresolved,observed,nmmt_schedule_6975
7031,15160,059,3461,2692,02:09 PM,50940,unresolved,observed,nmmt_schedule_7031
7031,15176,059,3461,2692,08:45 PM,74700,unresolved,observed,nmmt_schedule_7031
7031,17033,059,3461,2692,10:40 PM,81600,unresolved,observed,nmmt_schedule_7031
7031,7533,059,3461,2692,11:10 PM,83400,unresolved,observed,nmmt_schedule_7031
7088,17085,059,2692,3461,05:40 AM,20400,unresolved,observed,nmmt_schedule_7088
7088,17101,059,2692,3461,05:55 AM,21300,unresolved,observed,nmmt_schedule_7088
7088,15149,059,2692,3461,06:20 AM,22800,unresolved,observed,nmmt_schedule_7088
7088,17126,059,2692,3461,06:45 AM,24300,unresolved,observed,nmmt_schedule_7088
7088,17172,059,2692,3461,03:27 PM,55620,unresolved,observed,nmmt_schedule_7088
7107,23973,046,4814,2907,10:02 PM,79320,unresolved,observed,nmmt_schedule_7107
7107,23990,046,4814,2907,10:12 PM,79920,unresolved,observed,nmmt_schedule_7107
7144,24592,107 AC,2777,2515,09:40 AM,34800,unresolved,observed,nmmt_schedule_7144
7144,24597,107 AC,2777,2515,06:00 PM,64800,unresolved,observed,nmmt_schedule_7144
7194,20768,110 AC,3339,2777,07:30 AM,27000,unresolved,observed,nmmt_schedule_7194
7247,25855,058Sch,2692,3405,09:15 AM,33300,unresolved,observed,nmmt_schedule_7247
7247,25873,058Sch,2692,3405,09:17 AM,33420,unresolved,observed,nmmt_schedule_7247
7247,25865,058Sch,2692,3405,09:20 AM,33600,unresolved,observed,nmmt_schedule_7247
7248,25886,058Sch,2692,3399,09:20 AM,33600,unresolved,observed,nmmt_schedule_7248
7249,25894,058Sch,2692,3400,09:25 AM,33900,unresolved,observed,nmmt_schedule_7249
7250,25885,058Sch,3405,2692,05:17 PM,62220,unresolved,observed,nmmt_schedule_7250
7252,25872,058Sch,3399,2692,05:18 PM,62280,unresolved,observed,nmmt_schedule_7252
7252,25893,058Sch,3399,2692,05:22 PM,62520,unresolved,observed,nmmt_schedule_7252
7253,25903,058Sch,3399,2692,05:17 PM,62220,unresolved,observed,nmmt_schedule_7253
7321,24746,031,2908,3306,04:27 AM,16020,unresolved,observed,nmmt_schedule_7321
7321,23061,031,2908,3306,04:32 AM,16320,unresolved,observed,nmmt_schedule_7321
7321,24747,031,2908,3306,04:52 AM,17520,unresolved,observed,nmmt_schedule_7321
7321,23071,031,2908,3306,05:17 AM,19020,unresolved,observed,nmmt_schedule_7321
7321,24752,031,2908,3306,05:22 AM,19320,unresolved,observed,nmmt_schedule_7321
7321,23076,031,2908,3306,05:44 AM,20640,unresolved,observed,nmmt_schedule_7321
7321,24756,031,2908,3306,05:47 AM,20820,unresolved,observed,nmmt_schedule_7321
7321,23080,031,2908,3306,06:02 AM,21720,unresolved,observed,nmmt_schedule_7321
7321,24760,031,2908,3306,06:12 AM,22320,unresolved,observed,nmmt_schedule_7321
7321,23084,031,2908,3306,06:22 AM,22920,unresolved,observed,nmmt_schedule_7321
7321,23088,031,2908,3306,06:32 AM,23520,unresolved,observed,nmmt_schedule_7321
7321,24764,031,2908,3306,06:42 AM,24120,unresolved,observed,nmmt_schedule_7321
7321,23092,031,2908,3306,06:47 AM,24420,unresolved,observed,nmmt_schedule_7321
7321,23096,031,2908,3306,07:07 AM,25620,unresolved,observed,nmmt_schedule_7321
7321,23100,031,2908,3306,07:27 AM,26820,unresolved,observed,nmmt_schedule_7321
7321,24772,031,2908,3306,07:33 AM,27180,unresolved,observed,nmmt_schedule_7321
7321,23104,031,2908,3306,07:42 AM,27720,unresolved,observed,nmmt_schedule_7321
7333,17828,002 Ex,4077,3173,07:20 AM,26400,unresolved,observed,nmmt_schedule_7333
7333,17838,002 Ex,4077,3173,07:35 AM,27300,unresolved,observed,nmmt_schedule_7333
7333,19532,002 Ex,4077,3173,07:40 AM,27600,unresolved,observed,nmmt_schedule_7333
7333,17848,002 Ex,4077,3173,07:50 AM,28200,unresolved,observed,nmmt_schedule_7333
7333,19542,002 Ex,4077,3173,07:56 AM,28560,unresolved,observed,nmmt_schedule_7333
7333,17763,002 Ex,4077,3173,08:03 AM,28980,unresolved,observed,nmmt_schedule_7333
7333,19555,002 Ex,4077,3173,08:12 AM,29520,unresolved,observed,nmmt_schedule_7333
7333,17858,002 Ex,4077,3173,08:17 AM,29820,unresolved,observed,nmmt_schedule_7333
7333,19565,002 Ex,4077,3173,08:28 AM,30480,unresolved,observed,nmmt_schedule_7333
7333,17868,002 Ex,4077,3173,08:31 AM,30660,unresolved,observed,nmmt_schedule_7333
7333,17830,002 Ex,4077,3173,08:38 AM,31080,unresolved,observed,nmmt_schedule_7333
7333,19576,002 Ex,4077,3173,08:47 AM,31620,unresolved,observed,nmmt_schedule_7333
7333,17840,002 Ex,4077,3173,08:52 AM,31920,unresolved,observed,nmmt_schedule_7333
7333,19534,002 Ex,4077,3173,08:56 AM,32160,unresolved,observed,nmmt_schedule_7333
7333,17878,002 Ex,4077,3173,08:59 AM,32340,unresolved,observed,nmmt_schedule_7333
7333,19622,002 Ex,4077,3173,09:04 AM,32640,unresolved,observed,nmmt_schedule_7333
7333,17850,002 Ex,4077,3173,09:06 AM,32760,unresolved,observed,nmmt_schedule_7333
7333,17751,002 Ex,4077,3173,09:12 AM,33120,unresolved,observed,nmmt_schedule_7333
7333,17765,002 Ex,4077,3173,09:19 AM,33540,unresolved,observed,nmmt_schedule_7333
7333,19511,002 Ex,4077,3173,09:20 AM,33600,unresolved,observed,nmmt_schedule_7333
7333,17888,002 Ex,4077,3173,09:26 AM,33960,unresolved,observed,nmmt_schedule_7333
7333,19550,002 Ex,4077,3173,09:28 AM,34080,unresolved,observed,nmmt_schedule_7333
7333,17860,002 Ex,4077,3173,09:33 AM,34380,unresolved,observed,nmmt_schedule_7333
7333,19520,002 Ex,4077,3173,09:36 AM,34560,unresolved,observed,nmmt_schedule_7333
7333,17780,002 Ex,4077,3173,09:40 AM,34800,unresolved,observed,nmmt_schedule_7333
7333,19560,002 Ex,4077,3173,09:44 AM,35040,unresolved,observed,nmmt_schedule_7333
7333,17870,002 Ex,4077,3173,09:47 AM,35220,unresolved,observed,nmmt_schedule_7333
7333,17738,002 Ex,4077,3173,10:01 AM,36060,unresolved,observed,nmmt_schedule_7333
7333,19570,002 Ex,4077,3173,10:03 AM,36180,unresolved,observed,nmmt_schedule_7333
7333,17880,002 Ex,4077,3173,10:15 AM,36900,unresolved,observed,nmmt_schedule_7333
7333,19624,002 Ex,4077,3173,10:20 AM,37200,unresolved,observed,nmmt_schedule_7333
7333,17750,002 Ex,4077,3173,10:28 AM,37680,unresolved,observed,nmmt_schedule_7333
7333,19514,002 Ex,4077,3173,10:36 AM,38160,unresolved,observed,nmmt_schedule_7333
7333,17890,002 Ex,4077,3173,10:42 AM,38520,unresolved,observed,nmmt_schedule_7333
7333,17842,002 Ex,4077,3173,10:49 AM,38940,unresolved,observed,nmmt_schedule_7333
7333,19527,002 Ex,4077,3173,10:52 AM,39120,unresolved,observed,nmmt_schedule_7333
7333,17782,002 Ex,4077,3173,10:56 AM,39360,unresolved,observed,nmmt_schedule_7333
7333,17852,002 Ex,4077,3173,11:03 AM,39780,unresolved,observed,nmmt_schedule_7333
7333,17759,002 Ex,4077,3173,11:16 AM,40560,unresolved,observed,nmmt_schedule_7333
7333,19558,002 Ex,4077,3173,11:18 AM,40680,unresolved,observed,nmmt_schedule_7333
7333,17862,002 Ex,4077,3173,11:30 AM,41400,unresolved,observed,nmmt_schedule_7333
7333,19568,002 Ex,4077,3173,11:33 AM,41580,unresolved,observed,nmmt_schedule_7333
7333,19536,002 Ex,4077,3173,11:44 AM,42240,unresolved,observed,nmmt_schedule_7333
7333,19581,002 Ex,4077,3173,11:45 AM,42300,unresolved,observed,nmmt_schedule_7333
7333,17834,002 Ex,4077,3173,11:51 AM,42660,unresolved,observed,nmmt_schedule_7333
7333,17745,002 Ex,4077,3173,11:58 AM,43080,unresolved,observed,nmmt_schedule_7333
7333,19530,002 Ex,4077,3173,12:00 PM,43200,unresolved,observed,nmmt_schedule_7333
7333,17844,002 Ex,4077,3173,12:05 PM,43500,unresolved,observed,nmmt_schedule_7333
7333,17882,002 Ex,4077,3173,12:12 PM,43920,unresolved,observed,nmmt_schedule_7333
7333,19579,002 Ex,4077,3173,12:18 PM,44280,unresolved,observed,nmmt_schedule_7333
7333,19548,002 Ex,4077,3173,12:19 PM,44340,unresolved,observed,nmmt_schedule_7333
7333,17753,002 Ex,4077,3173,12:26 PM,44760,unresolved,observed,nmmt_schedule_7333
7333,17761,002 Ex,4077,3173,12:32 PM,45120,unresolved,observed,nmmt_schedule_7333
7333,19552,002 Ex,4077,3173,12:34 PM,45240,unresolved,observed,nmmt_schedule_7333
7333,17892,002 Ex,4077,3173,12:39 PM,45540,unresolved,observed,nmmt_schedule_7333
7333,19516,002 Ex,4077,3173,12:43 PM,45780,unresolved,observed,nmmt_schedule_7333
7333,17864,002 Ex,4077,3173,12:46 PM,45960,unresolved,observed,nmmt_schedule_7333
7333,19562,002 Ex,4077,3173,12:50 PM,46200,unresolved,observed,nmmt_schedule_7333
7333,17784,002 Ex,4077,3173,12:53 PM,46380,unresolved,observed,nmmt_schedule_7333
7333,19523,002 Ex,4077,3173,12:58 PM,46680,unresolved,observed,nmmt_schedule_7333
7333,17874,002 Ex,4077,3173,01:00 PM,46800,unresolved,observed,nmmt_schedule_7333
7333,17742,002 Ex,4077,3173,01:14 PM,47640,unresolved,observed,nmmt_schedule_7333
7333,17884,002 Ex,4077,3173,01:28 PM,48480,unresolved,observed,nmmt_schedule_7333
7333,19572,002 Ex,4077,3173,01:35 PM,48900,unresolved,observed,nmmt_schedule_7333
7333,17747,002 Ex,4077,3173,01:42 PM,49320,unresolved,observed,nmmt_schedule_7333
7333,19620,002 Ex,4077,3173,01:45 PM,49500,unresolved,observed,nmmt_schedule_7333
7333,17894,002 Ex,4077,3173,01:55 PM,50100,unresolved,observed,nmmt_schedule_7333
7333,19518,002 Ex,4077,3173,02:05 PM,50700,unresolved,observed,nmmt_schedule_7333
7333,17776,002 Ex,4077,3173,02:09 PM,50940,unresolved,observed,nmmt_schedule_7333
7333,19526,002 Ex,4077,3173,02:20 PM,51600,unresolved,observed,nmmt_schedule_7333
7333,17790,002 Ex,4077,3173,02:40 PM,52800,unresolved,observed,nmmt_schedule_7333
7333,19592,002 Ex,4077,3173,02:45 PM,53100,unresolved,observed,nmmt_schedule_7333
7333,17898,002 Ex,4077,3173,02:54 PM,53640,unresolved,observed,nmmt_schedule_7333
7333,19609,002 Ex,4077,3173,03:03 PM,54180,unresolved,observed,nmmt_schedule_7333
7333,17804,002 Ex,4077,3173,03:09 PM,54540,unresolved,observed,nmmt_schedule_7333
7333,19615,002 Ex,4077,3173,03:20 PM,55200,unresolved,observed,nmmt_schedule_7333
7333,17908,002 Ex,4077,3173,03:23 PM,55380,unresolved,observed,nmmt_schedule_7333
7333,17810,002 Ex,4077,3173,03:38 PM,56280,unresolved,observed,nmmt_schedule_7333
7333,17820,002 Ex,4077,3173,03:53 PM,57180,unresolved,observed,nmmt_schedule_7333
7333,17795,002 Ex,4077,3173,04:00 PM,57600,unresolved,observed,nmmt_schedule_7333
7333,19594,002 Ex,4077,3173,04:05 PM,57900,unresolved,observed,nmmt_schedule_7333
7333,17919,002 Ex,4077,3173,04:07 PM,58020,unresolved,observed,nmmt_schedule_7333
7333,17900,002 Ex,4077,3173,04:14 PM,58440,unresolved,observed,nmmt_schedule_7333
7333,17719,002 Ex,4077,3173,04:22 PM,58920,unresolved,observed,nmmt_schedule_7333
7333,19601,002 Ex,4077,3173,04:23 PM,58980,unresolved,observed,nmmt_schedule_7333
7333,17796,002 Ex,4077,3173,04:29 PM,59340,unresolved,observed,nmmt_schedule_7333
7333,19664,002 Ex,4077,3173,04:32 PM,59520,unresolved,observed,nmmt_schedule_7333
7333,17729,002 Ex,4077,3173,04:36 PM,59760,unresolved,observed,nmmt_schedule_7333
7333,19611,002 Ex,4077,3173,04:40 PM,60000,unresolved,observed,nmmt_schedule_7333
7333,17910,002 Ex,4077,3173,04:43 PM,60180,unresolved,observed,nmmt_schedule_7333
7333,19678,002 Ex,4077,3173,04:49 PM,60540,unresolved,observed,nmmt_schedule_7333
7333,17928,002 Ex,4077,3173,04:51 PM,60660,unresolved,observed,nmmt_schedule_7333
7333,19641,002 Ex,4077,3173,04:56 PM,60960,unresolved,observed,nmmt_schedule_7333
7333,17812,002 Ex,4077,3173,04:58 PM,61080,unresolved,observed,nmmt_schedule_7333
7333,17771,002 Ex,4077,3173,05:05 PM,61500,unresolved,observed,nmmt_schedule_7333
7333,17822,002 Ex,4077,3173,05:13 PM,61980,unresolved,observed,nmmt_schedule_7333
7333,19643,002 Ex,4077,3173,05:16 PM,62160,unresolved,observed,nmmt_schedule_7333
7333,17921,002 Ex,4077,3173,05:27 PM,62820,unresolved,observed,nmmt_schedule_7333
7333,19653,002 Ex,4077,3173,05:34 PM,63240,unresolved,observed,nmmt_schedule_7333
7333,19680,002 Ex,4077,3173,05:37 PM,63420,unresolved,observed,nmmt_schedule_7333
7333,17721,002 Ex,4077,3173,05:43 PM,63780,unresolved,observed,nmmt_schedule_7333
7333,19662,002 Ex,4077,3173,05:52 PM,64320,unresolved,observed,nmmt_schedule_7333
7333,17731,002 Ex,4077,3173,05:56 PM,64560,unresolved,observed,nmmt_schedule_7333
7333,19679,002 Ex,4077,3173,06:09 PM,65340,unresolved,observed,nmmt_schedule_7333
7333,17930,002 Ex,4077,3173,06:11 PM,65460,unresolved,observed,nmmt_schedule_7333
7333,19596,002 Ex,4077,3173,06:18 PM,65880,unresolved,observed,nmmt_schedule_7333
7333,17793,002 Ex,4077,3173,06:19 PM,65940,unresolved,observed,nmmt_schedule_7333
7333,17772,002 Ex,4077,3173,06:25 PM,66300,unresolved,observed,nmmt_schedule_7333
7333,19686,002 Ex,4077,3173,06:27 PM,66420,unresolved,observed,nmmt_schedule_7333
7333,17902,002 Ex,4077,3173,06:34 PM,66840,unresolved,observed,nmmt_schedule_7333
7333,19603,002 Ex,4077,3173,06:36 PM,66960,unresolved,observed,nmmt_schedule_7333
7333,17798,002 Ex,4077,3173,06:48 PM,67680,unresolved,observed,nmmt_schedule_7333
7333,19617,002 Ex,4077,3173,06:53 PM,67980,unresolved,observed,nmmt_schedule_7333
7333,17912,002 Ex,4077,3173,07:03 PM,68580,unresolved,observed,nmmt_schedule_7333
7333,19638,002 Ex,4077,3173,07:11 PM,69060,unresolved,observed,nmmt_schedule_7333
7333,17814,002 Ex,4077,3173,07:18 PM,69480,unresolved,observed,nmmt_schedule_7333
7333,19644,002 Ex,4077,3173,07:29 PM,70140,unresolved,observed,nmmt_schedule_7333
7333,17824,002 Ex,4077,3173,07:33 PM,70380,unresolved,observed,nmmt_schedule_7333
7333,19598,002 Ex,4077,3173,07:38 PM,70680,unresolved,observed,nmmt_schedule_7333
7333,17786,002 Ex,4077,3173,07:39 PM,70740,unresolved,observed,nmmt_schedule_7333
7333,17923,002 Ex,4077,3173,07:46 PM,71160,unresolved,observed,nmmt_schedule_7333
7333,19655,002 Ex,4077,3173,07:47 PM,71220,unresolved,observed,nmmt_schedule_7333
7333,17904,002 Ex,4077,3173,07:54 PM,71640,unresolved,observed,nmmt_schedule_7333
7333,19605,002 Ex,4077,3173,07:56 PM,71760,unresolved,observed,nmmt_schedule_7333
7333,17725,002 Ex,4077,3173,08:01 PM,72060,unresolved,observed,nmmt_schedule_7333
7333,19663,002 Ex,4077,3173,08:05 PM,72300,unresolved,observed,nmmt_schedule_7333
7333,17800,002 Ex,4077,3173,08:08 PM,72480,unresolved,observed,nmmt_schedule_7333
7333,19619,002 Ex,4077,3173,08:13 PM,72780,unresolved,observed,nmmt_schedule_7333
7333,17733,002 Ex,4077,3173,08:15 PM,72900,unresolved,observed,nmmt_schedule_7333
7333,17924,002 Ex,4077,3173,08:24 PM,73440,unresolved,observed,nmmt_schedule_7333
7333,17914,002 Ex,4077,3173,08:25 PM,73500,unresolved,observed,nmmt_schedule_7333
7333,19639,002 Ex,4077,3173,08:29 PM,73740,unresolved,observed,nmmt_schedule_7333
7333,17806,002 Ex,4077,3173,08:36 PM,74160,unresolved,observed,nmmt_schedule_7333
7333,17932,002 Ex,4077,3173,08:43 PM,74580,unresolved,observed,nmmt_schedule_7333
7333,19671,002 Ex,4077,3173,08:46 PM,74760,unresolved,observed,nmmt_schedule_7333
7333,17817,002 Ex,4077,3173,08:51 PM,75060,unresolved,observed,nmmt_schedule_7333
7333,19646,002 Ex,4077,3173,08:57 PM,75420,unresolved,observed,nmmt_schedule_7333
7333,17925,002 Ex,4077,3173,09:04 PM,75840,unresolved,observed,nmmt_schedule_7333
7333,19659,002 Ex,4077,3173,09:07 PM,76020,unresolved,observed,nmmt_schedule_7333
7333,17770,002 Ex,4077,3173,09:15 PM,76500,unresolved,observed,nmmt_schedule_7333
7333,19685,002 Ex,4077,3173,09:20 PM,76800,unresolved,observed,nmmt_schedule_7333
7333,17722,002 Ex,4077,3173,09:30 PM,77400,unresolved,observed,nmmt_schedule_7333
7333,19665,002 Ex,4077,3173,09:40 PM,78000,unresolved,observed,nmmt_schedule_7333
7333,17735,002 Ex,4077,3173,09:45 PM,78300,unresolved,observed,nmmt_schedule_7333
7333,17934,002 Ex,4077,3173,10:10 PM,79800,unresolved,observed,nmmt_schedule_7333
7333,17775,002 Ex,4077,3173,10:50 PM,82200,unresolved,observed,nmmt_schedule_7333
7353,15190,115 AC,2777,3996,05:25 PM,62700,unresolved,observed,nmmt_schedule_7353
7393,13700,121 AC,2777,2540,09:55 AM,35700,unresolved,observed,nmmt_schedule_7393
7412,18057,077,3406,3843,06:00 AM,21600,unresolved,observed,nmmt_schedule_7412
7412,18059,077,3406,3843,06:22 AM,22920,unresolved,observed,nmmt_schedule_7412
7412,25531,077,3406,3843,06:33 AM,23580,unresolved,observed,nmmt_schedule_7412
7412,18116,077,3406,3843,06:44 AM,24240,unresolved,observed,nmmt_schedule_7412
7412,18047,077,3406,3843,07:06 AM,25560,unresolved,observed,nmmt_schedule_7412
7412,18065,077,3406,3843,07:28 AM,26880,unresolved,observed,nmmt_schedule_7412
7412,25532,077,3406,3843,07:39 AM,27540,unresolved,observed,nmmt_schedule_7412
7412,18108,077,3406,3843,07:50 AM,28200,unresolved,observed,nmmt_schedule_7412
7412,18050,077,3406,3843,08:12 AM,29520,unresolved,observed,nmmt_schedule_7412
7412,18063,077,3406,3843,08:34 AM,30840,unresolved,observed,nmmt_schedule_7412
7412,25537,077,3406,3843,08:45 AM,31500,unresolved,observed,nmmt_schedule_7412
7412,18106,077,3406,3843,08:56 AM,32160,unresolved,observed,nmmt_schedule_7412
7412,25524,077,3406,3843,09:18 AM,33480,unresolved,observed,nmmt_schedule_7412
7412,18067,077,3406,3843,09:40 AM,34800,unresolved,observed,nmmt_schedule_7412
7412,25534,077,3406,3843,09:52 AM,35520,unresolved,observed,nmmt_schedule_7412
7412,18053,077,3406,3843,10:02 AM,36120,unresolved,observed,nmmt_schedule_7412
7412,18094,077,3406,3843,10:26 AM,37560,unresolved,observed,nmmt_schedule_7412
7412,25866,077,3406,3843,10:40 AM,38400,unresolved,observed,nmmt_schedule_7412
7412,18113,077,3406,3843,10:48 AM,38880,unresolved,observed,nmmt_schedule_7412
7412,25518,077,3406,3843,11:01 AM,39660,unresolved,observed,nmmt_schedule_7412
7412,18049,077,3406,3843,11:10 AM,40200,unresolved,observed,nmmt_schedule_7412
7412,18061,077,3406,3843,11:35 AM,41700,unresolved,observed,nmmt_schedule_7412
7412,25540,077,3406,3843,11:36 AM,41760,unresolved,observed,nmmt_schedule_7412
7412,25868,077,3406,3843,11:38 AM,41880,unresolved,observed,nmmt_schedule_7412
7412,18109,077,3406,3843,11:57 AM,43020,unresolved,observed,nmmt_schedule_7412
7412,25526,077,3406,3843,12:15 PM,44100,unresolved,observed,nmmt_schedule_7412
7412,18055,077,3406,3843,12:19 PM,44340,unresolved,observed,nmmt_schedule_7412
7412,18069,077,3406,3843,12:45 PM,45900,unresolved,observed,nmmt_schedule_7412
7412,25528,077,3406,3843,12:50 PM,46200,unresolved,observed,nmmt_schedule_7412
7412,18111,077,3406,3843,01:07 PM,47220,unresolved,observed,nmmt_schedule_7412
7412,25500,077,3406,3843,01:25 PM,48300,unresolved,observed,nmmt_schedule_7412
7412,18101,077,3406,3843,01:29 PM,48540,unresolved,observed,nmmt_schedule_7412
7412,25870,077,3406,3843,02:00 PM,50400,unresolved,observed,nmmt_schedule_7412
7412,25506,077,3406,3843,02:35 PM,52500,unresolved,observed,nmmt_schedule_7412
7412,18099,077,3406,3843,02:36 PM,52560,unresolved,observed,nmmt_schedule_7412
7412,18075,077,3406,3843,03:04 PM,54240,unresolved,observed,nmmt_schedule_7412
7412,25514,077,3406,3843,03:10 PM,54600,unresolved,observed,nmmt_schedule_7412
7412,18102,077,3406,3843,03:43 PM,56580,unresolved,observed,nmmt_schedule_7412
7412,25503,077,3406,3843,03:45 PM,56700,unresolved,observed,nmmt_schedule_7412
7412,18079,077,3406,3843,04:08 PM,58080,unresolved,observed,nmmt_schedule_7412
7412,25475,077,3406,3843,04:20 PM,58800,unresolved,observed,nmmt_schedule_7412
7412,18081,077,3406,3843,04:28 PM,59280,unresolved,observed,nmmt_schedule_7412
7412,18118,077,3406,3843,04:50 PM,60600,unresolved,observed,nmmt_schedule_7412
7412,25513,077,3406,3843,04:57 PM,61020,unresolved,observed,nmmt_schedule_7412
7412,18131,077,3406,3843,05:12 PM,61920,unresolved,observed,nmmt_schedule_7412
7412,25477,077,3406,3843,05:32 PM,63120,unresolved,observed,nmmt_schedule_7412
7412,18082,077,3406,3843,05:34 PM,63240,unresolved,observed,nmmt_schedule_7412
7412,18120,077,3406,3843,05:56 PM,64560,unresolved,observed,nmmt_schedule_7412
7412,25510,077,3406,3843,06:09 PM,65340,unresolved,observed,nmmt_schedule_7412
7412,18133,077,3406,3843,06:18 PM,65880,unresolved,observed,nmmt_schedule_7412
7412,18072,077,3406,3843,06:40 PM,67200,unresolved,observed,nmmt_schedule_7412
7412,25488,077,3406,3843,06:47 PM,67620,unresolved,observed,nmmt_schedule_7412
7412,18122,077,3406,3843,07:02 PM,68520,unresolved,observed,nmmt_schedule_7412
7412,25482,077,3406,3843,07:25 PM,69900,unresolved,observed,nmmt_schedule_7412
7412,18083,077,3406,3843,07:32 PM,70320,unresolved,observed,nmmt_schedule_7412
7412,18074,077,3406,3843,07:54 PM,71640,unresolved,observed,nmmt_schedule_7412
7412,25491,077,3406,3843,08:03 PM,72180,unresolved,observed,nmmt_schedule_7412
7412,18135,077,3406,3843,08:16 PM,72960,unresolved,observed,nmmt_schedule_7412
7412,25479,077,3406,3843,08:38 PM,74280,unresolved,observed,nmmt_schedule_7412
7412,18085,077,3406,3843,08:47 PM,74820,unresolved,observed,nmmt_schedule_7412
7412,18124,077,3406,3843,09:09 PM,76140,unresolved,observed,nmmt_schedule_7412
7412,25492,077,3406,3843,09:10 PM,76200,unresolved,observed,nmmt_schedule_7412
7412,18137,077,3406,3843,09:31 PM,77460,unresolved,observed,nmmt_schedule_7412
7413,18045,077,3843,3406,06:33 AM,23580,unresolved,observed,nmmt_schedule_7413
7413,18066,077,3843,3406,06:55 AM,24900,unresolved,observed,nmmt_schedule_7413
7413,25535,077,3843,3406,07:06 AM,25560,unresolved,observed,nmmt_schedule_7413
7413,18104,077,3843,3406,07:17 AM,26220,unresolved,observed,nmmt_schedule_7413
7413,18052,077,3843,3406,07:39 AM,27540,unresolved,observed,nmmt_schedule_7413
7413,18062,077,3843,3406,08:01 AM,28860,unresolved,observed,nmmt_schedule_7413
7413,25533,077,3843,3406,08:12 AM,29520,unresolved,observed,nmmt_schedule_7413
7413,18105,077,3843,3406,08:23 AM,30180,unresolved,observed,nmmt_schedule_7413
7413,18051,077,3843,3406,08:45 AM,31500,unresolved,observed,nmmt_schedule_7413
7413,18064,077,3843,3406,09:07 AM,32820,unresolved,observed,nmmt_schedule_7413
7413,25538,077,3843,3406,09:18 AM,33480,unresolved,observed,nmmt_schedule_7413
7413,18107,077,3843,3406,09:29 AM,34140,unresolved,observed,nmmt_schedule_7413
7413,25525,077,3843,3406,09:51 AM,35460,unresolved,observed,nmmt_schedule_7413
7413,18096,077,3843,3406,09:52 AM,35520,unresolved,observed,nmmt_schedule_7413
7413,18068,077,3843,3406,10:13 AM,36780,unresolved,observed,nmmt_schedule_7413
7413,25539,077,3843,3406,10:25 AM,37500,unresolved,observed,nmmt_schedule_7413
7413,18048,077,3843,3406,10:35 AM,38100,unresolved,observed,nmmt_schedule_7413
7413,18097,077,3843,3406,11:00 AM,39600,unresolved,observed,nmmt_schedule_7413
7413,25502,077,3843,3406,11:01 AM,39660,unresolved,observed,nmmt_schedule_7413
7413,25867,077,3843,3406,11:08 AM,40080,unresolved,observed,nmmt_schedule_7413
7413,18114,077,3843,3406,11:22 AM,40920,unresolved,observed,nmmt_schedule_7413
7413,25517,077,3843,3406,11:36 AM,41760,unresolved,observed,nmmt_schedule_7413
7413,18054,077,3843,3406,11:44 AM,42240,unresolved,observed,nmmt_schedule_7413
7413,25869,077,3843,3406,12:06 PM,43560,unresolved,observed,nmmt_schedule_7413
7413,18060,077,3843,3406,12:10 PM,43800,unresolved,observed,nmmt_schedule_7413
7413,25536,077,3843,3406,12:15 PM,44100,unresolved,observed,nmmt_schedule_7413
7413,18110,077,3843,3406,12:32 PM,45120,unresolved,observed,nmmt_schedule_7413
7413,25527,077,3843,3406,12:50 PM,46200,unresolved,observed,nmmt_schedule_7413
7413,18056,077,3843,3406,12:54 PM,46440,unresolved,observed,nmmt_schedule_7413
7413,18070,077,3843,3406,01:20 PM,48000,unresolved,observed,nmmt_schedule_7413
7413,25530,077,3843,3406,01:25 PM,48300,unresolved,observed,nmmt_schedule_7413
7413,18112,077,3843,3406,01:42 PM,49320,unresolved,observed,nmmt_schedule_7413
7413,25501,077,3843,3406,02:00 PM,50400,unresolved,observed,nmmt_schedule_7413
7413,18098,077,3843,3406,02:04 PM,50640,unresolved,observed,nmmt_schedule_7413
7413,25871,077,3843,3406,02:30 PM,52200,unresolved,observed,nmmt_schedule_7413
7413,18077,077,3843,3406,02:35 PM,52500,unresolved,observed,nmmt_schedule_7413
7413,18100,077,3843,3406,03:08 PM,54480,unresolved,observed,nmmt_schedule_7413
7413,25505,077,3843,3406,03:10 PM,54600,unresolved,observed,nmmt_schedule_7413
7413,18076,077,3843,3406,03:36 PM,56160,unresolved,observed,nmmt_schedule_7413
7413,25512,077,3843,3406,03:45 PM,56700,unresolved,observed,nmmt_schedule_7413
7413,18103,077,3843,3406,04:16 PM,58560,unresolved,observed,nmmt_schedule_7413
7413,25504,077,3843,3406,04:20 PM,58800,unresolved,observed,nmmt_schedule_7413
7413,18080,077,3843,3406,04:40 PM,60000,unresolved,observed,nmmt_schedule_7413
7413,25481,077,3843,3406,04:56 PM,60960,unresolved,observed,nmmt_schedule_7413
7413,18091,077,3843,3406,05:01 PM,61260,unresolved,observed,nmmt_schedule_7413
7413,18119,077,3843,3406,05:23 PM,62580,unresolved,observed,nmmt_schedule_7413
7413,25509,077,3843,3406,05:32 PM,63120,unresolved,observed,nmmt_schedule_7413
7413,18132,077,3843,3406,05:45 PM,63900,unresolved,observed,nmmt_schedule_7413
7413,18088,077,3843,3406,06:07 PM,65220,unresolved,observed,nmmt_schedule_7413
7413,25476,077,3843,3406,06:09 PM,65340,unresolved,observed,nmmt_schedule_7413
7413,18121,077,3843,3406,06:29 PM,66540,unresolved,observed,nmmt_schedule_7413
7413,25507,077,3843,3406,06:47 PM,67620,unresolved,observed,nmmt_schedule_7413
7413,18134,077,3843,3406,06:55 PM,68100,unresolved,observed,nmmt_schedule_7413
7413,18073,077,3843,3406,07:17 PM,69420,unresolved,observed,nmmt_schedule_7413
7413,25489,077,3843,3406,07:25 PM,69900,unresolved,observed,nmmt_schedule_7413
7413,18123,077,3843,3406,07:39 PM,70740,unresolved,observed,nmmt_schedule_7413
7413,25480,077,3843,3406,08:03 PM,72180,unresolved,observed,nmmt_schedule_7413
7413,18084,077,3843,3406,08:09 PM,72540,unresolved,observed,nmmt_schedule_7413
7413,18078,077,3843,3406,08:31 PM,73860,unresolved,observed,nmmt_schedule_7413
7413,25497,077,3843,3406,08:38 PM,74280,unresolved,observed,nmmt_schedule_7413
7413,18136,077,3843,3406,08:53 PM,75180,unresolved,observed,nmmt_schedule_7413
7413,25478,077,3843,3406,09:10 PM,76200,unresolved,observed,nmmt_schedule_7413
7413,18086,077,3843,3406,09:24 PM,77040,unresolved,observed,nmmt_schedule_7413
7413,25490,077,3843,3406,09:43 PM,78180,unresolved,observed,nmmt_schedule_7413
7413,18125,077,3843,3406,09:46 PM,78360,unresolved,observed,nmmt_schedule_7413
7413,18138,077,3843,3406,10:08 PM,79680,unresolved,observed,nmmt_schedule_7413
7514,12559,106 AC,2777,2776,06:20 PM,66000,unresolved,observed,nmmt_schedule_7514
7519,17557,009 AC,2908,3194,05:25 AM,19500,unresolved,observed,nmmt_schedule_7519
7519,17567,009 AC,2908,3194,05:40 AM,20400,unresolved,observed,nmmt_schedule_7519
7519,17584,009 AC,2908,3194,05:57 AM,21420,unresolved,observed,nmmt_schedule_7519
7519,17596,009 AC,2908,3194,06:17 AM,22620,unresolved,observed,nmmt_schedule_7519
7519,17605,009 AC,2908,3194,06:45 AM,24300,unresolved,observed,nmmt_schedule_7519
7519,17608,009 AC,2908,3194,07:04 AM,25440,unresolved,observed,nmmt_schedule_7519
7519,17623,009 AC,2908,3194,07:23 AM,26580,unresolved,observed,nmmt_schedule_7519
7519,17632,009 AC,2908,3194,07:42 AM,27720,unresolved,observed,nmmt_schedule_7519
7519,17562,009 AC,2908,3194,10:02 AM,36120,unresolved,observed,nmmt_schedule_7519
7519,17574,009 AC,2908,3194,10:21 AM,37260,unresolved,observed,nmmt_schedule_7519
7519,17586,009 AC,2908,3194,10:40 AM,38400,unresolved,observed,nmmt_schedule_7519
7519,17593,009 AC,2908,3194,10:59 AM,39540,unresolved,observed,nmmt_schedule_7519
7519,17601,009 AC,2908,3194,11:28 AM,41280,unresolved,observed,nmmt_schedule_7519
7519,17614,009 AC,2908,3194,11:47 AM,42420,unresolved,observed,nmmt_schedule_7519
7519,17619,009 AC,2908,3194,12:06 PM,43560,unresolved,observed,nmmt_schedule_7519
7519,14357,009 AC,2908,3194,12:10 PM,43800,unresolved,observed,nmmt_schedule_7519
7519,25166,009 AC,2908,3194,12:20 PM,44400,unresolved,observed,nmmt_schedule_7519
7519,17629,009 AC,2908,3194,12:25 PM,44700,unresolved,observed,nmmt_schedule_7519
7519,14362,009 AC,2908,3194,12:48 PM,46080,unresolved,observed,nmmt_schedule_7519
7519,25149,009 AC,2908,3194,01:00 PM,46800,unresolved,observed,nmmt_schedule_7519
7519,25150,009 AC,2908,3194,01:10 PM,47400,unresolved,observed,nmmt_schedule_7519
7519,14367,009 AC,2908,3194,01:26 PM,48360,unresolved,observed,nmmt_schedule_7519
7519,17641,009 AC,2908,3194,01:51 PM,49860,unresolved,observed,nmmt_schedule_7519
7519,14374,009 AC,2908,3194,02:04 PM,50640,unresolved,observed,nmmt_schedule_7519
7519,17655,009 AC,2908,3194,02:11 PM,51060,unresolved,observed,nmmt_schedule_7519
7519,17657,009 AC,2908,3194,02:31 PM,52260,unresolved,observed,nmmt_schedule_7519
7519,14380,009 AC,2908,3194,02:44 PM,53040,unresolved,observed,nmmt_schedule_7519
7519,17667,009 AC,2908,3194,02:51 PM,53460,unresolved,observed,nmmt_schedule_7519
7519,17677,009 AC,2908,3194,03:21 PM,55260,unresolved,observed,nmmt_schedule_7519
7519,17687,009 AC,2908,3194,03:41 PM,56460,unresolved,observed,nmmt_schedule_7519
7519,17705,009 AC,2908,3194,04:01 PM,57660,unresolved,observed,nmmt_schedule_7519
7519,14407,009 AC,2908,3194,04:15 PM,58500,unresolved,observed,nmmt_schedule_7519
7519,17708,009 AC,2908,3194,04:21 PM,58860,unresolved,observed,nmmt_schedule_7519
7519,17643,009 AC,2908,3194,06:40 PM,67200,unresolved,observed,nmmt_schedule_7519
7519,17654,009 AC,2908,3194,07:02 PM,68520,unresolved,observed,nmmt_schedule_7519
7519,14386,009 AC,2908,3194,07:15 PM,69300,unresolved,observed,nmmt_schedule_7519
7519,17663,009 AC,2908,3194,07:24 PM,69840,unresolved,observed,nmmt_schedule_7519
7519,17673,009 AC,2908,3194,07:45 PM,71100,unresolved,observed,nmmt_schedule_7519
7519,17683,009 AC,2908,3194,08:17 PM,73020,unresolved,observed,nmmt_schedule_7519
7519,14392,009 AC,2908,3194,08:23 PM,73380,unresolved,observed,nmmt_schedule_7519
7519,17693,009 AC,2908,3194,08:39 PM,74340,unresolved,observed,nmmt_schedule_7519
7519,17701,009 AC,2908,3194,09:01 PM,75660,unresolved,observed,nmmt_schedule_7519
7519,17713,009 AC,2908,3194,09:23 PM,76980,unresolved,observed,nmmt_schedule_7519
7519,14398,009 AC,2908,3194,09:35 PM,77700,unresolved,observed,nmmt_schedule_7519
7519,14404,009 AC,2908,3194,10:45 PM,81900,unresolved,observed,nmmt_schedule_7519
7519,12551,009 AC,2908,3194,10:55 PM,82500,unresolved,observed,nmmt_schedule_7519
7519,14417,009 AC,2908,3194,11:25 PM,84300,unresolved,observed,nmmt_schedule_7519
7520,14412,009 AC,3194,2908,12:10 AM,600,unresolved,observed,nmmt_schedule_7520
7520,17565,009 AC,3194,2908,08:32 AM,30720,unresolved,observed,nmmt_schedule_7520
7520,17572,009 AC,3194,2908,08:51 AM,31860,unresolved,observed,nmmt_schedule_7520
7520,17580,009 AC,3194,2908,09:10 AM,33000,unresolved,observed,nmmt_schedule_7520
7520,17591,009 AC,3194,2908,09:29 AM,34140,unresolved,observed,nmmt_schedule_7520
7520,17598,009 AC,3194,2908,09:58 AM,35880,unresolved,observed,nmmt_schedule_7520
7520,17613,009 AC,3194,2908,10:17 AM,37020,unresolved,observed,nmmt_schedule_7520
7520,17618,009 AC,3194,2908,10:36 AM,38160,unresolved,observed,nmmt_schedule_7520
7520,17634,009 AC,3194,2908,10:55 AM,39300,unresolved,observed,nmmt_schedule_7520
7520,17564,009 AC,3194,2908,12:01 PM,43260,unresolved,observed,nmmt_schedule_7520
7520,17576,009 AC,3194,2908,12:20 PM,44400,unresolved,observed,nmmt_schedule_7520
7520,17583,009 AC,3194,2908,12:39 PM,45540,unresolved,observed,nmmt_schedule_7520
7520,14356,009 AC,3194,2908,12:53 PM,46380,unresolved,observed,nmmt_schedule_7520
7520,17595,009 AC,3194,2908,12:58 PM,46680,unresolved,observed,nmmt_schedule_7520
7520,25167,009 AC,3194,2908,01:03 PM,46980,unresolved,observed,nmmt_schedule_7520
7520,17604,009 AC,3194,2908,01:27 PM,48420,unresolved,observed,nmmt_schedule_7520
7520,14363,009 AC,3194,2908,01:35 PM,48900,unresolved,observed,nmmt_schedule_7520
7520,25146,009 AC,3194,2908,01:43 PM,49380,unresolved,observed,nmmt_schedule_7520
7520,17616,009 AC,3194,2908,01:46 PM,49560,unresolved,observed,nmmt_schedule_7520
7520,25151,009 AC,3194,2908,01:53 PM,49980,unresolved,observed,nmmt_schedule_7520
7520,17622,009 AC,3194,2908,02:05 PM,50700,unresolved,observed,nmmt_schedule_7520
7520,14368,009 AC,3194,2908,02:09 PM,50940,unresolved,observed,nmmt_schedule_7520
7520,17636,009 AC,3194,2908,02:24 PM,51840,unresolved,observed,nmmt_schedule_7520
7520,14375,009 AC,3194,2908,02:48 PM,53280,unresolved,observed,nmmt_schedule_7520
7520,14381,009 AC,3194,2908,03:29 PM,55740,unresolved,observed,nmmt_schedule_7520
7520,14406,009 AC,3194,2908,04:58 PM,61080,unresolved,observed,nmmt_schedule_7520
7520,17640,009 AC,3194,2908,05:14 PM,62040,unresolved,observed,nmmt_schedule_7520
7520,17656,009 AC,3194,2908,05:36 PM,63360,unresolved,observed,nmmt_schedule_7520
7520,17662,009 AC,3194,2908,05:57 PM,64620,unresolved,observed,nmmt_schedule_7520
7520,17672,009 AC,3194,2908,06:19 PM,65940,unresolved,observed,nmmt_schedule_7520
7520,17682,009 AC,3194,2908,06:50 PM,67800,unresolved,observed,nmmt_schedule_7520
7520,17692,009 AC,3194,2908,07:12 PM,69120,unresolved,observed,nmmt_schedule_7520
7520,17704,009 AC,3194,2908,07:34 PM,70440,unresolved,observed,nmmt_schedule_7520
7520,17712,009 AC,3194,2908,07:56 PM,71760,unresolved,observed,nmmt_schedule_7520
7520,14387,009 AC,3194,2908,08:00 PM,72000,unresolved,observed,nmmt_schedule_7520
7520,17646,009 AC,3194,2908,08:54 PM,75240,unresolved,observed,nmmt_schedule_7520
7520,14393,009 AC,3194,2908,09:07 PM,76020,unresolved,observed,nmmt_schedule_7520
7520,17653,009 AC,3194,2908,09:16 PM,76560,unresolved,observed,nmmt_schedule_7520
7520,17666,009 AC,3194,2908,09:36 PM,77760,unresolved,observed,nmmt_schedule_7520
7520,17676,009 AC,3194,2908,09:59 PM,79140,unresolved,observed,nmmt_schedule_7520
7520,14399,009 AC,3194,2908,10:20 PM,80400,unresolved,observed,nmmt_schedule_7520
7520,17686,009 AC,3194,2908,10:30 PM,81000,unresolved,observed,nmmt_schedule_7520
7520,17696,009 AC,3194,2908,11:00 PM,82800,unresolved,observed,nmmt_schedule_7520
7520,14405,009 AC,3194,2908,11:30 PM,84600,unresolved,observed,nmmt_schedule_7520
7520,12552,009 AC,3194,2908,11:40 PM,85200,unresolved,observed,nmmt_schedule_7520
7520,17716,009 AC,3194,2908,11:55 PM,86100,unresolved,observed,nmmt_schedule_7520
7533,26009,109,4423,2643,06:35 AM,23700,unresolved,observed,nmmt_schedule_7533
7533,26041,109,4423,2643,07:07 AM,25620,unresolved,observed,nmmt_schedule_7533
7533,26011,109,4423,2643,07:38 AM,27480,unresolved,observed,nmmt_schedule_7533
7533,26020,109,4423,2643,07:55 AM,28500,unresolved,observed,nmmt_schedule_7533
7533,26043,109,4423,2643,08:11 AM,29460,unresolved,observed,nmmt_schedule_7533
7533,26052,109,4423,2643,08:30 AM,30600,unresolved,observed,nmmt_schedule_7533
7533,26013,109,4423,2643,08:44 AM,31440,unresolved,observed,nmmt_schedule_7533
7533,26022,109,4423,2643,09:01 AM,32460,unresolved,observed,nmmt_schedule_7533
7533,26045,109,4423,2643,09:17 AM,33420,unresolved,observed,nmmt_schedule_7533
7533,26054,109,4423,2643,09:34 AM,34440,unresolved,observed,nmmt_schedule_7533
7533,26015,109,4423,2643,09:50 AM,35400,unresolved,observed,nmmt_schedule_7533
7533,26024,109,4423,2643,10:07 AM,36420,unresolved,observed,nmmt_schedule_7533
7533,26056,109,4423,2643,10:40 AM,38400,unresolved,observed,nmmt_schedule_7533
7533,26017,109,4423,2643,10:56 AM,39360,unresolved,observed,nmmt_schedule_7533
7533,26049,109,4423,2643,11:28 AM,41280,unresolved,observed,nmmt_schedule_7533
7533,26026,109,4423,2643,11:43 AM,42180,unresolved,observed,nmmt_schedule_7533
7533,26058,109,4423,2643,11:46 AM,42360,unresolved,observed,nmmt_schedule_7533
7533,26028,109,4423,2643,12:18 PM,44280,unresolved,observed,nmmt_schedule_7533
7533,26060,109,4423,2643,12:52 PM,46320,unresolved,observed,nmmt_schedule_7533
7533,26063,109,4423,2643,02:15 PM,51300,unresolved,observed,nmmt_schedule_7533
7533,26031,109,4423,2643,02:50 PM,53400,unresolved,observed,nmmt_schedule_7533
7533,26065,109,4423,2643,03:23 PM,55380,unresolved,observed,nmmt_schedule_7533
7533,25989,109,4423,2643,03:42 PM,56520,unresolved,observed,nmmt_schedule_7533
7533,26033,109,4423,2643,04:01 PM,57660,unresolved,observed,nmmt_schedule_7533
7533,25999,109,4423,2643,04:20 PM,58800,unresolved,observed,nmmt_schedule_7533
7533,26067,109,4423,2643,04:36 PM,59760,unresolved,observed,nmmt_schedule_7533
7533,25991,109,4423,2643,04:55 PM,60900,unresolved,observed,nmmt_schedule_7533
7533,26035,109,4423,2643,05:14 PM,62040,unresolved,observed,nmmt_schedule_7533
7533,26001,109,4423,2643,05:33 PM,63180,unresolved,observed,nmmt_schedule_7533
7533,26069,109,4423,2643,05:52 PM,64320,unresolved,observed,nmmt_schedule_7533
7533,25993,109,4423,2643,06:11 PM,65460,unresolved,observed,nmmt_schedule_7533
7533,26037,109,4423,2643,06:30 PM,66600,unresolved,observed,nmmt_schedule_7533
7533,26003,109,4423,2643,06:49 PM,67740,unresolved,observed,nmmt_schedule_7533
7533,25995,109,4423,2643,07:27 PM,70020,unresolved,observed,nmmt_schedule_7533
7533,26005,109,4423,2643,08:10 PM,72600,unresolved,observed,nmmt_schedule_7533
7534,26010,109,2643,3174,07:05 AM,25500,unresolved,observed,nmmt_schedule_7534
7534,26042,109,2643,3174,07:38 AM,27480,unresolved,observed,nmmt_schedule_7534
7534,26012,109,2643,3174,08:11 AM,29460,unresolved,observed,nmmt_schedule_7534
7534,26021,109,2643,3174,08:28 AM,30480,unresolved,observed,nmmt_schedule_7534
7534,26044,109,2643,3174,08:44 AM,31440,unresolved,observed,nmmt_schedule_7534
7534,26053,109,2643,3174,09:02 AM,32520,unresolved,observed,nmmt_schedule_7534
7534,26014,109,2643,3174,09:17 AM,33420,unresolved,observed,nmmt_schedule_7534
7534,26023,109,2643,3174,09:34 AM,34440,unresolved,observed,nmmt_schedule_7534
7534,26046,109,2643,3174,09:50 AM,35400,unresolved,observed,nmmt_schedule_7534
7534,26055,109,2643,3174,10:07 AM,36420,unresolved,observed,nmmt_schedule_7534
7534,26016,109,2643,3174,10:23 AM,37380,unresolved,observed,nmmt_schedule_7534
7534,26025,109,2643,3174,10:40 AM,38400,unresolved,observed,nmmt_schedule_7534
7534,26048,109,2643,3174,10:56 AM,39360,unresolved,observed,nmmt_schedule_7534
7534,26057,109,2643,3174,11:13 AM,40380,unresolved,observed,nmmt_schedule_7534
7534,26027,109,2643,3174,11:45 AM,42300,unresolved,observed,nmmt_schedule_7534
7534,26059,109,2643,3174,12:19 PM,44340,unresolved,observed,nmmt_schedule_7534
7534,26064,109,2643,3174,02:48 PM,53280,unresolved,observed,nmmt_schedule_7534
7534,26032,109,2643,3174,03:25 PM,55500,unresolved,observed,nmmt_schedule_7534
7534,26066,109,2643,3174,03:58 PM,57480,unresolved,observed,nmmt_schedule_7534
7534,25990,109,2643,3174,04:17 PM,58620,unresolved,observed,nmmt_schedule_7534
7534,26034,109,2643,3174,04:36 PM,59760,unresolved,observed,nmmt_schedule_7534
7534,26000,109,2643,3174,04:55 PM,60900,unresolved,observed,nmmt_schedule_7534
7534,26068,109,2643,3174,05:14 PM,62040,unresolved,observed,nmmt_schedule_7534
7534,25992,109,2643,3174,05:33 PM,63180,unresolved,observed,nmmt_schedule_7534
7534,26036,109,2643,3174,05:52 PM,64320,unresolved,observed,nmmt_schedule_7534
7534,26002,109,2643,3174,06:11 PM,65460,unresolved,observed,nmmt_schedule_7534
7534,26070,109,2643,3174,06:30 PM,66600,unresolved,observed,nmmt_schedule_7534
7534,25994,109,2643,3174,06:49 PM,67740,unresolved,observed,nmmt_schedule_7534
7534,26038,109,2643,3174,07:08 PM,68880,unresolved,observed,nmmt_schedule_7534
7534,26004,109,2643,3174,07:27 PM,70020,unresolved,observed,nmmt_schedule_7534
7534,25996,109,2643,3174,08:05 PM,72300,unresolved,observed,nmmt_schedule_7534
7534,26006,109,2643,3174,08:48 PM,74880,unresolved,observed,nmmt_schedule_7534
7535,26062,109,3137,3174,02:05 PM,50700,unresolved,observed,nmmt_schedule_7535
7535,26030,109,3137,3174,02:40 PM,52800,unresolved,observed,nmmt_schedule_7535
7535,25988,109,3137,3174,03:32 PM,55920,unresolved,observed,nmmt_schedule_7535
7535,25998,109,3137,3174,04:10 PM,58200,unresolved,observed,nmmt_schedule_7535
7536,26008,109,2908,4423,06:10 AM,22200,unresolved,observed,nmmt_schedule_7536
7536,26040,109,2908,4423,06:42 AM,24120,unresolved,observed,nmmt_schedule_7536
7536,26019,109,2908,4423,07:30 AM,27000,unresolved,observed,nmmt_schedule_7536
7536,26051,109,2908,4423,08:05 AM,29100,unresolved,observed,nmmt_schedule_7536
7537,26071,109,3174,2908,07:07 PM,68820,unresolved,observed,nmmt_schedule_7537
7537,26039,109,3174,2908,07:45 PM,71100,unresolved,observed,nmmt_schedule_7537
7537,25997,109,3174,2908,08:40 PM,74400,unresolved,observed,nmmt_schedule_7537
7537,26007,109,3174,2908,09:20 PM,76800,unresolved,observed,nmmt_schedule_7537
7550,17537,064,3174,3137,12:30 PM,45000,unresolved,observed,nmmt_schedule_7550
7553,17545,064,3137,3174,01:55 PM,50100,unresolved,observed,nmmt_schedule_7553
7553,17551,064,3137,3174,02:45 PM,53100,unresolved,observed,nmmt_schedule_7553
7716,19582,02EXAC,3173,3137,12:23 PM,44580,unresolved,observed,nmmt_schedule_7716
7716,19531,02EXAC,3173,3137,12:38 PM,45480,unresolved,observed,nmmt_schedule_7716
7716,19549,02EXAC,3173,3137,12:57 PM,46620,unresolved,observed,nmmt_schedule_7716
7716,17762,02EXAC,3173,3137,01:10 PM,47400,unresolved,observed,nmmt_schedule_7716
7716,19559,02EXAC,3173,3137,01:12 PM,47520,unresolved,observed,nmmt_schedule_7716
7716,19569,02EXAC,3173,3137,01:28 PM,48480,unresolved,observed,nmmt_schedule_7716
7716,17743,02EXAC,3173,3137,01:52 PM,49920,unresolved,observed,nmmt_schedule_7716
7716,19573,02EXAC,3173,3137,02:13 PM,51180,unresolved,observed,nmmt_schedule_7716
7716,17755,02EXAC,3173,3137,02:19 PM,51540,unresolved,observed,nmmt_schedule_7716
7716,19621,02EXAC,3173,3137,02:23 PM,51780,unresolved,observed,nmmt_schedule_7716
7716,19519,02EXAC,3173,3137,02:42 PM,52920,unresolved,observed,nmmt_schedule_7716
7716,17777,02EXAC,3173,3137,02:46 PM,53160,unresolved,observed,nmmt_schedule_7716
7716,19521,02EXAC,3173,3137,02:57 PM,53820,unresolved,observed,nmmt_schedule_7716
7716,17730,02EXAC,3173,3137,05:16 PM,62160,unresolved,observed,nmmt_schedule_7716
7736,25549,WS1,4845,3251,08:00 AM,28800,unresolved,observed,nmmt_schedule_7736
7737,25551,WS1,3251,2692,09:50 AM,35400,unresolved,observed,nmmt_schedule_7737
7738,25546,WS1,2692,2907,10:35 PM,81300,unresolved,observed,nmmt_schedule_7738
7739,25547,WS1,2907,2717,11:10 PM,83400,unresolved,observed,nmmt_schedule_7739
7739,25541,WS1,2907,2717,03:10 AM,11400,unresolved,observed,nmmt_schedule_7739
7742,25544,WS1,2717,2540,12:25 AM,1500,unresolved,observed,nmmt_schedule_7742
7742,25553,WS1,2717,2540,01:40 AM,6000,unresolved,observed,nmmt_schedule_7742
7742,25542,WS1,2717,2540,04:35 AM,16500,unresolved,observed,nmmt_schedule_7742
7743,25543,WS1,2540,2692,05:50 AM,21000,unresolved,observed,nmmt_schedule_7743
7746,25729,082,2907,4773,05:20 AM,19200,unresolved,observed,nmmt_schedule_7746
7746,25738,082,2907,4773,05:40 AM,20400,unresolved,observed,nmmt_schedule_7746
7746,25747,082,2907,4773,05:50 AM,21000,unresolved,observed,nmmt_schedule_7746
7746,25756,082,2907,4773,06:05 AM,21900,unresolved,observed,nmmt_schedule_7746
7746,25765,082,2907,4773,06:20 AM,22800,unresolved,observed,nmmt_schedule_7746
7746,25774,082,2907,4773,06:40 AM,24000,unresolved,observed,nmmt_schedule_7746
7772,25800,082,4773,2907,08:33 PM,73980,unresolved,observed,nmmt_schedule_7772
7772,25809,082,4773,2907,08:53 PM,75180,unresolved,observed,nmmt_schedule_7772
7772,25827,082,4773,2907,09:13 PM,76380,unresolved,observed,nmmt_schedule_7772
7772,25845,082,4773,2907,09:33 PM,77580,unresolved,observed,nmmt_schedule_7772
7772,25854,082,4773,2907,09:53 PM,78780,unresolved,observed,nmmt_schedule_7772
7772,25836,082,4773,2907,10:13 PM,79980,unresolved,observed,nmmt_schedule_7772
7813,14637,024 AC,2776,3173,05:50 AM,21000,unresolved,observed,nmmt_schedule_7813
7813,14655,024 AC,2776,3173,06:15 AM,22500,unresolved,observed,nmmt_schedule_7813
7813,14673,024 AC,2776,3173,06:45 AM,24300,unresolved,observed,nmmt_schedule_7813
7813,14618,024 AC,2776,3173,07:12 AM,25920,unresolved,observed,nmmt_schedule_7813
7813,14628,024 AC,2776,3173,07:41 AM,27660,unresolved,observed,nmmt_schedule_7813
7813,14651,024 AC,2776,3173,08:12 AM,29520,unresolved,observed,nmmt_schedule_7813
7813,14662,024 AC,2776,3173,08:38 AM,31080,unresolved,observed,nmmt_schedule_7813
7813,14678,024 AC,2776,3173,09:08 AM,32880,unresolved,observed,nmmt_schedule_7813
7813,14639,024 AC,2776,3173,09:42 AM,34920,unresolved,observed,nmmt_schedule_7813
7813,14656,024 AC,2776,3173,10:17 AM,37020,unresolved,observed,nmmt_schedule_7813
7813,14676,024 AC,2776,3173,10:50 AM,39000,unresolved,observed,nmmt_schedule_7813
7813,22898,024 AC,2776,3173,10:55 AM,39300,unresolved,observed,nmmt_schedule_7813
7813,14621,024 AC,2776,3173,11:20 AM,40800,unresolved,observed,nmmt_schedule_7813
7813,14626,024 AC,2776,3173,11:55 AM,42900,unresolved,observed,nmmt_schedule_7813
7813,14650,024 AC,2776,3173,12:25 PM,44700,unresolved,observed,nmmt_schedule_7813
7813,14660,024 AC,2776,3173,12:55 PM,46500,unresolved,observed,nmmt_schedule_7813
7813,14679,024 AC,2776,3173,01:25 PM,48300,unresolved,observed,nmmt_schedule_7813
7813,14642,024 AC,2776,3173,02:35 PM,52500,unresolved,observed,nmmt_schedule_7813
7813,22960,024 AC,2776,3173,03:12 PM,54720,unresolved,observed,nmmt_schedule_7813
7813,14666,024 AC,2776,3173,03:21 PM,55260,unresolved,observed,nmmt_schedule_7813
7813,14630,024 AC,2776,3173,03:52 PM,57120,unresolved,observed,nmmt_schedule_7813
7813,14684,024 AC,2776,3173,04:15 PM,58500,unresolved,observed,nmmt_schedule_7813
7813,14613,024 AC,2776,3173,04:52 PM,60720,unresolved,observed,nmmt_schedule_7813
7813,14694,024 AC,2776,3173,05:20 PM,62400,unresolved,observed,nmmt_schedule_7813
7813,22908,024 AC,2776,3173,05:29 PM,62940,unresolved,observed,nmmt_schedule_7813
7813,14697,024 AC,2776,3173,05:45 PM,63900,unresolved,observed,nmmt_schedule_7813
7813,14702,024 AC,2776,3173,06:08 PM,65280,unresolved,observed,nmmt_schedule_7813
7813,14644,024 AC,2776,3173,06:35 PM,66900,unresolved,observed,nmmt_schedule_7813
7813,14668,024 AC,2776,3173,07:12 PM,69120,unresolved,observed,nmmt_schedule_7813
7813,14632,024 AC,2776,3173,07:47 PM,71220,unresolved,observed,nmmt_schedule_7813
7813,14686,024 AC,2776,3173,08:20 PM,73200,unresolved,observed,nmmt_schedule_7813
7813,14617,024 AC,2776,3173,08:55 PM,75300,unresolved,observed,nmmt_schedule_7813
7813,14691,024 AC,2776,3173,09:25 PM,77100,unresolved,observed,nmmt_schedule_7813
7813,22910,024 AC,2776,3173,09:32 PM,77520,unresolved,observed,nmmt_schedule_7813
7813,14699,024 AC,2776,3173,09:50 PM,78600,unresolved,observed,nmmt_schedule_7813
7813,22916,024 AC,2776,3173,09:55 PM,78900,unresolved,observed,nmmt_schedule_7813
7813,14706,024 AC,2776,3173,10:10 PM,79800,unresolved,observed,nmmt_schedule_7813
7814,14636,024 AC,3173,2776,07:25 AM,26700,unresolved,observed,nmmt_schedule_7814
7814,14654,024 AC,3173,2776,07:48 AM,28080,unresolved,observed,nmmt_schedule_7814
7814,14672,024 AC,3173,2776,08:25 AM,30300,unresolved,observed,nmmt_schedule_7814
7814,14619,024 AC,3173,2776,08:52 AM,31920,unresolved,observed,nmmt_schedule_7814
7814,14625,024 AC,3173,2776,09:21 AM,33660,unresolved,observed,nmmt_schedule_7814
7814,14649,024 AC,3173,2776,09:50 AM,35400,unresolved,observed,nmmt_schedule_7814
7814,14663,024 AC,3173,2776,10:19 AM,37140,unresolved,observed,nmmt_schedule_7814
7814,14681,024 AC,3173,2776,10:48 AM,38880,unresolved,observed,nmmt_schedule_7814
7814,14640,024 AC,3173,2776,11:22 AM,40920,unresolved,observed,nmmt_schedule_7814
7814,14658,024 AC,3173,2776,11:57 AM,43020,unresolved,observed,nmmt_schedule_7814
7814,14674,024 AC,3173,2776,12:30 PM,45000,unresolved,observed,nmmt_schedule_7814
7814,22899,024 AC,3173,2776,12:35 PM,45300,unresolved,observed,nmmt_schedule_7814
7814,14622,024 AC,3173,2776,12:58 PM,46680,unresolved,observed,nmmt_schedule_7814
7814,14627,024 AC,3173,2776,01:33 PM,48780,unresolved,observed,nmmt_schedule_7814
7814,14648,024 AC,3173,2776,02:03 PM,50580,unresolved,observed,nmmt_schedule_7814
7814,14661,024 AC,3173,2776,02:33 PM,52380,unresolved,observed,nmmt_schedule_7814
7814,14680,024 AC,3173,2776,03:01 PM,54060,unresolved,observed,nmmt_schedule_7814
7814,14643,024 AC,3173,2776,04:13 PM,58380,unresolved,observed,nmmt_schedule_7814
7814,14667,024 AC,3173,2776,04:51 PM,60660,unresolved,observed,nmmt_schedule_7814
7814,14631,024 AC,3173,2776,05:30 PM,63000,unresolved,observed,nmmt_schedule_7814
7814,14685,024 AC,3173,2776,05:56 PM,64560,unresolved,observed,nmmt_schedule_7814
7814,14614,024 AC,3173,2776,06:35 PM,66900,unresolved,observed,nmmt_schedule_7814
7814,14690,024 AC,3173,2776,07:03 PM,68580,unresolved,observed,nmmt_schedule_7814
7814,22909,024 AC,3173,2776,07:12 PM,69120,unresolved,observed,nmmt_schedule_7814
7814,14698,024 AC,3173,2776,07:28 PM,70080,unresolved,observed,nmmt_schedule_7814
7814,22915,024 AC,3173,2776,07:40 PM,70800,unresolved,observed,nmmt_schedule_7814
7814,14705,024 AC,3173,2776,07:50 PM,71400,unresolved,observed,nmmt_schedule_7814
7814,14647,024 AC,3173,2776,08:18 PM,73080,unresolved,observed,nmmt_schedule_7814
7814,14669,024 AC,3173,2776,08:55 PM,75300,unresolved,observed,nmmt_schedule_7814
7814,14633,024 AC,3173,2776,09:30 PM,77400,unresolved,observed,nmmt_schedule_7814
7814,14687,024 AC,3173,2776,10:03 PM,79380,unresolved,observed,nmmt_schedule_7814
7814,14612,024 AC,3173,2776,10:37 PM,81420,unresolved,observed,nmmt_schedule_7814
7814,14695,024 AC,3173,2776,11:05 PM,83100,unresolved,observed,nmmt_schedule_7814
7814,22907,024 AC,3173,2776,11:10 PM,83400,unresolved,observed,nmmt_schedule_7814
7814,14700,024 AC,3173,2776,11:26 PM,84360,unresolved,observed,nmmt_schedule_7814
7814,22912,024 AC,3173,2776,11:31 PM,84660,unresolved,observed,nmmt_schedule_7814
7814,14707,024 AC,3173,2776,11:45 PM,85500,unresolved,observed,nmmt_schedule_7814
7815,14638,024 AC,2692,2776,05:35 AM,20100,unresolved,observed,nmmt_schedule_7815
7815,14657,024 AC,2692,2776,06:00 AM,21600,unresolved,observed,nmmt_schedule_7815
7815,14675,024 AC,2692,2776,06:30 AM,23400,unresolved,observed,nmmt_schedule_7815
7815,14620,024 AC,2692,2776,06:57 AM,25020,unresolved,observed,nmmt_schedule_7815
7815,14624,024 AC,2692,2776,07:26 AM,26760,unresolved,observed,nmmt_schedule_7815
7815,14652,024 AC,2692,2776,07:55 AM,28500,unresolved,observed,nmmt_schedule_7815
7815,14664,024 AC,2692,2776,08:23 AM,30180,unresolved,observed,nmmt_schedule_7815
7815,14682,024 AC,2692,2776,08:53 AM,31980,unresolved,observed,nmmt_schedule_7815
7815,14646,024 AC,2692,2776,02:20 PM,51600,unresolved,observed,nmmt_schedule_7815
7815,14671,024 AC,2692,2776,02:55 PM,53700,unresolved,observed,nmmt_schedule_7815
7815,14635,024 AC,2692,2776,03:35 PM,56100,unresolved,observed,nmmt_schedule_7815
7815,14688,024 AC,2692,2776,04:00 PM,57600,unresolved,observed,nmmt_schedule_7815
7815,14615,024 AC,2692,2776,04:35 PM,59700,unresolved,observed,nmmt_schedule_7815
7815,14693,024 AC,2692,2776,05:05 PM,61500,unresolved,observed,nmmt_schedule_7815
7815,22905,024 AC,2692,2776,05:14 PM,62040,unresolved,observed,nmmt_schedule_7815
7815,14696,024 AC,2692,2776,05:30 PM,63000,unresolved,observed,nmmt_schedule_7815
7815,14703,024 AC,2692,2776,05:53 PM,64380,unresolved,observed,nmmt_schedule_7815
7816,14616,024 AC,2776,2692,12:12 AM,720,unresolved,observed,nmmt_schedule_7816
7816,14692,024 AC,2776,2692,12:40 AM,2400,unresolved,observed,nmmt_schedule_7816
7816,14701,024 AC,2776,2692,12:55 AM,3300,unresolved,observed,nmmt_schedule_7816
7816,14704,024 AC,2776,2692,01:12 AM,4320,unresolved,observed,nmmt_schedule_7816
7816,14641,024 AC,2776,2692,12:57 PM,46620,unresolved,observed,nmmt_schedule_7816
7816,14659,024 AC,2776,2692,01:32 PM,48720,unresolved,observed,nmmt_schedule_7816
7816,14677,024 AC,2776,2692,02:07 PM,50820,unresolved,observed,nmmt_schedule_7816
7816,22900,024 AC,2776,2692,02:10 PM,51000,unresolved,observed,nmmt_schedule_7816
7816,14623,024 AC,2776,2692,02:33 PM,52380,unresolved,observed,nmmt_schedule_7816
7816,14629,024 AC,2776,2692,03:08 PM,54480,unresolved,observed,nmmt_schedule_7816
7816,14653,024 AC,2776,2692,03:38 PM,56280,unresolved,observed,nmmt_schedule_7816
7816,14665,024 AC,2776,2692,04:08 PM,58080,unresolved,observed,nmmt_schedule_7816
7816,14683,024 AC,2776,2692,04:36 PM,59760,unresolved,observed,nmmt_schedule_7816
7816,14645,024 AC,2776,2692,09:57 PM,79020,unresolved,observed,nmmt_schedule_7816
7816,14670,024 AC,2776,2692,10:35 PM,81300,unresolved,observed,nmmt_schedule_7816
7816,14634,024 AC,2776,2692,11:07 PM,83220,unresolved,observed,nmmt_schedule_7816
7816,14689,024 AC,2776,2692,11:38 PM,85080,unresolved,observed,nmmt_schedule_7816
7816,22980,024 AC,2776,2692,12:12 AM,720,unresolved,observed,nmmt_schedule_7816
7816,22906,024 AC,2776,2692,12:45 AM,2700,unresolved,observed,nmmt_schedule_7816
7816,22913,024 AC,2776,2692,01:00 AM,3600,unresolved,observed,nmmt_schedule_7816
7816,22928,024 AC,2776,2692,01:12 AM,4320,unresolved,observed,nmmt_schedule_7816
7817,17827,002 Ex,3173,3885,06:40 AM,24000,unresolved,observed,nmmt_schedule_7817
7817,17837,002 Ex,3173,3885,06:57 AM,25020,unresolved,observed,nmmt_schedule_7817
7817,19538,002 Ex,3173,3885,07:00 AM,25200,unresolved,observed,nmmt_schedule_7817
7817,17847,002 Ex,3173,3885,07:12 AM,25920,unresolved,observed,nmmt_schedule_7817
7817,19540,002 Ex,3173,3885,07:18 AM,26280,unresolved,observed,nmmt_schedule_7817
7817,17757,002 Ex,3173,3885,07:25 AM,26700,unresolved,observed,nmmt_schedule_7817
7817,19554,002 Ex,3173,3885,07:35 AM,27300,unresolved,observed,nmmt_schedule_7817
7817,17857,002 Ex,3173,3885,07:39 AM,27540,unresolved,observed,nmmt_schedule_7817
7817,19564,002 Ex,3173,3885,07:50 AM,28200,unresolved,observed,nmmt_schedule_7817
7817,17867,002 Ex,3173,3885,07:53 AM,28380,unresolved,observed,nmmt_schedule_7817
7817,17829,002 Ex,3173,3885,08:00 AM,28800,unresolved,observed,nmmt_schedule_7817
7817,19575,002 Ex,3173,3885,08:09 AM,29340,unresolved,observed,nmmt_schedule_7817
7817,17839,002 Ex,3173,3885,08:14 AM,29640,unresolved,observed,nmmt_schedule_7817
7817,19533,002 Ex,3173,3885,08:18 AM,29880,unresolved,observed,nmmt_schedule_7817
7817,17877,002 Ex,3173,3885,08:21 AM,30060,unresolved,observed,nmmt_schedule_7817
7817,19629,002 Ex,3173,3885,08:26 AM,30360,unresolved,observed,nmmt_schedule_7817
7817,17849,002 Ex,3173,3885,08:28 AM,30480,unresolved,observed,nmmt_schedule_7817
7817,17748,002 Ex,3173,3885,08:34 AM,30840,unresolved,observed,nmmt_schedule_7817
7817,17764,002 Ex,3173,3885,08:41 AM,31260,unresolved,observed,nmmt_schedule_7817
7817,19510,002 Ex,3173,3885,08:42 AM,31320,unresolved,observed,nmmt_schedule_7817
7817,17887,002 Ex,3173,3885,08:48 AM,31680,unresolved,observed,nmmt_schedule_7817
7817,19556,002 Ex,3173,3885,08:50 AM,31800,unresolved,observed,nmmt_schedule_7817
7817,17859,002 Ex,3173,3885,08:55 AM,32100,unresolved,observed,nmmt_schedule_7817
7817,19529,002 Ex,3173,3885,08:58 AM,32280,unresolved,observed,nmmt_schedule_7817
7817,17779,002 Ex,3173,3885,09:02 AM,32520,unresolved,observed,nmmt_schedule_7817
7817,19566,002 Ex,3173,3885,09:07 AM,32820,unresolved,observed,nmmt_schedule_7817
7817,17869,002 Ex,3173,3885,09:09 AM,32940,unresolved,observed,nmmt_schedule_7817
7817,17737,002 Ex,3173,3885,09:23 AM,33780,unresolved,observed,nmmt_schedule_7817
7817,19577,002 Ex,3173,3885,09:25 AM,33900,unresolved,observed,nmmt_schedule_7817
7817,17879,002 Ex,3173,3885,09:37 AM,34620,unresolved,observed,nmmt_schedule_7817
7817,19623,002 Ex,3173,3885,09:42 AM,34920,unresolved,observed,nmmt_schedule_7817
7817,17749,002 Ex,3173,3885,09:50 AM,35400,unresolved,observed,nmmt_schedule_7817
7817,17831,002 Ex,3173,3885,09:57 AM,35820,unresolved,observed,nmmt_schedule_7817
7817,19512,002 Ex,3173,3885,09:58 AM,35880,unresolved,observed,nmmt_schedule_7817
7817,17889,002 Ex,3173,3885,10:04 AM,36240,unresolved,observed,nmmt_schedule_7817
7817,19535,002 Ex,3173,3885,10:06 AM,36360,unresolved,observed,nmmt_schedule_7817
7817,17841,002 Ex,3173,3885,10:11 AM,36660,unresolved,observed,nmmt_schedule_7817
7817,19524,002 Ex,3173,3885,10:14 AM,36840,unresolved,observed,nmmt_schedule_7817
7817,17781,002 Ex,3173,3885,10:18 AM,37080,unresolved,observed,nmmt_schedule_7817
7817,17851,002 Ex,3173,3885,10:25 AM,37500,unresolved,observed,nmmt_schedule_7817
7817,17832,002 Ex,3173,3885,10:35 AM,38100,unresolved,observed,nmmt_schedule_7817
7817,17758,002 Ex,3173,3885,10:38 AM,38280,unresolved,observed,nmmt_schedule_7817
7817,19557,002 Ex,3173,3885,10:40 AM,38400,unresolved,observed,nmmt_schedule_7817
7817,17861,002 Ex,3173,3885,10:52 AM,39120,unresolved,observed,nmmt_schedule_7817
7817,19567,002 Ex,3173,3885,10:55 AM,39300,unresolved,observed,nmmt_schedule_7817
7817,17871,002 Ex,3173,3885,11:06 AM,39960,unresolved,observed,nmmt_schedule_7817
7817,17833,002 Ex,3173,3885,11:13 AM,40380,unresolved,observed,nmmt_schedule_7817
7817,17744,002 Ex,3173,3885,11:20 AM,40800,unresolved,observed,nmmt_schedule_7817
7817,19537,002 Ex,3173,3885,11:22 AM,40920,unresolved,observed,nmmt_schedule_7817
7817,17843,002 Ex,3173,3885,11:27 AM,41220,unresolved,observed,nmmt_schedule_7817
7817,17881,002 Ex,3173,3885,11:34 AM,41640,unresolved,observed,nmmt_schedule_7817
7817,19578,002 Ex,3173,3885,11:40 AM,42000,unresolved,observed,nmmt_schedule_7817
7817,19547,002 Ex,3173,3885,11:41 AM,42060,unresolved,observed,nmmt_schedule_7817
7817,17752,002 Ex,3173,3885,11:48 AM,42480,unresolved,observed,nmmt_schedule_7817
7817,17760,002 Ex,3173,3885,11:54 AM,42840,unresolved,observed,nmmt_schedule_7817
7817,19551,002 Ex,3173,3885,11:56 AM,42960,unresolved,observed,nmmt_schedule_7817
7817,17891,002 Ex,3173,3885,12:01 PM,43260,unresolved,observed,nmmt_schedule_7817
7817,19515,002 Ex,3173,3885,12:05 PM,43500,unresolved,observed,nmmt_schedule_7817
7817,17863,002 Ex,3173,3885,12:08 PM,43680,unresolved,observed,nmmt_schedule_7817
7817,19561,002 Ex,3173,3885,12:12 PM,43920,unresolved,observed,nmmt_schedule_7817
7817,17783,002 Ex,3173,3885,12:15 PM,44100,unresolved,observed,nmmt_schedule_7817
7817,19522,002 Ex,3173,3885,12:20 PM,44400,unresolved,observed,nmmt_schedule_7817
7817,17873,002 Ex,3173,3885,12:22 PM,44520,unresolved,observed,nmmt_schedule_7817
7817,17739,002 Ex,3173,3885,12:36 PM,45360,unresolved,observed,nmmt_schedule_7817
7817,17883,002 Ex,3173,3885,12:50 PM,46200,unresolved,observed,nmmt_schedule_7817
7817,19571,002 Ex,3173,3885,12:56 PM,46560,unresolved,observed,nmmt_schedule_7817
7817,17754,002 Ex,3173,3885,01:04 PM,47040,unresolved,observed,nmmt_schedule_7817
7817,19627,002 Ex,3173,3885,01:05 PM,47100,unresolved,observed,nmmt_schedule_7817
7817,17893,002 Ex,3173,3885,01:17 PM,47820,unresolved,observed,nmmt_schedule_7817
7817,19517,002 Ex,3173,3885,01:25 PM,48300,unresolved,observed,nmmt_schedule_7817
7817,17785,002 Ex,3173,3885,01:31 PM,48660,unresolved,observed,nmmt_schedule_7817
7817,19525,002 Ex,3173,3885,01:40 PM,49200,unresolved,observed,nmmt_schedule_7817
7817,17789,002 Ex,3173,3885,02:00 PM,50400,unresolved,observed,nmmt_schedule_7817
7817,19591,002 Ex,3173,3885,02:05 PM,50700,unresolved,observed,nmmt_schedule_7817
7817,17897,002 Ex,3173,3885,02:14 PM,51240,unresolved,observed,nmmt_schedule_7817
7817,19608,002 Ex,3173,3885,02:23 PM,51780,unresolved,observed,nmmt_schedule_7817
7817,17803,002 Ex,3173,3885,02:29 PM,52140,unresolved,observed,nmmt_schedule_7817
7817,17907,002 Ex,3173,3885,02:43 PM,52980,unresolved,observed,nmmt_schedule_7817
7817,17809,002 Ex,3173,3885,02:53 PM,53580,unresolved,observed,nmmt_schedule_7817
7817,19634,002 Ex,3173,3885,02:58 PM,53880,unresolved,observed,nmmt_schedule_7817
7817,17819,002 Ex,3173,3885,03:13 PM,54780,unresolved,observed,nmmt_schedule_7817
7817,19648,002 Ex,3173,3885,03:16 PM,54960,unresolved,observed,nmmt_schedule_7817
7817,17791,002 Ex,3173,3885,03:20 PM,55200,unresolved,observed,nmmt_schedule_7817
7817,19593,002 Ex,3173,3885,03:25 PM,55500,unresolved,observed,nmmt_schedule_7817
7817,17918,002 Ex,3173,3885,03:27 PM,55620,unresolved,observed,nmmt_schedule_7817
7817,17899,002 Ex,3173,3885,03:34 PM,56040,unresolved,observed,nmmt_schedule_7817
7817,19614,002 Ex,3173,3885,03:40 PM,56400,unresolved,observed,nmmt_schedule_7817
7817,17717,002 Ex,3173,3885,03:42 PM,56520,unresolved,observed,nmmt_schedule_7817
7817,19600,002 Ex,3173,3885,03:43 PM,56580,unresolved,observed,nmmt_schedule_7817
7817,17805,002 Ex,3173,3885,03:49 PM,56940,unresolved,observed,nmmt_schedule_7817
7817,19666,002 Ex,3173,3885,03:52 PM,57120,unresolved,observed,nmmt_schedule_7817
7817,17728,002 Ex,3173,3885,03:56 PM,57360,unresolved,observed,nmmt_schedule_7817
7817,19610,002 Ex,3173,3885,04:00 PM,57600,unresolved,observed,nmmt_schedule_7817
7817,17909,002 Ex,3173,3885,04:03 PM,57780,unresolved,observed,nmmt_schedule_7817
7817,19677,002 Ex,3173,3885,04:09 PM,58140,unresolved,observed,nmmt_schedule_7817
7817,17927,002 Ex,3173,3885,04:11 PM,58260,unresolved,observed,nmmt_schedule_7817
7817,17811,002 Ex,3173,3885,04:18 PM,58680,unresolved,observed,nmmt_schedule_7817
7817,17773,002 Ex,3173,3885,04:25 PM,59100,unresolved,observed,nmmt_schedule_7817
7817,19682,002 Ex,3173,3885,04:27 PM,59220,unresolved,observed,nmmt_schedule_7817
7817,17821,002 Ex,3173,3885,04:33 PM,59580,unresolved,observed,nmmt_schedule_7817
7817,19642,002 Ex,3173,3885,04:36 PM,59760,unresolved,observed,nmmt_schedule_7817
7817,17920,002 Ex,3173,3885,04:47 PM,60420,unresolved,observed,nmmt_schedule_7817
7817,19652,002 Ex,3173,3885,04:54 PM,60840,unresolved,observed,nmmt_schedule_7817
7817,17720,002 Ex,3173,3885,05:03 PM,61380,unresolved,observed,nmmt_schedule_7817
7817,19661,002 Ex,3173,3885,05:12 PM,61920,unresolved,observed,nmmt_schedule_7817
7817,19676,002 Ex,3173,3885,05:29 PM,62940,unresolved,observed,nmmt_schedule_7817
7817,17929,002 Ex,3173,3885,05:31 PM,63060,unresolved,observed,nmmt_schedule_7817
7817,19595,002 Ex,3173,3885,05:38 PM,63480,unresolved,observed,nmmt_schedule_7817
7817,17792,002 Ex,3173,3885,05:39 PM,63540,unresolved,observed,nmmt_schedule_7817
7817,17768,002 Ex,3173,3885,05:45 PM,63900,unresolved,observed,nmmt_schedule_7817
7817,19683,002 Ex,3173,3885,05:47 PM,64020,unresolved,observed,nmmt_schedule_7817
7817,17901,002 Ex,3173,3885,05:54 PM,64440,unresolved,observed,nmmt_schedule_7817
7817,19602,002 Ex,3173,3885,05:56 PM,64560,unresolved,observed,nmmt_schedule_7817
7817,17797,002 Ex,3173,3885,06:08 PM,65280,unresolved,observed,nmmt_schedule_7817
7817,19616,002 Ex,3173,3885,06:13 PM,65580,unresolved,observed,nmmt_schedule_7817
7817,17911,002 Ex,3173,3885,06:23 PM,66180,unresolved,observed,nmmt_schedule_7817
7817,19637,002 Ex,3173,3885,06:31 PM,66660,unresolved,observed,nmmt_schedule_7817
7817,17813,002 Ex,3173,3885,06:38 PM,67080,unresolved,observed,nmmt_schedule_7817
7817,19649,002 Ex,3173,3885,06:49 PM,67740,unresolved,observed,nmmt_schedule_7817
7817,17823,002 Ex,3173,3885,06:52 PM,67920,unresolved,observed,nmmt_schedule_7817
7817,19597,002 Ex,3173,3885,06:58 PM,68280,unresolved,observed,nmmt_schedule_7817
7817,17794,002 Ex,3173,3885,06:59 PM,68340,unresolved,observed,nmmt_schedule_7817
7817,19618,002 Ex,3173,3885,07:03 PM,68580,unresolved,observed,nmmt_schedule_7817
7817,17922,002 Ex,3173,3885,07:06 PM,68760,unresolved,observed,nmmt_schedule_7817
7817,19654,002 Ex,3173,3885,07:07 PM,68820,unresolved,observed,nmmt_schedule_7817
7817,17903,002 Ex,3173,3885,07:14 PM,69240,unresolved,observed,nmmt_schedule_7817
7817,19604,002 Ex,3173,3885,07:16 PM,69360,unresolved,observed,nmmt_schedule_7817
7817,17724,002 Ex,3173,3885,07:21 PM,69660,unresolved,observed,nmmt_schedule_7817
7817,19667,002 Ex,3173,3885,07:25 PM,69900,unresolved,observed,nmmt_schedule_7817
7817,17799,002 Ex,3173,3885,07:28 PM,70080,unresolved,observed,nmmt_schedule_7817
7817,17732,002 Ex,3173,3885,07:35 PM,70500,unresolved,observed,nmmt_schedule_7817
7817,17913,002 Ex,3173,3885,07:45 PM,71100,unresolved,observed,nmmt_schedule_7817
7817,19632,002 Ex,3173,3885,07:49 PM,71340,unresolved,observed,nmmt_schedule_7817
7817,17815,002 Ex,3173,3885,07:56 PM,71760,unresolved,observed,nmmt_schedule_7817
7817,17931,002 Ex,3173,3885,08:03 PM,72180,unresolved,observed,nmmt_schedule_7817
7817,19670,002 Ex,3173,3885,08:06 PM,72360,unresolved,observed,nmmt_schedule_7817
7817,19656,002 Ex,3173,3885,08:27 PM,73620,unresolved,observed,nmmt_schedule_7817
7817,17769,002 Ex,3173,3885,08:35 PM,74100,unresolved,observed,nmmt_schedule_7817
7817,19684,002 Ex,3173,3885,08:40 PM,74400,unresolved,observed,nmmt_schedule_7817
7817,17726,002 Ex,3173,3885,08:50 PM,75000,unresolved,observed,nmmt_schedule_7817
7817,19668,002 Ex,3173,3885,09:00 PM,75600,unresolved,observed,nmmt_schedule_7817
7817,17734,002 Ex,3173,3885,09:05 PM,75900,unresolved,observed,nmmt_schedule_7817
7817,19645,002 Ex,3173,3885,09:17 PM,76620,unresolved,observed,nmmt_schedule_7817
7817,17933,002 Ex,3173,3885,09:30 PM,77400,unresolved,observed,nmmt_schedule_7817
7817,17774,002 Ex,3173,3885,10:10 PM,79800,unresolved,observed,nmmt_schedule_7817
7819,22749,002,3173,3137,07:10 AM,25800,unresolved,observed,nmmt_schedule_7819
7821,17826,002 Ex,2908,3173,05:55 AM,21300,unresolved,observed,nmmt_schedule_7821
7821,17836,002 Ex,2908,3173,06:12 AM,22320,unresolved,observed,nmmt_schedule_7821
7821,19539,002 Ex,2908,3173,06:15 AM,22500,unresolved,observed,nmmt_schedule_7821
7821,17846,002 Ex,2908,3173,06:27 AM,23220,unresolved,observed,nmmt_schedule_7821
7821,19541,002 Ex,2908,3173,06:35 AM,23700,unresolved,observed,nmmt_schedule_7821
7821,17756,002 Ex,2908,3173,06:40 AM,24000,unresolved,observed,nmmt_schedule_7821
7821,19553,002 Ex,2908,3173,06:50 AM,24600,unresolved,observed,nmmt_schedule_7821
7821,17856,002 Ex,2908,3173,06:55 AM,24900,unresolved,observed,nmmt_schedule_7821
7821,19563,002 Ex,2908,3173,07:05 AM,25500,unresolved,observed,nmmt_schedule_7821
7821,17866,002 Ex,2908,3173,07:10 AM,25800,unresolved,observed,nmmt_schedule_7821
7821,17740,002 Ex,2908,3173,07:22 AM,26520,unresolved,observed,nmmt_schedule_7821
7821,19574,002 Ex,2908,3173,07:25 AM,26700,unresolved,observed,nmmt_schedule_7821
7821,17876,002 Ex,2908,3173,07:36 AM,27360,unresolved,observed,nmmt_schedule_7821
7821,19628,002 Ex,2908,3173,07:43 AM,27780,unresolved,observed,nmmt_schedule_7821
7821,17746,002 Ex,2908,3173,07:50 AM,28200,unresolved,observed,nmmt_schedule_7821
7821,19513,002 Ex,2908,3173,08:00 AM,28800,unresolved,observed,nmmt_schedule_7821
7821,17886,002 Ex,2908,3173,08:03 AM,28980,unresolved,observed,nmmt_schedule_7821
7821,19528,002 Ex,2908,3173,08:15 AM,29700,unresolved,observed,nmmt_schedule_7821
7824,17788,02EXAC,3137,3173,01:30 PM,48600,unresolved,observed,nmmt_schedule_7824
7824,19590,02EXAC,3137,3173,01:35 PM,48900,unresolved,observed,nmmt_schedule_7824
7824,19607,02EXAC,3137,3173,01:53 PM,49980,unresolved,observed,nmmt_schedule_7824
7824,17802,02EXAC,3137,3173,01:59 PM,50340,unresolved,observed,nmmt_schedule_7824
7824,19613,02EXAC,3137,3173,02:10 PM,51000,unresolved,observed,nmmt_schedule_7824
7824,17808,02EXAC,3137,3173,02:28 PM,52080,unresolved,observed,nmmt_schedule_7824
7824,17818,02EXAC,3137,3173,02:43 PM,52980,unresolved,observed,nmmt_schedule_7824
7824,19640,02EXAC,3137,3173,02:46 PM,53160,unresolved,observed,nmmt_schedule_7824
7824,19650,02EXAC,3137,3173,03:05 PM,54300,unresolved,observed,nmmt_schedule_7824
7824,17718,02EXAC,3137,3173,03:12 PM,54720,unresolved,observed,nmmt_schedule_7824
7824,19660,02EXAC,3137,3173,03:22 PM,55320,unresolved,observed,nmmt_schedule_7824
7824,17727,02EXAC,3137,3173,03:26 PM,55560,unresolved,observed,nmmt_schedule_7824
7824,19675,02EXAC,3137,3173,03:39 PM,56340,unresolved,observed,nmmt_schedule_7824
7824,17767,02EXAC,3137,3173,03:55 PM,57300,unresolved,observed,nmmt_schedule_7824
7824,19681,02EXAC,3137,3173,03:57 PM,57420,unresolved,observed,nmmt_schedule_7824
7877,23967,23ACEx,3996,2515,02:51 PM,53460,unresolved,observed,nmmt_schedule_7877
7878,23966,23ACEx,2515,3996,02:13 PM,51180,unresolved,observed,nmmt_schedule_7878
7878,23968,23ACEx,2515,3996,03:30 PM,55800,unresolved,observed,nmmt_schedule_7878
7879,23996,047,3996,3323,04:33 PM,59580,unresolved,observed,nmmt_schedule_7879
7880,25550,WS1,3284,2776,05:20 AM,19200,unresolved,observed,nmmt_schedule_7880
7887,17536,064,2908,2717,05:45 AM,20700,unresolved,observed,nmmt_schedule_7887
7888,17540,064,2908,4423,06:50 AM,24600,unresolved,observed,nmmt_schedule_7888
7889,17550,064,3174,2908,09:10 PM,76200,unresolved,observed,nmmt_schedule_7889
7889,17556,064,3174,2908,10:00 PM,79200,unresolved,observed,nmmt_schedule_7889
7910,24590,107 AC,2692,2515,06:40 AM,24000,unresolved,observed,nmmt_schedule_7910
7925,18400,114 AC,2908,2765,06:15 AM,22500,unresolved,observed,nmmt_schedule_7925
7926,25156,114 AC,2777,2908,05:05 PM,61500,unresolved,observed,nmmt_schedule_7926
7926,25160,114 AC,2777,2908,05:35 PM,63300,unresolved,observed,nmmt_schedule_7926
7926,25164,114 AC,2777,2908,06:05 PM,65100,unresolved,observed,nmmt_schedule_7926
7927,25169,114 AC,2908,2777,07:15 AM,26100,unresolved,observed,nmmt_schedule_7927
7927,25147,114 AC,2908,2777,07:30 AM,27000,unresolved,observed,nmmt_schedule_7927
7927,25152,114 AC,2908,2777,07:50 AM,28200,unresolved,observed,nmmt_schedule_7927
7969,21145,002,3137,3173,08:53 AM,31980,unresolved,observed,nmmt_schedule_7969
7970,21154,002,3137,2908,12:40 PM,45600,unresolved,observed,nmmt_schedule_7970
7970,21163,002,3137,2908,07:47 PM,71220,unresolved,observed,nmmt_schedule_7970
7982,19179,058,2907,4906,05:10 AM,18600,unresolved,observed,nmmt_schedule_7982
7982,19185,058,2907,4906,05:25 AM,19500,unresolved,observed,nmmt_schedule_7982
7982,24210,058,2907,4906,05:35 AM,20100,unresolved,observed,nmmt_schedule_7982
7982,19221,058,2907,4906,05:40 AM,20400,unresolved,observed,nmmt_schedule_7982
7982,19224,058,2907,4906,06:03 AM,21780,unresolved,observed,nmmt_schedule_7982
7982,19193,058,2907,4906,06:20 AM,22800,unresolved,observed,nmmt_schedule_7982
7982,24220,058,2907,4906,06:25 AM,23100,unresolved,observed,nmmt_schedule_7982
7982,19232,058,2907,4906,06:40 AM,24000,unresolved,observed,nmmt_schedule_7982
7982,19198,058,2907,4906,07:05 AM,25500,unresolved,observed,nmmt_schedule_7982
7982,19234,058,2907,4906,07:30 AM,27000,unresolved,observed,nmmt_schedule_7982
7982,19240,058,2907,4906,07:55 AM,28500,unresolved,observed,nmmt_schedule_7982
7982,19247,058,2907,4906,08:30 AM,30600,unresolved,observed,nmmt_schedule_7982
7984,24216,058,3323,4906,06:35 AM,23700,unresolved,observed,nmmt_schedule_7984
7984,24228,058,3323,4906,07:30 AM,27000,unresolved,observed,nmmt_schedule_7984
7984,24235,058,3323,4906,08:00 AM,28800,unresolved,observed,nmmt_schedule_7984
7984,24241,058,3323,4906,08:30 AM,30600,unresolved,observed,nmmt_schedule_7984
7984,24247,058,3323,4906,09:05 AM,32700,unresolved,observed,nmmt_schedule_7984
7984,19177,058,3323,4906,09:37 AM,34620,unresolved,observed,nmmt_schedule_7984
7984,24205,058,3323,4906,09:40 AM,34800,unresolved,observed,nmmt_schedule_7984
7984,19184,058,3323,4906,10:00 AM,36000,unresolved,observed,nmmt_schedule_7984
7984,24209,058,3323,4906,10:10 AM,36600,unresolved,observed,nmmt_schedule_7984
7984,19222,058,3323,4906,10:20 AM,37200,unresolved,observed,nmmt_schedule_7984
7984,24218,058,3323,4906,10:40 AM,38400,unresolved,observed,nmmt_schedule_7984
7984,19190,058,3323,4906,11:00 AM,39600,unresolved,observed,nmmt_schedule_7984
7984,24221,058,3323,4906,11:05 AM,39900,unresolved,observed,nmmt_schedule_7984
7984,19231,058,3323,4906,11:20 AM,40800,unresolved,observed,nmmt_schedule_7984
7984,24225,058,3323,4906,11:35 AM,41700,unresolved,observed,nmmt_schedule_7984
7984,19196,058,3323,4906,11:45 AM,42300,unresolved,observed,nmmt_schedule_7984
7984,24230,058,3323,4906,12:05 PM,43500,unresolved,observed,nmmt_schedule_7984
7984,19236,058,3323,4906,12:10 PM,43800,unresolved,observed,nmmt_schedule_7984
7984,19241,058,3323,4906,12:30 PM,45000,unresolved,observed,nmmt_schedule_7984
7984,24239,058,3323,4906,12:35 PM,45300,unresolved,observed,nmmt_schedule_7984
7984,24244,058,3323,4906,01:05 PM,47100,unresolved,observed,nmmt_schedule_7984
7984,19248,058,3323,4906,02:00 PM,50400,unresolved,observed,nmmt_schedule_7984
7984,24250,058,3323,4906,02:10 PM,51000,unresolved,observed,nmmt_schedule_7984
7984,19254,058,3323,4906,02:30 PM,52200,unresolved,observed,nmmt_schedule_7984
7984,24256,058,3323,4906,02:40 PM,52800,unresolved,observed,nmmt_schedule_7984
7984,19258,058,3323,4906,03:00 PM,54000,unresolved,observed,nmmt_schedule_7984
7984,24261,058,3323,4906,03:10 PM,54600,unresolved,observed,nmmt_schedule_7984
7984,19264,058,3323,4906,03:25 PM,55500,unresolved,observed,nmmt_schedule_7984
7984,24266,058,3323,4906,03:35 PM,56100,unresolved,observed,nmmt_schedule_7984
7984,19270,058,3323,4906,03:50 PM,57000,unresolved,observed,nmmt_schedule_7984
7984,24271,058,3323,4906,04:05 PM,57900,unresolved,observed,nmmt_schedule_7984
7984,19274,058,3323,4906,04:10 PM,58200,unresolved,observed,nmmt_schedule_7984
7984,19277,058,3323,4906,04:30 PM,59400,unresolved,observed,nmmt_schedule_7984
7984,24276,058,3323,4906,04:35 PM,59700,unresolved,observed,nmmt_schedule_7984
7984,19187,058,3323,4906,04:50 PM,60600,unresolved,observed,nmmt_schedule_7984
7984,24184,058,3323,4906,05:05 PM,61500,unresolved,observed,nmmt_schedule_7984
7984,19202,058,3323,4906,05:10 PM,61800,unresolved,observed,nmmt_schedule_7984
7984,24192,058,3323,4906,05:40 PM,63600,unresolved,observed,nmmt_schedule_7984
7984,19211,058,3323,4906,05:45 PM,63900,unresolved,observed,nmmt_schedule_7984
7984,19249,058,3323,4906,06:15 PM,65700,unresolved,observed,nmmt_schedule_7984
7984,19255,058,3323,4906,06:45 PM,67500,unresolved,observed,nmmt_schedule_7984
7984,19260,058,3323,4906,07:20 PM,69600,unresolved,observed,nmmt_schedule_7984
7984,19263,058,3323,4906,07:45 PM,71100,unresolved,observed,nmmt_schedule_7984
7984,19271,058,3323,4906,08:10 PM,72600,unresolved,observed,nmmt_schedule_7984
7984,19212,058,3323,4906,08:25 PM,73500,unresolved,observed,nmmt_schedule_7984
7984,24190,058,3323,4906,08:30 PM,73800,unresolved,observed,nmmt_schedule_7984
7984,19214,058,3323,4906,08:40 PM,74400,unresolved,observed,nmmt_schedule_7984
7984,19216,058,3323,4906,08:55 PM,75300,unresolved,observed,nmmt_schedule_7984
7984,24278,058,3323,4906,09:05 PM,75900,unresolved,observed,nmmt_schedule_7984
7984,19199,058,3323,4906,09:15 PM,76500,unresolved,observed,nmmt_schedule_7984
8023,21603,004Ext,3173,2685,07:37 AM,27420,unresolved,observed,nmmt_schedule_8023
8023,25277,004Ext,3173,2685,07:40 AM,27600,unresolved,observed,nmmt_schedule_8023
8023,25284,004Ext,3173,2685,08:00 AM,28800,unresolved,observed,nmmt_schedule_8023
8023,21609,004Ext,3173,2685,08:09 AM,29340,unresolved,observed,nmmt_schedule_8023
8023,25298,004Ext,3173,2685,08:22 AM,30120,unresolved,observed,nmmt_schedule_8023
8023,21650,004Ext,3173,2685,08:37 AM,31020,unresolved,observed,nmmt_schedule_8023
8023,25308,004Ext,3173,2685,08:44 AM,31440,unresolved,observed,nmmt_schedule_8023
8023,25279,004Ext,3173,2685,09:05 AM,32700,unresolved,observed,nmmt_schedule_8023
8023,21605,004Ext,3173,2685,09:06 AM,32760,unresolved,observed,nmmt_schedule_8023
8023,25290,004Ext,3173,2685,09:27 AM,34020,unresolved,observed,nmmt_schedule_8023
8023,21616,004Ext,3173,2685,09:38 AM,34680,unresolved,observed,nmmt_schedule_8023
8023,25293,004Ext,3173,2685,09:49 AM,35340,unresolved,observed,nmmt_schedule_8023
8023,21652,004Ext,3173,2685,10:04 AM,36240,unresolved,observed,nmmt_schedule_8023
8023,25304,004Ext,3173,2685,10:11 AM,36660,unresolved,observed,nmmt_schedule_8023
8023,25246,004Ext,3173,2685,05:23 PM,62580,unresolved,observed,nmmt_schedule_8023
8023,21620,004Ext,3173,2685,05:31 PM,63060,unresolved,observed,nmmt_schedule_8023
8023,25254,004Ext,3173,2685,05:45 PM,63900,unresolved,observed,nmmt_schedule_8023
8023,21631,004Ext,3173,2685,06:00 PM,64800,unresolved,observed,nmmt_schedule_8023
8023,25262,004Ext,3173,2685,06:07 PM,65220,unresolved,observed,nmmt_schedule_8023
8023,25272,004Ext,3173,2685,06:29 PM,66540,unresolved,observed,nmmt_schedule_8023
8023,21639,004Ext,3173,2685,06:32 PM,66720,unresolved,observed,nmmt_schedule_8023
8023,25244,004Ext,3173,2685,06:52 PM,67920,unresolved,observed,nmmt_schedule_8023
8023,21624,004Ext,3173,2685,06:58 PM,68280,unresolved,observed,nmmt_schedule_8023
8023,25248,004Ext,3173,2685,07:13 PM,69180,unresolved,observed,nmmt_schedule_8023
8023,21629,004Ext,3173,2685,07:28 PM,70080,unresolved,observed,nmmt_schedule_8023
8023,25265,004Ext,3173,2685,07:33 PM,70380,unresolved,observed,nmmt_schedule_8023
8023,21643,004Ext,3173,2685,07:57 PM,71820,unresolved,observed,nmmt_schedule_8023
8024,21602,004Ext,2685,3173,06:55 AM,24900,unresolved,observed,nmmt_schedule_8024
8024,25289,004Ext,2685,3173,07:17 AM,26220,unresolved,observed,nmmt_schedule_8024
8024,21614,004Ext,2685,3173,07:24 AM,26640,unresolved,observed,nmmt_schedule_8024
8024,25300,004Ext,2685,3173,07:38 AM,27480,unresolved,observed,nmmt_schedule_8024
8024,21647,004Ext,2685,3173,07:53 AM,28380,unresolved,observed,nmmt_schedule_8024
8024,25306,004Ext,2685,3173,08:00 AM,28800,unresolved,observed,nmmt_schedule_8024
8024,21604,004Ext,2685,3173,08:22 AM,30120,unresolved,observed,nmmt_schedule_8024
8024,25285,004Ext,2685,3173,08:44 AM,31440,unresolved,observed,nmmt_schedule_8024
8024,21610,004Ext,2685,3173,08:51 AM,31860,unresolved,observed,nmmt_schedule_8024
8024,25296,004Ext,2685,3173,09:06 AM,32760,unresolved,observed,nmmt_schedule_8024
8024,21645,004Ext,2685,3173,09:20 AM,33600,unresolved,observed,nmmt_schedule_8024
8024,25305,004Ext,2685,3173,09:28 AM,34080,unresolved,observed,nmmt_schedule_8024
8024,25280,004Ext,2685,3173,09:48 AM,35280,unresolved,observed,nmmt_schedule_8024
8024,21607,004Ext,2685,3173,09:49 AM,35340,unresolved,observed,nmmt_schedule_8024
8024,25288,004Ext,2685,3173,10:10 AM,36600,unresolved,observed,nmmt_schedule_8024
8024,21617,004Ext,2685,3173,10:21 AM,37260,unresolved,observed,nmmt_schedule_8024
8024,25301,004Ext,2685,3173,10:32 AM,37920,unresolved,observed,nmmt_schedule_8024
8024,21653,004Ext,2685,3173,10:47 AM,38820,unresolved,observed,nmmt_schedule_8024
8024,25302,004Ext,2685,3173,10:54 AM,39240,unresolved,observed,nmmt_schedule_8024
8024,25243,004Ext,2685,3173,02:15 PM,51300,unresolved,observed,nmmt_schedule_8024
8024,21626,004Ext,2685,3173,02:23 PM,51780,unresolved,observed,nmmt_schedule_8024
8024,25250,004Ext,2685,3173,02:37 PM,52620,unresolved,observed,nmmt_schedule_8024
8024,21628,004Ext,2685,3173,02:47 PM,53220,unresolved,observed,nmmt_schedule_8024
8024,25258,004Ext,2685,3173,03:00 PM,54000,unresolved,observed,nmmt_schedule_8024
8024,21638,004Ext,2685,3173,03:21 PM,55260,unresolved,observed,nmmt_schedule_8024
8024,25268,004Ext,2685,3173,03:28 PM,55680,unresolved,observed,nmmt_schedule_8024
8024,25245,004Ext,2685,3173,06:07 PM,65220,unresolved,observed,nmmt_schedule_8024
8024,21621,004Ext,2685,3173,06:14 PM,65640,unresolved,observed,nmmt_schedule_8024
8024,25255,004Ext,2685,3173,06:29 PM,66540,unresolved,observed,nmmt_schedule_8024
8024,21633,004Ext,2685,3173,06:43 PM,67380,unresolved,observed,nmmt_schedule_8024
8024,25263,004Ext,2685,3173,06:51 PM,67860,unresolved,observed,nmmt_schedule_8024
8024,25273,004Ext,2685,3173,07:13 PM,69180,unresolved,observed,nmmt_schedule_8024
8024,21640,004Ext,2685,3173,07:15 PM,69300,unresolved,observed,nmmt_schedule_8024
8024,25240,004Ext,2685,3173,07:35 PM,70500,unresolved,observed,nmmt_schedule_8024
8024,21618,004Ext,2685,3173,07:41 PM,70860,unresolved,observed,nmmt_schedule_8024
8024,25251,004Ext,2685,3173,07:57 PM,71820,unresolved,observed,nmmt_schedule_8024
8024,21632,004Ext,2685,3173,08:11 PM,72660,unresolved,observed,nmmt_schedule_8024
8024,25260,004Ext,2685,3173,08:18 PM,73080,unresolved,observed,nmmt_schedule_8024
8024,21644,004Ext,2685,3173,08:40 PM,74400,unresolved,observed,nmmt_schedule_8024
8026,21601,004Ext,2908,2685,06:42 AM,24120,unresolved,observed,nmmt_schedule_8026
8026,25287,004Ext,2908,2685,07:04 AM,25440,unresolved,observed,nmmt_schedule_8026
8026,21613,004Ext,2908,2685,07:11 AM,25860,unresolved,observed,nmmt_schedule_8026
8026,25295,004Ext,2908,2685,07:26 AM,26760,unresolved,observed,nmmt_schedule_8026
8026,21649,004Ext,2908,2685,07:40 AM,27600,unresolved,observed,nmmt_schedule_8026
8026,25307,004Ext,2908,2685,07:48 AM,28080,unresolved,observed,nmmt_schedule_8026
8026,25241,004Ext,2908,2685,02:03 PM,50580,unresolved,observed,nmmt_schedule_8026
8026,21619,004Ext,2908,2685,02:09 PM,50940,unresolved,observed,nmmt_schedule_8026
8026,25249,004Ext,2908,2685,02:25 PM,51900,unresolved,observed,nmmt_schedule_8026
8026,21635,004Ext,2908,2685,02:35 PM,52500,unresolved,observed,nmmt_schedule_8026
8026,25257,004Ext,2908,2685,02:48 PM,53280,unresolved,observed,nmmt_schedule_8026
8026,21637,004Ext,2908,2685,03:08 PM,54480,unresolved,observed,nmmt_schedule_8026
8026,25266,004Ext,2908,2685,03:13 PM,54780,unresolved,observed,nmmt_schedule_8026
8030,25275,004Ext,3173,2908,10:32 AM,37920,unresolved,observed,nmmt_schedule_8030
8030,21608,004Ext,3173,2908,10:33 AM,37980,unresolved,observed,nmmt_schedule_8030
8030,25286,004Ext,3173,2908,10:54 AM,39240,unresolved,observed,nmmt_schedule_8030
8030,21615,004Ext,3173,2908,11:05 AM,39900,unresolved,observed,nmmt_schedule_8030
8030,25297,004Ext,3173,2908,11:16 AM,40560,unresolved,observed,nmmt_schedule_8030
8030,21651,004Ext,3173,2908,11:32 AM,41520,unresolved,observed,nmmt_schedule_8030
8030,25303,004Ext,3173,2908,11:38 AM,41880,unresolved,observed,nmmt_schedule_8030
8030,25282,004Ext,3173,2908,12:53 PM,46380,unresolved,observed,nmmt_schedule_8030
8030,21600,004Ext,3173,2908,12:59 PM,46740,unresolved,observed,nmmt_schedule_8030
8030,25292,004Ext,3173,2908,01:18 PM,47880,unresolved,observed,nmmt_schedule_8030
8030,21611,004Ext,3173,2908,01:28 PM,48480,unresolved,observed,nmmt_schedule_8030
8030,25294,004Ext,3173,2908,01:43 PM,49380,unresolved,observed,nmmt_schedule_8030
8030,21648,004Ext,3173,2908,01:57 PM,50220,unresolved,observed,nmmt_schedule_8030
8030,25309,004Ext,3173,2908,02:09 PM,50940,unresolved,observed,nmmt_schedule_8030
8030,25239,004Ext,3173,2908,03:00 PM,54000,unresolved,observed,nmmt_schedule_8030
8030,21622,004Ext,3173,2908,03:07 PM,54420,unresolved,observed,nmmt_schedule_8030
8030,25253,004Ext,3173,2908,03:22 PM,55320,unresolved,observed,nmmt_schedule_8030
8030,21634,004Ext,3173,2908,03:32 PM,55920,unresolved,observed,nmmt_schedule_8030
8030,25259,004Ext,3173,2908,03:44 PM,56640,unresolved,observed,nmmt_schedule_8030
8030,21641,004Ext,3173,2908,04:08 PM,58080,unresolved,observed,nmmt_schedule_8030
8030,25247,004Ext,3173,2908,08:18 PM,73080,unresolved,observed,nmmt_schedule_8030
8030,21625,004Ext,3173,2908,08:27 PM,73620,unresolved,observed,nmmt_schedule_8030
8030,25256,004Ext,3173,2908,08:42 PM,74520,unresolved,observed,nmmt_schedule_8030
8030,21627,004Ext,3173,2908,08:55 PM,75300,unresolved,observed,nmmt_schedule_8030
8030,25264,004Ext,3173,2908,09:03 PM,75780,unresolved,observed,nmmt_schedule_8030
8030,21636,004Ext,3173,2908,09:25 PM,77100,unresolved,observed,nmmt_schedule_8030
8031,25281,004Ext,2908,3173,12:00 PM,43200,unresolved,observed,nmmt_schedule_8031
8031,21606,004Ext,2908,3173,12:05 PM,43500,unresolved,observed,nmmt_schedule_8031
8031,25291,004Ext,2908,3173,12:25 PM,44700,unresolved,observed,nmmt_schedule_8031
8031,21612,004Ext,2908,3173,12:34 PM,45240,unresolved,observed,nmmt_schedule_8031
8031,25299,004Ext,2908,3173,12:50 PM,46200,unresolved,observed,nmmt_schedule_8031
8031,21646,004Ext,2908,3173,01:03 PM,46980,unresolved,observed,nmmt_schedule_8031
8031,25310,004Ext,2908,3173,01:15 PM,47700,unresolved,observed,nmmt_schedule_8031
8031,25242,004Ext,2908,3173,04:29 PM,59340,unresolved,observed,nmmt_schedule_8031
8031,21623,004Ext,2908,3173,04:37 PM,59820,unresolved,observed,nmmt_schedule_8031
8031,25252,004Ext,2908,3173,04:51 PM,60660,unresolved,observed,nmmt_schedule_8031
8031,21630,004Ext,2908,3173,05:06 PM,61560,unresolved,observed,nmmt_schedule_8031
8031,25261,004Ext,2908,3173,05:13 PM,61980,unresolved,observed,nmmt_schedule_8031
8031,21642,004Ext,2908,3173,05:35 PM,63300,unresolved,observed,nmmt_schedule_8031
8055,18117,077,3406,2692,12:00 AM,0,unresolved,observed,nmmt_schedule_8055
8055,18130,077,3406,2692,12:15 AM,900,unresolved,observed,nmmt_schedule_8055
8055,25487,077,3406,2692,11:20 PM,84000,unresolved,observed,nmmt_schedule_8055
8055,25494,077,3406,2692,11:44 PM,85440,unresolved,observed,nmmt_schedule_8055
8055,18093,077,3406,2692,11:45 PM,85500,unresolved,observed,nmmt_schedule_8055
8056,18046,077,2692,3406,05:43 AM,20580,unresolved,observed,nmmt_schedule_8056
8056,18058,077,2692,3406,06:05 AM,21900,unresolved,observed,nmmt_schedule_8056
8056,25529,077,2692,3406,06:15 AM,22500,unresolved,observed,nmmt_schedule_8056
8056,18115,077,2692,3406,06:27 AM,23220,unresolved,observed,nmmt_schedule_8056
8066,17825,002 Ex,3173,2908,08:11 PM,72660,unresolved,observed,nmmt_schedule_8066
8066,19599,002 Ex,3173,2908,08:18 PM,73080,unresolved,observed,nmmt_schedule_8066
8066,17787,002 Ex,3173,2908,08:19 PM,73140,unresolved,observed,nmmt_schedule_8066
8066,17905,002 Ex,3173,2908,08:35 PM,74100,unresolved,observed,nmmt_schedule_8066
8066,19606,002 Ex,3173,2908,08:36 PM,74160,unresolved,observed,nmmt_schedule_8066
8066,17801,002 Ex,3173,2908,08:48 PM,74880,unresolved,observed,nmmt_schedule_8066
8066,19612,002 Ex,3173,2908,08:53 PM,75180,unresolved,observed,nmmt_schedule_8066
8066,17915,002 Ex,3173,2908,09:05 PM,75900,unresolved,observed,nmmt_schedule_8066
8066,19633,002 Ex,3173,2908,09:09 PM,76140,unresolved,observed,nmmt_schedule_8066
8066,17807,002 Ex,3173,2908,09:15 PM,76500,unresolved,observed,nmmt_schedule_8066
8066,17816,002 Ex,3173,2908,09:30 PM,77400,unresolved,observed,nmmt_schedule_8066
8066,19647,002 Ex,3173,2908,09:37 PM,77820,unresolved,observed,nmmt_schedule_8066
8066,17916,002 Ex,3173,2908,09:42 PM,78120,unresolved,observed,nmmt_schedule_8066
8066,19657,002 Ex,3173,2908,09:47 PM,78420,unresolved,observed,nmmt_schedule_8066
8066,17723,002 Ex,3173,2908,10:10 PM,79800,unresolved,observed,nmmt_schedule_8066
8066,19669,002 Ex,3173,2908,10:20 PM,80400,unresolved,observed,nmmt_schedule_8066
8066,17736,002 Ex,3173,2908,10:25 PM,80700,unresolved,observed,nmmt_schedule_8066
8066,17935,002 Ex,3173,2908,10:48 PM,82080,unresolved,observed,nmmt_schedule_8066
8066,17766,002 Ex,3173,2908,11:28 PM,84480,unresolved,observed,nmmt_schedule_8066
8082,15300,071,2907,3323,05:43 AM,20580,unresolved,observed,nmmt_schedule_8082
8082,19845,071,2907,3323,06:00 AM,21600,unresolved,observed,nmmt_schedule_8082
8082,15309,071,2907,3323,06:15 AM,22500,unresolved,observed,nmmt_schedule_8082
8082,19852,071,2907,3323,06:20 AM,22800,unresolved,observed,nmmt_schedule_8082
8082,15316,071,2907,3323,06:40 AM,24000,unresolved,observed,nmmt_schedule_8082
8082,19860,071,2907,3323,07:00 AM,25200,unresolved,observed,nmmt_schedule_8082
8082,15320,071,2907,3323,07:05 AM,25500,unresolved,observed,nmmt_schedule_8082
8082,19865,071,2907,3323,07:20 AM,26400,unresolved,observed,nmmt_schedule_8082
8082,15325,071,2907,3323,07:30 AM,27000,unresolved,observed,nmmt_schedule_8082
8082,19870,071,2907,3323,07:40 AM,27600,unresolved,observed,nmmt_schedule_8082
8082,15332,071,2907,3323,07:55 AM,28500,unresolved,observed,nmmt_schedule_8082
8082,19875,071,2907,3323,08:05 AM,29100,unresolved,observed,nmmt_schedule_8082
8083,19880,071,3323,2907,08:45 PM,74700,unresolved,observed,nmmt_schedule_8083
8083,15338,071,3323,2907,08:47 PM,74820,unresolved,observed,nmmt_schedule_8083
8083,19885,071,3323,2907,09:10 PM,76200,unresolved,observed,nmmt_schedule_8083
8083,15341,071,3323,2907,09:27 PM,77220,unresolved,observed,nmmt_schedule_8083
8083,19892,071,3323,2907,09:34 PM,77640,unresolved,observed,nmmt_schedule_8083
8083,19895,071,3323,2907,09:50 PM,78600,unresolved,observed,nmmt_schedule_8083
8083,15348,071,3323,2907,09:53 PM,78780,unresolved,observed,nmmt_schedule_8083
8083,19900,071,3323,2907,10:12 PM,79920,unresolved,observed,nmmt_schedule_8083
8083,15353,071,3323,2907,10:22 PM,80520,unresolved,observed,nmmt_schedule_8083
8083,19905,071,3323,2907,10:32 PM,81120,unresolved,observed,nmmt_schedule_8083
8083,15358,071,3323,2907,10:57 PM,82620,unresolved,observed,nmmt_schedule_8083
8083,19917,071,3323,2907,11:17 PM,83820,unresolved,observed,nmmt_schedule_8083
8083,15363,071,3323,2907,11:34 PM,84840,unresolved,observed,nmmt_schedule_8083
8083,19920,071,3323,2907,11:42 PM,85320,unresolved,observed,nmmt_schedule_8083
8083,19925,071,3323,2907,12:00 AM,0,unresolved,observed,nmmt_schedule_8083
8083,15367,071,3323,2907,12:08 AM,480,unresolved,observed,nmmt_schedule_8083
8083,19939,071,3323,2907,12:20 AM,1200,unresolved,observed,nmmt_schedule_8083
8083,15373,071,3323,2907,12:42 AM,2520,unresolved,observed,nmmt_schedule_8083
8092,12586,044,2907,3323,05:53 AM,21180,unresolved,observed,nmmt_schedule_8092
8092,12590,044,2907,3323,06:23 AM,22980,unresolved,observed,nmmt_schedule_8092
8092,12599,044,2907,3323,07:05 AM,25500,unresolved,observed,nmmt_schedule_8092
8092,12604,044,2907,3323,07:35 AM,27300,unresolved,observed,nmmt_schedule_8092
8092,12609,044,2907,3323,08:10 AM,29400,unresolved,observed,nmmt_schedule_8092
8093,12569,044,3323,2907,08:22 PM,73320,unresolved,observed,nmmt_schedule_8093
8093,12614,044,3323,2907,09:02 PM,75720,unresolved,observed,nmmt_schedule_8093
8093,12616,044,3323,2907,09:27 PM,77220,unresolved,observed,nmmt_schedule_8093
8093,12620,044,3323,2907,10:09 PM,79740,unresolved,observed,nmmt_schedule_8093
8093,12574,044,3323,2907,10:54 PM,82440,unresolved,observed,nmmt_schedule_8093
8103,15404,086,3137,4773,08:05 AM,29100,unresolved,observed,nmmt_schedule_8103
8103,15410,086,3137,4773,09:35 AM,34500,unresolved,observed,nmmt_schedule_8103
8103,15414,086,3137,4773,02:00 PM,50400,unresolved,observed,nmmt_schedule_8103
8103,15420,086,3137,4773,03:35 PM,56100,unresolved,observed,nmmt_schedule_8103
8103,15416,086,3137,4773,05:40 PM,63600,unresolved,observed,nmmt_schedule_8103
8103,15422,086,3137,4773,07:05 PM,68700,unresolved,observed,nmmt_schedule_8103
8104,15403,086,4773,3137,06:45 AM,24300,unresolved,observed,nmmt_schedule_8104
8104,15409,086,4773,3137,08:10 AM,29400,unresolved,observed,nmmt_schedule_8104
8104,15406,086,4773,3137,12:03 PM,43380,unresolved,observed,nmmt_schedule_8104
8104,15413,086,4773,3137,01:28 PM,48480,unresolved,observed,nmmt_schedule_8104
8104,15415,086,4773,3137,03:29 PM,55740,unresolved,observed,nmmt_schedule_8104
8104,15421,086,4773,3137,05:05 PM,61500,unresolved,observed,nmmt_schedule_8104
8127,20773,110 AC,2692,4596,06:55 AM,24900,unresolved,observed,nmmt_schedule_8127
8128,20774,110 AC,4596,3339,07:20 AM,26400,unresolved,observed,nmmt_schedule_8128
8130,20779,110 AC,2777,3348,06:40 PM,67200,unresolved,observed,nmmt_schedule_8130
8223,25094,014 AC,3546,2907,01:37 PM,49020,unresolved,observed,nmmt_schedule_8223
8223,13719,014 AC,3546,2907,02:02 PM,50520,unresolved,observed,nmmt_schedule_8223
8223,13723,014 AC,3546,2907,07:42 PM,70920,unresolved,observed,nmmt_schedule_8223
8223,25109,014 AC,3546,2907,10:51 PM,82260,unresolved,observed,nmmt_schedule_8223
8224,13758,014 AC,3359,4124,09:42 AM,34920,unresolved,observed,nmmt_schedule_8224
8224,13742,014 AC,3359,4124,06:27 PM,66420,unresolved,observed,nmmt_schedule_8224
8225,13763,014 AC,4124,3359,09:17 AM,33420,unresolved,observed,nmmt_schedule_8225
8225,13753,014 AC,4124,3359,06:02 PM,64920,unresolved,observed,nmmt_schedule_8225
8226,13767,014 AC,3546,4124,07:12 AM,25920,unresolved,observed,nmmt_schedule_8226
8226,13703,014 AC,3546,4124,07:37 AM,27420,unresolved,observed,nmmt_schedule_8226
8226,13762,014 AC,3546,4124,08:02 AM,28920,unresolved,observed,nmmt_schedule_8226
8226,13712,014 AC,3546,4124,08:27 AM,30420,unresolved,observed,nmmt_schedule_8226
8226,13765,014 AC,3546,4124,08:52 AM,31920,unresolved,observed,nmmt_schedule_8226
8226,13706,014 AC,3546,4124,09:17 AM,33420,unresolved,observed,nmmt_schedule_8226
8226,25090,014 AC,3546,4124,09:42 AM,34920,unresolved,observed,nmmt_schedule_8226
8226,13707,014 AC,3546,4124,10:07 AM,36420,unresolved,observed,nmmt_schedule_8226
8226,13714,014 AC,3546,4124,10:57 AM,39420,unresolved,observed,nmmt_schedule_8226
8226,13754,014 AC,3546,4124,11:07 AM,40020,unresolved,observed,nmmt_schedule_8226
8226,13755,014 AC,3546,4124,11:57 AM,43020,unresolved,observed,nmmt_schedule_8226
8226,13709,014 AC,3546,4124,12:22 PM,44520,unresolved,observed,nmmt_schedule_8226
8226,13757,014 AC,3546,4124,12:47 PM,46020,unresolved,observed,nmmt_schedule_8226
8226,13717,014 AC,3546,4124,01:12 PM,47520,unresolved,observed,nmmt_schedule_8226
8226,13727,014 AC,3546,4124,04:22 PM,58920,unresolved,observed,nmmt_schedule_8226
8226,13748,014 AC,3546,4124,04:47 PM,60420,unresolved,observed,nmmt_schedule_8226
8226,13729,014 AC,3546,4124,05:12 PM,61920,unresolved,observed,nmmt_schedule_8226
8226,13740,014 AC,3546,4124,05:37 PM,63420,unresolved,observed,nmmt_schedule_8226
8226,13731,014 AC,3546,4124,06:02 PM,64920,unresolved,observed,nmmt_schedule_8226
8226,13733,014 AC,3546,4124,06:52 PM,67920,unresolved,observed,nmmt_schedule_8226
8226,13750,014 AC,3546,4124,07:17 PM,69420,unresolved,observed,nmmt_schedule_8226
8226,25107,014 AC,3546,4124,07:42 PM,70920,unresolved,observed,nmmt_schedule_8226
8226,13724,014 AC,3546,4124,08:07 PM,72420,unresolved,observed,nmmt_schedule_8226
8227,13760,014 AC,4124,3546,06:45 AM,24300,unresolved,observed,nmmt_schedule_8227
8227,13711,014 AC,4124,3546,07:13 AM,25980,unresolved,observed,nmmt_schedule_8227
8227,13761,014 AC,4124,3546,07:37 AM,27420,unresolved,observed,nmmt_schedule_8227
8227,13704,014 AC,4124,3546,08:02 AM,28920,unresolved,observed,nmmt_schedule_8227
8227,13764,014 AC,4124,3546,08:27 AM,30420,unresolved,observed,nmmt_schedule_8227
8227,13705,014 AC,4124,3546,08:52 AM,31920,unresolved,observed,nmmt_schedule_8227
8227,25089,014 AC,4124,3546,09:17 AM,33420,unresolved,observed,nmmt_schedule_8227
8227,13713,014 AC,4124,3546,09:42 AM,34920,unresolved,observed,nmmt_schedule_8227
8227,13766,014 AC,4124,3546,10:07 AM,36420,unresolved,observed,nmmt_schedule_8227
8227,13708,014 AC,4124,3546,10:32 AM,37920,unresolved,observed,nmmt_schedule_8227
8227,13715,014 AC,4124,3546,11:22 AM,40920,unresolved,observed,nmmt_schedule_8227
8227,13768,014 AC,4124,3546,11:32 AM,41520,unresolved,observed,nmmt_schedule_8227
8227,13756,014 AC,4124,3546,12:22 PM,44520,unresolved,observed,nmmt_schedule_8227
8227,13716,014 AC,4124,3546,12:47 PM,46020,unresolved,observed,nmmt_schedule_8227
8227,13769,014 AC,4124,3546,01:12 PM,47520,unresolved,observed,nmmt_schedule_8227
8227,13718,014 AC,4124,3546,01:37 PM,49020,unresolved,observed,nmmt_schedule_8227
8227,13725,014 AC,4124,3546,03:57 PM,57420,unresolved,observed,nmmt_schedule_8227
8227,13738,014 AC,4124,3546,04:22 PM,58920,unresolved,observed,nmmt_schedule_8227
8227,13728,014 AC,4124,3546,04:47 PM,60420,unresolved,observed,nmmt_schedule_8227
8227,13739,014 AC,4124,3546,05:12 PM,61920,unresolved,observed,nmmt_schedule_8227
8227,13730,014 AC,4124,3546,05:37 PM,63420,unresolved,observed,nmmt_schedule_8227
8227,25136,014 AC,4124,3546,06:02 PM,64920,unresolved,observed,nmmt_schedule_8227
8227,13732,014 AC,4124,3546,06:27 PM,66420,unresolved,observed,nmmt_schedule_8227
8227,13749,014 AC,4124,3546,06:52 PM,67920,unresolved,observed,nmmt_schedule_8227
8227,13734,014 AC,4124,3546,07:17 PM,69420,unresolved,observed,nmmt_schedule_8227
8227,13741,014 AC,4124,3546,07:42 PM,70920,unresolved,observed,nmmt_schedule_8227
8227,25108,014 AC,4124,3546,08:07 PM,72420,unresolved,observed,nmmt_schedule_8227
8227,13752,014 AC,4124,3546,08:32 PM,73920,unresolved,observed,nmmt_schedule_8227
8228,13759,014 AC,2907,3218,06:40 AM,24000,unresolved,observed,nmmt_schedule_8228
8228,13710,014 AC,2907,3218,07:05 AM,25500,unresolved,observed,nmmt_schedule_8228
8228,13726,014 AC,2907,3218,03:45 PM,56700,unresolved,observed,nmmt_schedule_8228
8228,13737,014 AC,2907,3218,04:10 PM,58200,unresolved,observed,nmmt_schedule_8228
8231,13633,015 AC,4124,2907,11:56 AM,42960,unresolved,observed,nmmt_schedule_8231
8231,13672,015 AC,4124,2907,07:47 PM,71220,unresolved,observed,nmmt_schedule_8231
8235,13630,015 AC,2907,3218,06:22 AM,22920,unresolved,observed,nmmt_schedule_8235
8235,13635,015 AC,2907,3218,06:45 AM,24300,unresolved,observed,nmmt_schedule_8235
8235,13649,015 AC,2907,3218,07:06 AM,25560,unresolved,observed,nmmt_schedule_8235
8235,13662,015 AC,2907,3218,02:15 PM,51300,unresolved,observed,nmmt_schedule_8235
8236,13632,015 AC,2895,4124,11:29 AM,41340,unresolved,observed,nmmt_schedule_8236
8236,13671,015 AC,2895,4124,07:21 PM,69660,unresolved,observed,nmmt_schedule_8236
8237,13629,015 AC,3218,2895,06:32 AM,23520,unresolved,observed,nmmt_schedule_8237
8237,13634,015 AC,3218,2895,06:55 AM,24900,unresolved,observed,nmmt_schedule_8237
8237,13655,015 AC,3218,2895,07:16 AM,26160,unresolved,observed,nmmt_schedule_8237
8237,13663,015 AC,3218,2895,02:25 PM,51900,unresolved,observed,nmmt_schedule_8237
8237,13670,015 AC,3218,2895,06:52 PM,67920,unresolved,observed,nmmt_schedule_8237
8238,19206,017 AC,3996,2886,12:17 AM,1020,unresolved,observed,nmmt_schedule_8238
8238,18146,017 AC,3996,2886,05:45 AM,20700,unresolved,observed,nmmt_schedule_8238
8238,22026,017 AC,3996,2886,05:57 AM,21420,unresolved,observed,nmmt_schedule_8238
8238,18157,017 AC,3996,2886,06:02 AM,21720,unresolved,observed,nmmt_schedule_8238
8238,22037,017 AC,3996,2886,06:10 AM,22200,unresolved,observed,nmmt_schedule_8238
8238,18170,017 AC,3996,2886,06:18 AM,22680,unresolved,observed,nmmt_schedule_8238
8238,22047,017 AC,3996,2886,06:22 AM,22920,unresolved,observed,nmmt_schedule_8238
8238,15597,017 AC,3996,2886,06:30 AM,23400,unresolved,observed,nmmt_schedule_8238
8238,18181,017 AC,3996,2886,06:35 AM,23700,unresolved,observed,nmmt_schedule_8238
8238,22059,017 AC,3996,2886,06:38 AM,23880,unresolved,observed,nmmt_schedule_8238
8238,18192,017 AC,3996,2886,06:51 AM,24660,unresolved,observed,nmmt_schedule_8238
8238,15611,017 AC,3996,2886,06:52 AM,24720,unresolved,observed,nmmt_schedule_8238
8238,18148,017 AC,3996,2886,07:06 AM,25560,unresolved,observed,nmmt_schedule_8238
8238,18205,017 AC,3996,2886,07:12 AM,25920,unresolved,observed,nmmt_schedule_8238
8238,22083,017 AC,3996,2886,07:13 AM,25980,unresolved,observed,nmmt_schedule_8238
8238,22025,017 AC,3996,2886,07:19 AM,26340,unresolved,observed,nmmt_schedule_8238
8238,18160,017 AC,3996,2886,07:23 AM,26580,unresolved,observed,nmmt_schedule_8238
8238,22101,017 AC,3996,2886,07:25 AM,26700,unresolved,observed,nmmt_schedule_8238
8238,18224,017 AC,3996,2886,07:31 AM,27060,unresolved,observed,nmmt_schedule_8238
8238,22033,017 AC,3996,2886,07:32 AM,27120,unresolved,observed,nmmt_schedule_8238
8238,18173,017 AC,3996,2886,07:39 AM,27540,unresolved,observed,nmmt_schedule_8238
8238,22050,017 AC,3996,2886,07:46 AM,27960,unresolved,observed,nmmt_schedule_8238
8238,18238,017 AC,3996,2886,07:48 AM,28080,unresolved,observed,nmmt_schedule_8238
8238,22119,017 AC,3996,2886,07:53 AM,28380,unresolved,observed,nmmt_schedule_8238
8238,18183,017 AC,3996,2886,07:56 AM,28560,unresolved,observed,nmmt_schedule_8238
8238,22061,017 AC,3996,2886,08:00 AM,28800,unresolved,observed,nmmt_schedule_8238
8238,18250,017 AC,3996,2886,08:04 AM,29040,unresolved,observed,nmmt_schedule_8238
8238,22137,017 AC,3996,2886,08:07 AM,29220,unresolved,observed,nmmt_schedule_8238
8238,18196,017 AC,3996,2886,08:12 AM,29520,unresolved,observed,nmmt_schedule_8238
8238,22076,017 AC,3996,2886,08:14 AM,29640,unresolved,observed,nmmt_schedule_8238
8238,18255,017 AC,3996,2886,08:20 AM,30000,unresolved,observed,nmmt_schedule_8238
8238,22144,017 AC,3996,2886,08:21 AM,30060,unresolved,observed,nmmt_schedule_8238
8238,18150,017 AC,3996,2886,08:28 AM,30480,unresolved,observed,nmmt_schedule_8238
8238,18214,017 AC,3996,2886,08:34 AM,30840,unresolved,observed,nmmt_schedule_8238
8238,22085,017 AC,3996,2886,08:35 AM,30900,unresolved,observed,nmmt_schedule_8238
8238,22030,017 AC,3996,2886,08:41 AM,31260,unresolved,observed,nmmt_schedule_8238
8238,18162,017 AC,3996,2886,08:45 AM,31500,unresolved,observed,nmmt_schedule_8238
8238,22093,017 AC,3996,2886,08:47 AM,31620,unresolved,observed,nmmt_schedule_8238
8238,18217,017 AC,3996,2886,08:53 AM,31980,unresolved,observed,nmmt_schedule_8238
8238,22038,017 AC,3996,2886,08:54 AM,32040,unresolved,observed,nmmt_schedule_8238
8238,18178,017 AC,3996,2886,09:01 AM,32460,unresolved,observed,nmmt_schedule_8238
8238,22052,017 AC,3996,2886,09:08 AM,32880,unresolved,observed,nmmt_schedule_8238
8238,18234,017 AC,3996,2886,09:10 AM,33000,unresolved,observed,nmmt_schedule_8238
8238,22128,017 AC,3996,2886,09:15 AM,33300,unresolved,observed,nmmt_schedule_8238
8238,18185,017 AC,3996,2886,09:18 AM,33480,unresolved,observed,nmmt_schedule_8238
8238,22062,017 AC,3996,2886,09:22 AM,33720,unresolved,observed,nmmt_schedule_8238
8238,18239,017 AC,3996,2886,09:26 AM,33960,unresolved,observed,nmmt_schedule_8238
8238,22139,017 AC,3996,2886,09:29 AM,34140,unresolved,observed,nmmt_schedule_8238
8238,18198,017 AC,3996,2886,09:34 AM,34440,unresolved,observed,nmmt_schedule_8238
8238,22078,017 AC,3996,2886,09:36 AM,34560,unresolved,observed,nmmt_schedule_8238
8238,18254,017 AC,3996,2886,09:42 AM,34920,unresolved,observed,nmmt_schedule_8238
8238,22146,017 AC,3996,2886,09:43 AM,34980,unresolved,observed,nmmt_schedule_8238
8238,18207,017 AC,3996,2886,09:56 AM,35760,unresolved,observed,nmmt_schedule_8238
8238,22087,017 AC,3996,2886,09:57 AM,35820,unresolved,observed,nmmt_schedule_8238
8238,22099,017 AC,3996,2886,10:09 AM,36540,unresolved,observed,nmmt_schedule_8238
8238,18220,017 AC,3996,2886,10:15 AM,36900,unresolved,observed,nmmt_schedule_8238
8238,22110,017 AC,3996,2886,10:23 AM,37380,unresolved,observed,nmmt_schedule_8238
8238,18151,017 AC,3996,2886,10:24 AM,37440,unresolved,observed,nmmt_schedule_8238
8238,22017,017 AC,3996,2886,10:31 AM,37860,unresolved,observed,nmmt_schedule_8238
8238,18229,017 AC,3996,2886,10:32 AM,37920,unresolved,observed,nmmt_schedule_8238
8238,22121,017 AC,3996,2886,10:37 AM,38220,unresolved,observed,nmmt_schedule_8238
8238,18164,017 AC,3996,2886,10:40 AM,38400,unresolved,observed,nmmt_schedule_8238
8238,22021,017 AC,3996,2886,10:44 AM,38640,unresolved,observed,nmmt_schedule_8238
8238,18241,017 AC,3996,2886,10:48 AM,38880,unresolved,observed,nmmt_schedule_8238
8238,22136,017 AC,3996,2886,10:51 AM,39060,unresolved,observed,nmmt_schedule_8238
8238,18176,017 AC,3996,2886,10:57 AM,39420,unresolved,observed,nmmt_schedule_8238
8238,22041,017 AC,3996,2886,10:58 AM,39480,unresolved,observed,nmmt_schedule_8238
8238,22148,017 AC,3996,2886,11:05 AM,39900,unresolved,observed,nmmt_schedule_8238
8238,22054,017 AC,3996,2886,11:11 AM,40260,unresolved,observed,nmmt_schedule_8238
8238,18187,017 AC,3996,2886,11:13 AM,40380,unresolved,observed,nmmt_schedule_8238
8238,22065,017 AC,3996,2886,11:25 AM,41100,unresolved,observed,nmmt_schedule_8238
8238,18200,017 AC,3996,2886,11:31 AM,41460,unresolved,observed,nmmt_schedule_8238
8238,22071,017 AC,3996,2886,11:39 AM,41940,unresolved,observed,nmmt_schedule_8238
8238,18153,017 AC,3996,2886,11:46 AM,42360,unresolved,observed,nmmt_schedule_8238
8238,22012,017 AC,3996,2886,11:53 AM,42780,unresolved,observed,nmmt_schedule_8238
8238,18213,017 AC,3996,2886,11:54 AM,42840,unresolved,observed,nmmt_schedule_8238
8238,18155,017 AC,3996,2886,12:02 PM,43320,unresolved,observed,nmmt_schedule_8238
8238,22023,017 AC,3996,2886,12:05 PM,43500,unresolved,observed,nmmt_schedule_8238
8238,18221,017 AC,3996,2886,12:12 PM,43920,unresolved,observed,nmmt_schedule_8238
8238,22096,017 AC,3996,2886,12:13 PM,43980,unresolved,observed,nmmt_schedule_8238
8238,18168,017 AC,3996,2886,12:19 PM,44340,unresolved,observed,nmmt_schedule_8238
8238,22043,017 AC,3996,2886,12:20 PM,44400,unresolved,observed,nmmt_schedule_8238
8238,18230,017 AC,3996,2886,12:27 PM,44820,unresolved,observed,nmmt_schedule_8238
8238,22056,017 AC,3996,2886,12:33 PM,45180,unresolved,observed,nmmt_schedule_8238
8238,18189,017 AC,3996,2886,12:35 PM,45300,unresolved,observed,nmmt_schedule_8238
8238,22092,017 AC,3996,2886,12:40 PM,45600,unresolved,observed,nmmt_schedule_8238
8238,15607,017 AC,3996,2886,12:42 PM,45720,unresolved,observed,nmmt_schedule_8238
8238,18249,017 AC,3996,2886,12:46 PM,45960,unresolved,observed,nmmt_schedule_8238
8238,22067,017 AC,3996,2886,12:47 PM,46020,unresolved,observed,nmmt_schedule_8238
8238,22132,017 AC,3996,2886,12:54 PM,46440,unresolved,observed,nmmt_schedule_8238
8238,18202,017 AC,3996,2886,12:55 PM,46500,unresolved,observed,nmmt_schedule_8238
8238,22079,017 AC,3996,2886,01:01 PM,46860,unresolved,observed,nmmt_schedule_8238
8238,15623,017 AC,3996,2886,01:04 PM,47040,unresolved,observed,nmmt_schedule_8238
8238,18260,017 AC,3996,2886,01:06 PM,47160,unresolved,observed,nmmt_schedule_8238
8238,22150,017 AC,3996,2886,01:11 PM,47460,unresolved,observed,nmmt_schedule_8238
8238,18211,017 AC,3996,2886,01:16 PM,47760,unresolved,observed,nmmt_schedule_8238
8238,22545,017 AC,3996,2886,01:30 PM,48600,unresolved,observed,nmmt_schedule_8238
8238,18226,017 AC,3996,2886,01:33 PM,48780,unresolved,observed,nmmt_schedule_8238
8238,22098,017 AC,3996,2886,01:35 PM,48900,unresolved,observed,nmmt_schedule_8238
8238,18232,017 AC,3996,2886,01:49 PM,49740,unresolved,observed,nmmt_schedule_8238
8238,22090,017 AC,3996,2886,02:01 PM,50460,unresolved,observed,nmmt_schedule_8238
8238,22122,017 AC,3996,2886,02:02 PM,50520,unresolved,observed,nmmt_schedule_8238
8238,18248,017 AC,3996,2886,02:08 PM,50880,unresolved,observed,nmmt_schedule_8238
8238,22134,017 AC,3996,2886,02:21 PM,51660,unresolved,observed,nmmt_schedule_8238
8238,18262,017 AC,3996,2886,02:28 PM,52080,unresolved,observed,nmmt_schedule_8238
8238,22152,017 AC,3996,2886,02:38 PM,52680,unresolved,observed,nmmt_schedule_8238
8238,18267,017 AC,3996,2886,02:48 PM,53280,unresolved,observed,nmmt_schedule_8238
8238,22160,017 AC,3996,2886,02:59 PM,53940,unresolved,observed,nmmt_schedule_8238
8238,18276,017 AC,3996,2886,03:06 PM,54360,unresolved,observed,nmmt_schedule_8238
8238,22174,017 AC,3996,2886,03:14 PM,54840,unresolved,observed,nmmt_schedule_8238
8238,18290,017 AC,3996,2886,03:23 PM,55380,unresolved,observed,nmmt_schedule_8238
8238,22185,017 AC,3996,2886,03:29 PM,55740,unresolved,observed,nmmt_schedule_8238
8238,18299,017 AC,3996,2886,03:38 PM,56280,unresolved,observed,nmmt_schedule_8238
8238,21960,017 AC,3996,2886,03:42 PM,56520,unresolved,observed,nmmt_schedule_8238
8238,18313,017 AC,3996,2886,03:54 PM,57240,unresolved,observed,nmmt_schedule_8238
8238,21964,017 AC,3996,2886,03:55 PM,57300,unresolved,observed,nmmt_schedule_8238
8238,21980,017 AC,3996,2886,04:09 PM,58140,unresolved,observed,nmmt_schedule_8238
8238,18269,017 AC,3996,2886,04:10 PM,58200,unresolved,observed,nmmt_schedule_8238
8238,22156,017 AC,3996,2886,04:21 PM,58860,unresolved,observed,nmmt_schedule_8238
8238,18277,017 AC,3996,2886,04:28 PM,59280,unresolved,observed,nmmt_schedule_8238
8238,22176,017 AC,3996,2886,04:36 PM,59760,unresolved,observed,nmmt_schedule_8238
8238,18292,017 AC,3996,2886,04:44 PM,60240,unresolved,observed,nmmt_schedule_8238
8238,22187,017 AC,3996,2886,04:51 PM,60660,unresolved,observed,nmmt_schedule_8238
8238,18302,017 AC,3996,2886,05:00 PM,61200,unresolved,observed,nmmt_schedule_8238
8238,21951,017 AC,3996,2886,05:04 PM,61440,unresolved,observed,nmmt_schedule_8238
8238,18316,017 AC,3996,2886,05:16 PM,62160,unresolved,observed,nmmt_schedule_8238
8238,21972,017 AC,3996,2886,05:17 PM,62220,unresolved,observed,nmmt_schedule_8238
8238,21979,017 AC,3996,2886,05:31 PM,63060,unresolved,observed,nmmt_schedule_8238
8238,18271,017 AC,3996,2886,05:32 PM,63120,unresolved,observed,nmmt_schedule_8238
8238,18332,017 AC,3996,2886,05:41 PM,63660,unresolved,observed,nmmt_schedule_8238
8238,22159,017 AC,3996,2886,05:43 PM,63780,unresolved,observed,nmmt_schedule_8238
8238,18279,017 AC,3996,2886,05:50 PM,64200,unresolved,observed,nmmt_schedule_8238
8238,22168,017 AC,3996,2886,05:57 PM,64620,unresolved,observed,nmmt_schedule_8238
8238,18336,017 AC,3996,2886,05:58 PM,64680,unresolved,observed,nmmt_schedule_8238
8238,22000,017 AC,3996,2886,06:04 PM,65040,unresolved,observed,nmmt_schedule_8238
8238,18294,017 AC,3996,2886,06:06 PM,65160,unresolved,observed,nmmt_schedule_8238
8238,22180,017 AC,3996,2886,06:13 PM,65580,unresolved,observed,nmmt_schedule_8238
8238,18346,017 AC,3996,2886,06:14 PM,65640,unresolved,observed,nmmt_schedule_8238
8238,22198,017 AC,3996,2886,06:18 PM,65880,unresolved,observed,nmmt_schedule_8238
8238,18300,017 AC,3996,2886,06:22 PM,66120,unresolved,observed,nmmt_schedule_8238
8238,21957,017 AC,3996,2886,06:25 PM,66300,unresolved,observed,nmmt_schedule_8238
8238,18364,017 AC,3996,2886,06:30 PM,66600,unresolved,observed,nmmt_schedule_8238
8238,22205,017 AC,3996,2886,06:31 PM,66660,unresolved,observed,nmmt_schedule_8238
8238,18318,017 AC,3996,2886,06:38 PM,67080,unresolved,observed,nmmt_schedule_8238
8238,22214,017 AC,3996,2886,06:45 PM,67500,unresolved,observed,nmmt_schedule_8238
8238,18369,017 AC,3996,2886,06:46 PM,67560,unresolved,observed,nmmt_schedule_8238
8238,21984,017 AC,3996,2886,06:52 PM,67920,unresolved,observed,nmmt_schedule_8238
8238,22232,017 AC,3996,2886,06:58 PM,68280,unresolved,observed,nmmt_schedule_8238
8238,18333,017 AC,3996,2886,07:03 PM,68580,unresolved,observed,nmmt_schedule_8238
8238,21997,017 AC,3996,2886,07:12 PM,69120,unresolved,observed,nmmt_schedule_8238
8238,18338,017 AC,3996,2886,07:20 PM,69600,unresolved,observed,nmmt_schedule_8238
8238,22002,017 AC,3996,2886,07:26 PM,69960,unresolved,observed,nmmt_schedule_8238
8238,18349,017 AC,3996,2886,07:36 PM,70560,unresolved,observed,nmmt_schedule_8238
8238,22192,017 AC,3996,2886,07:40 PM,70800,unresolved,observed,nmmt_schedule_8238
8238,18272,017 AC,3996,2886,07:44 PM,71040,unresolved,observed,nmmt_schedule_8238
8238,22153,017 AC,3996,2886,07:46 PM,71160,unresolved,observed,nmmt_schedule_8238
8238,18366,017 AC,3996,2886,07:52 PM,71520,unresolved,observed,nmmt_schedule_8238
8238,22207,017 AC,3996,2886,07:53 PM,71580,unresolved,observed,nmmt_schedule_8238
8238,18281,017 AC,3996,2886,08:00 PM,72000,unresolved,observed,nmmt_schedule_8238
8238,22216,017 AC,3996,2886,08:07 PM,72420,unresolved,observed,nmmt_schedule_8238
8238,18371,017 AC,3996,2886,08:08 PM,72480,unresolved,observed,nmmt_schedule_8238
8238,22188,017 AC,3996,2886,08:14 PM,72840,unresolved,observed,nmmt_schedule_8238
8238,18296,017 AC,3996,2886,08:16 PM,72960,unresolved,observed,nmmt_schedule_8238
8238,22226,017 AC,3996,2886,08:20 PM,73200,unresolved,observed,nmmt_schedule_8238
8238,21953,017 AC,3996,2886,08:27 PM,73620,unresolved,observed,nmmt_schedule_8238
8238,18308,017 AC,3996,2886,08:32 PM,73920,unresolved,observed,nmmt_schedule_8238
8238,21969,017 AC,3996,2886,08:41 PM,74460,unresolved,observed,nmmt_schedule_8238
8238,18319,017 AC,3996,2886,08:49 PM,74940,unresolved,observed,nmmt_schedule_8238
8238,21985,017 AC,3996,2886,08:55 PM,75300,unresolved,observed,nmmt_schedule_8238
8238,18263,017 AC,3996,2886,09:06 PM,75960,unresolved,observed,nmmt_schedule_8238
8238,22155,017 AC,3996,2886,09:07 PM,76020,unresolved,observed,nmmt_schedule_8238
8238,18327,017 AC,3996,2886,09:14 PM,76440,unresolved,observed,nmmt_schedule_8238
8238,18284,017 AC,3996,2886,09:21 PM,76860,unresolved,observed,nmmt_schedule_8238
8238,22173,017 AC,3996,2886,09:22 PM,76920,unresolved,observed,nmmt_schedule_8238
8238,18340,017 AC,3996,2886,09:29 PM,77340,unresolved,observed,nmmt_schedule_8238
8238,22183,017 AC,3996,2886,09:36 PM,77760,unresolved,observed,nmmt_schedule_8238
8238,18298,017 AC,3996,2886,09:38 PM,77880,unresolved,observed,nmmt_schedule_8238
8238,22193,017 AC,3996,2886,09:43 PM,78180,unresolved,observed,nmmt_schedule_8238
8238,18351,017 AC,3996,2886,09:46 PM,78360,unresolved,observed,nmmt_schedule_8238
8238,21962,017 AC,3996,2886,09:49 PM,78540,unresolved,observed,nmmt_schedule_8238
8238,18310,017 AC,3996,2886,09:54 PM,78840,unresolved,observed,nmmt_schedule_8238
8238,22209,017 AC,3996,2886,09:56 PM,78960,unresolved,observed,nmmt_schedule_8238
8238,22549,017 AC,3996,2886,10:03 PM,79380,unresolved,observed,nmmt_schedule_8238
8238,25689,017 AC,3996,2886,10:06 PM,79560,unresolved,observed,nmmt_schedule_8238
8238,18321,017 AC,3996,2886,10:10 PM,79800,unresolved,observed,nmmt_schedule_8238
8238,21977,017 AC,3996,2886,10:17 PM,80220,unresolved,observed,nmmt_schedule_8238
8238,25674,017 AC,3996,2886,10:21 PM,80460,unresolved,observed,nmmt_schedule_8238
8238,18373,017 AC,3996,2886,10:24 PM,80640,unresolved,observed,nmmt_schedule_8238
8238,15653,017 AC,3996,2886,10:26 PM,80760,unresolved,observed,nmmt_schedule_8238
8238,18326,017 AC,3996,2886,10:36 PM,81360,unresolved,observed,nmmt_schedule_8238
8238,15679,017 AC,3996,2886,10:47 PM,82020,unresolved,observed,nmmt_schedule_8238
8238,18342,017 AC,3996,2886,10:50 PM,82200,unresolved,observed,nmmt_schedule_8238
8238,22195,017 AC,3996,2886,11:05 PM,83100,unresolved,observed,nmmt_schedule_8238
8238,18353,017 AC,3996,2886,11:08 PM,83280,unresolved,observed,nmmt_schedule_8238
8238,25722,017 AC,3996,2886,11:10 PM,83400,unresolved,observed,nmmt_schedule_8238
8238,22204,017 AC,3996,2886,11:18 PM,83880,unresolved,observed,nmmt_schedule_8238
8238,18359,017 AC,3996,2886,11:25 PM,84300,unresolved,observed,nmmt_schedule_8238
8238,25691,017 AC,3996,2886,11:27 PM,84420,unresolved,observed,nmmt_schedule_8238
8238,22220,017 AC,3996,2886,11:32 PM,84720,unresolved,observed,nmmt_schedule_8238
8238,18375,017 AC,3996,2886,11:46 PM,85560,unresolved,observed,nmmt_schedule_8238
8238,24195,017 AC,3996,2886,12:17 AM,1020,unresolved,observed,nmmt_schedule_8238
8239,23998,017 AC,3260,4115,05:45 AM,20700,unresolved,observed,nmmt_schedule_8239
8239,13915,017 AC,3260,4115,12:41 PM,45660,unresolved,observed,nmmt_schedule_8239
8239,25705,017 AC,3260,4115,12:52 PM,46320,unresolved,observed,nmmt_schedule_8239
8239,13917,017 AC,3260,4115,01:39 PM,49140,unresolved,observed,nmmt_schedule_8239
8239,25707,017 AC,3260,4115,01:52 PM,49920,unresolved,observed,nmmt_schedule_8239
8239,13736,017 AC,3260,4115,09:27 PM,77220,unresolved,observed,nmmt_schedule_8239
8239,15187,017 AC,3260,4115,09:54 PM,78840,unresolved,observed,nmmt_schedule_8239
8239,13744,017 AC,3260,4115,09:56 PM,78960,unresolved,observed,nmmt_schedule_8239
8239,25715,017 AC,3260,4115,10:12 PM,79920,unresolved,observed,nmmt_schedule_8239
8239,13721,017 AC,3260,4115,10:25 PM,80700,unresolved,observed,nmmt_schedule_8239
8239,13924,017 AC,3260,4115,10:29 PM,80940,unresolved,observed,nmmt_schedule_8239
8239,15185,017 AC,3260,4115,10:50 PM,82200,unresolved,observed,nmmt_schedule_8239
8239,13746,017 AC,3260,4115,10:57 PM,82620,unresolved,observed,nmmt_schedule_8239
8239,19207,017 AC,3260,4115,11:04 PM,83040,unresolved,observed,nmmt_schedule_8239
8239,25717,017 AC,3260,4115,11:09 PM,83340,unresolved,observed,nmmt_schedule_8239
8241,21806,017 AC,2886,2907,12:55 AM,3300,unresolved,observed,nmmt_schedule_8241
8241,18154,017 AC,2886,2907,12:26 PM,44760,unresolved,observed,nmmt_schedule_8241
8241,22013,017 AC,2886,2907,12:33 PM,45180,unresolved,observed,nmmt_schedule_8241
8241,18166,017 AC,2886,2907,12:42 PM,45720,unresolved,observed,nmmt_schedule_8241
8241,22022,017 AC,2886,2907,12:45 PM,45900,unresolved,observed,nmmt_schedule_8241
8241,18167,017 AC,2886,2907,12:59 PM,46740,unresolved,observed,nmmt_schedule_8241
8241,22044,017 AC,2886,2907,01:00 PM,46800,unresolved,observed,nmmt_schedule_8241
8241,22048,017 AC,2886,2907,01:13 PM,47580,unresolved,observed,nmmt_schedule_8241
8241,18190,017 AC,2886,2907,01:15 PM,47700,unresolved,observed,nmmt_schedule_8241
8241,15610,017 AC,2886,2907,01:20 PM,48000,unresolved,observed,nmmt_schedule_8241
8241,22091,017 AC,2886,2907,01:21 PM,48060,unresolved,observed,nmmt_schedule_8241
8241,21727,017 AC,2886,2907,01:27 PM,48420,unresolved,observed,nmmt_schedule_8241
8241,18191,017 AC,2886,2907,01:35 PM,48900,unresolved,observed,nmmt_schedule_8241
8241,15624,017 AC,2886,2907,01:36 PM,48960,unresolved,observed,nmmt_schedule_8241
8241,22080,017 AC,2886,2907,01:41 PM,49260,unresolved,observed,nmmt_schedule_8241
8241,18212,017 AC,2886,2907,01:56 PM,50160,unresolved,observed,nmmt_schedule_8241
8241,15625,017 AC,2886,2907,02:02 PM,50520,unresolved,observed,nmmt_schedule_8241
8241,21743,017 AC,2886,2907,02:04 PM,50640,unresolved,observed,nmmt_schedule_8241
8241,18215,017 AC,2886,2907,02:13 PM,51180,unresolved,observed,nmmt_schedule_8241
8241,22100,017 AC,2886,2907,02:15 PM,51300,unresolved,observed,nmmt_schedule_8241
8241,18237,017 AC,2886,2907,02:29 PM,52140,unresolved,observed,nmmt_schedule_8241
8241,22126,017 AC,2886,2907,02:42 PM,52920,unresolved,observed,nmmt_schedule_8241
8241,18246,017 AC,2886,2907,02:48 PM,53280,unresolved,observed,nmmt_schedule_8241
8241,22129,017 AC,2886,2907,03:01 PM,54060,unresolved,observed,nmmt_schedule_8241
8241,18251,017 AC,2886,2907,03:08 PM,54480,unresolved,observed,nmmt_schedule_8241
8241,21754,017 AC,2886,2907,03:37 PM,56220,unresolved,observed,nmmt_schedule_8241
8241,18264,017 AC,2886,2907,09:46 PM,78360,unresolved,observed,nmmt_schedule_8241
8241,22164,017 AC,2886,2907,09:47 PM,78420,unresolved,observed,nmmt_schedule_8241
8241,18275,017 AC,2886,2907,10:01 PM,79260,unresolved,observed,nmmt_schedule_8241
8241,22175,017 AC,2886,2907,10:02 PM,79320,unresolved,observed,nmmt_schedule_8241
8241,22184,017 AC,2886,2907,10:16 PM,80160,unresolved,observed,nmmt_schedule_8241
8241,21954,017 AC,2886,2907,10:29 PM,80940,unresolved,observed,nmmt_schedule_8241
8241,21773,017 AC,2886,2907,10:39 PM,81540,unresolved,observed,nmmt_schedule_8241
8241,22550,017 AC,2886,2907,10:40 PM,81600,unresolved,observed,nmmt_schedule_8241
8241,21974,017 AC,2886,2907,10:43 PM,81780,unresolved,observed,nmmt_schedule_8241
8241,13722,017 AC,2886,2907,10:51 PM,82260,unresolved,observed,nmmt_schedule_8241
8241,21976,017 AC,2886,2907,10:57 PM,82620,unresolved,observed,nmmt_schedule_8241
8241,15654,017 AC,2886,2907,11:03 PM,82980,unresolved,observed,nmmt_schedule_8241
8241,15188,017 AC,2886,2907,11:16 PM,83760,unresolved,observed,nmmt_schedule_8241
8241,13747,017 AC,2886,2907,11:23 PM,84180,unresolved,observed,nmmt_schedule_8241
8241,15680,017 AC,2886,2907,11:24 PM,84240,unresolved,observed,nmmt_schedule_8241
8241,25718,017 AC,2886,2907,11:37 PM,85020,unresolved,observed,nmmt_schedule_8241
8241,15641,017 AC,2886,2907,11:40 PM,85200,unresolved,observed,nmmt_schedule_8241
8241,25723,017 AC,2886,2907,11:50 PM,85800,unresolved,observed,nmmt_schedule_8241
8241,21776,017 AC,2886,2907,12:21 AM,1260,unresolved,observed,nmmt_schedule_8241
8241,19204,017 AC,2886,2907,12:54 AM,3240,unresolved,observed,nmmt_schedule_8241
8241,23507,017 AC,2886,2907,12:55 AM,3300,unresolved,observed,nmmt_schedule_8241
8241,22141,017 AC,2886,2907,03:18 PM,55080,unresolved,observed,nmmt_schedule_8241
8241,18289,017 AC,2886,2907,10:18 PM,80280,unresolved,observed,nmmt_schedule_8241
8241,18304,017 AC,2886,2907,10:34 PM,81240,unresolved,observed,nmmt_schedule_8241
8241,18322,017 AC,2886,2907,10:50 PM,82200,unresolved,observed,nmmt_schedule_8241
8242,24558,017 AC,2886,3260,05:11 AM,18660,unresolved,observed,nmmt_schedule_8242
8242,14253,017 AC,2886,3260,05:13 AM,18780,unresolved,observed,nmmt_schedule_8242
8242,13914,017 AC,2886,3260,12:12 PM,43920,unresolved,observed,nmmt_schedule_8242
8242,25711,017 AC,2886,3260,12:23 PM,44580,unresolved,observed,nmmt_schedule_8242
8242,13916,017 AC,2886,3260,01:10 PM,47400,unresolved,observed,nmmt_schedule_8242
8242,25706,017 AC,2886,3260,01:23 PM,48180,unresolved,observed,nmmt_schedule_8242
8242,13735,017 AC,2886,3260,08:59 PM,75540,unresolved,observed,nmmt_schedule_8242
8242,15186,017 AC,2886,3260,09:25 PM,77100,unresolved,observed,nmmt_schedule_8242
8242,13743,017 AC,2886,3260,09:27 PM,77220,unresolved,observed,nmmt_schedule_8242
8242,25714,017 AC,2886,3260,09:43 PM,78180,unresolved,observed,nmmt_schedule_8242
8242,13720,017 AC,2886,3260,09:57 PM,79020,unresolved,observed,nmmt_schedule_8242
8242,13923,017 AC,2886,3260,10:00 PM,79200,unresolved,observed,nmmt_schedule_8242
8242,15184,017 AC,2886,3260,10:22 PM,80520,unresolved,observed,nmmt_schedule_8242
8242,13745,017 AC,2886,3260,10:29 PM,80940,unresolved,observed,nmmt_schedule_8242
8242,19208,017 AC,2886,3260,10:35 PM,81300,unresolved,observed,nmmt_schedule_8242
8242,25716,017 AC,2886,3260,10:40 PM,81600,unresolved,observed,nmmt_schedule_8242
8243,18145,017 AC,2886,3996,05:08 AM,18480,unresolved,observed,nmmt_schedule_8243
8243,22028,017 AC,2886,3996,05:18 AM,19080,unresolved,observed,nmmt_schedule_8243
8243,18158,017 AC,2886,3996,05:23 AM,19380,unresolved,observed,nmmt_schedule_8243
8243,22036,017 AC,2886,3996,05:29 AM,19740,unresolved,observed,nmmt_schedule_8243
8243,18169,017 AC,2886,3996,05:38 AM,20280,unresolved,observed,nmmt_schedule_8243
8243,22046,017 AC,2886,3996,05:41 AM,20460,unresolved,observed,nmmt_schedule_8243
8243,15609,017 AC,2886,3996,05:53 AM,21180,unresolved,observed,nmmt_schedule_8243
8243,18180,017 AC,2886,3996,05:54 AM,21240,unresolved,observed,nmmt_schedule_8243
8243,22058,017 AC,2886,3996,05:57 AM,21420,unresolved,observed,nmmt_schedule_8243
8243,18193,017 AC,2886,3996,06:10 AM,22200,unresolved,observed,nmmt_schedule_8243
8243,22073,017 AC,2886,3996,06:11 AM,22260,unresolved,observed,nmmt_schedule_8243
8243,15618,017 AC,2886,3996,06:15 AM,22500,unresolved,observed,nmmt_schedule_8243
8243,18147,017 AC,2886,3996,06:25 AM,23100,unresolved,observed,nmmt_schedule_8243
8243,22082,017 AC,2886,3996,06:32 AM,23520,unresolved,observed,nmmt_schedule_8243
8243,18204,017 AC,2886,3996,06:33 AM,23580,unresolved,observed,nmmt_schedule_8243
8243,15638,017 AC,2886,3996,06:38 AM,23880,unresolved,observed,nmmt_schedule_8243
8243,18159,017 AC,2886,3996,06:42 AM,24120,unresolved,observed,nmmt_schedule_8243
8243,22103,017 AC,2886,3996,06:44 AM,24240,unresolved,observed,nmmt_schedule_8243
8243,18218,017 AC,2886,3996,06:50 AM,24600,unresolved,observed,nmmt_schedule_8243
8243,22040,017 AC,2886,3996,06:51 AM,24660,unresolved,observed,nmmt_schedule_8243
8243,15181,017 AC,2886,3996,06:52 AM,24720,unresolved,observed,nmmt_schedule_8243
8243,18171,017 AC,2886,3996,06:58 AM,25080,unresolved,observed,nmmt_schedule_8243
8243,22049,017 AC,2886,3996,07:05 AM,25500,unresolved,observed,nmmt_schedule_8243
8243,18236,017 AC,2886,3996,07:08 AM,25680,unresolved,observed,nmmt_schedule_8243
8243,22118,017 AC,2886,3996,07:12 AM,25920,unresolved,observed,nmmt_schedule_8243
8243,18182,017 AC,2886,3996,07:15 AM,26100,unresolved,observed,nmmt_schedule_8243
8243,22060,017 AC,2886,3996,07:19 AM,26340,unresolved,observed,nmmt_schedule_8243
8243,18244,017 AC,2886,3996,07:23 AM,26580,unresolved,observed,nmmt_schedule_8243
8243,22130,017 AC,2886,3996,07:26 AM,26760,unresolved,observed,nmmt_schedule_8243
8243,18195,017 AC,2886,3996,07:31 AM,27060,unresolved,observed,nmmt_schedule_8243
8243,22075,017 AC,2886,3996,07:33 AM,27180,unresolved,observed,nmmt_schedule_8243
8243,18253,017 AC,2886,3996,07:39 AM,27540,unresolved,observed,nmmt_schedule_8243
8243,22143,017 AC,2886,3996,07:40 AM,27600,unresolved,observed,nmmt_schedule_8243
8243,18149,017 AC,2886,3996,07:47 AM,28020,unresolved,observed,nmmt_schedule_8243
8243,18206,017 AC,2886,3996,07:53 AM,28380,unresolved,observed,nmmt_schedule_8243
8243,22084,017 AC,2886,3996,07:54 AM,28440,unresolved,observed,nmmt_schedule_8243
8243,22027,017 AC,2886,3996,08:00 AM,28800,unresolved,observed,nmmt_schedule_8243
8243,18161,017 AC,2886,3996,08:04 AM,29040,unresolved,observed,nmmt_schedule_8243
8243,22102,017 AC,2886,3996,08:06 AM,29160,unresolved,observed,nmmt_schedule_8243
8243,18216,017 AC,2886,3996,08:12 AM,29520,unresolved,observed,nmmt_schedule_8243
8243,22034,017 AC,2886,3996,08:13 AM,29580,unresolved,observed,nmmt_schedule_8243
8243,18174,017 AC,2886,3996,08:20 AM,30000,unresolved,observed,nmmt_schedule_8243
8243,22051,017 AC,2886,3996,08:27 AM,30420,unresolved,observed,nmmt_schedule_8243
8243,18227,017 AC,2886,3996,08:29 AM,30540,unresolved,observed,nmmt_schedule_8243
8243,22120,017 AC,2886,3996,08:34 AM,30840,unresolved,observed,nmmt_schedule_8243
8243,18184,017 AC,2886,3996,08:37 AM,31020,unresolved,observed,nmmt_schedule_8243
8243,22063,017 AC,2886,3996,08:41 AM,31260,unresolved,observed,nmmt_schedule_8243
8243,18240,017 AC,2886,3996,08:45 AM,31500,unresolved,observed,nmmt_schedule_8243
8243,22138,017 AC,2886,3996,08:48 AM,31680,unresolved,observed,nmmt_schedule_8243
8243,18197,017 AC,2886,3996,08:53 AM,31980,unresolved,observed,nmmt_schedule_8243
8243,22077,017 AC,2886,3996,08:55 AM,32100,unresolved,observed,nmmt_schedule_8243
8243,18256,017 AC,2886,3996,09:01 AM,32460,unresolved,observed,nmmt_schedule_8243
8243,22145,017 AC,2886,3996,09:02 AM,32520,unresolved,observed,nmmt_schedule_8243
8243,18209,017 AC,2886,3996,09:15 AM,33300,unresolved,observed,nmmt_schedule_8243
8243,22086,017 AC,2886,3996,09:16 AM,33360,unresolved,observed,nmmt_schedule_8243
8243,22094,017 AC,2886,3996,09:28 AM,34080,unresolved,observed,nmmt_schedule_8243
8243,18219,017 AC,2886,3996,09:34 AM,34440,unresolved,observed,nmmt_schedule_8243
8243,22106,017 AC,2886,3996,09:42 AM,34920,unresolved,observed,nmmt_schedule_8243
8243,18152,017 AC,2886,3996,09:43 AM,34980,unresolved,observed,nmmt_schedule_8243
8243,22010,017 AC,2886,3996,09:48 AM,35280,unresolved,observed,nmmt_schedule_8243
8243,18228,017 AC,2886,3996,09:51 AM,35460,unresolved,observed,nmmt_schedule_8243
8243,22127,017 AC,2886,3996,09:56 AM,35760,unresolved,observed,nmmt_schedule_8243
8243,18163,017 AC,2886,3996,09:59 AM,35940,unresolved,observed,nmmt_schedule_8243
8243,22031,017 AC,2886,3996,10:03 AM,36180,unresolved,observed,nmmt_schedule_8243
8243,18245,017 AC,2886,3996,10:07 AM,36420,unresolved,observed,nmmt_schedule_8243
8243,22135,017 AC,2886,3996,10:10 AM,36600,unresolved,observed,nmmt_schedule_8243
8243,18175,017 AC,2886,3996,10:16 AM,36960,unresolved,observed,nmmt_schedule_8243
8243,22039,017 AC,2886,3996,10:17 AM,37020,unresolved,observed,nmmt_schedule_8243
8243,18257,017 AC,2886,3996,10:23 AM,37380,unresolved,observed,nmmt_schedule_8243
8243,22147,017 AC,2886,3996,10:24 AM,37440,unresolved,observed,nmmt_schedule_8243
8243,22053,017 AC,2886,3996,10:30 AM,37800,unresolved,observed,nmmt_schedule_8243
8243,18186,017 AC,2886,3996,10:32 AM,37920,unresolved,observed,nmmt_schedule_8243
8243,22064,017 AC,2886,3996,10:44 AM,38640,unresolved,observed,nmmt_schedule_8243
8243,18199,017 AC,2886,3996,10:50 AM,39000,unresolved,observed,nmmt_schedule_8243
8243,22070,017 AC,2886,3996,10:58 AM,39480,unresolved,observed,nmmt_schedule_8243
8243,18258,017 AC,2886,3996,11:04 AM,39840,unresolved,observed,nmmt_schedule_8243
8243,18143,017 AC,2886,3996,11:05 AM,39900,unresolved,observed,nmmt_schedule_8243
8243,22011,017 AC,2886,3996,11:12 AM,40320,unresolved,observed,nmmt_schedule_8243
8243,18208,017 AC,2886,3996,11:13 AM,40380,unresolved,observed,nmmt_schedule_8243
8243,22088,017 AC,2886,3996,11:18 AM,40680,unresolved,observed,nmmt_schedule_8243
8243,18165,017 AC,2886,3996,11:21 AM,40860,unresolved,observed,nmmt_schedule_8243
8243,22024,017 AC,2886,3996,11:25 AM,41100,unresolved,observed,nmmt_schedule_8243
8243,18222,017 AC,2886,3996,11:30 AM,41400,unresolved,observed,nmmt_schedule_8243
8243,22095,017 AC,2886,3996,11:32 AM,41520,unresolved,observed,nmmt_schedule_8243
8243,18177,017 AC,2886,3996,11:38 AM,41880,unresolved,observed,nmmt_schedule_8243
8243,22042,017 AC,2886,3996,11:39 AM,41940,unresolved,observed,nmmt_schedule_8243
8243,18231,017 AC,2886,3996,11:46 AM,42360,unresolved,observed,nmmt_schedule_8243
8243,22055,017 AC,2886,3996,11:52 AM,42720,unresolved,observed,nmmt_schedule_8243
8243,18188,017 AC,2886,3996,11:54 AM,42840,unresolved,observed,nmmt_schedule_8243
8243,22089,017 AC,2886,3996,11:59 AM,43140,unresolved,observed,nmmt_schedule_8243
8243,18242,017 AC,2886,3996,12:05 PM,43500,unresolved,observed,nmmt_schedule_8243
8243,22066,017 AC,2886,3996,12:06 PM,43560,unresolved,observed,nmmt_schedule_8243
8243,22140,017 AC,2886,3996,12:13 PM,43980,unresolved,observed,nmmt_schedule_8243
8243,18201,017 AC,2886,3996,12:14 PM,44040,unresolved,observed,nmmt_schedule_8243
8243,22072,017 AC,2886,3996,12:20 PM,44400,unresolved,observed,nmmt_schedule_8243
8243,18259,017 AC,2886,3996,12:25 PM,44700,unresolved,observed,nmmt_schedule_8243
8243,22149,017 AC,2886,3996,12:30 PM,45000,unresolved,observed,nmmt_schedule_8243
8243,18210,017 AC,2886,3996,12:35 PM,45300,unresolved,observed,nmmt_schedule_8243
8243,25726,017 AC,2886,3996,12:48 PM,46080,unresolved,observed,nmmt_schedule_8243
8243,18225,017 AC,2886,3996,12:52 PM,46320,unresolved,observed,nmmt_schedule_8243
8243,22097,017 AC,2886,3996,12:54 PM,46440,unresolved,observed,nmmt_schedule_8243
8243,18235,017 AC,2886,3996,01:08 PM,47280,unresolved,observed,nmmt_schedule_8243
8243,22125,017 AC,2886,3996,01:21 PM,48060,unresolved,observed,nmmt_schedule_8243
8243,18247,017 AC,2886,3996,01:27 PM,48420,unresolved,observed,nmmt_schedule_8243
8243,22133,017 AC,2886,3996,01:40 PM,49200,unresolved,observed,nmmt_schedule_8243
8243,18261,017 AC,2886,3996,01:47 PM,49620,unresolved,observed,nmmt_schedule_8243
8243,22151,017 AC,2886,3996,01:58 PM,50280,unresolved,observed,nmmt_schedule_8243
8243,18266,017 AC,2886,3996,02:08 PM,50880,unresolved,observed,nmmt_schedule_8243
8243,22162,017 AC,2886,3996,02:18 PM,51480,unresolved,observed,nmmt_schedule_8243
8243,18286,017 AC,2886,3996,02:25 PM,51900,unresolved,observed,nmmt_schedule_8243
8243,22166,017 AC,2886,3996,02:33 PM,52380,unresolved,observed,nmmt_schedule_8243
8243,18288,017 AC,2886,3996,02:43 PM,52980,unresolved,observed,nmmt_schedule_8243
8243,22178,017 AC,2886,3996,02:48 PM,53280,unresolved,observed,nmmt_schedule_8243
8243,18306,017 AC,2886,3996,02:58 PM,53880,unresolved,observed,nmmt_schedule_8243
8243,21956,017 AC,2886,3996,03:01 PM,54060,unresolved,observed,nmmt_schedule_8243
8243,18312,017 AC,2886,3996,03:13 PM,54780,unresolved,observed,nmmt_schedule_8243
8243,21971,017 AC,2886,3996,03:14 PM,54840,unresolved,observed,nmmt_schedule_8243
8243,15640,017 AC,2886,3996,03:18 PM,55080,unresolved,observed,nmmt_schedule_8243
8243,21986,017 AC,2886,3996,03:28 PM,55680,unresolved,observed,nmmt_schedule_8243
8243,18268,017 AC,2886,3996,03:29 PM,55740,unresolved,observed,nmmt_schedule_8243
8243,15666,017 AC,2886,3996,03:40 PM,56400,unresolved,observed,nmmt_schedule_8243
8243,18283,017 AC,2886,3996,03:47 PM,56820,unresolved,observed,nmmt_schedule_8243
8243,22165,017 AC,2886,3996,03:55 PM,57300,unresolved,observed,nmmt_schedule_8243
8243,15668,017 AC,2886,3996,04:03 PM,57780,unresolved,observed,nmmt_schedule_8243
8243,22186,017 AC,2886,3996,04:10 PM,58200,unresolved,observed,nmmt_schedule_8243
8243,18301,017 AC,2886,3996,04:19 PM,58740,unresolved,observed,nmmt_schedule_8243
8243,21961,017 AC,2886,3996,04:23 PM,58980,unresolved,observed,nmmt_schedule_8243
8243,18314,017 AC,2886,3996,04:35 PM,59700,unresolved,observed,nmmt_schedule_8243
8243,21965,017 AC,2886,3996,04:36 PM,59760,unresolved,observed,nmmt_schedule_8243
8243,21978,017 AC,2886,3996,04:50 PM,60600,unresolved,observed,nmmt_schedule_8243
8243,18270,017 AC,2886,3996,04:51 PM,60660,unresolved,observed,nmmt_schedule_8243
8243,18330,017 AC,2886,3996,05:00 PM,61200,unresolved,observed,nmmt_schedule_8243
8243,22157,017 AC,2886,3996,05:02 PM,61320,unresolved,observed,nmmt_schedule_8243
8243,18278,017 AC,2886,3996,05:09 PM,61740,unresolved,observed,nmmt_schedule_8243
8243,22167,017 AC,2886,3996,05:16 PM,62160,unresolved,observed,nmmt_schedule_8243
8243,18335,017 AC,2886,3996,05:18 PM,62280,unresolved,observed,nmmt_schedule_8243
8243,22008,017 AC,2886,3996,05:23 PM,62580,unresolved,observed,nmmt_schedule_8243
8243,18293,017 AC,2886,3996,05:25 PM,62700,unresolved,observed,nmmt_schedule_8243
8243,22179,017 AC,2886,3996,05:32 PM,63120,unresolved,observed,nmmt_schedule_8243
8243,18345,017 AC,2886,3996,05:33 PM,63180,unresolved,observed,nmmt_schedule_8243
8243,22190,017 AC,2886,3996,05:37 PM,63420,unresolved,observed,nmmt_schedule_8243
8243,18303,017 AC,2886,3996,05:41 PM,63660,unresolved,observed,nmmt_schedule_8243
8243,21955,017 AC,2886,3996,05:44 PM,63840,unresolved,observed,nmmt_schedule_8243
8243,18363,017 AC,2886,3996,05:49 PM,64140,unresolved,observed,nmmt_schedule_8243
8243,22203,017 AC,2886,3996,05:50 PM,64200,unresolved,observed,nmmt_schedule_8243
8243,18317,017 AC,2886,3996,05:57 PM,64620,unresolved,observed,nmmt_schedule_8243
8243,22213,017 AC,2886,3996,06:04 PM,65040,unresolved,observed,nmmt_schedule_8243
8243,18368,017 AC,2886,3996,06:05 PM,65100,unresolved,observed,nmmt_schedule_8243
8243,21982,017 AC,2886,3996,06:11 PM,65460,unresolved,observed,nmmt_schedule_8243
8243,22231,017 AC,2886,3996,06:18 PM,65880,unresolved,observed,nmmt_schedule_8243
8243,18323,017 AC,2886,3996,06:22 PM,66120,unresolved,observed,nmmt_schedule_8243
8243,21991,017 AC,2886,3996,06:31 PM,66660,unresolved,observed,nmmt_schedule_8243
8243,18337,017 AC,2886,3996,06:39 PM,67140,unresolved,observed,nmmt_schedule_8243
8243,21999,017 AC,2886,3996,06:45 PM,67500,unresolved,observed,nmmt_schedule_8243
8243,18348,017 AC,2886,3996,06:55 PM,68100,unresolved,observed,nmmt_schedule_8243
8243,22191,017 AC,2886,3996,06:59 PM,68340,unresolved,observed,nmmt_schedule_8243
8243,18273,017 AC,2886,3996,07:03 PM,68580,unresolved,observed,nmmt_schedule_8243
8243,22158,017 AC,2886,3996,07:05 PM,68700,unresolved,observed,nmmt_schedule_8243
8243,18365,017 AC,2886,3996,07:11 PM,69060,unresolved,observed,nmmt_schedule_8243
8243,22206,017 AC,2886,3996,07:12 PM,69120,unresolved,observed,nmmt_schedule_8243
8243,18280,017 AC,2886,3996,07:19 PM,69540,unresolved,observed,nmmt_schedule_8243
8243,22215,017 AC,2886,3996,07:26 PM,69960,unresolved,observed,nmmt_schedule_8243
8243,18370,017 AC,2886,3996,07:27 PM,70020,unresolved,observed,nmmt_schedule_8243
8243,22181,017 AC,2886,3996,07:33 PM,70380,unresolved,observed,nmmt_schedule_8243
8243,18295,017 AC,2886,3996,07:35 PM,70500,unresolved,observed,nmmt_schedule_8243
8243,22225,017 AC,2886,3996,07:39 PM,70740,unresolved,observed,nmmt_schedule_8243
8243,21952,017 AC,2886,3996,07:46 PM,71160,unresolved,observed,nmmt_schedule_8243
8243,18307,017 AC,2886,3996,07:52 PM,71520,unresolved,observed,nmmt_schedule_8243
8243,21968,017 AC,2886,3996,08:00 PM,72000,unresolved,observed,nmmt_schedule_8243
8243,18315,017 AC,2886,3996,08:08 PM,72480,unresolved,observed,nmmt_schedule_8243
8243,21983,017 AC,2886,3996,08:14 PM,72840,unresolved,observed,nmmt_schedule_8243
8243,18274,017 AC,2886,3996,08:25 PM,73500,unresolved,observed,nmmt_schedule_8243
8243,22154,017 AC,2886,3996,08:26 PM,73560,unresolved,observed,nmmt_schedule_8243
8243,18324,017 AC,2886,3996,08:33 PM,73980,unresolved,observed,nmmt_schedule_8243
8243,18282,017 AC,2886,3996,08:40 PM,74400,unresolved,observed,nmmt_schedule_8243
8243,22172,017 AC,2886,3996,08:41 PM,74460,unresolved,observed,nmmt_schedule_8243
8243,18339,017 AC,2886,3996,08:48 PM,74880,unresolved,observed,nmmt_schedule_8243
8243,22182,017 AC,2886,3996,08:55 PM,75300,unresolved,observed,nmmt_schedule_8243
8243,18297,017 AC,2886,3996,08:57 PM,75420,unresolved,observed,nmmt_schedule_8243
8243,22189,017 AC,2886,3996,09:02 PM,75720,unresolved,observed,nmmt_schedule_8243
8243,18350,017 AC,2886,3996,09:05 PM,75900,unresolved,observed,nmmt_schedule_8243
8243,21959,017 AC,2886,3996,09:08 PM,76080,unresolved,observed,nmmt_schedule_8243
8243,18309,017 AC,2886,3996,09:13 PM,76380,unresolved,observed,nmmt_schedule_8243
8243,22208,017 AC,2886,3996,09:15 PM,76500,unresolved,observed,nmmt_schedule_8243
8243,18356,017 AC,2886,3996,09:22 PM,76920,unresolved,observed,nmmt_schedule_8243
8243,25688,017 AC,2886,3996,09:25 PM,77100,unresolved,observed,nmmt_schedule_8243
8243,22217,017 AC,2886,3996,09:29 PM,77340,unresolved,observed,nmmt_schedule_8243
8243,18320,017 AC,2886,3996,09:30 PM,77400,unresolved,observed,nmmt_schedule_8243
8243,21426,017 AC,2886,3996,09:35 PM,77700,unresolved,observed,nmmt_schedule_8243
8243,21975,017 AC,2886,3996,09:36 PM,77760,unresolved,observed,nmmt_schedule_8243
8243,25673,017 AC,2886,3996,09:40 PM,78000,unresolved,observed,nmmt_schedule_8243
8243,18372,017 AC,2886,3996,09:43 PM,78180,unresolved,observed,nmmt_schedule_8243
8243,18325,017 AC,2886,3996,09:55 PM,78900,unresolved,observed,nmmt_schedule_8243
8243,18341,017 AC,2886,3996,10:10 PM,79800,unresolved,observed,nmmt_schedule_8243
8243,22194,017 AC,2886,3996,10:24 PM,80640,unresolved,observed,nmmt_schedule_8243
8243,18352,017 AC,2886,3996,10:27 PM,80820,unresolved,observed,nmmt_schedule_8243
8243,25721,017 AC,2886,3996,10:29 PM,80940,unresolved,observed,nmmt_schedule_8243
8243,22210,017 AC,2886,3996,10:37 PM,81420,unresolved,observed,nmmt_schedule_8243
8243,18358,017 AC,2886,3996,10:43 PM,81780,unresolved,observed,nmmt_schedule_8243
8243,25690,017 AC,2886,3996,10:46 PM,81960,unresolved,observed,nmmt_schedule_8243
8243,22219,017 AC,2886,3996,10:51 PM,82260,unresolved,observed,nmmt_schedule_8243
8243,13925,017 AC,2886,3996,11:00 PM,82800,unresolved,observed,nmmt_schedule_8243
8243,18374,017 AC,2886,3996,11:05 PM,83100,unresolved,observed,nmmt_schedule_8243
8243,18328,017 AC,2886,3996,11:18 PM,83880,unresolved,observed,nmmt_schedule_8243
8243,18344,017 AC,2886,3996,11:31 PM,84660,unresolved,observed,nmmt_schedule_8243
8243,22005,017 AC,2886,3996,11:32 PM,84720,unresolved,observed,nmmt_schedule_8243
8243,19205,017 AC,2886,3996,11:40 PM,85200,unresolved,observed,nmmt_schedule_8243
8243,22199,017 AC,2886,3996,11:45 PM,85500,unresolved,observed,nmmt_schedule_8243
8243,18355,017 AC,2886,3996,11:50 PM,85800,unresolved,observed,nmmt_schedule_8243
8243,22200,017 AC,2886,3996,12:00 AM,0,unresolved,observed,nmmt_schedule_8243
8243,18360,017 AC,2886,3996,12:10 AM,600,unresolved,observed,nmmt_schedule_8243
8243,22221,017 AC,2886,3996,12:15 AM,900,unresolved,observed,nmmt_schedule_8243
8243,18376,017 AC,2886,3996,12:30 AM,1800,unresolved,observed,nmmt_schedule_8243
8244,20497,042 AC,2907,4814,05:41 AM,20460,unresolved,observed,nmmt_schedule_8244
8245,23997,017 AC,2907,3260,04:55 AM,17700,unresolved,observed,nmmt_schedule_8245
8246,18144,017 AC,2907,4115,04:50 AM,17400,unresolved,observed,nmmt_schedule_8246
8246,24548,017 AC,2907,4115,04:55 AM,17700,unresolved,observed,nmmt_schedule_8246
8246,14255,017 AC,2907,4115,05:00 AM,18000,unresolved,observed,nmmt_schedule_8246
8246,18156,017 AC,2907,4115,05:05 AM,18300,unresolved,observed,nmmt_schedule_8246
8246,22035,017 AC,2907,4115,05:10 AM,18600,unresolved,observed,nmmt_schedule_8246
8246,18172,017 AC,2907,4115,05:20 AM,19200,unresolved,observed,nmmt_schedule_8246
8246,22045,017 AC,2907,4115,05:23 AM,19380,unresolved,observed,nmmt_schedule_8246
8246,15608,017 AC,2907,4115,05:35 AM,20100,unresolved,observed,nmmt_schedule_8246
8246,18179,017 AC,2907,4115,05:36 AM,20160,unresolved,observed,nmmt_schedule_8246
8246,22057,017 AC,2907,4115,05:39 AM,20340,unresolved,observed,nmmt_schedule_8246
8246,18194,017 AC,2907,4115,05:52 AM,21120,unresolved,observed,nmmt_schedule_8246
8246,22069,017 AC,2907,4115,05:53 AM,21180,unresolved,observed,nmmt_schedule_8246
8246,15617,017 AC,2907,4115,05:57 AM,21420,unresolved,observed,nmmt_schedule_8246
8246,21713,017 AC,2907,4115,06:00 AM,21600,unresolved,observed,nmmt_schedule_8246
8246,22081,017 AC,2907,4115,06:14 AM,22440,unresolved,observed,nmmt_schedule_8246
8246,18203,017 AC,2907,4115,06:15 AM,22500,unresolved,observed,nmmt_schedule_8246
8246,15637,017 AC,2907,4115,06:20 AM,22800,unresolved,observed,nmmt_schedule_8246
8246,15182,017 AC,2907,4115,06:25 AM,23100,unresolved,observed,nmmt_schedule_8246
8246,22104,017 AC,2907,4115,06:26 AM,23160,unresolved,observed,nmmt_schedule_8246
8246,21740,017 AC,2907,4115,06:27 AM,23220,unresolved,observed,nmmt_schedule_8246
8246,18223,017 AC,2907,4115,06:32 AM,23520,unresolved,observed,nmmt_schedule_8246
8246,22105,017 AC,2907,4115,06:40 AM,24000,unresolved,observed,nmmt_schedule_8246
8246,18233,017 AC,2907,4115,06:50 AM,24600,unresolved,observed,nmmt_schedule_8246
8246,22117,017 AC,2907,4115,06:54 AM,24840,unresolved,observed,nmmt_schedule_8246
8246,18243,017 AC,2907,4115,07:05 AM,25500,unresolved,observed,nmmt_schedule_8246
8246,22131,017 AC,2907,4115,07:08 AM,25680,unresolved,observed,nmmt_schedule_8246
8246,18252,017 AC,2907,4115,07:20 AM,26400,unresolved,observed,nmmt_schedule_8246
8246,22142,017 AC,2907,4115,07:22 AM,26520,unresolved,observed,nmmt_schedule_8246
8246,21748,017 AC,2907,4115,08:11 AM,29460,unresolved,observed,nmmt_schedule_8246
8246,18265,017 AC,2907,4115,01:50 PM,49800,unresolved,observed,nmmt_schedule_8246
8246,22161,017 AC,2907,4115,02:00 PM,50400,unresolved,observed,nmmt_schedule_8246
8246,18285,017 AC,2907,4115,02:07 PM,50820,unresolved,observed,nmmt_schedule_8246
8246,22169,017 AC,2907,4115,02:15 PM,51300,unresolved,observed,nmmt_schedule_8246
8246,18287,017 AC,2907,4115,02:25 PM,51900,unresolved,observed,nmmt_schedule_8246
8246,22177,017 AC,2907,4115,02:30 PM,52200,unresolved,observed,nmmt_schedule_8246
8246,18305,017 AC,2907,4115,02:40 PM,52800,unresolved,observed,nmmt_schedule_8246
8246,21958,017 AC,2907,4115,02:43 PM,52980,unresolved,observed,nmmt_schedule_8246
8246,18311,017 AC,2907,4115,02:55 PM,53700,unresolved,observed,nmmt_schedule_8246
8246,21963,017 AC,2907,4115,02:56 PM,53760,unresolved,observed,nmmt_schedule_8246
8246,15639,017 AC,2907,4115,03:00 PM,54000,unresolved,observed,nmmt_schedule_8246
8246,21762,017 AC,2907,4115,03:02 PM,54120,unresolved,observed,nmmt_schedule_8246
8246,21981,017 AC,2907,4115,03:10 PM,54600,unresolved,observed,nmmt_schedule_8246
8246,15665,017 AC,2907,4115,03:22 PM,55320,unresolved,observed,nmmt_schedule_8246
8246,15667,017 AC,2907,4115,03:45 PM,56700,unresolved,observed,nmmt_schedule_8246
8246,21777,017 AC,2907,4115,04:26 PM,59160,unresolved,observed,nmmt_schedule_8246
8246,18331,017 AC,2907,4115,04:42 PM,60120,unresolved,observed,nmmt_schedule_8246
8246,21989,017 AC,2907,4115,04:51 PM,60660,unresolved,observed,nmmt_schedule_8246
8246,18334,017 AC,2907,4115,05:00 PM,61200,unresolved,observed,nmmt_schedule_8246
8246,21998,017 AC,2907,4115,05:05 PM,61500,unresolved,observed,nmmt_schedule_8246
8246,21791,017 AC,2907,4115,05:12 PM,61920,unresolved,observed,nmmt_schedule_8246
8246,18347,017 AC,2907,4115,05:15 PM,62100,unresolved,observed,nmmt_schedule_8246
8246,22197,017 AC,2907,4115,05:19 PM,62340,unresolved,observed,nmmt_schedule_8246
8246,18362,017 AC,2907,4115,05:31 PM,63060,unresolved,observed,nmmt_schedule_8246
8246,22202,017 AC,2907,4115,05:32 PM,63120,unresolved,observed,nmmt_schedule_8246
8246,22212,017 AC,2907,4115,05:46 PM,63960,unresolved,observed,nmmt_schedule_8246
8246,18367,017 AC,2907,4115,05:47 PM,64020,unresolved,observed,nmmt_schedule_8246
8246,22224,017 AC,2907,4115,06:00 PM,64800,unresolved,observed,nmmt_schedule_8246
8247,20496,042 AC,4814,3031,05:51 AM,21060,unresolved,observed,nmmt_schedule_8247
8249,20560,042,3031,3194,08:40 PM,74400,unresolved,observed,nmmt_schedule_8249
8249,20572,042,3031,3194,09:30 PM,77400,unresolved,observed,nmmt_schedule_8249
8249,20578,042,3031,3194,09:55 PM,78900,unresolved,observed,nmmt_schedule_8249
8254,20595,042 AC,3194,2907,11:26 AM,41160,unresolved,observed,nmmt_schedule_8254
8254,25208,042 AC,3194,2907,11:32 AM,41520,unresolved,observed,nmmt_schedule_8254
8254,20596,042 AC,3194,2907,11:58 AM,43080,unresolved,observed,nmmt_schedule_8254
8254,25214,042 AC,3194,2907,12:17 PM,44220,unresolved,observed,nmmt_schedule_8254
8254,20605,042 AC,3194,2907,12:22 PM,44520,unresolved,observed,nmmt_schedule_8254
8254,20610,042 AC,3194,2907,12:42 PM,45720,unresolved,observed,nmmt_schedule_8254
8254,20500,042 AC,3194,2907,01:02 PM,46920,unresolved,observed,nmmt_schedule_8254
8254,20507,042 AC,3194,2907,01:22 PM,48120,unresolved,observed,nmmt_schedule_8254
8254,25202,042 AC,3194,2907,01:37 PM,49020,unresolved,observed,nmmt_schedule_8254
8254,20512,042 AC,3194,2907,01:52 PM,49920,unresolved,observed,nmmt_schedule_8254
8254,25173,042 AC,3194,2907,02:22 PM,51720,unresolved,observed,nmmt_schedule_8254
8254,20523,042 AC,3194,2907,02:27 PM,52020,unresolved,observed,nmmt_schedule_8254
8254,20536,042 AC,3194,2907,02:57 PM,53820,unresolved,observed,nmmt_schedule_8254
8254,25180,042 AC,3194,2907,03:07 PM,54420,unresolved,observed,nmmt_schedule_8254
8254,20548,042 AC,3194,2907,03:37 PM,56220,unresolved,observed,nmmt_schedule_8254
8254,20517,042 AC,3194,2907,08:42 PM,74520,unresolved,observed,nmmt_schedule_8254
8254,25187,042 AC,3194,2907,09:02 PM,75720,unresolved,observed,nmmt_schedule_8254
8254,20529,042 AC,3194,2907,09:07 PM,76020,unresolved,observed,nmmt_schedule_8254
8254,20541,042 AC,3194,2907,09:37 PM,77820,unresolved,observed,nmmt_schedule_8254
8254,20554,042 AC,3194,2907,10:02 PM,79320,unresolved,observed,nmmt_schedule_8254
8254,25220,042 AC,3194,2907,10:37 PM,81420,unresolved,observed,nmmt_schedule_8254
8254,20566,042 AC,3194,2907,10:52 PM,82320,unresolved,observed,nmmt_schedule_8254
8254,25226,042 AC,3194,2907,11:17 PM,83820,unresolved,observed,nmmt_schedule_8254
8254,20577,042 AC,3194,2907,11:37 PM,85020,unresolved,observed,nmmt_schedule_8254
8254,25230,042 AC,3194,2907,11:57 PM,86220,unresolved,observed,nmmt_schedule_8254
8254,20589,042 AC,3194,2907,12:37 AM,2220,unresolved,observed,nmmt_schedule_8254
8254,25234,042 AC,3194,2907,12:42 AM,2520,unresolved,observed,nmmt_schedule_8254
8254,25191,042 AC,3194,2907,09:47 PM,78420,unresolved,observed,nmmt_schedule_8254
8256,20503,042 AC,2907,3194,06:00 AM,21600,unresolved,observed,nmmt_schedule_8256
8256,25170,042 AC,2907,3194,06:35 AM,23700,unresolved,observed,nmmt_schedule_8256
8256,20519,042 AC,2907,3194,06:40 AM,24000,unresolved,observed,nmmt_schedule_8256
8256,20533,042 AC,2907,3194,07:13 AM,25980,unresolved,observed,nmmt_schedule_8256
8256,25176,042 AC,2907,3194,07:20 AM,26400,unresolved,observed,nmmt_schedule_8256
8256,20543,042 AC,2907,3194,07:32 AM,27120,unresolved,observed,nmmt_schedule_8256
8256,20513,042 AC,2907,3194,12:45 PM,45900,unresolved,observed,nmmt_schedule_8256
8256,25182,042 AC,2907,3194,01:00 PM,46800,unresolved,observed,nmmt_schedule_8256
8256,20530,042 AC,2907,3194,01:10 PM,47400,unresolved,observed,nmmt_schedule_8256
8256,20537,042 AC,2907,3194,01:35 PM,48900,unresolved,observed,nmmt_schedule_8256
8256,25188,042 AC,2907,3194,01:45 PM,49500,unresolved,observed,nmmt_schedule_8256
8256,20549,042 AC,2907,3194,02:00 PM,50400,unresolved,observed,nmmt_schedule_8256
8256,20555,042 AC,2907,3194,02:25 PM,51900,unresolved,observed,nmmt_schedule_8256
8256,25216,042 AC,2907,3194,02:35 PM,52500,unresolved,observed,nmmt_schedule_8256
8256,20561,042 AC,2907,3194,02:50 PM,53400,unresolved,observed,nmmt_schedule_8256
8256,25222,042 AC,2907,3194,03:10 PM,54600,unresolved,observed,nmmt_schedule_8256
8256,20567,042 AC,2907,3194,03:20 PM,55200,unresolved,observed,nmmt_schedule_8256
8256,20573,042 AC,2907,3194,03:45 PM,56700,unresolved,observed,nmmt_schedule_8256
8256,25227,042 AC,2907,3194,03:55 PM,57300,unresolved,observed,nmmt_schedule_8256
8256,20579,042 AC,2907,3194,04:10 PM,58200,unresolved,observed,nmmt_schedule_8256
8256,20590,042 AC,2907,3194,04:35 PM,59700,unresolved,observed,nmmt_schedule_8256
8256,25233,042 AC,2907,3194,04:40 PM,60000,unresolved,observed,nmmt_schedule_8256
8258,20606,042 AC,2907,3031,05:40 AM,20400,unresolved,observed,nmmt_schedule_8258
8260,16306,022 AC,3122,2907,11:39 AM,41940,unresolved,observed,nmmt_schedule_8260
8260,20088,022 AC,3122,2907,11:47 AM,42420,unresolved,observed,nmmt_schedule_8260
8260,16310,022 AC,3122,2907,12:07 PM,43620,unresolved,observed,nmmt_schedule_8260
8260,20148,022 AC,3122,2907,12:27 PM,44820,unresolved,observed,nmmt_schedule_8260
8260,16314,022 AC,3122,2907,12:42 PM,45720,unresolved,observed,nmmt_schedule_8260
8260,20089,022 AC,3122,2907,01:12 PM,47520,unresolved,observed,nmmt_schedule_8260
8260,16323,022 AC,3122,2907,01:17 PM,47820,unresolved,observed,nmmt_schedule_8260
8260,16329,022 AC,3122,2907,01:55 PM,50100,unresolved,observed,nmmt_schedule_8260
8260,16334,022 AC,3122,2907,02:35 PM,52500,unresolved,observed,nmmt_schedule_8260
8260,16342,022 AC,3122,2907,03:15 PM,54900,unresolved,observed,nmmt_schedule_8260
8260,16347,022 AC,3122,2907,09:00 PM,75600,unresolved,observed,nmmt_schedule_8260
8260,20115,022 AC,3122,2907,09:07 PM,76020,unresolved,observed,nmmt_schedule_8260
8260,16353,022 AC,3122,2907,09:35 PM,77700,unresolved,observed,nmmt_schedule_8260
8260,20123,022 AC,3122,2907,09:55 PM,78900,unresolved,observed,nmmt_schedule_8260
8260,16359,022 AC,3122,2907,10:10 PM,79800,unresolved,observed,nmmt_schedule_8260
8260,20127,022 AC,3122,2907,10:37 PM,81420,unresolved,observed,nmmt_schedule_8260
8260,16365,022 AC,3122,2907,10:42 PM,81720,unresolved,observed,nmmt_schedule_8260
8260,16371,022 AC,3122,2907,11:17 PM,83820,unresolved,observed,nmmt_schedule_8260
8262,16319,022 AC,2907,3122,05:35 AM,20100,unresolved,observed,nmmt_schedule_8262
8262,16325,022 AC,2907,3122,06:10 AM,22200,unresolved,observed,nmmt_schedule_8262
8262,16332,022 AC,2907,3122,06:45 AM,24300,unresolved,observed,nmmt_schedule_8262
8262,20105,022 AC,2907,3122,06:47 AM,24420,unresolved,observed,nmmt_schedule_8262
8262,16338,022 AC,2907,3122,07:10 AM,25800,unresolved,observed,nmmt_schedule_8262
8262,20108,022 AC,2907,3122,07:25 AM,26700,unresolved,observed,nmmt_schedule_8262
8262,16343,022 AC,2907,3122,01:05 PM,47100,unresolved,observed,nmmt_schedule_8262
8262,16349,022 AC,2907,3122,01:35 PM,48900,unresolved,observed,nmmt_schedule_8262
8262,20122,022 AC,2907,3122,02:00 PM,50400,unresolved,observed,nmmt_schedule_8262
8262,16355,022 AC,2907,3122,02:15 PM,51300,unresolved,observed,nmmt_schedule_8262
8262,20125,022 AC,2907,3122,02:45 PM,53100,unresolved,observed,nmmt_schedule_8262
8262,16361,022 AC,2907,3122,02:50 PM,53400,unresolved,observed,nmmt_schedule_8262
8262,16367,022 AC,2907,3122,03:25 PM,55500,unresolved,observed,nmmt_schedule_8262
8262,16374,022 AC,2907,3122,04:05 PM,57900,unresolved,observed,nmmt_schedule_8262
8262,16379,022 AC,2907,3122,04:40 PM,60000,unresolved,observed,nmmt_schedule_8262
8342,24380,062 AC,3194,2907,02:17 AM,8220,unresolved,observed,nmmt_schedule_8342
8342,24385,062 AC,3194,2907,02:42 AM,9720,unresolved,observed,nmmt_schedule_8342
8342,14776,062 AC,3194,2907,12:22 PM,44520,unresolved,observed,nmmt_schedule_8342
8342,14718,062 AC,3194,2907,12:47 PM,46020,unresolved,observed,nmmt_schedule_8342
8342,24393,062 AC,3194,2907,01:07 PM,47220,unresolved,observed,nmmt_schedule_8342
8342,14781,062 AC,3194,2907,01:12 PM,47520,unresolved,observed,nmmt_schedule_8342
8342,14723,062 AC,3194,2907,01:32 PM,48720,unresolved,observed,nmmt_schedule_8342
8342,14783,062 AC,3194,2907,01:57 PM,50220,unresolved,observed,nmmt_schedule_8342
8342,14790,062 AC,3194,2907,02:22 PM,51720,unresolved,observed,nmmt_schedule_8342
8342,24410,062 AC,3194,2907,02:47 PM,53220,unresolved,observed,nmmt_schedule_8342
8342,14800,062 AC,3194,2907,02:52 PM,53520,unresolved,observed,nmmt_schedule_8342
8342,24299,062 AC,3194,2907,03:12 PM,54720,unresolved,observed,nmmt_schedule_8342
8342,14729,062 AC,3194,2907,03:17 PM,55020,unresolved,observed,nmmt_schedule_8342
8342,24412,062 AC,3194,2907,03:27 PM,55620,unresolved,observed,nmmt_schedule_8342
8342,14709,062 AC,3194,2907,03:52 PM,57120,unresolved,observed,nmmt_schedule_8342
8342,24311,062 AC,3194,2907,04:17 PM,58620,unresolved,observed,nmmt_schedule_8342
8342,14735,062 AC,3194,2907,04:27 PM,59220,unresolved,observed,nmmt_schedule_8342
8342,24317,062 AC,3194,2907,04:42 PM,60120,unresolved,observed,nmmt_schedule_8342
8342,24323,062 AC,3194,2907,10:32 PM,81120,unresolved,observed,nmmt_schedule_8342
8342,14738,062 AC,3194,2907,10:42 PM,81720,unresolved,observed,nmmt_schedule_8342
8342,24329,062 AC,3194,2907,10:57 PM,82620,unresolved,observed,nmmt_schedule_8342
8342,14748,062 AC,3194,2907,11:12 PM,83520,unresolved,observed,nmmt_schedule_8342
8342,24335,062 AC,3194,2907,11:22 PM,84120,unresolved,observed,nmmt_schedule_8342
8342,14749,062 AC,3194,2907,11:42 PM,85320,unresolved,observed,nmmt_schedule_8342
8342,24345,062 AC,3194,2907,11:47 PM,85620,unresolved,observed,nmmt_schedule_8342
8342,14758,062 AC,3194,2907,12:12 AM,720,unresolved,observed,nmmt_schedule_8342
8342,24356,062 AC,3194,2907,12:37 AM,2220,unresolved,observed,nmmt_schedule_8342
8342,14765,062 AC,3194,2907,12:42 AM,2520,unresolved,observed,nmmt_schedule_8342
8342,24361,062 AC,3194,2907,01:02 AM,3720,unresolved,observed,nmmt_schedule_8342
8342,14771,062 AC,3194,2907,01:07 AM,4020,unresolved,observed,nmmt_schedule_8342
8342,24369,062 AC,3194,2907,01:27 AM,5220,unresolved,observed,nmmt_schedule_8342
8342,14805,062 AC,3194,2907,01:32 AM,5520,unresolved,observed,nmmt_schedule_8342
8342,24375,062 AC,3194,2907,01:52 AM,6720,unresolved,observed,nmmt_schedule_8342
8343,14784,062 AC,2907,3194,06:15 AM,22500,unresolved,observed,nmmt_schedule_8343
8343,24292,062 AC,2907,3194,06:20 AM,22800,unresolved,observed,nmmt_schedule_8343
8343,14789,062 AC,2907,3194,06:37 AM,23820,unresolved,observed,nmmt_schedule_8343
8343,24405,062 AC,2907,3194,06:40 AM,24000,unresolved,observed,nmmt_schedule_8343
8343,24298,062 AC,2907,3194,06:55 AM,24900,unresolved,observed,nmmt_schedule_8343
8343,14795,062 AC,2907,3194,07:05 AM,25500,unresolved,observed,nmmt_schedule_8343
8343,24411,062 AC,2907,3194,07:20 AM,26400,unresolved,observed,nmmt_schedule_8343
8343,14728,062 AC,2907,3194,07:30 AM,27000,unresolved,observed,nmmt_schedule_8343
8343,24304,062 AC,2907,3194,07:40 AM,27600,unresolved,observed,nmmt_schedule_8343
8343,14708,062 AC,2907,3194,07:55 AM,28500,unresolved,observed,nmmt_schedule_8343
8343,24310,062 AC,2907,3194,08:00 AM,28800,unresolved,observed,nmmt_schedule_8343
8343,14734,062 AC,2907,3194,08:20 AM,30000,unresolved,observed,nmmt_schedule_8343
8343,24322,062 AC,2907,3194,01:50 PM,49800,unresolved,observed,nmmt_schedule_8343
8343,14737,062 AC,2907,3194,01:55 PM,50100,unresolved,observed,nmmt_schedule_8343
8343,24328,062 AC,2907,3194,02:15 PM,51300,unresolved,observed,nmmt_schedule_8343
8343,14747,062 AC,2907,3194,02:25 PM,51900,unresolved,observed,nmmt_schedule_8343
8343,24334,062 AC,2907,3194,02:35 PM,52500,unresolved,observed,nmmt_schedule_8343
8343,14753,062 AC,2907,3194,02:55 PM,53700,unresolved,observed,nmmt_schedule_8343
8343,24340,062 AC,2907,3194,03:00 PM,54000,unresolved,observed,nmmt_schedule_8343
8343,14757,062 AC,2907,3194,03:25 PM,55500,unresolved,observed,nmmt_schedule_8343
8343,14764,062 AC,2907,3194,03:50 PM,57000,unresolved,observed,nmmt_schedule_8343
8343,14770,062 AC,2907,3194,04:15 PM,58500,unresolved,observed,nmmt_schedule_8343
8343,14804,062 AC,2907,3194,04:40 PM,60000,unresolved,observed,nmmt_schedule_8343
8343,14807,062 AC,2907,3194,05:05 PM,61500,unresolved,observed,nmmt_schedule_8343
8343,14812,062 AC,2907,3194,05:30 PM,63000,unresolved,observed,nmmt_schedule_8343
8343,14817,062 AC,2907,3194,05:55 PM,64500,unresolved,observed,nmmt_schedule_8343
8346,14345,020 AC,2908,2895,04:57 AM,17820,unresolved,observed,nmmt_schedule_8346
8346,14349,020 AC,2908,2895,05:28 AM,19680,unresolved,observed,nmmt_schedule_8346
8346,14352,020 AC,2908,2895,05:56 AM,21360,unresolved,observed,nmmt_schedule_8346
8346,14360,020 AC,2908,2895,06:23 AM,22980,unresolved,observed,nmmt_schedule_8346
8346,14366,020 AC,2908,2895,06:50 AM,24600,unresolved,observed,nmmt_schedule_8346
8346,14370,020 AC,2908,2895,07:17 AM,26220,unresolved,observed,nmmt_schedule_8346
8346,14378,020 AC,2908,2895,07:43 AM,27780,unresolved,observed,nmmt_schedule_8346
8346,14346,020 AC,2908,2895,08:10 AM,29400,unresolved,observed,nmmt_schedule_8346
8346,14351,020 AC,2908,2895,08:45 AM,31500,unresolved,observed,nmmt_schedule_8346
8346,14354,020 AC,2908,2895,09:20 AM,33600,unresolved,observed,nmmt_schedule_8346
8346,14358,020 AC,2908,2895,09:55 AM,35700,unresolved,observed,nmmt_schedule_8346
8346,14364,020 AC,2908,2895,10:30 AM,37800,unresolved,observed,nmmt_schedule_8346
8346,14371,020 AC,2908,2895,11:10 AM,40200,unresolved,observed,nmmt_schedule_8346
8346,14376,020 AC,2908,2895,11:50 AM,42600,unresolved,observed,nmmt_schedule_8346
8346,14382,020 AC,2908,2895,12:40 PM,45600,unresolved,observed,nmmt_schedule_8346
8346,14388,020 AC,2908,2895,01:45 PM,49500,unresolved,observed,nmmt_schedule_8346
8346,14394,020 AC,2908,2895,02:50 PM,53400,unresolved,observed,nmmt_schedule_8346
8346,14400,020 AC,2908,2895,03:35 PM,56100,unresolved,observed,nmmt_schedule_8346
8346,14384,020 AC,2908,2895,04:15 PM,58500,unresolved,observed,nmmt_schedule_8346
8346,14413,020 AC,2908,2895,04:50 PM,60600,unresolved,observed,nmmt_schedule_8346
8346,14390,020 AC,2908,2895,05:25 PM,62700,unresolved,observed,nmmt_schedule_8346
8346,14408,020 AC,2908,2895,05:53 PM,64380,unresolved,observed,nmmt_schedule_8346
8346,14396,020 AC,2908,2895,06:35 PM,66900,unresolved,observed,nmmt_schedule_8346
8346,14418,020 AC,2908,2895,07:10 PM,69000,unresolved,observed,nmmt_schedule_8346
8346,14402,020 AC,2908,2895,07:50 PM,71400,unresolved,observed,nmmt_schedule_8346
8346,25155,020 AC,2908,2895,08:00 PM,72000,unresolved,observed,nmmt_schedule_8346
8346,14415,020 AC,2908,2895,08:35 PM,74100,unresolved,observed,nmmt_schedule_8346
8346,25158,020 AC,2908,2895,08:43 PM,74580,unresolved,observed,nmmt_schedule_8346
8346,14410,020 AC,2908,2895,09:22 PM,76920,unresolved,observed,nmmt_schedule_8346
8346,25162,020 AC,2908,2895,09:30 PM,77400,unresolved,observed,nmmt_schedule_8346
8346,14420,020 AC,2908,2895,10:05 PM,79500,unresolved,observed,nmmt_schedule_8346
8347,14344,020 AC,2895,2908,06:05 AM,21900,unresolved,observed,nmmt_schedule_8347
8347,14350,020 AC,2895,2908,06:40 AM,24000,unresolved,observed,nmmt_schedule_8347
8347,14353,020 AC,2895,2908,07:11 AM,25860,unresolved,observed,nmmt_schedule_8347
8347,14361,020 AC,2895,2908,07:40 AM,27600,unresolved,observed,nmmt_schedule_8347
8347,14369,020 AC,2895,2908,08:10 AM,29400,unresolved,observed,nmmt_schedule_8347
8347,14373,020 AC,2895,2908,08:39 AM,31140,unresolved,observed,nmmt_schedule_8347
8347,14379,020 AC,2895,2908,09:06 AM,32760,unresolved,observed,nmmt_schedule_8347
8347,14347,020 AC,2895,2908,09:35 AM,34500,unresolved,observed,nmmt_schedule_8347
8347,14348,020 AC,2895,2908,10:10 AM,36600,unresolved,observed,nmmt_schedule_8347
8347,14355,020 AC,2895,2908,10:45 AM,38700,unresolved,observed,nmmt_schedule_8347
8347,14359,020 AC,2895,2908,11:22 AM,40920,unresolved,observed,nmmt_schedule_8347
8347,14365,020 AC,2895,2908,11:57 AM,43020,unresolved,observed,nmmt_schedule_8347
8347,14372,020 AC,2895,2908,12:37 PM,45420,unresolved,observed,nmmt_schedule_8347
8347,14377,020 AC,2895,2908,01:17 PM,47820,unresolved,observed,nmmt_schedule_8347
8347,14383,020 AC,2895,2908,02:05 PM,50700,unresolved,observed,nmmt_schedule_8347
8347,14389,020 AC,2895,2908,03:12 PM,54720,unresolved,observed,nmmt_schedule_8347
8347,14395,020 AC,2895,2908,04:17 PM,58620,unresolved,observed,nmmt_schedule_8347
8347,14401,020 AC,2895,2908,05:02 PM,61320,unresolved,observed,nmmt_schedule_8347
8347,14385,020 AC,2895,2908,05:45 PM,63900,unresolved,observed,nmmt_schedule_8347
8347,14414,020 AC,2895,2908,06:20 PM,66000,unresolved,observed,nmmt_schedule_8347
8347,14391,020 AC,2895,2908,06:55 PM,68100,unresolved,observed,nmmt_schedule_8347
8347,14409,020 AC,2895,2908,07:20 PM,69600,unresolved,observed,nmmt_schedule_8347
8347,14397,020 AC,2895,2908,08:05 PM,72300,unresolved,observed,nmmt_schedule_8347
8347,14419,020 AC,2895,2908,08:39 PM,74340,unresolved,observed,nmmt_schedule_8347
8347,14403,020 AC,2895,2908,09:20 PM,76800,unresolved,observed,nmmt_schedule_8347
8347,25154,020 AC,2895,2908,09:25 PM,77100,unresolved,observed,nmmt_schedule_8347
8347,14416,020 AC,2895,2908,10:05 PM,79500,unresolved,observed,nmmt_schedule_8347
8347,25159,020 AC,2895,2908,10:08 PM,79680,unresolved,observed,nmmt_schedule_8347
8347,14411,020 AC,2895,2908,10:50 PM,82200,unresolved,observed,nmmt_schedule_8347
8347,25163,020 AC,2895,2908,10:55 PM,82500,unresolved,observed,nmmt_schedule_8347
8347,23060,020 AC,2895,2908,11:20 PM,84000,unresolved,observed,nmmt_schedule_8347
8358,21141,002,2908,3173,06:25 AM,23100,unresolved,observed,nmmt_schedule_8358
8359,21143,002,3173,2908,01:15 PM,47700,unresolved,observed,nmmt_schedule_8359
8359,21173,002,3173,2908,07:40 PM,70800,unresolved,observed,nmmt_schedule_8359
8396,12465,018 AC,2908,3996,04:30 AM,16200,unresolved,observed,nmmt_schedule_8396
8396,12469,018 AC,2908,3996,04:50 AM,17400,unresolved,observed,nmmt_schedule_8396
8396,18921,018 AC,2908,3996,04:55 AM,17700,unresolved,observed,nmmt_schedule_8396
8396,12473,018 AC,2908,3996,05:12 AM,18720,unresolved,observed,nmmt_schedule_8396
8396,18924,018 AC,2908,3996,05:22 AM,19320,unresolved,observed,nmmt_schedule_8396
8396,12478,018 AC,2908,3996,05:33 AM,19980,unresolved,observed,nmmt_schedule_8396
8396,18928,018 AC,2908,3996,05:50 AM,21000,unresolved,observed,nmmt_schedule_8396
8396,12481,018 AC,2908,3996,05:54 AM,21240,unresolved,observed,nmmt_schedule_8396
8396,12485,018 AC,2908,3996,06:15 AM,22500,unresolved,observed,nmmt_schedule_8396
8396,18933,018 AC,2908,3996,06:20 AM,22800,unresolved,observed,nmmt_schedule_8396
8396,12489,018 AC,2908,3996,06:35 AM,23700,unresolved,observed,nmmt_schedule_8396
8396,18936,018 AC,2908,3996,06:43 AM,24180,unresolved,observed,nmmt_schedule_8396
8396,12457,018 AC,2908,3996,06:55 AM,24900,unresolved,observed,nmmt_schedule_8396
8396,18941,018 AC,2908,3996,07:10 AM,25800,unresolved,observed,nmmt_schedule_8396
8396,12461,018 AC,2908,3996,07:15 AM,26100,unresolved,observed,nmmt_schedule_8396
8396,12493,018 AC,2908,3996,07:35 AM,27300,unresolved,observed,nmmt_schedule_8396
8396,12498,018 AC,2908,3996,07:55 AM,28500,unresolved,observed,nmmt_schedule_8396
8396,18948,018 AC,2908,3996,08:05 AM,29100,unresolved,observed,nmmt_schedule_8396
8396,12502,018 AC,2908,3996,08:15 AM,29700,unresolved,observed,nmmt_schedule_8396
8396,12467,018 AC,2908,3996,08:35 AM,30900,unresolved,observed,nmmt_schedule_8396
8396,12471,018 AC,2908,3996,08:57 AM,32220,unresolved,observed,nmmt_schedule_8396
8396,18922,018 AC,2908,3996,09:03 AM,32580,unresolved,observed,nmmt_schedule_8396
8396,12475,018 AC,2908,3996,09:20 AM,33600,unresolved,observed,nmmt_schedule_8396
8396,18925,018 AC,2908,3996,09:33 AM,34380,unresolved,observed,nmmt_schedule_8396
8396,12480,018 AC,2908,3996,09:43 AM,34980,unresolved,observed,nmmt_schedule_8396
8396,18931,018 AC,2908,3996,10:05 AM,36300,unresolved,observed,nmmt_schedule_8396
8396,12484,018 AC,2908,3996,10:06 AM,36360,unresolved,observed,nmmt_schedule_8396
8396,12488,018 AC,2908,3996,10:29 AM,37740,unresolved,observed,nmmt_schedule_8396
8396,18932,018 AC,2908,3996,10:45 AM,38700,unresolved,observed,nmmt_schedule_8396
8396,12492,018 AC,2908,3996,10:55 AM,39300,unresolved,observed,nmmt_schedule_8396
8396,18938,018 AC,2908,3996,11:15 AM,40500,unresolved,observed,nmmt_schedule_8396
8396,12460,018 AC,2908,3996,11:18 AM,40680,unresolved,observed,nmmt_schedule_8396
8396,18940,018 AC,2908,3996,11:45 AM,42300,unresolved,observed,nmmt_schedule_8396
8396,12495,018 AC,2908,3996,12:10 PM,43800,unresolved,observed,nmmt_schedule_8396
8396,18947,018 AC,2908,3996,12:18 PM,44280,unresolved,observed,nmmt_schedule_8396
8396,12500,018 AC,2908,3996,12:40 PM,45600,unresolved,observed,nmmt_schedule_8396
8396,18950,018 AC,2908,3996,12:58 PM,46680,unresolved,observed,nmmt_schedule_8396
8396,12501,018 AC,2908,3996,01:00 PM,46800,unresolved,observed,nmmt_schedule_8396
8396,18952,018 AC,2908,3996,01:45 PM,49500,unresolved,observed,nmmt_schedule_8396
8396,12505,018 AC,2908,3996,01:50 PM,49800,unresolved,observed,nmmt_schedule_8396
8396,12509,018 AC,2908,3996,02:12 PM,51120,unresolved,observed,nmmt_schedule_8396
8396,18959,018 AC,2908,3996,02:20 PM,51600,unresolved,observed,nmmt_schedule_8396
8396,12513,018 AC,2908,3996,02:35 PM,52500,unresolved,observed,nmmt_schedule_8396
8396,18960,018 AC,2908,3996,02:50 PM,53400,unresolved,observed,nmmt_schedule_8396
8396,12517,018 AC,2908,3996,02:58 PM,53880,unresolved,observed,nmmt_schedule_8396
8396,18965,018 AC,2908,3996,03:18 PM,55080,unresolved,observed,nmmt_schedule_8396
8396,12521,018 AC,2908,3996,03:22 PM,55320,unresolved,observed,nmmt_schedule_8396
8396,12526,018 AC,2908,3996,03:44 PM,56640,unresolved,observed,nmmt_schedule_8396
8396,18968,018 AC,2908,3996,03:55 PM,57300,unresolved,observed,nmmt_schedule_8396
8396,12531,018 AC,2908,3996,04:10 PM,58200,unresolved,observed,nmmt_schedule_8396
8396,18901,018 AC,2908,3996,04:30 PM,59400,unresolved,observed,nmmt_schedule_8396
8396,12533,018 AC,2908,3996,04:35 PM,59700,unresolved,observed,nmmt_schedule_8396
8396,12539,018 AC,2908,3996,05:00 PM,61200,unresolved,observed,nmmt_schedule_8396
8396,12541,018 AC,2908,3996,05:25 PM,62700,unresolved,observed,nmmt_schedule_8396
8396,18908,018 AC,2908,3996,05:33 PM,63180,unresolved,observed,nmmt_schedule_8396
8396,12545,018 AC,2908,3996,05:55 PM,64500,unresolved,observed,nmmt_schedule_8396
8396,18914,018 AC,2908,3996,06:00 PM,64800,unresolved,observed,nmmt_schedule_8396
8396,12549,018 AC,2908,3996,06:20 PM,66000,unresolved,observed,nmmt_schedule_8396
8396,18953,018 AC,2908,3996,06:26 PM,66360,unresolved,observed,nmmt_schedule_8396
8396,12508,018 AC,2908,3996,06:40 PM,67200,unresolved,observed,nmmt_schedule_8396
8396,18957,018 AC,2908,3996,06:49 PM,67740,unresolved,observed,nmmt_schedule_8396
8396,12512,018 AC,2908,3996,07:00 PM,68400,unresolved,observed,nmmt_schedule_8396
8396,18962,018 AC,2908,3996,07:08 PM,68880,unresolved,observed,nmmt_schedule_8396
8396,12516,018 AC,2908,3996,07:20 PM,69600,unresolved,observed,nmmt_schedule_8396
8396,12520,018 AC,2908,3996,07:40 PM,70800,unresolved,observed,nmmt_schedule_8396
8396,18967,018 AC,2908,3996,07:42 PM,70920,unresolved,observed,nmmt_schedule_8396
8396,12524,018 AC,2908,3996,08:00 PM,72000,unresolved,observed,nmmt_schedule_8396
8396,18970,018 AC,2908,3996,08:13 PM,72780,unresolved,observed,nmmt_schedule_8396
8396,12527,018 AC,2908,3996,08:21 PM,73260,unresolved,observed,nmmt_schedule_8396
8396,12529,018 AC,2908,3996,08:42 PM,74520,unresolved,observed,nmmt_schedule_8396
8396,18903,018 AC,2908,3996,08:45 PM,74700,unresolved,observed,nmmt_schedule_8396
8396,12535,018 AC,2908,3996,09:03 PM,75780,unresolved,observed,nmmt_schedule_8396
8396,18905,018 AC,2908,3996,09:13 PM,76380,unresolved,observed,nmmt_schedule_8396
8396,12540,018 AC,2908,3996,09:25 PM,77100,unresolved,observed,nmmt_schedule_8396
8396,18910,018 AC,2908,3996,09:48 PM,78480,unresolved,observed,nmmt_schedule_8396
8396,12544,018 AC,2908,3996,09:50 PM,78600,unresolved,observed,nmmt_schedule_8396
8396,12548,018 AC,2908,3996,10:15 PM,80100,unresolved,observed,nmmt_schedule_8396
8396,9946,018 AC,2908,3996,04:30 AM,16200,unresolved,observed,nmmt_schedule_8396
8396,9950,018 AC,2908,3996,04:55 AM,17700,unresolved,observed,nmmt_schedule_8396
8396,9954,018 AC,2908,3996,05:22 AM,19320,unresolved,observed,nmmt_schedule_8396
8396,9958,018 AC,2908,3996,05:50 AM,21000,unresolved,observed,nmmt_schedule_8396
8396,9962,018 AC,2908,3996,06:20 AM,22800,unresolved,observed,nmmt_schedule_8396
8396,9966,018 AC,2908,3996,06:43 AM,24180,unresolved,observed,nmmt_schedule_8396
8396,9970,018 AC,2908,3996,07:10 AM,25800,unresolved,observed,nmmt_schedule_8396
8396,9974,018 AC,2908,3996,07:35 AM,27300,unresolved,observed,nmmt_schedule_8396
8396,9978,018 AC,2908,3996,08:05 AM,29100,unresolved,observed,nmmt_schedule_8396
8396,9948,018 AC,2908,3996,08:35 AM,30900,unresolved,observed,nmmt_schedule_8396
8396,9952,018 AC,2908,3996,09:03 AM,32580,unresolved,observed,nmmt_schedule_8396
8396,9956,018 AC,2908,3996,09:33 AM,34380,unresolved,observed,nmmt_schedule_8396
8396,9960,018 AC,2908,3996,10:05 AM,36300,unresolved,observed,nmmt_schedule_8396
8396,9964,018 AC,2908,3996,10:45 AM,38700,unresolved,observed,nmmt_schedule_8396
8396,9968,018 AC,2908,3996,11:15 AM,40500,unresolved,observed,nmmt_schedule_8396
8396,9972,018 AC,2908,3996,11:45 AM,42300,unresolved,observed,nmmt_schedule_8396
8396,9976,018 AC,2908,3996,12:18 PM,44280,unresolved,observed,nmmt_schedule_8396
8396,9980,018 AC,2908,3996,12:58 PM,46680,unresolved,observed,nmmt_schedule_8396
8396,9982,018 AC,2908,3996,01:45 PM,49500,unresolved,observed,nmmt_schedule_8396
8396,9984,018 AC,2908,3996,06:26 PM,66360,unresolved,observed,nmmt_schedule_8396
8397,12466,018 AC,3996,2908,06:00 AM,21600,unresolved,observed,nmmt_schedule_8397
8397,12470,018 AC,3996,2908,06:20 AM,22800,unresolved,observed,nmmt_schedule_8397
8397,18920,018 AC,3996,2908,06:25 AM,23100,unresolved,observed,nmmt_schedule_8397
8397,12474,018 AC,3996,2908,06:47 AM,24420,unresolved,observed,nmmt_schedule_8397
8397,18926,018 AC,3996,2908,07:00 AM,25200,unresolved,observed,nmmt_schedule_8397
8397,12479,018 AC,3996,2908,07:08 AM,25680,unresolved,observed,nmmt_schedule_8397
8397,18930,018 AC,3996,2908,07:28 AM,26880,unresolved,observed,nmmt_schedule_8397
8397,12482,018 AC,3996,2908,07:32 AM,27120,unresolved,observed,nmmt_schedule_8397
8397,12486,018 AC,3996,2908,07:55 AM,28500,unresolved,observed,nmmt_schedule_8397
8397,18934,018 AC,3996,2908,08:00 AM,28800,unresolved,observed,nmmt_schedule_8397
8397,12490,018 AC,3996,2908,08:20 AM,30000,unresolved,observed,nmmt_schedule_8397
8397,18937,018 AC,3996,2908,08:30 AM,30600,unresolved,observed,nmmt_schedule_8397
8397,12458,018 AC,3996,2908,08:40 AM,31200,unresolved,observed,nmmt_schedule_8397
8397,12462,018 AC,3996,2908,09:00 AM,32400,unresolved,observed,nmmt_schedule_8397
8397,18942,018 AC,3996,2908,09:02 AM,32520,unresolved,observed,nmmt_schedule_8397
8397,12494,018 AC,3996,2908,09:20 AM,33600,unresolved,observed,nmmt_schedule_8397
8397,18945,018 AC,3996,2908,09:28 AM,34080,unresolved,observed,nmmt_schedule_8397
8397,12497,018 AC,3996,2908,09:45 AM,35100,unresolved,observed,nmmt_schedule_8397
8397,18949,018 AC,3996,2908,10:00 AM,36000,unresolved,observed,nmmt_schedule_8397
8397,12503,018 AC,3996,2908,10:10 AM,36600,unresolved,observed,nmmt_schedule_8397
8397,12468,018 AC,3996,2908,10:30 AM,37800,unresolved,observed,nmmt_schedule_8397
8397,12472,018 AC,3996,2908,10:52 AM,39120,unresolved,observed,nmmt_schedule_8397
8397,18923,018 AC,3996,2908,11:00 AM,39600,unresolved,observed,nmmt_schedule_8397
8397,12476,018 AC,3996,2908,11:15 AM,40500,unresolved,observed,nmmt_schedule_8397
8397,18927,018 AC,3996,2908,11:30 AM,41400,unresolved,observed,nmmt_schedule_8397
8397,12477,018 AC,3996,2908,11:38 AM,41880,unresolved,observed,nmmt_schedule_8397
8397,18929,018 AC,3996,2908,12:00 PM,43200,unresolved,observed,nmmt_schedule_8397
8397,12483,018 AC,3996,2908,12:01 PM,43260,unresolved,observed,nmmt_schedule_8397
8397,12487,018 AC,3996,2908,12:24 PM,44640,unresolved,observed,nmmt_schedule_8397
8397,18935,018 AC,3996,2908,12:38 PM,45480,unresolved,observed,nmmt_schedule_8397
8397,12491,018 AC,3996,2908,12:50 PM,46200,unresolved,observed,nmmt_schedule_8397
8397,18939,018 AC,3996,2908,01:12 PM,47520,unresolved,observed,nmmt_schedule_8397
8397,12459,018 AC,3996,2908,01:15 PM,47700,unresolved,observed,nmmt_schedule_8397
8397,12464,018 AC,3996,2908,01:40 PM,49200,unresolved,observed,nmmt_schedule_8397
8397,18943,018 AC,3996,2908,01:42 PM,49320,unresolved,observed,nmmt_schedule_8397
8397,12496,018 AC,3996,2908,02:05 PM,50700,unresolved,observed,nmmt_schedule_8397
8397,18946,018 AC,3996,2908,02:13 PM,51180,unresolved,observed,nmmt_schedule_8397
8397,12499,018 AC,3996,2908,02:35 PM,52500,unresolved,observed,nmmt_schedule_8397
8397,18951,018 AC,3996,2908,02:47 PM,53220,unresolved,observed,nmmt_schedule_8397
8397,12504,018 AC,3996,2908,03:05 PM,54300,unresolved,observed,nmmt_schedule_8397
8397,18954,018 AC,3996,2908,03:38 PM,56280,unresolved,observed,nmmt_schedule_8397
8397,12506,018 AC,3996,2908,03:43 PM,56580,unresolved,observed,nmmt_schedule_8397
8397,12510,018 AC,3996,2908,04:05 PM,57900,unresolved,observed,nmmt_schedule_8397
8397,18956,018 AC,3996,2908,04:13 PM,58380,unresolved,observed,nmmt_schedule_8397
8397,12514,018 AC,3996,2908,04:27 PM,59220,unresolved,observed,nmmt_schedule_8397
8397,18961,018 AC,3996,2908,04:42 PM,60120,unresolved,observed,nmmt_schedule_8397
8397,12518,018 AC,3996,2908,04:51 PM,60660,unresolved,observed,nmmt_schedule_8397
8397,18966,018 AC,3996,2908,05:13 PM,61980,unresolved,observed,nmmt_schedule_8397
8397,12522,018 AC,3996,2908,05:15 PM,62100,unresolved,observed,nmmt_schedule_8397
8397,12525,018 AC,3996,2908,05:37 PM,63420,unresolved,observed,nmmt_schedule_8397
8397,18969,018 AC,3996,2908,05:48 PM,64080,unresolved,observed,nmmt_schedule_8397
8397,12532,018 AC,3996,2908,06:05 PM,65100,unresolved,observed,nmmt_schedule_8397
8397,18902,018 AC,3996,2908,06:25 PM,66300,unresolved,observed,nmmt_schedule_8397
8397,12534,018 AC,3996,2908,06:30 PM,66600,unresolved,observed,nmmt_schedule_8397
8397,12537,018 AC,3996,2908,06:55 PM,68100,unresolved,observed,nmmt_schedule_8397
8397,18907,018 AC,3996,2908,06:56 PM,68160,unresolved,observed,nmmt_schedule_8397
8397,12542,018 AC,3996,2908,07:20 PM,69600,unresolved,observed,nmmt_schedule_8397
8397,18909,018 AC,3996,2908,07:28 PM,70080,unresolved,observed,nmmt_schedule_8397
8397,12546,018 AC,3996,2908,07:50 PM,71400,unresolved,observed,nmmt_schedule_8397
8397,18915,018 AC,3996,2908,07:55 PM,71700,unresolved,observed,nmmt_schedule_8397
8397,12550,018 AC,3996,2908,08:15 PM,72900,unresolved,observed,nmmt_schedule_8397
8397,18955,018 AC,3996,2908,08:21 PM,73260,unresolved,observed,nmmt_schedule_8397
8397,12507,018 AC,3996,2908,08:35 PM,74100,unresolved,observed,nmmt_schedule_8397
8397,18958,018 AC,3996,2908,08:41 PM,74460,unresolved,observed,nmmt_schedule_8397
8397,12511,018 AC,3996,2908,08:55 PM,75300,unresolved,observed,nmmt_schedule_8397
8397,18963,018 AC,3996,2908,09:03 PM,75780,unresolved,observed,nmmt_schedule_8397
8397,12515,018 AC,3996,2908,09:15 PM,76500,unresolved,observed,nmmt_schedule_8397
8397,12519,018 AC,3996,2908,09:35 PM,77700,unresolved,observed,nmmt_schedule_8397
8397,12523,018 AC,3996,2908,09:53 PM,78780,unresolved,observed,nmmt_schedule_8397
8397,18971,018 AC,3996,2908,10:05 PM,79500,unresolved,observed,nmmt_schedule_8397
8397,12528,018 AC,3996,2908,10:13 PM,79980,unresolved,observed,nmmt_schedule_8397
8397,12530,018 AC,3996,2908,10:34 PM,81240,unresolved,observed,nmmt_schedule_8397
8397,18900,018 AC,3996,2908,10:36 PM,81360,unresolved,observed,nmmt_schedule_8397
8397,12536,018 AC,3996,2908,10:53 PM,82380,unresolved,observed,nmmt_schedule_8397
8397,18904,018 AC,3996,2908,11:05 PM,83100,unresolved,observed,nmmt_schedule_8397
8397,12538,018 AC,3996,2908,11:15 PM,83700,unresolved,observed,nmmt_schedule_8397
8397,18911,018 AC,3996,2908,11:38 PM,85080,unresolved,observed,nmmt_schedule_8397
8397,12543,018 AC,3996,2908,11:40 PM,85200,unresolved,observed,nmmt_schedule_8397
8397,12547,018 AC,3996,2908,11:57 PM,86220,unresolved,observed,nmmt_schedule_8397
8397,9947,018 AC,3996,2908,06:00 AM,21600,unresolved,observed,nmmt_schedule_8397
8397,9951,018 AC,3996,2908,06:25 AM,23100,unresolved,observed,nmmt_schedule_8397
8397,9955,018 AC,3996,2908,07:00 AM,25200,unresolved,observed,nmmt_schedule_8397
8397,9959,018 AC,3996,2908,07:28 AM,26880,unresolved,observed,nmmt_schedule_8397
8397,9963,018 AC,3996,2908,08:00 AM,28800,unresolved,observed,nmmt_schedule_8397
8397,9967,018 AC,3996,2908,08:30 AM,30600,unresolved,observed,nmmt_schedule_8397
8397,9971,018 AC,3996,2908,09:02 AM,32520,unresolved,observed,nmmt_schedule_8397
8397,9975,018 AC,3996,2908,09:28 AM,34080,unresolved,observed,nmmt_schedule_8397
8397,9979,018 AC,3996,2908,10:00 AM,36000,unresolved,observed,nmmt_schedule_8397
8397,9949,018 AC,3996,2908,10:30 AM,37800,unresolved,observed,nmmt_schedule_8397
8397,9953,018 AC,3996,2908,11:00 AM,39600,unresolved,observed,nmmt_schedule_8397
8397,9957,018 AC,3996,2908,11:30 AM,41400,unresolved,observed,nmmt_schedule_8397
8397,9961,018 AC,3996,2908,12:00 PM,43200,unresolved,observed,nmmt_schedule_8397
8397,9965,018 AC,3996,2908,12:38 PM,45480,unresolved,observed,nmmt_schedule_8397
8397,9969,018 AC,3996,2908,01:12 PM,47520,unresolved,observed,nmmt_schedule_8397
8397,9973,018 AC,3996,2908,01:42 PM,49320,unresolved,observed,nmmt_schedule_8397
8397,9977,018 AC,3996,2908,02:13 PM,51180,unresolved,observed,nmmt_schedule_8397
8397,9981,018 AC,3996,2908,02:47 PM,53220,unresolved,observed,nmmt_schedule_8397
8397,9983,018 AC,3996,2908,03:38 PM,56280,unresolved,observed,nmmt_schedule_8397
8397,9985,018 AC,3996,2908,08:21 PM,73260,unresolved,observed,nmmt_schedule_8397
8400,17406,021 AC,2907,3122,01:30 PM,48600,unresolved,observed,nmmt_schedule_8400
8400,14271,021 AC,2907,3122,02:25 PM,51900,unresolved,observed,nmmt_schedule_8400
8404,14980,060 AC,2907,3194,10:45 PM,81900,unresolved,observed,nmmt_schedule_8404
8426,15407,086,2945,4773,11:10 AM,40200,unresolved,observed,nmmt_schedule_8426
8426,15412,086,2945,4773,12:35 PM,45300,unresolved,observed,nmmt_schedule_8426
8426,15418,086,2945,4773,08:05 PM,72300,unresolved,observed,nmmt_schedule_8426
8426,15424,086,2945,4773,09:30 PM,77400,unresolved,observed,nmmt_schedule_8426
8427,15402,086,2908,4773,06:05 AM,21900,unresolved,observed,nmmt_schedule_8427
8427,15408,086,2908,4773,07:30 AM,27000,unresolved,observed,nmmt_schedule_8427
8428,15419,086,4773,2908,09:00 PM,75600,unresolved,observed,nmmt_schedule_8428
8428,15425,086,4773,2908,10:25 PM,80700,unresolved,observed,nmmt_schedule_8428
8429,15405,086,4773,2945,09:33 AM,34380,unresolved,observed,nmmt_schedule_8429
8429,15411,086,4773,2945,11:00 AM,39600,unresolved,observed,nmmt_schedule_8429
8429,15417,086,4773,2945,07:10 PM,69000,unresolved,observed,nmmt_schedule_8429
8429,15423,086,4773,2945,08:35 PM,74100,unresolved,observed,nmmt_schedule_8429
8432,24187,058,4906,3323,06:00 AM,21600,unresolved,observed,nmmt_schedule_8432
8432,24191,058,4906,3323,06:30 AM,23400,unresolved,observed,nmmt_schedule_8432
8432,19180,058,4906,3323,07:20 AM,26400,unresolved,observed,nmmt_schedule_8432
8432,24207,058,4906,3323,07:25 AM,26700,unresolved,observed,nmmt_schedule_8432
8432,19181,058,4906,3323,07:40 AM,27600,unresolved,observed,nmmt_schedule_8432
8432,24212,058,4906,3323,07:55 AM,28500,unresolved,observed,nmmt_schedule_8432
8432,19220,058,4906,3323,08:00 AM,28800,unresolved,observed,nmmt_schedule_8432
8432,19227,058,4906,3323,08:20 AM,30000,unresolved,observed,nmmt_schedule_8432
8432,24217,058,4906,3323,08:25 AM,30300,unresolved,observed,nmmt_schedule_8432
8432,19192,058,4906,3323,08:40 AM,31200,unresolved,observed,nmmt_schedule_8432
8432,24223,058,4906,3323,08:45 AM,31500,unresolved,observed,nmmt_schedule_8432
8432,19228,058,4906,3323,09:00 AM,32400,unresolved,observed,nmmt_schedule_8432
8432,24229,058,4906,3323,09:15 AM,33300,unresolved,observed,nmmt_schedule_8432
8432,19195,058,4906,3323,09:25 AM,33900,unresolved,observed,nmmt_schedule_8432
8432,24234,058,4906,3323,09:45 AM,35100,unresolved,observed,nmmt_schedule_8432
8432,19235,058,4906,3323,09:50 AM,35400,unresolved,observed,nmmt_schedule_8432
8432,19242,058,4906,3323,10:15 AM,36900,unresolved,observed,nmmt_schedule_8432
8432,19244,058,4906,3323,10:50 AM,39000,unresolved,observed,nmmt_schedule_8432
8432,19178,058,4906,3323,11:20 AM,40800,unresolved,observed,nmmt_schedule_8432
8432,24206,058,4906,3323,11:30 AM,41400,unresolved,observed,nmmt_schedule_8432
8432,19183,058,4906,3323,11:50 AM,42600,unresolved,observed,nmmt_schedule_8432
8432,24208,058,4906,3323,12:00 PM,43200,unresolved,observed,nmmt_schedule_8432
8432,19219,058,4906,3323,12:15 PM,44100,unresolved,observed,nmmt_schedule_8432
8432,24215,058,4906,3323,12:30 PM,45000,unresolved,observed,nmmt_schedule_8432
8432,19225,058,4906,3323,12:35 PM,45300,unresolved,observed,nmmt_schedule_8432
8432,24222,058,4906,3323,12:55 PM,46500,unresolved,observed,nmmt_schedule_8432
8432,19230,058,4906,3323,01:15 PM,47700,unresolved,observed,nmmt_schedule_8432
8432,24224,058,4906,3323,01:25 PM,48300,unresolved,observed,nmmt_schedule_8432
8432,19197,058,4906,3323,01:40 PM,49200,unresolved,observed,nmmt_schedule_8432
8432,24233,058,4906,3323,01:55 PM,50100,unresolved,observed,nmmt_schedule_8432
8432,19237,058,4906,3323,02:05 PM,50700,unresolved,observed,nmmt_schedule_8432
8432,24238,058,4906,3323,02:25 PM,51900,unresolved,observed,nmmt_schedule_8432
8432,24245,058,4906,3323,02:55 PM,53700,unresolved,observed,nmmt_schedule_8432
8432,19246,058,4906,3323,03:00 PM,54000,unresolved,observed,nmmt_schedule_8432
8432,19251,058,4906,3323,03:50 PM,57000,unresolved,observed,nmmt_schedule_8432
8432,24248,058,4906,3323,03:55 PM,57300,unresolved,observed,nmmt_schedule_8432
8432,19253,058,4906,3323,04:20 PM,58800,unresolved,observed,nmmt_schedule_8432
8432,24254,058,4906,3323,04:25 PM,59100,unresolved,observed,nmmt_schedule_8432
8432,19259,058,4906,3323,04:50 PM,60600,unresolved,observed,nmmt_schedule_8432
8432,24262,058,4906,3323,04:55 PM,60900,unresolved,observed,nmmt_schedule_8432
8432,19265,058,4906,3323,05:15 PM,62100,unresolved,observed,nmmt_schedule_8432
8432,24267,058,4906,3323,05:20 PM,62400,unresolved,observed,nmmt_schedule_8432
8432,19268,058,4906,3323,05:40 PM,63600,unresolved,observed,nmmt_schedule_8432
8432,24273,058,4906,3323,05:55 PM,64500,unresolved,observed,nmmt_schedule_8432
8432,24274,058,4906,3323,06:25 PM,66300,unresolved,observed,nmmt_schedule_8432
8432,19186,058,4906,3323,06:45 PM,67500,unresolved,observed,nmmt_schedule_8432
8432,24183,058,4906,3323,06:55 PM,68100,unresolved,observed,nmmt_schedule_8432
8432,19203,058,4906,3323,07:05 PM,68700,unresolved,observed,nmmt_schedule_8432
8432,24194,058,4906,3323,07:35 PM,70500,unresolved,observed,nmmt_schedule_8432
8432,19210,058,4906,3323,07:40 PM,70800,unresolved,observed,nmmt_schedule_8432
8432,24253,058,4906,3323,08:15 PM,72900,unresolved,observed,nmmt_schedule_8432
8432,24258,058,4906,3323,08:45 PM,74700,unresolved,observed,nmmt_schedule_8432
8432,24264,058,4906,3323,09:20 PM,76800,unresolved,observed,nmmt_schedule_8432
8432,24202,058,4906,3323,05:30 AM,19800,unresolved,observed,nmmt_schedule_8432
8432,24279,058,4906,3323,07:00 AM,25200,unresolved,observed,nmmt_schedule_8432
8432,19275,058,4906,3323,06:05 PM,65100,unresolved,observed,nmmt_schedule_8432
8432,19278,058,4906,3323,06:25 PM,66300,unresolved,observed,nmmt_schedule_8432
8447,24213,058,2907,3323,06:05 AM,21900,unresolved,observed,nmmt_schedule_8447
8447,24227,058,2907,3323,06:55 AM,24900,unresolved,observed,nmmt_schedule_8447
8447,24232,058,2907,3323,07:25 AM,26700,unresolved,observed,nmmt_schedule_8447
8447,19250,058,2907,3323,01:40 PM,49200,unresolved,observed,nmmt_schedule_8447
8447,24249,058,2907,3323,01:50 PM,49800,unresolved,observed,nmmt_schedule_8447
8447,19256,058,2907,3323,02:10 PM,51000,unresolved,observed,nmmt_schedule_8447
8447,24255,058,2907,3323,02:20 PM,51600,unresolved,observed,nmmt_schedule_8447
8447,24260,058,2907,3323,02:50 PM,53400,unresolved,observed,nmmt_schedule_8447
8447,19266,058,2907,3323,03:05 PM,54300,unresolved,observed,nmmt_schedule_8447
8447,24268,058,2907,3323,03:15 PM,54900,unresolved,observed,nmmt_schedule_8447
8447,19269,058,2907,3323,03:30 PM,55800,unresolved,observed,nmmt_schedule_8447
8447,24272,058,2907,3323,03:45 PM,56700,unresolved,observed,nmmt_schedule_8447
8447,19273,058,2907,3323,03:50 PM,57000,unresolved,observed,nmmt_schedule_8447
8447,19276,058,2907,3323,04:10 PM,58200,unresolved,observed,nmmt_schedule_8447
8447,24275,058,2907,3323,04:15 PM,58500,unresolved,observed,nmmt_schedule_8447
8447,19188,058,2907,3323,04:30 PM,59400,unresolved,observed,nmmt_schedule_8447
8447,24182,058,2907,3323,04:45 PM,60300,unresolved,observed,nmmt_schedule_8447
8447,19201,058,2907,3323,04:50 PM,60600,unresolved,observed,nmmt_schedule_8447
8447,24193,058,2907,3323,05:15 PM,62100,unresolved,observed,nmmt_schedule_8447
8447,19209,058,2907,3323,05:25 PM,62700,unresolved,observed,nmmt_schedule_8447
8447,19261,058,2907,3323,02:40 PM,52800,unresolved,observed,nmmt_schedule_8447
8448,24186,058,3323,2907,07:30 AM,27000,unresolved,observed,nmmt_schedule_8448
8448,24189,058,3323,2907,08:00 AM,28800,unresolved,observed,nmmt_schedule_8448
8448,19176,058,3323,2907,01:07 PM,47220,unresolved,observed,nmmt_schedule_8448
8448,24204,058,3323,2907,01:17 PM,47820,unresolved,observed,nmmt_schedule_8448
8448,19182,058,3323,2907,01:37 PM,49020,unresolved,observed,nmmt_schedule_8448
8448,24211,058,3323,2907,01:47 PM,49620,unresolved,observed,nmmt_schedule_8448
8448,19218,058,3323,2907,02:02 PM,50520,unresolved,observed,nmmt_schedule_8448
8448,24214,058,3323,2907,02:17 PM,51420,unresolved,observed,nmmt_schedule_8448
8448,19223,058,3323,2907,02:27 PM,52020,unresolved,observed,nmmt_schedule_8448
8448,24219,058,3323,2907,02:42 PM,52920,unresolved,observed,nmmt_schedule_8448
8448,19189,058,3323,2907,02:47 PM,53220,unresolved,observed,nmmt_schedule_8448
8448,19229,058,3323,2907,03:07 PM,54420,unresolved,observed,nmmt_schedule_8448
8448,24226,058,3323,2907,03:12 PM,54720,unresolved,observed,nmmt_schedule_8448
8448,19194,058,3323,2907,03:32 PM,55920,unresolved,observed,nmmt_schedule_8448
8448,24231,058,3323,2907,03:42 PM,56520,unresolved,observed,nmmt_schedule_8448
8448,19233,058,3323,2907,03:57 PM,57420,unresolved,observed,nmmt_schedule_8448
8448,24237,058,3323,2907,04:12 PM,58320,unresolved,observed,nmmt_schedule_8448
8448,19239,058,3323,2907,04:17 PM,58620,unresolved,observed,nmmt_schedule_8448
8448,24246,058,3323,2907,04:42 PM,60120,unresolved,observed,nmmt_schedule_8448
8448,19243,058,3323,2907,04:52 PM,60720,unresolved,observed,nmmt_schedule_8448
8448,24269,058,3323,2907,08:00 PM,72000,unresolved,observed,nmmt_schedule_8448
8448,24270,058,3323,2907,08:35 PM,74100,unresolved,observed,nmmt_schedule_8448
8448,24185,058,3323,2907,09:40 PM,78000,unresolved,observed,nmmt_schedule_8448
8448,24252,058,3323,2907,10:22 PM,80520,unresolved,observed,nmmt_schedule_8448
8448,24259,058,3323,2907,10:45 PM,81900,unresolved,observed,nmmt_schedule_8448
8448,24265,058,3323,2907,11:15 PM,83700,unresolved,observed,nmmt_schedule_8448
8448,24200,058,3323,2907,07:02 AM,25320,unresolved,observed,nmmt_schedule_8448
8448,24280,058,3323,2907,08:30 AM,30600,unresolved,observed,nmmt_schedule_8448
8451,15389,084 AC,2907,3194,03:30 PM,55800,unresolved,observed,nmmt_schedule_8451
8451,15398,084 AC,2907,3194,04:40 PM,60000,unresolved,observed,nmmt_schedule_8451
8454,15374,084 AC,3194,3734,08:33 AM,30780,unresolved,observed,nmmt_schedule_8454
8454,15387,084 AC,3194,3734,09:43 AM,34980,unresolved,observed,nmmt_schedule_8454
8454,15376,084 AC,3194,3734,11:30 AM,41400,unresolved,observed,nmmt_schedule_8454
8454,15382,084 AC,3194,3734,12:40 PM,45600,unresolved,observed,nmmt_schedule_8454
8454,15390,084 AC,3194,3734,03:45 PM,56700,unresolved,observed,nmmt_schedule_8454
8454,15395,084 AC,3194,3734,04:55 PM,60900,unresolved,observed,nmmt_schedule_8454
8454,15393,084 AC,3194,3734,07:00 PM,68400,unresolved,observed,nmmt_schedule_8454
8454,15400,084 AC,3194,3734,08:15 PM,72900,unresolved,observed,nmmt_schedule_8454
8455,15380,084 AC,3734,3194,07:20 AM,26400,unresolved,observed,nmmt_schedule_8455
8455,15386,084 AC,3734,3194,08:30 AM,30600,unresolved,observed,nmmt_schedule_8455
8455,15375,084 AC,3734,3194,09:45 AM,35100,unresolved,observed,nmmt_schedule_8455
8455,15381,084 AC,3734,3194,10:55 AM,39300,unresolved,observed,nmmt_schedule_8455
8455,15377,084 AC,3734,3194,12:42 PM,45720,unresolved,observed,nmmt_schedule_8455
8455,15383,084 AC,3734,3194,01:52 PM,49920,unresolved,observed,nmmt_schedule_8455
8455,15392,084 AC,3734,3194,05:05 PM,61500,unresolved,observed,nmmt_schedule_8455
8455,15399,084 AC,3734,3194,06:15 PM,65700,unresolved,observed,nmmt_schedule_8455
8455,15394,084 AC,3734,3194,08:20 PM,73200,unresolved,observed,nmmt_schedule_8455
8455,15401,084 AC,3734,3194,09:35 PM,77700,unresolved,observed,nmmt_schedule_8455
8456,15379,084 AC,2907,3734,06:10 AM,22200,unresolved,observed,nmmt_schedule_8456
8456,15385,084 AC,2907,3734,07:20 AM,26400,unresolved,observed,nmmt_schedule_8456
8462,19354,081 AC,3734,2907,08:22 PM,73320,unresolved,observed,nmmt_schedule_8462
8462,19357,081 AC,3734,2907,08:52 PM,75120,unresolved,observed,nmmt_schedule_8462
8462,21205,081 AC,3734,2907,09:04 PM,75840,unresolved,observed,nmmt_schedule_8462
8462,19364,081 AC,3734,2907,09:17 PM,76620,unresolved,observed,nmmt_schedule_8462
8462,19378,081 AC,3734,2907,09:52 PM,78720,unresolved,observed,nmmt_schedule_8462
8462,19384,081 AC,3734,2907,10:20 PM,80400,unresolved,observed,nmmt_schedule_8462
8463,19367,081 AC,2907,3734,05:30 AM,19800,unresolved,observed,nmmt_schedule_8463
8463,19325,081 AC,2907,3734,06:00 AM,21600,unresolved,observed,nmmt_schedule_8463
8463,21183,081 AC,2907,3734,06:05 AM,21900,unresolved,observed,nmmt_schedule_8463
8463,19331,081 AC,2907,3734,06:25 AM,23100,unresolved,observed,nmmt_schedule_8463
8463,21187,081 AC,2907,3734,06:40 AM,24000,unresolved,observed,nmmt_schedule_8463
8463,19337,081 AC,2907,3734,06:50 AM,24600,unresolved,observed,nmmt_schedule_8463
8463,21194,081 AC,2907,3734,07:10 AM,25800,unresolved,observed,nmmt_schedule_8463
8463,19348,081 AC,2907,3734,07:15 AM,26100,unresolved,observed,nmmt_schedule_8463
8514,24236,058,2907,3323,07:55 AM,28500,unresolved,observed,nmmt_schedule_8514
8514,24243,058,2907,3323,08:30 AM,30600,unresolved,observed,nmmt_schedule_8514
8515,24277,058,3323,2907,09:00 PM,75600,unresolved,observed,nmmt_schedule_8515
8539,16130,008GAC,3173,3194,06:30 AM,23400,unresolved,observed,nmmt_schedule_8539
8539,16124,008GAC,3173,3194,07:15 AM,26100,unresolved,observed,nmmt_schedule_8539
8539,16152,008GAC,3173,3194,08:12 AM,29520,unresolved,observed,nmmt_schedule_8539
8539,16134,008GAC,3173,3194,08:50 AM,31800,unresolved,observed,nmmt_schedule_8539
8539,17367,008GAC,3173,3194,09:10 AM,33000,unresolved,observed,nmmt_schedule_8539
8539,16132,008GAC,3173,3194,10:00 AM,36000,unresolved,observed,nmmt_schedule_8539
8539,16126,008GAC,3173,3194,10:50 AM,39000,unresolved,observed,nmmt_schedule_8539
8539,16154,008GAC,3173,3194,11:50 AM,42600,unresolved,observed,nmmt_schedule_8539
8539,17369,008GAC,3173,3194,12:52 PM,46320,unresolved,observed,nmmt_schedule_8539
8539,16140,008GAC,3173,3194,03:55 PM,57300,unresolved,observed,nmmt_schedule_8539
8539,16146,008GAC,3173,3194,04:47 PM,60420,unresolved,observed,nmmt_schedule_8539
8539,16158,008GAC,3173,3194,05:43 PM,63780,unresolved,observed,nmmt_schedule_8539
8539,16164,008GAC,3173,3194,06:43 PM,67380,unresolved,observed,nmmt_schedule_8539
8539,16142,008GAC,3173,3194,07:40 PM,70800,unresolved,observed,nmmt_schedule_8539
8539,16148,008GAC,3173,3194,08:40 PM,74400,unresolved,observed,nmmt_schedule_8539
8539,16160,008GAC,3173,3194,09:40 PM,78000,unresolved,observed,nmmt_schedule_8539
8539,16166,008GAC,3173,3194,10:40 PM,81600,unresolved,observed,nmmt_schedule_8539
8540,16123,008GAC,3194,3173,05:50 AM,21000,unresolved,observed,nmmt_schedule_8540
8540,16151,008GAC,3194,3173,06:45 AM,24300,unresolved,observed,nmmt_schedule_8540
8540,17366,008GAC,3194,3173,07:40 AM,27600,unresolved,observed,nmmt_schedule_8540
8540,16131,008GAC,3194,3173,08:30 AM,30600,unresolved,observed,nmmt_schedule_8540
8540,16125,008GAC,3194,3173,09:20 AM,33600,unresolved,observed,nmmt_schedule_8540
8540,16153,008GAC,3194,3173,10:20 AM,37200,unresolved,observed,nmmt_schedule_8540
8540,16136,008GAC,3194,3173,11:12 AM,40320,unresolved,observed,nmmt_schedule_8540
8540,17368,008GAC,3194,3173,11:25 AM,41100,unresolved,observed,nmmt_schedule_8540
8540,16139,008GAC,3194,3173,02:25 PM,51900,unresolved,observed,nmmt_schedule_8540
8540,16145,008GAC,3194,3173,03:17 PM,55020,unresolved,observed,nmmt_schedule_8540
8540,16157,008GAC,3194,3173,04:13 PM,58380,unresolved,observed,nmmt_schedule_8540
8540,16163,008GAC,3194,3173,05:13 PM,61980,unresolved,observed,nmmt_schedule_8540
8540,16141,008GAC,3194,3173,06:10 PM,65400,unresolved,observed,nmmt_schedule_8540
8540,16147,008GAC,3194,3173,07:10 PM,69000,unresolved,observed,nmmt_schedule_8540
8540,16159,008GAC,3194,3173,08:10 PM,72600,unresolved,observed,nmmt_schedule_8540
8540,16165,008GAC,3194,3173,09:10 PM,76200,unresolved,observed,nmmt_schedule_8540
8540,16167,008GAC,3194,3173,11:52 PM,85920,unresolved,observed,nmmt_schedule_8540
8541,16128,008GAC,2908,3194,04:50 AM,17400,unresolved,observed,nmmt_schedule_8541
8541,16150,008GAC,2908,3194,06:05 AM,21900,unresolved,observed,nmmt_schedule_8541
8541,17365,008GAC,2908,3194,07:00 AM,25200,unresolved,observed,nmmt_schedule_8541
8541,16138,008GAC,2908,3194,01:40 PM,49200,unresolved,observed,nmmt_schedule_8541
8541,16144,008GAC,2908,3194,02:30 PM,52200,unresolved,observed,nmmt_schedule_8541
8541,16156,008GAC,2908,3194,03:25 PM,55500,unresolved,observed,nmmt_schedule_8541
8541,16162,008GAC,2908,3194,04:25 PM,59100,unresolved,observed,nmmt_schedule_8541
8554,13188,144 AC,2908,3137,05:30 AM,19800,unresolved,observed,nmmt_schedule_8554
8554,13206,144 AC,2908,3137,06:35 AM,23700,unresolved,observed,nmmt_schedule_8554
8554,13212,144 AC,2908,3137,07:20 AM,26400,unresolved,observed,nmmt_schedule_8554
8554,13195,144 AC,2908,3137,08:10 AM,29400,unresolved,observed,nmmt_schedule_8554
8554,13218,144 AC,2908,3137,02:00 PM,50400,unresolved,observed,nmmt_schedule_8554
8554,13224,144 AC,2908,3137,03:15 PM,54900,unresolved,observed,nmmt_schedule_8554
8554,13200,144 AC,2908,3137,04:15 PM,58500,unresolved,observed,nmmt_schedule_8554
8554,13230,144 AC,2908,3137,05:15 PM,62100,unresolved,observed,nmmt_schedule_8554
8555,13193,144 AC,3137,2836,05:55 AM,21300,unresolved,observed,nmmt_schedule_8555
8555,13207,144 AC,3137,2836,07:00 AM,25200,unresolved,observed,nmmt_schedule_8555
8555,13213,144 AC,3137,2836,07:45 AM,27900,unresolved,observed,nmmt_schedule_8555
8555,13196,144 AC,3137,2836,08:35 AM,30900,unresolved,observed,nmmt_schedule_8555
8555,13190,144 AC,3137,2836,09:30 AM,34200,unresolved,observed,nmmt_schedule_8555
8555,13209,144 AC,3137,2836,10:30 AM,37800,unresolved,observed,nmmt_schedule_8555
8555,13215,144 AC,3137,2836,11:30 AM,41400,unresolved,observed,nmmt_schedule_8555
8555,13198,144 AC,3137,2836,12:30 PM,45000,unresolved,observed,nmmt_schedule_8555
8555,13219,144 AC,3137,2836,02:25 PM,51900,unresolved,observed,nmmt_schedule_8555
8555,13225,144 AC,3137,2836,03:40 PM,56400,unresolved,observed,nmmt_schedule_8555
8555,13201,144 AC,3137,2836,04:40 PM,60000,unresolved,observed,nmmt_schedule_8555
8555,13231,144 AC,3137,2836,05:40 PM,63600,unresolved,observed,nmmt_schedule_8555
8555,13221,144 AC,3137,2836,06:15 PM,65700,unresolved,observed,nmmt_schedule_8555
8555,13227,144 AC,3137,2836,07:25 PM,69900,unresolved,observed,nmmt_schedule_8555
8555,13203,144 AC,3137,2836,08:30 PM,73800,unresolved,observed,nmmt_schedule_8555
8555,13233,144 AC,3137,2836,09:40 PM,78000,unresolved,observed,nmmt_schedule_8555
8556,13189,144 AC,2836,3137,07:20 AM,26400,unresolved,observed,nmmt_schedule_8556
8556,13208,144 AC,2836,3137,08:25 AM,30300,unresolved,observed,nmmt_schedule_8556
8556,13214,144 AC,2836,3137,09:10 AM,33000,unresolved,observed,nmmt_schedule_8556
8556,13197,144 AC,2836,3137,10:05 AM,36300,unresolved,observed,nmmt_schedule_8556
8556,13191,144 AC,2836,3137,11:00 AM,39600,unresolved,observed,nmmt_schedule_8556
8556,13210,144 AC,2836,3137,12:00 PM,43200,unresolved,observed,nmmt_schedule_8556
8556,13216,144 AC,2836,3137,01:00 PM,46800,unresolved,observed,nmmt_schedule_8556
8556,13199,144 AC,2836,3137,02:00 PM,50400,unresolved,observed,nmmt_schedule_8556
8556,13220,144 AC,2836,3137,03:55 PM,57300,unresolved,observed,nmmt_schedule_8556
8556,13226,144 AC,2836,3137,05:15 PM,62100,unresolved,observed,nmmt_schedule_8556
8556,13202,144 AC,2836,3137,06:15 PM,65700,unresolved,observed,nmmt_schedule_8556
8556,13232,144 AC,2836,3137,07:20 PM,69600,unresolved,observed,nmmt_schedule_8556
8556,13222,144 AC,2836,3137,07:55 PM,71700,unresolved,observed,nmmt_schedule_8556
8556,13228,144 AC,2836,3137,09:05 PM,75900,unresolved,observed,nmmt_schedule_8556
8556,13204,144 AC,2836,3137,10:10 PM,79800,unresolved,observed,nmmt_schedule_8556
8556,13235,144 AC,2836,3137,11:15 PM,83700,unresolved,observed,nmmt_schedule_8556
8586,25875,054,3448,4051,11:15 AM,40500,unresolved,observed,nmmt_schedule_8586
8586,25877,054,3448,4051,02:15 PM,51300,unresolved,observed,nmmt_schedule_8586
8587,25876,054,4051,3448,11:50 AM,42600,unresolved,observed,nmmt_schedule_8587
8587,25878,054,4051,3448,02:48 PM,53280,unresolved,observed,nmmt_schedule_8587
8588,19503,082,4773,2907,08:45 PM,74700,unresolved,observed,nmmt_schedule_8588
8588,14522,082,4773,2907,09:28 PM,77280,unresolved,observed,nmmt_schedule_8588
8588,19476,082,4773,2907,09:43 PM,78180,unresolved,observed,nmmt_schedule_8588
8588,21211,082,4773,2907,09:44 PM,78240,unresolved,observed,nmmt_schedule_8588
8588,14536,082,4773,2907,09:49 PM,78540,unresolved,observed,nmmt_schedule_8588
8588,19485,082,4773,2907,10:10 PM,79800,unresolved,observed,nmmt_schedule_8588
8588,14537,082,4773,2907,10:15 PM,80100,unresolved,observed,nmmt_schedule_8588
8588,25818,082,4773,2907,10:45 PM,81900,unresolved,observed,nmmt_schedule_8588
8588,14554,082,4773,2907,10:45 PM,81900,unresolved,observed,nmmt_schedule_8588
8589,19433,082,4773,3194,07:40 AM,27600,unresolved,observed,nmmt_schedule_8589
8589,19436,082,4773,3194,09:30 AM,34200,unresolved,observed,nmmt_schedule_8589
8589,13564,082,4773,3194,12:15 PM,44100,unresolved,observed,nmmt_schedule_8589
8589,13572,082,4773,3194,12:45 PM,45900,unresolved,observed,nmmt_schedule_8589
8589,13584,082,4773,3194,02:00 PM,50400,unresolved,observed,nmmt_schedule_8589
8589,13595,082,4773,3194,04:10 PM,58200,unresolved,observed,nmmt_schedule_8589
8589,14559,082,4773,3194,09:15 PM,76500,unresolved,observed,nmmt_schedule_8589
8591,19435,082,3194,4773,08:35 AM,30900,unresolved,observed,nmmt_schedule_8591
8591,13563,082,3194,4773,11:05 AM,39900,unresolved,observed,nmmt_schedule_8591
8591,13577,082,3194,4773,11:33 AM,41580,unresolved,observed,nmmt_schedule_8591
8591,13587,082,3194,4773,12:50 PM,46200,unresolved,observed,nmmt_schedule_8591
8591,13591,082,3194,4773,03:00 PM,54000,unresolved,observed,nmmt_schedule_8591
8591,21214,082,3194,4773,08:35 PM,74100,unresolved,observed,nmmt_schedule_8591
8592,13565,082,3194,2907,01:22 PM,48120,unresolved,observed,nmmt_schedule_8592
8592,16491,082,3194,2907,01:52 PM,49920,unresolved,observed,nmmt_schedule_8592
8592,14485,082,3194,2907,02:05 PM,50700,unresolved,observed,nmmt_schedule_8592
8592,16503,082,3194,2907,03:10 PM,54600,unresolved,observed,nmmt_schedule_8592
8627,12654,073 AC,2692,2776,05:10 AM,18600,unresolved,observed,nmmt_schedule_8627
8627,12663,073 AC,2692,2776,05:47 AM,20820,unresolved,observed,nmmt_schedule_8627
8627,12664,073 AC,2692,2776,06:25 AM,23100,unresolved,observed,nmmt_schedule_8627
8627,12671,073 AC,2692,2776,07:03 AM,25380,unresolved,observed,nmmt_schedule_8627
8627,12674,073 AC,2692,2776,07:42 AM,27720,unresolved,observed,nmmt_schedule_8627
8628,12646,073 AC,2776,2692,12:22 AM,1320,unresolved,observed,nmmt_schedule_8628
8628,12652,073 AC,2776,2692,12:57 AM,3420,unresolved,observed,nmmt_schedule_8628
8628,12633,073 AC,2776,2692,10:14 PM,80040,unresolved,observed,nmmt_schedule_8628
8628,12638,073 AC,2776,2692,11:04 PM,83040,unresolved,observed,nmmt_schedule_8628
8628,12643,073 AC,2776,2692,11:44 PM,85440,unresolved,observed,nmmt_schedule_8628
8628,13521,073 AC,2776,2692,12:57 AM,3420,unresolved,observed,nmmt_schedule_8628
8629,12656,073 AC,2776,2719,05:25 AM,19500,unresolved,observed,nmmt_schedule_8629
8629,12659,073 AC,2776,2719,06:03 AM,21780,unresolved,observed,nmmt_schedule_8629
8629,12668,073 AC,2776,2719,06:41 AM,24060,unresolved,observed,nmmt_schedule_8629
8629,12669,073 AC,2776,2719,07:19 AM,26340,unresolved,observed,nmmt_schedule_8629
8629,12676,073 AC,2776,2719,07:57 AM,28620,unresolved,observed,nmmt_schedule_8629
8629,12682,073 AC,2776,2719,08:35 AM,30900,unresolved,observed,nmmt_schedule_8629
8629,12655,073 AC,2776,2719,09:15 AM,33300,unresolved,observed,nmmt_schedule_8629
8629,12661,073 AC,2776,2719,09:55 AM,35700,unresolved,observed,nmmt_schedule_8629
8629,12666,073 AC,2776,2719,10:35 AM,38100,unresolved,observed,nmmt_schedule_8629
8629,12672,073 AC,2776,2719,11:15 AM,40500,unresolved,observed,nmmt_schedule_8629
8629,12675,073 AC,2776,2719,12:00 PM,43200,unresolved,observed,nmmt_schedule_8629
8629,12681,073 AC,2776,2719,12:50 PM,46200,unresolved,observed,nmmt_schedule_8629
8629,12628,073 AC,2776,2719,01:25 PM,48300,unresolved,observed,nmmt_schedule_8629
8629,12629,073 AC,2776,2719,02:17 PM,51420,unresolved,observed,nmmt_schedule_8629
8629,12634,073 AC,2776,2719,03:20 PM,55200,unresolved,observed,nmmt_schedule_8629
8629,12639,073 AC,2776,2719,04:10 PM,58200,unresolved,observed,nmmt_schedule_8629
8629,12644,073 AC,2776,2719,04:52 PM,60720,unresolved,observed,nmmt_schedule_8629
8629,12649,073 AC,2776,2719,05:34 PM,63240,unresolved,observed,nmmt_schedule_8629
8629,12625,073 AC,2776,2719,06:06 PM,65160,unresolved,observed,nmmt_schedule_8629
8629,12631,073 AC,2776,2719,06:48 PM,67680,unresolved,observed,nmmt_schedule_8629
8629,12636,073 AC,2776,2719,07:40 PM,70800,unresolved,observed,nmmt_schedule_8629
8629,12640,073 AC,2776,2719,08:22 PM,73320,unresolved,observed,nmmt_schedule_8629
8629,12647,073 AC,2776,2719,09:04 PM,75840,unresolved,observed,nmmt_schedule_8629
8629,12651,073 AC,2776,2719,09:45 PM,78300,unresolved,observed,nmmt_schedule_8629
8630,12657,073 AC,4397,2776,07:00 AM,25200,unresolved,observed,nmmt_schedule_8630
8630,12660,073 AC,4397,2776,07:38 AM,27480,unresolved,observed,nmmt_schedule_8630
8630,12665,073 AC,4397,2776,08:16 AM,29760,unresolved,observed,nmmt_schedule_8630
8630,12670,073 AC,4397,2776,08:55 AM,32100,unresolved,observed,nmmt_schedule_8630
8630,12677,073 AC,4397,2776,09:35 AM,34500,unresolved,observed,nmmt_schedule_8630
8630,12679,073 AC,4397,2776,10:15 AM,36900,unresolved,observed,nmmt_schedule_8630
8630,12658,073 AC,4397,2776,10:55 AM,39300,unresolved,observed,nmmt_schedule_8630
8630,12662,073 AC,4397,2776,11:35 AM,41700,unresolved,observed,nmmt_schedule_8630
8630,12667,073 AC,4397,2776,12:15 PM,44100,unresolved,observed,nmmt_schedule_8630
8630,12673,073 AC,4397,2776,12:55 PM,46500,unresolved,observed,nmmt_schedule_8630
8630,12678,073 AC,4397,2776,01:40 PM,49200,unresolved,observed,nmmt_schedule_8630
8630,12680,073 AC,4397,2776,02:30 PM,52200,unresolved,observed,nmmt_schedule_8630
8630,12627,073 AC,4397,2776,03:05 PM,54300,unresolved,observed,nmmt_schedule_8630
8630,12630,073 AC,4397,2776,03:57 PM,57420,unresolved,observed,nmmt_schedule_8630
8630,12637,073 AC,4397,2776,05:00 PM,61200,unresolved,observed,nmmt_schedule_8630
8630,12641,073 AC,4397,2776,05:55 PM,64500,unresolved,observed,nmmt_schedule_8630
8630,12645,073 AC,4397,2776,06:37 PM,67020,unresolved,observed,nmmt_schedule_8630
8630,12653,073 AC,4397,2776,07:19 PM,69540,unresolved,observed,nmmt_schedule_8630
8630,12626,073 AC,4397,2776,07:50 PM,71400,unresolved,observed,nmmt_schedule_8630
8630,12632,073 AC,4397,2776,08:33 PM,73980,unresolved,observed,nmmt_schedule_8630
8630,12635,073 AC,4397,2776,09:25 PM,77100,unresolved,observed,nmmt_schedule_8630
8630,12642,073 AC,4397,2776,10:07 PM,79620,unresolved,observed,nmmt_schedule_8630
8630,12648,073 AC,4397,2776,10:47 PM,82020,unresolved,observed,nmmt_schedule_8630
8630,12650,073 AC,4397,2776,11:25 PM,84300,unresolved,observed,nmmt_schedule_8630
8631,19295,066,2908,4428,06:15 AM,22500,unresolved,observed,nmmt_schedule_8631
8631,19304,066,2908,4428,01:25 PM,48300,unresolved,observed,nmmt_schedule_8631
8631,19309,066,2908,4428,02:25 PM,51900,unresolved,observed,nmmt_schedule_8631
8631,19320,066,2908,4428,03:22 PM,55320,unresolved,observed,nmmt_schedule_8631
8632,19279,066,4428,2908,12:10 PM,43800,unresolved,observed,nmmt_schedule_8632
8632,19292,066,4428,2908,01:13 PM,47580,unresolved,observed,nmmt_schedule_8632
8632,19300,066,4428,2908,02:15 PM,51300,unresolved,observed,nmmt_schedule_8632
8632,19306,066,4428,2908,09:07 PM,76020,unresolved,observed,nmmt_schedule_8632
8632,19316,066,4428,2908,10:07 PM,79620,unresolved,observed,nmmt_schedule_8632
8632,19319,066,4428,2908,11:02 PM,82920,unresolved,observed,nmmt_schedule_8632
8636,20156,023 AC,3365,3996,05:35 AM,20100,unresolved,observed,nmmt_schedule_8636
8636,20171,023 AC,3365,3996,06:05 AM,21900,unresolved,observed,nmmt_schedule_8636
8636,21265,023 AC,3365,3996,06:15 AM,22500,unresolved,observed,nmmt_schedule_8636
8636,20176,023 AC,3365,3996,06:35 AM,23700,unresolved,observed,nmmt_schedule_8636
8636,21280,023 AC,3365,3996,06:45 AM,24300,unresolved,observed,nmmt_schedule_8636
8636,20153,023 AC,3365,3996,07:08 AM,25680,unresolved,observed,nmmt_schedule_8636
8636,20183,023 AC,3365,3996,07:24 AM,26640,unresolved,observed,nmmt_schedule_8636
8636,21286,023 AC,3365,3996,07:28 AM,26880,unresolved,observed,nmmt_schedule_8636
8636,20163,023 AC,3365,3996,07:40 AM,27600,unresolved,observed,nmmt_schedule_8636
8636,21264,023 AC,3365,3996,07:48 AM,28080,unresolved,observed,nmmt_schedule_8636
8636,20196,023 AC,3365,3996,07:56 AM,28560,unresolved,observed,nmmt_schedule_8636
8636,21301,023 AC,3365,3996,08:06 AM,29160,unresolved,observed,nmmt_schedule_8636
8636,20178,023 AC,3365,3996,08:12 AM,29520,unresolved,observed,nmmt_schedule_8636
8636,21274,023 AC,3365,3996,08:18 AM,29880,unresolved,observed,nmmt_schedule_8636
8636,20204,023 AC,3365,3996,08:28 AM,30480,unresolved,observed,nmmt_schedule_8636
8636,20185,023 AC,3365,3996,09:00 AM,32400,unresolved,observed,nmmt_schedule_8636
8636,21287,023 AC,3365,3996,09:03 AM,32580,unresolved,observed,nmmt_schedule_8636
8636,20157,023 AC,3365,3996,09:16 AM,33360,unresolved,observed,nmmt_schedule_8636
8636,21263,023 AC,3365,3996,09:20 AM,33600,unresolved,observed,nmmt_schedule_8636
8636,20198,023 AC,3365,3996,09:32 AM,34320,unresolved,observed,nmmt_schedule_8636
8636,21303,023 AC,3365,3996,09:42 AM,34920,unresolved,observed,nmmt_schedule_8636
8636,20165,023 AC,3365,3996,09:48 AM,35280,unresolved,observed,nmmt_schedule_8636
8636,20206,023 AC,3365,3996,10:04 AM,36240,unresolved,observed,nmmt_schedule_8636
8636,21268,023 AC,3365,3996,10:05 AM,36300,unresolved,observed,nmmt_schedule_8636
8636,20179,023 AC,3365,3996,10:20 AM,37200,unresolved,observed,nmmt_schedule_8636
8636,21283,023 AC,3365,3996,10:35 AM,38100,unresolved,observed,nmmt_schedule_8636
8636,20159,023 AC,3365,3996,10:52 AM,39120,unresolved,observed,nmmt_schedule_8636
8636,21257,023 AC,3365,3996,10:56 AM,39360,unresolved,observed,nmmt_schedule_8636
8636,20187,023 AC,3365,3996,11:08 AM,40080,unresolved,observed,nmmt_schedule_8636
8636,21289,023 AC,3365,3996,11:15 AM,40500,unresolved,observed,nmmt_schedule_8636
8636,20167,023 AC,3365,3996,11:24 AM,41040,unresolved,observed,nmmt_schedule_8636
8636,20200,023 AC,3365,3996,11:40 AM,42000,unresolved,observed,nmmt_schedule_8636
8636,21270,023 AC,3365,3996,11:41 AM,42060,unresolved,observed,nmmt_schedule_8636
8636,20173,023 AC,3365,3996,11:56 AM,42960,unresolved,observed,nmmt_schedule_8636
8636,21294,023 AC,3365,3996,12:00 PM,43200,unresolved,observed,nmmt_schedule_8636
8636,20208,023 AC,3365,3996,12:12 PM,43920,unresolved,observed,nmmt_schedule_8636
8636,21277,023 AC,3365,3996,12:15 PM,44100,unresolved,observed,nmmt_schedule_8636
8636,20184,023 AC,3365,3996,12:44 PM,45840,unresolved,observed,nmmt_schedule_8636
8636,21291,023 AC,3365,3996,12:51 PM,46260,unresolved,observed,nmmt_schedule_8636
8636,20192,023 AC,3365,3996,01:16 PM,47760,unresolved,observed,nmmt_schedule_8636
8636,21295,023 AC,3365,3996,01:36 PM,48960,unresolved,observed,nmmt_schedule_8636
8636,20210,023 AC,3365,3996,01:48 PM,49680,unresolved,observed,nmmt_schedule_8636
8636,20213,023 AC,3365,3996,02:22 PM,51720,unresolved,observed,nmmt_schedule_8636
8636,21305,023 AC,3365,3996,02:42 PM,52920,unresolved,observed,nmmt_schedule_8636
8636,20223,023 AC,3365,3996,02:52 PM,53520,unresolved,observed,nmmt_schedule_8636
8636,20233,023 AC,3365,3996,03:22 PM,55320,unresolved,observed,nmmt_schedule_8636
8636,20215,023 AC,3365,3996,03:58 PM,57480,unresolved,observed,nmmt_schedule_8636
8636,21331,023 AC,3365,3996,04:02 PM,57720,unresolved,observed,nmmt_schedule_8636
8636,20243,023 AC,3365,3996,04:14 PM,58440,unresolved,observed,nmmt_schedule_8636
8636,21307,023 AC,3365,3996,04:18 PM,58680,unresolved,observed,nmmt_schedule_8636
8636,20225,023 AC,3365,3996,04:30 PM,59400,unresolved,observed,nmmt_schedule_8636
8636,21338,023 AC,3365,3996,04:38 PM,59880,unresolved,observed,nmmt_schedule_8636
8636,20255,023 AC,3365,3996,04:46 PM,60360,unresolved,observed,nmmt_schedule_8636
8636,21314,023 AC,3365,3996,04:58 PM,61080,unresolved,observed,nmmt_schedule_8636
8636,20235,023 AC,3365,3996,05:02 PM,61320,unresolved,observed,nmmt_schedule_8636
8636,20266,023 AC,3365,3996,05:18 PM,62280,unresolved,observed,nmmt_schedule_8636
8636,21324,023 AC,3365,3996,05:38 PM,63480,unresolved,observed,nmmt_schedule_8636
8636,20245,023 AC,3365,3996,05:50 PM,64200,unresolved,observed,nmmt_schedule_8636
8636,20217,023 AC,3365,3996,06:06 PM,65160,unresolved,observed,nmmt_schedule_8636
8636,21336,023 AC,3365,3996,06:14 PM,65640,unresolved,observed,nmmt_schedule_8636
8636,20253,023 AC,3365,3996,06:22 PM,66120,unresolved,observed,nmmt_schedule_8636
8636,21308,023 AC,3365,3996,06:33 PM,66780,unresolved,observed,nmmt_schedule_8636
8636,20227,023 AC,3365,3996,06:38 PM,67080,unresolved,observed,nmmt_schedule_8636
8636,20268,023 AC,3365,3996,06:54 PM,68040,unresolved,observed,nmmt_schedule_8636
8636,20241,023 AC,3365,3996,07:10 PM,69000,unresolved,observed,nmmt_schedule_8636
8636,21323,023 AC,3365,3996,07:20 PM,69600,unresolved,observed,nmmt_schedule_8636
8636,20219,023 AC,3365,3996,07:42 PM,70920,unresolved,observed,nmmt_schedule_8636
8636,21327,023 AC,3365,3996,07:45 PM,71100,unresolved,observed,nmmt_schedule_8636
8636,20247,023 AC,3365,3996,07:58 PM,71880,unresolved,observed,nmmt_schedule_8636
8636,21311,023 AC,3365,3996,08:09 PM,72540,unresolved,observed,nmmt_schedule_8636
8636,20229,023 AC,3365,3996,08:14 PM,72840,unresolved,observed,nmmt_schedule_8636
8636,21339,023 AC,3365,3996,08:25 PM,73500,unresolved,observed,nmmt_schedule_8636
8636,20257,023 AC,3365,3996,08:30 PM,73800,unresolved,observed,nmmt_schedule_8636
8636,20238,023 AC,3365,3996,08:46 PM,74760,unresolved,observed,nmmt_schedule_8636
8636,21317,023 AC,3365,3996,08:56 PM,75360,unresolved,observed,nmmt_schedule_8636
8636,20270,023 AC,3365,3996,09:02 PM,75720,unresolved,observed,nmmt_schedule_8636
8636,21346,023 AC,3365,3996,09:05 PM,75900,unresolved,observed,nmmt_schedule_8636
8636,21325,023 AC,3365,3996,09:21 PM,76860,unresolved,observed,nmmt_schedule_8636
8636,20249,023 AC,3365,3996,09:35 PM,77700,unresolved,observed,nmmt_schedule_8636
8636,21341,023 AC,3365,3996,10:00 PM,79200,unresolved,observed,nmmt_schedule_8636
8636,20259,023 AC,3365,3996,10:05 PM,79500,unresolved,observed,nmmt_schedule_8636
8636,20263,023 AC,3365,3996,10:40 PM,81600,unresolved,observed,nmmt_schedule_8636
8637,20152,023 AC,3996,3365,06:20 AM,22800,unresolved,observed,nmmt_schedule_8637
8637,20162,023 AC,3996,3365,06:52 AM,24720,unresolved,observed,nmmt_schedule_8637
8637,21266,023 AC,3996,3365,07:00 AM,25200,unresolved,observed,nmmt_schedule_8637
8637,20181,023 AC,3996,3365,07:24 AM,26640,unresolved,observed,nmmt_schedule_8637
8637,21281,023 AC,3996,3365,07:30 AM,27000,unresolved,observed,nmmt_schedule_8637
8637,20154,023 AC,3996,3365,07:56 AM,28560,unresolved,observed,nmmt_schedule_8637
8637,20182,023 AC,3996,3365,08:14 AM,29640,unresolved,observed,nmmt_schedule_8637
8637,21285,023 AC,3996,3365,08:16 AM,29760,unresolved,observed,nmmt_schedule_8637
8637,20164,023 AC,3996,3365,08:28 AM,30480,unresolved,observed,nmmt_schedule_8637
8637,21267,023 AC,3996,3365,08:36 AM,30960,unresolved,observed,nmmt_schedule_8637
8637,20197,023 AC,3996,3365,08:44 AM,31440,unresolved,observed,nmmt_schedule_8637
8637,21302,023 AC,3996,3365,08:54 AM,32040,unresolved,observed,nmmt_schedule_8637
8637,20172,023 AC,3996,3365,09:00 AM,32400,unresolved,observed,nmmt_schedule_8637
8637,21275,023 AC,3996,3365,09:06 AM,32760,unresolved,observed,nmmt_schedule_8637
8637,20205,023 AC,3996,3365,09:16 AM,33360,unresolved,observed,nmmt_schedule_8637
8637,20186,023 AC,3996,3365,09:48 AM,35280,unresolved,observed,nmmt_schedule_8637
8637,21288,023 AC,3996,3365,09:51 AM,35460,unresolved,observed,nmmt_schedule_8637
8637,20158,023 AC,3996,3365,10:04 AM,36240,unresolved,observed,nmmt_schedule_8637
8637,21255,023 AC,3996,3365,10:08 AM,36480,unresolved,observed,nmmt_schedule_8637
8637,20199,023 AC,3996,3365,10:20 AM,37200,unresolved,observed,nmmt_schedule_8637
8637,21298,023 AC,3996,3365,10:30 AM,37800,unresolved,observed,nmmt_schedule_8637
8637,20166,023 AC,3996,3365,10:36 AM,38160,unresolved,observed,nmmt_schedule_8637
8637,20207,023 AC,3996,3365,10:52 AM,39120,unresolved,observed,nmmt_schedule_8637
8637,21269,023 AC,3996,3365,10:53 AM,39180,unresolved,observed,nmmt_schedule_8637
8637,20180,023 AC,3996,3365,11:08 AM,40080,unresolved,observed,nmmt_schedule_8637
8637,21276,023 AC,3996,3365,11:23 AM,40980,unresolved,observed,nmmt_schedule_8637
8637,20160,023 AC,3996,3365,11:42 AM,42120,unresolved,observed,nmmt_schedule_8637
8637,21258,023 AC,3996,3365,11:44 AM,42240,unresolved,observed,nmmt_schedule_8637
8637,20188,023 AC,3996,3365,11:56 AM,42960,unresolved,observed,nmmt_schedule_8637
8637,21290,023 AC,3996,3365,12:03 PM,43380,unresolved,observed,nmmt_schedule_8637
8637,20168,023 AC,3996,3365,12:12 PM,43920,unresolved,observed,nmmt_schedule_8637
8637,20201,023 AC,3996,3365,12:28 PM,44880,unresolved,observed,nmmt_schedule_8637
8637,21271,023 AC,3996,3365,12:29 PM,44940,unresolved,observed,nmmt_schedule_8637
8637,20174,023 AC,3996,3365,12:44 PM,45840,unresolved,observed,nmmt_schedule_8637
8637,21299,023 AC,3996,3365,12:48 PM,46080,unresolved,observed,nmmt_schedule_8637
8637,20209,023 AC,3996,3365,01:00 PM,46800,unresolved,observed,nmmt_schedule_8637
8637,21278,023 AC,3996,3365,01:03 PM,46980,unresolved,observed,nmmt_schedule_8637
8637,20189,023 AC,3996,3365,01:31 PM,48660,unresolved,observed,nmmt_schedule_8637
8637,21292,023 AC,3996,3365,01:40 PM,49200,unresolved,observed,nmmt_schedule_8637
8637,20193,023 AC,3996,3365,02:04 PM,50640,unresolved,observed,nmmt_schedule_8637
8637,21296,023 AC,3996,3365,02:24 PM,51840,unresolved,observed,nmmt_schedule_8637
8637,20211,023 AC,3996,3365,02:36 PM,52560,unresolved,observed,nmmt_schedule_8637
8637,20214,023 AC,3996,3365,03:10 PM,54600,unresolved,observed,nmmt_schedule_8637
8637,21306,023 AC,3996,3365,03:30 PM,55800,unresolved,observed,nmmt_schedule_8637
8637,20224,023 AC,3996,3365,03:40 PM,56400,unresolved,observed,nmmt_schedule_8637
8637,21321,023 AC,3996,3365,04:10 PM,58200,unresolved,observed,nmmt_schedule_8637
8637,20234,023 AC,3996,3365,04:12 PM,58320,unresolved,observed,nmmt_schedule_8637
8637,20216,023 AC,3996,3365,04:46 PM,60360,unresolved,observed,nmmt_schedule_8637
8637,21332,023 AC,3996,3365,04:50 PM,60600,unresolved,observed,nmmt_schedule_8637
8637,20244,023 AC,3996,3365,05:02 PM,61320,unresolved,observed,nmmt_schedule_8637
8637,21310,023 AC,3996,3365,05:06 PM,61560,unresolved,observed,nmmt_schedule_8637
8637,20226,023 AC,3996,3365,05:18 PM,62280,unresolved,observed,nmmt_schedule_8637
8637,21335,023 AC,3996,3365,05:26 PM,62760,unresolved,observed,nmmt_schedule_8637
8637,20252,023 AC,3996,3365,05:34 PM,63240,unresolved,observed,nmmt_schedule_8637
8637,21322,023 AC,3996,3365,05:46 PM,63960,unresolved,observed,nmmt_schedule_8637
8637,20236,023 AC,3996,3365,05:50 PM,64200,unresolved,observed,nmmt_schedule_8637
8637,20267,023 AC,3996,3365,06:06 PM,65160,unresolved,observed,nmmt_schedule_8637
8637,21328,023 AC,3996,3365,06:25 PM,66300,unresolved,observed,nmmt_schedule_8637
8637,20246,023 AC,3996,3365,06:39 PM,67140,unresolved,observed,nmmt_schedule_8637
8637,20218,023 AC,3996,3365,06:54 PM,68040,unresolved,observed,nmmt_schedule_8637
8637,21337,023 AC,3996,3365,07:02 PM,68520,unresolved,observed,nmmt_schedule_8637
8637,20256,023 AC,3996,3365,07:09 PM,68940,unresolved,observed,nmmt_schedule_8637
8637,21313,023 AC,3996,3365,07:21 PM,69660,unresolved,observed,nmmt_schedule_8637
8637,20228,023 AC,3996,3365,07:26 PM,69960,unresolved,observed,nmmt_schedule_8637
8637,20269,023 AC,3996,3365,07:42 PM,70920,unresolved,observed,nmmt_schedule_8637
8637,20237,023 AC,3996,3365,07:59 PM,71940,unresolved,observed,nmmt_schedule_8637
8637,21318,023 AC,3996,3365,08:08 PM,72480,unresolved,observed,nmmt_schedule_8637
8637,20220,023 AC,3996,3365,08:30 PM,73800,unresolved,observed,nmmt_schedule_8637
8637,21329,023 AC,3996,3365,08:33 PM,73980,unresolved,observed,nmmt_schedule_8637
8637,20248,023 AC,3996,3365,08:48 PM,74880,unresolved,observed,nmmt_schedule_8637
8637,21312,023 AC,3996,3365,08:56 PM,75360,unresolved,observed,nmmt_schedule_8637
8637,20230,023 AC,3996,3365,09:03 PM,75780,unresolved,observed,nmmt_schedule_8637
8637,21340,023 AC,3996,3365,09:13 PM,76380,unresolved,observed,nmmt_schedule_8637
8637,20258,023 AC,3996,3365,09:19 PM,76740,unresolved,observed,nmmt_schedule_8637
8637,20239,023 AC,3996,3365,09:34 PM,77640,unresolved,observed,nmmt_schedule_8637
8637,21315,023 AC,3996,3365,09:43 PM,78180,unresolved,observed,nmmt_schedule_8637
8637,20271,023 AC,3996,3365,09:51 PM,78660,unresolved,observed,nmmt_schedule_8637
8637,21350,023 AC,3996,3365,09:52 PM,78720,unresolved,observed,nmmt_schedule_8637
8637,21326,023 AC,3996,3365,10:09 PM,79740,unresolved,observed,nmmt_schedule_8637
8637,20250,023 AC,3996,3365,10:23 PM,80580,unresolved,observed,nmmt_schedule_8637
8637,21343,023 AC,3996,3365,10:48 PM,82080,unresolved,observed,nmmt_schedule_8637
8637,20260,023 AC,3996,3365,10:53 PM,82380,unresolved,observed,nmmt_schedule_8637
8637,21353,023 AC,3996,3365,11:23 PM,84180,unresolved,observed,nmmt_schedule_8637
8638,20155,023 AC,2907,3365,05:10 AM,18600,unresolved,observed,nmmt_schedule_8638
8638,20170,023 AC,2907,3365,05:40 AM,20400,unresolved,observed,nmmt_schedule_8638
8638,21273,023 AC,2907,3365,05:50 AM,21000,unresolved,observed,nmmt_schedule_8638
8638,20177,023 AC,2907,3365,06:10 AM,22200,unresolved,observed,nmmt_schedule_8638
8638,21279,023 AC,2907,3365,06:20 AM,22800,unresolved,observed,nmmt_schedule_8638
8638,20191,023 AC,2907,3365,06:59 AM,25140,unresolved,observed,nmmt_schedule_8638
8638,21284,023 AC,2907,3365,07:00 AM,25200,unresolved,observed,nmmt_schedule_8638
8638,20195,023 AC,2907,3365,07:31 AM,27060,unresolved,observed,nmmt_schedule_8638
8638,21297,023 AC,2907,3365,07:38 AM,27480,unresolved,observed,nmmt_schedule_8638
8638,20203,023 AC,2907,3365,08:03 AM,28980,unresolved,observed,nmmt_schedule_8638
8638,20212,023 AC,2907,3365,01:55 PM,50100,unresolved,observed,nmmt_schedule_8638
8638,21304,023 AC,2907,3365,02:15 PM,51300,unresolved,observed,nmmt_schedule_8638
8638,20222,023 AC,2907,3365,02:25 PM,51900,unresolved,observed,nmmt_schedule_8638
8638,20232,023 AC,2907,3365,02:55 PM,53700,unresolved,observed,nmmt_schedule_8638
8638,21330,023 AC,2907,3365,03:35 PM,56100,unresolved,observed,nmmt_schedule_8638
8638,20242,023 AC,2907,3365,03:47 PM,56820,unresolved,observed,nmmt_schedule_8638
8638,21334,023 AC,2907,3365,04:10 PM,58200,unresolved,observed,nmmt_schedule_8638
8638,20254,023 AC,2907,3365,04:19 PM,58740,unresolved,observed,nmmt_schedule_8638
8638,21344,023 AC,2907,3365,04:50 PM,60600,unresolved,observed,nmmt_schedule_8638
8638,20265,023 AC,2907,3365,04:51 PM,60660,unresolved,observed,nmmt_schedule_8638
8639,20161,023 AC,3365,2907,12:29 PM,44940,unresolved,observed,nmmt_schedule_8639
8639,21259,023 AC,3365,2907,12:31 PM,45060,unresolved,observed,nmmt_schedule_8639
8639,20169,023 AC,3365,2907,01:00 PM,46800,unresolved,observed,nmmt_schedule_8639
8639,21272,023 AC,3365,2907,01:16 PM,47760,unresolved,observed,nmmt_schedule_8639
8639,20175,023 AC,3365,2907,01:32 PM,48720,unresolved,observed,nmmt_schedule_8639
8639,21282,023 AC,3365,2907,01:50 PM,49800,unresolved,observed,nmmt_schedule_8639
8639,20190,023 AC,3365,2907,02:20 PM,51600,unresolved,observed,nmmt_schedule_8639
8639,21293,023 AC,3365,2907,02:27 PM,52020,unresolved,observed,nmmt_schedule_8639
8639,20194,023 AC,3365,2907,02:52 PM,53520,unresolved,observed,nmmt_schedule_8639
8639,21300,023 AC,3365,2907,03:11 PM,54660,unresolved,observed,nmmt_schedule_8639
8639,20202,023 AC,3365,2907,03:24 PM,55440,unresolved,observed,nmmt_schedule_8639
8639,20221,023 AC,3365,2907,09:18 PM,76680,unresolved,observed,nmmt_schedule_8639
8639,21309,023 AC,3365,2907,09:44 PM,78240,unresolved,observed,nmmt_schedule_8639
8639,20231,023 AC,3365,2907,09:50 PM,78600,unresolved,observed,nmmt_schedule_8639
8639,20240,023 AC,3365,2907,10:22 PM,80520,unresolved,observed,nmmt_schedule_8639
8639,21316,023 AC,3365,2907,10:30 PM,81000,unresolved,observed,nmmt_schedule_8639
8639,21333,023 AC,3365,2907,10:56 PM,82560,unresolved,observed,nmmt_schedule_8639
8639,20251,023 AC,3365,2907,11:10 PM,83400,unresolved,observed,nmmt_schedule_8639
8639,21342,023 AC,3365,2907,11:35 PM,84900,unresolved,observed,nmmt_schedule_8639
8639,20261,023 AC,3365,2907,11:38 PM,85080,unresolved,observed,nmmt_schedule_8639
8639,20262,023 AC,3365,2907,12:05 AM,300,unresolved,observed,nmmt_schedule_8639
8673,13419,056 AC,3449,3477,07:00 AM,25200,unresolved,observed,nmmt_schedule_8673
8673,20372,056 AC,3449,3477,07:15 AM,26100,unresolved,observed,nmmt_schedule_8673
8673,13448,056 AC,3449,3477,07:24 AM,26640,unresolved,observed,nmmt_schedule_8673
8673,13501,056 AC,3449,3477,07:25 AM,26700,unresolved,observed,nmmt_schedule_8673
8673,20415,056 AC,3449,3477,07:30 AM,27000,unresolved,observed,nmmt_schedule_8673
8673,20399,056 AC,3449,3477,07:45 AM,27900,unresolved,observed,nmmt_schedule_8673
8673,13474,056 AC,3449,3477,07:48 AM,28080,unresolved,observed,nmmt_schedule_8673
8673,13424,056 AC,3449,3477,08:00 AM,28800,unresolved,observed,nmmt_schedule_8673
8673,20427,056 AC,3449,3477,08:07 AM,29220,unresolved,observed,nmmt_schedule_8673
8673,13499,056 AC,3449,3477,08:12 AM,29520,unresolved,observed,nmmt_schedule_8673
8673,20378,056 AC,3449,3477,08:15 AM,29700,unresolved,observed,nmmt_schedule_8673
8673,20303,056 AC,3449,3477,08:22 AM,30120,unresolved,observed,nmmt_schedule_8673
8673,13450,056 AC,3449,3477,08:24 AM,30240,unresolved,observed,nmmt_schedule_8673
8673,20414,056 AC,3449,3477,08:30 AM,30600,unresolved,observed,nmmt_schedule_8673
8673,13368,056 AC,3449,3477,08:36 AM,30960,unresolved,observed,nmmt_schedule_8673
8673,20324,056 AC,3449,3477,08:37 AM,31020,unresolved,observed,nmmt_schedule_8673
8673,20403,056 AC,3449,3477,08:45 AM,31500,unresolved,observed,nmmt_schedule_8673
8673,13476,056 AC,3449,3477,08:48 AM,31680,unresolved,observed,nmmt_schedule_8673
8673,20332,056 AC,3449,3477,08:52 AM,31920,unresolved,observed,nmmt_schedule_8673
8673,13426,056 AC,3449,3477,09:00 AM,32400,unresolved,observed,nmmt_schedule_8673
8673,20429,056 AC,3449,3477,09:07 AM,32820,unresolved,observed,nmmt_schedule_8673
8673,13489,056 AC,3449,3477,09:12 AM,33120,unresolved,observed,nmmt_schedule_8673
8673,20375,056 AC,3449,3477,09:15 AM,33300,unresolved,observed,nmmt_schedule_8673
8673,20304,056 AC,3449,3477,09:22 AM,33720,unresolved,observed,nmmt_schedule_8673
8673,13452,056 AC,3449,3477,09:24 AM,33840,unresolved,observed,nmmt_schedule_8673
8673,20419,056 AC,3449,3477,09:30 AM,34200,unresolved,observed,nmmt_schedule_8673
8673,13370,056 AC,3449,3477,09:36 AM,34560,unresolved,observed,nmmt_schedule_8673
8673,20319,056 AC,3449,3477,09:37 AM,34620,unresolved,observed,nmmt_schedule_8673
8673,20406,056 AC,3449,3477,09:45 AM,35100,unresolved,observed,nmmt_schedule_8673
8673,13478,056 AC,3449,3477,09:48 AM,35280,unresolved,observed,nmmt_schedule_8673
8673,20338,056 AC,3449,3477,09:52 AM,35520,unresolved,observed,nmmt_schedule_8673
8673,20434,056 AC,3449,3477,10:07 AM,36420,unresolved,observed,nmmt_schedule_8673
8673,13491,056 AC,3449,3477,10:12 AM,36720,unresolved,observed,nmmt_schedule_8673
8673,20301,056 AC,3449,3477,10:22 AM,37320,unresolved,observed,nmmt_schedule_8673
8673,13372,056 AC,3449,3477,10:36 AM,38160,unresolved,observed,nmmt_schedule_8673
8673,20321,056 AC,3449,3477,10:37 AM,38220,unresolved,observed,nmmt_schedule_8673
8673,20290,056 AC,3449,3477,10:45 AM,38700,unresolved,observed,nmmt_schedule_8673
8673,13428,056 AC,3449,3477,10:48 AM,38880,unresolved,observed,nmmt_schedule_8673
8673,20335,056 AC,3449,3477,10:52 AM,39120,unresolved,observed,nmmt_schedule_8673
8673,20379,056 AC,3449,3477,11:00 AM,39600,unresolved,observed,nmmt_schedule_8673
8673,13456,056 AC,3449,3477,11:12 AM,40320,unresolved,observed,nmmt_schedule_8673
8673,20421,056 AC,3449,3477,11:15 AM,40500,unresolved,observed,nmmt_schedule_8673
8673,20400,056 AC,3449,3477,11:30 AM,41400,unresolved,observed,nmmt_schedule_8673
8673,13480,056 AC,3449,3477,11:36 AM,41760,unresolved,observed,nmmt_schedule_8673
8673,20292,056 AC,3449,3477,11:45 AM,42300,unresolved,observed,nmmt_schedule_8673
8673,13430,056 AC,3449,3477,11:48 AM,42480,unresolved,observed,nmmt_schedule_8673
8673,20432,056 AC,3449,3477,11:52 AM,42720,unresolved,observed,nmmt_schedule_8673
8673,13493,056 AC,3449,3477,12:00 PM,43200,unresolved,observed,nmmt_schedule_8673
8673,20308,056 AC,3449,3477,12:07 PM,43620,unresolved,observed,nmmt_schedule_8673
8673,13458,056 AC,3449,3477,12:12 PM,43920,unresolved,observed,nmmt_schedule_8673
8673,20416,056 AC,3449,3477,12:15 PM,44100,unresolved,observed,nmmt_schedule_8673
8673,20323,056 AC,3449,3477,12:22 PM,44520,unresolved,observed,nmmt_schedule_8673
8673,13374,056 AC,3449,3477,12:24 PM,44640,unresolved,observed,nmmt_schedule_8673
8673,20409,056 AC,3449,3477,12:30 PM,45000,unresolved,observed,nmmt_schedule_8673
8673,13482,056 AC,3449,3477,12:36 PM,45360,unresolved,observed,nmmt_schedule_8673
8673,20330,056 AC,3449,3477,12:37 PM,45420,unresolved,observed,nmmt_schedule_8673
8673,20294,056 AC,3449,3477,12:45 PM,45900,unresolved,observed,nmmt_schedule_8673
8673,13422,056 AC,3449,3477,12:48 PM,46080,unresolved,observed,nmmt_schedule_8673
8673,20436,056 AC,3449,3477,12:52 PM,46320,unresolved,observed,nmmt_schedule_8673
8673,13495,056 AC,3449,3477,01:00 PM,46800,unresolved,observed,nmmt_schedule_8673
8673,20305,056 AC,3449,3477,01:07 PM,47220,unresolved,observed,nmmt_schedule_8673
8673,13455,056 AC,3449,3477,01:12 PM,47520,unresolved,observed,nmmt_schedule_8673
8673,20423,056 AC,3449,3477,01:15 PM,47700,unresolved,observed,nmmt_schedule_8673
8673,20315,056 AC,3449,3477,01:22 PM,48120,unresolved,observed,nmmt_schedule_8673
8673,13367,056 AC,3449,3477,01:24 PM,48240,unresolved,observed,nmmt_schedule_8673
8673,16119,056 AC,3449,3477,01:25 PM,48300,unresolved,observed,nmmt_schedule_8673
8673,20410,056 AC,3449,3477,01:30 PM,48600,unresolved,observed,nmmt_schedule_8673
8673,13484,056 AC,3449,3477,01:36 PM,48960,unresolved,observed,nmmt_schedule_8673
8673,20331,056 AC,3449,3477,01:37 PM,49020,unresolved,observed,nmmt_schedule_8673
8673,20437,056 AC,3449,3477,01:52 PM,49920,unresolved,observed,nmmt_schedule_8673
8673,13497,056 AC,3449,3477,02:00 PM,50400,unresolved,observed,nmmt_schedule_8673
8673,20310,056 AC,3449,3477,02:07 PM,50820,unresolved,observed,nmmt_schedule_8673
8673,20326,056 AC,3449,3477,02:22 PM,51720,unresolved,observed,nmmt_schedule_8673
8673,13364,056 AC,3449,3477,02:24 PM,51840,unresolved,observed,nmmt_schedule_8673
8673,20341,056 AC,3449,3477,02:37 PM,52620,unresolved,observed,nmmt_schedule_8673
8673,13379,056 AC,3449,3477,03:15 PM,54900,unresolved,observed,nmmt_schedule_8673
8673,20385,056 AC,3449,3477,03:30 PM,55800,unresolved,observed,nmmt_schedule_8673
8673,13391,056 AC,3449,3477,03:39 PM,56340,unresolved,observed,nmmt_schedule_8673
8673,20440,056 AC,3449,3477,03:45 PM,56700,unresolved,observed,nmmt_schedule_8673
8673,20460,056 AC,3449,3477,04:00 PM,57600,unresolved,observed,nmmt_schedule_8673
8673,13405,056 AC,3449,3477,04:03 PM,57780,unresolved,observed,nmmt_schedule_8673
8673,13381,056 AC,3449,3477,04:15 PM,58500,unresolved,observed,nmmt_schedule_8673
8673,20274,056 AC,3449,3477,04:22 PM,58920,unresolved,observed,nmmt_schedule_8673
8673,13434,056 AC,3449,3477,04:27 PM,59220,unresolved,observed,nmmt_schedule_8673
8673,20395,056 AC,3449,3477,04:30 PM,59400,unresolved,observed,nmmt_schedule_8673
8673,20342,056 AC,3449,3477,04:38 PM,59880,unresolved,observed,nmmt_schedule_8673
8673,13393,056 AC,3449,3477,04:39 PM,59940,unresolved,observed,nmmt_schedule_8673
8673,20446,056 AC,3449,3477,04:45 PM,60300,unresolved,observed,nmmt_schedule_8673
8673,13461,056 AC,3449,3477,04:51 PM,60660,unresolved,observed,nmmt_schedule_8673
8673,20470,056 AC,3449,3477,04:52 PM,60720,unresolved,observed,nmmt_schedule_8673
8673,20462,056 AC,3449,3477,05:00 PM,61200,unresolved,observed,nmmt_schedule_8673
8673,13407,056 AC,3449,3477,05:03 PM,61380,unresolved,observed,nmmt_schedule_8673
8673,20485,056 AC,3449,3477,05:07 PM,61620,unresolved,observed,nmmt_schedule_8673
8673,20275,056 AC,3449,3477,05:22 PM,62520,unresolved,observed,nmmt_schedule_8673
8673,13436,056 AC,3449,3477,05:26 PM,62760,unresolved,observed,nmmt_schedule_8673
8673,20348,056 AC,3449,3477,05:38 PM,63480,unresolved,observed,nmmt_schedule_8673
8673,13463,056 AC,3449,3477,05:51 PM,64260,unresolved,observed,nmmt_schedule_8673
8673,20472,056 AC,3449,3477,05:52 PM,64320,unresolved,observed,nmmt_schedule_8673
8673,20364,056 AC,3449,3477,06:00 PM,64800,unresolved,observed,nmmt_schedule_8673
8673,13377,056 AC,3449,3477,06:03 PM,64980,unresolved,observed,nmmt_schedule_8673
8673,20487,056 AC,3449,3477,06:07 PM,65220,unresolved,observed,nmmt_schedule_8673
8673,20386,056 AC,3449,3477,06:15 PM,65700,unresolved,observed,nmmt_schedule_8673
8673,13395,056 AC,3449,3477,06:27 PM,66420,unresolved,observed,nmmt_schedule_8673
8673,20442,056 AC,3449,3477,06:30 PM,66600,unresolved,observed,nmmt_schedule_8673
8673,20457,056 AC,3449,3477,06:45 PM,67500,unresolved,observed,nmmt_schedule_8673
8673,13409,056 AC,3449,3477,06:51 PM,67860,unresolved,observed,nmmt_schedule_8673
8673,20360,056 AC,3449,3477,07:04 PM,68640,unresolved,observed,nmmt_schedule_8673
8673,13383,056 AC,3449,3477,07:07 PM,68820,unresolved,observed,nmmt_schedule_8673
8673,20280,056 AC,3449,3477,07:12 PM,69120,unresolved,observed,nmmt_schedule_8673
8673,13440,056 AC,3449,3477,07:19 PM,69540,unresolved,observed,nmmt_schedule_8673
8673,20351,056 AC,3449,3477,07:27 PM,70020,unresolved,observed,nmmt_schedule_8673
8673,13397,056 AC,3449,3477,07:31 PM,70260,unresolved,observed,nmmt_schedule_8673
8673,20448,056 AC,3449,3477,07:34 PM,70440,unresolved,observed,nmmt_schedule_8673
8673,20468,056 AC,3449,3477,07:42 PM,70920,unresolved,observed,nmmt_schedule_8673
8673,13465,056 AC,3449,3477,07:43 PM,70980,unresolved,observed,nmmt_schedule_8673
8673,20465,056 AC,3449,3477,07:46 PM,71160,unresolved,observed,nmmt_schedule_8673
8673,13411,056 AC,3449,3477,07:55 PM,71700,unresolved,observed,nmmt_schedule_8673
8673,20489,056 AC,3449,3477,07:57 PM,71820,unresolved,observed,nmmt_schedule_8673
8673,20365,056 AC,3449,3477,08:08 PM,72480,unresolved,observed,nmmt_schedule_8673
8673,13385,056 AC,3449,3477,08:11 PM,72660,unresolved,observed,nmmt_schedule_8673
8673,20276,056 AC,3449,3477,08:16 PM,72960,unresolved,observed,nmmt_schedule_8673
8673,13442,056 AC,3449,3477,08:23 PM,73380,unresolved,observed,nmmt_schedule_8673
8673,20349,056 AC,3449,3477,08:31 PM,73860,unresolved,observed,nmmt_schedule_8673
8673,13400,056 AC,3449,3477,08:35 PM,74100,unresolved,observed,nmmt_schedule_8673
8673,20444,056 AC,3449,3477,08:38 PM,74280,unresolved,observed,nmmt_schedule_8673
8673,20475,056 AC,3449,3477,08:46 PM,74760,unresolved,observed,nmmt_schedule_8673
8673,13467,056 AC,3449,3477,08:47 PM,74820,unresolved,observed,nmmt_schedule_8673
8673,15540,056 AC,3449,3477,08:50 PM,75000,unresolved,observed,nmmt_schedule_8673
8673,20466,056 AC,3449,3477,08:53 PM,75180,unresolved,observed,nmmt_schedule_8673
8673,13417,056 AC,3449,3477,08:59 PM,75540,unresolved,observed,nmmt_schedule_8673
8673,20491,056 AC,3449,3477,09:01 PM,75660,unresolved,observed,nmmt_schedule_8673
8673,20367,056 AC,3449,3477,09:12 PM,76320,unresolved,observed,nmmt_schedule_8673
8673,13388,056 AC,3449,3477,09:20 PM,76800,unresolved,observed,nmmt_schedule_8673
8673,20391,056 AC,3449,3477,09:27 PM,77220,unresolved,observed,nmmt_schedule_8673
8673,20353,056 AC,3449,3477,09:35 PM,77700,unresolved,observed,nmmt_schedule_8673
8673,13444,056 AC,3449,3477,09:40 PM,78000,unresolved,observed,nmmt_schedule_8673
8673,20450,056 AC,3449,3477,09:42 PM,78120,unresolved,observed,nmmt_schedule_8673
8673,20479,056 AC,3449,3477,09:50 PM,78600,unresolved,observed,nmmt_schedule_8673
8673,15542,056 AC,3449,3477,09:53 PM,78780,unresolved,observed,nmmt_schedule_8673
8673,13402,056 AC,3449,3477,09:55 PM,78900,unresolved,observed,nmmt_schedule_8673
8673,20467,056 AC,3449,3477,09:57 PM,79020,unresolved,observed,nmmt_schedule_8673
8673,13470,056 AC,3449,3477,10:05 PM,79500,unresolved,observed,nmmt_schedule_8673
8673,13415,056 AC,3449,3477,10:15 PM,80100,unresolved,observed,nmmt_schedule_8673
8673,20284,056 AC,3449,3477,10:24 PM,80640,unresolved,observed,nmmt_schedule_8673
8673,20355,056 AC,3449,3477,10:40 PM,81600,unresolved,observed,nmmt_schedule_8673
8673,13438,056 AC,3449,3477,10:42 PM,81720,unresolved,observed,nmmt_schedule_8673
8673,20481,056 AC,3449,3477,10:52 PM,82320,unresolved,observed,nmmt_schedule_8673
8673,13473,056 AC,3449,3477,11:10 PM,83400,unresolved,observed,nmmt_schedule_8673
8675,13418,056 AC,3477,3449,06:30 AM,23400,unresolved,observed,nmmt_schedule_8675
8675,20373,056 AC,3477,3449,06:45 AM,24300,unresolved,observed,nmmt_schedule_8675
8675,13447,056 AC,3477,3449,06:54 AM,24840,unresolved,observed,nmmt_schedule_8675
8675,20412,056 AC,3477,3449,07:00 AM,25200,unresolved,observed,nmmt_schedule_8675
8675,20408,056 AC,3477,3449,07:15 AM,26100,unresolved,observed,nmmt_schedule_8675
8675,13487,056 AC,3477,3449,07:18 AM,26280,unresolved,observed,nmmt_schedule_8675
8675,13420,056 AC,3477,3449,07:30 AM,27000,unresolved,observed,nmmt_schedule_8675
8675,20426,056 AC,3477,3449,07:37 AM,27420,unresolved,observed,nmmt_schedule_8675
8675,13488,056 AC,3477,3449,07:42 AM,27720,unresolved,observed,nmmt_schedule_8675
8675,20374,056 AC,3477,3449,07:45 AM,27900,unresolved,observed,nmmt_schedule_8675
8675,20307,056 AC,3477,3449,07:52 AM,28320,unresolved,observed,nmmt_schedule_8675
8675,13449,056 AC,3477,3449,07:54 AM,28440,unresolved,observed,nmmt_schedule_8675
8675,20413,056 AC,3477,3449,08:00 AM,28800,unresolved,observed,nmmt_schedule_8675
8675,13366,056 AC,3477,3449,08:06 AM,29160,unresolved,observed,nmmt_schedule_8675
8675,20318,056 AC,3477,3449,08:07 AM,29220,unresolved,observed,nmmt_schedule_8675
8675,20405,056 AC,3477,3449,08:15 AM,29700,unresolved,observed,nmmt_schedule_8675
8675,13475,056 AC,3477,3449,08:18 AM,29880,unresolved,observed,nmmt_schedule_8675
8675,20334,056 AC,3477,3449,08:22 AM,30120,unresolved,observed,nmmt_schedule_8675
8675,13425,056 AC,3477,3449,08:30 AM,30600,unresolved,observed,nmmt_schedule_8675
8675,20428,056 AC,3477,3449,08:37 AM,31020,unresolved,observed,nmmt_schedule_8675
8675,13500,056 AC,3477,3449,08:42 AM,31320,unresolved,observed,nmmt_schedule_8675
8675,20370,056 AC,3477,3449,08:45 AM,31500,unresolved,observed,nmmt_schedule_8675
8675,20312,056 AC,3477,3449,08:52 AM,31920,unresolved,observed,nmmt_schedule_8675
8675,13451,056 AC,3477,3449,08:54 AM,32040,unresolved,observed,nmmt_schedule_8675
8675,20418,056 AC,3477,3449,09:00 AM,32400,unresolved,observed,nmmt_schedule_8675
8675,13369,056 AC,3477,3449,09:06 AM,32760,unresolved,observed,nmmt_schedule_8675
8675,20314,056 AC,3477,3449,09:07 AM,32820,unresolved,observed,nmmt_schedule_8675
8675,20404,056 AC,3477,3449,09:15 AM,33300,unresolved,observed,nmmt_schedule_8675
8675,13477,056 AC,3477,3449,09:18 AM,33480,unresolved,observed,nmmt_schedule_8675
8675,20333,056 AC,3477,3449,09:22 AM,33720,unresolved,observed,nmmt_schedule_8675
8675,13427,056 AC,3477,3449,09:30 AM,34200,unresolved,observed,nmmt_schedule_8675
8675,20430,056 AC,3477,3449,09:37 AM,34620,unresolved,observed,nmmt_schedule_8675
8675,13490,056 AC,3477,3449,09:42 AM,34920,unresolved,observed,nmmt_schedule_8675
8675,20377,056 AC,3477,3449,09:45 AM,35100,unresolved,observed,nmmt_schedule_8675
8675,20313,056 AC,3477,3449,09:52 AM,35520,unresolved,observed,nmmt_schedule_8675
8675,13453,056 AC,3477,3449,09:54 AM,35640,unresolved,observed,nmmt_schedule_8675
8675,20420,056 AC,3477,3449,10:00 AM,36000,unresolved,observed,nmmt_schedule_8675
8675,13371,056 AC,3477,3449,10:06 AM,36360,unresolved,observed,nmmt_schedule_8675
8675,20320,056 AC,3477,3449,10:07 AM,36420,unresolved,observed,nmmt_schedule_8675
8675,20407,056 AC,3477,3449,10:15 AM,36900,unresolved,observed,nmmt_schedule_8675
8675,13479,056 AC,3477,3449,10:18 AM,37080,unresolved,observed,nmmt_schedule_8675
8675,20337,056 AC,3477,3449,10:22 AM,37320,unresolved,observed,nmmt_schedule_8675
8675,20431,056 AC,3477,3449,10:37 AM,38220,unresolved,observed,nmmt_schedule_8675
8675,13492,056 AC,3477,3449,10:42 AM,38520,unresolved,observed,nmmt_schedule_8675
8675,20302,056 AC,3477,3449,10:52 AM,39120,unresolved,observed,nmmt_schedule_8675
8675,13373,056 AC,3477,3449,11:06 AM,39960,unresolved,observed,nmmt_schedule_8675
8675,20322,056 AC,3477,3449,11:07 AM,40020,unresolved,observed,nmmt_schedule_8675
8675,20291,056 AC,3477,3449,11:15 AM,40500,unresolved,observed,nmmt_schedule_8675
8675,13429,056 AC,3477,3449,11:18 AM,40680,unresolved,observed,nmmt_schedule_8675
8675,20336,056 AC,3477,3449,11:22 AM,40920,unresolved,observed,nmmt_schedule_8675
8675,20380,056 AC,3477,3449,11:30 AM,41400,unresolved,observed,nmmt_schedule_8675
8675,13457,056 AC,3477,3449,11:42 AM,42120,unresolved,observed,nmmt_schedule_8675
8675,20422,056 AC,3477,3449,11:45 AM,42300,unresolved,observed,nmmt_schedule_8675
8675,20401,056 AC,3477,3449,12:00 PM,43200,unresolved,observed,nmmt_schedule_8675
8675,13481,056 AC,3477,3449,12:06 PM,43560,unresolved,observed,nmmt_schedule_8675
8675,20293,056 AC,3477,3449,12:15 PM,44100,unresolved,observed,nmmt_schedule_8675
8675,13421,056 AC,3477,3449,12:18 PM,44280,unresolved,observed,nmmt_schedule_8675
8675,20433,056 AC,3477,3449,12:22 PM,44520,unresolved,observed,nmmt_schedule_8675
8675,13494,056 AC,3477,3449,12:30 PM,45000,unresolved,observed,nmmt_schedule_8675
8675,20309,056 AC,3477,3449,12:37 PM,45420,unresolved,observed,nmmt_schedule_8675
8675,13459,056 AC,3477,3449,12:42 PM,45720,unresolved,observed,nmmt_schedule_8675
8675,20417,056 AC,3477,3449,12:45 PM,45900,unresolved,observed,nmmt_schedule_8675
8675,20325,056 AC,3477,3449,12:52 PM,46320,unresolved,observed,nmmt_schedule_8675
8675,13375,056 AC,3477,3449,12:54 PM,46440,unresolved,observed,nmmt_schedule_8675
8675,20402,056 AC,3477,3449,01:00 PM,46800,unresolved,observed,nmmt_schedule_8675
8675,13483,056 AC,3477,3449,01:06 PM,47160,unresolved,observed,nmmt_schedule_8675
8675,20329,056 AC,3477,3449,01:07 PM,47220,unresolved,observed,nmmt_schedule_8675
8675,20435,056 AC,3477,3449,01:22 PM,48120,unresolved,observed,nmmt_schedule_8675
8675,13496,056 AC,3477,3449,01:30 PM,48600,unresolved,observed,nmmt_schedule_8675
8675,20306,056 AC,3477,3449,01:37 PM,49020,unresolved,observed,nmmt_schedule_8675
8675,20316,056 AC,3477,3449,01:52 PM,49920,unresolved,observed,nmmt_schedule_8675
8675,13363,056 AC,3477,3449,01:54 PM,50040,unresolved,observed,nmmt_schedule_8675
8675,16120,056 AC,3477,3449,01:57 PM,50220,unresolved,observed,nmmt_schedule_8675
8675,20339,056 AC,3477,3449,02:07 PM,50820,unresolved,observed,nmmt_schedule_8675
8675,13387,056 AC,3477,3449,02:45 PM,53100,unresolved,observed,nmmt_schedule_8675
8675,20392,056 AC,3477,3449,03:00 PM,54000,unresolved,observed,nmmt_schedule_8675
8675,13396,056 AC,3477,3449,03:09 PM,54540,unresolved,observed,nmmt_schedule_8675
8675,20452,056 AC,3477,3449,03:15 PM,54900,unresolved,observed,nmmt_schedule_8675
8675,20459,056 AC,3477,3449,03:30 PM,55800,unresolved,observed,nmmt_schedule_8675
8675,13413,056 AC,3477,3449,03:33 PM,55980,unresolved,observed,nmmt_schedule_8675
8675,13380,056 AC,3477,3449,03:45 PM,56700,unresolved,observed,nmmt_schedule_8675
8675,20273,056 AC,3477,3449,03:52 PM,57120,unresolved,observed,nmmt_schedule_8675
8675,13433,056 AC,3477,3449,03:57 PM,57420,unresolved,observed,nmmt_schedule_8675
8675,20384,056 AC,3477,3449,04:00 PM,57600,unresolved,observed,nmmt_schedule_8675
8675,20345,056 AC,3477,3449,04:08 PM,58080,unresolved,observed,nmmt_schedule_8675
8675,13392,056 AC,3477,3449,04:09 PM,58140,unresolved,observed,nmmt_schedule_8675
8675,20441,056 AC,3477,3449,04:15 PM,58500,unresolved,observed,nmmt_schedule_8675
8675,13468,056 AC,3477,3449,04:21 PM,58860,unresolved,observed,nmmt_schedule_8675
8675,20469,056 AC,3477,3449,04:22 PM,58920,unresolved,observed,nmmt_schedule_8675
8675,20461,056 AC,3477,3449,04:30 PM,59400,unresolved,observed,nmmt_schedule_8675
8675,13406,056 AC,3477,3449,04:33 PM,59580,unresolved,observed,nmmt_schedule_8675
8675,20484,056 AC,3477,3449,04:37 PM,59820,unresolved,observed,nmmt_schedule_8675
8675,13376,056 AC,3477,3449,04:45 PM,60300,unresolved,observed,nmmt_schedule_8675
8675,20277,056 AC,3477,3449,04:52 PM,60720,unresolved,observed,nmmt_schedule_8675
8675,13435,056 AC,3477,3449,04:56 PM,60960,unresolved,observed,nmmt_schedule_8675
8675,20396,056 AC,3477,3449,05:00 PM,61200,unresolved,observed,nmmt_schedule_8675
8675,20343,056 AC,3477,3449,05:08 PM,61680,unresolved,observed,nmmt_schedule_8675
8675,13394,056 AC,3477,3449,05:09 PM,61740,unresolved,observed,nmmt_schedule_8675
8675,20447,056 AC,3477,3449,05:15 PM,62100,unresolved,observed,nmmt_schedule_8675
8675,13462,056 AC,3477,3449,05:21 PM,62460,unresolved,observed,nmmt_schedule_8675
8675,20471,056 AC,3477,3449,05:22 PM,62520,unresolved,observed,nmmt_schedule_8675
8675,20463,056 AC,3477,3449,05:30 PM,63000,unresolved,observed,nmmt_schedule_8675
8675,13408,056 AC,3477,3449,05:33 PM,63180,unresolved,observed,nmmt_schedule_8675
8675,20486,056 AC,3477,3449,05:37 PM,63420,unresolved,observed,nmmt_schedule_8675
8675,20279,056 AC,3477,3449,05:54 PM,64440,unresolved,observed,nmmt_schedule_8675
8675,13437,056 AC,3477,3449,05:56 PM,64560,unresolved,observed,nmmt_schedule_8675
8675,20346,056 AC,3477,3449,06:08 PM,65280,unresolved,observed,nmmt_schedule_8675
8675,13464,056 AC,3477,3449,06:21 PM,66060,unresolved,observed,nmmt_schedule_8675
8675,20473,056 AC,3477,3449,06:24 PM,66240,unresolved,observed,nmmt_schedule_8675
8675,20363,056 AC,3477,3449,06:32 PM,66720,unresolved,observed,nmmt_schedule_8675
8675,13382,056 AC,3477,3449,06:35 PM,66900,unresolved,observed,nmmt_schedule_8675
8675,20488,056 AC,3477,3449,06:39 PM,67140,unresolved,observed,nmmt_schedule_8675
8675,20387,056 AC,3477,3449,06:47 PM,67620,unresolved,observed,nmmt_schedule_8675
8675,13399,056 AC,3477,3449,06:59 PM,68340,unresolved,observed,nmmt_schedule_8675
8675,20443,056 AC,3477,3449,07:02 PM,68520,unresolved,observed,nmmt_schedule_8675
8675,20464,056 AC,3477,3449,07:17 PM,69420,unresolved,observed,nmmt_schedule_8675
8675,13410,056 AC,3477,3449,07:23 PM,69780,unresolved,observed,nmmt_schedule_8675
8675,20357,056 AC,3477,3449,07:36 PM,70560,unresolved,observed,nmmt_schedule_8675
8675,13384,056 AC,3477,3449,07:39 PM,70740,unresolved,observed,nmmt_schedule_8675
8675,20278,056 AC,3477,3449,07:44 PM,71040,unresolved,observed,nmmt_schedule_8675
8675,13441,056 AC,3477,3449,07:51 PM,71460,unresolved,observed,nmmt_schedule_8675
8675,20347,056 AC,3477,3449,07:59 PM,71940,unresolved,observed,nmmt_schedule_8675
8675,13398,056 AC,3477,3449,08:03 PM,72180,unresolved,observed,nmmt_schedule_8675
8675,20449,056 AC,3477,3449,08:06 PM,72360,unresolved,observed,nmmt_schedule_8675
8675,20474,056 AC,3477,3449,08:14 PM,72840,unresolved,observed,nmmt_schedule_8675
8675,13466,056 AC,3477,3449,08:15 PM,72900,unresolved,observed,nmmt_schedule_8675
8675,20455,056 AC,3477,3449,08:21 PM,73260,unresolved,observed,nmmt_schedule_8675
8675,13412,056 AC,3477,3449,08:27 PM,73620,unresolved,observed,nmmt_schedule_8675
8675,20490,056 AC,3477,3449,08:29 PM,73740,unresolved,observed,nmmt_schedule_8675
8675,20366,056 AC,3477,3449,08:40 PM,74400,unresolved,observed,nmmt_schedule_8675
8675,13386,056 AC,3477,3449,08:45 PM,74700,unresolved,observed,nmmt_schedule_8675
8675,20281,056 AC,3477,3449,08:48 PM,74880,unresolved,observed,nmmt_schedule_8675
8675,20390,056 AC,3477,3449,08:55 PM,75300,unresolved,observed,nmmt_schedule_8675
8675,20352,056 AC,3477,3449,09:03 PM,75780,unresolved,observed,nmmt_schedule_8675
8675,13443,056 AC,3477,3449,09:05 PM,75900,unresolved,observed,nmmt_schedule_8675
8675,20445,056 AC,3477,3449,09:10 PM,76200,unresolved,observed,nmmt_schedule_8675
8675,20478,056 AC,3477,3449,09:18 PM,76680,unresolved,observed,nmmt_schedule_8675
8675,13401,056 AC,3477,3449,09:20 PM,76800,unresolved,observed,nmmt_schedule_8675
8675,15541,056 AC,3477,3449,09:22 PM,76920,unresolved,observed,nmmt_schedule_8675
8675,20458,056 AC,3477,3449,09:25 PM,77100,unresolved,observed,nmmt_schedule_8675
8675,13469,056 AC,3477,3449,09:30 PM,77400,unresolved,observed,nmmt_schedule_8675
8675,20483,056 AC,3477,3449,09:33 PM,77580,unresolved,observed,nmmt_schedule_8675
8675,13414,056 AC,3477,3449,09:40 PM,78000,unresolved,observed,nmmt_schedule_8675
8675,20283,056 AC,3477,3449,09:52 PM,78720,unresolved,observed,nmmt_schedule_8675
8675,20354,056 AC,3477,3449,10:07 PM,79620,unresolved,observed,nmmt_schedule_8675
8675,20480,056 AC,3477,3449,10:22 PM,80520,unresolved,observed,nmmt_schedule_8675
8675,13471,056 AC,3477,3449,10:35 PM,81300,unresolved,observed,nmmt_schedule_8675
8675,13439,056 AC,3477,3449,11:11 PM,83460,unresolved,observed,nmmt_schedule_8675
8679,20368,056 AC,3477,2692,09:41 PM,78060,unresolved,observed,nmmt_schedule_8679
8679,20397,056 AC,3477,2692,09:58 PM,79080,unresolved,observed,nmmt_schedule_8679
8679,13445,056 AC,3477,2692,10:12 PM,79920,unresolved,observed,nmmt_schedule_8679
8679,20451,056 AC,3477,2692,10:13 PM,79980,unresolved,observed,nmmt_schedule_8679
8679,15543,056 AC,3477,2692,10:22 PM,80520,unresolved,observed,nmmt_schedule_8679
8679,20456,056 AC,3477,2692,10:28 PM,80880,unresolved,observed,nmmt_schedule_8679
8679,20285,056 AC,3477,2692,10:49 PM,82140,unresolved,observed,nmmt_schedule_8679
8679,20350,056 AC,3477,2692,11:09 PM,83340,unresolved,observed,nmmt_schedule_8679
8679,20476,056 AC,3477,2692,11:21 PM,84060,unresolved,observed,nmmt_schedule_8679
8679,20495,056 AC,3477,2692,11:39 PM,85140,unresolved,observed,nmmt_schedule_8679
8680,14252,021 AC,3122,3365,07:00 AM,25200,unresolved,observed,nmmt_schedule_8680
8680,14259,021 AC,3122,3365,08:08 AM,29280,unresolved,observed,nmmt_schedule_8680
8680,14250,021 AC,3122,3365,09:50 AM,35400,unresolved,observed,nmmt_schedule_8680
8680,14261,021 AC,3122,3365,10:55 AM,39300,unresolved,observed,nmmt_schedule_8680
8680,14266,021 AC,3122,3365,01:45 PM,49500,unresolved,observed,nmmt_schedule_8680
8680,14278,021 AC,3122,3365,02:41 PM,52860,unresolved,observed,nmmt_schedule_8680
8680,14264,021 AC,3122,3365,04:00 PM,57600,unresolved,observed,nmmt_schedule_8680
8680,14275,021 AC,3122,3365,04:55 PM,60900,unresolved,observed,nmmt_schedule_8680
8680,14265,021 AC,3122,3365,07:00 PM,68400,unresolved,observed,nmmt_schedule_8680
8680,14273,021 AC,3122,3365,08:00 PM,72000,unresolved,observed,nmmt_schedule_8680
8681,14258,021 AC,3365,3122,07:00 AM,25200,unresolved,observed,nmmt_schedule_8681
8681,14248,021 AC,3365,3122,08:10 AM,29400,unresolved,observed,nmmt_schedule_8681
8681,14260,021 AC,3365,3122,09:15 AM,33300,unresolved,observed,nmmt_schedule_8681
8681,14251,021 AC,3365,3122,11:00 AM,39600,unresolved,observed,nmmt_schedule_8681
8681,14262,021 AC,3365,3122,12:03 PM,43380,unresolved,observed,nmmt_schedule_8681
8681,14268,021 AC,3365,3122,02:53 PM,53580,unresolved,observed,nmmt_schedule_8681
8681,14277,021 AC,3365,3122,03:48 PM,56880,unresolved,observed,nmmt_schedule_8681
8681,14270,021 AC,3365,3122,05:08 PM,61680,unresolved,observed,nmmt_schedule_8681
8681,14272,021 AC,3365,3122,06:05 PM,65100,unresolved,observed,nmmt_schedule_8681
8681,14269,021 AC,3365,3122,08:10 PM,72600,unresolved,observed,nmmt_schedule_8681
8681,14274,021 AC,3365,3122,09:10 PM,76200,unresolved,observed,nmmt_schedule_8681
8682,17558,009 AC,2765,3194,06:38 AM,23880,unresolved,observed,nmmt_schedule_8682
8682,17569,009 AC,2765,3194,06:57 AM,25020,unresolved,observed,nmmt_schedule_8682
8682,17577,009 AC,2765,3194,07:16 AM,26160,unresolved,observed,nmmt_schedule_8682
8682,17587,009 AC,2765,3194,07:35 AM,27300,unresolved,observed,nmmt_schedule_8682
8682,17560,009 AC,2765,3194,07:54 AM,28440,unresolved,observed,nmmt_schedule_8682
8682,17597,009 AC,2765,3194,08:04 AM,29040,unresolved,observed,nmmt_schedule_8682
8682,17571,009 AC,2765,3194,08:13 AM,29580,unresolved,observed,nmmt_schedule_8682
8682,17610,009 AC,2765,3194,08:23 AM,30180,unresolved,observed,nmmt_schedule_8682
8682,17579,009 AC,2765,3194,08:32 AM,30720,unresolved,observed,nmmt_schedule_8682
8682,17625,009 AC,2765,3194,08:42 AM,31320,unresolved,observed,nmmt_schedule_8682
8682,17590,009 AC,2765,3194,08:51 AM,31860,unresolved,observed,nmmt_schedule_8682
8682,17628,009 AC,2765,3194,09:01 AM,32460,unresolved,observed,nmmt_schedule_8682
8682,17600,009 AC,2765,3194,09:20 AM,33600,unresolved,observed,nmmt_schedule_8682
8682,17612,009 AC,2765,3194,09:39 AM,34740,unresolved,observed,nmmt_schedule_8682
8682,17617,009 AC,2765,3194,09:58 AM,35880,unresolved,observed,nmmt_schedule_8682
8682,17631,009 AC,2765,3194,10:17 AM,37020,unresolved,observed,nmmt_schedule_8682
8682,17566,009 AC,2765,3194,11:23 AM,40980,unresolved,observed,nmmt_schedule_8682
8682,17575,009 AC,2765,3194,11:42 AM,42120,unresolved,observed,nmmt_schedule_8682
8682,17582,009 AC,2765,3194,12:01 PM,43260,unresolved,observed,nmmt_schedule_8682
8682,17594,009 AC,2765,3194,12:20 PM,44400,unresolved,observed,nmmt_schedule_8682
8682,17603,009 AC,2765,3194,12:49 PM,46140,unresolved,observed,nmmt_schedule_8682
8682,17607,009 AC,2765,3194,01:08 PM,47280,unresolved,observed,nmmt_schedule_8682
8682,17621,009 AC,2765,3194,01:27 PM,48420,unresolved,observed,nmmt_schedule_8682
8682,17630,009 AC,2765,3194,01:46 PM,49560,unresolved,observed,nmmt_schedule_8682
8682,17638,009 AC,2765,3194,03:14 PM,54840,unresolved,observed,nmmt_schedule_8682
8682,17648,009 AC,2765,3194,03:34 PM,56040,unresolved,observed,nmmt_schedule_8682
8682,17659,009 AC,2765,3194,03:54 PM,57240,unresolved,observed,nmmt_schedule_8682
8682,17669,009 AC,2765,3194,04:14 PM,58440,unresolved,observed,nmmt_schedule_8682
8682,17642,009 AC,2765,3194,04:34 PM,59640,unresolved,observed,nmmt_schedule_8682
8682,17679,009 AC,2765,3194,04:44 PM,60240,unresolved,observed,nmmt_schedule_8682
8682,17650,009 AC,2765,3194,04:54 PM,60840,unresolved,observed,nmmt_schedule_8682
8682,17689,009 AC,2765,3194,05:04 PM,61440,unresolved,observed,nmmt_schedule_8682
8682,17661,009 AC,2765,3194,05:14 PM,62040,unresolved,observed,nmmt_schedule_8682
8682,17698,009 AC,2765,3194,05:25 PM,62700,unresolved,observed,nmmt_schedule_8682
8682,17671,009 AC,2765,3194,05:36 PM,63360,unresolved,observed,nmmt_schedule_8682
8682,17707,009 AC,2765,3194,05:47 PM,64020,unresolved,observed,nmmt_schedule_8682
8682,17681,009 AC,2765,3194,06:07 PM,65220,unresolved,observed,nmmt_schedule_8682
8682,17691,009 AC,2765,3194,06:29 PM,66540,unresolved,observed,nmmt_schedule_8682
8682,17700,009 AC,2765,3194,06:51 PM,67860,unresolved,observed,nmmt_schedule_8682
8682,17711,009 AC,2765,3194,07:13 PM,69180,unresolved,observed,nmmt_schedule_8682
8682,17645,009 AC,2765,3194,08:11 PM,72660,unresolved,observed,nmmt_schedule_8682
8682,17652,009 AC,2765,3194,08:33 PM,73980,unresolved,observed,nmmt_schedule_8682
8682,17665,009 AC,2765,3194,08:55 PM,75300,unresolved,observed,nmmt_schedule_8682
8682,17675,009 AC,2765,3194,09:18 PM,76680,unresolved,observed,nmmt_schedule_8682
8682,17685,009 AC,2765,3194,09:50 PM,78600,unresolved,observed,nmmt_schedule_8682
8682,17695,009 AC,2765,3194,10:20 PM,80400,unresolved,observed,nmmt_schedule_8682
8682,17703,009 AC,2765,3194,10:50 PM,82200,unresolved,observed,nmmt_schedule_8682
8682,17715,009 AC,2765,3194,11:15 PM,83700,unresolved,observed,nmmt_schedule_8682
8682,3346,009 AC,2765,3194,09:41 AM,34860,unresolved,observed,nmmt_schedule_8682
8682,3348,009 AC,2765,3194,05:14 PM,62040,unresolved,observed,nmmt_schedule_8682
8683,17396,021 AC,3122,2907,08:08 AM,29280,unresolved,observed,nmmt_schedule_8683
8683,14249,021 AC,3122,2907,12:07 PM,43620,unresolved,observed,nmmt_schedule_8683
8683,14257,021 AC,3122,2907,01:10 PM,47400,unresolved,observed,nmmt_schedule_8683
8683,14267,021 AC,3122,2907,09:17 PM,76620,unresolved,observed,nmmt_schedule_8683
8683,14276,021 AC,3122,2907,10:17 PM,80220,unresolved,observed,nmmt_schedule_8683
8684,17561,009 AC,3194,2765,06:00 AM,21600,unresolved,observed,nmmt_schedule_8684
8684,17568,009 AC,3194,2765,06:19 AM,22740,unresolved,observed,nmmt_schedule_8684
8684,17585,009 AC,3194,2765,06:38 AM,23880,unresolved,observed,nmmt_schedule_8684
8684,17588,009 AC,3194,2765,06:58 AM,25080,unresolved,observed,nmmt_schedule_8684
8684,17559,009 AC,3194,2765,07:16 AM,26160,unresolved,observed,nmmt_schedule_8684
8684,17606,009 AC,3194,2765,07:26 AM,26760,unresolved,observed,nmmt_schedule_8684
8684,17570,009 AC,3194,2765,07:35 AM,27300,unresolved,observed,nmmt_schedule_8684
8684,17609,009 AC,3194,2765,07:45 AM,27900,unresolved,observed,nmmt_schedule_8684
8684,17578,009 AC,3194,2765,07:54 AM,28440,unresolved,observed,nmmt_schedule_8684
8684,17624,009 AC,3194,2765,08:04 AM,29040,unresolved,observed,nmmt_schedule_8684
8684,17589,009 AC,3194,2765,08:13 AM,29580,unresolved,observed,nmmt_schedule_8684
8684,17627,009 AC,3194,2765,08:23 AM,30180,unresolved,observed,nmmt_schedule_8684
8684,17599,009 AC,3194,2765,08:42 AM,31320,unresolved,observed,nmmt_schedule_8684
8684,17611,009 AC,3194,2765,09:01 AM,32460,unresolved,observed,nmmt_schedule_8684
8684,17626,009 AC,3194,2765,09:20 AM,33600,unresolved,observed,nmmt_schedule_8684
8684,17633,009 AC,3194,2765,09:39 AM,34740,unresolved,observed,nmmt_schedule_8684
8684,17563,009 AC,3194,2765,10:45 AM,38700,unresolved,observed,nmmt_schedule_8684
8684,17573,009 AC,3194,2765,11:04 AM,39840,unresolved,observed,nmmt_schedule_8684
8684,17581,009 AC,3194,2765,11:23 AM,40980,unresolved,observed,nmmt_schedule_8684
8684,17592,009 AC,3194,2765,11:42 AM,42120,unresolved,observed,nmmt_schedule_8684
8684,17602,009 AC,3194,2765,12:11 PM,43860,unresolved,observed,nmmt_schedule_8684
8684,17615,009 AC,3194,2765,12:30 PM,45000,unresolved,observed,nmmt_schedule_8684
8684,17620,009 AC,3194,2765,12:49 PM,46140,unresolved,observed,nmmt_schedule_8684
8684,17635,009 AC,3194,2765,01:08 PM,47280,unresolved,observed,nmmt_schedule_8684
8684,17637,009 AC,3194,2765,02:34 PM,52440,unresolved,observed,nmmt_schedule_8684
8684,17647,009 AC,3194,2765,02:54 PM,53640,unresolved,observed,nmmt_schedule_8684
8684,17658,009 AC,3194,2765,03:14 PM,54840,unresolved,observed,nmmt_schedule_8684
8684,17668,009 AC,3194,2765,03:34 PM,56040,unresolved,observed,nmmt_schedule_8684
8684,17639,009 AC,3194,2765,03:54 PM,57240,unresolved,observed,nmmt_schedule_8684
8684,17678,009 AC,3194,2765,04:04 PM,57840,unresolved,observed,nmmt_schedule_8684
8684,17649,009 AC,3194,2765,04:14 PM,58440,unresolved,observed,nmmt_schedule_8684
8684,17688,009 AC,3194,2765,04:24 PM,59040,unresolved,observed,nmmt_schedule_8684
8684,17660,009 AC,3194,2765,04:34 PM,59640,unresolved,observed,nmmt_schedule_8684
8684,17697,009 AC,3194,2765,04:44 PM,60240,unresolved,observed,nmmt_schedule_8684
8684,17670,009 AC,3194,2765,04:54 PM,60840,unresolved,observed,nmmt_schedule_8684
8684,17709,009 AC,3194,2765,05:04 PM,61440,unresolved,observed,nmmt_schedule_8684
8684,17680,009 AC,3194,2765,05:25 PM,62700,unresolved,observed,nmmt_schedule_8684
8684,17690,009 AC,3194,2765,05:46 PM,63960,unresolved,observed,nmmt_schedule_8684
8684,17699,009 AC,3194,2765,06:08 PM,65280,unresolved,observed,nmmt_schedule_8684
8684,17710,009 AC,3194,2765,06:30 PM,66600,unresolved,observed,nmmt_schedule_8684
8684,17644,009 AC,3194,2765,07:28 PM,70080,unresolved,observed,nmmt_schedule_8684
8684,17651,009 AC,3194,2765,07:50 PM,71400,unresolved,observed,nmmt_schedule_8684
8684,17664,009 AC,3194,2765,08:12 PM,72720,unresolved,observed,nmmt_schedule_8684
8684,17674,009 AC,3194,2765,08:35 PM,74100,unresolved,observed,nmmt_schedule_8684
8684,17684,009 AC,3194,2765,09:05 PM,75900,unresolved,observed,nmmt_schedule_8684
8684,17694,009 AC,3194,2765,09:30 PM,77400,unresolved,observed,nmmt_schedule_8684
8684,17702,009 AC,3194,2765,09:55 PM,78900,unresolved,observed,nmmt_schedule_8684
8684,17714,009 AC,3194,2765,10:15 PM,80100,unresolved,observed,nmmt_schedule_8684
8684,3345,009 AC,3194,2765,06:00 AM,21600,unresolved,observed,nmmt_schedule_8684
8684,3347,009 AC,3194,2765,01:33 PM,48780,unresolved,observed,nmmt_schedule_8684
8686,14256,021 AC,2907,3365,06:05 AM,21900,unresolved,observed,nmmt_schedule_8686
8686,14263,021 AC,2907,3365,01:30 PM,48600,unresolved,observed,nmmt_schedule_8686
8687,15378,084 AC,3194,2907,01:52 PM,49920,unresolved,observed,nmmt_schedule_8687
8687,15384,084 AC,3194,2907,03:02 PM,54120,unresolved,observed,nmmt_schedule_8687
8688,15391,084 AC,3194,2765,09:40 PM,78000,unresolved,observed,nmmt_schedule_8688
8688,15396,084 AC,3194,2765,10:55 PM,82500,unresolved,observed,nmmt_schedule_8688
8689,15388,084 AC,2765,2907,10:25 PM,80700,unresolved,observed,nmmt_schedule_8689
8689,19835,084 AC,2765,2907,11:40 PM,85200,unresolved,observed,nmmt_schedule_8689
8692,21149,002,3173,3156,08:15 AM,29700,unresolved,observed,nmmt_schedule_8692
8692,21146,002,3173,3156,09:31 AM,34260,unresolved,observed,nmmt_schedule_8692
8692,22763,002,3173,3156,10:47 AM,38820,unresolved,observed,nmmt_schedule_8692
8692,21144,002,3173,3156,11:55 AM,42900,unresolved,observed,nmmt_schedule_8692
8692,22765,002,3173,3156,12:03 PM,43380,unresolved,observed,nmmt_schedule_8692
8692,22771,002,3173,3156,04:35 PM,59700,unresolved,observed,nmmt_schedule_8692
8692,21161,002,3173,3156,05:51 PM,64260,unresolved,observed,nmmt_schedule_8692
8692,21164,002,3173,3156,07:09 PM,68940,unresolved,observed,nmmt_schedule_8692
8692,22775,002,3173,3156,07:19 PM,69540,unresolved,observed,nmmt_schedule_8692
8693,21152,002,2908,3156,07:07 AM,25620,unresolved,observed,nmmt_schedule_8693
8693,21155,002,2908,3156,02:12 PM,51120,unresolved,observed,nmmt_schedule_8693
8693,21166,002,2908,3156,02:52 PM,53520,unresolved,observed,nmmt_schedule_8693
8694,22766,002,3137,2908,12:40 PM,45600,unresolved,observed,nmmt_schedule_8694
8694,22755,002,3137,2908,02:00 PM,50400,unresolved,observed,nmmt_schedule_8694
8694,22776,002,3137,2908,07:47 PM,71220,unresolved,observed,nmmt_schedule_8694
8696,21142,002,3173,3156,07:10 AM,25800,unresolved,observed,nmmt_schedule_8696
8696,22759,002,3173,3156,08:14 AM,29640,unresolved,observed,nmmt_schedule_8696
8696,21136,002,3173,3156,08:30 AM,30600,unresolved,observed,nmmt_schedule_8696
8696,22751,002,3173,3156,08:54 AM,32040,unresolved,observed,nmmt_schedule_8696
8696,22761,002,3173,3156,09:31 AM,34260,unresolved,observed,nmmt_schedule_8696
8696,21138,002,3173,3156,09:50 AM,35400,unresolved,observed,nmmt_schedule_8696
8696,22756,002,3173,3156,10:08 AM,36480,unresolved,observed,nmmt_schedule_8696
8696,21153,002,3173,3156,10:47 AM,38820,unresolved,observed,nmmt_schedule_8696
8696,22754,002,3173,3156,12:35 PM,45300,unresolved,observed,nmmt_schedule_8696
8696,21157,002,3173,3156,03:20 PM,55200,unresolved,observed,nmmt_schedule_8696
8696,21168,002,3173,3156,03:57 PM,57420,unresolved,observed,nmmt_schedule_8696
8696,21159,002,3173,3156,04:35 PM,59700,unresolved,observed,nmmt_schedule_8696
8696,21165,002,3173,3156,05:13 PM,61980,unresolved,observed,nmmt_schedule_8696
8696,22746,002,3173,3156,06:29 PM,66540,unresolved,observed,nmmt_schedule_8696
8696,21171,002,3173,3156,06:30 PM,66600,unresolved,observed,nmmt_schedule_8696
8697,22758,002,3156,3173,07:35 AM,27300,unresolved,observed,nmmt_schedule_8697
8697,22750,002,3156,3173,08:16 AM,29760,unresolved,observed,nmmt_schedule_8697
8697,22760,002,3156,3173,08:53 AM,31980,unresolved,observed,nmmt_schedule_8697
8697,22752,002,3156,3173,09:31 AM,34260,unresolved,observed,nmmt_schedule_8697
8697,22762,002,3156,3173,10:09 AM,36540,unresolved,observed,nmmt_schedule_8697
8697,22764,002,3156,3173,11:25 AM,41100,unresolved,observed,nmmt_schedule_8697
8697,22753,002,3156,3173,11:55 AM,42900,unresolved,observed,nmmt_schedule_8697
8697,22768,002,3156,3173,02:40 PM,52800,unresolved,observed,nmmt_schedule_8697
8697,22741,002,3156,3173,03:20 PM,55200,unresolved,observed,nmmt_schedule_8697
8697,22770,002,3156,3173,03:58 PM,57480,unresolved,observed,nmmt_schedule_8697
8697,22743,002,3156,3173,04:35 PM,59700,unresolved,observed,nmmt_schedule_8697
8697,22772,002,3156,3173,05:13 PM,61980,unresolved,observed,nmmt_schedule_8697
8697,22745,002,3156,3173,05:51 PM,64260,unresolved,observed,nmmt_schedule_8697
8697,22774,002,3156,3173,06:30 PM,66600,unresolved,observed,nmmt_schedule_8697
8697,22740,002,3156,3173,07:10 PM,69000,unresolved,observed,nmmt_schedule_8697
8698,17741,002 Ex,3156,3173,08:45 AM,31500,unresolved,observed,nmmt_schedule_8698
8765,25124,014 AC,2895,4943,02:02 PM,50520,unresolved,observed,nmmt_schedule_8765
8769,14023,055 AC,2908,3434,05:10 AM,18600,unresolved,observed,nmmt_schedule_8769
8769,14055,055 AC,2908,3434,05:32 AM,19920,unresolved,observed,nmmt_schedule_8769
8769,14027,055 AC,2908,3434,05:50 AM,21000,unresolved,observed,nmmt_schedule_8769
8769,14059,055 AC,2908,3434,06:25 AM,23100,unresolved,observed,nmmt_schedule_8769
8769,14034,055 AC,2908,3434,06:55 AM,24900,unresolved,observed,nmmt_schedule_8769
8769,14063,055 AC,2908,3434,07:20 AM,26400,unresolved,observed,nmmt_schedule_8769
8769,14035,055 AC,2908,3434,07:50 AM,28200,unresolved,observed,nmmt_schedule_8769
8769,14067,055 AC,2908,3434,08:15 AM,29700,unresolved,observed,nmmt_schedule_8769
8769,14025,055 AC,2908,3434,08:50 AM,31800,unresolved,observed,nmmt_schedule_8769
8769,14057,055 AC,2908,3434,09:20 AM,33600,unresolved,observed,nmmt_schedule_8769
8769,14029,055 AC,2908,3434,09:50 AM,35400,unresolved,observed,nmmt_schedule_8769
8769,14061,055 AC,2908,3434,10:20 AM,37200,unresolved,observed,nmmt_schedule_8769
8769,14032,055 AC,2908,3434,10:55 AM,39300,unresolved,observed,nmmt_schedule_8769
8769,14065,055 AC,2908,3434,11:30 AM,41400,unresolved,observed,nmmt_schedule_8769
8769,14036,055 AC,2908,3434,12:05 PM,43500,unresolved,observed,nmmt_schedule_8769
8769,14069,055 AC,2908,3434,12:45 PM,45900,unresolved,observed,nmmt_schedule_8769
8769,14039,055 AC,2908,3434,01:30 PM,48600,unresolved,observed,nmmt_schedule_8769
8769,14071,055 AC,2908,3434,02:10 PM,51000,unresolved,observed,nmmt_schedule_8769
8769,14046,055 AC,2908,3434,02:50 PM,53400,unresolved,observed,nmmt_schedule_8769
8769,14075,055 AC,2908,3434,03:30 PM,55800,unresolved,observed,nmmt_schedule_8769
8769,14048,055 AC,2908,3434,04:00 PM,57600,unresolved,observed,nmmt_schedule_8769
8769,14079,055 AC,2908,3434,04:30 PM,59400,unresolved,observed,nmmt_schedule_8769
8769,14083,055 AC,2908,3434,05:00 PM,61200,unresolved,observed,nmmt_schedule_8769
8769,14054,055 AC,2908,3434,05:30 PM,63000,unresolved,observed,nmmt_schedule_8769
8769,14041,055 AC,2908,3434,06:00 PM,64800,unresolved,observed,nmmt_schedule_8769
8769,14073,055 AC,2908,3434,06:30 PM,66600,unresolved,observed,nmmt_schedule_8769
8769,14044,055 AC,2908,3434,07:05 PM,68700,unresolved,observed,nmmt_schedule_8769
8769,14077,055 AC,2908,3434,07:40 PM,70800,unresolved,observed,nmmt_schedule_8769
8769,14047,055 AC,2908,3434,08:10 PM,72600,unresolved,observed,nmmt_schedule_8769
8769,14081,055 AC,2908,3434,08:40 PM,74400,unresolved,observed,nmmt_schedule_8769
8769,14085,055 AC,2908,3434,09:15 PM,76500,unresolved,observed,nmmt_schedule_8769
8769,14053,055 AC,2908,3434,09:50 PM,78600,unresolved,observed,nmmt_schedule_8769
8770,14026,055 AC,3434,2908,06:35 AM,23700,unresolved,observed,nmmt_schedule_8770
8770,14056,055 AC,3434,2908,07:00 AM,25200,unresolved,observed,nmmt_schedule_8770
8770,14028,055 AC,3434,2908,07:30 AM,27000,unresolved,observed,nmmt_schedule_8770
8770,14060,055 AC,3434,2908,08:00 AM,28800,unresolved,observed,nmmt_schedule_8770
8770,14031,055 AC,3434,2908,08:30 AM,30600,unresolved,observed,nmmt_schedule_8770
8770,14064,055 AC,3434,2908,09:00 AM,32400,unresolved,observed,nmmt_schedule_8770
8770,14038,055 AC,3434,2908,09:30 AM,34200,unresolved,observed,nmmt_schedule_8770
8770,14068,055 AC,3434,2908,10:05 AM,36300,unresolved,observed,nmmt_schedule_8770
8770,14024,055 AC,3434,2908,10:40 AM,38400,unresolved,observed,nmmt_schedule_8770
8770,14058,055 AC,3434,2908,11:10 AM,40200,unresolved,observed,nmmt_schedule_8770
8770,14030,055 AC,3434,2908,11:40 AM,42000,unresolved,observed,nmmt_schedule_8770
8770,14062,055 AC,3434,2908,12:15 PM,44100,unresolved,observed,nmmt_schedule_8770
8770,14033,055 AC,3434,2908,12:50 PM,46200,unresolved,observed,nmmt_schedule_8770
8770,14066,055 AC,3434,2908,01:25 PM,48300,unresolved,observed,nmmt_schedule_8770
8770,14037,055 AC,3434,2908,02:00 PM,50400,unresolved,observed,nmmt_schedule_8770
8770,14070,055 AC,3434,2908,02:35 PM,52500,unresolved,observed,nmmt_schedule_8770
8770,14040,055 AC,3434,2908,03:15 PM,54900,unresolved,observed,nmmt_schedule_8770
8770,14072,055 AC,3434,2908,03:55 PM,57300,unresolved,observed,nmmt_schedule_8770
8770,14045,055 AC,3434,2908,04:35 PM,59700,unresolved,observed,nmmt_schedule_8770
8770,14076,055 AC,3434,2908,05:20 PM,62400,unresolved,observed,nmmt_schedule_8770
8770,14050,055 AC,3434,2908,05:50 PM,64200,unresolved,observed,nmmt_schedule_8770
8770,14080,055 AC,3434,2908,06:20 PM,66000,unresolved,observed,nmmt_schedule_8770
8770,14084,055 AC,3434,2908,06:50 PM,67800,unresolved,observed,nmmt_schedule_8770
8770,14052,055 AC,3434,2908,07:20 PM,69600,unresolved,observed,nmmt_schedule_8770
8770,14042,055 AC,3434,2908,07:50 PM,71400,unresolved,observed,nmmt_schedule_8770
8770,14074,055 AC,3434,2908,08:20 PM,73200,unresolved,observed,nmmt_schedule_8770
8770,14043,055 AC,3434,2908,08:55 PM,75300,unresolved,observed,nmmt_schedule_8770
8770,14078,055 AC,3434,2908,09:30 PM,77400,unresolved,observed,nmmt_schedule_8770
8770,14049,055 AC,3434,2908,10:00 PM,79200,unresolved,observed,nmmt_schedule_8770
8770,14082,055 AC,3434,2908,10:30 PM,81000,unresolved,observed,nmmt_schedule_8770
8770,23650,055 AC,3434,2908,11:05 PM,83100,unresolved,observed,nmmt_schedule_8770
8770,23654,055 AC,3434,2908,11:40 PM,85200,unresolved,observed,nmmt_schedule_8770
8771,13192,144 AC,3137,2908,12:27 PM,44820,unresolved,observed,nmmt_schedule_8771
8771,13211,144 AC,3137,2908,01:27 PM,48420,unresolved,observed,nmmt_schedule_8771
8771,13217,144 AC,3137,2908,02:27 PM,52020,unresolved,observed,nmmt_schedule_8771
8771,13194,144 AC,3137,2908,03:27 PM,55620,unresolved,observed,nmmt_schedule_8771
8771,13223,144 AC,3137,2908,09:32 PM,77520,unresolved,observed,nmmt_schedule_8771
8771,13229,144 AC,3137,2908,10:40 PM,81600,unresolved,observed,nmmt_schedule_8771
8771,13205,144 AC,3137,2908,11:42 PM,85320,unresolved,observed,nmmt_schedule_8771
8771,13234,144 AC,3137,2908,12:40 AM,2400,unresolved,observed,nmmt_schedule_8771
8792,25552,WS1,2776,4845,06:20 AM,22800,unresolved,observed,nmmt_schedule_8792
8793,17038,059,2692,3406,05:35 AM,20100,unresolved,observed,nmmt_schedule_8793
8793,17076,059,2692,3406,05:50 AM,21000,unresolved,observed,nmmt_schedule_8793
8793,16995,059,2692,3406,02:15 PM,51300,unresolved,observed,nmmt_schedule_8793
8794,17060,059,3406,2692,01:10 PM,47400,unresolved,observed,nmmt_schedule_8794
8794,17199,059,3406,2692,10:30 PM,81000,unresolved,observed,nmmt_schedule_8794
8794,17320,059,3406,2692,10:32 PM,81120,unresolved,observed,nmmt_schedule_8794
8794,17148,059,3406,2692,10:42 PM,81720,unresolved,observed,nmmt_schedule_8794
8794,17171,059,3406,2692,10:52 PM,82320,unresolved,observed,nmmt_schedule_8794
8794,17308,059,3406,2692,11:14 PM,83640,unresolved,observed,nmmt_schedule_8794
8797,24674,003 AC,2908,2678,06:15 AM,22500,unresolved,observed,nmmt_schedule_8797
8797,25428,003 AC,2908,2678,06:50 AM,24600,unresolved,observed,nmmt_schedule_8797
8797,25438,003 AC,2908,2678,07:25 AM,26700,unresolved,observed,nmmt_schedule_8797
8797,25448,003 AC,2908,2678,03:15 PM,54900,unresolved,observed,nmmt_schedule_8797
8797,24698,003 AC,2908,2678,03:50 PM,57000,unresolved,observed,nmmt_schedule_8797
8797,24705,003 AC,2908,2678,04:25 PM,59100,unresolved,observed,nmmt_schedule_8797
8798,24682,003 AC,2678,2908,01:42 PM,49320,unresolved,observed,nmmt_schedule_8798
8798,25435,003 AC,2678,2908,02:18 PM,51480,unresolved,observed,nmmt_schedule_8798
8798,25446,003 AC,2678,2908,02:54 PM,53640,unresolved,observed,nmmt_schedule_8798
8864,25555,WS1,2775,2717,12:15 AM,900,unresolved,observed,nmmt_schedule_8864
8866,25560,WS1,2775,2692,06:45 AM,24300,unresolved,observed,nmmt_schedule_8866
8867,21436,017 AC,3996,2907,10:13 PM,79980,unresolved,observed,nmmt_schedule_8867
8867,13926,017 AC,3996,2907,11:39 PM,85140,unresolved,observed,nmmt_schedule_8867
8867,18329,017 AC,3996,2907,11:57 PM,86220,unresolved,observed,nmmt_schedule_8867
8867,18343,017 AC,3996,2907,12:11 AM,660,unresolved,observed,nmmt_schedule_8867
8867,22196,017 AC,3996,2907,12:24 AM,1440,unresolved,observed,nmmt_schedule_8867
8867,18354,017 AC,3996,2907,12:29 AM,1740,unresolved,observed,nmmt_schedule_8867
8867,22201,017 AC,3996,2907,12:39 AM,2340,unresolved,observed,nmmt_schedule_8867
8867,18361,017 AC,3996,2907,12:49 AM,2940,unresolved,observed,nmmt_schedule_8867
8867,22211,017 AC,3996,2907,12:54 AM,3240,unresolved,observed,nmmt_schedule_8867
8867,18377,017 AC,3996,2907,01:09 AM,4140,unresolved,observed,nmmt_schedule_8867
8867,21988,017 AC,3996,2907,11:57 PM,86220,unresolved,observed,nmmt_schedule_8867
8873,25708,116 AC,2907,2884,07:35 AM,27300,unresolved,observed,nmmt_schedule_8873
8873,25724,116 AC,2907,2884,07:45 AM,27900,unresolved,observed,nmmt_schedule_8873
8889,13111,031 AC,2908,2678,01:47 PM,49620,unresolved,observed,nmmt_schedule_8889
8889,13116,031 AC,2908,2678,03:07 PM,54420,unresolved,observed,nmmt_schedule_8889
8889,13123,031 AC,2908,2678,04:27 PM,59220,unresolved,observed,nmmt_schedule_8889
8890,13125,031 AC,2678,2908,12:12 AM,720,unresolved,observed,nmmt_schedule_8890
8890,13095,031 AC,2678,2908,12:07 PM,43620,unresolved,observed,nmmt_schedule_8890
8890,13100,031 AC,2678,2908,01:27 PM,48420,unresolved,observed,nmmt_schedule_8890
8890,13105,031 AC,2678,2908,02:47 PM,53220,unresolved,observed,nmmt_schedule_8890
8890,13110,031 AC,2678,2908,09:22 PM,76920,unresolved,observed,nmmt_schedule_8890
8890,13122,031 AC,2678,2908,10:10 PM,79800,unresolved,observed,nmmt_schedule_8890
8890,13117,031 AC,2678,2908,10:52 PM,82320,unresolved,observed,nmmt_schedule_8890
8890,16096,031 AC,2678,2908,12:12 AM,720,unresolved,observed,nmmt_schedule_8890
8891,24904,007 AC,2908,2765,08:25 AM,30300,unresolved,observed,nmmt_schedule_8891
8891,15782,007 AC,2908,2765,02:20 PM,51600,unresolved,observed,nmmt_schedule_8891
8891,15790,007 AC,2908,2765,03:00 PM,54000,unresolved,observed,nmmt_schedule_8891
8891,15800,007 AC,2908,2765,03:40 PM,56400,unresolved,observed,nmmt_schedule_8891
8891,15808,007 AC,2908,2765,04:30 PM,59400,unresolved,observed,nmmt_schedule_8891
8891,24934,007 AC,2908,2765,04:55 PM,60900,unresolved,observed,nmmt_schedule_8891
8891,15817,007 AC,2908,2765,05:10 PM,61800,unresolved,observed,nmmt_schedule_8891
8891,15826,007 AC,2908,2765,05:58 PM,64680,unresolved,observed,nmmt_schedule_8891
8907,14279,050,2908,2776,04:00 AM,14400,unresolved,observed,nmmt_schedule_8907
8907,14283,050,2908,2776,04:35 AM,16500,unresolved,observed,nmmt_schedule_8907
8907,14287,050,2908,2776,05:05 AM,18300,unresolved,observed,nmmt_schedule_8907
8907,16383,050,2908,2776,05:15 AM,18900,unresolved,observed,nmmt_schedule_8907
8907,14291,050,2908,2776,05:40 AM,20400,unresolved,observed,nmmt_schedule_8907
8907,16389,050,2908,2776,05:45 AM,20700,unresolved,observed,nmmt_schedule_8907
8907,14298,050,2908,2776,06:10 AM,22200,unresolved,observed,nmmt_schedule_8907
8907,16394,050,2908,2776,06:15 AM,22500,unresolved,observed,nmmt_schedule_8907
8907,14299,050,2908,2776,06:40 AM,24000,unresolved,observed,nmmt_schedule_8907
8907,16399,050,2908,2776,06:50 AM,24600,unresolved,observed,nmmt_schedule_8907
8907,14303,050,2908,2776,07:10 AM,25800,unresolved,observed,nmmt_schedule_8907
8907,16400,050,2908,2776,07:15 AM,26100,unresolved,observed,nmmt_schedule_8907
8907,14307,050,2908,2776,07:40 AM,27600,unresolved,observed,nmmt_schedule_8907
8907,14281,050,2908,2776,08:05 AM,29100,unresolved,observed,nmmt_schedule_8907
8907,16416,050,2908,2776,08:32 AM,30720,unresolved,observed,nmmt_schedule_8907
8907,14285,050,2908,2776,08:35 AM,30900,unresolved,observed,nmmt_schedule_8907
8907,16420,050,2908,2776,09:00 AM,32400,unresolved,observed,nmmt_schedule_8907
8907,14289,050,2908,2776,09:05 AM,32700,unresolved,observed,nmmt_schedule_8907
8907,16424,050,2908,2776,09:27 AM,34020,unresolved,observed,nmmt_schedule_8907
8907,14293,050,2908,2776,09:35 AM,34500,unresolved,observed,nmmt_schedule_8907
8907,16386,050,2908,2776,09:54 AM,35640,unresolved,observed,nmmt_schedule_8907
8907,14296,050,2908,2776,10:05 AM,36300,unresolved,observed,nmmt_schedule_8907
8907,16390,050,2908,2776,10:21 AM,37260,unresolved,observed,nmmt_schedule_8907
8907,14301,050,2908,2776,10:40 AM,38400,unresolved,observed,nmmt_schedule_8907
8907,16392,050,2908,2776,10:48 AM,38880,unresolved,observed,nmmt_schedule_8907
8907,14305,050,2908,2776,11:15 AM,40500,unresolved,observed,nmmt_schedule_8907
8907,16403,050,2908,2776,11:42 AM,42120,unresolved,observed,nmmt_schedule_8907
8907,14309,050,2908,2776,12:00 PM,43200,unresolved,observed,nmmt_schedule_8907
8907,16409,050,2908,2776,12:10 PM,43800,unresolved,observed,nmmt_schedule_8907
8907,16412,050,2908,2776,12:37 PM,45420,unresolved,observed,nmmt_schedule_8907
8907,14311,050,2908,2776,12:45 PM,45900,unresolved,observed,nmmt_schedule_8907
8907,16418,050,2908,2776,01:04 PM,47040,unresolved,observed,nmmt_schedule_8907
8907,14315,050,2908,2776,01:30 PM,48600,unresolved,observed,nmmt_schedule_8907
8907,16421,050,2908,2776,01:31 PM,48660,unresolved,observed,nmmt_schedule_8907
8907,16426,050,2908,2776,01:58 PM,50280,unresolved,observed,nmmt_schedule_8907
8907,14320,050,2908,2776,02:15 PM,51300,unresolved,observed,nmmt_schedule_8907
8907,16428,050,2908,2776,02:25 PM,51900,unresolved,observed,nmmt_schedule_8907
8907,16434,050,2908,2776,02:52 PM,53520,unresolved,observed,nmmt_schedule_8907
8907,14324,050,2908,2776,03:00 PM,54000,unresolved,observed,nmmt_schedule_8907
8907,16435,050,2908,2776,03:20 PM,55200,unresolved,observed,nmmt_schedule_8907
8907,14328,050,2908,2776,03:35 PM,56100,unresolved,observed,nmmt_schedule_8907
8907,16439,050,2908,2776,03:47 PM,56820,unresolved,observed,nmmt_schedule_8907
8907,14332,050,2908,2776,04:10 PM,58200,unresolved,observed,nmmt_schedule_8907
8907,16445,050,2908,2776,04:14 PM,58440,unresolved,observed,nmmt_schedule_8907
8907,16450,050,2908,2776,04:41 PM,60060,unresolved,observed,nmmt_schedule_8907
8907,14336,050,2908,2776,04:45 PM,60300,unresolved,observed,nmmt_schedule_8907
8907,16455,050,2908,2776,05:08 PM,61680,unresolved,observed,nmmt_schedule_8907
8907,14313,050,2908,2776,05:25 PM,62700,unresolved,observed,nmmt_schedule_8907
8907,16460,050,2908,2776,05:35 PM,63300,unresolved,observed,nmmt_schedule_8907
8907,14340,050,2908,2776,06:00 PM,64800,unresolved,observed,nmmt_schedule_8907
8907,16468,050,2908,2776,06:05 PM,65100,unresolved,observed,nmmt_schedule_8907
8907,14322,050,2908,2776,06:35 PM,66900,unresolved,observed,nmmt_schedule_8907
8907,16430,050,2908,2776,07:04 PM,68640,unresolved,observed,nmmt_schedule_8907
8907,14326,050,2908,2776,07:10 PM,69000,unresolved,observed,nmmt_schedule_8907
8907,16432,050,2908,2776,07:33 PM,70380,unresolved,observed,nmmt_schedule_8907
8907,14330,050,2908,2776,07:50 PM,71400,unresolved,observed,nmmt_schedule_8907
8907,16436,050,2908,2776,08:01 PM,72060,unresolved,observed,nmmt_schedule_8907
8907,16441,050,2908,2776,08:30 PM,73800,unresolved,observed,nmmt_schedule_8907
8907,14334,050,2908,2776,08:35 PM,74100,unresolved,observed,nmmt_schedule_8907
8907,16446,050,2908,2776,08:58 PM,75480,unresolved,observed,nmmt_schedule_8907
8907,16452,050,2908,2776,09:25 PM,77100,unresolved,observed,nmmt_schedule_8907
8907,16457,050,2908,2776,09:55 PM,78900,unresolved,observed,nmmt_schedule_8907
8907,14342,050,2908,2776,10:15 PM,80100,unresolved,observed,nmmt_schedule_8907
8907,16462,050,2908,2776,10:25 PM,80700,unresolved,observed,nmmt_schedule_8907
8907,16466,050,2908,2776,10:50 PM,82200,unresolved,observed,nmmt_schedule_8907
8907,16471,050,2908,2776,11:20 PM,84000,unresolved,observed,nmmt_schedule_8907
8908,14280,050,2776,2908,05:20 AM,19200,unresolved,observed,nmmt_schedule_8908
8908,16401,050,2776,2908,05:45 AM,20700,unresolved,observed,nmmt_schedule_8908
8908,14284,050,2776,2908,06:00 AM,21600,unresolved,observed,nmmt_schedule_8908
8908,16405,050,2776,2908,06:10 AM,22200,unresolved,observed,nmmt_schedule_8908
8908,14288,050,2776,2908,06:35 AM,23700,unresolved,observed,nmmt_schedule_8908
8908,16415,050,2776,2908,07:00 AM,25200,unresolved,observed,nmmt_schedule_8908
8908,14292,050,2776,2908,07:08 AM,25680,unresolved,observed,nmmt_schedule_8908
8908,16419,050,2776,2908,07:27 AM,26820,unresolved,observed,nmmt_schedule_8908
8908,14295,050,2776,2908,07:38 AM,27480,unresolved,observed,nmmt_schedule_8908
8908,16423,050,2776,2908,07:54 AM,28440,unresolved,observed,nmmt_schedule_8908
8908,14300,050,2776,2908,08:08 AM,29280,unresolved,observed,nmmt_schedule_8908
8908,16385,050,2776,2908,08:21 AM,30060,unresolved,observed,nmmt_schedule_8908
8908,14304,050,2776,2908,08:42 AM,31320,unresolved,observed,nmmt_schedule_8908
8908,16388,050,2776,2908,08:48 AM,31680,unresolved,observed,nmmt_schedule_8908
8908,14308,050,2776,2908,09:12 AM,33120,unresolved,observed,nmmt_schedule_8908
8908,16391,050,2776,2908,09:15 AM,33300,unresolved,observed,nmmt_schedule_8908
8908,14282,050,2776,2908,09:37 AM,34620,unresolved,observed,nmmt_schedule_8908
8908,16396,050,2776,2908,09:42 AM,34920,unresolved,observed,nmmt_schedule_8908
8908,14286,050,2776,2908,10:10 AM,36600,unresolved,observed,nmmt_schedule_8908
8908,16402,050,2776,2908,10:35 AM,38100,unresolved,observed,nmmt_schedule_8908
8908,14290,050,2776,2908,10:40 AM,38400,unresolved,observed,nmmt_schedule_8908
8908,16411,050,2776,2908,11:02 AM,39720,unresolved,observed,nmmt_schedule_8908
8908,14294,050,2776,2908,11:10 AM,40200,unresolved,observed,nmmt_schedule_8908
8908,16417,050,2776,2908,11:29 AM,41340,unresolved,observed,nmmt_schedule_8908
8908,14297,050,2776,2908,11:40 AM,42000,unresolved,observed,nmmt_schedule_8908
8908,16422,050,2776,2908,11:56 AM,42960,unresolved,observed,nmmt_schedule_8908
8908,14302,050,2776,2908,12:15 PM,44100,unresolved,observed,nmmt_schedule_8908
8908,16425,050,2776,2908,12:23 PM,44580,unresolved,observed,nmmt_schedule_8908
8908,14306,050,2776,2908,12:50 PM,46200,unresolved,observed,nmmt_schedule_8908
8908,16433,050,2776,2908,01:17 PM,47820,unresolved,observed,nmmt_schedule_8908
8908,14310,050,2776,2908,01:35 PM,48900,unresolved,observed,nmmt_schedule_8908
8908,16438,050,2776,2908,01:45 PM,49500,unresolved,observed,nmmt_schedule_8908
8908,16442,050,2776,2908,02:12 PM,51120,unresolved,observed,nmmt_schedule_8908
8908,14312,050,2776,2908,02:20 PM,51600,unresolved,observed,nmmt_schedule_8908
8908,16444,050,2776,2908,02:39 PM,52740,unresolved,observed,nmmt_schedule_8908
8908,14316,050,2776,2908,03:05 PM,54300,unresolved,observed,nmmt_schedule_8908
8908,16449,050,2776,2908,03:06 PM,54360,unresolved,observed,nmmt_schedule_8908
8908,16454,050,2776,2908,03:33 PM,55980,unresolved,observed,nmmt_schedule_8908
8908,14321,050,2776,2908,03:48 PM,56880,unresolved,observed,nmmt_schedule_8908
8908,16459,050,2776,2908,04:00 PM,57600,unresolved,observed,nmmt_schedule_8908
8908,16467,050,2776,2908,04:27 PM,59220,unresolved,observed,nmmt_schedule_8908
8908,14325,050,2776,2908,04:35 PM,59700,unresolved,observed,nmmt_schedule_8908
8908,16472,050,2776,2908,04:55 PM,60900,unresolved,observed,nmmt_schedule_8908
8908,14329,050,2776,2908,05:10 PM,61800,unresolved,observed,nmmt_schedule_8908
8908,16429,050,2776,2908,05:22 PM,62520,unresolved,observed,nmmt_schedule_8908
8908,14333,050,2776,2908,05:50 PM,64200,unresolved,observed,nmmt_schedule_8908
8908,16437,050,2776,2908,06:18 PM,65880,unresolved,observed,nmmt_schedule_8908
8908,14337,050,2776,2908,06:25 PM,66300,unresolved,observed,nmmt_schedule_8908
8908,16440,050,2776,2908,06:46 PM,67560,unresolved,observed,nmmt_schedule_8908
8908,14314,050,2776,2908,07:05 PM,68700,unresolved,observed,nmmt_schedule_8908
8908,16447,050,2776,2908,07:15 PM,69300,unresolved,observed,nmmt_schedule_8908
8908,14319,050,2776,2908,07:25 PM,69900,unresolved,observed,nmmt_schedule_8908
8908,14341,050,2776,2908,07:40 PM,70800,unresolved,observed,nmmt_schedule_8908
8908,16451,050,2776,2908,07:45 PM,71100,unresolved,observed,nmmt_schedule_8908
8908,14323,050,2776,2908,08:15 PM,72900,unresolved,observed,nmmt_schedule_8908
8908,16461,050,2776,2908,08:45 PM,74700,unresolved,observed,nmmt_schedule_8908
8908,14327,050,2776,2908,08:50 PM,75000,unresolved,observed,nmmt_schedule_8908
8908,16464,050,2776,2908,09:15 PM,76500,unresolved,observed,nmmt_schedule_8908
8908,14331,050,2776,2908,09:28 PM,77280,unresolved,observed,nmmt_schedule_8908
8908,16470,050,2776,2908,09:45 PM,78300,unresolved,observed,nmmt_schedule_8908
8908,14335,050,2776,2908,10:15 PM,80100,unresolved,observed,nmmt_schedule_8908
8908,14343,050,2776,2908,11:45 PM,85500,unresolved,observed,nmmt_schedule_8908
8913,14318,050,3251,2776,06:20 PM,66000,unresolved,observed,nmmt_schedule_8913
8921,23908,005,3137,5029,05:40 AM,20400,unresolved,observed,nmmt_schedule_8921
8921,23912,005,3137,5029,06:30 AM,23400,unresolved,observed,nmmt_schedule_8921
8921,23917,005,3137,5029,07:10 AM,25800,unresolved,observed,nmmt_schedule_8921
8921,23922,005,3137,5029,07:45 AM,27900,unresolved,observed,nmmt_schedule_8921
8921,23927,005,3137,5029,08:20 AM,30000,unresolved,observed,nmmt_schedule_8921
8921,23932,005,3137,5029,08:55 AM,32100,unresolved,observed,nmmt_schedule_8921
8921,23936,005,3137,5029,01:25 PM,48300,unresolved,observed,nmmt_schedule_8921
8921,23941,005,3137,5029,02:15 PM,51300,unresolved,observed,nmmt_schedule_8921
8921,23946,005,3137,5029,02:50 PM,53400,unresolved,observed,nmmt_schedule_8921
8921,23951,005,3137,5029,03:25 PM,55500,unresolved,observed,nmmt_schedule_8921
8921,24537,005,3137,5029,04:00 PM,57600,unresolved,observed,nmmt_schedule_8921
8921,23961,005,3137,5029,04:35 PM,59700,unresolved,observed,nmmt_schedule_8921
8922,23910,005,5029,3137,10:55 AM,39300,unresolved,observed,nmmt_schedule_8922
8922,24491,005,5029,3137,11:00 AM,39600,unresolved,observed,nmmt_schedule_8922
8922,23915,005,5029,3137,11:30 AM,41400,unresolved,observed,nmmt_schedule_8922
8922,23920,005,5029,3137,12:10 PM,43800,unresolved,observed,nmmt_schedule_8922
8922,23925,005,5029,3137,12:50 PM,46200,unresolved,observed,nmmt_schedule_8922
8922,23930,005,5029,3137,01:30 PM,48600,unresolved,observed,nmmt_schedule_8922
8922,23935,005,5029,3137,02:10 PM,51000,unresolved,observed,nmmt_schedule_8922
8922,23939,005,5029,3137,06:35 PM,66900,unresolved,observed,nmmt_schedule_8922
8922,23944,005,5029,3137,07:15 PM,69300,unresolved,observed,nmmt_schedule_8922
8922,23949,005,5029,3137,07:55 PM,71700,unresolved,observed,nmmt_schedule_8922
8922,23954,005,5029,3137,08:30 PM,73800,unresolved,observed,nmmt_schedule_8922
8922,23959,005,5029,3137,09:10 PM,76200,unresolved,observed,nmmt_schedule_8922
8922,23964,005,5029,3137,10:00 PM,79200,unresolved,observed,nmmt_schedule_8922
8923,23906,005,2908,3137,05:15 AM,18900,unresolved,observed,nmmt_schedule_8923
8923,23911,005,2908,3137,06:00 AM,21600,unresolved,observed,nmmt_schedule_8923
8923,23916,005,2908,3137,06:45 AM,24300,unresolved,observed,nmmt_schedule_8923
8923,23921,005,2908,3137,07:20 AM,26400,unresolved,observed,nmmt_schedule_8923
8923,23926,005,2908,3137,07:55 AM,28500,unresolved,observed,nmmt_schedule_8923
8923,23931,005,2908,3137,08:30 AM,30600,unresolved,observed,nmmt_schedule_8923
8924,23956,005,3137,2908,04:00 PM,57600,unresolved,observed,nmmt_schedule_8924
8924,23940,005,3137,2908,08:12 PM,72720,unresolved,observed,nmmt_schedule_8924
8924,23945,005,3137,2908,08:52 PM,75120,unresolved,observed,nmmt_schedule_8924
8924,23950,005,3137,2908,09:32 PM,77520,unresolved,observed,nmmt_schedule_8924
8924,23955,005,3137,2908,10:07 PM,79620,unresolved,observed,nmmt_schedule_8924
8924,23960,005,3137,2908,10:47 PM,82020,unresolved,observed,nmmt_schedule_8924
8924,24546,005,3137,2908,11:37 PM,85020,unresolved,observed,nmmt_schedule_8924
8925,24011,016 AC,2907,4005,05:55 AM,21300,unresolved,observed,nmmt_schedule_8925
8930,24005,016 AC,3323,2907,12:01 PM,43260,unresolved,observed,nmmt_schedule_8930
8930,24015,016 AC,3323,2907,01:39 PM,49140,unresolved,observed,nmmt_schedule_8930
8930,24037,016 AC,3323,2907,10:24 PM,80640,unresolved,observed,nmmt_schedule_8930
8930,24026,016 AC,3323,2907,11:00 PM,82800,unresolved,observed,nmmt_schedule_8930
8932,23999,016 AC,2891,3996,06:13 AM,22380,unresolved,observed,nmmt_schedule_8932
8934,24027,016 AC,2907,3323,03:00 PM,54000,unresolved,observed,nmmt_schedule_8934
8934,24028,016 AC,2907,3323,03:15 PM,54900,unresolved,observed,nmmt_schedule_8934
8935,24004,016 AC,3996,4005,07:37 AM,27420,unresolved,observed,nmmt_schedule_8935
8936,24675,003 AC,2678,3173,06:30 AM,23400,unresolved,observed,nmmt_schedule_8936
8936,25429,003 AC,2678,3173,07:05 AM,25500,unresolved,observed,nmmt_schedule_8936
8936,25439,003 AC,2678,3173,07:40 AM,27600,unresolved,observed,nmmt_schedule_8936
8936,24677,003 AC,2678,3173,08:10 AM,29400,unresolved,observed,nmmt_schedule_8936
8936,25431,003 AC,2678,3173,08:43 AM,31380,unresolved,observed,nmmt_schedule_8936
8936,24716,003 AC,2678,3173,09:13 AM,33180,unresolved,observed,nmmt_schedule_8936
8936,25441,003 AC,2678,3173,09:23 AM,33780,unresolved,observed,nmmt_schedule_8936
8936,24685,003 AC,2678,3173,10:00 AM,36000,unresolved,observed,nmmt_schedule_8936
8936,24678,003 AC,2678,3173,10:23 AM,37380,unresolved,observed,nmmt_schedule_8936
8936,25433,003 AC,2678,3173,10:59 AM,39540,unresolved,observed,nmmt_schedule_8936
8936,25443,003 AC,2678,3173,11:35 AM,41700,unresolved,observed,nmmt_schedule_8936
8936,24718,003 AC,2678,3173,11:50 AM,42600,unresolved,observed,nmmt_schedule_8936
8936,24680,003 AC,2678,3173,12:03 PM,43380,unresolved,observed,nmmt_schedule_8936
8936,25437,003 AC,2678,3173,12:39 PM,45540,unresolved,observed,nmmt_schedule_8936
8936,25445,003 AC,2678,3173,01:15 PM,47700,unresolved,observed,nmmt_schedule_8936
8936,25449,003 AC,2678,3173,03:30 PM,55800,unresolved,observed,nmmt_schedule_8936
8936,24699,003 AC,2678,3173,04:05 PM,57900,unresolved,observed,nmmt_schedule_8936
8936,24706,003 AC,2678,3173,04:40 PM,60000,unresolved,observed,nmmt_schedule_8936
8936,25451,003 AC,2678,3173,05:13 PM,61980,unresolved,observed,nmmt_schedule_8936
8936,24701,003 AC,2678,3173,05:51 PM,64260,unresolved,observed,nmmt_schedule_8936
8936,24708,003 AC,2678,3173,06:29 PM,66540,unresolved,observed,nmmt_schedule_8936
8936,25453,003 AC,2678,3173,07:39 PM,70740,unresolved,observed,nmmt_schedule_8936
8936,24692,003 AC,2678,3173,07:45 PM,71100,unresolved,observed,nmmt_schedule_8936
8936,24697,003 AC,2678,3173,08:14 PM,72840,unresolved,observed,nmmt_schedule_8936
8936,24710,003 AC,2678,3173,08:50 PM,75000,unresolved,observed,nmmt_schedule_8936
8936,25455,003 AC,2678,3173,09:25 PM,77100,unresolved,observed,nmmt_schedule_8936
8936,24691,003 AC,2678,3173,09:35 PM,77700,unresolved,observed,nmmt_schedule_8936
8936,24704,003 AC,2678,3173,10:00 PM,79200,unresolved,observed,nmmt_schedule_8936
8936,24712,003 AC,2678,3173,10:35 PM,81300,unresolved,observed,nmmt_schedule_8936
8937,24676,003 AC,3173,2678,07:20 AM,26400,unresolved,observed,nmmt_schedule_8937
8937,25430,003 AC,3173,2678,07:53 AM,28380,unresolved,observed,nmmt_schedule_8937
8937,24715,003 AC,3173,2678,08:23 AM,30180,unresolved,observed,nmmt_schedule_8937
8937,25440,003 AC,3173,2678,08:30 AM,30600,unresolved,observed,nmmt_schedule_8937
8937,24683,003 AC,3173,2678,09:00 AM,32400,unresolved,observed,nmmt_schedule_8937
8937,24684,003 AC,3173,2678,09:10 AM,33000,unresolved,observed,nmmt_schedule_8937
8937,25432,003 AC,3173,2678,09:33 AM,34380,unresolved,observed,nmmt_schedule_8937
8937,24717,003 AC,3173,2678,10:03 AM,36180,unresolved,observed,nmmt_schedule_8937
8937,25442,003 AC,3173,2678,10:13 AM,36780,unresolved,observed,nmmt_schedule_8937
8937,24679,003 AC,3173,2678,11:13 AM,40380,unresolved,observed,nmmt_schedule_8937
8937,25436,003 AC,3173,2678,11:49 AM,42540,unresolved,observed,nmmt_schedule_8937
8937,25444,003 AC,3173,2678,12:25 PM,44700,unresolved,observed,nmmt_schedule_8937
8937,24681,003 AC,3173,2678,12:53 PM,46380,unresolved,observed,nmmt_schedule_8937
8937,25434,003 AC,3173,2678,01:29 PM,48540,unresolved,observed,nmmt_schedule_8937
8937,25447,003 AC,3173,2678,02:05 PM,50700,unresolved,observed,nmmt_schedule_8937
8937,25450,003 AC,3173,2678,04:20 PM,58800,unresolved,observed,nmmt_schedule_8937
8937,24700,003 AC,3173,2678,04:58 PM,61080,unresolved,observed,nmmt_schedule_8937
8937,24707,003 AC,3173,2678,05:33 PM,63180,unresolved,observed,nmmt_schedule_8937
8937,25452,003 AC,3173,2678,06:06 PM,65160,unresolved,observed,nmmt_schedule_8937
8937,24695,003 AC,3173,2678,06:15 PM,65700,unresolved,observed,nmmt_schedule_8937
8937,24702,003 AC,3173,2678,06:44 PM,67440,unresolved,observed,nmmt_schedule_8937
8937,24709,003 AC,3173,2678,07:21 PM,69660,unresolved,observed,nmmt_schedule_8937
8937,25454,003 AC,3173,2678,08:32 PM,73920,unresolved,observed,nmmt_schedule_8937
8937,24690,003 AC,3173,2678,08:40 PM,74400,unresolved,observed,nmmt_schedule_8937
8937,24703,003 AC,3173,2678,09:07 PM,76020,unresolved,observed,nmmt_schedule_8937
8937,24711,003 AC,3173,2678,09:45 PM,78300,unresolved,observed,nmmt_schedule_8937
8943,24550,016 AC,3930,3996,06:37 AM,23820,unresolved,observed,nmmt_schedule_8943
8951,24008,016 AC,2515,4005,10:32 AM,37920,unresolved,observed,nmmt_schedule_8951
8952,24001,016 AC,4005,2515,08:00 AM,28800,unresolved,observed,nmmt_schedule_8952
8952,24007,016 AC,4005,2515,09:00 AM,32400,unresolved,observed,nmmt_schedule_8952
8952,24032,016 AC,4005,2515,06:30 PM,66600,unresolved,observed,nmmt_schedule_8952
8953,24002,016 AC,2515,3996,09:33 AM,34380,unresolved,observed,nmmt_schedule_8953
8953,24033,016 AC,2515,3996,08:05 PM,72300,unresolved,observed,nmmt_schedule_8953
8953,24022,016 AC,2515,3996,08:40 PM,74400,unresolved,observed,nmmt_schedule_8953
8954,24003,016 AC,3996,2515,10:09 AM,36540,unresolved,observed,nmmt_schedule_8954
8954,24016,016 AC,3996,2515,07:13 PM,69180,unresolved,observed,nmmt_schedule_8954
8955,24565,016 AC,3323,4005,08:00 AM,28800,unresolved,observed,nmmt_schedule_8955
8955,24029,016 AC,3323,4005,03:37 PM,56220,unresolved,observed,nmmt_schedule_8955
8955,24019,016 AC,3323,4005,04:32 PM,59520,unresolved,observed,nmmt_schedule_8955
8955,24031,016 AC,3323,4005,05:32 PM,63120,unresolved,observed,nmmt_schedule_8955
8956,24566,016 AC,4005,3323,07:00 AM,25200,unresolved,observed,nmmt_schedule_8956
8956,24562,016 AC,4005,3323,11:30 AM,41400,unresolved,observed,nmmt_schedule_8956
8956,24030,016 AC,4005,3323,04:35 PM,59700,unresolved,observed,nmmt_schedule_8956
8956,24020,016 AC,4005,3323,05:30 PM,63000,unresolved,observed,nmmt_schedule_8956
8957,24000,016 AC,3323,3996,10:50 AM,39000,unresolved,observed,nmmt_schedule_8957
8957,24010,016 AC,3323,3996,12:28 PM,44880,unresolved,observed,nmmt_schedule_8957
8957,24577,016 AC,3323,3996,03:22 PM,55320,unresolved,observed,nmmt_schedule_8957
8957,24570,016 AC,3323,3996,06:35 PM,66900,unresolved,observed,nmmt_schedule_8957
8957,24581,016 AC,3323,3996,09:15 PM,76500,unresolved,observed,nmmt_schedule_8957
8957,24573,016 AC,3323,3996,09:51 PM,78660,unresolved,observed,nmmt_schedule_8957
8958,24554,016 AC,3996,3323,10:09 AM,36540,unresolved,observed,nmmt_schedule_8958
8958,24006,016 AC,3996,3323,11:26 AM,41160,unresolved,observed,nmmt_schedule_8958
8958,24014,016 AC,3996,3323,01:05 PM,47100,unresolved,observed,nmmt_schedule_8958
8958,24572,016 AC,3996,3323,03:57 PM,57420,unresolved,observed,nmmt_schedule_8958
8958,24589,016 AC,3996,3323,08:40 PM,74400,unresolved,observed,nmmt_schedule_8958
8958,24576,016 AC,3996,3323,09:15 PM,76500,unresolved,observed,nmmt_schedule_8958
8958,24582,016 AC,3996,3323,09:49 PM,78540,unresolved,observed,nmmt_schedule_8958
8958,24574,016 AC,3996,3323,10:26 PM,80760,unresolved,observed,nmmt_schedule_8958
8959,13685,015 AC,2765,2907,10:42 PM,81720,unresolved,observed,nmmt_schedule_8959
8959,13697,015 AC,2765,2907,11:05 PM,83100,unresolved,observed,nmmt_schedule_8959
8961,13684,015 AC,2895,2765,09:25 PM,77100,unresolved,observed,nmmt_schedule_8961
8961,13696,015 AC,2895,2765,09:47 PM,78420,unresolved,observed,nmmt_schedule_8961
8962,14851,004,3173,3122,06:00 AM,21600,unresolved,observed,nmmt_schedule_8962
8962,22670,004,3173,3122,06:25 AM,23100,unresolved,observed,nmmt_schedule_8962
8962,14862,004,3173,3122,06:32 AM,23520,unresolved,observed,nmmt_schedule_8962
8962,22682,004,3173,3122,06:50 AM,24600,unresolved,observed,nmmt_schedule_8962
8962,14873,004,3173,3122,07:00 AM,25200,unresolved,observed,nmmt_schedule_8962
8962,22667,004,3173,3122,07:15 AM,26100,unresolved,observed,nmmt_schedule_8962
8962,14857,004,3173,3122,07:32 AM,27120,unresolved,observed,nmmt_schedule_8962
8962,22676,004,3173,3122,07:42 AM,27720,unresolved,observed,nmmt_schedule_8962
8962,14869,004,3173,3122,08:02 AM,28920,unresolved,observed,nmmt_schedule_8962
8962,22690,004,3173,3122,08:05 AM,29100,unresolved,observed,nmmt_schedule_8962
8962,22664,004,3173,3122,08:29 AM,30540,unresolved,observed,nmmt_schedule_8962
8962,14852,004,3173,3122,08:30 AM,30600,unresolved,observed,nmmt_schedule_8962
8962,22671,004,3173,3122,08:57 AM,32220,unresolved,observed,nmmt_schedule_8962
8962,14866,004,3173,3122,09:01 AM,32460,unresolved,observed,nmmt_schedule_8962
8962,22686,004,3173,3122,09:22 AM,33720,unresolved,observed,nmmt_schedule_8962
8962,14875,004,3173,3122,09:30 AM,34200,unresolved,observed,nmmt_schedule_8962
8962,22693,004,3173,3122,09:45 AM,35100,unresolved,observed,nmmt_schedule_8962
8962,14881,004,3173,3122,10:01 AM,36060,unresolved,observed,nmmt_schedule_8962
8962,22696,004,3173,3122,10:10 AM,36600,unresolved,observed,nmmt_schedule_8962
8962,14882,004,3173,3122,10:30 AM,37800,unresolved,observed,nmmt_schedule_8962
8962,22669,004,3173,3122,10:35 AM,38100,unresolved,observed,nmmt_schedule_8962
8962,14858,004,3173,3122,11:02 AM,39720,unresolved,observed,nmmt_schedule_8962
8962,22679,004,3173,3122,11:05 AM,39900,unresolved,observed,nmmt_schedule_8962
8962,14853,004,3173,3122,11:28 AM,41280,unresolved,observed,nmmt_schedule_8962
8962,22661,004,3173,3122,11:45 AM,42300,unresolved,observed,nmmt_schedule_8962
8962,14865,004,3173,3122,12:00 PM,43200,unresolved,observed,nmmt_schedule_8962
8962,22674,004,3173,3122,12:15 PM,44100,unresolved,observed,nmmt_schedule_8962
8962,14870,004,3173,3122,12:32 PM,45120,unresolved,observed,nmmt_schedule_8962
8962,22685,004,3173,3122,12:38 PM,45480,unresolved,observed,nmmt_schedule_8962
8962,14876,004,3173,3122,01:02 PM,46920,unresolved,observed,nmmt_schedule_8962
8962,22688,004,3173,3122,01:07 PM,47220,unresolved,observed,nmmt_schedule_8962
8962,14879,004,3173,3122,01:35 PM,48900,unresolved,observed,nmmt_schedule_8962
8962,22701,004,3173,3122,02:07 PM,50820,unresolved,observed,nmmt_schedule_8962
8962,14885,004,3173,3122,02:12 PM,51120,unresolved,observed,nmmt_schedule_8962
8962,22698,004,3173,3122,02:35 PM,52500,unresolved,observed,nmmt_schedule_8962
8962,14887,004,3173,3122,03:01 PM,54060,unresolved,observed,nmmt_schedule_8962
8962,22705,004,3173,3122,03:05 PM,54300,unresolved,observed,nmmt_schedule_8962
8962,22708,004,3173,3122,03:35 PM,56100,unresolved,observed,nmmt_schedule_8962
8962,14891,004,3173,3122,03:38 PM,56280,unresolved,observed,nmmt_schedule_8962
8962,22716,004,3173,3122,04:07 PM,58020,unresolved,observed,nmmt_schedule_8962
8962,14823,004,3173,3122,04:10 PM,58200,unresolved,observed,nmmt_schedule_8962
8962,22723,004,3173,3122,04:37 PM,59820,unresolved,observed,nmmt_schedule_8962
8962,14831,004,3173,3122,04:42 PM,60120,unresolved,observed,nmmt_schedule_8962
8962,22728,004,3173,3122,05:05 PM,61500,unresolved,observed,nmmt_schedule_8962
8962,14836,004,3173,3122,05:11 PM,61860,unresolved,observed,nmmt_schedule_8962
8962,22717,004,3173,3122,05:33 PM,63180,unresolved,observed,nmmt_schedule_8962
8962,14837,004,3173,3122,05:38 PM,63480,unresolved,observed,nmmt_schedule_8962
8962,22700,004,3173,3122,06:01 PM,64860,unresolved,observed,nmmt_schedule_8962
8962,14841,004,3173,3122,06:10 PM,65400,unresolved,observed,nmmt_schedule_8962
8962,22735,004,3173,3122,06:25 PM,66300,unresolved,observed,nmmt_schedule_8962
8962,14847,004,3173,3122,06:40 PM,67200,unresolved,observed,nmmt_schedule_8962
8962,22654,004,3173,3122,06:52 PM,67920,unresolved,observed,nmmt_schedule_8962
8962,14888,004,3173,3122,07:12 PM,69120,unresolved,observed,nmmt_schedule_8962
8962,22704,004,3173,3122,07:17 PM,69420,unresolved,observed,nmmt_schedule_8962
8962,22710,004,3173,3122,07:38 PM,70680,unresolved,observed,nmmt_schedule_8962
8962,14890,004,3173,3122,07:42 PM,70920,unresolved,observed,nmmt_schedule_8962
8962,22724,004,3173,3122,08:05 PM,72300,unresolved,observed,nmmt_schedule_8962
8962,14838,004,3173,3122,08:12 PM,72720,unresolved,observed,nmmt_schedule_8962
8962,22730,004,3173,3122,08:30 PM,73800,unresolved,observed,nmmt_schedule_8962
8962,14822,004,3173,3122,08:42 PM,74520,unresolved,observed,nmmt_schedule_8962
8962,22712,004,3173,3122,08:55 PM,75300,unresolved,observed,nmmt_schedule_8962
8962,14828,004,3173,3122,09:12 PM,76320,unresolved,observed,nmmt_schedule_8962
8962,22718,004,3173,3122,09:22 PM,76920,unresolved,observed,nmmt_schedule_8962
8962,14833,004,3173,3122,09:45 PM,78300,unresolved,observed,nmmt_schedule_8962
8962,22658,004,3173,3122,10:10 PM,79800,unresolved,observed,nmmt_schedule_8962
8962,14849,004,3173,3122,10:25 PM,80700,unresolved,observed,nmmt_schedule_8962
8963,22666,004,3122,3173,06:00 AM,21600,unresolved,observed,nmmt_schedule_8963
8963,22677,004,3122,3173,06:30 AM,23400,unresolved,observed,nmmt_schedule_8963
8963,14868,004,3122,3173,06:45 AM,24300,unresolved,observed,nmmt_schedule_8963
8963,22689,004,3122,3173,06:55 AM,24900,unresolved,observed,nmmt_schedule_8963
8963,14855,004,3122,3173,07:15 AM,26100,unresolved,observed,nmmt_schedule_8963
8963,22675,004,3122,3173,07:40 AM,27600,unresolved,observed,nmmt_schedule_8963
8963,14863,004,3122,3173,07:45 AM,27900,unresolved,observed,nmmt_schedule_8963
8963,22683,004,3122,3173,08:05 AM,29100,unresolved,observed,nmmt_schedule_8963
8963,14874,004,3122,3173,08:15 AM,29700,unresolved,observed,nmmt_schedule_8963
8963,22692,004,3122,3173,08:30 AM,30600,unresolved,observed,nmmt_schedule_8963
8963,14878,004,3122,3173,08:45 AM,31500,unresolved,observed,nmmt_schedule_8963
8963,22699,004,3122,3173,08:55 AM,32100,unresolved,observed,nmmt_schedule_8963
8963,14883,004,3122,3173,09:15 AM,33300,unresolved,observed,nmmt_schedule_8963
8963,22668,004,3122,3173,09:20 AM,33600,unresolved,observed,nmmt_schedule_8963
8963,14859,004,3122,3173,09:45 AM,35100,unresolved,observed,nmmt_schedule_8963
8963,22678,004,3122,3173,09:50 AM,35400,unresolved,observed,nmmt_schedule_8963
8963,14854,004,3122,3173,10:15 AM,36900,unresolved,observed,nmmt_schedule_8963
8963,22660,004,3122,3173,10:32 AM,37920,unresolved,observed,nmmt_schedule_8963
8963,14864,004,3122,3173,10:45 AM,38700,unresolved,observed,nmmt_schedule_8963
8963,22673,004,3122,3173,11:00 AM,39600,unresolved,observed,nmmt_schedule_8963
8963,14871,004,3122,3173,11:15 AM,40500,unresolved,observed,nmmt_schedule_8963
8963,22684,004,3122,3173,11:25 AM,41100,unresolved,observed,nmmt_schedule_8963
8963,14872,004,3122,3173,11:45 AM,42300,unresolved,observed,nmmt_schedule_8963
8963,22691,004,3122,3173,11:50 AM,42600,unresolved,observed,nmmt_schedule_8963
8963,14880,004,3122,3173,12:20 PM,44400,unresolved,observed,nmmt_schedule_8963
8963,22703,004,3122,3173,12:50 PM,46200,unresolved,observed,nmmt_schedule_8963
8963,14884,004,3122,3173,12:55 PM,46500,unresolved,observed,nmmt_schedule_8963
8963,22697,004,3122,3173,01:20 PM,48000,unresolved,observed,nmmt_schedule_8963
8963,14886,004,3122,3173,01:45 PM,49500,unresolved,observed,nmmt_schedule_8963
8963,22707,004,3122,3173,01:50 PM,49800,unresolved,observed,nmmt_schedule_8963
8963,22711,004,3122,3173,02:20 PM,51600,unresolved,observed,nmmt_schedule_8963
8963,14892,004,3122,3173,02:25 PM,51900,unresolved,observed,nmmt_schedule_8963
8963,22714,004,3122,3173,02:50 PM,53400,unresolved,observed,nmmt_schedule_8963
8963,14826,004,3122,3173,02:55 PM,53700,unresolved,observed,nmmt_schedule_8963
8963,22726,004,3122,3173,03:20 PM,55200,unresolved,observed,nmmt_schedule_8963
8963,14830,004,3122,3173,03:25 PM,55500,unresolved,observed,nmmt_schedule_8963
8963,22733,004,3122,3173,03:50 PM,57000,unresolved,observed,nmmt_schedule_8963
8963,14835,004,3122,3173,03:55 PM,57300,unresolved,observed,nmmt_schedule_8963
8963,22721,004,3122,3173,04:20 PM,58800,unresolved,observed,nmmt_schedule_8963
8963,14839,004,3122,3173,04:25 PM,59100,unresolved,observed,nmmt_schedule_8963
8963,22702,004,3122,3173,04:45 PM,60300,unresolved,observed,nmmt_schedule_8963
8963,14842,004,3122,3173,04:55 PM,60900,unresolved,observed,nmmt_schedule_8963
8963,22734,004,3122,3173,05:10 PM,61800,unresolved,observed,nmmt_schedule_8963
8963,14846,004,3122,3173,05:25 PM,62700,unresolved,observed,nmmt_schedule_8963
8963,22657,004,3122,3173,05:35 PM,63300,unresolved,observed,nmmt_schedule_8963
8963,14889,004,3122,3173,05:55 PM,64500,unresolved,observed,nmmt_schedule_8963
8963,22706,004,3122,3173,06:00 PM,64800,unresolved,observed,nmmt_schedule_8963
8963,14893,004,3122,3173,06:25 PM,66300,unresolved,observed,nmmt_schedule_8963
8963,22722,004,3122,3173,06:50 PM,67800,unresolved,observed,nmmt_schedule_8963
8963,14840,004,3122,3173,06:55 PM,68100,unresolved,observed,nmmt_schedule_8963
8963,22729,004,3122,3173,07:15 PM,69300,unresolved,observed,nmmt_schedule_8963
8963,14824,004,3122,3173,07:25 PM,69900,unresolved,observed,nmmt_schedule_8963
8963,22715,004,3122,3173,07:40 PM,70800,unresolved,observed,nmmt_schedule_8963
8963,14829,004,3122,3173,07:55 PM,71700,unresolved,observed,nmmt_schedule_8963
8963,22720,004,3122,3173,08:05 PM,72300,unresolved,observed,nmmt_schedule_8963
8963,14832,004,3122,3173,08:30 PM,73800,unresolved,observed,nmmt_schedule_8963
8963,22655,004,3122,3173,08:55 PM,75300,unresolved,observed,nmmt_schedule_8963
8963,14848,004,3122,3173,09:10 PM,76200,unresolved,observed,nmmt_schedule_8963
8963,22725,004,3122,3173,09:20 PM,76800,unresolved,observed,nmmt_schedule_8963
8963,14843,004,3122,3173,09:45 PM,78300,unresolved,observed,nmmt_schedule_8963
8964,14850,004,2908,3173,05:15 AM,18900,unresolved,observed,nmmt_schedule_8964
8964,22672,004,2908,3173,05:40 AM,20400,unresolved,observed,nmmt_schedule_8964
8964,14861,004,2908,3173,05:45 AM,20700,unresolved,observed,nmmt_schedule_8964
8964,22681,004,2908,3173,06:05 AM,21900,unresolved,observed,nmmt_schedule_8964
8964,14877,004,2908,3173,06:15 AM,22500,unresolved,observed,nmmt_schedule_8964
8965,22727,004,3173,2908,10:35 PM,81300,unresolved,observed,nmmt_schedule_8965
8965,14844,004,3173,2908,11:00 PM,82800,unresolved,observed,nmmt_schedule_8965
8966,14856,004,2908,3122,05:20 AM,19200,unresolved,observed,nmmt_schedule_8966
8966,22680,004,2908,3122,05:50 AM,21000,unresolved,observed,nmmt_schedule_8966
8966,14867,004,2908,3122,06:05 AM,21900,unresolved,observed,nmmt_schedule_8966
8966,22687,004,2908,3122,06:15 AM,22500,unresolved,observed,nmmt_schedule_8966
8967,14825,004,3122,2908,09:52 PM,78720,unresolved,observed,nmmt_schedule_8967
8967,22713,004,3122,2908,10:07 PM,79620,unresolved,observed,nmmt_schedule_8967
8967,14827,004,3122,2908,10:24 PM,80640,unresolved,observed,nmmt_schedule_8967
8967,22719,004,3122,2908,10:34 PM,81240,unresolved,observed,nmmt_schedule_8967
8967,14834,004,3122,2908,10:57 PM,82620,unresolved,observed,nmmt_schedule_8967
8967,22656,004,3122,2908,11:17 PM,83820,unresolved,observed,nmmt_schedule_8967
8967,14845,004,3122,2908,11:32 PM,84720,unresolved,observed,nmmt_schedule_8967
8977,15291,007,3251,2765,06:10 PM,65400,unresolved,observed,nmmt_schedule_8977
8980,12890,007,3173,3194,06:05 AM,21900,unresolved,observed,nmmt_schedule_8980
8980,12900,007,3173,3194,06:33 AM,23580,unresolved,observed,nmmt_schedule_8980
8980,12902,007,3173,3194,07:03 AM,25380,unresolved,observed,nmmt_schedule_8980
8980,12909,007,3173,3194,07:28 AM,26880,unresolved,observed,nmmt_schedule_8980
8980,12918,007,3173,3194,07:55 AM,28500,unresolved,observed,nmmt_schedule_8980
8980,12891,007,3173,3194,08:16 AM,29760,unresolved,observed,nmmt_schedule_8980
8980,12898,007,3173,3194,08:49 AM,31740,unresolved,observed,nmmt_schedule_8980
8980,12925,007,3173,3194,08:59 AM,32340,unresolved,observed,nmmt_schedule_8980
8980,12903,007,3173,3194,09:20 AM,33600,unresolved,observed,nmmt_schedule_8980
8980,12932,007,3173,3194,09:39 AM,34740,unresolved,observed,nmmt_schedule_8980
8980,12911,007,3173,3194,09:47 AM,35220,unresolved,observed,nmmt_schedule_8980
8980,12920,007,3173,3194,10:20 AM,37200,unresolved,observed,nmmt_schedule_8980
8980,12889,007,3173,3194,11:05 AM,39900,unresolved,observed,nmmt_schedule_8980
8980,12923,007,3173,3194,11:15 AM,40500,unresolved,observed,nmmt_schedule_8980
8980,12896,007,3173,3194,11:40 AM,42000,unresolved,observed,nmmt_schedule_8980
8980,12934,007,3173,3194,11:55 AM,42900,unresolved,observed,nmmt_schedule_8980
8980,12905,007,3173,3194,12:20 PM,44400,unresolved,observed,nmmt_schedule_8980
8980,12913,007,3173,3194,01:00 PM,46800,unresolved,observed,nmmt_schedule_8980
8980,12916,007,3173,3194,01:35 PM,48900,unresolved,observed,nmmt_schedule_8980
8980,12924,007,3173,3194,02:15 PM,51300,unresolved,observed,nmmt_schedule_8980
8980,12936,007,3173,3194,02:50 PM,53400,unresolved,observed,nmmt_schedule_8980
8980,12944,007,3173,3194,04:49 PM,60540,unresolved,observed,nmmt_schedule_8980
8980,12951,007,3173,3194,05:32 PM,63120,unresolved,observed,nmmt_schedule_8980
8980,12879,007,3173,3194,06:12 PM,65520,unresolved,observed,nmmt_schedule_8980
8980,12887,007,3173,3194,06:52 PM,67920,unresolved,observed,nmmt_schedule_8980
8980,12957,007,3173,3194,07:05 PM,68700,unresolved,observed,nmmt_schedule_8980
8980,12864,007,3173,3194,07:32 PM,70320,unresolved,observed,nmmt_schedule_8980
8980,12941,007,3173,3194,07:55 PM,71700,unresolved,observed,nmmt_schedule_8980
8980,12965,007,3173,3194,08:12 PM,72720,unresolved,observed,nmmt_schedule_8980
8980,12946,007,3173,3194,08:35 PM,74100,unresolved,observed,nmmt_schedule_8980
8980,12873,007,3173,3194,09:15 PM,76500,unresolved,observed,nmmt_schedule_8980
8980,12886,007,3173,3194,09:53 PM,78780,unresolved,observed,nmmt_schedule_8980
8980,12959,007,3173,3194,10:30 PM,81000,unresolved,observed,nmmt_schedule_8980
8980,12867,007,3173,3194,10:56 PM,82560,unresolved,observed,nmmt_schedule_8980
8981,12893,007,3194,3173,07:10 AM,25800,unresolved,observed,nmmt_schedule_8981
8981,12897,007,3194,3173,07:41 AM,27660,unresolved,observed,nmmt_schedule_8981
8981,12907,007,3194,3173,08:11 AM,29460,unresolved,observed,nmmt_schedule_8981
8981,12910,007,3194,3173,08:38 AM,31080,unresolved,observed,nmmt_schedule_8981
8981,12919,007,3194,3173,09:08 AM,32880,unresolved,observed,nmmt_schedule_8981
8981,12892,007,3194,3173,09:56 AM,35760,unresolved,observed,nmmt_schedule_8981
8981,12926,007,3194,3173,10:07 AM,36420,unresolved,observed,nmmt_schedule_8981
8981,12899,007,3194,3173,10:32 AM,37920,unresolved,observed,nmmt_schedule_8981
8981,12933,007,3194,3173,10:47 AM,38820,unresolved,observed,nmmt_schedule_8981
8981,12904,007,3194,3173,11:10 AM,40200,unresolved,observed,nmmt_schedule_8981
8981,12912,007,3194,3173,11:50 AM,42600,unresolved,observed,nmmt_schedule_8981
8981,12917,007,3194,3173,12:25 PM,44700,unresolved,observed,nmmt_schedule_8981
8981,12928,007,3194,3173,01:05 PM,47100,unresolved,observed,nmmt_schedule_8981
8981,12935,007,3194,3173,01:40 PM,49200,unresolved,observed,nmmt_schedule_8981
8981,12939,007,3194,3173,02:35 PM,52500,unresolved,observed,nmmt_schedule_8981
8981,12948,007,3194,3173,02:55 PM,53700,unresolved,observed,nmmt_schedule_8981
8981,12878,007,3194,3173,03:35 PM,56100,unresolved,observed,nmmt_schedule_8981
8981,12881,007,3194,3173,04:13 PM,58380,unresolved,observed,nmmt_schedule_8981
8981,12954,007,3194,3173,04:27 PM,59220,unresolved,observed,nmmt_schedule_8981
8981,12869,007,3194,3173,04:53 PM,60780,unresolved,observed,nmmt_schedule_8981
8981,12961,007,3194,3173,05:33 PM,63180,unresolved,observed,nmmt_schedule_8981
8981,12940,007,3194,3173,06:42 PM,67320,unresolved,observed,nmmt_schedule_8981
8981,12945,007,3194,3173,07:22 PM,69720,unresolved,observed,nmmt_schedule_8981
8981,12875,007,3194,3173,08:02 PM,72120,unresolved,observed,nmmt_schedule_8981
8981,12885,007,3194,3173,08:42 PM,74520,unresolved,observed,nmmt_schedule_8981
8981,12958,007,3194,3173,09:15 PM,76500,unresolved,observed,nmmt_schedule_8981
8981,12866,007,3194,3173,09:45 PM,78300,unresolved,observed,nmmt_schedule_8981
8981,12966,007,3194,3173,10:15 PM,80100,unresolved,observed,nmmt_schedule_8981
8984,15228,007,2765,3251,08:35 AM,30900,unresolved,observed,nmmt_schedule_8984
8984,15290,007,2765,3251,05:02 PM,61320,unresolved,observed,nmmt_schedule_8984
8985,15229,007,4801,3173,09:45 AM,35100,unresolved,observed,nmmt_schedule_8985
8998,25692,WST1AC,2907,3173,01:15 AM,4500,unresolved,observed,nmmt_schedule_8998
8998,25694,WST1AC,2907,3173,03:05 AM,11100,unresolved,observed,nmmt_schedule_8998
9004,15735,007 AC,3173,3194,06:05 AM,21900,unresolved,observed,nmmt_schedule_9004
9004,15740,007 AC,3173,3194,06:33 AM,23580,unresolved,observed,nmmt_schedule_9004
9004,15747,007 AC,3173,3194,07:03 AM,25380,unresolved,observed,nmmt_schedule_9004
9004,15755,007 AC,3173,3194,07:28 AM,26880,unresolved,observed,nmmt_schedule_9004
9004,15762,007 AC,3173,3194,07:55 AM,28500,unresolved,observed,nmmt_schedule_9004
9004,15734,007 AC,3173,3194,08:16 AM,29760,unresolved,observed,nmmt_schedule_9004
9004,15741,007 AC,3173,3194,08:49 AM,31740,unresolved,observed,nmmt_schedule_9004
9004,15769,007 AC,3173,3194,08:59 AM,32340,unresolved,observed,nmmt_schedule_9004
9004,15750,007 AC,3173,3194,09:20 AM,33600,unresolved,observed,nmmt_schedule_9004
9004,15776,007 AC,3173,3194,09:39 AM,34740,unresolved,observed,nmmt_schedule_9004
9004,15757,007 AC,3173,3194,09:47 AM,35220,unresolved,observed,nmmt_schedule_9004
9004,15763,007 AC,3173,3194,10:20 AM,37200,unresolved,observed,nmmt_schedule_9004
9004,15737,007 AC,3173,3194,11:05 AM,39900,unresolved,observed,nmmt_schedule_9004
9004,15771,007 AC,3173,3194,11:15 AM,40500,unresolved,observed,nmmt_schedule_9004
9004,15742,007 AC,3173,3194,11:40 AM,42000,unresolved,observed,nmmt_schedule_9004
9004,15778,007 AC,3173,3194,11:55 AM,42900,unresolved,observed,nmmt_schedule_9004
9004,15752,007 AC,3173,3194,12:20 PM,44400,unresolved,observed,nmmt_schedule_9004
9004,13570,007 AC,3173,3194,12:30 PM,45000,unresolved,observed,nmmt_schedule_9004
9004,15760,007 AC,3173,3194,01:00 PM,46800,unresolved,observed,nmmt_schedule_9004
9004,15766,007 AC,3173,3194,01:35 PM,48900,unresolved,observed,nmmt_schedule_9004
9004,13582,007 AC,3173,3194,01:40 PM,49200,unresolved,observed,nmmt_schedule_9004
9004,15773,007 AC,3173,3194,02:15 PM,51300,unresolved,observed,nmmt_schedule_9004
9004,13598,007 AC,3173,3194,04:30 PM,59400,unresolved,observed,nmmt_schedule_9004
9004,15789,007 AC,3173,3194,05:40 PM,63600,unresolved,observed,nmmt_schedule_9004
9004,24907,007 AC,3173,3194,05:41 PM,63660,unresolved,observed,nmmt_schedule_9004
9004,15794,007 AC,3173,3194,06:20 PM,66000,unresolved,observed,nmmt_schedule_9004
9004,24922,007 AC,3173,3194,06:21 PM,66060,unresolved,observed,nmmt_schedule_9004
9004,15806,007 AC,3173,3194,07:00 PM,68400,unresolved,observed,nmmt_schedule_9004
9004,24929,007 AC,3173,3194,07:01 PM,68460,unresolved,observed,nmmt_schedule_9004
9004,15815,007 AC,3173,3194,07:50 PM,71400,unresolved,observed,nmmt_schedule_9004
9004,15829,007 AC,3173,3194,07:55 PM,71700,unresolved,observed,nmmt_schedule_9004
9004,15824,007 AC,3173,3194,08:35 PM,74100,unresolved,observed,nmmt_schedule_9004
9004,15786,007 AC,3173,3194,08:43 PM,74580,unresolved,observed,nmmt_schedule_9004
9004,15796,007 AC,3173,3194,09:21 PM,76860,unresolved,observed,nmmt_schedule_9004
9004,15802,007 AC,3173,3194,10:03 PM,79380,unresolved,observed,nmmt_schedule_9004
9004,24938,007 AC,3173,3194,10:35 PM,81300,unresolved,observed,nmmt_schedule_9004
9004,15812,007 AC,3173,3194,10:48 PM,82080,unresolved,observed,nmmt_schedule_9004
9004,24942,007 AC,3173,3194,10:55 PM,82500,unresolved,observed,nmmt_schedule_9004
9005,15733,007 AC,3194,3173,07:10 AM,25800,unresolved,observed,nmmt_schedule_9005
9005,15744,007 AC,3194,3173,07:41 AM,27660,unresolved,observed,nmmt_schedule_9005
9005,15749,007 AC,3194,3173,08:11 AM,29460,unresolved,observed,nmmt_schedule_9005
9005,15756,007 AC,3194,3173,08:38 AM,31080,unresolved,observed,nmmt_schedule_9005
9005,15764,007 AC,3194,3173,09:08 AM,32880,unresolved,observed,nmmt_schedule_9005
9005,15736,007 AC,3194,3173,09:56 AM,35760,unresolved,observed,nmmt_schedule_9005
9005,15770,007 AC,3194,3173,10:07 AM,36420,unresolved,observed,nmmt_schedule_9005
9005,15745,007 AC,3194,3173,10:32 AM,37920,unresolved,observed,nmmt_schedule_9005
9005,15777,007 AC,3194,3173,10:47 AM,38820,unresolved,observed,nmmt_schedule_9005
9005,15751,007 AC,3194,3173,11:10 AM,40200,unresolved,observed,nmmt_schedule_9005
9005,13569,007 AC,3194,3173,11:20 AM,40800,unresolved,observed,nmmt_schedule_9005
9005,15758,007 AC,3194,3173,11:50 AM,42600,unresolved,observed,nmmt_schedule_9005
9005,15765,007 AC,3194,3173,12:25 PM,44700,unresolved,observed,nmmt_schedule_9005
9005,13581,007 AC,3194,3173,12:30 PM,45000,unresolved,observed,nmmt_schedule_9005
9005,15772,007 AC,3194,3173,01:05 PM,47100,unresolved,observed,nmmt_schedule_9005
9005,15779,007 AC,3194,3173,02:00 PM,50400,unresolved,observed,nmmt_schedule_9005
9005,15781,007 AC,3194,3173,03:02 PM,54120,unresolved,observed,nmmt_schedule_9005
9005,13597,007 AC,3194,3173,03:15 PM,54900,unresolved,observed,nmmt_schedule_9005
9005,15791,007 AC,3194,3173,03:42 PM,56520,unresolved,observed,nmmt_schedule_9005
9005,15801,007 AC,3194,3173,04:22 PM,58920,unresolved,observed,nmmt_schedule_9005
9005,15809,007 AC,3194,3173,05:12 PM,61920,unresolved,observed,nmmt_schedule_9005
9005,15818,007 AC,3194,3173,05:55 PM,64500,unresolved,observed,nmmt_schedule_9005
9005,15828,007 AC,3194,3173,06:40 PM,67200,unresolved,observed,nmmt_schedule_9005
9005,15785,007 AC,3194,3173,07:30 PM,70200,unresolved,observed,nmmt_schedule_9005
9005,15795,007 AC,3194,3173,08:08 PM,72480,unresolved,observed,nmmt_schedule_9005
9005,15799,007 AC,3194,3173,08:52 PM,75120,unresolved,observed,nmmt_schedule_9005
9005,24937,007 AC,3194,3173,09:20 PM,76800,unresolved,observed,nmmt_schedule_9005
9005,15811,007 AC,3194,3173,09:37 PM,77820,unresolved,observed,nmmt_schedule_9005
9005,24941,007 AC,3194,3173,09:50 PM,78600,unresolved,observed,nmmt_schedule_9005
9005,15820,007 AC,3194,3173,10:15 PM,80100,unresolved,observed,nmmt_schedule_9005
9009,19252,058,4906,2907,08:15 PM,72900,unresolved,observed,nmmt_schedule_9009
9009,19257,058,4906,2907,08:45 PM,74700,unresolved,observed,nmmt_schedule_9009
9009,19262,058,4906,2907,09:20 PM,76800,unresolved,observed,nmmt_schedule_9009
9009,19267,058,4906,2907,09:45 PM,78300,unresolved,observed,nmmt_schedule_9009
9009,19272,058,4906,2907,10:10 PM,79800,unresolved,observed,nmmt_schedule_9009
9009,19213,058,4906,2907,05:30 AM,19800,unresolved,observed,nmmt_schedule_9009
9009,19215,058,4906,2907,06:00 AM,21600,unresolved,observed,nmmt_schedule_9009
9009,19217,058,4906,2907,06:30 AM,23400,unresolved,observed,nmmt_schedule_9009
9009,19200,058,4906,2907,07:00 AM,25200,unresolved,observed,nmmt_schedule_9009
9011,24900,007 AC,2765,3251,08:35 AM,30900,unresolved,observed,nmmt_schedule_9011
9011,24935,007 AC,2765,3251,05:02 PM,61320,unresolved,observed,nmmt_schedule_9011
9012,24901,007 AC,4801,3173,09:45 AM,35100,unresolved,observed,nmmt_schedule_9012
9021,25699,WST1AC,2515,2908,04:05 AM,14700,unresolved,observed,nmmt_schedule_9021
9022,25700,WST1AC,2908,3173,05:30 AM,19800,unresolved,observed,nmmt_schedule_9022
9025,25696,WST1AC,2907,3173,05:30 AM,19800,unresolved,observed,nmmt_schedule_9025
9036,15301,071,3323,2719,06:05 AM,21900,unresolved,observed,nmmt_schedule_9036
9036,19847,071,3323,2719,06:25 AM,23100,unresolved,observed,nmmt_schedule_9036
9036,15310,071,3323,2719,06:40 AM,24000,unresolved,observed,nmmt_schedule_9036
9036,19853,071,3323,2719,06:45 AM,24300,unresolved,observed,nmmt_schedule_9036
9036,19857,071,3323,2719,07:02 AM,25320,unresolved,observed,nmmt_schedule_9036
9036,15317,071,3323,2719,07:05 AM,25500,unresolved,observed,nmmt_schedule_9036
9036,19862,071,3323,2719,07:27 AM,26820,unresolved,observed,nmmt_schedule_9036
9036,15319,071,3323,2719,07:32 AM,27120,unresolved,observed,nmmt_schedule_9036
9036,19868,071,3323,2719,07:47 AM,28020,unresolved,observed,nmmt_schedule_9036
9036,15324,071,3323,2719,07:55 AM,28500,unresolved,observed,nmmt_schedule_9036
9036,19874,071,3323,2719,08:07 AM,29220,unresolved,observed,nmmt_schedule_9036
9036,15330,071,3323,2719,08:22 AM,30120,unresolved,observed,nmmt_schedule_9036
9036,19879,071,3323,2719,08:32 AM,30720,unresolved,observed,nmmt_schedule_9036
9036,15298,071,3323,2719,08:50 AM,31800,unresolved,observed,nmmt_schedule_9036
9036,19936,071,3323,2719,09:15 AM,33300,unresolved,observed,nmmt_schedule_9036
9036,15306,071,3323,2719,09:20 AM,33600,unresolved,observed,nmmt_schedule_9036
9036,19841,071,3323,2719,09:40 AM,34800,unresolved,observed,nmmt_schedule_9036
9036,15302,071,3323,2719,09:50 AM,35400,unresolved,observed,nmmt_schedule_9036
9036,19849,071,3323,2719,10:05 AM,36300,unresolved,observed,nmmt_schedule_9036
9036,15311,071,3323,2719,10:20 AM,37200,unresolved,observed,nmmt_schedule_9036
9036,19850,071,3323,2719,10:30 AM,37800,unresolved,observed,nmmt_schedule_9036
9036,19858,071,3323,2719,10:50 AM,39000,unresolved,observed,nmmt_schedule_9036
9036,15315,071,3323,2719,10:52 AM,39120,unresolved,observed,nmmt_schedule_9036
9036,19864,071,3323,2719,11:10 AM,40200,unresolved,observed,nmmt_schedule_9036
9036,15323,071,3323,2719,11:20 AM,40800,unresolved,observed,nmmt_schedule_9036
9036,19869,071,3323,2719,11:32 AM,41520,unresolved,observed,nmmt_schedule_9036
9036,15327,071,3323,2719,11:50 AM,42600,unresolved,observed,nmmt_schedule_9036
9036,19871,071,3323,2719,11:55 AM,42900,unresolved,observed,nmmt_schedule_9036
9036,19877,071,3323,2719,12:20 PM,44400,unresolved,observed,nmmt_schedule_9036
9036,19859,071,3323,2719,12:30 PM,45000,unresolved,observed,nmmt_schedule_9036
9036,19881,071,3323,2719,12:50 PM,46200,unresolved,observed,nmmt_schedule_9036
9036,15334,071,3323,2719,01:00 PM,46800,unresolved,observed,nmmt_schedule_9036
9036,19888,071,3323,2719,01:17 PM,47820,unresolved,observed,nmmt_schedule_9036
9036,15339,071,3323,2719,01:37 PM,49020,unresolved,observed,nmmt_schedule_9036
9036,15344,071,3323,2719,02:00 PM,50400,unresolved,observed,nmmt_schedule_9036
9036,19899,071,3323,2719,02:02 PM,50520,unresolved,observed,nmmt_schedule_9036
9036,19903,071,3323,2719,02:20 PM,51600,unresolved,observed,nmmt_schedule_9036
9036,15350,071,3323,2719,02:37 PM,52620,unresolved,observed,nmmt_schedule_9036
9036,19908,071,3323,2719,02:40 PM,52800,unresolved,observed,nmmt_schedule_9036
9036,19914,071,3323,2719,03:02 PM,54120,unresolved,observed,nmmt_schedule_9036
9036,15354,071,3323,2719,03:12 PM,54720,unresolved,observed,nmmt_schedule_9036
9036,19918,071,3323,2719,03:22 PM,55320,unresolved,observed,nmmt_schedule_9036
9036,19923,071,3323,2719,03:40 PM,56400,unresolved,observed,nmmt_schedule_9036
9036,15359,071,3323,2719,03:42 PM,56520,unresolved,observed,nmmt_schedule_9036
9036,19928,071,3323,2719,04:00 PM,57600,unresolved,observed,nmmt_schedule_9036
9036,15365,071,3323,2719,04:15 PM,58500,unresolved,observed,nmmt_schedule_9036
9036,19940,071,3323,2719,04:25 PM,59100,unresolved,observed,nmmt_schedule_9036
9036,15369,071,3323,2719,04:50 PM,60600,unresolved,observed,nmmt_schedule_9036
9036,19931,071,3323,2719,04:52 PM,60720,unresolved,observed,nmmt_schedule_9036
9036,19883,071,3323,2719,05:15 PM,62100,unresolved,observed,nmmt_schedule_9036
9036,15336,071,3323,2719,05:20 PM,62400,unresolved,observed,nmmt_schedule_9036
9036,19889,071,3323,2719,05:40 PM,63600,unresolved,observed,nmmt_schedule_9036
9036,15340,071,3323,2719,05:55 PM,64500,unresolved,observed,nmmt_schedule_9036
9036,19894,071,3323,2719,06:03 PM,64980,unresolved,observed,nmmt_schedule_9036
9036,15346,071,3323,2719,06:25 PM,66300,unresolved,observed,nmmt_schedule_9036
9036,19901,071,3323,2719,06:50 PM,67800,unresolved,observed,nmmt_schedule_9036
9036,15351,071,3323,2719,07:00 PM,68400,unresolved,observed,nmmt_schedule_9036
9036,19907,071,3323,2719,07:12 PM,69120,unresolved,observed,nmmt_schedule_9036
9036,19912,071,3323,2719,07:32 PM,70320,unresolved,observed,nmmt_schedule_9036
9036,15355,071,3323,2719,07:37 PM,70620,unresolved,observed,nmmt_schedule_9036
9036,19915,071,3323,2719,07:55 PM,71700,unresolved,observed,nmmt_schedule_9036
9036,15361,071,3323,2719,08:12 PM,72720,unresolved,observed,nmmt_schedule_9036
9036,19922,071,3323,2719,08:22 PM,73320,unresolved,observed,nmmt_schedule_9036
9036,19927,071,3323,2719,08:40 PM,74400,unresolved,observed,nmmt_schedule_9036
9036,15366,071,3323,2719,08:50 PM,75000,unresolved,observed,nmmt_schedule_9036
9036,19942,071,3323,2719,09:02 PM,75720,unresolved,observed,nmmt_schedule_9036
9036,15372,071,3323,2719,09:25 PM,77100,unresolved,observed,nmmt_schedule_9036
9037,15297,071,4397,3323,06:45 AM,24300,unresolved,observed,nmmt_schedule_9037
9037,19938,071,4397,3323,07:11 AM,25860,unresolved,observed,nmmt_schedule_9037
9037,15305,071,4397,3323,07:15 AM,26100,unresolved,observed,nmmt_schedule_9037
9037,15304,071,4397,3323,07:32 AM,27120,unresolved,observed,nmmt_schedule_9037
9037,19844,071,4397,3323,07:34 AM,27240,unresolved,observed,nmmt_schedule_9037
9037,19848,071,4397,3323,07:59 AM,28740,unresolved,observed,nmmt_schedule_9037
9037,15312,071,4397,3323,08:12 AM,29520,unresolved,observed,nmmt_schedule_9037
9037,19854,071,4397,3323,08:23 AM,30180,unresolved,observed,nmmt_schedule_9037
9037,19856,071,4397,3323,08:37 AM,31020,unresolved,observed,nmmt_schedule_9037
9037,15314,071,4397,3323,08:45 AM,31500,unresolved,observed,nmmt_schedule_9037
9037,19861,071,4397,3323,08:59 AM,32340,unresolved,observed,nmmt_schedule_9037
9037,15321,071,4397,3323,09:05 AM,32700,unresolved,observed,nmmt_schedule_9037
9037,19866,071,4397,3323,09:22 AM,33720,unresolved,observed,nmmt_schedule_9037
9037,15326,071,4397,3323,09:30 AM,34200,unresolved,observed,nmmt_schedule_9037
9037,19872,071,4397,3323,09:42 AM,34920,unresolved,observed,nmmt_schedule_9037
9037,15333,071,4397,3323,10:00 AM,36000,unresolved,observed,nmmt_schedule_9037
9037,19876,071,4397,3323,10:05 AM,36300,unresolved,observed,nmmt_schedule_9037
9037,19839,071,4397,3323,10:30 AM,37800,unresolved,observed,nmmt_schedule_9037
9037,15299,071,4397,3323,10:31 AM,37860,unresolved,observed,nmmt_schedule_9037
9037,19937,071,4397,3323,10:53 AM,39180,unresolved,observed,nmmt_schedule_9037
9037,15308,071,4397,3323,11:00 AM,39600,unresolved,observed,nmmt_schedule_9037
9037,19843,071,4397,3323,11:23 AM,40980,unresolved,observed,nmmt_schedule_9037
9037,15303,071,4397,3323,11:25 AM,41100,unresolved,observed,nmmt_schedule_9037
9037,19846,071,4397,3323,11:43 AM,42180,unresolved,observed,nmmt_schedule_9037
9037,15313,071,4397,3323,11:58 AM,43080,unresolved,observed,nmmt_schedule_9037
9037,19851,071,4397,3323,12:08 PM,43680,unresolved,observed,nmmt_schedule_9037
9037,15318,071,4397,3323,12:30 PM,45000,unresolved,observed,nmmt_schedule_9037
9037,19863,071,4397,3323,12:50 PM,46200,unresolved,observed,nmmt_schedule_9037
9037,15322,071,4397,3323,12:58 PM,46680,unresolved,observed,nmmt_schedule_9037
9037,19867,071,4397,3323,01:12 PM,47520,unresolved,observed,nmmt_schedule_9037
9037,15328,071,4397,3323,01:30 PM,48600,unresolved,observed,nmmt_schedule_9037
9037,19873,071,4397,3323,01:32 PM,48720,unresolved,observed,nmmt_schedule_9037
9037,19878,071,4397,3323,01:57 PM,50220,unresolved,observed,nmmt_schedule_9037
9037,15331,071,4397,3323,02:00 PM,50400,unresolved,observed,nmmt_schedule_9037
9037,19882,071,4397,3323,02:26 PM,51960,unresolved,observed,nmmt_schedule_9037
9037,15335,071,4397,3323,02:35 PM,52500,unresolved,observed,nmmt_schedule_9037
9037,19887,071,4397,3323,02:55 PM,53700,unresolved,observed,nmmt_schedule_9037
9037,15343,071,4397,3323,03:12 PM,54720,unresolved,observed,nmmt_schedule_9037
9037,19890,071,4397,3323,03:15 PM,54900,unresolved,observed,nmmt_schedule_9037
9037,15345,071,4397,3323,03:35 PM,56100,unresolved,observed,nmmt_schedule_9037
9037,19904,071,4397,3323,03:55 PM,57300,unresolved,observed,nmmt_schedule_9037
9037,15349,071,4397,3323,04:15 PM,58500,unresolved,observed,nmmt_schedule_9037
9037,19909,071,4397,3323,04:18 PM,58680,unresolved,observed,nmmt_schedule_9037
9037,19911,071,4397,3323,04:40 PM,60000,unresolved,observed,nmmt_schedule_9037
9037,15356,071,4397,3323,04:50 PM,60600,unresolved,observed,nmmt_schedule_9037
9037,19919,071,4397,3323,05:03 PM,61380,unresolved,observed,nmmt_schedule_9037
9037,19924,071,4397,3323,05:18 PM,62280,unresolved,observed,nmmt_schedule_9037
9037,15360,071,4397,3323,05:25 PM,62700,unresolved,observed,nmmt_schedule_9037
9037,19929,071,4397,3323,05:40 PM,63600,unresolved,observed,nmmt_schedule_9037
9037,15364,071,4397,3323,06:00 PM,64800,unresolved,observed,nmmt_schedule_9037
9037,19941,071,4397,3323,06:02 PM,64920,unresolved,observed,nmmt_schedule_9037
9037,15371,071,4397,3323,06:32 PM,66720,unresolved,observed,nmmt_schedule_9037
9037,19934,071,4397,3323,06:34 PM,66840,unresolved,observed,nmmt_schedule_9037
9037,19884,071,4397,3323,07:03 PM,68580,unresolved,observed,nmmt_schedule_9037
9037,19886,071,4397,3323,07:28 PM,70080,unresolved,observed,nmmt_schedule_9037
9037,15342,071,4397,3323,07:45 PM,71100,unresolved,observed,nmmt_schedule_9037
9037,19893,071,4397,3323,07:53 PM,71580,unresolved,observed,nmmt_schedule_9037
9037,19897,071,4397,3323,08:13 PM,72780,unresolved,observed,nmmt_schedule_9037
9037,19902,071,4397,3323,08:38 PM,74280,unresolved,observed,nmmt_schedule_9037
9037,15352,071,4397,3323,08:48 PM,74880,unresolved,observed,nmmt_schedule_9037
9037,19906,071,4397,3323,08:58 PM,75480,unresolved,observed,nmmt_schedule_9037
9037,15357,071,4397,3323,09:23 PM,76980,unresolved,observed,nmmt_schedule_9037
9037,19916,071,4397,3323,09:43 PM,78180,unresolved,observed,nmmt_schedule_9037
9037,15362,071,4397,3323,10:00 PM,79200,unresolved,observed,nmmt_schedule_9037
9037,19921,071,4397,3323,10:04 PM,79440,unresolved,observed,nmmt_schedule_9037
9037,19926,071,4397,3323,10:30 PM,81000,unresolved,observed,nmmt_schedule_9037
9037,15368,071,4397,3323,10:35 PM,81300,unresolved,observed,nmmt_schedule_9037
9037,19943,071,4397,3323,10:50 PM,82200,unresolved,observed,nmmt_schedule_9037
9037,19933,071,4397,3323,11:15 PM,83700,unresolved,observed,nmmt_schedule_9037
9038,19284,066,2908,2719,05:05 AM,18300,unresolved,observed,nmmt_schedule_9038
9038,19288,066,2908,2719,05:45 AM,20700,unresolved,observed,nmmt_schedule_9038
9045,18037,065 AC,4397,5021,08:10 AM,29400,unresolved,observed,nmmt_schedule_9045
9045,18042,065 AC,4397,5021,04:35 PM,59700,unresolved,observed,nmmt_schedule_9045
9046,17541,064,3174,2719,07:20 AM,26400,unresolved,observed,nmmt_schedule_9046
9046,17535,064,3174,2719,09:10 AM,33000,unresolved,observed,nmmt_schedule_9046
9046,17543,064,3174,2719,11:10 AM,40200,unresolved,observed,nmmt_schedule_9046
9046,17546,064,3174,2719,02:00 PM,50400,unresolved,observed,nmmt_schedule_9046
9046,17552,064,3174,2719,03:50 PM,57000,unresolved,observed,nmmt_schedule_9046
9046,17548,064,3174,2719,05:50 PM,64200,unresolved,observed,nmmt_schedule_9046
9046,17554,064,3174,2719,06:40 PM,67200,unresolved,observed,nmmt_schedule_9046
9047,17538,064,4397,4423,06:57 AM,25020,unresolved,observed,nmmt_schedule_9047
9047,17542,064,4397,4423,09:00 AM,32400,unresolved,observed,nmmt_schedule_9047
9047,17539,064,4397,4423,10:48 AM,38880,unresolved,observed,nmmt_schedule_9047
9047,17547,064,4397,4423,03:40 PM,56400,unresolved,observed,nmmt_schedule_9047
9047,17553,064,4397,4423,04:30 PM,59400,unresolved,observed,nmmt_schedule_9047
9047,17549,064,4397,4423,07:30 PM,70200,unresolved,observed,nmmt_schedule_9047
9047,17555,064,4397,4423,08:20 PM,73200,unresolved,observed,nmmt_schedule_9047
9048,14788,062 AC,3194,2719,06:32 AM,23520,unresolved,observed,nmmt_schedule_9048
9048,24294,062 AC,3194,2719,06:35 AM,23700,unresolved,observed,nmmt_schedule_9048
9048,14791,062 AC,3194,2719,06:55 AM,24900,unresolved,observed,nmmt_schedule_9048
9048,24406,062 AC,3194,2719,06:57 AM,25020,unresolved,observed,nmmt_schedule_9048
9048,24300,062 AC,3194,2719,07:12 AM,25920,unresolved,observed,nmmt_schedule_9048
9048,14796,062 AC,3194,2719,07:20 AM,26400,unresolved,observed,nmmt_schedule_9048
9048,24413,062 AC,3194,2719,07:37 AM,27420,unresolved,observed,nmmt_schedule_9048
9048,14730,062 AC,3194,2719,07:47 AM,28020,unresolved,observed,nmmt_schedule_9048
9048,24306,062 AC,3194,2719,07:55 AM,28500,unresolved,observed,nmmt_schedule_9048
9048,14710,062 AC,3194,2719,08:10 AM,29400,unresolved,observed,nmmt_schedule_9048
9048,24313,062 AC,3194,2719,08:17 AM,29820,unresolved,observed,nmmt_schedule_9048
9048,14731,062 AC,3194,2719,08:37 AM,31020,unresolved,observed,nmmt_schedule_9048
9048,14774,062 AC,3194,2719,08:55 AM,32100,unresolved,observed,nmmt_schedule_9048
9048,14716,062 AC,3194,2719,09:20 AM,33600,unresolved,observed,nmmt_schedule_9048
9048,24396,062 AC,3194,2719,09:40 AM,34800,unresolved,observed,nmmt_schedule_9048
9048,14782,062 AC,3194,2719,09:45 AM,35100,unresolved,observed,nmmt_schedule_9048
9048,24289,062 AC,3194,2719,10:05 AM,36300,unresolved,observed,nmmt_schedule_9048
9048,14720,062 AC,3194,2719,10:10 AM,36600,unresolved,observed,nmmt_schedule_9048
9048,24401,062 AC,3194,2719,10:30 AM,37800,unresolved,observed,nmmt_schedule_9048
9048,14785,062 AC,3194,2719,10:35 AM,38100,unresolved,observed,nmmt_schedule_9048
9048,24296,062 AC,3194,2719,10:55 AM,39300,unresolved,observed,nmmt_schedule_9048
9048,14793,062 AC,3194,2719,11:00 AM,39600,unresolved,observed,nmmt_schedule_9048
9048,24408,062 AC,3194,2719,11:20 AM,40800,unresolved,observed,nmmt_schedule_9048
9048,14798,062 AC,3194,2719,11:30 AM,41400,unresolved,observed,nmmt_schedule_9048
9048,24302,062 AC,3194,2719,11:45 AM,42300,unresolved,observed,nmmt_schedule_9048
9048,14726,062 AC,3194,2719,12:00 PM,43200,unresolved,observed,nmmt_schedule_9048
9048,24415,062 AC,3194,2719,12:10 PM,43800,unresolved,observed,nmmt_schedule_9048
9048,14713,062 AC,3194,2719,12:35 PM,45300,unresolved,observed,nmmt_schedule_9048
9048,24314,062 AC,3194,2719,01:00 PM,46800,unresolved,observed,nmmt_schedule_9048
9048,14733,062 AC,3194,2719,01:10 PM,47400,unresolved,observed,nmmt_schedule_9048
9048,24321,062 AC,3194,2719,01:25 PM,48300,unresolved,observed,nmmt_schedule_9048
9048,24324,062 AC,3194,2719,02:05 PM,50700,unresolved,observed,nmmt_schedule_9048
9048,14739,062 AC,3194,2719,02:10 PM,51000,unresolved,observed,nmmt_schedule_9048
9048,24330,062 AC,3194,2719,02:30 PM,52200,unresolved,observed,nmmt_schedule_9048
9048,14743,062 AC,3194,2719,02:40 PM,52800,unresolved,observed,nmmt_schedule_9048
9048,24336,062 AC,3194,2719,02:50 PM,53400,unresolved,observed,nmmt_schedule_9048
9048,14750,062 AC,3194,2719,03:10 PM,54600,unresolved,observed,nmmt_schedule_9048
9048,24341,062 AC,3194,2719,03:15 PM,54900,unresolved,observed,nmmt_schedule_9048
9048,14755,062 AC,3194,2719,03:40 PM,56400,unresolved,observed,nmmt_schedule_9048
9048,14761,062 AC,3194,2719,04:05 PM,57900,unresolved,observed,nmmt_schedule_9048
9048,14767,062 AC,3194,2719,04:30 PM,59400,unresolved,observed,nmmt_schedule_9048
9048,14806,062 AC,3194,2719,04:55 PM,60900,unresolved,observed,nmmt_schedule_9048
9048,14809,062 AC,3194,2719,05:20 PM,62400,unresolved,observed,nmmt_schedule_9048
9048,14815,062 AC,3194,2719,05:45 PM,63900,unresolved,observed,nmmt_schedule_9048
9048,14819,062 AC,3194,2719,06:10 PM,65400,unresolved,observed,nmmt_schedule_9048
9048,24326,062 AC,3194,2719,06:35 PM,66900,unresolved,observed,nmmt_schedule_9048
9048,14741,062 AC,3194,2719,06:45 PM,67500,unresolved,observed,nmmt_schedule_9048
9048,24332,062 AC,3194,2719,07:00 PM,68400,unresolved,observed,nmmt_schedule_9048
9048,14745,062 AC,3194,2719,07:15 PM,69300,unresolved,observed,nmmt_schedule_9048
9048,24338,062 AC,3194,2719,07:25 PM,69900,unresolved,observed,nmmt_schedule_9048
9048,14752,062 AC,3194,2719,07:45 PM,71100,unresolved,observed,nmmt_schedule_9048
9048,24343,062 AC,3194,2719,07:50 PM,71400,unresolved,observed,nmmt_schedule_9048
9048,14759,062 AC,3194,2719,08:15 PM,72900,unresolved,observed,nmmt_schedule_9048
9048,24355,062 AC,3194,2719,08:40 PM,74400,unresolved,observed,nmmt_schedule_9048
9048,14762,062 AC,3194,2719,08:45 PM,74700,unresolved,observed,nmmt_schedule_9048
9048,24362,062 AC,3194,2719,09:05 PM,75900,unresolved,observed,nmmt_schedule_9048
9048,14768,062 AC,3194,2719,09:10 PM,76200,unresolved,observed,nmmt_schedule_9048
9048,24367,062 AC,3194,2719,09:30 PM,77400,unresolved,observed,nmmt_schedule_9048
9048,14803,062 AC,3194,2719,09:35 PM,77700,unresolved,observed,nmmt_schedule_9048
9048,24373,062 AC,3194,2719,09:55 PM,78900,unresolved,observed,nmmt_schedule_9048
9048,14811,062 AC,3194,2719,10:00 PM,79200,unresolved,observed,nmmt_schedule_9048
9048,24379,062 AC,3194,2719,10:20 PM,80400,unresolved,observed,nmmt_schedule_9048
9048,14813,062 AC,3194,2719,10:25 PM,80700,unresolved,observed,nmmt_schedule_9048
9048,24386,062 AC,3194,2719,10:45 PM,81900,unresolved,observed,nmmt_schedule_9048
9048,14821,062 AC,3194,2719,10:50 PM,82200,unresolved,observed,nmmt_schedule_9048
9049,24381,062 AC,4397,3194,12:20 AM,1200,unresolved,observed,nmmt_schedule_9049
9049,24387,062 AC,4397,3194,12:45 AM,2700,unresolved,observed,nmmt_schedule_9049
9049,14773,062 AC,4397,3194,06:25 AM,23100,unresolved,observed,nmmt_schedule_9049
9049,24284,062 AC,4397,3194,06:53 AM,24780,unresolved,observed,nmmt_schedule_9049
9049,14715,062 AC,4397,3194,06:55 AM,24900,unresolved,observed,nmmt_schedule_9049
9049,24394,062 AC,4397,3194,07:08 AM,25680,unresolved,observed,nmmt_schedule_9049
9049,14778,062 AC,4397,3194,07:25 AM,26700,unresolved,observed,nmmt_schedule_9049
9049,24287,062 AC,4397,3194,07:32 AM,27120,unresolved,observed,nmmt_schedule_9049
9049,24399,062 AC,4397,3194,07:45 AM,27900,unresolved,observed,nmmt_schedule_9049
9049,14719,062 AC,4397,3194,07:50 AM,28200,unresolved,observed,nmmt_schedule_9049
9049,14787,062 AC,4397,3194,08:10 AM,29400,unresolved,observed,nmmt_schedule_9049
9049,14792,062 AC,4397,3194,08:32 AM,30720,unresolved,observed,nmmt_schedule_9049
9049,24407,062 AC,4397,3194,08:34 AM,30840,unresolved,observed,nmmt_schedule_9049
9049,24301,062 AC,4397,3194,08:47 AM,31620,unresolved,observed,nmmt_schedule_9049
9049,14797,062 AC,4397,3194,09:00 AM,32400,unresolved,observed,nmmt_schedule_9049
9049,24414,062 AC,4397,3194,09:12 AM,33120,unresolved,observed,nmmt_schedule_9049
9049,14725,062 AC,4397,3194,09:20 AM,33600,unresolved,observed,nmmt_schedule_9049
9049,24307,062 AC,4397,3194,09:35 AM,34500,unresolved,observed,nmmt_schedule_9049
9049,14711,062 AC,4397,3194,09:50 AM,35400,unresolved,observed,nmmt_schedule_9049
9049,24312,062 AC,4397,3194,09:57 AM,35820,unresolved,observed,nmmt_schedule_9049
9049,14732,062 AC,4397,3194,10:15 AM,36900,unresolved,observed,nmmt_schedule_9049
9049,24319,062 AC,4397,3194,10:17 AM,37020,unresolved,observed,nmmt_schedule_9049
9049,14777,062 AC,4397,3194,10:40 AM,38400,unresolved,observed,nmmt_schedule_9049
9049,14717,062 AC,4397,3194,11:05 AM,39900,unresolved,observed,nmmt_schedule_9049
9049,24397,062 AC,4397,3194,11:25 AM,41100,unresolved,observed,nmmt_schedule_9049
9049,14779,062 AC,4397,3194,11:30 AM,41400,unresolved,observed,nmmt_schedule_9049
9049,24290,062 AC,4397,3194,11:50 AM,42600,unresolved,observed,nmmt_schedule_9049
9049,14722,062 AC,4397,3194,11:55 AM,42900,unresolved,observed,nmmt_schedule_9049
9049,24402,062 AC,4397,3194,12:15 PM,44100,unresolved,observed,nmmt_schedule_9049
9049,14786,062 AC,4397,3194,12:20 PM,44400,unresolved,observed,nmmt_schedule_9049
9049,24297,062 AC,4397,3194,12:40 PM,45600,unresolved,observed,nmmt_schedule_9049
9049,14794,062 AC,4397,3194,12:45 PM,45900,unresolved,observed,nmmt_schedule_9049
9049,24409,062 AC,4397,3194,01:05 PM,47100,unresolved,observed,nmmt_schedule_9049
9049,14799,062 AC,4397,3194,01:15 PM,47700,unresolved,observed,nmmt_schedule_9049
9049,24303,062 AC,4397,3194,01:30 PM,48600,unresolved,observed,nmmt_schedule_9049
9049,14727,062 AC,4397,3194,01:40 PM,49200,unresolved,observed,nmmt_schedule_9049
9049,24416,062 AC,4397,3194,01:50 PM,49800,unresolved,observed,nmmt_schedule_9049
9049,14712,062 AC,4397,3194,02:15 PM,51300,unresolved,observed,nmmt_schedule_9049
9049,24315,062 AC,4397,3194,02:40 PM,52800,unresolved,observed,nmmt_schedule_9049
9049,14736,062 AC,4397,3194,02:50 PM,53400,unresolved,observed,nmmt_schedule_9049
9049,24320,062 AC,4397,3194,03:05 PM,54300,unresolved,observed,nmmt_schedule_9049
9049,24325,062 AC,4397,3194,04:00 PM,57600,unresolved,observed,nmmt_schedule_9049
9049,14740,062 AC,4397,3194,04:10 PM,58200,unresolved,observed,nmmt_schedule_9049
9049,24331,062 AC,4397,3194,04:30 PM,59400,unresolved,observed,nmmt_schedule_9049
9049,14744,062 AC,4397,3194,04:40 PM,60000,unresolved,observed,nmmt_schedule_9049
9049,24337,062 AC,4397,3194,04:50 PM,60600,unresolved,observed,nmmt_schedule_9049
9049,14751,062 AC,4397,3194,05:10 PM,61800,unresolved,observed,nmmt_schedule_9049
9049,24342,062 AC,4397,3194,05:15 PM,62100,unresolved,observed,nmmt_schedule_9049
9049,14760,062 AC,4397,3194,05:40 PM,63600,unresolved,observed,nmmt_schedule_9049
9049,14766,062 AC,4397,3194,06:05 PM,65100,unresolved,observed,nmmt_schedule_9049
9049,14772,062 AC,4397,3194,06:30 PM,66600,unresolved,observed,nmmt_schedule_9049
9049,14802,062 AC,4397,3194,06:55 PM,68100,unresolved,observed,nmmt_schedule_9049
9049,14810,062 AC,4397,3194,07:20 PM,69600,unresolved,observed,nmmt_schedule_9049
9049,14814,062 AC,4397,3194,07:45 PM,71100,unresolved,observed,nmmt_schedule_9049
9049,14820,062 AC,4397,3194,08:10 PM,72600,unresolved,observed,nmmt_schedule_9049
9049,24327,062 AC,4397,3194,08:35 PM,74100,unresolved,observed,nmmt_schedule_9049
9049,14742,062 AC,4397,3194,08:45 PM,74700,unresolved,observed,nmmt_schedule_9049
9049,24333,062 AC,4397,3194,09:00 PM,75600,unresolved,observed,nmmt_schedule_9049
9049,14746,062 AC,4397,3194,09:15 PM,76500,unresolved,observed,nmmt_schedule_9049
9049,24339,062 AC,4397,3194,09:25 PM,77100,unresolved,observed,nmmt_schedule_9049
9049,14754,062 AC,4397,3194,09:45 PM,78300,unresolved,observed,nmmt_schedule_9049
9049,24344,062 AC,4397,3194,09:50 PM,78600,unresolved,observed,nmmt_schedule_9049
9049,14756,062 AC,4397,3194,10:15 PM,80100,unresolved,observed,nmmt_schedule_9049
9049,24357,062 AC,4397,3194,10:40 PM,81600,unresolved,observed,nmmt_schedule_9049
9049,14763,062 AC,4397,3194,10:45 PM,81900,unresolved,observed,nmmt_schedule_9049
9049,24363,062 AC,4397,3194,11:05 PM,83100,unresolved,observed,nmmt_schedule_9049
9049,14769,062 AC,4397,3194,11:10 PM,83400,unresolved,observed,nmmt_schedule_9049
9049,24368,062 AC,4397,3194,11:30 PM,84600,unresolved,observed,nmmt_schedule_9049
9049,14801,062 AC,4397,3194,11:35 PM,84900,unresolved,observed,nmmt_schedule_9049
9049,24374,062 AC,4397,3194,11:55 PM,86100,unresolved,observed,nmmt_schedule_9049
9056,25201,042 AC,3194,3031,06:15 AM,22500,unresolved,observed,nmmt_schedule_9056
9056,25171,042 AC,3194,3031,06:50 AM,24600,unresolved,observed,nmmt_schedule_9056
9056,20524,042 AC,3194,3031,06:55 AM,24900,unresolved,observed,nmmt_schedule_9056
9056,20531,042 AC,3194,3031,07:28 AM,26880,unresolved,observed,nmmt_schedule_9056
9056,25177,042 AC,3194,3031,07:35 AM,27300,unresolved,observed,nmmt_schedule_9056
9056,20544,042 AC,3194,3031,07:47 AM,28020,unresolved,observed,nmmt_schedule_9056
9056,20591,042 AC,3194,3031,08:07 AM,29220,unresolved,observed,nmmt_schedule_9056
9056,25207,042 AC,3194,3031,08:10 AM,29400,unresolved,observed,nmmt_schedule_9056
9056,20599,042 AC,3194,3031,08:31 AM,30660,unresolved,observed,nmmt_schedule_9056
9056,20604,042 AC,3194,3031,08:50 AM,31800,unresolved,observed,nmmt_schedule_9056
9056,25212,042 AC,3194,3031,08:55 AM,32100,unresolved,observed,nmmt_schedule_9056
9056,20608,042 AC,3194,3031,09:11 AM,33060,unresolved,observed,nmmt_schedule_9056
9056,20499,042 AC,3194,3031,09:35 AM,34500,unresolved,observed,nmmt_schedule_9056
9056,20505,042 AC,3194,3031,10:00 AM,36000,unresolved,observed,nmmt_schedule_9056
9056,25203,042 AC,3194,3031,10:15 AM,36900,unresolved,observed,nmmt_schedule_9056
9056,20510,042 AC,3194,3031,10:30 AM,37800,unresolved,observed,nmmt_schedule_9056
9056,20521,042 AC,3194,3031,11:00 AM,39600,unresolved,observed,nmmt_schedule_9056
9056,20534,042 AC,3194,3031,11:30 AM,41400,unresolved,observed,nmmt_schedule_9056
9056,25179,042 AC,3194,3031,11:45 AM,42300,unresolved,observed,nmmt_schedule_9056
9056,20546,042 AC,3194,3031,12:10 PM,43800,unresolved,observed,nmmt_schedule_9056
9056,20515,042 AC,3194,3031,01:00 PM,46800,unresolved,observed,nmmt_schedule_9056
9056,25185,042 AC,3194,3031,01:15 PM,47700,unresolved,observed,nmmt_schedule_9056
9056,20526,042 AC,3194,3031,01:25 PM,48300,unresolved,observed,nmmt_schedule_9056
9056,20538,042 AC,3194,3031,01:50 PM,49800,unresolved,observed,nmmt_schedule_9056
9056,25189,042 AC,3194,3031,02:00 PM,50400,unresolved,observed,nmmt_schedule_9056
9056,20550,042 AC,3194,3031,02:15 PM,51300,unresolved,observed,nmmt_schedule_9056
9056,20556,042 AC,3194,3031,02:40 PM,52800,unresolved,observed,nmmt_schedule_9056
9056,25215,042 AC,3194,3031,02:50 PM,53400,unresolved,observed,nmmt_schedule_9056
9056,20562,042 AC,3194,3031,03:05 PM,54300,unresolved,observed,nmmt_schedule_9056
9056,25223,042 AC,3194,3031,03:25 PM,55500,unresolved,observed,nmmt_schedule_9056
9056,20568,042 AC,3194,3031,03:35 PM,56100,unresolved,observed,nmmt_schedule_9056
9056,20574,042 AC,3194,3031,04:00 PM,57600,unresolved,observed,nmmt_schedule_9056
9056,25228,042 AC,3194,3031,04:10 PM,58200,unresolved,observed,nmmt_schedule_9056
9056,20580,042 AC,3194,3031,04:25 PM,59100,unresolved,observed,nmmt_schedule_9056
9056,20585,042 AC,3194,3031,04:50 PM,60600,unresolved,observed,nmmt_schedule_9056
9056,25235,042 AC,3194,3031,04:55 PM,60900,unresolved,observed,nmmt_schedule_9056
9056,20516,042 AC,3194,3031,05:10 PM,61800,unresolved,observed,nmmt_schedule_9056
9056,25184,042 AC,3194,3031,05:30 PM,63000,unresolved,observed,nmmt_schedule_9056
9056,20525,042 AC,3194,3031,05:35 PM,63300,unresolved,observed,nmmt_schedule_9056
9056,20542,042 AC,3194,3031,06:00 PM,64800,unresolved,observed,nmmt_schedule_9056
9056,25192,042 AC,3194,3031,06:10 PM,65400,unresolved,observed,nmmt_schedule_9056
9056,20552,042 AC,3194,3031,06:25 PM,66300,unresolved,observed,nmmt_schedule_9056
9056,20558,042 AC,3194,3031,06:50 PM,67800,unresolved,observed,nmmt_schedule_9056
9056,25218,042 AC,3194,3031,07:00 PM,68400,unresolved,observed,nmmt_schedule_9056
9056,20564,042 AC,3194,3031,07:15 PM,69300,unresolved,observed,nmmt_schedule_9056
9056,20570,042 AC,3194,3031,07:40 PM,70800,unresolved,observed,nmmt_schedule_9056
9056,25224,042 AC,3194,3031,07:45 PM,71100,unresolved,observed,nmmt_schedule_9056
9056,20576,042 AC,3194,3031,08:05 PM,72300,unresolved,observed,nmmt_schedule_9056
9056,25231,042 AC,3194,3031,08:30 PM,73800,unresolved,observed,nmmt_schedule_9056
9056,20582,042 AC,3194,3031,08:40 PM,74400,unresolved,observed,nmmt_schedule_9056
9056,20587,042 AC,3194,3031,09:20 PM,76800,unresolved,observed,nmmt_schedule_9056
9057,20598,042 AC,3031,3194,06:10 AM,22200,unresolved,observed,nmmt_schedule_9057
9057,20602,042 AC,3031,3194,06:35 AM,23700,unresolved,observed,nmmt_schedule_9057
9057,25195,042 AC,3031,3194,06:50 AM,24600,unresolved,observed,nmmt_schedule_9057
9057,20607,042 AC,3031,3194,06:56 AM,24960,unresolved,observed,nmmt_schedule_9057
9057,20498,042 AC,3031,3194,07:19 AM,26340,unresolved,observed,nmmt_schedule_9057
9057,25200,042 AC,3031,3194,07:35 AM,27300,unresolved,observed,nmmt_schedule_9057
9057,20504,042 AC,3031,3194,07:45 AM,27900,unresolved,observed,nmmt_schedule_9057
9057,20509,042 AC,3031,3194,08:04 AM,29040,unresolved,observed,nmmt_schedule_9057
9057,25172,042 AC,3031,3194,08:20 AM,30000,unresolved,observed,nmmt_schedule_9057
9057,20520,042 AC,3031,3194,08:27 AM,30420,unresolved,observed,nmmt_schedule_9057
9057,20532,042 AC,3031,3194,09:03 AM,32580,unresolved,observed,nmmt_schedule_9057
9057,25178,042 AC,3031,3194,09:05 AM,32700,unresolved,observed,nmmt_schedule_9057
9057,20545,042 AC,3031,3194,09:28 AM,34080,unresolved,observed,nmmt_schedule_9057
9057,20594,042 AC,3031,3194,09:49 AM,35340,unresolved,observed,nmmt_schedule_9057
9057,25209,042 AC,3031,3194,09:50 AM,35400,unresolved,observed,nmmt_schedule_9057
9057,20600,042 AC,3031,3194,10:16 AM,36960,unresolved,observed,nmmt_schedule_9057
9057,25213,042 AC,3031,3194,10:35 AM,38100,unresolved,observed,nmmt_schedule_9057
9057,20603,042 AC,3031,3194,10:40 AM,38400,unresolved,observed,nmmt_schedule_9057
9057,20609,042 AC,3031,3194,11:00 AM,39600,unresolved,observed,nmmt_schedule_9057
9057,20501,042 AC,3031,3194,11:20 AM,40800,unresolved,observed,nmmt_schedule_9057
9057,20506,042 AC,3031,3194,11:45 AM,42300,unresolved,observed,nmmt_schedule_9057
9057,25204,042 AC,3031,3194,12:00 PM,43200,unresolved,observed,nmmt_schedule_9057
9057,20511,042 AC,3031,3194,12:15 PM,44100,unresolved,observed,nmmt_schedule_9057
9057,25174,042 AC,3031,3194,12:45 PM,45900,unresolved,observed,nmmt_schedule_9057
9057,20535,042 AC,3031,3194,01:15 PM,47700,unresolved,observed,nmmt_schedule_9057
9057,25181,042 AC,3031,3194,01:30 PM,48600,unresolved,observed,nmmt_schedule_9057
9057,20547,042 AC,3031,3194,01:55 PM,50100,unresolved,observed,nmmt_schedule_9057
9057,20514,042 AC,3031,3194,02:40 PM,52800,unresolved,observed,nmmt_schedule_9057
9057,25186,042 AC,3031,3194,02:55 PM,53700,unresolved,observed,nmmt_schedule_9057
9057,20527,042 AC,3031,3194,03:05 PM,54300,unresolved,observed,nmmt_schedule_9057
9057,20539,042 AC,3031,3194,03:30 PM,55800,unresolved,observed,nmmt_schedule_9057
9057,25193,042 AC,3031,3194,03:40 PM,56400,unresolved,observed,nmmt_schedule_9057
9057,20551,042 AC,3031,3194,03:55 PM,57300,unresolved,observed,nmmt_schedule_9057
9057,20557,042 AC,3031,3194,04:20 PM,58800,unresolved,observed,nmmt_schedule_9057
9057,25217,042 AC,3031,3194,04:30 PM,59400,unresolved,observed,nmmt_schedule_9057
9057,20563,042 AC,3031,3194,04:45 PM,60300,unresolved,observed,nmmt_schedule_9057
9057,25221,042 AC,3031,3194,05:05 PM,61500,unresolved,observed,nmmt_schedule_9057
9057,20569,042 AC,3031,3194,05:15 PM,62100,unresolved,observed,nmmt_schedule_9057
9057,20575,042 AC,3031,3194,05:40 PM,63600,unresolved,observed,nmmt_schedule_9057
9057,25229,042 AC,3031,3194,05:55 PM,64500,unresolved,observed,nmmt_schedule_9057
9057,20581,042 AC,3031,3194,06:10 PM,65400,unresolved,observed,nmmt_schedule_9057
9057,20586,042 AC,3031,3194,06:35 PM,66900,unresolved,observed,nmmt_schedule_9057
9057,25236,042 AC,3031,3194,06:40 PM,67200,unresolved,observed,nmmt_schedule_9057
9057,20518,042 AC,3031,3194,06:55 PM,68100,unresolved,observed,nmmt_schedule_9057
9057,25183,042 AC,3031,3194,07:15 PM,69300,unresolved,observed,nmmt_schedule_9057
9057,20528,042 AC,3031,3194,07:20 PM,69600,unresolved,observed,nmmt_schedule_9057
9057,20540,042 AC,3031,3194,07:50 PM,71400,unresolved,observed,nmmt_schedule_9057
9057,25190,042 AC,3031,3194,08:00 PM,72000,unresolved,observed,nmmt_schedule_9057
9057,20553,042 AC,3031,3194,08:15 PM,72900,unresolved,observed,nmmt_schedule_9057
9057,25219,042 AC,3031,3194,08:50 PM,75000,unresolved,observed,nmmt_schedule_9057
9057,20565,042 AC,3031,3194,09:05 PM,75900,unresolved,observed,nmmt_schedule_9057
9057,25225,042 AC,3031,3194,09:35 PM,77700,unresolved,observed,nmmt_schedule_9057
9057,25232,042 AC,3031,3194,10:20 PM,80400,unresolved,observed,nmmt_schedule_9057
9057,25238,042 AC,3031,3194,11:10 PM,83400,unresolved,observed,nmmt_schedule_9057
9058,16626,044 AC,3323,3031,05:12 AM,18720,unresolved,observed,nmmt_schedule_9058
9058,16704,044 AC,3323,3031,05:47 AM,20820,unresolved,observed,nmmt_schedule_9058
9058,24421,044 AC,3323,3031,05:55 AM,21300,unresolved,observed,nmmt_schedule_9058
9058,16630,044 AC,3323,3031,06:07 AM,22020,unresolved,observed,nmmt_schedule_9058
9058,16638,044 AC,3323,3031,06:40 AM,24000,unresolved,observed,nmmt_schedule_9058
9058,24441,044 AC,3323,3031,06:50 AM,24600,unresolved,observed,nmmt_schedule_9058
9058,16645,044 AC,3323,3031,07:15 AM,26100,unresolved,observed,nmmt_schedule_9058
9058,24450,044 AC,3323,3031,07:45 AM,27900,unresolved,observed,nmmt_schedule_9058
9058,16652,044 AC,3323,3031,07:50 AM,28200,unresolved,observed,nmmt_schedule_9058
9058,24429,044 AC,3323,3031,08:40 AM,31200,unresolved,observed,nmmt_schedule_9058
9058,16657,044 AC,3323,3031,08:42 AM,31320,unresolved,observed,nmmt_schedule_9058
9058,16624,044 AC,3323,3031,09:30 AM,34200,unresolved,observed,nmmt_schedule_9058
9058,16702,044 AC,3323,3031,10:00 AM,36000,unresolved,observed,nmmt_schedule_9058
9058,24419,044 AC,3323,3031,10:20 AM,37200,unresolved,observed,nmmt_schedule_9058
9058,16632,044 AC,3323,3031,10:35 AM,38100,unresolved,observed,nmmt_schedule_9058
9058,16640,044 AC,3323,3031,11:05 AM,39900,unresolved,observed,nmmt_schedule_9058
9058,24443,044 AC,3323,3031,11:15 AM,40500,unresolved,observed,nmmt_schedule_9058
9058,16647,044 AC,3323,3031,11:40 AM,42000,unresolved,observed,nmmt_schedule_9058
9058,24451,044 AC,3323,3031,12:12 PM,43920,unresolved,observed,nmmt_schedule_9058
9058,16654,044 AC,3323,3031,12:15 PM,44100,unresolved,observed,nmmt_schedule_9058
9058,16664,044 AC,3323,3031,12:40 PM,45600,unresolved,observed,nmmt_schedule_9058
9058,16660,044 AC,3323,3031,01:05 PM,47100,unresolved,observed,nmmt_schedule_9058
9058,24427,044 AC,3323,3031,01:08 PM,47280,unresolved,observed,nmmt_schedule_9058
9058,16673,044 AC,3323,3031,01:35 PM,48900,unresolved,observed,nmmt_schedule_9058
9058,24456,044 AC,3323,3031,01:45 PM,49500,unresolved,observed,nmmt_schedule_9058
9058,16681,044 AC,3323,3031,02:00 PM,50400,unresolved,observed,nmmt_schedule_9058
9058,16687,044 AC,3323,3031,02:35 PM,52500,unresolved,observed,nmmt_schedule_9058
9058,24462,044 AC,3323,3031,02:45 PM,53100,unresolved,observed,nmmt_schedule_9058
9058,16694,044 AC,3323,3031,03:08 PM,54480,unresolved,observed,nmmt_schedule_9058
9058,24473,044 AC,3323,3031,03:40 PM,56400,unresolved,observed,nmmt_schedule_9058
9058,16705,044 AC,3323,3031,03:50 PM,57000,unresolved,observed,nmmt_schedule_9058
9058,16713,044 AC,3323,3031,04:30 PM,59400,unresolved,observed,nmmt_schedule_9058
9058,16669,044 AC,3323,3031,05:22 PM,62520,unresolved,observed,nmmt_schedule_9058
9058,16675,044 AC,3323,3031,05:55 PM,64500,unresolved,observed,nmmt_schedule_9058
9058,24457,044 AC,3323,3031,06:15 PM,65700,unresolved,observed,nmmt_schedule_9058
9058,16683,044 AC,3323,3031,06:27 PM,66420,unresolved,observed,nmmt_schedule_9058
9058,16689,044 AC,3323,3031,07:00 PM,68400,unresolved,observed,nmmt_schedule_9058
9058,24465,044 AC,3323,3031,07:15 PM,69300,unresolved,observed,nmmt_schedule_9058
9058,16696,044 AC,3323,3031,07:45 PM,71100,unresolved,observed,nmmt_schedule_9058
9058,24475,044 AC,3323,3031,08:13 PM,72780,unresolved,observed,nmmt_schedule_9058
9058,16707,044 AC,3323,3031,08:30 PM,73800,unresolved,observed,nmmt_schedule_9058
9058,16715,044 AC,3323,3031,09:15 PM,76500,unresolved,observed,nmmt_schedule_9058
9059,16623,044 AC,3031,3323,06:40 AM,24000,unresolved,observed,nmmt_schedule_9059
9059,16700,044 AC,3031,3323,07:13 AM,25980,unresolved,observed,nmmt_schedule_9059
9059,24418,044 AC,3031,3323,07:21 AM,26460,unresolved,observed,nmmt_schedule_9059
9059,16631,044 AC,3031,3323,07:40 AM,27600,unresolved,observed,nmmt_schedule_9059
9059,16639,044 AC,3031,3323,08:15 AM,29700,unresolved,observed,nmmt_schedule_9059
9059,24442,044 AC,3031,3323,08:25 AM,30300,unresolved,observed,nmmt_schedule_9059
9059,16646,044 AC,3031,3323,08:50 AM,31800,unresolved,observed,nmmt_schedule_9059
9059,24449,044 AC,3031,3323,09:20 AM,33600,unresolved,observed,nmmt_schedule_9059
9059,16653,044 AC,3031,3323,09:25 AM,33900,unresolved,observed,nmmt_schedule_9059
9059,24430,044 AC,3031,3323,10:15 AM,36900,unresolved,observed,nmmt_schedule_9059
9059,16662,044 AC,3031,3323,10:20 AM,37200,unresolved,observed,nmmt_schedule_9059
9059,16625,044 AC,3031,3323,11:07 AM,40020,unresolved,observed,nmmt_schedule_9059
9059,16701,044 AC,3031,3323,11:40 AM,42000,unresolved,observed,nmmt_schedule_9059
9059,24420,044 AC,3031,3323,11:53 AM,42780,unresolved,observed,nmmt_schedule_9059
9059,16633,044 AC,3031,3323,12:10 PM,43800,unresolved,observed,nmmt_schedule_9059
9059,16641,044 AC,3031,3323,12:40 PM,45600,unresolved,observed,nmmt_schedule_9059
9059,24444,044 AC,3031,3323,12:50 PM,46200,unresolved,observed,nmmt_schedule_9059
9059,16648,044 AC,3031,3323,01:15 PM,47700,unresolved,observed,nmmt_schedule_9059
9059,16655,044 AC,3031,3323,01:50 PM,49800,unresolved,observed,nmmt_schedule_9059
9059,16665,044 AC,3031,3323,02:15 PM,51300,unresolved,observed,nmmt_schedule_9059
9059,16661,044 AC,3031,3323,02:40 PM,52800,unresolved,observed,nmmt_schedule_9059
9059,24428,044 AC,3031,3323,02:45 PM,53100,unresolved,observed,nmmt_schedule_9059
9059,16674,044 AC,3031,3323,03:10 PM,54600,unresolved,observed,nmmt_schedule_9059
9059,24455,044 AC,3031,3323,03:20 PM,55200,unresolved,observed,nmmt_schedule_9059
9059,16682,044 AC,3031,3323,03:35 PM,56100,unresolved,observed,nmmt_schedule_9059
9059,16688,044 AC,3031,3323,04:10 PM,58200,unresolved,observed,nmmt_schedule_9059
9059,24464,044 AC,3031,3323,04:20 PM,58800,unresolved,observed,nmmt_schedule_9059
9059,16695,044 AC,3031,3323,04:41 PM,60060,unresolved,observed,nmmt_schedule_9059
9059,24474,044 AC,3031,3323,05:18 PM,62280,unresolved,observed,nmmt_schedule_9059
9059,16706,044 AC,3031,3323,05:26 PM,62760,unresolved,observed,nmmt_schedule_9059
9059,16714,044 AC,3031,3323,06:11 PM,65460,unresolved,observed,nmmt_schedule_9059
9059,24481,044 AC,3031,3323,06:12 PM,65520,unresolved,observed,nmmt_schedule_9059
9059,16668,044 AC,3031,3323,07:04 PM,68640,unresolved,observed,nmmt_schedule_9059
9059,16676,044 AC,3031,3323,07:35 PM,70500,unresolved,observed,nmmt_schedule_9059
9059,24458,044 AC,3031,3323,07:55 PM,71700,unresolved,observed,nmmt_schedule_9059
9059,16678,044 AC,3031,3323,08:09 PM,72540,unresolved,observed,nmmt_schedule_9059
9059,16690,044 AC,3031,3323,08:40 PM,74400,unresolved,observed,nmmt_schedule_9059
9059,24476,044 AC,3031,3323,09:50 PM,78600,unresolved,observed,nmmt_schedule_9059
9059,16711,044 AC,3031,3323,10:07 PM,79620,unresolved,observed,nmmt_schedule_9059
9059,16716,044 AC,3031,3323,10:52 PM,82320,unresolved,observed,nmmt_schedule_9059
9061,20593,041 AC,3031,3194,05:30 AM,19800,unresolved,observed,nmmt_schedule_9061
9061,25703,041 AC,3031,3194,09:13 AM,33180,unresolved,observed,nmmt_schedule_9061
9061,18489,041 AC,3031,3194,05:10 PM,61800,unresolved,observed,nmmt_schedule_9061
9062,25702,WST1AC,2907,3031,07:48 AM,28080,unresolved,observed,nmmt_schedule_9062
9074,23909,005,5029,3173,07:10 AM,25800,unresolved,observed,nmmt_schedule_9074
9074,23913,005,5029,3173,07:55 AM,28500,unresolved,observed,nmmt_schedule_9074
9074,23918,005,5029,3173,08:40 AM,31200,unresolved,observed,nmmt_schedule_9074
9074,23923,005,5029,3173,09:20 AM,33600,unresolved,observed,nmmt_schedule_9074
9074,23928,005,5029,3173,09:55 AM,35700,unresolved,observed,nmmt_schedule_9074
9074,23933,005,5029,3173,10:35 AM,38100,unresolved,observed,nmmt_schedule_9074
9074,23937,005,5029,3173,03:05 PM,54300,unresolved,observed,nmmt_schedule_9074
9074,23942,005,5029,3173,03:55 PM,57300,unresolved,observed,nmmt_schedule_9074
9074,23947,005,5029,3173,04:30 PM,59400,unresolved,observed,nmmt_schedule_9074
9074,23952,005,5029,3173,05:05 PM,61500,unresolved,observed,nmmt_schedule_9074
9074,23957,005,5029,3173,05:40 PM,63600,unresolved,observed,nmmt_schedule_9074
9074,23962,005,5029,3173,06:15 PM,65700,unresolved,observed,nmmt_schedule_9074
9075,23907,005,3173,5029,09:30 AM,34200,unresolved,observed,nmmt_schedule_9075
9075,23914,005,3173,5029,10:05 AM,36300,unresolved,observed,nmmt_schedule_9075
9075,23919,005,3173,5029,10:45 AM,38700,unresolved,observed,nmmt_schedule_9075
9075,23924,005,3173,5029,11:25 AM,41100,unresolved,observed,nmmt_schedule_9075
9075,23929,005,3173,5029,12:05 PM,43500,unresolved,observed,nmmt_schedule_9075
9075,23934,005,3173,5029,12:45 PM,45900,unresolved,observed,nmmt_schedule_9075
9075,23938,005,3173,5029,05:10 PM,61800,unresolved,observed,nmmt_schedule_9075
9075,23943,005,3173,5029,05:50 PM,64200,unresolved,observed,nmmt_schedule_9075
9075,23948,005,3173,5029,06:30 PM,66600,unresolved,observed,nmmt_schedule_9075
9075,23953,005,3173,5029,07:05 PM,68700,unresolved,observed,nmmt_schedule_9075
9075,23958,005,3173,5029,07:45 PM,71100,unresolved,observed,nmmt_schedule_9075
9075,23963,005,3173,5029,08:30 PM,73800,unresolved,observed,nmmt_schedule_9075
9079,17272,059,3420,3461,03:35 PM,56100,unresolved,observed,nmmt_schedule_9079
9079,17273,059,3420,3461,03:48 PM,56880,unresolved,observed,nmmt_schedule_9079
9079,17274,059,3420,3461,04:01 PM,57660,unresolved,observed,nmmt_schedule_9079
9079,17266,059,3420,3461,04:53 PM,60780,unresolved,observed,nmmt_schedule_9079
9081,17080,059,3420,3406,06:15 AM,22500,unresolved,observed,nmmt_schedule_9081
9081,17081,059,3420,3406,06:41 AM,24060,unresolved,observed,nmmt_schedule_9081
9081,17062,059,3420,3406,07:07 AM,25620,unresolved,observed,nmmt_schedule_9081
9081,17064,059,3420,3406,07:33 AM,27180,unresolved,observed,nmmt_schedule_9081
9081,17066,059,3420,3406,07:59 AM,28740,unresolved,observed,nmmt_schedule_9081
9081,17069,059,3420,3406,08:25 AM,30300,unresolved,observed,nmmt_schedule_9081
9081,17071,059,3420,3406,08:51 AM,31860,unresolved,observed,nmmt_schedule_9081
9081,17073,059,3420,3406,09:17 AM,33420,unresolved,observed,nmmt_schedule_9081
9081,17075,059,3420,3406,09:43 AM,34980,unresolved,observed,nmmt_schedule_9081
9081,17051,059,3420,3406,10:09 AM,36540,unresolved,observed,nmmt_schedule_9081
9081,17053,059,3420,3406,11:13 AM,40380,unresolved,observed,nmmt_schedule_9081
9081,17082,059,3420,3406,11:39 AM,41940,unresolved,observed,nmmt_schedule_9081
9081,17056,059,3420,3406,12:05 PM,43500,unresolved,observed,nmmt_schedule_9081
9081,17058,059,3420,3406,12:31 PM,45060,unresolved,observed,nmmt_schedule_9081
9081,17061,059,3420,3406,12:57 PM,46620,unresolved,observed,nmmt_schedule_9081
9081,16997,059,3420,3406,02:43 PM,52980,unresolved,observed,nmmt_schedule_9081
9081,16999,059,3420,3406,03:09 PM,54540,unresolved,observed,nmmt_schedule_9081
9081,17001,059,3420,3406,03:35 PM,56100,unresolved,observed,nmmt_schedule_9081
9081,17003,059,3420,3406,04:01 PM,57660,unresolved,observed,nmmt_schedule_9081
9081,17005,059,3420,3406,04:27 PM,59220,unresolved,observed,nmmt_schedule_9081
9081,17007,059,3420,3406,04:53 PM,60780,unresolved,observed,nmmt_schedule_9081
9081,17009,059,3420,3406,05:53 PM,64380,unresolved,observed,nmmt_schedule_9081
9081,17011,059,3420,3406,06:19 PM,65940,unresolved,observed,nmmt_schedule_9081
9081,17013,059,3420,3406,06:45 PM,67500,unresolved,observed,nmmt_schedule_9081
9081,17015,059,3420,3406,07:11 PM,69060,unresolved,observed,nmmt_schedule_9081
9081,17017,059,3420,3406,07:37 PM,70620,unresolved,observed,nmmt_schedule_9081
9081,17019,059,3420,3406,08:03 PM,72180,unresolved,observed,nmmt_schedule_9081
9081,17021,059,3420,3406,08:29 PM,73740,unresolved,observed,nmmt_schedule_9081
9081,17023,059,3420,3406,08:55 PM,75300,unresolved,observed,nmmt_schedule_9081
9081,17293,059,3420,3406,09:20 PM,76800,unresolved,observed,nmmt_schedule_9081
9084,17025,059,3420,2692,09:20 PM,76800,unresolved,observed,nmmt_schedule_9084
9111,23976,047,2540,3062,05:55 AM,21300,unresolved,observed,nmmt_schedule_9111
9111,23983,047,2540,3062,06:25 AM,23100,unresolved,observed,nmmt_schedule_9111
9118,23978,047,2515,3996,10:30 AM,37800,unresolved,observed,nmmt_schedule_9118
9118,23985,047,2515,3996,11:00 AM,39600,unresolved,observed,nmmt_schedule_9118
9118,23993,047,2515,3996,02:28 PM,52080,unresolved,observed,nmmt_schedule_9118
9118,23995,047,2515,3996,03:55 PM,57300,unresolved,observed,nmmt_schedule_9118
9119,23979,047,3996,2515,11:15 AM,40500,unresolved,observed,nmmt_schedule_9119
9119,23986,047,3996,2515,11:40 AM,42000,unresolved,observed,nmmt_schedule_9119
9119,23994,047,3996,2515,03:16 PM,54960,unresolved,observed,nmmt_schedule_9119
9130,25704,041 AC,3194,2907,10:45 AM,38700,unresolved,observed,nmmt_schedule_9130
9131,24463,044 AC,3031,2907,08:55 PM,75300,unresolved,observed,nmmt_schedule_9131
9131,16697,044 AC,3031,2907,09:25 PM,77100,unresolved,observed,nmmt_schedule_9131
9133,20592,042 AC,2907,3031,04:30 AM,16200,unresolved,observed,nmmt_schedule_9133
9133,25210,042 AC,2907,3031,05:00 AM,18000,unresolved,observed,nmmt_schedule_9133
9133,20597,042 AC,2907,3031,05:02 AM,18120,unresolved,observed,nmmt_schedule_9133
9133,20601,042 AC,2907,3031,05:20 AM,19200,unresolved,observed,nmmt_schedule_9133
9133,25194,042 AC,2907,3031,05:32 AM,19920,unresolved,observed,nmmt_schedule_9133
9133,20508,042 AC,2907,3031,06:39 AM,23940,unresolved,observed,nmmt_schedule_9133
9143,14894,060 AC,2907,2719,04:15 AM,15300,unresolved,observed,nmmt_schedule_9143
9143,14898,060 AC,2907,2719,04:40 AM,16800,unresolved,observed,nmmt_schedule_9143
9143,24392,060 AC,2907,2719,04:55 AM,17700,unresolved,observed,nmmt_schedule_9143
9143,14902,060 AC,2907,2719,05:15 AM,18900,unresolved,observed,nmmt_schedule_9143
9143,24283,060 AC,2907,2719,05:28 AM,19680,unresolved,observed,nmmt_schedule_9143
9143,14907,060 AC,2907,2719,05:45 AM,20700,unresolved,observed,nmmt_schedule_9143
9143,18518,060 AC,2907,2719,05:50 AM,21000,unresolved,observed,nmmt_schedule_9143
9143,14912,060 AC,2907,2719,06:10 AM,22200,unresolved,observed,nmmt_schedule_9143
9143,18521,060 AC,2907,2719,06:25 AM,23100,unresolved,observed,nmmt_schedule_9143
9143,14983,060 AC,2907,2719,03:40 AM,13200,unresolved,observed,nmmt_schedule_9143
9145,15296,071,2907,2719,05:30 AM,19800,unresolved,observed,nmmt_schedule_9145
9145,19935,071,2907,2719,05:55 AM,21300,unresolved,observed,nmmt_schedule_9145
9145,15307,071,2907,2719,06:00 AM,21600,unresolved,observed,nmmt_schedule_9145
9147,18656,042,3031,3194,05:30 AM,19800,unresolved,observed,nmmt_schedule_9147
9147,18661,042,3031,3194,06:10 AM,22200,unresolved,observed,nmmt_schedule_9147
9147,18666,042,3031,3194,06:35 AM,23700,unresolved,observed,nmmt_schedule_9147
9147,18671,042,3031,3194,06:56 AM,24960,unresolved,observed,nmmt_schedule_9147
9147,18674,042,3031,3194,07:19 AM,26340,unresolved,observed,nmmt_schedule_9147
9147,18681,042,3031,3194,07:41 AM,27660,unresolved,observed,nmmt_schedule_9147
9147,18685,042,3031,3194,08:03 AM,28980,unresolved,observed,nmmt_schedule_9147
9147,18691,042,3031,3194,08:27 AM,30420,unresolved,observed,nmmt_schedule_9147
9147,18696,042,3031,3194,09:00 AM,32400,unresolved,observed,nmmt_schedule_9147
9147,18701,042,3031,3194,09:22 AM,33720,unresolved,observed,nmmt_schedule_9147
9147,18659,042,3031,3194,09:43 AM,34980,unresolved,observed,nmmt_schedule_9147
9147,18663,042,3031,3194,10:05 AM,36300,unresolved,observed,nmmt_schedule_9147
9147,18668,042,3031,3194,10:25 AM,37500,unresolved,observed,nmmt_schedule_9147
9147,18673,042,3031,3194,10:45 AM,38700,unresolved,observed,nmmt_schedule_9147
9147,18678,042,3031,3194,11:10 AM,40200,unresolved,observed,nmmt_schedule_9147
9147,18683,042,3031,3194,11:40 AM,42000,unresolved,observed,nmmt_schedule_9147
9147,18687,042,3031,3194,12:11 PM,43860,unresolved,observed,nmmt_schedule_9147
9147,18693,042,3031,3194,12:40 PM,45600,unresolved,observed,nmmt_schedule_9147
9147,18698,042,3031,3194,01:10 PM,47400,unresolved,observed,nmmt_schedule_9147
9147,18703,042,3031,3194,01:45 PM,49500,unresolved,observed,nmmt_schedule_9147
9147,18705,042,3031,3194,02:15 PM,51300,unresolved,observed,nmmt_schedule_9147
9147,18710,042,3031,3194,02:45 PM,53100,unresolved,observed,nmmt_schedule_9147
9147,18715,042,3031,3194,03:15 PM,54900,unresolved,observed,nmmt_schedule_9147
9147,18720,042,3031,3194,03:40 PM,56400,unresolved,observed,nmmt_schedule_9147
9147,18725,042,3031,3194,04:05 PM,57900,unresolved,observed,nmmt_schedule_9147
9147,18730,042,3031,3194,04:35 PM,59700,unresolved,observed,nmmt_schedule_9147
9147,18735,042,3031,3194,05:00 PM,61200,unresolved,observed,nmmt_schedule_9147
9147,18740,042,3031,3194,05:25 PM,62700,unresolved,observed,nmmt_schedule_9147
9147,18745,042,3031,3194,05:50 PM,64200,unresolved,observed,nmmt_schedule_9147
9147,18753,042,3031,3194,06:20 PM,66000,unresolved,observed,nmmt_schedule_9147
9147,18707,042,3031,3194,06:45 PM,67500,unresolved,observed,nmmt_schedule_9147
9147,18712,042,3031,3194,07:10 PM,69000,unresolved,observed,nmmt_schedule_9147
9147,18717,042,3031,3194,07:40 PM,70800,unresolved,observed,nmmt_schedule_9147
9147,18722,042,3031,3194,08:05 PM,72300,unresolved,observed,nmmt_schedule_9147
9147,18727,042,3031,3194,08:30 PM,73800,unresolved,observed,nmmt_schedule_9147
9147,18732,042,3031,3194,08:55 PM,75300,unresolved,observed,nmmt_schedule_9147
9147,18737,042,3031,3194,09:20 PM,76800,unresolved,observed,nmmt_schedule_9147
9147,18742,042,3031,3194,09:55 PM,78900,unresolved,observed,nmmt_schedule_9147
9148,18680,042,3194,3031,06:15 AM,22500,unresolved,observed,nmmt_schedule_9148
9148,18684,042,3194,3031,06:35 AM,23700,unresolved,observed,nmmt_schedule_9148
9148,18690,042,3194,3031,06:55 AM,24900,unresolved,observed,nmmt_schedule_9148
9148,18695,042,3194,3031,07:22 AM,26520,unresolved,observed,nmmt_schedule_9148
9148,18700,042,3194,3031,07:42 AM,27720,unresolved,observed,nmmt_schedule_9148
9148,18657,042,3194,3031,08:00 AM,28800,unresolved,observed,nmmt_schedule_9148
9148,18662,042,3194,3031,08:20 AM,30000,unresolved,observed,nmmt_schedule_9148
9148,18667,042,3194,3031,08:40 AM,31200,unresolved,observed,nmmt_schedule_9148
9148,18672,042,3194,3031,09:00 AM,32400,unresolved,observed,nmmt_schedule_9148
9148,18677,042,3194,3031,09:25 AM,33900,unresolved,observed,nmmt_schedule_9148
9148,18682,042,3194,3031,09:55 AM,35700,unresolved,observed,nmmt_schedule_9148
9148,18686,042,3194,3031,10:25 AM,37500,unresolved,observed,nmmt_schedule_9148
9148,18692,042,3194,3031,10:55 AM,39300,unresolved,observed,nmmt_schedule_9148
9148,18697,042,3194,3031,11:25 AM,41100,unresolved,observed,nmmt_schedule_9148
9148,18702,042,3194,3031,12:00 PM,43200,unresolved,observed,nmmt_schedule_9148
9148,18704,042,3194,3031,12:35 PM,45300,unresolved,observed,nmmt_schedule_9148
9148,18709,042,3194,3031,01:05 PM,47100,unresolved,observed,nmmt_schedule_9148
9148,18714,042,3194,3031,01:35 PM,48900,unresolved,observed,nmmt_schedule_9148
9148,18719,042,3194,3031,02:00 PM,50400,unresolved,observed,nmmt_schedule_9148
9148,18724,042,3194,3031,02:25 PM,51900,unresolved,observed,nmmt_schedule_9148
9148,18729,042,3194,3031,02:55 PM,53700,unresolved,observed,nmmt_schedule_9148
9148,18734,042,3194,3031,03:20 PM,55200,unresolved,observed,nmmt_schedule_9148
9148,18739,042,3194,3031,03:45 PM,56700,unresolved,observed,nmmt_schedule_9148
9148,18744,042,3194,3031,04:10 PM,58200,unresolved,observed,nmmt_schedule_9148
9148,18752,042,3194,3031,04:35 PM,59700,unresolved,observed,nmmt_schedule_9148
9148,18706,042,3194,3031,05:00 PM,61200,unresolved,observed,nmmt_schedule_9148
9148,18711,042,3194,3031,05:25 PM,62700,unresolved,observed,nmmt_schedule_9148
9148,18716,042,3194,3031,05:50 PM,64200,unresolved,observed,nmmt_schedule_9148
9148,18721,042,3194,3031,06:15 PM,65700,unresolved,observed,nmmt_schedule_9148
9148,18726,042,3194,3031,06:40 PM,67200,unresolved,observed,nmmt_schedule_9148
9148,18731,042,3194,3031,07:05 PM,68700,unresolved,observed,nmmt_schedule_9148
9148,18736,042,3194,3031,07:30 PM,70200,unresolved,observed,nmmt_schedule_9148
9148,18741,042,3194,3031,08:05 PM,72300,unresolved,observed,nmmt_schedule_9148
9148,18746,042,3194,3031,08:40 PM,74400,unresolved,observed,nmmt_schedule_9148
9148,18754,042,3194,3031,09:20 PM,76800,unresolved,observed,nmmt_schedule_9148
9149,18655,042,2907,3031,04:30 AM,16200,unresolved,observed,nmmt_schedule_9149
9156,14775,062 AC,2907,2719,04:55 AM,17700,unresolved,observed,nmmt_schedule_9156
9156,14714,062 AC,2907,2719,05:25 AM,19500,unresolved,observed,nmmt_schedule_9156
9156,14780,062 AC,2907,2719,05:52 AM,21120,unresolved,observed,nmmt_schedule_9156
9158,14808,062 AC,4397,2907,12:01 AM,60,unresolved,observed,nmmt_schedule_9158
9158,14816,062 AC,4397,2907,12:25 AM,1500,unresolved,observed,nmmt_schedule_9158
9158,14818,062 AC,4397,2907,12:50 AM,3000,unresolved,observed,nmmt_schedule_9158
9161,16256,004 AC,3122,3173,06:00 AM,21600,unresolved,observed,nmmt_schedule_9161
9161,16263,004 AC,3122,3173,06:35 AM,23700,unresolved,observed,nmmt_schedule_9161
9161,16250,004 AC,3122,3173,07:10 AM,25800,unresolved,observed,nmmt_schedule_9161
9161,16271,004 AC,3122,3173,07:50 AM,28200,unresolved,observed,nmmt_schedule_9161
9161,18399,004 AC,3122,3173,08:05 AM,29100,unresolved,observed,nmmt_schedule_9161
9161,16258,004 AC,3122,3173,08:55 AM,32100,unresolved,observed,nmmt_schedule_9161
9161,16265,004 AC,3122,3173,09:35 AM,34500,unresolved,observed,nmmt_schedule_9161
9161,16252,004 AC,3122,3173,10:15 AM,36900,unresolved,observed,nmmt_schedule_9161
9161,16273,004 AC,3122,3173,10:50 AM,39000,unresolved,observed,nmmt_schedule_9161
9161,16260,004 AC,3122,3173,11:25 AM,41100,unresolved,observed,nmmt_schedule_9161
9161,16267,004 AC,3122,3173,12:05 PM,43500,unresolved,observed,nmmt_schedule_9161
9161,16284,004 AC,3122,3173,04:00 PM,57600,unresolved,observed,nmmt_schedule_9161
9161,16291,004 AC,3122,3173,04:25 PM,59100,unresolved,observed,nmmt_schedule_9161
9161,16278,004 AC,3122,3173,04:45 PM,60300,unresolved,observed,nmmt_schedule_9161
9161,16299,004 AC,3122,3173,05:55 PM,64500,unresolved,observed,nmmt_schedule_9161
9161,16286,004 AC,3122,3173,07:05 PM,68700,unresolved,observed,nmmt_schedule_9161
9161,16293,004 AC,3122,3173,07:30 PM,70200,unresolved,observed,nmmt_schedule_9161
9161,16280,004 AC,3122,3173,08:00 PM,72000,unresolved,observed,nmmt_schedule_9161
9161,16301,004 AC,3122,3173,09:00 PM,75600,unresolved,observed,nmmt_schedule_9161
9161,16288,004 AC,3122,3173,09:35 PM,77700,unresolved,observed,nmmt_schedule_9161
9161,16295,004 AC,3122,3173,10:00 PM,79200,unresolved,observed,nmmt_schedule_9161
9162,16249,004 AC,3173,3122,06:00 AM,21600,unresolved,observed,nmmt_schedule_9162
9162,16270,004 AC,3173,3122,06:42 AM,24120,unresolved,observed,nmmt_schedule_9162
9162,16257,004 AC,3173,3122,07:10 AM,25800,unresolved,observed,nmmt_schedule_9162
9162,16264,004 AC,3173,3122,07:45 AM,27900,unresolved,observed,nmmt_schedule_9162
9162,16251,004 AC,3173,3122,08:20 AM,30000,unresolved,observed,nmmt_schedule_9162
9162,16272,004 AC,3173,3122,09:05 AM,32700,unresolved,observed,nmmt_schedule_9162
9162,18401,004 AC,3173,3122,09:22 AM,33720,unresolved,observed,nmmt_schedule_9162
9162,16259,004 AC,3173,3122,10:10 AM,36600,unresolved,observed,nmmt_schedule_9162
9162,16266,004 AC,3173,3122,10:50 AM,39000,unresolved,observed,nmmt_schedule_9162
9162,16253,004 AC,3173,3122,11:30 AM,41400,unresolved,observed,nmmt_schedule_9162
9162,16274,004 AC,3173,3122,12:05 PM,43500,unresolved,observed,nmmt_schedule_9162
9162,16277,004 AC,3173,3122,03:32 PM,55920,unresolved,observed,nmmt_schedule_9162
9162,16298,004 AC,3173,3122,04:40 PM,60000,unresolved,observed,nmmt_schedule_9162
9162,16285,004 AC,3173,3122,05:15 PM,62100,unresolved,observed,nmmt_schedule_9162
9162,16292,004 AC,3173,3122,05:40 PM,63600,unresolved,observed,nmmt_schedule_9162
9162,16279,004 AC,3173,3122,06:00 PM,64800,unresolved,observed,nmmt_schedule_9162
9162,16300,004 AC,3173,3122,07:10 PM,69000,unresolved,observed,nmmt_schedule_9162
9162,16287,004 AC,3173,3122,08:20 PM,73200,unresolved,observed,nmmt_schedule_9162
9162,16294,004 AC,3173,3122,08:45 PM,74700,unresolved,observed,nmmt_schedule_9162
9162,16281,004 AC,3173,3122,09:15 PM,76500,unresolved,observed,nmmt_schedule_9162
9162,16302,004 AC,3173,3122,10:15 PM,80100,unresolved,observed,nmmt_schedule_9162
9180,18038,065 AC,5021,2719,10:25 AM,37500,unresolved,observed,nmmt_schedule_9180
9180,18041,065 AC,5021,2719,03:00 PM,54000,unresolved,observed,nmmt_schedule_9180
9180,18043,065 AC,5021,2719,06:50 PM,67800,unresolved,observed,nmmt_schedule_9180
9206,19293,066,4428,2719,06:30 AM,23400,unresolved,observed,nmmt_schedule_9206
9206,19285,066,4428,2719,07:15 AM,26100,unresolved,observed,nmmt_schedule_9206
9206,19286,066,4428,2719,07:55 AM,28500,unresolved,observed,nmmt_schedule_9206
9206,19294,066,4428,2719,08:45 AM,31500,unresolved,observed,nmmt_schedule_9206
9206,19283,066,4428,2719,09:55 AM,35700,unresolved,observed,nmmt_schedule_9206
9206,19290,066,4428,2719,11:00 AM,39600,unresolved,observed,nmmt_schedule_9206
9206,19298,066,4428,2719,12:00 PM,43200,unresolved,observed,nmmt_schedule_9206
9206,19301,066,4428,2719,01:40 PM,49200,unresolved,observed,nmmt_schedule_9206
9206,19310,066,4428,2719,02:40 PM,52800,unresolved,observed,nmmt_schedule_9206
9206,19321,066,4428,2719,03:37 PM,56220,unresolved,observed,nmmt_schedule_9206
9206,19307,066,4428,2719,03:55 PM,57300,unresolved,observed,nmmt_schedule_9206
9206,19312,066,4428,2719,04:52 PM,60720,unresolved,observed,nmmt_schedule_9206
9206,19323,066,4428,2719,05:50 PM,64200,unresolved,observed,nmmt_schedule_9206
9206,19303,066,4428,2719,06:50 PM,67800,unresolved,observed,nmmt_schedule_9206
9206,19315,066,4428,2719,07:50 PM,71400,unresolved,observed,nmmt_schedule_9206
9206,19317,066,4428,2719,08:45 PM,74700,unresolved,observed,nmmt_schedule_9206
9207,19281,066,4397,4428,06:10 AM,22200,unresolved,observed,nmmt_schedule_9207
9207,19287,066,4397,4428,06:50 AM,24600,unresolved,observed,nmmt_schedule_9207
9207,19296,066,4397,4428,07:35 AM,27300,unresolved,observed,nmmt_schedule_9207
9207,19282,066,4397,4428,08:20 AM,30000,unresolved,observed,nmmt_schedule_9207
9207,19289,066,4397,4428,08:58 AM,32280,unresolved,observed,nmmt_schedule_9207
9207,19297,066,4397,4428,09:53 AM,35580,unresolved,observed,nmmt_schedule_9207
9207,19280,066,4397,4428,11:03 AM,39780,unresolved,observed,nmmt_schedule_9207
9207,19291,066,4397,4428,12:05 PM,43500,unresolved,observed,nmmt_schedule_9207
9207,19299,066,4397,4428,01:08 PM,47280,unresolved,observed,nmmt_schedule_9207
9207,19302,066,4397,4428,02:46 PM,53160,unresolved,observed,nmmt_schedule_9207
9207,19311,066,4397,4428,03:46 PM,56760,unresolved,observed,nmmt_schedule_9207
9207,19322,066,4397,4428,04:43 PM,60180,unresolved,observed,nmmt_schedule_9207
9207,19308,066,4397,4428,05:01 PM,61260,unresolved,observed,nmmt_schedule_9207
9207,19313,066,4397,4428,06:00 PM,64800,unresolved,observed,nmmt_schedule_9207
9207,19324,066,4397,4428,06:58 PM,68280,unresolved,observed,nmmt_schedule_9207
9207,19305,066,4397,4428,08:00 PM,72000,unresolved,observed,nmmt_schedule_9207
9207,19314,066,4397,4428,09:00 PM,75600,unresolved,observed,nmmt_schedule_9207
9207,19318,066,4397,4428,09:55 PM,78900,unresolved,observed,nmmt_schedule_9207
9210,24936,007 AC,3251,2765,06:10 PM,65400,unresolved,observed,nmmt_schedule_9210
9211,12938,007,3173,2685,03:23 PM,55380,unresolved,observed,nmmt_schedule_9211
9211,12949,007,3173,2685,04:06 PM,57960,unresolved,observed,nmmt_schedule_9211
9211,12872,007,3173,2685,04:46 PM,60360,unresolved,observed,nmmt_schedule_9211
9211,12884,007,3173,2685,05:26 PM,62760,unresolved,observed,nmmt_schedule_9211
9211,12955,007,3173,2685,05:40 PM,63600,unresolved,observed,nmmt_schedule_9211
9211,12865,007,3173,2685,06:06 PM,65160,unresolved,observed,nmmt_schedule_9211
9211,12963,007,3173,2685,06:46 PM,67560,unresolved,observed,nmmt_schedule_9211
9212,15784,007 AC,3173,2685,04:15 PM,58500,unresolved,observed,nmmt_schedule_9212
9212,15792,007 AC,3173,2685,04:55 PM,60900,unresolved,observed,nmmt_schedule_9212
9212,15804,007 AC,3173,2685,05:35 PM,63300,unresolved,observed,nmmt_schedule_9212
9212,15810,007 AC,3173,2685,06:25 PM,66300,unresolved,observed,nmmt_schedule_9212
9212,15819,007 AC,3173,2685,07:08 PM,68880,unresolved,observed,nmmt_schedule_9212
9213,12943,007,2685,3173,04:06 PM,57960,unresolved,observed,nmmt_schedule_9213
9213,12950,007,2685,3173,04:49 PM,60540,unresolved,observed,nmmt_schedule_9213
9213,12876,007,2685,3173,05:29 PM,62940,unresolved,observed,nmmt_schedule_9213
9213,12882,007,2685,3173,06:09 PM,65340,unresolved,observed,nmmt_schedule_9213
9213,12956,007,2685,3173,06:22 PM,66120,unresolved,observed,nmmt_schedule_9213
9213,12870,007,2685,3173,06:49 PM,67740,unresolved,observed,nmmt_schedule_9213
9213,12964,007,2685,3173,07:29 PM,70140,unresolved,observed,nmmt_schedule_9213
9214,15788,007 AC,2685,3173,04:58 PM,61080,unresolved,observed,nmmt_schedule_9214
9214,15793,007 AC,2685,3173,05:38 PM,63480,unresolved,observed,nmmt_schedule_9214
9214,15805,007 AC,2685,3173,06:18 PM,65880,unresolved,observed,nmmt_schedule_9214
9214,15814,007 AC,2685,3173,07:08 PM,68880,unresolved,observed,nmmt_schedule_9214
9214,15823,007 AC,2685,3173,07:51 PM,71460,unresolved,observed,nmmt_schedule_9214
9215,17077,059,3406,3420,06:05 AM,21900,unresolved,observed,nmmt_schedule_9215
9215,17078,059,3406,3420,06:28 AM,23280,unresolved,observed,nmmt_schedule_9215
9215,17079,059,3406,3420,06:54 AM,24840,unresolved,observed,nmmt_schedule_9215
9215,17063,059,3406,3420,07:20 AM,26400,unresolved,observed,nmmt_schedule_9215
9215,17065,059,3406,3420,07:46 AM,27960,unresolved,observed,nmmt_schedule_9215
9215,17067,059,3406,3420,08:12 AM,29520,unresolved,observed,nmmt_schedule_9215
9215,17070,059,3406,3420,08:38 AM,31080,unresolved,observed,nmmt_schedule_9215
9215,17072,059,3406,3420,09:04 AM,32640,unresolved,observed,nmmt_schedule_9215
9215,17074,059,3406,3420,09:30 AM,34200,unresolved,observed,nmmt_schedule_9215
9215,17068,059,3406,3420,09:56 AM,35760,unresolved,observed,nmmt_schedule_9215
9215,17052,059,3406,3420,11:00 AM,39600,unresolved,observed,nmmt_schedule_9215
9215,17054,059,3406,3420,11:26 AM,41160,unresolved,observed,nmmt_schedule_9215
9215,17055,059,3406,3420,11:52 AM,42720,unresolved,observed,nmmt_schedule_9215
9215,17057,059,3406,3420,12:18 PM,44280,unresolved,observed,nmmt_schedule_9215
9215,17059,059,3406,3420,12:44 PM,45840,unresolved,observed,nmmt_schedule_9215
9215,16996,059,3406,3420,02:30 PM,52200,unresolved,observed,nmmt_schedule_9215
9215,16998,059,3406,3420,02:56 PM,53760,unresolved,observed,nmmt_schedule_9215
9215,17000,059,3406,3420,03:22 PM,55320,unresolved,observed,nmmt_schedule_9215
9215,17002,059,3406,3420,03:48 PM,56880,unresolved,observed,nmmt_schedule_9215
9215,17004,059,3406,3420,04:14 PM,58440,unresolved,observed,nmmt_schedule_9215
9215,17006,059,3406,3420,04:40 PM,60000,unresolved,observed,nmmt_schedule_9215
9215,17008,059,3406,3420,05:40 PM,63600,unresolved,observed,nmmt_schedule_9215
9215,17010,059,3406,3420,06:06 PM,65160,unresolved,observed,nmmt_schedule_9215
9215,17012,059,3406,3420,06:32 PM,66720,unresolved,observed,nmmt_schedule_9215
9215,17014,059,3406,3420,06:58 PM,68280,unresolved,observed,nmmt_schedule_9215
9215,17016,059,3406,3420,07:24 PM,69840,unresolved,observed,nmmt_schedule_9215
9215,17018,059,3406,3420,07:50 PM,71400,unresolved,observed,nmmt_schedule_9215
9215,17020,059,3406,3420,08:16 PM,72960,unresolved,observed,nmmt_schedule_9215
9215,17022,059,3406,3420,08:42 PM,74520,unresolved,observed,nmmt_schedule_9215
9215,17024,059,3406,3420,09:08 PM,76080,unresolved,observed,nmmt_schedule_9215
9220,15292,007,2765,3194,07:30 PM,70200,unresolved,observed,nmmt_schedule_9220
9230,24714,003 AC,2908,3166,06:45 AM,24300,unresolved,observed,nmmt_schedule_9230
9242,25157,121 AC,2908,2777,02:30 PM,52200,unresolved,observed,nmmt_schedule_9242
9242,25161,121 AC,2908,2777,03:00 PM,54000,unresolved,observed,nmmt_schedule_9242
9242,25165,121 AC,2908,2777,03:30 PM,55800,unresolved,observed,nmmt_schedule_9242
9318,12555,106 AC,2776,2777,07:40 AM,27600,unresolved,observed,nmmt_schedule_9318
9325,24595,107 AC,2515,2777,07:10 AM,25800,unresolved,observed,nmmt_schedule_9325
9327,24591,107 AC,2515,3996,12:10 PM,43800,unresolved,observed,nmmt_schedule_9327
9332,15183,115 AC,3996,2777,07:25 AM,26700,unresolved,observed,nmmt_schedule_9332
9333,15180,115 AC,2777,3194,09:50 AM,35400,unresolved,observed,nmmt_schedule_9333
9334,15177,115 AC,3194,2765,12:00 PM,43200,unresolved,observed,nmmt_schedule_9334
9335,15178,115 AC,2765,3194,12:39 PM,45540,unresolved,observed,nmmt_schedule_9335
9336,15179,115 AC,3194,2907,01:17 PM,47820,unresolved,observed,nmmt_schedule_9336
9337,15189,115 AC,2907,2777,03:35 PM,56100,unresolved,observed,nmmt_schedule_9337
9338,15191,115 AC,3996,4119,07:40 PM,70800,unresolved,observed,nmmt_schedule_9338
9340,13431,056 AC,2692,3477,06:12 AM,22320,unresolved,observed,nmmt_schedule_9340
9340,20371,056 AC,2692,3477,06:27 AM,23220,unresolved,observed,nmmt_schedule_9340
9340,13446,056 AC,2692,3477,06:38 AM,23880,unresolved,observed,nmmt_schedule_9340
9340,20425,056 AC,2692,3477,06:42 AM,24120,unresolved,observed,nmmt_schedule_9340
9340,20398,056 AC,2692,3477,06:57 AM,25020,unresolved,observed,nmmt_schedule_9340
9340,13486,056 AC,2692,3477,07:00 AM,25200,unresolved,observed,nmmt_schedule_9340
9340,20439,056 AC,2692,3477,07:19 AM,26340,unresolved,observed,nmmt_schedule_9340
9340,20300,056 AC,2692,3477,07:35 AM,27300,unresolved,observed,nmmt_schedule_9340
9340,13362,056 AC,2692,3477,07:48 AM,28080,unresolved,observed,nmmt_schedule_9340
9340,20317,056 AC,2692,3477,07:51 AM,28260,unresolved,observed,nmmt_schedule_9340
9340,20328,056 AC,2692,3477,08:04 AM,29040,unresolved,observed,nmmt_schedule_9340
9341,13918,108 AC,2907,2895,07:05 AM,25500,unresolved,observed,nmmt_schedule_9341
9342,13922,108 AC,2895,4119,08:35 PM,74100,unresolved,observed,nmmt_schedule_9342
9343,13913,108 AC,4115,2884,02:05 PM,50700,unresolved,observed,nmmt_schedule_9343
9344,13912,108 AC,2884,4115,12:00 PM,43200,unresolved,observed,nmmt_schedule_9344
9344,15192,108 AC,2884,4115,09:15 PM,76500,unresolved,observed,nmmt_schedule_9344
9345,13911,108 AC,2777,2884,09:45 AM,35100,unresolved,observed,nmmt_schedule_9345
9346,13920,108 AC,2884,2777,04:35 PM,59700,unresolved,observed,nmmt_schedule_9346
9364,18036,065 AC,2908,2719,06:55 AM,24900,unresolved,observed,nmmt_schedule_9364
9365,18039,065 AC,4397,2908,12:10 PM,43800,unresolved,observed,nmmt_schedule_9365
9365,18044,065 AC,4397,2908,08:35 PM,74100,unresolved,observed,nmmt_schedule_9365
9371,15095,061 AC,3323,2719,06:25 AM,23100,unresolved,observed,nmmt_schedule_9371
9371,15102,061 AC,3323,2719,07:20 AM,26400,unresolved,observed,nmmt_schedule_9371
9371,15085,061 AC,3323,2719,08:15 AM,29700,unresolved,observed,nmmt_schedule_9371
9371,15147,061 AC,3323,2719,09:15 AM,33300,unresolved,observed,nmmt_schedule_9371
9371,15093,061 AC,3323,2719,10:05 AM,36300,unresolved,observed,nmmt_schedule_9371
9371,15099,061 AC,3323,2719,10:50 AM,39000,unresolved,observed,nmmt_schedule_9371
9371,15106,061 AC,3323,2719,11:45 AM,42300,unresolved,observed,nmmt_schedule_9371
9371,15108,061 AC,3323,2719,12:33 PM,45180,unresolved,observed,nmmt_schedule_9371
9371,15115,061 AC,3323,2719,01:28 PM,48480,unresolved,observed,nmmt_schedule_9371
9371,21117,061 AC,3323,2719,01:30 PM,48600,unresolved,observed,nmmt_schedule_9371
9371,15128,061 AC,3323,2719,02:10 PM,51000,unresolved,observed,nmmt_schedule_9371
9371,15129,061 AC,3323,2719,02:48 PM,53280,unresolved,observed,nmmt_schedule_9371
9371,15142,061 AC,3323,2719,03:33 PM,55980,unresolved,observed,nmmt_schedule_9371
9371,15112,061 AC,3323,2719,05:00 PM,61200,unresolved,observed,nmmt_schedule_9371
9371,15124,061 AC,3323,2719,06:40 PM,67200,unresolved,observed,nmmt_schedule_9371
9371,15132,061 AC,3323,2719,07:17 PM,69420,unresolved,observed,nmmt_schedule_9371
9371,15141,061 AC,3323,2719,08:05 PM,72300,unresolved,observed,nmmt_schedule_9371
9372,15087,061 AC,4397,3323,05:30 AM,19800,unresolved,observed,nmmt_schedule_9372
9372,15144,061 AC,4397,3323,06:30 AM,23400,unresolved,observed,nmmt_schedule_9372
9372,15089,061 AC,4397,3323,07:15 AM,26100,unresolved,observed,nmmt_schedule_9372
9372,15096,061 AC,4397,3323,08:00 AM,28800,unresolved,observed,nmmt_schedule_9372
9372,15103,061 AC,4397,3323,08:50 AM,31800,unresolved,observed,nmmt_schedule_9372
9372,15086,061 AC,4397,3323,09:50 AM,35400,unresolved,observed,nmmt_schedule_9372
9372,15148,061 AC,4397,3323,10:50 AM,39000,unresolved,observed,nmmt_schedule_9372
9372,15092,061 AC,4397,3323,11:40 AM,42000,unresolved,observed,nmmt_schedule_9372
9372,15100,061 AC,4397,3323,12:25 PM,44700,unresolved,observed,nmmt_schedule_9372
9372,15107,061 AC,4397,3323,01:20 PM,48000,unresolved,observed,nmmt_schedule_9372
9372,15111,061 AC,4397,3323,02:08 PM,50880,unresolved,observed,nmmt_schedule_9372
9372,21118,061 AC,4397,3323,03:04 PM,54240,unresolved,observed,nmmt_schedule_9372
9372,15120,061 AC,4397,3323,03:05 PM,54300,unresolved,observed,nmmt_schedule_9372
9372,15122,061 AC,4397,3323,03:47 PM,56820,unresolved,observed,nmmt_schedule_9372
9372,15135,061 AC,4397,3323,04:25 PM,59100,unresolved,observed,nmmt_schedule_9372
9372,15136,061 AC,4397,3323,05:10 PM,61800,unresolved,observed,nmmt_schedule_9372
9372,15113,061 AC,4397,3323,06:37 PM,67020,unresolved,observed,nmmt_schedule_9372
9372,15118,061 AC,4397,3323,07:40 PM,70800,unresolved,observed,nmmt_schedule_9372
9372,15126,061 AC,4397,3323,08:17 PM,73020,unresolved,observed,nmmt_schedule_9372
9372,15133,061 AC,4397,3323,09:00 PM,75600,unresolved,observed,nmmt_schedule_9372
9373,15117,061 AC,3323,2719,06:05 PM,65100,unresolved,observed,nmmt_schedule_9373
9374,21113,061 AC,4397,3323,08:00 AM,28800,unresolved,observed,nmmt_schedule_9374
9375,15082,061 AC,2692,2719,04:15 AM,15300,unresolved,observed,nmmt_schedule_9375
9375,15143,061 AC,2692,2719,05:10 AM,18600,unresolved,observed,nmmt_schedule_9375
9375,15088,061 AC,2692,2719,05:55 AM,21300,unresolved,observed,nmmt_schedule_9375
9376,21120,061 AC,4397,2776,08:02 PM,72120,unresolved,observed,nmmt_schedule_9376
9376,15139,061 AC,4397,2776,09:45 PM,78300,unresolved,observed,nmmt_schedule_9376
9378,21121,061 AC,2776,2692,09:34 PM,77640,unresolved,observed,nmmt_schedule_9378
9378,15140,061 AC,2776,2692,11:19 PM,83940,unresolved,observed,nmmt_schedule_9378
9379,15094,061 AC,2692,3323,06:00 AM,21600,unresolved,observed,nmmt_schedule_9379
9379,15101,061 AC,2692,3323,06:55 AM,24900,unresolved,observed,nmmt_schedule_9379
9380,15114,061 AC,3323,2692,08:11 PM,72660,unresolved,observed,nmmt_schedule_9380
9380,15119,061 AC,3323,2692,09:12 PM,76320,unresolved,observed,nmmt_schedule_9380
9380,15127,061 AC,3323,2692,09:51 PM,78660,unresolved,observed,nmmt_schedule_9380
9380,15134,061 AC,3323,2692,10:33 PM,81180,unresolved,observed,nmmt_schedule_9380
9386,15833,048T,3323,4995,05:35 AM,20100,unresolved,observed,nmmt_schedule_9386
9386,15863,048T,3323,4995,06:05 AM,21900,unresolved,observed,nmmt_schedule_9386
9386,24633,048T,3323,4995,06:20 AM,22800,unresolved,observed,nmmt_schedule_9386
9386,15892,048T,3323,4995,06:30 AM,23400,unresolved,observed,nmmt_schedule_9386
9386,24639,048T,3323,4995,07:05 AM,25500,unresolved,observed,nmmt_schedule_9386
9386,15869,048T,3323,4995,07:25 AM,26700,unresolved,observed,nmmt_schedule_9386
9386,15899,048T,3323,4995,07:55 AM,28500,unresolved,observed,nmmt_schedule_9386
9386,24645,048T,3323,4995,08:05 AM,29100,unresolved,observed,nmmt_schedule_9386
9386,15849,048T,3323,4995,08:25 AM,30300,unresolved,observed,nmmt_schedule_9386
9386,15835,048T,3323,4995,08:58 AM,32280,unresolved,observed,nmmt_schedule_9386
9386,24628,048T,3323,4995,09:00 AM,32400,unresolved,observed,nmmt_schedule_9386
9386,15865,048T,3323,4995,09:32 AM,34320,unresolved,observed,nmmt_schedule_9386
9386,24635,048T,3323,4995,10:00 AM,36000,unresolved,observed,nmmt_schedule_9386
9386,15894,048T,3323,4995,10:10 AM,36600,unresolved,observed,nmmt_schedule_9386
9386,15841,048T,3323,4995,10:45 AM,38700,unresolved,observed,nmmt_schedule_9386
9386,24641,048T,3323,4995,11:00 AM,39600,unresolved,observed,nmmt_schedule_9386
9386,15871,048T,3323,4995,11:15 AM,40500,unresolved,observed,nmmt_schedule_9386
9386,15901,048T,3323,4995,11:50 AM,42600,unresolved,observed,nmmt_schedule_9386
9386,24648,048T,3323,4995,12:00 PM,43200,unresolved,observed,nmmt_schedule_9386
9386,15847,048T,3323,4995,12:20 PM,44400,unresolved,observed,nmmt_schedule_9386
9386,15877,048T,3323,4995,01:15 PM,47700,unresolved,observed,nmmt_schedule_9386
9386,24651,048T,3323,4995,01:20 PM,48000,unresolved,observed,nmmt_schedule_9386
9386,15909,048T,3323,4995,02:05 PM,50700,unresolved,observed,nmmt_schedule_9386
9386,24658,048T,3323,4995,02:35 PM,52500,unresolved,observed,nmmt_schedule_9386
9386,15881,048T,3323,4995,03:10 PM,54600,unresolved,observed,nmmt_schedule_9386
9386,24665,048T,3323,4995,03:40 PM,56400,unresolved,observed,nmmt_schedule_9386
9386,15911,048T,3323,4995,03:45 PM,56700,unresolved,observed,nmmt_schedule_9386
9386,15860,048T,3323,4995,04:25 PM,59100,unresolved,observed,nmmt_schedule_9386
9386,24670,048T,3323,4995,04:40 PM,60000,unresolved,observed,nmmt_schedule_9386
9386,15889,048T,3323,4995,05:00 PM,61200,unresolved,observed,nmmt_schedule_9386
9386,15879,048T,3323,4995,05:30 PM,63000,unresolved,observed,nmmt_schedule_9386
9386,24653,048T,3323,4995,05:35 PM,63300,unresolved,observed,nmmt_schedule_9386
9386,15906,048T,3323,4995,06:00 PM,64800,unresolved,observed,nmmt_schedule_9386
9386,15853,048T,3323,4995,06:30 PM,66600,unresolved,observed,nmmt_schedule_9386
9386,24660,048T,3323,4995,06:35 PM,66900,unresolved,observed,nmmt_schedule_9386
9386,15883,048T,3323,4995,07:00 PM,68400,unresolved,observed,nmmt_schedule_9386
9386,15913,048T,3323,4995,07:35 PM,70500,unresolved,observed,nmmt_schedule_9386
9386,15858,048T,3323,4995,08:20 PM,73200,unresolved,observed,nmmt_schedule_9386
9386,24672,048T,3323,4995,08:45 PM,74700,unresolved,observed,nmmt_schedule_9386
9386,15887,048T,3323,4995,08:50 PM,75000,unresolved,observed,nmmt_schedule_9386
9387,15834,048T,4995,3323,07:00 AM,25200,unresolved,observed,nmmt_schedule_9387
9387,15864,048T,4995,3323,07:35 AM,27300,unresolved,observed,nmmt_schedule_9387
9387,24634,048T,4995,3323,07:50 AM,28200,unresolved,observed,nmmt_schedule_9387
9387,15896,048T,4995,3323,08:00 AM,28800,unresolved,observed,nmmt_schedule_9387
9387,24640,048T,4995,3323,08:35 AM,30900,unresolved,observed,nmmt_schedule_9387
9387,15840,048T,4995,3323,08:40 AM,31200,unresolved,observed,nmmt_schedule_9387
9387,15870,048T,4995,3323,09:00 AM,32400,unresolved,observed,nmmt_schedule_9387
9387,15900,048T,4995,3323,09:30 AM,34200,unresolved,observed,nmmt_schedule_9387
9387,24647,048T,4995,3323,09:35 AM,34500,unresolved,observed,nmmt_schedule_9387
9387,15846,048T,4995,3323,10:00 AM,36000,unresolved,observed,nmmt_schedule_9387
9387,15836,048T,4995,3323,10:35 AM,38100,unresolved,observed,nmmt_schedule_9387
9387,15866,048T,4995,3323,11:10 AM,40200,unresolved,observed,nmmt_schedule_9387
9387,24636,048T,4995,3323,11:35 AM,41700,unresolved,observed,nmmt_schedule_9387
9387,15895,048T,4995,3323,11:45 AM,42300,unresolved,observed,nmmt_schedule_9387
9387,15842,048T,4995,3323,12:15 PM,44100,unresolved,observed,nmmt_schedule_9387
9387,24642,048T,4995,3323,12:35 PM,45300,unresolved,observed,nmmt_schedule_9387
9387,15872,048T,4995,3323,12:50 PM,46200,unresolved,observed,nmmt_schedule_9387
9387,15902,048T,4995,3323,01:25 PM,48300,unresolved,observed,nmmt_schedule_9387
9387,24646,048T,4995,3323,01:35 PM,48900,unresolved,observed,nmmt_schedule_9387
9387,15848,048T,4995,3323,01:55 PM,50100,unresolved,observed,nmmt_schedule_9387
9387,15878,048T,4995,3323,02:50 PM,53400,unresolved,observed,nmmt_schedule_9387
9387,24652,048T,4995,3323,02:55 PM,53700,unresolved,observed,nmmt_schedule_9387
9387,15905,048T,4995,3323,03:40 PM,56400,unresolved,observed,nmmt_schedule_9387
9387,24659,048T,4995,3323,04:05 PM,57900,unresolved,observed,nmmt_schedule_9387
9387,15852,048T,4995,3323,04:10 PM,58200,unresolved,observed,nmmt_schedule_9387
9387,15882,048T,4995,3323,04:45 PM,60300,unresolved,observed,nmmt_schedule_9387
9387,24664,048T,4995,3323,05:10 PM,61800,unresolved,observed,nmmt_schedule_9387
9387,15912,048T,4995,3323,05:20 PM,62400,unresolved,observed,nmmt_schedule_9387
9387,15861,048T,4995,3323,06:00 PM,64800,unresolved,observed,nmmt_schedule_9387
9387,24671,048T,4995,3323,06:20 PM,66000,unresolved,observed,nmmt_schedule_9387
9387,15890,048T,4995,3323,06:40 PM,67200,unresolved,observed,nmmt_schedule_9387
9387,15875,048T,4995,3323,07:10 PM,69000,unresolved,observed,nmmt_schedule_9387
9387,24654,048T,4995,3323,07:15 PM,69300,unresolved,observed,nmmt_schedule_9387
9387,15907,048T,4995,3323,07:40 PM,70800,unresolved,observed,nmmt_schedule_9387
9387,15854,048T,4995,3323,08:10 PM,72600,unresolved,observed,nmmt_schedule_9387
9387,24661,048T,4995,3323,08:15 PM,72900,unresolved,observed,nmmt_schedule_9387
9387,15884,048T,4995,3323,08:40 PM,74400,unresolved,observed,nmmt_schedule_9387
9387,15914,048T,4995,3323,09:15 PM,76500,unresolved,observed,nmmt_schedule_9387
9387,15859,048T,4995,3323,09:55 PM,78900,unresolved,observed,nmmt_schedule_9387
9387,24673,048T,4995,3323,10:20 PM,80400,unresolved,observed,nmmt_schedule_9387
9387,15888,048T,4995,3323,10:30 PM,81000,unresolved,observed,nmmt_schedule_9387
9388,15832,048T,2907,3323,05:10 AM,18600,unresolved,observed,nmmt_schedule_9388
9388,15862,048T,2907,3323,05:40 AM,20400,unresolved,observed,nmmt_schedule_9388
9388,24632,048T,2907,3323,05:55 AM,21300,unresolved,observed,nmmt_schedule_9388
9388,15893,048T,2907,3323,06:05 AM,21900,unresolved,observed,nmmt_schedule_9388
9388,15838,048T,2907,3323,06:40 AM,24000,unresolved,observed,nmmt_schedule_9388
9388,15868,048T,2907,3323,07:00 AM,25200,unresolved,observed,nmmt_schedule_9388
9388,15898,048T,2907,3323,07:30 AM,27000,unresolved,observed,nmmt_schedule_9388
9388,24644,048T,2907,3323,07:35 AM,27300,unresolved,observed,nmmt_schedule_9388
9388,15844,048T,2907,3323,08:00 AM,28800,unresolved,observed,nmmt_schedule_9388
9388,15874,048T,2907,3323,12:50 PM,46200,unresolved,observed,nmmt_schedule_9388
9388,24650,048T,2907,3323,12:55 PM,46500,unresolved,observed,nmmt_schedule_9388
9388,15904,048T,2907,3323,01:40 PM,49200,unresolved,observed,nmmt_schedule_9388
9388,24656,048T,2907,3323,02:05 PM,50700,unresolved,observed,nmmt_schedule_9388
9388,15850,048T,2907,3323,02:10 PM,51000,unresolved,observed,nmmt_schedule_9388
9388,15880,048T,2907,3323,02:45 PM,53100,unresolved,observed,nmmt_schedule_9388
9388,24667,048T,2907,3323,03:10 PM,54600,unresolved,observed,nmmt_schedule_9388
9388,15910,048T,2907,3323,03:20 PM,55200,unresolved,observed,nmmt_schedule_9388
9388,15857,048T,2907,3323,04:00 PM,57600,unresolved,observed,nmmt_schedule_9388
9388,24668,048T,2907,3323,04:15 PM,58500,unresolved,observed,nmmt_schedule_9388
9388,15886,048T,2907,3323,04:35 PM,59700,unresolved,observed,nmmt_schedule_9388
9389,15837,048T,3323,2907,12:10 PM,43800,unresolved,observed,nmmt_schedule_9389
9389,15867,048T,3323,2907,12:45 PM,45900,unresolved,observed,nmmt_schedule_9389
9389,24637,048T,3323,2907,01:10 PM,47400,unresolved,observed,nmmt_schedule_9389
9389,15897,048T,3323,2907,01:20 PM,48000,unresolved,observed,nmmt_schedule_9389
9389,15843,048T,3323,2907,01:50 PM,49800,unresolved,observed,nmmt_schedule_9389
9389,24643,048T,3323,2907,02:10 PM,51000,unresolved,observed,nmmt_schedule_9389
9389,15873,048T,3323,2907,02:25 PM,51900,unresolved,observed,nmmt_schedule_9389
9389,15903,048T,3323,2907,03:00 PM,54000,unresolved,observed,nmmt_schedule_9389
9389,24649,048T,3323,2907,03:10 PM,54600,unresolved,observed,nmmt_schedule_9389
9389,15845,048T,3323,2907,03:30 PM,55800,unresolved,observed,nmmt_schedule_9389
9389,15876,048T,3323,2907,08:47 PM,74820,unresolved,observed,nmmt_schedule_9389
9389,24655,048T,3323,2907,08:52 PM,75120,unresolved,observed,nmmt_schedule_9389
9389,15908,048T,3323,2907,09:17 PM,76620,unresolved,observed,nmmt_schedule_9389
9389,15855,048T,3323,2907,09:47 PM,78420,unresolved,observed,nmmt_schedule_9389
9389,24657,048T,3323,2907,09:52 PM,78720,unresolved,observed,nmmt_schedule_9389
9389,15885,048T,3323,2907,10:17 PM,80220,unresolved,observed,nmmt_schedule_9389
9389,15915,048T,3323,2907,10:52 PM,82320,unresolved,observed,nmmt_schedule_9389
9389,15856,048T,3323,2907,11:27 PM,84420,unresolved,observed,nmmt_schedule_9389
9389,24669,048T,3323,2907,11:52 PM,85920,unresolved,observed,nmmt_schedule_9389
9389,15891,048T,3323,2907,11:57 PM,86220,unresolved,observed,nmmt_schedule_9389
9390,16786,049,3323,2907,08:02 AM,28920,unresolved,observed,nmmt_schedule_9390
9390,15426,049,3323,2907,12:39 PM,45540,unresolved,observed,nmmt_schedule_9390
9390,15436,049,3323,2907,01:14 PM,47640,unresolved,observed,nmmt_schedule_9390
9390,16724,049,3323,2907,01:24 PM,48240,unresolved,observed,nmmt_schedule_9390
9390,15443,049,3323,2907,01:49 PM,49740,unresolved,observed,nmmt_schedule_9390
9390,16730,049,3323,2907,02:08 PM,50880,unresolved,observed,nmmt_schedule_9390
9390,15449,049,3323,2907,02:24 PM,51840,unresolved,observed,nmmt_schedule_9390
9390,16736,049,3323,2907,02:48 PM,53280,unresolved,observed,nmmt_schedule_9390
9390,15454,049,3323,2907,02:50 PM,53400,unresolved,observed,nmmt_schedule_9390
9390,15461,049,3323,2907,03:18 PM,55080,unresolved,observed,nmmt_schedule_9390
9390,16742,049,3323,2907,03:29 PM,55740,unresolved,observed,nmmt_schedule_9390
9390,15467,049,3323,2907,03:53 PM,57180,unresolved,observed,nmmt_schedule_9390
9390,16748,049,3323,2907,04:08 PM,58080,unresolved,observed,nmmt_schedule_9390
9390,15473,049,3323,2907,04:28 PM,59280,unresolved,observed,nmmt_schedule_9390
9390,16754,049,3323,2907,04:52 PM,60720,unresolved,observed,nmmt_schedule_9390
9390,15513,049,3323,2907,09:15 PM,76500,unresolved,observed,nmmt_schedule_9390
9390,15479,049,3323,2907,09:29 PM,77340,unresolved,observed,nmmt_schedule_9390
9390,15517,049,3323,2907,09:45 PM,78300,unresolved,observed,nmmt_schedule_9390
9390,16760,049,3323,2907,09:49 PM,78540,unresolved,observed,nmmt_schedule_9390
9390,15485,049,3323,2907,09:59 PM,79140,unresolved,observed,nmmt_schedule_9390
9390,15491,049,3323,2907,10:22 PM,80520,unresolved,observed,nmmt_schedule_9390
9390,16766,049,3323,2907,10:30 PM,81000,unresolved,observed,nmmt_schedule_9390
9390,15497,049,3323,2907,10:47 PM,82020,unresolved,observed,nmmt_schedule_9390
9390,16772,049,3323,2907,11:09 PM,83340,unresolved,observed,nmmt_schedule_9390
9390,15503,049,3323,2907,11:18 PM,83880,unresolved,observed,nmmt_schedule_9390
9390,15509,049,3323,2907,11:45 PM,85500,unresolved,observed,nmmt_schedule_9390
9390,15519,049,3323,2907,08:02 AM,28920,unresolved,observed,nmmt_schedule_9390
9390,15523,049,3323,2907,08:55 AM,32100,unresolved,observed,nmmt_schedule_9390
9391,15431,049,2907,3323,05:15 AM,18900,unresolved,observed,nmmt_schedule_9391
9391,16719,049,2907,3323,05:50 AM,21000,unresolved,observed,nmmt_schedule_9391
9391,15437,049,2907,3323,05:58 AM,21480,unresolved,observed,nmmt_schedule_9391
9391,15438,049,2907,3323,06:10 AM,22200,unresolved,observed,nmmt_schedule_9391
9391,16725,049,2907,3323,06:30 AM,23400,unresolved,observed,nmmt_schedule_9391
9391,15444,049,2907,3323,06:45 AM,24300,unresolved,observed,nmmt_schedule_9391
9391,15450,049,2907,3323,07:10 AM,25800,unresolved,observed,nmmt_schedule_9391
9391,16731,049,2907,3323,07:15 AM,26100,unresolved,observed,nmmt_schedule_9391
9391,15456,049,2907,3323,07:35 AM,27300,unresolved,observed,nmmt_schedule_9391
9391,16737,049,2907,3323,07:50 AM,28200,unresolved,observed,nmmt_schedule_9391
9391,15462,049,2907,3323,07:55 AM,28500,unresolved,observed,nmmt_schedule_9391
9391,15468,049,2907,3323,08:25 AM,30300,unresolved,observed,nmmt_schedule_9391
9391,16749,049,2907,3323,09:05 AM,32700,unresolved,observed,nmmt_schedule_9391
9391,15474,049,2907,3323,01:28 PM,48480,unresolved,observed,nmmt_schedule_9391
9391,15480,049,2907,3323,02:03 PM,50580,unresolved,observed,nmmt_schedule_9391
9391,15486,049,2907,3323,02:43 PM,52980,unresolved,observed,nmmt_schedule_9391
9391,16761,049,2907,3323,02:50 PM,53400,unresolved,observed,nmmt_schedule_9391
9391,15492,049,2907,3323,03:10 PM,54600,unresolved,observed,nmmt_schedule_9391
9391,16767,049,2907,3323,03:33 PM,55980,unresolved,observed,nmmt_schedule_9391
9391,15498,049,2907,3323,03:40 PM,56400,unresolved,observed,nmmt_schedule_9391
9391,15504,049,2907,3323,04:15 PM,58500,unresolved,observed,nmmt_schedule_9391
9391,16776,049,2907,3323,04:16 PM,58560,unresolved,observed,nmmt_schedule_9391
9391,15510,049,2907,3323,04:50 PM,60600,unresolved,observed,nmmt_schedule_9391
9391,16779,049,2907,3323,04:55 PM,60900,unresolved,observed,nmmt_schedule_9391
9391,15514,049,2907,3323,05:25 PM,62700,unresolved,observed,nmmt_schedule_9391
9391,16782,049,2907,3323,05:38 PM,63480,unresolved,observed,nmmt_schedule_9391
9398,17461,125AC,2907,2523,05:50 AM,21000,unresolved,observed,nmmt_schedule_9398
9398,17468,125AC,2907,2523,06:15 AM,22500,unresolved,observed,nmmt_schedule_9398
9398,17426,125AC,2907,2523,06:35 AM,23700,unresolved,observed,nmmt_schedule_9398
9399,22839,125AC,4821,2515,05:40 PM,63600,unresolved,observed,nmmt_schedule_9399
9399,22860,125AC,4821,2515,09:05 PM,75900,unresolved,observed,nmmt_schedule_9399
9399,17447,125AC,4821,2515,09:17 PM,76620,unresolved,observed,nmmt_schedule_9399
9399,17452,125AC,4821,2515,09:40 PM,78000,unresolved,observed,nmmt_schedule_9399
9399,17455,125AC,4821,2515,10:10 PM,79800,unresolved,observed,nmmt_schedule_9399
9400,22842,125AC,2515,2907,08:35 PM,74100,unresolved,observed,nmmt_schedule_9400
9400,22861,125AC,2515,2907,11:02 PM,82920,unresolved,observed,nmmt_schedule_9400
9400,22865,125AC,2515,2907,11:12 PM,83520,unresolved,observed,nmmt_schedule_9400
9400,22869,125AC,2515,2907,11:40 PM,85200,unresolved,observed,nmmt_schedule_9400
9400,17454,125AC,2515,2907,12:05 AM,300,unresolved,observed,nmmt_schedule_9400
9406,13921,108 AC,2777,2895,06:30 PM,66600,unresolved,observed,nmmt_schedule_9406
9407,13919,108 AC,2895,2777,07:40 AM,27600,unresolved,observed,nmmt_schedule_9407
9408,12976,011 AC,2880,3173,05:57 AM,21420,unresolved,observed,nmmt_schedule_9408
9408,12969,011 AC,2880,3173,07:00 AM,25200,unresolved,observed,nmmt_schedule_9408
9408,12978,011 AC,2880,3173,08:05 AM,29100,unresolved,observed,nmmt_schedule_9408
9408,12971,011 AC,2880,3173,09:50 AM,35400,unresolved,observed,nmmt_schedule_9408
9408,12980,011 AC,2880,3173,10:50 AM,39000,unresolved,observed,nmmt_schedule_9408
9408,12990,011 AC,2880,3173,03:00 PM,54000,unresolved,observed,nmmt_schedule_9408
9408,12992,011 AC,2880,3173,04:05 PM,57900,unresolved,observed,nmmt_schedule_9408
9408,12984,011 AC,2880,3173,05:15 PM,62100,unresolved,observed,nmmt_schedule_9408
9408,12994,011 AC,2880,3173,06:20 PM,66000,unresolved,observed,nmmt_schedule_9408
9408,12986,011 AC,2880,3173,08:00 PM,72000,unresolved,observed,nmmt_schedule_9408
9408,12996,011 AC,2880,3173,09:20 PM,76800,unresolved,observed,nmmt_schedule_9408
9409,12968,011 AC,3173,2880,05:55 AM,21300,unresolved,observed,nmmt_schedule_9409
9409,12977,011 AC,3173,2880,07:00 AM,25200,unresolved,observed,nmmt_schedule_9409
9409,12970,011 AC,3173,2880,08:10 AM,29400,unresolved,observed,nmmt_schedule_9409
9409,12979,011 AC,3173,2880,09:10 AM,33000,unresolved,observed,nmmt_schedule_9409
9409,12972,011 AC,3173,2880,10:58 AM,39480,unresolved,observed,nmmt_schedule_9409
9409,12981,011 AC,3173,2880,11:55 AM,42900,unresolved,observed,nmmt_schedule_9409
9409,12983,011 AC,3173,2880,04:10 PM,58200,unresolved,observed,nmmt_schedule_9409
9409,12993,011 AC,3173,2880,05:10 PM,61800,unresolved,observed,nmmt_schedule_9409
9409,12985,011 AC,3173,2880,06:20 PM,66000,unresolved,observed,nmmt_schedule_9409
9409,12995,011 AC,3173,2880,07:26 PM,69960,unresolved,observed,nmmt_schedule_9409
9409,12988,011 AC,3173,2880,09:05 PM,75900,unresolved,observed,nmmt_schedule_9409
9409,12997,011 AC,3173,2880,10:30 PM,81000,unresolved,observed,nmmt_schedule_9409
9418,23971,047 AC,3251,3062,06:10 PM,65400,unresolved,observed,nmmt_schedule_9418
9418,23992,047 AC,3251,3062,06:30 PM,66600,unresolved,observed,nmmt_schedule_9418
9419,23975,047 AC,4486,4154,07:40 AM,27600,unresolved,observed,nmmt_schedule_9419
9419,23982,047 AC,4486,4154,08:10 AM,29400,unresolved,observed,nmmt_schedule_9419
9420,13561,046 AC,3194,3062,06:05 AM,21900,unresolved,observed,nmmt_schedule_9420
9420,13567,046 AC,3194,3062,06:25 AM,23100,unresolved,observed,nmmt_schedule_9420
9420,13575,046 AC,3194,3062,06:55 AM,24900,unresolved,observed,nmmt_schedule_9420
9420,13579,046 AC,3194,3062,07:26 AM,26760,unresolved,observed,nmmt_schedule_9420
9420,13585,046 AC,3194,3062,08:00 AM,28800,unresolved,observed,nmmt_schedule_9420
9420,13604,046 AC,3194,3062,05:00 PM,61200,unresolved,observed,nmmt_schedule_9420
9420,13609,046 AC,3194,3062,05:30 PM,63000,unresolved,observed,nmmt_schedule_9420
9420,13592,046 AC,3194,3062,06:05 PM,65100,unresolved,observed,nmmt_schedule_9420
9420,16510,046 AC,3194,3062,06:35 PM,66900,unresolved,observed,nmmt_schedule_9420
9420,13617,046 AC,3194,3062,07:00 PM,68400,unresolved,observed,nmmt_schedule_9420
9420,13621,046 AC,3194,3062,07:45 PM,71100,unresolved,observed,nmmt_schedule_9420
9421,13562,046 AC,4486,3194,07:45 AM,27900,unresolved,observed,nmmt_schedule_9421
9421,13568,046 AC,4486,3194,08:10 AM,29400,unresolved,observed,nmmt_schedule_9421
9421,13576,046 AC,4486,3194,08:45 AM,31500,unresolved,observed,nmmt_schedule_9421
9421,13580,046 AC,4486,3194,09:20 AM,33600,unresolved,observed,nmmt_schedule_9421
9421,13586,046 AC,4486,3194,10:00 AM,36000,unresolved,observed,nmmt_schedule_9421
9421,13606,046 AC,4486,3194,07:00 PM,68400,unresolved,observed,nmmt_schedule_9421
9421,13610,046 AC,4486,3194,07:30 PM,70200,unresolved,observed,nmmt_schedule_9421
9421,13594,046 AC,4486,3194,08:00 PM,72000,unresolved,observed,nmmt_schedule_9421
9421,13614,046 AC,4486,3194,07:05 AM,25500,unresolved,observed,nmmt_schedule_9421
9421,13618,046 AC,4486,3194,07:25 AM,26700,unresolved,observed,nmmt_schedule_9421
9426,14317,050,2908,3251,05:20 PM,62400,unresolved,observed,nmmt_schedule_9426
9427,18040,065 AC,2908,5021,02:35 PM,52500,unresolved,observed,nmmt_schedule_9427
9428,16507,082,2907,3194,02:45 PM,53100,unresolved,observed,nmmt_schedule_9428
9429,14560,082,3194,2765,10:25 PM,80700,unresolved,observed,nmmt_schedule_9429
9431,24547,016 AC,2884,2777,06:13 AM,22380,unresolved,observed,nmmt_schedule_9431
9474,13668,015 AC,3218,4801,05:44 PM,63840,unresolved,observed,nmmt_schedule_9474
9475,13669,015 AC,4801,3218,06:25 PM,66300,unresolved,observed,nmmt_schedule_9475
9478,13114,031 AC,2678,3306,06:00 PM,64800,unresolved,observed,nmmt_schedule_9478
9478,16072,031 AC,2678,3306,06:02 PM,64920,unresolved,observed,nmmt_schedule_9478
9478,13120,031 AC,2678,3306,07:30 PM,70200,unresolved,observed,nmmt_schedule_9478
9478,13127,031 AC,2678,3306,09:00 PM,75600,unresolved,observed,nmmt_schedule_9478
9483,13098,031 AC,3306,2678,06:30 AM,23400,unresolved,observed,nmmt_schedule_9483
9483,13103,031 AC,3306,2678,07:50 AM,28200,unresolved,observed,nmmt_schedule_9483
9483,13108,031 AC,3306,2678,09:15 AM,33300,unresolved,observed,nmmt_schedule_9483
9483,16074,031 AC,3306,2678,03:35 PM,56100,unresolved,observed,nmmt_schedule_9483
9483,13113,031 AC,3306,2678,07:45 PM,71100,unresolved,observed,nmmt_schedule_9483
9483,13121,031 AC,3306,2678,09:15 PM,76500,unresolved,observed,nmmt_schedule_9483
9483,16095,031 AC,3306,2678,10:40 PM,81600,unresolved,observed,nmmt_schedule_9483
9486,13099,031 AC,2678,3303,09:00 AM,32400,unresolved,observed,nmmt_schedule_9486
9486,13104,031 AC,2678,3303,10:20 AM,37200,unresolved,observed,nmmt_schedule_9486
9486,13109,031 AC,2678,3303,11:40 AM,42000,unresolved,observed,nmmt_schedule_9486
9486,13112,031 AC,2678,3303,02:00 PM,50400,unresolved,observed,nmmt_schedule_9486
9486,16080,031 AC,2678,3303,03:20 PM,55200,unresolved,observed,nmmt_schedule_9486
9486,13124,031 AC,2678,3303,04:40 PM,60000,unresolved,observed,nmmt_schedule_9486
9487,13096,031 AC,3303,2678,10:35 AM,38100,unresolved,observed,nmmt_schedule_9487
9487,13101,031 AC,3303,2678,11:55 AM,42900,unresolved,observed,nmmt_schedule_9487
9487,13106,031 AC,3303,2678,01:15 PM,47700,unresolved,observed,nmmt_schedule_9487
9487,13115,031 AC,3303,2678,03:35 PM,56100,unresolved,observed,nmmt_schedule_9487
9487,13119,031 AC,3303,2678,04:55 PM,60900,unresolved,observed,nmmt_schedule_9487
9487,13126,031 AC,3303,2678,06:20 PM,66000,unresolved,observed,nmmt_schedule_9487
9487,16076,031 AC,3303,2678,09:15 PM,76500,unresolved,observed,nmmt_schedule_9487
9488,13118,031 AC,2908,3303,03:20 PM,55200,unresolved,observed,nmmt_schedule_9488
9501,23977,047 AC,3251,2515,09:32 AM,34320,unresolved,observed,nmmt_schedule_9501
9501,23984,047 AC,3251,2515,10:00 AM,36000,unresolved,observed,nmmt_schedule_9501
9502,23980,023 AC,2515,2907,11:52 AM,42720,unresolved,observed,nmmt_schedule_9502
9502,23987,023 AC,2515,2907,12:18 PM,44280,unresolved,observed,nmmt_schedule_9502
9503,16049,043 AC,3448,4801,05:45 PM,63900,unresolved,observed,nmmt_schedule_9503
9504,15958,043 AC,4801,3448,09:45 AM,35100,unresolved,observed,nmmt_schedule_9504
9505,15952,043 AC,2692,3986,05:20 AM,19200,unresolved,observed,nmmt_schedule_9505
9505,15967,043 AC,2692,3986,05:50 AM,21000,unresolved,observed,nmmt_schedule_9505
9505,19707,043 AC,2692,3986,05:55 AM,21300,unresolved,observed,nmmt_schedule_9505
9505,15980,043 AC,2692,3986,06:20 AM,22800,unresolved,observed,nmmt_schedule_9505
9505,19708,043 AC,2692,3986,06:30 AM,23400,unresolved,observed,nmmt_schedule_9505
9505,15989,043 AC,2692,3986,07:03 AM,25380,unresolved,observed,nmmt_schedule_9505
9505,19727,043 AC,2692,3986,07:05 AM,25500,unresolved,observed,nmmt_schedule_9505
9505,15996,043 AC,2692,3986,07:33 AM,27180,unresolved,observed,nmmt_schedule_9505
9505,19731,043 AC,2692,3986,07:40 AM,27600,unresolved,observed,nmmt_schedule_9505
9505,16005,043 AC,2692,3986,08:03 AM,28980,unresolved,observed,nmmt_schedule_9505
9506,16037,043 AC,3986,2692,12:15 AM,900,unresolved,observed,nmmt_schedule_9506
9506,19797,043 AC,3986,2692,12:23 AM,1380,unresolved,observed,nmmt_schedule_9506
9506,16048,043 AC,3986,2692,12:40 AM,2400,unresolved,observed,nmmt_schedule_9506
9506,15941,043 AC,3986,2692,09:23 PM,76980,unresolved,observed,nmmt_schedule_9506
9506,19761,043 AC,3986,2692,10:16 PM,80160,unresolved,observed,nmmt_schedule_9506
9506,16022,043 AC,3986,2692,11:30 PM,84600,unresolved,observed,nmmt_schedule_9506
9506,19769,043 AC,3986,2692,11:32 PM,84720,unresolved,observed,nmmt_schedule_9506
9506,16063,043 AC,3986,2692,11:55 PM,86100,unresolved,observed,nmmt_schedule_9506
9506,19781,043 AC,3986,2692,11:59 PM,86340,unresolved,observed,nmmt_schedule_9506
9506,16033,043 AC,3986,2692,10:08 PM,79680,unresolved,observed,nmmt_schedule_9506
9507,15954,043 AC,3986,4801,08:45 AM,31500,unresolved,observed,nmmt_schedule_9507
9508,16050,043 AC,4801,3986,06:20 PM,66000,unresolved,observed,nmmt_schedule_9508
9509,19690,043 AC,3448,3986,06:27 AM,23220,unresolved,observed,nmmt_schedule_9509
9509,19699,043 AC,3448,3986,07:03 AM,25380,unresolved,observed,nmmt_schedule_9509
9509,19710,043 AC,3448,3986,07:38 AM,27480,unresolved,observed,nmmt_schedule_9509
9509,19694,043 AC,3448,3986,07:55 AM,28500,unresolved,observed,nmmt_schedule_9509
9509,19726,043 AC,3448,3986,08:13 AM,29580,unresolved,observed,nmmt_schedule_9509
9509,19703,043 AC,3448,3986,08:31 AM,30660,unresolved,observed,nmmt_schedule_9509
9509,19729,043 AC,3448,3986,08:49 AM,31740,unresolved,observed,nmmt_schedule_9509
9509,19712,043 AC,3448,3986,09:07 AM,32820,unresolved,observed,nmmt_schedule_9509
9509,19722,043 AC,3448,3986,09:43 AM,34980,unresolved,observed,nmmt_schedule_9509
9509,19743,043 AC,3448,3986,10:00 AM,36000,unresolved,observed,nmmt_schedule_9509
9509,19728,043 AC,3448,3986,10:19 AM,37140,unresolved,observed,nmmt_schedule_9509
9509,19702,043 AC,3448,3986,10:37 AM,38220,unresolved,observed,nmmt_schedule_9509
9509,19697,043 AC,3448,3986,10:55 AM,39300,unresolved,observed,nmmt_schedule_9509
9509,19714,043 AC,3448,3986,11:13 AM,40380,unresolved,observed,nmmt_schedule_9509
9509,19740,043 AC,3448,3986,11:31 AM,41460,unresolved,observed,nmmt_schedule_9509
9509,19720,043 AC,3448,3986,11:49 AM,42540,unresolved,observed,nmmt_schedule_9509
9509,19701,043 AC,3448,3986,12:11 PM,43860,unresolved,observed,nmmt_schedule_9509
9509,19752,043 AC,3448,3986,12:35 PM,45300,unresolved,observed,nmmt_schedule_9509
9509,19716,043 AC,3448,3986,12:50 PM,46200,unresolved,observed,nmmt_schedule_9509
9509,19734,043 AC,3448,3986,01:03 PM,46980,unresolved,observed,nmmt_schedule_9509
9509,19719,043 AC,3448,3986,01:18 PM,47880,unresolved,observed,nmmt_schedule_9509
9509,19748,043 AC,3448,3986,02:03 PM,50580,unresolved,observed,nmmt_schedule_9509
9509,19758,043 AC,3448,3986,02:20 PM,51600,unresolved,observed,nmmt_schedule_9509
9509,19736,043 AC,3448,3986,02:33 PM,52380,unresolved,observed,nmmt_schedule_9509
9509,19762,043 AC,3448,3986,02:48 PM,53280,unresolved,observed,nmmt_schedule_9509
9509,19741,043 AC,3448,3986,03:11 PM,54660,unresolved,observed,nmmt_schedule_9509
9509,19750,043 AC,3448,3986,03:33 PM,55980,unresolved,observed,nmmt_schedule_9509
9509,19770,043 AC,3448,3986,03:56 PM,57360,unresolved,observed,nmmt_schedule_9509
9509,19763,043 AC,3448,3986,04:32 PM,59520,unresolved,observed,nmmt_schedule_9509
9509,19772,043 AC,3448,3986,05:26 PM,62760,unresolved,observed,nmmt_schedule_9509
9509,19754,043 AC,3448,3986,06:02 PM,64920,unresolved,observed,nmmt_schedule_9509
9509,19747,043 AC,3448,3986,06:56 PM,68160,unresolved,observed,nmmt_schedule_9509
9509,19756,043 AC,3448,3986,07:32 PM,70320,unresolved,observed,nmmt_schedule_9509
9509,19777,043 AC,3448,3986,07:50 PM,71400,unresolved,observed,nmmt_schedule_9509
9509,19765,043 AC,3448,3986,08:08 PM,72480,unresolved,observed,nmmt_schedule_9509
9509,19774,043 AC,3448,3986,09:20 PM,76800,unresolved,observed,nmmt_schedule_9509
9509,19767,043 AC,3448,3986,09:36 PM,77760,unresolved,observed,nmmt_schedule_9509
9509,19776,043 AC,3448,3986,10:50 PM,82200,unresolved,observed,nmmt_schedule_9509
9510,19692,043 AC,3986,3448,05:45 AM,20700,unresolved,observed,nmmt_schedule_9510
9510,19698,043 AC,3986,3448,06:20 AM,22800,unresolved,observed,nmmt_schedule_9510
9510,19709,043 AC,3986,3448,06:55 AM,24900,unresolved,observed,nmmt_schedule_9510
9510,19693,043 AC,3986,3448,07:10 AM,25800,unresolved,observed,nmmt_schedule_9510
9510,19725,043 AC,3986,3448,07:30 AM,27000,unresolved,observed,nmmt_schedule_9510
9510,19706,043 AC,3986,3448,07:46 AM,27960,unresolved,observed,nmmt_schedule_9510
9510,19732,043 AC,3986,3448,08:05 AM,29100,unresolved,observed,nmmt_schedule_9510
9510,19711,043 AC,3986,3448,08:22 AM,30120,unresolved,observed,nmmt_schedule_9510
9510,19691,043 AC,3986,3448,08:40 AM,31200,unresolved,observed,nmmt_schedule_9510
9510,19723,043 AC,3986,3448,08:58 AM,32280,unresolved,observed,nmmt_schedule_9510
9510,19705,043 AC,3986,3448,09:16 AM,33360,unresolved,observed,nmmt_schedule_9510
9510,19730,043 AC,3986,3448,09:34 AM,34440,unresolved,observed,nmmt_schedule_9510
9510,19713,043 AC,3986,3448,09:52 AM,35520,unresolved,observed,nmmt_schedule_9510
9510,19718,043 AC,3986,3448,10:28 AM,37680,unresolved,observed,nmmt_schedule_9510
9510,19739,043 AC,3986,3448,10:46 AM,38760,unresolved,observed,nmmt_schedule_9510
9510,19733,043 AC,3986,3448,11:04 AM,39840,unresolved,observed,nmmt_schedule_9510
9510,19704,043 AC,3986,3448,11:22 AM,40920,unresolved,observed,nmmt_schedule_9510
9510,19696,043 AC,3986,3448,11:40 AM,42000,unresolved,observed,nmmt_schedule_9510
9510,19715,043 AC,3986,3448,11:58 AM,43080,unresolved,observed,nmmt_schedule_9510
9510,19738,043 AC,3986,3448,12:16 PM,44160,unresolved,observed,nmmt_schedule_9510
9510,19721,043 AC,3986,3448,12:34 PM,45240,unresolved,observed,nmmt_schedule_9510
9510,19700,043 AC,3986,3448,12:55 PM,46500,unresolved,observed,nmmt_schedule_9510
9510,19746,043 AC,3986,3448,01:18 PM,47880,unresolved,observed,nmmt_schedule_9510
9510,19717,043 AC,3986,3448,01:35 PM,48900,unresolved,observed,nmmt_schedule_9510
9510,19735,043 AC,3986,3448,01:48 PM,49680,unresolved,observed,nmmt_schedule_9510
9510,19724,043 AC,3986,3448,02:03 PM,50580,unresolved,observed,nmmt_schedule_9510
9510,19749,043 AC,3986,3448,02:48 PM,53280,unresolved,observed,nmmt_schedule_9510
9510,19755,043 AC,3986,3448,03:04 PM,54240,unresolved,observed,nmmt_schedule_9510
9510,19737,043 AC,3986,3448,03:18 PM,55080,unresolved,observed,nmmt_schedule_9510
9510,19760,043 AC,3986,3448,03:33 PM,55980,unresolved,observed,nmmt_schedule_9510
9510,19742,043 AC,3986,3448,03:56 PM,57360,unresolved,observed,nmmt_schedule_9510
9510,19751,043 AC,3986,3448,04:18 PM,58680,unresolved,observed,nmmt_schedule_9510
9510,19771,043 AC,3986,3448,04:41 PM,60060,unresolved,observed,nmmt_schedule_9510
9510,19764,043 AC,3986,3448,05:17 PM,62220,unresolved,observed,nmmt_schedule_9510
9510,19773,043 AC,3986,3448,06:11 PM,65460,unresolved,observed,nmmt_schedule_9510
9510,19759,043 AC,3986,3448,06:47 PM,67620,unresolved,observed,nmmt_schedule_9510
9510,19753,043 AC,3986,3448,07:41 PM,70860,unresolved,observed,nmmt_schedule_9510
9510,19757,043 AC,3986,3448,08:17 PM,73020,unresolved,observed,nmmt_schedule_9510
9510,19768,043 AC,3986,3448,08:35 PM,74100,unresolved,observed,nmmt_schedule_9510
9510,19766,043 AC,3986,3448,08:53 PM,75180,unresolved,observed,nmmt_schedule_9510
9510,19775,043 AC,3986,3448,10:05 PM,79500,unresolved,observed,nmmt_schedule_9510
9511,18840,053 AC,3448,4051,06:30 AM,23400,unresolved,observed,nmmt_schedule_9511
9511,18866,053 AC,3448,4051,06:51 AM,24660,unresolved,observed,nmmt_schedule_9511
9511,18887,053 AC,3448,4051,07:13 AM,25980,unresolved,observed,nmmt_schedule_9511
9511,18851,053 AC,3448,4051,07:35 AM,27300,unresolved,observed,nmmt_schedule_9511
9511,18889,053 AC,3448,4051,07:47 AM,28020,unresolved,observed,nmmt_schedule_9511
9511,18868,053 AC,3448,4051,08:00 AM,28800,unresolved,observed,nmmt_schedule_9511
9511,18766,053 AC,3448,4051,08:11 AM,29460,unresolved,observed,nmmt_schedule_9511
9511,18877,053 AC,3448,4051,08:23 AM,30180,unresolved,observed,nmmt_schedule_9511
9511,18775,053 AC,3448,4051,08:35 AM,30900,unresolved,observed,nmmt_schedule_9511
9511,18845,053 AC,3448,4051,08:47 AM,31620,unresolved,observed,nmmt_schedule_9511
9511,18891,053 AC,3448,4051,08:59 AM,32340,unresolved,observed,nmmt_schedule_9511
9511,18870,053 AC,3448,4051,09:11 AM,33060,unresolved,observed,nmmt_schedule_9511
9511,18760,053 AC,3448,4051,09:23 AM,33780,unresolved,observed,nmmt_schedule_9511
9511,18879,053 AC,3448,4051,09:35 AM,34500,unresolved,observed,nmmt_schedule_9511
9511,18768,053 AC,3448,4051,09:47 AM,35220,unresolved,observed,nmmt_schedule_9511
9511,18893,053 AC,3448,4051,10:11 AM,36660,unresolved,observed,nmmt_schedule_9511
9511,18762,053 AC,3448,4051,10:35 AM,38100,unresolved,observed,nmmt_schedule_9511
9511,18847,053 AC,3448,4051,10:47 AM,38820,unresolved,observed,nmmt_schedule_9511
9511,18770,053 AC,3448,4051,10:58 AM,39480,unresolved,observed,nmmt_schedule_9511
9511,18871,053 AC,3448,4051,11:11 AM,40260,unresolved,observed,nmmt_schedule_9511
9511,18881,053 AC,3448,4051,11:36 AM,41760,unresolved,observed,nmmt_schedule_9511
9511,18849,053 AC,3448,4051,11:59 AM,43140,unresolved,observed,nmmt_schedule_9511
9511,18896,053 AC,3448,4051,12:12 PM,43920,unresolved,observed,nmmt_schedule_9511
9511,18873,053 AC,3448,4051,12:24 PM,44640,unresolved,observed,nmmt_schedule_9511
9511,18765,053 AC,3448,4051,12:35 PM,45300,unresolved,observed,nmmt_schedule_9511
9511,18883,053 AC,3448,4051,12:47 PM,46020,unresolved,observed,nmmt_schedule_9511
9511,18776,053 AC,3448,4051,12:59 PM,46740,unresolved,observed,nmmt_schedule_9511
9511,18898,053 AC,3448,4051,01:23 PM,48180,unresolved,observed,nmmt_schedule_9511
9511,18767,053 AC,3448,4051,01:48 PM,49680,unresolved,observed,nmmt_schedule_9511
9511,18778,053 AC,3448,4051,02:22 PM,51720,unresolved,observed,nmmt_schedule_9511
9511,18787,053 AC,3448,4051,02:52 PM,53520,unresolved,observed,nmmt_schedule_9511
9511,18797,053 AC,3448,4051,03:16 PM,54960,unresolved,observed,nmmt_schedule_9511
9511,18814,053 AC,3448,4051,03:40 PM,56400,unresolved,observed,nmmt_schedule_9511
9511,18785,053 AC,3448,4051,04:04 PM,57840,unresolved,observed,nmmt_schedule_9511
9511,18826,053 AC,3448,4051,04:16 PM,58560,unresolved,observed,nmmt_schedule_9511
9511,18793,053 AC,3448,4051,04:28 PM,59280,unresolved,observed,nmmt_schedule_9511
9511,18838,053 AC,3448,4051,04:40 PM,60000,unresolved,observed,nmmt_schedule_9511
9511,24134,053 AC,3448,4051,04:52 PM,60720,unresolved,observed,nmmt_schedule_9511
9511,18860,053 AC,3448,4051,05:04 PM,61440,unresolved,observed,nmmt_schedule_9511
9511,18780,053 AC,3448,4051,05:16 PM,62160,unresolved,observed,nmmt_schedule_9511
9511,18817,053 AC,3448,4051,05:28 PM,62880,unresolved,observed,nmmt_schedule_9511
9511,18800,053 AC,3448,4051,05:40 PM,63600,unresolved,observed,nmmt_schedule_9511
9511,18829,053 AC,3448,4051,05:53 PM,64380,unresolved,observed,nmmt_schedule_9511
9511,18807,053 AC,3448,4051,06:03 PM,64980,unresolved,observed,nmmt_schedule_9511
9511,18855,053 AC,3448,4051,06:16 PM,65760,unresolved,observed,nmmt_schedule_9511
9511,18819,053 AC,3448,4051,06:40 PM,67200,unresolved,observed,nmmt_schedule_9511
9511,18831,053 AC,3448,4051,07:05 PM,68700,unresolved,observed,nmmt_schedule_9511
9511,18782,053 AC,3448,4051,07:16 PM,69360,unresolved,observed,nmmt_schedule_9511
9511,18852,053 AC,3448,4051,07:28 PM,70080,unresolved,observed,nmmt_schedule_9511
9511,18795,053 AC,3448,4051,07:40 PM,70800,unresolved,observed,nmmt_schedule_9511
9511,18815,053 AC,3448,4051,08:04 PM,72240,unresolved,observed,nmmt_schedule_9511
9511,18786,053 AC,3448,4051,08:28 PM,73680,unresolved,observed,nmmt_schedule_9511
9511,18820,053 AC,3448,4051,08:40 PM,74400,unresolved,observed,nmmt_schedule_9511
9511,18799,053 AC,3448,4051,08:52 PM,75120,unresolved,observed,nmmt_schedule_9511
9511,18833,053 AC,3448,4051,09:04 PM,75840,unresolved,observed,nmmt_schedule_9511
9511,18810,053 AC,3448,4051,09:16 PM,76560,unresolved,observed,nmmt_schedule_9511
9511,18857,053 AC,3448,4051,09:28 PM,77280,unresolved,observed,nmmt_schedule_9511
9511,18790,053 AC,3448,4051,09:40 PM,78000,unresolved,observed,nmmt_schedule_9511
9511,18822,053 AC,3448,4051,09:51 PM,78660,unresolved,observed,nmmt_schedule_9511
9511,18802,053 AC,3448,4051,10:04 PM,79440,unresolved,observed,nmmt_schedule_9511
9511,18835,053 AC,3448,4051,10:15 PM,80100,unresolved,observed,nmmt_schedule_9511
9511,18812,053 AC,3448,4051,10:27 PM,80820,unresolved,observed,nmmt_schedule_9511
9511,18859,053 AC,3448,4051,10:37 PM,81420,unresolved,observed,nmmt_schedule_9511
9511,18839,053 AC,3448,4051,11:00 PM,82800,unresolved,observed,nmmt_schedule_9511
9511,18824,053 AC,3448,4051,11:05 PM,83100,unresolved,observed,nmmt_schedule_9511
9511,18861,053 AC,3448,4051,11:55 PM,86100,unresolved,observed,nmmt_schedule_9511
9512,18842,053 AC,4051,3448,05:58 AM,21480,unresolved,observed,nmmt_schedule_9512
9512,18864,053 AC,4051,3448,06:18 AM,22680,unresolved,observed,nmmt_schedule_9512
9512,18886,053 AC,4051,3448,06:40 AM,24000,unresolved,observed,nmmt_schedule_9512
9512,18843,053 AC,4051,3448,07:02 AM,25320,unresolved,observed,nmmt_schedule_9512
9512,18888,053 AC,4051,3448,07:13 AM,25980,unresolved,observed,nmmt_schedule_9512
9512,18867,053 AC,4051,3448,07:24 AM,26640,unresolved,observed,nmmt_schedule_9512
9512,18757,053 AC,4051,3448,07:35 AM,27300,unresolved,observed,nmmt_schedule_9512
9512,18876,053 AC,4051,3448,07:47 AM,28020,unresolved,observed,nmmt_schedule_9512
9512,18774,053 AC,4051,3448,07:59 AM,28740,unresolved,observed,nmmt_schedule_9512
9512,18844,053 AC,4051,3448,08:11 AM,29460,unresolved,observed,nmmt_schedule_9512
9512,18890,053 AC,4051,3448,08:23 AM,30180,unresolved,observed,nmmt_schedule_9512
9512,18869,053 AC,4051,3448,08:35 AM,30900,unresolved,observed,nmmt_schedule_9512
9512,18759,053 AC,4051,3448,08:47 AM,31620,unresolved,observed,nmmt_schedule_9512
9512,24070,053 AC,4051,3448,08:59 AM,32340,unresolved,observed,nmmt_schedule_9512
9512,18772,053 AC,4051,3448,09:11 AM,33060,unresolved,observed,nmmt_schedule_9512
9512,18846,053 AC,4051,3448,09:23 AM,33780,unresolved,observed,nmmt_schedule_9512
9512,18892,053 AC,4051,3448,09:35 AM,34500,unresolved,observed,nmmt_schedule_9512
9512,18865,053 AC,4051,3448,09:47 AM,35220,unresolved,observed,nmmt_schedule_9512
9512,18761,053 AC,4051,3448,09:59 AM,35940,unresolved,observed,nmmt_schedule_9512
9512,18880,053 AC,4051,3448,10:11 AM,36660,unresolved,observed,nmmt_schedule_9512
9512,24103,053 AC,4051,3448,10:13 AM,36780,unresolved,observed,nmmt_schedule_9512
9512,18769,053 AC,4051,3448,10:23 AM,37380,unresolved,observed,nmmt_schedule_9512
9512,18894,053 AC,4051,3448,10:47 AM,38820,unresolved,observed,nmmt_schedule_9512
9512,18763,053 AC,4051,3448,11:11 AM,40260,unresolved,observed,nmmt_schedule_9512
9512,18848,053 AC,4051,3448,11:23 AM,40980,unresolved,observed,nmmt_schedule_9512
9512,18771,053 AC,4051,3448,11:35 AM,41700,unresolved,observed,nmmt_schedule_9512
9512,18872,053 AC,4051,3448,11:47 AM,42420,unresolved,observed,nmmt_schedule_9512
9512,18882,053 AC,4051,3448,12:11 PM,43860,unresolved,observed,nmmt_schedule_9512
9512,18850,053 AC,4051,3448,12:35 PM,45300,unresolved,observed,nmmt_schedule_9512
9512,18895,053 AC,4051,3448,12:47 PM,46020,unresolved,observed,nmmt_schedule_9512
9512,18874,053 AC,4051,3448,12:59 PM,46740,unresolved,observed,nmmt_schedule_9512
9512,18764,053 AC,4051,3448,01:11 PM,47460,unresolved,observed,nmmt_schedule_9512
9512,18884,053 AC,4051,3448,01:23 PM,48180,unresolved,observed,nmmt_schedule_9512
9512,18777,053 AC,4051,3448,01:35 PM,48900,unresolved,observed,nmmt_schedule_9512
9512,24096,053 AC,4051,3448,01:48 PM,49680,unresolved,observed,nmmt_schedule_9512
9512,18899,053 AC,4051,3448,01:59 PM,50340,unresolved,observed,nmmt_schedule_9512
9512,18758,053 AC,4051,3448,02:23 PM,51780,unresolved,observed,nmmt_schedule_9512
9512,18779,053 AC,4051,3448,02:57 PM,53820,unresolved,observed,nmmt_schedule_9512
9512,18788,053 AC,4051,3448,03:28 PM,55680,unresolved,observed,nmmt_schedule_9512
9512,18792,053 AC,4051,3448,03:52 PM,57120,unresolved,observed,nmmt_schedule_9512
9512,18804,053 AC,4051,3448,04:15 PM,58500,unresolved,observed,nmmt_schedule_9512
9512,18781,053 AC,4051,3448,04:40 PM,60000,unresolved,observed,nmmt_schedule_9512
9512,18816,053 AC,4051,3448,04:52 PM,60720,unresolved,observed,nmmt_schedule_9512
9512,18794,053 AC,4051,3448,05:04 PM,61440,unresolved,observed,nmmt_schedule_9512
9512,18828,053 AC,4051,3448,05:16 PM,62160,unresolved,observed,nmmt_schedule_9512
9512,18806,053 AC,4051,3448,05:28 PM,62880,unresolved,observed,nmmt_schedule_9512
9512,18854,053 AC,4051,3448,05:40 PM,63600,unresolved,observed,nmmt_schedule_9512
9512,18789,053 AC,4051,3448,05:52 PM,64320,unresolved,observed,nmmt_schedule_9512
9512,18818,053 AC,4051,3448,06:04 PM,65040,unresolved,observed,nmmt_schedule_9512
9512,18801,053 AC,4051,3448,06:16 PM,65760,unresolved,observed,nmmt_schedule_9512
9512,18830,053 AC,4051,3448,06:28 PM,66480,unresolved,observed,nmmt_schedule_9512
9512,18808,053 AC,4051,3448,06:40 PM,67200,unresolved,observed,nmmt_schedule_9512
9512,18853,053 AC,4051,3448,06:52 PM,67920,unresolved,observed,nmmt_schedule_9512
9512,18827,053 AC,4051,3448,07:16 PM,69360,unresolved,observed,nmmt_schedule_9512
9512,18832,053 AC,4051,3448,07:40 PM,70800,unresolved,observed,nmmt_schedule_9512
9512,18783,053 AC,4051,3448,07:52 PM,71520,unresolved,observed,nmmt_schedule_9512
9512,18856,053 AC,4051,3448,08:04 PM,72240,unresolved,observed,nmmt_schedule_9512
9512,18798,053 AC,4051,3448,08:16 PM,72960,unresolved,observed,nmmt_schedule_9512
9512,18809,053 AC,4051,3448,08:40 PM,74400,unresolved,observed,nmmt_schedule_9512
9512,18784,053 AC,4051,3448,09:04 PM,75840,unresolved,observed,nmmt_schedule_9512
9512,18821,053 AC,4051,3448,09:16 PM,76560,unresolved,observed,nmmt_schedule_9512
9512,18796,053 AC,4051,3448,09:28 PM,77280,unresolved,observed,nmmt_schedule_9512
9512,18834,053 AC,4051,3448,09:40 PM,78000,unresolved,observed,nmmt_schedule_9512
9512,18811,053 AC,4051,3448,09:52 PM,78720,unresolved,observed,nmmt_schedule_9512
9512,18858,053 AC,4051,3448,10:04 PM,79440,unresolved,observed,nmmt_schedule_9512
9512,18823,053 AC,4051,3448,10:28 PM,80880,unresolved,observed,nmmt_schedule_9512
9512,18836,053 AC,4051,3448,10:48 PM,82080,unresolved,observed,nmmt_schedule_9512
9512,18863,053 AC,4051,3448,11:15 PM,83700,unresolved,observed,nmmt_schedule_9512
9512,24165,053 AC,4051,3448,11:30 PM,84600,unresolved,observed,nmmt_schedule_9512
9514,18841,053 AC,2692,4051,05:31 AM,19860,unresolved,observed,nmmt_schedule_9514
9514,18875,053 AC,2692,4051,05:50 AM,21000,unresolved,observed,nmmt_schedule_9514
9514,18885,053 AC,2692,4051,06:13 AM,22380,unresolved,observed,nmmt_schedule_9514
9514,18897,053 AC,2692,4051,06:45 AM,24300,unresolved,observed,nmmt_schedule_9514
9514,18756,053 AC,2692,4051,07:07 AM,25620,unresolved,observed,nmmt_schedule_9514
9514,18773,053 AC,2692,4051,07:32 AM,27120,unresolved,observed,nmmt_schedule_9514
9515,18837,053 AC,4051,2692,12:02 AM,120,unresolved,observed,nmmt_schedule_9515
9515,18862,053 AC,4051,2692,12:27 AM,1620,unresolved,observed,nmmt_schedule_9515
9515,18791,053 AC,4051,2692,10:14 PM,80040,unresolved,observed,nmmt_schedule_9515
9515,18803,053 AC,4051,2692,10:36 PM,81360,unresolved,observed,nmmt_schedule_9515
9515,18813,053 AC,4051,2692,10:59 PM,82740,unresolved,observed,nmmt_schedule_9515
9515,18825,053 AC,4051,2692,11:37 PM,85020,unresolved,observed,nmmt_schedule_9515
9515,24159,053 AC,4051,2692,12:02 AM,120,unresolved,observed,nmmt_schedule_9515
9515,24173,053 AC,4051,2692,12:27 AM,1620,unresolved,observed,nmmt_schedule_9515
9517,20907,054 AC,3448,3349,12:05 AM,300,unresolved,observed,nmmt_schedule_9517
9517,20784,054 AC,3448,3349,06:23 AM,22980,unresolved,observed,nmmt_schedule_9517
9517,20796,054 AC,3448,3349,06:45 AM,24300,unresolved,observed,nmmt_schedule_9517
9517,20807,054 AC,3448,3349,07:07 AM,25620,unresolved,observed,nmmt_schedule_9517
9517,20786,054 AC,3448,3349,07:29 AM,26940,unresolved,observed,nmmt_schedule_9517
9517,20822,054 AC,3448,3349,07:41 AM,27660,unresolved,observed,nmmt_schedule_9517
9517,20798,054 AC,3448,3349,07:53 AM,28380,unresolved,observed,nmmt_schedule_9517
9517,20832,054 AC,3448,3349,08:05 AM,29100,unresolved,observed,nmmt_schedule_9517
9517,20809,054 AC,3448,3349,08:17 AM,29820,unresolved,observed,nmmt_schedule_9517
9517,20864,054 AC,3448,3349,08:30 AM,30600,unresolved,observed,nmmt_schedule_9517
9517,20788,054 AC,3448,3349,08:41 AM,31260,unresolved,observed,nmmt_schedule_9517
9517,20800,054 AC,3448,3349,09:05 AM,32700,unresolved,observed,nmmt_schedule_9517
9517,20834,054 AC,3448,3349,09:17 AM,33420,unresolved,observed,nmmt_schedule_9517
9517,20811,054 AC,3448,3349,09:29 AM,34140,unresolved,observed,nmmt_schedule_9517
9517,20854,054 AC,3448,3349,09:41 AM,34860,unresolved,observed,nmmt_schedule_9517
9517,20824,054 AC,3448,3349,10:05 AM,36300,unresolved,observed,nmmt_schedule_9517
9517,20836,054 AC,3448,3349,10:29 AM,37740,unresolved,observed,nmmt_schedule_9517
9517,20790,054 AC,3448,3349,10:40 AM,38400,unresolved,observed,nmmt_schedule_9517
9517,20856,054 AC,3448,3349,10:53 AM,39180,unresolved,observed,nmmt_schedule_9517
9517,20802,054 AC,3448,3349,11:05 AM,39900,unresolved,observed,nmmt_schedule_9517
9517,20813,054 AC,3448,3349,11:29 AM,41340,unresolved,observed,nmmt_schedule_9517
9517,20792,054 AC,3448,3349,11:53 AM,42780,unresolved,observed,nmmt_schedule_9517
9517,20827,054 AC,3448,3349,12:05 PM,43500,unresolved,observed,nmmt_schedule_9517
9517,20769,054 AC,3448,3349,12:15 PM,44100,unresolved,observed,nmmt_schedule_9517
9517,20804,054 AC,3448,3349,12:17 PM,44220,unresolved,observed,nmmt_schedule_9517
9517,20838,054 AC,3448,3349,12:29 PM,44940,unresolved,observed,nmmt_schedule_9517
9517,20815,054 AC,3448,3349,12:41 PM,45660,unresolved,observed,nmmt_schedule_9517
9517,12553,054 AC,3448,3349,12:47 PM,46020,unresolved,observed,nmmt_schedule_9517
9517,20858,054 AC,3448,3349,12:53 PM,46380,unresolved,observed,nmmt_schedule_9517
9517,20828,054 AC,3448,3349,01:17 PM,47820,unresolved,observed,nmmt_schedule_9517
9517,20771,054 AC,3448,3349,01:28 PM,48480,unresolved,observed,nmmt_schedule_9517
9517,20840,054 AC,3448,3349,01:44 PM,49440,unresolved,observed,nmmt_schedule_9517
9517,20859,054 AC,3448,3349,02:13 PM,51180,unresolved,observed,nmmt_schedule_9517
9517,20866,054 AC,3448,3349,02:46 PM,53160,unresolved,observed,nmmt_schedule_9517
9517,20890,054 AC,3448,3349,03:10 PM,54600,unresolved,observed,nmmt_schedule_9517
9517,20915,054 AC,3448,3349,03:35 PM,56100,unresolved,observed,nmmt_schedule_9517
9517,20868,054 AC,3448,3349,03:59 PM,57540,unresolved,observed,nmmt_schedule_9517
9517,20851,054 AC,3448,3349,04:10 PM,58200,unresolved,observed,nmmt_schedule_9517
9517,20892,054 AC,3448,3349,04:22 PM,58920,unresolved,observed,nmmt_schedule_9517
9517,20883,054 AC,3448,3349,04:35 PM,59700,unresolved,observed,nmmt_schedule_9517
9517,20916,054 AC,3448,3349,04:46 PM,60360,unresolved,observed,nmmt_schedule_9517
9517,20904,054 AC,3448,3349,05:00 PM,61200,unresolved,observed,nmmt_schedule_9517
9517,20870,054 AC,3448,3349,05:10 PM,61800,unresolved,observed,nmmt_schedule_9517
9517,20843,054 AC,3448,3349,05:21 PM,62460,unresolved,observed,nmmt_schedule_9517
9517,20894,054 AC,3448,3349,05:34 PM,63240,unresolved,observed,nmmt_schedule_9517
9517,20884,054 AC,3448,3349,05:45 PM,63900,unresolved,observed,nmmt_schedule_9517
9517,20918,054 AC,3448,3349,05:58 PM,64680,unresolved,observed,nmmt_schedule_9517
9517,20913,054 AC,3448,3349,06:10 PM,65400,unresolved,observed,nmmt_schedule_9517
9517,20845,054 AC,3448,3349,06:34 PM,66840,unresolved,observed,nmmt_schedule_9517
9517,20886,054 AC,3448,3349,06:56 PM,68160,unresolved,observed,nmmt_schedule_9517
9517,20872,054 AC,3448,3349,07:10 PM,69000,unresolved,observed,nmmt_schedule_9517
9517,20903,054 AC,3448,3349,07:22 PM,69720,unresolved,observed,nmmt_schedule_9517
9517,20896,054 AC,3448,3349,07:34 PM,70440,unresolved,observed,nmmt_schedule_9517
9517,20920,054 AC,3448,3349,07:58 PM,71880,unresolved,observed,nmmt_schedule_9517
9517,20875,054 AC,3448,3349,08:22 PM,73320,unresolved,observed,nmmt_schedule_9517
9517,20847,054 AC,3448,3349,08:34 PM,74040,unresolved,observed,nmmt_schedule_9517
9517,20897,054 AC,3448,3349,08:46 PM,74760,unresolved,observed,nmmt_schedule_9517
9517,20882,054 AC,3448,3349,08:59 PM,75540,unresolved,observed,nmmt_schedule_9517
9517,20922,054 AC,3448,3349,09:10 PM,76200,unresolved,observed,nmmt_schedule_9517
9517,20908,054 AC,3448,3349,09:22 PM,76920,unresolved,observed,nmmt_schedule_9517
9517,20876,054 AC,3448,3349,09:34 PM,77640,unresolved,observed,nmmt_schedule_9517
9517,20849,054 AC,3448,3349,09:47 PM,78420,unresolved,observed,nmmt_schedule_9517
9517,12560,054 AC,3448,3349,09:50 PM,78600,unresolved,observed,nmmt_schedule_9517
9517,20899,054 AC,3448,3349,09:53 PM,78780,unresolved,observed,nmmt_schedule_9517
9517,21947,054 AC,3448,3349,09:58 PM,79080,unresolved,observed,nmmt_schedule_9517
9517,20775,054 AC,3448,3349,10:00 PM,79200,unresolved,observed,nmmt_schedule_9517
9517,20880,054 AC,3448,3349,10:10 PM,79800,unresolved,observed,nmmt_schedule_9517
9517,20924,054 AC,3448,3349,10:20 PM,80400,unresolved,observed,nmmt_schedule_9517
9517,20909,054 AC,3448,3349,10:33 PM,81180,unresolved,observed,nmmt_schedule_9517
9517,20853,054 AC,3448,3349,10:56 PM,82560,unresolved,observed,nmmt_schedule_9517
9517,12562,054 AC,3448,3349,11:02 PM,82920,unresolved,observed,nmmt_schedule_9517
9517,20777,054 AC,3448,3349,11:12 PM,83520,unresolved,observed,nmmt_schedule_9517
9517,20889,054 AC,3448,3349,11:25 PM,84300,unresolved,observed,nmmt_schedule_9517
9518,20783,054 AC,4597,3448,05:50 AM,21000,unresolved,observed,nmmt_schedule_9518
9518,20795,054 AC,4597,3448,06:12 AM,22320,unresolved,observed,nmmt_schedule_9518
9518,20806,054 AC,4597,3448,06:34 AM,23640,unresolved,observed,nmmt_schedule_9518
9518,20785,054 AC,4597,3448,06:56 AM,24960,unresolved,observed,nmmt_schedule_9518
9518,20821,054 AC,4597,3448,07:07 AM,25620,unresolved,observed,nmmt_schedule_9518
9518,20797,054 AC,4597,3448,07:18 AM,26280,unresolved,observed,nmmt_schedule_9518
9518,20831,054 AC,4597,3448,07:29 AM,26940,unresolved,observed,nmmt_schedule_9518
9518,20808,054 AC,4597,3448,07:41 AM,27660,unresolved,observed,nmmt_schedule_9518
9518,20863,054 AC,4597,3448,07:53 AM,28380,unresolved,observed,nmmt_schedule_9518
9518,20787,054 AC,4597,3448,08:05 AM,29100,unresolved,observed,nmmt_schedule_9518
9518,20823,054 AC,4597,3448,08:17 AM,29820,unresolved,observed,nmmt_schedule_9518
9518,20799,054 AC,4597,3448,08:29 AM,30540,unresolved,observed,nmmt_schedule_9518
9518,20833,054 AC,4597,3448,08:41 AM,31260,unresolved,observed,nmmt_schedule_9518
9518,20810,054 AC,4597,3448,08:53 AM,31980,unresolved,observed,nmmt_schedule_9518
9518,20865,054 AC,4597,3448,09:05 AM,32700,unresolved,observed,nmmt_schedule_9518
9518,20789,054 AC,4597,3448,09:17 AM,33420,unresolved,observed,nmmt_schedule_9518
9518,20835,054 AC,4597,3448,09:53 AM,35580,unresolved,observed,nmmt_schedule_9518
9518,20812,054 AC,4597,3448,10:05 AM,36300,unresolved,observed,nmmt_schedule_9518
9518,20855,054 AC,4597,3448,10:17 AM,37020,unresolved,observed,nmmt_schedule_9518
9518,20826,054 AC,4597,3448,10:41 AM,38460,unresolved,observed,nmmt_schedule_9518
9518,20837,054 AC,4597,3448,11:05 AM,39900,unresolved,observed,nmmt_schedule_9518
9518,20791,054 AC,4597,3448,11:17 AM,40620,unresolved,observed,nmmt_schedule_9518
9518,20857,054 AC,4597,3448,11:29 AM,41340,unresolved,observed,nmmt_schedule_9518
9518,20803,054 AC,4597,3448,11:41 AM,42060,unresolved,observed,nmmt_schedule_9518
9518,20814,054 AC,4597,3448,12:05 PM,43500,unresolved,observed,nmmt_schedule_9518
9518,20793,054 AC,4597,3448,12:29 PM,44940,unresolved,observed,nmmt_schedule_9518
9518,20825,054 AC,4597,3448,12:41 PM,45660,unresolved,observed,nmmt_schedule_9518
9518,20770,054 AC,4597,3448,12:52 PM,46320,unresolved,observed,nmmt_schedule_9518
9518,20805,054 AC,4597,3448,12:53 PM,46380,unresolved,observed,nmmt_schedule_9518
9518,20839,054 AC,4597,3448,01:05 PM,47100,unresolved,observed,nmmt_schedule_9518
9518,20816,054 AC,4597,3448,01:17 PM,47820,unresolved,observed,nmmt_schedule_9518
9518,12554,054 AC,4597,3448,01:23 PM,48180,unresolved,observed,nmmt_schedule_9518
9518,20861,054 AC,4597,3448,01:29 PM,48540,unresolved,observed,nmmt_schedule_9518
9518,20829,054 AC,4597,3448,01:53 PM,49980,unresolved,observed,nmmt_schedule_9518
9518,20772,054 AC,4597,3448,02:04 PM,50640,unresolved,observed,nmmt_schedule_9518
9518,20830,054 AC,4597,3448,02:21 PM,51660,unresolved,observed,nmmt_schedule_9518
9518,20860,054 AC,4597,3448,02:48 PM,53280,unresolved,observed,nmmt_schedule_9518
9518,20867,054 AC,4597,3448,03:22 PM,55320,unresolved,observed,nmmt_schedule_9518
9518,20891,054 AC,4597,3448,03:46 PM,56760,unresolved,observed,nmmt_schedule_9518
9518,21903,054 AC,4597,3448,04:10 PM,58200,unresolved,observed,nmmt_schedule_9518
9518,20869,054 AC,4597,3448,04:34 PM,59640,unresolved,observed,nmmt_schedule_9518
9518,20842,054 AC,4597,3448,04:46 PM,60360,unresolved,observed,nmmt_schedule_9518
9518,20893,054 AC,4597,3448,04:58 PM,61080,unresolved,observed,nmmt_schedule_9518
9518,20878,054 AC,4597,3448,05:10 PM,61800,unresolved,observed,nmmt_schedule_9518
9518,20917,054 AC,4597,3448,05:22 PM,62520,unresolved,observed,nmmt_schedule_9518
9518,20905,054 AC,4597,3448,05:34 PM,63240,unresolved,observed,nmmt_schedule_9518
9518,20871,054 AC,4597,3448,05:46 PM,63960,unresolved,observed,nmmt_schedule_9518
9518,20844,054 AC,4597,3448,05:58 PM,64680,unresolved,observed,nmmt_schedule_9518
9518,20895,054 AC,4597,3448,06:10 PM,65400,unresolved,observed,nmmt_schedule_9518
9518,20885,054 AC,4597,3448,06:20 PM,66000,unresolved,observed,nmmt_schedule_9518
9518,20919,054 AC,4597,3448,06:34 PM,66840,unresolved,observed,nmmt_schedule_9518
9518,20902,054 AC,4597,3448,06:48 PM,67680,unresolved,observed,nmmt_schedule_9518
9518,20846,054 AC,4597,3448,07:10 PM,69000,unresolved,observed,nmmt_schedule_9518
9518,20887,054 AC,4597,3448,07:31 PM,70260,unresolved,observed,nmmt_schedule_9518
9518,20873,054 AC,4597,3448,07:46 PM,71160,unresolved,observed,nmmt_schedule_9518
9518,20906,054 AC,4597,3448,07:58 PM,71880,unresolved,observed,nmmt_schedule_9518
9518,20901,054 AC,4597,3448,08:10 PM,72600,unresolved,observed,nmmt_schedule_9518
9518,20921,054 AC,4597,3448,08:34 PM,74040,unresolved,observed,nmmt_schedule_9518
9518,20874,054 AC,4597,3448,08:58 PM,75480,unresolved,observed,nmmt_schedule_9518
9518,20848,054 AC,4597,3448,09:12 PM,76320,unresolved,observed,nmmt_schedule_9518
9518,20898,054 AC,4597,3448,09:22 PM,76920,unresolved,observed,nmmt_schedule_9518
9518,20879,054 AC,4597,3448,09:34 PM,77640,unresolved,observed,nmmt_schedule_9518
9518,20923,054 AC,4597,3448,09:46 PM,78360,unresolved,observed,nmmt_schedule_9518
9518,20911,054 AC,4597,3448,09:58 PM,79080,unresolved,observed,nmmt_schedule_9518
9518,20852,054 AC,4597,3448,10:21 PM,80460,unresolved,observed,nmmt_schedule_9518
9518,12561,054 AC,4597,3448,10:26 PM,80760,unresolved,observed,nmmt_schedule_9518
9518,20776,054 AC,4597,3448,10:36 PM,81360,unresolved,observed,nmmt_schedule_9518
9518,20881,054 AC,4597,3448,10:43 PM,81780,unresolved,observed,nmmt_schedule_9518
9518,20910,054 AC,4597,3448,11:15 PM,83700,unresolved,observed,nmmt_schedule_9518
9519,20819,054 AC,3448,4488,09:00 AM,32400,unresolved,observed,nmmt_schedule_9519
9519,21830,054 AC,3448,4488,09:05 AM,32700,unresolved,observed,nmmt_schedule_9519
9519,21949,054 AC,3448,4488,05:00 PM,61200,unresolved,observed,nmmt_schedule_9519
9520,20818,054 AC,2646,3448,09:27 AM,34020,unresolved,observed,nmmt_schedule_9520
9520,20801,054 AC,2646,3448,09:41 AM,34860,unresolved,observed,nmmt_schedule_9520
9520,21950,054 AC,2646,3448,05:34 PM,63240,unresolved,observed,nmmt_schedule_9520
9524,17462,125AC,4821,4562,07:30 AM,27000,unresolved,observed,nmmt_schedule_9524
9524,17469,125AC,4821,4562,08:00 AM,28800,unresolved,observed,nmmt_schedule_9524
9524,17427,125AC,4821,4562,08:30 AM,30600,unresolved,observed,nmmt_schedule_9524
9524,17458,125AC,4821,4562,08:55 AM,32100,unresolved,observed,nmmt_schedule_9524
9524,17465,125AC,4821,4562,09:20 AM,33600,unresolved,observed,nmmt_schedule_9524
9524,17474,125AC,4821,4562,09:45 AM,35100,unresolved,observed,nmmt_schedule_9524
9524,17477,125AC,4821,4562,10:15 AM,36900,unresolved,observed,nmmt_schedule_9524
9524,17482,125AC,4821,4562,10:45 AM,38700,unresolved,observed,nmmt_schedule_9524
9524,17485,125AC,4821,4562,11:10 AM,40200,unresolved,observed,nmmt_schedule_9524
9524,17489,125AC,4821,4562,11:40 AM,42000,unresolved,observed,nmmt_schedule_9524
9524,17493,125AC,4821,4562,12:15 PM,44100,unresolved,observed,nmmt_schedule_9524
9524,17496,125AC,4821,4562,12:50 PM,46200,unresolved,observed,nmmt_schedule_9524
9524,17501,125AC,4821,4562,01:30 PM,48600,unresolved,observed,nmmt_schedule_9524
9524,17505,125AC,4821,4562,02:20 PM,51600,unresolved,observed,nmmt_schedule_9524
9524,17508,125AC,4821,4562,03:20 PM,55200,unresolved,observed,nmmt_schedule_9524
9524,17513,125AC,4821,4562,04:10 PM,58200,unresolved,observed,nmmt_schedule_9524
9524,17517,125AC,4821,4562,05:00 PM,61200,unresolved,observed,nmmt_schedule_9524
9524,17521,125AC,4821,4562,05:40 PM,63600,unresolved,observed,nmmt_schedule_9524
9524,17525,125AC,4821,4562,06:10 PM,65400,unresolved,observed,nmmt_schedule_9524
9524,17529,125AC,4821,4562,06:40 PM,67200,unresolved,observed,nmmt_schedule_9524
9524,17532,125AC,4821,4562,07:10 PM,69000,unresolved,observed,nmmt_schedule_9524
9524,17431,125AC,4821,4562,07:40 PM,70800,unresolved,observed,nmmt_schedule_9524
9524,17435,125AC,4821,4562,08:10 PM,72600,unresolved,observed,nmmt_schedule_9524
9524,17439,125AC,4821,4562,08:35 PM,74100,unresolved,observed,nmmt_schedule_9524
9524,17444,125AC,4821,4562,09:05 PM,75900,unresolved,observed,nmmt_schedule_9524
9525,17460,125AC,2644,2523,06:25 AM,23100,unresolved,observed,nmmt_schedule_9525
9525,17466,125AC,2644,2523,06:40 AM,24000,unresolved,observed,nmmt_schedule_9525
9525,17472,125AC,2644,2523,07:05 AM,25500,unresolved,observed,nmmt_schedule_9525
9525,17476,125AC,2644,2523,07:30 AM,27000,unresolved,observed,nmmt_schedule_9525
9525,17480,125AC,2644,2523,07:50 AM,28200,unresolved,observed,nmmt_schedule_9525
9525,17484,125AC,2644,2523,08:15 AM,29700,unresolved,observed,nmmt_schedule_9525
9525,17488,125AC,2644,2523,08:40 AM,31200,unresolved,observed,nmmt_schedule_9525
9525,17492,125AC,2644,2523,09:05 AM,32700,unresolved,observed,nmmt_schedule_9525
9525,17498,125AC,2644,2523,09:30 AM,34200,unresolved,observed,nmmt_schedule_9525
9525,17500,125AC,2644,2523,10:10 AM,36600,unresolved,observed,nmmt_schedule_9525
9525,17504,125AC,2644,2523,11:00 AM,39600,unresolved,observed,nmmt_schedule_9525
9525,17509,125AC,2644,2523,12:00 PM,43200,unresolved,observed,nmmt_schedule_9525
9525,17512,125AC,2644,2523,01:00 PM,46800,unresolved,observed,nmmt_schedule_9525
9525,17516,125AC,2644,2523,01:45 PM,49500,unresolved,observed,nmmt_schedule_9525
9525,17520,125AC,2644,2523,02:15 PM,51300,unresolved,observed,nmmt_schedule_9525
9525,17524,125AC,2644,2523,02:45 PM,53100,unresolved,observed,nmmt_schedule_9525
9525,17528,125AC,2644,2523,03:15 PM,54900,unresolved,observed,nmmt_schedule_9525
9525,17534,125AC,2644,2523,03:45 PM,56700,unresolved,observed,nmmt_schedule_9525
9525,17430,125AC,2644,2523,04:15 PM,58500,unresolved,observed,nmmt_schedule_9525
9525,17434,125AC,2644,2523,04:45 PM,60300,unresolved,observed,nmmt_schedule_9525
9525,17438,125AC,2644,2523,05:10 PM,61800,unresolved,observed,nmmt_schedule_9525
9525,17442,125AC,2644,2523,05:40 PM,63600,unresolved,observed,nmmt_schedule_9525
9525,17446,125AC,2644,2523,06:15 PM,65700,unresolved,observed,nmmt_schedule_9525
9525,17451,125AC,2644,2523,06:45 PM,67500,unresolved,observed,nmmt_schedule_9525
9525,17456,125AC,2644,2523,07:20 PM,69600,unresolved,observed,nmmt_schedule_9525
9554,23970,047 AC,3323,3251,05:50 PM,64200,unresolved,observed,nmmt_schedule_9554
9554,23988,047 AC,3323,3251,06:10 PM,65400,unresolved,observed,nmmt_schedule_9554
9555,21415,013 AC,2880,4115,07:10 AM,25800,unresolved,observed,nmmt_schedule_9555
9555,21417,013 AC,2880,4115,08:26 AM,30360,unresolved,observed,nmmt_schedule_9555
9555,21419,013 AC,2880,4115,09:42 AM,34920,unresolved,observed,nmmt_schedule_9555
9555,21428,013 AC,2880,4115,03:57 PM,57420,unresolved,observed,nmmt_schedule_9555
9555,21433,013 AC,2880,4115,07:35 PM,70500,unresolved,observed,nmmt_schedule_9555
9555,21435,013 AC,2880,4115,08:50 PM,75000,unresolved,observed,nmmt_schedule_9555
9556,21416,013 AC,4115,4823,07:48 AM,28080,unresolved,observed,nmmt_schedule_9556
9556,21418,013 AC,4115,4823,09:04 AM,32640,unresolved,observed,nmmt_schedule_9556
9556,21420,013 AC,4115,4823,10:20 AM,37200,unresolved,observed,nmmt_schedule_9556
9556,21424,013 AC,4115,4823,01:15 PM,47700,unresolved,observed,nmmt_schedule_9556
9556,21427,013 AC,4115,4823,03:19 PM,55140,unresolved,observed,nmmt_schedule_9556
9556,21429,013 AC,4115,4823,04:35 PM,59700,unresolved,observed,nmmt_schedule_9556
9556,21432,013 AC,4115,4823,06:18 PM,65880,unresolved,observed,nmmt_schedule_9556
9556,21434,013 AC,4115,4823,08:13 PM,72780,unresolved,observed,nmmt_schedule_9556
9557,21423,013 AC,5116,4115,12:35 PM,45300,unresolved,observed,nmmt_schedule_9557
9557,21431,013 AC,5116,4115,05:35 PM,63300,unresolved,observed,nmmt_schedule_9557
9558,21413,013 AC,5115,5116,06:32 AM,23520,unresolved,observed,nmmt_schedule_9558
9558,21422,013 AC,5115,5116,12:00 PM,43200,unresolved,observed,nmmt_schedule_9558
9559,13631,015 AC,2895,5125,07:00 AM,25200,unresolved,observed,nmmt_schedule_9559
9559,13639,015 AC,2895,5125,07:22 AM,26520,unresolved,observed,nmmt_schedule_9559
9559,13650,015 AC,2895,5125,07:44 AM,27840,unresolved,observed,nmmt_schedule_9559
9559,13623,015 AC,2895,5125,08:06 AM,29160,unresolved,observed,nmmt_schedule_9559
9559,13646,015 AC,2895,5125,08:28 AM,30480,unresolved,observed,nmmt_schedule_9559
9559,13654,015 AC,2895,5125,08:50 AM,31800,unresolved,observed,nmmt_schedule_9559
9559,13625,015 AC,2895,5125,09:12 AM,33120,unresolved,observed,nmmt_schedule_9559
9559,13637,015 AC,2895,5125,09:34 AM,34440,unresolved,observed,nmmt_schedule_9559
9559,13656,015 AC,2895,5125,09:56 AM,35760,unresolved,observed,nmmt_schedule_9559
9559,13627,015 AC,2895,5125,10:23 AM,37380,unresolved,observed,nmmt_schedule_9559
9559,13641,015 AC,2895,5125,11:13 AM,40380,unresolved,observed,nmmt_schedule_9559
9559,13653,015 AC,2895,5125,11:46 AM,42360,unresolved,observed,nmmt_schedule_9559
9559,13647,015 AC,2895,5125,12:19 PM,44340,unresolved,observed,nmmt_schedule_9559
9559,13659,015 AC,2895,5125,12:52 PM,46320,unresolved,observed,nmmt_schedule_9559
9559,13644,015 AC,2895,5125,01:25 PM,48300,unresolved,observed,nmmt_schedule_9559
9559,13661,015 AC,2895,5125,01:58 PM,50280,unresolved,observed,nmmt_schedule_9559
9559,13664,015 AC,2895,5125,02:58 PM,53880,unresolved,observed,nmmt_schedule_9559
9559,13673,015 AC,2895,5125,04:03 PM,57780,unresolved,observed,nmmt_schedule_9559
9559,13676,015 AC,2895,5125,04:25 PM,59100,unresolved,observed,nmmt_schedule_9559
9559,14152,015 AC,2895,5125,04:47 PM,60420,unresolved,observed,nmmt_schedule_9559
9559,13667,015 AC,2895,5125,05:09 PM,61740,unresolved,observed,nmmt_schedule_9559
9559,13678,015 AC,2895,5125,05:31 PM,63060,unresolved,observed,nmmt_schedule_9559
9559,13694,015 AC,2895,5125,05:53 PM,64380,unresolved,observed,nmmt_schedule_9559
9559,14135,015 AC,2895,5125,06:15 PM,65700,unresolved,observed,nmmt_schedule_9559
9559,13680,015 AC,2895,5125,06:37 PM,67020,unresolved,observed,nmmt_schedule_9559
9559,13690,015 AC,2895,5125,06:59 PM,68340,unresolved,observed,nmmt_schedule_9559
9559,13682,015 AC,2895,5125,08:18 PM,73080,unresolved,observed,nmmt_schedule_9559
9559,13692,015 AC,2895,5125,08:40 PM,74400,unresolved,observed,nmmt_schedule_9559
9560,13622,015 AC,5125,2895,07:33 AM,27180,unresolved,observed,nmmt_schedule_9560
9560,13645,015 AC,5125,2895,07:55 AM,28500,unresolved,observed,nmmt_schedule_9560
9560,13657,015 AC,5125,2895,08:17 AM,29820,unresolved,observed,nmmt_schedule_9560
9560,13624,015 AC,5125,2895,08:39 AM,31140,unresolved,observed,nmmt_schedule_9560
9560,13636,015 AC,5125,2895,09:01 AM,32460,unresolved,observed,nmmt_schedule_9560
9560,13651,015 AC,5125,2895,09:23 AM,33780,unresolved,observed,nmmt_schedule_9560
9560,13626,015 AC,5125,2895,09:45 AM,35100,unresolved,observed,nmmt_schedule_9560
9560,13640,015 AC,5125,2895,10:06 AM,36360,unresolved,observed,nmmt_schedule_9560
9560,13652,015 AC,5125,2895,10:28 AM,37680,unresolved,observed,nmmt_schedule_9560
9560,13628,015 AC,5125,2895,10:56 AM,39360,unresolved,observed,nmmt_schedule_9560
9560,13642,015 AC,5125,2895,11:46 AM,42360,unresolved,observed,nmmt_schedule_9560
9560,13658,015 AC,5125,2895,12:19 PM,44340,unresolved,observed,nmmt_schedule_9560
9560,13638,015 AC,5125,2895,12:52 PM,46320,unresolved,observed,nmmt_schedule_9560
9560,13660,015 AC,5125,2895,01:25 PM,48300,unresolved,observed,nmmt_schedule_9560
9560,13665,015 AC,5125,2895,03:30 PM,55800,unresolved,observed,nmmt_schedule_9560
9560,13675,015 AC,5125,2895,03:52 PM,57120,unresolved,observed,nmmt_schedule_9560
9560,13686,015 AC,5125,2895,04:14 PM,58440,unresolved,observed,nmmt_schedule_9560
9560,13666,015 AC,5125,2895,04:36 PM,59760,unresolved,observed,nmmt_schedule_9560
9560,13687,015 AC,5125,2895,04:47 PM,60420,unresolved,observed,nmmt_schedule_9560
9560,13677,015 AC,5125,2895,04:58 PM,61080,unresolved,observed,nmmt_schedule_9560
9560,13688,015 AC,5125,2895,05:20 PM,62400,unresolved,observed,nmmt_schedule_9560
9560,14134,015 AC,5125,2895,05:42 PM,63720,unresolved,observed,nmmt_schedule_9560
9560,13679,015 AC,5125,2895,06:04 PM,65040,unresolved,observed,nmmt_schedule_9560
9560,13689,015 AC,5125,2895,06:26 PM,66360,unresolved,observed,nmmt_schedule_9560
9560,14136,015 AC,5125,2895,06:47 PM,67620,unresolved,observed,nmmt_schedule_9560
9560,13681,015 AC,5125,2895,07:10 PM,69000,unresolved,observed,nmmt_schedule_9560
9560,13691,015 AC,5125,2895,07:32 PM,70320,unresolved,observed,nmmt_schedule_9560
9560,13683,015 AC,5125,2895,08:45 PM,74700,unresolved,observed,nmmt_schedule_9560
9560,13695,015 AC,5125,2895,09:07 PM,76020,unresolved,observed,nmmt_schedule_9560
9561,16627,044 AC,2692,3323,04:50 AM,17400,unresolved,observed,nmmt_schedule_9561
9561,16703,044 AC,2692,3323,05:25 AM,19500,unresolved,observed,nmmt_schedule_9561
9561,24417,044 AC,2692,3323,05:33 AM,19980,unresolved,observed,nmmt_schedule_9561
9561,16634,044 AC,2692,3323,05:45 AM,20700,unresolved,observed,nmmt_schedule_9561
9561,16635,044 AC,2692,3323,06:15 AM,22500,unresolved,observed,nmmt_schedule_9561
9561,24440,044 AC,2692,3323,06:25 AM,23100,unresolved,observed,nmmt_schedule_9561
9561,16642,044 AC,2692,3323,06:50 AM,24600,unresolved,observed,nmmt_schedule_9561
9561,24447,044 AC,2692,3323,07:20 AM,26400,unresolved,observed,nmmt_schedule_9561
9561,16649,044 AC,2692,3323,07:25 AM,26700,unresolved,observed,nmmt_schedule_9561
9561,16656,044 AC,2692,3323,08:15 AM,29700,unresolved,observed,nmmt_schedule_9561
9562,16663,044 AC,3323,2692,08:40 PM,74400,unresolved,observed,nmmt_schedule_9562
9562,16670,044 AC,3323,2692,09:12 PM,76320,unresolved,observed,nmmt_schedule_9562
9562,24452,044 AC,3323,2692,09:32 PM,77520,unresolved,observed,nmmt_schedule_9562
9562,16677,044 AC,3323,2692,09:45 PM,78300,unresolved,observed,nmmt_schedule_9562
9562,16684,044 AC,3323,2692,10:17 PM,80220,unresolved,observed,nmmt_schedule_9562
9562,24460,044 AC,3323,2692,10:32 PM,81120,unresolved,observed,nmmt_schedule_9562
9562,16691,044 AC,3323,2692,10:52 PM,82320,unresolved,observed,nmmt_schedule_9562
9562,24477,044 AC,3323,2692,11:25 PM,84300,unresolved,observed,nmmt_schedule_9562
9562,16708,044 AC,3323,2692,11:30 PM,84600,unresolved,observed,nmmt_schedule_9562
9562,16712,044 AC,3323,2692,12:14 AM,840,unresolved,observed,nmmt_schedule_9562
9563,13674,015 AC,2907,5125,03:35 PM,56100,unresolved,observed,nmmt_schedule_9563
9563,13693,015 AC,2907,5125,03:57 PM,57420,unresolved,observed,nmmt_schedule_9563
9564,13643,015 AC,5125,2907,01:58 PM,50280,unresolved,observed,nmmt_schedule_9564
9564,13648,015 AC,5125,2907,02:30 PM,52200,unresolved,observed,nmmt_schedule_9564
9571,23965,047 AC,2907,2515,01:50 PM,49800,unresolved,observed,nmmt_schedule_9571
9571,23991,047 AC,2907,2515,02:05 PM,50700,unresolved,observed,nmmt_schedule_9571
9572,23969,23ACEx,3996,3323,04:08 PM,58080,unresolved,observed,nmmt_schedule_9572
9573,23180,010 AC,2908,2880,06:20 AM,22800,unresolved,observed,nmmt_schedule_9573
9573,23190,010 AC,2908,2880,07:03 AM,25380,unresolved,observed,nmmt_schedule_9573
9573,23200,010 AC,2908,2880,02:53 PM,53580,unresolved,observed,nmmt_schedule_9573
9573,23210,010 AC,2908,2880,03:38 PM,56280,unresolved,observed,nmmt_schedule_9573
9574,23184,010 AC,2880,2908,01:10 PM,47400,unresolved,observed,nmmt_schedule_9574
9574,23199,010 AC,2880,2908,01:51 PM,49860,unresolved,observed,nmmt_schedule_9574
9574,23209,010 AC,2880,2908,09:58 PM,79080,unresolved,observed,nmmt_schedule_9574
9574,23219,010 AC,2880,2908,10:40 PM,81600,unresolved,observed,nmmt_schedule_9574
9575,13097,031 AC,2908,3306,04:47 AM,17220,unresolved,observed,nmmt_schedule_9575
9575,13102,031 AC,2908,3306,06:07 AM,22020,unresolved,observed,nmmt_schedule_9575
9575,13107,031 AC,2908,3306,07:27 AM,26820,unresolved,observed,nmmt_schedule_9575
9581,20929,086 AC,3137,4773,08:05 AM,29100,unresolved,observed,nmmt_schedule_9581
9583,12825,109 AC,4423,2643,06:35 AM,23700,unresolved,observed,nmmt_schedule_9583
9583,12827,109 AC,4423,2643,07:38 AM,27480,unresolved,observed,nmmt_schedule_9583
9583,12829,109 AC,4423,2643,08:44 AM,31440,unresolved,observed,nmmt_schedule_9583
9583,12831,109 AC,4423,2643,09:50 AM,35400,unresolved,observed,nmmt_schedule_9583
9583,12851,109 AC,4423,2643,10:45 AM,38700,unresolved,observed,nmmt_schedule_9583
9583,12833,109 AC,4423,2643,10:56 AM,39360,unresolved,observed,nmmt_schedule_9583
9583,12847,109 AC,4423,2643,12:05 PM,43500,unresolved,observed,nmmt_schedule_9583
9583,12841,109 AC,4423,2643,03:42 PM,56520,unresolved,observed,nmmt_schedule_9583
9583,12855,109 AC,4423,2643,04:20 PM,58800,unresolved,observed,nmmt_schedule_9583
9583,12837,109 AC,4423,2643,04:58 PM,61080,unresolved,observed,nmmt_schedule_9583
9583,12857,109 AC,4423,2643,05:36 PM,63360,unresolved,observed,nmmt_schedule_9583
9583,12839,109 AC,4423,2643,06:14 PM,65640,unresolved,observed,nmmt_schedule_9583
9583,12859,109 AC,4423,2643,06:52 PM,67920,unresolved,observed,nmmt_schedule_9583
9583,12843,109 AC,4423,2643,07:30 PM,70200,unresolved,observed,nmmt_schedule_9583
9583,12861,109 AC,4423,2643,08:08 PM,72480,unresolved,observed,nmmt_schedule_9583
9584,12826,109 AC,2643,3174,07:05 AM,25500,unresolved,observed,nmmt_schedule_9584
9584,12828,109 AC,2643,3174,08:11 AM,29460,unresolved,observed,nmmt_schedule_9584
9584,12850,109 AC,2643,3174,09:10 AM,33000,unresolved,observed,nmmt_schedule_9584
9584,12830,109 AC,2643,3174,09:17 AM,33420,unresolved,observed,nmmt_schedule_9584
9584,12832,109 AC,2643,3174,10:23 AM,37380,unresolved,observed,nmmt_schedule_9584
9584,12852,109 AC,2643,3174,11:25 AM,41100,unresolved,observed,nmmt_schedule_9584
9584,12848,109 AC,2643,3174,12:43 PM,45780,unresolved,observed,nmmt_schedule_9584
9584,12836,109 AC,2643,3174,04:20 PM,58800,unresolved,observed,nmmt_schedule_9584
9584,12856,109 AC,2643,3174,04:58 PM,61080,unresolved,observed,nmmt_schedule_9584
9584,12838,109 AC,2643,3174,05:36 PM,63360,unresolved,observed,nmmt_schedule_9584
9584,12858,109 AC,2643,3174,06:14 PM,65640,unresolved,observed,nmmt_schedule_9584
9584,12845,109 AC,2643,3174,06:52 PM,67920,unresolved,observed,nmmt_schedule_9584
9584,12860,109 AC,2643,3174,07:30 PM,70200,unresolved,observed,nmmt_schedule_9584
9584,12844,109 AC,2643,3174,08:07 PM,72420,unresolved,observed,nmmt_schedule_9584
9584,12862,109 AC,2643,3174,08:45 PM,74700,unresolved,observed,nmmt_schedule_9584
9585,12760,052 AC,2692,5227,05:20 AM,19200,unresolved,observed,nmmt_schedule_9585
9585,12767,052 AC,2692,5227,05:50 AM,21000,unresolved,observed,nmmt_schedule_9585
9585,12774,052 AC,2692,5227,06:20 AM,22800,unresolved,observed,nmmt_schedule_9585
9585,12781,052 AC,2692,5227,06:45 AM,24300,unresolved,observed,nmmt_schedule_9585
9585,12787,052 AC,2692,5227,07:28 AM,26880,unresolved,observed,nmmt_schedule_9585
9586,12796,052 AC,5227,2692,08:04 PM,72240,unresolved,observed,nmmt_schedule_9586
9586,12805,052 AC,5227,2692,09:08 PM,76080,unresolved,observed,nmmt_schedule_9586
9586,12810,052 AC,5227,2692,09:57 PM,79020,unresolved,observed,nmmt_schedule_9586
9586,12814,052 AC,5227,2692,10:45 PM,81900,unresolved,observed,nmmt_schedule_9586
9586,12819,052 AC,5227,2692,11:34 PM,84840,unresolved,observed,nmmt_schedule_9586
9587,12764,052 AC,5227,3323,05:55 AM,21300,unresolved,observed,nmmt_schedule_9587
9587,12770,052 AC,5227,3323,06:25 AM,23100,unresolved,observed,nmmt_schedule_9587
9587,12778,052 AC,5227,3323,06:55 AM,24900,unresolved,observed,nmmt_schedule_9587
9587,12780,052 AC,5227,3323,07:22 AM,26520,unresolved,observed,nmmt_schedule_9587
9587,12761,052 AC,5227,3323,07:45 AM,27900,unresolved,observed,nmmt_schedule_9587
9587,12788,052 AC,5227,3323,08:05 AM,29100,unresolved,observed,nmmt_schedule_9587
9587,12772,052 AC,5227,3323,08:25 AM,30300,unresolved,observed,nmmt_schedule_9587
9587,12776,052 AC,5227,3323,08:58 AM,32280,unresolved,observed,nmmt_schedule_9587
9587,12782,052 AC,5227,3323,09:33 AM,34380,unresolved,observed,nmmt_schedule_9587
9587,12789,052 AC,5227,3323,10:11 AM,36660,unresolved,observed,nmmt_schedule_9587
9587,12763,052 AC,5227,3323,10:35 AM,38100,unresolved,observed,nmmt_schedule_9587
9587,12769,052 AC,5227,3323,11:15 AM,40500,unresolved,observed,nmmt_schedule_9587
9587,12779,052 AC,5227,3323,12:00 PM,43200,unresolved,observed,nmmt_schedule_9587
9587,12785,052 AC,5227,3323,12:47 PM,46020,unresolved,observed,nmmt_schedule_9587
9587,12791,052 AC,5227,3323,01:35 PM,48900,unresolved,observed,nmmt_schedule_9587
9587,12795,052 AC,5227,3323,02:25 PM,51900,unresolved,observed,nmmt_schedule_9587
9587,12803,052 AC,5227,3323,03:20 PM,55200,unresolved,observed,nmmt_schedule_9587
9587,12807,052 AC,5227,3323,04:15 PM,58500,unresolved,observed,nmmt_schedule_9587
9587,12817,052 AC,5227,3323,05:10 PM,61800,unresolved,observed,nmmt_schedule_9587
9587,12798,052 AC,5227,3323,05:55 PM,64500,unresolved,observed,nmmt_schedule_9587
9587,12821,052 AC,5227,3323,06:20 PM,66000,unresolved,observed,nmmt_schedule_9587
9587,12802,052 AC,5227,3323,07:00 PM,68400,unresolved,observed,nmmt_schedule_9587
9587,12811,052 AC,5227,3323,07:40 PM,70800,unresolved,observed,nmmt_schedule_9587
9587,12812,052 AC,5227,3323,08:35 PM,74100,unresolved,observed,nmmt_schedule_9587
9587,12823,052 AC,5227,3323,09:35 PM,77700,unresolved,observed,nmmt_schedule_9587
9588,12765,052 AC,3323,5227,06:45 AM,24300,unresolved,observed,nmmt_schedule_9588
9588,12771,052 AC,3323,5227,07:20 AM,26400,unresolved,observed,nmmt_schedule_9588
9588,12775,052 AC,3323,5227,07:53 AM,28380,unresolved,observed,nmmt_schedule_9588
9588,12786,052 AC,3323,5227,08:25 AM,30300,unresolved,observed,nmmt_schedule_9588
9588,12793,052 AC,3323,5227,09:06 AM,32760,unresolved,observed,nmmt_schedule_9588
9588,12762,052 AC,3323,5227,09:30 AM,34200,unresolved,observed,nmmt_schedule_9588
9588,12768,052 AC,3323,5227,10:10 AM,36600,unresolved,observed,nmmt_schedule_9588
9588,12777,052 AC,3323,5227,10:55 AM,39300,unresolved,observed,nmmt_schedule_9588
9588,12784,052 AC,3323,5227,11:40 AM,42000,unresolved,observed,nmmt_schedule_9588
9588,12790,052 AC,3323,5227,12:30 PM,45000,unresolved,observed,nmmt_schedule_9588
9588,12794,052 AC,3323,5227,01:20 PM,48000,unresolved,observed,nmmt_schedule_9588
9588,12800,052 AC,3323,5227,02:15 PM,51300,unresolved,observed,nmmt_schedule_9588
9588,12806,052 AC,3323,5227,03:10 PM,54600,unresolved,observed,nmmt_schedule_9588
9588,12815,052 AC,3323,5227,04:05 PM,57900,unresolved,observed,nmmt_schedule_9588
9588,12797,052 AC,3323,5227,04:50 PM,60600,unresolved,observed,nmmt_schedule_9588
9588,12822,052 AC,3323,5227,05:15 PM,62100,unresolved,observed,nmmt_schedule_9588
9588,12801,052 AC,3323,5227,05:55 PM,64500,unresolved,observed,nmmt_schedule_9588
9588,12808,052 AC,3323,5227,06:35 PM,66900,unresolved,observed,nmmt_schedule_9588
9588,12799,052 AC,3323,5227,07:00 PM,68400,unresolved,observed,nmmt_schedule_9588
9588,12816,052 AC,3323,5227,07:30 PM,70200,unresolved,observed,nmmt_schedule_9588
9588,12804,052 AC,3323,5227,08:05 PM,72300,unresolved,observed,nmmt_schedule_9588
9588,12820,052 AC,3323,5227,08:30 PM,73800,unresolved,observed,nmmt_schedule_9588
9588,12809,052 AC,3323,5227,08:55 PM,75300,unresolved,observed,nmmt_schedule_9588
9588,12813,052 AC,3323,5227,09:45 PM,78300,unresolved,observed,nmmt_schedule_9588
9588,12818,052 AC,3323,5227,10:35 PM,81300,unresolved,observed,nmmt_schedule_9588
9589,12759,052 AC,3323,3365,11:40 AM,42000,unresolved,observed,nmmt_schedule_9589
9589,12766,052 AC,3323,3365,12:20 PM,44400,unresolved,observed,nmmt_schedule_9589
9589,12773,052 AC,3323,3365,01:05 PM,47100,unresolved,observed,nmmt_schedule_9589
9589,12783,052 AC,3323,3365,01:50 PM,49800,unresolved,observed,nmmt_schedule_9589
9589,12792,052 AC,3323,3365,02:40 PM,52800,unresolved,observed,nmmt_schedule_9589
9594,20671,030 AC,2692,4201,04:58 AM,17880,unresolved,observed,nmmt_schedule_9594
9594,20679,030 AC,2692,4201,05:38 AM,20280,unresolved,observed,nmmt_schedule_9594
9594,20694,030 AC,2692,4201,06:15 AM,22500,unresolved,observed,nmmt_schedule_9594
9594,20700,030 AC,2692,4201,06:53 AM,24780,unresolved,observed,nmmt_schedule_9594
9594,20709,030 AC,2692,4201,07:30 AM,27000,unresolved,observed,nmmt_schedule_9594
9594,20711,030 AC,2692,4201,08:10 AM,29400,unresolved,observed,nmmt_schedule_9594
9594,20719,030 AC,2692,4201,01:35 PM,48900,unresolved,observed,nmmt_schedule_9594
9594,20733,030 AC,2692,4201,02:23 PM,51780,unresolved,observed,nmmt_schedule_9594
9595,20677,030 AC,4201,3306,05:10 AM,18600,unresolved,observed,nmmt_schedule_9595
9595,20680,030 AC,4201,3306,05:50 AM,21000,unresolved,observed,nmmt_schedule_9595
9595,20693,030 AC,4201,3306,06:27 AM,23220,unresolved,observed,nmmt_schedule_9595
9595,20701,030 AC,4201,3306,07:05 AM,25500,unresolved,observed,nmmt_schedule_9595
9595,20706,030 AC,4201,3306,07:43 AM,27780,unresolved,observed,nmmt_schedule_9595
9595,20729,030 AC,4201,3306,06:37 PM,67020,unresolved,observed,nmmt_schedule_9595
9595,20739,030 AC,4201,3306,07:22 PM,69720,unresolved,observed,nmmt_schedule_9595
9595,20750,030 AC,4201,3306,08:11 PM,72660,unresolved,observed,nmmt_schedule_9595
9595,20757,030 AC,4201,3306,08:48 PM,74880,unresolved,observed,nmmt_schedule_9595
9595,20765,030 AC,4201,3306,09:30 PM,77400,unresolved,observed,nmmt_schedule_9595
9596,20672,030 AC,3306,4201,06:40 AM,24000,unresolved,observed,nmmt_schedule_9596
9596,20681,030 AC,3306,4201,07:22 AM,26520,unresolved,observed,nmmt_schedule_9596
9596,20687,030 AC,3306,4201,08:00 AM,28800,unresolved,observed,nmmt_schedule_9596
9596,20702,030 AC,3306,4201,08:40 AM,31200,unresolved,observed,nmmt_schedule_9596
9596,20710,030 AC,3306,4201,09:20 AM,33600,unresolved,observed,nmmt_schedule_9596
9596,20730,030 AC,3306,4201,08:20 PM,73200,unresolved,observed,nmmt_schedule_9596
9596,21567,030 AC,3306,4201,08:22 PM,73320,unresolved,observed,nmmt_schedule_9596
9596,20740,030 AC,3306,4201,09:07 PM,76020,unresolved,observed,nmmt_schedule_9596
9596,20743,030 AC,3306,4201,09:55 PM,78900,unresolved,observed,nmmt_schedule_9596
9596,20758,030 AC,3306,4201,10:29 PM,80940,unresolved,observed,nmmt_schedule_9596
9596,20766,030 AC,3306,4201,11:10 PM,83400,unresolved,observed,nmmt_schedule_9596
9597,20673,030 AC,4201,3425,08:07 AM,29220,unresolved,observed,nmmt_schedule_9597
9597,20682,030 AC,4201,3425,08:53 AM,31980,unresolved,observed,nmmt_schedule_9597
9597,20688,030 AC,4201,3425,09:37 AM,34620,unresolved,observed,nmmt_schedule_9597
9597,20696,030 AC,4201,3425,10:17 AM,37020,unresolved,observed,nmmt_schedule_9597
9597,20708,030 AC,4201,3425,10:57 AM,39420,unresolved,observed,nmmt_schedule_9597
9597,20715,030 AC,4201,3425,11:39 AM,41940,unresolved,observed,nmmt_schedule_9597
9597,20676,030 AC,4201,3425,12:17 PM,44220,unresolved,observed,nmmt_schedule_9597
9597,20685,030 AC,4201,3425,01:02 PM,46920,unresolved,observed,nmmt_schedule_9597
9597,20692,030 AC,4201,3425,01:46 PM,49560,unresolved,observed,nmmt_schedule_9597
9597,20695,030 AC,4201,3425,02:29 PM,52140,unresolved,observed,nmmt_schedule_9597
9597,20705,030 AC,4201,3425,03:06 PM,54360,unresolved,observed,nmmt_schedule_9597
9597,20714,030 AC,4201,3425,03:45 PM,56700,unresolved,observed,nmmt_schedule_9597
9597,20720,030 AC,4201,3425,04:56 PM,60960,unresolved,observed,nmmt_schedule_9597
9597,20727,030 AC,4201,3425,05:44 PM,63840,unresolved,observed,nmmt_schedule_9597
9597,20735,030 AC,4201,3425,06:29 PM,66540,unresolved,observed,nmmt_schedule_9597
9597,20749,030 AC,4201,3425,07:17 PM,69420,unresolved,observed,nmmt_schedule_9597
9597,20753,030 AC,4201,3425,07:55 PM,71700,unresolved,observed,nmmt_schedule_9597
9597,20760,030 AC,4201,3425,08:32 PM,73920,unresolved,observed,nmmt_schedule_9597
9598,20678,030 AC,3425,4201,08:55 AM,32100,unresolved,observed,nmmt_schedule_9598
9598,20683,030 AC,3425,4201,09:38 AM,34680,unresolved,observed,nmmt_schedule_9598
9598,20689,030 AC,3425,4201,10:22 AM,37320,unresolved,observed,nmmt_schedule_9598
9598,20697,030 AC,3425,4201,11:06 AM,39960,unresolved,observed,nmmt_schedule_9598
9598,20707,030 AC,3425,4201,11:43 AM,42180,unresolved,observed,nmmt_schedule_9598
9598,20716,030 AC,3425,4201,12:24 PM,44640,unresolved,observed,nmmt_schedule_9598
9598,21559,030 AC,3425,4201,01:35 PM,48900,unresolved,observed,nmmt_schedule_9598
9598,21560,030 AC,3425,4201,02:23 PM,51780,unresolved,observed,nmmt_schedule_9598
9598,20741,030 AC,3425,4201,03:05 PM,54300,unresolved,observed,nmmt_schedule_9598
9598,21577,030 AC,3425,4201,03:50 PM,57000,unresolved,observed,nmmt_schedule_9598
9598,20746,030 AC,3425,4201,03:55 PM,57300,unresolved,observed,nmmt_schedule_9598
9598,20754,030 AC,3425,4201,04:25 PM,59100,unresolved,observed,nmmt_schedule_9598
9598,20762,030 AC,3425,4201,05:00 PM,61200,unresolved,observed,nmmt_schedule_9598
9598,20721,030 AC,3425,4201,05:41 PM,63660,unresolved,observed,nmmt_schedule_9598
9598,20728,030 AC,3425,4201,06:30 PM,66600,unresolved,observed,nmmt_schedule_9598
9598,20738,030 AC,3425,4201,07:15 PM,69300,unresolved,observed,nmmt_schedule_9598
9598,20745,030 AC,3425,4201,08:04 PM,72240,unresolved,observed,nmmt_schedule_9598
9598,20756,030 AC,3425,4201,08:41 PM,74460,unresolved,observed,nmmt_schedule_9598
9598,20764,030 AC,3425,4201,09:20 PM,76800,unresolved,observed,nmmt_schedule_9598
9599,20717,030 AC,4201,3303,08:22 AM,30120,unresolved,observed,nmmt_schedule_9599
9599,20674,030 AC,4201,3303,09:02 AM,32520,unresolved,observed,nmmt_schedule_9599
9599,20684,030 AC,4201,3303,09:45 AM,35100,unresolved,observed,nmmt_schedule_9599
9599,20690,030 AC,4201,3303,10:29 AM,37740,unresolved,observed,nmmt_schedule_9599
9599,20698,030 AC,4201,3303,11:13 AM,40380,unresolved,observed,nmmt_schedule_9599
9599,20703,030 AC,4201,3303,11:50 AM,42600,unresolved,observed,nmmt_schedule_9599
9599,20712,030 AC,4201,3303,12:31 PM,45060,unresolved,observed,nmmt_schedule_9599
9599,20725,030 AC,4201,3303,01:42 PM,49320,unresolved,observed,nmmt_schedule_9599
9599,20734,030 AC,4201,3303,02:30 PM,52200,unresolved,observed,nmmt_schedule_9599
9599,20736,030 AC,4201,3303,03:12 PM,54720,unresolved,observed,nmmt_schedule_9599
9599,20747,030 AC,4201,3303,03:57 PM,57420,unresolved,observed,nmmt_schedule_9599
9599,20751,030 AC,4201,3303,04:32 PM,59520,unresolved,observed,nmmt_schedule_9599
9599,20761,030 AC,4201,3303,05:07 PM,61620,unresolved,observed,nmmt_schedule_9599
9599,20722,030 AC,4201,3303,05:48 PM,64080,unresolved,observed,nmmt_schedule_9599
9600,20718,030 AC,3303,4201,10:02 AM,36120,unresolved,observed,nmmt_schedule_9600
9600,20675,030 AC,3303,4201,10:40 AM,38400,unresolved,observed,nmmt_schedule_9600
9600,20686,030 AC,3303,4201,11:25 AM,41100,unresolved,observed,nmmt_schedule_9600
9600,20691,030 AC,3303,4201,12:09 PM,43740,unresolved,observed,nmmt_schedule_9600
9600,20699,030 AC,3303,4201,12:53 PM,46380,unresolved,observed,nmmt_schedule_9600
9600,20704,030 AC,3303,4201,01:30 PM,48600,unresolved,observed,nmmt_schedule_9600
9600,20713,030 AC,3303,4201,02:10 PM,51000,unresolved,observed,nmmt_schedule_9600
9600,20723,030 AC,3303,4201,03:19 PM,55140,unresolved,observed,nmmt_schedule_9600
9600,20732,030 AC,3303,4201,04:07 PM,58020,unresolved,observed,nmmt_schedule_9600
9600,20737,030 AC,3303,4201,04:50 PM,60600,unresolved,observed,nmmt_schedule_9600
9600,20748,030 AC,3303,4201,05:37 PM,63420,unresolved,observed,nmmt_schedule_9600
9600,20752,030 AC,3303,4201,06:13 PM,65580,unresolved,observed,nmmt_schedule_9600
9600,20759,030 AC,3303,4201,06:50 PM,67800,unresolved,observed,nmmt_schedule_9600
9600,20726,030 AC,3303,4201,07:32 PM,70320,unresolved,observed,nmmt_schedule_9600
9601,20755,030 AC,4201,2692,12:05 AM,300,unresolved,observed,nmmt_schedule_9601
9601,20763,030 AC,4201,2692,12:35 AM,2100,unresolved,observed,nmmt_schedule_9601
9601,21551,030 AC,4201,2692,03:45 PM,56700,unresolved,observed,nmmt_schedule_9601
9601,20724,030 AC,4201,2692,09:12 PM,76320,unresolved,observed,nmmt_schedule_9601
9601,20731,030 AC,4201,2692,10:00 PM,79200,unresolved,observed,nmmt_schedule_9601
9601,20742,030 AC,4201,2692,10:44 PM,81840,unresolved,observed,nmmt_schedule_9601
9601,20744,030 AC,4201,2692,11:30 PM,84600,unresolved,observed,nmmt_schedule_9601
9602,20782,054 AC,2692,3349,05:28 AM,19680,unresolved,observed,nmmt_schedule_9602
9602,20794,054 AC,2692,3349,05:50 AM,21000,unresolved,observed,nmmt_schedule_9602
9602,20817,054 AC,2692,3349,06:11 AM,22260,unresolved,observed,nmmt_schedule_9602
9602,20820,054 AC,2692,3349,06:45 AM,24300,unresolved,observed,nmmt_schedule_9602
9602,20841,054 AC,2692,3349,07:07 AM,25620,unresolved,observed,nmmt_schedule_9602
9602,20862,054 AC,2692,3349,07:31 AM,27060,unresolved,observed,nmmt_schedule_9602
9603,24601,054 AC,3448,2692,11:12 PM,83520,unresolved,observed,nmmt_schedule_9603
9604,20912,054 AC,3349,2692,12:34 AM,2040,unresolved,observed,nmmt_schedule_9604
9604,20877,054 AC,3349,2692,10:10 PM,79800,unresolved,observed,nmmt_schedule_9604
9604,20900,054 AC,3349,2692,10:33 PM,81180,unresolved,observed,nmmt_schedule_9604
9604,20925,054 AC,3349,2692,10:53 PM,82380,unresolved,observed,nmmt_schedule_9604
9604,21923,054 AC,3349,2692,11:28 PM,84480,unresolved,observed,nmmt_schedule_9604
9604,12563,054 AC,3349,2692,11:37 PM,85020,unresolved,observed,nmmt_schedule_9604
9604,20781,054 AC,3349,2692,11:48 PM,85680,unresolved,observed,nmmt_schedule_9604
9604,20888,054 AC,3349,2692,11:55 PM,86100,unresolved,observed,nmmt_schedule_9604
9605,16621,044 AC,3323,3365,08:12 AM,29520,unresolved,observed,nmmt_schedule_9605
9605,16699,044 AC,3323,3365,08:45 AM,31500,unresolved,observed,nmmt_schedule_9605
9605,24422,044 AC,3323,3365,08:53 AM,31980,unresolved,observed,nmmt_schedule_9605
9605,16628,044 AC,3323,3365,09:12 AM,33120,unresolved,observed,nmmt_schedule_9605
9605,16636,044 AC,3323,3365,09:47 AM,35220,unresolved,observed,nmmt_schedule_9605
9605,24438,044 AC,3323,3365,09:57 AM,35820,unresolved,observed,nmmt_schedule_9605
9605,16643,044 AC,3323,3365,10:22 AM,37320,unresolved,observed,nmmt_schedule_9605
9605,24445,044 AC,3323,3365,10:52 AM,39120,unresolved,observed,nmmt_schedule_9605
9605,16650,044 AC,3323,3365,10:57 AM,39420,unresolved,observed,nmmt_schedule_9605
9605,24425,044 AC,3323,3365,11:47 AM,42420,unresolved,observed,nmmt_schedule_9605
9605,16658,044 AC,3323,3365,11:52 AM,42720,unresolved,observed,nmmt_schedule_9605
9605,16666,044 AC,3323,3365,03:47 PM,56820,unresolved,observed,nmmt_schedule_9605
9605,16671,044 AC,3323,3365,04:42 PM,60120,unresolved,observed,nmmt_schedule_9605
9605,24453,044 AC,3323,3365,04:52 PM,60720,unresolved,observed,nmmt_schedule_9605
9605,16679,044 AC,3323,3365,05:07 PM,61620,unresolved,observed,nmmt_schedule_9605
9605,16685,044 AC,3323,3365,05:42 PM,63720,unresolved,observed,nmmt_schedule_9605
9605,24459,044 AC,3323,3365,05:52 PM,64320,unresolved,observed,nmmt_schedule_9605
9605,16692,044 AC,3323,3365,06:13 PM,65580,unresolved,observed,nmmt_schedule_9605
9605,24478,044 AC,3323,3365,06:52 PM,67920,unresolved,observed,nmmt_schedule_9605
9605,16709,044 AC,3323,3365,07:02 PM,68520,unresolved,observed,nmmt_schedule_9605
9605,16717,044 AC,3323,3365,07:47 PM,71220,unresolved,observed,nmmt_schedule_9605
9606,16622,044 AC,3365,3323,09:20 AM,33600,unresolved,observed,nmmt_schedule_9606
9606,16698,044 AC,3365,3323,09:50 AM,35400,unresolved,observed,nmmt_schedule_9606
9606,24423,044 AC,3365,3323,10:10 AM,36600,unresolved,observed,nmmt_schedule_9606
9606,16629,044 AC,3365,3323,10:25 AM,37500,unresolved,observed,nmmt_schedule_9606
9606,16637,044 AC,3365,3323,10:55 AM,39300,unresolved,observed,nmmt_schedule_9606
9606,24439,044 AC,3365,3323,11:05 AM,39900,unresolved,observed,nmmt_schedule_9606
9606,16644,044 AC,3365,3323,11:30 AM,41400,unresolved,observed,nmmt_schedule_9606
9606,24446,044 AC,3365,3323,12:00 PM,43200,unresolved,observed,nmmt_schedule_9606
9606,16651,044 AC,3365,3323,12:05 PM,43500,unresolved,observed,nmmt_schedule_9606
9606,16659,044 AC,3365,3323,12:55 PM,46500,unresolved,observed,nmmt_schedule_9606
9606,16667,044 AC,3365,3323,05:10 PM,61800,unresolved,observed,nmmt_schedule_9606
9606,16672,044 AC,3365,3323,05:45 PM,63900,unresolved,observed,nmmt_schedule_9606
9606,24454,044 AC,3365,3323,06:05 PM,65100,unresolved,observed,nmmt_schedule_9606
9606,16680,044 AC,3365,3323,06:15 PM,65700,unresolved,observed,nmmt_schedule_9606
9606,16686,044 AC,3365,3323,06:50 PM,67800,unresolved,observed,nmmt_schedule_9606
9606,24461,044 AC,3365,3323,07:05 PM,68700,unresolved,observed,nmmt_schedule_9606
9606,16693,044 AC,3365,3323,07:35 PM,70500,unresolved,observed,nmmt_schedule_9606
9606,24479,044 AC,3365,3323,08:03 PM,72180,unresolved,observed,nmmt_schedule_9606
9606,16710,044 AC,3365,3323,08:20 PM,73200,unresolved,observed,nmmt_schedule_9606
9606,16718,044 AC,3365,3323,09:05 PM,75900,unresolved,observed,nmmt_schedule_9606
9607,22903,024 AC,3173,3359,08:25 AM,30300,unresolved,observed,nmmt_schedule_9607
9608,22904,024 AC,3251,2776,09:40 AM,34800,unresolved,observed,nmmt_schedule_9608
9609,22914,024 AC,3359,3173,06:30 PM,66600,unresolved,observed,nmmt_schedule_9609
9611,20297,056 AC,3477,3425,01:15 PM,47700,unresolved,observed,nmmt_schedule_9611
9611,13423,056 AC,3477,3425,01:17 PM,47820,unresolved,observed,nmmt_schedule_9611
9611,20383,056 AC,3477,3425,01:30 PM,48600,unresolved,observed,nmmt_schedule_9611
9611,13454,056 AC,3477,3425,01:41 PM,49260,unresolved,observed,nmmt_schedule_9611
9611,20424,056 AC,3477,3425,01:45 PM,49500,unresolved,observed,nmmt_schedule_9611
9611,20411,056 AC,3477,3425,02:00 PM,50400,unresolved,observed,nmmt_schedule_9611
9611,13485,056 AC,3477,3425,02:05 PM,50700,unresolved,observed,nmmt_schedule_9611
9611,20438,056 AC,3477,3425,02:22 PM,51720,unresolved,observed,nmmt_schedule_9611
9611,13498,056 AC,3477,3425,02:29 PM,52140,unresolved,observed,nmmt_schedule_9611
9611,20311,056 AC,3477,3425,02:37 PM,52620,unresolved,observed,nmmt_schedule_9611
9611,20327,056 AC,3477,3425,02:52 PM,53520,unresolved,observed,nmmt_schedule_9611
9611,13365,056 AC,3477,3425,02:53 PM,53580,unresolved,observed,nmmt_schedule_9611
9611,20340,056 AC,3477,3425,03:07 PM,54420,unresolved,observed,nmmt_schedule_9611
9611,13389,056 AC,3477,3425,09:51 PM,78660,unresolved,observed,nmmt_schedule_9611
9611,13403,056 AC,3477,3425,10:26 PM,80760,unresolved,observed,nmmt_schedule_9611
9611,13416,056 AC,3477,3425,10:44 PM,81840,unresolved,observed,nmmt_schedule_9611
9611,13472,056 AC,3477,3425,11:39 PM,85140,unresolved,observed,nmmt_schedule_9611
9612,16104,056 AC,3449,3425,02:19 PM,51540,unresolved,observed,nmmt_schedule_9612
9612,16122,056 AC,3449,3425,02:29 PM,52140,unresolved,observed,nmmt_schedule_9612
9613,16098,056 AC,3425,3449,12:50 PM,46200,unresolved,observed,nmmt_schedule_9613
9613,16117,056 AC,3425,3449,01:00 PM,46800,unresolved,observed,nmmt_schedule_9613
9613,16101,056 AC,3425,3449,01:47 PM,49620,unresolved,observed,nmmt_schedule_9613
9626,14339,050,2776,2540,11:05 PM,83100,unresolved,observed,nmmt_schedule_9626
9628,16384,050,2692,2908,04:05 AM,14700,unresolved,observed,nmmt_schedule_9628
9628,16387,050,2692,2908,04:30 AM,16200,unresolved,observed,nmmt_schedule_9628
9628,16393,050,2692,2908,05:00 AM,18000,unresolved,observed,nmmt_schedule_9628
9629,16395,050,2692,2776,05:05 AM,18300,unresolved,observed,nmmt_schedule_9629
9629,16404,050,2692,2776,05:30 AM,19800,unresolved,observed,nmmt_schedule_9629
9629,16408,050,2692,2776,05:55 AM,21300,unresolved,observed,nmmt_schedule_9629
9629,16414,050,2692,2776,06:20 AM,22800,unresolved,observed,nmmt_schedule_9629
9630,16443,050,2776,2692,10:07 PM,79620,unresolved,observed,nmmt_schedule_9630
9630,16448,050,2776,2692,10:35 PM,81300,unresolved,observed,nmmt_schedule_9630
9630,16453,050,2776,2692,10:57 PM,82620,unresolved,observed,nmmt_schedule_9630
9630,16458,050,2776,2692,11:27 PM,84420,unresolved,observed,nmmt_schedule_9630
9630,16463,050,2776,2692,11:52 PM,85920,unresolved,observed,nmmt_schedule_9630
9630,16465,050,2776,2692,12:17 AM,1020,unresolved,observed,nmmt_schedule_9630
9630,16469,050,2776,2692,12:47 AM,2820,unresolved,observed,nmmt_schedule_9630
9634,15783,007 AC,2765,3194,02:27 PM,52020,unresolved,observed,nmmt_schedule_9634
9634,15798,007 AC,2765,3194,03:07 PM,54420,unresolved,observed,nmmt_schedule_9634
9634,15807,007 AC,2765,3194,03:47 PM,56820,unresolved,observed,nmmt_schedule_9634
9634,15816,007 AC,2765,3194,04:37 PM,59820,unresolved,observed,nmmt_schedule_9634
9634,15822,007 AC,2765,3194,05:17 PM,62220,unresolved,observed,nmmt_schedule_9634
9634,15827,007 AC,2765,3194,06:05 PM,65100,unresolved,observed,nmmt_schedule_9634
9634,24940,007 AC,2765,3194,07:30 PM,70200,unresolved,observed,nmmt_schedule_9634
9634,13605,007 AC,2765,3194,11:05 PM,83100,unresolved,observed,nmmt_schedule_9634
9634,13613,007 AC,2765,3194,11:25 PM,84300,unresolved,observed,nmmt_schedule_9634
9637,14982,060 AC,4397,2907,12:50 AM,3000,unresolved,observed,nmmt_schedule_9637
9637,14979,060 AC,4397,2907,05:00 AM,18000,unresolved,observed,nmmt_schedule_9637
9638,18581,060 AC,3194,2719,11:00 PM,82800,unresolved,observed,nmmt_schedule_9638
9640,13589,046 AC,4814,2907,03:10 PM,54600,unresolved,observed,nmmt_schedule_9640
9640,16505,046 AC,4814,2907,09:47 PM,78420,unresolved,observed,nmmt_schedule_9640
9640,13601,046 AC,4814,2907,10:22 PM,80520,unresolved,observed,nmmt_schedule_9640
9640,13615,046 AC,4814,2907,08:57 AM,32220,unresolved,observed,nmmt_schedule_9640
9640,13619,046 AC,4814,2907,09:22 AM,33720,unresolved,observed,nmmt_schedule_9640
9641,16529,046 AC,3194,2907,08:57 AM,32220,unresolved,observed,nmmt_schedule_9641
9641,16474,046 AC,3194,2907,01:22 PM,48120,unresolved,observed,nmmt_schedule_9641
9641,13573,046 AC,3194,2907,01:52 PM,49920,unresolved,observed,nmmt_schedule_9641
9641,13590,046 AC,3194,2907,09:47 PM,78420,unresolved,observed,nmmt_schedule_9641
9642,13560,046 AC,2907,3194,05:50 AM,21000,unresolved,observed,nmmt_schedule_9642
9642,13566,046 AC,2907,3194,06:10 AM,22200,unresolved,observed,nmmt_schedule_9642
9642,13574,046 AC,2907,3194,06:40 AM,24000,unresolved,observed,nmmt_schedule_9642
9642,13578,046 AC,2907,3194,07:10 AM,25800,unresolved,observed,nmmt_schedule_9642
9642,13588,046 AC,2907,3194,07:45 AM,27900,unresolved,observed,nmmt_schedule_9642
9642,13596,046 AC,2907,3194,03:00 PM,54000,unresolved,observed,nmmt_schedule_9642
9642,13603,046 AC,2907,3194,04:42 PM,60120,unresolved,observed,nmmt_schedule_9642
9642,13608,046 AC,2907,3194,05:12 PM,61920,unresolved,observed,nmmt_schedule_9642
9642,13616,046 AC,2907,3194,06:42 PM,67320,unresolved,observed,nmmt_schedule_9642
9642,13620,046 AC,2907,3194,07:22 PM,69720,unresolved,observed,nmmt_schedule_9642
9643,16504,046 AC,4486,2540,08:00 PM,72000,unresolved,observed,nmmt_schedule_9643
9643,13599,046 AC,4486,2540,08:40 PM,74400,unresolved,observed,nmmt_schedule_9643
9644,15015,041 AC,2907,4814,04:45 AM,17100,unresolved,observed,nmmt_schedule_9644
9644,15017,041 AC,2907,4814,05:15 AM,18900,unresolved,observed,nmmt_schedule_9644
9644,15022,041 AC,2907,4814,05:40 AM,20400,unresolved,observed,nmmt_schedule_9644
9644,15030,041 AC,2907,4814,06:10 AM,22200,unresolved,observed,nmmt_schedule_9644
9644,15034,041 AC,2907,4814,06:30 AM,23400,unresolved,observed,nmmt_schedule_9644
9644,15037,041 AC,2907,4814,07:00 AM,25200,unresolved,observed,nmmt_schedule_9644
9644,15042,041 AC,2907,4814,07:35 AM,27300,unresolved,observed,nmmt_schedule_9644
9646,15014,041 AC,2540,3031,04:55 AM,17700,unresolved,observed,nmmt_schedule_9646
9646,15019,041 AC,2540,3031,05:25 AM,19500,unresolved,observed,nmmt_schedule_9646
9646,15025,041 AC,2540,3031,05:50 AM,21000,unresolved,observed,nmmt_schedule_9646
9646,15031,041 AC,2540,3031,06:20 AM,22800,unresolved,observed,nmmt_schedule_9646
9646,15035,041 AC,2540,3031,06:40 AM,24000,unresolved,observed,nmmt_schedule_9646
9646,15038,041 AC,2540,3031,07:10 AM,25800,unresolved,observed,nmmt_schedule_9646
9646,15043,041 AC,2540,3031,07:45 AM,27900,unresolved,observed,nmmt_schedule_9646
9646,15012,041 AC,2540,3031,08:20 AM,30000,unresolved,observed,nmmt_schedule_9646
9646,15018,041 AC,2540,3031,08:55 AM,32100,unresolved,observed,nmmt_schedule_9646
9646,15024,041 AC,2540,3031,09:30 AM,34200,unresolved,observed,nmmt_schedule_9646
9646,15028,041 AC,2540,3031,10:05 AM,36300,unresolved,observed,nmmt_schedule_9646
9646,15032,041 AC,2540,3031,10:40 AM,38400,unresolved,observed,nmmt_schedule_9646
9646,15039,041 AC,2540,3031,11:15 AM,40500,unresolved,observed,nmmt_schedule_9646
9646,15046,041 AC,2540,3031,12:00 PM,43200,unresolved,observed,nmmt_schedule_9646
9646,15047,041 AC,2540,3031,12:45 PM,45900,unresolved,observed,nmmt_schedule_9646
9646,15052,041 AC,2540,3031,01:30 PM,48600,unresolved,observed,nmmt_schedule_9646
9646,15058,041 AC,2540,3031,02:10 PM,51000,unresolved,observed,nmmt_schedule_9646
9646,15063,041 AC,2540,3031,02:50 PM,53400,unresolved,observed,nmmt_schedule_9646
9646,15069,041 AC,2540,3031,03:30 PM,55800,unresolved,observed,nmmt_schedule_9646
9646,15074,041 AC,2540,3031,04:05 PM,57900,unresolved,observed,nmmt_schedule_9646
9646,15049,041 AC,2540,3031,04:45 PM,60300,unresolved,observed,nmmt_schedule_9646
9646,15080,041 AC,2540,3031,05:20 PM,62400,unresolved,observed,nmmt_schedule_9646
9646,15054,041 AC,2540,3031,05:55 PM,64500,unresolved,observed,nmmt_schedule_9646
9646,15059,041 AC,2540,3031,06:30 PM,66600,unresolved,observed,nmmt_schedule_9646
9646,15062,041 AC,2540,3031,07:15 PM,69300,unresolved,observed,nmmt_schedule_9646
9646,15071,041 AC,2540,3031,08:00 PM,72000,unresolved,observed,nmmt_schedule_9646
9646,15076,041 AC,2540,3031,08:50 PM,75000,unresolved,observed,nmmt_schedule_9646
9646,15077,041 AC,2540,3031,09:45 PM,78300,unresolved,observed,nmmt_schedule_9646
9653,12974,011 AC,2907,3173,05:03 AM,18180,unresolved,observed,nmmt_schedule_9653
9653,14991,011 AC,2907,3173,05:50 AM,21000,unresolved,observed,nmmt_schedule_9653
9653,14998,011 AC,2907,3173,02:50 PM,53400,unresolved,observed,nmmt_schedule_9653
9653,15005,011 AC,2907,3173,03:57 PM,57420,unresolved,observed,nmmt_schedule_9653
9654,12973,011 AC,2880,2907,12:00 PM,43200,unresolved,observed,nmmt_schedule_9654
9654,12982,011 AC,2880,2907,01:00 PM,46800,unresolved,observed,nmmt_schedule_9654
9654,12987,011 AC,2880,2907,10:09 PM,79740,unresolved,observed,nmmt_schedule_9654
9654,12998,011 AC,2880,2907,11:32 PM,84720,unresolved,observed,nmmt_schedule_9654
9655,12975,011 AC,2907,2880,05:50 AM,21000,unresolved,observed,nmmt_schedule_9655
9655,12989,011 AC,2907,2880,02:50 PM,53400,unresolved,observed,nmmt_schedule_9655
9655,12991,011 AC,2907,2880,03:57 PM,57420,unresolved,observed,nmmt_schedule_9655
9656,21412,013 AC,2907,5115,06:15 AM,22500,unresolved,observed,nmmt_schedule_9656
9657,21414,013 AC,5116,2880,07:00 AM,25200,unresolved,observed,nmmt_schedule_9657
9658,21421,013 AC,2880,5115,11:35 AM,41700,unresolved,observed,nmmt_schedule_9658
9659,21425,013 AC,2880,2907,01:42 PM,49320,unresolved,observed,nmmt_schedule_9659
9661,21430,013 AC,2880,5116,05:20 PM,62400,unresolved,observed,nmmt_schedule_9661
9664,21437,013 AC,2907,4115,03:00 PM,54000,unresolved,observed,nmmt_schedule_9664
9666,14896,060 AC,4397,2540,05:25 AM,19500,unresolved,observed,nmmt_schedule_9666
9666,14899,060 AC,4397,2540,06:00 AM,21600,unresolved,observed,nmmt_schedule_9666
9666,14905,060 AC,4397,2540,06:40 AM,24000,unresolved,observed,nmmt_schedule_9666
9666,14909,060 AC,4397,2540,07:15 AM,26100,unresolved,observed,nmmt_schedule_9666
9666,18515,060 AC,4397,2540,07:20 AM,26400,unresolved,observed,nmmt_schedule_9666
9666,14913,060 AC,4397,2540,07:40 AM,27600,unresolved,observed,nmmt_schedule_9666
9666,18522,060 AC,4397,2540,07:55 AM,28500,unresolved,observed,nmmt_schedule_9666
9666,14917,060 AC,4397,2540,08:10 AM,29400,unresolved,observed,nmmt_schedule_9666
9666,14921,060 AC,4397,2540,08:35 AM,30900,unresolved,observed,nmmt_schedule_9666
9666,14926,060 AC,4397,2540,09:00 AM,32400,unresolved,observed,nmmt_schedule_9666
9666,18529,060 AC,4397,2540,09:10 AM,33000,unresolved,observed,nmmt_schedule_9666
9666,14897,060 AC,4397,2540,09:25 AM,33900,unresolved,observed,nmmt_schedule_9666
9666,18505,060 AC,4397,2540,09:40 AM,34800,unresolved,observed,nmmt_schedule_9666
9666,14900,060 AC,4397,2540,09:50 AM,35400,unresolved,observed,nmmt_schedule_9666
9666,14931,060 AC,4397,2540,10:10 AM,36600,unresolved,observed,nmmt_schedule_9666
9666,18507,060 AC,4397,2540,10:40 AM,38400,unresolved,observed,nmmt_schedule_9666
9666,14904,060 AC,4397,2540,10:45 AM,38700,unresolved,observed,nmmt_schedule_9666
9666,18514,060 AC,4397,2540,11:10 AM,40200,unresolved,observed,nmmt_schedule_9666
9666,14908,060 AC,4397,2540,11:15 AM,40500,unresolved,observed,nmmt_schedule_9666
9666,18517,060 AC,4397,2540,11:40 AM,42000,unresolved,observed,nmmt_schedule_9666
9666,14911,060 AC,4397,2540,11:45 AM,42300,unresolved,observed,nmmt_schedule_9666
9666,18520,060 AC,4397,2540,12:15 PM,44100,unresolved,observed,nmmt_schedule_9666
9666,14918,060 AC,4397,2540,12:20 PM,44400,unresolved,observed,nmmt_schedule_9666
9666,18526,060 AC,4397,2540,12:50 PM,46200,unresolved,observed,nmmt_schedule_9666
9666,14923,060 AC,4397,2540,12:55 PM,46500,unresolved,observed,nmmt_schedule_9666
9666,18530,060 AC,4397,2540,01:30 PM,48600,unresolved,observed,nmmt_schedule_9666
9666,14928,060 AC,4397,2540,01:35 PM,48900,unresolved,observed,nmmt_schedule_9666
9666,14933,060 AC,4397,2540,02:15 PM,51300,unresolved,observed,nmmt_schedule_9666
9666,14935,060 AC,4397,2540,02:55 PM,53700,unresolved,observed,nmmt_schedule_9666
9666,14940,060 AC,4397,2540,03:35 PM,56100,unresolved,observed,nmmt_schedule_9666
9666,18544,060 AC,4397,2540,03:40 PM,56400,unresolved,observed,nmmt_schedule_9666
9666,14945,060 AC,4397,2540,04:20 PM,58800,unresolved,observed,nmmt_schedule_9666
9666,18557,060 AC,4397,2540,05:00 PM,61200,unresolved,observed,nmmt_schedule_9666
9666,14950,060 AC,4397,2540,05:05 PM,61500,unresolved,observed,nmmt_schedule_9666
9666,14955,060 AC,4397,2540,05:35 PM,63300,unresolved,observed,nmmt_schedule_9666
9666,18560,060 AC,4397,2540,05:40 PM,63600,unresolved,observed,nmmt_schedule_9666
9666,14960,060 AC,4397,2540,06:05 PM,65100,unresolved,observed,nmmt_schedule_9666
9666,18563,060 AC,4397,2540,06:15 PM,65700,unresolved,observed,nmmt_schedule_9666
9666,14965,060 AC,4397,2540,06:35 PM,66900,unresolved,observed,nmmt_schedule_9666
9666,18569,060 AC,4397,2540,06:55 PM,68100,unresolved,observed,nmmt_schedule_9666
9666,14970,060 AC,4397,2540,07:10 PM,69000,unresolved,observed,nmmt_schedule_9666
9666,14976,060 AC,4397,2540,07:35 PM,70500,unresolved,observed,nmmt_schedule_9666
9666,14938,060 AC,4397,2540,08:05 PM,72300,unresolved,observed,nmmt_schedule_9666
9666,14942,060 AC,4397,2540,08:35 PM,74100,unresolved,observed,nmmt_schedule_9666
9666,18551,060 AC,4397,2540,09:05 PM,75900,unresolved,observed,nmmt_schedule_9666
9666,14952,060 AC,4397,2540,09:45 PM,78300,unresolved,observed,nmmt_schedule_9666
9666,14957,060 AC,4397,2540,10:20 PM,80400,unresolved,observed,nmmt_schedule_9666
9666,18562,060 AC,4397,2540,10:30 PM,81000,unresolved,observed,nmmt_schedule_9666
9666,14962,060 AC,4397,2540,10:50 PM,82200,unresolved,observed,nmmt_schedule_9666
9666,18566,060 AC,4397,2540,11:05 PM,83100,unresolved,observed,nmmt_schedule_9666
9666,14968,060 AC,4397,2540,11:20 PM,84000,unresolved,observed,nmmt_schedule_9666
9666,18571,060 AC,4397,2540,11:50 PM,85800,unresolved,observed,nmmt_schedule_9666
9666,14972,060 AC,4397,2540,11:55 PM,86100,unresolved,observed,nmmt_schedule_9666
9666,14978,060 AC,4397,2540,12:30 AM,1800,unresolved,observed,nmmt_schedule_9666
9667,14937,060 AC,2540,2907,10:07 PM,79620,unresolved,observed,nmmt_schedule_9667
9667,14943,060 AC,2540,2907,10:37 PM,81420,unresolved,observed,nmmt_schedule_9667
9667,18552,060 AC,2540,2907,11:07 PM,83220,unresolved,observed,nmmt_schedule_9667
9667,14946,060 AC,2540,2907,11:47 PM,85620,unresolved,observed,nmmt_schedule_9667
9667,14958,060 AC,2540,2907,12:17 AM,1020,unresolved,observed,nmmt_schedule_9667
9667,18561,060 AC,2540,2907,12:27 AM,1620,unresolved,observed,nmmt_schedule_9667
9667,14963,060 AC,2540,2907,12:47 AM,2820,unresolved,observed,nmmt_schedule_9667
9667,18567,060 AC,2540,2907,12:57 AM,3420,unresolved,observed,nmmt_schedule_9667
9667,14967,060 AC,2540,2907,01:07 AM,4020,unresolved,observed,nmmt_schedule_9667
9667,14973,060 AC,2540,2907,01:27 AM,5220,unresolved,observed,nmmt_schedule_9667
9667,18572,060 AC,2540,2907,01:32 AM,5520,unresolved,observed,nmmt_schedule_9667
9667,14975,060 AC,2540,2907,01:57 AM,7020,unresolved,observed,nmmt_schedule_9667
9670,22349,045 AC,3448,5230,06:18 AM,22680,unresolved,observed,nmmt_schedule_9670
9670,22360,045 AC,3448,5230,06:48 AM,24480,unresolved,observed,nmmt_schedule_9670
9670,22367,045 AC,3448,5230,07:18 AM,26280,unresolved,observed,nmmt_schedule_9670
9670,22351,045 AC,3448,5230,07:44 AM,27840,unresolved,observed,nmmt_schedule_9670
9670,22378,045 AC,3448,5230,07:59 AM,28740,unresolved,observed,nmmt_schedule_9670
9670,22364,045 AC,3448,5230,08:14 AM,29640,unresolved,observed,nmmt_schedule_9670
9670,22391,045 AC,3448,5230,08:28 AM,30480,unresolved,observed,nmmt_schedule_9670
9670,22376,045 AC,3448,5230,08:44 AM,31440,unresolved,observed,nmmt_schedule_9670
9670,22399,045 AC,3448,5230,08:57 AM,32220,unresolved,observed,nmmt_schedule_9670
9670,22408,045 AC,3448,5230,09:11 AM,33060,unresolved,observed,nmmt_schedule_9670
9670,22385,045 AC,3448,5230,09:26 AM,33960,unresolved,observed,nmmt_schedule_9670
9670,22413,045 AC,3448,5230,09:40 AM,34800,unresolved,observed,nmmt_schedule_9670
9670,22388,045 AC,3448,5230,09:54 AM,35640,unresolved,observed,nmmt_schedule_9670
9670,22353,045 AC,3448,5230,10:09 AM,36540,unresolved,observed,nmmt_schedule_9670
9670,22397,045 AC,3448,5230,10:23 AM,37380,unresolved,observed,nmmt_schedule_9670
9670,22412,045 AC,3448,5230,10:37 AM,38220,unresolved,observed,nmmt_schedule_9670
9670,22373,045 AC,3448,5230,10:52 AM,39120,unresolved,observed,nmmt_schedule_9670
9670,22419,045 AC,3448,5230,11:06 AM,39960,unresolved,observed,nmmt_schedule_9670
9670,22386,045 AC,3448,5230,11:20 AM,40800,unresolved,observed,nmmt_schedule_9670
9670,22354,045 AC,3448,5230,11:35 AM,41700,unresolved,observed,nmmt_schedule_9670
9670,22363,045 AC,3448,5230,11:49 AM,42540,unresolved,observed,nmmt_schedule_9670
9670,22393,045 AC,3448,5230,12:03 PM,43380,unresolved,observed,nmmt_schedule_9670
9670,22372,045 AC,3448,5230,12:18 PM,44280,unresolved,observed,nmmt_schedule_9670
9670,22420,045 AC,3448,5230,12:32 PM,45120,unresolved,observed,nmmt_schedule_9670
9670,22383,045 AC,3448,5230,12:51 PM,46260,unresolved,observed,nmmt_schedule_9670
9670,22409,045 AC,3448,5230,01:13 PM,47580,unresolved,observed,nmmt_schedule_9670
9670,22396,045 AC,3448,5230,01:34 PM,48840,unresolved,observed,nmmt_schedule_9670
9670,22401,045 AC,3448,5230,01:56 PM,50160,unresolved,observed,nmmt_schedule_9670
9670,22421,045 AC,3448,5230,02:17 PM,51420,unresolved,observed,nmmt_schedule_9670
9670,22411,045 AC,3448,5230,02:39 PM,52740,unresolved,observed,nmmt_schedule_9670
9670,22434,045 AC,3448,5230,02:50 PM,53400,unresolved,observed,nmmt_schedule_9670
9670,22417,045 AC,3448,5230,03:00 PM,54000,unresolved,observed,nmmt_schedule_9670
9670,22443,045 AC,3448,5230,03:22 PM,55320,unresolved,observed,nmmt_schedule_9670
9670,22424,045 AC,3448,5230,03:43 PM,56580,unresolved,observed,nmmt_schedule_9670
9670,22453,045 AC,3448,5230,04:05 PM,57900,unresolved,observed,nmmt_schedule_9670
9670,22457,045 AC,3448,5230,04:20 PM,58800,unresolved,observed,nmmt_schedule_9670
9670,22432,045 AC,3448,5230,04:34 PM,59640,unresolved,observed,nmmt_schedule_9670
9670,22438,045 AC,3448,5230,04:48 PM,60480,unresolved,observed,nmmt_schedule_9670
9670,22472,045 AC,3448,5230,05:05 PM,61500,unresolved,observed,nmmt_schedule_9670
9670,22447,045 AC,3448,5230,05:31 PM,63060,unresolved,observed,nmmt_schedule_9670
9670,22426,045 AC,3448,5230,05:46 PM,63960,unresolved,observed,nmmt_schedule_9670
9670,22473,045 AC,3448,5230,06:00 PM,64800,unresolved,observed,nmmt_schedule_9670
9670,22435,045 AC,3448,5230,06:14 PM,65640,unresolved,observed,nmmt_schedule_9670
9670,22466,045 AC,3448,5230,06:29 PM,66540,unresolved,observed,nmmt_schedule_9670
9670,22459,045 AC,3448,5230,06:43 PM,67380,unresolved,observed,nmmt_schedule_9670
9670,22440,045 AC,3448,5230,06:57 PM,68220,unresolved,observed,nmmt_schedule_9670
9670,22427,045 AC,3448,5230,07:12 PM,69120,unresolved,observed,nmmt_schedule_9670
9670,22475,045 AC,3448,5230,07:26 PM,69960,unresolved,observed,nmmt_schedule_9670
9670,22449,045 AC,3448,5230,07:40 PM,70800,unresolved,observed,nmmt_schedule_9670
9670,22468,045 AC,3448,5230,07:55 PM,71700,unresolved,observed,nmmt_schedule_9670
9670,22461,045 AC,3448,5230,08:09 PM,72540,unresolved,observed,nmmt_schedule_9670
9670,22442,045 AC,3448,5230,08:23 PM,73380,unresolved,observed,nmmt_schedule_9670
9670,22429,045 AC,3448,5230,08:38 PM,74280,unresolved,observed,nmmt_schedule_9670
9670,22477,045 AC,3448,5230,08:52 PM,75120,unresolved,observed,nmmt_schedule_9670
9670,22451,045 AC,3448,5230,09:09 PM,76140,unresolved,observed,nmmt_schedule_9670
9670,22470,045 AC,3448,5230,09:27 PM,77220,unresolved,observed,nmmt_schedule_9670
9670,22463,045 AC,3448,5230,09:43 PM,78180,unresolved,observed,nmmt_schedule_9670
9670,22446,045 AC,3448,5230,09:55 PM,78900,unresolved,observed,nmmt_schedule_9670
9670,22479,045 AC,3448,5230,10:20 PM,80400,unresolved,observed,nmmt_schedule_9670
9670,22456,045 AC,3448,5230,10:40 PM,81600,unresolved,observed,nmmt_schedule_9670
9671,22358,045 AC,5230,3448,05:35 AM,20100,unresolved,observed,nmmt_schedule_9671
9671,22359,045 AC,5230,3448,06:05 AM,21900,unresolved,observed,nmmt_schedule_9671
9671,22369,045 AC,5230,3448,06:35 AM,23700,unresolved,observed,nmmt_schedule_9671
9671,22350,045 AC,5230,3448,07:01 AM,25260,unresolved,observed,nmmt_schedule_9671
9671,22380,045 AC,5230,3448,07:16 AM,26160,unresolved,observed,nmmt_schedule_9671
9671,22365,045 AC,5230,3448,07:31 AM,27060,unresolved,observed,nmmt_schedule_9671
9671,22390,045 AC,5230,3448,07:45 AM,27900,unresolved,observed,nmmt_schedule_9671
9671,22368,045 AC,5230,3448,08:01 AM,28860,unresolved,observed,nmmt_schedule_9671
9671,22398,045 AC,5230,3448,08:15 AM,29700,unresolved,observed,nmmt_schedule_9671
9671,22352,045 AC,5230,3448,08:28 AM,30480,unresolved,observed,nmmt_schedule_9671
9671,22377,045 AC,5230,3448,08:44 AM,31440,unresolved,observed,nmmt_schedule_9671
9671,22362,045 AC,5230,3448,08:57 AM,32220,unresolved,observed,nmmt_schedule_9671
9671,22392,045 AC,5230,3448,09:11 AM,33060,unresolved,observed,nmmt_schedule_9671
9671,22370,045 AC,5230,3448,09:26 AM,33960,unresolved,observed,nmmt_schedule_9671
9671,22403,045 AC,5230,3448,09:40 AM,34800,unresolved,observed,nmmt_schedule_9671
9671,22406,045 AC,5230,3448,09:54 AM,35640,unresolved,observed,nmmt_schedule_9671
9671,22381,045 AC,5230,3448,10:09 AM,36540,unresolved,observed,nmmt_schedule_9671
9671,22414,045 AC,5230,3448,10:23 AM,37380,unresolved,observed,nmmt_schedule_9671
9671,22389,045 AC,5230,3448,10:37 AM,38220,unresolved,observed,nmmt_schedule_9671
9671,22356,045 AC,5230,3448,10:52 AM,39120,unresolved,observed,nmmt_schedule_9671
9671,22404,045 AC,5230,3448,11:06 AM,39960,unresolved,observed,nmmt_schedule_9671
9671,22405,045 AC,5230,3448,11:20 AM,40800,unresolved,observed,nmmt_schedule_9671
9671,22371,045 AC,5230,3448,11:35 AM,41700,unresolved,observed,nmmt_schedule_9671
9671,22415,045 AC,5230,3448,11:49 AM,42540,unresolved,observed,nmmt_schedule_9671
9671,22382,045 AC,5230,3448,12:03 PM,43380,unresolved,observed,nmmt_schedule_9671
9671,22355,045 AC,5230,3448,12:18 PM,44280,unresolved,observed,nmmt_schedule_9671
9671,22366,045 AC,5230,3448,12:32 PM,45120,unresolved,observed,nmmt_schedule_9671
9671,22395,045 AC,5230,3448,12:46 PM,45960,unresolved,observed,nmmt_schedule_9671
9671,22375,045 AC,5230,3448,01:01 PM,46860,unresolved,observed,nmmt_schedule_9671
9671,22416,045 AC,5230,3448,01:15 PM,47700,unresolved,observed,nmmt_schedule_9671
9671,22384,045 AC,5230,3448,01:34 PM,48840,unresolved,observed,nmmt_schedule_9671
9671,22410,045 AC,5230,3448,01:56 PM,50160,unresolved,observed,nmmt_schedule_9671
9671,22394,045 AC,5230,3448,02:17 PM,51420,unresolved,observed,nmmt_schedule_9671
9671,22402,045 AC,5230,3448,02:39 PM,52740,unresolved,observed,nmmt_schedule_9671
9671,22422,045 AC,5230,3448,03:00 PM,54000,unresolved,observed,nmmt_schedule_9671
9671,22407,045 AC,5230,3448,03:22 PM,55320,unresolved,observed,nmmt_schedule_9671
9671,22431,045 AC,5230,3448,03:33 PM,55980,unresolved,observed,nmmt_schedule_9671
9671,22418,045 AC,5230,3448,03:43 PM,56580,unresolved,observed,nmmt_schedule_9671
9671,22437,045 AC,5230,3448,04:05 PM,57900,unresolved,observed,nmmt_schedule_9671
9671,22425,045 AC,5230,3448,04:26 PM,59160,unresolved,observed,nmmt_schedule_9671
9671,22454,045 AC,5230,3448,04:48 PM,60480,unresolved,observed,nmmt_schedule_9671
9671,22458,045 AC,5230,3448,05:03 PM,61380,unresolved,observed,nmmt_schedule_9671
9671,22436,045 AC,5230,3448,05:17 PM,62220,unresolved,observed,nmmt_schedule_9671
9671,22439,045 AC,5230,3448,05:31 PM,63060,unresolved,observed,nmmt_schedule_9671
9671,22465,045 AC,5230,3448,05:46 PM,63960,unresolved,observed,nmmt_schedule_9671
9671,22448,045 AC,5230,3448,06:14 PM,65640,unresolved,observed,nmmt_schedule_9671
9671,22430,045 AC,5230,3448,06:29 PM,66540,unresolved,observed,nmmt_schedule_9671
9671,22474,045 AC,5230,3448,06:43 PM,67380,unresolved,observed,nmmt_schedule_9671
9671,22433,045 AC,5230,3448,06:57 PM,68220,unresolved,observed,nmmt_schedule_9671
9671,23794,045 AC,5230,3448,07:12 PM,69120,unresolved,observed,nmmt_schedule_9671
9671,22460,045 AC,5230,3448,07:26 PM,69960,unresolved,observed,nmmt_schedule_9671
9671,22441,045 AC,5230,3448,07:40 PM,70800,unresolved,observed,nmmt_schedule_9671
9671,22428,045 AC,5230,3448,07:55 PM,71700,unresolved,observed,nmmt_schedule_9671
9671,22476,045 AC,5230,3448,08:09 PM,72540,unresolved,observed,nmmt_schedule_9671
9671,22450,045 AC,5230,3448,08:23 PM,73380,unresolved,observed,nmmt_schedule_9671
9671,22469,045 AC,5230,3448,08:38 PM,74280,unresolved,observed,nmmt_schedule_9671
9671,22462,045 AC,5230,3448,08:55 PM,75300,unresolved,observed,nmmt_schedule_9671
9671,22445,045 AC,5230,3448,09:12 PM,76320,unresolved,observed,nmmt_schedule_9671
9671,22478,045 AC,5230,3448,09:35 PM,77700,unresolved,observed,nmmt_schedule_9671
9671,22455,045 AC,5230,3448,09:55 PM,78900,unresolved,observed,nmmt_schedule_9671
9671,22464,045 AC,5230,3448,10:25 PM,80700,unresolved,observed,nmmt_schedule_9671
9672,22357,045 AC,2692,5230,05:10 AM,18600,unresolved,observed,nmmt_schedule_9672
9672,22361,045 AC,2692,5230,05:40 AM,20400,unresolved,observed,nmmt_schedule_9672
9672,22374,045 AC,2692,5230,06:10 AM,22200,unresolved,observed,nmmt_schedule_9672
9672,22379,045 AC,2692,5230,06:48 AM,24480,unresolved,observed,nmmt_schedule_9672
9672,22387,045 AC,2692,5230,07:18 AM,26280,unresolved,observed,nmmt_schedule_9672
9672,22400,045 AC,2692,5230,07:48 AM,28080,unresolved,observed,nmmt_schedule_9672
9673,22423,045 AC,5230,2692,09:20 PM,76800,unresolved,observed,nmmt_schedule_9673
9673,22471,045 AC,5230,2692,10:10 PM,79800,unresolved,observed,nmmt_schedule_9673
9673,22444,045 AC,5230,2692,10:37 PM,81420,unresolved,observed,nmmt_schedule_9673
9673,22480,045 AC,5230,2692,11:02 PM,82920,unresolved,observed,nmmt_schedule_9673
9673,22452,045 AC,5230,2692,11:22 PM,84120,unresolved,observed,nmmt_schedule_9673
9674,25709,116 AC,2884,2777,07:55 AM,28500,unresolved,observed,nmmt_schedule_9674
9674,25728,116 AC,2884,2777,08:05 AM,29100,unresolved,observed,nmmt_schedule_9674
9674,25712,116 AC,2884,2777,04:07 PM,58020,unresolved,observed,nmmt_schedule_9674
9674,25719,116 AC,2884,2777,04:17 PM,58620,unresolved,observed,nmmt_schedule_9674
9675,25710,116 AC,2777,2884,09:53 AM,35580,unresolved,observed,nmmt_schedule_9675
9675,25725,116 AC,2777,2884,10:15 AM,36900,unresolved,observed,nmmt_schedule_9675
9675,25713,116 AC,2777,2884,06:15 PM,65700,unresolved,observed,nmmt_schedule_9675
9675,25720,116 AC,2777,2884,06:25 PM,66300,unresolved,observed,nmmt_schedule_9675
9680,16099,117 AC,3347,2777,07:40 AM,27600,unresolved,observed,nmmt_schedule_9680
9680,16116,117 AC,3347,2777,07:45 AM,27900,unresolved,observed,nmmt_schedule_9680
9681,16105,117 AC,2777,4595,06:10 PM,65400,unresolved,observed,nmmt_schedule_9681
9681,16113,117 AC,2777,4595,06:30 PM,66600,unresolved,observed,nmmt_schedule_9681
9682,16305,022 AC,2907,4562,04:42 AM,16920,unresolved,observed,nmmt_schedule_9682
9682,16312,022 AC,2907,4562,05:12 AM,18720,unresolved,observed,nmmt_schedule_9682
9682,20149,022 AC,2907,4562,05:24 AM,19440,unresolved,observed,nmmt_schedule_9682
9682,16315,022 AC,2907,4562,05:34 AM,20040,unresolved,observed,nmmt_schedule_9682
9684,17457,125AC,2907,4562,05:40 AM,20400,unresolved,observed,nmmt_schedule_9684
9684,17464,125AC,2907,4562,05:55 AM,21300,unresolved,observed,nmmt_schedule_9684
9684,17471,125AC,2907,4562,06:20 AM,22800,unresolved,observed,nmmt_schedule_9684
9684,17475,125AC,2907,4562,06:45 AM,24300,unresolved,observed,nmmt_schedule_9684
9684,17479,125AC,2907,4562,07:05 AM,25500,unresolved,observed,nmmt_schedule_9684
9684,17483,125AC,2907,4562,07:30 AM,27000,unresolved,observed,nmmt_schedule_9684
9684,17487,125AC,2907,4562,07:55 AM,28500,unresolved,observed,nmmt_schedule_9684
9684,17491,125AC,2907,4562,08:20 AM,30000,unresolved,observed,nmmt_schedule_9684
9684,17495,125AC,2907,4562,08:45 AM,31500,unresolved,observed,nmmt_schedule_9684
9684,17499,125AC,2907,4562,09:25 AM,33900,unresolved,observed,nmmt_schedule_9684
9684,17503,125AC,2907,4562,10:15 AM,36900,unresolved,observed,nmmt_schedule_9684
9684,17507,125AC,2907,4562,11:15 AM,40500,unresolved,observed,nmmt_schedule_9684
9684,17511,125AC,2907,4562,12:18 PM,44280,unresolved,observed,nmmt_schedule_9684
9684,17515,125AC,2907,4562,01:00 PM,46800,unresolved,observed,nmmt_schedule_9684
9684,17519,125AC,2907,4562,01:30 PM,48600,unresolved,observed,nmmt_schedule_9684
9684,17523,125AC,2907,4562,02:00 PM,50400,unresolved,observed,nmmt_schedule_9684
9684,17530,125AC,2907,4562,02:30 PM,52200,unresolved,observed,nmmt_schedule_9684
9684,17533,125AC,2907,4562,03:00 PM,54000,unresolved,observed,nmmt_schedule_9684
9684,17429,125AC,2907,4562,03:30 PM,55800,unresolved,observed,nmmt_schedule_9684
9684,17433,125AC,2907,4562,04:00 PM,57600,unresolved,observed,nmmt_schedule_9684
9684,17437,125AC,2907,4562,04:25 PM,59100,unresolved,observed,nmmt_schedule_9684
9684,17441,125AC,2907,4562,04:55 PM,60900,unresolved,observed,nmmt_schedule_9684
9684,17445,125AC,2907,4562,05:30 PM,63000,unresolved,observed,nmmt_schedule_9684
9684,17449,125AC,2907,4562,06:00 PM,64800,unresolved,observed,nmmt_schedule_9684
9684,17453,125AC,2907,4562,06:38 PM,67080,unresolved,observed,nmmt_schedule_9684
9685,17463,125AC,2644,2907,10:07 AM,36420,unresolved,observed,nmmt_schedule_9685
9685,17470,125AC,2644,2907,10:42 AM,38520,unresolved,observed,nmmt_schedule_9685
9685,17428,125AC,2644,2907,11:12 AM,40320,unresolved,observed,nmmt_schedule_9685
9685,17459,125AC,2644,2907,11:42 AM,42120,unresolved,observed,nmmt_schedule_9685
9685,17467,125AC,2644,2907,12:07 PM,43620,unresolved,observed,nmmt_schedule_9685
9685,17473,125AC,2644,2907,12:32 PM,45120,unresolved,observed,nmmt_schedule_9685
9685,17478,125AC,2644,2907,01:02 PM,46920,unresolved,observed,nmmt_schedule_9685
9685,17481,125AC,2644,2907,01:30 PM,48600,unresolved,observed,nmmt_schedule_9685
9685,17486,125AC,2644,2907,01:57 PM,50220,unresolved,observed,nmmt_schedule_9685
9685,17490,125AC,2644,2907,02:27 PM,52020,unresolved,observed,nmmt_schedule_9685
9685,17494,125AC,2644,2907,03:00 PM,54000,unresolved,observed,nmmt_schedule_9685
9685,17497,125AC,2644,2907,03:35 PM,56100,unresolved,observed,nmmt_schedule_9685
9685,17502,125AC,2644,2907,04:12 PM,58320,unresolved,observed,nmmt_schedule_9685
9685,17506,125AC,2644,2907,05:00 PM,61200,unresolved,observed,nmmt_schedule_9685
9685,17510,125AC,2644,2907,06:02 PM,64920,unresolved,observed,nmmt_schedule_9685
9685,17514,125AC,2644,2907,07:05 PM,68700,unresolved,observed,nmmt_schedule_9685
9685,17518,125AC,2644,2907,07:55 PM,71700,unresolved,observed,nmmt_schedule_9685
9685,17522,125AC,2644,2907,08:35 PM,74100,unresolved,observed,nmmt_schedule_9685
9685,17526,125AC,2644,2907,09:05 PM,75900,unresolved,observed,nmmt_schedule_9685
9685,17527,125AC,2644,2907,09:35 PM,77700,unresolved,observed,nmmt_schedule_9685
9685,17531,125AC,2644,2907,10:05 PM,79500,unresolved,observed,nmmt_schedule_9685
9685,17432,125AC,2644,2907,10:35 PM,81300,unresolved,observed,nmmt_schedule_9685
9685,17443,125AC,2644,2907,11:02 PM,82920,unresolved,observed,nmmt_schedule_9685
9685,17436,125AC,2644,2907,11:05 PM,83100,unresolved,observed,nmmt_schedule_9685
9685,17440,125AC,2644,2907,11:30 PM,84600,unresolved,observed,nmmt_schedule_9685
9686,16322,022 AC,3122,4562,05:50 AM,21000,unresolved,observed,nmmt_schedule_9686
9686,16330,022 AC,3122,4562,06:25 AM,23100,unresolved,observed,nmmt_schedule_9686
9686,16335,022 AC,3122,4562,07:00 AM,25200,unresolved,observed,nmmt_schedule_9686
9686,20101,022 AC,3122,4562,07:02 AM,25320,unresolved,observed,nmmt_schedule_9686
9686,16341,022 AC,3122,4562,07:25 AM,26700,unresolved,observed,nmmt_schedule_9686
9686,20107,022 AC,3122,4562,07:40 AM,27600,unresolved,observed,nmmt_schedule_9686
9686,16307,022 AC,3122,4562,08:10 AM,29400,unresolved,observed,nmmt_schedule_9686
9686,20085,022 AC,3122,4562,08:20 AM,30000,unresolved,observed,nmmt_schedule_9686
9686,16313,022 AC,3122,4562,08:40 AM,31200,unresolved,observed,nmmt_schedule_9686
9686,20147,022 AC,3122,4562,09:00 AM,32400,unresolved,observed,nmmt_schedule_9686
9686,16317,022 AC,3122,4562,09:15 AM,33300,unresolved,observed,nmmt_schedule_9686
9686,20092,022 AC,3122,4562,09:45 AM,35100,unresolved,observed,nmmt_schedule_9686
9686,16321,022 AC,3122,4562,09:50 AM,35400,unresolved,observed,nmmt_schedule_9686
9686,16327,022 AC,3122,4562,10:30 AM,37800,unresolved,observed,nmmt_schedule_9686
9686,16331,022 AC,3122,4562,11:10 AM,40200,unresolved,observed,nmmt_schedule_9686
9686,16337,022 AC,3122,4562,11:50 AM,42600,unresolved,observed,nmmt_schedule_9686
9686,16348,022 AC,3122,4562,01:20 PM,48000,unresolved,observed,nmmt_schedule_9686
9686,16354,022 AC,3122,4562,01:50 PM,49800,unresolved,observed,nmmt_schedule_9686
9686,20121,022 AC,3122,4562,02:15 PM,51300,unresolved,observed,nmmt_schedule_9686
9686,16360,022 AC,3122,4562,02:30 PM,52200,unresolved,observed,nmmt_schedule_9686
9686,20126,022 AC,3122,4562,03:00 PM,54000,unresolved,observed,nmmt_schedule_9686
9686,16366,022 AC,3122,4562,03:05 PM,54300,unresolved,observed,nmmt_schedule_9686
9686,16370,022 AC,3122,4562,03:40 PM,56400,unresolved,observed,nmmt_schedule_9686
9686,16376,022 AC,3122,4562,04:20 PM,58800,unresolved,observed,nmmt_schedule_9686
9686,16381,022 AC,3122,4562,04:55 PM,60900,unresolved,observed,nmmt_schedule_9686
9686,16345,022 AC,3122,4562,05:30 PM,63000,unresolved,observed,nmmt_schedule_9686
9686,20117,022 AC,3122,4562,05:37 PM,63420,unresolved,observed,nmmt_schedule_9686
9686,16351,022 AC,3122,4562,06:05 PM,65100,unresolved,observed,nmmt_schedule_9686
9686,20120,022 AC,3122,4562,06:25 PM,66300,unresolved,observed,nmmt_schedule_9686
9686,16357,022 AC,3122,4562,06:40 PM,67200,unresolved,observed,nmmt_schedule_9686
9686,20129,022 AC,3122,4562,07:10 PM,69000,unresolved,observed,nmmt_schedule_9686
9686,16363,022 AC,3122,4562,07:15 PM,69300,unresolved,observed,nmmt_schedule_9686
9686,16368,022 AC,3122,4562,07:53 PM,71580,unresolved,observed,nmmt_schedule_9686
9686,16373,022 AC,3122,4562,08:30 PM,73800,unresolved,observed,nmmt_schedule_9686
9686,16378,022 AC,3122,4562,09:00 PM,75600,unresolved,observed,nmmt_schedule_9686
9687,16304,022 AC,2644,3122,06:00 AM,21600,unresolved,observed,nmmt_schedule_9687
9687,16311,022 AC,2644,3122,06:30 AM,23400,unresolved,observed,nmmt_schedule_9687
9687,20150,022 AC,2644,3122,06:45 AM,24300,unresolved,observed,nmmt_schedule_9687
9687,16316,022 AC,2644,3122,06:55 AM,24900,unresolved,observed,nmmt_schedule_9687
9687,16320,022 AC,2644,3122,07:28 AM,26880,unresolved,observed,nmmt_schedule_9687
9687,16326,022 AC,2644,3122,08:04 AM,29040,unresolved,observed,nmmt_schedule_9687
9687,16336,022 AC,2644,3122,08:42 AM,31320,unresolved,observed,nmmt_schedule_9687
9687,16339,022 AC,2644,3122,09:05 AM,32700,unresolved,observed,nmmt_schedule_9687
9687,20109,022 AC,2644,3122,09:21 AM,33660,unresolved,observed,nmmt_schedule_9687
9687,16308,022 AC,2644,3122,09:55 AM,35700,unresolved,observed,nmmt_schedule_9687
9687,20086,022 AC,2644,3122,10:05 AM,36300,unresolved,observed,nmmt_schedule_9687
9687,16309,022 AC,2644,3122,10:25 AM,37500,unresolved,observed,nmmt_schedule_9687
9687,20151,022 AC,2644,3122,10:45 AM,38700,unresolved,observed,nmmt_schedule_9687
9687,16318,022 AC,2644,3122,11:00 AM,39600,unresolved,observed,nmmt_schedule_9687
9687,20093,022 AC,2644,3122,11:30 AM,41400,unresolved,observed,nmmt_schedule_9687
9687,16324,022 AC,2644,3122,11:35 AM,41700,unresolved,observed,nmmt_schedule_9687
9687,16328,022 AC,2644,3122,12:15 PM,44100,unresolved,observed,nmmt_schedule_9687
9687,16333,022 AC,2644,3122,12:55 PM,46500,unresolved,observed,nmmt_schedule_9687
9687,16340,022 AC,2644,3122,01:35 PM,48900,unresolved,observed,nmmt_schedule_9687
9687,16344,022 AC,2644,3122,03:05 PM,54300,unresolved,observed,nmmt_schedule_9687
9687,16350,022 AC,2644,3122,03:35 PM,56100,unresolved,observed,nmmt_schedule_9687
9687,20119,022 AC,2644,3122,04:00 PM,57600,unresolved,observed,nmmt_schedule_9687
9687,16356,022 AC,2644,3122,04:13 PM,58380,unresolved,observed,nmmt_schedule_9687
9687,20128,022 AC,2644,3122,04:45 PM,60300,unresolved,observed,nmmt_schedule_9687
9687,16362,022 AC,2644,3122,04:50 PM,60600,unresolved,observed,nmmt_schedule_9687
9687,16372,022 AC,2644,3122,05:23 PM,62580,unresolved,observed,nmmt_schedule_9687
9687,20135,022 AC,2644,3122,05:25 PM,62700,unresolved,observed,nmmt_schedule_9687
9687,16375,022 AC,2644,3122,06:08 PM,65280,unresolved,observed,nmmt_schedule_9687
9687,16380,022 AC,2644,3122,06:41 PM,67260,unresolved,observed,nmmt_schedule_9687
9687,16346,022 AC,2644,3122,07:18 PM,69480,unresolved,observed,nmmt_schedule_9687
9687,20118,022 AC,2644,3122,07:25 PM,69900,unresolved,observed,nmmt_schedule_9687
9687,16352,022 AC,2644,3122,07:53 PM,71580,unresolved,observed,nmmt_schedule_9687
9687,20124,022 AC,2644,3122,08:13 PM,72780,unresolved,observed,nmmt_schedule_9687
9687,16358,022 AC,2644,3122,08:28 PM,73680,unresolved,observed,nmmt_schedule_9687
9687,20130,022 AC,2644,3122,08:58 PM,75480,unresolved,observed,nmmt_schedule_9687
9687,16364,022 AC,2644,3122,09:03 PM,75780,unresolved,observed,nmmt_schedule_9687
9687,16369,022 AC,2644,3122,09:40 PM,78000,unresolved,observed,nmmt_schedule_9687
9688,16377,022 AC,2644,2907,10:15 PM,80100,unresolved,observed,nmmt_schedule_9688
9688,16382,022 AC,2644,2907,10:43 PM,81780,unresolved,observed,nmmt_schedule_9688
9689,24953,007 AC,3194,2765,12:12 PM,43920,unresolved,observed,nmmt_schedule_9689
9689,13602,007 AC,3194,2765,10:20 PM,80400,unresolved,observed,nmmt_schedule_9689
9689,16526,007 AC,3194,2765,10:45 PM,81900,unresolved,observed,nmmt_schedule_9689
9693,12557,106 AC,2692,2776,07:20 AM,26400,unresolved,observed,nmmt_schedule_9693
9694,12556,106 AC,2777,3448,10:05 AM,36300,unresolved,observed,nmmt_schedule_9694
9695,16047,043 AC,3448,3986,12:00 AM,0,unresolved,observed,nmmt_schedule_9695
9695,15955,043 AC,3448,3986,06:27 AM,23220,unresolved,observed,nmmt_schedule_9695
9695,15961,043 AC,3448,3986,06:58 AM,25080,unresolved,observed,nmmt_schedule_9695
9695,15974,043 AC,3448,3986,07:28 AM,26880,unresolved,observed,nmmt_schedule_9695
9695,15957,043 AC,3448,3986,07:58 AM,28680,unresolved,observed,nmmt_schedule_9695
9695,15982,043 AC,3448,3986,08:13 AM,29580,unresolved,observed,nmmt_schedule_9695
9695,15963,043 AC,3448,3986,08:27 AM,30420,unresolved,observed,nmmt_schedule_9695
9695,15999,043 AC,3448,3986,08:43 AM,31380,unresolved,observed,nmmt_schedule_9695
9695,15976,043 AC,3448,3986,08:58 AM,32280,unresolved,observed,nmmt_schedule_9695
9695,16003,043 AC,3448,3986,09:13 AM,33180,unresolved,observed,nmmt_schedule_9695
9695,15981,043 AC,3448,3986,09:43 AM,34980,unresolved,observed,nmmt_schedule_9695
9695,16016,043 AC,3448,3986,09:58 AM,35880,unresolved,observed,nmmt_schedule_9695
9695,15998,043 AC,3448,3986,10:13 AM,36780,unresolved,observed,nmmt_schedule_9695
9695,15964,043 AC,3448,3986,10:30 AM,37800,unresolved,observed,nmmt_schedule_9695
9695,16002,043 AC,3448,3986,10:43 AM,38580,unresolved,observed,nmmt_schedule_9695
9695,15959,043 AC,3448,3986,10:58 AM,39480,unresolved,observed,nmmt_schedule_9695
9695,15971,043 AC,3448,3986,11:13 AM,40380,unresolved,observed,nmmt_schedule_9695
9695,16018,043 AC,3448,3986,11:26 AM,41160,unresolved,observed,nmmt_schedule_9695
9695,15929,043 AC,3448,3986,11:43 AM,42180,unresolved,observed,nmmt_schedule_9695
9695,15966,043 AC,3448,3986,11:58 AM,43080,unresolved,observed,nmmt_schedule_9695
9695,15985,043 AC,3448,3986,12:15 PM,44100,unresolved,observed,nmmt_schedule_9695
9695,16000,043 AC,3448,3986,12:30 PM,45000,unresolved,observed,nmmt_schedule_9695
9695,15978,043 AC,3448,3986,12:50 PM,46200,unresolved,observed,nmmt_schedule_9695
9695,16001,043 AC,3448,3986,01:10 PM,47400,unresolved,observed,nmmt_schedule_9695
9695,16014,043 AC,3448,3986,01:30 PM,48600,unresolved,observed,nmmt_schedule_9695
9695,19744,043 AC,3448,3986,01:41 PM,49260,unresolved,observed,nmmt_schedule_9695
9695,15990,043 AC,3448,3986,01:42 PM,49320,unresolved,observed,nmmt_schedule_9695
9695,15994,043 AC,3448,3986,02:00 PM,50400,unresolved,observed,nmmt_schedule_9695
9695,15928,043 AC,3448,3986,02:22 PM,51720,unresolved,observed,nmmt_schedule_9695
9695,16007,043 AC,3448,3986,02:38 PM,52680,unresolved,observed,nmmt_schedule_9695
9695,16012,043 AC,3448,3986,02:58 PM,53880,unresolved,observed,nmmt_schedule_9695
9695,15936,043 AC,3448,3986,03:15 PM,54900,unresolved,observed,nmmt_schedule_9695
9695,15950,043 AC,3448,3986,03:30 PM,55800,unresolved,observed,nmmt_schedule_9695
9695,15931,043 AC,3448,3986,03:52 PM,57120,unresolved,observed,nmmt_schedule_9695
9695,16023,043 AC,3448,3986,04:08 PM,58080,unresolved,observed,nmmt_schedule_9695
9695,19778,043 AC,3448,3986,04:15 PM,58500,unresolved,observed,nmmt_schedule_9695
9695,16031,043 AC,3448,3986,04:20 PM,58800,unresolved,observed,nmmt_schedule_9695
9695,16038,043 AC,3448,3986,04:40 PM,60000,unresolved,observed,nmmt_schedule_9695
9695,19788,043 AC,3448,3986,04:50 PM,60600,unresolved,observed,nmmt_schedule_9695
9695,15942,043 AC,3448,3986,04:53 PM,60780,unresolved,observed,nmmt_schedule_9695
9695,19800,043 AC,3448,3986,05:08 PM,61680,unresolved,observed,nmmt_schedule_9695
9695,15934,043 AC,3448,3986,05:21 PM,62460,unresolved,observed,nmmt_schedule_9695
9695,16020,043 AC,3448,3986,05:38 PM,63480,unresolved,observed,nmmt_schedule_9695
9695,19780,043 AC,3448,3986,05:44 PM,63840,unresolved,observed,nmmt_schedule_9695
9695,16030,043 AC,3448,3986,05:49 PM,64140,unresolved,observed,nmmt_schedule_9695
9695,16040,043 AC,3448,3986,06:08 PM,65280,unresolved,observed,nmmt_schedule_9695
9695,19793,043 AC,3448,3986,06:20 PM,66000,unresolved,observed,nmmt_schedule_9695
9695,19802,043 AC,3448,3986,06:38 PM,67080,unresolved,observed,nmmt_schedule_9695
9695,16056,043 AC,3448,3986,06:53 PM,67980,unresolved,observed,nmmt_schedule_9695
9695,15939,043 AC,3448,3986,07:08 PM,68880,unresolved,observed,nmmt_schedule_9695
9695,15949,043 AC,3448,3986,07:23 PM,69780,unresolved,observed,nmmt_schedule_9695
9695,16042,043 AC,3448,3986,07:38 PM,70680,unresolved,observed,nmmt_schedule_9695
9695,16028,043 AC,3448,3986,07:53 PM,71580,unresolved,observed,nmmt_schedule_9695
9695,16032,043 AC,3448,3986,08:08 PM,72480,unresolved,observed,nmmt_schedule_9695
9695,16058,043 AC,3448,3986,08:23 PM,73380,unresolved,observed,nmmt_schedule_9695
9695,19783,043 AC,3448,3986,08:26 PM,73560,unresolved,observed,nmmt_schedule_9695
9695,15940,043 AC,3448,3986,08:38 PM,74280,unresolved,observed,nmmt_schedule_9695
9695,19790,043 AC,3448,3986,08:44 PM,74640,unresolved,observed,nmmt_schedule_9695
9695,15951,043 AC,3448,3986,08:53 PM,75180,unresolved,observed,nmmt_schedule_9695
9695,19804,043 AC,3448,3986,09:02 PM,75720,unresolved,observed,nmmt_schedule_9695
9695,16051,043 AC,3448,3986,09:08 PM,76080,unresolved,observed,nmmt_schedule_9695
9695,16025,043 AC,3448,3986,09:23 PM,76980,unresolved,observed,nmmt_schedule_9695
9695,16035,043 AC,3448,3986,09:36 PM,77760,unresolved,observed,nmmt_schedule_9695
9695,24599,043 AC,3448,3986,09:44 PM,78240,unresolved,observed,nmmt_schedule_9695
9695,16060,043 AC,3448,3986,09:51 PM,78660,unresolved,observed,nmmt_schedule_9695
9695,19787,043 AC,3448,3986,09:54 PM,78840,unresolved,observed,nmmt_schedule_9695
9695,16044,043 AC,3448,3986,10:06 PM,79560,unresolved,observed,nmmt_schedule_9695
9695,15944,043 AC,3448,3986,10:19 PM,80340,unresolved,observed,nmmt_schedule_9695
9695,19795,043 AC,3448,3986,10:20 PM,80400,unresolved,observed,nmmt_schedule_9695
9695,19806,043 AC,3448,3986,10:30 PM,81000,unresolved,observed,nmmt_schedule_9695
9695,16053,043 AC,3448,3986,10:35 PM,81300,unresolved,observed,nmmt_schedule_9695
9695,16027,043 AC,3448,3986,10:50 PM,82200,unresolved,observed,nmmt_schedule_9695
9695,16062,043 AC,3448,3986,11:15 PM,83700,unresolved,observed,nmmt_schedule_9695
9695,19786,043 AC,3448,3986,11:19 PM,83940,unresolved,observed,nmmt_schedule_9695
9695,16046,043 AC,3448,3986,11:35 PM,84900,unresolved,observed,nmmt_schedule_9695
9695,19789,043 AC,3448,3986,11:43 PM,85380,unresolved,observed,nmmt_schedule_9695
9696,15953,043 AC,3986,3448,05:45 AM,20700,unresolved,observed,nmmt_schedule_9696
9696,15968,043 AC,3986,3448,06:15 AM,22500,unresolved,observed,nmmt_schedule_9696
9696,15973,043 AC,3986,3448,06:45 AM,24300,unresolved,observed,nmmt_schedule_9696
9696,15956,043 AC,3986,3448,07:13 AM,25980,unresolved,observed,nmmt_schedule_9696
9696,15984,043 AC,3986,3448,07:28 AM,26880,unresolved,observed,nmmt_schedule_9696
9696,15962,043 AC,3986,3448,07:43 AM,27780,unresolved,observed,nmmt_schedule_9696
9696,15997,043 AC,3986,3448,07:58 AM,28680,unresolved,observed,nmmt_schedule_9696
9696,15975,043 AC,3986,3448,08:13 AM,29580,unresolved,observed,nmmt_schedule_9696
9696,16006,043 AC,3986,3448,08:28 AM,30480,unresolved,observed,nmmt_schedule_9696
9696,15983,043 AC,3986,3448,08:58 AM,32280,unresolved,observed,nmmt_schedule_9696
9696,15969,043 AC,3986,3448,09:11 AM,33060,unresolved,observed,nmmt_schedule_9696
9696,15991,043 AC,3986,3448,09:28 AM,34080,unresolved,observed,nmmt_schedule_9696
9696,15977,043 AC,3986,3448,09:43 AM,34980,unresolved,observed,nmmt_schedule_9696
9696,16004,043 AC,3986,3448,09:58 AM,35880,unresolved,observed,nmmt_schedule_9696
9696,15988,043 AC,3986,3448,10:28 AM,37680,unresolved,observed,nmmt_schedule_9696
9696,16011,043 AC,3986,3448,10:42 AM,38520,unresolved,observed,nmmt_schedule_9696
9696,15992,043 AC,3986,3448,10:58 AM,39480,unresolved,observed,nmmt_schedule_9696
9696,15970,043 AC,3986,3448,11:14 AM,40440,unresolved,observed,nmmt_schedule_9696
9696,16009,043 AC,3986,3448,11:28 AM,41280,unresolved,observed,nmmt_schedule_9696
9696,15960,043 AC,3986,3448,11:43 AM,42180,unresolved,observed,nmmt_schedule_9696
9696,15972,043 AC,3986,3448,11:58 AM,43080,unresolved,observed,nmmt_schedule_9696
9696,16013,043 AC,3986,3448,12:11 PM,43860,unresolved,observed,nmmt_schedule_9696
9696,15930,043 AC,3986,3448,12:28 PM,44880,unresolved,observed,nmmt_schedule_9696
9696,15965,043 AC,3986,3448,12:43 PM,45780,unresolved,observed,nmmt_schedule_9696
9696,15986,043 AC,3986,3448,01:00 PM,46800,unresolved,observed,nmmt_schedule_9696
9696,15993,043 AC,3986,3448,01:15 PM,47700,unresolved,observed,nmmt_schedule_9696
9696,15979,043 AC,3986,3448,01:34 PM,48840,unresolved,observed,nmmt_schedule_9696
9696,16010,043 AC,3986,3448,01:54 PM,50040,unresolved,observed,nmmt_schedule_9696
9696,16017,043 AC,3986,3448,02:14 PM,51240,unresolved,observed,nmmt_schedule_9696
9696,15987,043 AC,3986,3448,02:26 PM,51960,unresolved,observed,nmmt_schedule_9696
9696,15995,043 AC,3986,3448,02:45 PM,53100,unresolved,observed,nmmt_schedule_9696
9696,15933,043 AC,3986,3448,03:07 PM,54420,unresolved,observed,nmmt_schedule_9696
9696,16008,043 AC,3986,3448,03:23 PM,55380,unresolved,observed,nmmt_schedule_9696
9696,16015,043 AC,3986,3448,03:42 PM,56520,unresolved,observed,nmmt_schedule_9696
9696,15937,043 AC,3986,3448,04:00 PM,57600,unresolved,observed,nmmt_schedule_9696
9696,15947,043 AC,3986,3448,04:15 PM,58500,unresolved,observed,nmmt_schedule_9696
9696,15932,043 AC,3986,3448,04:37 PM,59820,unresolved,observed,nmmt_schedule_9696
9696,16019,043 AC,3986,3448,04:53 PM,60780,unresolved,observed,nmmt_schedule_9696
9696,19779,043 AC,3986,3448,04:59 PM,61140,unresolved,observed,nmmt_schedule_9696
9696,16029,043 AC,3986,3448,05:04 PM,61440,unresolved,observed,nmmt_schedule_9696
9696,16039,043 AC,3986,3448,05:24 PM,62640,unresolved,observed,nmmt_schedule_9696
9696,19792,043 AC,3986,3448,05:35 PM,63300,unresolved,observed,nmmt_schedule_9696
9696,15938,043 AC,3986,3448,05:38 PM,63480,unresolved,observed,nmmt_schedule_9696
9696,19801,043 AC,3986,3448,05:53 PM,64380,unresolved,observed,nmmt_schedule_9696
9696,15935,043 AC,3986,3448,06:05 PM,65100,unresolved,observed,nmmt_schedule_9696
9696,16021,043 AC,3986,3448,06:23 PM,66180,unresolved,observed,nmmt_schedule_9696
9696,19782,043 AC,3986,3448,06:29 PM,66540,unresolved,observed,nmmt_schedule_9696
9696,16034,043 AC,3986,3448,06:33 PM,66780,unresolved,observed,nmmt_schedule_9696
9696,16041,043 AC,3986,3448,06:53 PM,67980,unresolved,observed,nmmt_schedule_9696
9696,19794,043 AC,3986,3448,07:05 PM,68700,unresolved,observed,nmmt_schedule_9696
9696,19803,043 AC,3986,3448,07:23 PM,69780,unresolved,observed,nmmt_schedule_9696
9696,16057,043 AC,3986,3448,07:38 PM,70680,unresolved,observed,nmmt_schedule_9696
9696,16055,043 AC,3986,3448,07:43 PM,70980,unresolved,observed,nmmt_schedule_9696
9696,15943,043 AC,3986,3448,07:53 PM,71580,unresolved,observed,nmmt_schedule_9696
9696,15948,043 AC,3986,3448,08:08 PM,72480,unresolved,observed,nmmt_schedule_9696
9696,16043,043 AC,3986,3448,08:23 PM,73380,unresolved,observed,nmmt_schedule_9696
9696,16024,043 AC,3986,3448,08:38 PM,74280,unresolved,observed,nmmt_schedule_9696
9696,16036,043 AC,3986,3448,08:53 PM,75180,unresolved,observed,nmmt_schedule_9696
9696,16059,043 AC,3986,3448,09:08 PM,76080,unresolved,observed,nmmt_schedule_9696
9696,19784,043 AC,3986,3448,09:11 PM,76260,unresolved,observed,nmmt_schedule_9696
9696,19791,043 AC,3986,3448,09:35 PM,77700,unresolved,observed,nmmt_schedule_9696
9696,15946,043 AC,3986,3448,09:36 PM,77760,unresolved,observed,nmmt_schedule_9696
9696,19805,043 AC,3986,3448,09:45 PM,78300,unresolved,observed,nmmt_schedule_9696
9696,16052,043 AC,3986,3448,09:50 PM,78600,unresolved,observed,nmmt_schedule_9696
9696,16026,043 AC,3986,3448,10:05 PM,79500,unresolved,observed,nmmt_schedule_9696
9696,24600,043 AC,3986,3448,10:29 PM,80940,unresolved,observed,nmmt_schedule_9696
9696,16061,043 AC,3986,3448,10:34 PM,81240,unresolved,observed,nmmt_schedule_9696
9696,19785,043 AC,3986,3448,10:37 PM,81420,unresolved,observed,nmmt_schedule_9696
9696,16045,043 AC,3986,3448,10:49 PM,82140,unresolved,observed,nmmt_schedule_9696
9696,15945,043 AC,3986,3448,11:01 PM,82860,unresolved,observed,nmmt_schedule_9696
9696,19796,043 AC,3986,3448,11:03 PM,82980,unresolved,observed,nmmt_schedule_9696
9696,16054,043 AC,3986,3448,11:15 PM,83700,unresolved,observed,nmmt_schedule_9696
9697,15427,049,3323,5247,05:38 AM,20280,unresolved,observed,nmmt_schedule_9697
9697,16720,049,3323,5247,06:15 AM,22500,unresolved,observed,nmmt_schedule_9697
9697,15432,049,3323,5247,06:20 AM,22800,unresolved,observed,nmmt_schedule_9697
9697,15439,049,3323,5247,06:35 AM,23700,unresolved,observed,nmmt_schedule_9697
9697,16726,049,3323,5247,06:55 AM,24900,unresolved,observed,nmmt_schedule_9697
9697,15445,049,3323,5247,07:10 AM,25800,unresolved,observed,nmmt_schedule_9697
9697,15455,049,3323,5247,07:35 AM,27300,unresolved,observed,nmmt_schedule_9697
9697,16732,049,3323,5247,07:40 AM,27600,unresolved,observed,nmmt_schedule_9697
9697,15457,049,3323,5247,08:00 AM,28800,unresolved,observed,nmmt_schedule_9697
9697,16738,049,3323,5247,08:15 AM,29700,unresolved,observed,nmmt_schedule_9697
9697,15463,049,3323,5247,08:20 AM,30000,unresolved,observed,nmmt_schedule_9697
9697,15469,049,3323,5247,08:50 AM,31800,unresolved,observed,nmmt_schedule_9697
9697,15429,049,3323,5247,09:20 AM,33600,unresolved,observed,nmmt_schedule_9697
9697,16750,049,3323,5247,09:30 AM,34200,unresolved,observed,nmmt_schedule_9697
9697,15434,049,3323,5247,09:55 AM,35700,unresolved,observed,nmmt_schedule_9697
9697,16722,049,3323,5247,10:05 AM,36300,unresolved,observed,nmmt_schedule_9697
9697,15441,049,3323,5247,10:30 AM,37800,unresolved,observed,nmmt_schedule_9697
9697,16728,049,3323,5247,10:50 AM,39000,unresolved,observed,nmmt_schedule_9697
9697,15447,049,3323,5247,11:05 AM,39900,unresolved,observed,nmmt_schedule_9697
9697,16734,049,3323,5247,11:30 AM,41400,unresolved,observed,nmmt_schedule_9697
9697,15452,049,3323,5247,11:31 AM,41460,unresolved,observed,nmmt_schedule_9697
9697,15459,049,3323,5247,12:00 PM,43200,unresolved,observed,nmmt_schedule_9697
9697,16740,049,3323,5247,12:10 PM,43800,unresolved,observed,nmmt_schedule_9697
9697,15465,049,3323,5247,12:35 PM,45300,unresolved,observed,nmmt_schedule_9697
9697,16746,049,3323,5247,12:50 PM,46200,unresolved,observed,nmmt_schedule_9697
9697,15471,049,3323,5247,01:10 PM,47400,unresolved,observed,nmmt_schedule_9697
9697,16752,049,3323,5247,01:35 PM,48900,unresolved,observed,nmmt_schedule_9697
9697,15475,049,3323,5247,01:50 PM,49800,unresolved,observed,nmmt_schedule_9697
9697,15481,049,3323,5247,02:25 PM,51900,unresolved,observed,nmmt_schedule_9697
9697,15487,049,3323,5247,03:05 PM,54300,unresolved,observed,nmmt_schedule_9697
9697,16762,049,3323,5247,03:15 PM,54900,unresolved,observed,nmmt_schedule_9697
9697,15493,049,3323,5247,03:35 PM,56100,unresolved,observed,nmmt_schedule_9697
9697,16768,049,3323,5247,03:55 PM,57300,unresolved,observed,nmmt_schedule_9697
9697,15499,049,3323,5247,04:05 PM,57900,unresolved,observed,nmmt_schedule_9697
9697,16777,049,3323,5247,04:38 PM,59880,unresolved,observed,nmmt_schedule_9697
9697,15505,049,3323,5247,04:40 PM,60000,unresolved,observed,nmmt_schedule_9697
9697,15511,049,3323,5247,05:15 PM,62100,unresolved,observed,nmmt_schedule_9697
9697,16780,049,3323,5247,05:20 PM,62400,unresolved,observed,nmmt_schedule_9697
9697,15515,049,3323,5247,05:50 PM,64200,unresolved,observed,nmmt_schedule_9697
9697,16783,049,3323,5247,06:00 PM,64800,unresolved,observed,nmmt_schedule_9697
9697,15477,049,3323,5247,06:10 PM,65400,unresolved,observed,nmmt_schedule_9697
9697,16758,049,3323,5247,06:30 PM,66600,unresolved,observed,nmmt_schedule_9697
9697,15483,049,3323,5247,06:40 PM,67200,unresolved,observed,nmmt_schedule_9697
9697,15489,049,3323,5247,07:05 PM,68700,unresolved,observed,nmmt_schedule_9697
9697,16764,049,3323,5247,07:12 PM,69120,unresolved,observed,nmmt_schedule_9697
9697,15495,049,3323,5247,07:30 PM,70200,unresolved,observed,nmmt_schedule_9697
9697,16770,049,3323,5247,07:53 PM,71580,unresolved,observed,nmmt_schedule_9697
9697,15501,049,3323,5247,08:02 PM,72120,unresolved,observed,nmmt_schedule_9697
9697,15507,049,3323,5247,08:31 PM,73860,unresolved,observed,nmmt_schedule_9697
9697,16774,049,3323,5247,08:35 PM,74100,unresolved,observed,nmmt_schedule_9697
9697,16787,049,3323,5247,09:00 PM,75600,unresolved,observed,nmmt_schedule_9697
9697,15520,049,3323,5247,09:05 PM,75900,unresolved,observed,nmmt_schedule_9697
9697,15521,049,3323,5247,09:30 PM,77400,unresolved,observed,nmmt_schedule_9697
9698,16785,049,5247,3323,06:30 AM,23400,unresolved,observed,nmmt_schedule_9698
9698,15428,049,5247,3323,07:00 AM,25200,unresolved,observed,nmmt_schedule_9698
9698,16721,049,5247,3323,07:40 AM,27600,unresolved,observed,nmmt_schedule_9698
9698,15433,049,5247,3323,07:45 AM,27900,unresolved,observed,nmmt_schedule_9698
9698,15440,049,5247,3323,08:10 AM,29400,unresolved,observed,nmmt_schedule_9698
9698,16727,049,5247,3323,08:28 AM,30480,unresolved,observed,nmmt_schedule_9698
9698,15446,049,5247,3323,08:45 AM,31500,unresolved,observed,nmmt_schedule_9698
9698,15451,049,5247,3323,09:10 AM,33000,unresolved,observed,nmmt_schedule_9698
9698,16733,049,5247,3323,09:17 AM,33420,unresolved,observed,nmmt_schedule_9698
9698,15458,049,5247,3323,09:40 AM,34800,unresolved,observed,nmmt_schedule_9698
9698,16739,049,5247,3323,09:55 AM,35700,unresolved,observed,nmmt_schedule_9698
9698,15464,049,5247,3323,10:00 AM,36000,unresolved,observed,nmmt_schedule_9698
9698,15470,049,5247,3323,10:31 AM,37860,unresolved,observed,nmmt_schedule_9698
9698,15430,049,5247,3323,11:01 AM,39660,unresolved,observed,nmmt_schedule_9698
9698,16751,049,5247,3323,11:11 AM,40260,unresolved,observed,nmmt_schedule_9698
9698,15435,049,5247,3323,11:36 AM,41760,unresolved,observed,nmmt_schedule_9698
9698,16723,049,5247,3323,11:46 AM,42360,unresolved,observed,nmmt_schedule_9698
9698,15442,049,5247,3323,12:11 PM,43860,unresolved,observed,nmmt_schedule_9698
9698,16729,049,5247,3323,12:31 PM,45060,unresolved,observed,nmmt_schedule_9698
9698,15448,049,5247,3323,12:46 PM,45960,unresolved,observed,nmmt_schedule_9698
9698,16735,049,5247,3323,01:11 PM,47460,unresolved,observed,nmmt_schedule_9698
9698,15453,049,5247,3323,01:12 PM,47520,unresolved,observed,nmmt_schedule_9698
9698,15460,049,5247,3323,01:41 PM,49260,unresolved,observed,nmmt_schedule_9698
9698,16741,049,5247,3323,01:51 PM,49860,unresolved,observed,nmmt_schedule_9698
9698,15466,049,5247,3323,02:16 PM,51360,unresolved,observed,nmmt_schedule_9698
9698,16747,049,5247,3323,02:31 PM,52260,unresolved,observed,nmmt_schedule_9698
9698,15472,049,5247,3323,02:51 PM,53460,unresolved,observed,nmmt_schedule_9698
9698,16753,049,5247,3323,03:15 PM,54900,unresolved,observed,nmmt_schedule_9698
9698,15476,049,5247,3323,03:30 PM,55800,unresolved,observed,nmmt_schedule_9698
9698,15482,049,5247,3323,04:05 PM,57900,unresolved,observed,nmmt_schedule_9698
9698,15488,049,5247,3323,04:45 PM,60300,unresolved,observed,nmmt_schedule_9698
9698,16763,049,5247,3323,04:54 PM,60840,unresolved,observed,nmmt_schedule_9698
9698,15494,049,5247,3323,05:15 PM,62100,unresolved,observed,nmmt_schedule_9698
9698,16769,049,5247,3323,05:36 PM,63360,unresolved,observed,nmmt_schedule_9698
9698,15500,049,5247,3323,05:46 PM,63960,unresolved,observed,nmmt_schedule_9698
9698,16773,049,5247,3323,06:18 PM,65880,unresolved,observed,nmmt_schedule_9698
9698,15506,049,5247,3323,06:20 PM,66000,unresolved,observed,nmmt_schedule_9698
9698,15512,049,5247,3323,06:56 PM,68160,unresolved,observed,nmmt_schedule_9698
9698,16781,049,5247,3323,07:01 PM,68460,unresolved,observed,nmmt_schedule_9698
9698,15516,049,5247,3323,07:31 PM,70260,unresolved,observed,nmmt_schedule_9698
9698,16784,049,5247,3323,07:41 PM,70860,unresolved,observed,nmmt_schedule_9698
9698,15478,049,5247,3323,07:51 PM,71460,unresolved,observed,nmmt_schedule_9698
9698,16759,049,5247,3323,08:11 PM,72660,unresolved,observed,nmmt_schedule_9698
9698,15484,049,5247,3323,08:21 PM,73260,unresolved,observed,nmmt_schedule_9698
9698,15490,049,5247,3323,08:46 PM,74760,unresolved,observed,nmmt_schedule_9698
9698,16765,049,5247,3323,08:53 PM,75180,unresolved,observed,nmmt_schedule_9698
9698,15496,049,5247,3323,09:11 PM,76260,unresolved,observed,nmmt_schedule_9698
9698,16771,049,5247,3323,09:34 PM,77640,unresolved,observed,nmmt_schedule_9698
9698,15502,049,5247,3323,09:43 PM,78180,unresolved,observed,nmmt_schedule_9698
9698,15508,049,5247,3323,10:10 PM,79800,unresolved,observed,nmmt_schedule_9698
9698,15518,049,5247,3323,06:30 AM,23400,unresolved,observed,nmmt_schedule_9698
9698,15522,049,5247,3323,07:20 AM,26400,unresolved,observed,nmmt_schedule_9698
9701,15526,24ExAC,2776,4562,07:30 AM,27000,unresolved,observed,nmmt_schedule_9701
9701,15528,24ExAC,2776,4562,09:00 AM,32400,unresolved,observed,nmmt_schedule_9701
9701,15530,24ExAC,2776,4562,11:05 AM,39900,unresolved,observed,nmmt_schedule_9701
9701,15532,24ExAC,2776,4562,12:35 PM,45300,unresolved,observed,nmmt_schedule_9701
9701,15535,24ExAC,2776,4562,04:40 PM,60000,unresolved,observed,nmmt_schedule_9701
9701,15537,24ExAC,2776,4562,06:10 PM,65400,unresolved,observed,nmmt_schedule_9701
9702,15525,24ExAC,2644,2776,06:45 AM,24300,unresolved,observed,nmmt_schedule_9702
9702,15527,24ExAC,2644,2776,08:15 AM,29700,unresolved,observed,nmmt_schedule_9702
9702,15529,24ExAC,2644,2776,09:45 AM,35100,unresolved,observed,nmmt_schedule_9702
9702,15531,24ExAC,2644,2776,11:50 AM,42600,unresolved,observed,nmmt_schedule_9702
9702,15534,24ExAC,2644,2776,03:55 PM,57300,unresolved,observed,nmmt_schedule_9702
9702,15536,24ExAC,2644,2776,05:25 PM,62700,unresolved,observed,nmmt_schedule_9702
9702,15538,24ExAC,2644,2776,07:00 PM,68400,unresolved,observed,nmmt_schedule_9702
9703,15524,24ExAC,3668,4562,06:15 AM,22500,unresolved,observed,nmmt_schedule_9703
9707,15533,24ExAC,3448,4562,03:30 PM,55800,unresolved,observed,nmmt_schedule_9707
9708,15539,24ExAC,2776,3449,08:20 PM,73200,unresolved,observed,nmmt_schedule_9708
9717,15780,007 AC,3173,2908,03:10 PM,54600,unresolved,observed,nmmt_schedule_9717
9717,15821,007 AC,3173,2908,11:25 PM,84300,unresolved,observed,nmmt_schedule_9717
9718,15739,007 AC,3194,2908,12:12 PM,43920,unresolved,observed,nmmt_schedule_9718
9718,15746,007 AC,3194,2908,12:47 PM,46020,unresolved,observed,nmmt_schedule_9718
9718,15753,007 AC,3194,2908,01:27 PM,48420,unresolved,observed,nmmt_schedule_9718
9718,15759,007 AC,3194,2908,02:07 PM,50820,unresolved,observed,nmmt_schedule_9718
9718,15767,007 AC,3194,2908,02:42 PM,52920,unresolved,observed,nmmt_schedule_9718
9718,15774,007 AC,3194,2908,03:22 PM,55320,unresolved,observed,nmmt_schedule_9718
9718,15787,007 AC,3194,2908,09:53 PM,78780,unresolved,observed,nmmt_schedule_9718
9718,15797,007 AC,3194,2908,10:31 PM,81060,unresolved,observed,nmmt_schedule_9718
9718,24920,007 AC,3194,2908,10:32 PM,81120,unresolved,observed,nmmt_schedule_9718
9718,15803,007 AC,3194,2908,11:12 PM,83520,unresolved,observed,nmmt_schedule_9718
9718,24939,007 AC,3194,2908,11:45 PM,85500,unresolved,observed,nmmt_schedule_9718
9718,24970,007 AC,3194,2908,11:57 PM,86220,unresolved,observed,nmmt_schedule_9718
9718,15825,007 AC,3194,2908,12:02 AM,120,unresolved,observed,nmmt_schedule_9718
9719,15738,007 AC,2908,3173,05:10 AM,18600,unresolved,observed,nmmt_schedule_9719
9719,15743,007 AC,2908,3173,05:40 AM,20400,unresolved,observed,nmmt_schedule_9719
9719,15748,007 AC,2908,3173,06:10 AM,22200,unresolved,observed,nmmt_schedule_9719
9719,15754,007 AC,2908,3173,06:35 AM,23700,unresolved,observed,nmmt_schedule_9719
9719,15761,007 AC,2908,3173,07:00 AM,25200,unresolved,observed,nmmt_schedule_9719
9719,15768,007 AC,2908,3173,08:16 AM,29760,unresolved,observed,nmmt_schedule_9719
9719,15775,007 AC,2908,3173,08:45 AM,31500,unresolved,observed,nmmt_schedule_9719
9720,24954,007 AC,2765,2908,12:47 PM,46020,unresolved,observed,nmmt_schedule_9720
9721,16133,008GAC,3194,2908,11:30 AM,41400,unresolved,observed,nmmt_schedule_9721
9721,16127,008GAC,3194,2908,12:15 PM,44100,unresolved,observed,nmmt_schedule_9721
9721,16155,008GAC,3194,2908,01:15 PM,47700,unresolved,observed,nmmt_schedule_9721
9721,17370,008GAC,3194,2908,02:17 PM,51420,unresolved,observed,nmmt_schedule_9721
9721,16137,008GAC,3194,2908,02:22 PM,51720,unresolved,observed,nmmt_schedule_9721
9721,17376,008GAC,3194,2908,09:07 PM,76020,unresolved,observed,nmmt_schedule_9721
9721,17381,008GAC,3194,2908,10:07 PM,79620,unresolved,observed,nmmt_schedule_9721
9721,16149,008GAC,3194,2908,10:42 PM,81720,unresolved,observed,nmmt_schedule_9721
9721,16161,008GAC,3194,2908,11:05 PM,83100,unresolved,observed,nmmt_schedule_9721
9721,17394,008GAC,3194,2908,11:52 PM,85920,unresolved,observed,nmmt_schedule_9721
9722,16129,008GAC,2908,3173,05:50 AM,21000,unresolved,observed,nmmt_schedule_9722
9722,16135,008GAC,2908,3173,07:25 AM,26700,unresolved,observed,nmmt_schedule_9722
9723,16248,004 AC,2908,3173,05:20 AM,19200,unresolved,observed,nmmt_schedule_9723
9723,16269,004 AC,2908,3173,06:00 AM,21600,unresolved,observed,nmmt_schedule_9723
9723,16276,004 AC,2908,3173,02:50 PM,53400,unresolved,observed,nmmt_schedule_9723
9723,16297,004 AC,2908,3173,03:58 PM,57480,unresolved,observed,nmmt_schedule_9723
9724,16255,004 AC,2908,3122,05:20 AM,19200,unresolved,observed,nmmt_schedule_9724
9724,16262,004 AC,2908,3122,05:55 AM,21300,unresolved,observed,nmmt_schedule_9724
9724,18404,004 AC,2908,3122,07:15 AM,26100,unresolved,observed,nmmt_schedule_9724
9724,16283,004 AC,2908,3122,03:20 PM,55200,unresolved,observed,nmmt_schedule_9724
9724,16290,004 AC,2908,3122,03:45 PM,56700,unresolved,observed,nmmt_schedule_9724
9725,18402,004 AC,3122,2908,11:25 AM,41100,unresolved,observed,nmmt_schedule_9725
9725,16254,004 AC,3122,2908,12:42 PM,45720,unresolved,observed,nmmt_schedule_9725
9725,16275,004 AC,3122,2908,01:17 PM,47820,unresolved,observed,nmmt_schedule_9725
9725,18403,004 AC,3122,2908,01:48 PM,49680,unresolved,observed,nmmt_schedule_9725
9725,16282,004 AC,3122,2908,10:22 PM,80520,unresolved,observed,nmmt_schedule_9725
9725,16303,004 AC,3122,2908,11:22 PM,84120,unresolved,observed,nmmt_schedule_9725
9726,16261,004 AC,3173,2908,12:37 PM,45420,unresolved,observed,nmmt_schedule_9726
9726,16268,004 AC,3173,2908,01:17 PM,47820,unresolved,observed,nmmt_schedule_9726
9726,16289,004 AC,3173,2908,10:42 PM,81720,unresolved,observed,nmmt_schedule_9726
9726,16296,004 AC,3173,2908,11:07 PM,83220,unresolved,observed,nmmt_schedule_9726
9727,12834,109 AC,2643,3137,11:28 AM,41280,unresolved,observed,nmmt_schedule_9727
9728,12824,109 AC,2908,4423,06:10 AM,22200,unresolved,observed,nmmt_schedule_9728
9729,12846,109 AC,3174,2908,08:44 PM,74640,unresolved,observed,nmmt_schedule_9729
9729,12863,109 AC,3174,2908,09:20 PM,76800,unresolved,observed,nmmt_schedule_9729
9731,12840,109 AC,3137,3174,03:32 PM,55920,unresolved,observed,nmmt_schedule_9731
9731,12854,109 AC,3137,3174,04:09 PM,58140,unresolved,observed,nmmt_schedule_9731
9732,24722,065,2908,2719,06:53 AM,24780,unresolved,observed,nmmt_schedule_9732
9733,24726,065,4397,5021,08:10 AM,29400,unresolved,observed,nmmt_schedule_9733
9733,24729,065,4397,5021,09:05 AM,32700,unresolved,observed,nmmt_schedule_9733
9733,24724,065,4397,5021,12:10 PM,43800,unresolved,observed,nmmt_schedule_9733
9733,24733,065,4397,5021,03:45 PM,56700,unresolved,observed,nmmt_schedule_9733
9733,24739,065,4397,5021,04:45 PM,60300,unresolved,observed,nmmt_schedule_9733
9733,24735,065,4397,5021,07:50 PM,71400,unresolved,observed,nmmt_schedule_9733
9734,24728,065,5021,2719,07:25 AM,26700,unresolved,observed,nmmt_schedule_9734
9734,24723,065,5021,2719,10:25 AM,37500,unresolved,observed,nmmt_schedule_9734
9734,24730,065,5021,2719,11:25 AM,41100,unresolved,observed,nmmt_schedule_9734
9734,24738,065,5021,2719,03:00 PM,54000,unresolved,observed,nmmt_schedule_9734
9734,24734,065,5021,2719,06:05 PM,65100,unresolved,observed,nmmt_schedule_9734
9734,24740,065,5021,2719,07:05 PM,68700,unresolved,observed,nmmt_schedule_9734
9735,24725,065,5021,3137,01:52 PM,49920,unresolved,observed,nmmt_schedule_9735
9736,24737,065,3137,5021,02:50 PM,53400,unresolved,observed,nmmt_schedule_9736
9737,24741,065,4397,2908,08:50 PM,75000,unresolved,observed,nmmt_schedule_9737
9739,17936,086 AC,2908,4773,06:05 AM,21900,unresolved,observed,nmmt_schedule_9739
9740,17955,086 AC,4773,2908,10:25 PM,80700,unresolved,observed,nmmt_schedule_9740
9741,17937,086 AC,4773,2945,06:45 AM,24300,unresolved,observed,nmmt_schedule_9741
9741,17941,086 AC,4773,2945,09:33 AM,34380,unresolved,observed,nmmt_schedule_9741
9741,17943,086 AC,4773,2945,12:03 PM,43380,unresolved,observed,nmmt_schedule_9741
9741,17949,086 AC,4773,2945,05:05 PM,61500,unresolved,observed,nmmt_schedule_9741
9741,17953,086 AC,4773,2945,08:35 PM,74100,unresolved,observed,nmmt_schedule_9741
9742,17940,086 AC,2945,4773,08:40 AM,31200,unresolved,observed,nmmt_schedule_9742
9742,17942,086 AC,2945,4773,11:10 AM,40200,unresolved,observed,nmmt_schedule_9742
9742,17948,086 AC,2945,4773,04:08 PM,58080,unresolved,observed,nmmt_schedule_9742
9742,17952,086 AC,2945,4773,07:38 PM,70680,unresolved,observed,nmmt_schedule_9742
9742,17954,086 AC,2945,4773,09:30 PM,77400,unresolved,observed,nmmt_schedule_9742
9743,17945,086 AC,3137,2908,01:27 PM,48420,unresolved,observed,nmmt_schedule_9743
9744,17939,086 AC,3137,3173,08:05 AM,29100,unresolved,observed,nmmt_schedule_9744
9744,20936,086 AC,3137,3173,03:35 PM,56100,unresolved,observed,nmmt_schedule_9744
9744,17951,086 AC,3137,3173,07:05 PM,68700,unresolved,observed,nmmt_schedule_9744
9745,17938,086 AC,3173,3137,07:35 AM,27300,unresolved,observed,nmmt_schedule_9745
9745,17944,086 AC,3173,3137,12:55 PM,46500,unresolved,observed,nmmt_schedule_9745
9745,17950,086 AC,3173,3137,06:00 PM,64800,unresolved,observed,nmmt_schedule_9745
9746,17946,086 AC,2908,3137,03:10 PM,54600,unresolved,observed,nmmt_schedule_9746
9747,12835,109 AC,3137,2908,11:50 AM,42600,unresolved,observed,nmmt_schedule_9747
9748,12849,109 AC,2908,3137,07:05 AM,25500,unresolved,observed,nmmt_schedule_9748
9748,12842,109 AC,2908,3137,03:10 PM,54600,unresolved,observed,nmmt_schedule_9748
9748,12853,109 AC,2908,3137,03:45 PM,56700,unresolved,observed,nmmt_schedule_9748
9749,23185,010 AC,2880,2765,07:05 AM,25500,unresolved,observed,nmmt_schedule_9749
9749,23191,010 AC,2880,2765,07:46 AM,27960,unresolved,observed,nmmt_schedule_9749
9749,23187,010 AC,2880,2765,08:27 AM,30420,unresolved,observed,nmmt_schedule_9749
9749,23193,010 AC,2880,2765,09:08 AM,32880,unresolved,observed,nmmt_schedule_9749
9749,23189,010 AC,2880,2765,09:49 AM,35340,unresolved,observed,nmmt_schedule_9749
9749,23195,010 AC,2880,2765,10:30 AM,37800,unresolved,observed,nmmt_schedule_9749
9749,23182,010 AC,2880,2765,11:48 AM,42480,unresolved,observed,nmmt_schedule_9749
9749,23197,010 AC,2880,2765,12:29 PM,44940,unresolved,observed,nmmt_schedule_9749
9749,23201,010 AC,2880,2765,03:38 PM,56280,unresolved,observed,nmmt_schedule_9749
9749,23211,010 AC,2880,2765,04:21 PM,58860,unresolved,observed,nmmt_schedule_9749
9749,23203,010 AC,2880,2765,05:04 PM,61440,unresolved,observed,nmmt_schedule_9749
9749,23213,010 AC,2880,2765,05:47 PM,64020,unresolved,observed,nmmt_schedule_9749
9749,23205,010 AC,2880,2765,06:30 PM,66600,unresolved,observed,nmmt_schedule_9749
9749,23215,010 AC,2880,2765,07:13 PM,69180,unresolved,observed,nmmt_schedule_9749
9749,23207,010 AC,2880,2765,08:33 PM,73980,unresolved,observed,nmmt_schedule_9749
9749,23217,010 AC,2880,2765,09:15 PM,76500,unresolved,observed,nmmt_schedule_9749
9750,23186,010 AC,2765,2880,07:45 AM,27900,unresolved,observed,nmmt_schedule_9750
9750,23192,010 AC,2765,2880,08:27 AM,30420,unresolved,observed,nmmt_schedule_9750
9750,23188,010 AC,2765,2880,09:08 AM,32880,unresolved,observed,nmmt_schedule_9750
9750,23194,010 AC,2765,2880,09:49 AM,35340,unresolved,observed,nmmt_schedule_9750
9750,23181,010 AC,2765,2880,11:07 AM,40020,unresolved,observed,nmmt_schedule_9750
9750,23196,010 AC,2765,2880,11:48 AM,42480,unresolved,observed,nmmt_schedule_9750
9750,23183,010 AC,2765,2880,12:29 PM,44940,unresolved,observed,nmmt_schedule_9750
9750,23198,010 AC,2765,2880,01:10 PM,47400,unresolved,observed,nmmt_schedule_9750
9750,23202,010 AC,2765,2880,04:21 PM,58860,unresolved,observed,nmmt_schedule_9750
9750,23212,010 AC,2765,2880,05:04 PM,61440,unresolved,observed,nmmt_schedule_9750
9750,23204,010 AC,2765,2880,05:47 PM,64020,unresolved,observed,nmmt_schedule_9750
9750,23214,010 AC,2765,2880,06:30 PM,66600,unresolved,observed,nmmt_schedule_9750
9750,23206,010 AC,2765,2880,07:50 PM,71400,unresolved,observed,nmmt_schedule_9750
9750,23216,010 AC,2765,2880,08:33 PM,73980,unresolved,observed,nmmt_schedule_9750
9750,23208,010 AC,2765,2880,09:15 PM,76500,unresolved,observed,nmmt_schedule_9750
9750,23218,010 AC,2765,2880,10:00 PM,79200,unresolved,observed,nmmt_schedule_9750
9751,24688,003 AC,3173,2908,02:30 PM,52200,unresolved,observed,nmmt_schedule_9751
9751,25456,003 AC,3173,2908,10:18 PM,80280,unresolved,observed,nmmt_schedule_9751
9751,24693,003 AC,3173,2908,10:30 PM,81000,unresolved,observed,nmmt_schedule_9751
9751,24696,003 AC,3173,2908,10:53 PM,82380,unresolved,observed,nmmt_schedule_9751
9751,24713,003 AC,3173,2908,11:25 PM,84300,unresolved,observed,nmmt_schedule_9751
9752,20767,110 AC,2777,3448,09:35 AM,34500,unresolved,observed,nmmt_schedule_9752
9753,20778,110 AC,3448,2777,04:40 PM,60000,unresolved,observed,nmmt_schedule_9753
9754,20780,054 AC,4596,3448,08:40 PM,74400,unresolved,observed,nmmt_schedule_9754
9755,24593,107 AC,3996,3323,12:48 PM,46080,unresolved,observed,nmmt_schedule_9755
9756,24594,107 AC,3323,4201,01:25 PM,48300,unresolved,observed,nmmt_schedule_9756
9757,24596,107 AC,3425,2777,04:00 PM,57600,unresolved,observed,nmmt_schedule_9757
9758,24598,107 AC,2515,3448,08:04 PM,72240,unresolved,observed,nmmt_schedule_9758
9759,16102,117 AC,2777,2776,09:45 AM,35100,unresolved,observed,nmmt_schedule_9759
9759,16118,117 AC,2777,2776,09:58 AM,35880,unresolved,observed,nmmt_schedule_9759
9760,16097,117 AC,2692,4596,07:00 AM,25200,unresolved,observed,nmmt_schedule_9760
9760,16115,117 AC,2692,4596,07:10 AM,25800,unresolved,observed,nmmt_schedule_9760
9761,16103,117 AC,2776,3425,11:18 AM,40680,unresolved,observed,nmmt_schedule_9761
9761,16121,117 AC,2776,3425,11:30 AM,41400,unresolved,observed,nmmt_schedule_9761
9762,16106,117 AC,2771,2777,04:15 PM,58500,unresolved,observed,nmmt_schedule_9762
9762,16111,117 AC,2771,2777,04:30 PM,59400,unresolved,observed,nmmt_schedule_9762
9764,16108,117 AC,3347,2775,08:30 PM,73800,unresolved,observed,nmmt_schedule_9764
9764,16114,117 AC,3347,2775,08:50 PM,75000,unresolved,observed,nmmt_schedule_9764
9765,16109,117 AC,2775,2692,09:15 PM,76500,unresolved,observed,nmmt_schedule_9765
9765,16112,117 AC,2775,2692,09:35 PM,77700,unresolved,observed,nmmt_schedule_9765
9766,16107,117 AC,3425,2771,04:04 PM,57840,unresolved,observed,nmmt_schedule_9766
9766,16110,117 AC,3425,2771,04:20 PM,58800,unresolved,observed,nmmt_schedule_9766
9767,12558,106 AC,3448,2777,04:20 PM,58800,unresolved,observed,nmmt_schedule_9767
9768,14562,082,2765,2907,11:05 PM,83100,unresolved,observed,nmmt_schedule_9768
9769,25783,082,2907,2880,07:05 AM,25500,unresolved,observed,nmmt_schedule_9769
9769,25792,082,2907,2880,01:30 PM,48600,unresolved,observed,nmmt_schedule_9769
9769,25801,082,2907,2880,01:50 PM,49800,unresolved,observed,nmmt_schedule_9769
9769,14509,082,2907,2880,02:10 PM,51000,unresolved,observed,nmmt_schedule_9769
9769,19460,082,2907,2880,02:30 PM,52200,unresolved,observed,nmmt_schedule_9769
9769,14523,082,2907,2880,02:35 PM,52500,unresolved,observed,nmmt_schedule_9769
9769,19471,082,2907,2880,02:50 PM,53400,unresolved,observed,nmmt_schedule_9769
9769,14530,082,2907,2880,03:00 PM,54000,unresolved,observed,nmmt_schedule_9769
9769,19479,082,2907,2880,03:10 PM,54600,unresolved,observed,nmmt_schedule_9769
9769,25828,082,2907,2880,03:15 PM,54900,unresolved,observed,nmmt_schedule_9769
9769,14541,082,2907,2880,03:25 PM,55500,unresolved,observed,nmmt_schedule_9769
9769,19487,082,2907,2880,03:30 PM,55800,unresolved,observed,nmmt_schedule_9769
9769,25810,082,2907,2880,03:35 PM,56100,unresolved,observed,nmmt_schedule_9769
9769,14550,082,2907,2880,03:45 PM,56700,unresolved,observed,nmmt_schedule_9769
9769,14561,082,2907,2880,04:05 PM,57900,unresolved,observed,nmmt_schedule_9769
9770,25737,082,2880,2907,12:55 PM,46500,unresolved,observed,nmmt_schedule_9770
9770,14463,082,2880,2907,12:57 PM,46620,unresolved,observed,nmmt_schedule_9770
9770,25746,082,2880,2907,01:15 PM,47700,unresolved,observed,nmmt_schedule_9770
9770,19402,082,2880,2907,01:17 PM,47820,unresolved,observed,nmmt_schedule_9770
9770,14466,082,2880,2907,01:22 PM,48120,unresolved,observed,nmmt_schedule_9770
9770,25755,082,2880,2907,01:35 PM,48900,unresolved,observed,nmmt_schedule_9770
9770,19411,082,2880,2907,01:37 PM,49020,unresolved,observed,nmmt_schedule_9770
9770,14478,082,2880,2907,01:45 PM,49500,unresolved,observed,nmmt_schedule_9770
9770,25764,082,2880,2907,01:55 PM,50100,unresolved,observed,nmmt_schedule_9770
9770,19420,082,2880,2907,01:57 PM,50220,unresolved,observed,nmmt_schedule_9770
9770,25773,082,2880,2907,02:15 PM,51300,unresolved,observed,nmmt_schedule_9770
9770,19429,082,2880,2907,02:17 PM,51420,unresolved,observed,nmmt_schedule_9770
9770,14492,082,2880,2907,02:32 PM,52320,unresolved,observed,nmmt_schedule_9770
9770,25782,082,2880,2907,02:35 PM,52500,unresolved,observed,nmmt_schedule_9770
9770,19438,082,2880,2907,02:37 PM,52620,unresolved,observed,nmmt_schedule_9770
9770,14508,082,2880,2907,02:55 PM,53700,unresolved,observed,nmmt_schedule_9770
9770,19447,082,2880,2907,02:57 PM,53820,unresolved,observed,nmmt_schedule_9770
9770,19492,082,2880,2907,09:02 PM,75720,unresolved,observed,nmmt_schedule_9770
9770,14510,082,2880,2907,09:58 PM,79080,unresolved,observed,nmmt_schedule_9770
9770,19453,082,2880,2907,10:05 PM,79500,unresolved,observed,nmmt_schedule_9770
9770,19466,082,2880,2907,10:15 PM,80100,unresolved,observed,nmmt_schedule_9770
9771,14459,082 ,2880,4773,07:03 AM,25380,unresolved,observed,nmmt_schedule_9771
9771,19396,082 ,2880,4773,07:25 AM,26700,unresolved,observed,nmmt_schedule_9771
9771,19410,082 ,2880,4773,07:41 AM,27660,unresolved,observed,nmmt_schedule_9771
9771,14475,082 ,2880,4773,07:46 AM,27960,unresolved,observed,nmmt_schedule_9771
9771,19419,082 ,2880,4773,07:56 AM,28560,unresolved,observed,nmmt_schedule_9771
9771,14488,082 ,2880,4773,08:06 AM,29160,unresolved,observed,nmmt_schedule_9771
9771,19426,082 ,2880,4773,08:15 AM,29700,unresolved,observed,nmmt_schedule_9771
9771,14495,082 ,2880,4773,08:30 AM,30600,unresolved,observed,nmmt_schedule_9771
9771,25776,082 ,2880,4773,08:35 AM,30900,unresolved,observed,nmmt_schedule_9771
9771,14500,082 ,2880,4773,08:58 AM,32280,unresolved,observed,nmmt_schedule_9771
9771,19445,082 ,2880,4773,09:00 AM,32400,unresolved,observed,nmmt_schedule_9771
9771,14461,082 ,2880,4773,09:20 AM,33600,unresolved,observed,nmmt_schedule_9771
9771,19399,082 ,2880,4773,09:40 AM,34800,unresolved,observed,nmmt_schedule_9771
9771,14469,082 ,2880,4773,09:45 AM,35100,unresolved,observed,nmmt_schedule_9771
9771,19405,082 ,2880,4773,10:00 AM,36000,unresolved,observed,nmmt_schedule_9771
9771,14479,082 ,2880,4773,10:10 AM,36600,unresolved,observed,nmmt_schedule_9771
9771,19418,082 ,2880,4773,10:20 AM,37200,unresolved,observed,nmmt_schedule_9771
9771,14482,082 ,2880,4773,10:30 AM,37800,unresolved,observed,nmmt_schedule_9771
9771,19428,082 ,2880,4773,10:40 AM,38400,unresolved,observed,nmmt_schedule_9771
9771,14497,082 ,2880,4773,10:55 AM,39300,unresolved,observed,nmmt_schedule_9771
9771,19434,082 ,2880,4773,11:00 AM,39600,unresolved,observed,nmmt_schedule_9771
9771,14455,082 ,2880,4773,11:10 AM,40200,unresolved,observed,nmmt_schedule_9771
9771,14504,082 ,2880,4773,11:20 AM,40800,unresolved,observed,nmmt_schedule_9771
9771,19394,082 ,2880,4773,11:30 AM,41400,unresolved,observed,nmmt_schedule_9771
9771,14471,082 ,2880,4773,11:35 AM,41700,unresolved,observed,nmmt_schedule_9771
9771,19403,082 ,2880,4773,11:50 AM,42600,unresolved,observed,nmmt_schedule_9771
9771,14480,082 ,2880,4773,12:00 PM,43200,unresolved,observed,nmmt_schedule_9771
9771,19412,082 ,2880,4773,12:10 PM,43800,unresolved,observed,nmmt_schedule_9771
9771,14489,082 ,2880,4773,12:20 PM,44400,unresolved,observed,nmmt_schedule_9771
9771,19422,082 ,2880,4773,12:30 PM,45000,unresolved,observed,nmmt_schedule_9771
9771,14498,082 ,2880,4773,12:45 PM,45900,unresolved,observed,nmmt_schedule_9771
9771,19430,082 ,2880,4773,12:50 PM,46200,unresolved,observed,nmmt_schedule_9771
9771,14506,082 ,2880,4773,01:10 PM,47400,unresolved,observed,nmmt_schedule_9771
9771,25793,082 ,2880,4773,01:35 PM,48900,unresolved,observed,nmmt_schedule_9771
9771,25802,082 ,2880,4773,01:55 PM,50100,unresolved,observed,nmmt_schedule_9771
9771,25820,082 ,2880,4773,02:15 PM,51300,unresolved,observed,nmmt_schedule_9771
9771,14516,082 ,2880,4773,02:17 PM,51420,unresolved,observed,nmmt_schedule_9771
9771,25838,082 ,2880,4773,02:35 PM,52500,unresolved,observed,nmmt_schedule_9771
9771,19464,082 ,2880,4773,02:37 PM,52620,unresolved,observed,nmmt_schedule_9771
9771,14524,082 ,2880,4773,02:42 PM,52920,unresolved,observed,nmmt_schedule_9771
9771,25847,082 ,2880,4773,02:55 PM,53700,unresolved,observed,nmmt_schedule_9771
9771,19472,082 ,2880,4773,02:57 PM,53820,unresolved,observed,nmmt_schedule_9771
9771,14531,082 ,2880,4773,03:07 PM,54420,unresolved,observed,nmmt_schedule_9771
9771,19481,082 ,2880,4773,03:17 PM,55020,unresolved,observed,nmmt_schedule_9771
9771,25829,082 ,2880,4773,03:20 PM,55200,unresolved,observed,nmmt_schedule_9771
9771,25795,082 ,2880,4773,03:21 PM,55260,unresolved,observed,nmmt_schedule_9771
9771,14538,082 ,2880,4773,03:32 PM,55920,unresolved,observed,nmmt_schedule_9771
9771,19490,082 ,2880,4773,03:37 PM,56220,unresolved,observed,nmmt_schedule_9771
9771,25811,082 ,2880,4773,03:40 PM,56400,unresolved,observed,nmmt_schedule_9771
9771,14546,082 ,2880,4773,03:52 PM,57120,unresolved,observed,nmmt_schedule_9771
9771,25822,082 ,2880,4773,04:01 PM,57660,unresolved,observed,nmmt_schedule_9771
9771,14517,082 ,2880,4773,04:02 PM,57720,unresolved,observed,nmmt_schedule_9771
9771,14555,082 ,2880,4773,04:12 PM,58320,unresolved,observed,nmmt_schedule_9771
9771,25840,082 ,2880,4773,04:21 PM,58860,unresolved,observed,nmmt_schedule_9771
9771,19459,082 ,2880,4773,04:22 PM,58920,unresolved,observed,nmmt_schedule_9771
9771,14526,082 ,2880,4773,04:27 PM,59220,unresolved,observed,nmmt_schedule_9771
9771,25849,082 ,2880,4773,04:41 PM,60060,unresolved,observed,nmmt_schedule_9771
9771,19474,082 ,2880,4773,04:42 PM,60120,unresolved,observed,nmmt_schedule_9771
9771,14532,082 ,2880,4773,04:52 PM,60720,unresolved,observed,nmmt_schedule_9771
9771,19478,082 ,2880,4773,05:02 PM,61320,unresolved,observed,nmmt_schedule_9771
9771,25831,082 ,2880,4773,05:06 PM,61560,unresolved,observed,nmmt_schedule_9771
9771,14540,082 ,2880,4773,05:17 PM,62220,unresolved,observed,nmmt_schedule_9771
9771,19489,082 ,2880,4773,05:22 PM,62520,unresolved,observed,nmmt_schedule_9771
9771,25813,082 ,2880,4773,05:26 PM,62760,unresolved,observed,nmmt_schedule_9771
9771,14552,082 ,2880,4773,05:41 PM,63660,unresolved,observed,nmmt_schedule_9771
9771,25797,082 ,2880,4773,05:50 PM,64200,unresolved,observed,nmmt_schedule_9771
9771,14557,082 ,2880,4773,06:00 PM,64800,unresolved,observed,nmmt_schedule_9771
9771,25806,082 ,2880,4773,06:10 PM,65400,unresolved,observed,nmmt_schedule_9771
9771,14511,082 ,2880,4773,06:20 PM,66000,unresolved,observed,nmmt_schedule_9771
9771,25824,082 ,2880,4773,06:30 PM,66600,unresolved,observed,nmmt_schedule_9771
9771,19461,082 ,2880,4773,06:40 PM,67200,unresolved,observed,nmmt_schedule_9771
9771,14520,082 ,2880,4773,06:45 PM,67500,unresolved,observed,nmmt_schedule_9771
9771,25842,082 ,2880,4773,06:50 PM,67800,unresolved,observed,nmmt_schedule_9771
9771,19469,082 ,2880,4773,07:00 PM,68400,unresolved,observed,nmmt_schedule_9771
9771,14529,082 ,2880,4773,07:10 PM,69000,unresolved,observed,nmmt_schedule_9771
9771,19486,082 ,2880,4773,07:15 PM,69300,unresolved,observed,nmmt_schedule_9771
9771,19483,082 ,2880,4773,07:30 PM,70200,unresolved,observed,nmmt_schedule_9771
9771,14543,082 ,2880,4773,07:35 PM,70500,unresolved,observed,nmmt_schedule_9771
9771,25799,082 ,2880,4773,07:40 PM,70800,unresolved,observed,nmmt_schedule_9771
9771,19509,082 ,2880,4773,07:50 PM,71400,unresolved,observed,nmmt_schedule_9771
9771,14547,082 ,2880,4773,08:00 PM,72000,unresolved,observed,nmmt_schedule_9771
9771,14513,082 ,2880,4773,08:10 PM,72600,unresolved,observed,nmmt_schedule_9771
9771,19452,082 ,2880,4773,08:15 PM,72900,unresolved,observed,nmmt_schedule_9771
9771,14558,082 ,2880,4773,08:20 PM,73200,unresolved,observed,nmmt_schedule_9771
9771,19463,082 ,2880,4773,08:30 PM,73800,unresolved,observed,nmmt_schedule_9771
9771,14525,082 ,2880,4773,08:35 PM,74100,unresolved,observed,nmmt_schedule_9771
9771,25844,082 ,2880,4773,08:40 PM,74400,unresolved,observed,nmmt_schedule_9771
9771,19475,082 ,2880,4773,08:50 PM,75000,unresolved,observed,nmmt_schedule_9771
9771,14535,082 ,2880,4773,08:56 PM,75360,unresolved,observed,nmmt_schedule_9771
9771,25853,082 ,2880,4773,09:00 PM,75600,unresolved,observed,nmmt_schedule_9771
9771,19480,082 ,2880,4773,09:16 PM,76560,unresolved,observed,nmmt_schedule_9771
9771,25835,082 ,2880,4773,09:20 PM,76800,unresolved,observed,nmmt_schedule_9771
9771,14545,082 ,2880,4773,09:21 PM,76860,unresolved,observed,nmmt_schedule_9771
9771,14549,082 ,2880,4773,09:50 PM,78600,unresolved,observed,nmmt_schedule_9771
9772,14458,082,4773,2880,06:15 AM,22500,unresolved,observed,nmmt_schedule_9772
9772,14468,082,4773,2880,06:35 AM,23700,unresolved,observed,nmmt_schedule_9772
9772,19408,082,4773,2880,06:50 AM,24600,unresolved,observed,nmmt_schedule_9772
9772,14474,082,4773,2880,06:55 AM,24900,unresolved,observed,nmmt_schedule_9772
9772,19416,082,4773,2880,07:05 AM,25500,unresolved,observed,nmmt_schedule_9772
9772,14486,082,4773,2880,07:15 AM,26100,unresolved,observed,nmmt_schedule_9772
9772,19424,082,4773,2880,07:20 AM,26400,unresolved,observed,nmmt_schedule_9772
9772,14494,082,4773,2880,07:35 AM,27300,unresolved,observed,nmmt_schedule_9772
9772,14460,082,4773,2880,07:53 AM,28380,unresolved,observed,nmmt_schedule_9772
9772,14501,082,4773,2880,08:05 AM,29100,unresolved,observed,nmmt_schedule_9772
9772,19401,082,4773,2880,08:15 AM,29700,unresolved,observed,nmmt_schedule_9772
9772,14465,082,4773,2880,08:20 AM,30000,unresolved,observed,nmmt_schedule_9772
9772,19409,082,4773,2880,08:32 AM,30720,unresolved,observed,nmmt_schedule_9772
9772,14476,082,4773,2880,08:40 AM,31200,unresolved,observed,nmmt_schedule_9772
9772,19417,082,4773,2880,08:50 AM,31800,unresolved,observed,nmmt_schedule_9772
9772,14484,082,4773,2880,09:00 AM,32400,unresolved,observed,nmmt_schedule_9772
9772,19427,082,4773,2880,09:10 AM,33000,unresolved,observed,nmmt_schedule_9772
9772,14496,082,4773,2880,09:25 AM,33900,unresolved,observed,nmmt_schedule_9772
9772,25777,082,4773,2880,09:30 AM,34200,unresolved,observed,nmmt_schedule_9772
9772,14503,082,4773,2880,09:50 AM,35400,unresolved,observed,nmmt_schedule_9772
9772,19446,082,4773,2880,09:55 AM,35700,unresolved,observed,nmmt_schedule_9772
9772,14462,082,4773,2880,10:15 AM,36900,unresolved,observed,nmmt_schedule_9772
9772,19398,082,4773,2880,10:35 AM,38100,unresolved,observed,nmmt_schedule_9772
9772,14470,082,4773,2880,10:40 AM,38400,unresolved,observed,nmmt_schedule_9772
9772,19406,082,4773,2880,10:55 AM,39300,unresolved,observed,nmmt_schedule_9772
9772,14477,082,4773,2880,11:05 AM,39900,unresolved,observed,nmmt_schedule_9772
9772,19415,082,4773,2880,11:15 AM,40500,unresolved,observed,nmmt_schedule_9772
9772,14483,082,4773,2880,11:25 AM,41100,unresolved,observed,nmmt_schedule_9772
9772,19425,082,4773,2880,11:35 AM,41700,unresolved,observed,nmmt_schedule_9772
9772,14491,082,4773,2880,11:50 AM,42600,unresolved,observed,nmmt_schedule_9772
9772,19437,082,4773,2880,11:55 AM,42900,unresolved,observed,nmmt_schedule_9772
9772,14456,082,4773,2880,12:05 PM,43500,unresolved,observed,nmmt_schedule_9772
9772,14505,082,4773,2880,12:15 PM,44100,unresolved,observed,nmmt_schedule_9772
9772,19395,082,4773,2880,12:25 PM,44700,unresolved,observed,nmmt_schedule_9772
9772,14472,082,4773,2880,12:30 PM,45000,unresolved,observed,nmmt_schedule_9772
9772,19404,082,4773,2880,12:45 PM,45900,unresolved,observed,nmmt_schedule_9772
9772,14481,082,4773,2880,12:55 PM,46500,unresolved,observed,nmmt_schedule_9772
9772,19413,082,4773,2880,01:05 PM,47100,unresolved,observed,nmmt_schedule_9772
9772,14490,082,4773,2880,01:15 PM,47700,unresolved,observed,nmmt_schedule_9772
9772,19421,082,4773,2880,01:25 PM,48300,unresolved,observed,nmmt_schedule_9772
9772,14499,082,4773,2880,01:40 PM,49200,unresolved,observed,nmmt_schedule_9772
9772,19431,082,4773,2880,01:45 PM,49500,unresolved,observed,nmmt_schedule_9772
9772,14507,082,4773,2880,02:05 PM,50700,unresolved,observed,nmmt_schedule_9772
9772,25794,082,4773,2880,02:28 PM,52080,unresolved,observed,nmmt_schedule_9772
9772,25803,082,4773,2880,02:48 PM,53280,unresolved,observed,nmmt_schedule_9772
9772,25821,082,4773,2880,03:08 PM,54480,unresolved,observed,nmmt_schedule_9772
9772,14514,082,4773,2880,03:10 PM,54600,unresolved,observed,nmmt_schedule_9772
9772,25839,082,4773,2880,03:28 PM,55680,unresolved,observed,nmmt_schedule_9772
9772,19465,082,4773,2880,03:30 PM,55800,unresolved,observed,nmmt_schedule_9772
9772,14521,082,4773,2880,03:35 PM,56100,unresolved,observed,nmmt_schedule_9772
9772,25848,082,4773,2880,03:48 PM,56880,unresolved,observed,nmmt_schedule_9772
9772,19473,082,4773,2880,03:50 PM,57000,unresolved,observed,nmmt_schedule_9772
9772,14528,082,4773,2880,04:00 PM,57600,unresolved,observed,nmmt_schedule_9772
9772,19482,082,4773,2880,04:10 PM,58200,unresolved,observed,nmmt_schedule_9772
9772,25830,082,4773,2880,04:13 PM,58380,unresolved,observed,nmmt_schedule_9772
9772,25796,082,4773,2880,04:14 PM,58440,unresolved,observed,nmmt_schedule_9772
9772,14539,082,4773,2880,04:25 PM,59100,unresolved,observed,nmmt_schedule_9772
9772,19491,082,4773,2880,04:30 PM,59400,unresolved,observed,nmmt_schedule_9772
9772,25812,082,4773,2880,04:33 PM,59580,unresolved,observed,nmmt_schedule_9772
9772,25805,082,4773,2880,04:34 PM,59640,unresolved,observed,nmmt_schedule_9772
9772,19502,082,4773,2880,04:45 PM,60300,unresolved,observed,nmmt_schedule_9772
9772,14518,082,4773,2880,04:54 PM,60840,unresolved,observed,nmmt_schedule_9772
9772,14556,082,4773,2880,05:05 PM,61500,unresolved,observed,nmmt_schedule_9772
9772,25841,082,4773,2880,05:14 PM,62040,unresolved,observed,nmmt_schedule_9772
9772,19458,082,4773,2880,05:15 PM,62100,unresolved,observed,nmmt_schedule_9772
9772,14527,082,4773,2880,05:19 PM,62340,unresolved,observed,nmmt_schedule_9772
9772,25850,082,4773,2880,05:34 PM,63240,unresolved,observed,nmmt_schedule_9772
9772,19468,082,4773,2880,05:35 PM,63300,unresolved,observed,nmmt_schedule_9772
9772,14533,082,4773,2880,05:44 PM,63840,unresolved,observed,nmmt_schedule_9772
9772,19477,082,4773,2880,05:55 PM,64500,unresolved,observed,nmmt_schedule_9772
9772,25832,082,4773,2880,05:59 PM,64740,unresolved,observed,nmmt_schedule_9772
9772,14544,082,4773,2880,06:09 PM,65340,unresolved,observed,nmmt_schedule_9772
9772,19488,082,4773,2880,06:15 PM,65700,unresolved,observed,nmmt_schedule_9772
9772,25814,082,4773,2880,06:19 PM,65940,unresolved,observed,nmmt_schedule_9772
9772,14553,082,4773,2880,06:34 PM,66840,unresolved,observed,nmmt_schedule_9772
9772,19498,082,4773,2880,06:35 PM,66900,unresolved,observed,nmmt_schedule_9772
9772,25798,082,4773,2880,06:43 PM,67380,unresolved,observed,nmmt_schedule_9772
9772,14563,082,4773,2880,06:55 PM,68100,unresolved,observed,nmmt_schedule_9772
9772,25807,082,4773,2880,07:03 PM,68580,unresolved,observed,nmmt_schedule_9772
9772,14512,082,4773,2880,07:13 PM,69180,unresolved,observed,nmmt_schedule_9772
9772,25825,082,4773,2880,07:23 PM,69780,unresolved,observed,nmmt_schedule_9772
9772,19462,082,4773,2880,07:33 PM,70380,unresolved,observed,nmmt_schedule_9772
9772,14519,082,4773,2880,07:38 PM,70680,unresolved,observed,nmmt_schedule_9772
9772,25843,082,4773,2880,07:43 PM,70980,unresolved,observed,nmmt_schedule_9772
9772,19470,082,4773,2880,07:53 PM,71580,unresolved,observed,nmmt_schedule_9772
9772,14534,082,4773,2880,08:03 PM,72180,unresolved,observed,nmmt_schedule_9772
9772,19493,082,4773,2880,08:10 PM,72600,unresolved,observed,nmmt_schedule_9772
9772,19484,082,4773,2880,08:23 PM,73380,unresolved,observed,nmmt_schedule_9772
9772,14542,082,4773,2880,08:28 PM,73680,unresolved,observed,nmmt_schedule_9772
9772,25816,082,4773,2880,08:43 PM,74580,unresolved,observed,nmmt_schedule_9772
9772,14548,082,4773,2880,08:53 PM,75180,unresolved,observed,nmmt_schedule_9772
9772,14515,082,4773,2880,09:03 PM,75780,unresolved,observed,nmmt_schedule_9772
9772,19457,082,4773,2880,09:08 PM,76080,unresolved,observed,nmmt_schedule_9772
9772,19467,082,4773,2880,09:23 PM,76980,unresolved,observed,nmmt_schedule_9772
9773,16951,040 AC,3848,2880,07:00 AM,25200,unresolved,observed,nmmt_schedule_9773
9773,16957,040 AC,3848,2880,08:00 AM,28800,unresolved,observed,nmmt_schedule_9773
9773,16953,040 AC,3848,2880,09:00 AM,32400,unresolved,observed,nmmt_schedule_9773
9773,16964,040 AC,3848,2880,10:00 AM,36000,unresolved,observed,nmmt_schedule_9773
9773,16955,040 AC,3848,2880,11:40 AM,42000,unresolved,observed,nmmt_schedule_9773
9773,16960,040 AC,3848,2880,12:40 PM,45600,unresolved,observed,nmmt_schedule_9773
9773,16966,040 AC,3848,2880,03:40 PM,56400,unresolved,observed,nmmt_schedule_9773
9773,16978,040 AC,3848,2880,04:40 PM,60000,unresolved,observed,nmmt_schedule_9773
9773,16968,040 AC,3848,2880,05:50 PM,64200,unresolved,observed,nmmt_schedule_9773
9773,16974,040 AC,3848,2880,06:55 PM,68100,unresolved,observed,nmmt_schedule_9773
9773,16970,040 AC,3848,2880,08:30 PM,73800,unresolved,observed,nmmt_schedule_9773
9773,16980,040 AC,3848,2880,10:15 PM,80100,unresolved,observed,nmmt_schedule_9773
9774,16950,040 AC,2880,3848,06:00 AM,21600,unresolved,observed,nmmt_schedule_9774
9774,16963,040 AC,2880,3848,07:00 AM,25200,unresolved,observed,nmmt_schedule_9774
9774,16952,040 AC,2880,3848,08:00 AM,28800,unresolved,observed,nmmt_schedule_9774
9774,16958,040 AC,2880,3848,09:00 AM,32400,unresolved,observed,nmmt_schedule_9774
9774,16954,040 AC,2880,3848,10:40 AM,38400,unresolved,observed,nmmt_schedule_9774
9774,16959,040 AC,2880,3848,11:40 AM,42000,unresolved,observed,nmmt_schedule_9774
9774,16965,040 AC,2880,3848,02:40 PM,52800,unresolved,observed,nmmt_schedule_9774
9774,16977,040 AC,2880,3848,03:40 PM,56400,unresolved,observed,nmmt_schedule_9774
9774,16967,040 AC,2880,3848,04:50 PM,60600,unresolved,observed,nmmt_schedule_9774
9774,16973,040 AC,2880,3848,05:55 PM,64500,unresolved,observed,nmmt_schedule_9774
9774,16969,040 AC,2880,3848,07:30 PM,70200,unresolved,observed,nmmt_schedule_9774
9774,16979,040 AC,2880,3848,09:15 PM,76500,unresolved,observed,nmmt_schedule_9774
9775,16949,040 AC,2907,2880,05:50 AM,21000,unresolved,observed,nmmt_schedule_9775
9775,16962,040 AC,2907,2880,06:50 AM,24600,unresolved,observed,nmmt_schedule_9775
9775,16972,040 AC,2907,2880,02:30 PM,52200,unresolved,observed,nmmt_schedule_9775
9775,16976,040 AC,2907,2880,03:30 PM,55800,unresolved,observed,nmmt_schedule_9775
9776,16956,040 AC,2880,2907,12:37 PM,45420,unresolved,observed,nmmt_schedule_9776
9776,16961,040 AC,2880,2907,01:37 PM,49020,unresolved,observed,nmmt_schedule_9776
9776,16971,040 AC,2880,2907,09:30 PM,77400,unresolved,observed,nmmt_schedule_9776
9776,16975,040 AC,2880,2907,11:10 PM,83400,unresolved,observed,nmmt_schedule_9776
9779,24686,003 AC,2908,3137,07:25 AM,26700,unresolved,observed,nmmt_schedule_9779
9780,24694,003 AC,2908,3173,03:05 PM,54300,unresolved,observed,nmmt_schedule_9780
9781,24687,003 AC,3173,3137,10:50 AM,39000,unresolved,observed,nmmt_schedule_9781
9781,24719,003 AC,3173,3137,12:40 PM,45600,unresolved,observed,nmmt_schedule_9781
9801,15598,A-1 AC,5304,3996,07:00 AM,25200,unresolved,observed,nmmt_schedule_9801
9801,15612,A-1 AC,5304,3996,07:22 AM,26520,unresolved,observed,nmmt_schedule_9801
9801,15627,A-1 AC,5304,3996,07:48 AM,28080,unresolved,observed,nmmt_schedule_9801
9801,15600,A-1 AC,5304,3996,08:05 AM,29100,unresolved,observed,nmmt_schedule_9801
9801,15614,A-1 AC,5304,3996,08:28 AM,30480,unresolved,observed,nmmt_schedule_9801
9801,15629,A-1 AC,5304,3996,08:53 AM,31980,unresolved,observed,nmmt_schedule_9801
9801,15616,A-1 AC,5304,3996,09:33 AM,34380,unresolved,observed,nmmt_schedule_9801
9801,15602,A-1 AC,5304,3996,09:58 AM,35880,unresolved,observed,nmmt_schedule_9801
9801,15631,A-1 AC,5304,3996,10:33 AM,37980,unresolved,observed,nmmt_schedule_9801
9801,15604,A-1 AC,5304,3996,11:03 AM,39780,unresolved,observed,nmmt_schedule_9801
9801,15620,A-1 AC,5304,3996,11:25 AM,41100,unresolved,observed,nmmt_schedule_9801
9801,15633,A-1 AC,5304,3996,11:47 AM,42420,unresolved,observed,nmmt_schedule_9801
9801,15606,A-1 AC,5304,3996,12:09 PM,43740,unresolved,observed,nmmt_schedule_9801
9801,15622,A-1 AC,5304,3996,12:31 PM,45060,unresolved,observed,nmmt_schedule_9801
9801,15635,A-1 AC,5304,3996,12:53 PM,46380,unresolved,observed,nmmt_schedule_9801
9801,15643,A-1 AC,5304,3996,04:28 PM,59280,unresolved,observed,nmmt_schedule_9801
9801,15656,A-1 AC,5304,3996,04:50 PM,60600,unresolved,observed,nmmt_schedule_9801
9801,15670,A-1 AC,5304,3996,05:13 PM,61980,unresolved,observed,nmmt_schedule_9801
9801,15645,A-1 AC,5304,3996,05:33 PM,63180,unresolved,observed,nmmt_schedule_9801
9801,15658,A-1 AC,5304,3996,05:56 PM,64560,unresolved,observed,nmmt_schedule_9801
9801,15672,A-1 AC,5304,3996,06:23 PM,66180,unresolved,observed,nmmt_schedule_9801
9801,15647,A-1 AC,5304,3996,07:13 PM,69180,unresolved,observed,nmmt_schedule_9801
9801,15660,A-1 AC,5304,3996,07:38 PM,70680,unresolved,observed,nmmt_schedule_9801
9801,15674,A-1 AC,5304,3996,08:03 PM,72180,unresolved,observed,nmmt_schedule_9801
9801,15649,A-1 AC,5304,3996,08:25 PM,73500,unresolved,observed,nmmt_schedule_9801
9801,15662,A-1 AC,5304,3996,08:47 PM,74820,unresolved,observed,nmmt_schedule_9801
9801,15676,A-1 AC,5304,3996,09:09 PM,76140,unresolved,observed,nmmt_schedule_9801
9801,15651,A-1 AC,5304,3996,09:30 PM,77400,unresolved,observed,nmmt_schedule_9801
9801,15664,A-1 AC,5304,3996,09:53 PM,78780,unresolved,observed,nmmt_schedule_9801
9801,15678,A-1 AC,5304,3996,10:15 PM,80100,unresolved,observed,nmmt_schedule_9801
9802,22510,A-1 AC,3996,5304,06:30 AM,23400,unresolved,observed,nmmt_schedule_9802
9802,22522,A-1 AC,3996,5304,06:52 AM,24720,unresolved,observed,nmmt_schedule_9802
9802,15626,A-1 AC,3996,5304,07:15 AM,26100,unresolved,observed,nmmt_schedule_9802
9802,15599,A-1 AC,3996,5304,07:33 AM,27180,unresolved,observed,nmmt_schedule_9802
9802,15613,A-1 AC,3996,5304,07:55 AM,28500,unresolved,observed,nmmt_schedule_9802
9802,15628,A-1 AC,3996,5304,08:20 AM,30000,unresolved,observed,nmmt_schedule_9802
9802,15615,A-1 AC,3996,5304,09:00 AM,32400,unresolved,observed,nmmt_schedule_9802
9802,15601,A-1 AC,3996,5304,09:25 AM,33900,unresolved,observed,nmmt_schedule_9802
9802,15630,A-1 AC,3996,5304,10:00 AM,36000,unresolved,observed,nmmt_schedule_9802
9802,15603,A-1 AC,3996,5304,10:30 AM,37800,unresolved,observed,nmmt_schedule_9802
9802,15619,A-1 AC,3996,5304,10:52 AM,39120,unresolved,observed,nmmt_schedule_9802
9802,15632,A-1 AC,3996,5304,11:14 AM,40440,unresolved,observed,nmmt_schedule_9802
9802,15605,A-1 AC,3996,5304,11:36 AM,41760,unresolved,observed,nmmt_schedule_9802
9802,15621,A-1 AC,3996,5304,11:58 AM,43080,unresolved,observed,nmmt_schedule_9802
9802,15634,A-1 AC,3996,5304,12:20 PM,44400,unresolved,observed,nmmt_schedule_9802
9802,15636,A-1 AC,3996,5304,01:30 PM,48600,unresolved,observed,nmmt_schedule_9802
9802,15642,A-1 AC,3996,5304,03:55 PM,57300,unresolved,observed,nmmt_schedule_9802
9802,15655,A-1 AC,3996,5304,04:17 PM,58620,unresolved,observed,nmmt_schedule_9802
9802,15669,A-1 AC,3996,5304,04:40 PM,60000,unresolved,observed,nmmt_schedule_9802
9802,15644,A-1 AC,3996,5304,05:00 PM,61200,unresolved,observed,nmmt_schedule_9802
9802,15657,A-1 AC,3996,5304,05:23 PM,62580,unresolved,observed,nmmt_schedule_9802
9802,15671,A-1 AC,3996,5304,05:50 PM,64200,unresolved,observed,nmmt_schedule_9802
9802,15646,A-1 AC,3996,5304,06:40 PM,67200,unresolved,observed,nmmt_schedule_9802
9802,15659,A-1 AC,3996,5304,07:05 PM,68700,unresolved,observed,nmmt_schedule_9802
9802,15673,A-1 AC,3996,5304,07:30 PM,70200,unresolved,observed,nmmt_schedule_9802
9802,15648,A-1 AC,3996,5304,07:52 PM,71520,unresolved,observed,nmmt_schedule_9802
9802,15661,A-1 AC,3996,5304,08:14 PM,72840,unresolved,observed,nmmt_schedule_9802
9802,15675,A-1 AC,3996,5304,08:36 PM,74160,unresolved,observed,nmmt_schedule_9802
9802,15650,A-1 AC,3996,5304,08:58 PM,75480,unresolved,observed,nmmt_schedule_9802
9802,15663,A-1 AC,3996,5304,09:20 PM,76800,unresolved,observed,nmmt_schedule_9802
9802,15677,A-1 AC,3996,5304,09:45 PM,78300,unresolved,observed,nmmt_schedule_9802
9802,15652,A-1 AC,3996,5304,10:03 PM,79380,unresolved,observed,nmmt_schedule_9802
9807,23889,A-3 AC,3323,5304,12:10 AM,600,unresolved,observed,nmmt_schedule_9807
9807,23808,A-3 AC,3323,5304,06:32 AM,23520,unresolved,observed,nmmt_schedule_9807
9807,23824,A-3 AC,3323,5304,06:58 AM,25080,unresolved,observed,nmmt_schedule_9807
9807,23810,A-3 AC,3323,5304,07:22 AM,26520,unresolved,observed,nmmt_schedule_9807
9807,23826,A-3 AC,3323,5304,07:48 AM,28080,unresolved,observed,nmmt_schedule_9807
9807,23812,A-3 AC,3323,5304,08:14 AM,29640,unresolved,observed,nmmt_schedule_9807
9807,23840,A-3 AC,3323,5304,08:32 AM,30720,unresolved,observed,nmmt_schedule_9807
9807,23828,A-3 AC,3323,5304,08:49 AM,31740,unresolved,observed,nmmt_schedule_9807
9807,23814,A-3 AC,3323,5304,09:06 AM,32760,unresolved,observed,nmmt_schedule_9807
9807,23842,A-3 AC,3323,5304,09:24 AM,33840,unresolved,observed,nmmt_schedule_9807
9807,23830,A-3 AC,3323,5304,09:41 AM,34860,unresolved,observed,nmmt_schedule_9807
9807,23844,A-3 AC,3323,5304,10:15 AM,36900,unresolved,observed,nmmt_schedule_9807
9807,23816,A-3 AC,3323,5304,10:33 AM,37980,unresolved,observed,nmmt_schedule_9807
9807,23832,A-3 AC,3323,5304,11:08 AM,40080,unresolved,observed,nmmt_schedule_9807
9807,23818,A-3 AC,3323,5304,11:25 AM,41100,unresolved,observed,nmmt_schedule_9807
9807,23846,A-3 AC,3323,5304,11:42 AM,42120,unresolved,observed,nmmt_schedule_9807
9807,23834,A-3 AC,3323,5304,12:00 PM,43200,unresolved,observed,nmmt_schedule_9807
9807,23820,A-3 AC,3323,5304,12:16 PM,44160,unresolved,observed,nmmt_schedule_9807
9807,23848,A-3 AC,3323,5304,12:35 PM,45300,unresolved,observed,nmmt_schedule_9807
9807,23836,A-3 AC,3323,5304,12:52 PM,46320,unresolved,observed,nmmt_schedule_9807
9807,23850,A-3 AC,3323,5304,01:27 PM,48420,unresolved,observed,nmmt_schedule_9807
9807,23852,A-3 AC,3323,5304,02:25 PM,51900,unresolved,observed,nmmt_schedule_9807
9807,23855,A-3 AC,3323,5304,03:40 PM,56400,unresolved,observed,nmmt_schedule_9807
9807,23872,A-3 AC,3323,5304,04:15 PM,58500,unresolved,observed,nmmt_schedule_9807
9807,23857,A-3 AC,3323,5304,04:32 PM,59520,unresolved,observed,nmmt_schedule_9807
9807,23874,A-3 AC,3323,5304,05:05 PM,61500,unresolved,observed,nmmt_schedule_9807
9807,23859,A-3 AC,3323,5304,05:24 PM,62640,unresolved,observed,nmmt_schedule_9807
9807,23892,A-3 AC,3323,5304,05:40 PM,63600,unresolved,observed,nmmt_schedule_9807
9807,23876,A-3 AC,3323,5304,05:59 PM,64740,unresolved,observed,nmmt_schedule_9807
9807,23861,A-3 AC,3323,5304,06:16 PM,65760,unresolved,observed,nmmt_schedule_9807
9807,23894,A-3 AC,3323,5304,06:30 PM,66600,unresolved,observed,nmmt_schedule_9807
9807,23878,A-3 AC,3323,5304,06:50 PM,67800,unresolved,observed,nmmt_schedule_9807
9807,23863,A-3 AC,3323,5304,07:08 PM,68880,unresolved,observed,nmmt_schedule_9807
9807,23896,A-3 AC,3323,5304,07:22 PM,69720,unresolved,observed,nmmt_schedule_9807
9807,23880,A-3 AC,3323,5304,07:43 PM,70980,unresolved,observed,nmmt_schedule_9807
9807,23898,A-3 AC,3323,5304,08:18 PM,73080,unresolved,observed,nmmt_schedule_9807
9807,23865,A-3 AC,3323,5304,08:35 PM,74100,unresolved,observed,nmmt_schedule_9807
9807,23882,A-3 AC,3323,5304,09:07 PM,76020,unresolved,observed,nmmt_schedule_9807
9807,23867,A-3 AC,3323,5304,09:25 PM,77100,unresolved,observed,nmmt_schedule_9807
9807,23900,A-3 AC,3323,5304,09:41 PM,78060,unresolved,observed,nmmt_schedule_9807
9807,23884,A-3 AC,3323,5304,09:57 PM,79020,unresolved,observed,nmmt_schedule_9807
9807,23869,A-3 AC,3323,5304,10:15 PM,80100,unresolved,observed,nmmt_schedule_9807
9807,23902,A-3 AC,3323,5304,10:30 PM,81000,unresolved,observed,nmmt_schedule_9807
9807,23886,A-3 AC,3323,5304,10:47 PM,82020,unresolved,observed,nmmt_schedule_9807
9807,23904,A-3 AC,3323,5304,11:20 PM,84000,unresolved,observed,nmmt_schedule_9807
9808,23890,A-3 AC,5304,3323,12:35 AM,2100,unresolved,observed,nmmt_schedule_9808
9808,23809,A-3 AC,5304,3323,06:56 AM,24960,unresolved,observed,nmmt_schedule_9808
9808,23825,A-3 AC,5304,3323,07:23 AM,26580,unresolved,observed,nmmt_schedule_9808
9808,23811,A-3 AC,5304,3323,07:48 AM,28080,unresolved,observed,nmmt_schedule_9808
9808,23827,A-3 AC,5304,3323,08:14 AM,29640,unresolved,observed,nmmt_schedule_9808
9808,23813,A-3 AC,5304,3323,08:40 AM,31200,unresolved,observed,nmmt_schedule_9808
9808,23841,A-3 AC,5304,3323,08:58 AM,32280,unresolved,observed,nmmt_schedule_9808
9808,23829,A-3 AC,5304,3323,09:15 AM,33300,unresolved,observed,nmmt_schedule_9808
9808,23815,A-3 AC,5304,3323,09:32 AM,34320,unresolved,observed,nmmt_schedule_9808
9808,23843,A-3 AC,5304,3323,09:49 AM,35340,unresolved,observed,nmmt_schedule_9808
9808,23831,A-3 AC,5304,3323,10:07 AM,36420,unresolved,observed,nmmt_schedule_9808
9808,23845,A-3 AC,5304,3323,10:41 AM,38460,unresolved,observed,nmmt_schedule_9808
9808,23817,A-3 AC,5304,3323,10:59 AM,39540,unresolved,observed,nmmt_schedule_9808
9808,23833,A-3 AC,5304,3323,11:34 AM,41640,unresolved,observed,nmmt_schedule_9808
9808,23819,A-3 AC,5304,3323,11:51 AM,42660,unresolved,observed,nmmt_schedule_9808
9808,23847,A-3 AC,5304,3323,12:05 PM,43500,unresolved,observed,nmmt_schedule_9808
9808,23835,A-3 AC,5304,3323,12:26 PM,44760,unresolved,observed,nmmt_schedule_9808
9808,23821,A-3 AC,5304,3323,12:43 PM,45780,unresolved,observed,nmmt_schedule_9808
9808,23849,A-3 AC,5304,3323,01:01 PM,46860,unresolved,observed,nmmt_schedule_9808
9808,23837,A-3 AC,5304,3323,01:18 PM,47880,unresolved,observed,nmmt_schedule_9808
9808,23851,A-3 AC,5304,3323,01:52 PM,49920,unresolved,observed,nmmt_schedule_9808
9808,23853,A-3 AC,5304,3323,02:50 PM,53400,unresolved,observed,nmmt_schedule_9808
9808,23856,A-3 AC,5304,3323,04:06 PM,57960,unresolved,observed,nmmt_schedule_9808
9808,23873,A-3 AC,5304,3323,04:40 PM,60000,unresolved,observed,nmmt_schedule_9808
9808,23858,A-3 AC,5304,3323,04:58 PM,61080,unresolved,observed,nmmt_schedule_9808
9808,23875,A-3 AC,5304,3323,05:33 PM,63180,unresolved,observed,nmmt_schedule_9808
9808,23860,A-3 AC,5304,3323,05:50 PM,64200,unresolved,observed,nmmt_schedule_9808
9808,23893,A-3 AC,5304,3323,06:05 PM,65100,unresolved,observed,nmmt_schedule_9808
9808,23877,A-3 AC,5304,3323,06:25 PM,66300,unresolved,observed,nmmt_schedule_9808
9808,23862,A-3 AC,5304,3323,06:42 PM,67320,unresolved,observed,nmmt_schedule_9808
9808,23895,A-3 AC,5304,3323,06:56 PM,68160,unresolved,observed,nmmt_schedule_9808
9808,23879,A-3 AC,5304,3323,07:17 PM,69420,unresolved,observed,nmmt_schedule_9808
9808,23864,A-3 AC,5304,3323,07:34 PM,70440,unresolved,observed,nmmt_schedule_9808
9808,23897,A-3 AC,5304,3323,07:52 PM,71520,unresolved,observed,nmmt_schedule_9808
9808,23881,A-3 AC,5304,3323,08:09 PM,72540,unresolved,observed,nmmt_schedule_9808
9808,23899,A-3 AC,5304,3323,08:44 PM,74640,unresolved,observed,nmmt_schedule_9808
9808,23866,A-3 AC,5304,3323,09:00 PM,75600,unresolved,observed,nmmt_schedule_9808
9808,23883,A-3 AC,5304,3323,09:32 PM,77520,unresolved,observed,nmmt_schedule_9808
9808,23868,A-3 AC,5304,3323,09:50 PM,78600,unresolved,observed,nmmt_schedule_9808
9808,23901,A-3 AC,5304,3323,10:05 PM,79500,unresolved,observed,nmmt_schedule_9808
9808,23885,A-3 AC,5304,3323,10:22 PM,80520,unresolved,observed,nmmt_schedule_9808
9808,23870,A-3 AC,5304,3323,10:40 PM,81600,unresolved,observed,nmmt_schedule_9808
9808,23903,A-3 AC,5304,3323,10:55 PM,82500,unresolved,observed,nmmt_schedule_9808
9808,23887,A-3 AC,5304,3323,11:11 PM,83460,unresolved,observed,nmmt_schedule_9808
9808,23905,A-3 AC,5304,3323,11:45 PM,85500,unresolved,observed,nmmt_schedule_9808
9809,23807,A-3 AC,2692,3323,06:10 AM,22200,unresolved,observed,nmmt_schedule_9809
9809,23823,A-3 AC,2692,3323,06:35 AM,23700,unresolved,observed,nmmt_schedule_9809
9809,23839,A-3 AC,2692,3323,08:10 AM,29400,unresolved,observed,nmmt_schedule_9809
9810,23891,A-3 AC,3323,2692,12:59 AM,3540,unresolved,observed,nmmt_schedule_9810
9810,23871,A-3 AC,3323,2692,11:03 PM,82980,unresolved,observed,nmmt_schedule_9810
9810,23888,A-3 AC,3323,2692,11:35 PM,84900,unresolved,observed,nmmt_schedule_9810
9811,15150,A-5 AC,3461,5281,06:30 AM,23400,unresolved,observed,nmmt_schedule_9811
9811,15152,A-5 AC,3461,5281,08:30 AM,30600,unresolved,observed,nmmt_schedule_9811
9811,15154,A-5 AC,3461,5281,09:30 AM,34200,unresolved,observed,nmmt_schedule_9811
9811,15156,A-5 AC,3461,5281,12:00 PM,43200,unresolved,observed,nmmt_schedule_9811
9811,15158,A-5 AC,3461,5281,01:20 PM,48000,unresolved,observed,nmmt_schedule_9811
9811,15164,A-5 AC,3461,5281,03:20 PM,55200,unresolved,observed,nmmt_schedule_9811
9811,15166,A-5 AC,3461,5281,05:02 PM,61320,unresolved,observed,nmmt_schedule_9811
9811,15168,A-5 AC,3461,5281,05:56 PM,64560,unresolved,observed,nmmt_schedule_9811
9811,15172,A-5 AC,3461,5281,06:50 PM,67800,unresolved,observed,nmmt_schedule_9811
9811,15174,A-5 AC,3461,5281,07:50 PM,71400,unresolved,observed,nmmt_schedule_9811
9811,25622,A-5 AC,3461,5281,09:35 PM,77700,unresolved,observed,nmmt_schedule_9811
9811,7531,A-5 AC,3461,5281,09:35 PM,77700,unresolved,observed,nmmt_schedule_9811
9812,21712,A-4 AC,4115,5304,06:20 AM,22800,unresolved,observed,nmmt_schedule_9812
9812,25633,A-4 AC,4115,5304,06:38 AM,23880,unresolved,observed,nmmt_schedule_9812
9812,21728,A-4 AC,4115,5304,06:46 AM,24360,unresolved,observed,nmmt_schedule_9812
9812,25651,A-4 AC,4115,5304,06:59 AM,25140,unresolved,observed,nmmt_schedule_9812
9812,21715,A-4 AC,4115,5304,07:15 AM,26100,unresolved,observed,nmmt_schedule_9812
9812,25635,A-4 AC,4115,5304,07:29 AM,26940,unresolved,observed,nmmt_schedule_9812
9812,21737,A-4 AC,4115,5304,07:43 AM,27780,unresolved,observed,nmmt_schedule_9812
9812,25653,A-4 AC,4115,5304,07:55 AM,28500,unresolved,observed,nmmt_schedule_9812
9812,21717,A-4 AC,4115,5304,08:11 AM,29460,unresolved,observed,nmmt_schedule_9812
9812,25637,A-4 AC,4115,5304,08:22 AM,30120,unresolved,observed,nmmt_schedule_9812
9812,21746,A-4 AC,4115,5304,08:30 AM,30600,unresolved,observed,nmmt_schedule_9812
9812,21739,A-4 AC,4115,5304,08:48 AM,31680,unresolved,observed,nmmt_schedule_9812
9812,21719,A-4 AC,4115,5304,09:07 AM,32820,unresolved,observed,nmmt_schedule_9812
9812,21755,A-4 AC,4115,5304,09:26 AM,33960,unresolved,observed,nmmt_schedule_9812
9812,21730,A-4 AC,4115,5304,09:44 AM,35040,unresolved,observed,nmmt_schedule_9812
9812,21757,A-4 AC,4115,5304,10:22 AM,37320,unresolved,observed,nmmt_schedule_9812
9812,21721,A-4 AC,4115,5304,10:40 AM,38400,unresolved,observed,nmmt_schedule_9812
9812,21732,A-4 AC,4115,5304,11:17 AM,40620,unresolved,observed,nmmt_schedule_9812
9812,25657,A-4 AC,4115,5304,11:26 AM,41160,unresolved,observed,nmmt_schedule_9812
9812,21723,A-4 AC,4115,5304,11:36 AM,41760,unresolved,observed,nmmt_schedule_9812
9812,25643,A-4 AC,4115,5304,11:46 AM,42360,unresolved,observed,nmmt_schedule_9812
9812,21759,A-4 AC,4115,5304,11:55 AM,42900,unresolved,observed,nmmt_schedule_9812
9812,21734,A-4 AC,4115,5304,12:13 PM,43980,unresolved,observed,nmmt_schedule_9812
9812,25659,A-4 AC,4115,5304,12:22 PM,44520,unresolved,observed,nmmt_schedule_9812
9812,21725,A-4 AC,4115,5304,12:32 PM,45120,unresolved,observed,nmmt_schedule_9812
9812,25645,A-4 AC,4115,5304,12:42 PM,45720,unresolved,observed,nmmt_schedule_9812
9812,21745,A-4 AC,4115,5304,12:51 PM,46260,unresolved,observed,nmmt_schedule_9812
9812,21741,A-4 AC,4115,5304,01:09 PM,47340,unresolved,observed,nmmt_schedule_9812
9812,25661,A-4 AC,4115,5304,01:18 PM,47880,unresolved,observed,nmmt_schedule_9812
9812,21751,A-4 AC,4115,5304,01:47 PM,49620,unresolved,observed,nmmt_schedule_9812
9812,21749,A-4 AC,4115,5304,02:43 PM,52980,unresolved,observed,nmmt_schedule_9812
9812,21760,A-4 AC,4115,5304,03:20 PM,55200,unresolved,observed,nmmt_schedule_9812
9812,21763,A-4 AC,4115,5304,04:16 PM,58560,unresolved,observed,nmmt_schedule_9812
9812,25665,A-4 AC,4115,5304,04:21 PM,58860,unresolved,observed,nmmt_schedule_9812
9812,21778,A-4 AC,4115,5304,04:45 PM,60300,unresolved,observed,nmmt_schedule_9812
9812,25680,A-4 AC,4115,5304,04:49 PM,60540,unresolved,observed,nmmt_schedule_9812
9812,21765,A-4 AC,4115,5304,05:12 PM,61920,unresolved,observed,nmmt_schedule_9812
9812,25667,A-4 AC,4115,5304,05:17 PM,62220,unresolved,observed,nmmt_schedule_9812
9812,21792,A-4 AC,4115,5304,05:31 PM,63060,unresolved,observed,nmmt_schedule_9812
9812,21780,A-4 AC,4115,5304,05:49 PM,64140,unresolved,observed,nmmt_schedule_9812
9812,21767,A-4 AC,4115,5304,06:08 PM,65280,unresolved,observed,nmmt_schedule_9812
9812,21794,A-4 AC,4115,5304,06:27 PM,66420,unresolved,observed,nmmt_schedule_9812
9812,21782,A-4 AC,4115,5304,06:45 PM,67500,unresolved,observed,nmmt_schedule_9812
9812,21796,A-4 AC,4115,5304,07:23 PM,69780,unresolved,observed,nmmt_schedule_9812
9812,21769,A-4 AC,4115,5304,07:51 PM,71460,unresolved,observed,nmmt_schedule_9812
9812,21783,A-4 AC,4115,5304,08:28 PM,73680,unresolved,observed,nmmt_schedule_9812
9812,21771,A-4 AC,4115,5304,08:47 PM,74820,unresolved,observed,nmmt_schedule_9812
9812,21798,A-4 AC,4115,5304,09:06 PM,75960,unresolved,observed,nmmt_schedule_9812
9812,21785,A-4 AC,4115,5304,09:24 PM,77040,unresolved,observed,nmmt_schedule_9812
9812,21774,A-4 AC,4115,5304,09:43 PM,78180,unresolved,observed,nmmt_schedule_9812
9812,21800,A-4 AC,4115,5304,10:05 PM,79500,unresolved,observed,nmmt_schedule_9812
9812,21787,A-4 AC,4115,5304,10:25 PM,80700,unresolved,observed,nmmt_schedule_9812
9812,21802,A-4 AC,4115,5304,11:01 PM,82860,unresolved,observed,nmmt_schedule_9812
9812,21789,A-4 AC,4115,5304,11:25 PM,84300,unresolved,observed,nmmt_schedule_9812
9812,21805,A-4 AC,4115,5304,11:59 PM,86340,unresolved,observed,nmmt_schedule_9812
9813,15151,A-5 AC,5281,3461,07:45 AM,27900,unresolved,observed,nmmt_schedule_9813
9813,15153,A-5 AC,5281,3461,09:00 AM,32400,unresolved,observed,nmmt_schedule_9813
9813,15155,A-5 AC,5281,3461,09:56 AM,35760,unresolved,observed,nmmt_schedule_9813
9813,15157,A-5 AC,5281,3461,12:30 PM,45000,unresolved,observed,nmmt_schedule_9813
9813,15159,A-5 AC,5281,3461,01:45 PM,49500,unresolved,observed,nmmt_schedule_9813
9813,15165,A-5 AC,5281,3461,03:45 PM,56700,unresolved,observed,nmmt_schedule_9813
9813,15167,A-5 AC,5281,3461,05:30 PM,63000,unresolved,observed,nmmt_schedule_9813
9813,15171,A-5 AC,5281,3461,06:20 PM,66000,unresolved,observed,nmmt_schedule_9813
9813,15173,A-5 AC,5281,3461,07:20 PM,69600,unresolved,observed,nmmt_schedule_9813
9813,15175,A-5 AC,5281,3461,08:20 PM,73200,unresolved,observed,nmmt_schedule_9813
9813,7532,A-5 AC,5281,3461,10:45 PM,81900,unresolved,observed,nmmt_schedule_9813
9814,21714,A-4 AC,5304,4115,06:47 AM,24420,unresolved,observed,nmmt_schedule_9814
9814,25634,A-4 AC,5304,4115,07:03 AM,25380,unresolved,observed,nmmt_schedule_9814
9814,21736,A-4 AC,5304,4115,07:13 AM,25980,unresolved,observed,nmmt_schedule_9814
9814,25652,A-4 AC,5304,4115,07:25 AM,26700,unresolved,observed,nmmt_schedule_9814
9814,21716,A-4 AC,5304,4115,07:43 AM,27780,unresolved,observed,nmmt_schedule_9814
9814,25636,A-4 AC,5304,4115,07:56 AM,28560,unresolved,observed,nmmt_schedule_9814
9814,21738,A-4 AC,5304,4115,08:11 AM,29460,unresolved,observed,nmmt_schedule_9814
9814,25654,A-4 AC,5304,4115,08:23 AM,30180,unresolved,observed,nmmt_schedule_9814
9814,21718,A-4 AC,5304,4115,08:39 AM,31140,unresolved,observed,nmmt_schedule_9814
9814,25638,A-4 AC,5304,4115,08:48 AM,31680,unresolved,observed,nmmt_schedule_9814
9814,21750,A-4 AC,5304,4115,08:58 AM,32280,unresolved,observed,nmmt_schedule_9814
9814,21729,A-4 AC,5304,4115,09:16 AM,33360,unresolved,observed,nmmt_schedule_9814
9814,21720,A-4 AC,5304,4115,09:35 AM,34500,unresolved,observed,nmmt_schedule_9814
9814,21756,A-4 AC,5304,4115,09:54 AM,35640,unresolved,observed,nmmt_schedule_9814
9814,21731,A-4 AC,5304,4115,10:12 AM,36720,unresolved,observed,nmmt_schedule_9814
9814,21758,A-4 AC,5304,4115,10:50 AM,39000,unresolved,observed,nmmt_schedule_9814
9814,21722,A-4 AC,5304,4115,11:08 AM,40080,unresolved,observed,nmmt_schedule_9814
9814,21733,A-4 AC,5304,4115,11:45 AM,42300,unresolved,observed,nmmt_schedule_9814
9814,25658,A-4 AC,5304,4115,11:54 AM,42840,unresolved,observed,nmmt_schedule_9814
9814,21724,A-4 AC,5304,4115,12:04 PM,43440,unresolved,observed,nmmt_schedule_9814
9814,25644,A-4 AC,5304,4115,12:14 PM,44040,unresolved,observed,nmmt_schedule_9814
9814,21744,A-4 AC,5304,4115,12:23 PM,44580,unresolved,observed,nmmt_schedule_9814
9814,21735,A-4 AC,5304,4115,12:41 PM,45660,unresolved,observed,nmmt_schedule_9814
9814,25660,A-4 AC,5304,4115,12:50 PM,46200,unresolved,observed,nmmt_schedule_9814
9814,21726,A-4 AC,5304,4115,01:00 PM,46800,unresolved,observed,nmmt_schedule_9814
9814,25646,A-4 AC,5304,4115,01:10 PM,47400,unresolved,observed,nmmt_schedule_9814
9814,21747,A-4 AC,5304,4115,01:19 PM,47940,unresolved,observed,nmmt_schedule_9814
9814,21742,A-4 AC,5304,4115,01:37 PM,49020,unresolved,observed,nmmt_schedule_9814
9814,25662,A-4 AC,5304,4115,01:46 PM,49560,unresolved,observed,nmmt_schedule_9814
9814,21752,A-4 AC,5304,4115,02:15 PM,51300,unresolved,observed,nmmt_schedule_9814
9814,21753,A-4 AC,5304,4115,03:10 PM,54600,unresolved,observed,nmmt_schedule_9814
9814,21761,A-4 AC,5304,4115,03:48 PM,56880,unresolved,observed,nmmt_schedule_9814
9814,21764,A-4 AC,5304,4115,04:44 PM,60240,unresolved,observed,nmmt_schedule_9814
9814,25666,A-4 AC,5304,4115,04:49 PM,60540,unresolved,observed,nmmt_schedule_9814
9814,21779,A-4 AC,5304,4115,05:13 PM,61980,unresolved,observed,nmmt_schedule_9814
9814,25681,A-4 AC,5304,4115,05:16 PM,62160,unresolved,observed,nmmt_schedule_9814
9814,21766,A-4 AC,5304,4115,05:40 PM,63600,unresolved,observed,nmmt_schedule_9814
9814,25668,A-4 AC,5304,4115,05:45 PM,63900,unresolved,observed,nmmt_schedule_9814
9814,21793,A-4 AC,5304,4115,05:59 PM,64740,unresolved,observed,nmmt_schedule_9814
9814,21781,A-4 AC,5304,4115,06:17 PM,65820,unresolved,observed,nmmt_schedule_9814
9814,21768,A-4 AC,5304,4115,06:36 PM,66960,unresolved,observed,nmmt_schedule_9814
9814,21795,A-4 AC,5304,4115,06:55 PM,68100,unresolved,observed,nmmt_schedule_9814
9814,21797,A-4 AC,5304,4115,07:51 PM,71460,unresolved,observed,nmmt_schedule_9814
9814,21770,A-4 AC,5304,4115,08:19 PM,73140,unresolved,observed,nmmt_schedule_9814
9814,21784,A-4 AC,5304,4115,08:56 PM,75360,unresolved,observed,nmmt_schedule_9814
9814,21772,A-4 AC,5304,4115,09:15 PM,76500,unresolved,observed,nmmt_schedule_9814
9814,21799,A-4 AC,5304,4115,09:34 PM,77640,unresolved,observed,nmmt_schedule_9814
9814,21786,A-4 AC,5304,4115,09:52 PM,78720,unresolved,observed,nmmt_schedule_9814
9814,21775,A-4 AC,5304,4115,10:11 PM,79860,unresolved,observed,nmmt_schedule_9814
9814,21801,A-4 AC,5304,4115,10:33 PM,81180,unresolved,observed,nmmt_schedule_9814
9814,21788,A-4 AC,5304,4115,10:53 PM,82380,unresolved,observed,nmmt_schedule_9814
9814,21803,A-4 AC,5304,4115,11:30 PM,84600,unresolved,observed,nmmt_schedule_9814
9814,21790,A-4 AC,5304,4115,11:55 PM,86100,unresolved,observed,nmmt_schedule_9814
9814,21804,A-4 AC,5304,4115,12:30 AM,1800,unresolved,observed,nmmt_schedule_9814
9815,16169,A-2 AC,5294,5268,06:30 AM,23400,unresolved,observed,nmmt_schedule_9815
9815,16189,A-2 AC,5294,5268,06:50 AM,24600,unresolved,observed,nmmt_schedule_9815
9815,16171,A-2 AC,5294,5268,07:10 AM,25800,unresolved,observed,nmmt_schedule_9815
9815,16191,A-2 AC,5294,5268,07:30 AM,27000,unresolved,observed,nmmt_schedule_9815
9815,16173,A-2 AC,5294,5268,07:51 AM,28260,unresolved,observed,nmmt_schedule_9815
9815,16193,A-2 AC,5294,5268,08:12 AM,29520,unresolved,observed,nmmt_schedule_9815
9815,16175,A-2 AC,5294,5268,08:33 AM,30780,unresolved,observed,nmmt_schedule_9815
9815,16195,A-2 AC,5294,5268,08:54 AM,32040,unresolved,observed,nmmt_schedule_9815
9815,16177,A-2 AC,5294,5268,09:14 AM,33240,unresolved,observed,nmmt_schedule_9815
9815,16197,A-2 AC,5294,5268,09:35 AM,34500,unresolved,observed,nmmt_schedule_9815
9815,16179,A-2 AC,5294,5268,09:56 AM,35760,unresolved,observed,nmmt_schedule_9815
9815,16199,A-2 AC,5294,5268,10:16 AM,36960,unresolved,observed,nmmt_schedule_9815
9815,16181,A-2 AC,5294,5268,11:10 AM,40200,unresolved,observed,nmmt_schedule_9815
9815,16201,A-2 AC,5294,5268,11:31 AM,41460,unresolved,observed,nmmt_schedule_9815
9815,16183,A-2 AC,5294,5268,11:52 AM,42720,unresolved,observed,nmmt_schedule_9815
9815,16203,A-2 AC,5294,5268,12:13 PM,43980,unresolved,observed,nmmt_schedule_9815
9815,16185,A-2 AC,5294,5268,12:34 PM,45240,unresolved,observed,nmmt_schedule_9815
9815,16205,A-2 AC,5294,5268,12:55 PM,46500,unresolved,observed,nmmt_schedule_9815
9815,16209,A-2 AC,5294,5268,03:20 PM,55200,unresolved,observed,nmmt_schedule_9815
9815,16229,A-2 AC,5294,5268,03:40 PM,56400,unresolved,observed,nmmt_schedule_9815
9815,16211,A-2 AC,5294,5268,04:02 PM,57720,unresolved,observed,nmmt_schedule_9815
9815,16242,A-2 AC,5294,5268,04:23 PM,58980,unresolved,observed,nmmt_schedule_9815
9815,16213,A-2 AC,5294,5268,04:44 PM,60240,unresolved,observed,nmmt_schedule_9815
9815,16244,A-2 AC,5294,5268,05:05 PM,61500,unresolved,observed,nmmt_schedule_9815
9815,16215,A-2 AC,5294,5268,05:26 PM,62760,unresolved,observed,nmmt_schedule_9815
9815,16239,A-2 AC,5294,5268,05:47 PM,64020,unresolved,observed,nmmt_schedule_9815
9815,16217,A-2 AC,5294,5268,06:08 PM,65280,unresolved,observed,nmmt_schedule_9815
9815,16246,A-2 AC,5294,5268,06:29 PM,66540,unresolved,observed,nmmt_schedule_9815
9815,16219,A-2 AC,5294,5268,06:50 PM,67800,unresolved,observed,nmmt_schedule_9815
9815,16247,A-2 AC,5294,5268,07:11 PM,69060,unresolved,observed,nmmt_schedule_9815
9815,16221,A-2 AC,5294,5268,08:05 PM,72300,unresolved,observed,nmmt_schedule_9815
9815,16231,A-2 AC,5294,5268,08:25 PM,73500,unresolved,observed,nmmt_schedule_9815
9815,16223,A-2 AC,5294,5268,08:46 PM,74760,unresolved,observed,nmmt_schedule_9815
9815,16233,A-2 AC,5294,5268,09:07 PM,76020,unresolved,observed,nmmt_schedule_9815
9815,16225,A-2 AC,5294,5268,09:28 PM,77280,unresolved,observed,nmmt_schedule_9815
9815,16235,A-2 AC,5294,5268,09:50 PM,78600,unresolved,observed,nmmt_schedule_9815
9816,16170,A-2 AC,5268,5294,06:50 AM,24600,unresolved,observed,nmmt_schedule_9816
9816,16190,A-2 AC,5268,5294,07:10 AM,25800,unresolved,observed,nmmt_schedule_9816
9816,16172,A-2 AC,5268,5294,07:30 AM,27000,unresolved,observed,nmmt_schedule_9816
9816,16192,A-2 AC,5268,5294,07:51 AM,28260,unresolved,observed,nmmt_schedule_9816
9816,16174,A-2 AC,5268,5294,08:12 AM,29520,unresolved,observed,nmmt_schedule_9816
9816,16194,A-2 AC,5268,5294,08:33 AM,30780,unresolved,observed,nmmt_schedule_9816
9816,16176,A-2 AC,5268,5294,08:53 AM,31980,unresolved,observed,nmmt_schedule_9816
9816,16196,A-2 AC,5268,5294,09:14 AM,33240,unresolved,observed,nmmt_schedule_9816
9816,16178,A-2 AC,5268,5294,09:35 AM,34500,unresolved,observed,nmmt_schedule_9816
9816,16198,A-2 AC,5268,5294,09:55 AM,35700,unresolved,observed,nmmt_schedule_9816
9816,16180,A-2 AC,5268,5294,10:16 AM,36960,unresolved,observed,nmmt_schedule_9816
9816,16200,A-2 AC,5268,5294,10:37 AM,38220,unresolved,observed,nmmt_schedule_9816
9816,16182,A-2 AC,5268,5294,11:31 AM,41460,unresolved,observed,nmmt_schedule_9816
9816,16202,A-2 AC,5268,5294,11:52 AM,42720,unresolved,observed,nmmt_schedule_9816
9816,16184,A-2 AC,5268,5294,12:13 PM,43980,unresolved,observed,nmmt_schedule_9816
9816,16204,A-2 AC,5268,5294,12:34 PM,45240,unresolved,observed,nmmt_schedule_9816
9816,16186,A-2 AC,5268,5294,12:54 PM,46440,unresolved,observed,nmmt_schedule_9816
9816,16206,A-2 AC,5268,5294,01:15 PM,47700,unresolved,observed,nmmt_schedule_9816
9816,16210,A-2 AC,5268,5294,03:41 PM,56460,unresolved,observed,nmmt_schedule_9816
9816,16230,A-2 AC,5268,5294,04:02 PM,57720,unresolved,observed,nmmt_schedule_9816
9816,16212,A-2 AC,5268,5294,04:23 PM,58980,unresolved,observed,nmmt_schedule_9816
9816,16243,A-2 AC,5268,5294,04:44 PM,60240,unresolved,observed,nmmt_schedule_9816
9816,16214,A-2 AC,5268,5294,05:05 PM,61500,unresolved,observed,nmmt_schedule_9816
9816,16238,A-2 AC,5268,5294,05:26 PM,62760,unresolved,observed,nmmt_schedule_9816
9816,16216,A-2 AC,5268,5294,05:47 PM,64020,unresolved,observed,nmmt_schedule_9816
9816,16245,A-2 AC,5268,5294,06:08 PM,65280,unresolved,observed,nmmt_schedule_9816
9816,16218,A-2 AC,5268,5294,06:29 PM,66540,unresolved,observed,nmmt_schedule_9816
9816,16240,A-2 AC,5268,5294,06:50 PM,67800,unresolved,observed,nmmt_schedule_9816
9816,16220,A-2 AC,5268,5294,07:11 PM,69060,unresolved,observed,nmmt_schedule_9816
9816,16241,A-2 AC,5268,5294,07:31 PM,70260,unresolved,observed,nmmt_schedule_9816
9816,16222,A-2 AC,5268,5294,08:25 PM,73500,unresolved,observed,nmmt_schedule_9816
9816,16232,A-2 AC,5268,5294,08:46 PM,74760,unresolved,observed,nmmt_schedule_9816
9816,16224,A-2 AC,5268,5294,09:07 PM,76020,unresolved,observed,nmmt_schedule_9816
9816,16234,A-2 AC,5268,5294,09:28 PM,77280,unresolved,observed,nmmt_schedule_9816
9816,16226,A-2 AC,5268,5294,09:49 PM,78540,unresolved,observed,nmmt_schedule_9816
9816,16236,A-2 AC,5268,5294,10:10 PM,79800,unresolved,observed,nmmt_schedule_9816
9817,16168,A-2 AC,2907,5294,06:00 AM,21600,unresolved,observed,nmmt_schedule_9817
9817,16188,A-2 AC,2907,5294,06:20 AM,22800,unresolved,observed,nmmt_schedule_9817
9817,16208,A-2 AC,2907,5294,02:50 PM,53400,unresolved,observed,nmmt_schedule_9817
9817,16228,A-2 AC,2907,5294,03:10 PM,54600,unresolved,observed,nmmt_schedule_9817
9818,16187,A-2 AC,5294,2907,01:15 PM,47700,unresolved,observed,nmmt_schedule_9818
9818,16207,A-2 AC,5294,2907,01:36 PM,48960,unresolved,observed,nmmt_schedule_9818
9818,16227,A-2 AC,5294,2907,10:10 PM,79800,unresolved,observed,nmmt_schedule_9818
9818,16237,A-2 AC,5294,2907,10:30 PM,81000,unresolved,observed,nmmt_schedule_9818
9825,15162,059 AC,3406,3461,11:28 AM,41280,unresolved,observed,nmmt_schedule_9825
9825,15170,059 AC,3406,3461,04:37 PM,59820,unresolved,observed,nmmt_schedule_9825
9826,15161,059 AC,3461,3406,11:03 AM,39780,unresolved,observed,nmmt_schedule_9826
9826,15169,059 AC,3461,3406,04:13 PM,58380,unresolved,observed,nmmt_schedule_9826
9827,20959,059 AC,3461,2692,02:09 PM,50940,unresolved,observed,nmmt_schedule_9827
9827,20971,059 AC,3461,2692,08:45 PM,74700,unresolved,observed,nmmt_schedule_9827
9828,20946,059 AC,2692,3461,06:20 AM,22800,unresolved,observed,nmmt_schedule_9828
9828,15163,059 AC,2692,3461,03:10 PM,54600,unresolved,observed,nmmt_schedule_9828
9836,15016,041 AC,3031,2540,06:05 AM,21900,unresolved,observed,nmmt_schedule_9836
9836,15020,041 AC,3031,2540,06:45 AM,24300,unresolved,observed,nmmt_schedule_9836
9836,15023,041 AC,3031,2540,07:15 AM,26100,unresolved,observed,nmmt_schedule_9836
9836,15027,041 AC,3031,2540,07:50 AM,28200,unresolved,observed,nmmt_schedule_9836
9836,15036,041 AC,3031,2540,08:15 AM,29700,unresolved,observed,nmmt_schedule_9836
9836,15041,041 AC,3031,2540,08:45 AM,31500,unresolved,observed,nmmt_schedule_9836
9836,15044,041 AC,3031,2540,09:20 AM,33600,unresolved,observed,nmmt_schedule_9836
9836,15013,041 AC,3031,2540,09:55 AM,35700,unresolved,observed,nmmt_schedule_9836
9836,15021,041 AC,3031,2540,10:30 AM,37800,unresolved,observed,nmmt_schedule_9836
9836,15026,041 AC,3031,2540,11:10 AM,40200,unresolved,observed,nmmt_schedule_9836
9836,15029,041 AC,3031,2540,11:45 AM,42300,unresolved,observed,nmmt_schedule_9836
9836,15033,041 AC,3031,2540,12:20 PM,44400,unresolved,observed,nmmt_schedule_9836
9836,15040,041 AC,3031,2540,12:55 PM,46500,unresolved,observed,nmmt_schedule_9836
9836,15045,041 AC,3031,2540,01:40 PM,49200,unresolved,observed,nmmt_schedule_9836
9836,15048,041 AC,3031,2540,02:25 PM,51900,unresolved,observed,nmmt_schedule_9836
9836,15053,041 AC,3031,2540,03:10 PM,54600,unresolved,observed,nmmt_schedule_9836
9836,15057,041 AC,3031,2540,03:50 PM,57000,unresolved,observed,nmmt_schedule_9836
9836,15064,041 AC,3031,2540,04:30 PM,59400,unresolved,observed,nmmt_schedule_9836
9836,15070,041 AC,3031,2540,05:10 PM,61800,unresolved,observed,nmmt_schedule_9836
9836,15075,041 AC,3031,2540,05:50 PM,64200,unresolved,observed,nmmt_schedule_9836
9836,15050,041 AC,3031,2540,06:30 PM,66600,unresolved,observed,nmmt_schedule_9836
9836,15079,041 AC,3031,2540,07:05 PM,68700,unresolved,observed,nmmt_schedule_9836
9836,15055,041 AC,3031,2540,07:40 PM,70800,unresolved,observed,nmmt_schedule_9836
9836,15060,041 AC,3031,2540,08:20 PM,73200,unresolved,observed,nmmt_schedule_9836
9836,15065,041 AC,3031,2540,09:05 PM,75900,unresolved,observed,nmmt_schedule_9836
9836,15067,041 AC,3031,2540,09:50 PM,78600,unresolved,observed,nmmt_schedule_9836
9836,15072,041 AC,3031,2540,10:40 PM,81600,unresolved,observed,nmmt_schedule_9836
9836,15081,041 AC,3031,2540,11:30 PM,84600,unresolved,observed,nmmt_schedule_9836
9837,14915,060 AC,2540,2719,06:30 AM,23400,unresolved,observed,nmmt_schedule_9837
9837,14920,060 AC,2540,2719,06:55 AM,24900,unresolved,observed,nmmt_schedule_9837
9837,14925,060 AC,2540,2719,07:20 AM,26400,unresolved,observed,nmmt_schedule_9837
9837,18528,060 AC,2540,2719,07:30 AM,27000,unresolved,observed,nmmt_schedule_9837
9837,14895,060 AC,2540,2719,07:45 AM,27900,unresolved,observed,nmmt_schedule_9837
9837,18506,060 AC,2540,2719,08:00 AM,28800,unresolved,observed,nmmt_schedule_9837
9837,14901,060 AC,2540,2719,08:10 AM,29400,unresolved,observed,nmmt_schedule_9837
9837,14930,060 AC,2540,2719,08:30 AM,30600,unresolved,observed,nmmt_schedule_9837
9837,18510,060 AC,2540,2719,08:55 AM,32100,unresolved,observed,nmmt_schedule_9837
9837,14903,060 AC,2540,2719,09:00 AM,32400,unresolved,observed,nmmt_schedule_9837
9837,18513,060 AC,2540,2719,09:25 AM,33900,unresolved,observed,nmmt_schedule_9837
9837,14906,060 AC,2540,2719,09:30 AM,34200,unresolved,observed,nmmt_schedule_9837
9837,18516,060 AC,2540,2719,09:55 AM,35700,unresolved,observed,nmmt_schedule_9837
9837,14910,060 AC,2540,2719,10:00 AM,36000,unresolved,observed,nmmt_schedule_9837
9837,14916,060 AC,2540,2719,10:30 AM,37800,unresolved,observed,nmmt_schedule_9837
9837,18525,060 AC,2540,2719,11:05 AM,39900,unresolved,observed,nmmt_schedule_9837
9837,14922,060 AC,2540,2719,11:10 AM,40200,unresolved,observed,nmmt_schedule_9837
9837,18532,060 AC,2540,2719,11:45 AM,42300,unresolved,observed,nmmt_schedule_9837
9837,14927,060 AC,2540,2719,11:50 AM,42600,unresolved,observed,nmmt_schedule_9837
9837,14932,060 AC,2540,2719,12:30 PM,45000,unresolved,observed,nmmt_schedule_9837
9837,14934,060 AC,2540,2719,01:10 PM,47400,unresolved,observed,nmmt_schedule_9837
9837,14939,060 AC,2540,2719,01:50 PM,49800,unresolved,observed,nmmt_schedule_9837
9837,18543,060 AC,2540,2719,01:55 PM,50100,unresolved,observed,nmmt_schedule_9837
9837,14944,060 AC,2540,2719,02:30 PM,52200,unresolved,observed,nmmt_schedule_9837
9837,18553,060 AC,2540,2719,03:05 PM,54300,unresolved,observed,nmmt_schedule_9837
9837,14949,060 AC,2540,2719,03:10 PM,54600,unresolved,observed,nmmt_schedule_9837
9837,14954,060 AC,2540,2719,03:40 PM,56400,unresolved,observed,nmmt_schedule_9837
9837,18559,060 AC,2540,2719,03:45 PM,56700,unresolved,observed,nmmt_schedule_9837
9837,14959,060 AC,2540,2719,04:20 PM,58800,unresolved,observed,nmmt_schedule_9837
9837,14964,060 AC,2540,2719,04:40 PM,60000,unresolved,observed,nmmt_schedule_9837
9837,18568,060 AC,2540,2719,04:55 PM,60900,unresolved,observed,nmmt_schedule_9837
9837,14969,060 AC,2540,2719,05:05 PM,61500,unresolved,observed,nmmt_schedule_9837
9837,14974,060 AC,2540,2719,05:30 PM,63000,unresolved,observed,nmmt_schedule_9837
9837,14936,060 AC,2540,2719,06:00 PM,64800,unresolved,observed,nmmt_schedule_9837
9837,14941,060 AC,2540,2719,06:30 PM,66600,unresolved,observed,nmmt_schedule_9837
9837,18550,060 AC,2540,2719,07:00 PM,68400,unresolved,observed,nmmt_schedule_9837
9837,14947,060 AC,2540,2719,07:10 PM,69000,unresolved,observed,nmmt_schedule_9837
9837,14951,060 AC,2540,2719,07:40 PM,70800,unresolved,observed,nmmt_schedule_9837
9837,14956,060 AC,2540,2719,08:15 PM,72900,unresolved,observed,nmmt_schedule_9837
9837,18558,060 AC,2540,2719,08:25 PM,73500,unresolved,observed,nmmt_schedule_9837
9837,14961,060 AC,2540,2719,08:45 PM,74700,unresolved,observed,nmmt_schedule_9837
9837,18565,060 AC,2540,2719,09:00 PM,75600,unresolved,observed,nmmt_schedule_9837
9837,14966,060 AC,2540,2719,09:15 PM,76500,unresolved,observed,nmmt_schedule_9837
9837,18570,060 AC,2540,2719,09:45 PM,78300,unresolved,observed,nmmt_schedule_9837
9837,14971,060 AC,2540,2719,09:50 PM,78600,unresolved,observed,nmmt_schedule_9837
9837,14977,060 AC,2540,2719,10:30 PM,81000,unresolved,observed,nmmt_schedule_9837
9838,14914,060 AC,2907,2540,06:20 AM,22800,unresolved,observed,nmmt_schedule_9838
9838,14919,060 AC,2907,2540,06:45 AM,24300,unresolved,observed,nmmt_schedule_9838
9838,14924,060 AC,2907,2540,07:10 AM,25800,unresolved,observed,nmmt_schedule_9838
9838,18531,060 AC,2907,2540,07:20 AM,26400,unresolved,observed,nmmt_schedule_9838
9838,14929,060 AC,2907,2540,08:20 AM,30000,unresolved,observed,nmmt_schedule_9838
9840,19369,081 AC,2540,3734,07:35 AM,27300,unresolved,observed,nmmt_schedule_9840
9840,19326,081 AC,2540,3734,08:05 AM,29100,unresolved,observed,nmmt_schedule_9840
9840,21182,081 AC,2540,3734,08:15 AM,29700,unresolved,observed,nmmt_schedule_9840
9840,19335,081 AC,2540,3734,08:30 AM,30600,unresolved,observed,nmmt_schedule_9840
9840,21189,081 AC,2540,3734,08:55 AM,32100,unresolved,observed,nmmt_schedule_9840
9840,19341,081 AC,2540,3734,09:00 AM,32400,unresolved,observed,nmmt_schedule_9840
9840,19347,081 AC,2540,3734,09:30 AM,34200,unresolved,observed,nmmt_schedule_9840
9840,21195,081 AC,2540,3734,09:35 AM,34500,unresolved,observed,nmmt_schedule_9840
9840,19371,081 AC,2540,3734,10:17 AM,37020,unresolved,observed,nmmt_schedule_9840
9840,21175,081 AC,2540,3734,10:20 AM,37200,unresolved,observed,nmmt_schedule_9840
9840,19329,081 AC,2540,3734,10:50 AM,39000,unresolved,observed,nmmt_schedule_9840
9840,21180,081 AC,2540,3734,11:05 AM,39900,unresolved,observed,nmmt_schedule_9840
9840,19334,081 AC,2540,3734,11:35 AM,41700,unresolved,observed,nmmt_schedule_9840
9840,21191,081 AC,2540,3734,11:50 AM,42600,unresolved,observed,nmmt_schedule_9840
9840,19342,081 AC,2540,3734,12:00 PM,43200,unresolved,observed,nmmt_schedule_9840
9840,19345,081 AC,2540,3734,12:35 PM,45300,unresolved,observed,nmmt_schedule_9840
9840,19350,081 AC,2540,3734,02:00 PM,50400,unresolved,observed,nmmt_schedule_9840
9840,19360,081 AC,2540,3734,02:25 PM,51900,unresolved,observed,nmmt_schedule_9840
9840,21208,081 AC,2540,3734,02:40 PM,52800,unresolved,observed,nmmt_schedule_9840
9840,19362,081 AC,2540,3734,02:50 PM,53400,unresolved,observed,nmmt_schedule_9840
9840,21215,081 AC,2540,3734,03:20 PM,55200,unresolved,observed,nmmt_schedule_9840
9840,19373,081 AC,2540,3734,03:25 PM,55500,unresolved,observed,nmmt_schedule_9840
9840,19379,081 AC,2540,3734,04:00 PM,57600,unresolved,observed,nmmt_schedule_9840
9840,19352,081 AC,2540,3734,04:45 PM,60300,unresolved,observed,nmmt_schedule_9840
9840,19359,081 AC,2540,3734,05:15 PM,62100,unresolved,observed,nmmt_schedule_9840
9840,21207,081 AC,2540,3734,05:25 PM,62700,unresolved,observed,nmmt_schedule_9840
9840,19365,081 AC,2540,3734,05:40 PM,63600,unresolved,observed,nmmt_schedule_9840
9840,21212,081 AC,2540,3734,06:05 PM,65100,unresolved,observed,nmmt_schedule_9840
9840,19375,081 AC,2540,3734,06:15 PM,65700,unresolved,observed,nmmt_schedule_9840
9840,21218,081 AC,2540,3734,06:45 PM,67500,unresolved,observed,nmmt_schedule_9840
9840,19381,081 AC,2540,3734,06:50 PM,67800,unresolved,observed,nmmt_schedule_9840
9840,19349,081 AC,2540,3734,07:10 PM,69000,unresolved,observed,nmmt_schedule_9840
9840,21202,081 AC,2540,3734,07:15 PM,69300,unresolved,observed,nmmt_schedule_9840
9840,19358,081 AC,2540,3734,07:40 PM,70800,unresolved,observed,nmmt_schedule_9840
9840,21204,081 AC,2540,3734,07:55 PM,71700,unresolved,observed,nmmt_schedule_9840
9840,19361,081 AC,2540,3734,08:05 PM,72300,unresolved,observed,nmmt_schedule_9840
9840,19377,081 AC,2540,3734,08:40 PM,74400,unresolved,observed,nmmt_schedule_9840
9840,19383,081 AC,2540,3734,09:15 PM,76500,unresolved,observed,nmmt_schedule_9840
9841,25775,082,4816,4773,07:40 AM,27600,unresolved,observed,nmmt_schedule_9841
9842,19368,081 AC,3734,2540,06:25 AM,23100,unresolved,observed,nmmt_schedule_9842
9842,19328,081 AC,3734,2540,07:00 AM,25200,unresolved,observed,nmmt_schedule_9842
9842,21184,081 AC,3734,2540,07:05 AM,25500,unresolved,observed,nmmt_schedule_9842
9842,19332,081 AC,3734,2540,07:25 AM,26700,unresolved,observed,nmmt_schedule_9842
9842,21190,081 AC,3734,2540,07:40 AM,27600,unresolved,observed,nmmt_schedule_9842
9842,19340,081 AC,3734,2540,07:50 AM,28200,unresolved,observed,nmmt_schedule_9842
9842,21196,081 AC,3734,2540,08:10 AM,29400,unresolved,observed,nmmt_schedule_9842
9842,19343,081 AC,3734,2540,08:15 AM,29700,unresolved,observed,nmmt_schedule_9842
9842,19370,081 AC,3734,2540,08:40 AM,31200,unresolved,observed,nmmt_schedule_9842
9842,19327,081 AC,3734,2540,09:12 AM,33120,unresolved,observed,nmmt_schedule_9842
9842,21181,081 AC,3734,2540,09:20 AM,33600,unresolved,observed,nmmt_schedule_9842
9842,19336,081 AC,3734,2540,09:37 AM,34620,unresolved,observed,nmmt_schedule_9842
9842,19338,081 AC,3734,2540,10:07 AM,36420,unresolved,observed,nmmt_schedule_9842
9842,21188,081 AC,3734,2540,10:09 AM,36540,unresolved,observed,nmmt_schedule_9842
9842,19344,081 AC,3734,2540,10:37 AM,38220,unresolved,observed,nmmt_schedule_9842
9842,21193,081 AC,3734,2540,10:42 AM,38520,unresolved,observed,nmmt_schedule_9842
9842,19372,081 AC,3734,2540,11:25 AM,41100,unresolved,observed,nmmt_schedule_9842
9842,21174,081 AC,3734,2540,11:27 AM,41220,unresolved,observed,nmmt_schedule_9842
9842,19330,081 AC,3734,2540,11:57 AM,43020,unresolved,observed,nmmt_schedule_9842
9842,21185,081 AC,3734,2540,12:12 PM,43920,unresolved,observed,nmmt_schedule_9842
9842,19333,081 AC,3734,2540,12:42 PM,45720,unresolved,observed,nmmt_schedule_9842
9842,21186,081 AC,3734,2540,12:57 PM,46620,unresolved,observed,nmmt_schedule_9842
9842,19339,081 AC,3734,2540,01:07 PM,47220,unresolved,observed,nmmt_schedule_9842
9842,19346,081 AC,3734,2540,01:42 PM,49320,unresolved,observed,nmmt_schedule_9842
9842,19351,081 AC,3734,2540,03:07 PM,54420,unresolved,observed,nmmt_schedule_9842
9842,19356,081 AC,3734,2540,03:32 PM,55920,unresolved,observed,nmmt_schedule_9842
9842,21209,081 AC,3734,2540,03:47 PM,56820,unresolved,observed,nmmt_schedule_9842
9842,19366,081 AC,3734,2540,03:57 PM,57420,unresolved,observed,nmmt_schedule_9842
9842,21213,081 AC,3734,2540,04:27 PM,59220,unresolved,observed,nmmt_schedule_9842
9842,19374,081 AC,3734,2540,04:32 PM,59520,unresolved,observed,nmmt_schedule_9842
9842,21220,081 AC,3734,2540,05:05 PM,61500,unresolved,observed,nmmt_schedule_9842
9842,19380,081 AC,3734,2540,05:07 PM,61620,unresolved,observed,nmmt_schedule_9842
9842,19353,081 AC,3734,2540,05:55 PM,64500,unresolved,observed,nmmt_schedule_9842
9842,19355,081 AC,3734,2540,06:25 PM,66300,unresolved,observed,nmmt_schedule_9842
9842,21206,081 AC,3734,2540,06:35 PM,66900,unresolved,observed,nmmt_schedule_9842
9842,19363,081 AC,3734,2540,06:50 PM,67800,unresolved,observed,nmmt_schedule_9842
9842,21210,081 AC,3734,2540,07:15 PM,69300,unresolved,observed,nmmt_schedule_9842
9842,19376,081 AC,3734,2540,07:27 PM,70020,unresolved,observed,nmmt_schedule_9842
9842,21217,081 AC,3734,2540,07:57 PM,71820,unresolved,observed,nmmt_schedule_9842
9842,19382,081 AC,3734,2540,08:02 PM,72120,unresolved,observed,nmmt_schedule_9842
9843,15051,041 AC,2540,2907,08:17 PM,73020,unresolved,observed,nmmt_schedule_9843
9843,15056,041 AC,2540,2907,09:27 PM,77220,unresolved,observed,nmmt_schedule_9843
9843,15061,041 AC,2540,2907,10:07 PM,79620,unresolved,observed,nmmt_schedule_9843
9843,15066,041 AC,2540,2907,10:47 PM,82020,unresolved,observed,nmmt_schedule_9843
9843,18491,041 AC,2540,2907,11:32 PM,84720,unresolved,observed,nmmt_schedule_9843
9843,15073,041 AC,2540,2907,12:17 AM,1020,unresolved,observed,nmmt_schedule_9843
9843,15078,041 AC,2540,2907,01:02 AM,3720,unresolved,observed,nmmt_schedule_9843
9848,25632,A-6 AC,2907,4115,06:20 AM,22800,unresolved,observed,nmmt_schedule_9848
9848,25648,A-6 AC,2907,4115,06:40 AM,24000,unresolved,observed,nmmt_schedule_9848
9848,25664,A-6 AC,2907,4115,04:02 PM,57720,unresolved,observed,nmmt_schedule_9848
9848,25679,A-6 AC,2907,4115,04:30 PM,59400,unresolved,observed,nmmt_schedule_9848
9849,25647,A-6 AC,2886,2907,01:36 PM,48960,unresolved,observed,nmmt_schedule_9849
9849,25663,A-6 AC,2886,2907,02:13 PM,51180,unresolved,observed,nmmt_schedule_9849
9849,25675,A-6 AC,2886,2907,11:01 PM,82860,unresolved,observed,nmmt_schedule_9849
9849,25678,A-6 AC,2886,2907,12:06 AM,360,unresolved,observed,nmmt_schedule_9849
9850,25655,A-6 AC,4115,5268,08:50 AM,31800,unresolved,observed,nmmt_schedule_9850
9850,25639,A-6 AC,4115,5268,09:15 AM,33300,unresolved,observed,nmmt_schedule_9850
9850,25649,A-6 AC,4115,5268,09:50 AM,35400,unresolved,observed,nmmt_schedule_9850
9850,25641,A-6 AC,4115,5268,10:15 AM,36900,unresolved,observed,nmmt_schedule_9850
9850,25682,A-6 AC,4115,5268,05:43 PM,63780,unresolved,observed,nmmt_schedule_9850
9850,25669,A-6 AC,4115,5268,06:12 PM,65520,unresolved,observed,nmmt_schedule_9850
9850,25684,A-6 AC,4115,5268,06:40 PM,67200,unresolved,observed,nmmt_schedule_9850
9850,25671,A-6 AC,4115,5268,07:10 PM,69000,unresolved,observed,nmmt_schedule_9850
9850,25686,A-6 AC,4115,5268,07:50 PM,71400,unresolved,observed,nmmt_schedule_9850
9850,25676,A-6 AC,4115,5268,08:40 PM,74400,unresolved,observed,nmmt_schedule_9850
9851,25656,A-6 AC,5268,4115,09:20 AM,33600,unresolved,observed,nmmt_schedule_9851
9851,25640,A-6 AC,5268,4115,09:45 AM,35100,unresolved,observed,nmmt_schedule_9851
9851,25650,A-6 AC,5268,4115,10:17 AM,37020,unresolved,observed,nmmt_schedule_9851
9851,25642,A-6 AC,5268,4115,10:42 AM,38520,unresolved,observed,nmmt_schedule_9851
9851,25683,A-6 AC,5268,4115,06:10 PM,65400,unresolved,observed,nmmt_schedule_9851
9851,25670,A-6 AC,5268,4115,06:40 PM,67200,unresolved,observed,nmmt_schedule_9851
9851,25685,A-6 AC,5268,4115,07:10 PM,69000,unresolved,observed,nmmt_schedule_9851
9851,25672,A-6 AC,5268,4115,07:40 PM,70800,unresolved,observed,nmmt_schedule_9851
9851,25687,A-6 AC,5268,4115,08:20 PM,73200,unresolved,observed,nmmt_schedule_9851
9851,25677,A-6 AC,5268,4115,09:08 PM,76080,unresolved,observed,nmmt_schedule_9851
9852,25561,A-7 AC,2692,2776,04:55 AM,17700,unresolved,observed,nmmt_schedule_9852
9852,25569,A-7 AC,2692,2776,05:55 AM,21300,unresolved,observed,nmmt_schedule_9852
9852,25580,A-7 AC,2692,2776,07:05 AM,25500,unresolved,observed,nmmt_schedule_9852
9852,25587,A-7 AC,2692,2776,07:50 AM,28200,unresolved,observed,nmmt_schedule_9852
9852,25597,A-7 AC,2692,2776,02:17 PM,51420,unresolved,observed,nmmt_schedule_9852
9852,25607,A-7 AC,2692,2776,03:07 PM,54420,unresolved,observed,nmmt_schedule_9852
9852,25617,A-7 AC,2692,2776,04:23 PM,58980,unresolved,observed,nmmt_schedule_9852
9852,25624,A-7 AC,2692,2776,05:20 PM,62400,unresolved,observed,nmmt_schedule_9852
9853,25568,A-7 AC,2776,2692,10:12 AM,36720,unresolved,observed,nmmt_schedule_9853
9853,25576,A-7 AC,2776,2692,11:12 AM,40320,unresolved,observed,nmmt_schedule_9853
9853,25579,A-7 AC,2776,2692,02:57 PM,53820,unresolved,observed,nmmt_schedule_9853
9853,25596,A-7 AC,2776,2692,03:20 PM,55200,unresolved,observed,nmmt_schedule_9853
9853,25606,A-7 AC,2776,2692,09:50 PM,78600,unresolved,observed,nmmt_schedule_9853
9853,25616,A-7 AC,2776,2692,10:37 PM,81420,unresolved,observed,nmmt_schedule_9853
9853,25631,A-7 AC,2776,2692,11:00 PM,82800,unresolved,observed,nmmt_schedule_9853
9854,25562,A-7 AC,2776,5268,05:10 AM,18600,unresolved,observed,nmmt_schedule_9854
9854,25570,A-7 AC,2776,5268,06:10 AM,22200,unresolved,observed,nmmt_schedule_9854
9854,25564,A-7 AC,2776,5268,06:55 AM,24900,unresolved,observed,nmmt_schedule_9854
9854,25581,A-7 AC,2776,5268,07:20 AM,26400,unresolved,observed,nmmt_schedule_9854
9854,25572,A-7 AC,2776,5268,07:45 AM,27900,unresolved,observed,nmmt_schedule_9854
9854,25588,A-7 AC,2776,5268,08:05 AM,29100,unresolved,observed,nmmt_schedule_9854
9854,25566,A-7 AC,2776,5268,08:34 AM,30840,unresolved,observed,nmmt_schedule_9854
9854,25583,A-7 AC,2776,5268,08:59 AM,32340,unresolved,observed,nmmt_schedule_9854
9854,25574,A-7 AC,2776,5268,09:24 AM,33840,unresolved,observed,nmmt_schedule_9854
9854,25590,A-7 AC,2776,5268,09:50 AM,35400,unresolved,observed,nmmt_schedule_9854
9854,25585,A-7 AC,2776,5268,11:23 AM,40980,unresolved,observed,nmmt_schedule_9854
9854,25592,A-7 AC,2776,5268,12:03 PM,43380,unresolved,observed,nmmt_schedule_9854
9854,25577,A-7 AC,2776,5268,01:05 PM,47100,unresolved,observed,nmmt_schedule_9854
9854,25594,A-7 AC,2776,5268,01:43 PM,49380,unresolved,observed,nmmt_schedule_9854
9854,25598,A-7 AC,2776,5268,02:33 PM,52380,unresolved,observed,nmmt_schedule_9854
9854,25608,A-7 AC,2776,5268,03:23 PM,55380,unresolved,observed,nmmt_schedule_9854
9854,25600,A-7 AC,2776,5268,04:13 PM,58380,unresolved,observed,nmmt_schedule_9854
9854,25618,A-7 AC,2776,5268,04:38 PM,59880,unresolved,observed,nmmt_schedule_9854
9854,25610,A-7 AC,2776,5268,05:03 PM,61380,unresolved,observed,nmmt_schedule_9854
9854,25625,A-7 AC,2776,5268,05:35 PM,63300,unresolved,observed,nmmt_schedule_9854
9854,25620,A-7 AC,2776,5268,06:16 PM,65760,unresolved,observed,nmmt_schedule_9854
9854,25602,A-7 AC,2776,5268,06:33 PM,66780,unresolved,observed,nmmt_schedule_9854
9854,25612,A-7 AC,2776,5268,07:23 PM,69780,unresolved,observed,nmmt_schedule_9854
9854,25627,A-7 AC,2776,5268,07:50 PM,71400,unresolved,observed,nmmt_schedule_9854
9854,25604,A-7 AC,2776,5268,08:13 PM,72780,unresolved,observed,nmmt_schedule_9854
9854,25614,A-7 AC,2776,5268,09:03 PM,75780,unresolved,observed,nmmt_schedule_9854
9854,25629,A-7 AC,2776,5268,09:25 PM,77100,unresolved,observed,nmmt_schedule_9854
9855,25563,A-7 AC,5268,2776,06:10 AM,22200,unresolved,observed,nmmt_schedule_9855
9855,25571,A-7 AC,5268,2776,06:58 AM,25080,unresolved,observed,nmmt_schedule_9855
9855,25565,A-7 AC,5268,2776,07:45 AM,27900,unresolved,observed,nmmt_schedule_9855
9855,25582,A-7 AC,5268,2776,08:09 AM,29340,unresolved,observed,nmmt_schedule_9855
9855,25573,A-7 AC,5268,2776,08:34 AM,30840,unresolved,observed,nmmt_schedule_9855
9855,25589,A-7 AC,5268,2776,08:59 AM,32340,unresolved,observed,nmmt_schedule_9855
9855,25567,A-7 AC,5268,2776,09:24 AM,33840,unresolved,observed,nmmt_schedule_9855
9855,25584,A-7 AC,5268,2776,09:49 AM,35340,unresolved,observed,nmmt_schedule_9855
9855,25575,A-7 AC,5268,2776,10:14 AM,36840,unresolved,observed,nmmt_schedule_9855
9855,25591,A-7 AC,5268,2776,10:38 AM,38280,unresolved,observed,nmmt_schedule_9855
9855,25586,A-7 AC,5268,2776,12:12 PM,43920,unresolved,observed,nmmt_schedule_9855
9855,25593,A-7 AC,5268,2776,12:53 PM,46380,unresolved,observed,nmmt_schedule_9855
9855,25578,A-7 AC,5268,2776,02:10 PM,51000,unresolved,observed,nmmt_schedule_9855
9855,25595,A-7 AC,5268,2776,02:33 PM,52380,unresolved,observed,nmmt_schedule_9855
9855,25599,A-7 AC,5268,2776,03:23 PM,55380,unresolved,observed,nmmt_schedule_9855
9855,25609,A-7 AC,5268,2776,04:13 PM,58380,unresolved,observed,nmmt_schedule_9855
9855,25601,A-7 AC,5268,2776,05:03 PM,61380,unresolved,observed,nmmt_schedule_9855
9855,25619,A-7 AC,5268,2776,05:28 PM,62880,unresolved,observed,nmmt_schedule_9855
9855,25611,A-7 AC,5268,2776,05:53 PM,64380,unresolved,observed,nmmt_schedule_9855
9855,25626,A-7 AC,5268,2776,06:30 PM,66600,unresolved,observed,nmmt_schedule_9855
9855,25621,A-7 AC,5268,2776,07:05 PM,68700,unresolved,observed,nmmt_schedule_9855
9855,25603,A-7 AC,5268,2776,07:23 PM,69780,unresolved,observed,nmmt_schedule_9855
9855,25613,A-7 AC,5268,2776,08:13 PM,72780,unresolved,observed,nmmt_schedule_9855
9855,25628,A-7 AC,5268,2776,08:38 PM,74280,unresolved,observed,nmmt_schedule_9855
9855,25605,A-7 AC,5268,2776,09:02 PM,75720,unresolved,observed,nmmt_schedule_9855
9855,25615,A-7 AC,5268,2776,09:51 PM,78660,unresolved,observed,nmmt_schedule_9855
9855,25630,A-7 AC,5268,2776,10:15 PM,80100,unresolved,observed,nmmt_schedule_9855
9865,23110,031,2678,3303,08:15 AM,29700,unresolved,observed,nmmt_schedule_9865
9865,23062,031,2678,3303,08:35 AM,30900,unresolved,observed,nmmt_schedule_9865
9865,24749,031,2678,3303,08:45 AM,31500,unresolved,observed,nmmt_schedule_9865
9865,23068,031,2678,3303,08:55 AM,32100,unresolved,observed,nmmt_schedule_9865
9865,23073,031,2678,3303,09:15 AM,33300,unresolved,observed,nmmt_schedule_9865
9865,23077,031,2678,3303,09:35 AM,34500,unresolved,observed,nmmt_schedule_9865
9865,24757,031,2678,3303,09:45 AM,35100,unresolved,observed,nmmt_schedule_9865
9865,23082,031,2678,3303,09:55 AM,35700,unresolved,observed,nmmt_schedule_9865
9865,23086,031,2678,3303,10:15 AM,36900,unresolved,observed,nmmt_schedule_9865
9865,23090,031,2678,3303,10:35 AM,38100,unresolved,observed,nmmt_schedule_9865
9865,24766,031,2678,3303,10:45 AM,38700,unresolved,observed,nmmt_schedule_9865
9865,23094,031,2678,3303,10:55 AM,39300,unresolved,observed,nmmt_schedule_9865
9865,23098,031,2678,3303,11:15 AM,40500,unresolved,observed,nmmt_schedule_9865
9865,24770,031,2678,3303,11:20 AM,40800,unresolved,observed,nmmt_schedule_9865
9865,23102,031,2678,3303,11:35 AM,41700,unresolved,observed,nmmt_schedule_9865
9865,23106,031,2678,3303,11:55 AM,42900,unresolved,observed,nmmt_schedule_9865
9865,23108,031,2678,3303,12:20 PM,44400,unresolved,observed,nmmt_schedule_9865
9865,24776,031,2678,3303,12:35 PM,45300,unresolved,observed,nmmt_schedule_9865
9865,23113,031,2678,3303,12:50 PM,46200,unresolved,observed,nmmt_schedule_9865
9865,24782,031,2678,3303,01:05 PM,47100,unresolved,observed,nmmt_schedule_9865
9865,23118,031,2678,3303,01:15 PM,47700,unresolved,observed,nmmt_schedule_9865
9865,23125,031,2678,3303,01:40 PM,49200,unresolved,observed,nmmt_schedule_9865
9865,23127,031,2678,3303,02:05 PM,50700,unresolved,observed,nmmt_schedule_9865
9865,24790,031,2678,3303,02:15 PM,51300,unresolved,observed,nmmt_schedule_9865
9865,23131,031,2678,3303,02:30 PM,52200,unresolved,observed,nmmt_schedule_9865
9865,24794,031,2678,3303,02:50 PM,53400,unresolved,observed,nmmt_schedule_9865
9865,23136,031,2678,3303,02:52 PM,53520,unresolved,observed,nmmt_schedule_9865
9865,23141,031,2678,3303,03:15 PM,54900,unresolved,observed,nmmt_schedule_9865
9865,24799,031,2678,3303,03:25 PM,55500,unresolved,observed,nmmt_schedule_9865
9865,23146,031,2678,3303,03:39 PM,56340,unresolved,observed,nmmt_schedule_9865
9865,23151,031,2678,3303,04:00 PM,57600,unresolved,observed,nmmt_schedule_9865
9865,23157,031,2678,3303,04:20 PM,58800,unresolved,observed,nmmt_schedule_9865
9865,24811,031,2678,3303,04:30 PM,59400,unresolved,observed,nmmt_schedule_9865
9865,23163,031,2678,3303,04:40 PM,60000,unresolved,observed,nmmt_schedule_9865
9865,23170,031,2678,3303,05:00 PM,61200,unresolved,observed,nmmt_schedule_9865
9865,23115,031,2678,3303,05:20 PM,62400,unresolved,observed,nmmt_schedule_9865
9865,24783,031,2678,3303,05:30 PM,63000,unresolved,observed,nmmt_schedule_9865
9865,23120,031,2678,3303,05:40 PM,63600,unresolved,observed,nmmt_schedule_9865
9865,23124,031,2678,3303,06:00 PM,64800,unresolved,observed,nmmt_schedule_9865
9865,23129,031,2678,3303,06:15 PM,65700,unresolved,observed,nmmt_schedule_9865
9866,23111,031,3303,2678,09:50 AM,35400,unresolved,observed,nmmt_schedule_9866
9866,23063,031,3303,2678,10:10 AM,36600,unresolved,observed,nmmt_schedule_9866
9866,24750,031,3303,2678,10:20 AM,37200,unresolved,observed,nmmt_schedule_9866
9866,23069,031,3303,2678,10:30 AM,37800,unresolved,observed,nmmt_schedule_9866
9866,23074,031,3303,2678,10:50 AM,39000,unresolved,observed,nmmt_schedule_9866
9866,23078,031,3303,2678,11:10 AM,40200,unresolved,observed,nmmt_schedule_9866
9866,24758,031,3303,2678,11:20 AM,40800,unresolved,observed,nmmt_schedule_9866
9866,23083,031,3303,2678,11:30 AM,41400,unresolved,observed,nmmt_schedule_9866
9866,23087,031,3303,2678,11:50 AM,42600,unresolved,observed,nmmt_schedule_9866
9866,23091,031,3303,2678,12:10 PM,43800,unresolved,observed,nmmt_schedule_9866
9866,24767,031,3303,2678,12:20 PM,44400,unresolved,observed,nmmt_schedule_9866
9866,23095,031,3303,2678,12:30 PM,45000,unresolved,observed,nmmt_schedule_9866
9866,23099,031,3303,2678,12:50 PM,46200,unresolved,observed,nmmt_schedule_9866
9866,24771,031,3303,2678,12:55 PM,46500,unresolved,observed,nmmt_schedule_9866
9866,23103,031,3303,2678,01:10 PM,47400,unresolved,observed,nmmt_schedule_9866
9866,23107,031,3303,2678,01:30 PM,48600,unresolved,observed,nmmt_schedule_9866
9866,23112,031,3303,2678,01:55 PM,50100,unresolved,observed,nmmt_schedule_9866
9866,24777,031,3303,2678,02:10 PM,51000,unresolved,observed,nmmt_schedule_9866
9866,23114,031,3303,2678,02:20 PM,51600,unresolved,observed,nmmt_schedule_9866
9866,24781,031,3303,2678,02:35 PM,52500,unresolved,observed,nmmt_schedule_9866
9866,23119,031,3303,2678,02:45 PM,53100,unresolved,observed,nmmt_schedule_9866
9866,23123,031,3303,2678,03:10 PM,54600,unresolved,observed,nmmt_schedule_9866
9866,23128,031,3303,2678,03:35 PM,56100,unresolved,observed,nmmt_schedule_9866
9866,24791,031,3303,2678,03:47 PM,56820,unresolved,observed,nmmt_schedule_9866
9866,23132,031,3303,2678,04:02 PM,57720,unresolved,observed,nmmt_schedule_9866
9866,23137,031,3303,2678,04:25 PM,59100,unresolved,observed,nmmt_schedule_9866
9866,23142,031,3303,2678,04:50 PM,60600,unresolved,observed,nmmt_schedule_9866
9866,24800,031,3303,2678,05:00 PM,61200,unresolved,observed,nmmt_schedule_9866
9866,23147,031,3303,2678,05:14 PM,62040,unresolved,observed,nmmt_schedule_9866
9866,23152,031,3303,2678,05:37 PM,63420,unresolved,observed,nmmt_schedule_9866
9866,23158,031,3303,2678,05:55 PM,64500,unresolved,observed,nmmt_schedule_9866
9866,24812,031,3303,2678,06:10 PM,65400,unresolved,observed,nmmt_schedule_9866
9866,23164,031,3303,2678,06:20 PM,66000,unresolved,observed,nmmt_schedule_9866
9866,24779,031,3303,2678,06:40 PM,67200,unresolved,observed,nmmt_schedule_9866
9866,23116,031,3303,2678,07:00 PM,68400,unresolved,observed,nmmt_schedule_9866
9866,24784,031,3303,2678,07:10 PM,69000,unresolved,observed,nmmt_schedule_9866
9866,23121,031,3303,2678,07:20 PM,69600,unresolved,observed,nmmt_schedule_9866
9866,23126,031,3303,2678,07:40 PM,70800,unresolved,observed,nmmt_schedule_9866
9866,23130,031,3303,2678,07:55 PM,71700,unresolved,observed,nmmt_schedule_9866
9866,24814,031,3303,2678,10:30 PM,81000,unresolved,observed,nmmt_schedule_9866
9867,23109,031,2908,2678,08:02 AM,28920,unresolved,observed,nmmt_schedule_9867
9867,24804,031,2908,2678,03:47 PM,56820,unresolved,observed,nmmt_schedule_9867
9867,23156,031,2908,2678,04:07 PM,58020,unresolved,observed,nmmt_schedule_9867
9867,24810,031,2908,2678,04:17 PM,58620,unresolved,observed,nmmt_schedule_9867
9867,23162,031,2908,2678,04:27 PM,59220,unresolved,observed,nmmt_schedule_9867
9867,23169,031,2908,2678,04:47 PM,60420,unresolved,observed,nmmt_schedule_9867
9868,24745,031,2678,2908,11:22 AM,40920,unresolved,observed,nmmt_schedule_9868
9868,23064,031,2678,2908,11:42 AM,42120,unresolved,observed,nmmt_schedule_9868
9868,24751,031,2678,2908,11:52 AM,42720,unresolved,observed,nmmt_schedule_9868
9868,23070,031,2678,2908,12:02 PM,43320,unresolved,observed,nmmt_schedule_9868
9868,23075,031,2678,2908,12:12 PM,43920,unresolved,observed,nmmt_schedule_9868
9868,24780,031,2678,2908,08:17 PM,73020,unresolved,observed,nmmt_schedule_9868
9868,23117,031,2678,2908,08:37 PM,74220,unresolved,observed,nmmt_schedule_9868
9868,24785,031,2678,2908,08:47 PM,74820,unresolved,observed,nmmt_schedule_9868
9868,23122,031,2678,2908,08:57 PM,75420,unresolved,observed,nmmt_schedule_9868
9868,23135,031,2678,2908,09:47 PM,78420,unresolved,observed,nmmt_schedule_9868
9868,23140,031,2678,2908,10:02 PM,79320,unresolved,observed,nmmt_schedule_9868
9868,23145,031,2678,2908,10:17 PM,80220,unresolved,observed,nmmt_schedule_9868
9868,24798,031,2678,2908,10:20 PM,80400,unresolved,observed,nmmt_schedule_9868
9868,23150,031,2678,2908,10:35 PM,81300,unresolved,observed,nmmt_schedule_9868
9868,24803,031,2678,2908,10:55 PM,82500,unresolved,observed,nmmt_schedule_9868
9868,23155,031,2678,2908,11:00 PM,82800,unresolved,observed,nmmt_schedule_9868
9868,23161,031,2678,2908,11:25 PM,84300,unresolved,observed,nmmt_schedule_9868
9868,23167,031,2678,2908,11:40 PM,85200,unresolved,observed,nmmt_schedule_9868
9868,24815,031,2678,2908,11:50 PM,85800,unresolved,observed,nmmt_schedule_9868
9868,23168,031,2678,2908,12:05 AM,300,unresolved,observed,nmmt_schedule_9868
9868,23175,031,2678,2908,06:27 AM,23220,unresolved,observed,nmmt_schedule_9868
9868,23179,031,2678,2908,06:57 AM,25020,unresolved,observed,nmmt_schedule_9868
9869,23133,031,2678,3306,06:30 PM,66600,unresolved,observed,nmmt_schedule_9869
9869,24792,031,2678,3306,06:33 PM,66780,unresolved,observed,nmmt_schedule_9869
9869,23138,031,2678,3306,06:45 PM,67500,unresolved,observed,nmmt_schedule_9869
9869,23143,031,2678,3306,07:05 PM,68700,unresolved,observed,nmmt_schedule_9869
9869,24796,031,2678,3306,07:10 PM,69000,unresolved,observed,nmmt_schedule_9869
9869,23148,031,2678,3306,07:30 PM,70200,unresolved,observed,nmmt_schedule_9869
9869,24801,031,2678,3306,07:45 PM,71100,unresolved,observed,nmmt_schedule_9869
9869,23153,031,2678,3306,07:55 PM,71700,unresolved,observed,nmmt_schedule_9869
9869,23159,031,2678,3306,08:20 PM,73200,unresolved,observed,nmmt_schedule_9869
9869,23165,031,2678,3306,08:45 PM,74700,unresolved,observed,nmmt_schedule_9869
9869,24813,031,2678,3306,08:55 PM,75300,unresolved,observed,nmmt_schedule_9869
9869,23172,031,2678,3306,09:10 PM,76200,unresolved,observed,nmmt_schedule_9869
9869,23176,031,2678,3306,09:30 PM,77400,unresolved,observed,nmmt_schedule_9869
9869,23177,031,2678,3306,10:00 PM,79200,unresolved,observed,nmmt_schedule_9869
9870,24742,031,3306,2678,06:00 AM,21600,unresolved,observed,nmmt_schedule_9870
9870,23065,031,3306,2678,06:05 AM,21900,unresolved,observed,nmmt_schedule_9870
9870,24748,031,3306,2678,06:25 AM,23100,unresolved,observed,nmmt_schedule_9870
9870,23067,031,3306,2678,06:30 AM,23400,unresolved,observed,nmmt_schedule_9870
9870,23072,031,3306,2678,06:55 AM,24900,unresolved,observed,nmmt_schedule_9870
9870,24753,031,3306,2678,07:00 AM,25200,unresolved,observed,nmmt_schedule_9870
9870,23079,031,3306,2678,07:20 AM,26400,unresolved,observed,nmmt_schedule_9870
9870,24759,031,3306,2678,07:25 AM,26700,unresolved,observed,nmmt_schedule_9870
9870,23081,031,3306,2678,07:40 AM,27600,unresolved,observed,nmmt_schedule_9870
9870,24761,031,3306,2678,07:55 AM,28500,unresolved,observed,nmmt_schedule_9870
9870,23085,031,3306,2678,08:00 AM,28800,unresolved,observed,nmmt_schedule_9870
9870,23089,031,3306,2678,08:15 AM,29700,unresolved,observed,nmmt_schedule_9870
9870,24765,031,3306,2678,08:25 AM,30300,unresolved,observed,nmmt_schedule_9870
9870,23093,031,3306,2678,08:30 AM,30600,unresolved,observed,nmmt_schedule_9870
9870,23097,031,3306,2678,08:50 AM,31800,unresolved,observed,nmmt_schedule_9870
9870,23101,031,3306,2678,09:10 AM,33000,unresolved,observed,nmmt_schedule_9870
9870,24773,031,3306,2678,09:20 AM,33600,unresolved,observed,nmmt_schedule_9870
9870,23105,031,3306,2678,09:30 AM,34200,unresolved,observed,nmmt_schedule_9870
9870,23134,031,3306,2678,08:10 PM,72600,unresolved,observed,nmmt_schedule_9870
9870,24793,031,3306,2678,08:13 PM,72780,unresolved,observed,nmmt_schedule_9870
9870,23139,031,3306,2678,08:25 PM,73500,unresolved,observed,nmmt_schedule_9870
9870,23144,031,3306,2678,08:45 PM,74700,unresolved,observed,nmmt_schedule_9870
9870,24797,031,3306,2678,08:50 PM,75000,unresolved,observed,nmmt_schedule_9870
9870,23149,031,3306,2678,09:10 PM,76200,unresolved,observed,nmmt_schedule_9870
9870,24802,031,3306,2678,09:25 PM,77100,unresolved,observed,nmmt_schedule_9870
9870,23154,031,3306,2678,09:35 PM,77700,unresolved,observed,nmmt_schedule_9870
9870,23160,031,3306,2678,10:00 PM,79200,unresolved,observed,nmmt_schedule_9870
9870,23166,031,3306,2678,10:20 PM,80400,unresolved,observed,nmmt_schedule_9870
9870,23173,031,3306,2678,10:45 PM,81900,unresolved,observed,nmmt_schedule_9870
9870,23174,031,3306,2678,05:05 AM,18300,unresolved,observed,nmmt_schedule_9870
9870,23178,031,3306,2678,05:35 AM,20100,unresolved,observed,nmmt_schedule_9870
9883,25623,A-5,5281,3461,10:45 PM,81900,unresolved,observed,nmmt_schedule_9883
9897,24395,062 AC,2907,4815,05:37 AM,20220,unresolved,observed,nmmt_schedule_9897
9897,24288,062 AC,2907,4815,05:57 AM,21420,unresolved,observed,nmmt_schedule_9897
9897,14721,062 AC,2907,4815,06:12 AM,22320,unresolved,observed,nmmt_schedule_9897
9898,24398,062 AC,2540,2719,05:48 AM,20880,unresolved,observed,nmmt_schedule_9898
9898,24291,062 AC,2540,2719,06:08 AM,22080,unresolved,observed,nmmt_schedule_9898
9898,24404,062 AC,2540,2719,06:22 AM,22920,unresolved,observed,nmmt_schedule_9898
9899,20583,042,3031,2540,10:30 PM,81000,unresolved,observed,nmmt_schedule_9899
9899,20588,042,3031,2540,11:10 PM,83400,unresolved,observed,nmmt_schedule_9899
9900,20584,042,2540,2907,12:02 AM,120,unresolved,observed,nmmt_schedule_9900
9900,18750,042,2540,2907,12:37 AM,2220,unresolved,observed,nmmt_schedule_9900
9900,20559,042,2540,2907,10:27 PM,80820,unresolved,observed,nmmt_schedule_9900
9900,20571,042,2540,2907,11:12 PM,83520,unresolved,observed,nmmt_schedule_9900
9900,18748,042,2540,2907,12:02 AM,120,unresolved,observed,nmmt_schedule_9900
9901,26072,144,2908,3137,05:30 AM,19800,unresolved,observed,nmmt_schedule_9901
9901,26077,144,2908,3137,05:50 AM,21000,unresolved,observed,nmmt_schedule_9901
9901,26082,144,2908,3137,06:05 AM,21900,unresolved,observed,nmmt_schedule_9901
9901,26087,144,2908,3137,06:20 AM,22800,unresolved,observed,nmmt_schedule_9901
9901,26092,144,2908,3137,06:35 AM,23700,unresolved,observed,nmmt_schedule_9901
9901,26097,144,2908,3137,06:47 AM,24420,unresolved,observed,nmmt_schedule_9901
9901,26102,144,2908,3137,07:00 AM,25200,unresolved,observed,nmmt_schedule_9901
9901,26107,144,2908,3137,07:05 AM,25500,unresolved,observed,nmmt_schedule_9901
9901,26108,144,2908,3137,07:23 AM,26580,unresolved,observed,nmmt_schedule_9901
9901,26113,144,2908,3137,07:35 AM,27300,unresolved,observed,nmmt_schedule_9901
9901,26118,144,2908,3137,07:50 AM,28200,unresolved,observed,nmmt_schedule_9901
9901,26123,144,2908,3137,08:05 AM,29100,unresolved,observed,nmmt_schedule_9901
9901,26128,144,2908,3137,08:20 AM,30000,unresolved,observed,nmmt_schedule_9901
9901,26133,144,2908,3137,08:40 AM,31200,unresolved,observed,nmmt_schedule_9901
9901,26138,144,2908,3137,09:00 AM,32400,unresolved,observed,nmmt_schedule_9901
9902,26147,144,3137,2908,08:57 PM,75420,unresolved,observed,nmmt_schedule_9902
9902,26152,144,3137,2908,09:12 PM,76320,unresolved,observed,nmmt_schedule_9902
9902,26157,144,3137,2908,09:17 PM,76620,unresolved,observed,nmmt_schedule_9902
9902,26162,144,3137,2908,09:40 PM,78000,unresolved,observed,nmmt_schedule_9902
9902,26167,144,3137,2908,09:55 PM,78900,unresolved,observed,nmmt_schedule_9902
9902,26172,144,3137,2908,10:11 PM,79860,unresolved,observed,nmmt_schedule_9902
9902,26177,144,3137,2908,10:25 PM,80700,unresolved,observed,nmmt_schedule_9902
9902,26182,144,3137,2908,10:42 PM,81720,unresolved,observed,nmmt_schedule_9902
9902,26187,144,3137,2908,10:58 PM,82680,unresolved,observed,nmmt_schedule_9902
9902,26192,144,3137,2908,11:22 PM,84120,unresolved,observed,nmmt_schedule_9902
9902,26197,144,3137,2908,11:39 PM,85140,unresolved,observed,nmmt_schedule_9902
9902,26202,144,3137,2908,11:54 PM,86040,unresolved,observed,nmmt_schedule_9902
9902,26203,144,3137,2908,12:10 AM,600,unresolved,observed,nmmt_schedule_9902
9902,26208,144,3137,2908,12:24 AM,1440,unresolved,observed,nmmt_schedule_9902
9902,26213,144,3137,2908,12:40 AM,2400,unresolved,observed,nmmt_schedule_9902
9903,26073,144,3137,2836,05:55 AM,21300,unresolved,observed,nmmt_schedule_9903
9903,26078,144,3137,2836,06:15 AM,22500,unresolved,observed,nmmt_schedule_9903
9903,26083,144,3137,2836,06:30 AM,23400,unresolved,observed,nmmt_schedule_9903
9903,26088,144,3137,2836,06:45 AM,24300,unresolved,observed,nmmt_schedule_9903
9903,26093,144,3137,2836,07:00 AM,25200,unresolved,observed,nmmt_schedule_9903
9903,26098,144,3137,2836,07:12 AM,25920,unresolved,observed,nmmt_schedule_9903
9903,26103,144,3137,2836,07:24 AM,26640,unresolved,observed,nmmt_schedule_9903
9903,26109,144,3137,2836,07:48 AM,28080,unresolved,observed,nmmt_schedule_9903
9903,26114,144,3137,2836,08:00 AM,28800,unresolved,observed,nmmt_schedule_9903
9903,26119,144,3137,2836,08:15 AM,29700,unresolved,observed,nmmt_schedule_9903
9903,26124,144,3137,2836,08:30 AM,30600,unresolved,observed,nmmt_schedule_9903
9903,26129,144,3137,2836,08:45 AM,31500,unresolved,observed,nmmt_schedule_9903
9903,26134,144,3137,2836,09:05 AM,32700,unresolved,observed,nmmt_schedule_9903
9903,26139,144,3137,2836,09:25 AM,33900,unresolved,observed,nmmt_schedule_9903
9903,26075,144,3137,2836,09:45 AM,35100,unresolved,observed,nmmt_schedule_9903
9903,26080,144,3137,2836,10:00 AM,36000,unresolved,observed,nmmt_schedule_9903
9903,26085,144,3137,2836,10:20 AM,37200,unresolved,observed,nmmt_schedule_9903
9903,26090,144,3137,2836,10:35 AM,38100,unresolved,observed,nmmt_schedule_9903
9903,26095,144,3137,2836,10:50 AM,39000,unresolved,observed,nmmt_schedule_9903
9903,26100,144,3137,2836,11:05 AM,39900,unresolved,observed,nmmt_schedule_9903
9903,26105,144,3137,2836,11:20 AM,40800,unresolved,observed,nmmt_schedule_9903
9903,26111,144,3137,2836,11:50 AM,42600,unresolved,observed,nmmt_schedule_9903
9903,26116,144,3137,2836,12:05 PM,43500,unresolved,observed,nmmt_schedule_9903
9903,26121,144,3137,2836,12:20 PM,44400,unresolved,observed,nmmt_schedule_9903
9903,26126,144,3137,2836,12:35 PM,45300,unresolved,observed,nmmt_schedule_9903
9903,26131,144,3137,2836,12:50 PM,46200,unresolved,observed,nmmt_schedule_9903
9903,26136,144,3137,2836,01:05 PM,47100,unresolved,observed,nmmt_schedule_9903
9903,26141,144,3137,2836,01:25 PM,48300,unresolved,observed,nmmt_schedule_9903
9903,26143,144,3137,2836,01:45 PM,49500,unresolved,observed,nmmt_schedule_9903
9903,26148,144,3137,2836,02:05 PM,50700,unresolved,observed,nmmt_schedule_9903
9903,26153,144,3137,2836,02:20 PM,51600,unresolved,observed,nmmt_schedule_9903
9903,26158,144,3137,2836,02:35 PM,52500,unresolved,observed,nmmt_schedule_9903
9903,26163,144,3137,2836,02:50 PM,53400,unresolved,observed,nmmt_schedule_9903
9903,26168,144,3137,2836,03:05 PM,54300,unresolved,observed,nmmt_schedule_9903
9903,26173,144,3137,2836,03:20 PM,55200,unresolved,observed,nmmt_schedule_9903
9903,26178,144,3137,2836,03:35 PM,56100,unresolved,observed,nmmt_schedule_9903
9903,26183,144,3137,2836,03:51 PM,57060,unresolved,observed,nmmt_schedule_9903
9903,26188,144,3137,2836,04:06 PM,57960,unresolved,observed,nmmt_schedule_9903
9903,26193,144,3137,2836,04:21 PM,58860,unresolved,observed,nmmt_schedule_9903
9903,26198,144,3137,2836,04:36 PM,59760,unresolved,observed,nmmt_schedule_9903
9903,26204,144,3137,2836,04:51 PM,60660,unresolved,observed,nmmt_schedule_9903
9903,26209,144,3137,2836,05:07 PM,61620,unresolved,observed,nmmt_schedule_9903
9903,26214,144,3137,2836,05:25 PM,62700,unresolved,observed,nmmt_schedule_9903
9903,26145,144,3137,2836,05:40 PM,63600,unresolved,observed,nmmt_schedule_9903
9903,26150,144,3137,2836,05:55 PM,64500,unresolved,observed,nmmt_schedule_9903
9903,26155,144,3137,2836,06:10 PM,65400,unresolved,observed,nmmt_schedule_9903
9903,26160,144,3137,2836,06:25 PM,66300,unresolved,observed,nmmt_schedule_9903
9903,26165,144,3137,2836,06:40 PM,67200,unresolved,observed,nmmt_schedule_9903
9903,26170,144,3137,2836,06:55 PM,68100,unresolved,observed,nmmt_schedule_9903
9903,26175,144,3137,2836,07:10 PM,69000,unresolved,observed,nmmt_schedule_9903
9903,26180,144,3137,2836,07:27 PM,70020,unresolved,observed,nmmt_schedule_9903
9903,26185,144,3137,2836,07:44 PM,71040,unresolved,observed,nmmt_schedule_9903
9903,26190,144,3137,2836,08:11 PM,72660,unresolved,observed,nmmt_schedule_9903
9903,26195,144,3137,2836,08:28 PM,73680,unresolved,observed,nmmt_schedule_9903
9903,26200,144,3137,2836,08:45 PM,74700,unresolved,observed,nmmt_schedule_9903
9903,26206,144,3137,2836,09:03 PM,75780,unresolved,observed,nmmt_schedule_9903
9903,26211,144,3137,2836,09:22 PM,76920,unresolved,observed,nmmt_schedule_9903
9903,26216,144,3137,2836,09:40 PM,78000,unresolved,observed,nmmt_schedule_9903
9904,26074,144,2836,3137,07:20 AM,26400,unresolved,observed,nmmt_schedule_9904
9904,26079,144,2836,3137,07:40 AM,27600,unresolved,observed,nmmt_schedule_9904
9904,26084,144,2836,3137,07:55 AM,28500,unresolved,observed,nmmt_schedule_9904
9904,26089,144,2836,3137,08:10 AM,29400,unresolved,observed,nmmt_schedule_9904
9904,26094,144,2836,3137,08:25 AM,30300,unresolved,observed,nmmt_schedule_9904
9904,26099,144,2836,3137,08:37 AM,31020,unresolved,observed,nmmt_schedule_9904
9904,26104,144,2836,3137,08:50 AM,31800,unresolved,observed,nmmt_schedule_9904
9904,26110,144,2836,3137,09:17 AM,33420,unresolved,observed,nmmt_schedule_9904
9904,26115,144,2836,3137,09:30 AM,34200,unresolved,observed,nmmt_schedule_9904
9904,26120,144,2836,3137,09:45 AM,35100,unresolved,observed,nmmt_schedule_9904
9904,26125,144,2836,3137,10:00 AM,36000,unresolved,observed,nmmt_schedule_9904
9904,26130,144,2836,3137,10:15 AM,36900,unresolved,observed,nmmt_schedule_9904
9904,26135,144,2836,3137,10:35 AM,38100,unresolved,observed,nmmt_schedule_9904
9904,26140,144,2836,3137,10:55 AM,39300,unresolved,observed,nmmt_schedule_9904
9904,26076,144,2836,3137,11:15 AM,40500,unresolved,observed,nmmt_schedule_9904
9904,26081,144,2836,3137,11:30 AM,41400,unresolved,observed,nmmt_schedule_9904
9904,26086,144,2836,3137,11:50 AM,42600,unresolved,observed,nmmt_schedule_9904
9904,26091,144,2836,3137,12:05 PM,43500,unresolved,observed,nmmt_schedule_9904
9904,26096,144,2836,3137,12:20 PM,44400,unresolved,observed,nmmt_schedule_9904
9904,26101,144,2836,3137,12:35 PM,45300,unresolved,observed,nmmt_schedule_9904
9904,26106,144,2836,3137,12:50 PM,46200,unresolved,observed,nmmt_schedule_9904
9904,26112,144,2836,3137,01:20 PM,48000,unresolved,observed,nmmt_schedule_9904
9904,26117,144,2836,3137,01:35 PM,48900,unresolved,observed,nmmt_schedule_9904
9904,26122,144,2836,3137,01:50 PM,49800,unresolved,observed,nmmt_schedule_9904
9904,26127,144,2836,3137,02:05 PM,50700,unresolved,observed,nmmt_schedule_9904
9904,26132,144,2836,3137,02:20 PM,51600,unresolved,observed,nmmt_schedule_9904
9904,26137,144,2836,3137,02:35 PM,52500,unresolved,observed,nmmt_schedule_9904
9904,26142,144,2836,3137,02:55 PM,53700,unresolved,observed,nmmt_schedule_9904
9904,26144,144,2836,3137,03:15 PM,54900,unresolved,observed,nmmt_schedule_9904
9904,26149,144,2836,3137,03:35 PM,56100,unresolved,observed,nmmt_schedule_9904
9904,26154,144,2836,3137,03:50 PM,57000,unresolved,observed,nmmt_schedule_9904
9904,26159,144,2836,3137,04:05 PM,57900,unresolved,observed,nmmt_schedule_9904
9904,26164,144,2836,3137,04:23 PM,58980,unresolved,observed,nmmt_schedule_9904
9904,26169,144,2836,3137,04:36 PM,59760,unresolved,observed,nmmt_schedule_9904
9904,26174,144,2836,3137,04:50 PM,60600,unresolved,observed,nmmt_schedule_9904
9904,26179,144,2836,3137,05:08 PM,61680,unresolved,observed,nmmt_schedule_9904
9904,26184,144,2836,3137,05:27 PM,62820,unresolved,observed,nmmt_schedule_9904
9904,26189,144,2836,3137,05:44 PM,63840,unresolved,observed,nmmt_schedule_9904
9904,26194,144,2836,3137,06:01 PM,64860,unresolved,observed,nmmt_schedule_9904
9904,26199,144,2836,3137,06:15 PM,65700,unresolved,observed,nmmt_schedule_9904
9904,26205,144,2836,3137,06:31 PM,66660,unresolved,observed,nmmt_schedule_9904
9904,26210,144,2836,3137,06:47 PM,67620,unresolved,observed,nmmt_schedule_9904
9904,26215,144,2836,3137,07:05 PM,68700,unresolved,observed,nmmt_schedule_9904
9904,26146,144,2836,3137,07:20 PM,69600,unresolved,observed,nmmt_schedule_9904
9904,26151,144,2836,3137,07:35 PM,70500,unresolved,observed,nmmt_schedule_9904
9904,26156,144,2836,3137,07:50 PM,71400,unresolved,observed,nmmt_schedule_9904
9904,26161,144,2836,3137,08:05 PM,72300,unresolved,observed,nmmt_schedule_9904
9904,26166,144,2836,3137,08:20 PM,73200,unresolved,observed,nmmt_schedule_9904
9904,26171,144,2836,3137,08:35 PM,74100,unresolved,observed,nmmt_schedule_9904
9904,26176,144,2836,3137,08:50 PM,75000,unresolved,observed,nmmt_schedule_9904
9904,26181,144,2836,3137,09:07 PM,76020,unresolved,observed,nmmt_schedule_9904
9904,26186,144,2836,3137,09:24 PM,77040,unresolved,observed,nmmt_schedule_9904
9904,26191,144,2836,3137,09:48 PM,78480,unresolved,observed,nmmt_schedule_9904
9904,26196,144,2836,3137,10:06 PM,79560,unresolved,observed,nmmt_schedule_9904
9904,26201,144,2836,3137,10:22 PM,80520,unresolved,observed,nmmt_schedule_9904
9904,26207,144,2836,3137,10:40 PM,81600,unresolved,observed,nmmt_schedule_9904
9904,26212,144,2836,3137,10:57 PM,82620,unresolved,observed,nmmt_schedule_9904
9904,26217,144,2836,3137,11:15 PM,83700,unresolved,observed,nmmt_schedule_9904
9905,17896,002 Ex,3137,3173,01:44 PM,49440,unresolved,observed,nmmt_schedule_9905
9905,17906,002 Ex,3137,3173,02:13 PM,51180,unresolved,observed,nmmt_schedule_9905
9905,17917,002 Ex,3137,3173,02:57 PM,53820,unresolved,observed,nmmt_schedule_9905
9905,17926,002 Ex,3137,3173,03:41 PM,56460,unresolved,observed,nmmt_schedule_9905
9906,17835,002 Ex,3173,3137,12:28 PM,44880,unresolved,observed,nmmt_schedule_9906
9906,17845,002 Ex,3173,3137,12:42 PM,45720,unresolved,observed,nmmt_schedule_9906
9906,17855,002 Ex,3173,3137,12:57 PM,46620,unresolved,observed,nmmt_schedule_9906
9906,17865,002 Ex,3173,3137,01:23 PM,48180,unresolved,observed,nmmt_schedule_9906
9906,17875,002 Ex,3173,3137,01:38 PM,49080,unresolved,observed,nmmt_schedule_9906
9906,17885,002 Ex,3173,3137,02:05 PM,50700,unresolved,observed,nmmt_schedule_9906
9906,17895,002 Ex,3173,3137,02:32 PM,52320,unresolved,observed,nmmt_schedule_9906
9908,12888,007,2908,3173,05:10 AM,18600,unresolved,observed,nmmt_schedule_9908
9908,12895,007,2908,3173,05:40 AM,20400,unresolved,observed,nmmt_schedule_9908
9908,12906,007,2908,3173,06:10 AM,22200,unresolved,observed,nmmt_schedule_9908
9908,12914,007,2908,3173,06:35 AM,23700,unresolved,observed,nmmt_schedule_9908
9908,12922,007,2908,3173,07:00 AM,25200,unresolved,observed,nmmt_schedule_9908
9908,12927,007,2908,3173,08:06 AM,29160,unresolved,observed,nmmt_schedule_9908
9908,12930,007,2908,3173,08:45 AM,31500,unresolved,observed,nmmt_schedule_9908
9909,12967,007,3173,2908,11:25 PM,84300,unresolved,observed,nmmt_schedule_9909
9910,12868,007,3194,2908,12:06 AM,360,unresolved,observed,nmmt_schedule_9910
9910,12894,007,3194,2908,12:12 PM,43920,unresolved,observed,nmmt_schedule_9910
9910,12901,007,3194,2908,12:47 PM,46020,unresolved,observed,nmmt_schedule_9910
9910,12908,007,3194,2908,01:27 PM,48420,unresolved,observed,nmmt_schedule_9910
9910,12915,007,3194,2908,02:07 PM,50820,unresolved,observed,nmmt_schedule_9910
9910,12921,007,3194,2908,02:42 PM,52920,unresolved,observed,nmmt_schedule_9910
9910,12929,007,3194,2908,03:22 PM,55320,unresolved,observed,nmmt_schedule_9910
9910,12931,007,3194,2908,03:57 PM,57420,unresolved,observed,nmmt_schedule_9910
9910,12942,007,3194,2908,09:08 PM,76080,unresolved,observed,nmmt_schedule_9910
9910,12952,007,3194,2908,09:46 PM,78360,unresolved,observed,nmmt_schedule_9910
9910,12874,007,3194,2908,10:25 PM,80700,unresolved,observed,nmmt_schedule_9910
9910,12883,007,3194,2908,11:02 PM,82920,unresolved,observed,nmmt_schedule_9910
9910,12960,007,3194,2908,11:41 PM,85260,unresolved,observed,nmmt_schedule_9910
9910,15275,007,3194,2908,12:06 AM,360,unresolved,observed,nmmt_schedule_9910
9911,15231,007,2908,2765,08:25 AM,30300,unresolved,observed,nmmt_schedule_9911
9911,15289,007,2908,2765,04:55 PM,60900,unresolved,observed,nmmt_schedule_9911
9912,12937,007,2908,3194,01:35 PM,48900,unresolved,observed,nmmt_schedule_9912
9912,12947,007,2908,3194,02:15 PM,51300,unresolved,observed,nmmt_schedule_9912
9912,12877,007,2908,3194,02:55 PM,53700,unresolved,observed,nmmt_schedule_9912
9912,12880,007,2908,3194,03:30 PM,55800,unresolved,observed,nmmt_schedule_9912
9912,12953,007,2908,3194,03:47 PM,56820,unresolved,observed,nmmt_schedule_9912
9912,12871,007,2908,3194,04:10 PM,58200,unresolved,observed,nmmt_schedule_9912
9912,12962,007,2908,3194,04:50 PM,60600,unresolved,observed,nmmt_schedule_9912
9914,17544,064,4397,3137,12:50 PM,46200,unresolved,observed,nmmt_schedule_9914
9915,24727,065,2908,5021,06:55 AM,24900,unresolved,observed,nmmt_schedule_9915
9916,24731,065,4397,3137,01:10 PM,47400,unresolved,observed,nmmt_schedule_9916
9917,24736,065,5021,2908,09:32 PM,77520,unresolved,observed,nmmt_schedule_9917
9918,24732,065,3137,2719,02:18 PM,51480,unresolved,observed,nmmt_schedule_9918
9925,23822,A-3 AC,3323,3365,01:08 PM,47280,unresolved,observed,nmmt_schedule_9925
9925,25010,A-3 AC,3323,3365,01:43 PM,49380,unresolved,observed,nmmt_schedule_9925
9925,23838,A-3 AC,3323,3365,01:55 PM,50100,unresolved,observed,nmmt_schedule_9925
9925,23854,A-3 AC,3323,3365,03:15 PM,54900,unresolved,observed,nmmt_schedule_9925
9926,13378,056 AC,3425,3477,02:35 PM,52500,unresolved,observed,nmmt_schedule_9926
9926,20393,056 AC,3425,3477,02:50 PM,53400,unresolved,observed,nmmt_schedule_9926
9926,13390,056 AC,3425,3477,02:59 PM,53940,unresolved,observed,nmmt_schedule_9926
9926,20453,056 AC,3425,3477,03:05 PM,54300,unresolved,observed,nmmt_schedule_9926
9926,20454,056 AC,3425,3477,03:20 PM,55200,unresolved,observed,nmmt_schedule_9926
9926,13404,056 AC,3425,3477,03:23 PM,55380,unresolved,observed,nmmt_schedule_9926
9926,20272,056 AC,3425,3477,03:42 PM,56520,unresolved,observed,nmmt_schedule_9926
9926,13432,056 AC,3425,3477,03:47 PM,56820,unresolved,observed,nmmt_schedule_9926
9926,20344,056 AC,3425,3477,03:58 PM,57480,unresolved,observed,nmmt_schedule_9926
9926,13460,056 AC,3425,3477,04:11 PM,58260,unresolved,observed,nmmt_schedule_9926
9926,20477,056 AC,3425,3477,04:12 PM,58320,unresolved,observed,nmmt_schedule_9926
9926,20482,056 AC,3425,3477,04:27 PM,59220,unresolved,observed,nmmt_schedule_9926
9927,12564,106 AC,2776,3448,09:15 PM,76500,unresolved,observed,nmmt_schedule_9927
9928,25483,077,3406,3806,09:43 PM,78180,unresolved,observed,nmmt_schedule_9928
9928,18087,077,3406,3806,10:03 PM,79380,unresolved,observed,nmmt_schedule_9928
9928,25495,077,3406,3806,10:15 PM,80100,unresolved,observed,nmmt_schedule_9928
9928,18126,077,3406,3806,10:25 PM,80700,unresolved,observed,nmmt_schedule_9928
9928,25485,077,3406,3806,10:35 PM,81300,unresolved,observed,nmmt_schedule_9928
9928,18139,077,3406,3806,10:45 PM,81900,unresolved,observed,nmmt_schedule_9928
9928,18090,077,3406,3806,11:00 PM,82800,unresolved,observed,nmmt_schedule_9928
9928,18128,077,3406,3806,11:15 PM,83700,unresolved,observed,nmmt_schedule_9928
9928,18141,077,3406,3806,11:30 PM,84600,unresolved,observed,nmmt_schedule_9928
9929,25484,077,3806,3406,10:07 PM,79620,unresolved,observed,nmmt_schedule_9929
9929,18089,077,3806,3406,10:28 PM,80880,unresolved,observed,nmmt_schedule_9929
9929,25493,077,3806,3406,10:38 PM,81480,unresolved,observed,nmmt_schedule_9929
9929,18127,077,3806,3406,10:50 PM,82200,unresolved,observed,nmmt_schedule_9929
9929,25486,077,3806,3406,10:57 PM,82620,unresolved,observed,nmmt_schedule_9929
9929,18140,077,3806,3406,11:08 PM,83280,unresolved,observed,nmmt_schedule_9929
9929,25496,077,3806,3406,11:22 PM,84120,unresolved,observed,nmmt_schedule_9929
9929,18092,077,3806,3406,11:23 PM,84180,unresolved,observed,nmmt_schedule_9929
9929,18129,077,3806,3406,11:38 PM,85080,unresolved,observed,nmmt_schedule_9929
9929,18142,077,3806,3406,11:53 PM,85980,unresolved,observed,nmmt_schedule_9929
9944,18747,042,3031,2540,10:30 PM,81000,unresolved,observed,nmmt_schedule_9944
9944,18755,042,3031,2540,11:10 PM,83400,unresolved,observed,nmmt_schedule_9944
