source_id,queried_route_id,returned_route_id,direction,station_id,response_stop_sequence,vehicle_id,tracking_trip_id,service_type_id,reported_latitude_deg,reported_longitude_deg,refresh_time_raw,refresh_flag_raw,scheduled_arrival_raw,scheduled_departure_raw,actual_arrival_raw,actual_departure_raw,scheduled_trip_start_raw,scheduled_trip_end_raw,eta_raw,stop_covered_status_raw,current_location_id,next_location_id,retrieved_utc,source,source_sha256
nmmt_route_live_5615_20260918,5615,5615,down,2908,1,648,567783680,2,19.123484,73.001198,18-09-2026 17:04:36,0,16:44,16:44,,,16:44,16:44,,1,0,0,2026-09-18T11:35:22.139796+00:00,operator_reported_vehicle_indication,78a39ab85f9b60f6a28ed53a8380676bdec0a514642b51846f5b6c483bb09f05
nmmt_route_live_5615_20260918,5615,5615,down,3080,2,648,567783680,2,19.123484,73.001198,18-09-2026 17:04:36,0,16:45,16:45,,,16:44,16:44,,1,0,0,2026-09-18T11:35:22.139796+00:00,operator_reported_vehicle_indication,78a39ab85f9b60f6a28ed53a8380676bdec0a514642b51846f5b6c483bb09f05
nmmt_route_live_5615_20260918,5615,5615,down,3079,3,648,567783680,2,19.123484,73.001198,18-09-2026 17:04:36,0,16:46,16:46,,,16:44,16:44,,1,0,0,2026-09-18T11:35:22.139796+00:00,operator_reported_vehicle_indication,78a39ab85f9b60f6a28ed53a8380676bdec0a514642b51846f5b6c483bb09f05
nmmt_route_live_5615_20260918,5615,5615,down,3075,4,648,567783680,2,19.123484,73.001198,18-09-2026 17:04:36,0,16:47,16:47,17:00,17:00,16:44,16:44,,1,0,0,2026-09-18T11:35:22.139796+00:00,operator_reported_vehicle_indication,78a39ab85f9b60f6a28ed53a8380676bdec0a514642b51846f5b6c483bb09f05
nmmt_route_live_5615_20260918,5615,5615,down,2764,5,648,567783680,2,19.123484,73.001198,18-09-2026 17:04:36,0,16:48,16:48,17:00,17:00,16:44,16:44,,1,0,0,2026-09-18T11:35:22.139796+00:00,operator_reported_vehicle_indication,78a39ab85f9b60f6a28ed53a8380676bdec0a514642b51846f5b6c483bb09f05
nmmt_route_live_5615_20260918,5615,5615,down,2765,6,648,567783680,2,19.123484,73.001198,18-09-2026 17:04:36,0,16:49,16:49,17:01,17:02,16:44,16:44,,1,0,0,2026-09-18T11:35:22.139796+00:00,operator_reported_vehicle_indication,78a39ab85f9b60f6a28ed53a8380676bdec0a514642b51846f5b6c483bb09f05
nmmt_route_live_5615_20260918,5615,5615,down,2766,7,648,567783680,2,19.123484,73.001198,18-09-2026 17:04:36,0,16:51,16:51,,,16:44,16:44,,0,0,0,2026-09-18T11:35:22.139796+00:00,operator_reported_vehicle_indication,78a39ab85f9b60f6a28ed53a8380676bdec0a514642b51846f5b6c483bb09f05
nmmt_route_live_5615_20260918,5615,5615,down,2767,8,648,567783680,2,19.123484,73.001198,18-09-2026 17:04:36,0,16:52,16:52,,,16:44,16:44,17:06,0,0,0,2026-09-18T11:35:22.139796+00:00,operator_reported_vehicle_indication,78a39ab85f9b60f6a28ed53a8380676bdec0a514642b51846f5b6c483bb09f05
nmmt_route_live_5615_20260918,5615,5615,down,2763,9,648,567783680,2,19.123484,73.001198,18-09-2026 17:04:36,0,16:53,16:53,,,16:44,16:44,17:07,0,0,0,2026-09-18T11:35:22.139796+00:00,operator_reported_vehicle_indication,78a39ab85f9b60f6a28ed53a8380676bdec0a514642b51846f5b6c483bb09f05
nmmt_route_live_5615_20260918,5615,5615,down,2762,10,648,567783680,2,19.123484,73.001198,18-09-2026 17:04:36,0,16:54,16:54,,,16:44,16:44,17:08,0,0,0,2026-09-18T11:35:22.139796+00:00,operator_reported_vehicle_indication,78a39ab85f9b60f6a28ed53a8380676bdec0a514642b51846f5b6c483bb09f05
nmmt_route_live_5615_20260918,5615,5615,down,2683,11,648,567783680,2,19.123484,73.001198,18-09-2026 17:04:36,0,16:56,16:56,,,16:44,16:44,17:09,0,0,0,2026-09-18T11:35:22.139796+00:00,operator_reported_vehicle_indication,78a39ab85f9b60f6a28ed53a8380676bdec0a514642b51846f5b6c483bb09f05
nmmt_route_live_5615_20260918,5615,5615,down,3215,12,648,567783680,2,19.123484,73.001198,18-09-2026 17:04:36,0,16:58,16:58,,,16:44,16:44,17:09,0,0,0,2026-09-18T11:35:22.139796+00:00,operator_reported_vehicle_indication,78a39ab85f9b60f6a28ed53a8380676bdec0a514642b51846f5b6c483bb09f05
nmmt_route_live_5615_20260918,5615,5615,down,3216,13,648,567783680,2,19.123484,73.001198,18-09-2026 17:04:36,0,16:59,16:59,,,16:44,16:44,17:10,0,0,0,2026-09-18T11:35:22.139796+00:00,operator_reported_vehicle_indication,78a39ab85f9b60f6a28ed53a8380676bdec0a514642b51846f5b6c483bb09f05
nmmt_route_live_5615_20260918,5615,5615,down,4227,14,648,567783680,2,19.123484,73.001198,18-09-2026 17:04:36,0,17:00,17:00,,,16:44,16:44,17:11,0,0,0,2026-09-18T11:35:22.139796+00:00,operator_reported_vehicle_indication,78a39ab85f9b60f6a28ed53a8380676bdec0a514642b51846f5b6c483bb09f05
nmmt_route_live_5615_20260918,5615,5615,down,3196,15,648,567783680,2,19.123484,73.001198,18-09-2026 17:04:36,0,17:01,17:01,,,16:44,16:44,17:12,0,0,0,2026-09-18T11:35:22.139796+00:00,operator_reported_vehicle_indication,78a39ab85f9b60f6a28ed53a8380676bdec0a514642b51846f5b6c483bb09f05
nmmt_route_live_5615_20260918,5615,5615,down,2677,16,648,567783680,2,19.123484,73.001198,18-09-2026 17:04:36,0,17:02,17:02,,,16:44,16:44,17:13,0,0,0,2026-09-18T11:35:22.139796+00:00,operator_reported_vehicle_indication,78a39ab85f9b60f6a28ed53a8380676bdec0a514642b51846f5b6c483bb09f05
nmmt_route_live_5615_20260918,5615,5615,down,2675,17,648,567783680,2,19.123484,73.001198,18-09-2026 17:04:36,0,17:03,17:03,,,16:44,16:44,17:14,0,0,0,2026-09-18T11:35:22.139796+00:00,operator_reported_vehicle_indication,78a39ab85f9b60f6a28ed53a8380676bdec0a514642b51846f5b6c483bb09f05
nmmt_route_live_5615_20260918,5615,5615,down,2674,18,648,567783680,2,19.123484,73.001198,18-09-2026 17:04:36,0,17:05,17:05,,,16:44,16:44,17:15,0,0,0,2026-09-18T11:35:22.139796+00:00,operator_reported_vehicle_indication,78a39ab85f9b60f6a28ed53a8380676bdec0a514642b51846f5b6c483bb09f05
nmmt_route_live_5615_20260918,5615,5615,down,2672,19,648,567783680,2,19.123484,73.001198,18-09-2026 17:04:36,0,17:06,17:06,,,16:44,16:44,17:16,0,0,0,2026-09-18T11:35:22.139796+00:00,operator_reported_vehicle_indication,78a39ab85f9b60f6a28ed53a8380676bdec0a514642b51846f5b6c483bb09f05
nmmt_route_live_5615_20260918,5615,5615,down,2671,20,648,567783680,2,19.123484,73.001198,18-09-2026 17:04:36,0,17:07,17:07,,,16:44,16:44,17:16,0,0,0,2026-09-18T11:35:22.139796+00:00,operator_reported_vehicle_indication,78a39ab85f9b60f6a28ed53a8380676bdec0a514642b51846f5b6c483bb09f05
nmmt_route_live_5615_20260918,5615,5615,down,2670,21,648,567783680,2,19.123484,73.001198,18-09-2026 17:04:36,0,17:07,17:07,,,16:44,16:44,17:17,0,0,0,2026-09-18T11:35:22.139796+00:00,operator_reported_vehicle_indication,78a39ab85f9b60f6a28ed53a8380676bdec0a514642b51846f5b6c483bb09f05
nmmt_route_live_5615_20260918,5615,5615,down,2669,22,648,567783680,2,19.123484,73.001198,18-09-2026 17:04:36,0,17:08,17:08,,,16:44,16:44,17:18,0,0,0,2026-09-18T11:35:22.139796+00:00,operator_reported_vehicle_indication,78a39ab85f9b60f6a28ed53a8380676bdec0a514642b51846f5b6c483bb09f05
nmmt_route_live_5615_20260918,5615,5615,down,2667,23,648,567783680,2,19.123484,73.001198,18-09-2026 17:04:36,0,17:09,17:09,,,16:44,16:44,17:19,0,0,0,2026-09-18T11:35:22.139796+00:00,operator_reported_vehicle_indication,78a39ab85f9b60f6a28ed53a8380676bdec0a514642b51846f5b6c483bb09f05
nmmt_route_live_5615_20260918,5615,5615,down,2665,24,648,567783680,2,19.123484,73.001198,18-09-2026 17:04:36,0,17:10,17:10,,,16:44,16:44,17:20,0,0,0,2026-09-18T11:35:22.139796+00:00,operator_reported_vehicle_indication,78a39ab85f9b60f6a28ed53a8380676bdec0a514642b51846f5b6c483bb09f05
nmmt_route_live_5615_20260918,5615,5615,down,4798,25,648,567783680,2,19.123484,73.001198,18-09-2026 17:04:36,0,17:12,17:12,,,16:44,16:44,17:20,0,0,0,2026-09-18T11:35:22.139796+00:00,operator_reported_vehicle_indication,78a39ab85f9b60f6a28ed53a8380676bdec0a514642b51846f5b6c483bb09f05
nmmt_route_live_5615_20260918,5615,5615,down,2540,26,648,567783680,2,19.123484,73.001198,18-09-2026 17:04:36,0,17:12,17:12,,,16:44,16:44,17:21,0,0,0,2026-09-18T11:35:22.139796+00:00,operator_reported_vehicle_indication,78a39ab85f9b60f6a28ed53a8380676bdec0a514642b51846f5b6c483bb09f05
nmmt_route_live_5615_20260918,5615,5615,down,3930,27,648,567783680,2,19.123484,73.001198,18-09-2026 17:04:36,0,17:13,17:13,,,16:44,16:44,17:22,0,0,0,2026-09-18T11:35:22.139796+00:00,operator_reported_vehicle_indication,78a39ab85f9b60f6a28ed53a8380676bdec0a514642b51846f5b6c483bb09f05
nmmt_route_live_5615_20260918,5615,5615,down,3917,28,648,567783680,2,19.123484,73.001198,18-09-2026 17:04:36,0,17:15,17:15,,,16:44,16:44,17:23,0,0,0,2026-09-18T11:35:22.139796+00:00,operator_reported_vehicle_indication,78a39ab85f9b60f6a28ed53a8380676bdec0a514642b51846f5b6c483bb09f05
nmmt_route_live_5615_20260918,5615,5615,down,2536,29,648,567783680,2,19.123484,73.001198,18-09-2026 17:04:36,0,17:14,17:14,,,16:44,16:44,17:24,0,0,0,2026-09-18T11:35:22.139796+00:00,operator_reported_vehicle_indication,78a39ab85f9b60f6a28ed53a8380676bdec0a514642b51846f5b6c483bb09f05
nmmt_route_live_5615_20260918,5615,5615,down,3911,30,648,567783680,2,19.123484,73.001198,18-09-2026 17:04:36,0,17:16,17:16,,,16:44,16:44,17:25,0,0,0,2026-09-18T11:35:22.139796+00:00,operator_reported_vehicle_indication,78a39ab85f9b60f6a28ed53a8380676bdec0a514642b51846f5b6c483bb09f05
nmmt_route_live_5615_20260918,5615,5615,down,2531,31,648,567783680,2,19.123484,73.001198,18-09-2026 17:04:36,0,17:17,17:17,,,16:44,16:44,17:27,0,0,0,2026-09-18T11:35:22.139796+00:00,operator_reported_vehicle_indication,78a39ab85f9b60f6a28ed53a8380676bdec0a514642b51846f5b6c483bb09f05
nmmt_route_live_5615_20260918,5615,5615,down,3927,32,648,567783680,2,19.123484,73.001198,18-09-2026 17:04:36,0,17:21,17:21,,,16:44,16:44,17:30,0,0,0,2026-09-18T11:35:22.139796+00:00,operator_reported_vehicle_indication,78a39ab85f9b60f6a28ed53a8380676bdec0a514642b51846f5b6c483bb09f05
nmmt_route_live_5615_20260918,5615,5615,down,2726,33,648,567783680,2,19.123484,73.001198,18-09-2026 17:04:36,0,17:23,17:23,,,16:44,16:44,17:33,0,0,0,2026-09-18T11:35:22.139796+00:00,operator_reported_vehicle_indication,78a39ab85f9b60f6a28ed53a8380676bdec0a514642b51846f5b6c483bb09f05
nmmt_route_live_5615_20260918,5615,5615,down,3915,34,648,567783680,2,19.123484,73.001198,18-09-2026 17:04:36,0,17:26,17:26,,,16:44,16:44,17:35,0,0,0,2026-09-18T11:35:22.139796+00:00,operator_reported_vehicle_indication,78a39ab85f9b60f6a28ed53a8380676bdec0a514642b51846f5b6c483bb09f05
nmmt_route_live_5615_20260918,5615,5615,down,2524,35,648,567783680,2,19.123484,73.001198,18-09-2026 17:04:36,0,17:28,17:28,,,16:44,16:44,17:37,0,0,0,2026-09-18T11:35:22.139796+00:00,operator_reported_vehicle_indication,78a39ab85f9b60f6a28ed53a8380676bdec0a514642b51846f5b6c483bb09f05
nmmt_route_live_5615_20260918,5615,5615,down,3913,36,648,567783680,2,19.123484,73.001198,18-09-2026 17:04:36,0,17:30,17:30,,,16:44,16:44,17:39,0,0,0,2026-09-18T11:35:22.139796+00:00,operator_reported_vehicle_indication,78a39ab85f9b60f6a28ed53a8380676bdec0a514642b51846f5b6c483bb09f05
nmmt_route_live_5615_20260918,5615,5615,down,4209,37,648,567783680,2,19.123484,73.001198,18-09-2026 17:04:36,0,17:33,17:33,,,16:44,16:44,17:40,0,0,0,2026-09-18T11:35:22.139796+00:00,operator_reported_vehicle_indication,78a39ab85f9b60f6a28ed53a8380676bdec0a514642b51846f5b6c483bb09f05
nmmt_route_live_5615_20260918,5615,5615,down,4210,38,648,567783680,2,19.123484,73.001198,18-09-2026 17:04:36,0,17:35,17:35,,,16:44,16:44,17:42,0,0,0,2026-09-18T11:35:22.139796+00:00,operator_reported_vehicle_indication,78a39ab85f9b60f6a28ed53a8380676bdec0a514642b51846f5b6c483bb09f05
nmmt_route_live_5615_20260918,5615,5615,down,4211,39,648,567783680,2,19.123484,73.001198,18-09-2026 17:04:36,0,17:37,17:37,,,16:44,16:44,17:45,0,0,0,2026-09-18T11:35:22.139796+00:00,operator_reported_vehicle_indication,78a39ab85f9b60f6a28ed53a8380676bdec0a514642b51846f5b6c483bb09f05
nmmt_route_live_5615_20260918,5615,5615,down,2515,40,648,567783680,2,19.123484,73.001198,18-09-2026 17:04:36,0,17:44,17:44,,,16:44,16:44,17:51,0,0,0,2026-09-18T11:35:22.139796+00:00,operator_reported_vehicle_indication,78a39ab85f9b60f6a28ed53a8380676bdec0a514642b51846f5b6c483bb09f05
nmmt_route_live_5615_20260918,5615,5615,down,4377,41,648,567783680,2,19.123484,73.001198,18-09-2026 17:04:36,0,17:48,17:48,,,16:44,16:44,17:57,0,0,0,2026-09-18T11:35:22.139796+00:00,operator_reported_vehicle_indication,78a39ab85f9b60f6a28ed53a8380676bdec0a514642b51846f5b6c483bb09f05
nmmt_route_live_5615_20260918,5615,5615,down,3682,42,648,567783680,2,19.123484,73.001198,18-09-2026 17:04:36,0,17:49,17:49,,,16:44,16:44,17:58,0,0,0,2026-09-18T11:35:22.139796+00:00,operator_reported_vehicle_indication,78a39ab85f9b60f6a28ed53a8380676bdec0a514642b51846f5b6c483bb09f05
nmmt_route_live_5615_20260918,5615,5615,down,3326,43,648,567783680,2,19.123484,73.001198,18-09-2026 17:04:36,0,17:50,17:50,,,16:44,16:44,17:58,0,0,0,2026-09-18T11:35:22.139796+00:00,operator_reported_vehicle_indication,78a39ab85f9b60f6a28ed53a8380676bdec0a514642b51846f5b6c483bb09f05
nmmt_route_live_5615_20260918,5615,5615,down,3327,44,648,567783680,2,19.123484,73.001198,18-09-2026 17:04:36,0,17:52,17:52,,,16:44,16:44,18:01,0,0,0,2026-09-18T11:35:22.139796+00:00,operator_reported_vehicle_indication,78a39ab85f9b60f6a28ed53a8380676bdec0a514642b51846f5b6c483bb09f05
nmmt_route_live_5615_20260918,5615,5615,down,3328,45,648,567783680,2,19.123484,73.001198,18-09-2026 17:04:36,0,17:54,17:54,,,16:44,16:44,18:03,0,0,0,2026-09-18T11:35:22.139796+00:00,operator_reported_vehicle_indication,78a39ab85f9b60f6a28ed53a8380676bdec0a514642b51846f5b6c483bb09f05
nmmt_route_live_5615_20260918,5615,5615,down,3919,46,648,567783680,2,19.123484,73.001198,18-09-2026 17:04:36,0,17:55,17:55,,,16:44,16:44,18:04,0,0,0,2026-09-18T11:35:22.139796+00:00,operator_reported_vehicle_indication,78a39ab85f9b60f6a28ed53a8380676bdec0a514642b51846f5b6c483bb09f05
nmmt_route_live_5615_20260918,5615,5615,down,3330,47,648,567783680,2,19.123484,73.001198,18-09-2026 17:04:36,0,17:56,17:56,,,16:44,16:44,18:05,0,0,0,2026-09-18T11:35:22.139796+00:00,operator_reported_vehicle_indication,78a39ab85f9b60f6a28ed53a8380676bdec0a514642b51846f5b6c483bb09f05
nmmt_route_live_5615_20260918,5615,5615,down,3331,48,648,567783680,2,19.123484,73.001198,18-09-2026 17:04:36,0,17:57,17:57,,,16:44,16:44,18:06,0,0,0,2026-09-18T11:35:22.139796+00:00,operator_reported_vehicle_indication,78a39ab85f9b60f6a28ed53a8380676bdec0a514642b51846f5b6c483bb09f05
nmmt_route_live_5615_20260918,5615,5615,down,3332,49,648,567783680,2,19.123484,73.001198,18-09-2026 17:04:36,0,17:57,17:57,,,16:44,16:44,18:09,0,0,0,2026-09-18T11:35:22.139796+00:00,operator_reported_vehicle_indication,78a39ab85f9b60f6a28ed53a8380676bdec0a514642b51846f5b6c483bb09f05
nmmt_route_live_5615_20260918,5615,5615,down,3333,50,648,567783680,2,19.123484,73.001198,18-09-2026 17:04:36,0,17:58,17:58,,,16:44,16:44,18:10,0,0,0,2026-09-18T11:35:22.139796+00:00,operator_reported_vehicle_indication,78a39ab85f9b60f6a28ed53a8380676bdec0a514642b51846f5b6c483bb09f05
nmmt_route_live_5615_20260918,5615,5615,down,4396,51,648,567783680,2,19.123484,73.001198,18-09-2026 17:04:36,0,17:59,17:59,,,16:44,16:44,18:10,0,0,0,2026-09-18T11:35:22.139796+00:00,operator_reported_vehicle_indication,78a39ab85f9b60f6a28ed53a8380676bdec0a514642b51846f5b6c483bb09f05
nmmt_route_live_5615_20260918,5615,5615,down,3769,52,648,567783680,2,19.123484,73.001198,18-09-2026 17:04:36,0,18:01,18:01,,,16:44,16:44,18:12,0,0,0,2026-09-18T11:35:22.139796+00:00,operator_reported_vehicle_indication,78a39ab85f9b60f6a28ed53a8380676bdec0a514642b51846f5b6c483bb09f05
nmmt_route_live_5615_20260918,5615,5615,down,3336,53,648,567783680,2,19.123484,73.001198,18-09-2026 17:04:36,0,18:02,18:02,,,16:44,16:44,18:13,0,0,0,2026-09-18T11:35:22.139796+00:00,operator_reported_vehicle_indication,78a39ab85f9b60f6a28ed53a8380676bdec0a514642b51846f5b6c483bb09f05
nmmt_route_live_5615_20260918,5615,5615,down,3337,54,648,567783680,2,19.123484,73.001198,18-09-2026 17:04:36,0,18:03,18:03,,,16:44,16:44,18:13,0,0,0,2026-09-18T11:35:22.139796+00:00,operator_reported_vehicle_indication,78a39ab85f9b60f6a28ed53a8380676bdec0a514642b51846f5b6c483bb09f05
nmmt_route_live_5615_20260918,5615,5615,down,3338,55,648,567783680,2,19.123484,73.001198,18-09-2026 17:04:36,0,18:03,18:03,,,16:44,16:44,18:15,0,0,0,2026-09-18T11:35:22.139796+00:00,operator_reported_vehicle_indication,78a39ab85f9b60f6a28ed53a8380676bdec0a514642b51846f5b6c483bb09f05
nmmt_route_live_5615_20260918,5615,5615,down,4310,56,648,567783680,2,19.123484,73.001198,18-09-2026 17:04:36,0,18:04,18:04,,,16:44,16:44,18:16,0,0,0,2026-09-18T11:35:22.139796+00:00,operator_reported_vehicle_indication,78a39ab85f9b60f6a28ed53a8380676bdec0a514642b51846f5b6c483bb09f05
nmmt_route_live_5615_20260918,5615,5615,down,4309,57,648,567783680,2,19.123484,73.001198,18-09-2026 17:04:36,0,18:05,18:05,,,16:44,16:44,18:17,0,0,0,2026-09-18T11:35:22.139796+00:00,operator_reported_vehicle_indication,78a39ab85f9b60f6a28ed53a8380676bdec0a514642b51846f5b6c483bb09f05
nmmt_route_live_5615_20260918,5615,5615,down,4492,58,648,567783680,2,19.123484,73.001198,18-09-2026 17:04:36,0,18:06,18:06,,,16:44,16:44,18:18,0,0,0,2026-09-18T11:35:22.139796+00:00,operator_reported_vehicle_indication,78a39ab85f9b60f6a28ed53a8380676bdec0a514642b51846f5b6c483bb09f05
nmmt_route_live_5615_20260918,5615,5615,down,3341,59,648,567783680,2,19.123484,73.001198,18-09-2026 17:04:36,0,18:08,18:08,,,16:44,16:44,18:19,0,0,0,2026-09-18T11:35:22.139796+00:00,operator_reported_vehicle_indication,78a39ab85f9b60f6a28ed53a8380676bdec0a514642b51846f5b6c483bb09f05
nmmt_route_live_5615_20260918,5615,5615,down,2651,60,648,567783680,2,19.123484,73.001198,18-09-2026 17:04:36,0,18:09,18:09,,,16:44,16:44,18:20,0,0,0,2026-09-18T11:35:22.139796+00:00,operator_reported_vehicle_indication,78a39ab85f9b60f6a28ed53a8380676bdec0a514642b51846f5b6c483bb09f05
nmmt_route_live_5615_20260918,5615,5615,down,3342,61,648,567783680,2,19.123484,73.001198,18-09-2026 17:04:36,0,18:11,18:11,,,16:44,16:44,18:21,0,0,0,2026-09-18T11:35:22.139796+00:00,operator_reported_vehicle_indication,78a39ab85f9b60f6a28ed53a8380676bdec0a514642b51846f5b6c483bb09f05
nmmt_route_live_5615_20260918,5615,5615,down,4487,62,648,567783680,2,19.123484,73.001198,18-09-2026 17:04:36,0,18:12,18:12,,,16:44,16:44,18:22,0,0,0,2026-09-18T11:35:22.139796+00:00,operator_reported_vehicle_indication,78a39ab85f9b60f6a28ed53a8380676bdec0a514642b51846f5b6c483bb09f05
nmmt_route_live_5615_20260918,5615,5615,down,4488,63,648,567783680,2,19.123484,73.001198,18-09-2026 17:04:36,0,18:13,18:13,,,16:44,16:44,18:23,0,0,0,2026-09-18T11:35:22.139796+00:00,operator_reported_vehicle_indication,78a39ab85f9b60f6a28ed53a8380676bdec0a514642b51846f5b6c483bb09f05
nmmt_route_live_5615_20260918,5615,5615,down,4489,64,648,567783680,2,19.123484,73.001198,18-09-2026 17:04:36,0,18:15,18:15,,,16:44,16:44,18:24,0,0,0,2026-09-18T11:35:22.139796+00:00,operator_reported_vehicle_indication,78a39ab85f9b60f6a28ed53a8380676bdec0a514642b51846f5b6c483bb09f05
nmmt_route_live_5615_20260918,5615,5615,down,4490,65,648,567783680,2,19.123484,73.001198,18-09-2026 17:04:36,0,18:16,18:16,,,16:44,16:44,18:25,0,0,0,2026-09-18T11:35:22.139796+00:00,operator_reported_vehicle_indication,78a39ab85f9b60f6a28ed53a8380676bdec0a514642b51846f5b6c483bb09f05
nmmt_route_live_5615_20260918,5615,5615,down,4562,66,648,567783680,2,19.123484,73.001198,18-09-2026 17:04:36,0,18:17,18:17,,,16:44,16:44,18:27,0,0,0,2026-09-18T11:35:22.139796+00:00,operator_reported_vehicle_indication,78a39ab85f9b60f6a28ed53a8380676bdec0a514642b51846f5b6c483bb09f05
nmmt_route_live_5615_20260918,5615,5615,down,3346,67,648,567783680,2,19.123484,73.001198,18-09-2026 17:04:36,0,18:18,18:18,,,16:44,16:44,18:28,0,0,0,2026-09-18T11:35:22.139796+00:00,operator_reported_vehicle_indication,78a39ab85f9b60f6a28ed53a8380676bdec0a514642b51846f5b6c483bb09f05
nmmt_route_live_5615_20260918,5615,5615,down,4595,68,648,567783680,2,19.123484,73.001198,18-09-2026 17:04:36,0,18:19,18:19,,,16:44,16:44,18:28,0,0,0,2026-09-18T11:35:22.139796+00:00,operator_reported_vehicle_indication,78a39ab85f9b60f6a28ed53a8380676bdec0a514642b51846f5b6c483bb09f05
nmmt_route_live_5615_20260918,5615,5615,down,3348,69,648,567783680,2,19.123484,73.001198,18-09-2026 17:04:36,0,18:20,18:20,,,16:44,16:44,18:30,0,0,0,2026-09-18T11:35:22.139796+00:00,operator_reported_vehicle_indication,78a39ab85f9b60f6a28ed53a8380676bdec0a514642b51846f5b6c483bb09f05
nmmt_route_live_5615_20260918,5615,5615,down,3349,70,648,567783680,2,19.123484,73.001198,18-09-2026 17:04:36,0,18:23,18:23,,,16:44,16:44,18:33,0,0,0,2026-09-18T11:35:22.139796+00:00,operator_reported_vehicle_indication,78a39ab85f9b60f6a28ed53a8380676bdec0a514642b51846f5b6c483bb09f05
nmmt_route_live_5615_20260918,5615,5615,down,4190,71,648,567783680,2,19.123484,73.001198,18-09-2026 17:04:36,0,18:24,18:24,,,16:44,16:44,18:34,0,0,0,2026-09-18T11:35:22.139796+00:00,operator_reported_vehicle_indication,78a39ab85f9b60f6a28ed53a8380676bdec0a514642b51846f5b6c483bb09f05
nmmt_route_live_5615_20260918,5615,5615,down,3435,72,648,567783680,2,19.123484,73.001198,18-09-2026 17:04:36,0,18:25,18:25,,,16:44,16:44,18:34,0,0,0,2026-09-18T11:35:22.139796+00:00,operator_reported_vehicle_indication,78a39ab85f9b60f6a28ed53a8380676bdec0a514642b51846f5b6c483bb09f05
nmmt_route_live_5615_20260918,5615,5615,down,3430,73,648,567783680,2,19.123484,73.001198,18-09-2026 17:04:36,0,18:25,18:25,,,16:44,16:44,18:35,0,0,0,2026-09-18T11:35:22.139796+00:00,operator_reported_vehicle_indication,78a39ab85f9b60f6a28ed53a8380676bdec0a514642b51846f5b6c483bb09f05
nmmt_route_live_5615_20260918,5615,5615,down,3431,74,648,567783680,2,19.123484,73.001198,18-09-2026 17:04:36,0,18:26,18:26,,,16:44,16:44,18:36,0,0,0,2026-09-18T11:35:22.139796+00:00,operator_reported_vehicle_indication,78a39ab85f9b60f6a28ed53a8380676bdec0a514642b51846f5b6c483bb09f05
nmmt_route_live_5615_20260918,5615,5615,down,3432,75,648,567783680,2,19.123484,73.001198,18-09-2026 17:04:36,0,18:26,18:26,,,16:44,16:44,18:37,0,0,0,2026-09-18T11:35:22.139796+00:00,operator_reported_vehicle_indication,78a39ab85f9b60f6a28ed53a8380676bdec0a514642b51846f5b6c483bb09f05
nmmt_route_live_5615_20260918,5615,5615,down,3433,76,648,567783680,2,19.123484,73.001198,18-09-2026 17:04:36,0,18:27,18:27,,,16:44,16:44,18:38,0,0,0,2026-09-18T11:35:22.139796+00:00,operator_reported_vehicle_indication,78a39ab85f9b60f6a28ed53a8380676bdec0a514642b51846f5b6c483bb09f05
nmmt_route_live_5615_20260918,5615,5615,down,3434,77,648,567783680,2,19.123484,73.001198,18-09-2026 17:04:36,0,18:29,18:29,,,16:44,16:44,18:39,0,0,0,2026-09-18T11:35:22.139796+00:00,operator_reported_vehicle_indication,78a39ab85f9b60f6a28ed53a8380676bdec0a514642b51846f5b6c483bb09f05
nmmt_route_live_5616_20260918,5616,5616,up,3434,1,657,567783712,2,19.075787,72.997971,18-09-2026 17:04:42,0,16:15,16:15,16:01,16:01,16:15,16:15,,1,0,0,2026-09-18T11:35:22.748376+00:00,operator_reported_vehicle_indication,972c7a01ab17edf2597dc1bd69bf06e678d887f6cb210630f521916fc45d5b61
nmmt_route_live_5616_20260918,5616,5616,up,3434,1,684,567783667,2,19.118784,72.999588,18-09-2026 17:04:43,0,15:00,15:00,15:17,15:17,15:00,15:00,,1,0,0,2026-09-18T11:35:22.748376+00:00,operator_reported_vehicle_indication,972c7a01ab17edf2597dc1bd69bf06e678d887f6cb210630f521916fc45d5b61
nmmt_route_live_5616_20260918,5616,5616,up,3433,2,657,567783712,2,19.075787,72.997971,18-09-2026 17:04:42,0,16:16,16:16,16:05,16:05,16:15,16:15,,1,0,0,2026-09-18T11:35:22.748376+00:00,operator_reported_vehicle_indication,972c7a01ab17edf2597dc1bd69bf06e678d887f6cb210630f521916fc45d5b61
nmmt_route_live_5616_20260918,5616,5616,up,3433,2,684,567783667,2,19.118784,72.999588,18-09-2026 17:04:43,0,15:01,15:01,15:25,15:26,15:00,15:00,,1,0,0,2026-09-18T11:35:22.748376+00:00,operator_reported_vehicle_indication,972c7a01ab17edf2597dc1bd69bf06e678d887f6cb210630f521916fc45d5b61
nmmt_route_live_5616_20260918,5616,5616,up,3432,3,684,567783667,2,19.118784,72.999588,18-09-2026 17:04:43,0,15:01,15:01,15:26,15:27,15:00,15:00,,1,0,0,2026-09-18T11:35:22.748376+00:00,operator_reported_vehicle_indication,972c7a01ab17edf2597dc1bd69bf06e678d887f6cb210630f521916fc45d5b61
nmmt_route_live_5616_20260918,5616,5616,up,3432,3,657,567783712,2,19.075787,72.997971,18-09-2026 17:04:42,0,16:16,16:16,16:06,16:06,16:15,16:15,,1,0,0,2026-09-18T11:35:22.748376+00:00,operator_reported_vehicle_indication,972c7a01ab17edf2597dc1bd69bf06e678d887f6cb210630f521916fc45d5b61
nmmt_route_live_5616_20260918,5616,5616,up,3431,4,684,567783667,2,19.118784,72.999588,18-09-2026 17:04:43,0,15:02,15:02,15:27,15:27,15:00,15:00,,1,0,0,2026-09-18T11:35:22.748376+00:00,operator_reported_vehicle_indication,972c7a01ab17edf2597dc1bd69bf06e678d887f6cb210630f521916fc45d5b61
nmmt_route_live_5616_20260918,5616,5616,up,3431,4,657,567783712,2,19.075787,72.997971,18-09-2026 17:04:42,0,16:17,16:17,16:06,16:07,16:15,16:15,,1,0,0,2026-09-18T11:35:22.748376+00:00,operator_reported_vehicle_indication,972c7a01ab17edf2597dc1bd69bf06e678d887f6cb210630f521916fc45d5b61
nmmt_route_live_5616_20260918,5616,5616,up,3430,5,684,567783667,2,19.118784,72.999588,18-09-2026 17:04:43,0,15:02,15:02,15:28,15:28,15:00,15:00,,1,0,0,2026-09-18T11:35:22.748376+00:00,operator_reported_vehicle_indication,972c7a01ab17edf2597dc1bd69bf06e678d887f6cb210630f521916fc45d5b61
nmmt_route_live_5616_20260918,5616,5616,up,3430,5,657,567783712,2,19.075787,72.997971,18-09-2026 17:04:42,0,16:17,16:17,16:07,16:07,16:15,16:15,,1,0,0,2026-09-18T11:35:22.748376+00:00,operator_reported_vehicle_indication,972c7a01ab17edf2597dc1bd69bf06e678d887f6cb210630f521916fc45d5b61
nmmt_route_live_5616_20260918,5616,5616,up,3435,6,684,567783667,2,19.118784,72.999588,18-09-2026 17:04:43,0,15:04,15:04,,,15:00,15:00,,1,0,0,2026-09-18T11:35:22.748376+00:00,operator_reported_vehicle_indication,972c7a01ab17edf2597dc1bd69bf06e678d887f6cb210630f521916fc45d5b61
nmmt_route_live_5616_20260918,5616,5616,up,3435,6,657,567783712,2,19.075787,72.997971,18-09-2026 17:04:42,0,16:18,16:18,,,16:15,16:15,,1,0,0,2026-09-18T11:35:22.748376+00:00,operator_reported_vehicle_indication,972c7a01ab17edf2597dc1bd69bf06e678d887f6cb210630f521916fc45d5b61
nmmt_route_live_5616_20260918,5616,5616,up,3676,7,684,567783667,2,19.118784,72.999588,18-09-2026 17:04:43,0,15:04,15:04,,,15:00,15:00,,1,0,0,2026-09-18T11:35:22.748376+00:00,operator_reported_vehicle_indication,972c7a01ab17edf2597dc1bd69bf06e678d887f6cb210630f521916fc45d5b61
nmmt_route_live_5616_20260918,5616,5616,up,3676,7,657,567783712,2,19.075787,72.997971,18-09-2026 17:04:42,0,16:18,16:18,,,16:15,16:15,,1,0,0,2026-09-18T11:35:22.748376+00:00,operator_reported_vehicle_indication,972c7a01ab17edf2597dc1bd69bf06e678d887f6cb210630f521916fc45d5b61
nmmt_route_live_5616_20260918,5616,5616,up,4597,8,684,567783667,2,19.118784,72.999588,18-09-2026 17:04:43,0,15:05,15:05,15:35,15:35,15:00,15:00,,1,0,0,2026-09-18T11:35:22.748376+00:00,operator_reported_vehicle_indication,972c7a01ab17edf2597dc1bd69bf06e678d887f6cb210630f521916fc45d5b61
nmmt_route_live_5616_20260918,5616,5616,up,4597,8,657,567783712,2,19.075787,72.997971,18-09-2026 17:04:42,0,16:19,16:19,16:13,16:13,16:15,16:15,,1,0,0,2026-09-18T11:35:22.748376+00:00,operator_reported_vehicle_indication,972c7a01ab17edf2597dc1bd69bf06e678d887f6cb210630f521916fc45d5b61
nmmt_route_live_5616_20260918,5616,5616,up,4596,9,684,567783667,2,19.118784,72.999588,18-09-2026 17:04:43,0,15:09,15:09,15:37,15:37,15:00,15:00,,1,0,0,2026-09-18T11:35:22.748376+00:00,operator_reported_vehicle_indication,972c7a01ab17edf2597dc1bd69bf06e678d887f6cb210630f521916fc45d5b61
nmmt_route_live_5616_20260918,5616,5616,up,4596,9,657,567783712,2,19.075787,72.997971,18-09-2026 17:04:42,0,16:23,16:23,16:16,16:16,16:15,16:15,,1,0,0,2026-09-18T11:35:22.748376+00:00,operator_reported_vehicle_indication,972c7a01ab17edf2597dc1bd69bf06e678d887f6cb210630f521916fc45d5b61
nmmt_route_live_5616_20260918,5616,5616,up,3347,10,684,567783667,2,19.118784,72.999588,18-09-2026 17:04:43,0,15:10,15:10,15:38,15:38,15:00,15:00,,1,0,0,2026-09-18T11:35:22.748376+00:00,operator_reported_vehicle_indication,972c7a01ab17edf2597dc1bd69bf06e678d887f6cb210630f521916fc45d5b61
nmmt_route_live_5616_20260918,5616,5616,up,3347,10,657,567783712,2,19.075787,72.997971,18-09-2026 17:04:42,0,16:24,16:24,16:16,16:17,16:15,16:15,,1,0,0,2026-09-18T11:35:22.748376+00:00,operator_reported_vehicle_indication,972c7a01ab17edf2597dc1bd69bf06e678d887f6cb210630f521916fc45d5b61
nmmt_route_live_5616_20260918,5616,5616,up,4594,11,684,567783667,2,19.118784,72.999588,18-09-2026 17:04:43,0,15:12,15:12,15:39,15:39,15:00,15:00,,1,0,0,2026-09-18T11:35:22.748376+00:00,operator_reported_vehicle_indication,972c7a01ab17edf2597dc1bd69bf06e678d887f6cb210630f521916fc45d5b61
nmmt_route_live_5616_20260918,5616,5616,up,4594,11,657,567783712,2,19.075787,72.997971,18-09-2026 17:04:42,0,16:25,16:25,16:17,16:17,16:15,16:15,,1,0,0,2026-09-18T11:35:22.748376+00:00,operator_reported_vehicle_indication,972c7a01ab17edf2597dc1bd69bf06e678d887f6cb210630f521916fc45d5b61
nmmt_route_live_5616_20260918,5616,5616,up,2644,12,684,567783667,2,19.118784,72.999588,18-09-2026 17:04:43,0,15:13,15:13,15:39,15:40,15:00,15:00,,1,0,0,2026-09-18T11:35:22.748376+00:00,operator_reported_vehicle_indication,972c7a01ab17edf2597dc1bd69bf06e678d887f6cb210630f521916fc45d5b61
nmmt_route_live_5616_20260918,5616,5616,up,2644,12,657,567783712,2,19.075787,72.997971,18-09-2026 17:04:42,0,16:26,16:26,16:18,16:18,16:15,16:15,,1,0,0,2026-09-18T11:35:22.748376+00:00,operator_reported_vehicle_indication,972c7a01ab17edf2597dc1bd69bf06e678d887f6cb210630f521916fc45d5b61
nmmt_route_live_5616_20260918,5616,5616,up,3936,13,684,567783667,2,19.118784,72.999588,18-09-2026 17:04:43,0,15:14,15:14,15:40,15:40,15:00,15:00,,1,0,0,2026-09-18T11:35:22.748376+00:00,operator_reported_vehicle_indication,972c7a01ab17edf2597dc1bd69bf06e678d887f6cb210630f521916fc45d5b61
nmmt_route_live_5616_20260918,5616,5616,up,3936,13,657,567783712,2,19.075787,72.997971,18-09-2026 17:04:42,0,16:27,16:27,16:19,16:19,16:15,16:15,,1,0,0,2026-09-18T11:35:22.748376+00:00,operator_reported_vehicle_indication,972c7a01ab17edf2597dc1bd69bf06e678d887f6cb210630f521916fc45d5b61
nmmt_route_live_5616_20260918,5616,5616,up,3344,14,684,567783667,2,19.118784,72.999588,18-09-2026 17:04:43,0,15:16,15:16,15:41,15:41,15:00,15:00,,1,0,0,2026-09-18T11:35:22.748376+00:00,operator_reported_vehicle_indication,972c7a01ab17edf2597dc1bd69bf06e678d887f6cb210630f521916fc45d5b61
nmmt_route_live_5616_20260918,5616,5616,up,3344,14,657,567783712,2,19.075787,72.997971,18-09-2026 17:04:42,0,16:29,16:29,16:19,16:19,16:15,16:15,,1,0,0,2026-09-18T11:35:22.748376+00:00,operator_reported_vehicle_indication,972c7a01ab17edf2597dc1bd69bf06e678d887f6cb210630f521916fc45d5b61
nmmt_route_live_5616_20260918,5616,5616,up,2646,15,684,567783667,2,19.118784,72.999588,18-09-2026 17:04:43,0,15:17,15:17,15:42,15:42,15:00,15:00,,1,0,0,2026-09-18T11:35:22.748376+00:00,operator_reported_vehicle_indication,972c7a01ab17edf2597dc1bd69bf06e678d887f6cb210630f521916fc45d5b61
nmmt_route_live_5616_20260918,5616,5616,up,2646,15,657,567783712,2,19.075787,72.997971,18-09-2026 17:04:42,0,16:30,16:30,16:20,16:20,16:15,16:15,,1,0,0,2026-09-18T11:35:22.748376+00:00,operator_reported_vehicle_indication,972c7a01ab17edf2597dc1bd69bf06e678d887f6cb210630f521916fc45d5b61
nmmt_route_live_5616_20260918,5616,5616,up,2648,16,684,567783667,2,19.118784,72.999588,18-09-2026 17:04:43,0,15:18,15:18,15:43,15:43,15:00,15:00,,1,0,0,2026-09-18T11:35:22.748376+00:00,operator_reported_vehicle_indication,972c7a01ab17edf2597dc1bd69bf06e678d887f6cb210630f521916fc45d5b61
nmmt_route_live_5616_20260918,5616,5616,up,2648,16,657,567783712,2,19.075787,72.997971,18-09-2026 17:04:42,0,16:31,16:31,16:21,16:21,16:15,16:15,,1,0,0,2026-09-18T11:35:22.748376+00:00,operator_reported_vehicle_indication,972c7a01ab17edf2597dc1bd69bf06e678d887f6cb210630f521916fc45d5b61
nmmt_route_live_5616_20260918,5616,5616,up,4020,17,684,567783667,2,19.118784,72.999588,18-09-2026 17:04:43,0,15:20,15:20,15:44,15:44,15:00,15:00,,1,0,0,2026-09-18T11:35:22.748376+00:00,operator_reported_vehicle_indication,972c7a01ab17edf2597dc1bd69bf06e678d887f6cb210630f521916fc45d5b61
nmmt_route_live_5616_20260918,5616,5616,up,4020,17,657,567783712,2,19.075787,72.997971,18-09-2026 17:04:42,0,16:32,16:32,16:22,16:22,16:15,16:15,,1,0,0,2026-09-18T11:35:22.748376+00:00,operator_reported_vehicle_indication,972c7a01ab17edf2597dc1bd69bf06e678d887f6cb210630f521916fc45d5b61
nmmt_route_live_5616_20260918,5616,5616,up,4445,18,684,567783667,2,19.118784,72.999588,18-09-2026 17:04:43,0,15:22,15:22,15:45,15:45,15:00,15:00,,1,0,0,2026-09-18T11:35:22.748376+00:00,operator_reported_vehicle_indication,972c7a01ab17edf2597dc1bd69bf06e678d887f6cb210630f521916fc45d5b61
nmmt_route_live_5616_20260918,5616,5616,up,4445,18,657,567783712,2,19.075787,72.997971,18-09-2026 17:04:42,0,16:34,16:34,16:23,16:23,16:15,16:15,,1,0,0,2026-09-18T11:35:22.748376+00:00,operator_reported_vehicle_indication,972c7a01ab17edf2597dc1bd69bf06e678d887f6cb210630f521916fc45d5b61
nmmt_route_live_5616_20260918,5616,5616,up,4491,19,684,567783667,2,19.118784,72.999588,18-09-2026 17:04:43,0,15:24,15:24,,,15:00,15:00,,1,0,0,2026-09-18T11:35:22.748376+00:00,operator_reported_vehicle_indication,972c7a01ab17edf2597dc1bd69bf06e678d887f6cb210630f521916fc45d5b61
nmmt_route_live_5616_20260918,5616,5616,up,4491,19,657,567783712,2,19.075787,72.997971,18-09-2026 17:04:42,0,16:36,16:36,,,16:15,16:15,,1,0,0,2026-09-18T11:35:22.748376+00:00,operator_reported_vehicle_indication,972c7a01ab17edf2597dc1bd69bf06e678d887f6cb210630f521916fc45d5b61
nmmt_route_live_5616_20260918,5616,5616,up,3340,20,684,567783667,2,19.118784,72.999588,18-09-2026 17:04:43,0,15:25,15:25,15:46,15:46,15:00,15:00,,1,0,0,2026-09-18T11:35:22.748376+00:00,operator_reported_vehicle_indication,972c7a01ab17edf2597dc1bd69bf06e678d887f6cb210630f521916fc45d5b61
nmmt_route_live_5616_20260918,5616,5616,up,3340,20,657,567783712,2,19.075787,72.997971,18-09-2026 17:04:42,0,16:37,16:37,16:24,16:24,16:15,16:15,,1,0,0,2026-09-18T11:35:22.748376+00:00,operator_reported_vehicle_indication,972c7a01ab17edf2597dc1bd69bf06e678d887f6cb210630f521916fc45d5b61
nmmt_route_live_5616_20260918,5616,5616,up,3339,21,684,567783667,2,19.118784,72.999588,18-09-2026 17:04:43,0,15:26,15:26,15:48,15:48,15:00,15:00,,1,0,0,2026-09-18T11:35:22.748376+00:00,operator_reported_vehicle_indication,972c7a01ab17edf2597dc1bd69bf06e678d887f6cb210630f521916fc45d5b61
nmmt_route_live_5616_20260918,5616,5616,up,3339,21,657,567783712,2,19.075787,72.997971,18-09-2026 17:04:42,0,16:38,16:38,16:25,16:25,16:15,16:15,,1,0,0,2026-09-18T11:35:22.748376+00:00,operator_reported_vehicle_indication,972c7a01ab17edf2597dc1bd69bf06e678d887f6cb210630f521916fc45d5b61
nmmt_route_live_5616_20260918,5616,5616,up,2655,22,684,567783667,2,19.118784,72.999588,18-09-2026 17:04:43,0,15:26,15:26,15:49,15:49,15:00,15:00,,1,0,0,2026-09-18T11:35:22.748376+00:00,operator_reported_vehicle_indication,972c7a01ab17edf2597dc1bd69bf06e678d887f6cb210630f521916fc45d5b61
nmmt_route_live_5616_20260918,5616,5616,up,2655,22,657,567783712,2,19.075787,72.997971,18-09-2026 17:04:42,0,16:38,16:38,16:26,16:26,16:15,16:15,,1,0,0,2026-09-18T11:35:22.748376+00:00,operator_reported_vehicle_indication,972c7a01ab17edf2597dc1bd69bf06e678d887f6cb210630f521916fc45d5b61
nmmt_route_live_5616_20260918,5616,5616,up,4593,23,684,567783667,2,19.118784,72.999588,18-09-2026 17:04:43,0,15:28,15:28,,,15:00,15:00,,1,0,0,2026-09-18T11:35:22.748376+00:00,operator_reported_vehicle_indication,972c7a01ab17edf2597dc1bd69bf06e678d887f6cb210630f521916fc45d5b61
nmmt_route_live_5616_20260918,5616,5616,up,4593,23,657,567783712,2,19.075787,72.997971,18-09-2026 17:04:42,0,16:39,16:39,,,16:15,16:15,,1,0,0,2026-09-18T11:35:22.748376+00:00,operator_reported_vehicle_indication,972c7a01ab17edf2597dc1bd69bf06e678d887f6cb210630f521916fc45d5b61
nmmt_route_live_5616_20260918,5616,5616,up,4592,24,684,567783667,2,19.118784,72.999588,18-09-2026 17:04:43,0,15:29,15:29,15:51,15:51,15:00,15:00,,1,0,0,2026-09-18T11:35:22.748376+00:00,operator_reported_vehicle_indication,972c7a01ab17edf2597dc1bd69bf06e678d887f6cb210630f521916fc45d5b61
nmmt_route_live_5616_20260918,5616,5616,up,4592,24,657,567783712,2,19.075787,72.997971,18-09-2026 17:04:42,0,16:40,16:40,,,16:15,16:15,,1,0,0,2026-09-18T11:35:22.748376+00:00,operator_reported_vehicle_indication,972c7a01ab17edf2597dc1bd69bf06e678d887f6cb210630f521916fc45d5b61
nmmt_route_live_5616_20260918,5616,5616,up,4587,25,684,567783667,2,19.118784,72.999588,18-09-2026 17:04:43,0,15:30,15:30,15:52,15:52,15:00,15:00,,1,0,0,2026-09-18T11:35:22.748376+00:00,operator_reported_vehicle_indication,972c7a01ab17edf2597dc1bd69bf06e678d887f6cb210630f521916fc45d5b61
nmmt_route_live_5616_20260918,5616,5616,up,4587,25,657,567783712,2,19.075787,72.997971,18-09-2026 17:04:42,0,16:41,16:41,16:29,16:29,16:15,16:15,,1,0,0,2026-09-18T11:35:22.748376+00:00,operator_reported_vehicle_indication,972c7a01ab17edf2597dc1bd69bf06e678d887f6cb210630f521916fc45d5b61
nmmt_route_live_5616_20260918,5616,5616,up,4585,26,684,567783667,2,19.118784,72.999588,18-09-2026 17:04:43,0,15:32,15:32,,,15:00,15:00,,1,0,0,2026-09-18T11:35:22.748376+00:00,operator_reported_vehicle_indication,972c7a01ab17edf2597dc1bd69bf06e678d887f6cb210630f521916fc45d5b61
nmmt_route_live_5616_20260918,5616,5616,up,4585,26,657,567783712,2,19.075787,72.997971,18-09-2026 17:04:42,0,16:43,16:43,,,16:15,16:15,,1,0,0,2026-09-18T11:35:22.748376+00:00,operator_reported_vehicle_indication,972c7a01ab17edf2597dc1bd69bf06e678d887f6cb210630f521916fc45d5b61
nmmt_route_live_5616_20260918,5616,5616,up,3334,27,684,567783667,2,19.118784,72.999588,18-09-2026 17:04:43,0,15:33,15:33,15:53,15:54,15:00,15:00,,1,0,0,2026-09-18T11:35:22.748376+00:00,operator_reported_vehicle_indication,972c7a01ab17edf2597dc1bd69bf06e678d887f6cb210630f521916fc45d5b61
nmmt_route_live_5616_20260918,5616,5616,up,3334,27,657,567783712,2,19.075787,72.997971,18-09-2026 17:04:42,0,16:44,16:44,16:31,16:30,16:15,16:15,,1,0,0,2026-09-18T11:35:22.748376+00:00,operator_reported_vehicle_indication,972c7a01ab17edf2597dc1bd69bf06e678d887f6cb210630f521916fc45d5b61
nmmt_route_live_5616_20260918,5616,5616,up,4393,28,684,567783667,2,19.118784,72.999588,18-09-2026 17:04:43,0,15:34,15:34,15:54,15:55,15:00,15:00,,1,0,0,2026-09-18T11:35:22.748376+00:00,operator_reported_vehicle_indication,972c7a01ab17edf2597dc1bd69bf06e678d887f6cb210630f521916fc45d5b61
nmmt_route_live_5616_20260918,5616,5616,up,4393,28,657,567783712,2,19.075787,72.997971,18-09-2026 17:04:42,0,16:45,16:45,16:32,16:32,16:15,16:15,,1,0,0,2026-09-18T11:35:22.748376+00:00,operator_reported_vehicle_indication,972c7a01ab17edf2597dc1bd69bf06e678d887f6cb210630f521916fc45d5b61
nmmt_route_live_5616_20260918,5616,5616,up,2661,29,684,567783667,2,19.118784,72.999588,18-09-2026 17:04:43,0,15:36,15:36,,,15:00,15:00,,1,0,0,2026-09-18T11:35:22.748376+00:00,operator_reported_vehicle_indication,972c7a01ab17edf2597dc1bd69bf06e678d887f6cb210630f521916fc45d5b61
nmmt_route_live_5616_20260918,5616,5616,up,2661,29,657,567783712,2,19.075787,72.997971,18-09-2026 17:04:42,0,16:46,16:46,,,16:15,16:15,,1,0,0,2026-09-18T11:35:22.748376+00:00,operator_reported_vehicle_indication,972c7a01ab17edf2597dc1bd69bf06e678d887f6cb210630f521916fc45d5b61
nmmt_route_live_5616_20260918,5616,5616,up,3331,30,684,567783667,2,19.118784,72.999588,18-09-2026 17:04:43,0,15:36,15:36,15:57,15:57,15:00,15:00,,1,0,0,2026-09-18T11:35:22.748376+00:00,operator_reported_vehicle_indication,972c7a01ab17edf2597dc1bd69bf06e678d887f6cb210630f521916fc45d5b61
nmmt_route_live_5616_20260918,5616,5616,up,3331,30,657,567783712,2,19.075787,72.997971,18-09-2026 17:04:42,0,16:46,16:46,16:34,16:34,16:15,16:15,,1,0,0,2026-09-18T11:35:22.748376+00:00,operator_reported_vehicle_indication,972c7a01ab17edf2597dc1bd69bf06e678d887f6cb210630f521916fc45d5b61
nmmt_route_live_5616_20260918,5616,5616,up,3330,31,684,567783667,2,19.118784,72.999588,18-09-2026 17:04:43,0,15:37,15:37,15:57,15:58,15:00,15:00,,1,0,0,2026-09-18T11:35:22.748376+00:00,operator_reported_vehicle_indication,972c7a01ab17edf2597dc1bd69bf06e678d887f6cb210630f521916fc45d5b61
nmmt_route_live_5616_20260918,5616,5616,up,3330,31,657,567783712,2,19.075787,72.997971,18-09-2026 17:04:42,0,16:47,16:47,16:34,16:35,16:15,16:15,,1,0,0,2026-09-18T11:35:22.748376+00:00,operator_reported_vehicle_indication,972c7a01ab17edf2597dc1bd69bf06e678d887f6cb210630f521916fc45d5b61
nmmt_route_live_5616_20260918,5616,5616,up,3919,32,684,567783667,2,19.118784,72.999588,18-09-2026 17:04:43,0,15:38,15:38,15:59,16:00,15:00,15:00,,1,0,0,2026-09-18T11:35:22.748376+00:00,operator_reported_vehicle_indication,972c7a01ab17edf2597dc1bd69bf06e678d887f6cb210630f521916fc45d5b61
nmmt_route_live_5616_20260918,5616,5616,up,3919,32,657,567783712,2,19.075787,72.997971,18-09-2026 17:04:42,0,16:48,16:48,16:35,16:36,16:15,16:15,,1,0,0,2026-09-18T11:35:22.748376+00:00,operator_reported_vehicle_indication,972c7a01ab17edf2597dc1bd69bf06e678d887f6cb210630f521916fc45d5b61
nmmt_route_live_5616_20260918,5616,5616,up,3328,33,684,567783667,2,19.118784,72.999588,18-09-2026 17:04:43,0,15:40,15:40,16:01,16:01,15:00,15:00,,1,0,0,2026-09-18T11:35:22.748376+00:00,operator_reported_vehicle_indication,972c7a01ab17edf2597dc1bd69bf06e678d887f6cb210630f521916fc45d5b61
nmmt_route_live_5616_20260918,5616,5616,up,3328,33,657,567783712,2,19.075787,72.997971,18-09-2026 17:04:42,0,16:50,16:50,16:36,16:37,16:15,16:15,,1,0,0,2026-09-18T11:35:22.748376+00:00,operator_reported_vehicle_indication,972c7a01ab17edf2597dc1bd69bf06e678d887f6cb210630f521916fc45d5b61
nmmt_route_live_5616_20260918,5616,5616,up,4384,34,684,567783667,2,19.118784,72.999588,18-09-2026 17:04:43,0,15:41,15:41,16:02,16:02,15:00,15:00,,1,0,0,2026-09-18T11:35:22.748376+00:00,operator_reported_vehicle_indication,972c7a01ab17edf2597dc1bd69bf06e678d887f6cb210630f521916fc45d5b61
nmmt_route_live_5616_20260918,5616,5616,up,4384,34,657,567783712,2,19.075787,72.997971,18-09-2026 17:04:42,0,16:51,16:51,16:38,16:38,16:15,16:15,,1,0,0,2026-09-18T11:35:22.748376+00:00,operator_reported_vehicle_indication,972c7a01ab17edf2597dc1bd69bf06e678d887f6cb210630f521916fc45d5b61
nmmt_route_live_5616_20260918,5616,5616,up,4382,35,684,567783667,2,19.118784,72.999588,18-09-2026 17:04:43,0,15:44,15:44,16:04,16:04,15:00,15:00,,1,0,0,2026-09-18T11:35:22.748376+00:00,operator_reported_vehicle_indication,972c7a01ab17edf2597dc1bd69bf06e678d887f6cb210630f521916fc45d5b61
nmmt_route_live_5616_20260918,5616,5616,up,4382,35,657,567783712,2,19.075787,72.997971,18-09-2026 17:04:42,0,16:53,16:53,16:39,16:39,16:15,16:15,,1,0,0,2026-09-18T11:35:22.748376+00:00,operator_reported_vehicle_indication,972c7a01ab17edf2597dc1bd69bf06e678d887f6cb210630f521916fc45d5b61
nmmt_route_live_5616_20260918,5616,5616,up,4379,36,684,567783667,2,19.118784,72.999588,18-09-2026 17:04:43,0,15:45,15:45,16:05,16:05,15:00,15:00,,1,0,0,2026-09-18T11:35:22.748376+00:00,operator_reported_vehicle_indication,972c7a01ab17edf2597dc1bd69bf06e678d887f6cb210630f521916fc45d5b61
nmmt_route_live_5616_20260918,5616,5616,up,4379,36,657,567783712,2,19.075787,72.997971,18-09-2026 17:04:42,0,16:54,16:54,16:40,16:40,16:15,16:15,,1,0,0,2026-09-18T11:35:22.748376+00:00,operator_reported_vehicle_indication,972c7a01ab17edf2597dc1bd69bf06e678d887f6cb210630f521916fc45d5b61
nmmt_route_live_5616_20260918,5616,5616,up,3325,37,684,567783667,2,19.118784,72.999588,18-09-2026 17:04:43,0,15:46,15:46,16:05,16:05,15:00,15:00,,1,0,0,2026-09-18T11:35:22.748376+00:00,operator_reported_vehicle_indication,972c7a01ab17edf2597dc1bd69bf06e678d887f6cb210630f521916fc45d5b61
nmmt_route_live_5616_20260918,5616,5616,up,3325,37,657,567783712,2,19.075787,72.997971,18-09-2026 17:04:42,0,16:55,16:55,16:40,16:40,16:15,16:15,,1,0,0,2026-09-18T11:35:22.748376+00:00,operator_reported_vehicle_indication,972c7a01ab17edf2597dc1bd69bf06e678d887f6cb210630f521916fc45d5b61
nmmt_route_live_5616_20260918,5616,5616,up,2515,38,684,567783667,2,19.118784,72.999588,18-09-2026 17:04:43,0,15:50,15:50,16:06,16:07,15:00,15:00,,1,0,0,2026-09-18T11:35:22.748376+00:00,operator_reported_vehicle_indication,972c7a01ab17edf2597dc1bd69bf06e678d887f6cb210630f521916fc45d5b61
nmmt_route_live_5616_20260918,5616,5616,up,2515,38,657,567783712,2,19.075787,72.997971,18-09-2026 17:04:42,0,16:59,16:59,16:42,16:42,16:15,16:15,,1,0,0,2026-09-18T11:35:22.748376+00:00,operator_reported_vehicle_indication,972c7a01ab17edf2597dc1bd69bf06e678d887f6cb210630f521916fc45d5b61
nmmt_route_live_5616_20260918,5616,5616,up,3604,39,684,567783667,2,19.118784,72.999588,18-09-2026 17:04:43,0,15:53,15:53,16:11,16:11,15:00,15:00,,1,0,0,2026-09-18T11:35:22.748376+00:00,operator_reported_vehicle_indication,972c7a01ab17edf2597dc1bd69bf06e678d887f6cb210630f521916fc45d5b61
nmmt_route_live_5616_20260918,5616,5616,up,3604,39,657,567783712,2,19.075787,72.997971,18-09-2026 17:04:42,0,17:01,17:01,16:46,16:46,16:15,16:15,,1,0,0,2026-09-18T11:35:22.748376+00:00,operator_reported_vehicle_indication,972c7a01ab17edf2597dc1bd69bf06e678d887f6cb210630f521916fc45d5b61
nmmt_route_live_5616_20260918,5616,5616,up,2518,40,684,567783667,2,19.118784,72.999588,18-09-2026 17:04:43,0,15:58,15:58,16:17,16:17,15:00,15:00,,1,0,0,2026-09-18T11:35:22.748376+00:00,operator_reported_vehicle_indication,972c7a01ab17edf2597dc1bd69bf06e678d887f6cb210630f521916fc45d5b61
nmmt_route_live_5616_20260918,5616,5616,up,2518,40,657,567783712,2,19.075787,72.997971,18-09-2026 17:04:42,0,17:06,17:06,16:49,16:49,16:15,16:15,,1,0,0,2026-09-18T11:35:22.748376+00:00,operator_reported_vehicle_indication,972c7a01ab17edf2597dc1bd69bf06e678d887f6cb210630f521916fc45d5b61
nmmt_route_live_5616_20260918,5616,5616,up,2519,41,684,567783667,2,19.118784,72.999588,18-09-2026 17:04:43,0,16:01,16:01,16:18,16:19,15:00,15:00,,1,0,0,2026-09-18T11:35:22.748376+00:00,operator_reported_vehicle_indication,972c7a01ab17edf2597dc1bd69bf06e678d887f6cb210630f521916fc45d5b61
nmmt_route_live_5616_20260918,5616,5616,up,2519,41,657,567783712,2,19.075787,72.997971,18-09-2026 17:04:42,0,17:08,17:08,16:49,16:50,16:15,16:15,,1,0,0,2026-09-18T11:35:22.748376+00:00,operator_reported_vehicle_indication,972c7a01ab17edf2597dc1bd69bf06e678d887f6cb210630f521916fc45d5b61
nmmt_route_live_5616_20260918,5616,5616,up,2520,42,684,567783667,2,19.118784,72.999588,18-09-2026 17:04:43,0,16:04,16:04,16:19,16:19,15:00,15:00,,1,0,0,2026-09-18T11:35:22.748376+00:00,operator_reported_vehicle_indication,972c7a01ab17edf2597dc1bd69bf06e678d887f6cb210630f521916fc45d5b61
nmmt_route_live_5616_20260918,5616,5616,up,2520,42,657,567783712,2,19.075787,72.997971,18-09-2026 17:04:42,0,17:11,17:11,16:50,16:50,16:15,16:15,,1,0,0,2026-09-18T11:35:22.748376+00:00,operator_reported_vehicle_indication,972c7a01ab17edf2597dc1bd69bf06e678d887f6cb210630f521916fc45d5b61
nmmt_route_live_5616_20260918,5616,5616,up,4128,43,684,567783667,2,19.118784,72.999588,18-09-2026 17:04:43,0,16:06,16:06,16:20,16:20,15:00,15:00,,1,0,0,2026-09-18T11:35:22.748376+00:00,operator_reported_vehicle_indication,972c7a01ab17edf2597dc1bd69bf06e678d887f6cb210630f521916fc45d5b61
nmmt_route_live_5616_20260918,5616,5616,up,4128,43,657,567783712,2,19.075787,72.997971,18-09-2026 17:04:42,0,17:13,17:13,16:51,16:51,16:15,16:15,,1,0,0,2026-09-18T11:35:22.748376+00:00,operator_reported_vehicle_indication,972c7a01ab17edf2597dc1bd69bf06e678d887f6cb210630f521916fc45d5b61
nmmt_route_live_5616_20260918,5616,5616,up,4126,44,684,567783667,2,19.118784,72.999588,18-09-2026 17:04:43,0,16:08,16:08,16:22,16:23,15:00,15:00,,1,0,0,2026-09-18T11:35:22.748376+00:00,operator_reported_vehicle_indication,972c7a01ab17edf2597dc1bd69bf06e678d887f6cb210630f521916fc45d5b61
nmmt_route_live_5616_20260918,5616,5616,up,4126,44,657,567783712,2,19.075787,72.997971,18-09-2026 17:04:42,0,17:14,17:14,16:52,16:52,16:15,16:15,,1,0,0,2026-09-18T11:35:22.748376+00:00,operator_reported_vehicle_indication,972c7a01ab17edf2597dc1bd69bf06e678d887f6cb210630f521916fc45d5b61
nmmt_route_live_5616_20260918,5616,5616,up,3727,45,684,567783667,2,19.118784,72.999588,18-09-2026 17:04:43,0,16:12,16:12,16:24,16:24,15:00,15:00,,1,0,0,2026-09-18T11:35:22.748376+00:00,operator_reported_vehicle_indication,972c7a01ab17edf2597dc1bd69bf06e678d887f6cb210630f521916fc45d5b61
nmmt_route_live_5616_20260918,5616,5616,up,3727,45,657,567783712,2,19.075787,72.997971,18-09-2026 17:04:42,0,17:18,17:18,16:53,16:53,16:15,16:15,,1,0,0,2026-09-18T11:35:22.748376+00:00,operator_reported_vehicle_indication,972c7a01ab17edf2597dc1bd69bf06e678d887f6cb210630f521916fc45d5b61
nmmt_route_live_5616_20260918,5616,5616,up,4125,46,684,567783667,2,19.118784,72.999588,18-09-2026 17:04:43,0,16:14,16:14,16:25,16:25,15:00,15:00,,1,0,0,2026-09-18T11:35:22.748376+00:00,operator_reported_vehicle_indication,972c7a01ab17edf2597dc1bd69bf06e678d887f6cb210630f521916fc45d5b61
nmmt_route_live_5616_20260918,5616,5616,up,4125,46,657,567783712,2,19.075787,72.997971,18-09-2026 17:04:42,0,17:20,17:20,16:54,16:55,16:15,16:15,,1,0,0,2026-09-18T11:35:22.748376+00:00,operator_reported_vehicle_indication,972c7a01ab17edf2597dc1bd69bf06e678d887f6cb210630f521916fc45d5b61
nmmt_route_live_5616_20260918,5616,5616,up,3926,47,684,567783667,2,19.118784,72.999588,18-09-2026 17:04:43,0,16:17,16:17,16:26,16:27,15:00,15:00,,1,0,0,2026-09-18T11:35:22.748376+00:00,operator_reported_vehicle_indication,972c7a01ab17edf2597dc1bd69bf06e678d887f6cb210630f521916fc45d5b61
nmmt_route_live_5616_20260918,5616,5616,up,3926,47,657,567783712,2,19.075787,72.997971,18-09-2026 17:04:42,0,17:22,17:22,16:56,16:56,16:15,16:15,,1,0,0,2026-09-18T11:35:22.748376+00:00,operator_reported_vehicle_indication,972c7a01ab17edf2597dc1bd69bf06e678d887f6cb210630f521916fc45d5b61
nmmt_route_live_5616_20260918,5616,5616,up,4208,48,684,567783667,2,19.118784,72.999588,18-09-2026 17:04:43,0,16:21,16:21,16:28,16:29,15:00,15:00,,1,0,0,2026-09-18T11:35:22.748376+00:00,operator_reported_vehicle_indication,972c7a01ab17edf2597dc1bd69bf06e678d887f6cb210630f521916fc45d5b61
nmmt_route_live_5616_20260918,5616,5616,up,4208,48,657,567783712,2,19.075787,72.997971,18-09-2026 17:04:42,0,17:26,17:26,16:58,16:58,16:15,16:15,,1,0,0,2026-09-18T11:35:22.748376+00:00,operator_reported_vehicle_indication,972c7a01ab17edf2597dc1bd69bf06e678d887f6cb210630f521916fc45d5b61
nmmt_route_live_5616_20260918,5616,5616,up,2535,49,684,567783667,2,19.118784,72.999588,18-09-2026 17:04:43,0,16:22,16:22,16:35,16:35,15:00,15:00,,1,0,0,2026-09-18T11:35:22.748376+00:00,operator_reported_vehicle_indication,972c7a01ab17edf2597dc1bd69bf06e678d887f6cb210630f521916fc45d5b61
nmmt_route_live_5616_20260918,5616,5616,up,2535,49,657,567783712,2,19.075787,72.997971,18-09-2026 17:04:42,0,17:27,17:27,16:59,16:59,16:15,16:15,,1,0,0,2026-09-18T11:35:22.748376+00:00,operator_reported_vehicle_indication,972c7a01ab17edf2597dc1bd69bf06e678d887f6cb210630f521916fc45d5b61
nmmt_route_live_5616_20260918,5616,5616,up,4141,50,684,567783667,2,19.118784,72.999588,18-09-2026 17:04:43,0,16:24,16:24,16:35,16:35,15:00,15:00,,1,0,0,2026-09-18T11:35:22.748376+00:00,operator_reported_vehicle_indication,972c7a01ab17edf2597dc1bd69bf06e678d887f6cb210630f521916fc45d5b61
nmmt_route_live_5616_20260918,5616,5616,up,4141,50,657,567783712,2,19.075787,72.997971,18-09-2026 17:04:42,0,17:28,17:28,17:00,17:00,16:15,16:15,,1,0,0,2026-09-18T11:35:22.748376+00:00,operator_reported_vehicle_indication,972c7a01ab17edf2597dc1bd69bf06e678d887f6cb210630f521916fc45d5b61
nmmt_route_live_5616_20260918,5616,5616,up,2809,51,684,567783667,2,19.118784,72.999588,18-09-2026 17:04:43,0,16:25,16:25,16:38,16:38,15:00,15:00,,1,0,0,2026-09-18T11:35:22.748376+00:00,operator_reported_vehicle_indication,972c7a01ab17edf2597dc1bd69bf06e678d887f6cb210630f521916fc45d5b61
nmmt_route_live_5616_20260918,5616,5616,up,2809,51,657,567783712,2,19.075787,72.997971,18-09-2026 17:04:42,0,17:29,17:29,17:01,17:02,16:15,16:15,,1,0,0,2026-09-18T11:35:22.748376+00:00,operator_reported_vehicle_indication,972c7a01ab17edf2597dc1bd69bf06e678d887f6cb210630f521916fc45d5b61
nmmt_route_live_5616_20260918,5616,5616,up,2540,52,684,567783667,2,19.118784,72.999588,18-09-2026 17:04:43,0,16:28,16:28,16:39,16:39,15:00,15:00,,1,0,0,2026-09-18T11:35:22.748376+00:00,operator_reported_vehicle_indication,972c7a01ab17edf2597dc1bd69bf06e678d887f6cb210630f521916fc45d5b61
nmmt_route_live_5616_20260918,5616,5616,up,2540,52,657,567783712,2,19.075787,72.997971,18-09-2026 17:04:42,0,17:32,17:32,17:03,17:03,16:15,16:15,17:05,1,0,0,2026-09-18T11:35:22.748376+00:00,operator_reported_vehicle_indication,972c7a01ab17edf2597dc1bd69bf06e678d887f6cb210630f521916fc45d5b61
nmmt_route_live_5616_20260918,5616,5616,up,4816,53,684,567783667,2,19.118784,72.999588,18-09-2026 17:04:43,0,16:28,16:28,16:40,16:40,15:00,15:00,,1,0,0,2026-09-18T11:35:22.748376+00:00,operator_reported_vehicle_indication,972c7a01ab17edf2597dc1bd69bf06e678d887f6cb210630f521916fc45d5b61
nmmt_route_live_5616_20260918,5616,5616,up,4816,53,657,567783712,2,19.075787,72.997971,18-09-2026 17:04:42,0,17:32,17:32,17:04,17:04,16:15,16:15,,1,0,0,2026-09-18T11:35:22.748376+00:00,operator_reported_vehicle_indication,972c7a01ab17edf2597dc1bd69bf06e678d887f6cb210630f521916fc45d5b61
nmmt_route_live_5616_20260918,5616,5616,up,4139,54,684,567783667,2,19.118784,72.999588,18-09-2026 17:04:43,0,16:29,16:29,16:42,16:42,15:00,15:00,,1,0,0,2026-09-18T11:35:22.748376+00:00,operator_reported_vehicle_indication,972c7a01ab17edf2597dc1bd69bf06e678d887f6cb210630f521916fc45d5b61
nmmt_route_live_5616_20260918,5616,5616,up,4139,54,657,567783712,2,19.075787,72.997971,18-09-2026 17:04:42,0,17:33,17:33,,,16:15,16:15,17:06,0,0,0,2026-09-18T11:35:22.748376+00:00,operator_reported_vehicle_indication,972c7a01ab17edf2597dc1bd69bf06e678d887f6cb210630f521916fc45d5b61
nmmt_route_live_5616_20260918,5616,5616,up,4137,55,684,567783667,2,19.118784,72.999588,18-09-2026 17:04:43,0,16:30,16:30,16:43,16:43,15:00,15:00,,1,0,0,2026-09-18T11:35:22.748376+00:00,operator_reported_vehicle_indication,972c7a01ab17edf2597dc1bd69bf06e678d887f6cb210630f521916fc45d5b61
nmmt_route_live_5616_20260918,5616,5616,up,4137,55,657,567783712,2,19.075787,72.997971,18-09-2026 17:04:42,0,17:34,17:34,,,16:15,16:15,17:07,0,0,0,2026-09-18T11:35:22.748376+00:00,operator_reported_vehicle_indication,972c7a01ab17edf2597dc1bd69bf06e678d887f6cb210630f521916fc45d5b61
nmmt_route_live_5616_20260918,5616,5616,up,2668,56,684,567783667,2,19.118784,72.999588,18-09-2026 17:04:43,0,16:32,16:32,16:44,16:44,15:00,15:00,,1,0,0,2026-09-18T11:35:22.748376+00:00,operator_reported_vehicle_indication,972c7a01ab17edf2597dc1bd69bf06e678d887f6cb210630f521916fc45d5b61
nmmt_route_live_5616_20260918,5616,5616,up,2668,56,657,567783712,2,19.075787,72.997971,18-09-2026 17:04:42,0,17:35,17:35,,,16:15,16:15,17:08,0,0,0,2026-09-18T11:35:22.748376+00:00,operator_reported_vehicle_indication,972c7a01ab17edf2597dc1bd69bf06e678d887f6cb210630f521916fc45d5b61
nmmt_route_live_5616_20260918,5616,5616,up,4135,57,684,567783667,2,19.118784,72.999588,18-09-2026 17:04:43,0,16:32,16:32,16:45,16:45,15:00,15:00,,1,0,0,2026-09-18T11:35:22.748376+00:00,operator_reported_vehicle_indication,972c7a01ab17edf2597dc1bd69bf06e678d887f6cb210630f521916fc45d5b61
nmmt_route_live_5616_20260918,5616,5616,up,4135,57,657,567783712,2,19.075787,72.997971,18-09-2026 17:04:42,0,17:35,17:35,,,16:15,16:15,17:08,0,0,0,2026-09-18T11:35:22.748376+00:00,operator_reported_vehicle_indication,972c7a01ab17edf2597dc1bd69bf06e678d887f6cb210630f521916fc45d5b61
nmmt_route_live_5616_20260918,5616,5616,up,4133,58,684,567783667,2,19.118784,72.999588,18-09-2026 17:04:43,0,16:33,16:33,16:46,16:46,15:00,15:00,,1,0,0,2026-09-18T11:35:22.748376+00:00,operator_reported_vehicle_indication,972c7a01ab17edf2597dc1bd69bf06e678d887f6cb210630f521916fc45d5b61
nmmt_route_live_5616_20260918,5616,5616,up,4133,58,657,567783712,2,19.075787,72.997971,18-09-2026 17:04:42,0,17:36,17:36,,,16:15,16:15,17:09,0,0,0,2026-09-18T11:35:22.748376+00:00,operator_reported_vehicle_indication,972c7a01ab17edf2597dc1bd69bf06e678d887f6cb210630f521916fc45d5b61
nmmt_route_live_5616_20260918,5616,5616,up,4132,59,684,567783667,2,19.118784,72.999588,18-09-2026 17:04:43,0,16:34,16:34,16:47,16:47,15:00,15:00,,1,0,0,2026-09-18T11:35:22.748376+00:00,operator_reported_vehicle_indication,972c7a01ab17edf2597dc1bd69bf06e678d887f6cb210630f521916fc45d5b61
nmmt_route_live_5616_20260918,5616,5616,up,4132,59,657,567783712,2,19.075787,72.997971,18-09-2026 17:04:42,0,17:37,17:37,,,16:15,16:15,17:10,0,0,0,2026-09-18T11:35:22.748376+00:00,operator_reported_vehicle_indication,972c7a01ab17edf2597dc1bd69bf06e678d887f6cb210630f521916fc45d5b61
nmmt_route_live_5616_20260918,5616,5616,up,4131,60,684,567783667,2,19.118784,72.999588,18-09-2026 17:04:43,0,16:36,16:36,16:48,16:48,15:00,15:00,,1,0,0,2026-09-18T11:35:22.748376+00:00,operator_reported_vehicle_indication,972c7a01ab17edf2597dc1bd69bf06e678d887f6cb210630f521916fc45d5b61
nmmt_route_live_5616_20260918,5616,5616,up,4131,60,657,567783712,2,19.075787,72.997971,18-09-2026 17:04:42,0,17:39,17:39,,,16:15,16:15,17:11,0,0,0,2026-09-18T11:35:22.748376+00:00,operator_reported_vehicle_indication,972c7a01ab17edf2597dc1bd69bf06e678d887f6cb210630f521916fc45d5b61
nmmt_route_live_5616_20260918,5616,5616,up,4130,61,684,567783667,2,19.118784,72.999588,18-09-2026 17:04:43,0,16:37,16:37,16:49,16:49,15:00,15:00,,1,0,0,2026-09-18T11:35:22.748376+00:00,operator_reported_vehicle_indication,972c7a01ab17edf2597dc1bd69bf06e678d887f6cb210630f521916fc45d5b61
nmmt_route_live_5616_20260918,5616,5616,up,4130,61,657,567783712,2,19.075787,72.997971,18-09-2026 17:04:42,0,17:40,17:40,,,16:15,16:15,17:12,0,0,0,2026-09-18T11:35:22.748376+00:00,operator_reported_vehicle_indication,972c7a01ab17edf2597dc1bd69bf06e678d887f6cb210630f521916fc45d5b61
nmmt_route_live_5616_20260918,5616,5616,up,4129,62,684,567783667,2,19.118784,72.999588,18-09-2026 17:04:43,0,16:38,16:38,16:50,16:50,15:00,15:00,,1,0,0,2026-09-18T11:35:22.748376+00:00,operator_reported_vehicle_indication,972c7a01ab17edf2597dc1bd69bf06e678d887f6cb210630f521916fc45d5b61
nmmt_route_live_5616_20260918,5616,5616,up,4129,62,657,567783712,2,19.075787,72.997971,18-09-2026 17:04:42,0,17:41,17:41,,,16:15,16:15,17:13,0,0,0,2026-09-18T11:35:22.748376+00:00,operator_reported_vehicle_indication,972c7a01ab17edf2597dc1bd69bf06e678d887f6cb210630f521916fc45d5b61
nmmt_route_live_5616_20260918,5616,5616,up,4127,63,684,567783667,2,19.118784,72.999588,18-09-2026 17:04:43,0,16:40,16:40,16:52,16:52,15:00,15:00,,1,0,0,2026-09-18T11:35:22.748376+00:00,operator_reported_vehicle_indication,972c7a01ab17edf2597dc1bd69bf06e678d887f6cb210630f521916fc45d5b61
nmmt_route_live_5616_20260918,5616,5616,up,4127,63,657,567783712,2,19.075787,72.997971,18-09-2026 17:04:42,0,17:42,17:42,,,16:15,16:15,17:14,0,0,0,2026-09-18T11:35:22.748376+00:00,operator_reported_vehicle_indication,972c7a01ab17edf2597dc1bd69bf06e678d887f6cb210630f521916fc45d5b61
nmmt_route_live_5616_20260918,5616,5616,up,4228,64,684,567783667,2,19.118784,72.999588,18-09-2026 17:04:43,0,16:41,16:41,16:55,16:56,15:00,15:00,,1,0,0,2026-09-18T11:35:22.748376+00:00,operator_reported_vehicle_indication,972c7a01ab17edf2597dc1bd69bf06e678d887f6cb210630f521916fc45d5b61
nmmt_route_live_5616_20260918,5616,5616,up,4228,64,657,567783712,2,19.075787,72.997971,18-09-2026 17:04:42,0,17:43,17:43,,,16:15,16:15,17:16,0,0,0,2026-09-18T11:35:22.748376+00:00,operator_reported_vehicle_indication,972c7a01ab17edf2597dc1bd69bf06e678d887f6cb210630f521916fc45d5b61
nmmt_route_live_5616_20260918,5616,5616,up,4217,65,684,567783667,2,19.118784,72.999588,18-09-2026 17:04:43,0,16:42,16:42,16:56,16:56,15:00,15:00,,1,0,0,2026-09-18T11:35:22.748376+00:00,operator_reported_vehicle_indication,972c7a01ab17edf2597dc1bd69bf06e678d887f6cb210630f521916fc45d5b61
nmmt_route_live_5616_20260918,5616,5616,up,4217,65,657,567783712,2,19.075787,72.997971,18-09-2026 17:04:42,0,17:44,17:44,,,16:15,16:15,17:16,0,0,0,2026-09-18T11:35:22.748376+00:00,operator_reported_vehicle_indication,972c7a01ab17edf2597dc1bd69bf06e678d887f6cb210630f521916fc45d5b61
nmmt_route_live_5616_20260918,5616,5616,up,4215,66,684,567783667,2,19.118784,72.999588,18-09-2026 17:04:43,0,16:44,16:44,16:57,16:57,15:00,15:00,,1,0,0,2026-09-18T11:35:22.748376+00:00,operator_reported_vehicle_indication,972c7a01ab17edf2597dc1bd69bf06e678d887f6cb210630f521916fc45d5b61
nmmt_route_live_5616_20260918,5616,5616,up,4215,66,657,567783712,2,19.075787,72.997971,18-09-2026 17:04:42,0,17:46,17:46,,,16:15,16:15,17:17,0,0,0,2026-09-18T11:35:22.748376+00:00,operator_reported_vehicle_indication,972c7a01ab17edf2597dc1bd69bf06e678d887f6cb210630f521916fc45d5b61
nmmt_route_live_5616_20260918,5616,5616,up,4216,67,684,567783667,2,19.118784,72.999588,18-09-2026 17:04:43,0,16:45,16:45,16:58,16:59,15:00,15:00,,1,0,0,2026-09-18T11:35:22.748376+00:00,operator_reported_vehicle_indication,972c7a01ab17edf2597dc1bd69bf06e678d887f6cb210630f521916fc45d5b61
nmmt_route_live_5616_20260918,5616,5616,up,4216,67,657,567783712,2,19.075787,72.997971,18-09-2026 17:04:42,0,17:47,17:47,,,16:15,16:15,17:18,0,0,0,2026-09-18T11:35:22.748376+00:00,operator_reported_vehicle_indication,972c7a01ab17edf2597dc1bd69bf06e678d887f6cb210630f521916fc45d5b61
nmmt_route_live_5616_20260918,5616,5616,up,4233,68,684,567783667,2,19.118784,72.999588,18-09-2026 17:04:43,0,16:48,16:48,17:00,17:00,15:00,15:00,,1,0,0,2026-09-18T11:35:22.748376+00:00,operator_reported_vehicle_indication,972c7a01ab17edf2597dc1bd69bf06e678d887f6cb210630f521916fc45d5b61
nmmt_route_live_5616_20260918,5616,5616,up,4233,68,657,567783712,2,19.075787,72.997971,18-09-2026 17:04:42,0,17:49,17:49,,,16:15,16:15,17:19,0,0,0,2026-09-18T11:35:22.748376+00:00,operator_reported_vehicle_indication,972c7a01ab17edf2597dc1bd69bf06e678d887f6cb210630f521916fc45d5b61
nmmt_route_live_5616_20260918,5616,5616,up,3914,69,684,567783667,2,19.118784,72.999588,18-09-2026 17:04:43,0,16:48,16:48,17:01,17:02,15:00,15:00,,1,0,0,2026-09-18T11:35:22.748376+00:00,operator_reported_vehicle_indication,972c7a01ab17edf2597dc1bd69bf06e678d887f6cb210630f521916fc45d5b61
nmmt_route_live_5616_20260918,5616,5616,up,3914,69,657,567783712,2,19.075787,72.997971,18-09-2026 17:04:42,0,17:49,17:49,,,16:15,16:15,17:19,0,0,0,2026-09-18T11:35:22.748376+00:00,operator_reported_vehicle_indication,972c7a01ab17edf2597dc1bd69bf06e678d887f6cb210630f521916fc45d5b61
nmmt_route_live_5616_20260918,5616,5616,up,2767,70,684,567783667,2,19.118784,72.999588,18-09-2026 17:04:43,0,16:49,16:49,17:02,17:03,15:00,15:00,,1,0,0,2026-09-18T11:35:22.748376+00:00,operator_reported_vehicle_indication,972c7a01ab17edf2597dc1bd69bf06e678d887f6cb210630f521916fc45d5b61
nmmt_route_live_5616_20260918,5616,5616,up,2767,70,657,567783712,2,19.075787,72.997971,18-09-2026 17:04:42,0,17:50,17:50,,,16:15,16:15,17:21,0,0,0,2026-09-18T11:35:22.748376+00:00,operator_reported_vehicle_indication,972c7a01ab17edf2597dc1bd69bf06e678d887f6cb210630f521916fc45d5b61
nmmt_route_live_5616_20260918,5616,5616,up,2766,71,684,567783667,2,19.118784,72.999588,18-09-2026 17:04:43,0,16:50,16:50,17:04,,15:00,15:00,17:05,1,0,0,2026-09-18T11:35:22.748376+00:00,operator_reported_vehicle_indication,972c7a01ab17edf2597dc1bd69bf06e678d887f6cb210630f521916fc45d5b61
nmmt_route_live_5616_20260918,5616,5616,up,2766,71,657,567783712,2,19.075787,72.997971,18-09-2026 17:04:42,0,17:51,17:51,,,16:15,16:15,17:22,0,0,0,2026-09-18T11:35:22.748376+00:00,operator_reported_vehicle_indication,972c7a01ab17edf2597dc1bd69bf06e678d887f6cb210630f521916fc45d5b61
nmmt_route_live_5616_20260918,5616,5616,up,2764,72,684,567783667,2,19.118784,72.999588,18-09-2026 17:04:43,0,16:52,16:52,,,15:00,15:00,17:06,0,0,0,2026-09-18T11:35:22.748376+00:00,operator_reported_vehicle_indication,972c7a01ab17edf2597dc1bd69bf06e678d887f6cb210630f521916fc45d5b61
nmmt_route_live_5616_20260918,5616,5616,up,2764,72,657,567783712,2,19.075787,72.997971,18-09-2026 17:04:42,0,17:53,17:53,,,16:15,16:15,17:23,0,0,0,2026-09-18T11:35:22.748376+00:00,operator_reported_vehicle_indication,972c7a01ab17edf2597dc1bd69bf06e678d887f6cb210630f521916fc45d5b61
nmmt_route_live_5616_20260918,5616,5616,up,2765,73,684,567783667,2,19.118784,72.999588,18-09-2026 17:04:43,0,16:53,16:53,,,15:00,15:00,17:07,0,0,0,2026-09-18T11:35:22.748376+00:00,operator_reported_vehicle_indication,972c7a01ab17edf2597dc1bd69bf06e678d887f6cb210630f521916fc45d5b61
nmmt_route_live_5616_20260918,5616,5616,up,2765,73,657,567783712,2,19.075787,72.997971,18-09-2026 17:04:42,0,17:54,17:54,,,16:15,16:15,17:24,0,0,0,2026-09-18T11:35:22.748376+00:00,operator_reported_vehicle_indication,972c7a01ab17edf2597dc1bd69bf06e678d887f6cb210630f521916fc45d5b61
nmmt_route_live_5616_20260918,5616,5616,up,3075,74,684,567783667,2,19.118784,72.999588,18-09-2026 17:04:43,0,16:56,16:56,,,15:00,15:00,17:11,0,0,0,2026-09-18T11:35:22.748376+00:00,operator_reported_vehicle_indication,972c7a01ab17edf2597dc1bd69bf06e678d887f6cb210630f521916fc45d5b61
nmmt_route_live_5616_20260918,5616,5616,up,3075,74,657,567783712,2,19.075787,72.997971,18-09-2026 17:04:42,0,17:56,17:56,,,16:15,16:15,17:27,0,0,0,2026-09-18T11:35:22.748376+00:00,operator_reported_vehicle_indication,972c7a01ab17edf2597dc1bd69bf06e678d887f6cb210630f521916fc45d5b61
nmmt_route_live_5616_20260918,5616,5616,up,3079,75,684,567783667,2,19.118784,72.999588,18-09-2026 17:04:43,0,16:57,16:57,,,15:00,15:00,17:11,0,0,0,2026-09-18T11:35:22.748376+00:00,operator_reported_vehicle_indication,972c7a01ab17edf2597dc1bd69bf06e678d887f6cb210630f521916fc45d5b61
nmmt_route_live_5616_20260918,5616,5616,up,3079,75,657,567783712,2,19.075787,72.997971,18-09-2026 17:04:42,0,17:57,17:57,,,16:15,16:15,17:28,0,0,0,2026-09-18T11:35:22.748376+00:00,operator_reported_vehicle_indication,972c7a01ab17edf2597dc1bd69bf06e678d887f6cb210630f521916fc45d5b61
nmmt_route_live_5616_20260918,5616,5616,up,3080,76,684,567783667,2,19.118784,72.999588,18-09-2026 17:04:43,0,16:58,16:58,,,15:00,15:00,17:13,0,0,0,2026-09-18T11:35:22.748376+00:00,operator_reported_vehicle_indication,972c7a01ab17edf2597dc1bd69bf06e678d887f6cb210630f521916fc45d5b61
nmmt_route_live_5616_20260918,5616,5616,up,3080,76,657,567783712,2,19.075787,72.997971,18-09-2026 17:04:42,0,17:58,17:58,,,16:15,16:15,17:29,0,0,0,2026-09-18T11:35:22.748376+00:00,operator_reported_vehicle_indication,972c7a01ab17edf2597dc1bd69bf06e678d887f6cb210630f521916fc45d5b61
nmmt_route_live_5616_20260918,5616,5616,up,2908,77,684,567783667,2,19.118784,72.999588,18-09-2026 17:04:43,0,17:00,17:00,,,15:00,15:00,17:14,0,0,0,2026-09-18T11:35:22.748376+00:00,operator_reported_vehicle_indication,972c7a01ab17edf2597dc1bd69bf06e678d887f6cb210630f521916fc45d5b61
nmmt_route_live_5616_20260918,5616,5616,up,2908,77,657,567783712,2,19.075787,72.997971,18-09-2026 17:04:42,0,18:00,18:00,,,16:15,16:15,17:30,0,0,0,2026-09-18T11:35:22.748376+00:00,operator_reported_vehicle_indication,972c7a01ab17edf2597dc1bd69bf06e678d887f6cb210630f521916fc45d5b61
nmmt_route_live_6975_20260918,6975,6975,down,3461,1,293,567784860,2,19.004865,73.12290333333334,18-09-2026 17:04:55,0,16:42,16:42,16:55,16:56,16:42,16:42,,1,0,0,2026-09-18T11:35:45.072929+00:00,operator_reported_vehicle_indication,5dde69bccee834271668c4407dd19fd84cb45e6db4bcf388e2b0a40ebe94b456
nmmt_route_live_6975_20260918,6975,6975,down,3462,2,293,567784860,2,19.004865,73.12290333333334,18-09-2026 17:04:55,0,16:43,16:43,,,16:42,16:42,,1,0,0,2026-09-18T11:35:45.072929+00:00,operator_reported_vehicle_indication,5dde69bccee834271668c4407dd19fd84cb45e6db4bcf388e2b0a40ebe94b456
nmmt_route_live_6975_20260918,6975,6975,down,3463,3,293,567784860,2,19.004865,73.12290333333334,18-09-2026 17:04:55,0,16:44,16:44,,,16:42,16:42,,1,0,0,2026-09-18T11:35:45.072929+00:00,operator_reported_vehicle_indication,5dde69bccee834271668c4407dd19fd84cb45e6db4bcf388e2b0a40ebe94b456
nmmt_route_live_6975_20260918,6975,6975,down,3464,4,293,567784860,2,19.004865,73.12290333333334,18-09-2026 17:04:55,0,16:45,16:45,,,16:42,16:42,,1,0,0,2026-09-18T11:35:45.072929+00:00,operator_reported_vehicle_indication,5dde69bccee834271668c4407dd19fd84cb45e6db4bcf388e2b0a40ebe94b456
nmmt_route_live_6975_20260918,6975,6975,down,3465,5,293,567784860,2,19.004865,73.12290333333334,18-09-2026 17:04:55,0,16:47,16:47,16:59,16:59,16:42,16:42,,1,0,0,2026-09-18T11:35:45.072929+00:00,operator_reported_vehicle_indication,5dde69bccee834271668c4407dd19fd84cb45e6db4bcf388e2b0a40ebe94b456
nmmt_route_live_6975_20260918,6975,6975,down,3466,6,293,567784860,2,19.004865,73.12290333333334,18-09-2026 17:04:55,0,16:48,16:48,17:00,17:01,16:42,16:42,,1,0,0,2026-09-18T11:35:45.072929+00:00,operator_reported_vehicle_indication,5dde69bccee834271668c4407dd19fd84cb45e6db4bcf388e2b0a40ebe94b456
nmmt_route_live_6975_20260918,6975,6975,down,3467,7,293,567784860,2,19.004865,73.12290333333334,18-09-2026 17:04:55,0,16:49,16:49,17:02,17:03,16:42,16:42,,1,0,0,2026-09-18T11:35:45.072929+00:00,operator_reported_vehicle_indication,5dde69bccee834271668c4407dd19fd84cb45e6db4bcf388e2b0a40ebe94b456
nmmt_route_live_6975_20260918,6975,6975,down,3468,8,293,567784860,2,19.004865,73.12290333333334,18-09-2026 17:04:55,0,16:50,16:50,,,16:42,16:42,17:06,1,0,0,2026-09-18T11:35:45.072929+00:00,operator_reported_vehicle_indication,5dde69bccee834271668c4407dd19fd84cb45e6db4bcf388e2b0a40ebe94b456
nmmt_route_live_6975_20260918,6975,6975,down,3469,9,293,567784860,2,19.004865,73.12290333333334,18-09-2026 17:04:55,0,16:53,16:53,17:05,,16:42,16:42,17:06,1,0,0,2026-09-18T11:35:45.072929+00:00,operator_reported_vehicle_indication,5dde69bccee834271668c4407dd19fd84cb45e6db4bcf388e2b0a40ebe94b456
nmmt_route_live_6975_20260918,6975,6975,down,3470,10,293,567784860,2,19.004865,73.12290333333334,18-09-2026 17:04:55,0,16:54,16:54,,,16:42,16:42,17:07,0,0,0,2026-09-18T11:35:45.072929+00:00,operator_reported_vehicle_indication,5dde69bccee834271668c4407dd19fd84cb45e6db4bcf388e2b0a40ebe94b456
nmmt_route_live_6975_20260918,6975,6975,down,4543,11,293,567784860,2,19.004865,73.12290333333334,18-09-2026 17:04:55,0,16:56,16:56,,,16:42,16:42,17:08,0,0,0,2026-09-18T11:35:45.072929+00:00,operator_reported_vehicle_indication,5dde69bccee834271668c4407dd19fd84cb45e6db4bcf388e2b0a40ebe94b456
nmmt_route_live_6975_20260918,6975,6975,down,4545,12,293,567784860,2,19.004865,73.12290333333334,18-09-2026 17:04:55,0,16:58,16:58,,,16:42,16:42,17:09,0,0,0,2026-09-18T11:35:45.072929+00:00,operator_reported_vehicle_indication,5dde69bccee834271668c4407dd19fd84cb45e6db4bcf388e2b0a40ebe94b456
nmmt_route_live_6975_20260918,6975,6975,down,4546,13,293,567784860,2,19.004865,73.12290333333334,18-09-2026 17:04:55,0,16:59,16:59,,,16:42,16:42,17:10,0,0,0,2026-09-18T11:35:45.072929+00:00,operator_reported_vehicle_indication,5dde69bccee834271668c4407dd19fd84cb45e6db4bcf388e2b0a40ebe94b456
nmmt_route_live_6975_20260918,6975,6975,down,4547,14,293,567784860,2,19.004865,73.12290333333334,18-09-2026 17:04:55,0,17:01,17:01,,,16:42,16:42,17:11,0,0,0,2026-09-18T11:35:45.072929+00:00,operator_reported_vehicle_indication,5dde69bccee834271668c4407dd19fd84cb45e6db4bcf388e2b0a40ebe94b456
nmmt_route_live_6975_20260918,6975,6975,down,4524,15,293,567784860,2,19.004865,73.12290333333334,18-09-2026 17:04:55,0,17:02,17:02,,,16:42,16:42,17:12,0,0,0,2026-09-18T11:35:45.072929+00:00,operator_reported_vehicle_indication,5dde69bccee834271668c4407dd19fd84cb45e6db4bcf388e2b0a40ebe94b456
nmmt_route_live_6975_20260918,6975,6975,down,3406,16,293,567784860,2,19.004865,73.12290333333334,18-09-2026 17:04:55,0,17:05,17:05,,,16:42,16:42,17:14,0,0,0,2026-09-18T11:35:45.072929+00:00,operator_reported_vehicle_indication,5dde69bccee834271668c4407dd19fd84cb45e6db4bcf388e2b0a40ebe94b456
nmmt_route_live_7813_20260918,7813,7813,up,2776,1,586,567801968,1,19.042211666666667,73.02826333333334,18-09-2026 17:02:43,0,15:52,15:52,,,15:52,15:52,,1,0,0,2026-09-18T11:36:05.477498+00:00,operator_reported_vehicle_indication,e748417337295fbc64a4fbd3394df1696c080fd9dee03b83866158964f971274
nmmt_route_live_7813_20260918,7813,7813,up,2775,2,586,567801968,1,19.042211666666667,73.02826333333334,18-09-2026 17:02:43,0,15:54,15:54,,,15:52,15:52,,1,0,0,2026-09-18T11:36:05.477498+00:00,operator_reported_vehicle_indication,e748417337295fbc64a4fbd3394df1696c080fd9dee03b83866158964f971274
nmmt_route_live_7813_20260918,7813,7813,up,3379,3,586,567801968,1,19.042211666666667,73.02826333333334,18-09-2026 17:02:43,0,15:55,15:55,,,15:52,15:52,,1,0,0,2026-09-18T11:36:05.477498+00:00,operator_reported_vehicle_indication,e748417337295fbc64a4fbd3394df1696c080fd9dee03b83866158964f971274
nmmt_route_live_7813_20260918,7813,7813,up,2774,4,586,567801968,1,19.042211666666667,73.02826333333334,18-09-2026 17:02:43,0,15:56,15:56,,,15:52,15:52,,1,0,0,2026-09-18T11:36:05.477498+00:00,operator_reported_vehicle_indication,e748417337295fbc64a4fbd3394df1696c080fd9dee03b83866158964f971274
nmmt_route_live_7813_20260918,7813,7813,up,3378,5,586,567801968,1,19.042211666666667,73.02826333333334,18-09-2026 17:02:43,0,15:57,15:57,,,15:52,15:52,,1,0,0,2026-09-18T11:36:05.477498+00:00,operator_reported_vehicle_indication,e748417337295fbc64a4fbd3394df1696c080fd9dee03b83866158964f971274
nmmt_route_live_7813_20260918,7813,7813,up,2773,6,586,567801968,1,19.042211666666667,73.02826333333334,18-09-2026 17:02:43,0,15:58,15:58,,,15:52,15:52,,1,0,0,2026-09-18T11:36:05.477498+00:00,operator_reported_vehicle_indication,e748417337295fbc64a4fbd3394df1696c080fd9dee03b83866158964f971274
nmmt_route_live_7813_20260918,7813,7813,up,2772,7,586,567801968,1,19.042211666666667,73.02826333333334,18-09-2026 17:02:43,0,15:59,15:59,,,15:52,15:52,,1,0,0,2026-09-18T11:36:05.477498+00:00,operator_reported_vehicle_indication,e748417337295fbc64a4fbd3394df1696c080fd9dee03b83866158964f971274
nmmt_route_live_7813_20260918,7813,7813,up,3641,8,586,567801968,1,19.042211666666667,73.02826333333334,18-09-2026 17:02:43,0,16:00,16:00,,,15:52,15:52,,1,0,0,2026-09-18T11:36:05.477498+00:00,operator_reported_vehicle_indication,e748417337295fbc64a4fbd3394df1696c080fd9dee03b83866158964f971274
nmmt_route_live_7813_20260918,7813,7813,up,3668,9,586,567801968,1,19.042211666666667,73.02826333333334,18-09-2026 17:02:43,0,16:01,16:01,,,15:52,15:52,,1,0,0,2026-09-18T11:36:05.477498+00:00,operator_reported_vehicle_indication,e748417337295fbc64a4fbd3394df1696c080fd9dee03b83866158964f971274
nmmt_route_live_7813_20260918,7813,7813,up,2770,10,586,567801968,1,19.042211666666667,73.02826333333334,18-09-2026 17:02:43,0,16:03,16:03,,,15:52,15:52,,1,0,0,2026-09-18T11:36:05.477498+00:00,operator_reported_vehicle_indication,e748417337295fbc64a4fbd3394df1696c080fd9dee03b83866158964f971274
nmmt_route_live_7813_20260918,7813,7813,up,3935,11,586,567801968,1,19.042211666666667,73.02826333333334,18-09-2026 17:02:43,0,16:04,16:04,16:36,16:36,15:52,15:52,,1,0,0,2026-09-18T11:36:05.477498+00:00,operator_reported_vehicle_indication,e748417337295fbc64a4fbd3394df1696c080fd9dee03b83866158964f971274
nmmt_route_live_7813_20260918,7813,7813,up,2769,12,586,567801968,1,19.042211666666667,73.02826333333334,18-09-2026 17:02:43,0,16:06,16:06,16:36,16:39,15:52,15:52,,1,0,0,2026-09-18T11:36:05.477498+00:00,operator_reported_vehicle_indication,e748417337295fbc64a4fbd3394df1696c080fd9dee03b83866158964f971274
nmmt_route_live_7813_20260918,7813,7813,up,2768,13,586,567801968,1,19.042211666666667,73.02826333333334,18-09-2026 17:02:43,0,16:07,16:07,16:43,16:43,15:52,15:52,,1,0,0,2026-09-18T11:36:05.477498+00:00,operator_reported_vehicle_indication,e748417337295fbc64a4fbd3394df1696c080fd9dee03b83866158964f971274
nmmt_route_live_7813_20260918,7813,7813,up,4018,14,586,567801968,1,19.042211666666667,73.02826333333334,18-09-2026 17:02:43,0,16:08,16:08,16:43,16:44,15:52,15:52,,1,0,0,2026-09-18T11:36:05.477498+00:00,operator_reported_vehicle_indication,e748417337295fbc64a4fbd3394df1696c080fd9dee03b83866158964f971274
nmmt_route_live_7813_20260918,7813,7813,up,4016,15,586,567801968,1,19.042211666666667,73.02826333333334,18-09-2026 17:02:43,0,16:09,16:09,16:44,16:44,15:52,15:52,,1,0,0,2026-09-18T11:36:05.477498+00:00,operator_reported_vehicle_indication,e748417337295fbc64a4fbd3394df1696c080fd9dee03b83866158964f971274
nmmt_route_live_7813_20260918,7813,7813,up,2747,16,586,567801968,1,19.042211666666667,73.02826333333334,18-09-2026 17:02:43,0,16:11,16:11,16:45,16:45,15:52,15:52,,1,0,0,2026-09-18T11:36:05.477498+00:00,operator_reported_vehicle_indication,e748417337295fbc64a4fbd3394df1696c080fd9dee03b83866158964f971274
nmmt_route_live_7813_20260918,7813,7813,up,2746,17,586,567801968,1,19.042211666666667,73.02826333333334,18-09-2026 17:02:43,0,16:12,16:12,16:47,16:47,15:52,15:52,,1,0,0,2026-09-18T11:36:05.477498+00:00,operator_reported_vehicle_indication,e748417337295fbc64a4fbd3394df1696c080fd9dee03b83866158964f971274
nmmt_route_live_7813_20260918,7813,7813,up,2745,18,586,567801968,1,19.042211666666667,73.02826333333334,18-09-2026 17:02:43,0,16:13,16:13,16:48,16:48,15:52,15:52,,1,0,0,2026-09-18T11:36:05.477498+00:00,operator_reported_vehicle_indication,e748417337295fbc64a4fbd3394df1696c080fd9dee03b83866158964f971274
nmmt_route_live_7813_20260918,7813,7813,up,2661,19,586,567801968,1,19.042211666666667,73.02826333333334,18-09-2026 17:02:43,0,16:15,16:15,,,15:52,15:52,,1,0,0,2026-09-18T11:36:05.477498+00:00,operator_reported_vehicle_indication,e748417337295fbc64a4fbd3394df1696c080fd9dee03b83866158964f971274
nmmt_route_live_7813_20260918,7813,7813,up,2732,20,586,567801968,1,19.042211666666667,73.02826333333334,18-09-2026 17:02:43,0,16:17,16:17,16:52,16:52,15:52,15:52,,1,0,0,2026-09-18T11:36:05.477498+00:00,operator_reported_vehicle_indication,e748417337295fbc64a4fbd3394df1696c080fd9dee03b83866158964f971274
nmmt_route_live_7813_20260918,7813,7813,up,3604,21,586,567801968,1,19.042211666666667,73.02826333333334,18-09-2026 17:02:43,0,16:19,16:19,16:57,16:57,15:52,15:52,,1,0,0,2026-09-18T11:36:05.477498+00:00,operator_reported_vehicle_indication,e748417337295fbc64a4fbd3394df1696c080fd9dee03b83866158964f971274
nmmt_route_live_7813_20260918,7813,7813,up,2518,22,586,567801968,1,19.042211666666667,73.02826333333334,18-09-2026 17:02:43,0,16:20,16:20,17:01,17:01,15:52,15:52,,1,0,0,2026-09-18T11:36:05.477498+00:00,operator_reported_vehicle_indication,e748417337295fbc64a4fbd3394df1696c080fd9dee03b83866158964f971274
nmmt_route_live_7813_20260918,7813,7813,up,2519,23,586,567801968,1,19.042211666666667,73.02826333333334,18-09-2026 17:02:43,0,16:21,16:21,17:02,17:02,15:52,15:52,,1,0,0,2026-09-18T11:36:05.477498+00:00,operator_reported_vehicle_indication,e748417337295fbc64a4fbd3394df1696c080fd9dee03b83866158964f971274
nmmt_route_live_7813_20260918,7813,7813,up,4128,24,586,567801968,1,19.042211666666667,73.02826333333334,18-09-2026 17:02:43,0,16:22,16:22,,,15:52,15:52,17:06,0,0,0,2026-09-18T11:36:05.477498+00:00,operator_reported_vehicle_indication,e748417337295fbc64a4fbd3394df1696c080fd9dee03b83866158964f971274
nmmt_route_live_7813_20260918,7813,7813,up,4126,25,586,567801968,1,19.042211666666667,73.02826333333334,18-09-2026 17:02:43,0,16:23,16:23,,,15:52,15:52,17:09,0,0,0,2026-09-18T11:36:05.477498+00:00,operator_reported_vehicle_indication,e748417337295fbc64a4fbd3394df1696c080fd9dee03b83866158964f971274
nmmt_route_live_7813_20260918,7813,7813,up,3727,26,586,567801968,1,19.042211666666667,73.02826333333334,18-09-2026 17:02:43,0,16:24,16:24,,,15:52,15:52,17:10,0,0,0,2026-09-18T11:36:05.477498+00:00,operator_reported_vehicle_indication,e748417337295fbc64a4fbd3394df1696c080fd9dee03b83866158964f971274
nmmt_route_live_7813_20260918,7813,7813,up,4125,27,586,567801968,1,19.042211666666667,73.02826333333334,18-09-2026 17:02:43,0,16:27,16:27,,,15:52,15:52,17:11,0,0,0,2026-09-18T11:36:05.477498+00:00,operator_reported_vehicle_indication,e748417337295fbc64a4fbd3394df1696c080fd9dee03b83866158964f971274
nmmt_route_live_7813_20260918,7813,7813,up,3926,28,586,567801968,1,19.042211666666667,73.02826333333334,18-09-2026 17:02:43,0,16:30,16:30,,,15:52,15:52,17:12,0,0,0,2026-09-18T11:36:05.477498+00:00,operator_reported_vehicle_indication,e748417337295fbc64a4fbd3394df1696c080fd9dee03b83866158964f971274
nmmt_route_live_7813_20260918,7813,7813,up,3183,29,586,567801968,1,19.042211666666667,73.02826333333334,18-09-2026 17:02:43,0,16:31,16:31,,,15:52,15:52,17:15,0,0,0,2026-09-18T11:36:05.477498+00:00,operator_reported_vehicle_indication,e748417337295fbc64a4fbd3394df1696c080fd9dee03b83866158964f971274
nmmt_route_live_7813_20260918,7813,7813,up,3182,30,586,567801968,1,19.042211666666667,73.02826333333334,18-09-2026 17:02:43,0,16:32,16:32,,,15:52,15:52,17:16,0,0,0,2026-09-18T11:36:05.477498+00:00,operator_reported_vehicle_indication,e748417337295fbc64a4fbd3394df1696c080fd9dee03b83866158964f971274
nmmt_route_live_7813_20260918,7813,7813,up,3181,31,586,567801968,1,19.042211666666667,73.02826333333334,18-09-2026 17:02:43,0,16:33,16:33,,,15:52,15:52,17:17,0,0,0,2026-09-18T11:36:05.477498+00:00,operator_reported_vehicle_indication,e748417337295fbc64a4fbd3394df1696c080fd9dee03b83866158964f971274
nmmt_route_live_7813_20260918,7813,7813,up,3179,32,586,567801968,1,19.042211666666667,73.02826333333334,18-09-2026 17:02:43,0,16:34,16:34,,,15:52,15:52,17:20,0,0,0,2026-09-18T11:36:05.477498+00:00,operator_reported_vehicle_indication,e748417337295fbc64a4fbd3394df1696c080fd9dee03b83866158964f971274
nmmt_route_live_7813_20260918,7813,7813,up,3071,33,586,567801968,1,19.042211666666667,73.02826333333334,18-09-2026 17:02:43,0,16:35,16:35,,,15:52,15:52,17:21,0,0,0,2026-09-18T11:36:05.477498+00:00,operator_reported_vehicle_indication,e748417337295fbc64a4fbd3394df1696c080fd9dee03b83866158964f971274
nmmt_route_live_7813_20260918,7813,7813,up,3178,34,586,567801968,1,19.042211666666667,73.02826333333334,18-09-2026 17:02:43,0,16:36,16:36,,,15:52,15:52,17:22,0,0,0,2026-09-18T11:36:05.477498+00:00,operator_reported_vehicle_indication,e748417337295fbc64a4fbd3394df1696c080fd9dee03b83866158964f971274
nmmt_route_live_7813_20260918,7813,7813,up,4429,35,586,567801968,1,19.042211666666667,73.02826333333334,18-09-2026 17:02:43,0,16:37,16:37,,,15:52,15:52,17:23,0,0,0,2026-09-18T11:36:05.477498+00:00,operator_reported_vehicle_indication,e748417337295fbc64a4fbd3394df1696c080fd9dee03b83866158964f971274
nmmt_route_live_7813_20260918,7813,7813,up,4428,36,586,567801968,1,19.042211666666667,73.02826333333334,18-09-2026 17:02:43,0,16:39,16:39,,,15:52,15:52,17:24,0,0,0,2026-09-18T11:36:05.477498+00:00,operator_reported_vehicle_indication,e748417337295fbc64a4fbd3394df1696c080fd9dee03b83866158964f971274
nmmt_route_live_7813_20260918,7813,7813,up,4427,37,586,567801968,1,19.042211666666667,73.02826333333334,18-09-2026 17:02:43,0,16:41,16:41,,,15:52,15:52,17:26,0,0,0,2026-09-18T11:36:05.477498+00:00,operator_reported_vehicle_indication,e748417337295fbc64a4fbd3394df1696c080fd9dee03b83866158964f971274
nmmt_route_live_7813_20260918,7813,7813,up,2687,38,586,567801968,1,19.042211666666667,73.02826333333334,18-09-2026 17:02:43,0,16:43,16:43,,,15:52,15:52,17:27,0,0,0,2026-09-18T11:36:05.477498+00:00,operator_reported_vehicle_indication,e748417337295fbc64a4fbd3394df1696c080fd9dee03b83866158964f971274
nmmt_route_live_7813_20260918,7813,7813,up,2682,39,586,567801968,1,19.042211666666667,73.02826333333334,18-09-2026 17:02:43,0,16:46,16:46,,,15:52,15:52,17:29,0,0,0,2026-09-18T11:36:05.477498+00:00,operator_reported_vehicle_indication,e748417337295fbc64a4fbd3394df1696c080fd9dee03b83866158964f971274
nmmt_route_live_7813_20260918,7813,7813,up,4100,40,586,567801968,1,19.042211666666667,73.02826333333334,18-09-2026 17:02:43,0,16:49,16:49,,,15:52,15:52,17:30,0,0,0,2026-09-18T11:36:05.477498+00:00,operator_reported_vehicle_indication,e748417337295fbc64a4fbd3394df1696c080fd9dee03b83866158964f971274
nmmt_route_live_7813_20260918,7813,7813,up,4426,41,586,567801968,1,19.042211666666667,73.02826333333334,18-09-2026 17:02:43,0,16:51,16:51,,,15:52,15:52,17:31,0,0,0,2026-09-18T11:36:05.477498+00:00,operator_reported_vehicle_indication,e748417337295fbc64a4fbd3394df1696c080fd9dee03b83866158964f971274
nmmt_route_live_7813_20260918,7813,7813,up,4425,42,586,567801968,1,19.042211666666667,73.02826333333334,18-09-2026 17:02:43,0,16:54,16:54,,,15:52,15:52,17:34,0,0,0,2026-09-18T11:36:05.477498+00:00,operator_reported_vehicle_indication,e748417337295fbc64a4fbd3394df1696c080fd9dee03b83866158964f971274
nmmt_route_live_7813_20260918,7813,7813,up,4424,43,586,567801968,1,19.042211666666667,73.02826333333334,18-09-2026 17:02:43,0,16:57,16:57,,,15:52,15:52,17:35,0,0,0,2026-09-18T11:36:05.477498+00:00,operator_reported_vehicle_indication,e748417337295fbc64a4fbd3394df1696c080fd9dee03b83866158964f971274
nmmt_route_live_7813_20260918,7813,7813,up,3137,44,586,567801968,1,19.042211666666667,73.02826333333334,18-09-2026 17:02:43,0,16:58,16:58,,,15:52,15:52,17:36,0,0,0,2026-09-18T11:36:05.477498+00:00,operator_reported_vehicle_indication,e748417337295fbc64a4fbd3394df1696c080fd9dee03b83866158964f971274
nmmt_route_live_7813_20260918,7813,7813,up,4066,45,586,567801968,1,19.042211666666667,73.02826333333334,18-09-2026 17:02:43,0,16:59,16:59,,,15:52,15:52,17:37,0,0,0,2026-09-18T11:36:05.477498+00:00,operator_reported_vehicle_indication,e748417337295fbc64a4fbd3394df1696c080fd9dee03b83866158964f971274
nmmt_route_live_7813_20260918,7813,7813,up,3138,46,586,567801968,1,19.042211666666667,73.02826333333334,18-09-2026 17:02:43,0,17:03,17:03,,,15:52,15:52,17:38,0,0,0,2026-09-18T11:36:05.477498+00:00,operator_reported_vehicle_indication,e748417337295fbc64a4fbd3394df1696c080fd9dee03b83866158964f971274
nmmt_route_live_7813_20260918,7813,7813,up,3622,47,586,567801968,1,19.042211666666667,73.02826333333334,18-09-2026 17:02:43,0,17:05,17:05,,,15:52,15:52,17:39,0,0,0,2026-09-18T11:36:05.477498+00:00,operator_reported_vehicle_indication,e748417337295fbc64a4fbd3394df1696c080fd9dee03b83866158964f971274
nmmt_route_live_7813_20260918,7813,7813,up,3175,48,586,567801968,1,19.042211666666667,73.02826333333334,18-09-2026 17:02:43,0,17:08,17:08,,,15:52,15:52,17:41,0,0,0,2026-09-18T11:36:05.477498+00:00,operator_reported_vehicle_indication,e748417337295fbc64a4fbd3394df1696c080fd9dee03b83866158964f971274
nmmt_route_live_7813_20260918,7813,7813,up,4423,49,586,567801968,1,19.042211666666667,73.02826333333334,18-09-2026 17:02:43,0,17:10,17:10,,,15:52,15:52,17:42,0,0,0,2026-09-18T11:36:05.477498+00:00,operator_reported_vehicle_indication,e748417337295fbc64a4fbd3394df1696c080fd9dee03b83866158964f971274
nmmt_route_live_7813_20260918,7813,7813,up,4422,50,586,567801968,1,19.042211666666667,73.02826333333334,18-09-2026 17:02:43,0,17:12,17:12,,,15:52,15:52,17:43,0,0,0,2026-09-18T11:36:05.477498+00:00,operator_reported_vehicle_indication,e748417337295fbc64a4fbd3394df1696c080fd9dee03b83866158964f971274
nmmt_route_live_7813_20260918,7813,7813,up,2986,51,586,567801968,1,19.042211666666667,73.02826333333334,18-09-2026 17:02:43,0,17:14,17:14,,,15:52,15:52,17:44,0,0,0,2026-09-18T11:36:05.477498+00:00,operator_reported_vehicle_indication,e748417337295fbc64a4fbd3394df1696c080fd9dee03b83866158964f971274
nmmt_route_live_7813_20260918,7813,7813,up,2990,52,586,567801968,1,19.042211666666667,73.02826333333334,18-09-2026 17:02:43,0,17:16,17:16,,,15:52,15:52,17:45,0,0,0,2026-09-18T11:36:05.477498+00:00,operator_reported_vehicle_indication,e748417337295fbc64a4fbd3394df1696c080fd9dee03b83866158964f971274
nmmt_route_live_7813_20260918,7813,7813,up,3167,53,586,567801968,1,19.042211666666667,73.02826333333334,18-09-2026 17:02:43,0,17:17,17:17,,,15:52,15:52,17:46,0,0,0,2026-09-18T11:36:05.477498+00:00,operator_reported_vehicle_indication,e748417337295fbc64a4fbd3394df1696c080fd9dee03b83866158964f971274
nmmt_route_live_7813_20260918,7813,7813,up,3168,54,586,567801968,1,19.042211666666667,73.02826333333334,18-09-2026 17:02:43,0,17:18,17:18,,,15:52,15:52,17:47,0,0,0,2026-09-18T11:36:05.477498+00:00,operator_reported_vehicle_indication,e748417337295fbc64a4fbd3394df1696c080fd9dee03b83866158964f971274
nmmt_route_live_7813_20260918,7813,7813,up,3169,55,586,567801968,1,19.042211666666667,73.02826333333334,18-09-2026 17:02:43,0,17:19,17:19,,,15:52,15:52,17:48,0,0,0,2026-09-18T11:36:05.477498+00:00,operator_reported_vehicle_indication,e748417337295fbc64a4fbd3394df1696c080fd9dee03b83866158964f971274
nmmt_route_live_7813_20260918,7813,7813,up,2991,56,586,567801968,1,19.042211666666667,73.02826333333334,18-09-2026 17:02:43,0,17:20,17:20,,,15:52,15:52,17:49,0,0,0,2026-09-18T11:36:05.477498+00:00,operator_reported_vehicle_indication,e748417337295fbc64a4fbd3394df1696c080fd9dee03b83866158964f971274
nmmt_route_live_7813_20260918,7813,7813,up,3170,57,586,567801968,1,19.042211666666667,73.02826333333334,18-09-2026 17:02:43,0,17:22,17:22,,,15:52,15:52,17:50,0,0,0,2026-09-18T11:36:05.477498+00:00,operator_reported_vehicle_indication,e748417337295fbc64a4fbd3394df1696c080fd9dee03b83866158964f971274
nmmt_route_live_7813_20260918,7813,7813,up,3171,58,586,567801968,1,19.042211666666667,73.02826333333334,18-09-2026 17:02:43,0,17:23,17:23,,,15:52,15:52,17:51,0,0,0,2026-09-18T11:36:05.477498+00:00,operator_reported_vehicle_indication,e748417337295fbc64a4fbd3394df1696c080fd9dee03b83866158964f971274
nmmt_route_live_7813_20260918,7813,7813,up,3172,59,586,567801968,1,19.042211666666667,73.02826333333334,18-09-2026 17:02:43,0,17:25,17:25,,,15:52,15:52,17:52,0,0,0,2026-09-18T11:36:05.477498+00:00,operator_reported_vehicle_indication,e748417337295fbc64a4fbd3394df1696c080fd9dee03b83866158964f971274
nmmt_route_live_7813_20260918,7813,7813,up,3173,60,586,567801968,1,19.042211666666667,73.02826333333334,18-09-2026 17:02:43,0,17:27,17:27,,,15:52,15:52,17:53,0,0,0,2026-09-18T11:36:05.477498+00:00,operator_reported_vehicle_indication,e748417337295fbc64a4fbd3394df1696c080fd9dee03b83866158964f971274
nmmt_route_live_7814_20260918,7814,7814,up,3173,1,593,567801922,1,19.142091666666666,73.00254666666666,18-09-2026 17:04:15,0,16:13,16:13,16:19,16:19,16:13,16:13,,1,0,0,2026-09-18T11:36:06.123391+00:00,operator_reported_vehicle_indication,377d1e2622014c85c2fb40597d06f77f560a4844a73a47ffc1f4fc885c481432
nmmt_route_live_7814_20260918,7814,7814,up,3172,2,593,567801922,1,19.142091666666666,73.00254666666666,18-09-2026 17:04:15,0,16:15,16:15,16:31,16:32,16:13,16:13,,1,0,0,2026-09-18T11:36:06.123391+00:00,operator_reported_vehicle_indication,377d1e2622014c85c2fb40597d06f77f560a4844a73a47ffc1f4fc885c481432
nmmt_route_live_7814_20260918,7814,7814,up,3171,3,593,567801922,1,19.142091666666666,73.00254666666666,18-09-2026 17:04:15,0,16:16,16:16,16:32,16:32,16:13,16:13,,1,0,0,2026-09-18T11:36:06.123391+00:00,operator_reported_vehicle_indication,377d1e2622014c85c2fb40597d06f77f560a4844a73a47ffc1f4fc885c481432
nmmt_route_live_7814_20260918,7814,7814,up,3170,4,593,567801922,1,19.142091666666666,73.00254666666666,18-09-2026 17:04:15,0,16:17,16:17,,,16:13,16:13,,1,0,0,2026-09-18T11:36:06.123391+00:00,operator_reported_vehicle_indication,377d1e2622014c85c2fb40597d06f77f560a4844a73a47ffc1f4fc885c481432
nmmt_route_live_7814_20260918,7814,7814,up,4075,5,593,567801922,1,19.142091666666666,73.00254666666666,18-09-2026 17:04:15,0,16:18,16:18,,,16:13,16:13,,1,0,0,2026-09-18T11:36:06.123391+00:00,operator_reported_vehicle_indication,377d1e2622014c85c2fb40597d06f77f560a4844a73a47ffc1f4fc885c481432
nmmt_route_live_7814_20260918,7814,7814,up,4074,6,593,567801922,1,19.142091666666666,73.00254666666666,18-09-2026 17:04:15,0,16:19,16:19,16:37,16:37,16:13,16:13,,1,0,0,2026-09-18T11:36:06.123391+00:00,operator_reported_vehicle_indication,377d1e2622014c85c2fb40597d06f77f560a4844a73a47ffc1f4fc885c481432
nmmt_route_live_7814_20260918,7814,7814,up,4073,7,593,567801922,1,19.142091666666666,73.00254666666666,18-09-2026 17:04:15,0,16:21,16:21,,,16:13,16:13,,1,0,0,2026-09-18T11:36:06.123391+00:00,operator_reported_vehicle_indication,377d1e2622014c85c2fb40597d06f77f560a4844a73a47ffc1f4fc885c481432
nmmt_route_live_7814_20260918,7814,7814,up,4072,8,593,567801922,1,19.142091666666666,73.00254666666666,18-09-2026 17:04:15,0,16:22,16:22,,,16:13,16:13,,1,0,0,2026-09-18T11:36:06.123391+00:00,operator_reported_vehicle_indication,377d1e2622014c85c2fb40597d06f77f560a4844a73a47ffc1f4fc885c481432
nmmt_route_live_7814_20260918,7814,7814,up,4071,9,593,567801922,1,19.142091666666666,73.00254666666666,18-09-2026 17:04:15,0,16:23,16:23,16:40,16:41,16:13,16:13,,1,0,0,2026-09-18T11:36:06.123391+00:00,operator_reported_vehicle_indication,377d1e2622014c85c2fb40597d06f77f560a4844a73a47ffc1f4fc885c481432
nmmt_route_live_7814_20260918,7814,7814,up,2986,10,593,567801922,1,19.142091666666666,73.00254666666666,18-09-2026 17:04:15,0,16:25,16:25,,,16:13,16:13,,1,0,0,2026-09-18T11:36:06.123391+00:00,operator_reported_vehicle_indication,377d1e2622014c85c2fb40597d06f77f560a4844a73a47ffc1f4fc885c481432
nmmt_route_live_7814_20260918,7814,7814,up,3621,11,593,567801922,1,19.142091666666666,73.00254666666666,18-09-2026 17:04:15,0,16:27,16:27,,,16:13,16:13,,1,0,0,2026-09-18T11:36:06.123391+00:00,operator_reported_vehicle_indication,377d1e2622014c85c2fb40597d06f77f560a4844a73a47ffc1f4fc885c481432
nmmt_route_live_7814_20260918,7814,7814,up,3174,12,593,567801922,1,19.142091666666666,73.00254666666666,18-09-2026 17:04:15,0,16:28,16:28,16:46,16:47,16:13,16:13,,1,0,0,2026-09-18T11:36:06.123391+00:00,operator_reported_vehicle_indication,377d1e2622014c85c2fb40597d06f77f560a4844a73a47ffc1f4fc885c481432
nmmt_route_live_7814_20260918,7814,7814,up,4068,13,593,567801922,1,19.142091666666666,73.00254666666666,18-09-2026 17:04:15,0,16:29,16:29,,,16:13,16:13,,1,0,0,2026-09-18T11:36:06.123391+00:00,operator_reported_vehicle_indication,377d1e2622014c85c2fb40597d06f77f560a4844a73a47ffc1f4fc885c481432
nmmt_route_live_7814_20260918,7814,7814,up,4067,14,593,567801922,1,19.142091666666666,73.00254666666666,18-09-2026 17:04:15,0,16:31,16:31,16:50,16:51,16:13,16:13,,1,0,0,2026-09-18T11:36:06.123391+00:00,operator_reported_vehicle_indication,377d1e2622014c85c2fb40597d06f77f560a4844a73a47ffc1f4fc885c481432
nmmt_route_live_7814_20260918,7814,7814,up,4091,15,593,567801922,1,19.142091666666666,73.00254666666666,18-09-2026 17:04:15,0,16:32,16:32,,,16:13,16:13,,1,0,0,2026-09-18T11:36:06.123391+00:00,operator_reported_vehicle_indication,377d1e2622014c85c2fb40597d06f77f560a4844a73a47ffc1f4fc885c481432
nmmt_route_live_7814_20260918,7814,7814,up,3176,16,593,567801922,1,19.142091666666666,73.00254666666666,18-09-2026 17:04:15,0,16:33,16:33,16:54,16:57,16:13,16:13,,1,0,0,2026-09-18T11:36:06.123391+00:00,operator_reported_vehicle_indication,377d1e2622014c85c2fb40597d06f77f560a4844a73a47ffc1f4fc885c481432
nmmt_route_live_7814_20260918,7814,7814,up,3137,17,593,567801922,1,19.142091666666666,73.00254666666666,18-09-2026 17:04:15,0,16:34,16:34,16:57,16:57,16:13,16:13,,1,0,0,2026-09-18T11:36:06.123391+00:00,operator_reported_vehicle_indication,377d1e2622014c85c2fb40597d06f77f560a4844a73a47ffc1f4fc885c481432
nmmt_route_live_7814_20260918,7814,7814,up,3177,18,593,567801922,1,19.142091666666666,73.00254666666666,18-09-2026 17:04:15,0,16:35,16:35,17:00,17:01,16:13,16:13,,1,0,0,2026-09-18T11:36:06.123391+00:00,operator_reported_vehicle_indication,377d1e2622014c85c2fb40597d06f77f560a4844a73a47ffc1f4fc885c481432
nmmt_route_live_7814_20260918,7814,7814,up,2673,19,593,567801922,1,19.142091666666666,73.00254666666666,18-09-2026 17:04:15,0,16:37,16:37,17:01,17:02,16:13,16:13,,1,0,0,2026-09-18T11:36:06.123391+00:00,operator_reported_vehicle_indication,377d1e2622014c85c2fb40597d06f77f560a4844a73a47ffc1f4fc885c481432
nmmt_route_live_7814_20260918,7814,7814,up,2676,20,593,567801922,1,19.142091666666666,73.00254666666666,18-09-2026 17:04:15,0,16:38,16:38,17:03,17:04,16:13,16:13,,1,0,0,2026-09-18T11:36:06.123391+00:00,operator_reported_vehicle_indication,377d1e2622014c85c2fb40597d06f77f560a4844a73a47ffc1f4fc885c481432
nmmt_route_live_7814_20260918,7814,7814,up,4099,21,593,567801922,1,19.142091666666666,73.00254666666666,18-09-2026 17:04:15,0,16:40,16:40,,,16:13,16:13,17:06,0,0,0,2026-09-18T11:36:06.123391+00:00,operator_reported_vehicle_indication,377d1e2622014c85c2fb40597d06f77f560a4844a73a47ffc1f4fc885c481432
nmmt_route_live_7814_20260918,7814,7814,up,4101,22,593,567801922,1,19.142091666666666,73.00254666666666,18-09-2026 17:04:15,0,16:41,16:41,,,16:13,16:13,17:09,0,0,0,2026-09-18T11:36:06.123391+00:00,operator_reported_vehicle_indication,377d1e2622014c85c2fb40597d06f77f560a4844a73a47ffc1f4fc885c481432
nmmt_route_live_7814_20260918,7814,7814,up,3912,23,593,567801922,1,19.142091666666666,73.00254666666666,18-09-2026 17:04:15,0,16:42,16:42,,,16:13,16:13,17:10,0,0,0,2026-09-18T11:36:06.123391+00:00,operator_reported_vehicle_indication,377d1e2622014c85c2fb40597d06f77f560a4844a73a47ffc1f4fc885c481432
nmmt_route_live_7814_20260918,7814,7814,up,2688,24,593,567801922,1,19.142091666666666,73.00254666666666,18-09-2026 17:04:15,0,16:44,16:44,,,16:13,16:13,17:12,0,0,0,2026-09-18T11:36:06.123391+00:00,operator_reported_vehicle_indication,377d1e2622014c85c2fb40597d06f77f560a4844a73a47ffc1f4fc885c481432
nmmt_route_live_7814_20260918,7814,7814,up,2763,25,593,567801922,1,19.142091666666666,73.00254666666666,18-09-2026 17:04:15,0,16:46,16:46,,,16:13,16:13,17:16,0,0,0,2026-09-18T11:36:06.123391+00:00,operator_reported_vehicle_indication,377d1e2622014c85c2fb40597d06f77f560a4844a73a47ffc1f4fc885c481432
nmmt_route_live_7814_20260918,7814,7814,up,2690,26,593,567801922,1,19.142091666666666,73.00254666666666,18-09-2026 17:04:15,0,16:48,16:48,,,16:13,16:13,17:17,0,0,0,2026-09-18T11:36:06.123391+00:00,operator_reported_vehicle_indication,377d1e2622014c85c2fb40597d06f77f560a4844a73a47ffc1f4fc885c481432
nmmt_route_live_7814_20260918,7814,7814,up,3178,27,593,567801922,1,19.142091666666666,73.00254666666666,18-09-2026 17:04:15,0,16:52,16:52,,,16:13,16:13,17:18,0,0,0,2026-09-18T11:36:06.123391+00:00,operator_reported_vehicle_indication,377d1e2622014c85c2fb40597d06f77f560a4844a73a47ffc1f4fc885c481432
nmmt_route_live_7814_20260918,7814,7814,up,3071,28,593,567801922,1,19.142091666666666,73.00254666666666,18-09-2026 17:04:15,0,16:54,16:54,,,16:13,16:13,17:19,0,0,0,2026-09-18T11:36:06.123391+00:00,operator_reported_vehicle_indication,377d1e2622014c85c2fb40597d06f77f560a4844a73a47ffc1f4fc885c481432
nmmt_route_live_7814_20260918,7814,7814,up,4478,29,593,567801922,1,19.142091666666666,73.00254666666666,18-09-2026 17:04:15,0,16:56,16:56,,,16:13,16:13,17:22,0,0,0,2026-09-18T11:36:06.123391+00:00,operator_reported_vehicle_indication,377d1e2622014c85c2fb40597d06f77f560a4844a73a47ffc1f4fc885c481432
nmmt_route_live_7814_20260918,7814,7814,up,4476,30,593,567801922,1,19.142091666666666,73.00254666666666,18-09-2026 17:04:15,0,16:59,16:59,,,16:13,16:13,17:25,0,0,0,2026-09-18T11:36:06.123391+00:00,operator_reported_vehicle_indication,377d1e2622014c85c2fb40597d06f77f560a4844a73a47ffc1f4fc885c481432
nmmt_route_live_7814_20260918,7814,7814,up,4475,31,593,567801922,1,19.142091666666666,73.00254666666666,18-09-2026 17:04:15,0,17:02,17:02,,,16:13,16:13,17:26,0,0,0,2026-09-18T11:36:06.123391+00:00,operator_reported_vehicle_indication,377d1e2622014c85c2fb40597d06f77f560a4844a73a47ffc1f4fc885c481432
nmmt_route_live_7814_20260918,7814,7814,up,4472,32,593,567801922,1,19.142091666666666,73.00254666666666,18-09-2026 17:04:15,0,17:05,17:05,,,16:13,16:13,17:29,0,0,0,2026-09-18T11:36:06.123391+00:00,operator_reported_vehicle_indication,377d1e2622014c85c2fb40597d06f77f560a4844a73a47ffc1f4fc885c481432
nmmt_route_live_7814_20260918,7814,7814,up,3927,33,593,567801922,1,19.142091666666666,73.00254666666666,18-09-2026 17:04:15,0,17:06,17:06,,,16:13,16:13,17:31,0,0,0,2026-09-18T11:36:06.123391+00:00,operator_reported_vehicle_indication,377d1e2622014c85c2fb40597d06f77f560a4844a73a47ffc1f4fc885c481432
nmmt_route_live_7814_20260918,7814,7814,up,2726,34,593,567801922,1,19.142091666666666,73.00254666666666,18-09-2026 17:04:15,0,17:08,17:08,,,16:13,16:13,17:36,0,0,0,2026-09-18T11:36:06.123391+00:00,operator_reported_vehicle_indication,377d1e2622014c85c2fb40597d06f77f560a4844a73a47ffc1f4fc885c481432
nmmt_route_live_7814_20260918,7814,7814,up,3915,35,593,567801922,1,19.142091666666666,73.00254666666666,18-09-2026 17:04:15,0,17:09,17:09,,,16:13,16:13,17:37,0,0,0,2026-09-18T11:36:06.123391+00:00,operator_reported_vehicle_indication,377d1e2622014c85c2fb40597d06f77f560a4844a73a47ffc1f4fc885c481432
nmmt_route_live_7814_20260918,7814,7814,up,2524,36,593,567801922,1,19.142091666666666,73.00254666666666,18-09-2026 17:04:15,0,17:10,17:10,,,16:13,16:13,17:39,0,0,0,2026-09-18T11:36:06.123391+00:00,operator_reported_vehicle_indication,377d1e2622014c85c2fb40597d06f77f560a4844a73a47ffc1f4fc885c481432
nmmt_route_live_7814_20260918,7814,7814,up,3913,37,593,567801922,1,19.142091666666666,73.00254666666666,18-09-2026 17:04:15,0,17:13,17:13,,,16:13,16:13,17:43,0,0,0,2026-09-18T11:36:06.123391+00:00,operator_reported_vehicle_indication,377d1e2622014c85c2fb40597d06f77f560a4844a73a47ffc1f4fc885c481432
nmmt_route_live_7814_20260918,7814,7814,up,4210,38,593,567801922,1,19.142091666666666,73.00254666666666,18-09-2026 17:04:15,0,17:16,17:16,,,16:13,16:13,17:48,0,0,0,2026-09-18T11:36:06.123391+00:00,operator_reported_vehicle_indication,377d1e2622014c85c2fb40597d06f77f560a4844a73a47ffc1f4fc885c481432
nmmt_route_live_7814_20260918,7814,7814,up,4211,39,593,567801922,1,19.142091666666666,73.00254666666666,18-09-2026 17:04:15,0,17:20,17:20,,,16:13,16:13,17:49,0,0,0,2026-09-18T11:36:06.123391+00:00,operator_reported_vehicle_indication,377d1e2622014c85c2fb40597d06f77f560a4844a73a47ffc1f4fc885c481432
nmmt_route_live_7814_20260918,7814,7814,up,3992,40,593,567801922,1,19.142091666666666,73.00254666666666,18-09-2026 17:04:15,0,17:23,17:23,,,16:13,16:13,17:56,0,0,0,2026-09-18T11:36:06.123391+00:00,operator_reported_vehicle_indication,377d1e2622014c85c2fb40597d06f77f560a4844a73a47ffc1f4fc885c481432
nmmt_route_live_7814_20260918,7814,7814,up,4195,41,593,567801922,1,19.142091666666666,73.00254666666666,18-09-2026 17:04:15,0,17:26,17:26,,,16:13,16:13,18:03,0,0,0,2026-09-18T11:36:06.123391+00:00,operator_reported_vehicle_indication,377d1e2622014c85c2fb40597d06f77f560a4844a73a47ffc1f4fc885c481432
nmmt_route_live_7814_20260918,7814,7814,up,4194,42,593,567801922,1,19.142091666666666,73.00254666666666,18-09-2026 17:04:15,0,17:27,17:27,,,16:13,16:13,18:04,0,0,0,2026-09-18T11:36:06.123391+00:00,operator_reported_vehicle_indication,377d1e2622014c85c2fb40597d06f77f560a4844a73a47ffc1f4fc885c481432
nmmt_route_live_7814_20260918,7814,7814,up,4193,43,593,567801922,1,19.142091666666666,73.00254666666666,18-09-2026 17:04:15,0,17:31,17:31,,,16:13,16:13,18:06,0,0,0,2026-09-18T11:36:06.123391+00:00,operator_reported_vehicle_indication,377d1e2622014c85c2fb40597d06f77f560a4844a73a47ffc1f4fc885c481432
nmmt_route_live_7814_20260918,7814,7814,up,4191,44,593,567801922,1,19.142091666666666,73.00254666666666,18-09-2026 17:04:15,0,17:36,17:36,,,16:13,16:13,18:09,0,0,0,2026-09-18T11:36:06.123391+00:00,operator_reported_vehicle_indication,377d1e2622014c85c2fb40597d06f77f560a4844a73a47ffc1f4fc885c481432
nmmt_route_live_7814_20260918,7814,7814,up,4190,45,593,567801922,1,19.142091666666666,73.00254666666666,18-09-2026 17:04:15,0,17:37,17:37,,,16:13,16:13,18:11,0,0,0,2026-09-18T11:36:06.123391+00:00,operator_reported_vehicle_indication,377d1e2622014c85c2fb40597d06f77f560a4844a73a47ffc1f4fc885c481432
nmmt_route_live_7814_20260918,7814,7814,up,4189,46,593,567801922,1,19.142091666666666,73.00254666666666,18-09-2026 17:04:15,0,17:38,17:38,,,16:13,16:13,18:13,0,0,0,2026-09-18T11:36:06.123391+00:00,operator_reported_vehicle_indication,377d1e2622014c85c2fb40597d06f77f560a4844a73a47ffc1f4fc885c481432
nmmt_route_live_7814_20260918,7814,7814,up,4188,47,593,567801922,1,19.142091666666666,73.00254666666666,18-09-2026 17:04:15,0,17:39,17:39,,,16:13,16:13,18:14,0,0,0,2026-09-18T11:36:06.123391+00:00,operator_reported_vehicle_indication,377d1e2622014c85c2fb40597d06f77f560a4844a73a47ffc1f4fc885c481432
nmmt_route_live_7814_20260918,7814,7814,up,4187,48,593,567801922,1,19.142091666666666,73.00254666666666,18-09-2026 17:04:15,0,17:40,17:40,,,16:13,16:13,18:16,0,0,0,2026-09-18T11:36:06.123391+00:00,operator_reported_vehicle_indication,377d1e2622014c85c2fb40597d06f77f560a4844a73a47ffc1f4fc885c481432
nmmt_route_live_7814_20260918,7814,7814,up,4186,49,593,567801922,1,19.142091666666666,73.00254666666666,18-09-2026 17:04:15,0,17:41,17:41,,,16:13,16:13,18:16,0,0,0,2026-09-18T11:36:06.123391+00:00,operator_reported_vehicle_indication,377d1e2622014c85c2fb40597d06f77f560a4844a73a47ffc1f4fc885c481432
nmmt_route_live_7814_20260918,7814,7814,up,4185,50,593,567801922,1,19.142091666666666,73.00254666666666,18-09-2026 17:04:15,0,17:42,17:42,,,16:13,16:13,18:20,0,0,0,2026-09-18T11:36:06.123391+00:00,operator_reported_vehicle_indication,377d1e2622014c85c2fb40597d06f77f560a4844a73a47ffc1f4fc885c481432
nmmt_route_live_7814_20260918,7814,7814,up,2771,51,593,567801922,1,19.142091666666666,73.00254666666666,18-09-2026 17:04:15,0,17:43,17:43,,,16:13,16:13,18:23,0,0,0,2026-09-18T11:36:06.123391+00:00,operator_reported_vehicle_indication,377d1e2622014c85c2fb40597d06f77f560a4844a73a47ffc1f4fc885c481432
nmmt_route_live_7814_20260918,7814,7814,up,4174,52,593,567801922,1,19.142091666666666,73.00254666666666,18-09-2026 17:04:15,0,17:44,17:44,,,16:13,16:13,18:27,0,0,0,2026-09-18T11:36:06.123391+00:00,operator_reported_vehicle_indication,377d1e2622014c85c2fb40597d06f77f560a4844a73a47ffc1f4fc885c481432
nmmt_route_live_7814_20260918,7814,7814,up,4172,53,593,567801922,1,19.142091666666666,73.00254666666666,18-09-2026 17:04:15,0,17:45,17:45,,,16:13,16:13,18:30,0,0,0,2026-09-18T11:36:06.123391+00:00,operator_reported_vehicle_indication,377d1e2622014c85c2fb40597d06f77f560a4844a73a47ffc1f4fc885c481432
nmmt_route_live_7814_20260918,7814,7814,up,4171,54,593,567801922,1,19.142091666666666,73.00254666666666,18-09-2026 17:04:15,0,17:46,17:46,,,16:13,16:13,18:35,0,0,0,2026-09-18T11:36:06.123391+00:00,operator_reported_vehicle_indication,377d1e2622014c85c2fb40597d06f77f560a4844a73a47ffc1f4fc885c481432
nmmt_route_live_7814_20260918,7814,7814,up,2775,55,593,567801922,1,19.142091666666666,73.00254666666666,18-09-2026 17:04:15,0,17:47,17:47,,,16:13,16:13,18:36,0,0,0,2026-09-18T11:36:06.123391+00:00,operator_reported_vehicle_indication,377d1e2622014c85c2fb40597d06f77f560a4844a73a47ffc1f4fc885c481432
nmmt_route_live_7814_20260918,7814,7814,up,2776,56,593,567801922,1,19.142091666666666,73.00254666666666,18-09-2026 17:04:15,0,17:49,17:49,,,16:13,16:13,18:36,0,0,0,2026-09-18T11:36:06.123391+00:00,operator_reported_vehicle_indication,377d1e2622014c85c2fb40597d06f77f560a4844a73a47ffc1f4fc885c481432
nmmt_route_live_7817_20260918,7817,7817,up,3173,1,437,567785682,1,19.2215004,72.9895477,18-09-2026 17:05:29,0,16:03,16:03,16:38,16:38,16:03,16:03,,1,0,0,2026-09-18T11:36:07.845165+00:00,operator_reported_vehicle_indication,613947a7fcdee9fbc0a3fcb7a9cc2f5bf11af6653594586deacf683460041554
nmmt_route_live_7817_20260918,7817,7817,up,5107,2,437,567785682,1,19.2215004,72.9895477,18-09-2026 17:05:29,0,16:06,16:06,,,16:03,16:03,,1,0,0,2026-09-18T11:36:07.845165+00:00,operator_reported_vehicle_indication,613947a7fcdee9fbc0a3fcb7a9cc2f5bf11af6653594586deacf683460041554
nmmt_route_live_7817_20260918,7817,7817,up,5106,3,437,567785682,1,19.2215004,72.9895477,18-09-2026 17:05:29,0,16:08,16:08,16:53,16:54,16:03,16:03,,1,0,0,2026-09-18T11:36:07.845165+00:00,operator_reported_vehicle_indication,613947a7fcdee9fbc0a3fcb7a9cc2f5bf11af6653594586deacf683460041554
nmmt_route_live_7817_20260918,7817,7817,up,3887,4,437,567785682,1,19.2215004,72.9895477,18-09-2026 17:05:29,0,16:10,16:10,,,16:03,16:03,,1,0,0,2026-09-18T11:36:07.845165+00:00,operator_reported_vehicle_indication,613947a7fcdee9fbc0a3fcb7a9cc2f5bf11af6653594586deacf683460041554
nmmt_route_live_7817_20260918,7817,7817,up,3871,5,437,567785682,1,19.2215004,72.9895477,18-09-2026 17:05:29,0,16:11,16:11,16:58,16:59,16:03,16:03,,1,0,0,2026-09-18T11:36:07.845165+00:00,operator_reported_vehicle_indication,613947a7fcdee9fbc0a3fcb7a9cc2f5bf11af6653594586deacf683460041554
nmmt_route_live_7817_20260918,7817,7817,up,3870,6,437,567785682,1,19.2215004,72.9895477,18-09-2026 17:05:29,0,16:13,16:13,,,16:03,16:03,,1,0,0,2026-09-18T11:36:07.845165+00:00,operator_reported_vehicle_indication,613947a7fcdee9fbc0a3fcb7a9cc2f5bf11af6653594586deacf683460041554
nmmt_route_live_7817_20260918,7817,7817,up,3872,7,437,567785682,1,19.2215004,72.9895477,18-09-2026 17:05:29,0,16:15,16:15,,,16:03,16:03,,1,0,0,2026-09-18T11:36:07.845165+00:00,operator_reported_vehicle_indication,613947a7fcdee9fbc0a3fcb7a9cc2f5bf11af6653594586deacf683460041554
nmmt_route_live_7817_20260918,7817,7817,up,3873,8,437,567785682,1,19.2215004,72.9895477,18-09-2026 17:05:29,0,16:17,16:17,,,16:03,16:03,,1,0,0,2026-09-18T11:36:07.845165+00:00,operator_reported_vehicle_indication,613947a7fcdee9fbc0a3fcb7a9cc2f5bf11af6653594586deacf683460041554
nmmt_route_live_7817_20260918,7817,7817,up,3874,9,437,567785682,1,19.2215004,72.9895477,18-09-2026 17:05:29,0,16:18,16:18,17:05,,16:03,16:03,,1,0,0,2026-09-18T11:36:07.845165+00:00,operator_reported_vehicle_indication,613947a7fcdee9fbc0a3fcb7a9cc2f5bf11af6653594586deacf683460041554
nmmt_route_live_7817_20260918,7817,7817,up,3875,10,437,567785682,1,19.2215004,72.9895477,18-09-2026 17:05:29,0,16:20,16:20,,,16:03,16:03,17:09,0,0,0,2026-09-18T11:36:07.845165+00:00,operator_reported_vehicle_indication,613947a7fcdee9fbc0a3fcb7a9cc2f5bf11af6653594586deacf683460041554
nmmt_route_live_7817_20260918,7817,7817,up,3877,11,437,567785682,1,19.2215004,72.9895477,18-09-2026 17:05:29,0,16:22,16:22,,,16:03,16:03,17:12,0,0,0,2026-09-18T11:36:07.845165+00:00,operator_reported_vehicle_indication,613947a7fcdee9fbc0a3fcb7a9cc2f5bf11af6653594586deacf683460041554
nmmt_route_live_7817_20260918,7817,7817,up,4095,12,437,567785682,1,19.2215004,72.9895477,18-09-2026 17:05:29,0,16:24,16:24,,,16:03,16:03,17:13,0,0,0,2026-09-18T11:36:07.845165+00:00,operator_reported_vehicle_indication,613947a7fcdee9fbc0a3fcb7a9cc2f5bf11af6653594586deacf683460041554
nmmt_route_live_7817_20260918,7817,7817,up,3878,13,437,567785682,1,19.2215004,72.9895477,18-09-2026 17:05:29,0,16:25,16:25,,,16:03,16:03,17:14,0,0,0,2026-09-18T11:36:07.845165+00:00,operator_reported_vehicle_indication,613947a7fcdee9fbc0a3fcb7a9cc2f5bf11af6653594586deacf683460041554
nmmt_route_live_7817_20260918,7817,7817,up,3879,14,437,567785682,1,19.2215004,72.9895477,18-09-2026 17:05:29,0,16:27,16:27,,,16:03,16:03,17:15,0,0,0,2026-09-18T11:36:07.845165+00:00,operator_reported_vehicle_indication,613947a7fcdee9fbc0a3fcb7a9cc2f5bf11af6653594586deacf683460041554
nmmt_route_live_7817_20260918,7817,7817,up,3880,15,437,567785682,1,19.2215004,72.9895477,18-09-2026 17:05:29,0,16:29,16:29,,,16:03,16:03,17:16,0,0,0,2026-09-18T11:36:07.845165+00:00,operator_reported_vehicle_indication,613947a7fcdee9fbc0a3fcb7a9cc2f5bf11af6653594586deacf683460041554
nmmt_route_live_7817_20260918,7817,7817,up,3881,16,437,567785682,1,19.2215004,72.9895477,18-09-2026 17:05:29,0,16:31,16:31,,,16:03,16:03,17:17,0,0,0,2026-09-18T11:36:07.845165+00:00,operator_reported_vehicle_indication,613947a7fcdee9fbc0a3fcb7a9cc2f5bf11af6653594586deacf683460041554
nmmt_route_live_7817_20260918,7817,7817,up,3882,17,437,567785682,1,19.2215004,72.9895477,18-09-2026 17:05:29,0,16:32,16:32,,,16:03,16:03,17:18,0,0,0,2026-09-18T11:36:07.845165+00:00,operator_reported_vehicle_indication,613947a7fcdee9fbc0a3fcb7a9cc2f5bf11af6653594586deacf683460041554
nmmt_route_live_7817_20260918,7817,7817,up,3883,18,437,567785682,1,19.2215004,72.9895477,18-09-2026 17:05:29,0,16:34,16:34,,,16:03,16:03,17:19,0,0,0,2026-09-18T11:36:07.845165+00:00,operator_reported_vehicle_indication,613947a7fcdee9fbc0a3fcb7a9cc2f5bf11af6653594586deacf683460041554
nmmt_route_live_7817_20260918,7817,7817,up,3884,19,437,567785682,1,19.2215004,72.9895477,18-09-2026 17:05:29,0,16:36,16:36,,,16:03,16:03,17:20,0,0,0,2026-09-18T11:36:07.845165+00:00,operator_reported_vehicle_indication,613947a7fcdee9fbc0a3fcb7a9cc2f5bf11af6653594586deacf683460041554
nmmt_route_live_7817_20260918,7817,7817,up,3885,20,437,567785682,1,19.2215004,72.9895477,18-09-2026 17:05:29,0,16:38,16:38,,,16:03,16:03,17:24,0,0,0,2026-09-18T11:36:07.845165+00:00,operator_reported_vehicle_indication,613947a7fcdee9fbc0a3fcb7a9cc2f5bf11af6653594586deacf683460041554
nmmt_route_live_8103_20260918,8103,8103,up,3137,1,692,567786090,2,19.163515,72.999817,18-09-2026 17:06:19,0,19:05,19:05,,,19:05,19:05,,0,0,0,2026-09-18T11:36:24.984169+00:00,operator_reported_vehicle_indication,af13fc5d5816c4c46b558e208100215b1476044c26a952107445eda2f442f953
nmmt_route_live_8103_20260918,8103,8103,up,4062,2,692,567786090,2,19.163515,72.999817,18-09-2026 17:06:19,0,19:06,19:06,,,19:05,19:05,,0,0,0,2026-09-18T11:36:24.984169+00:00,operator_reported_vehicle_indication,af13fc5d5816c4c46b558e208100215b1476044c26a952107445eda2f442f953
nmmt_route_live_8103_20260918,8103,8103,up,3139,3,692,567786090,2,19.163515,72.999817,18-09-2026 17:06:19,0,19:07,19:07,,,19:05,19:05,,0,0,0,2026-09-18T11:36:24.984169+00:00,operator_reported_vehicle_indication,af13fc5d5816c4c46b558e208100215b1476044c26a952107445eda2f442f953
nmmt_route_live_8103_20260918,8103,8103,up,3680,4,692,567786090,2,19.163515,72.999817,18-09-2026 17:06:19,0,19:08,19:08,,,19:05,19:05,,0,0,0,2026-09-18T11:36:24.984169+00:00,operator_reported_vehicle_indication,af13fc5d5816c4c46b558e208100215b1476044c26a952107445eda2f442f953
nmmt_route_live_8103_20260918,8103,8103,up,3140,5,692,567786090,2,19.163515,72.999817,18-09-2026 17:06:19,0,19:09,19:09,,,19:05,19:05,,0,0,0,2026-09-18T11:36:24.984169+00:00,operator_reported_vehicle_indication,af13fc5d5816c4c46b558e208100215b1476044c26a952107445eda2f442f953
nmmt_route_live_8103_20260918,8103,8103,up,3685,6,692,567786090,2,19.163515,72.999817,18-09-2026 17:06:19,0,19:10,19:10,,,19:05,19:05,,0,0,0,2026-09-18T11:36:24.984169+00:00,operator_reported_vehicle_indication,af13fc5d5816c4c46b558e208100215b1476044c26a952107445eda2f442f953
nmmt_route_live_8103_20260918,8103,8103,up,3141,7,692,567786090,2,19.163515,72.999817,18-09-2026 17:06:19,0,19:11,19:11,,,19:05,19:05,,0,0,0,2026-09-18T11:36:24.984169+00:00,operator_reported_vehicle_indication,af13fc5d5816c4c46b558e208100215b1476044c26a952107445eda2f442f953
nmmt_route_live_8103_20260918,8103,8103,up,3142,8,692,567786090,2,19.163515,72.999817,18-09-2026 17:06:19,0,19:12,19:12,,,19:05,19:05,,0,0,0,2026-09-18T11:36:24.984169+00:00,operator_reported_vehicle_indication,af13fc5d5816c4c46b558e208100215b1476044c26a952107445eda2f442f953
nmmt_route_live_8103_20260918,8103,8103,up,3143,9,692,567786090,2,19.163515,72.999817,18-09-2026 17:06:19,0,19:13,19:13,,,19:05,19:05,,0,0,0,2026-09-18T11:36:24.984169+00:00,operator_reported_vehicle_indication,af13fc5d5816c4c46b558e208100215b1476044c26a952107445eda2f442f953
nmmt_route_live_8103_20260918,8103,8103,up,3144,10,692,567786090,2,19.163515,72.999817,18-09-2026 17:06:19,0,19:14,19:14,,,19:05,19:05,,0,0,0,2026-09-18T11:36:24.984169+00:00,operator_reported_vehicle_indication,af13fc5d5816c4c46b558e208100215b1476044c26a952107445eda2f442f953
nmmt_route_live_8103_20260918,8103,8103,up,3163,11,692,567786090,2,19.163515,72.999817,18-09-2026 17:06:19,0,19:15,19:15,,,19:05,19:05,,0,0,0,2026-09-18T11:36:24.984169+00:00,operator_reported_vehicle_indication,af13fc5d5816c4c46b558e208100215b1476044c26a952107445eda2f442f953
nmmt_route_live_8103_20260918,8103,8103,up,3164,12,692,567786090,2,19.163515,72.999817,18-09-2026 17:06:19,0,19:16,19:16,,,19:05,19:05,,0,0,0,2026-09-18T11:36:24.984169+00:00,operator_reported_vehicle_indication,af13fc5d5816c4c46b558e208100215b1476044c26a952107445eda2f442f953
nmmt_route_live_8103_20260918,8103,8103,up,3165,13,692,567786090,2,19.163515,72.999817,18-09-2026 17:06:19,0,19:17,19:17,,,19:05,19:05,,0,0,0,2026-09-18T11:36:24.984169+00:00,operator_reported_vehicle_indication,af13fc5d5816c4c46b558e208100215b1476044c26a952107445eda2f442f953
nmmt_route_live_8103_20260918,8103,8103,up,3166,14,692,567786090,2,19.163515,72.999817,18-09-2026 17:06:19,0,19:18,19:18,,,19:05,19:05,,0,0,0,2026-09-18T11:36:24.984169+00:00,operator_reported_vehicle_indication,af13fc5d5816c4c46b558e208100215b1476044c26a952107445eda2f442f953
nmmt_route_live_8103_20260918,8103,8103,up,2986,15,692,567786090,2,19.163515,72.999817,18-09-2026 17:06:19,0,19:19,19:19,,,19:05,19:05,,0,0,0,2026-09-18T11:36:24.984169+00:00,operator_reported_vehicle_indication,af13fc5d5816c4c46b558e208100215b1476044c26a952107445eda2f442f953
nmmt_route_live_8103_20260918,8103,8103,up,2990,16,692,567786090,2,19.163515,72.999817,18-09-2026 17:06:19,0,19:20,19:20,,,19:05,19:05,,0,0,0,2026-09-18T11:36:24.984169+00:00,operator_reported_vehicle_indication,af13fc5d5816c4c46b558e208100215b1476044c26a952107445eda2f442f953
nmmt_route_live_8103_20260918,8103,8103,up,4072,17,692,567786090,2,19.163515,72.999817,18-09-2026 17:06:19,0,19:22,19:22,,,19:05,19:05,,0,0,0,2026-09-18T11:36:24.984169+00:00,operator_reported_vehicle_indication,af13fc5d5816c4c46b558e208100215b1476044c26a952107445eda2f442f953
nmmt_route_live_8103_20260918,8103,8103,up,3168,18,692,567786090,2,19.163515,72.999817,18-09-2026 17:06:19,0,19:23,19:23,,,19:05,19:05,,0,0,0,2026-09-18T11:36:24.984169+00:00,operator_reported_vehicle_indication,af13fc5d5816c4c46b558e208100215b1476044c26a952107445eda2f442f953
nmmt_route_live_8103_20260918,8103,8103,up,3169,19,692,567786090,2,19.163515,72.999817,18-09-2026 17:06:19,0,19:24,19:24,,,19:05,19:05,,0,0,0,2026-09-18T11:36:24.984169+00:00,operator_reported_vehicle_indication,af13fc5d5816c4c46b558e208100215b1476044c26a952107445eda2f442f953
nmmt_route_live_8103_20260918,8103,8103,up,2991,20,692,567786090,2,19.163515,72.999817,18-09-2026 17:06:19,0,19:25,19:25,,,19:05,19:05,,0,0,0,2026-09-18T11:36:24.984169+00:00,operator_reported_vehicle_indication,af13fc5d5816c4c46b558e208100215b1476044c26a952107445eda2f442f953
nmmt_route_live_8103_20260918,8103,8103,up,3170,21,692,567786090,2,19.163515,72.999817,18-09-2026 17:06:19,0,19:32,19:32,,,19:05,19:05,,0,0,0,2026-09-18T11:36:24.984169+00:00,operator_reported_vehicle_indication,af13fc5d5816c4c46b558e208100215b1476044c26a952107445eda2f442f953
nmmt_route_live_8103_20260918,8103,8103,up,3170,21,692,567786090,2,19.163515,72.999817,18-09-2026 17:06:19,0,19:26,19:26,,,19:05,19:05,,0,0,0,2026-09-18T11:36:24.984169+00:00,operator_reported_vehicle_indication,af13fc5d5816c4c46b558e208100215b1476044c26a952107445eda2f442f953
nmmt_route_live_8103_20260918,8103,8103,up,3171,22,692,567786090,2,19.163515,72.999817,18-09-2026 17:06:19,0,19:31,19:31,,,19:05,19:05,,0,0,0,2026-09-18T11:36:24.984169+00:00,operator_reported_vehicle_indication,af13fc5d5816c4c46b558e208100215b1476044c26a952107445eda2f442f953
nmmt_route_live_8103_20260918,8103,8103,up,3171,22,692,567786090,2,19.163515,72.999817,18-09-2026 17:06:19,0,19:27,19:27,,,19:05,19:05,,0,0,0,2026-09-18T11:36:24.984169+00:00,operator_reported_vehicle_indication,af13fc5d5816c4c46b558e208100215b1476044c26a952107445eda2f442f953
nmmt_route_live_8103_20260918,8103,8103,up,3172,23,692,567786090,2,19.163515,72.999817,18-09-2026 17:06:19,0,19:28,19:28,,,19:05,19:05,,0,0,0,2026-09-18T11:36:24.984169+00:00,operator_reported_vehicle_indication,af13fc5d5816c4c46b558e208100215b1476044c26a952107445eda2f442f953
nmmt_route_live_8103_20260918,8103,8103,up,3172,23,692,567786090,2,19.163515,72.999817,18-09-2026 17:06:19,0,19:30,19:30,,,19:05,19:05,,0,0,0,2026-09-18T11:36:24.984169+00:00,operator_reported_vehicle_indication,af13fc5d5816c4c46b558e208100215b1476044c26a952107445eda2f442f953
nmmt_route_live_8103_20260918,8103,8103,up,2945,24,692,567786090,2,19.163515,72.999817,18-09-2026 17:06:19,0,19:29,19:29,,,19:05,19:05,,0,0,0,2026-09-18T11:36:24.984169+00:00,operator_reported_vehicle_indication,af13fc5d5816c4c46b558e208100215b1476044c26a952107445eda2f442f953
nmmt_route_live_8103_20260918,8103,8103,up,3172,25,692,567786090,2,19.163515,72.999817,18-09-2026 17:06:19,0,19:28,19:28,,,19:05,19:05,,0,0,0,2026-09-18T11:36:24.984169+00:00,operator_reported_vehicle_indication,af13fc5d5816c4c46b558e208100215b1476044c26a952107445eda2f442f953
nmmt_route_live_8103_20260918,8103,8103,up,3172,25,692,567786090,2,19.163515,72.999817,18-09-2026 17:06:19,0,19:30,19:30,,,19:05,19:05,,0,0,0,2026-09-18T11:36:24.984169+00:00,operator_reported_vehicle_indication,af13fc5d5816c4c46b558e208100215b1476044c26a952107445eda2f442f953
nmmt_route_live_8103_20260918,8103,8103,up,3171,26,692,567786090,2,19.163515,72.999817,18-09-2026 17:06:19,0,19:27,19:27,,,19:05,19:05,,0,0,0,2026-09-18T11:36:24.984169+00:00,operator_reported_vehicle_indication,af13fc5d5816c4c46b558e208100215b1476044c26a952107445eda2f442f953
nmmt_route_live_8103_20260918,8103,8103,up,3171,26,692,567786090,2,19.163515,72.999817,18-09-2026 17:06:19,0,19:31,19:31,,,19:05,19:05,,0,0,0,2026-09-18T11:36:24.984169+00:00,operator_reported_vehicle_indication,af13fc5d5816c4c46b558e208100215b1476044c26a952107445eda2f442f953
nmmt_route_live_8103_20260918,8103,8103,up,3170,27,692,567786090,2,19.163515,72.999817,18-09-2026 17:06:19,0,19:32,19:32,,,19:05,19:05,,0,0,0,2026-09-18T11:36:24.984169+00:00,operator_reported_vehicle_indication,af13fc5d5816c4c46b558e208100215b1476044c26a952107445eda2f442f953
nmmt_route_live_8103_20260918,8103,8103,up,3170,27,692,567786090,2,19.163515,72.999817,18-09-2026 17:06:19,0,19:26,19:26,,,19:05,19:05,,0,0,0,2026-09-18T11:36:24.984169+00:00,operator_reported_vehicle_indication,af13fc5d5816c4c46b558e208100215b1476044c26a952107445eda2f442f953
nmmt_route_live_8103_20260918,8103,8103,up,4076,28,692,567786090,2,19.163515,72.999817,18-09-2026 17:06:19,0,19:33,19:33,,,19:05,19:05,,0,0,0,2026-09-18T11:36:24.984169+00:00,operator_reported_vehicle_indication,af13fc5d5816c4c46b558e208100215b1476044c26a952107445eda2f442f953
nmmt_route_live_8103_20260918,8103,8103,up,2992,29,692,567786090,2,19.163515,72.999817,18-09-2026 17:06:19,0,19:34,19:34,,,19:05,19:05,,0,0,0,2026-09-18T11:36:24.984169+00:00,operator_reported_vehicle_indication,af13fc5d5816c4c46b558e208100215b1476044c26a952107445eda2f442f953
nmmt_route_live_8103_20260918,8103,8103,up,2993,30,692,567786090,2,19.163515,72.999817,18-09-2026 17:06:19,0,19:35,19:35,,,19:05,19:05,,0,0,0,2026-09-18T11:36:24.984169+00:00,operator_reported_vehicle_indication,af13fc5d5816c4c46b558e208100215b1476044c26a952107445eda2f442f953
nmmt_route_live_8103_20260918,8103,8103,up,2994,31,692,567786090,2,19.163515,72.999817,18-09-2026 17:06:19,0,19:36,19:36,,,19:05,19:05,,0,0,0,2026-09-18T11:36:24.984169+00:00,operator_reported_vehicle_indication,af13fc5d5816c4c46b558e208100215b1476044c26a952107445eda2f442f953
nmmt_route_live_8103_20260918,8103,8103,up,2995,32,692,567786090,2,19.163515,72.999817,18-09-2026 17:06:19,0,19:37,19:37,,,19:05,19:05,,0,0,0,2026-09-18T11:36:24.984169+00:00,operator_reported_vehicle_indication,af13fc5d5816c4c46b558e208100215b1476044c26a952107445eda2f442f953
nmmt_route_live_8103_20260918,8103,8103,up,2996,33,692,567786090,2,19.163515,72.999817,18-09-2026 17:06:19,0,19:39,19:39,,,19:05,19:05,,0,0,0,2026-09-18T11:36:24.984169+00:00,operator_reported_vehicle_indication,af13fc5d5816c4c46b558e208100215b1476044c26a952107445eda2f442f953
nmmt_route_live_8103_20260918,8103,8103,up,2997,34,692,567786090,2,19.163515,72.999817,18-09-2026 17:06:19,0,19:40,19:40,,,19:05,19:05,,0,0,0,2026-09-18T11:36:24.984169+00:00,operator_reported_vehicle_indication,af13fc5d5816c4c46b558e208100215b1476044c26a952107445eda2f442f953
nmmt_route_live_8103_20260918,8103,8103,up,2998,35,692,567786090,2,19.163515,72.999817,18-09-2026 17:06:19,0,19:42,19:42,,,19:05,19:05,,0,0,0,2026-09-18T11:36:24.984169+00:00,operator_reported_vehicle_indication,af13fc5d5816c4c46b558e208100215b1476044c26a952107445eda2f442f953
nmmt_route_live_8103_20260918,8103,8103,up,2999,36,692,567786090,2,19.163515,72.999817,18-09-2026 17:06:19,0,19:43,19:43,,,19:05,19:05,,0,0,0,2026-09-18T11:36:24.984169+00:00,operator_reported_vehicle_indication,af13fc5d5816c4c46b558e208100215b1476044c26a952107445eda2f442f953
nmmt_route_live_8103_20260918,8103,8103,up,3732,37,692,567786090,2,19.163515,72.999817,18-09-2026 17:06:19,0,19:44,19:44,,,19:05,19:05,,0,0,0,2026-09-18T11:36:24.984169+00:00,operator_reported_vehicle_indication,af13fc5d5816c4c46b558e208100215b1476044c26a952107445eda2f442f953
nmmt_route_live_8103_20260918,8103,8103,up,3000,38,692,567786090,2,19.163515,72.999817,18-09-2026 17:06:19,0,19:45,19:45,,,19:05,19:05,,0,0,0,2026-09-18T11:36:24.984169+00:00,operator_reported_vehicle_indication,af13fc5d5816c4c46b558e208100215b1476044c26a952107445eda2f442f953
nmmt_route_live_8103_20260918,8103,8103,up,3001,39,692,567786090,2,19.163515,72.999817,18-09-2026 17:06:19,0,19:46,19:46,,,19:05,19:05,,0,0,0,2026-09-18T11:36:24.984169+00:00,operator_reported_vehicle_indication,af13fc5d5816c4c46b558e208100215b1476044c26a952107445eda2f442f953
nmmt_route_live_8103_20260918,8103,8103,up,3002,40,692,567786090,2,19.163515,72.999817,18-09-2026 17:06:19,0,19:47,19:47,,,19:05,19:05,,0,0,0,2026-09-18T11:36:24.984169+00:00,operator_reported_vehicle_indication,af13fc5d5816c4c46b558e208100215b1476044c26a952107445eda2f442f953
nmmt_route_live_8103_20260918,8103,8103,up,3003,41,692,567786090,2,19.163515,72.999817,18-09-2026 17:06:19,0,19:48,19:48,,,19:05,19:05,,0,0,0,2026-09-18T11:36:24.984169+00:00,operator_reported_vehicle_indication,af13fc5d5816c4c46b558e208100215b1476044c26a952107445eda2f442f953
nmmt_route_live_8103_20260918,8103,8103,up,3734,42,692,567786090,2,19.163515,72.999817,18-09-2026 17:06:19,0,19:49,19:49,,,19:05,19:05,,0,0,0,2026-09-18T11:36:24.984169+00:00,operator_reported_vehicle_indication,af13fc5d5816c4c46b558e208100215b1476044c26a952107445eda2f442f953
nmmt_route_live_8103_20260918,8103,8103,up,3004,43,692,567786090,2,19.163515,72.999817,18-09-2026 17:06:19,0,19:51,19:51,,,19:05,19:05,,0,0,0,2026-09-18T11:36:24.984169+00:00,operator_reported_vehicle_indication,af13fc5d5816c4c46b558e208100215b1476044c26a952107445eda2f442f953
nmmt_route_live_8103_20260918,8103,8103,up,3005,44,692,567786090,2,19.163515,72.999817,18-09-2026 17:06:19,0,19:52,19:52,,,19:05,19:05,,0,0,0,2026-09-18T11:36:24.984169+00:00,operator_reported_vehicle_indication,af13fc5d5816c4c46b558e208100215b1476044c26a952107445eda2f442f953
nmmt_route_live_8103_20260918,8103,8103,up,3006,45,692,567786090,2,19.163515,72.999817,18-09-2026 17:06:19,0,19:53,19:53,,,19:05,19:05,,0,0,0,2026-09-18T11:36:24.984169+00:00,operator_reported_vehicle_indication,af13fc5d5816c4c46b558e208100215b1476044c26a952107445eda2f442f953
nmmt_route_live_8103_20260918,8103,8103,up,3008,46,692,567786090,2,19.163515,72.999817,18-09-2026 17:06:19,0,19:54,19:54,,,19:05,19:05,,0,0,0,2026-09-18T11:36:24.984169+00:00,operator_reported_vehicle_indication,af13fc5d5816c4c46b558e208100215b1476044c26a952107445eda2f442f953
nmmt_route_live_8103_20260918,8103,8103,up,3007,47,692,567786090,2,19.163515,72.999817,18-09-2026 17:06:19,0,19:56,19:56,,,19:05,19:05,,0,0,0,2026-09-18T11:36:24.984169+00:00,operator_reported_vehicle_indication,af13fc5d5816c4c46b558e208100215b1476044c26a952107445eda2f442f953
nmmt_route_live_8103_20260918,8103,8103,up,3009,48,692,567786090,2,19.163515,72.999817,18-09-2026 17:06:19,0,19:57,19:57,,,19:05,19:05,,0,0,0,2026-09-18T11:36:24.984169+00:00,operator_reported_vehicle_indication,af13fc5d5816c4c46b558e208100215b1476044c26a952107445eda2f442f953
nmmt_route_live_8103_20260918,8103,8103,up,3010,49,692,567786090,2,19.163515,72.999817,18-09-2026 17:06:19,0,19:58,19:58,,,19:05,19:05,,0,0,0,2026-09-18T11:36:24.984169+00:00,operator_reported_vehicle_indication,af13fc5d5816c4c46b558e208100215b1476044c26a952107445eda2f442f953
nmmt_route_live_8103_20260918,8103,8103,up,3011,50,692,567786090,2,19.163515,72.999817,18-09-2026 17:06:19,0,20:00,20:00,,,19:05,19:05,,0,0,0,2026-09-18T11:36:24.984169+00:00,operator_reported_vehicle_indication,af13fc5d5816c4c46b558e208100215b1476044c26a952107445eda2f442f953
nmmt_route_live_8103_20260918,8103,8103,up,3013,51,692,567786090,2,19.163515,72.999817,18-09-2026 17:06:19,0,20:01,20:01,,,19:05,19:05,,0,0,0,2026-09-18T11:36:24.984169+00:00,operator_reported_vehicle_indication,af13fc5d5816c4c46b558e208100215b1476044c26a952107445eda2f442f953
nmmt_route_live_8103_20260918,8103,8103,up,3014,52,692,567786090,2,19.163515,72.999817,18-09-2026 17:06:19,0,20:02,20:02,,,19:05,19:05,,0,0,0,2026-09-18T11:36:24.984169+00:00,operator_reported_vehicle_indication,af13fc5d5816c4c46b558e208100215b1476044c26a952107445eda2f442f953
nmmt_route_live_8103_20260918,8103,8103,up,3015,53,692,567786090,2,19.163515,72.999817,18-09-2026 17:06:19,0,20:03,20:03,,,19:05,19:05,,0,0,0,2026-09-18T11:36:24.984169+00:00,operator_reported_vehicle_indication,af13fc5d5816c4c46b558e208100215b1476044c26a952107445eda2f442f953
nmmt_route_live_8103_20260918,8103,8103,up,3016,54,692,567786090,2,19.163515,72.999817,18-09-2026 17:06:19,0,20:04,20:04,,,19:05,19:05,,0,0,0,2026-09-18T11:36:24.984169+00:00,operator_reported_vehicle_indication,af13fc5d5816c4c46b558e208100215b1476044c26a952107445eda2f442f953
nmmt_route_live_8103_20260918,8103,8103,up,3017,55,692,567786090,2,19.163515,72.999817,18-09-2026 17:06:19,0,20:05,20:05,,,19:05,19:05,,0,0,0,2026-09-18T11:36:24.984169+00:00,operator_reported_vehicle_indication,af13fc5d5816c4c46b558e208100215b1476044c26a952107445eda2f442f953
nmmt_route_live_8103_20260918,8103,8103,up,3018,56,692,567786090,2,19.163515,72.999817,18-09-2026 17:06:19,0,20:06,20:06,,,19:05,19:05,,0,0,0,2026-09-18T11:36:24.984169+00:00,operator_reported_vehicle_indication,af13fc5d5816c4c46b558e208100215b1476044c26a952107445eda2f442f953
nmmt_route_live_8103_20260918,8103,8103,up,3019,57,692,567786090,2,19.163515,72.999817,18-09-2026 17:06:19,0,20:07,20:07,,,19:05,19:05,,0,0,0,2026-09-18T11:36:24.984169+00:00,operator_reported_vehicle_indication,af13fc5d5816c4c46b558e208100215b1476044c26a952107445eda2f442f953
nmmt_route_live_8103_20260918,8103,8103,up,4776,58,692,567786090,2,19.163515,72.999817,18-09-2026 17:06:19,0,20:08,20:08,,,19:05,19:05,,0,0,0,2026-09-18T11:36:24.984169+00:00,operator_reported_vehicle_indication,af13fc5d5816c4c46b558e208100215b1476044c26a952107445eda2f442f953
nmmt_route_live_8103_20260918,8103,8103,up,4775,59,692,567786090,2,19.163515,72.999817,18-09-2026 17:06:19,0,20:10,20:10,,,19:05,19:05,,0,0,0,2026-09-18T11:36:24.984169+00:00,operator_reported_vehicle_indication,af13fc5d5816c4c46b558e208100215b1476044c26a952107445eda2f442f953
nmmt_route_live_8103_20260918,8103,8103,up,4781,60,692,567786090,2,19.163515,72.999817,18-09-2026 17:06:19,0,20:11,20:11,,,19:05,19:05,,0,0,0,2026-09-18T11:36:24.984169+00:00,operator_reported_vehicle_indication,af13fc5d5816c4c46b558e208100215b1476044c26a952107445eda2f442f953
nmmt_route_live_8103_20260918,8103,8103,up,4780,61,692,567786090,2,19.163515,72.999817,18-09-2026 17:06:19,0,20:14,20:14,,,19:05,19:05,,0,0,0,2026-09-18T11:36:24.984169+00:00,operator_reported_vehicle_indication,af13fc5d5816c4c46b558e208100215b1476044c26a952107445eda2f442f953
nmmt_route_live_8103_20260918,8103,8103,up,4779,62,692,567786090,2,19.163515,72.999817,18-09-2026 17:06:19,0,20:15,20:15,,,19:05,19:05,,0,0,0,2026-09-18T11:36:24.984169+00:00,operator_reported_vehicle_indication,af13fc5d5816c4c46b558e208100215b1476044c26a952107445eda2f442f953
nmmt_route_live_8103_20260918,8103,8103,up,4777,63,692,567786090,2,19.163515,72.999817,18-09-2026 17:06:19,0,20:17,20:17,,,19:05,19:05,,0,0,0,2026-09-18T11:36:24.984169+00:00,operator_reported_vehicle_indication,af13fc5d5816c4c46b558e208100215b1476044c26a952107445eda2f442f953
nmmt_route_live_8103_20260918,8103,8103,up,4782,64,692,567786090,2,19.163515,72.999817,18-09-2026 17:06:19,0,20:19,20:19,,,19:05,19:05,,0,0,0,2026-09-18T11:36:24.984169+00:00,operator_reported_vehicle_indication,af13fc5d5816c4c46b558e208100215b1476044c26a952107445eda2f442f953
nmmt_route_live_8103_20260918,8103,8103,up,4783,65,692,567786090,2,19.163515,72.999817,18-09-2026 17:06:19,0,20:22,20:22,,,19:05,19:05,,0,0,0,2026-09-18T11:36:24.984169+00:00,operator_reported_vehicle_indication,af13fc5d5816c4c46b558e208100215b1476044c26a952107445eda2f442f953
nmmt_route_live_8103_20260918,8103,8103,up,4791,66,692,567786090,2,19.163515,72.999817,18-09-2026 17:06:19,0,20:25,20:25,,,19:05,19:05,,0,0,0,2026-09-18T11:36:24.984169+00:00,operator_reported_vehicle_indication,af13fc5d5816c4c46b558e208100215b1476044c26a952107445eda2f442f953
nmmt_route_live_8103_20260918,8103,8103,up,4773,67,692,567786090,2,19.163515,72.999817,18-09-2026 17:06:19,0,20:30,20:30,,,19:05,19:05,,0,0,0,2026-09-18T11:36:24.984169+00:00,operator_reported_vehicle_indication,af13fc5d5816c4c46b558e208100215b1476044c26a952107445eda2f442f953
nmmt_route_live_8346_20260918,8346,8346,down,2908,1,528,567787132,1,19.076471,72.998024,18-09-2026 17:06:36,0,15:35,15:35,16:21,16:21,15:35,15:35,,1,0,0,2026-09-18T11:36:42.430408+00:00,operator_reported_vehicle_indication,baf41881e2250c09ba50c322c7984193213d5756765f26b8d08e152aed53b90a
nmmt_route_live_8346_20260918,8346,8346,down,3080,2,528,567787132,1,19.076471,72.998024,18-09-2026 17:06:36,0,15:36,15:37,16:26,16:26,15:35,15:35,,1,0,0,2026-09-18T11:36:42.430408+00:00,operator_reported_vehicle_indication,baf41881e2250c09ba50c322c7984193213d5756765f26b8d08e152aed53b90a
nmmt_route_live_8346_20260918,8346,8346,down,3079,3,528,567787132,1,19.076471,72.998024,18-09-2026 17:06:36,0,15:38,15:38,16:26,16:27,15:35,15:35,,1,0,0,2026-09-18T11:36:42.430408+00:00,operator_reported_vehicle_indication,baf41881e2250c09ba50c322c7984193213d5756765f26b8d08e152aed53b90a
nmmt_route_live_8346_20260918,8346,8346,down,3075,4,528,567787132,1,19.076471,72.998024,18-09-2026 17:06:36,0,15:39,15:39,16:27,16:28,15:35,15:35,,1,0,0,2026-09-18T11:36:42.430408+00:00,operator_reported_vehicle_indication,baf41881e2250c09ba50c322c7984193213d5756765f26b8d08e152aed53b90a
nmmt_route_live_8346_20260918,8346,8346,down,2764,5,528,567787132,1,19.076471,72.998024,18-09-2026 17:06:36,0,15:40,15:40,16:37,16:28,15:35,15:35,,1,0,0,2026-09-18T11:36:42.430408+00:00,operator_reported_vehicle_indication,baf41881e2250c09ba50c322c7984193213d5756765f26b8d08e152aed53b90a
nmmt_route_live_8346_20260918,8346,8346,down,2765,6,528,567787132,1,19.076471,72.998024,18-09-2026 17:06:36,0,15:41,15:41,16:35,16:29,15:35,15:35,,1,0,0,2026-09-18T11:36:42.430408+00:00,operator_reported_vehicle_indication,baf41881e2250c09ba50c322c7984193213d5756765f26b8d08e152aed53b90a
nmmt_route_live_8346_20260918,8346,8346,down,2766,7,528,567787132,1,19.076471,72.998024,18-09-2026 17:06:36,0,15:44,15:44,16:37,16:37,15:35,15:35,,1,0,0,2026-09-18T11:36:42.430408+00:00,operator_reported_vehicle_indication,baf41881e2250c09ba50c322c7984193213d5756765f26b8d08e152aed53b90a
nmmt_route_live_8346_20260918,8346,8346,down,2767,8,528,567787132,1,19.076471,72.998024,18-09-2026 17:06:36,0,15:45,15:45,16:39,16:40,15:35,15:35,,1,0,0,2026-09-18T11:36:42.430408+00:00,operator_reported_vehicle_indication,baf41881e2250c09ba50c322c7984193213d5756765f26b8d08e152aed53b90a
nmmt_route_live_8346_20260918,8346,8346,down,2763,9,528,567787132,1,19.076471,72.998024,18-09-2026 17:06:36,0,15:47,15:47,16:41,16:41,15:35,15:35,,1,0,0,2026-09-18T11:36:42.430408+00:00,operator_reported_vehicle_indication,baf41881e2250c09ba50c322c7984193213d5756765f26b8d08e152aed53b90a
nmmt_route_live_8346_20260918,8346,8346,down,2762,10,528,567787132,1,19.076471,72.998024,18-09-2026 17:06:36,0,15:48,15:48,16:41,16:41,15:35,15:35,,1,0,0,2026-09-18T11:36:42.430408+00:00,operator_reported_vehicle_indication,baf41881e2250c09ba50c322c7984193213d5756765f26b8d08e152aed53b90a
nmmt_route_live_8346_20260918,8346,8346,down,2683,11,528,567787132,1,19.076471,72.998024,18-09-2026 17:06:36,0,15:50,15:50,16:43,16:43,15:35,15:35,,1,0,0,2026-09-18T11:36:42.430408+00:00,operator_reported_vehicle_indication,baf41881e2250c09ba50c322c7984193213d5756765f26b8d08e152aed53b90a
nmmt_route_live_8346_20260918,8346,8346,down,3215,12,528,567787132,1,19.076471,72.998024,18-09-2026 17:06:36,0,15:51,15:51,16:44,16:44,15:35,15:35,,1,0,0,2026-09-18T11:36:42.430408+00:00,operator_reported_vehicle_indication,baf41881e2250c09ba50c322c7984193213d5756765f26b8d08e152aed53b90a
nmmt_route_live_8346_20260918,8346,8346,down,3216,13,528,567787132,1,19.076471,72.998024,18-09-2026 17:06:36,0,15:52,15:52,16:45,16:45,15:35,15:35,,1,0,0,2026-09-18T11:36:42.430408+00:00,operator_reported_vehicle_indication,baf41881e2250c09ba50c322c7984193213d5756765f26b8d08e152aed53b90a
nmmt_route_live_8346_20260918,8346,8346,down,4227,14,528,567787132,1,19.076471,72.998024,18-09-2026 17:06:36,0,15:54,15:54,16:46,16:47,15:35,15:35,,1,0,0,2026-09-18T11:36:42.430408+00:00,operator_reported_vehicle_indication,baf41881e2250c09ba50c322c7984193213d5756765f26b8d08e152aed53b90a
nmmt_route_live_8346_20260918,8346,8346,down,3196,15,528,567787132,1,19.076471,72.998024,18-09-2026 17:06:36,0,15:55,15:55,16:49,16:50,15:35,15:35,,1,0,0,2026-09-18T11:36:42.430408+00:00,operator_reported_vehicle_indication,baf41881e2250c09ba50c322c7984193213d5756765f26b8d08e152aed53b90a
nmmt_route_live_8346_20260918,8346,8346,down,2677,16,528,567787132,1,19.076471,72.998024,18-09-2026 17:06:36,0,15:56,15:56,16:52,16:52,15:35,15:35,,1,0,0,2026-09-18T11:36:42.430408+00:00,operator_reported_vehicle_indication,baf41881e2250c09ba50c322c7984193213d5756765f26b8d08e152aed53b90a
nmmt_route_live_8346_20260918,8346,8346,down,2675,17,528,567787132,1,19.076471,72.998024,18-09-2026 17:06:36,0,15:58,15:58,16:53,16:54,15:35,15:35,,1,0,0,2026-09-18T11:36:42.430408+00:00,operator_reported_vehicle_indication,baf41881e2250c09ba50c322c7984193213d5756765f26b8d08e152aed53b90a
nmmt_route_live_8346_20260918,8346,8346,down,2674,18,528,567787132,1,19.076471,72.998024,18-09-2026 17:06:36,0,15:59,15:59,16:54,16:55,15:35,15:35,,1,0,0,2026-09-18T11:36:42.430408+00:00,operator_reported_vehicle_indication,baf41881e2250c09ba50c322c7984193213d5756765f26b8d08e152aed53b90a
nmmt_route_live_8346_20260918,8346,8346,down,2672,19,528,567787132,1,19.076471,72.998024,18-09-2026 17:06:36,0,16:00,16:00,16:55,16:55,15:35,15:35,,1,0,0,2026-09-18T11:36:42.430408+00:00,operator_reported_vehicle_indication,baf41881e2250c09ba50c322c7984193213d5756765f26b8d08e152aed53b90a
nmmt_route_live_8346_20260918,8346,8346,down,2671,20,528,567787132,1,19.076471,72.998024,18-09-2026 17:06:36,0,16:02,16:02,16:56,16:56,15:35,15:35,,1,0,0,2026-09-18T11:36:42.430408+00:00,operator_reported_vehicle_indication,baf41881e2250c09ba50c322c7984193213d5756765f26b8d08e152aed53b90a
nmmt_route_live_8346_20260918,8346,8346,down,2670,21,528,567787132,1,19.076471,72.998024,18-09-2026 17:06:36,0,16:03,16:03,16:57,16:57,15:35,15:35,,1,0,0,2026-09-18T11:36:42.430408+00:00,operator_reported_vehicle_indication,baf41881e2250c09ba50c322c7984193213d5756765f26b8d08e152aed53b90a
nmmt_route_live_8346_20260918,8346,8346,down,2669,22,528,567787132,1,19.076471,72.998024,18-09-2026 17:06:36,0,16:05,16:05,17:01,17:02,15:35,15:35,,1,0,0,2026-09-18T11:36:42.430408+00:00,operator_reported_vehicle_indication,baf41881e2250c09ba50c322c7984193213d5756765f26b8d08e152aed53b90a
nmmt_route_live_8346_20260918,8346,8346,down,2667,23,528,567787132,1,19.076471,72.998024,18-09-2026 17:06:36,0,16:06,16:06,17:04,17:05,15:35,15:35,,1,0,0,2026-09-18T11:36:42.430408+00:00,operator_reported_vehicle_indication,baf41881e2250c09ba50c322c7984193213d5756765f26b8d08e152aed53b90a
nmmt_route_live_8346_20260918,8346,8346,down,2665,24,528,567787132,1,19.076471,72.998024,18-09-2026 17:06:36,0,16:07,16:07,17:06,17:06,15:35,15:35,17:06,1,0,0,2026-09-18T11:36:42.430408+00:00,operator_reported_vehicle_indication,baf41881e2250c09ba50c322c7984193213d5756765f26b8d08e152aed53b90a
nmmt_route_live_8346_20260918,8346,8346,down,2540,25,528,567787132,1,19.076471,72.998024,18-09-2026 17:06:36,0,16:10,16:10,,,15:35,15:35,17:07,0,0,0,2026-09-18T11:36:42.430408+00:00,operator_reported_vehicle_indication,baf41881e2250c09ba50c322c7984193213d5756765f26b8d08e152aed53b90a
nmmt_route_live_8346_20260918,8346,8346,down,3930,26,528,567787132,1,19.076471,72.998024,18-09-2026 17:06:36,0,16:11,16:11,,,15:35,15:35,17:08,0,0,0,2026-09-18T11:36:42.430408+00:00,operator_reported_vehicle_indication,baf41881e2250c09ba50c322c7984193213d5756765f26b8d08e152aed53b90a
nmmt_route_live_8346_20260918,8346,8346,down,3917,27,528,567787132,1,19.076471,72.998024,18-09-2026 17:06:36,0,16:13,16:13,,,15:35,15:35,17:09,0,0,0,2026-09-18T11:36:42.430408+00:00,operator_reported_vehicle_indication,baf41881e2250c09ba50c322c7984193213d5756765f26b8d08e152aed53b90a
nmmt_route_live_8346_20260918,8346,8346,down,2536,28,528,567787132,1,19.076471,72.998024,18-09-2026 17:06:36,0,16:14,16:14,,,15:35,15:35,17:11,0,0,0,2026-09-18T11:36:42.430408+00:00,operator_reported_vehicle_indication,baf41881e2250c09ba50c322c7984193213d5756765f26b8d08e152aed53b90a
nmmt_route_live_8346_20260918,8346,8346,down,3911,29,528,567787132,1,19.076471,72.998024,18-09-2026 17:06:36,0,16:16,16:16,,,15:35,15:35,17:12,0,0,0,2026-09-18T11:36:42.430408+00:00,operator_reported_vehicle_indication,baf41881e2250c09ba50c322c7984193213d5756765f26b8d08e152aed53b90a
nmmt_route_live_8346_20260918,8346,8346,down,2531,30,528,567787132,1,19.076471,72.998024,18-09-2026 17:06:36,0,16:17,16:17,,,15:35,15:35,17:13,0,0,0,2026-09-18T11:36:42.430408+00:00,operator_reported_vehicle_indication,baf41881e2250c09ba50c322c7984193213d5756765f26b8d08e152aed53b90a
nmmt_route_live_8346_20260918,8346,8346,down,4943,31,528,567787132,1,19.076471,72.998024,18-09-2026 17:06:36,0,16:18,16:18,,,15:35,15:35,17:14,0,0,0,2026-09-18T11:36:42.430408+00:00,operator_reported_vehicle_indication,baf41881e2250c09ba50c322c7984193213d5756765f26b8d08e152aed53b90a
nmmt_route_live_8346_20260918,8346,8346,down,3927,32,528,567787132,1,19.076471,72.998024,18-09-2026 17:06:36,0,16:20,16:20,,,15:35,15:35,17:17,0,0,0,2026-09-18T11:36:42.430408+00:00,operator_reported_vehicle_indication,baf41881e2250c09ba50c322c7984193213d5756765f26b8d08e152aed53b90a
nmmt_route_live_8346_20260918,8346,8346,down,2726,33,528,567787132,1,19.076471,72.998024,18-09-2026 17:06:36,0,16:21,16:21,,,15:35,15:35,17:19,0,0,0,2026-09-18T11:36:42.430408+00:00,operator_reported_vehicle_indication,baf41881e2250c09ba50c322c7984193213d5756765f26b8d08e152aed53b90a
nmmt_route_live_8346_20260918,8346,8346,down,3915,34,528,567787132,1,19.076471,72.998024,18-09-2026 17:06:36,0,16:22,16:22,,,15:35,15:35,17:22,0,0,0,2026-09-18T11:36:42.430408+00:00,operator_reported_vehicle_indication,baf41881e2250c09ba50c322c7984193213d5756765f26b8d08e152aed53b90a
nmmt_route_live_8346_20260918,8346,8346,down,2524,35,528,567787132,1,19.076471,72.998024,18-09-2026 17:06:36,0,16:24,16:24,,,15:35,15:35,17:24,0,0,0,2026-09-18T11:36:42.430408+00:00,operator_reported_vehicle_indication,baf41881e2250c09ba50c322c7984193213d5756765f26b8d08e152aed53b90a
nmmt_route_live_8346_20260918,8346,8346,down,3218,36,528,567787132,1,19.076471,72.998024,18-09-2026 17:06:36,0,16:25,16:25,,,15:35,15:35,17:25,0,0,0,2026-09-18T11:36:42.430408+00:00,operator_reported_vehicle_indication,baf41881e2250c09ba50c322c7984193213d5756765f26b8d08e152aed53b90a
nmmt_route_live_8346_20260918,8346,8346,down,2881,37,528,567787132,1,19.076471,72.998024,18-09-2026 17:06:36,0,16:26,16:26,,,15:35,15:35,17:26,0,0,0,2026-09-18T11:36:42.430408+00:00,operator_reported_vehicle_indication,baf41881e2250c09ba50c322c7984193213d5756765f26b8d08e152aed53b90a
nmmt_route_live_8346_20260918,8346,8346,down,4203,38,528,567787132,1,19.076471,72.998024,18-09-2026 17:06:36,0,16:28,16:28,,,15:35,15:35,17:29,0,0,0,2026-09-18T11:36:42.430408+00:00,operator_reported_vehicle_indication,baf41881e2250c09ba50c322c7984193213d5756765f26b8d08e152aed53b90a
nmmt_route_live_8346_20260918,8346,8346,down,3220,39,528,567787132,1,19.076471,72.998024,18-09-2026 17:06:36,0,16:29,16:29,,,15:35,15:35,17:31,0,0,0,2026-09-18T11:36:42.430408+00:00,operator_reported_vehicle_indication,baf41881e2250c09ba50c322c7984193213d5756765f26b8d08e152aed53b90a
nmmt_route_live_8346_20260918,8346,8346,down,4204,40,528,567787132,1,19.076471,72.998024,18-09-2026 17:06:36,0,16:31,16:31,,,15:35,15:35,17:32,0,0,0,2026-09-18T11:36:42.430408+00:00,operator_reported_vehicle_indication,baf41881e2250c09ba50c322c7984193213d5756765f26b8d08e152aed53b90a
nmmt_route_live_8346_20260918,8346,8346,down,4205,41,528,567787132,1,19.076471,72.998024,18-09-2026 17:06:36,0,16:32,16:32,,,15:35,15:35,17:32,0,0,0,2026-09-18T11:36:42.430408+00:00,operator_reported_vehicle_indication,baf41881e2250c09ba50c322c7984193213d5756765f26b8d08e152aed53b90a
nmmt_route_live_8346_20260918,8346,8346,down,4152,42,528,567787132,1,19.076471,72.998024,18-09-2026 17:06:36,0,16:33,16:33,,,15:35,15:35,17:33,0,0,0,2026-09-18T11:36:42.430408+00:00,operator_reported_vehicle_indication,baf41881e2250c09ba50c322c7984193213d5756765f26b8d08e152aed53b90a
nmmt_route_live_8346_20260918,8346,8346,down,3916,43,528,567787132,1,19.076471,72.998024,18-09-2026 17:06:36,0,16:35,16:35,,,15:35,15:35,17:35,0,0,0,2026-09-18T11:36:42.430408+00:00,operator_reported_vehicle_indication,baf41881e2250c09ba50c322c7984193213d5756765f26b8d08e152aed53b90a
nmmt_route_live_8346_20260918,8346,8346,down,3945,44,528,567787132,1,19.076471,72.998024,18-09-2026 17:06:36,0,16:36,16:36,,,15:35,15:35,17:36,0,0,0,2026-09-18T11:36:42.430408+00:00,operator_reported_vehicle_indication,baf41881e2250c09ba50c322c7984193213d5756765f26b8d08e152aed53b90a
nmmt_route_live_8346_20260918,8346,8346,down,4153,45,528,567787132,1,19.076471,72.998024,18-09-2026 17:06:36,0,16:37,16:37,,,15:35,15:35,17:37,0,0,0,2026-09-18T11:36:42.430408+00:00,operator_reported_vehicle_indication,baf41881e2250c09ba50c322c7984193213d5756765f26b8d08e152aed53b90a
nmmt_route_live_8346_20260918,8346,8346,down,4155,46,528,567787132,1,19.076471,72.998024,18-09-2026 17:06:36,0,16:39,16:39,,,15:35,15:35,17:38,0,0,0,2026-09-18T11:36:42.430408+00:00,operator_reported_vehicle_indication,baf41881e2250c09ba50c322c7984193213d5756765f26b8d08e152aed53b90a
nmmt_route_live_8346_20260918,8346,8346,down,4157,47,528,567787132,1,19.076471,72.998024,18-09-2026 17:06:36,0,16:40,16:40,,,15:35,15:35,17:39,0,0,0,2026-09-18T11:36:42.430408+00:00,operator_reported_vehicle_indication,baf41881e2250c09ba50c322c7984193213d5756765f26b8d08e152aed53b90a
nmmt_route_live_8346_20260918,8346,8346,down,4159,48,528,567787132,1,19.076471,72.998024,18-09-2026 17:06:36,0,16:41,16:41,,,15:35,15:35,17:40,0,0,0,2026-09-18T11:36:42.430408+00:00,operator_reported_vehicle_indication,baf41881e2250c09ba50c322c7984193213d5756765f26b8d08e152aed53b90a
nmmt_route_live_8346_20260918,8346,8346,down,3227,49,528,567787132,1,19.076471,72.998024,18-09-2026 17:06:36,0,16:43,16:43,,,15:35,15:35,17:41,0,0,0,2026-09-18T11:36:42.430408+00:00,operator_reported_vehicle_indication,baf41881e2250c09ba50c322c7984193213d5756765f26b8d08e152aed53b90a
nmmt_route_live_8346_20260918,8346,8346,down,3710,50,528,567787132,1,19.076471,72.998024,18-09-2026 17:06:36,0,16:44,16:44,,,15:35,15:35,17:42,0,0,0,2026-09-18T11:36:42.430408+00:00,operator_reported_vehicle_indication,baf41881e2250c09ba50c322c7984193213d5756765f26b8d08e152aed53b90a
nmmt_route_live_8346_20260918,8346,8346,down,3229,51,528,567787132,1,19.076471,72.998024,18-09-2026 17:06:36,0,16:46,16:46,,,15:35,15:35,17:43,0,0,0,2026-09-18T11:36:42.430408+00:00,operator_reported_vehicle_indication,baf41881e2250c09ba50c322c7984193213d5756765f26b8d08e152aed53b90a
nmmt_route_live_8346_20260918,8346,8346,down,2891,52,528,567787132,1,19.076471,72.998024,18-09-2026 17:06:36,0,16:47,16:47,,,15:35,15:35,17:44,0,0,0,2026-09-18T11:36:42.430408+00:00,operator_reported_vehicle_indication,baf41881e2250c09ba50c322c7984193213d5756765f26b8d08e152aed53b90a
nmmt_route_live_8346_20260918,8346,8346,down,3231,53,528,567787132,1,19.076471,72.998024,18-09-2026 17:06:36,0,16:48,16:48,,,15:35,15:35,17:45,0,0,0,2026-09-18T11:36:42.430408+00:00,operator_reported_vehicle_indication,baf41881e2250c09ba50c322c7984193213d5756765f26b8d08e152aed53b90a
nmmt_route_live_8346_20260918,8346,8346,down,3696,54,528,567787132,1,19.076471,72.998024,18-09-2026 17:06:36,0,16:50,16:50,,,15:35,15:35,17:46,0,0,0,2026-09-18T11:36:42.430408+00:00,operator_reported_vehicle_indication,baf41881e2250c09ba50c322c7984193213d5756765f26b8d08e152aed53b90a
nmmt_route_live_8346_20260918,8346,8346,down,3650,55,528,567787132,1,19.076471,72.998024,18-09-2026 17:06:36,0,16:51,16:51,,,15:35,15:35,17:47,0,0,0,2026-09-18T11:36:42.430408+00:00,operator_reported_vehicle_indication,baf41881e2250c09ba50c322c7984193213d5756765f26b8d08e152aed53b90a
nmmt_route_live_8346_20260918,8346,8346,down,2893,56,528,567787132,1,19.076471,72.998024,18-09-2026 17:06:36,0,16:52,16:52,,,15:35,15:35,17:48,0,0,0,2026-09-18T11:36:42.430408+00:00,operator_reported_vehicle_indication,baf41881e2250c09ba50c322c7984193213d5756765f26b8d08e152aed53b90a
nmmt_route_live_8346_20260918,8346,8346,down,2832,57,528,567787132,1,19.076471,72.998024,18-09-2026 17:06:36,0,16:54,16:54,,,15:35,15:35,17:49,0,0,0,2026-09-18T11:36:42.430408+00:00,operator_reported_vehicle_indication,baf41881e2250c09ba50c322c7984193213d5756765f26b8d08e152aed53b90a
nmmt_route_live_8346_20260918,8346,8346,down,2833,58,528,567787132,1,19.076471,72.998024,18-09-2026 17:06:36,0,16:55,16:55,,,15:35,15:35,17:49,0,0,0,2026-09-18T11:36:42.430408+00:00,operator_reported_vehicle_indication,baf41881e2250c09ba50c322c7984193213d5756765f26b8d08e152aed53b90a
nmmt_route_live_8346_20260918,8346,8346,down,2895,59,528,567787132,1,19.076471,72.998024,18-09-2026 17:06:36,0,16:57,16:57,,,15:35,15:35,17:51,0,0,0,2026-09-18T11:36:42.430408+00:00,operator_reported_vehicle_indication,baf41881e2250c09ba50c322c7984193213d5756765f26b8d08e152aed53b90a
nmmt_route_live_8347_20260918,8347,8347,up,2895,1,529,567787121,1,19.115294,73.00573,18-09-2026 17:06:33,0,15:12,15:12,15:57,15:57,15:12,15:12,,1,0,0,2026-09-18T11:36:43.017593+00:00,operator_reported_vehicle_indication,0fd7a24556d6322ab8c014b271aa21ff052e7b71f6e635dba237193d768a5af6
nmmt_route_live_8347_20260918,8347,8347,up,2833,2,529,567787121,1,19.115294,73.00573,18-09-2026 17:06:33,0,15:13,15:13,15:58,15:59,15:12,15:12,,1,0,0,2026-09-18T11:36:43.017593+00:00,operator_reported_vehicle_indication,0fd7a24556d6322ab8c014b271aa21ff052e7b71f6e635dba237193d768a5af6
nmmt_route_live_8347_20260918,8347,8347,up,2832,3,529,567787121,1,19.115294,73.00573,18-09-2026 17:06:33,0,15:14,15:14,15:59,15:59,15:12,15:12,,1,0,0,2026-09-18T11:36:43.017593+00:00,operator_reported_vehicle_indication,0fd7a24556d6322ab8c014b271aa21ff052e7b71f6e635dba237193d768a5af6
nmmt_route_live_8347_20260918,8347,8347,up,2893,4,529,567787121,1,19.115294,73.00573,18-09-2026 17:06:33,0,15:16,15:16,16:00,16:00,15:12,15:12,,1,0,0,2026-09-18T11:36:43.017593+00:00,operator_reported_vehicle_indication,0fd7a24556d6322ab8c014b271aa21ff052e7b71f6e635dba237193d768a5af6
nmmt_route_live_8347_20260918,8347,8347,up,3650,5,529,567787121,1,19.115294,73.00573,18-09-2026 17:06:33,0,15:17,15:17,16:01,16:02,15:12,15:12,,1,0,0,2026-09-18T11:36:43.017593+00:00,operator_reported_vehicle_indication,0fd7a24556d6322ab8c014b271aa21ff052e7b71f6e635dba237193d768a5af6
nmmt_route_live_8347_20260918,8347,8347,up,3696,6,529,567787121,1,19.115294,73.00573,18-09-2026 17:06:33,0,15:19,15:19,16:02,16:02,15:12,15:12,,1,0,0,2026-09-18T11:36:43.017593+00:00,operator_reported_vehicle_indication,0fd7a24556d6322ab8c014b271aa21ff052e7b71f6e635dba237193d768a5af6
nmmt_route_live_8347_20260918,8347,8347,up,3231,7,529,567787121,1,19.115294,73.00573,18-09-2026 17:06:33,0,15:20,15:20,16:03,16:03,15:12,15:12,,1,0,0,2026-09-18T11:36:43.017593+00:00,operator_reported_vehicle_indication,0fd7a24556d6322ab8c014b271aa21ff052e7b71f6e635dba237193d768a5af6
nmmt_route_live_8347_20260918,8347,8347,up,4164,8,529,567787121,1,19.115294,73.00573,18-09-2026 17:06:33,0,15:21,15:21,16:03,16:04,15:12,15:12,,1,0,0,2026-09-18T11:36:43.017593+00:00,operator_reported_vehicle_indication,0fd7a24556d6322ab8c014b271aa21ff052e7b71f6e635dba237193d768a5af6
nmmt_route_live_8347_20260918,8347,8347,up,3229,9,529,567787121,1,19.115294,73.00573,18-09-2026 17:06:33,0,15:23,15:23,16:06,16:06,15:12,15:12,,1,0,0,2026-09-18T11:36:43.017593+00:00,operator_reported_vehicle_indication,0fd7a24556d6322ab8c014b271aa21ff052e7b71f6e635dba237193d768a5af6
nmmt_route_live_8347_20260918,8347,8347,up,3710,10,529,567787121,1,19.115294,73.00573,18-09-2026 17:06:33,0,15:24,15:24,16:06,16:07,15:12,15:12,,1,0,0,2026-09-18T11:36:43.017593+00:00,operator_reported_vehicle_indication,0fd7a24556d6322ab8c014b271aa21ff052e7b71f6e635dba237193d768a5af6
nmmt_route_live_8347_20260918,8347,8347,up,4162,11,529,567787121,1,19.115294,73.00573,18-09-2026 17:06:33,0,15:26,15:26,16:08,16:08,15:12,15:12,,1,0,0,2026-09-18T11:36:43.017593+00:00,operator_reported_vehicle_indication,0fd7a24556d6322ab8c014b271aa21ff052e7b71f6e635dba237193d768a5af6
nmmt_route_live_8347_20260918,8347,8347,up,2831,12,529,567787121,1,19.115294,73.00573,18-09-2026 17:06:33,0,15:27,15:27,16:09,16:09,15:12,15:12,,1,0,0,2026-09-18T11:36:43.017593+00:00,operator_reported_vehicle_indication,0fd7a24556d6322ab8c014b271aa21ff052e7b71f6e635dba237193d768a5af6
nmmt_route_live_8347_20260918,8347,8347,up,2830,13,529,567787121,1,19.115294,73.00573,18-09-2026 17:06:33,0,15:28,15:28,16:11,16:11,15:12,15:12,,1,0,0,2026-09-18T11:36:43.017593+00:00,operator_reported_vehicle_indication,0fd7a24556d6322ab8c014b271aa21ff052e7b71f6e635dba237193d768a5af6
nmmt_route_live_8347_20260918,8347,8347,up,2829,14,529,567787121,1,19.115294,73.00573,18-09-2026 17:06:33,0,15:30,15:30,16:11,16:11,15:12,15:12,,1,0,0,2026-09-18T11:36:43.017593+00:00,operator_reported_vehicle_indication,0fd7a24556d6322ab8c014b271aa21ff052e7b71f6e635dba237193d768a5af6
nmmt_route_live_8347_20260918,8347,8347,up,3226,15,529,567787121,1,19.115294,73.00573,18-09-2026 17:06:33,0,15:31,15:31,16:12,16:13,15:12,15:12,,1,0,0,2026-09-18T11:36:43.017593+00:00,operator_reported_vehicle_indication,0fd7a24556d6322ab8c014b271aa21ff052e7b71f6e635dba237193d768a5af6
nmmt_route_live_8347_20260918,8347,8347,up,3225,16,529,567787121,1,19.115294,73.00573,18-09-2026 17:06:33,0,15:33,15:33,16:13,16:13,15:12,15:12,,1,0,0,2026-09-18T11:36:43.017593+00:00,operator_reported_vehicle_indication,0fd7a24556d6322ab8c014b271aa21ff052e7b71f6e635dba237193d768a5af6
nmmt_route_live_8347_20260918,8347,8347,up,3224,17,529,567787121,1,19.115294,73.00573,18-09-2026 17:06:33,0,15:34,15:34,16:15,16:15,15:12,15:12,,1,0,0,2026-09-18T11:36:43.017593+00:00,operator_reported_vehicle_indication,0fd7a24556d6322ab8c014b271aa21ff052e7b71f6e635dba237193d768a5af6
nmmt_route_live_8347_20260918,8347,8347,up,3223,18,529,567787121,1,19.115294,73.00573,18-09-2026 17:06:33,0,15:36,15:36,16:16,16:17,15:12,15:12,,1,0,0,2026-09-18T11:36:43.017593+00:00,operator_reported_vehicle_indication,0fd7a24556d6322ab8c014b271aa21ff052e7b71f6e635dba237193d768a5af6
nmmt_route_live_8347_20260918,8347,8347,up,3222,19,529,567787121,1,19.115294,73.00573,18-09-2026 17:06:33,0,15:37,15:37,16:18,16:18,15:12,15:12,,1,0,0,2026-09-18T11:36:43.017593+00:00,operator_reported_vehicle_indication,0fd7a24556d6322ab8c014b271aa21ff052e7b71f6e635dba237193d768a5af6
nmmt_route_live_8347_20260918,8347,8347,up,3730,20,529,567787121,1,19.115294,73.00573,18-09-2026 17:06:33,0,15:38,15:38,16:19,16:19,15:12,15:12,,1,0,0,2026-09-18T11:36:43.017593+00:00,operator_reported_vehicle_indication,0fd7a24556d6322ab8c014b271aa21ff052e7b71f6e635dba237193d768a5af6
nmmt_route_live_8347_20260918,8347,8347,up,3220,21,529,567787121,1,19.115294,73.00573,18-09-2026 17:06:33,0,15:40,15:40,16:20,16:21,15:12,15:12,,1,0,0,2026-09-18T11:36:43.017593+00:00,operator_reported_vehicle_indication,0fd7a24556d6322ab8c014b271aa21ff052e7b71f6e635dba237193d768a5af6
nmmt_route_live_8347_20260918,8347,8347,up,3219,22,529,567787121,1,19.115294,73.00573,18-09-2026 17:06:33,0,15:41,15:41,16:22,16:22,15:12,15:12,,1,0,0,2026-09-18T11:36:43.017593+00:00,operator_reported_vehicle_indication,0fd7a24556d6322ab8c014b271aa21ff052e7b71f6e635dba237193d768a5af6
nmmt_route_live_8347_20260918,8347,8347,up,4123,23,529,567787121,1,19.115294,73.00573,18-09-2026 17:06:33,0,15:43,15:43,16:25,16:25,15:12,15:12,,1,0,0,2026-09-18T11:36:43.017593+00:00,operator_reported_vehicle_indication,0fd7a24556d6322ab8c014b271aa21ff052e7b71f6e635dba237193d768a5af6
nmmt_route_live_8347_20260918,8347,8347,up,4128,24,529,567787121,1,19.115294,73.00573,18-09-2026 17:06:33,0,15:44,15:44,16:26,16:27,15:12,15:12,,1,0,0,2026-09-18T11:36:43.017593+00:00,operator_reported_vehicle_indication,0fd7a24556d6322ab8c014b271aa21ff052e7b71f6e635dba237193d768a5af6
nmmt_route_live_8347_20260918,8347,8347,up,4126,25,529,567787121,1,19.115294,73.00573,18-09-2026 17:06:33,0,15:45,15:45,16:27,16:28,15:12,15:12,,1,0,0,2026-09-18T11:36:43.017593+00:00,operator_reported_vehicle_indication,0fd7a24556d6322ab8c014b271aa21ff052e7b71f6e635dba237193d768a5af6
nmmt_route_live_8347_20260918,8347,8347,up,3727,26,529,567787121,1,19.115294,73.00573,18-09-2026 17:06:33,0,15:47,15:47,16:29,16:29,15:12,15:12,,1,0,0,2026-09-18T11:36:43.017593+00:00,operator_reported_vehicle_indication,0fd7a24556d6322ab8c014b271aa21ff052e7b71f6e635dba237193d768a5af6
nmmt_route_live_8347_20260918,8347,8347,up,4125,27,529,567787121,1,19.115294,73.00573,18-09-2026 17:06:33,0,15:48,15:48,16:30,16:30,15:12,15:12,,1,0,0,2026-09-18T11:36:43.017593+00:00,operator_reported_vehicle_indication,0fd7a24556d6322ab8c014b271aa21ff052e7b71f6e635dba237193d768a5af6
nmmt_route_live_8347_20260918,8347,8347,up,3926,28,529,567787121,1,19.115294,73.00573,18-09-2026 17:06:33,0,15:50,15:50,16:31,16:31,15:12,15:12,,1,0,0,2026-09-18T11:36:43.017593+00:00,operator_reported_vehicle_indication,0fd7a24556d6322ab8c014b271aa21ff052e7b71f6e635dba237193d768a5af6
nmmt_route_live_8347_20260918,8347,8347,up,4208,29,529,567787121,1,19.115294,73.00573,18-09-2026 17:06:33,0,15:51,15:51,,,15:12,15:12,,1,0,0,2026-09-18T11:36:43.017593+00:00,operator_reported_vehicle_indication,0fd7a24556d6322ab8c014b271aa21ff052e7b71f6e635dba237193d768a5af6
nmmt_route_live_8347_20260918,8347,8347,up,2535,30,529,567787121,1,19.115294,73.00573,18-09-2026 17:06:33,0,15:53,15:53,16:38,16:39,15:12,15:12,,1,0,0,2026-09-18T11:36:43.017593+00:00,operator_reported_vehicle_indication,0fd7a24556d6322ab8c014b271aa21ff052e7b71f6e635dba237193d768a5af6
nmmt_route_live_8347_20260918,8347,8347,up,4141,31,529,567787121,1,19.115294,73.00573,18-09-2026 17:06:33,0,15:54,15:54,16:39,16:39,15:12,15:12,,1,0,0,2026-09-18T11:36:43.017593+00:00,operator_reported_vehicle_indication,0fd7a24556d6322ab8c014b271aa21ff052e7b71f6e635dba237193d768a5af6
nmmt_route_live_8347_20260918,8347,8347,up,2809,32,529,567787121,1,19.115294,73.00573,18-09-2026 17:06:33,0,15:55,15:55,,,15:12,15:12,,1,0,0,2026-09-18T11:36:43.017593+00:00,operator_reported_vehicle_indication,0fd7a24556d6322ab8c014b271aa21ff052e7b71f6e635dba237193d768a5af6
nmmt_route_live_8347_20260918,8347,8347,up,2540,33,529,567787121,1,19.115294,73.00573,18-09-2026 17:06:33,0,15:57,15:57,16:42,16:43,15:12,15:12,,1,0,0,2026-09-18T11:36:43.017593+00:00,operator_reported_vehicle_indication,0fd7a24556d6322ab8c014b271aa21ff052e7b71f6e635dba237193d768a5af6
nmmt_route_live_8347_20260918,8347,8347,up,4816,34,529,567787121,1,19.115294,73.00573,18-09-2026 17:06:33,0,15:58,15:58,16:45,16:46,15:12,15:12,,1,0,0,2026-09-18T11:36:43.017593+00:00,operator_reported_vehicle_indication,0fd7a24556d6322ab8c014b271aa21ff052e7b71f6e635dba237193d768a5af6
nmmt_route_live_8347_20260918,8347,8347,up,4139,35,529,567787121,1,19.115294,73.00573,18-09-2026 17:06:33,0,16:00,16:00,16:47,16:48,15:12,15:12,,1,0,0,2026-09-18T11:36:43.017593+00:00,operator_reported_vehicle_indication,0fd7a24556d6322ab8c014b271aa21ff052e7b71f6e635dba237193d768a5af6
nmmt_route_live_8347_20260918,8347,8347,up,4137,36,529,567787121,1,19.115294,73.00573,18-09-2026 17:06:33,0,16:01,16:01,16:48,16:49,15:12,15:12,,1,0,0,2026-09-18T11:36:43.017593+00:00,operator_reported_vehicle_indication,0fd7a24556d6322ab8c014b271aa21ff052e7b71f6e635dba237193d768a5af6
nmmt_route_live_8347_20260918,8347,8347,up,2668,37,529,567787121,1,19.115294,73.00573,18-09-2026 17:06:33,0,16:02,16:02,16:49,16:50,15:12,15:12,,1,0,0,2026-09-18T11:36:43.017593+00:00,operator_reported_vehicle_indication,0fd7a24556d6322ab8c014b271aa21ff052e7b71f6e635dba237193d768a5af6
nmmt_route_live_8347_20260918,8347,8347,up,4135,38,529,567787121,1,19.115294,73.00573,18-09-2026 17:06:33,0,16:04,16:04,16:50,16:51,15:12,15:12,,1,0,0,2026-09-18T11:36:43.017593+00:00,operator_reported_vehicle_indication,0fd7a24556d6322ab8c014b271aa21ff052e7b71f6e635dba237193d768a5af6
nmmt_route_live_8347_20260918,8347,8347,up,4133,39,529,567787121,1,19.115294,73.00573,18-09-2026 17:06:33,0,16:05,16:05,16:51,16:52,15:12,15:12,,1,0,0,2026-09-18T11:36:43.017593+00:00,operator_reported_vehicle_indication,0fd7a24556d6322ab8c014b271aa21ff052e7b71f6e635dba237193d768a5af6
nmmt_route_live_8347_20260918,8347,8347,up,4132,40,529,567787121,1,19.115294,73.00573,18-09-2026 17:06:33,0,16:07,16:07,16:52,16:53,15:12,15:12,,1,0,0,2026-09-18T11:36:43.017593+00:00,operator_reported_vehicle_indication,0fd7a24556d6322ab8c014b271aa21ff052e7b71f6e635dba237193d768a5af6
nmmt_route_live_8347_20260918,8347,8347,up,4131,41,529,567787121,1,19.115294,73.00573,18-09-2026 17:06:33,0,16:08,16:08,16:54,16:54,15:12,15:12,,1,0,0,2026-09-18T11:36:43.017593+00:00,operator_reported_vehicle_indication,0fd7a24556d6322ab8c014b271aa21ff052e7b71f6e635dba237193d768a5af6
nmmt_route_live_8347_20260918,8347,8347,up,4130,42,529,567787121,1,19.115294,73.00573,18-09-2026 17:06:33,0,16:09,16:09,16:55,16:55,15:12,15:12,,1,0,0,2026-09-18T11:36:43.017593+00:00,operator_reported_vehicle_indication,0fd7a24556d6322ab8c014b271aa21ff052e7b71f6e635dba237193d768a5af6
nmmt_route_live_8347_20260918,8347,8347,up,4129,43,529,567787121,1,19.115294,73.00573,18-09-2026 17:06:33,0,16:11,16:11,16:55,16:56,15:12,15:12,,1,0,0,2026-09-18T11:36:43.017593+00:00,operator_reported_vehicle_indication,0fd7a24556d6322ab8c014b271aa21ff052e7b71f6e635dba237193d768a5af6
nmmt_route_live_8347_20260918,8347,8347,up,4127,44,529,567787121,1,19.115294,73.00573,18-09-2026 17:06:33,0,16:12,16:12,16:57,16:58,15:12,15:12,,1,0,0,2026-09-18T11:36:43.017593+00:00,operator_reported_vehicle_indication,0fd7a24556d6322ab8c014b271aa21ff052e7b71f6e635dba237193d768a5af6
nmmt_route_live_8347_20260918,8347,8347,up,4228,45,529,567787121,1,19.115294,73.00573,18-09-2026 17:06:33,0,16:14,16:14,16:59,17:00,15:12,15:12,,1,0,0,2026-09-18T11:36:43.017593+00:00,operator_reported_vehicle_indication,0fd7a24556d6322ab8c014b271aa21ff052e7b71f6e635dba237193d768a5af6
nmmt_route_live_8347_20260918,8347,8347,up,4217,46,529,567787121,1,19.115294,73.00573,18-09-2026 17:06:33,0,16:15,16:15,17:00,17:00,15:12,15:12,,1,0,0,2026-09-18T11:36:43.017593+00:00,operator_reported_vehicle_indication,0fd7a24556d6322ab8c014b271aa21ff052e7b71f6e635dba237193d768a5af6
nmmt_route_live_8347_20260918,8347,8347,up,4215,47,529,567787121,1,19.115294,73.00573,18-09-2026 17:06:33,0,16:17,16:17,17:01,17:02,15:12,15:12,,1,0,0,2026-09-18T11:36:43.017593+00:00,operator_reported_vehicle_indication,0fd7a24556d6322ab8c014b271aa21ff052e7b71f6e635dba237193d768a5af6
nmmt_route_live_8347_20260918,8347,8347,up,4216,48,529,567787121,1,19.115294,73.00573,18-09-2026 17:06:33,0,16:18,16:18,,,15:12,15:12,,1,0,0,2026-09-18T11:36:43.017593+00:00,operator_reported_vehicle_indication,0fd7a24556d6322ab8c014b271aa21ff052e7b71f6e635dba237193d768a5af6
nmmt_route_live_8347_20260918,8347,8347,up,4233,49,529,567787121,1,19.115294,73.00573,18-09-2026 17:06:33,0,16:19,16:19,17:06,17:06,15:12,15:12,,1,0,0,2026-09-18T11:36:43.017593+00:00,operator_reported_vehicle_indication,0fd7a24556d6322ab8c014b271aa21ff052e7b71f6e635dba237193d768a5af6
nmmt_route_live_8347_20260918,8347,8347,up,3914,50,529,567787121,1,19.115294,73.00573,18-09-2026 17:06:33,0,16:21,16:21,,,15:12,15:12,17:07,0,0,0,2026-09-18T11:36:43.017593+00:00,operator_reported_vehicle_indication,0fd7a24556d6322ab8c014b271aa21ff052e7b71f6e635dba237193d768a5af6
nmmt_route_live_8347_20260918,8347,8347,up,2767,51,529,567787121,1,19.115294,73.00573,18-09-2026 17:06:33,0,16:22,16:22,,,15:12,15:12,17:08,0,0,0,2026-09-18T11:36:43.017593+00:00,operator_reported_vehicle_indication,0fd7a24556d6322ab8c014b271aa21ff052e7b71f6e635dba237193d768a5af6
nmmt_route_live_8347_20260918,8347,8347,up,2766,52,529,567787121,1,19.115294,73.00573,18-09-2026 17:06:33,0,16:24,16:24,,,15:12,15:12,17:10,0,0,0,2026-09-18T11:36:43.017593+00:00,operator_reported_vehicle_indication,0fd7a24556d6322ab8c014b271aa21ff052e7b71f6e635dba237193d768a5af6
nmmt_route_live_8347_20260918,8347,8347,up,2764,53,529,567787121,1,19.115294,73.00573,18-09-2026 17:06:33,0,16:25,16:25,,,15:12,15:12,17:10,0,0,0,2026-09-18T11:36:43.017593+00:00,operator_reported_vehicle_indication,0fd7a24556d6322ab8c014b271aa21ff052e7b71f6e635dba237193d768a5af6
nmmt_route_live_8347_20260918,8347,8347,up,2765,54,529,567787121,1,19.115294,73.00573,18-09-2026 17:06:33,0,16:26,16:26,,,15:12,15:12,17:11,0,0,0,2026-09-18T11:36:43.017593+00:00,operator_reported_vehicle_indication,0fd7a24556d6322ab8c014b271aa21ff052e7b71f6e635dba237193d768a5af6
nmmt_route_live_8347_20260918,8347,8347,up,3075,55,529,567787121,1,19.115294,73.00573,18-09-2026 17:06:33,0,16:28,16:28,,,15:12,15:12,17:14,0,0,0,2026-09-18T11:36:43.017593+00:00,operator_reported_vehicle_indication,0fd7a24556d6322ab8c014b271aa21ff052e7b71f6e635dba237193d768a5af6
nmmt_route_live_8347_20260918,8347,8347,up,3079,56,529,567787121,1,19.115294,73.00573,18-09-2026 17:06:33,0,16:29,16:29,,,15:12,15:12,17:15,0,0,0,2026-09-18T11:36:43.017593+00:00,operator_reported_vehicle_indication,0fd7a24556d6322ab8c014b271aa21ff052e7b71f6e635dba237193d768a5af6
nmmt_route_live_8347_20260918,8347,8347,up,3080,57,529,567787121,1,19.115294,73.00573,18-09-2026 17:06:33,0,16:32,16:32,,,15:12,15:12,17:17,0,0,0,2026-09-18T11:36:43.017593+00:00,operator_reported_vehicle_indication,0fd7a24556d6322ab8c014b271aa21ff052e7b71f6e635dba237193d768a5af6
nmmt_route_live_8347_20260918,8347,8347,up,2908,58,529,567787121,1,19.115294,73.00573,18-09-2026 17:06:33,0,16:34,16:34,,,15:12,15:12,17:18,0,0,0,2026-09-18T11:36:43.017593+00:00,operator_reported_vehicle_indication,0fd7a24556d6322ab8c014b271aa21ff052e7b71f6e635dba237193d768a5af6
nmmt_route_live_8396_20260918,8396,8396,down,2908,1,465,567787228,1,19.074903,72.997757,18-09-2026 17:06:31,0,16:10,16:10,16:22,16:22,16:10,16:10,,1,0,0,2026-09-18T11:36:44.754190+00:00,operator_reported_vehicle_indication,d01197b7b063d74ad894edefd427daa1ba8146fa144955089b7ce70dd5021dec
nmmt_route_live_8396_20260918,8396,8396,down,2908,2,423,567787223,1,19.045551,72.913589,18-09-2026 17:06:11,0,15:44,15:44,15:34,15:34,15:44,15:44,,1,0,0,2026-09-18T11:36:44.754190+00:00,operator_reported_vehicle_indication,d01197b7b063d74ad894edefd427daa1ba8146fa144955089b7ce70dd5021dec
nmmt_route_live_8396_20260918,8396,8396,down,3080,3,423,567787223,1,19.045551,72.913589,18-09-2026 17:06:11,0,15:45,15:45,,,15:44,15:44,,1,0,0,2026-09-18T11:36:44.754190+00:00,operator_reported_vehicle_indication,d01197b7b063d74ad894edefd427daa1ba8146fa144955089b7ce70dd5021dec
nmmt_route_live_8396_20260918,8396,8396,down,3080,4,465,567787228,1,19.074903,72.997757,18-09-2026 17:06:31,0,16:11,16:11,16:26,16:26,16:10,16:10,,1,0,0,2026-09-18T11:36:44.754190+00:00,operator_reported_vehicle_indication,d01197b7b063d74ad894edefd427daa1ba8146fa144955089b7ce70dd5021dec
nmmt_route_live_8396_20260918,8396,8396,down,3079,5,465,567787228,1,19.074903,72.997757,18-09-2026 17:06:31,0,16:12,16:12,16:26,16:26,16:10,16:10,,1,0,0,2026-09-18T11:36:44.754190+00:00,operator_reported_vehicle_indication,d01197b7b063d74ad894edefd427daa1ba8146fa144955089b7ce70dd5021dec
nmmt_route_live_8396_20260918,8396,8396,down,3079,6,423,567787223,1,19.045551,72.913589,18-09-2026 17:06:11,0,15:46,15:46,,,15:44,15:44,,1,0,0,2026-09-18T11:36:44.754190+00:00,operator_reported_vehicle_indication,d01197b7b063d74ad894edefd427daa1ba8146fa144955089b7ce70dd5021dec
nmmt_route_live_8396_20260918,8396,8396,down,3075,7,465,567787228,1,19.074903,72.997757,18-09-2026 17:06:31,0,16:12,16:12,16:27,16:28,16:10,16:10,,1,0,0,2026-09-18T11:36:44.754190+00:00,operator_reported_vehicle_indication,d01197b7b063d74ad894edefd427daa1ba8146fa144955089b7ce70dd5021dec
nmmt_route_live_8396_20260918,8396,8396,down,3075,8,423,567787223,1,19.045551,72.913589,18-09-2026 17:06:11,0,15:46,15:46,16:15,16:16,15:44,15:44,,1,0,0,2026-09-18T11:36:44.754190+00:00,operator_reported_vehicle_indication,d01197b7b063d74ad894edefd427daa1ba8146fa144955089b7ce70dd5021dec
nmmt_route_live_8396_20260918,8396,8396,down,2765,9,423,567787223,1,19.045551,72.913589,18-09-2026 17:06:11,0,15:48,15:48,16:16,16:17,15:44,15:44,,1,0,0,2026-09-18T11:36:44.754190+00:00,operator_reported_vehicle_indication,d01197b7b063d74ad894edefd427daa1ba8146fa144955089b7ce70dd5021dec
nmmt_route_live_8396_20260918,8396,8396,down,2765,10,465,567787228,1,19.074903,72.997757,18-09-2026 17:06:31,0,16:14,16:14,16:28,16:29,16:10,16:10,,1,0,0,2026-09-18T11:36:44.754190+00:00,operator_reported_vehicle_indication,d01197b7b063d74ad894edefd427daa1ba8146fa144955089b7ce70dd5021dec
nmmt_route_live_8396_20260918,8396,8396,down,2764,11,465,567787228,1,19.074903,72.997757,18-09-2026 17:06:31,0,16:16,16:16,16:36,16:28,16:10,16:10,,1,0,0,2026-09-18T11:36:44.754190+00:00,operator_reported_vehicle_indication,d01197b7b063d74ad894edefd427daa1ba8146fa144955089b7ce70dd5021dec
nmmt_route_live_8396_20260918,8396,8396,down,2764,12,423,567787223,1,19.045551,72.913589,18-09-2026 17:06:11,0,15:50,15:50,16:16,16:16,15:44,15:44,,1,0,0,2026-09-18T11:36:44.754190+00:00,operator_reported_vehicle_indication,d01197b7b063d74ad894edefd427daa1ba8146fa144955089b7ce70dd5021dec
nmmt_route_live_8396_20260918,8396,8396,down,2766,13,465,567787228,1,19.074903,72.997757,18-09-2026 17:06:31,0,16:17,16:17,16:36,16:37,16:10,16:10,,1,0,0,2026-09-18T11:36:44.754190+00:00,operator_reported_vehicle_indication,d01197b7b063d74ad894edefd427daa1ba8146fa144955089b7ce70dd5021dec
nmmt_route_live_8396_20260918,8396,8396,down,2766,14,423,567787223,1,19.045551,72.913589,18-09-2026 17:06:11,0,15:51,15:51,,,15:44,15:44,,1,0,0,2026-09-18T11:36:44.754190+00:00,operator_reported_vehicle_indication,d01197b7b063d74ad894edefd427daa1ba8146fa144955089b7ce70dd5021dec
nmmt_route_live_8396_20260918,8396,8396,down,2767,15,423,567787223,1,19.045551,72.913589,18-09-2026 17:06:11,0,15:52,15:52,,,15:44,15:44,,1,0,0,2026-09-18T11:36:44.754190+00:00,operator_reported_vehicle_indication,d01197b7b063d74ad894edefd427daa1ba8146fa144955089b7ce70dd5021dec
nmmt_route_live_8396_20260918,8396,8396,down,2767,16,465,567787228,1,19.074903,72.997757,18-09-2026 17:06:31,0,16:18,16:18,16:38,16:39,16:10,16:10,,1,0,0,2026-09-18T11:36:44.754190+00:00,operator_reported_vehicle_indication,d01197b7b063d74ad894edefd427daa1ba8146fa144955089b7ce70dd5021dec
nmmt_route_live_8396_20260918,8396,8396,down,2763,17,423,567787223,1,19.045551,72.913589,18-09-2026 17:06:11,0,15:53,15:53,,,15:44,15:44,,1,0,0,2026-09-18T11:36:44.754190+00:00,operator_reported_vehicle_indication,d01197b7b063d74ad894edefd427daa1ba8146fa144955089b7ce70dd5021dec
nmmt_route_live_8396_20260918,8396,8396,down,2763,18,465,567787228,1,19.074903,72.997757,18-09-2026 17:06:31,0,16:19,16:19,16:40,16:40,16:10,16:10,,1,0,0,2026-09-18T11:36:44.754190+00:00,operator_reported_vehicle_indication,d01197b7b063d74ad894edefd427daa1ba8146fa144955089b7ce70dd5021dec
nmmt_route_live_8396_20260918,8396,8396,down,2762,19,423,567787223,1,19.045551,72.913589,18-09-2026 17:06:11,0,15:53,15:53,,,15:44,15:44,,1,0,0,2026-09-18T11:36:44.754190+00:00,operator_reported_vehicle_indication,d01197b7b063d74ad894edefd427daa1ba8146fa144955089b7ce70dd5021dec
nmmt_route_live_8396_20260918,8396,8396,down,2762,20,465,567787228,1,19.074903,72.997757,18-09-2026 17:06:31,0,16:19,16:19,16:41,16:41,16:10,16:10,,1,0,0,2026-09-18T11:36:44.754190+00:00,operator_reported_vehicle_indication,d01197b7b063d74ad894edefd427daa1ba8146fa144955089b7ce70dd5021dec
nmmt_route_live_8396_20260918,8396,8396,down,2683,21,423,567787223,1,19.045551,72.913589,18-09-2026 17:06:11,0,15:54,15:54,,,15:44,15:44,,1,0,0,2026-09-18T11:36:44.754190+00:00,operator_reported_vehicle_indication,d01197b7b063d74ad894edefd427daa1ba8146fa144955089b7ce70dd5021dec
nmmt_route_live_8396_20260918,8396,8396,down,2683,22,465,567787228,1,19.074903,72.997757,18-09-2026 17:06:31,0,16:21,16:21,16:43,16:43,16:10,16:10,,1,0,0,2026-09-18T11:36:44.754190+00:00,operator_reported_vehicle_indication,d01197b7b063d74ad894edefd427daa1ba8146fa144955089b7ce70dd5021dec
nmmt_route_live_8396_20260918,8396,8396,down,3215,23,423,567787223,1,19.045551,72.913589,18-09-2026 17:06:11,0,15:54,15:54,16:27,16:28,15:44,15:44,,1,0,0,2026-09-18T11:36:44.754190+00:00,operator_reported_vehicle_indication,d01197b7b063d74ad894edefd427daa1ba8146fa144955089b7ce70dd5021dec
nmmt_route_live_8396_20260918,8396,8396,down,3215,24,465,567787228,1,19.074903,72.997757,18-09-2026 17:06:31,0,16:21,16:21,16:44,16:44,16:10,16:10,,1,0,0,2026-09-18T11:36:44.754190+00:00,operator_reported_vehicle_indication,d01197b7b063d74ad894edefd427daa1ba8146fa144955089b7ce70dd5021dec
nmmt_route_live_8396_20260918,8396,8396,down,3216,25,465,567787228,1,19.074903,72.997757,18-09-2026 17:06:31,0,16:22,16:22,16:44,16:45,16:10,16:10,,1,0,0,2026-09-18T11:36:44.754190+00:00,operator_reported_vehicle_indication,d01197b7b063d74ad894edefd427daa1ba8146fa144955089b7ce70dd5021dec
nmmt_route_live_8396_20260918,8396,8396,down,3216,26,423,567787223,1,19.045551,72.913589,18-09-2026 17:06:11,0,15:56,15:56,16:28,16:28,15:44,15:44,,1,0,0,2026-09-18T11:36:44.754190+00:00,operator_reported_vehicle_indication,d01197b7b063d74ad894edefd427daa1ba8146fa144955089b7ce70dd5021dec
nmmt_route_live_8396_20260918,8396,8396,down,2678,27,465,567787228,1,19.074903,72.997757,18-09-2026 17:06:31,0,16:22,16:22,,,16:10,16:10,,1,0,0,2026-09-18T11:36:44.754190+00:00,operator_reported_vehicle_indication,d01197b7b063d74ad894edefd427daa1ba8146fa144955089b7ce70dd5021dec
nmmt_route_live_8396_20260918,8396,8396,down,2678,28,423,567787223,1,19.045551,72.913589,18-09-2026 17:06:11,0,15:56,15:56,,,15:44,15:44,,1,0,0,2026-09-18T11:36:44.754190+00:00,operator_reported_vehicle_indication,d01197b7b063d74ad894edefd427daa1ba8146fa144955089b7ce70dd5021dec
nmmt_route_live_8396_20260918,8396,8396,down,3196,29,465,567787228,1,19.074903,72.997757,18-09-2026 17:06:31,0,16:23,16:23,16:49,16:49,16:10,16:10,,1,0,0,2026-09-18T11:36:44.754190+00:00,operator_reported_vehicle_indication,d01197b7b063d74ad894edefd427daa1ba8146fa144955089b7ce70dd5021dec
nmmt_route_live_8396_20260918,8396,8396,down,3196,30,423,567787223,1,19.045551,72.913589,18-09-2026 17:06:11,0,15:57,15:57,16:31,16:31,15:44,15:44,,1,0,0,2026-09-18T11:36:44.754190+00:00,operator_reported_vehicle_indication,d01197b7b063d74ad894edefd427daa1ba8146fa144955089b7ce70dd5021dec
nmmt_route_live_8396_20260918,8396,8396,down,2677,31,465,567787228,1,19.074903,72.997757,18-09-2026 17:06:31,0,16:24,16:24,16:52,16:52,16:10,16:10,,1,0,0,2026-09-18T11:36:44.754190+00:00,operator_reported_vehicle_indication,d01197b7b063d74ad894edefd427daa1ba8146fa144955089b7ce70dd5021dec
nmmt_route_live_8396_20260918,8396,8396,down,2677,32,423,567787223,1,19.045551,72.913589,18-09-2026 17:06:11,0,15:58,15:58,16:33,16:33,15:44,15:44,,1,0,0,2026-09-18T11:36:44.754190+00:00,operator_reported_vehicle_indication,d01197b7b063d74ad894edefd427daa1ba8146fa144955089b7ce70dd5021dec
nmmt_route_live_8396_20260918,8396,8396,down,2675,33,465,567787228,1,19.074903,72.997757,18-09-2026 17:06:31,0,16:25,16:25,16:53,16:53,16:10,16:10,,1,0,0,2026-09-18T11:36:44.754190+00:00,operator_reported_vehicle_indication,d01197b7b063d74ad894edefd427daa1ba8146fa144955089b7ce70dd5021dec
nmmt_route_live_8396_20260918,8396,8396,down,2675,34,423,567787223,1,19.045551,72.913589,18-09-2026 17:06:11,0,15:59,15:59,16:35,16:35,15:44,15:44,,1,0,0,2026-09-18T11:36:44.754190+00:00,operator_reported_vehicle_indication,d01197b7b063d74ad894edefd427daa1ba8146fa144955089b7ce70dd5021dec
nmmt_route_live_8396_20260918,8396,8396,down,2674,35,423,567787223,1,19.045551,72.913589,18-09-2026 17:06:11,0,16:00,16:00,16:36,16:36,15:44,15:44,,1,0,0,2026-09-18T11:36:44.754190+00:00,operator_reported_vehicle_indication,d01197b7b063d74ad894edefd427daa1ba8146fa144955089b7ce70dd5021dec
nmmt_route_live_8396_20260918,8396,8396,down,2674,36,465,567787228,1,19.074903,72.997757,18-09-2026 17:06:31,0,16:27,16:27,16:54,16:55,16:10,16:10,,1,0,0,2026-09-18T11:36:44.754190+00:00,operator_reported_vehicle_indication,d01197b7b063d74ad894edefd427daa1ba8146fa144955089b7ce70dd5021dec
nmmt_route_live_8396_20260918,8396,8396,down,2672,37,423,567787223,1,19.045551,72.913589,18-09-2026 17:06:11,0,16:02,16:02,16:38,16:38,15:44,15:44,,1,0,0,2026-09-18T11:36:44.754190+00:00,operator_reported_vehicle_indication,d01197b7b063d74ad894edefd427daa1ba8146fa144955089b7ce70dd5021dec
nmmt_route_live_8396_20260918,8396,8396,down,2672,38,465,567787228,1,19.074903,72.997757,18-09-2026 17:06:31,0,16:28,16:28,16:55,16:55,16:10,16:10,,1,0,0,2026-09-18T11:36:44.754190+00:00,operator_reported_vehicle_indication,d01197b7b063d74ad894edefd427daa1ba8146fa144955089b7ce70dd5021dec
nmmt_route_live_8396_20260918,8396,8396,down,2671,39,465,567787228,1,19.074903,72.997757,18-09-2026 17:06:31,0,16:29,16:29,16:56,16:56,16:10,16:10,,1,0,0,2026-09-18T11:36:44.754190+00:00,operator_reported_vehicle_indication,d01197b7b063d74ad894edefd427daa1ba8146fa144955089b7ce70dd5021dec
nmmt_route_live_8396_20260918,8396,8396,down,2671,40,423,567787223,1,19.045551,72.913589,18-09-2026 17:06:11,0,16:03,16:03,16:38,16:38,15:44,15:44,,1,0,0,2026-09-18T11:36:44.754190+00:00,operator_reported_vehicle_indication,d01197b7b063d74ad894edefd427daa1ba8146fa144955089b7ce70dd5021dec
nmmt_route_live_8396_20260918,8396,8396,down,2670,41,423,567787223,1,19.045551,72.913589,18-09-2026 17:06:11,0,16:04,16:04,16:39,16:40,15:44,15:44,,1,0,0,2026-09-18T11:36:44.754190+00:00,operator_reported_vehicle_indication,d01197b7b063d74ad894edefd427daa1ba8146fa144955089b7ce70dd5021dec
nmmt_route_live_8396_20260918,8396,8396,down,2670,42,465,567787228,1,19.074903,72.997757,18-09-2026 17:06:31,0,16:30,16:30,16:57,16:57,16:10,16:10,,1,0,0,2026-09-18T11:36:44.754190+00:00,operator_reported_vehicle_indication,d01197b7b063d74ad894edefd427daa1ba8146fa144955089b7ce70dd5021dec
nmmt_route_live_8396_20260918,8396,8396,down,2669,43,465,567787228,1,19.074903,72.997757,18-09-2026 17:06:31,0,16:32,16:32,,,16:10,16:10,,1,0,0,2026-09-18T11:36:44.754190+00:00,operator_reported_vehicle_indication,d01197b7b063d74ad894edefd427daa1ba8146fa144955089b7ce70dd5021dec
nmmt_route_live_8396_20260918,8396,8396,down,2669,44,423,567787223,1,19.045551,72.913589,18-09-2026 17:06:11,0,16:05,16:05,16:40,16:40,15:44,15:44,,1,0,0,2026-09-18T11:36:44.754190+00:00,operator_reported_vehicle_indication,d01197b7b063d74ad894edefd427daa1ba8146fa144955089b7ce70dd5021dec
nmmt_route_live_8396_20260918,8396,8396,down,2667,45,423,567787223,1,19.045551,72.913589,18-09-2026 17:06:11,0,16:06,16:06,16:41,16:41,15:44,15:44,,1,0,0,2026-09-18T11:36:44.754190+00:00,operator_reported_vehicle_indication,d01197b7b063d74ad894edefd427daa1ba8146fa144955089b7ce70dd5021dec
nmmt_route_live_8396_20260918,8396,8396,down,2667,46,465,567787228,1,19.074903,72.997757,18-09-2026 17:06:31,0,16:33,16:33,17:03,17:03,16:10,16:10,,1,0,0,2026-09-18T11:36:44.754190+00:00,operator_reported_vehicle_indication,d01197b7b063d74ad894edefd427daa1ba8146fa144955089b7ce70dd5021dec
nmmt_route_live_8396_20260918,8396,8396,down,2665,47,423,567787223,1,19.045551,72.913589,18-09-2026 17:06:11,0,16:08,16:08,,,15:44,15:44,,1,0,0,2026-09-18T11:36:44.754190+00:00,operator_reported_vehicle_indication,d01197b7b063d74ad894edefd427daa1ba8146fa144955089b7ce70dd5021dec
nmmt_route_live_8396_20260918,8396,8396,down,2665,48,465,567787228,1,19.074903,72.997757,18-09-2026 17:06:31,0,16:34,16:34,17:04,17:04,16:10,16:10,,1,0,0,2026-09-18T11:36:44.754190+00:00,operator_reported_vehicle_indication,d01197b7b063d74ad894edefd427daa1ba8146fa144955089b7ce70dd5021dec
nmmt_route_live_8396_20260918,8396,8396,down,2540,49,423,567787223,1,19.045551,72.913589,18-09-2026 17:06:11,0,16:10,16:10,16:44,16:44,15:44,15:44,,1,0,0,2026-09-18T11:36:44.754190+00:00,operator_reported_vehicle_indication,d01197b7b063d74ad894edefd427daa1ba8146fa144955089b7ce70dd5021dec
nmmt_route_live_8396_20260918,8396,8396,down,2540,50,465,567787228,1,19.074903,72.997757,18-09-2026 17:06:31,0,16:36,16:36,17:05,17:05,16:10,16:10,17:06,1,0,0,2026-09-18T11:36:44.754190+00:00,operator_reported_vehicle_indication,d01197b7b063d74ad894edefd427daa1ba8146fa144955089b7ce70dd5021dec
nmmt_route_live_8396_20260918,8396,8396,down,3930,51,465,567787228,1,19.074903,72.997757,18-09-2026 17:06:31,0,16:38,16:38,,,16:10,16:10,17:07,0,0,0,2026-09-18T11:36:44.754190+00:00,operator_reported_vehicle_indication,d01197b7b063d74ad894edefd427daa1ba8146fa144955089b7ce70dd5021dec
nmmt_route_live_8396_20260918,8396,8396,down,3930,52,423,567787223,1,19.045551,72.913589,18-09-2026 17:06:11,0,16:11,16:11,,,15:44,15:44,,0,0,0,2026-09-18T11:36:44.754190+00:00,operator_reported_vehicle_indication,d01197b7b063d74ad894edefd427daa1ba8146fa144955089b7ce70dd5021dec
nmmt_route_live_8396_20260918,8396,8396,down,3917,53,423,567787223,1,19.045551,72.913589,18-09-2026 17:06:11,0,16:12,16:12,,,15:44,15:44,,0,0,0,2026-09-18T11:36:44.754190+00:00,operator_reported_vehicle_indication,d01197b7b063d74ad894edefd427daa1ba8146fa144955089b7ce70dd5021dec
nmmt_route_live_8396_20260918,8396,8396,down,3917,54,465,567787228,1,19.074903,72.997757,18-09-2026 17:06:31,0,16:39,16:39,,,16:10,16:10,17:08,0,0,0,2026-09-18T11:36:44.754190+00:00,operator_reported_vehicle_indication,d01197b7b063d74ad894edefd427daa1ba8146fa144955089b7ce70dd5021dec
nmmt_route_live_8396_20260918,8396,8396,down,4142,55,423,567787223,1,19.045551,72.913589,18-09-2026 17:06:11,0,16:14,16:14,,,15:44,15:44,,0,0,0,2026-09-18T11:36:44.754190+00:00,operator_reported_vehicle_indication,d01197b7b063d74ad894edefd427daa1ba8146fa144955089b7ce70dd5021dec
nmmt_route_live_8396_20260918,8396,8396,down,4142,56,465,567787228,1,19.074903,72.997757,18-09-2026 17:06:31,0,16:40,16:40,,,16:10,16:10,17:10,0,0,0,2026-09-18T11:36:44.754190+00:00,operator_reported_vehicle_indication,d01197b7b063d74ad894edefd427daa1ba8146fa144955089b7ce70dd5021dec
nmmt_route_live_8396_20260918,8396,8396,down,4145,57,423,567787223,1,19.045551,72.913589,18-09-2026 17:06:11,0,16:15,16:15,,,15:44,15:44,,0,0,0,2026-09-18T11:36:44.754190+00:00,operator_reported_vehicle_indication,d01197b7b063d74ad894edefd427daa1ba8146fa144955089b7ce70dd5021dec
nmmt_route_live_8396_20260918,8396,8396,down,4145,58,465,567787228,1,19.074903,72.997757,18-09-2026 17:06:31,0,16:41,16:41,,,16:10,16:10,17:12,0,0,0,2026-09-18T11:36:44.754190+00:00,operator_reported_vehicle_indication,d01197b7b063d74ad894edefd427daa1ba8146fa144955089b7ce70dd5021dec
nmmt_route_live_8396_20260918,8396,8396,down,2814,59,423,567787223,1,19.045551,72.913589,18-09-2026 17:06:11,0,16:16,16:16,,,15:44,15:44,,0,0,0,2026-09-18T11:36:44.754190+00:00,operator_reported_vehicle_indication,d01197b7b063d74ad894edefd427daa1ba8146fa144955089b7ce70dd5021dec
nmmt_route_live_8396_20260918,8396,8396,down,2814,60,465,567787228,1,19.074903,72.997757,18-09-2026 17:06:31,0,16:43,16:43,,,16:10,16:10,17:13,0,0,0,2026-09-18T11:36:44.754190+00:00,operator_reported_vehicle_indication,d01197b7b063d74ad894edefd427daa1ba8146fa144955089b7ce70dd5021dec
nmmt_route_live_8396_20260918,8396,8396,down,4143,61,465,567787228,1,19.074903,72.997757,18-09-2026 17:06:31,0,16:44,16:44,,,16:10,16:10,17:14,0,0,0,2026-09-18T11:36:44.754190+00:00,operator_reported_vehicle_indication,d01197b7b063d74ad894edefd427daa1ba8146fa144955089b7ce70dd5021dec
nmmt_route_live_8396_20260918,8396,8396,down,4143,62,423,567787223,1,19.045551,72.913589,18-09-2026 17:06:11,0,16:17,16:17,,,15:44,15:44,,0,0,0,2026-09-18T11:36:44.754190+00:00,operator_reported_vehicle_indication,d01197b7b063d74ad894edefd427daa1ba8146fa144955089b7ce70dd5021dec
nmmt_route_live_8396_20260918,8396,8396,down,3277,63,423,567787223,1,19.045551,72.913589,18-09-2026 17:06:11,0,16:18,16:18,,,15:44,15:44,,0,0,0,2026-09-18T11:36:44.754190+00:00,operator_reported_vehicle_indication,d01197b7b063d74ad894edefd427daa1ba8146fa144955089b7ce70dd5021dec
nmmt_route_live_8396_20260918,8396,8396,down,3277,64,465,567787228,1,19.074903,72.997757,18-09-2026 17:06:31,0,16:45,16:45,,,16:10,16:10,17:16,0,0,0,2026-09-18T11:36:44.754190+00:00,operator_reported_vehicle_indication,d01197b7b063d74ad894edefd427daa1ba8146fa144955089b7ce70dd5021dec
nmmt_route_live_8396_20260918,8396,8396,down,3278,65,423,567787223,1,19.045551,72.913589,18-09-2026 17:06:11,0,16:20,16:20,,,15:44,15:44,,0,0,0,2026-09-18T11:36:44.754190+00:00,operator_reported_vehicle_indication,d01197b7b063d74ad894edefd427daa1ba8146fa144955089b7ce70dd5021dec
nmmt_route_live_8396_20260918,8396,8396,down,3278,66,465,567787228,1,19.074903,72.997757,18-09-2026 17:06:31,0,16:46,16:46,,,16:10,16:10,17:18,0,0,0,2026-09-18T11:36:44.754190+00:00,operator_reported_vehicle_indication,d01197b7b063d74ad894edefd427daa1ba8146fa144955089b7ce70dd5021dec
nmmt_route_live_8396_20260918,8396,8396,down,4148,67,423,567787223,1,19.045551,72.913589,18-09-2026 17:06:11,0,16:21,16:21,,,15:44,15:44,,0,0,0,2026-09-18T11:36:44.754190+00:00,operator_reported_vehicle_indication,d01197b7b063d74ad894edefd427daa1ba8146fa144955089b7ce70dd5021dec
nmmt_route_live_8396_20260918,8396,8396,down,4148,68,465,567787228,1,19.074903,72.997757,18-09-2026 17:06:31,0,16:47,16:47,,,16:10,16:10,17:19,0,0,0,2026-09-18T11:36:44.754190+00:00,operator_reported_vehicle_indication,d01197b7b063d74ad894edefd427daa1ba8146fa144955089b7ce70dd5021dec
nmmt_route_live_8396_20260918,8396,8396,down,3243,69,465,567787228,1,19.074903,72.997757,18-09-2026 17:06:31,0,16:49,16:49,,,16:10,16:10,17:20,0,0,0,2026-09-18T11:36:44.754190+00:00,operator_reported_vehicle_indication,d01197b7b063d74ad894edefd427daa1ba8146fa144955089b7ce70dd5021dec
nmmt_route_live_8396_20260918,8396,8396,down,3243,70,423,567787223,1,19.045551,72.913589,18-09-2026 17:06:11,0,16:22,16:22,,,15:44,15:44,,0,0,0,2026-09-18T11:36:44.754190+00:00,operator_reported_vehicle_indication,d01197b7b063d74ad894edefd427daa1ba8146fa144955089b7ce70dd5021dec
nmmt_route_live_8396_20260918,8396,8396,down,4149,71,423,567787223,1,19.045551,72.913589,18-09-2026 17:06:11,0,16:23,16:23,,,15:44,15:44,,0,0,0,2026-09-18T11:36:44.754190+00:00,operator_reported_vehicle_indication,d01197b7b063d74ad894edefd427daa1ba8146fa144955089b7ce70dd5021dec
nmmt_route_live_8396_20260918,8396,8396,down,4149,72,465,567787228,1,19.074903,72.997757,18-09-2026 17:06:31,0,16:50,16:50,,,16:10,16:10,17:20,0,0,0,2026-09-18T11:36:44.754190+00:00,operator_reported_vehicle_indication,d01197b7b063d74ad894edefd427daa1ba8146fa144955089b7ce70dd5021dec
nmmt_route_live_8396_20260918,8396,8396,down,4150,73,465,567787228,1,19.074903,72.997757,18-09-2026 17:06:31,0,16:51,16:51,,,16:10,16:10,17:21,0,0,0,2026-09-18T11:36:44.754190+00:00,operator_reported_vehicle_indication,d01197b7b063d74ad894edefd427daa1ba8146fa144955089b7ce70dd5021dec
nmmt_route_live_8396_20260918,8396,8396,down,4150,74,423,567787223,1,19.045551,72.913589,18-09-2026 17:06:11,0,16:24,16:24,,,15:44,15:44,,0,0,0,2026-09-18T11:36:44.754190+00:00,operator_reported_vehicle_indication,d01197b7b063d74ad894edefd427daa1ba8146fa144955089b7ce70dd5021dec
nmmt_route_live_8396_20260918,8396,8396,down,3245,75,423,567787223,1,19.045551,72.913589,18-09-2026 17:06:11,0,16:26,16:26,,,15:44,15:44,,0,0,0,2026-09-18T11:36:44.754190+00:00,operator_reported_vehicle_indication,d01197b7b063d74ad894edefd427daa1ba8146fa144955089b7ce70dd5021dec
nmmt_route_live_8396_20260918,8396,8396,down,3245,76,465,567787228,1,19.074903,72.997757,18-09-2026 17:06:31,0,16:52,16:52,,,16:10,16:10,17:22,0,0,0,2026-09-18T11:36:44.754190+00:00,operator_reported_vehicle_indication,d01197b7b063d74ad894edefd427daa1ba8146fa144955089b7ce70dd5021dec
nmmt_route_live_8396_20260918,8396,8396,down,4169,77,423,567787223,1,19.045551,72.913589,18-09-2026 17:06:11,0,16:27,16:27,,,15:44,15:44,,0,0,0,2026-09-18T11:36:44.754190+00:00,operator_reported_vehicle_indication,d01197b7b063d74ad894edefd427daa1ba8146fa144955089b7ce70dd5021dec
nmmt_route_live_8396_20260918,8396,8396,down,4169,78,465,567787228,1,19.074903,72.997757,18-09-2026 17:06:31,0,16:54,16:54,,,16:10,16:10,17:23,0,0,0,2026-09-18T11:36:44.754190+00:00,operator_reported_vehicle_indication,d01197b7b063d74ad894edefd427daa1ba8146fa144955089b7ce70dd5021dec
nmmt_route_live_8396_20260918,8396,8396,down,3247,79,465,567787228,1,19.074903,72.997757,18-09-2026 17:06:31,0,16:55,16:55,,,16:10,16:10,17:24,0,0,0,2026-09-18T11:36:44.754190+00:00,operator_reported_vehicle_indication,d01197b7b063d74ad894edefd427daa1ba8146fa144955089b7ce70dd5021dec
nmmt_route_live_8396_20260918,8396,8396,down,3247,80,423,567787223,1,19.045551,72.913589,18-09-2026 17:06:11,0,16:28,16:28,,,15:44,15:44,,0,0,0,2026-09-18T11:36:44.754190+00:00,operator_reported_vehicle_indication,d01197b7b063d74ad894edefd427daa1ba8146fa144955089b7ce70dd5021dec
nmmt_route_live_8396_20260918,8396,8396,down,3612,81,465,567787228,1,19.074903,72.997757,18-09-2026 17:06:31,0,16:56,16:56,,,16:10,16:10,17:25,0,0,0,2026-09-18T11:36:44.754190+00:00,operator_reported_vehicle_indication,d01197b7b063d74ad894edefd427daa1ba8146fa144955089b7ce70dd5021dec
nmmt_route_live_8396_20260918,8396,8396,down,3612,82,423,567787223,1,19.045551,72.913589,18-09-2026 17:06:11,0,16:29,16:29,,,15:44,15:44,,0,0,0,2026-09-18T11:36:44.754190+00:00,operator_reported_vehicle_indication,d01197b7b063d74ad894edefd427daa1ba8146fa144955089b7ce70dd5021dec
nmmt_route_live_8396_20260918,8396,8396,down,4203,83,465,567787228,1,19.074903,72.997757,18-09-2026 17:06:31,0,16:57,16:57,,,16:10,16:10,17:26,0,0,0,2026-09-18T11:36:44.754190+00:00,operator_reported_vehicle_indication,d01197b7b063d74ad894edefd427daa1ba8146fa144955089b7ce70dd5021dec
nmmt_route_live_8396_20260918,8396,8396,down,4203,84,423,567787223,1,19.045551,72.913589,18-09-2026 17:06:11,0,16:30,16:30,,,15:44,15:44,,0,0,0,2026-09-18T11:36:44.754190+00:00,operator_reported_vehicle_indication,d01197b7b063d74ad894edefd427daa1ba8146fa144955089b7ce70dd5021dec
nmmt_route_live_8396_20260918,8396,8396,down,3220,85,465,567787228,1,19.074903,72.997757,18-09-2026 17:06:31,0,16:58,16:58,,,16:10,16:10,17:27,0,0,0,2026-09-18T11:36:44.754190+00:00,operator_reported_vehicle_indication,d01197b7b063d74ad894edefd427daa1ba8146fa144955089b7ce70dd5021dec
nmmt_route_live_8396_20260918,8396,8396,down,3220,86,423,567787223,1,19.045551,72.913589,18-09-2026 17:06:11,0,16:32,16:32,,,15:44,15:44,,0,0,0,2026-09-18T11:36:44.754190+00:00,operator_reported_vehicle_indication,d01197b7b063d74ad894edefd427daa1ba8146fa144955089b7ce70dd5021dec
nmmt_route_live_8396_20260918,8396,8396,down,4151,87,423,567787223,1,19.045551,72.913589,18-09-2026 17:06:11,0,16:33,16:33,,,15:44,15:44,,0,0,0,2026-09-18T11:36:44.754190+00:00,operator_reported_vehicle_indication,d01197b7b063d74ad894edefd427daa1ba8146fa144955089b7ce70dd5021dec
nmmt_route_live_8396_20260918,8396,8396,down,4151,88,465,567787228,1,19.074903,72.997757,18-09-2026 17:06:31,0,17:00,17:00,,,16:10,16:10,17:30,0,0,0,2026-09-18T11:36:44.754190+00:00,operator_reported_vehicle_indication,d01197b7b063d74ad894edefd427daa1ba8146fa144955089b7ce70dd5021dec
nmmt_route_live_8396_20260918,8396,8396,down,4152,89,423,567787223,1,19.045551,72.913589,18-09-2026 17:06:11,0,16:34,16:34,,,15:44,15:44,,0,0,0,2026-09-18T11:36:44.754190+00:00,operator_reported_vehicle_indication,d01197b7b063d74ad894edefd427daa1ba8146fa144955089b7ce70dd5021dec
nmmt_route_live_8396_20260918,8396,8396,down,4152,90,465,567787228,1,19.074903,72.997757,18-09-2026 17:06:31,0,17:01,17:01,,,16:10,16:10,17:31,0,0,0,2026-09-18T11:36:44.754190+00:00,operator_reported_vehicle_indication,d01197b7b063d74ad894edefd427daa1ba8146fa144955089b7ce70dd5021dec
nmmt_route_live_8396_20260918,8396,8396,down,3916,91,423,567787223,1,19.045551,72.913589,18-09-2026 17:06:11,0,16:35,16:35,,,15:44,15:44,,0,0,0,2026-09-18T11:36:44.754190+00:00,operator_reported_vehicle_indication,d01197b7b063d74ad894edefd427daa1ba8146fa144955089b7ce70dd5021dec
nmmt_route_live_8396_20260918,8396,8396,down,3916,92,465,567787228,1,19.074903,72.997757,18-09-2026 17:06:31,0,17:02,17:02,,,16:10,16:10,17:32,0,0,0,2026-09-18T11:36:44.754190+00:00,operator_reported_vehicle_indication,d01197b7b063d74ad894edefd427daa1ba8146fa144955089b7ce70dd5021dec
nmmt_route_live_8396_20260918,8396,8396,down,3945,93,423,567787223,1,19.045551,72.913589,18-09-2026 17:06:11,0,16:36,16:36,,,15:44,15:44,,0,0,0,2026-09-18T11:36:44.754190+00:00,operator_reported_vehicle_indication,d01197b7b063d74ad894edefd427daa1ba8146fa144955089b7ce70dd5021dec
nmmt_route_live_8396_20260918,8396,8396,down,3945,94,465,567787228,1,19.074903,72.997757,18-09-2026 17:06:31,0,17:03,17:03,,,16:10,16:10,17:33,0,0,0,2026-09-18T11:36:44.754190+00:00,operator_reported_vehicle_indication,d01197b7b063d74ad894edefd427daa1ba8146fa144955089b7ce70dd5021dec
nmmt_route_live_8396_20260918,8396,8396,down,4153,95,465,567787228,1,19.074903,72.997757,18-09-2026 17:06:31,0,17:05,17:05,,,16:10,16:10,17:34,0,0,0,2026-09-18T11:36:44.754190+00:00,operator_reported_vehicle_indication,d01197b7b063d74ad894edefd427daa1ba8146fa144955089b7ce70dd5021dec
nmmt_route_live_8396_20260918,8396,8396,down,4153,96,423,567787223,1,19.045551,72.913589,18-09-2026 17:06:11,0,16:38,16:38,,,15:44,15:44,,0,0,0,2026-09-18T11:36:44.754190+00:00,operator_reported_vehicle_indication,d01197b7b063d74ad894edefd427daa1ba8146fa144955089b7ce70dd5021dec
nmmt_route_live_8396_20260918,8396,8396,down,4155,97,423,567787223,1,19.045551,72.913589,18-09-2026 17:06:11,0,16:39,16:39,,,15:44,15:44,17:06,0,0,0,2026-09-18T11:36:44.754190+00:00,operator_reported_vehicle_indication,d01197b7b063d74ad894edefd427daa1ba8146fa144955089b7ce70dd5021dec
nmmt_route_live_8396_20260918,8396,8396,down,4155,98,465,567787228,1,19.074903,72.997757,18-09-2026 17:06:31,0,17:06,17:06,,,16:10,16:10,17:35,0,0,0,2026-09-18T11:36:44.754190+00:00,operator_reported_vehicle_indication,d01197b7b063d74ad894edefd427daa1ba8146fa144955089b7ce70dd5021dec
nmmt_route_live_8396_20260918,8396,8396,down,4157,99,423,567787223,1,19.045551,72.913589,18-09-2026 17:06:11,0,16:40,16:40,,,15:44,15:44,17:06,0,0,0,2026-09-18T11:36:44.754190+00:00,operator_reported_vehicle_indication,d01197b7b063d74ad894edefd427daa1ba8146fa144955089b7ce70dd5021dec
nmmt_route_live_8396_20260918,8396,8396,down,4157,100,465,567787228,1,19.074903,72.997757,18-09-2026 17:06:31,0,17:07,17:07,,,16:10,16:10,17:36,0,0,0,2026-09-18T11:36:44.754190+00:00,operator_reported_vehicle_indication,d01197b7b063d74ad894edefd427daa1ba8146fa144955089b7ce70dd5021dec
nmmt_route_live_8396_20260918,8396,8396,down,4159,101,465,567787228,1,19.074903,72.997757,18-09-2026 17:06:31,0,17:08,17:08,,,16:10,16:10,17:37,0,0,0,2026-09-18T11:36:44.754190+00:00,operator_reported_vehicle_indication,d01197b7b063d74ad894edefd427daa1ba8146fa144955089b7ce70dd5021dec
nmmt_route_live_8396_20260918,8396,8396,down,4159,102,423,567787223,1,19.045551,72.913589,18-09-2026 17:06:11,0,16:41,16:41,,,15:44,15:44,17:07,0,0,0,2026-09-18T11:36:44.754190+00:00,operator_reported_vehicle_indication,d01197b7b063d74ad894edefd427daa1ba8146fa144955089b7ce70dd5021dec
nmmt_route_live_8396_20260918,8396,8396,down,3227,103,423,567787223,1,19.045551,72.913589,18-09-2026 17:06:11,0,16:42,16:42,,,15:44,15:44,17:08,0,0,0,2026-09-18T11:36:44.754190+00:00,operator_reported_vehicle_indication,d01197b7b063d74ad894edefd427daa1ba8146fa144955089b7ce70dd5021dec
nmmt_route_live_8396_20260918,8396,8396,down,3227,104,465,567787228,1,19.074903,72.997757,18-09-2026 17:06:31,0,17:09,17:09,,,16:10,16:10,17:37,0,0,0,2026-09-18T11:36:44.754190+00:00,operator_reported_vehicle_indication,d01197b7b063d74ad894edefd427daa1ba8146fa144955089b7ce70dd5021dec
nmmt_route_live_8396_20260918,8396,8396,down,3710,105,465,567787228,1,19.074903,72.997757,18-09-2026 17:06:31,0,17:11,17:11,,,16:10,16:10,17:38,0,0,0,2026-09-18T11:36:44.754190+00:00,operator_reported_vehicle_indication,d01197b7b063d74ad894edefd427daa1ba8146fa144955089b7ce70dd5021dec
nmmt_route_live_8396_20260918,8396,8396,down,3710,106,423,567787223,1,19.045551,72.913589,18-09-2026 17:06:11,0,16:44,16:44,,,15:44,15:44,17:09,0,0,0,2026-09-18T11:36:44.754190+00:00,operator_reported_vehicle_indication,d01197b7b063d74ad894edefd427daa1ba8146fa144955089b7ce70dd5021dec
nmmt_route_live_8396_20260918,8396,8396,down,3229,107,423,567787223,1,19.045551,72.913589,18-09-2026 17:06:11,0,16:45,16:45,,,15:44,15:44,17:09,0,0,0,2026-09-18T11:36:44.754190+00:00,operator_reported_vehicle_indication,d01197b7b063d74ad894edefd427daa1ba8146fa144955089b7ce70dd5021dec
nmmt_route_live_8396_20260918,8396,8396,down,3229,108,465,567787228,1,19.074903,72.997757,18-09-2026 17:06:31,0,17:12,17:12,,,16:10,16:10,17:39,0,0,0,2026-09-18T11:36:44.754190+00:00,operator_reported_vehicle_indication,d01197b7b063d74ad894edefd427daa1ba8146fa144955089b7ce70dd5021dec
nmmt_route_live_8396_20260918,8396,8396,down,2891,109,465,567787228,1,19.074903,72.997757,18-09-2026 17:06:31,0,17:13,17:13,,,16:10,16:10,17:41,0,0,0,2026-09-18T11:36:44.754190+00:00,operator_reported_vehicle_indication,d01197b7b063d74ad894edefd427daa1ba8146fa144955089b7ce70dd5021dec
nmmt_route_live_8396_20260918,8396,8396,down,2891,110,423,567787223,1,19.045551,72.913589,18-09-2026 17:06:11,0,16:46,16:46,,,15:44,15:44,17:12,0,0,0,2026-09-18T11:36:44.754190+00:00,operator_reported_vehicle_indication,d01197b7b063d74ad894edefd427daa1ba8146fa144955089b7ce70dd5021dec
nmmt_route_live_8396_20260918,8396,8396,down,4161,111,423,567787223,1,19.045551,72.913589,18-09-2026 17:06:11,0,16:47,16:47,,,15:44,15:44,17:13,0,0,0,2026-09-18T11:36:44.754190+00:00,operator_reported_vehicle_indication,d01197b7b063d74ad894edefd427daa1ba8146fa144955089b7ce70dd5021dec
nmmt_route_live_8396_20260918,8396,8396,down,4161,112,465,567787228,1,19.074903,72.997757,18-09-2026 17:06:31,0,17:14,17:14,,,16:10,16:10,17:42,0,0,0,2026-09-18T11:36:44.754190+00:00,operator_reported_vehicle_indication,d01197b7b063d74ad894edefd427daa1ba8146fa144955089b7ce70dd5021dec
nmmt_route_live_8396_20260918,8396,8396,down,3250,113,423,567787223,1,19.045551,72.913589,18-09-2026 17:06:11,0,16:48,16:48,,,15:44,15:44,17:14,0,0,0,2026-09-18T11:36:44.754190+00:00,operator_reported_vehicle_indication,d01197b7b063d74ad894edefd427daa1ba8146fa144955089b7ce70dd5021dec
nmmt_route_live_8396_20260918,8396,8396,down,3250,114,465,567787228,1,19.074903,72.997757,18-09-2026 17:06:31,0,17:16,17:16,,,16:10,16:10,17:43,0,0,0,2026-09-18T11:36:44.754190+00:00,operator_reported_vehicle_indication,d01197b7b063d74ad894edefd427daa1ba8146fa144955089b7ce70dd5021dec
nmmt_route_live_8396_20260918,8396,8396,down,3817,115,423,567787223,1,19.045551,72.913589,18-09-2026 17:06:11,0,16:50,16:50,,,15:44,15:44,17:15,0,0,0,2026-09-18T11:36:44.754190+00:00,operator_reported_vehicle_indication,d01197b7b063d74ad894edefd427daa1ba8146fa144955089b7ce70dd5021dec
nmmt_route_live_8396_20260918,8396,8396,down,3817,116,465,567787228,1,19.074903,72.997757,18-09-2026 17:06:31,0,17:17,17:17,,,16:10,16:10,17:44,0,0,0,2026-09-18T11:36:44.754190+00:00,operator_reported_vehicle_indication,d01197b7b063d74ad894edefd427daa1ba8146fa144955089b7ce70dd5021dec
nmmt_route_live_8396_20260918,8396,8396,down,3640,117,465,567787228,1,19.074903,72.997757,18-09-2026 17:06:31,0,17:18,17:18,,,16:10,16:10,17:45,0,0,0,2026-09-18T11:36:44.754190+00:00,operator_reported_vehicle_indication,d01197b7b063d74ad894edefd427daa1ba8146fa144955089b7ce70dd5021dec
nmmt_route_live_8396_20260918,8396,8396,down,3640,118,423,567787223,1,19.045551,72.913589,18-09-2026 17:06:11,0,16:51,16:51,,,15:44,15:44,17:16,0,0,0,2026-09-18T11:36:44.754190+00:00,operator_reported_vehicle_indication,d01197b7b063d74ad894edefd427daa1ba8146fa144955089b7ce70dd5021dec
nmmt_route_live_8396_20260918,8396,8396,down,3251,119,423,567787223,1,19.045551,72.913589,18-09-2026 17:06:11,0,16:52,16:52,,,15:44,15:44,17:17,0,0,0,2026-09-18T11:36:44.754190+00:00,operator_reported_vehicle_indication,d01197b7b063d74ad894edefd427daa1ba8146fa144955089b7ce70dd5021dec
nmmt_route_live_8396_20260918,8396,8396,down,3251,120,465,567787228,1,19.074903,72.997757,18-09-2026 17:06:31,0,17:19,17:19,,,16:10,16:10,17:46,0,0,0,2026-09-18T11:36:44.754190+00:00,operator_reported_vehicle_indication,d01197b7b063d74ad894edefd427daa1ba8146fa144955089b7ce70dd5021dec
nmmt_route_live_8396_20260918,8396,8396,down,3252,121,465,567787228,1,19.074903,72.997757,18-09-2026 17:06:31,0,17:20,17:20,,,16:10,16:10,17:47,0,0,0,2026-09-18T11:36:44.754190+00:00,operator_reported_vehicle_indication,d01197b7b063d74ad894edefd427daa1ba8146fa144955089b7ce70dd5021dec
nmmt_route_live_8396_20260918,8396,8396,down,3252,122,423,567787223,1,19.045551,72.913589,18-09-2026 17:06:11,0,16:53,16:53,,,15:44,15:44,17:18,0,0,0,2026-09-18T11:36:44.754190+00:00,operator_reported_vehicle_indication,d01197b7b063d74ad894edefd427daa1ba8146fa144955089b7ce70dd5021dec
nmmt_route_live_8396_20260918,8396,8396,down,3253,123,423,567787223,1,19.045551,72.913589,18-09-2026 17:06:11,0,16:58,16:58,,,15:44,15:44,17:25,0,0,0,2026-09-18T11:36:44.754190+00:00,operator_reported_vehicle_indication,d01197b7b063d74ad894edefd427daa1ba8146fa144955089b7ce70dd5021dec
nmmt_route_live_8396_20260918,8396,8396,down,3253,124,465,567787228,1,19.074903,72.997757,18-09-2026 17:06:31,0,17:25,17:25,,,16:10,16:10,17:53,0,0,0,2026-09-18T11:36:44.754190+00:00,operator_reported_vehicle_indication,d01197b7b063d74ad894edefd427daa1ba8146fa144955089b7ce70dd5021dec
nmmt_route_live_8396_20260918,8396,8396,down,3254,125,465,567787228,1,19.074903,72.997757,18-09-2026 17:06:31,0,17:27,17:27,,,16:10,16:10,17:54,0,0,0,2026-09-18T11:36:44.754190+00:00,operator_reported_vehicle_indication,d01197b7b063d74ad894edefd427daa1ba8146fa144955089b7ce70dd5021dec
nmmt_route_live_8396_20260918,8396,8396,down,3254,126,423,567787223,1,19.045551,72.913589,18-09-2026 17:06:11,0,16:59,16:59,,,15:44,15:44,17:26,0,0,0,2026-09-18T11:36:44.754190+00:00,operator_reported_vehicle_indication,d01197b7b063d74ad894edefd427daa1ba8146fa144955089b7ce70dd5021dec
nmmt_route_live_8396_20260918,8396,8396,down,3255,127,465,567787228,1,19.074903,72.997757,18-09-2026 17:06:31,0,17:28,17:28,,,16:10,16:10,17:58,0,0,0,2026-09-18T11:36:44.754190+00:00,operator_reported_vehicle_indication,d01197b7b063d74ad894edefd427daa1ba8146fa144955089b7ce70dd5021dec
nmmt_route_live_8396_20260918,8396,8396,down,3255,128,423,567787223,1,19.045551,72.913589,18-09-2026 17:06:11,0,17:00,17:00,,,15:44,15:44,17:31,0,0,0,2026-09-18T11:36:44.754190+00:00,operator_reported_vehicle_indication,d01197b7b063d74ad894edefd427daa1ba8146fa144955089b7ce70dd5021dec
nmmt_route_live_8396_20260918,8396,8396,down,3256,129,465,567787228,1,19.074903,72.997757,18-09-2026 17:06:31,0,17:29,17:29,,,16:10,16:10,18:00,0,0,0,2026-09-18T11:36:44.754190+00:00,operator_reported_vehicle_indication,d01197b7b063d74ad894edefd427daa1ba8146fa144955089b7ce70dd5021dec
nmmt_route_live_8396_20260918,8396,8396,down,3256,130,423,567787223,1,19.045551,72.913589,18-09-2026 17:06:11,0,17:02,17:02,,,15:44,15:44,17:33,0,0,0,2026-09-18T11:36:44.754190+00:00,operator_reported_vehicle_indication,d01197b7b063d74ad894edefd427daa1ba8146fa144955089b7ce70dd5021dec
nmmt_route_live_8396_20260918,8396,8396,down,3257,131,465,567787228,1,19.074903,72.997757,18-09-2026 17:06:31,0,17:30,17:30,,,16:10,16:10,18:04,0,0,0,2026-09-18T11:36:44.754190+00:00,operator_reported_vehicle_indication,d01197b7b063d74ad894edefd427daa1ba8146fa144955089b7ce70dd5021dec
nmmt_route_live_8396_20260918,8396,8396,down,3257,132,423,567787223,1,19.045551,72.913589,18-09-2026 17:06:11,0,17:03,17:03,,,15:44,15:44,17:37,0,0,0,2026-09-18T11:36:44.754190+00:00,operator_reported_vehicle_indication,d01197b7b063d74ad894edefd427daa1ba8146fa144955089b7ce70dd5021dec
nmmt_route_live_8396_20260918,8396,8396,down,3258,133,465,567787228,1,19.074903,72.997757,18-09-2026 17:06:31,0,17:31,17:31,,,16:10,16:10,18:05,0,0,0,2026-09-18T11:36:44.754190+00:00,operator_reported_vehicle_indication,d01197b7b063d74ad894edefd427daa1ba8146fa144955089b7ce70dd5021dec
nmmt_route_live_8396_20260918,8396,8396,down,3258,134,423,567787223,1,19.045551,72.913589,18-09-2026 17:06:11,0,17:04,17:04,,,15:44,15:44,17:38,0,0,0,2026-09-18T11:36:44.754190+00:00,operator_reported_vehicle_indication,d01197b7b063d74ad894edefd427daa1ba8146fa144955089b7ce70dd5021dec
nmmt_route_live_8396_20260918,8396,8396,down,3259,135,423,567787223,1,19.045551,72.913589,18-09-2026 17:06:11,0,17:05,17:05,,,15:44,15:44,17:39,0,0,0,2026-09-18T11:36:44.754190+00:00,operator_reported_vehicle_indication,d01197b7b063d74ad894edefd427daa1ba8146fa144955089b7ce70dd5021dec
nmmt_route_live_8396_20260918,8396,8396,down,3259,136,465,567787228,1,19.074903,72.997757,18-09-2026 17:06:31,0,17:33,17:33,,,16:10,16:10,18:06,0,0,0,2026-09-18T11:36:44.754190+00:00,operator_reported_vehicle_indication,d01197b7b063d74ad894edefd427daa1ba8146fa144955089b7ce70dd5021dec
nmmt_route_live_8396_20260918,8396,8396,down,3774,137,423,567787223,1,19.045551,72.913589,18-09-2026 17:06:11,0,17:06,17:06,,,15:44,15:44,17:41,0,0,0,2026-09-18T11:36:44.754190+00:00,operator_reported_vehicle_indication,d01197b7b063d74ad894edefd427daa1ba8146fa144955089b7ce70dd5021dec
nmmt_route_live_8396_20260918,8396,8396,down,3774,138,465,567787228,1,19.074903,72.997757,18-09-2026 17:06:31,0,17:34,17:34,,,16:10,16:10,18:08,0,0,0,2026-09-18T11:36:44.754190+00:00,operator_reported_vehicle_indication,d01197b7b063d74ad894edefd427daa1ba8146fa144955089b7ce70dd5021dec
nmmt_route_live_8396_20260918,8396,8396,down,3773,139,465,567787228,1,19.074903,72.997757,18-09-2026 17:06:31,0,17:35,17:35,,,16:10,16:10,18:08,0,0,0,2026-09-18T11:36:44.754190+00:00,operator_reported_vehicle_indication,d01197b7b063d74ad894edefd427daa1ba8146fa144955089b7ce70dd5021dec
nmmt_route_live_8396_20260918,8396,8396,down,3773,140,423,567787223,1,19.045551,72.913589,18-09-2026 17:06:11,0,17:08,17:08,,,15:44,15:44,17:41,0,0,0,2026-09-18T11:36:44.754190+00:00,operator_reported_vehicle_indication,d01197b7b063d74ad894edefd427daa1ba8146fa144955089b7ce70dd5021dec
nmmt_route_live_8396_20260918,8396,8396,down,3772,141,423,567787223,1,19.045551,72.913589,18-09-2026 17:06:11,0,17:09,17:09,,,15:44,15:44,17:43,0,0,0,2026-09-18T11:36:44.754190+00:00,operator_reported_vehicle_indication,d01197b7b063d74ad894edefd427daa1ba8146fa144955089b7ce70dd5021dec
nmmt_route_live_8396_20260918,8396,8396,down,3772,142,465,567787228,1,19.074903,72.997757,18-09-2026 17:06:31,0,17:36,17:36,,,16:10,16:10,18:10,0,0,0,2026-09-18T11:36:44.754190+00:00,operator_reported_vehicle_indication,d01197b7b063d74ad894edefd427daa1ba8146fa144955089b7ce70dd5021dec
nmmt_route_live_8396_20260918,8396,8396,down,3771,143,465,567787228,1,19.074903,72.997757,18-09-2026 17:06:31,0,17:38,17:38,,,16:10,16:10,18:11,0,0,0,2026-09-18T11:36:44.754190+00:00,operator_reported_vehicle_indication,d01197b7b063d74ad894edefd427daa1ba8146fa144955089b7ce70dd5021dec
nmmt_route_live_8396_20260918,8396,8396,down,3771,144,423,567787223,1,19.045551,72.913589,18-09-2026 17:06:11,0,17:10,17:10,,,15:44,15:44,17:44,0,0,0,2026-09-18T11:36:44.754190+00:00,operator_reported_vehicle_indication,d01197b7b063d74ad894edefd427daa1ba8146fa144955089b7ce70dd5021dec
nmmt_route_live_8396_20260918,8396,8396,down,3775,145,465,567787228,1,19.074903,72.997757,18-09-2026 17:06:31,0,17:39,17:39,,,16:10,16:10,18:11,0,0,0,2026-09-18T11:36:44.754190+00:00,operator_reported_vehicle_indication,d01197b7b063d74ad894edefd427daa1ba8146fa144955089b7ce70dd5021dec
nmmt_route_live_8396_20260918,8396,8396,down,3775,146,423,567787223,1,19.045551,72.913589,18-09-2026 17:06:11,0,17:11,17:11,,,15:44,15:44,17:45,0,0,0,2026-09-18T11:36:44.754190+00:00,operator_reported_vehicle_indication,d01197b7b063d74ad894edefd427daa1ba8146fa144955089b7ce70dd5021dec
nmmt_route_live_8396_20260918,8396,8396,down,3776,147,465,567787228,1,19.074903,72.997757,18-09-2026 17:06:31,0,17:40,17:40,,,16:10,16:10,18:12,0,0,0,2026-09-18T11:36:44.754190+00:00,operator_reported_vehicle_indication,d01197b7b063d74ad894edefd427daa1ba8146fa144955089b7ce70dd5021dec
nmmt_route_live_8396_20260918,8396,8396,down,3776,148,423,567787223,1,19.045551,72.913589,18-09-2026 17:06:11,0,17:12,17:12,,,15:44,15:44,17:45,0,0,0,2026-09-18T11:36:44.754190+00:00,operator_reported_vehicle_indication,d01197b7b063d74ad894edefd427daa1ba8146fa144955089b7ce70dd5021dec
nmmt_route_live_8396_20260918,8396,8396,down,3777,149,465,567787228,1,19.074903,72.997757,18-09-2026 17:06:31,0,17:41,17:41,,,16:10,16:10,18:13,0,0,0,2026-09-18T11:36:44.754190+00:00,operator_reported_vehicle_indication,d01197b7b063d74ad894edefd427daa1ba8146fa144955089b7ce70dd5021dec
nmmt_route_live_8396_20260918,8396,8396,down,3777,150,423,567787223,1,19.045551,72.913589,18-09-2026 17:06:11,0,17:14,17:14,,,15:44,15:44,17:47,0,0,0,2026-09-18T11:36:44.754190+00:00,operator_reported_vehicle_indication,d01197b7b063d74ad894edefd427daa1ba8146fa144955089b7ce70dd5021dec
nmmt_route_live_8396_20260918,8396,8396,down,3778,151,423,567787223,1,19.045551,72.913589,18-09-2026 17:06:11,0,17:15,17:15,,,15:44,15:44,17:48,0,0,0,2026-09-18T11:36:44.754190+00:00,operator_reported_vehicle_indication,d01197b7b063d74ad894edefd427daa1ba8146fa144955089b7ce70dd5021dec
nmmt_route_live_8396_20260918,8396,8396,down,3778,152,465,567787228,1,19.074903,72.997757,18-09-2026 17:06:31,0,17:42,17:42,,,16:10,16:10,18:15,0,0,0,2026-09-18T11:36:44.754190+00:00,operator_reported_vehicle_indication,d01197b7b063d74ad894edefd427daa1ba8146fa144955089b7ce70dd5021dec
nmmt_route_live_8396_20260918,8396,8396,down,3779,153,465,567787228,1,19.074903,72.997757,18-09-2026 17:06:31,0,17:44,17:44,,,16:10,16:10,18:16,0,0,0,2026-09-18T11:36:44.754190+00:00,operator_reported_vehicle_indication,d01197b7b063d74ad894edefd427daa1ba8146fa144955089b7ce70dd5021dec
nmmt_route_live_8396_20260918,8396,8396,down,3779,154,423,567787223,1,19.045551,72.913589,18-09-2026 17:06:11,0,17:16,17:16,,,15:44,15:44,17:50,0,0,0,2026-09-18T11:36:44.754190+00:00,operator_reported_vehicle_indication,d01197b7b063d74ad894edefd427daa1ba8146fa144955089b7ce70dd5021dec
nmmt_route_live_8396_20260918,8396,8396,down,3780,155,465,567787228,1,19.074903,72.997757,18-09-2026 17:06:31,0,17:45,17:45,,,16:10,16:10,18:16,0,0,0,2026-09-18T11:36:44.754190+00:00,operator_reported_vehicle_indication,d01197b7b063d74ad894edefd427daa1ba8146fa144955089b7ce70dd5021dec
nmmt_route_live_8396_20260918,8396,8396,down,3780,156,423,567787223,1,19.045551,72.913589,18-09-2026 17:06:11,0,17:17,17:17,,,15:44,15:44,17:50,0,0,0,2026-09-18T11:36:44.754190+00:00,operator_reported_vehicle_indication,d01197b7b063d74ad894edefd427daa1ba8146fa144955089b7ce70dd5021dec
nmmt_route_live_8396_20260918,8396,8396,down,3264,157,423,567787223,1,19.045551,72.913589,18-09-2026 17:06:11,0,17:18,17:18,,,15:44,15:44,17:51,0,0,0,2026-09-18T11:36:44.754190+00:00,operator_reported_vehicle_indication,d01197b7b063d74ad894edefd427daa1ba8146fa144955089b7ce70dd5021dec
nmmt_route_live_8396_20260918,8396,8396,down,3264,158,465,567787228,1,19.074903,72.997757,18-09-2026 17:06:31,0,17:46,17:46,,,16:10,16:10,18:17,0,0,0,2026-09-18T11:36:44.754190+00:00,operator_reported_vehicle_indication,d01197b7b063d74ad894edefd427daa1ba8146fa144955089b7ce70dd5021dec
nmmt_route_live_8396_20260918,8396,8396,down,3265,159,465,567787228,1,19.074903,72.997757,18-09-2026 17:06:31,0,17:47,17:47,,,16:10,16:10,18:19,0,0,0,2026-09-18T11:36:44.754190+00:00,operator_reported_vehicle_indication,d01197b7b063d74ad894edefd427daa1ba8146fa144955089b7ce70dd5021dec
nmmt_route_live_8396_20260918,8396,8396,down,3265,160,423,567787223,1,19.045551,72.913589,18-09-2026 17:06:11,0,17:20,17:20,,,15:44,15:44,17:54,0,0,0,2026-09-18T11:36:44.754190+00:00,operator_reported_vehicle_indication,d01197b7b063d74ad894edefd427daa1ba8146fa144955089b7ce70dd5021dec
nmmt_route_live_8396_20260918,8396,8396,down,3267,161,465,567787228,1,19.074903,72.997757,18-09-2026 17:06:31,0,17:49,17:49,,,16:10,16:10,18:20,0,0,0,2026-09-18T11:36:44.754190+00:00,operator_reported_vehicle_indication,d01197b7b063d74ad894edefd427daa1ba8146fa144955089b7ce70dd5021dec
nmmt_route_live_8396_20260918,8396,8396,down,3267,162,423,567787223,1,19.045551,72.913589,18-09-2026 17:06:11,0,17:21,17:21,,,15:44,15:44,17:56,0,0,0,2026-09-18T11:36:44.754190+00:00,operator_reported_vehicle_indication,d01197b7b063d74ad894edefd427daa1ba8146fa144955089b7ce70dd5021dec
nmmt_route_live_8396_20260918,8396,8396,down,3266,163,465,567787228,1,19.074903,72.997757,18-09-2026 17:06:31,0,17:50,17:50,,,16:10,16:10,18:21,0,0,0,2026-09-18T11:36:44.754190+00:00,operator_reported_vehicle_indication,d01197b7b063d74ad894edefd427daa1ba8146fa144955089b7ce70dd5021dec
nmmt_route_live_8396_20260918,8396,8396,down,3266,164,423,567787223,1,19.045551,72.913589,18-09-2026 17:06:11,0,17:22,17:22,,,15:44,15:44,17:56,0,0,0,2026-09-18T11:36:44.754190+00:00,operator_reported_vehicle_indication,d01197b7b063d74ad894edefd427daa1ba8146fa144955089b7ce70dd5021dec
nmmt_route_live_8396_20260918,8396,8396,down,3268,165,465,567787228,1,19.074903,72.997757,18-09-2026 17:06:31,0,17:51,17:51,,,16:10,16:10,18:22,0,0,0,2026-09-18T11:36:44.754190+00:00,operator_reported_vehicle_indication,d01197b7b063d74ad894edefd427daa1ba8146fa144955089b7ce70dd5021dec
nmmt_route_live_8396_20260918,8396,8396,down,3268,166,423,567787223,1,19.045551,72.913589,18-09-2026 17:06:11,0,17:23,17:23,,,15:44,15:44,17:57,0,0,0,2026-09-18T11:36:44.754190+00:00,operator_reported_vehicle_indication,d01197b7b063d74ad894edefd427daa1ba8146fa144955089b7ce70dd5021dec
nmmt_route_live_8396_20260918,8396,8396,down,3269,167,423,567787223,1,19.045551,72.913589,18-09-2026 17:06:11,0,17:24,17:24,,,15:44,15:44,17:58,0,0,0,2026-09-18T11:36:44.754190+00:00,operator_reported_vehicle_indication,d01197b7b063d74ad894edefd427daa1ba8146fa144955089b7ce70dd5021dec
nmmt_route_live_8396_20260918,8396,8396,down,3269,168,465,567787228,1,19.074903,72.997757,18-09-2026 17:06:31,0,17:52,17:52,,,16:10,16:10,18:23,0,0,0,2026-09-18T11:36:44.754190+00:00,operator_reported_vehicle_indication,d01197b7b063d74ad894edefd427daa1ba8146fa144955089b7ce70dd5021dec
nmmt_route_live_8396_20260918,8396,8396,down,3270,169,423,567787223,1,19.045551,72.913589,18-09-2026 17:06:11,0,17:26,17:26,,,15:44,15:44,17:58,0,0,0,2026-09-18T11:36:44.754190+00:00,operator_reported_vehicle_indication,d01197b7b063d74ad894edefd427daa1ba8146fa144955089b7ce70dd5021dec
nmmt_route_live_8396_20260918,8396,8396,down,3270,170,465,567787228,1,19.074903,72.997757,18-09-2026 17:06:31,0,17:53,17:53,,,16:10,16:10,18:24,0,0,0,2026-09-18T11:36:44.754190+00:00,operator_reported_vehicle_indication,d01197b7b063d74ad894edefd427daa1ba8146fa144955089b7ce70dd5021dec
nmmt_route_live_8396_20260918,8396,8396,down,3271,171,423,567787223,1,19.045551,72.913589,18-09-2026 17:06:11,0,17:27,17:27,,,15:44,15:44,17:59,0,0,0,2026-09-18T11:36:44.754190+00:00,operator_reported_vehicle_indication,d01197b7b063d74ad894edefd427daa1ba8146fa144955089b7ce70dd5021dec
nmmt_route_live_8396_20260918,8396,8396,down,3271,172,465,567787228,1,19.074903,72.997757,18-09-2026 17:06:31,0,17:55,17:55,,,16:10,16:10,18:25,0,0,0,2026-09-18T11:36:44.754190+00:00,operator_reported_vehicle_indication,d01197b7b063d74ad894edefd427daa1ba8146fa144955089b7ce70dd5021dec
nmmt_route_live_8396_20260918,8396,8396,down,3995,173,465,567787228,1,19.074903,72.997757,18-09-2026 17:06:31,0,17:56,17:56,,,16:10,16:10,18:25,0,0,0,2026-09-18T11:36:44.754190+00:00,operator_reported_vehicle_indication,d01197b7b063d74ad894edefd427daa1ba8146fa144955089b7ce70dd5021dec
nmmt_route_live_8396_20260918,8396,8396,down,3995,174,423,567787223,1,19.045551,72.913589,18-09-2026 17:06:11,0,17:28,17:28,,,15:44,15:44,18:01,0,0,0,2026-09-18T11:36:44.754190+00:00,operator_reported_vehicle_indication,d01197b7b063d74ad894edefd427daa1ba8146fa144955089b7ce70dd5021dec
nmmt_route_live_8396_20260918,8396,8396,down,5312,175,465,567787228,1,19.074903,72.997757,18-09-2026 17:06:31,0,17:56,17:56,,,16:10,16:10,18:26,0,0,0,2026-09-18T11:36:44.754190+00:00,operator_reported_vehicle_indication,d01197b7b063d74ad894edefd427daa1ba8146fa144955089b7ce70dd5021dec
nmmt_route_live_8396_20260918,8396,8396,down,5312,176,423,567787223,1,19.045551,72.913589,18-09-2026 17:06:11,0,17:28,17:28,,,15:44,15:44,18:00,0,0,0,2026-09-18T11:36:44.754190+00:00,operator_reported_vehicle_indication,d01197b7b063d74ad894edefd427daa1ba8146fa144955089b7ce70dd5021dec
nmmt_route_live_8396_20260918,8396,8396,down,5313,177,465,567787228,1,19.074903,72.997757,18-09-2026 17:06:31,0,17:57,17:57,,,16:10,16:10,18:26,0,0,0,2026-09-18T11:36:44.754190+00:00,operator_reported_vehicle_indication,d01197b7b063d74ad894edefd427daa1ba8146fa144955089b7ce70dd5021dec
nmmt_route_live_8396_20260918,8396,8396,down,5313,178,423,567787223,1,19.045551,72.913589,18-09-2026 17:06:11,0,17:29,17:29,,,15:44,15:44,18:01,0,0,0,2026-09-18T11:36:44.754190+00:00,operator_reported_vehicle_indication,d01197b7b063d74ad894edefd427daa1ba8146fa144955089b7ce70dd5021dec
nmmt_route_live_8396_20260918,8396,8396,down,5314,179,423,567787223,1,19.045551,72.913589,18-09-2026 17:06:11,0,17:30,17:30,,,15:44,15:44,18:02,0,0,0,2026-09-18T11:36:44.754190+00:00,operator_reported_vehicle_indication,d01197b7b063d74ad894edefd427daa1ba8146fa144955089b7ce70dd5021dec
nmmt_route_live_8396_20260918,8396,8396,down,5314,180,465,567787228,1,19.074903,72.997757,18-09-2026 17:06:31,0,17:58,17:58,,,16:10,16:10,18:27,0,0,0,2026-09-18T11:36:44.754190+00:00,operator_reported_vehicle_indication,d01197b7b063d74ad894edefd427daa1ba8146fa144955089b7ce70dd5021dec
nmmt_route_live_8396_20260918,8396,8396,down,3996,181,465,567787228,1,19.074903,72.997757,18-09-2026 17:06:31,0,18:00,18:00,,,16:10,16:10,18:27,0,0,0,2026-09-18T11:36:44.754190+00:00,operator_reported_vehicle_indication,d01197b7b063d74ad894edefd427daa1ba8146fa144955089b7ce70dd5021dec
nmmt_route_live_8396_20260918,8396,8396,down,3996,182,423,567787223,1,19.045551,72.913589,18-09-2026 17:06:11,0,17:32,17:32,,,15:44,15:44,18:02,0,0,0,2026-09-18T11:36:44.754190+00:00,operator_reported_vehicle_indication,d01197b7b063d74ad894edefd427daa1ba8146fa144955089b7ce70dd5021dec
nmmt_route_live_8397_20260918,8397,8397,up,3996,1,427,567787203,1,18.9853363,73.0268097,02-07-2026 11:58:24,0,15:43,15:43,15:36,15:36,15:43,15:43,,1,0,0,2026-09-18T11:36:45.376169+00:00,operator_reported_vehicle_indication,047fe8c33390b1d1fbcde70f2726ecb0211039bed87cf5233f0fe2459c58e93f
nmmt_route_live_8397_20260918,8397,8397,up,5314,2,427,567787203,1,18.9853363,73.0268097,02-07-2026 11:58:24,0,15:44,15:44,15:40,15:40,15:43,15:43,,1,0,0,2026-09-18T11:36:45.376169+00:00,operator_reported_vehicle_indication,047fe8c33390b1d1fbcde70f2726ecb0211039bed87cf5233f0fe2459c58e93f
nmmt_route_live_8397_20260918,8397,8397,up,5313,3,427,567787203,1,18.9853363,73.0268097,02-07-2026 11:58:24,0,15:45,15:45,15:40,15:40,15:43,15:43,,1,0,0,2026-09-18T11:36:45.376169+00:00,operator_reported_vehicle_indication,047fe8c33390b1d1fbcde70f2726ecb0211039bed87cf5233f0fe2459c58e93f
nmmt_route_live_8397_20260918,8397,8397,up,5312,4,427,567787203,1,18.9853363,73.0268097,02-07-2026 11:58:24,0,15:45,15:45,15:41,15:41,15:43,15:43,,1,0,0,2026-09-18T11:36:45.376169+00:00,operator_reported_vehicle_indication,047fe8c33390b1d1fbcde70f2726ecb0211039bed87cf5233f0fe2459c58e93f
nmmt_route_live_8397_20260918,8397,8397,up,3995,5,427,567787203,1,18.9853363,73.0268097,02-07-2026 11:58:24,0,15:46,15:46,15:42,15:42,15:43,15:43,,1,0,0,2026-09-18T11:36:45.376169+00:00,operator_reported_vehicle_indication,047fe8c33390b1d1fbcde70f2726ecb0211039bed87cf5233f0fe2459c58e93f
nmmt_route_live_8397_20260918,8397,8397,up,3271,6,427,567787203,1,18.9853363,73.0268097,02-07-2026 11:58:24,0,15:46,15:46,15:42,15:43,15:43,15:43,,1,0,0,2026-09-18T11:36:45.376169+00:00,operator_reported_vehicle_indication,047fe8c33390b1d1fbcde70f2726ecb0211039bed87cf5233f0fe2459c58e93f
nmmt_route_live_8397_20260918,8397,8397,up,3270,7,427,567787203,1,18.9853363,73.0268097,02-07-2026 11:58:24,0,15:47,15:47,15:44,15:44,15:43,15:43,,1,0,0,2026-09-18T11:36:45.376169+00:00,operator_reported_vehicle_indication,047fe8c33390b1d1fbcde70f2726ecb0211039bed87cf5233f0fe2459c58e93f
nmmt_route_live_8397_20260918,8397,8397,up,3269,8,427,567787203,1,18.9853363,73.0268097,02-07-2026 11:58:24,0,15:47,15:47,15:44,15:44,15:43,15:43,,1,0,0,2026-09-18T11:36:45.376169+00:00,operator_reported_vehicle_indication,047fe8c33390b1d1fbcde70f2726ecb0211039bed87cf5233f0fe2459c58e93f
nmmt_route_live_8397_20260918,8397,8397,up,3268,9,427,567787203,1,18.9853363,73.0268097,02-07-2026 11:58:24,0,15:49,15:49,15:45,15:45,15:43,15:43,,1,0,0,2026-09-18T11:36:45.376169+00:00,operator_reported_vehicle_indication,047fe8c33390b1d1fbcde70f2726ecb0211039bed87cf5233f0fe2459c58e93f
nmmt_route_live_8397_20260918,8397,8397,up,3266,10,427,567787203,1,18.9853363,73.0268097,02-07-2026 11:58:24,0,15:50,15:50,15:46,15:46,15:43,15:43,,1,0,0,2026-09-18T11:36:45.376169+00:00,operator_reported_vehicle_indication,047fe8c33390b1d1fbcde70f2726ecb0211039bed87cf5233f0fe2459c58e93f
nmmt_route_live_8397_20260918,8397,8397,up,3267,11,427,567787203,1,18.9853363,73.0268097,02-07-2026 11:58:24,0,15:51,15:51,15:47,15:47,15:43,15:43,,1,0,0,2026-09-18T11:36:45.376169+00:00,operator_reported_vehicle_indication,047fe8c33390b1d1fbcde70f2726ecb0211039bed87cf5233f0fe2459c58e93f
nmmt_route_live_8397_20260918,8397,8397,up,3265,12,427,567787203,1,18.9853363,73.0268097,02-07-2026 11:58:24,0,15:52,15:52,15:48,15:48,15:43,15:43,,1,0,0,2026-09-18T11:36:45.376169+00:00,operator_reported_vehicle_indication,047fe8c33390b1d1fbcde70f2726ecb0211039bed87cf5233f0fe2459c58e93f
nmmt_route_live_8397_20260918,8397,8397,up,3264,13,427,567787203,1,18.9853363,73.0268097,02-07-2026 11:58:24,0,15:53,15:53,15:49,15:49,15:43,15:43,,1,0,0,2026-09-18T11:36:45.376169+00:00,operator_reported_vehicle_indication,047fe8c33390b1d1fbcde70f2726ecb0211039bed87cf5233f0fe2459c58e93f
nmmt_route_live_8397_20260918,8397,8397,up,3780,14,427,567787203,1,18.9853363,73.0268097,02-07-2026 11:58:24,0,15:55,15:55,15:50,15:51,15:43,15:43,,1,0,0,2026-09-18T11:36:45.376169+00:00,operator_reported_vehicle_indication,047fe8c33390b1d1fbcde70f2726ecb0211039bed87cf5233f0fe2459c58e93f
nmmt_route_live_8397_20260918,8397,8397,up,3779,15,427,567787203,1,18.9853363,73.0268097,02-07-2026 11:58:24,0,15:56,15:56,15:51,15:52,15:43,15:43,,1,0,0,2026-09-18T11:36:45.376169+00:00,operator_reported_vehicle_indication,047fe8c33390b1d1fbcde70f2726ecb0211039bed87cf5233f0fe2459c58e93f
nmmt_route_live_8397_20260918,8397,8397,up,3778,16,427,567787203,1,18.9853363,73.0268097,02-07-2026 11:58:24,0,15:57,15:57,15:52,15:52,15:43,15:43,,1,0,0,2026-09-18T11:36:45.376169+00:00,operator_reported_vehicle_indication,047fe8c33390b1d1fbcde70f2726ecb0211039bed87cf5233f0fe2459c58e93f
nmmt_route_live_8397_20260918,8397,8397,up,3777,17,427,567787203,1,18.9853363,73.0268097,02-07-2026 11:58:24,0,15:58,15:58,15:53,15:53,15:43,15:43,,1,0,0,2026-09-18T11:36:45.376169+00:00,operator_reported_vehicle_indication,047fe8c33390b1d1fbcde70f2726ecb0211039bed87cf5233f0fe2459c58e93f
nmmt_route_live_8397_20260918,8397,8397,up,3776,18,427,567787203,1,18.9853363,73.0268097,02-07-2026 11:58:24,0,15:59,15:59,15:53,15:53,15:43,15:43,,1,0,0,2026-09-18T11:36:45.376169+00:00,operator_reported_vehicle_indication,047fe8c33390b1d1fbcde70f2726ecb0211039bed87cf5233f0fe2459c58e93f
nmmt_route_live_8397_20260918,8397,8397,up,3775,19,427,567787203,1,18.9853363,73.0268097,02-07-2026 11:58:24,0,16:01,16:01,15:54,15:54,15:43,15:43,,1,0,0,2026-09-18T11:36:45.376169+00:00,operator_reported_vehicle_indication,047fe8c33390b1d1fbcde70f2726ecb0211039bed87cf5233f0fe2459c58e93f
nmmt_route_live_8397_20260918,8397,8397,up,3771,20,427,567787203,1,18.9853363,73.0268097,02-07-2026 11:58:24,0,16:02,16:02,15:55,15:55,15:43,15:43,,1,0,0,2026-09-18T11:36:45.376169+00:00,operator_reported_vehicle_indication,047fe8c33390b1d1fbcde70f2726ecb0211039bed87cf5233f0fe2459c58e93f
nmmt_route_live_8397_20260918,8397,8397,up,3772,21,427,567787203,1,18.9853363,73.0268097,02-07-2026 11:58:24,0,16:03,16:03,15:55,15:56,15:43,15:43,,1,0,0,2026-09-18T11:36:45.376169+00:00,operator_reported_vehicle_indication,047fe8c33390b1d1fbcde70f2726ecb0211039bed87cf5233f0fe2459c58e93f
nmmt_route_live_8397_20260918,8397,8397,up,3773,22,427,567787203,1,18.9853363,73.0268097,02-07-2026 11:58:24,0,16:04,16:04,15:56,15:57,15:43,15:43,,1,0,0,2026-09-18T11:36:45.376169+00:00,operator_reported_vehicle_indication,047fe8c33390b1d1fbcde70f2726ecb0211039bed87cf5233f0fe2459c58e93f
nmmt_route_live_8397_20260918,8397,8397,up,3774,23,427,567787203,1,18.9853363,73.0268097,02-07-2026 11:58:24,0,16:05,16:05,15:57,15:57,15:43,15:43,,1,0,0,2026-09-18T11:36:45.376169+00:00,operator_reported_vehicle_indication,047fe8c33390b1d1fbcde70f2726ecb0211039bed87cf5233f0fe2459c58e93f
nmmt_route_live_8397_20260918,8397,8397,up,3259,24,427,567787203,1,18.9853363,73.0268097,02-07-2026 11:58:24,0,16:07,16:07,15:57,15:58,15:43,15:43,,1,0,0,2026-09-18T11:36:45.376169+00:00,operator_reported_vehicle_indication,047fe8c33390b1d1fbcde70f2726ecb0211039bed87cf5233f0fe2459c58e93f
nmmt_route_live_8397_20260918,8397,8397,up,4114,25,427,567787203,1,18.9853363,73.0268097,02-07-2026 11:58:24,0,16:08,16:08,16:00,16:00,15:43,15:43,,1,0,0,2026-09-18T11:36:45.376169+00:00,operator_reported_vehicle_indication,047fe8c33390b1d1fbcde70f2726ecb0211039bed87cf5233f0fe2459c58e93f
nmmt_route_live_8397_20260918,8397,8397,up,4102,26,427,567787203,1,18.9853363,73.0268097,02-07-2026 11:58:24,0,16:09,16:09,16:00,16:01,15:43,15:43,,1,0,0,2026-09-18T11:36:45.376169+00:00,operator_reported_vehicle_indication,047fe8c33390b1d1fbcde70f2726ecb0211039bed87cf5233f0fe2459c58e93f
nmmt_route_live_8397_20260918,8397,8397,up,4103,27,427,567787203,1,18.9853363,73.0268097,02-07-2026 11:58:24,0,16:10,16:10,16:01,16:02,15:43,15:43,,1,0,0,2026-09-18T11:36:45.376169+00:00,operator_reported_vehicle_indication,047fe8c33390b1d1fbcde70f2726ecb0211039bed87cf5233f0fe2459c58e93f
nmmt_route_live_8397_20260918,8397,8397,up,4104,28,427,567787203,1,18.9853363,73.0268097,02-07-2026 11:58:24,0,16:11,16:11,16:03,16:03,15:43,15:43,,1,0,0,2026-09-18T11:36:45.376169+00:00,operator_reported_vehicle_indication,047fe8c33390b1d1fbcde70f2726ecb0211039bed87cf5233f0fe2459c58e93f
nmmt_route_live_8397_20260918,8397,8397,up,4105,29,427,567787203,1,18.9853363,73.0268097,02-07-2026 11:58:24,0,16:13,16:13,16:04,16:04,15:43,15:43,,1,0,0,2026-09-18T11:36:45.376169+00:00,operator_reported_vehicle_indication,047fe8c33390b1d1fbcde70f2726ecb0211039bed87cf5233f0fe2459c58e93f
nmmt_route_live_8397_20260918,8397,8397,up,4106,30,427,567787203,1,18.9853363,73.0268097,02-07-2026 11:58:24,0,16:14,16:14,16:05,16:05,15:43,15:43,,1,0,0,2026-09-18T11:36:45.376169+00:00,operator_reported_vehicle_indication,047fe8c33390b1d1fbcde70f2726ecb0211039bed87cf5233f0fe2459c58e93f
nmmt_route_live_8397_20260918,8397,8397,up,4107,31,427,567787203,1,18.9853363,73.0268097,02-07-2026 11:58:24,0,16:15,16:15,16:07,16:07,15:43,15:43,,1,0,0,2026-09-18T11:36:45.376169+00:00,operator_reported_vehicle_indication,047fe8c33390b1d1fbcde70f2726ecb0211039bed87cf5233f0fe2459c58e93f
nmmt_route_live_8397_20260918,8397,8397,up,4154,32,427,567787203,1,18.9853363,73.0268097,02-07-2026 11:58:24,0,16:16,16:16,16:08,16:09,15:43,15:43,,1,0,0,2026-09-18T11:36:45.376169+00:00,operator_reported_vehicle_indication,047fe8c33390b1d1fbcde70f2726ecb0211039bed87cf5233f0fe2459c58e93f
nmmt_route_live_8397_20260918,8397,8397,up,4156,33,427,567787203,1,18.9853363,73.0268097,02-07-2026 11:58:24,0,16:17,16:17,16:09,16:09,15:43,15:43,,1,0,0,2026-09-18T11:36:45.376169+00:00,operator_reported_vehicle_indication,047fe8c33390b1d1fbcde70f2726ecb0211039bed87cf5233f0fe2459c58e93f
nmmt_route_live_8397_20260918,8397,8397,up,4160,34,427,567787203,1,18.9853363,73.0268097,02-07-2026 11:58:24,0,16:19,16:19,16:11,16:11,15:43,15:43,,1,0,0,2026-09-18T11:36:45.376169+00:00,operator_reported_vehicle_indication,047fe8c33390b1d1fbcde70f2726ecb0211039bed87cf5233f0fe2459c58e93f
nmmt_route_live_8397_20260918,8397,8397,up,4158,35,427,567787203,1,18.9853363,73.0268097,02-07-2026 11:58:24,0,16:20,16:20,16:13,16:13,15:43,15:43,,1,0,0,2026-09-18T11:36:45.376169+00:00,operator_reported_vehicle_indication,047fe8c33390b1d1fbcde70f2726ecb0211039bed87cf5233f0fe2459c58e93f
nmmt_route_live_8397_20260918,8397,8397,up,2892,36,427,567787203,1,18.9853363,73.0268097,02-07-2026 11:58:24,0,16:21,16:21,16:14,16:14,15:43,15:43,,1,0,0,2026-09-18T11:36:45.376169+00:00,operator_reported_vehicle_indication,047fe8c33390b1d1fbcde70f2726ecb0211039bed87cf5233f0fe2459c58e93f
nmmt_route_live_8397_20260918,8397,8397,up,4164,37,427,567787203,1,18.9853363,73.0268097,02-07-2026 11:58:24,0,16:22,16:22,16:15,16:15,15:43,15:43,,1,0,0,2026-09-18T11:36:45.376169+00:00,operator_reported_vehicle_indication,047fe8c33390b1d1fbcde70f2726ecb0211039bed87cf5233f0fe2459c58e93f
nmmt_route_live_8397_20260918,8397,8397,up,3229,38,427,567787203,1,18.9853363,73.0268097,02-07-2026 11:58:24,0,16:23,16:23,16:17,16:17,15:43,15:43,,1,0,0,2026-09-18T11:36:45.376169+00:00,operator_reported_vehicle_indication,047fe8c33390b1d1fbcde70f2726ecb0211039bed87cf5233f0fe2459c58e93f
nmmt_route_live_8397_20260918,8397,8397,up,3710,39,427,567787203,1,18.9853363,73.0268097,02-07-2026 11:58:24,0,16:25,16:25,16:18,16:19,15:43,15:43,,1,0,0,2026-09-18T11:36:45.376169+00:00,operator_reported_vehicle_indication,047fe8c33390b1d1fbcde70f2726ecb0211039bed87cf5233f0fe2459c58e93f
nmmt_route_live_8397_20260918,8397,8397,up,4162,40,427,567787203,1,18.9853363,73.0268097,02-07-2026 11:58:24,0,16:26,16:26,16:19,16:20,15:43,15:43,,1,0,0,2026-09-18T11:36:45.376169+00:00,operator_reported_vehicle_indication,047fe8c33390b1d1fbcde70f2726ecb0211039bed87cf5233f0fe2459c58e93f
nmmt_route_live_8397_20260918,8397,8397,up,2831,41,427,567787203,1,18.9853363,73.0268097,02-07-2026 11:58:24,0,16:27,16:27,16:20,16:20,15:43,15:43,,1,0,0,2026-09-18T11:36:45.376169+00:00,operator_reported_vehicle_indication,047fe8c33390b1d1fbcde70f2726ecb0211039bed87cf5233f0fe2459c58e93f
nmmt_route_live_8397_20260918,8397,8397,up,2830,42,427,567787203,1,18.9853363,73.0268097,02-07-2026 11:58:24,0,16:28,16:28,16:22,16:22,15:43,15:43,,1,0,0,2026-09-18T11:36:45.376169+00:00,operator_reported_vehicle_indication,047fe8c33390b1d1fbcde70f2726ecb0211039bed87cf5233f0fe2459c58e93f
nmmt_route_live_8397_20260918,8397,8397,up,2829,43,427,567787203,1,18.9853363,73.0268097,02-07-2026 11:58:24,0,16:29,16:29,,,15:43,15:43,,1,0,0,2026-09-18T11:36:45.376169+00:00,operator_reported_vehicle_indication,047fe8c33390b1d1fbcde70f2726ecb0211039bed87cf5233f0fe2459c58e93f
nmmt_route_live_8397_20260918,8397,8397,up,3226,44,427,567787203,1,18.9853363,73.0268097,02-07-2026 11:58:24,0,16:31,16:31,16:24,16:25,15:43,15:43,,1,0,0,2026-09-18T11:36:45.376169+00:00,operator_reported_vehicle_indication,047fe8c33390b1d1fbcde70f2726ecb0211039bed87cf5233f0fe2459c58e93f
nmmt_route_live_8397_20260918,8397,8397,up,3225,45,427,567787203,1,18.9853363,73.0268097,02-07-2026 11:58:24,0,16:32,16:32,16:25,16:25,15:43,15:43,,1,0,0,2026-09-18T11:36:45.376169+00:00,operator_reported_vehicle_indication,047fe8c33390b1d1fbcde70f2726ecb0211039bed87cf5233f0fe2459c58e93f
nmmt_route_live_8397_20260918,8397,8397,up,3224,46,427,567787203,1,18.9853363,73.0268097,02-07-2026 11:58:24,0,16:33,16:33,16:26,16:26,15:43,15:43,,1,0,0,2026-09-18T11:36:45.376169+00:00,operator_reported_vehicle_indication,047fe8c33390b1d1fbcde70f2726ecb0211039bed87cf5233f0fe2459c58e93f
nmmt_route_live_8397_20260918,8397,8397,up,3223,47,427,567787203,1,18.9853363,73.0268097,02-07-2026 11:58:24,0,16:34,16:34,,,15:43,15:43,,1,0,0,2026-09-18T11:36:45.376169+00:00,operator_reported_vehicle_indication,047fe8c33390b1d1fbcde70f2726ecb0211039bed87cf5233f0fe2459c58e93f
nmmt_route_live_8397_20260918,8397,8397,up,3693,48,427,567787203,1,18.9853363,73.0268097,02-07-2026 11:58:24,0,16:35,16:35,,,15:43,15:43,,1,0,0,2026-09-18T11:36:45.376169+00:00,operator_reported_vehicle_indication,047fe8c33390b1d1fbcde70f2726ecb0211039bed87cf5233f0fe2459c58e93f
nmmt_route_live_8397_20260918,8397,8397,up,3220,49,427,567787203,1,18.9853363,73.0268097,02-07-2026 11:58:24,0,16:37,16:37,16:30,16:30,15:43,15:43,,1,0,0,2026-09-18T11:36:45.376169+00:00,operator_reported_vehicle_indication,047fe8c33390b1d1fbcde70f2726ecb0211039bed87cf5233f0fe2459c58e93f
nmmt_route_live_8397_20260918,8397,8397,up,3219,50,427,567787203,1,18.9853363,73.0268097,02-07-2026 11:58:24,0,16:38,16:38,16:31,16:31,15:43,15:43,,1,0,0,2026-09-18T11:36:45.376169+00:00,operator_reported_vehicle_indication,047fe8c33390b1d1fbcde70f2726ecb0211039bed87cf5233f0fe2459c58e93f
nmmt_route_live_8397_20260918,8397,8397,up,3612,51,427,567787203,1,18.9853363,73.0268097,02-07-2026 11:58:24,0,16:40,16:40,16:33,16:33,15:43,15:43,,1,0,0,2026-09-18T11:36:45.376169+00:00,operator_reported_vehicle_indication,047fe8c33390b1d1fbcde70f2726ecb0211039bed87cf5233f0fe2459c58e93f
nmmt_route_live_8397_20260918,8397,8397,up,3247,52,427,567787203,1,18.9853363,73.0268097,02-07-2026 11:58:24,0,16:41,16:41,16:34,16:34,15:43,15:43,,1,0,0,2026-09-18T11:36:45.376169+00:00,operator_reported_vehicle_indication,047fe8c33390b1d1fbcde70f2726ecb0211039bed87cf5233f0fe2459c58e93f
nmmt_route_live_8397_20260918,8397,8397,up,3246,53,427,567787203,1,18.9853363,73.0268097,02-07-2026 11:58:24,0,16:43,16:43,16:35,16:35,15:43,15:43,,1,0,0,2026-09-18T11:36:45.376169+00:00,operator_reported_vehicle_indication,047fe8c33390b1d1fbcde70f2726ecb0211039bed87cf5233f0fe2459c58e93f
nmmt_route_live_8397_20260918,8397,8397,up,3245,54,427,567787203,1,18.9853363,73.0268097,02-07-2026 11:58:24,0,16:44,16:44,16:36,16:36,15:43,15:43,,1,0,0,2026-09-18T11:36:45.376169+00:00,operator_reported_vehicle_indication,047fe8c33390b1d1fbcde70f2726ecb0211039bed87cf5233f0fe2459c58e93f
nmmt_route_live_8397_20260918,8397,8397,up,3244,55,427,567787203,1,18.9853363,73.0268097,02-07-2026 11:58:24,0,16:45,16:45,16:37,16:37,15:43,15:43,,1,0,0,2026-09-18T11:36:45.376169+00:00,operator_reported_vehicle_indication,047fe8c33390b1d1fbcde70f2726ecb0211039bed87cf5233f0fe2459c58e93f
nmmt_route_live_8397_20260918,8397,8397,up,2525,56,427,567787203,1,18.9853363,73.0268097,02-07-2026 11:58:24,0,16:47,16:47,16:38,16:38,15:43,15:43,,1,0,0,2026-09-18T11:36:45.376169+00:00,operator_reported_vehicle_indication,047fe8c33390b1d1fbcde70f2726ecb0211039bed87cf5233f0fe2459c58e93f
nmmt_route_live_8397_20260918,8397,8397,up,4147,57,427,567787203,1,18.9853363,73.0268097,02-07-2026 11:58:24,0,16:49,16:49,16:39,16:39,15:43,15:43,,1,0,0,2026-09-18T11:36:45.376169+00:00,operator_reported_vehicle_indication,047fe8c33390b1d1fbcde70f2726ecb0211039bed87cf5233f0fe2459c58e93f
nmmt_route_live_8397_20260918,8397,8397,up,3242,58,427,567787203,1,18.9853363,73.0268097,02-07-2026 11:58:24,0,16:50,16:50,16:40,16:40,15:43,15:43,,1,0,0,2026-09-18T11:36:45.376169+00:00,operator_reported_vehicle_indication,047fe8c33390b1d1fbcde70f2726ecb0211039bed87cf5233f0fe2459c58e93f
nmmt_route_live_8397_20260918,8397,8397,up,4146,59,427,567787203,1,18.9853363,73.0268097,02-07-2026 11:58:24,0,16:52,16:52,16:41,16:41,15:43,15:43,,1,0,0,2026-09-18T11:36:45.376169+00:00,operator_reported_vehicle_indication,047fe8c33390b1d1fbcde70f2726ecb0211039bed87cf5233f0fe2459c58e93f
nmmt_route_live_8397_20260918,8397,8397,up,4144,60,427,567787203,1,18.9853363,73.0268097,02-07-2026 11:58:24,0,16:55,16:55,16:42,16:42,15:43,15:43,,1,0,0,2026-09-18T11:36:45.376169+00:00,operator_reported_vehicle_indication,047fe8c33390b1d1fbcde70f2726ecb0211039bed87cf5233f0fe2459c58e93f
nmmt_route_live_8397_20260918,8397,8397,up,3609,61,427,567787203,1,18.9853363,73.0268097,02-07-2026 11:58:24,0,16:56,16:56,16:43,16:43,15:43,15:43,,1,0,0,2026-09-18T11:36:45.376169+00:00,operator_reported_vehicle_indication,047fe8c33390b1d1fbcde70f2726ecb0211039bed87cf5233f0fe2459c58e93f
nmmt_route_live_8397_20260918,8397,8397,up,3918,62,427,567787203,1,18.9853363,73.0268097,02-07-2026 11:58:24,0,16:57,16:57,16:44,16:44,15:43,15:43,,1,0,0,2026-09-18T11:36:45.376169+00:00,operator_reported_vehicle_indication,047fe8c33390b1d1fbcde70f2726ecb0211039bed87cf5233f0fe2459c58e93f
nmmt_route_live_8397_20260918,8397,8397,up,3279,63,427,567787203,1,18.9853363,73.0268097,02-07-2026 11:58:24,0,16:58,16:58,16:46,16:46,15:43,15:43,,1,0,0,2026-09-18T11:36:45.376169+00:00,operator_reported_vehicle_indication,047fe8c33390b1d1fbcde70f2726ecb0211039bed87cf5233f0fe2459c58e93f
nmmt_route_live_8397_20260918,8397,8397,up,2811,64,427,567787203,1,18.9853363,73.0268097,02-07-2026 11:58:24,0,16:59,16:59,16:46,16:47,15:43,15:43,,1,0,0,2026-09-18T11:36:45.376169+00:00,operator_reported_vehicle_indication,047fe8c33390b1d1fbcde70f2726ecb0211039bed87cf5233f0fe2459c58e93f
nmmt_route_live_8397_20260918,8397,8397,up,2809,65,427,567787203,1,18.9853363,73.0268097,02-07-2026 11:58:24,0,17:01,17:01,16:48,16:48,15:43,15:43,,1,0,0,2026-09-18T11:36:45.376169+00:00,operator_reported_vehicle_indication,047fe8c33390b1d1fbcde70f2726ecb0211039bed87cf5233f0fe2459c58e93f
nmmt_route_live_8397_20260918,8397,8397,up,2540,66,427,567787203,1,18.9853363,73.0268097,02-07-2026 11:58:24,0,17:02,17:02,16:49,16:49,15:43,15:43,,1,0,0,2026-09-18T11:36:45.376169+00:00,operator_reported_vehicle_indication,047fe8c33390b1d1fbcde70f2726ecb0211039bed87cf5233f0fe2459c58e93f
nmmt_route_live_8397_20260918,8397,8397,up,4816,67,427,567787203,1,18.9853363,73.0268097,02-07-2026 11:58:24,0,17:03,17:03,16:52,16:52,15:43,15:43,,1,0,0,2026-09-18T11:36:45.376169+00:00,operator_reported_vehicle_indication,047fe8c33390b1d1fbcde70f2726ecb0211039bed87cf5233f0fe2459c58e93f
nmmt_route_live_8397_20260918,8397,8397,up,4139,68,427,567787203,1,18.9853363,73.0268097,02-07-2026 11:58:24,0,17:04,17:04,16:53,16:54,15:43,15:43,,1,0,0,2026-09-18T11:36:45.376169+00:00,operator_reported_vehicle_indication,047fe8c33390b1d1fbcde70f2726ecb0211039bed87cf5233f0fe2459c58e93f
nmmt_route_live_8397_20260918,8397,8397,up,4137,69,427,567787203,1,18.9853363,73.0268097,02-07-2026 11:58:24,0,17:05,17:05,16:55,16:56,15:43,15:43,,1,0,0,2026-09-18T11:36:45.376169+00:00,operator_reported_vehicle_indication,047fe8c33390b1d1fbcde70f2726ecb0211039bed87cf5233f0fe2459c58e93f
nmmt_route_live_8397_20260918,8397,8397,up,2668,70,427,567787203,1,18.9853363,73.0268097,02-07-2026 11:58:24,0,17:07,17:07,16:56,16:56,15:43,15:43,,1,0,0,2026-09-18T11:36:45.376169+00:00,operator_reported_vehicle_indication,047fe8c33390b1d1fbcde70f2726ecb0211039bed87cf5233f0fe2459c58e93f
nmmt_route_live_8397_20260918,8397,8397,up,4135,71,427,567787203,1,18.9853363,73.0268097,02-07-2026 11:58:24,0,17:09,17:09,16:57,16:58,15:43,15:43,,1,0,0,2026-09-18T11:36:45.376169+00:00,operator_reported_vehicle_indication,047fe8c33390b1d1fbcde70f2726ecb0211039bed87cf5233f0fe2459c58e93f
nmmt_route_live_8397_20260918,8397,8397,up,4133,72,427,567787203,1,18.9853363,73.0268097,02-07-2026 11:58:24,0,17:10,17:10,16:59,16:59,15:43,15:43,,1,0,0,2026-09-18T11:36:45.376169+00:00,operator_reported_vehicle_indication,047fe8c33390b1d1fbcde70f2726ecb0211039bed87cf5233f0fe2459c58e93f
nmmt_route_live_8397_20260918,8397,8397,up,4132,73,427,567787203,1,18.9853363,73.0268097,02-07-2026 11:58:24,0,17:11,17:11,17:00,17:00,15:43,15:43,,1,0,0,2026-09-18T11:36:45.376169+00:00,operator_reported_vehicle_indication,047fe8c33390b1d1fbcde70f2726ecb0211039bed87cf5233f0fe2459c58e93f
nmmt_route_live_8397_20260918,8397,8397,up,4131,74,427,567787203,1,18.9853363,73.0268097,02-07-2026 11:58:24,0,17:13,17:13,17:01,17:01,15:43,15:43,,1,0,0,2026-09-18T11:36:45.376169+00:00,operator_reported_vehicle_indication,047fe8c33390b1d1fbcde70f2726ecb0211039bed87cf5233f0fe2459c58e93f
nmmt_route_live_8397_20260918,8397,8397,up,4130,75,427,567787203,1,18.9853363,73.0268097,02-07-2026 11:58:24,0,17:14,17:14,17:02,17:02,15:43,15:43,,1,0,0,2026-09-18T11:36:45.376169+00:00,operator_reported_vehicle_indication,047fe8c33390b1d1fbcde70f2726ecb0211039bed87cf5233f0fe2459c58e93f
nmmt_route_live_8397_20260918,8397,8397,up,4129,76,427,567787203,1,18.9853363,73.0268097,02-07-2026 11:58:24,0,17:15,17:15,17:03,17:03,15:43,15:43,,1,0,0,2026-09-18T11:36:45.376169+00:00,operator_reported_vehicle_indication,047fe8c33390b1d1fbcde70f2726ecb0211039bed87cf5233f0fe2459c58e93f
nmmt_route_live_8397_20260918,8397,8397,up,4127,77,427,567787203,1,18.9853363,73.0268097,02-07-2026 11:58:24,0,17:16,17:16,17:04,17:05,15:43,15:43,17:06,1,0,0,2026-09-18T11:36:45.376169+00:00,operator_reported_vehicle_indication,047fe8c33390b1d1fbcde70f2726ecb0211039bed87cf5233f0fe2459c58e93f
nmmt_route_live_8397_20260918,8397,8397,up,2678,78,427,567787203,1,18.9853363,73.0268097,02-07-2026 11:58:24,0,17:17,17:17,,,15:43,15:43,17:06,0,0,0,2026-09-18T11:36:45.376169+00:00,operator_reported_vehicle_indication,047fe8c33390b1d1fbcde70f2726ecb0211039bed87cf5233f0fe2459c58e93f
nmmt_route_live_8397_20260918,8397,8397,up,4217,79,427,567787203,1,18.9853363,73.0268097,02-07-2026 11:58:24,0,17:17,17:17,,,15:43,15:43,17:06,0,0,0,2026-09-18T11:36:45.376169+00:00,operator_reported_vehicle_indication,047fe8c33390b1d1fbcde70f2726ecb0211039bed87cf5233f0fe2459c58e93f
nmmt_route_live_8397_20260918,8397,8397,up,4215,80,427,567787203,1,18.9853363,73.0268097,02-07-2026 11:58:24,0,17:17,17:17,,,15:43,15:43,17:06,0,0,0,2026-09-18T11:36:45.376169+00:00,operator_reported_vehicle_indication,047fe8c33390b1d1fbcde70f2726ecb0211039bed87cf5233f0fe2459c58e93f
nmmt_route_live_8397_20260918,8397,8397,up,4216,81,427,567787203,1,18.9853363,73.0268097,02-07-2026 11:58:24,0,17:19,17:19,,,15:43,15:43,17:07,0,0,0,2026-09-18T11:36:45.376169+00:00,operator_reported_vehicle_indication,047fe8c33390b1d1fbcde70f2726ecb0211039bed87cf5233f0fe2459c58e93f
nmmt_route_live_8397_20260918,8397,8397,up,4233,82,427,567787203,1,18.9853363,73.0268097,02-07-2026 11:58:24,0,17:20,17:20,,,15:43,15:43,17:07,0,0,0,2026-09-18T11:36:45.376169+00:00,operator_reported_vehicle_indication,047fe8c33390b1d1fbcde70f2726ecb0211039bed87cf5233f0fe2459c58e93f
nmmt_route_live_8397_20260918,8397,8397,up,3914,83,427,567787203,1,18.9853363,73.0268097,02-07-2026 11:58:24,0,17:21,17:21,,,15:43,15:43,17:07,0,0,0,2026-09-18T11:36:45.376169+00:00,operator_reported_vehicle_indication,047fe8c33390b1d1fbcde70f2726ecb0211039bed87cf5233f0fe2459c58e93f
nmmt_route_live_8397_20260918,8397,8397,up,2767,84,427,567787203,1,18.9853363,73.0268097,02-07-2026 11:58:24,0,17:22,17:22,,,15:43,15:43,17:08,0,0,0,2026-09-18T11:36:45.376169+00:00,operator_reported_vehicle_indication,047fe8c33390b1d1fbcde70f2726ecb0211039bed87cf5233f0fe2459c58e93f
nmmt_route_live_8397_20260918,8397,8397,up,2766,85,427,567787203,1,18.9853363,73.0268097,02-07-2026 11:58:24,0,17:22,17:22,,,15:43,15:43,17:08,0,0,0,2026-09-18T11:36:45.376169+00:00,operator_reported_vehicle_indication,047fe8c33390b1d1fbcde70f2726ecb0211039bed87cf5233f0fe2459c58e93f
nmmt_route_live_8397_20260918,8397,8397,up,2764,86,427,567787203,1,18.9853363,73.0268097,02-07-2026 11:58:24,0,17:22,17:22,,,15:43,15:43,17:08,0,0,0,2026-09-18T11:36:45.376169+00:00,operator_reported_vehicle_indication,047fe8c33390b1d1fbcde70f2726ecb0211039bed87cf5233f0fe2459c58e93f
nmmt_route_live_8397_20260918,8397,8397,up,2765,87,427,567787203,1,18.9853363,73.0268097,02-07-2026 11:58:24,0,17:22,17:22,,,15:43,15:43,17:12,0,0,0,2026-09-18T11:36:45.376169+00:00,operator_reported_vehicle_indication,047fe8c33390b1d1fbcde70f2726ecb0211039bed87cf5233f0fe2459c58e93f
nmmt_route_live_8397_20260918,8397,8397,up,3075,88,427,567787203,1,18.9853363,73.0268097,02-07-2026 11:58:24,0,17:27,17:27,,,15:43,15:43,17:13,0,0,0,2026-09-18T11:36:45.376169+00:00,operator_reported_vehicle_indication,047fe8c33390b1d1fbcde70f2726ecb0211039bed87cf5233f0fe2459c58e93f
nmmt_route_live_8397_20260918,8397,8397,up,2908,89,427,567787203,1,18.9853363,73.0268097,02-07-2026 11:58:24,0,17:31,17:31,,,15:43,15:43,17:18,0,0,0,2026-09-18T11:36:45.376169+00:00,operator_reported_vehicle_indication,047fe8c33390b1d1fbcde70f2726ecb0211039bed87cf5233f0fe2459c58e93f
nmmt_route_live_8675_20260918,8675,8675,down,3477,1,573,567802581,1,19.021341666666668,73.089835,18-09-2026 17:06:42,0,17:22,17:22,16:38,16:38,17:22,17:22,,1,0,0,2026-09-18T11:37:07.804581+00:00,operator_reported_vehicle_indication,82948ebf8307d83473e53c365d8b72cb9d59139195a902bbb0f3f2c40222f4be
nmmt_route_live_8675_20260918,8675,8675,down,3477,1,573,567802579,1,19.021341666666668,73.089835,18-09-2026 17:06:42,0,16:22,16:22,16:38,16:38,16:22,16:22,,1,0,0,2026-09-18T11:37:07.804581+00:00,operator_reported_vehicle_indication,82948ebf8307d83473e53c365d8b72cb9d59139195a902bbb0f3f2c40222f4be
nmmt_route_live_8675_20260918,8675,8675,down,3476,2,573,567802581,1,19.021341666666668,73.089835,18-09-2026 17:06:42,0,17:23,17:23,16:38,16:39,17:22,17:22,,1,0,0,2026-09-18T11:37:07.804581+00:00,operator_reported_vehicle_indication,82948ebf8307d83473e53c365d8b72cb9d59139195a902bbb0f3f2c40222f4be
nmmt_route_live_8675_20260918,8675,8675,down,3476,2,573,567802579,1,19.021341666666668,73.089835,18-09-2026 17:06:42,0,16:23,16:23,16:38,16:39,16:22,16:22,,1,0,0,2026-09-18T11:37:07.804581+00:00,operator_reported_vehicle_indication,82948ebf8307d83473e53c365d8b72cb9d59139195a902bbb0f3f2c40222f4be
nmmt_route_live_8675_20260918,8675,8675,down,3475,3,573,567802581,1,19.021341666666668,73.089835,18-09-2026 17:06:42,0,17:24,17:24,16:39,16:40,17:22,17:22,,1,0,0,2026-09-18T11:37:07.804581+00:00,operator_reported_vehicle_indication,82948ebf8307d83473e53c365d8b72cb9d59139195a902bbb0f3f2c40222f4be
nmmt_route_live_8675_20260918,8675,8675,down,3475,3,573,567802579,1,19.021341666666668,73.089835,18-09-2026 17:06:42,0,16:24,16:24,16:39,16:40,16:22,16:22,,1,0,0,2026-09-18T11:37:07.804581+00:00,operator_reported_vehicle_indication,82948ebf8307d83473e53c365d8b72cb9d59139195a902bbb0f3f2c40222f4be
nmmt_route_live_8675_20260918,8675,8675,down,3474,4,573,567802579,1,19.021341666666668,73.089835,18-09-2026 17:06:42,0,16:25,16:25,16:40,16:41,16:22,16:22,,1,0,0,2026-09-18T11:37:07.804581+00:00,operator_reported_vehicle_indication,82948ebf8307d83473e53c365d8b72cb9d59139195a902bbb0f3f2c40222f4be
nmmt_route_live_8675_20260918,8675,8675,down,3474,4,573,567802581,1,19.021341666666668,73.089835,18-09-2026 17:06:42,0,17:25,17:25,16:40,16:41,17:22,17:22,,1,0,0,2026-09-18T11:37:07.804581+00:00,operator_reported_vehicle_indication,82948ebf8307d83473e53c365d8b72cb9d59139195a902bbb0f3f2c40222f4be
nmmt_route_live_8675_20260918,8675,8675,down,3473,5,573,567802581,1,19.021341666666668,73.089835,18-09-2026 17:06:42,0,17:26,17:26,16:41,16:42,17:22,17:22,,1,0,0,2026-09-18T11:37:07.804581+00:00,operator_reported_vehicle_indication,82948ebf8307d83473e53c365d8b72cb9d59139195a902bbb0f3f2c40222f4be
nmmt_route_live_8675_20260918,8675,8675,down,3473,5,573,567802579,1,19.021341666666668,73.089835,18-09-2026 17:06:42,0,16:26,16:26,16:41,16:42,16:22,16:22,,1,0,0,2026-09-18T11:37:07.804581+00:00,operator_reported_vehicle_indication,82948ebf8307d83473e53c365d8b72cb9d59139195a902bbb0f3f2c40222f4be
nmmt_route_live_8675_20260918,8675,8675,down,4763,6,573,567802579,1,19.021341666666668,73.089835,18-09-2026 17:06:42,0,16:27,16:27,16:43,16:44,16:22,16:22,,1,0,0,2026-09-18T11:37:07.804581+00:00,operator_reported_vehicle_indication,82948ebf8307d83473e53c365d8b72cb9d59139195a902bbb0f3f2c40222f4be
nmmt_route_live_8675_20260918,8675,8675,down,4763,6,573,567802581,1,19.021341666666668,73.089835,18-09-2026 17:06:42,0,17:27,17:27,16:43,16:44,17:22,17:22,,1,0,0,2026-09-18T11:37:07.804581+00:00,operator_reported_vehicle_indication,82948ebf8307d83473e53c365d8b72cb9d59139195a902bbb0f3f2c40222f4be
nmmt_route_live_8675_20260918,8675,8675,down,4764,7,573,567802581,1,19.021341666666668,73.089835,18-09-2026 17:06:42,0,17:28,17:28,,,17:22,17:22,,1,0,0,2026-09-18T11:37:07.804581+00:00,operator_reported_vehicle_indication,82948ebf8307d83473e53c365d8b72cb9d59139195a902bbb0f3f2c40222f4be
nmmt_route_live_8675_20260918,8675,8675,down,4764,7,573,567802579,1,19.021341666666668,73.089835,18-09-2026 17:06:42,0,16:28,16:28,,,16:22,16:22,,1,0,0,2026-09-18T11:37:07.804581+00:00,operator_reported_vehicle_indication,82948ebf8307d83473e53c365d8b72cb9d59139195a902bbb0f3f2c40222f4be
nmmt_route_live_8675_20260918,8675,8675,down,3471,8,573,567802581,1,19.021341666666668,73.089835,18-09-2026 17:06:42,0,17:29,17:29,,,17:22,17:22,,1,0,0,2026-09-18T11:37:07.804581+00:00,operator_reported_vehicle_indication,82948ebf8307d83473e53c365d8b72cb9d59139195a902bbb0f3f2c40222f4be
nmmt_route_live_8675_20260918,8675,8675,down,3471,8,573,567802579,1,19.021341666666668,73.089835,18-09-2026 17:06:42,0,16:29,16:29,,,16:22,16:22,,1,0,0,2026-09-18T11:37:07.804581+00:00,operator_reported_vehicle_indication,82948ebf8307d83473e53c365d8b72cb9d59139195a902bbb0f3f2c40222f4be
nmmt_route_live_8675_20260918,8675,8675,down,3741,9,573,567802581,1,19.021341666666668,73.089835,18-09-2026 17:06:42,0,17:31,17:31,,,17:22,17:22,,1,0,0,2026-09-18T11:37:07.804581+00:00,operator_reported_vehicle_indication,82948ebf8307d83473e53c365d8b72cb9d59139195a902bbb0f3f2c40222f4be
nmmt_route_live_8675_20260918,8675,8675,down,3741,9,573,567802579,1,19.021341666666668,73.089835,18-09-2026 17:06:42,0,16:30,16:30,,,16:22,16:22,,1,0,0,2026-09-18T11:37:07.804581+00:00,operator_reported_vehicle_indication,82948ebf8307d83473e53c365d8b72cb9d59139195a902bbb0f3f2c40222f4be
nmmt_route_live_8675_20260918,8675,8675,down,3426,10,573,567802579,1,19.021341666666668,73.089835,18-09-2026 17:06:42,0,16:31,16:31,16:47,16:48,16:22,16:22,,1,0,0,2026-09-18T11:37:07.804581+00:00,operator_reported_vehicle_indication,82948ebf8307d83473e53c365d8b72cb9d59139195a902bbb0f3f2c40222f4be
nmmt_route_live_8675_20260918,8675,8675,down,3426,10,573,567802581,1,19.021341666666668,73.089835,18-09-2026 17:06:42,0,17:32,17:32,16:47,16:48,17:22,17:22,,1,0,0,2026-09-18T11:37:07.804581+00:00,operator_reported_vehicle_indication,82948ebf8307d83473e53c365d8b72cb9d59139195a902bbb0f3f2c40222f4be
nmmt_route_live_8675_20260918,8675,8675,down,3425,11,573,567802581,1,19.021341666666668,73.089835,18-09-2026 17:06:42,0,17:33,17:33,16:48,16:49,17:22,17:22,,1,0,0,2026-09-18T11:37:07.804581+00:00,operator_reported_vehicle_indication,82948ebf8307d83473e53c365d8b72cb9d59139195a902bbb0f3f2c40222f4be
nmmt_route_live_8675_20260918,8675,8675,down,3425,11,573,567802579,1,19.021341666666668,73.089835,18-09-2026 17:06:42,0,16:32,16:32,16:48,16:49,16:22,16:22,,1,0,0,2026-09-18T11:37:07.804581+00:00,operator_reported_vehicle_indication,82948ebf8307d83473e53c365d8b72cb9d59139195a902bbb0f3f2c40222f4be
nmmt_route_live_8675_20260918,8675,8675,down,3743,12,573,567802579,1,19.021341666666668,73.089835,18-09-2026 17:06:42,0,16:33,16:33,16:50,16:51,16:22,16:22,,1,0,0,2026-09-18T11:37:07.804581+00:00,operator_reported_vehicle_indication,82948ebf8307d83473e53c365d8b72cb9d59139195a902bbb0f3f2c40222f4be
nmmt_route_live_8675_20260918,8675,8675,down,3743,12,573,567802581,1,19.021341666666668,73.089835,18-09-2026 17:06:42,0,17:34,17:34,16:50,16:51,17:22,17:22,,1,0,0,2026-09-18T11:37:07.804581+00:00,operator_reported_vehicle_indication,82948ebf8307d83473e53c365d8b72cb9d59139195a902bbb0f3f2c40222f4be
nmmt_route_live_8675_20260918,8675,8675,down,3424,13,573,567802579,1,19.021341666666668,73.089835,18-09-2026 17:06:42,0,16:34,16:34,,,16:22,16:22,,1,0,0,2026-09-18T11:37:07.804581+00:00,operator_reported_vehicle_indication,82948ebf8307d83473e53c365d8b72cb9d59139195a902bbb0f3f2c40222f4be
nmmt_route_live_8675_20260918,8675,8675,down,3424,13,573,567802581,1,19.021341666666668,73.089835,18-09-2026 17:06:42,0,17:35,17:35,,,17:22,17:22,,1,0,0,2026-09-18T11:37:07.804581+00:00,operator_reported_vehicle_indication,82948ebf8307d83473e53c365d8b72cb9d59139195a902bbb0f3f2c40222f4be
nmmt_route_live_8675_20260918,8675,8675,down,3423,14,573,567802579,1,19.021341666666668,73.089835,18-09-2026 17:06:42,0,16:35,16:35,16:54,16:55,16:22,16:22,,1,0,0,2026-09-18T11:37:07.804581+00:00,operator_reported_vehicle_indication,82948ebf8307d83473e53c365d8b72cb9d59139195a902bbb0f3f2c40222f4be
nmmt_route_live_8675_20260918,8675,8675,down,3423,14,573,567802581,1,19.021341666666668,73.089835,18-09-2026 17:06:42,0,17:36,17:36,16:54,16:55,17:22,17:22,,1,0,0,2026-09-18T11:37:07.804581+00:00,operator_reported_vehicle_indication,82948ebf8307d83473e53c365d8b72cb9d59139195a902bbb0f3f2c40222f4be
nmmt_route_live_8675_20260918,8675,8675,down,2770,15,573,567802579,1,19.021341666666668,73.089835,18-09-2026 17:06:42,0,16:36,16:36,17:00,17:02,16:22,16:22,,1,0,0,2026-09-18T11:37:07.804581+00:00,operator_reported_vehicle_indication,82948ebf8307d83473e53c365d8b72cb9d59139195a902bbb0f3f2c40222f4be
nmmt_route_live_8675_20260918,8675,8675,down,2770,15,573,567802581,1,19.021341666666668,73.089835,18-09-2026 17:06:42,0,17:37,17:37,17:00,17:02,17:22,17:22,,1,0,0,2026-09-18T11:37:07.804581+00:00,operator_reported_vehicle_indication,82948ebf8307d83473e53c365d8b72cb9d59139195a902bbb0f3f2c40222f4be
nmmt_route_live_8675_20260918,8675,8675,down,3935,16,573,567802579,1,19.021341666666668,73.089835,18-09-2026 17:06:42,0,16:37,16:37,,,16:22,16:22,,1,0,0,2026-09-18T11:37:07.804581+00:00,operator_reported_vehicle_indication,82948ebf8307d83473e53c365d8b72cb9d59139195a902bbb0f3f2c40222f4be
nmmt_route_live_8675_20260918,8675,8675,down,3935,16,573,567802581,1,19.021341666666668,73.089835,18-09-2026 17:06:42,0,17:38,17:38,,,17:22,17:22,,1,0,0,2026-09-18T11:37:07.804581+00:00,operator_reported_vehicle_indication,82948ebf8307d83473e53c365d8b72cb9d59139195a902bbb0f3f2c40222f4be
nmmt_route_live_8675_20260918,8675,8675,down,2769,17,573,567802579,1,19.021341666666668,73.089835,18-09-2026 17:06:42,0,16:38,16:38,17:02,17:02,16:22,16:22,,1,0,0,2026-09-18T11:37:07.804581+00:00,operator_reported_vehicle_indication,82948ebf8307d83473e53c365d8b72cb9d59139195a902bbb0f3f2c40222f4be
nmmt_route_live_8675_20260918,8675,8675,down,2769,17,573,567802581,1,19.021341666666668,73.089835,18-09-2026 17:06:42,0,17:40,17:40,17:02,17:02,17:22,17:22,,1,0,0,2026-09-18T11:37:07.804581+00:00,operator_reported_vehicle_indication,82948ebf8307d83473e53c365d8b72cb9d59139195a902bbb0f3f2c40222f4be
nmmt_route_live_8675_20260918,8675,8675,down,2768,18,573,567802581,1,19.021341666666668,73.089835,18-09-2026 17:06:42,0,17:41,17:41,17:02,17:03,17:22,17:22,,1,0,0,2026-09-18T11:37:07.804581+00:00,operator_reported_vehicle_indication,82948ebf8307d83473e53c365d8b72cb9d59139195a902bbb0f3f2c40222f4be
nmmt_route_live_8675_20260918,8675,8675,down,2768,18,573,567802579,1,19.021341666666668,73.089835,18-09-2026 17:06:42,0,16:39,16:39,17:02,17:03,16:22,16:22,,1,0,0,2026-09-18T11:37:07.804581+00:00,operator_reported_vehicle_indication,82948ebf8307d83473e53c365d8b72cb9d59139195a902bbb0f3f2c40222f4be
nmmt_route_live_8675_20260918,8675,8675,down,3454,19,573,567802579,1,19.021341666666668,73.089835,18-09-2026 17:06:42,0,16:41,16:41,17:05,17:05,16:22,16:22,,1,0,0,2026-09-18T11:37:07.804581+00:00,operator_reported_vehicle_indication,82948ebf8307d83473e53c365d8b72cb9d59139195a902bbb0f3f2c40222f4be
nmmt_route_live_8675_20260918,8675,8675,down,3454,19,573,567802581,1,19.021341666666668,73.089835,18-09-2026 17:06:42,0,17:43,17:43,17:05,17:05,17:22,17:22,,1,0,0,2026-09-18T11:37:07.804581+00:00,operator_reported_vehicle_indication,82948ebf8307d83473e53c365d8b72cb9d59139195a902bbb0f3f2c40222f4be
nmmt_route_live_8675_20260918,8675,8675,down,3453,20,573,567802579,1,19.021341666666668,73.089835,18-09-2026 17:06:42,0,16:42,16:42,17:05,17:06,16:22,16:22,,1,0,0,2026-09-18T11:37:07.804581+00:00,operator_reported_vehicle_indication,82948ebf8307d83473e53c365d8b72cb9d59139195a902bbb0f3f2c40222f4be
nmmt_route_live_8675_20260918,8675,8675,down,3453,20,573,567802581,1,19.021341666666668,73.089835,18-09-2026 17:06:42,0,17:44,17:44,17:05,17:06,17:22,17:22,,1,0,0,2026-09-18T11:37:07.804581+00:00,operator_reported_vehicle_indication,82948ebf8307d83473e53c365d8b72cb9d59139195a902bbb0f3f2c40222f4be
nmmt_route_live_8675_20260918,8675,8675,down,4770,21,573,567802579,1,19.021341666666668,73.089835,18-09-2026 17:06:42,0,16:43,16:43,,,16:22,16:22,17:07,0,0,0,2026-09-18T11:37:07.804581+00:00,operator_reported_vehicle_indication,82948ebf8307d83473e53c365d8b72cb9d59139195a902bbb0f3f2c40222f4be
nmmt_route_live_8675_20260918,8675,8675,down,4770,21,573,567802581,1,19.021341666666668,73.089835,18-09-2026 17:06:42,0,17:45,17:45,,,17:22,17:22,17:07,0,0,0,2026-09-18T11:37:07.804581+00:00,operator_reported_vehicle_indication,82948ebf8307d83473e53c365d8b72cb9d59139195a902bbb0f3f2c40222f4be
nmmt_route_live_8675_20260918,8675,8675,down,3451,22,573,567802579,1,19.021341666666668,73.089835,18-09-2026 17:06:42,0,16:44,16:44,,,16:22,16:22,17:08,0,0,0,2026-09-18T11:37:07.804581+00:00,operator_reported_vehicle_indication,82948ebf8307d83473e53c365d8b72cb9d59139195a902bbb0f3f2c40222f4be
nmmt_route_live_8675_20260918,8675,8675,down,3451,22,573,567802581,1,19.021341666666668,73.089835,18-09-2026 17:06:42,0,17:46,17:46,,,17:22,17:22,17:08,0,0,0,2026-09-18T11:37:07.804581+00:00,operator_reported_vehicle_indication,82948ebf8307d83473e53c365d8b72cb9d59139195a902bbb0f3f2c40222f4be
nmmt_route_live_8675_20260918,8675,8675,down,3450,23,573,567802581,1,19.021341666666668,73.089835,18-09-2026 17:06:42,0,17:47,17:47,,,17:22,17:22,17:09,0,0,0,2026-09-18T11:37:07.804581+00:00,operator_reported_vehicle_indication,82948ebf8307d83473e53c365d8b72cb9d59139195a902bbb0f3f2c40222f4be
nmmt_route_live_8675_20260918,8675,8675,down,3450,23,573,567802579,1,19.021341666666668,73.089835,18-09-2026 17:06:42,0,16:45,16:45,,,16:22,16:22,17:09,0,0,0,2026-09-18T11:37:07.804581+00:00,operator_reported_vehicle_indication,82948ebf8307d83473e53c365d8b72cb9d59139195a902bbb0f3f2c40222f4be
nmmt_route_live_8675_20260918,8675,8675,down,3449,24,573,567802579,1,19.021341666666668,73.089835,18-09-2026 17:06:42,0,16:46,16:46,,,16:22,16:22,17:10,0,0,0,2026-09-18T11:37:07.804581+00:00,operator_reported_vehicle_indication,82948ebf8307d83473e53c365d8b72cb9d59139195a902bbb0f3f2c40222f4be
nmmt_route_live_8675_20260918,8675,8675,down,3449,24,573,567802581,1,19.021341666666668,73.089835,18-09-2026 17:06:42,0,17:49,17:49,,,17:22,17:22,17:10,0,0,0,2026-09-18T11:37:07.804581+00:00,operator_reported_vehicle_indication,82948ebf8307d83473e53c365d8b72cb9d59139195a902bbb0f3f2c40222f4be
nmmt_route_live_8684_20260918,8684,8684,up,3194,1,705,567785005,2,19.08206,72.999855,18-09-2026 17:06:16,0,16:34,16:34,16:46,16:46,16:34,16:34,,1,0,0,2026-09-18T11:37:11.129880+00:00,operator_reported_vehicle_indication,aefdbddb5ca5c3075c1156db10c6f276bd4045b59b18c65f29cb3d77b10aae4f
nmmt_route_live_8684_20260918,8684,8684,up,4231,2,705,567785005,2,19.08206,72.999855,18-09-2026 17:06:16,0,16:36,16:36,16:53,16:53,16:34,16:34,,1,0,0,2026-09-18T11:37:11.129880+00:00,operator_reported_vehicle_indication,aefdbddb5ca5c3075c1156db10c6f276bd4045b59b18c65f29cb3d77b10aae4f
nmmt_route_live_8684_20260918,8684,8684,up,2572,3,705,567785005,2,19.08206,72.999855,18-09-2026 17:06:16,0,16:37,16:37,16:55,16:56,16:34,16:34,,1,0,0,2026-09-18T11:37:11.129880+00:00,operator_reported_vehicle_indication,aefdbddb5ca5c3075c1156db10c6f276bd4045b59b18c65f29cb3d77b10aae4f
nmmt_route_live_8684_20260918,8684,8684,up,4230,4,705,567785005,2,19.08206,72.999855,18-09-2026 17:06:16,0,16:39,16:39,16:58,16:58,16:34,16:34,,1,0,0,2026-09-18T11:37:11.129880+00:00,operator_reported_vehicle_indication,aefdbddb5ca5c3075c1156db10c6f276bd4045b59b18c65f29cb3d77b10aae4f
nmmt_route_live_8684_20260918,8684,8684,up,2540,5,705,567785005,2,19.08206,72.999855,18-09-2026 17:06:16,0,16:40,16:40,16:58,16:58,16:34,16:34,,1,0,0,2026-09-18T11:37:11.129880+00:00,operator_reported_vehicle_indication,aefdbddb5ca5c3075c1156db10c6f276bd4045b59b18c65f29cb3d77b10aae4f
nmmt_route_live_8684_20260918,8684,8684,up,4816,6,705,567785005,2,19.08206,72.999855,18-09-2026 17:06:16,0,16:41,16:41,17:00,17:00,16:34,16:34,,1,0,0,2026-09-18T11:37:11.129880+00:00,operator_reported_vehicle_indication,aefdbddb5ca5c3075c1156db10c6f276bd4045b59b18c65f29cb3d77b10aae4f
nmmt_route_live_8684_20260918,8684,8684,up,4139,7,705,567785005,2,19.08206,72.999855,18-09-2026 17:06:16,0,16:43,16:43,17:04,17:04,16:34,16:34,,1,0,0,2026-09-18T11:37:11.129880+00:00,operator_reported_vehicle_indication,aefdbddb5ca5c3075c1156db10c6f276bd4045b59b18c65f29cb3d77b10aae4f
nmmt_route_live_8684_20260918,8684,8684,up,4137,8,705,567785005,2,19.08206,72.999855,18-09-2026 17:06:16,0,16:44,16:44,17:05,17:05,16:34,16:34,,1,0,0,2026-09-18T11:37:11.129880+00:00,operator_reported_vehicle_indication,aefdbddb5ca5c3075c1156db10c6f276bd4045b59b18c65f29cb3d77b10aae4f
nmmt_route_live_8684_20260918,8684,8684,up,2668,9,705,567785005,2,19.08206,72.999855,18-09-2026 17:06:16,0,16:45,16:45,,,16:34,16:34,17:07,0,0,0,2026-09-18T11:37:11.129880+00:00,operator_reported_vehicle_indication,aefdbddb5ca5c3075c1156db10c6f276bd4045b59b18c65f29cb3d77b10aae4f
nmmt_route_live_8684_20260918,8684,8684,up,4135,10,705,567785005,2,19.08206,72.999855,18-09-2026 17:06:16,0,16:47,16:47,,,16:34,16:34,17:08,0,0,0,2026-09-18T11:37:11.129880+00:00,operator_reported_vehicle_indication,aefdbddb5ca5c3075c1156db10c6f276bd4045b59b18c65f29cb3d77b10aae4f
nmmt_route_live_8684_20260918,8684,8684,up,4133,11,705,567785005,2,19.08206,72.999855,18-09-2026 17:06:16,0,16:48,16:48,,,16:34,16:34,17:10,0,0,0,2026-09-18T11:37:11.129880+00:00,operator_reported_vehicle_indication,aefdbddb5ca5c3075c1156db10c6f276bd4045b59b18c65f29cb3d77b10aae4f
nmmt_route_live_8684_20260918,8684,8684,up,4132,12,705,567785005,2,19.08206,72.999855,18-09-2026 17:06:16,0,16:49,16:49,,,16:34,16:34,17:10,0,0,0,2026-09-18T11:37:11.129880+00:00,operator_reported_vehicle_indication,aefdbddb5ca5c3075c1156db10c6f276bd4045b59b18c65f29cb3d77b10aae4f
nmmt_route_live_8684_20260918,8684,8684,up,4131,13,705,567785005,2,19.08206,72.999855,18-09-2026 17:06:16,0,16:51,16:51,,,16:34,16:34,17:11,0,0,0,2026-09-18T11:37:11.129880+00:00,operator_reported_vehicle_indication,aefdbddb5ca5c3075c1156db10c6f276bd4045b59b18c65f29cb3d77b10aae4f
nmmt_route_live_8684_20260918,8684,8684,up,4130,14,705,567785005,2,19.08206,72.999855,18-09-2026 17:06:16,0,16:52,16:52,,,16:34,16:34,17:11,0,0,0,2026-09-18T11:37:11.129880+00:00,operator_reported_vehicle_indication,aefdbddb5ca5c3075c1156db10c6f276bd4045b59b18c65f29cb3d77b10aae4f
nmmt_route_live_8684_20260918,8684,8684,up,4129,15,705,567785005,2,19.08206,72.999855,18-09-2026 17:06:16,0,16:53,16:53,,,16:34,16:34,17:12,0,0,0,2026-09-18T11:37:11.129880+00:00,operator_reported_vehicle_indication,aefdbddb5ca5c3075c1156db10c6f276bd4045b59b18c65f29cb3d77b10aae4f
nmmt_route_live_8684_20260918,8684,8684,up,4127,16,705,567785005,2,19.08206,72.999855,18-09-2026 17:06:16,0,16:56,16:56,,,16:34,16:34,17:13,0,0,0,2026-09-18T11:37:11.129880+00:00,operator_reported_vehicle_indication,aefdbddb5ca5c3075c1156db10c6f276bd4045b59b18c65f29cb3d77b10aae4f
nmmt_route_live_8684_20260918,8684,8684,up,4228,17,705,567785005,2,19.08206,72.999855,18-09-2026 17:06:16,0,16:57,16:57,,,16:34,16:34,17:14,0,0,0,2026-09-18T11:37:11.129880+00:00,operator_reported_vehicle_indication,aefdbddb5ca5c3075c1156db10c6f276bd4045b59b18c65f29cb3d77b10aae4f
nmmt_route_live_8684_20260918,8684,8684,up,4217,18,705,567785005,2,19.08206,72.999855,18-09-2026 17:06:16,0,16:59,16:59,,,16:34,16:34,17:15,0,0,0,2026-09-18T11:37:11.129880+00:00,operator_reported_vehicle_indication,aefdbddb5ca5c3075c1156db10c6f276bd4045b59b18c65f29cb3d77b10aae4f
nmmt_route_live_8684_20260918,8684,8684,up,4215,19,705,567785005,2,19.08206,72.999855,18-09-2026 17:06:16,0,17:00,17:00,,,16:34,16:34,17:15,0,0,0,2026-09-18T11:37:11.129880+00:00,operator_reported_vehicle_indication,aefdbddb5ca5c3075c1156db10c6f276bd4045b59b18c65f29cb3d77b10aae4f
nmmt_route_live_8684_20260918,8684,8684,up,4216,20,705,567785005,2,19.08206,72.999855,18-09-2026 17:06:16,0,17:01,17:01,,,16:34,16:34,17:17,0,0,0,2026-09-18T11:37:11.129880+00:00,operator_reported_vehicle_indication,aefdbddb5ca5c3075c1156db10c6f276bd4045b59b18c65f29cb3d77b10aae4f
nmmt_route_live_8684_20260918,8684,8684,up,4234,21,705,567785005,2,19.08206,72.999855,18-09-2026 17:06:16,0,17:03,17:03,,,16:34,16:34,17:17,0,0,0,2026-09-18T11:37:11.129880+00:00,operator_reported_vehicle_indication,aefdbddb5ca5c3075c1156db10c6f276bd4045b59b18c65f29cb3d77b10aae4f
nmmt_route_live_8684_20260918,8684,8684,up,3078,22,705,567785005,2,19.08206,72.999855,18-09-2026 17:06:16,0,17:04,17:04,,,16:34,16:34,17:17,0,0,0,2026-09-18T11:37:11.129880+00:00,operator_reported_vehicle_indication,aefdbddb5ca5c3075c1156db10c6f276bd4045b59b18c65f29cb3d77b10aae4f
nmmt_route_live_8684_20260918,8684,8684,up,2767,23,705,567785005,2,19.08206,72.999855,18-09-2026 17:06:16,0,17:05,17:05,,,16:34,16:34,17:17,0,0,0,2026-09-18T11:37:11.129880+00:00,operator_reported_vehicle_indication,aefdbddb5ca5c3075c1156db10c6f276bd4045b59b18c65f29cb3d77b10aae4f
nmmt_route_live_8684_20260918,8684,8684,up,3077,24,705,567785005,2,19.08206,72.999855,18-09-2026 17:06:16,0,17:07,17:07,,,16:34,16:34,17:18,0,0,0,2026-09-18T11:37:11.129880+00:00,operator_reported_vehicle_indication,aefdbddb5ca5c3075c1156db10c6f276bd4045b59b18c65f29cb3d77b10aae4f
nmmt_route_live_8684_20260918,8684,8684,up,3076,25,705,567785005,2,19.08206,72.999855,18-09-2026 17:06:16,0,17:08,17:08,,,16:34,16:34,17:19,0,0,0,2026-09-18T11:37:11.129880+00:00,operator_reported_vehicle_indication,aefdbddb5ca5c3075c1156db10c6f276bd4045b59b18c65f29cb3d77b10aae4f
nmmt_route_live_8684_20260918,8684,8684,up,2764,26,705,567785005,2,19.08206,72.999855,18-09-2026 17:06:16,0,17:09,17:09,,,16:34,16:34,17:21,0,0,0,2026-09-18T11:37:11.129880+00:00,operator_reported_vehicle_indication,aefdbddb5ca5c3075c1156db10c6f276bd4045b59b18c65f29cb3d77b10aae4f
nmmt_route_live_8684_20260918,8684,8684,up,2765,27,705,567785005,2,19.08206,72.999855,18-09-2026 17:06:16,0,17:11,17:11,,,16:34,16:34,17:22,0,0,0,2026-09-18T11:37:11.129880+00:00,operator_reported_vehicle_indication,aefdbddb5ca5c3075c1156db10c6f276bd4045b59b18c65f29cb3d77b10aae4f
nmmt_route_live_8936_20260918,8936,8936,up,2678,1,536,567788262,1,19.174686,72.991524,18-09-2026 17:06:30,0,16:20,16:20,,,16:20,16:20,,1,0,0,2026-09-18T11:37:32.467337+00:00,operator_reported_vehicle_indication,80133276eb72473175624948ee949e4e7c3f71ede3ce6dcba0a37228d0b39a20
nmmt_route_live_8936_20260918,8936,8936,up,4217,2,536,567788262,1,19.174686,72.991524,18-09-2026 17:06:30,0,16:21,16:21,,,16:20,16:20,,1,0,0,2026-09-18T11:37:32.467337+00:00,operator_reported_vehicle_indication,80133276eb72473175624948ee949e4e7c3f71ede3ce6dcba0a37228d0b39a20
nmmt_route_live_8936_20260918,8936,8936,up,4215,3,536,567788262,1,19.174686,72.991524,18-09-2026 17:06:30,0,16:22,16:22,,,16:20,16:20,,1,0,0,2026-09-18T11:37:32.467337+00:00,operator_reported_vehicle_indication,80133276eb72473175624948ee949e4e7c3f71ede3ce6dcba0a37228d0b39a20
nmmt_route_live_8936_20260918,8936,8936,up,5017,4,536,567788262,1,19.174686,72.991524,18-09-2026 17:06:30,0,16:23,16:23,,,16:20,16:20,,1,0,0,2026-09-18T11:37:32.467337+00:00,operator_reported_vehicle_indication,80133276eb72473175624948ee949e4e7c3f71ede3ce6dcba0a37228d0b39a20
nmmt_route_live_8936_20260918,8936,8936,up,5018,5,536,567788262,1,19.174686,72.991524,18-09-2026 17:06:30,0,16:24,16:24,,,16:20,16:20,,1,0,0,2026-09-18T11:37:32.467337+00:00,operator_reported_vehicle_indication,80133276eb72473175624948ee949e4e7c3f71ede3ce6dcba0a37228d0b39a20
nmmt_route_live_8936_20260918,8936,8936,up,5020,6,536,567788262,1,19.174686,72.991524,18-09-2026 17:06:30,0,16:25,16:25,,,16:20,16:20,,1,0,0,2026-09-18T11:37:32.467337+00:00,operator_reported_vehicle_indication,80133276eb72473175624948ee949e4e7c3f71ede3ce6dcba0a37228d0b39a20
nmmt_route_live_8936_20260918,8936,8936,up,5019,7,536,567788262,1,19.174686,72.991524,18-09-2026 17:06:30,0,16:27,16:27,,,16:20,16:20,,1,0,0,2026-09-18T11:37:32.467337+00:00,operator_reported_vehicle_indication,80133276eb72473175624948ee949e4e7c3f71ede3ce6dcba0a37228d0b39a20
nmmt_route_live_8936_20260918,8936,8936,up,2908,8,536,567788262,1,19.174686,72.991524,18-09-2026 17:06:30,0,16:28,16:28,,,16:20,16:20,,1,0,0,2026-09-18T11:37:32.467337+00:00,operator_reported_vehicle_indication,80133276eb72473175624948ee949e4e7c3f71ede3ce6dcba0a37228d0b39a20
nmmt_route_live_8936_20260918,8936,8936,up,5026,9,536,567788262,1,19.174686,72.991524,18-09-2026 17:06:30,0,16:30,16:30,,,16:20,16:20,,1,0,0,2026-09-18T11:37:32.467337+00:00,operator_reported_vehicle_indication,80133276eb72473175624948ee949e4e7c3f71ede3ce6dcba0a37228d0b39a20
nmmt_route_live_8936_20260918,8936,8936,up,3081,10,536,567788262,1,19.174686,72.991524,18-09-2026 17:06:30,0,16:30,16:30,,,16:20,16:20,,1,0,0,2026-09-18T11:37:32.467337+00:00,operator_reported_vehicle_indication,80133276eb72473175624948ee949e4e7c3f71ede3ce6dcba0a37228d0b39a20
nmmt_route_live_8936_20260918,8936,8936,up,3082,11,536,567788262,1,19.174686,72.991524,18-09-2026 17:06:30,0,16:31,16:31,,,16:20,16:20,,1,0,0,2026-09-18T11:37:32.467337+00:00,operator_reported_vehicle_indication,80133276eb72473175624948ee949e4e7c3f71ede3ce6dcba0a37228d0b39a20
nmmt_route_live_8936_20260918,8936,8936,up,5024,12,536,567788262,1,19.174686,72.991524,18-09-2026 17:06:30,0,16:33,16:33,,,16:20,16:20,,1,0,0,2026-09-18T11:37:32.467337+00:00,operator_reported_vehicle_indication,80133276eb72473175624948ee949e4e7c3f71ede3ce6dcba0a37228d0b39a20
nmmt_route_live_8936_20260918,8936,8936,up,5023,13,536,567788262,1,19.174686,72.991524,18-09-2026 17:06:30,0,16:34,16:34,,,16:20,16:20,,1,0,0,2026-09-18T11:37:32.467337+00:00,operator_reported_vehicle_indication,80133276eb72473175624948ee949e4e7c3f71ede3ce6dcba0a37228d0b39a20
nmmt_route_live_8936_20260918,8936,8936,up,5022,14,536,567788262,1,19.174686,72.991524,18-09-2026 17:06:30,0,16:35,16:35,,,16:20,16:20,,1,0,0,2026-09-18T11:37:32.467337+00:00,operator_reported_vehicle_indication,80133276eb72473175624948ee949e4e7c3f71ede3ce6dcba0a37228d0b39a20
nmmt_route_live_8936_20260918,8936,8936,up,5025,15,536,567788262,1,19.174686,72.991524,18-09-2026 17:06:30,0,16:38,16:38,,,16:20,16:20,,1,0,0,2026-09-18T11:37:32.467337+00:00,operator_reported_vehicle_indication,80133276eb72473175624948ee949e4e7c3f71ede3ce6dcba0a37228d0b39a20
nmmt_route_live_8936_20260918,8936,8936,up,3625,16,536,567788262,1,19.174686,72.991524,18-09-2026 17:06:30,0,16:41,16:41,,,16:20,16:20,,1,0,0,2026-09-18T11:37:32.467337+00:00,operator_reported_vehicle_indication,80133276eb72473175624948ee949e4e7c3f71ede3ce6dcba0a37228d0b39a20
nmmt_route_live_8936_20260918,8936,8936,up,4100,17,536,567788262,1,19.174686,72.991524,18-09-2026 17:06:30,0,16:42,16:42,,,16:20,16:20,,1,0,0,2026-09-18T11:37:32.467337+00:00,operator_reported_vehicle_indication,80133276eb72473175624948ee949e4e7c3f71ede3ce6dcba0a37228d0b39a20
nmmt_route_live_8936_20260918,8936,8936,up,4008,18,536,567788262,1,19.174686,72.991524,18-09-2026 17:06:30,0,16:43,16:43,,,16:20,16:20,,1,0,0,2026-09-18T11:37:32.467337+00:00,operator_reported_vehicle_indication,80133276eb72473175624948ee949e4e7c3f71ede3ce6dcba0a37228d0b39a20
nmmt_route_live_8936_20260918,8936,8936,up,3134,19,536,567788262,1,19.174686,72.991524,18-09-2026 17:06:30,0,16:44,16:44,,,16:20,16:20,,1,0,0,2026-09-18T11:37:32.467337+00:00,operator_reported_vehicle_indication,80133276eb72473175624948ee949e4e7c3f71ede3ce6dcba0a37228d0b39a20
nmmt_route_live_8936_20260918,8936,8936,up,3153,20,536,567788262,1,19.174686,72.991524,18-09-2026 17:06:30,0,16:45,16:45,,,16:20,16:20,,1,0,0,2026-09-18T11:37:32.467337+00:00,operator_reported_vehicle_indication,80133276eb72473175624948ee949e4e7c3f71ede3ce6dcba0a37228d0b39a20
nmmt_route_live_8936_20260918,8936,8936,up,3154,21,536,567788262,1,19.174686,72.991524,18-09-2026 17:06:30,0,16:46,16:46,,,16:20,16:20,,1,0,0,2026-09-18T11:37:32.467337+00:00,operator_reported_vehicle_indication,80133276eb72473175624948ee949e4e7c3f71ede3ce6dcba0a37228d0b39a20
nmmt_route_live_8936_20260918,8936,8936,up,3155,22,536,567788262,1,19.174686,72.991524,18-09-2026 17:06:30,0,16:47,16:47,,,16:20,16:20,,1,0,0,2026-09-18T11:37:32.467337+00:00,operator_reported_vehicle_indication,80133276eb72473175624948ee949e4e7c3f71ede3ce6dcba0a37228d0b39a20
nmmt_route_live_8936_20260918,8936,8936,up,2664,23,536,567788262,1,19.174686,72.991524,18-09-2026 17:06:30,0,16:47,16:47,,,16:20,16:20,,1,0,0,2026-09-18T11:37:32.467337+00:00,operator_reported_vehicle_indication,80133276eb72473175624948ee949e4e7c3f71ede3ce6dcba0a37228d0b39a20
nmmt_route_live_8936_20260918,8936,8936,up,2662,24,536,567788262,1,19.174686,72.991524,18-09-2026 17:06:30,0,16:48,16:48,,,16:20,16:20,,1,0,0,2026-09-18T11:37:32.467337+00:00,operator_reported_vehicle_indication,80133276eb72473175624948ee949e4e7c3f71ede3ce6dcba0a37228d0b39a20
nmmt_route_live_8936_20260918,8936,8936,up,3151,25,536,567788262,1,19.174686,72.991524,18-09-2026 17:06:30,0,16:50,16:50,,,16:20,16:20,,1,0,0,2026-09-18T11:37:32.467337+00:00,operator_reported_vehicle_indication,80133276eb72473175624948ee949e4e7c3f71ede3ce6dcba0a37228d0b39a20
nmmt_route_live_8936_20260918,8936,8936,up,3150,26,536,567788262,1,19.174686,72.991524,18-09-2026 17:06:30,0,16:51,16:51,,,16:20,16:20,,1,0,0,2026-09-18T11:37:32.467337+00:00,operator_reported_vehicle_indication,80133276eb72473175624948ee949e4e7c3f71ede3ce6dcba0a37228d0b39a20
nmmt_route_live_8936_20260918,8936,8936,up,3149,27,536,567788262,1,19.174686,72.991524,18-09-2026 17:06:30,0,16:52,16:52,,,16:20,16:20,,1,0,0,2026-09-18T11:37:32.467337+00:00,operator_reported_vehicle_indication,80133276eb72473175624948ee949e4e7c3f71ede3ce6dcba0a37228d0b39a20
nmmt_route_live_8936_20260918,8936,8936,up,3626,28,536,567788262,1,19.174686,72.991524,18-09-2026 17:06:30,0,16:53,16:53,,,16:20,16:20,,1,0,0,2026-09-18T11:37:32.467337+00:00,operator_reported_vehicle_indication,80133276eb72473175624948ee949e4e7c3f71ede3ce6dcba0a37228d0b39a20
nmmt_route_live_8936_20260918,8936,8936,up,3146,29,536,567788262,1,19.174686,72.991524,18-09-2026 17:06:30,0,16:54,16:54,,,16:20,16:20,,1,0,0,2026-09-18T11:37:32.467337+00:00,operator_reported_vehicle_indication,80133276eb72473175624948ee949e4e7c3f71ede3ce6dcba0a37228d0b39a20
nmmt_route_live_8936_20260918,8936,8936,up,3147,30,536,567788262,1,19.174686,72.991524,18-09-2026 17:06:30,0,16:55,16:55,,,16:20,16:20,,1,0,0,2026-09-18T11:37:32.467337+00:00,operator_reported_vehicle_indication,80133276eb72473175624948ee949e4e7c3f71ede3ce6dcba0a37228d0b39a20
nmmt_route_live_8936_20260918,8936,8936,up,3163,31,536,567788262,1,19.174686,72.991524,18-09-2026 17:06:30,0,16:56,16:56,,,16:20,16:20,,1,0,0,2026-09-18T11:37:32.467337+00:00,operator_reported_vehicle_indication,80133276eb72473175624948ee949e4e7c3f71ede3ce6dcba0a37228d0b39a20
nmmt_route_live_8936_20260918,8936,8936,up,3164,32,536,567788262,1,19.174686,72.991524,18-09-2026 17:06:30,0,16:58,16:58,,,16:20,16:20,,1,0,0,2026-09-18T11:37:32.467337+00:00,operator_reported_vehicle_indication,80133276eb72473175624948ee949e4e7c3f71ede3ce6dcba0a37228d0b39a20
nmmt_route_live_8936_20260918,8936,8936,up,3165,33,536,567788262,1,19.174686,72.991524,18-09-2026 17:06:30,0,17:00,17:00,,,16:20,16:20,,1,0,0,2026-09-18T11:37:32.467337+00:00,operator_reported_vehicle_indication,80133276eb72473175624948ee949e4e7c3f71ede3ce6dcba0a37228d0b39a20
nmmt_route_live_8936_20260918,8936,8936,up,5021,34,536,567788262,1,19.174686,72.991524,18-09-2026 17:06:30,0,17:01,17:01,17:05,17:05,16:20,16:20,,1,0,0,2026-09-18T11:37:32.467337+00:00,operator_reported_vehicle_indication,80133276eb72473175624948ee949e4e7c3f71ede3ce6dcba0a37228d0b39a20
nmmt_route_live_8936_20260918,8936,8936,up,3166,35,536,567788262,1,19.174686,72.991524,18-09-2026 17:06:30,0,17:01,17:01,17:04,17:04,16:20,16:20,,1,0,0,2026-09-18T11:37:32.467337+00:00,operator_reported_vehicle_indication,80133276eb72473175624948ee949e4e7c3f71ede3ce6dcba0a37228d0b39a20
nmmt_route_live_8936_20260918,8936,8936,up,5223,36,536,567788262,1,19.174686,72.991524,18-09-2026 17:06:30,0,17:01,17:01,17:02,17:03,16:20,16:20,,1,0,0,2026-09-18T11:37:32.467337+00:00,operator_reported_vehicle_indication,80133276eb72473175624948ee949e4e7c3f71ede3ce6dcba0a37228d0b39a20
nmmt_route_live_8936_20260918,8936,8936,up,2990,37,536,567788262,1,19.174686,72.991524,18-09-2026 17:06:30,0,17:02,17:02,,,16:20,16:20,,1,0,0,2026-09-18T11:37:32.467337+00:00,operator_reported_vehicle_indication,80133276eb72473175624948ee949e4e7c3f71ede3ce6dcba0a37228d0b39a20
nmmt_route_live_8936_20260918,8936,8936,up,3167,38,536,567788262,1,19.174686,72.991524,18-09-2026 17:06:30,0,17:03,17:03,,,16:20,16:20,,1,0,0,2026-09-18T11:37:32.467337+00:00,operator_reported_vehicle_indication,80133276eb72473175624948ee949e4e7c3f71ede3ce6dcba0a37228d0b39a20
nmmt_route_live_8936_20260918,8936,8936,up,3168,39,536,567788262,1,19.174686,72.991524,18-09-2026 17:06:30,0,17:03,17:03,16:58,16:59,16:20,16:20,,1,0,0,2026-09-18T11:37:32.467337+00:00,operator_reported_vehicle_indication,80133276eb72473175624948ee949e4e7c3f71ede3ce6dcba0a37228d0b39a20
nmmt_route_live_8936_20260918,8936,8936,up,3169,40,536,567788262,1,19.174686,72.991524,18-09-2026 17:06:30,0,17:04,17:04,,,16:20,16:20,,1,0,0,2026-09-18T11:37:32.467337+00:00,operator_reported_vehicle_indication,80133276eb72473175624948ee949e4e7c3f71ede3ce6dcba0a37228d0b39a20
nmmt_route_live_8936_20260918,8936,8936,up,2991,41,536,567788262,1,19.174686,72.991524,18-09-2026 17:06:30,0,17:05,17:05,,,16:20,16:20,,1,0,0,2026-09-18T11:37:32.467337+00:00,operator_reported_vehicle_indication,80133276eb72473175624948ee949e4e7c3f71ede3ce6dcba0a37228d0b39a20
nmmt_route_live_8936_20260918,8936,8936,up,3170,42,536,567788262,1,19.174686,72.991524,18-09-2026 17:06:30,0,17:06,17:06,,,16:20,16:20,,1,0,0,2026-09-18T11:37:32.467337+00:00,operator_reported_vehicle_indication,80133276eb72473175624948ee949e4e7c3f71ede3ce6dcba0a37228d0b39a20
nmmt_route_live_8936_20260918,8936,8936,up,3171,43,536,567788262,1,19.174686,72.991524,18-09-2026 17:06:30,0,17:07,17:07,16:51,16:51,16:20,16:20,,1,0,0,2026-09-18T11:37:32.467337+00:00,operator_reported_vehicle_indication,80133276eb72473175624948ee949e4e7c3f71ede3ce6dcba0a37228d0b39a20
nmmt_route_live_8936_20260918,8936,8936,up,3172,44,536,567788262,1,19.174686,72.991524,18-09-2026 17:06:30,0,17:08,17:08,16:50,16:50,16:20,16:20,,1,0,0,2026-09-18T11:37:32.467337+00:00,operator_reported_vehicle_indication,80133276eb72473175624948ee949e4e7c3f71ede3ce6dcba0a37228d0b39a20
nmmt_route_live_8936_20260918,8936,8936,up,3173,45,536,567788262,1,19.174686,72.991524,18-09-2026 17:06:30,0,17:10,17:10,16:38,16:38,16:20,16:20,,0,0,0,2026-09-18T11:37:32.467337+00:00,operator_reported_vehicle_indication,80133276eb72473175624948ee949e4e7c3f71ede3ce6dcba0a37228d0b39a20
nmmt_route_live_9049_20260918,9049,9049,down,4397,1,485,567786968,1,19.14658,73.039955,18-09-2026 17:07:41,0,14:40,14:40,15:55,15:55,14:40,14:40,,1,0,0,2026-09-18T11:37:54.592458+00:00,operator_reported_vehicle_indication,c882a2900fc4e14e393896f5ce9169de5cafc277b712af2cc63692061a9f4fdd
nmmt_route_live_9049_20260918,9049,9049,down,4395,2,485,567786968,1,19.14658,73.039955,18-09-2026 17:07:41,0,14:41,14:41,16:06,16:06,14:40,14:40,,1,0,0,2026-09-18T11:37:54.592458+00:00,operator_reported_vehicle_indication,c882a2900fc4e14e393896f5ce9169de5cafc277b712af2cc63692061a9f4fdd
nmmt_route_live_9049_20260918,9049,9049,down,4394,3,485,567786968,1,19.14658,73.039955,18-09-2026 17:07:41,0,14:43,14:43,16:08,16:08,14:40,14:40,,1,0,0,2026-09-18T11:37:54.592458+00:00,operator_reported_vehicle_indication,c882a2900fc4e14e393896f5ce9169de5cafc277b712af2cc63692061a9f4fdd
nmmt_route_live_9049_20260918,9049,9049,down,4392,4,485,567786968,1,19.14658,73.039955,18-09-2026 17:07:41,0,14:45,14:45,16:10,16:10,14:40,14:40,,1,0,0,2026-09-18T11:37:54.592458+00:00,operator_reported_vehicle_indication,c882a2900fc4e14e393896f5ce9169de5cafc277b712af2cc63692061a9f4fdd
nmmt_route_live_9049_20260918,9049,9049,down,4391,5,485,567786968,1,19.14658,73.039955,18-09-2026 17:07:41,0,14:47,14:47,16:12,16:12,14:40,14:40,,1,0,0,2026-09-18T11:37:54.592458+00:00,operator_reported_vehicle_indication,c882a2900fc4e14e393896f5ce9169de5cafc277b712af2cc63692061a9f4fdd
nmmt_route_live_9049_20260918,9049,9049,down,4390,6,485,567786968,1,19.14658,73.039955,18-09-2026 17:07:41,0,14:49,14:49,16:14,16:14,14:40,14:40,,1,0,0,2026-09-18T11:37:54.592458+00:00,operator_reported_vehicle_indication,c882a2900fc4e14e393896f5ce9169de5cafc277b712af2cc63692061a9f4fdd
nmmt_route_live_9049_20260918,9049,9049,down,4386,7,485,567786968,1,19.14658,73.039955,18-09-2026 17:07:41,0,14:51,14:51,16:17,16:18,14:40,14:40,,1,0,0,2026-09-18T11:37:54.592458+00:00,operator_reported_vehicle_indication,c882a2900fc4e14e393896f5ce9169de5cafc277b712af2cc63692061a9f4fdd
nmmt_route_live_9049_20260918,9049,9049,down,4385,8,485,567786968,1,19.14658,73.039955,18-09-2026 17:07:41,0,14:53,14:53,16:23,16:23,14:40,14:40,,1,0,0,2026-09-18T11:37:54.592458+00:00,operator_reported_vehicle_indication,c882a2900fc4e14e393896f5ce9169de5cafc277b712af2cc63692061a9f4fdd
nmmt_route_live_9049_20260918,9049,9049,down,4383,9,485,567786968,1,19.14658,73.039955,18-09-2026 17:07:41,0,14:55,14:55,16:28,16:28,14:40,14:40,,1,0,0,2026-09-18T11:37:54.592458+00:00,operator_reported_vehicle_indication,c882a2900fc4e14e393896f5ce9169de5cafc277b712af2cc63692061a9f4fdd
nmmt_route_live_9049_20260918,9049,9049,down,4381,10,485,567786968,1,19.14658,73.039955,18-09-2026 17:07:41,0,14:56,14:56,16:29,16:29,14:40,14:40,,1,0,0,2026-09-18T11:37:54.592458+00:00,operator_reported_vehicle_indication,c882a2900fc4e14e393896f5ce9169de5cafc277b712af2cc63692061a9f4fdd
nmmt_route_live_9049_20260918,9049,9049,down,4376,11,485,567786968,1,19.14658,73.039955,18-09-2026 17:07:41,0,14:59,14:59,16:32,16:32,14:40,14:40,,1,0,0,2026-09-18T11:37:54.592458+00:00,operator_reported_vehicle_indication,c882a2900fc4e14e393896f5ce9169de5cafc277b712af2cc63692061a9f4fdd
nmmt_route_live_9049_20260918,9049,9049,down,4374,12,485,567786968,1,19.14658,73.039955,18-09-2026 17:07:41,0,15:01,15:01,16:32,16:33,14:40,14:40,,1,0,0,2026-09-18T11:37:54.592458+00:00,operator_reported_vehicle_indication,c882a2900fc4e14e393896f5ce9169de5cafc277b712af2cc63692061a9f4fdd
nmmt_route_live_9049_20260918,9049,9049,down,4373,13,485,567786968,1,19.14658,73.039955,18-09-2026 17:07:41,0,15:03,15:03,16:34,16:35,14:40,14:40,,1,0,0,2026-09-18T11:37:54.592458+00:00,operator_reported_vehicle_indication,c882a2900fc4e14e393896f5ce9169de5cafc277b712af2cc63692061a9f4fdd
nmmt_route_live_9049_20260918,9049,9049,down,4368,14,485,567786968,1,19.14658,73.039955,18-09-2026 17:07:41,0,15:05,15:05,16:37,16:37,14:40,14:40,,1,0,0,2026-09-18T11:37:54.592458+00:00,operator_reported_vehicle_indication,c882a2900fc4e14e393896f5ce9169de5cafc277b712af2cc63692061a9f4fdd
nmmt_route_live_9049_20260918,9049,9049,down,4367,15,485,567786968,1,19.14658,73.039955,18-09-2026 17:07:41,0,15:08,15:08,,,14:40,14:40,,1,0,0,2026-09-18T11:37:54.592458+00:00,operator_reported_vehicle_indication,c882a2900fc4e14e393896f5ce9169de5cafc277b712af2cc63692061a9f4fdd
nmmt_route_live_9049_20260918,9049,9049,down,4366,16,485,567786968,1,19.14658,73.039955,18-09-2026 17:07:41,0,15:10,15:10,,,14:40,14:40,,1,0,0,2026-09-18T11:37:54.592458+00:00,operator_reported_vehicle_indication,c882a2900fc4e14e393896f5ce9169de5cafc277b712af2cc63692061a9f4fdd
nmmt_route_live_9049_20260918,9049,9049,down,4364,17,485,567786968,1,19.14658,73.039955,18-09-2026 17:07:41,0,15:12,15:12,16:44,16:45,14:40,14:40,,1,0,0,2026-09-18T11:37:54.592458+00:00,operator_reported_vehicle_indication,c882a2900fc4e14e393896f5ce9169de5cafc277b712af2cc63692061a9f4fdd
nmmt_route_live_9049_20260918,9049,9049,down,4363,18,485,567786968,1,19.14658,73.039955,18-09-2026 17:07:41,0,15:13,15:13,,,14:40,14:40,,1,0,0,2026-09-18T11:37:54.592458+00:00,operator_reported_vehicle_indication,c882a2900fc4e14e393896f5ce9169de5cafc277b712af2cc63692061a9f4fdd
nmmt_route_live_9049_20260918,9049,9049,down,4362,19,485,567786968,1,19.14658,73.039955,18-09-2026 17:07:41,0,15:16,15:16,16:48,16:48,14:40,14:40,,1,0,0,2026-09-18T11:37:54.592458+00:00,operator_reported_vehicle_indication,c882a2900fc4e14e393896f5ce9169de5cafc277b712af2cc63692061a9f4fdd
nmmt_route_live_9049_20260918,9049,9049,down,4361,20,485,567786968,1,19.14658,73.039955,18-09-2026 17:07:41,0,15:18,15:18,16:53,16:53,14:40,14:40,,1,0,0,2026-09-18T11:37:54.592458+00:00,operator_reported_vehicle_indication,c882a2900fc4e14e393896f5ce9169de5cafc277b712af2cc63692061a9f4fdd
nmmt_route_live_9049_20260918,9049,9049,down,4360,21,485,567786968,1,19.14658,73.039955,18-09-2026 17:07:41,0,15:21,15:21,16:54,16:54,14:40,14:40,,1,0,0,2026-09-18T11:37:54.592458+00:00,operator_reported_vehicle_indication,c882a2900fc4e14e393896f5ce9169de5cafc277b712af2cc63692061a9f4fdd
nmmt_route_live_9049_20260918,9049,9049,down,4359,22,485,567786968,1,19.14658,73.039955,18-09-2026 17:07:41,0,15:22,15:22,16:55,16:55,14:40,14:40,,1,0,0,2026-09-18T11:37:54.592458+00:00,operator_reported_vehicle_indication,c882a2900fc4e14e393896f5ce9169de5cafc277b712af2cc63692061a9f4fdd
nmmt_route_live_9049_20260918,9049,9049,down,4358,23,485,567786968,1,19.14658,73.039955,18-09-2026 17:07:41,0,15:24,15:24,16:57,16:58,14:40,14:40,,1,0,0,2026-09-18T11:37:54.592458+00:00,operator_reported_vehicle_indication,c882a2900fc4e14e393896f5ce9169de5cafc277b712af2cc63692061a9f4fdd
nmmt_route_live_9049_20260918,9049,9049,down,4356,24,485,567786968,1,19.14658,73.039955,18-09-2026 17:07:41,0,15:27,15:27,17:01,17:01,14:40,14:40,,1,0,0,2026-09-18T11:37:54.592458+00:00,operator_reported_vehicle_indication,c882a2900fc4e14e393896f5ce9169de5cafc277b712af2cc63692061a9f4fdd
nmmt_route_live_9049_20260918,9049,9049,down,4354,25,485,567786968,1,19.14658,73.039955,18-09-2026 17:07:41,0,15:30,15:30,17:03,17:04,14:40,14:40,,1,0,0,2026-09-18T11:37:54.592458+00:00,operator_reported_vehicle_indication,c882a2900fc4e14e393896f5ce9169de5cafc277b712af2cc63692061a9f4fdd
nmmt_route_live_9049_20260918,9049,9049,down,4353,26,485,567786968,1,19.14658,73.039955,18-09-2026 17:07:41,0,15:32,15:32,17:06,17:07,14:40,14:40,17:10,1,0,0,2026-09-18T11:37:54.592458+00:00,operator_reported_vehicle_indication,c882a2900fc4e14e393896f5ce9169de5cafc277b712af2cc63692061a9f4fdd
nmmt_route_live_9049_20260918,9049,9049,down,4350,27,485,567786968,1,19.14658,73.039955,18-09-2026 17:07:41,0,15:40,15:40,,,14:40,14:40,17:15,0,0,0,2026-09-18T11:37:54.592458+00:00,operator_reported_vehicle_indication,c882a2900fc4e14e393896f5ce9169de5cafc277b712af2cc63692061a9f4fdd
nmmt_route_live_9049_20260918,9049,9049,down,4348,28,485,567786968,1,19.14658,73.039955,18-09-2026 17:07:41,0,15:45,15:45,,,14:40,14:40,17:16,0,0,0,2026-09-18T11:37:54.592458+00:00,operator_reported_vehicle_indication,c882a2900fc4e14e393896f5ce9169de5cafc277b712af2cc63692061a9f4fdd
nmmt_route_live_9049_20260918,9049,9049,down,4347,29,485,567786968,1,19.14658,73.039955,18-09-2026 17:07:41,0,15:46,15:46,,,14:40,14:40,17:23,0,0,0,2026-09-18T11:37:54.592458+00:00,operator_reported_vehicle_indication,c882a2900fc4e14e393896f5ce9169de5cafc277b712af2cc63692061a9f4fdd
nmmt_route_live_9049_20260918,9049,9049,down,4346,30,485,567786968,1,19.14658,73.039955,18-09-2026 17:07:41,0,15:47,15:47,,,14:40,14:40,17:24,0,0,0,2026-09-18T11:37:54.592458+00:00,operator_reported_vehicle_indication,c882a2900fc4e14e393896f5ce9169de5cafc277b712af2cc63692061a9f4fdd
nmmt_route_live_9049_20260918,9049,9049,down,4813,31,485,567786968,1,19.14658,73.039955,18-09-2026 17:07:41,0,15:48,15:48,,,14:40,14:40,17:26,0,0,0,2026-09-18T11:37:54.592458+00:00,operator_reported_vehicle_indication,c882a2900fc4e14e393896f5ce9169de5cafc277b712af2cc63692061a9f4fdd
nmmt_route_live_9049_20260918,9049,9049,down,2818,32,485,567786968,1,19.14658,73.039955,18-09-2026 17:07:41,0,15:49,15:49,,,14:40,14:40,17:28,0,0,0,2026-09-18T11:37:54.592458+00:00,operator_reported_vehicle_indication,c882a2900fc4e14e393896f5ce9169de5cafc277b712af2cc63692061a9f4fdd
nmmt_route_live_9049_20260918,9049,9049,down,2685,33,485,567786968,1,19.14658,73.039955,18-09-2026 17:07:41,0,15:50,15:50,,,14:40,14:40,17:30,0,0,0,2026-09-18T11:37:54.592458+00:00,operator_reported_vehicle_indication,c882a2900fc4e14e393896f5ce9169de5cafc277b712af2cc63692061a9f4fdd
nmmt_route_live_9049_20260918,9049,9049,down,3214,34,485,567786968,1,19.14658,73.039955,18-09-2026 17:07:41,0,15:51,15:51,,,14:40,14:40,17:32,0,0,0,2026-09-18T11:37:54.592458+00:00,operator_reported_vehicle_indication,c882a2900fc4e14e393896f5ce9169de5cafc277b712af2cc63692061a9f4fdd
nmmt_route_live_9049_20260918,9049,9049,down,2684,35,485,567786968,1,19.14658,73.039955,18-09-2026 17:07:41,0,15:52,15:52,,,14:40,14:40,17:33,0,0,0,2026-09-18T11:37:54.592458+00:00,operator_reported_vehicle_indication,c882a2900fc4e14e393896f5ce9169de5cafc277b712af2cc63692061a9f4fdd
nmmt_route_live_9049_20260918,9049,9049,down,2683,36,485,567786968,1,19.14658,73.039955,18-09-2026 17:07:41,0,15:53,15:53,,,14:40,14:40,17:38,0,0,0,2026-09-18T11:37:54.592458+00:00,operator_reported_vehicle_indication,c882a2900fc4e14e393896f5ce9169de5cafc277b712af2cc63692061a9f4fdd
nmmt_route_live_9049_20260918,9049,9049,down,3215,37,485,567786968,1,19.14658,73.039955,18-09-2026 17:07:41,0,15:54,15:54,,,14:40,14:40,17:40,0,0,0,2026-09-18T11:37:54.592458+00:00,operator_reported_vehicle_indication,c882a2900fc4e14e393896f5ce9169de5cafc277b712af2cc63692061a9f4fdd
nmmt_route_live_9049_20260918,9049,9049,down,3216,38,485,567786968,1,19.14658,73.039955,18-09-2026 17:07:41,0,15:56,15:56,,,14:40,14:40,17:41,0,0,0,2026-09-18T11:37:54.592458+00:00,operator_reported_vehicle_indication,c882a2900fc4e14e393896f5ce9169de5cafc277b712af2cc63692061a9f4fdd
nmmt_route_live_9049_20260918,9049,9049,down,4227,39,485,567786968,1,19.14658,73.039955,18-09-2026 17:07:41,0,15:57,15:57,,,14:40,14:40,17:43,0,0,0,2026-09-18T11:37:54.592458+00:00,operator_reported_vehicle_indication,c882a2900fc4e14e393896f5ce9169de5cafc277b712af2cc63692061a9f4fdd
nmmt_route_live_9049_20260918,9049,9049,down,3196,40,485,567786968,1,19.14658,73.039955,18-09-2026 17:07:41,0,15:58,15:58,,,14:40,14:40,17:44,0,0,0,2026-09-18T11:37:54.592458+00:00,operator_reported_vehicle_indication,c882a2900fc4e14e393896f5ce9169de5cafc277b712af2cc63692061a9f4fdd
nmmt_route_live_9049_20260918,9049,9049,down,2677,41,485,567786968,1,19.14658,73.039955,18-09-2026 17:07:41,0,15:59,15:59,,,14:40,14:40,17:44,0,0,0,2026-09-18T11:37:54.592458+00:00,operator_reported_vehicle_indication,c882a2900fc4e14e393896f5ce9169de5cafc277b712af2cc63692061a9f4fdd
nmmt_route_live_9049_20260918,9049,9049,down,2675,42,485,567786968,1,19.14658,73.039955,18-09-2026 17:07:41,0,16:00,16:00,,,14:40,14:40,17:45,0,0,0,2026-09-18T11:37:54.592458+00:00,operator_reported_vehicle_indication,c882a2900fc4e14e393896f5ce9169de5cafc277b712af2cc63692061a9f4fdd
nmmt_route_live_9049_20260918,9049,9049,down,2674,43,485,567786968,1,19.14658,73.039955,18-09-2026 17:07:41,0,16:01,16:01,,,14:40,14:40,17:46,0,0,0,2026-09-18T11:37:54.592458+00:00,operator_reported_vehicle_indication,c882a2900fc4e14e393896f5ce9169de5cafc277b712af2cc63692061a9f4fdd
nmmt_route_live_9049_20260918,9049,9049,down,2672,44,485,567786968,1,19.14658,73.039955,18-09-2026 17:07:41,0,16:02,16:02,,,14:40,14:40,17:47,0,0,0,2026-09-18T11:37:54.592458+00:00,operator_reported_vehicle_indication,c882a2900fc4e14e393896f5ce9169de5cafc277b712af2cc63692061a9f4fdd
nmmt_route_live_9049_20260918,9049,9049,down,2671,45,485,567786968,1,19.14658,73.039955,18-09-2026 17:07:41,0,16:03,16:03,,,14:40,14:40,17:49,0,0,0,2026-09-18T11:37:54.592458+00:00,operator_reported_vehicle_indication,c882a2900fc4e14e393896f5ce9169de5cafc277b712af2cc63692061a9f4fdd
nmmt_route_live_9049_20260918,9049,9049,down,2670,46,485,567786968,1,19.14658,73.039955,18-09-2026 17:07:41,0,16:04,16:04,,,14:40,14:40,17:50,0,0,0,2026-09-18T11:37:54.592458+00:00,operator_reported_vehicle_indication,c882a2900fc4e14e393896f5ce9169de5cafc277b712af2cc63692061a9f4fdd
nmmt_route_live_9049_20260918,9049,9049,down,2669,47,485,567786968,1,19.14658,73.039955,18-09-2026 17:07:41,0,16:05,16:05,,,14:40,14:40,17:51,0,0,0,2026-09-18T11:37:54.592458+00:00,operator_reported_vehicle_indication,c882a2900fc4e14e393896f5ce9169de5cafc277b712af2cc63692061a9f4fdd
nmmt_route_live_9049_20260918,9049,9049,down,2667,48,485,567786968,1,19.14658,73.039955,18-09-2026 17:07:41,0,16:06,16:06,,,14:40,14:40,17:52,0,0,0,2026-09-18T11:37:54.592458+00:00,operator_reported_vehicle_indication,c882a2900fc4e14e393896f5ce9169de5cafc277b712af2cc63692061a9f4fdd
nmmt_route_live_9049_20260918,9049,9049,down,2665,49,485,567786968,1,19.14658,73.039955,18-09-2026 17:07:41,0,16:08,16:08,,,14:40,14:40,17:53,0,0,0,2026-09-18T11:37:54.592458+00:00,operator_reported_vehicle_indication,c882a2900fc4e14e393896f5ce9169de5cafc277b712af2cc63692061a9f4fdd
nmmt_route_live_9049_20260918,9049,9049,down,2540,50,485,567786968,1,19.14658,73.039955,18-09-2026 17:07:41,0,16:10,16:10,,,14:40,14:40,17:54,0,0,0,2026-09-18T11:37:54.592458+00:00,operator_reported_vehicle_indication,c882a2900fc4e14e393896f5ce9169de5cafc277b712af2cc63692061a9f4fdd
nmmt_route_live_9049_20260918,9049,9049,down,2541,51,485,567786968,1,19.14658,73.039955,18-09-2026 17:07:41,0,16:11,16:11,,,14:40,14:40,17:55,0,0,0,2026-09-18T11:37:54.592458+00:00,operator_reported_vehicle_indication,c882a2900fc4e14e393896f5ce9169de5cafc277b712af2cc63692061a9f4fdd
nmmt_route_live_9049_20260918,9049,9049,down,2573,52,485,567786968,1,19.14658,73.039955,18-09-2026 17:07:41,0,16:12,16:12,,,14:40,14:40,17:56,0,0,0,2026-09-18T11:37:54.592458+00:00,operator_reported_vehicle_indication,c882a2900fc4e14e393896f5ce9169de5cafc277b712af2cc63692061a9f4fdd
nmmt_route_live_9049_20260918,9049,9049,down,3194,53,485,567786968,1,19.14658,73.039955,18-09-2026 17:07:41,0,16:15,16:15,,,14:40,14:40,18:00,0,0,0,2026-09-18T11:37:54.592458+00:00,operator_reported_vehicle_indication,c882a2900fc4e14e393896f5ce9169de5cafc277b712af2cc63692061a9f4fdd
nmmt_route_live_9075_20260918,9075,9075,up,3173,1,651,567788177,2,19.258368,73.066254,18-09-2026 17:06:38,0,17:10,17:10,16:31,16:31,17:10,17:10,,1,0,0,2026-09-18T11:37:59.026523+00:00,operator_reported_vehicle_indication,2211bba01c55c1968b4e0abe583dee05edfc2055e904a18f44796c3061ccf766
nmmt_route_live_9075_20260918,9075,9075,up,5108,2,651,567788177,2,19.258368,73.066254,18-09-2026 17:06:38,0,17:11,17:11,16:31,16:32,17:10,17:10,,1,0,0,2026-09-18T11:37:59.026523+00:00,operator_reported_vehicle_indication,2211bba01c55c1968b4e0abe583dee05edfc2055e904a18f44796c3061ccf766
nmmt_route_live_9075_20260918,9075,9075,up,5107,3,651,567788177,2,19.258368,73.066254,18-09-2026 17:06:38,0,17:14,17:14,16:33,16:33,17:10,17:10,,1,0,0,2026-09-18T11:37:59.026523+00:00,operator_reported_vehicle_indication,2211bba01c55c1968b4e0abe583dee05edfc2055e904a18f44796c3061ccf766
nmmt_route_live_9075_20260918,9075,9075,up,5106,4,651,567788177,2,19.258368,73.066254,18-09-2026 17:06:38,0,17:16,17:16,16:34,16:34,17:10,17:10,,1,0,0,2026-09-18T11:37:59.026523+00:00,operator_reported_vehicle_indication,2211bba01c55c1968b4e0abe583dee05edfc2055e904a18f44796c3061ccf766
nmmt_route_live_9075_20260918,9075,9075,up,4748,5,651,567788177,2,19.258368,73.066254,18-09-2026 17:06:38,0,17:18,17:18,16:34,16:35,17:10,17:10,,1,0,0,2026-09-18T11:37:59.026523+00:00,operator_reported_vehicle_indication,2211bba01c55c1968b4e0abe583dee05edfc2055e904a18f44796c3061ccf766
nmmt_route_live_9075_20260918,9075,9075,up,4747,6,651,567788177,2,19.258368,73.066254,18-09-2026 17:06:38,0,17:19,17:19,,,17:10,17:10,,1,0,0,2026-09-18T11:37:59.026523+00:00,operator_reported_vehicle_indication,2211bba01c55c1968b4e0abe583dee05edfc2055e904a18f44796c3061ccf766
nmmt_route_live_9075_20260918,9075,9075,up,4749,7,651,567788177,2,19.258368,73.066254,18-09-2026 17:06:38,0,17:21,17:21,16:37,16:38,17:10,17:10,,1,0,0,2026-09-18T11:37:59.026523+00:00,operator_reported_vehicle_indication,2211bba01c55c1968b4e0abe583dee05edfc2055e904a18f44796c3061ccf766
nmmt_route_live_9075_20260918,9075,9075,up,4751,8,651,567788177,2,19.258368,73.066254,18-09-2026 17:06:38,0,17:22,17:22,16:41,16:42,17:10,17:10,,1,0,0,2026-09-18T11:37:59.026523+00:00,operator_reported_vehicle_indication,2211bba01c55c1968b4e0abe583dee05edfc2055e904a18f44796c3061ccf766
nmmt_route_live_9075_20260918,9075,9075,up,4752,9,651,567788177,2,19.258368,73.066254,18-09-2026 17:06:38,0,17:24,17:24,16:43,16:43,17:10,17:10,,1,0,0,2026-09-18T11:37:59.026523+00:00,operator_reported_vehicle_indication,2211bba01c55c1968b4e0abe583dee05edfc2055e904a18f44796c3061ccf766
nmmt_route_live_9075_20260918,9075,9075,up,5084,10,651,567788177,2,19.258368,73.066254,18-09-2026 17:06:38,0,17:26,17:26,16:45,16:46,17:10,17:10,,1,0,0,2026-09-18T11:37:59.026523+00:00,operator_reported_vehicle_indication,2211bba01c55c1968b4e0abe583dee05edfc2055e904a18f44796c3061ccf766
nmmt_route_live_9075_20260918,9075,9075,up,5086,11,651,567788177,2,19.258368,73.066254,18-09-2026 17:06:38,0,17:27,17:27,16:47,16:47,17:10,17:10,,1,0,0,2026-09-18T11:37:59.026523+00:00,operator_reported_vehicle_indication,2211bba01c55c1968b4e0abe583dee05edfc2055e904a18f44796c3061ccf766
nmmt_route_live_9075_20260918,9075,9075,up,5081,12,651,567788177,2,19.258368,73.066254,18-09-2026 17:06:38,0,17:30,17:30,16:48,16:48,17:10,17:10,,1,0,0,2026-09-18T11:37:59.026523+00:00,operator_reported_vehicle_indication,2211bba01c55c1968b4e0abe583dee05edfc2055e904a18f44796c3061ccf766
nmmt_route_live_9075_20260918,9075,9075,up,5082,13,651,567788177,2,19.258368,73.066254,18-09-2026 17:06:38,0,17:32,17:32,16:49,16:49,17:10,17:10,,1,0,0,2026-09-18T11:37:59.026523+00:00,operator_reported_vehicle_indication,2211bba01c55c1968b4e0abe583dee05edfc2055e904a18f44796c3061ccf766
nmmt_route_live_9075_20260918,9075,9075,up,5033,14,651,567788177,2,19.258368,73.066254,18-09-2026 17:06:38,0,17:34,17:34,16:51,16:51,17:10,17:10,,1,0,0,2026-09-18T11:37:59.026523+00:00,operator_reported_vehicle_indication,2211bba01c55c1968b4e0abe583dee05edfc2055e904a18f44796c3061ccf766
nmmt_route_live_9075_20260918,9075,9075,up,5078,15,651,567788177,2,19.258368,73.066254,18-09-2026 17:06:38,0,17:35,17:35,16:53,16:53,17:10,17:10,,1,0,0,2026-09-18T11:37:59.026523+00:00,operator_reported_vehicle_indication,2211bba01c55c1968b4e0abe583dee05edfc2055e904a18f44796c3061ccf766
nmmt_route_live_9075_20260918,9075,9075,up,5030,16,651,567788177,2,19.258368,73.066254,18-09-2026 17:06:38,0,17:38,17:38,16:55,16:55,17:10,17:10,,1,0,0,2026-09-18T11:37:59.026523+00:00,operator_reported_vehicle_indication,2211bba01c55c1968b4e0abe583dee05edfc2055e904a18f44796c3061ccf766
nmmt_route_live_9075_20260918,9075,9075,up,5075,17,651,567788177,2,19.258368,73.066254,18-09-2026 17:06:38,0,17:42,17:42,16:56,16:56,17:10,17:10,,1,0,0,2026-09-18T11:37:59.026523+00:00,operator_reported_vehicle_indication,2211bba01c55c1968b4e0abe583dee05edfc2055e904a18f44796c3061ccf766
nmmt_route_live_9075_20260918,9075,9075,up,5031,18,651,567788177,2,19.258368,73.066254,18-09-2026 17:06:38,0,17:45,17:45,16:58,16:58,17:10,17:10,,1,0,0,2026-09-18T11:37:59.026523+00:00,operator_reported_vehicle_indication,2211bba01c55c1968b4e0abe583dee05edfc2055e904a18f44796c3061ccf766
nmmt_route_live_9075_20260918,9075,9075,up,5073,19,651,567788177,2,19.258368,73.066254,18-09-2026 17:06:38,0,17:48,17:48,17:00,17:00,17:10,17:10,,1,0,0,2026-09-18T11:37:59.026523+00:00,operator_reported_vehicle_indication,2211bba01c55c1968b4e0abe583dee05edfc2055e904a18f44796c3061ccf766
nmmt_route_live_9075_20260918,9075,9075,up,5069,20,651,567788177,2,19.258368,73.066254,18-09-2026 17:06:38,0,17:50,17:50,17:01,17:02,17:10,17:10,,1,0,0,2026-09-18T11:37:59.026523+00:00,operator_reported_vehicle_indication,2211bba01c55c1968b4e0abe583dee05edfc2055e904a18f44796c3061ccf766
nmmt_route_live_9075_20260918,9075,9075,up,5071,21,651,567788177,2,19.258368,73.066254,18-09-2026 17:06:38,0,17:51,17:51,17:02,17:02,17:10,17:10,,1,0,0,2026-09-18T11:37:59.026523+00:00,operator_reported_vehicle_indication,2211bba01c55c1968b4e0abe583dee05edfc2055e904a18f44796c3061ccf766
nmmt_route_live_9075_20260918,9075,9075,up,5035,22,651,567788177,2,19.258368,73.066254,18-09-2026 17:06:38,0,17:54,17:54,17:03,17:04,17:10,17:10,,1,0,0,2026-09-18T11:37:59.026523+00:00,operator_reported_vehicle_indication,2211bba01c55c1968b4e0abe583dee05edfc2055e904a18f44796c3061ccf766
nmmt_route_live_9075_20260918,9075,9075,up,5037,23,651,567788177,2,19.258368,73.066254,18-09-2026 17:06:38,0,17:56,17:56,17:04,17:04,17:10,17:10,,1,0,0,2026-09-18T11:37:59.026523+00:00,operator_reported_vehicle_indication,2211bba01c55c1968b4e0abe583dee05edfc2055e904a18f44796c3061ccf766
nmmt_route_live_9075_20260918,9075,9075,up,5039,24,651,567788177,2,19.258368,73.066254,18-09-2026 17:06:38,0,17:58,17:58,,,17:10,17:10,17:08,0,0,0,2026-09-18T11:37:59.026523+00:00,operator_reported_vehicle_indication,2211bba01c55c1968b4e0abe583dee05edfc2055e904a18f44796c3061ccf766
nmmt_route_live_9075_20260918,9075,9075,up,5067,25,651,567788177,2,19.258368,73.066254,18-09-2026 17:06:38,0,18:01,18:01,,,17:10,17:10,17:11,0,0,0,2026-09-18T11:37:59.026523+00:00,operator_reported_vehicle_indication,2211bba01c55c1968b4e0abe583dee05edfc2055e904a18f44796c3061ccf766
nmmt_route_live_9075_20260918,9075,9075,up,5065,26,651,567788177,2,19.258368,73.066254,18-09-2026 17:06:38,0,18:02,18:02,,,17:10,17:10,17:13,0,0,0,2026-09-18T11:37:59.026523+00:00,operator_reported_vehicle_indication,2211bba01c55c1968b4e0abe583dee05edfc2055e904a18f44796c3061ccf766
nmmt_route_live_9075_20260918,9075,9075,up,5063,27,651,567788177,2,19.258368,73.066254,18-09-2026 17:06:38,0,18:04,18:04,,,17:10,17:10,17:16,0,0,0,2026-09-18T11:37:59.026523+00:00,operator_reported_vehicle_indication,2211bba01c55c1968b4e0abe583dee05edfc2055e904a18f44796c3061ccf766
nmmt_route_live_9075_20260918,9075,9075,up,5041,28,651,567788177,2,19.258368,73.066254,18-09-2026 17:06:38,0,18:06,18:06,,,17:10,17:10,17:18,0,0,0,2026-09-18T11:37:59.026523+00:00,operator_reported_vehicle_indication,2211bba01c55c1968b4e0abe583dee05edfc2055e904a18f44796c3061ccf766
nmmt_route_live_9075_20260918,9075,9075,up,5060,29,651,567788177,2,19.258368,73.066254,18-09-2026 17:06:38,0,18:07,18:07,,,17:10,17:10,17:19,0,0,0,2026-09-18T11:37:59.026523+00:00,operator_reported_vehicle_indication,2211bba01c55c1968b4e0abe583dee05edfc2055e904a18f44796c3061ccf766
nmmt_route_live_9075_20260918,9075,9075,up,5059,30,651,567788177,2,19.258368,73.066254,18-09-2026 17:06:38,0,18:09,18:09,,,17:10,17:10,17:20,0,0,0,2026-09-18T11:37:59.026523+00:00,operator_reported_vehicle_indication,2211bba01c55c1968b4e0abe583dee05edfc2055e904a18f44796c3061ccf766
nmmt_route_live_9075_20260918,9075,9075,up,5043,31,651,567788177,2,19.258368,73.066254,18-09-2026 17:06:38,0,18:10,18:10,,,17:10,17:10,17:21,0,0,0,2026-09-18T11:37:59.026523+00:00,operator_reported_vehicle_indication,2211bba01c55c1968b4e0abe583dee05edfc2055e904a18f44796c3061ccf766
nmmt_route_live_9075_20260918,9075,9075,up,5045,32,651,567788177,2,19.258368,73.066254,18-09-2026 17:06:38,0,18:14,18:14,,,17:10,17:10,17:22,0,0,0,2026-09-18T11:37:59.026523+00:00,operator_reported_vehicle_indication,2211bba01c55c1968b4e0abe583dee05edfc2055e904a18f44796c3061ccf766
nmmt_route_live_9075_20260918,9075,9075,up,5055,33,651,567788177,2,19.258368,73.066254,18-09-2026 17:06:38,0,18:17,18:17,,,17:10,17:10,17:23,0,0,0,2026-09-18T11:37:59.026523+00:00,operator_reported_vehicle_indication,2211bba01c55c1968b4e0abe583dee05edfc2055e904a18f44796c3061ccf766
nmmt_route_live_9075_20260918,9075,9075,up,5057,34,651,567788177,2,19.258368,73.066254,18-09-2026 17:06:38,0,18:20,18:20,,,17:10,17:10,17:24,0,0,0,2026-09-18T11:37:59.026523+00:00,operator_reported_vehicle_indication,2211bba01c55c1968b4e0abe583dee05edfc2055e904a18f44796c3061ccf766
nmmt_route_live_9075_20260918,9075,9075,up,5053,35,651,567788177,2,19.258368,73.066254,18-09-2026 17:06:38,0,18:22,18:22,,,17:10,17:10,17:26,0,0,0,2026-09-18T11:37:59.026523+00:00,operator_reported_vehicle_indication,2211bba01c55c1968b4e0abe583dee05edfc2055e904a18f44796c3061ccf766
nmmt_route_live_9075_20260918,9075,9075,up,5051,36,651,567788177,2,19.258368,73.066254,18-09-2026 17:06:38,0,18:23,18:23,,,17:10,17:10,17:27,0,0,0,2026-09-18T11:37:59.026523+00:00,operator_reported_vehicle_indication,2211bba01c55c1968b4e0abe583dee05edfc2055e904a18f44796c3061ccf766
nmmt_route_live_9075_20260918,9075,9075,up,5047,37,651,567788177,2,19.258368,73.066254,18-09-2026 17:06:38,0,18:25,18:25,,,17:10,17:10,17:28,0,0,0,2026-09-18T11:37:59.026523+00:00,operator_reported_vehicle_indication,2211bba01c55c1968b4e0abe583dee05edfc2055e904a18f44796c3061ccf766
nmmt_route_live_9075_20260918,9075,9075,up,5049,38,651,567788177,2,19.258368,73.066254,18-09-2026 17:06:38,0,18:26,18:26,,,17:10,17:10,17:30,0,0,0,2026-09-18T11:37:59.026523+00:00,operator_reported_vehicle_indication,2211bba01c55c1968b4e0abe583dee05edfc2055e904a18f44796c3061ccf766
nmmt_route_live_9075_20260918,9075,9075,up,5029,39,651,567788177,2,19.258368,73.066254,18-09-2026 17:06:38,0,18:30,18:30,,,17:10,17:10,17:32,0,0,0,2026-09-18T11:37:59.026523+00:00,operator_reported_vehicle_indication,2211bba01c55c1968b4e0abe583dee05edfc2055e904a18f44796c3061ccf766
nmmt_route_live_9081_20260918,9081,9081,up,3420,1,277,567784709,2,18.99099,73.12384,18-09-2026 17:04:33,0,16:53,16:53,16:52,16:53,16:53,16:53,,1,0,0,2026-09-18T11:38:00.115104+00:00,operator_reported_vehicle_indication,d7e0ce1156d25cde992cccc1c50ccea928ce78c06d586aaa105d334ee28ce7d2
nmmt_route_live_9081_20260918,9081,9081,up,3419,2,277,567784709,2,18.99099,73.12384,18-09-2026 17:04:33,0,16:54,16:54,,,16:53,16:53,,1,0,0,2026-09-18T11:38:00.115104+00:00,operator_reported_vehicle_indication,d7e0ce1156d25cde992cccc1c50ccea928ce78c06d586aaa105d334ee28ce7d2
nmmt_route_live_9081_20260918,9081,9081,up,3418,3,277,567784709,2,18.99099,73.12384,18-09-2026 17:04:33,0,16:55,16:55,,,16:53,16:53,,1,0,0,2026-09-18T11:38:00.115104+00:00,operator_reported_vehicle_indication,d7e0ce1156d25cde992cccc1c50ccea928ce78c06d586aaa105d334ee28ce7d2
nmmt_route_live_9081_20260918,9081,9081,up,3417,4,277,567784709,2,18.99099,73.12384,18-09-2026 17:04:33,0,16:56,16:56,,,16:53,16:53,,1,0,0,2026-09-18T11:38:00.115104+00:00,operator_reported_vehicle_indication,d7e0ce1156d25cde992cccc1c50ccea928ce78c06d586aaa105d334ee28ce7d2
nmmt_route_live_9081_20260918,9081,9081,up,3421,5,277,567784709,2,18.99099,73.12384,18-09-2026 17:04:33,0,16:58,16:58,17:00,17:01,16:53,16:53,,1,0,0,2026-09-18T11:38:00.115104+00:00,operator_reported_vehicle_indication,d7e0ce1156d25cde992cccc1c50ccea928ce78c06d586aaa105d334ee28ce7d2
nmmt_route_live_9081_20260918,9081,9081,up,3416,6,277,567784709,2,18.99099,73.12384,18-09-2026 17:04:33,0,16:59,16:59,,,16:53,16:53,,1,0,0,2026-09-18T11:38:00.115104+00:00,operator_reported_vehicle_indication,d7e0ce1156d25cde992cccc1c50ccea928ce78c06d586aaa105d334ee28ce7d2
nmmt_route_live_9081_20260918,9081,9081,up,3415,7,277,567784709,2,18.99099,73.12384,18-09-2026 17:04:33,0,17:00,17:00,,,16:53,16:53,,1,0,0,2026-09-18T11:38:00.115104+00:00,operator_reported_vehicle_indication,d7e0ce1156d25cde992cccc1c50ccea928ce78c06d586aaa105d334ee28ce7d2
nmmt_route_live_9081_20260918,9081,9081,up,3414,8,277,567784709,2,18.99099,73.12384,18-09-2026 17:04:33,0,17:01,17:01,17:03,17:04,16:53,16:53,,1,0,0,2026-09-18T11:38:00.115104+00:00,operator_reported_vehicle_indication,d7e0ce1156d25cde992cccc1c50ccea928ce78c06d586aaa105d334ee28ce7d2
nmmt_route_live_9081_20260918,9081,9081,up,3406,9,277,567784709,2,18.99099,73.12384,18-09-2026 17:04:33,0,17:03,17:03,,,16:53,16:53,,0,0,0,2026-09-18T11:38:00.115104+00:00,operator_reported_vehicle_indication,d7e0ce1156d25cde992cccc1c50ccea928ce78c06d586aaa105d334ee28ce7d2
nmmt_route_live_9372_20260918,9372,9372,down,4397,1,633,567802623,1,19.186911666666667,73.09198333333333,18-09-2026 17:07:45,0,15:47,15:47,16:37,16:37,15:47,15:47,,1,0,0,2026-09-18T11:38:27.099925+00:00,operator_reported_vehicle_indication,817a23d41a3b7f1a36267574b5c92cd5cf0acecd5923dd0e527615f31be6a196
nmmt_route_live_9372_20260918,9372,9372,down,2718,2,633,567802623,1,19.186911666666667,73.09198333333333,18-09-2026 17:07:45,0,15:48,15:48,,,15:47,15:47,,1,0,0,2026-09-18T11:38:27.099925+00:00,operator_reported_vehicle_indication,817a23d41a3b7f1a36267574b5c92cd5cf0acecd5923dd0e527615f31be6a196
nmmt_route_live_9372_20260918,9372,9372,down,4395,3,633,567802623,1,19.186911666666667,73.09198333333333,18-09-2026 17:07:45,0,15:55,15:55,16:39,16:39,15:47,15:47,,1,0,0,2026-09-18T11:38:27.099925+00:00,operator_reported_vehicle_indication,817a23d41a3b7f1a36267574b5c92cd5cf0acecd5923dd0e527615f31be6a196
nmmt_route_live_9372_20260918,9372,9372,down,4394,4,633,567802623,1,19.186911666666667,73.09198333333333,18-09-2026 17:07:45,0,15:56,15:56,16:41,16:41,15:47,15:47,,1,0,0,2026-09-18T11:38:27.099925+00:00,operator_reported_vehicle_indication,817a23d41a3b7f1a36267574b5c92cd5cf0acecd5923dd0e527615f31be6a196
nmmt_route_live_9372_20260918,9372,9372,down,4392,5,633,567802623,1,19.186911666666667,73.09198333333333,18-09-2026 17:07:45,0,15:57,15:57,16:43,16:43,15:47,15:47,,1,0,0,2026-09-18T11:38:27.099925+00:00,operator_reported_vehicle_indication,817a23d41a3b7f1a36267574b5c92cd5cf0acecd5923dd0e527615f31be6a196
nmmt_route_live_9372_20260918,9372,9372,down,4391,6,633,567802623,1,19.186911666666667,73.09198333333333,18-09-2026 17:07:45,0,15:58,15:58,16:45,16:45,15:47,15:47,,1,0,0,2026-09-18T11:38:27.099925+00:00,operator_reported_vehicle_indication,817a23d41a3b7f1a36267574b5c92cd5cf0acecd5923dd0e527615f31be6a196
nmmt_route_live_9372_20260918,9372,9372,down,4390,7,633,567802623,1,19.186911666666667,73.09198333333333,18-09-2026 17:07:45,0,15:59,15:59,16:48,16:49,15:47,15:47,,1,0,0,2026-09-18T11:38:27.099925+00:00,operator_reported_vehicle_indication,817a23d41a3b7f1a36267574b5c92cd5cf0acecd5923dd0e527615f31be6a196
nmmt_route_live_9372_20260918,9372,9372,down,4386,8,633,567802623,1,19.186911666666667,73.09198333333333,18-09-2026 17:07:45,0,16:00,16:00,16:51,16:52,15:47,15:47,,1,0,0,2026-09-18T11:38:27.099925+00:00,operator_reported_vehicle_indication,817a23d41a3b7f1a36267574b5c92cd5cf0acecd5923dd0e527615f31be6a196
nmmt_route_live_9372_20260918,9372,9372,down,4385,9,633,567802623,1,19.186911666666667,73.09198333333333,18-09-2026 17:07:45,0,16:01,16:01,16:53,16:54,15:47,15:47,,1,0,0,2026-09-18T11:38:27.099925+00:00,operator_reported_vehicle_indication,817a23d41a3b7f1a36267574b5c92cd5cf0acecd5923dd0e527615f31be6a196
nmmt_route_live_9372_20260918,9372,9372,down,4383,10,633,567802623,1,19.186911666666667,73.09198333333333,18-09-2026 17:07:45,0,16:02,16:02,16:55,16:56,15:47,15:47,,1,0,0,2026-09-18T11:38:27.099925+00:00,operator_reported_vehicle_indication,817a23d41a3b7f1a36267574b5c92cd5cf0acecd5923dd0e527615f31be6a196
nmmt_route_live_9372_20260918,9372,9372,down,4381,11,633,567802623,1,19.186911666666667,73.09198333333333,18-09-2026 17:07:45,0,16:03,16:03,16:57,16:57,15:47,15:47,,1,0,0,2026-09-18T11:38:27.099925+00:00,operator_reported_vehicle_indication,817a23d41a3b7f1a36267574b5c92cd5cf0acecd5923dd0e527615f31be6a196
nmmt_route_live_9372_20260918,9372,9372,down,4376,12,633,567802623,1,19.186911666666667,73.09198333333333,18-09-2026 17:07:45,0,16:04,16:04,,,15:47,15:47,,1,0,0,2026-09-18T11:38:27.099925+00:00,operator_reported_vehicle_indication,817a23d41a3b7f1a36267574b5c92cd5cf0acecd5923dd0e527615f31be6a196
nmmt_route_live_9372_20260918,9372,9372,down,4374,13,633,567802623,1,19.186911666666667,73.09198333333333,18-09-2026 17:07:45,0,16:05,16:05,17:02,17:02,15:47,15:47,,1,0,0,2026-09-18T11:38:27.099925+00:00,operator_reported_vehicle_indication,817a23d41a3b7f1a36267574b5c92cd5cf0acecd5923dd0e527615f31be6a196
nmmt_route_live_9372_20260918,9372,9372,down,4373,14,633,567802623,1,19.186911666666667,73.09198333333333,18-09-2026 17:07:45,0,16:06,16:06,17:04,17:04,15:47,15:47,,1,0,0,2026-09-18T11:38:27.099925+00:00,operator_reported_vehicle_indication,817a23d41a3b7f1a36267574b5c92cd5cf0acecd5923dd0e527615f31be6a196
nmmt_route_live_9372_20260918,9372,9372,down,4368,15,633,567802623,1,19.186911666666667,73.09198333333333,18-09-2026 17:07:45,0,16:07,16:07,17:07,17:07,15:47,15:47,,1,0,0,2026-09-18T11:38:27.099925+00:00,operator_reported_vehicle_indication,817a23d41a3b7f1a36267574b5c92cd5cf0acecd5923dd0e527615f31be6a196
nmmt_route_live_9372_20260918,9372,9372,down,4367,16,633,567802623,1,19.186911666666667,73.09198333333333,18-09-2026 17:07:45,0,16:09,16:09,,,15:47,15:47,17:12,0,0,0,2026-09-18T11:38:27.099925+00:00,operator_reported_vehicle_indication,817a23d41a3b7f1a36267574b5c92cd5cf0acecd5923dd0e527615f31be6a196
nmmt_route_live_9372_20260918,9372,9372,down,4366,17,633,567802623,1,19.186911666666667,73.09198333333333,18-09-2026 17:07:45,0,16:11,16:11,,,15:47,15:47,17:13,0,0,0,2026-09-18T11:38:27.099925+00:00,operator_reported_vehicle_indication,817a23d41a3b7f1a36267574b5c92cd5cf0acecd5923dd0e527615f31be6a196
nmmt_route_live_9372_20260918,9372,9372,down,4364,18,633,567802623,1,19.186911666666667,73.09198333333333,18-09-2026 17:07:45,0,16:15,16:15,,,15:47,15:47,17:15,0,0,0,2026-09-18T11:38:27.099925+00:00,operator_reported_vehicle_indication,817a23d41a3b7f1a36267574b5c92cd5cf0acecd5923dd0e527615f31be6a196
nmmt_route_live_9372_20260918,9372,9372,down,4363,19,633,567802623,1,19.186911666666667,73.09198333333333,18-09-2026 17:07:45,0,16:17,16:17,,,15:47,15:47,17:18,0,0,0,2026-09-18T11:38:27.099925+00:00,operator_reported_vehicle_indication,817a23d41a3b7f1a36267574b5c92cd5cf0acecd5923dd0e527615f31be6a196
nmmt_route_live_9372_20260918,9372,9372,down,4362,20,633,567802623,1,19.186911666666667,73.09198333333333,18-09-2026 17:07:45,0,16:19,16:19,,,15:47,15:47,17:20,0,0,0,2026-09-18T11:38:27.099925+00:00,operator_reported_vehicle_indication,817a23d41a3b7f1a36267574b5c92cd5cf0acecd5923dd0e527615f31be6a196
nmmt_route_live_9372_20260918,9372,9372,down,4361,21,633,567802623,1,19.186911666666667,73.09198333333333,18-09-2026 17:07:45,0,16:21,16:21,,,15:47,15:47,17:21,0,0,0,2026-09-18T11:38:27.099925+00:00,operator_reported_vehicle_indication,817a23d41a3b7f1a36267574b5c92cd5cf0acecd5923dd0e527615f31be6a196
nmmt_route_live_9372_20260918,9372,9372,down,4359,22,633,567802623,1,19.186911666666667,73.09198333333333,18-09-2026 17:07:45,0,16:25,16:25,,,15:47,15:47,17:24,0,0,0,2026-09-18T11:38:27.099925+00:00,operator_reported_vehicle_indication,817a23d41a3b7f1a36267574b5c92cd5cf0acecd5923dd0e527615f31be6a196
nmmt_route_live_9372_20260918,9372,9372,down,4358,23,633,567802623,1,19.186911666666667,73.09198333333333,18-09-2026 17:07:45,0,16:27,16:27,,,15:47,15:47,17:26,0,0,0,2026-09-18T11:38:27.099925+00:00,operator_reported_vehicle_indication,817a23d41a3b7f1a36267574b5c92cd5cf0acecd5923dd0e527615f31be6a196
nmmt_route_live_9372_20260918,9372,9372,down,4356,24,633,567802623,1,19.186911666666667,73.09198333333333,18-09-2026 17:07:45,0,16:29,16:29,,,15:47,15:47,17:30,0,0,0,2026-09-18T11:38:27.099925+00:00,operator_reported_vehicle_indication,817a23d41a3b7f1a36267574b5c92cd5cf0acecd5923dd0e527615f31be6a196
nmmt_route_live_9372_20260918,9372,9372,down,4354,25,633,567802623,1,19.186911666666667,73.09198333333333,18-09-2026 17:07:45,0,16:34,16:34,,,15:47,15:47,17:33,0,0,0,2026-09-18T11:38:27.099925+00:00,operator_reported_vehicle_indication,817a23d41a3b7f1a36267574b5c92cd5cf0acecd5923dd0e527615f31be6a196
nmmt_route_live_9372_20260918,9372,9372,down,4353,26,633,567802623,1,19.186911666666667,73.09198333333333,18-09-2026 17:07:45,0,16:36,16:36,,,15:47,15:47,17:36,0,0,0,2026-09-18T11:38:27.099925+00:00,operator_reported_vehicle_indication,817a23d41a3b7f1a36267574b5c92cd5cf0acecd5923dd0e527615f31be6a196
nmmt_route_live_9372_20260918,9372,9372,down,4350,27,633,567802623,1,19.186911666666667,73.09198333333333,18-09-2026 17:07:45,0,16:42,16:42,,,15:47,15:47,17:43,0,0,0,2026-09-18T11:38:27.099925+00:00,operator_reported_vehicle_indication,817a23d41a3b7f1a36267574b5c92cd5cf0acecd5923dd0e527615f31be6a196
nmmt_route_live_9372_20260918,9372,9372,down,4348,28,633,567802623,1,19.186911666666667,73.09198333333333,18-09-2026 17:07:45,0,16:46,16:46,,,15:47,15:47,17:44,0,0,0,2026-09-18T11:38:27.099925+00:00,operator_reported_vehicle_indication,817a23d41a3b7f1a36267574b5c92cd5cf0acecd5923dd0e527615f31be6a196
nmmt_route_live_9372_20260918,9372,9372,down,4347,29,633,567802623,1,19.186911666666667,73.09198333333333,18-09-2026 17:07:45,0,16:47,16:47,,,15:47,15:47,17:49,0,0,0,2026-09-18T11:38:27.099925+00:00,operator_reported_vehicle_indication,817a23d41a3b7f1a36267574b5c92cd5cf0acecd5923dd0e527615f31be6a196
nmmt_route_live_9372_20260918,9372,9372,down,4346,30,633,567802623,1,19.186911666666667,73.09198333333333,18-09-2026 17:07:45,0,16:49,16:49,,,15:47,15:47,17:50,0,0,0,2026-09-18T11:38:27.099925+00:00,operator_reported_vehicle_indication,817a23d41a3b7f1a36267574b5c92cd5cf0acecd5923dd0e527615f31be6a196
nmmt_route_live_9372_20260918,9372,9372,down,4345,31,633,567802623,1,19.186911666666667,73.09198333333333,18-09-2026 17:07:45,0,16:50,16:50,,,15:47,15:47,17:51,0,0,0,2026-09-18T11:38:27.099925+00:00,operator_reported_vehicle_indication,817a23d41a3b7f1a36267574b5c92cd5cf0acecd5923dd0e527615f31be6a196
nmmt_route_live_9372_20260918,9372,9372,down,4343,32,633,567802623,1,19.186911666666667,73.09198333333333,18-09-2026 17:07:45,0,16:54,16:54,,,15:47,15:47,17:55,0,0,0,2026-09-18T11:38:27.099925+00:00,operator_reported_vehicle_indication,817a23d41a3b7f1a36267574b5c92cd5cf0acecd5923dd0e527615f31be6a196
nmmt_route_live_9372_20260918,9372,9372,down,4342,33,633,567802623,1,19.186911666666667,73.09198333333333,18-09-2026 17:07:45,0,16:56,16:56,,,15:47,15:47,17:56,0,0,0,2026-09-18T11:38:27.099925+00:00,operator_reported_vehicle_indication,817a23d41a3b7f1a36267574b5c92cd5cf0acecd5923dd0e527615f31be6a196
nmmt_route_live_9372_20260918,9372,9372,down,4341,34,633,567802623,1,19.186911666666667,73.09198333333333,18-09-2026 17:07:45,0,16:58,16:58,,,15:47,15:47,17:57,0,0,0,2026-09-18T11:38:27.099925+00:00,operator_reported_vehicle_indication,817a23d41a3b7f1a36267574b5c92cd5cf0acecd5923dd0e527615f31be6a196
nmmt_route_live_9372_20260918,9372,9372,down,4340,35,633,567802623,1,19.186911666666667,73.09198333333333,18-09-2026 17:07:45,0,17:00,17:00,,,15:47,15:47,17:59,0,0,0,2026-09-18T11:38:27.099925+00:00,operator_reported_vehicle_indication,817a23d41a3b7f1a36267574b5c92cd5cf0acecd5923dd0e527615f31be6a196
nmmt_route_live_9372_20260918,9372,9372,down,4339,36,633,567802623,1,19.186911666666667,73.09198333333333,18-09-2026 17:07:45,0,17:02,17:02,,,15:47,15:47,18:01,0,0,0,2026-09-18T11:38:27.099925+00:00,operator_reported_vehicle_indication,817a23d41a3b7f1a36267574b5c92cd5cf0acecd5923dd0e527615f31be6a196
nmmt_route_live_9372_20260918,9372,9372,down,4338,37,633,567802623,1,19.186911666666667,73.09198333333333,18-09-2026 17:07:45,0,17:03,17:03,,,15:47,15:47,18:02,0,0,0,2026-09-18T11:38:27.099925+00:00,operator_reported_vehicle_indication,817a23d41a3b7f1a36267574b5c92cd5cf0acecd5923dd0e527615f31be6a196
nmmt_route_live_9372_20260918,9372,9372,down,4337,38,633,567802623,1,19.186911666666667,73.09198333333333,18-09-2026 17:07:45,0,17:04,17:04,,,15:47,15:47,18:04,0,0,0,2026-09-18T11:38:27.099925+00:00,operator_reported_vehicle_indication,817a23d41a3b7f1a36267574b5c92cd5cf0acecd5923dd0e527615f31be6a196
nmmt_route_live_9372_20260918,9372,9372,down,4336,39,633,567802623,1,19.186911666666667,73.09198333333333,18-09-2026 17:07:45,0,17:05,17:05,,,15:47,15:47,18:05,0,0,0,2026-09-18T11:38:27.099925+00:00,operator_reported_vehicle_indication,817a23d41a3b7f1a36267574b5c92cd5cf0acecd5923dd0e527615f31be6a196
nmmt_route_live_9372_20260918,9372,9372,down,4335,40,633,567802623,1,19.186911666666667,73.09198333333333,18-09-2026 17:07:45,0,17:06,17:06,,,15:47,15:47,18:07,0,0,0,2026-09-18T11:38:27.099925+00:00,operator_reported_vehicle_indication,817a23d41a3b7f1a36267574b5c92cd5cf0acecd5923dd0e527615f31be6a196
nmmt_route_live_9372_20260918,9372,9372,down,3927,41,633,567802623,1,19.186911666666667,73.09198333333333,18-09-2026 17:07:45,0,17:08,17:08,,,15:47,15:47,18:08,0,0,0,2026-09-18T11:38:27.099925+00:00,operator_reported_vehicle_indication,817a23d41a3b7f1a36267574b5c92cd5cf0acecd5923dd0e527615f31be6a196
nmmt_route_live_9372_20260918,9372,9372,down,2726,42,633,567802623,1,19.186911666666667,73.09198333333333,18-09-2026 17:07:45,0,17:09,17:09,,,15:47,15:47,18:14,0,0,0,2026-09-18T11:38:27.099925+00:00,operator_reported_vehicle_indication,817a23d41a3b7f1a36267574b5c92cd5cf0acecd5923dd0e527615f31be6a196
nmmt_route_live_9372_20260918,9372,9372,down,3915,43,633,567802623,1,19.186911666666667,73.09198333333333,18-09-2026 17:07:45,0,17:10,17:10,,,15:47,15:47,18:15,0,0,0,2026-09-18T11:38:27.099925+00:00,operator_reported_vehicle_indication,817a23d41a3b7f1a36267574b5c92cd5cf0acecd5923dd0e527615f31be6a196
nmmt_route_live_9372_20260918,9372,9372,down,2524,44,633,567802623,1,19.186911666666667,73.09198333333333,18-09-2026 17:07:45,0,17:11,17:11,,,15:47,15:47,18:16,0,0,0,2026-09-18T11:38:27.099925+00:00,operator_reported_vehicle_indication,817a23d41a3b7f1a36267574b5c92cd5cf0acecd5923dd0e527615f31be6a196
nmmt_route_live_9372_20260918,9372,9372,down,3913,45,633,567802623,1,19.186911666666667,73.09198333333333,18-09-2026 17:07:45,0,17:12,17:12,,,15:47,15:47,18:21,0,0,0,2026-09-18T11:38:27.099925+00:00,operator_reported_vehicle_indication,817a23d41a3b7f1a36267574b5c92cd5cf0acecd5923dd0e527615f31be6a196
nmmt_route_live_9372_20260918,9372,9372,down,4210,46,633,567802623,1,19.186911666666667,73.09198333333333,18-09-2026 17:07:45,0,17:14,17:14,,,15:47,15:47,18:22,0,0,0,2026-09-18T11:38:27.099925+00:00,operator_reported_vehicle_indication,817a23d41a3b7f1a36267574b5c92cd5cf0acecd5923dd0e527615f31be6a196
nmmt_route_live_9372_20260918,9372,9372,down,2518,47,633,567802623,1,19.186911666666667,73.09198333333333,18-09-2026 17:07:45,0,17:15,17:15,,,15:47,15:47,18:27,0,0,0,2026-09-18T11:38:27.099925+00:00,operator_reported_vehicle_indication,817a23d41a3b7f1a36267574b5c92cd5cf0acecd5923dd0e527615f31be6a196
nmmt_route_live_9372_20260918,9372,9372,down,3324,48,633,567802623,1,19.186911666666667,73.09198333333333,18-09-2026 17:07:45,0,17:16,17:16,,,15:47,15:47,18:29,0,0,0,2026-09-18T11:38:27.099925+00:00,operator_reported_vehicle_indication,817a23d41a3b7f1a36267574b5c92cd5cf0acecd5923dd0e527615f31be6a196
nmmt_route_live_9372_20260918,9372,9372,down,3323,49,633,567802623,1,19.186911666666667,73.09198333333333,18-09-2026 17:07:45,0,17:19,17:19,,,15:47,15:47,18:33,0,0,0,2026-09-18T11:38:27.099925+00:00,operator_reported_vehicle_indication,817a23d41a3b7f1a36267574b5c92cd5cf0acecd5923dd0e527615f31be6a196
nmmt_route_live_9511_20260918,9511,9511,up,3448,1,592,567789311,1,19.065973333333332,73.07775833333334,18-09-2026 17:08:25,0,16:28,16:28,,,16:28,16:28,,1,0,0,2026-09-18T11:38:52.957141+00:00,operator_reported_vehicle_indication,cb7e005bdbb0acfd98ba7359b9290db293c294df37ff1b41d9b5019db9518424
nmmt_route_live_9511_20260918,9511,9511,up,3447,2,592,567789311,1,19.065973333333332,73.07775833333334,18-09-2026 17:08:25,0,16:29,16:29,,,16:28,16:28,,1,0,0,2026-09-18T11:38:52.957141+00:00,operator_reported_vehicle_indication,cb7e005bdbb0acfd98ba7359b9290db293c294df37ff1b41d9b5019db9518424
nmmt_route_live_9511_20260918,9511,9511,up,3446,3,592,567789311,1,19.065973333333332,73.07775833333334,18-09-2026 17:08:25,0,16:30,16:30,,,16:28,16:28,,1,0,0,2026-09-18T11:38:52.957141+00:00,operator_reported_vehicle_indication,cb7e005bdbb0acfd98ba7359b9290db293c294df37ff1b41d9b5019db9518424
nmmt_route_live_9511_20260918,9511,9511,up,3445,4,592,567789311,1,19.065973333333332,73.07775833333334,18-09-2026 17:08:25,0,16:30,16:30,,,16:28,16:28,,1,0,0,2026-09-18T11:38:52.957141+00:00,operator_reported_vehicle_indication,cb7e005bdbb0acfd98ba7359b9290db293c294df37ff1b41d9b5019db9518424
nmmt_route_live_9511_20260918,9511,9511,up,2743,5,592,567789311,1,19.065973333333332,73.07775833333334,18-09-2026 17:08:25,0,16:32,16:32,,,16:28,16:28,,1,0,0,2026-09-18T11:38:52.957141+00:00,operator_reported_vehicle_indication,cb7e005bdbb0acfd98ba7359b9290db293c294df37ff1b41d9b5019db9518424
nmmt_route_live_9511_20260918,9511,9511,up,3332,6,592,567789311,1,19.065973333333332,73.07775833333334,18-09-2026 17:08:25,0,16:33,16:33,,,16:28,16:28,,1,0,0,2026-09-18T11:38:52.957141+00:00,operator_reported_vehicle_indication,cb7e005bdbb0acfd98ba7359b9290db293c294df37ff1b41d9b5019db9518424
nmmt_route_live_9511_20260918,9511,9511,up,3333,7,592,567789311,1,19.065973333333332,73.07775833333334,18-09-2026 17:08:25,0,16:33,16:33,,,16:28,16:28,,1,0,0,2026-09-18T11:38:52.957141+00:00,operator_reported_vehicle_indication,cb7e005bdbb0acfd98ba7359b9290db293c294df37ff1b41d9b5019db9518424
nmmt_route_live_9511_20260918,9511,9511,up,4396,8,592,567789311,1,19.065973333333332,73.07775833333334,18-09-2026 17:08:25,0,16:34,16:34,,,16:28,16:28,,1,0,0,2026-09-18T11:38:52.957141+00:00,operator_reported_vehicle_indication,cb7e005bdbb0acfd98ba7359b9290db293c294df37ff1b41d9b5019db9518424
nmmt_route_live_9511_20260918,9511,9511,up,3769,9,592,567789311,1,19.065973333333332,73.07775833333334,18-09-2026 17:08:25,0,16:36,16:36,,,16:28,16:28,,1,0,0,2026-09-18T11:38:52.957141+00:00,operator_reported_vehicle_indication,cb7e005bdbb0acfd98ba7359b9290db293c294df37ff1b41d9b5019db9518424
nmmt_route_live_9511_20260918,9511,9511,up,3336,10,592,567789311,1,19.065973333333332,73.07775833333334,18-09-2026 17:08:25,0,16:37,16:37,,,16:28,16:28,,1,0,0,2026-09-18T11:38:52.957141+00:00,operator_reported_vehicle_indication,cb7e005bdbb0acfd98ba7359b9290db293c294df37ff1b41d9b5019db9518424
nmmt_route_live_9511_20260918,9511,9511,up,3683,11,592,567789311,1,19.065973333333332,73.07775833333334,18-09-2026 17:08:25,0,16:39,16:39,,,16:28,16:28,,1,0,0,2026-09-18T11:38:52.957141+00:00,operator_reported_vehicle_indication,cb7e005bdbb0acfd98ba7359b9290db293c294df37ff1b41d9b5019db9518424
nmmt_route_live_9511_20260918,9511,9511,up,4589,12,592,567789311,1,19.065973333333332,73.07775833333334,18-09-2026 17:08:25,0,16:40,16:40,,,16:28,16:28,,1,0,0,2026-09-18T11:38:52.957141+00:00,operator_reported_vehicle_indication,cb7e005bdbb0acfd98ba7359b9290db293c294df37ff1b41d9b5019db9518424
nmmt_route_live_9511_20260918,9511,9511,up,4619,13,592,567789311,1,19.065973333333332,73.07775833333334,18-09-2026 17:08:25,0,16:40,16:40,,,16:28,16:28,,1,0,0,2026-09-18T11:38:52.957141+00:00,operator_reported_vehicle_indication,cb7e005bdbb0acfd98ba7359b9290db293c294df37ff1b41d9b5019db9518424
nmmt_route_live_9511_20260918,9511,9511,up,4648,14,592,567789311,1,19.065973333333332,73.07775833333334,18-09-2026 17:08:25,0,16:41,16:41,,,16:28,16:28,,1,0,0,2026-09-18T11:38:52.957141+00:00,operator_reported_vehicle_indication,cb7e005bdbb0acfd98ba7359b9290db293c294df37ff1b41d9b5019db9518424
nmmt_route_live_9511_20260918,9511,9511,up,3485,15,592,567789311,1,19.065973333333332,73.07775833333334,18-09-2026 17:08:25,0,16:43,16:43,,,16:28,16:28,,1,0,0,2026-09-18T11:38:52.957141+00:00,operator_reported_vehicle_indication,cb7e005bdbb0acfd98ba7359b9290db293c294df37ff1b41d9b5019db9518424
nmmt_route_live_9511_20260918,9511,9511,up,3479,16,592,567789311,1,19.065973333333332,73.07775833333334,18-09-2026 17:08:25,0,16:44,16:44,,,16:28,16:28,,1,0,0,2026-09-18T11:38:52.957141+00:00,operator_reported_vehicle_indication,cb7e005bdbb0acfd98ba7359b9290db293c294df37ff1b41d9b5019db9518424
nmmt_route_live_9511_20260918,9511,9511,up,3480,17,592,567789311,1,19.065973333333332,73.07775833333334,18-09-2026 17:08:25,0,16:45,16:45,,,16:28,16:28,,1,0,0,2026-09-18T11:38:52.957141+00:00,operator_reported_vehicle_indication,cb7e005bdbb0acfd98ba7359b9290db293c294df37ff1b41d9b5019db9518424
nmmt_route_live_9511_20260918,9511,9511,up,3481,18,592,567789311,1,19.065973333333332,73.07775833333334,18-09-2026 17:08:25,0,16:47,16:47,,,16:28,16:28,,1,0,0,2026-09-18T11:38:52.957141+00:00,operator_reported_vehicle_indication,cb7e005bdbb0acfd98ba7359b9290db293c294df37ff1b41d9b5019db9518424
nmmt_route_live_9511_20260918,9511,9511,up,3483,19,592,567789311,1,19.065973333333332,73.07775833333334,18-09-2026 17:08:25,0,16:48,16:48,,,16:28,16:28,,1,0,0,2026-09-18T11:38:52.957141+00:00,operator_reported_vehicle_indication,cb7e005bdbb0acfd98ba7359b9290db293c294df37ff1b41d9b5019db9518424
nmmt_route_live_9511_20260918,9511,9511,up,3484,20,592,567789311,1,19.065973333333332,73.07775833333334,18-09-2026 17:08:25,0,16:50,16:50,,,16:28,16:28,,1,0,0,2026-09-18T11:38:52.957141+00:00,operator_reported_vehicle_indication,cb7e005bdbb0acfd98ba7359b9290db293c294df37ff1b41d9b5019db9518424
nmmt_route_live_9511_20260918,9511,9511,up,3815,21,592,567789311,1,19.065973333333332,73.07775833333334,18-09-2026 17:08:25,0,16:51,16:51,,,16:28,16:28,,1,0,0,2026-09-18T11:38:52.957141+00:00,operator_reported_vehicle_indication,cb7e005bdbb0acfd98ba7359b9290db293c294df37ff1b41d9b5019db9518424
nmmt_route_live_9511_20260918,9511,9511,up,3816,22,592,567789311,1,19.065973333333332,73.07775833333334,18-09-2026 17:08:25,0,16:52,16:52,16:52,16:53,16:28,16:28,,1,0,0,2026-09-18T11:38:52.957141+00:00,operator_reported_vehicle_indication,cb7e005bdbb0acfd98ba7359b9290db293c294df37ff1b41d9b5019db9518424
nmmt_route_live_9511_20260918,9511,9511,up,3860,23,592,567789311,1,19.065973333333332,73.07775833333334,18-09-2026 17:08:25,0,16:54,16:54,16:53,16:54,16:28,16:28,,1,0,0,2026-09-18T11:38:52.957141+00:00,operator_reported_vehicle_indication,cb7e005bdbb0acfd98ba7359b9290db293c294df37ff1b41d9b5019db9518424
nmmt_route_live_9511_20260918,9511,9511,up,4595,24,592,567789311,1,19.065973333333332,73.07775833333334,18-09-2026 17:08:25,0,16:55,16:55,16:55,16:55,16:28,16:28,,1,0,0,2026-09-18T11:38:52.957141+00:00,operator_reported_vehicle_indication,cb7e005bdbb0acfd98ba7359b9290db293c294df37ff1b41d9b5019db9518424
nmmt_route_live_9511_20260918,9511,9511,up,3348,25,592,567789311,1,19.065973333333332,73.07775833333334,18-09-2026 17:08:25,0,16:56,16:56,,,16:28,16:28,,1,0,0,2026-09-18T11:38:52.957141+00:00,operator_reported_vehicle_indication,cb7e005bdbb0acfd98ba7359b9290db293c294df37ff1b41d9b5019db9518424
nmmt_route_live_9511_20260918,9511,9511,up,3665,26,592,567789311,1,19.065973333333332,73.07775833333334,18-09-2026 17:08:25,0,16:58,16:58,17:04,17:05,16:28,16:28,,1,0,0,2026-09-18T11:38:52.957141+00:00,operator_reported_vehicle_indication,cb7e005bdbb0acfd98ba7359b9290db293c294df37ff1b41d9b5019db9518424
nmmt_route_live_9511_20260918,9511,9511,up,3836,27,592,567789311,1,19.065973333333332,73.07775833333334,18-09-2026 17:08:25,0,16:58,16:58,,,16:28,16:28,,0,0,0,2026-09-18T11:38:52.957141+00:00,operator_reported_vehicle_indication,cb7e005bdbb0acfd98ba7359b9290db293c294df37ff1b41d9b5019db9518424
nmmt_route_live_9511_20260918,9511,9511,up,4049,28,592,567789311,1,19.065973333333332,73.07775833333334,18-09-2026 17:08:25,0,16:59,16:59,,,16:28,16:28,,0,0,0,2026-09-18T11:38:52.957141+00:00,operator_reported_vehicle_indication,cb7e005bdbb0acfd98ba7359b9290db293c294df37ff1b41d9b5019db9518424
nmmt_route_live_9511_20260918,9511,9511,up,4050,29,592,567789311,1,19.065973333333332,73.07775833333334,18-09-2026 17:08:25,0,16:59,16:59,,,16:28,16:28,,0,0,0,2026-09-18T11:38:52.957141+00:00,operator_reported_vehicle_indication,cb7e005bdbb0acfd98ba7359b9290db293c294df37ff1b41d9b5019db9518424
nmmt_route_live_9511_20260918,9511,9511,up,4051,30,592,567789311,1,19.065973333333332,73.07775833333334,18-09-2026 17:08:25,0,17:01,17:01,,,16:28,16:28,17:09,0,0,0,2026-09-18T11:38:52.957141+00:00,operator_reported_vehicle_indication,cb7e005bdbb0acfd98ba7359b9290db293c294df37ff1b41d9b5019db9518424
nmmt_route_live_9512_20260918,9512,9512,down,4051,1,624,567789322,1,19.040953333333334,73.07546333333333,18-09-2026 17:07:39,0,16:15,16:15,,,16:15,16:15,,1,0,0,2026-09-18T11:38:53.508812+00:00,operator_reported_vehicle_indication,43cec52721d64c838120ab9c82120d7944b1202e50f17a71a886eaaa091d78d3
nmmt_route_live_9512_20260918,9512,9512,down,4655,2,624,567789322,1,19.040953333333334,73.07546333333333,18-09-2026 17:07:39,0,16:16,16:16,,,16:15,16:15,,1,0,0,2026-09-18T11:38:53.508812+00:00,operator_reported_vehicle_indication,43cec52721d64c838120ab9c82120d7944b1202e50f17a71a886eaaa091d78d3
nmmt_route_live_9512_20260918,9512,9512,down,4654,3,624,567789322,1,19.040953333333334,73.07546333333333,18-09-2026 17:07:39,0,16:17,16:17,,,16:15,16:15,,1,0,0,2026-09-18T11:38:53.508812+00:00,operator_reported_vehicle_indication,43cec52721d64c838120ab9c82120d7944b1202e50f17a71a886eaaa091d78d3
nmmt_route_live_9512_20260918,9512,9512,down,4661,4,624,567789322,1,19.040953333333334,73.07546333333333,18-09-2026 17:07:39,0,16:19,16:19,,,16:15,16:15,,1,0,0,2026-09-18T11:38:53.508812+00:00,operator_reported_vehicle_indication,43cec52721d64c838120ab9c82120d7944b1202e50f17a71a886eaaa091d78d3
nmmt_route_live_9512_20260918,9512,9512,down,4644,5,624,567789322,1,19.040953333333334,73.07546333333333,18-09-2026 17:07:39,0,16:20,16:20,,,16:15,16:15,,1,0,0,2026-09-18T11:38:53.508812+00:00,operator_reported_vehicle_indication,43cec52721d64c838120ab9c82120d7944b1202e50f17a71a886eaaa091d78d3
nmmt_route_live_9512_20260918,9512,9512,down,4596,6,624,567789322,1,19.040953333333334,73.07546333333333,18-09-2026 17:07:39,0,16:22,16:22,,,16:15,16:15,,1,0,0,2026-09-18T11:38:53.508812+00:00,operator_reported_vehicle_indication,43cec52721d64c838120ab9c82120d7944b1202e50f17a71a886eaaa091d78d3
nmmt_route_live_9512_20260918,9512,9512,down,3347,7,624,567789322,1,19.040953333333334,73.07546333333333,18-09-2026 17:07:39,0,16:23,16:23,,,16:15,16:15,,1,0,0,2026-09-18T11:38:53.508812+00:00,operator_reported_vehicle_indication,43cec52721d64c838120ab9c82120d7944b1202e50f17a71a886eaaa091d78d3
nmmt_route_live_9512_20260918,9512,9512,down,3860,8,624,567789322,1,19.040953333333334,73.07546333333333,18-09-2026 17:07:39,0,16:25,16:25,,,16:15,16:15,,1,0,0,2026-09-18T11:38:53.508812+00:00,operator_reported_vehicle_indication,43cec52721d64c838120ab9c82120d7944b1202e50f17a71a886eaaa091d78d3
nmmt_route_live_9512_20260918,9512,9512,down,3816,9,624,567789322,1,19.040953333333334,73.07546333333333,18-09-2026 17:07:39,0,16:26,16:26,,,16:15,16:15,,1,0,0,2026-09-18T11:38:53.508812+00:00,operator_reported_vehicle_indication,43cec52721d64c838120ab9c82120d7944b1202e50f17a71a886eaaa091d78d3
nmmt_route_live_9512_20260918,9512,9512,down,4653,10,624,567789322,1,19.040953333333334,73.07546333333333,18-09-2026 17:07:39,0,16:28,16:28,,,16:15,16:15,,1,0,0,2026-09-18T11:38:53.508812+00:00,operator_reported_vehicle_indication,43cec52721d64c838120ab9c82120d7944b1202e50f17a71a886eaaa091d78d3
nmmt_route_live_9512_20260918,9512,9512,down,4652,11,624,567789322,1,19.040953333333334,73.07546333333333,18-09-2026 17:07:39,0,16:29,16:29,,,16:15,16:15,,1,0,0,2026-09-18T11:38:53.508812+00:00,operator_reported_vehicle_indication,43cec52721d64c838120ab9c82120d7944b1202e50f17a71a886eaaa091d78d3
nmmt_route_live_9512_20260918,9512,9512,down,4650,12,624,567789322,1,19.040953333333334,73.07546333333333,18-09-2026 17:07:39,0,16:31,16:31,,,16:15,16:15,,1,0,0,2026-09-18T11:38:53.508812+00:00,operator_reported_vehicle_indication,43cec52721d64c838120ab9c82120d7944b1202e50f17a71a886eaaa091d78d3
nmmt_route_live_9512_20260918,9512,9512,down,4649,13,624,567789322,1,19.040953333333334,73.07546333333333,18-09-2026 17:07:39,0,16:32,16:32,,,16:15,16:15,,1,0,0,2026-09-18T11:38:53.508812+00:00,operator_reported_vehicle_indication,43cec52721d64c838120ab9c82120d7944b1202e50f17a71a886eaaa091d78d3
nmmt_route_live_9512_20260918,9512,9512,down,4647,14,624,567789322,1,19.040953333333334,73.07546333333333,18-09-2026 17:07:39,0,16:32,16:32,,,16:15,16:15,,1,0,0,2026-09-18T11:38:53.508812+00:00,operator_reported_vehicle_indication,43cec52721d64c838120ab9c82120d7944b1202e50f17a71a886eaaa091d78d3
nmmt_route_live_9512_20260918,9512,9512,down,4646,15,624,567789322,1,19.040953333333334,73.07546333333333,18-09-2026 17:07:39,0,16:33,16:33,,,16:15,16:15,,1,0,0,2026-09-18T11:38:53.508812+00:00,operator_reported_vehicle_indication,43cec52721d64c838120ab9c82120d7944b1202e50f17a71a886eaaa091d78d3
nmmt_route_live_9512_20260918,9512,9512,down,4645,16,624,567789322,1,19.040953333333334,73.07546333333333,18-09-2026 17:07:39,0,16:35,16:35,,,16:15,16:15,,1,0,0,2026-09-18T11:38:53.508812+00:00,operator_reported_vehicle_indication,43cec52721d64c838120ab9c82120d7944b1202e50f17a71a886eaaa091d78d3
nmmt_route_live_9512_20260918,9512,9512,down,3486,17,624,567789322,1,19.040953333333334,73.07546333333333,18-09-2026 17:07:39,0,16:36,16:36,,,16:15,16:15,,1,0,0,2026-09-18T11:38:53.508812+00:00,operator_reported_vehicle_indication,43cec52721d64c838120ab9c82120d7944b1202e50f17a71a886eaaa091d78d3
nmmt_route_live_9512_20260918,9512,9512,down,3684,18,624,567789322,1,19.040953333333334,73.07546333333333,18-09-2026 17:07:39,0,16:36,16:36,,,16:15,16:15,,1,0,0,2026-09-18T11:38:53.508812+00:00,operator_reported_vehicle_indication,43cec52721d64c838120ab9c82120d7944b1202e50f17a71a886eaaa091d78d3
nmmt_route_live_9512_20260918,9512,9512,down,3478,19,624,567789322,1,19.040953333333334,73.07546333333333,18-09-2026 17:07:39,0,16:38,16:38,,,16:15,16:15,,1,0,0,2026-09-18T11:38:53.508812+00:00,operator_reported_vehicle_indication,43cec52721d64c838120ab9c82120d7944b1202e50f17a71a886eaaa091d78d3
nmmt_route_live_9512_20260918,9512,9512,down,4588,20,624,567789322,1,19.040953333333334,73.07546333333333,18-09-2026 17:07:39,0,16:38,16:38,,,16:15,16:15,,1,0,0,2026-09-18T11:38:53.508812+00:00,operator_reported_vehicle_indication,43cec52721d64c838120ab9c82120d7944b1202e50f17a71a886eaaa091d78d3
nmmt_route_live_9512_20260918,9512,9512,down,4587,21,624,567789322,1,19.040953333333334,73.07546333333333,18-09-2026 17:07:39,0,16:39,16:39,,,16:15,16:15,,1,0,0,2026-09-18T11:38:53.508812+00:00,operator_reported_vehicle_indication,43cec52721d64c838120ab9c82120d7944b1202e50f17a71a886eaaa091d78d3
nmmt_route_live_9512_20260918,9512,9512,down,4585,22,624,567789322,1,19.040953333333334,73.07546333333333,18-09-2026 17:07:39,0,16:41,16:41,,,16:15,16:15,,1,0,0,2026-09-18T11:38:53.508812+00:00,operator_reported_vehicle_indication,43cec52721d64c838120ab9c82120d7944b1202e50f17a71a886eaaa091d78d3
nmmt_route_live_9512_20260918,9512,9512,down,3334,23,624,567789322,1,19.040953333333334,73.07546333333333,18-09-2026 17:07:39,0,16:42,16:42,17:02,17:02,16:15,16:15,,1,0,0,2026-09-18T11:38:53.508812+00:00,operator_reported_vehicle_indication,43cec52721d64c838120ab9c82120d7944b1202e50f17a71a886eaaa091d78d3
nmmt_route_live_9512_20260918,9512,9512,down,4393,24,624,567789322,1,19.040953333333334,73.07546333333333,18-09-2026 17:07:39,0,16:42,16:42,,,16:15,16:15,,1,0,0,2026-09-18T11:38:53.508812+00:00,operator_reported_vehicle_indication,43cec52721d64c838120ab9c82120d7944b1202e50f17a71a886eaaa091d78d3
nmmt_route_live_9512_20260918,9512,9512,down,4387,25,624,567789322,1,19.040953333333334,73.07546333333333,18-09-2026 17:07:39,0,16:44,16:44,,,16:15,16:15,,1,0,0,2026-09-18T11:38:53.508812+00:00,operator_reported_vehicle_indication,43cec52721d64c838120ab9c82120d7944b1202e50f17a71a886eaaa091d78d3
nmmt_route_live_9512_20260918,9512,9512,down,3445,26,624,567789322,1,19.040953333333334,73.07546333333333,18-09-2026 17:07:39,0,16:45,16:45,16:37,16:37,16:15,16:15,,1,0,0,2026-09-18T11:38:53.508812+00:00,operator_reported_vehicle_indication,43cec52721d64c838120ab9c82120d7944b1202e50f17a71a886eaaa091d78d3
nmmt_route_live_9512_20260918,9512,9512,down,3446,27,624,567789322,1,19.040953333333334,73.07546333333333,18-09-2026 17:07:39,0,16:47,16:47,16:37,16:39,16:15,16:15,,1,0,0,2026-09-18T11:38:53.508812+00:00,operator_reported_vehicle_indication,43cec52721d64c838120ab9c82120d7944b1202e50f17a71a886eaaa091d78d3
nmmt_route_live_9512_20260918,9512,9512,down,3447,28,624,567789322,1,19.040953333333334,73.07546333333333,18-09-2026 17:07:39,0,16:48,16:48,,,16:15,16:15,,1,0,0,2026-09-18T11:38:53.508812+00:00,operator_reported_vehicle_indication,43cec52721d64c838120ab9c82120d7944b1202e50f17a71a886eaaa091d78d3
nmmt_route_live_9512_20260918,9512,9512,down,3448,29,624,567789322,1,19.040953333333334,73.07546333333333,18-09-2026 17:07:39,0,16:50,16:50,16:39,16:40,16:15,16:15,,0,0,0,2026-09-18T11:38:53.508812+00:00,operator_reported_vehicle_indication,43cec52721d64c838120ab9c82120d7944b1202e50f17a71a886eaaa091d78d3
nmmt_route_live_9587_20260918,9587,9587,down,5227,1,623,567788652,1,19.03711,73.06529166666665,18-09-2026 17:08:52,0,16:15,16:15,16:18,16:18,16:15,16:15,,1,0,0,2026-09-18T11:39:10.058628+00:00,operator_reported_vehicle_indication,16f71f816c5f368d0e31504db28d4d52c590c953fac10df76fab56791769cf5d
nmmt_route_live_9587_20260918,9587,9587,down,5228,2,623,567788652,1,19.03711,73.06529166666665,18-09-2026 17:08:52,0,16:16,16:16,16:21,16:22,16:15,16:15,,1,0,0,2026-09-18T11:39:10.058628+00:00,operator_reported_vehicle_indication,16f71f816c5f368d0e31504db28d4d52c590c953fac10df76fab56791769cf5d
nmmt_route_live_9587_20260918,9587,9587,down,5229,3,623,567788652,1,19.03711,73.06529166666665,18-09-2026 17:08:52,0,16:17,16:17,16:23,16:24,16:15,16:15,,1,0,0,2026-09-18T11:39:10.058628+00:00,operator_reported_vehicle_indication,16f71f816c5f368d0e31504db28d4d52c590c953fac10df76fab56791769cf5d
nmmt_route_live_9587_20260918,9587,9587,down,3983,4,623,567788652,1,19.03711,73.06529166666665,18-09-2026 17:08:52,0,16:18,16:18,16:26,16:27,16:15,16:15,,1,0,0,2026-09-18T11:39:10.058628+00:00,operator_reported_vehicle_indication,16f71f816c5f368d0e31504db28d4d52c590c953fac10df76fab56791769cf5d
nmmt_route_live_9587_20260918,9587,9587,down,3987,5,623,567788652,1,19.03711,73.06529166666665,18-09-2026 17:08:52,0,16:19,16:19,16:27,16:28,16:15,16:15,,1,0,0,2026-09-18T11:39:10.058628+00:00,operator_reported_vehicle_indication,16f71f816c5f368d0e31504db28d4d52c590c953fac10df76fab56791769cf5d
nmmt_route_live_9587_20260918,9587,9587,down,3984,6,623,567788652,1,19.03711,73.06529166666665,18-09-2026 17:08:52,0,16:21,16:21,,,16:15,16:15,,1,0,0,2026-09-18T11:39:10.058628+00:00,operator_reported_vehicle_indication,16f71f816c5f368d0e31504db28d4d52c590c953fac10df76fab56791769cf5d
nmmt_route_live_9587_20260918,9587,9587,down,3986,7,623,567788652,1,19.03711,73.06529166666665,18-09-2026 17:08:52,0,16:22,16:22,,,16:15,16:15,,1,0,0,2026-09-18T11:39:10.058628+00:00,operator_reported_vehicle_indication,16f71f816c5f368d0e31504db28d4d52c590c953fac10df76fab56791769cf5d
nmmt_route_live_9587_20260918,9587,9587,down,5103,8,623,567788652,1,19.03711,73.06529166666665,18-09-2026 17:08:52,0,16:23,16:23,,,16:15,16:15,,1,0,0,2026-09-18T11:39:10.058628+00:00,operator_reported_vehicle_indication,16f71f816c5f368d0e31504db28d4d52c590c953fac10df76fab56791769cf5d
nmmt_route_live_9587_20260918,9587,9587,down,4817,9,623,567788652,1,19.03711,73.06529166666665,18-09-2026 17:08:52,0,16:24,16:24,,,16:15,16:15,,1,0,0,2026-09-18T11:39:10.058628+00:00,operator_reported_vehicle_indication,16f71f816c5f368d0e31504db28d4d52c590c953fac10df76fab56791769cf5d
nmmt_route_live_9587_20260918,9587,9587,down,3981,10,623,567788652,1,19.03711,73.06529166666665,18-09-2026 17:08:52,0,16:26,16:26,,,16:15,16:15,,1,0,0,2026-09-18T11:39:10.058628+00:00,operator_reported_vehicle_indication,16f71f816c5f368d0e31504db28d4d52c590c953fac10df76fab56791769cf5d
nmmt_route_live_9587_20260918,9587,9587,down,3906,11,623,567788652,1,19.03711,73.06529166666665,18-09-2026 17:08:52,0,16:27,16:27,,,16:15,16:15,,1,0,0,2026-09-18T11:39:10.058628+00:00,operator_reported_vehicle_indication,16f71f816c5f368d0e31504db28d4d52c590c953fac10df76fab56791769cf5d
nmmt_route_live_9587_20260918,9587,9587,down,3430,12,623,567788652,1,19.03711,73.06529166666665,18-09-2026 17:08:52,0,16:28,16:28,,,16:15,16:15,,1,0,0,2026-09-18T11:39:10.058628+00:00,operator_reported_vehicle_indication,16f71f816c5f368d0e31504db28d4d52c590c953fac10df76fab56791769cf5d
nmmt_route_live_9587_20260918,9587,9587,down,3435,13,623,567788652,1,19.03711,73.06529166666665,18-09-2026 17:08:52,0,16:29,16:29,,,16:15,16:15,,1,0,0,2026-09-18T11:39:10.058628+00:00,operator_reported_vehicle_indication,16f71f816c5f368d0e31504db28d4d52c590c953fac10df76fab56791769cf5d
nmmt_route_live_9587_20260918,9587,9587,down,3436,14,623,567788652,1,19.03711,73.06529166666665,18-09-2026 17:08:52,0,16:31,16:31,16:40,16:41,16:15,16:15,,1,0,0,2026-09-18T11:39:10.058628+00:00,operator_reported_vehicle_indication,16f71f816c5f368d0e31504db28d4d52c590c953fac10df76fab56791769cf5d
nmmt_route_live_9587_20260918,9587,9587,down,4597,15,623,567788652,1,19.03711,73.06529166666665,18-09-2026 17:08:52,0,16:33,16:33,,,16:15,16:15,,1,0,0,2026-09-18T11:39:10.058628+00:00,operator_reported_vehicle_indication,16f71f816c5f368d0e31504db28d4d52c590c953fac10df76fab56791769cf5d
nmmt_route_live_9587_20260918,9587,9587,down,3811,16,623,567788652,1,19.03711,73.06529166666665,18-09-2026 17:08:52,0,16:34,16:34,,,16:15,16:15,,1,0,0,2026-09-18T11:39:10.058628+00:00,operator_reported_vehicle_indication,16f71f816c5f368d0e31504db28d4d52c590c953fac10df76fab56791769cf5d
nmmt_route_live_9587_20260918,9587,9587,down,4644,17,623,567788652,1,19.03711,73.06529166666665,18-09-2026 17:08:52,0,16:36,16:36,,,16:15,16:15,,1,0,0,2026-09-18T11:39:10.058628+00:00,operator_reported_vehicle_indication,16f71f816c5f368d0e31504db28d4d52c590c953fac10df76fab56791769cf5d
nmmt_route_live_9587_20260918,9587,9587,down,4643,18,623,567788652,1,19.03711,73.06529166666665,18-09-2026 17:08:52,0,16:37,16:37,16:47,16:47,16:15,16:15,,1,0,0,2026-09-18T11:39:10.058628+00:00,operator_reported_vehicle_indication,16f71f816c5f368d0e31504db28d4d52c590c953fac10df76fab56791769cf5d
nmmt_route_live_9587_20260918,9587,9587,down,3663,19,623,567788652,1,19.03711,73.06529166666665,18-09-2026 17:08:52,0,16:38,16:38,,,16:15,16:15,,1,0,0,2026-09-18T11:39:10.058628+00:00,operator_reported_vehicle_indication,16f71f816c5f368d0e31504db28d4d52c590c953fac10df76fab56791769cf5d
nmmt_route_live_9587_20260918,9587,9587,down,2644,20,623,567788652,1,19.03711,73.06529166666665,18-09-2026 17:08:52,0,16:39,16:39,16:49,16:51,16:15,16:15,,1,0,0,2026-09-18T11:39:10.058628+00:00,operator_reported_vehicle_indication,16f71f816c5f368d0e31504db28d4d52c590c953fac10df76fab56791769cf5d
nmmt_route_live_9587_20260918,9587,9587,down,3936,21,623,567788652,1,19.03711,73.06529166666665,18-09-2026 17:08:52,0,16:41,16:41,16:51,16:52,16:15,16:15,,1,0,0,2026-09-18T11:39:10.058628+00:00,operator_reported_vehicle_indication,16f71f816c5f368d0e31504db28d4d52c590c953fac10df76fab56791769cf5d
nmmt_route_live_9587_20260918,9587,9587,down,3344,22,623,567788652,1,19.03711,73.06529166666665,18-09-2026 17:08:52,0,16:42,16:42,,,16:15,16:15,,1,0,0,2026-09-18T11:39:10.058628+00:00,operator_reported_vehicle_indication,16f71f816c5f368d0e31504db28d4d52c590c953fac10df76fab56791769cf5d
nmmt_route_live_9587_20260918,9587,9587,down,2646,23,623,567788652,1,19.03711,73.06529166666665,18-09-2026 17:08:52,0,16:43,16:43,16:53,16:53,16:15,16:15,,1,0,0,2026-09-18T11:39:10.058628+00:00,operator_reported_vehicle_indication,16f71f816c5f368d0e31504db28d4d52c590c953fac10df76fab56791769cf5d
nmmt_route_live_9587_20260918,9587,9587,down,2648,24,623,567788652,1,19.03711,73.06529166666665,18-09-2026 17:08:52,0,16:44,16:44,16:54,16:54,16:15,16:15,,1,0,0,2026-09-18T11:39:10.058628+00:00,operator_reported_vehicle_indication,16f71f816c5f368d0e31504db28d4d52c590c953fac10df76fab56791769cf5d
nmmt_route_live_9587_20260918,9587,9587,down,4020,25,623,567788652,1,19.03711,73.06529166666665,18-09-2026 17:08:52,0,16:46,16:46,,,16:15,16:15,,1,0,0,2026-09-18T11:39:10.058628+00:00,operator_reported_vehicle_indication,16f71f816c5f368d0e31504db28d4d52c590c953fac10df76fab56791769cf5d
nmmt_route_live_9587_20260918,9587,9587,down,4445,26,623,567788652,1,19.03711,73.06529166666665,18-09-2026 17:08:52,0,16:47,16:47,16:56,16:56,16:15,16:15,,1,0,0,2026-09-18T11:39:10.058628+00:00,operator_reported_vehicle_indication,16f71f816c5f368d0e31504db28d4d52c590c953fac10df76fab56791769cf5d
nmmt_route_live_9587_20260918,9587,9587,down,3341,27,623,567788652,1,19.03711,73.06529166666665,18-09-2026 17:08:52,0,16:48,16:48,16:56,16:56,16:15,16:15,,1,0,0,2026-09-18T11:39:10.058628+00:00,operator_reported_vehicle_indication,16f71f816c5f368d0e31504db28d4d52c590c953fac10df76fab56791769cf5d
nmmt_route_live_9587_20260918,9587,9587,down,3340,28,623,567788652,1,19.03711,73.06529166666665,18-09-2026 17:08:52,0,16:50,16:50,16:56,16:58,16:15,16:15,,1,0,0,2026-09-18T11:39:10.058628+00:00,operator_reported_vehicle_indication,16f71f816c5f368d0e31504db28d4d52c590c953fac10df76fab56791769cf5d
nmmt_route_live_9587_20260918,9587,9587,down,4642,29,623,567788652,1,19.03711,73.06529166666665,18-09-2026 17:08:52,0,16:52,16:52,16:58,16:58,16:15,16:15,,1,0,0,2026-09-18T11:39:10.058628+00:00,operator_reported_vehicle_indication,16f71f816c5f368d0e31504db28d4d52c590c953fac10df76fab56791769cf5d
nmmt_route_live_9587_20260918,9587,9587,down,4641,30,623,567788652,1,19.03711,73.06529166666665,18-09-2026 17:08:52,0,16:53,16:53,,,16:15,16:15,,1,0,0,2026-09-18T11:39:10.058628+00:00,operator_reported_vehicle_indication,16f71f816c5f368d0e31504db28d4d52c590c953fac10df76fab56791769cf5d
nmmt_route_live_9587_20260918,9587,9587,down,4640,31,623,567788652,1,19.03711,73.06529166666665,18-09-2026 17:08:52,0,16:54,16:54,17:00,17:00,16:15,16:15,,1,0,0,2026-09-18T11:39:10.058628+00:00,operator_reported_vehicle_indication,16f71f816c5f368d0e31504db28d4d52c590c953fac10df76fab56791769cf5d
nmmt_route_live_9587_20260918,9587,9587,down,4639,32,623,567788652,1,19.03711,73.06529166666665,18-09-2026 17:08:52,0,16:55,16:55,,,16:15,16:15,,0,0,0,2026-09-18T11:39:10.058628+00:00,operator_reported_vehicle_indication,16f71f816c5f368d0e31504db28d4d52c590c953fac10df76fab56791769cf5d
nmmt_route_live_9587_20260918,9587,9587,down,4593,33,623,567788652,1,19.03711,73.06529166666665,18-09-2026 17:08:52,0,16:57,16:57,,,16:15,16:15,,0,0,0,2026-09-18T11:39:10.058628+00:00,operator_reported_vehicle_indication,16f71f816c5f368d0e31504db28d4d52c590c953fac10df76fab56791769cf5d
nmmt_route_live_9587_20260918,9587,9587,down,4592,34,623,567788652,1,19.03711,73.06529166666665,18-09-2026 17:08:52,0,16:58,16:58,,,16:15,16:15,,0,0,0,2026-09-18T11:39:10.058628+00:00,operator_reported_vehicle_indication,16f71f816c5f368d0e31504db28d4d52c590c953fac10df76fab56791769cf5d
nmmt_route_live_9587_20260918,9587,9587,down,4587,35,623,567788652,1,19.03711,73.06529166666665,18-09-2026 17:08:52,0,16:59,16:59,,,16:15,16:15,17:09,0,0,0,2026-09-18T11:39:10.058628+00:00,operator_reported_vehicle_indication,16f71f816c5f368d0e31504db28d4d52c590c953fac10df76fab56791769cf5d
nmmt_route_live_9587_20260918,9587,9587,down,4585,36,623,567788652,1,19.03711,73.06529166666665,18-09-2026 17:08:52,0,17:00,17:00,,,16:15,16:15,,0,0,0,2026-09-18T11:39:10.058628+00:00,operator_reported_vehicle_indication,16f71f816c5f368d0e31504db28d4d52c590c953fac10df76fab56791769cf5d
nmmt_route_live_9587_20260918,9587,9587,down,3334,37,623,567788652,1,19.03711,73.06529166666665,18-09-2026 17:08:52,0,17:02,17:02,,,16:15,16:15,17:09,0,0,0,2026-09-18T11:39:10.058628+00:00,operator_reported_vehicle_indication,16f71f816c5f368d0e31504db28d4d52c590c953fac10df76fab56791769cf5d
nmmt_route_live_9587_20260918,9587,9587,down,4393,38,623,567788652,1,19.03711,73.06529166666665,18-09-2026 17:08:52,0,17:03,17:03,,,16:15,16:15,17:09,0,0,0,2026-09-18T11:39:10.058628+00:00,operator_reported_vehicle_indication,16f71f816c5f368d0e31504db28d4d52c590c953fac10df76fab56791769cf5d
nmmt_route_live_9587_20260918,9587,9587,down,4387,39,623,567788652,1,19.03711,73.06529166666665,18-09-2026 17:08:52,0,17:04,17:04,,,16:15,16:15,17:11,0,0,0,2026-09-18T11:39:10.058628+00:00,operator_reported_vehicle_indication,16f71f816c5f368d0e31504db28d4d52c590c953fac10df76fab56791769cf5d
nmmt_route_live_9587_20260918,9587,9587,down,3331,40,623,567788652,1,19.03711,73.06529166666665,18-09-2026 17:08:52,0,17:05,17:05,,,16:15,16:15,17:12,0,0,0,2026-09-18T11:39:10.058628+00:00,operator_reported_vehicle_indication,16f71f816c5f368d0e31504db28d4d52c590c953fac10df76fab56791769cf5d
nmmt_route_live_9587_20260918,9587,9587,down,3330,41,623,567788652,1,19.03711,73.06529166666665,18-09-2026 17:08:52,0,17:07,17:07,,,16:15,16:15,17:14,0,0,0,2026-09-18T11:39:10.058628+00:00,operator_reported_vehicle_indication,16f71f816c5f368d0e31504db28d4d52c590c953fac10df76fab56791769cf5d
nmmt_route_live_9587_20260918,9587,9587,down,3919,42,623,567788652,1,19.03711,73.06529166666665,18-09-2026 17:08:52,0,17:08,17:08,,,16:15,16:15,17:15,0,0,0,2026-09-18T11:39:10.058628+00:00,operator_reported_vehicle_indication,16f71f816c5f368d0e31504db28d4d52c590c953fac10df76fab56791769cf5d
nmmt_route_live_9587_20260918,9587,9587,down,3328,43,623,567788652,1,19.03711,73.06529166666665,18-09-2026 17:08:52,0,17:09,17:09,,,16:15,16:15,17:18,0,0,0,2026-09-18T11:39:10.058628+00:00,operator_reported_vehicle_indication,16f71f816c5f368d0e31504db28d4d52c590c953fac10df76fab56791769cf5d
nmmt_route_live_9587_20260918,9587,9587,down,4384,44,623,567788652,1,19.03711,73.06529166666665,18-09-2026 17:08:52,0,17:10,17:10,,,16:15,16:15,17:20,0,0,0,2026-09-18T11:39:10.058628+00:00,operator_reported_vehicle_indication,16f71f816c5f368d0e31504db28d4d52c590c953fac10df76fab56791769cf5d
nmmt_route_live_9587_20260918,9587,9587,down,4382,45,623,567788652,1,19.03711,73.06529166666665,18-09-2026 17:08:52,0,17:12,17:12,,,16:15,16:15,17:21,0,0,0,2026-09-18T11:39:10.058628+00:00,operator_reported_vehicle_indication,16f71f816c5f368d0e31504db28d4d52c590c953fac10df76fab56791769cf5d
nmmt_route_live_9587_20260918,9587,9587,down,4379,46,623,567788652,1,19.03711,73.06529166666665,18-09-2026 17:08:52,0,17:13,17:13,,,16:15,16:15,17:23,0,0,0,2026-09-18T11:39:10.058628+00:00,operator_reported_vehicle_indication,16f71f816c5f368d0e31504db28d4d52c590c953fac10df76fab56791769cf5d
nmmt_route_live_9587_20260918,9587,9587,down,3325,47,623,567788652,1,19.03711,73.06529166666665,18-09-2026 17:08:52,0,17:14,17:14,,,16:15,16:15,17:26,0,0,0,2026-09-18T11:39:10.058628+00:00,operator_reported_vehicle_indication,16f71f816c5f368d0e31504db28d4d52c590c953fac10df76fab56791769cf5d
nmmt_route_live_9587_20260918,9587,9587,down,2515,48,623,567788652,1,19.03711,73.06529166666665,18-09-2026 17:08:52,0,17:15,17:15,,,16:15,16:15,17:28,0,0,0,2026-09-18T11:39:10.058628+00:00,operator_reported_vehicle_indication,16f71f816c5f368d0e31504db28d4d52c590c953fac10df76fab56791769cf5d
nmmt_route_live_9587_20260918,9587,9587,down,3324,49,623,567788652,1,19.03711,73.06529166666665,18-09-2026 17:08:52,0,17:15,17:15,,,16:15,16:15,17:29,0,0,0,2026-09-18T11:39:10.058628+00:00,operator_reported_vehicle_indication,16f71f816c5f368d0e31504db28d4d52c590c953fac10df76fab56791769cf5d
nmmt_route_live_9587_20260918,9587,9587,down,3323,50,623,567788652,1,19.03711,73.06529166666665,18-09-2026 17:08:52,0,17:17,17:17,,,16:15,16:15,17:34,0,0,0,2026-09-18T11:39:10.058628+00:00,operator_reported_vehicle_indication,16f71f816c5f368d0e31504db28d4d52c590c953fac10df76fab56791769cf5d
nmmt_route_live_9588_20260918,9588,9588,up,3323,1,613,567788670,1,19.069028333333332,73.09819333333333,18-09-2026 17:08:43,0,16:05,16:05,16:14,16:15,16:05,16:05,,1,0,0,2026-09-18T11:39:10.622959+00:00,operator_reported_vehicle_indication,0521ebcec3063b0d9bd467a2df00101b2ebd373d67759451b34d9f97de1f7015
nmmt_route_live_9588_20260918,9588,9588,up,3544,2,613,567788670,1,19.069028333333332,73.09819333333333,18-09-2026 17:08:43,0,16:06,16:06,,,16:05,16:05,,1,0,0,2026-09-18T11:39:10.622959+00:00,operator_reported_vehicle_indication,0521ebcec3063b0d9bd467a2df00101b2ebd373d67759451b34d9f97de1f7015
nmmt_route_live_9588_20260918,9588,9588,up,2515,3,613,567788670,1,19.069028333333332,73.09819333333333,18-09-2026 17:08:43,0,16:07,16:07,16:22,16:22,16:05,16:05,,1,0,0,2026-09-18T11:39:10.622959+00:00,operator_reported_vehicle_indication,0521ebcec3063b0d9bd467a2df00101b2ebd373d67759451b34d9f97de1f7015
nmmt_route_live_9588_20260918,9588,9588,up,3325,4,613,567788670,1,19.069028333333332,73.09819333333333,18-09-2026 17:08:43,0,16:08,16:08,,,16:05,16:05,,1,0,0,2026-09-18T11:39:10.622959+00:00,operator_reported_vehicle_indication,0521ebcec3063b0d9bd467a2df00101b2ebd373d67759451b34d9f97de1f7015
nmmt_route_live_9588_20260918,9588,9588,up,3682,5,613,567788670,1,19.069028333333332,73.09819333333333,18-09-2026 17:08:43,0,16:09,16:09,,,16:05,16:05,,1,0,0,2026-09-18T11:39:10.622959+00:00,operator_reported_vehicle_indication,0521ebcec3063b0d9bd467a2df00101b2ebd373d67759451b34d9f97de1f7015
nmmt_route_live_9588_20260918,9588,9588,up,3326,6,613,567788670,1,19.069028333333332,73.09819333333333,18-09-2026 17:08:43,0,16:09,16:09,,,16:05,16:05,,1,0,0,2026-09-18T11:39:10.622959+00:00,operator_reported_vehicle_indication,0521ebcec3063b0d9bd467a2df00101b2ebd373d67759451b34d9f97de1f7015
nmmt_route_live_9588_20260918,9588,9588,up,3327,7,613,567788670,1,19.069028333333332,73.09819333333333,18-09-2026 17:08:43,0,16:11,16:11,,,16:05,16:05,,1,0,0,2026-09-18T11:39:10.622959+00:00,operator_reported_vehicle_indication,0521ebcec3063b0d9bd467a2df00101b2ebd373d67759451b34d9f97de1f7015
nmmt_route_live_9588_20260918,9588,9588,up,3328,8,613,567788670,1,19.069028333333332,73.09819333333333,18-09-2026 17:08:43,0,16:12,16:12,16:28,16:28,16:05,16:05,,1,0,0,2026-09-18T11:39:10.622959+00:00,operator_reported_vehicle_indication,0521ebcec3063b0d9bd467a2df00101b2ebd373d67759451b34d9f97de1f7015
nmmt_route_live_9588_20260918,9588,9588,up,3919,9,613,567788670,1,19.069028333333332,73.09819333333333,18-09-2026 17:08:43,0,16:12,16:12,16:30,16:30,16:05,16:05,,1,0,0,2026-09-18T11:39:10.622959+00:00,operator_reported_vehicle_indication,0521ebcec3063b0d9bd467a2df00101b2ebd373d67759451b34d9f97de1f7015
nmmt_route_live_9588_20260918,9588,9588,up,3330,10,613,567788670,1,19.069028333333332,73.09819333333333,18-09-2026 17:08:43,0,16:13,16:13,16:31,16:31,16:05,16:05,,1,0,0,2026-09-18T11:39:10.622959+00:00,operator_reported_vehicle_indication,0521ebcec3063b0d9bd467a2df00101b2ebd373d67759451b34d9f97de1f7015
nmmt_route_live_9588_20260918,9588,9588,up,3331,11,613,567788670,1,19.069028333333332,73.09819333333333,18-09-2026 17:08:43,0,16:16,16:16,,,16:05,16:05,,1,0,0,2026-09-18T11:39:10.622959+00:00,operator_reported_vehicle_indication,0521ebcec3063b0d9bd467a2df00101b2ebd373d67759451b34d9f97de1f7015
nmmt_route_live_9588_20260918,9588,9588,up,3332,12,613,567788670,1,19.069028333333332,73.09819333333333,18-09-2026 17:08:43,0,16:17,16:17,,,16:05,16:05,,1,0,0,2026-09-18T11:39:10.622959+00:00,operator_reported_vehicle_indication,0521ebcec3063b0d9bd467a2df00101b2ebd373d67759451b34d9f97de1f7015
nmmt_route_live_9588_20260918,9588,9588,up,3333,13,613,567788670,1,19.069028333333332,73.09819333333333,18-09-2026 17:08:43,0,16:18,16:18,,,16:05,16:05,,1,0,0,2026-09-18T11:39:10.622959+00:00,operator_reported_vehicle_indication,0521ebcec3063b0d9bd467a2df00101b2ebd373d67759451b34d9f97de1f7015
nmmt_route_live_9588_20260918,9588,9588,up,4396,14,613,567788670,1,19.069028333333332,73.09819333333333,18-09-2026 17:08:43,0,16:19,16:19,,,16:05,16:05,,1,0,0,2026-09-18T11:39:10.622959+00:00,operator_reported_vehicle_indication,0521ebcec3063b0d9bd467a2df00101b2ebd373d67759451b34d9f97de1f7015
nmmt_route_live_9588_20260918,9588,9588,up,3769,15,613,567788670,1,19.069028333333332,73.09819333333333,18-09-2026 17:08:43,0,16:19,16:19,,,16:05,16:05,,1,0,0,2026-09-18T11:39:10.622959+00:00,operator_reported_vehicle_indication,0521ebcec3063b0d9bd467a2df00101b2ebd373d67759451b34d9f97de1f7015
nmmt_route_live_9588_20260918,9588,9588,up,3336,16,613,567788670,1,19.069028333333332,73.09819333333333,18-09-2026 17:08:43,0,16:21,16:21,,,16:05,16:05,,1,0,0,2026-09-18T11:39:10.622959+00:00,operator_reported_vehicle_indication,0521ebcec3063b0d9bd467a2df00101b2ebd373d67759451b34d9f97de1f7015
nmmt_route_live_9588_20260918,9588,9588,up,3337,17,613,567788670,1,19.069028333333332,73.09819333333333,18-09-2026 17:08:43,0,16:22,16:22,,,16:05,16:05,,1,0,0,2026-09-18T11:39:10.622959+00:00,operator_reported_vehicle_indication,0521ebcec3063b0d9bd467a2df00101b2ebd373d67759451b34d9f97de1f7015
nmmt_route_live_9588_20260918,9588,9588,up,3338,18,613,567788670,1,19.069028333333332,73.09819333333333,18-09-2026 17:08:43,0,16:23,16:23,,,16:05,16:05,,1,0,0,2026-09-18T11:39:10.622959+00:00,operator_reported_vehicle_indication,0521ebcec3063b0d9bd467a2df00101b2ebd373d67759451b34d9f97de1f7015
nmmt_route_live_9588_20260918,9588,9588,up,3442,19,613,567788670,1,19.069028333333332,73.09819333333333,18-09-2026 17:08:43,0,16:24,16:24,,,16:05,16:05,,1,0,0,2026-09-18T11:39:10.622959+00:00,operator_reported_vehicle_indication,0521ebcec3063b0d9bd467a2df00101b2ebd373d67759451b34d9f97de1f7015
nmmt_route_live_9588_20260918,9588,9588,up,3441,20,613,567788670,1,19.069028333333332,73.09819333333333,18-09-2026 17:08:43,0,16:26,16:26,,,16:05,16:05,,1,0,0,2026-09-18T11:39:10.622959+00:00,operator_reported_vehicle_indication,0521ebcec3063b0d9bd467a2df00101b2ebd373d67759451b34d9f97de1f7015
nmmt_route_live_9588_20260918,9588,9588,up,3440,21,613,567788670,1,19.069028333333332,73.09819333333333,18-09-2026 17:08:43,0,16:26,16:26,,,16:05,16:05,,1,0,0,2026-09-18T11:39:10.622959+00:00,operator_reported_vehicle_indication,0521ebcec3063b0d9bd467a2df00101b2ebd373d67759451b34d9f97de1f7015
nmmt_route_live_9588_20260918,9588,9588,up,3439,22,613,567788670,1,19.069028333333332,73.09819333333333,18-09-2026 17:08:43,0,16:27,16:27,16:44,16:44,16:05,16:05,,1,0,0,2026-09-18T11:39:10.622959+00:00,operator_reported_vehicle_indication,0521ebcec3063b0d9bd467a2df00101b2ebd373d67759451b34d9f97de1f7015
nmmt_route_live_9588_20260918,9588,9588,up,4492,23,613,567788670,1,19.069028333333332,73.09819333333333,18-09-2026 17:08:43,0,16:28,16:28,16:45,16:45,16:05,16:05,,1,0,0,2026-09-18T11:39:10.622959+00:00,operator_reported_vehicle_indication,0521ebcec3063b0d9bd467a2df00101b2ebd373d67759451b34d9f97de1f7015
nmmt_route_live_9588_20260918,9588,9588,up,4491,24,613,567788670,1,19.069028333333332,73.09819333333333,18-09-2026 17:08:43,0,16:29,16:29,,,16:05,16:05,,1,0,0,2026-09-18T11:39:10.622959+00:00,operator_reported_vehicle_indication,0521ebcec3063b0d9bd467a2df00101b2ebd373d67759451b34d9f97de1f7015
nmmt_route_live_9588_20260918,9588,9588,up,2651,25,613,567788670,1,19.069028333333332,73.09819333333333,18-09-2026 17:08:43,0,16:29,16:29,16:46,16:47,16:05,16:05,,1,0,0,2026-09-18T11:39:10.622959+00:00,operator_reported_vehicle_indication,0521ebcec3063b0d9bd467a2df00101b2ebd373d67759451b34d9f97de1f7015
nmmt_route_live_9588_20260918,9588,9588,up,3342,26,613,567788670,1,19.069028333333332,73.09819333333333,18-09-2026 17:08:43,0,16:31,16:31,16:47,16:47,16:05,16:05,,1,0,0,2026-09-18T11:39:10.622959+00:00,operator_reported_vehicle_indication,0521ebcec3063b0d9bd467a2df00101b2ebd373d67759451b34d9f97de1f7015
nmmt_route_live_9588_20260918,9588,9588,up,4487,27,613,567788670,1,19.069028333333332,73.09819333333333,18-09-2026 17:08:43,0,16:31,16:31,16:48,16:48,16:05,16:05,,1,0,0,2026-09-18T11:39:10.622959+00:00,operator_reported_vehicle_indication,0521ebcec3063b0d9bd467a2df00101b2ebd373d67759451b34d9f97de1f7015
nmmt_route_live_9588_20260918,9588,9588,up,4488,28,613,567788670,1,19.069028333333332,73.09819333333333,18-09-2026 17:08:43,0,16:32,16:32,16:49,16:49,16:05,16:05,,1,0,0,2026-09-18T11:39:10.622959+00:00,operator_reported_vehicle_indication,0521ebcec3063b0d9bd467a2df00101b2ebd373d67759451b34d9f97de1f7015
nmmt_route_live_9588_20260918,9588,9588,up,4489,29,613,567788670,1,19.069028333333332,73.09819333333333,18-09-2026 17:08:43,0,16:33,16:33,16:49,16:50,16:05,16:05,,1,0,0,2026-09-18T11:39:10.622959+00:00,operator_reported_vehicle_indication,0521ebcec3063b0d9bd467a2df00101b2ebd373d67759451b34d9f97de1f7015
nmmt_route_live_9588_20260918,9588,9588,up,4490,30,613,567788670,1,19.069028333333332,73.09819333333333,18-09-2026 17:08:43,0,16:34,16:34,16:50,16:51,16:05,16:05,,1,0,0,2026-09-18T11:39:10.622959+00:00,operator_reported_vehicle_indication,0521ebcec3063b0d9bd467a2df00101b2ebd373d67759451b34d9f97de1f7015
nmmt_route_live_9588_20260918,9588,9588,up,4562,31,613,567788670,1,19.069028333333332,73.09819333333333,18-09-2026 17:08:43,0,16:34,16:34,16:51,16:52,16:05,16:05,,1,0,0,2026-09-18T11:39:10.622959+00:00,operator_reported_vehicle_indication,0521ebcec3063b0d9bd467a2df00101b2ebd373d67759451b34d9f97de1f7015
nmmt_route_live_9588_20260918,9588,9588,up,3663,32,613,567788670,1,19.069028333333332,73.09819333333333,18-09-2026 17:08:43,0,16:36,16:36,16:52,16:52,16:05,16:05,,1,0,0,2026-09-18T11:39:10.622959+00:00,operator_reported_vehicle_indication,0521ebcec3063b0d9bd467a2df00101b2ebd373d67759451b34d9f97de1f7015
nmmt_route_live_9588_20260918,9588,9588,up,3664,33,613,567788670,1,19.069028333333332,73.09819333333333,18-09-2026 17:08:43,0,16:37,16:37,16:53,16:53,16:05,16:05,,1,0,0,2026-09-18T11:39:10.622959+00:00,operator_reported_vehicle_indication,0521ebcec3063b0d9bd467a2df00101b2ebd373d67759451b34d9f97de1f7015
nmmt_route_live_9588_20260918,9588,9588,up,3665,34,613,567788670,1,19.069028333333332,73.09819333333333,18-09-2026 17:08:43,0,16:38,16:38,16:54,16:55,16:05,16:05,,1,0,0,2026-09-18T11:39:10.622959+00:00,operator_reported_vehicle_indication,0521ebcec3063b0d9bd467a2df00101b2ebd373d67759451b34d9f97de1f7015
nmmt_route_live_9588_20260918,9588,9588,up,3811,35,613,567788670,1,19.069028333333332,73.09819333333333,18-09-2026 17:08:43,0,16:39,16:39,16:55,16:55,16:05,16:05,,1,0,0,2026-09-18T11:39:10.622959+00:00,operator_reported_vehicle_indication,0521ebcec3063b0d9bd467a2df00101b2ebd373d67759451b34d9f97de1f7015
nmmt_route_live_9588_20260918,9588,9588,up,3349,36,613,567788670,1,19.069028333333332,73.09819333333333,18-09-2026 17:08:43,0,16:40,16:40,16:58,16:58,16:05,16:05,,1,0,0,2026-09-18T11:39:10.622959+00:00,operator_reported_vehicle_indication,0521ebcec3063b0d9bd467a2df00101b2ebd373d67759451b34d9f97de1f7015
nmmt_route_live_9588_20260918,9588,9588,up,3436,37,613,567788670,1,19.069028333333332,73.09819333333333,18-09-2026 17:08:43,0,16:42,16:42,16:59,16:59,16:05,16:05,,1,0,0,2026-09-18T11:39:10.622959+00:00,operator_reported_vehicle_indication,0521ebcec3063b0d9bd467a2df00101b2ebd373d67759451b34d9f97de1f7015
nmmt_route_live_9588_20260918,9588,9588,up,3435,38,613,567788670,1,19.069028333333332,73.09819333333333,18-09-2026 17:08:43,0,16:44,16:44,17:00,17:02,16:05,16:05,,1,0,0,2026-09-18T11:39:10.622959+00:00,operator_reported_vehicle_indication,0521ebcec3063b0d9bd467a2df00101b2ebd373d67759451b34d9f97de1f7015
nmmt_route_live_9588_20260918,9588,9588,up,3430,39,613,567788670,1,19.069028333333332,73.09819333333333,18-09-2026 17:08:43,0,16:47,16:47,17:03,17:03,16:05,16:05,,1,0,0,2026-09-18T11:39:10.622959+00:00,operator_reported_vehicle_indication,0521ebcec3063b0d9bd467a2df00101b2ebd373d67759451b34d9f97de1f7015
nmmt_route_live_9588_20260918,9588,9588,up,3906,40,613,567788670,1,19.069028333333332,73.09819333333333,18-09-2026 17:08:43,0,16:49,16:49,,,16:05,16:05,,1,0,0,2026-09-18T11:39:10.622959+00:00,operator_reported_vehicle_indication,0521ebcec3063b0d9bd467a2df00101b2ebd373d67759451b34d9f97de1f7015
nmmt_route_live_9588_20260918,9588,9588,up,3981,41,613,567788670,1,19.069028333333332,73.09819333333333,18-09-2026 17:08:43,0,16:52,16:52,17:06,17:06,16:05,16:05,17:10,1,0,0,2026-09-18T11:39:10.622959+00:00,operator_reported_vehicle_indication,0521ebcec3063b0d9bd467a2df00101b2ebd373d67759451b34d9f97de1f7015
nmmt_route_live_9588_20260918,9588,9588,up,4817,42,613,567788670,1,19.069028333333332,73.09819333333333,18-09-2026 17:08:43,0,16:53,16:53,17:07,17:08,16:05,16:05,,1,0,0,2026-09-18T11:39:10.622959+00:00,operator_reported_vehicle_indication,0521ebcec3063b0d9bd467a2df00101b2ebd373d67759451b34d9f97de1f7015
nmmt_route_live_9588_20260918,9588,9588,up,5103,43,613,567788670,1,19.069028333333332,73.09819333333333,18-09-2026 17:08:43,0,16:55,16:55,17:08,,16:05,16:05,17:09,1,0,0,2026-09-18T11:39:10.622959+00:00,operator_reported_vehicle_indication,0521ebcec3063b0d9bd467a2df00101b2ebd373d67759451b34d9f97de1f7015
nmmt_route_live_9588_20260918,9588,9588,up,3986,44,613,567788670,1,19.069028333333332,73.09819333333333,18-09-2026 17:08:43,0,16:57,16:57,,,16:05,16:05,17:10,0,0,0,2026-09-18T11:39:10.622959+00:00,operator_reported_vehicle_indication,0521ebcec3063b0d9bd467a2df00101b2ebd373d67759451b34d9f97de1f7015
nmmt_route_live_9588_20260918,9588,9588,up,3984,45,613,567788670,1,19.069028333333332,73.09819333333333,18-09-2026 17:08:43,0,16:58,16:58,,,16:05,16:05,17:12,0,0,0,2026-09-18T11:39:10.622959+00:00,operator_reported_vehicle_indication,0521ebcec3063b0d9bd467a2df00101b2ebd373d67759451b34d9f97de1f7015
nmmt_route_live_9588_20260918,9588,9588,up,3987,46,613,567788670,1,19.069028333333332,73.09819333333333,18-09-2026 17:08:43,0,16:59,16:59,,,16:05,16:05,17:15,0,0,0,2026-09-18T11:39:10.622959+00:00,operator_reported_vehicle_indication,0521ebcec3063b0d9bd467a2df00101b2ebd373d67759451b34d9f97de1f7015
nmmt_route_live_9588_20260918,9588,9588,up,3983,47,613,567788670,1,19.069028333333332,73.09819333333333,18-09-2026 17:08:43,0,17:00,17:00,,,16:05,16:05,17:16,0,0,0,2026-09-18T11:39:10.622959+00:00,operator_reported_vehicle_indication,0521ebcec3063b0d9bd467a2df00101b2ebd373d67759451b34d9f97de1f7015
nmmt_route_live_9588_20260918,9588,9588,up,5229,48,613,567788670,1,19.069028333333332,73.09819333333333,18-09-2026 17:08:43,0,17:03,17:03,,,16:05,16:05,17:18,0,0,0,2026-09-18T11:39:10.622959+00:00,operator_reported_vehicle_indication,0521ebcec3063b0d9bd467a2df00101b2ebd373d67759451b34d9f97de1f7015
nmmt_route_live_9588_20260918,9588,9588,up,5228,49,613,567788670,1,19.069028333333332,73.09819333333333,18-09-2026 17:08:43,0,17:04,17:04,,,16:05,16:05,17:21,0,0,0,2026-09-18T11:39:10.622959+00:00,operator_reported_vehicle_indication,0521ebcec3063b0d9bd467a2df00101b2ebd373d67759451b34d9f97de1f7015
nmmt_route_live_9588_20260918,9588,9588,up,5227,50,613,567788670,1,19.069028333333332,73.09819333333333,18-09-2026 17:08:43,0,17:07,17:07,,,16:05,16:05,17:23,0,0,0,2026-09-18T11:39:10.622959+00:00,operator_reported_vehicle_indication,0521ebcec3063b0d9bd467a2df00101b2ebd373d67759451b34d9f97de1f7015
nmmt_route_live_9600_20260918,9600,9600,down,3303,1,600,567789596,1,19.00872,73.028995,18-09-2026 17:08:58,0,16:09,16:09,16:17,16:17,16:09,16:09,,1,0,0,2026-09-18T11:39:15.043329+00:00,operator_reported_vehicle_indication,131c5f8e7ad6fb7f8b48c2317203cc906856488d4c0d8c728606c3d06dcc5115
nmmt_route_live_9600_20260918,9600,9600,down,3303,1,642,567789589,1,19.03395,73.10243333333332,18-09-2026 17:08:41,0,15:19,15:19,15:26,15:26,15:19,15:19,,1,0,0,2026-09-18T11:39:15.043329+00:00,operator_reported_vehicle_indication,131c5f8e7ad6fb7f8b48c2317203cc906856488d4c0d8c728606c3d06dcc5115
nmmt_route_live_9600_20260918,9600,9600,down,3307,2,600,567789596,1,19.00872,73.028995,18-09-2026 17:08:58,0,16:10,16:10,16:20,16:20,16:09,16:09,,1,0,0,2026-09-18T11:39:15.043329+00:00,operator_reported_vehicle_indication,131c5f8e7ad6fb7f8b48c2317203cc906856488d4c0d8c728606c3d06dcc5115
nmmt_route_live_9600_20260918,9600,9600,down,3307,2,642,567789589,1,19.03395,73.10243333333332,18-09-2026 17:08:41,0,15:20,15:20,15:28,15:28,15:19,15:19,,1,0,0,2026-09-18T11:39:15.043329+00:00,operator_reported_vehicle_indication,131c5f8e7ad6fb7f8b48c2317203cc906856488d4c0d8c728606c3d06dcc5115
nmmt_route_live_9600_20260918,9600,9600,down,3302,3,642,567789589,1,19.03395,73.10243333333332,18-09-2026 17:08:41,0,15:21,15:21,15:30,15:30,15:19,15:19,,1,0,0,2026-09-18T11:39:15.043329+00:00,operator_reported_vehicle_indication,131c5f8e7ad6fb7f8b48c2317203cc906856488d4c0d8c728606c3d06dcc5115
nmmt_route_live_9600_20260918,9600,9600,down,3302,3,600,567789596,1,19.00872,73.028995,18-09-2026 17:08:58,0,16:11,16:11,,,16:09,16:09,,1,0,0,2026-09-18T11:39:15.043329+00:00,operator_reported_vehicle_indication,131c5f8e7ad6fb7f8b48c2317203cc906856488d4c0d8c728606c3d06dcc5115
nmmt_route_live_9600_20260918,9600,9600,down,3301,4,642,567789589,1,19.03395,73.10243333333332,18-09-2026 17:08:41,0,15:23,15:23,15:31,15:32,15:19,15:19,,1,0,0,2026-09-18T11:39:15.043329+00:00,operator_reported_vehicle_indication,131c5f8e7ad6fb7f8b48c2317203cc906856488d4c0d8c728606c3d06dcc5115
nmmt_route_live_9600_20260918,9600,9600,down,3301,4,600,567789596,1,19.00872,73.028995,18-09-2026 17:08:58,0,16:13,16:13,16:22,16:23,16:09,16:09,,1,0,0,2026-09-18T11:39:15.043329+00:00,operator_reported_vehicle_indication,131c5f8e7ad6fb7f8b48c2317203cc906856488d4c0d8c728606c3d06dcc5115
nmmt_route_live_9600_20260918,9600,9600,down,4957,5,642,567789589,1,19.03395,73.10243333333332,18-09-2026 17:08:41,0,15:24,15:24,15:32,15:32,15:19,15:19,,1,0,0,2026-09-18T11:39:15.043329+00:00,operator_reported_vehicle_indication,131c5f8e7ad6fb7f8b48c2317203cc906856488d4c0d8c728606c3d06dcc5115
nmmt_route_live_9600_20260918,9600,9600,down,4957,5,600,567789596,1,19.00872,73.028995,18-09-2026 17:08:58,0,16:14,16:14,,,16:09,16:09,,1,0,0,2026-09-18T11:39:15.043329+00:00,operator_reported_vehicle_indication,131c5f8e7ad6fb7f8b48c2317203cc906856488d4c0d8c728606c3d06dcc5115
nmmt_route_live_9600_20260918,9600,9600,down,4956,6,642,567789589,1,19.03395,73.10243333333332,18-09-2026 17:08:41,0,15:26,15:26,,,15:19,15:19,,1,0,0,2026-09-18T11:39:15.043329+00:00,operator_reported_vehicle_indication,131c5f8e7ad6fb7f8b48c2317203cc906856488d4c0d8c728606c3d06dcc5115
nmmt_route_live_9600_20260918,9600,9600,down,4956,6,600,567789596,1,19.00872,73.028995,18-09-2026 17:08:58,0,16:16,16:16,16:24,16:25,16:09,16:09,,1,0,0,2026-09-18T11:39:15.043329+00:00,operator_reported_vehicle_indication,131c5f8e7ad6fb7f8b48c2317203cc906856488d4c0d8c728606c3d06dcc5115
nmmt_route_live_9600_20260918,9600,9600,down,4955,7,642,567789589,1,19.03395,73.10243333333332,18-09-2026 17:08:41,0,15:27,15:27,15:34,15:35,15:19,15:19,,1,0,0,2026-09-18T11:39:15.043329+00:00,operator_reported_vehicle_indication,131c5f8e7ad6fb7f8b48c2317203cc906856488d4c0d8c728606c3d06dcc5115
nmmt_route_live_9600_20260918,9600,9600,down,4955,7,600,567789596,1,19.00872,73.028995,18-09-2026 17:08:58,0,16:17,16:17,16:25,16:26,16:09,16:09,,1,0,0,2026-09-18T11:39:15.043329+00:00,operator_reported_vehicle_indication,131c5f8e7ad6fb7f8b48c2317203cc906856488d4c0d8c728606c3d06dcc5115
nmmt_route_live_9600_20260918,9600,9600,down,4954,8,642,567789589,1,19.03395,73.10243333333332,18-09-2026 17:08:41,0,15:29,15:29,15:35,,15:19,15:19,,1,0,0,2026-09-18T11:39:15.043329+00:00,operator_reported_vehicle_indication,131c5f8e7ad6fb7f8b48c2317203cc906856488d4c0d8c728606c3d06dcc5115
nmmt_route_live_9600_20260918,9600,9600,down,4954,8,600,567789596,1,19.00872,73.028995,18-09-2026 17:08:58,0,16:19,16:19,16:26,16:26,16:09,16:09,,1,0,0,2026-09-18T11:39:15.043329+00:00,operator_reported_vehicle_indication,131c5f8e7ad6fb7f8b48c2317203cc906856488d4c0d8c728606c3d06dcc5115
nmmt_route_live_9600_20260918,9600,9600,down,4953,9,642,567789589,1,19.03395,73.10243333333332,18-09-2026 17:08:41,0,15:30,15:30,15:36,15:37,15:19,15:19,,1,0,0,2026-09-18T11:39:15.043329+00:00,operator_reported_vehicle_indication,131c5f8e7ad6fb7f8b48c2317203cc906856488d4c0d8c728606c3d06dcc5115
nmmt_route_live_9600_20260918,9600,9600,down,4953,9,600,567789596,1,19.00872,73.028995,18-09-2026 17:08:58,0,16:20,16:20,16:27,16:27,16:09,16:09,,1,0,0,2026-09-18T11:39:15.043329+00:00,operator_reported_vehicle_indication,131c5f8e7ad6fb7f8b48c2317203cc906856488d4c0d8c728606c3d06dcc5115
nmmt_route_live_9600_20260918,9600,9600,down,4952,10,642,567789589,1,19.03395,73.10243333333332,18-09-2026 17:08:41,0,15:32,15:32,,,15:19,15:19,,1,0,0,2026-09-18T11:39:15.043329+00:00,operator_reported_vehicle_indication,131c5f8e7ad6fb7f8b48c2317203cc906856488d4c0d8c728606c3d06dcc5115
nmmt_route_live_9600_20260918,9600,9600,down,4952,10,600,567789596,1,19.00872,73.028995,18-09-2026 17:08:58,0,16:22,16:22,16:27,16:31,16:09,16:09,,1,0,0,2026-09-18T11:39:15.043329+00:00,operator_reported_vehicle_indication,131c5f8e7ad6fb7f8b48c2317203cc906856488d4c0d8c728606c3d06dcc5115
nmmt_route_live_9600_20260918,9600,9600,down,4951,11,642,567789589,1,19.03395,73.10243333333332,18-09-2026 17:08:41,0,15:33,15:33,15:39,15:40,15:19,15:19,,1,0,0,2026-09-18T11:39:15.043329+00:00,operator_reported_vehicle_indication,131c5f8e7ad6fb7f8b48c2317203cc906856488d4c0d8c728606c3d06dcc5115
nmmt_route_live_9600_20260918,9600,9600,down,4951,11,600,567789596,1,19.00872,73.028995,18-09-2026 17:08:58,0,16:23,16:23,,,16:09,16:09,,1,0,0,2026-09-18T11:39:15.043329+00:00,operator_reported_vehicle_indication,131c5f8e7ad6fb7f8b48c2317203cc906856488d4c0d8c728606c3d06dcc5115
nmmt_route_live_9600_20260918,9600,9600,down,3316,12,642,567789589,1,19.03395,73.10243333333332,18-09-2026 17:08:41,0,15:35,15:35,15:41,15:42,15:19,15:19,,1,0,0,2026-09-18T11:39:15.043329+00:00,operator_reported_vehicle_indication,131c5f8e7ad6fb7f8b48c2317203cc906856488d4c0d8c728606c3d06dcc5115
nmmt_route_live_9600_20260918,9600,9600,down,3316,12,600,567789596,1,19.00872,73.028995,18-09-2026 17:08:58,0,16:25,16:25,,,16:09,16:09,,1,0,0,2026-09-18T11:39:15.043329+00:00,operator_reported_vehicle_indication,131c5f8e7ad6fb7f8b48c2317203cc906856488d4c0d8c728606c3d06dcc5115
nmmt_route_live_9600_20260918,9600,9600,down,3317,13,642,567789589,1,19.03395,73.10243333333332,18-09-2026 17:08:41,0,15:36,15:36,15:42,15:42,15:19,15:19,,1,0,0,2026-09-18T11:39:15.043329+00:00,operator_reported_vehicle_indication,131c5f8e7ad6fb7f8b48c2317203cc906856488d4c0d8c728606c3d06dcc5115
nmmt_route_live_9600_20260918,9600,9600,down,3317,13,600,567789596,1,19.00872,73.028995,18-09-2026 17:08:58,0,16:26,16:26,16:33,,16:09,16:09,,1,0,0,2026-09-18T11:39:15.043329+00:00,operator_reported_vehicle_indication,131c5f8e7ad6fb7f8b48c2317203cc906856488d4c0d8c728606c3d06dcc5115
nmmt_route_live_9600_20260918,9600,9600,down,3308,14,642,567789589,1,19.03395,73.10243333333332,18-09-2026 17:08:41,0,15:38,15:38,15:42,15:43,15:19,15:19,,1,0,0,2026-09-18T11:39:15.043329+00:00,operator_reported_vehicle_indication,131c5f8e7ad6fb7f8b48c2317203cc906856488d4c0d8c728606c3d06dcc5115
nmmt_route_live_9600_20260918,9600,9600,down,3308,14,600,567789596,1,19.00872,73.028995,18-09-2026 17:08:58,0,16:28,16:28,,,16:09,16:09,,1,0,0,2026-09-18T11:39:15.043329+00:00,operator_reported_vehicle_indication,131c5f8e7ad6fb7f8b48c2317203cc906856488d4c0d8c728606c3d06dcc5115
nmmt_route_live_9600_20260918,9600,9600,down,3296,15,642,567789589,1,19.03395,73.10243333333332,18-09-2026 17:08:41,0,15:39,15:39,15:44,15:44,15:19,15:19,,1,0,0,2026-09-18T11:39:15.043329+00:00,operator_reported_vehicle_indication,131c5f8e7ad6fb7f8b48c2317203cc906856488d4c0d8c728606c3d06dcc5115
nmmt_route_live_9600_20260918,9600,9600,down,3296,15,600,567789596,1,19.00872,73.028995,18-09-2026 17:08:58,0,16:29,16:29,,,16:09,16:09,,1,0,0,2026-09-18T11:39:15.043329+00:00,operator_reported_vehicle_indication,131c5f8e7ad6fb7f8b48c2317203cc906856488d4c0d8c728606c3d06dcc5115
nmmt_route_live_9600_20260918,9600,9600,down,3295,16,642,567789589,1,19.03395,73.10243333333332,18-09-2026 17:08:41,0,15:40,15:40,15:44,15:46,15:19,15:19,,1,0,0,2026-09-18T11:39:15.043329+00:00,operator_reported_vehicle_indication,131c5f8e7ad6fb7f8b48c2317203cc906856488d4c0d8c728606c3d06dcc5115
nmmt_route_live_9600_20260918,9600,9600,down,3295,16,600,567789596,1,19.00872,73.028995,18-09-2026 17:08:58,0,16:30,16:30,16:36,16:37,16:09,16:09,,1,0,0,2026-09-18T11:39:15.043329+00:00,operator_reported_vehicle_indication,131c5f8e7ad6fb7f8b48c2317203cc906856488d4c0d8c728606c3d06dcc5115
nmmt_route_live_9600_20260918,9600,9600,down,3294,17,642,567789589,1,19.03395,73.10243333333332,18-09-2026 17:08:41,0,15:42,15:42,15:46,15:47,15:19,15:19,,1,0,0,2026-09-18T11:39:15.043329+00:00,operator_reported_vehicle_indication,131c5f8e7ad6fb7f8b48c2317203cc906856488d4c0d8c728606c3d06dcc5115
nmmt_route_live_9600_20260918,9600,9600,down,3294,17,600,567789596,1,19.00872,73.028995,18-09-2026 17:08:58,0,16:32,16:32,16:37,16:38,16:09,16:09,,1,0,0,2026-09-18T11:39:15.043329+00:00,operator_reported_vehicle_indication,131c5f8e7ad6fb7f8b48c2317203cc906856488d4c0d8c728606c3d06dcc5115
nmmt_route_live_9600_20260918,9600,9600,down,3292,18,642,567789589,1,19.03395,73.10243333333332,18-09-2026 17:08:41,0,15:43,15:43,15:50,15:50,15:19,15:19,,1,0,0,2026-09-18T11:39:15.043329+00:00,operator_reported_vehicle_indication,131c5f8e7ad6fb7f8b48c2317203cc906856488d4c0d8c728606c3d06dcc5115
nmmt_route_live_9600_20260918,9600,9600,down,3292,18,600,567789596,1,19.00872,73.028995,18-09-2026 17:08:58,0,16:33,16:33,16:42,16:43,16:09,16:09,,1,0,0,2026-09-18T11:39:15.043329+00:00,operator_reported_vehicle_indication,131c5f8e7ad6fb7f8b48c2317203cc906856488d4c0d8c728606c3d06dcc5115
nmmt_route_live_9600_20260918,9600,9600,down,3291,19,642,567789589,1,19.03395,73.10243333333332,18-09-2026 17:08:41,0,15:46,15:46,15:53,15:54,15:19,15:19,,1,0,0,2026-09-18T11:39:15.043329+00:00,operator_reported_vehicle_indication,131c5f8e7ad6fb7f8b48c2317203cc906856488d4c0d8c728606c3d06dcc5115
nmmt_route_live_9600_20260918,9600,9600,down,3291,19,600,567789596,1,19.00872,73.028995,18-09-2026 17:08:58,0,16:36,16:36,16:45,16:46,16:09,16:09,,1,0,0,2026-09-18T11:39:15.043329+00:00,operator_reported_vehicle_indication,131c5f8e7ad6fb7f8b48c2317203cc906856488d4c0d8c728606c3d06dcc5115
nmmt_route_live_9600_20260918,9600,9600,down,3289,20,642,567789589,1,19.03395,73.10243333333332,18-09-2026 17:08:41,0,15:48,15:48,15:56,15:58,15:19,15:19,,1,0,0,2026-09-18T11:39:15.043329+00:00,operator_reported_vehicle_indication,131c5f8e7ad6fb7f8b48c2317203cc906856488d4c0d8c728606c3d06dcc5115
nmmt_route_live_9600_20260918,9600,9600,down,3289,20,600,567789596,1,19.00872,73.028995,18-09-2026 17:08:58,0,16:38,16:38,16:48,16:48,16:09,16:09,,1,0,0,2026-09-18T11:39:15.043329+00:00,operator_reported_vehicle_indication,131c5f8e7ad6fb7f8b48c2317203cc906856488d4c0d8c728606c3d06dcc5115
nmmt_route_live_9600_20260918,9600,9600,down,3288,21,642,567789589,1,19.03395,73.10243333333332,18-09-2026 17:08:41,0,15:49,15:49,15:58,15:59,15:19,15:19,,1,0,0,2026-09-18T11:39:15.043329+00:00,operator_reported_vehicle_indication,131c5f8e7ad6fb7f8b48c2317203cc906856488d4c0d8c728606c3d06dcc5115
nmmt_route_live_9600_20260918,9600,9600,down,3288,21,600,567789596,1,19.00872,73.028995,18-09-2026 17:08:58,0,16:39,16:39,16:50,16:51,16:09,16:09,,1,0,0,2026-09-18T11:39:15.043329+00:00,operator_reported_vehicle_indication,131c5f8e7ad6fb7f8b48c2317203cc906856488d4c0d8c728606c3d06dcc5115
nmmt_route_live_9600_20260918,9600,9600,down,3287,22,642,567789589,1,19.03395,73.10243333333332,18-09-2026 17:08:41,0,15:51,15:51,16:00,16:00,15:19,15:19,,1,0,0,2026-09-18T11:39:15.043329+00:00,operator_reported_vehicle_indication,131c5f8e7ad6fb7f8b48c2317203cc906856488d4c0d8c728606c3d06dcc5115
nmmt_route_live_9600_20260918,9600,9600,down,3287,22,600,567789596,1,19.00872,73.028995,18-09-2026 17:08:58,0,16:41,16:41,16:52,16:53,16:09,16:09,,1,0,0,2026-09-18T11:39:15.043329+00:00,operator_reported_vehicle_indication,131c5f8e7ad6fb7f8b48c2317203cc906856488d4c0d8c728606c3d06dcc5115
nmmt_route_live_9600_20260918,9600,9600,down,3686,23,642,567789589,1,19.03395,73.10243333333332,18-09-2026 17:08:41,0,15:52,15:52,16:01,16:01,15:19,15:19,,1,0,0,2026-09-18T11:39:15.043329+00:00,operator_reported_vehicle_indication,131c5f8e7ad6fb7f8b48c2317203cc906856488d4c0d8c728606c3d06dcc5115
nmmt_route_live_9600_20260918,9600,9600,down,3686,23,600,567789596,1,19.00872,73.028995,18-09-2026 17:08:58,0,16:42,16:42,,,16:09,16:09,,1,0,0,2026-09-18T11:39:15.043329+00:00,operator_reported_vehicle_indication,131c5f8e7ad6fb7f8b48c2317203cc906856488d4c0d8c728606c3d06dcc5115
nmmt_route_live_9600_20260918,9600,9600,down,3286,24,642,567789589,1,19.03395,73.10243333333332,18-09-2026 17:08:41,0,15:54,15:54,16:02,16:03,15:19,15:19,,1,0,0,2026-09-18T11:39:15.043329+00:00,operator_reported_vehicle_indication,131c5f8e7ad6fb7f8b48c2317203cc906856488d4c0d8c728606c3d06dcc5115
nmmt_route_live_9600_20260918,9600,9600,down,3286,24,600,567789596,1,19.00872,73.028995,18-09-2026 17:08:58,0,16:44,16:44,16:54,16:55,16:09,16:09,,1,0,0,2026-09-18T11:39:15.043329+00:00,operator_reported_vehicle_indication,131c5f8e7ad6fb7f8b48c2317203cc906856488d4c0d8c728606c3d06dcc5115
nmmt_route_live_9600_20260918,9600,9600,down,3285,25,642,567789589,1,19.03395,73.10243333333332,18-09-2026 17:08:41,0,15:57,15:57,16:03,16:03,15:19,15:19,,1,0,0,2026-09-18T11:39:15.043329+00:00,operator_reported_vehicle_indication,131c5f8e7ad6fb7f8b48c2317203cc906856488d4c0d8c728606c3d06dcc5115
nmmt_route_live_9600_20260918,9600,9600,down,3285,25,600,567789596,1,19.00872,73.028995,18-09-2026 17:08:58,0,16:47,16:47,,,16:09,16:09,,1,0,0,2026-09-18T11:39:15.043329+00:00,operator_reported_vehicle_indication,131c5f8e7ad6fb7f8b48c2317203cc906856488d4c0d8c728606c3d06dcc5115
nmmt_route_live_9600_20260918,9600,9600,down,3284,26,642,567789589,1,19.03395,73.10243333333332,18-09-2026 17:08:41,0,15:58,15:58,,,15:19,15:19,,1,0,0,2026-09-18T11:39:15.043329+00:00,operator_reported_vehicle_indication,131c5f8e7ad6fb7f8b48c2317203cc906856488d4c0d8c728606c3d06dcc5115
nmmt_route_live_9600_20260918,9600,9600,down,3284,26,600,567789596,1,19.00872,73.028995,18-09-2026 17:08:58,0,16:48,16:48,,,16:09,16:09,,1,0,0,2026-09-18T11:39:15.043329+00:00,operator_reported_vehicle_indication,131c5f8e7ad6fb7f8b48c2317203cc906856488d4c0d8c728606c3d06dcc5115
nmmt_route_live_9600_20260918,9600,9600,down,4114,27,642,567789589,1,19.03395,73.10243333333332,18-09-2026 17:08:41,0,16:01,16:01,16:06,16:06,15:19,15:19,,1,0,0,2026-09-18T11:39:15.043329+00:00,operator_reported_vehicle_indication,131c5f8e7ad6fb7f8b48c2317203cc906856488d4c0d8c728606c3d06dcc5115
nmmt_route_live_9600_20260918,9600,9600,down,4114,27,600,567789596,1,19.00872,73.028995,18-09-2026 17:08:58,0,16:51,16:51,16:58,16:58,16:09,16:09,,1,0,0,2026-09-18T11:39:15.043329+00:00,operator_reported_vehicle_indication,131c5f8e7ad6fb7f8b48c2317203cc906856488d4c0d8c728606c3d06dcc5115
nmmt_route_live_9600_20260918,9600,9600,down,4102,28,642,567789589,1,19.03395,73.10243333333332,18-09-2026 17:08:41,0,16:02,16:02,16:07,16:11,15:19,15:19,,1,0,0,2026-09-18T11:39:15.043329+00:00,operator_reported_vehicle_indication,131c5f8e7ad6fb7f8b48c2317203cc906856488d4c0d8c728606c3d06dcc5115
nmmt_route_live_9600_20260918,9600,9600,down,4102,28,600,567789596,1,19.00872,73.028995,18-09-2026 17:08:58,0,16:52,16:52,16:59,17:00,16:09,16:09,,1,0,0,2026-09-18T11:39:15.043329+00:00,operator_reported_vehicle_indication,131c5f8e7ad6fb7f8b48c2317203cc906856488d4c0d8c728606c3d06dcc5115
nmmt_route_live_9600_20260918,9600,9600,down,4103,29,642,567789589,1,19.03395,73.10243333333332,18-09-2026 17:08:41,0,16:04,16:04,,,15:19,15:19,,1,0,0,2026-09-18T11:39:15.043329+00:00,operator_reported_vehicle_indication,131c5f8e7ad6fb7f8b48c2317203cc906856488d4c0d8c728606c3d06dcc5115
nmmt_route_live_9600_20260918,9600,9600,down,4103,29,600,567789596,1,19.00872,73.028995,18-09-2026 17:08:58,0,16:54,16:54,17:00,17:01,16:09,16:09,,1,0,0,2026-09-18T11:39:15.043329+00:00,operator_reported_vehicle_indication,131c5f8e7ad6fb7f8b48c2317203cc906856488d4c0d8c728606c3d06dcc5115
nmmt_route_live_9600_20260918,9600,9600,down,4104,30,642,567789589,1,19.03395,73.10243333333332,18-09-2026 17:08:41,0,16:05,16:05,,,15:19,15:19,,1,0,0,2026-09-18T11:39:15.043329+00:00,operator_reported_vehicle_indication,131c5f8e7ad6fb7f8b48c2317203cc906856488d4c0d8c728606c3d06dcc5115
nmmt_route_live_9600_20260918,9600,9600,down,4104,30,600,567789596,1,19.00872,73.028995,18-09-2026 17:08:58,0,16:55,16:55,17:02,17:02,16:09,16:09,,1,0,0,2026-09-18T11:39:15.043329+00:00,operator_reported_vehicle_indication,131c5f8e7ad6fb7f8b48c2317203cc906856488d4c0d8c728606c3d06dcc5115
nmmt_route_live_9600_20260918,9600,9600,down,4105,31,642,567789589,1,19.03395,73.10243333333332,18-09-2026 17:08:41,0,16:07,16:07,16:11,16:11,15:19,15:19,,1,0,0,2026-09-18T11:39:15.043329+00:00,operator_reported_vehicle_indication,131c5f8e7ad6fb7f8b48c2317203cc906856488d4c0d8c728606c3d06dcc5115
nmmt_route_live_9600_20260918,9600,9600,down,4105,31,600,567789596,1,19.00872,73.028995,18-09-2026 17:08:58,0,16:57,16:57,17:04,17:04,16:09,16:09,,1,0,0,2026-09-18T11:39:15.043329+00:00,operator_reported_vehicle_indication,131c5f8e7ad6fb7f8b48c2317203cc906856488d4c0d8c728606c3d06dcc5115
nmmt_route_live_9600_20260918,9600,9600,down,4106,32,642,567789589,1,19.03395,73.10243333333332,18-09-2026 17:08:41,0,16:08,16:08,,,15:19,15:19,,1,0,0,2026-09-18T11:39:15.043329+00:00,operator_reported_vehicle_indication,131c5f8e7ad6fb7f8b48c2317203cc906856488d4c0d8c728606c3d06dcc5115
nmmt_route_live_9600_20260918,9600,9600,down,4106,32,600,567789596,1,19.00872,73.028995,18-09-2026 17:08:58,0,16:58,16:58,17:05,17:05,16:09,16:09,,1,0,0,2026-09-18T11:39:15.043329+00:00,operator_reported_vehicle_indication,131c5f8e7ad6fb7f8b48c2317203cc906856488d4c0d8c728606c3d06dcc5115
nmmt_route_live_9600_20260918,9600,9600,down,3359,33,642,567789589,1,19.03395,73.10243333333332,18-09-2026 17:08:41,0,16:10,16:10,,,15:19,15:19,,1,0,0,2026-09-18T11:39:15.043329+00:00,operator_reported_vehicle_indication,131c5f8e7ad6fb7f8b48c2317203cc906856488d4c0d8c728606c3d06dcc5115
nmmt_route_live_9600_20260918,9600,9600,down,3359,33,600,567789596,1,19.00872,73.028995,18-09-2026 17:08:58,0,17:00,17:00,,,16:09,16:09,,0,0,0,2026-09-18T11:39:15.043329+00:00,operator_reported_vehicle_indication,131c5f8e7ad6fb7f8b48c2317203cc906856488d4c0d8c728606c3d06dcc5115
nmmt_route_live_9600_20260918,9600,9600,down,3318,34,642,567789589,1,19.03395,73.10243333333332,18-09-2026 17:08:41,0,16:11,16:11,16:16,16:17,15:19,15:19,,1,0,0,2026-09-18T11:39:15.043329+00:00,operator_reported_vehicle_indication,131c5f8e7ad6fb7f8b48c2317203cc906856488d4c0d8c728606c3d06dcc5115
nmmt_route_live_9600_20260918,9600,9600,down,3318,34,600,567789596,1,19.00872,73.028995,18-09-2026 17:08:58,0,17:01,17:01,,,16:09,16:09,,0,0,0,2026-09-18T11:39:15.043329+00:00,operator_reported_vehicle_indication,131c5f8e7ad6fb7f8b48c2317203cc906856488d4c0d8c728606c3d06dcc5115
nmmt_route_live_9600_20260918,9600,9600,down,5311,35,642,567789589,1,19.03395,73.10243333333332,18-09-2026 17:08:41,0,16:13,16:13,,,15:19,15:19,,1,0,0,2026-09-18T11:39:15.043329+00:00,operator_reported_vehicle_indication,131c5f8e7ad6fb7f8b48c2317203cc906856488d4c0d8c728606c3d06dcc5115
nmmt_route_live_9600_20260918,9600,9600,down,5311,35,600,567789596,1,19.00872,73.028995,18-09-2026 17:08:58,0,17:03,17:03,,,16:09,16:09,17:09,0,0,0,2026-09-18T11:39:15.043329+00:00,operator_reported_vehicle_indication,131c5f8e7ad6fb7f8b48c2317203cc906856488d4c0d8c728606c3d06dcc5115
nmmt_route_live_9600_20260918,9600,9600,down,3319,36,642,567789589,1,19.03395,73.10243333333332,18-09-2026 17:08:41,0,16:14,16:14,,,15:19,15:19,,1,0,0,2026-09-18T11:39:15.043329+00:00,operator_reported_vehicle_indication,131c5f8e7ad6fb7f8b48c2317203cc906856488d4c0d8c728606c3d06dcc5115
nmmt_route_live_9600_20260918,9600,9600,down,3319,36,600,567789596,1,19.00872,73.028995,18-09-2026 17:08:58,0,17:04,17:04,,,16:09,16:09,17:10,0,0,0,2026-09-18T11:39:15.043329+00:00,operator_reported_vehicle_indication,131c5f8e7ad6fb7f8b48c2317203cc906856488d4c0d8c728606c3d06dcc5115
nmmt_route_live_9600_20260918,9600,9600,down,3320,37,642,567789589,1,19.03395,73.10243333333332,18-09-2026 17:08:41,0,16:16,16:16,16:19,16:20,15:19,15:19,,1,0,0,2026-09-18T11:39:15.043329+00:00,operator_reported_vehicle_indication,131c5f8e7ad6fb7f8b48c2317203cc906856488d4c0d8c728606c3d06dcc5115
nmmt_route_live_9600_20260918,9600,9600,down,3320,37,600,567789596,1,19.00872,73.028995,18-09-2026 17:08:58,0,17:06,17:06,,,16:09,16:09,17:11,0,0,0,2026-09-18T11:39:15.043329+00:00,operator_reported_vehicle_indication,131c5f8e7ad6fb7f8b48c2317203cc906856488d4c0d8c728606c3d06dcc5115
nmmt_route_live_9600_20260918,9600,9600,down,3321,38,642,567789589,1,19.03395,73.10243333333332,18-09-2026 17:08:41,0,16:17,16:17,16:21,16:21,15:19,15:19,,1,0,0,2026-09-18T11:39:15.043329+00:00,operator_reported_vehicle_indication,131c5f8e7ad6fb7f8b48c2317203cc906856488d4c0d8c728606c3d06dcc5115
nmmt_route_live_9600_20260918,9600,9600,down,3321,38,600,567789596,1,19.00872,73.028995,18-09-2026 17:08:58,0,17:07,17:07,,,16:09,16:09,17:12,0,0,0,2026-09-18T11:39:15.043329+00:00,operator_reported_vehicle_indication,131c5f8e7ad6fb7f8b48c2317203cc906856488d4c0d8c728606c3d06dcc5115
nmmt_route_live_9600_20260918,9600,9600,down,3322,39,642,567789589,1,19.03395,73.10243333333332,18-09-2026 17:08:41,0,16:18,16:18,16:22,16:23,15:19,15:19,,1,0,0,2026-09-18T11:39:15.043329+00:00,operator_reported_vehicle_indication,131c5f8e7ad6fb7f8b48c2317203cc906856488d4c0d8c728606c3d06dcc5115
nmmt_route_live_9600_20260918,9600,9600,down,3322,39,600,567789596,1,19.00872,73.028995,18-09-2026 17:08:58,0,17:08,17:08,,,16:09,16:09,17:14,0,0,0,2026-09-18T11:39:15.043329+00:00,operator_reported_vehicle_indication,131c5f8e7ad6fb7f8b48c2317203cc906856488d4c0d8c728606c3d06dcc5115
nmmt_route_live_9600_20260918,9600,9600,down,4176,40,642,567789589,1,19.03395,73.10243333333332,18-09-2026 17:08:41,0,16:20,16:20,16:23,16:23,15:19,15:19,,1,0,0,2026-09-18T11:39:15.043329+00:00,operator_reported_vehicle_indication,131c5f8e7ad6fb7f8b48c2317203cc906856488d4c0d8c728606c3d06dcc5115
nmmt_route_live_9600_20260918,9600,9600,down,4176,40,600,567789596,1,19.00872,73.028995,18-09-2026 17:08:58,0,17:10,17:10,,,16:09,16:09,17:16,0,0,0,2026-09-18T11:39:15.043329+00:00,operator_reported_vehicle_indication,131c5f8e7ad6fb7f8b48c2317203cc906856488d4c0d8c728606c3d06dcc5115
nmmt_route_live_9600_20260918,9600,9600,down,3544,41,642,567789589,1,19.03395,73.10243333333332,18-09-2026 17:08:41,0,16:21,16:21,,,15:19,15:19,,1,0,0,2026-09-18T11:39:15.043329+00:00,operator_reported_vehicle_indication,131c5f8e7ad6fb7f8b48c2317203cc906856488d4c0d8c728606c3d06dcc5115
nmmt_route_live_9600_20260918,9600,9600,down,3544,41,600,567789596,1,19.00872,73.028995,18-09-2026 17:08:58,0,17:11,17:11,,,16:09,16:09,17:17,0,0,0,2026-09-18T11:39:15.043329+00:00,operator_reported_vehicle_indication,131c5f8e7ad6fb7f8b48c2317203cc906856488d4c0d8c728606c3d06dcc5115
nmmt_route_live_9600_20260918,9600,9600,down,3992,42,642,567789589,1,19.03395,73.10243333333332,18-09-2026 17:08:41,0,16:23,16:23,16:28,16:28,15:19,15:19,,1,0,0,2026-09-18T11:39:15.043329+00:00,operator_reported_vehicle_indication,131c5f8e7ad6fb7f8b48c2317203cc906856488d4c0d8c728606c3d06dcc5115
nmmt_route_live_9600_20260918,9600,9600,down,3992,42,600,567789596,1,19.00872,73.028995,18-09-2026 17:08:58,0,17:13,17:13,,,16:09,16:09,17:19,0,0,0,2026-09-18T11:39:15.043329+00:00,operator_reported_vehicle_indication,131c5f8e7ad6fb7f8b48c2317203cc906856488d4c0d8c728606c3d06dcc5115
nmmt_route_live_9600_20260918,9600,9600,down,4195,43,642,567789589,1,19.03395,73.10243333333332,18-09-2026 17:08:41,0,16:24,16:24,16:31,16:31,15:19,15:19,,1,0,0,2026-09-18T11:39:15.043329+00:00,operator_reported_vehicle_indication,131c5f8e7ad6fb7f8b48c2317203cc906856488d4c0d8c728606c3d06dcc5115
nmmt_route_live_9600_20260918,9600,9600,down,4195,43,600,567789596,1,19.00872,73.028995,18-09-2026 17:08:58,0,17:14,17:14,,,16:09,16:09,17:21,0,0,0,2026-09-18T11:39:15.043329+00:00,operator_reported_vehicle_indication,131c5f8e7ad6fb7f8b48c2317203cc906856488d4c0d8c728606c3d06dcc5115
nmmt_route_live_9600_20260918,9600,9600,down,4194,44,642,567789589,1,19.03395,73.10243333333332,18-09-2026 17:08:41,0,16:26,16:26,16:32,16:32,15:19,15:19,,1,0,0,2026-09-18T11:39:15.043329+00:00,operator_reported_vehicle_indication,131c5f8e7ad6fb7f8b48c2317203cc906856488d4c0d8c728606c3d06dcc5115
nmmt_route_live_9600_20260918,9600,9600,down,4194,44,600,567789596,1,19.00872,73.028995,18-09-2026 17:08:58,0,17:16,17:16,,,16:09,16:09,17:22,0,0,0,2026-09-18T11:39:15.043329+00:00,operator_reported_vehicle_indication,131c5f8e7ad6fb7f8b48c2317203cc906856488d4c0d8c728606c3d06dcc5115
nmmt_route_live_9600_20260918,9600,9600,down,4193,45,642,567789589,1,19.03395,73.10243333333332,18-09-2026 17:08:41,0,16:27,16:27,16:35,16:36,15:19,15:19,,1,0,0,2026-09-18T11:39:15.043329+00:00,operator_reported_vehicle_indication,131c5f8e7ad6fb7f8b48c2317203cc906856488d4c0d8c728606c3d06dcc5115
nmmt_route_live_9600_20260918,9600,9600,down,4193,45,600,567789596,1,19.00872,73.028995,18-09-2026 17:08:58,0,17:17,17:17,,,16:09,16:09,17:24,0,0,0,2026-09-18T11:39:15.043329+00:00,operator_reported_vehicle_indication,131c5f8e7ad6fb7f8b48c2317203cc906856488d4c0d8c728606c3d06dcc5115
nmmt_route_live_9600_20260918,9600,9600,down,4191,46,642,567789589,1,19.03395,73.10243333333332,18-09-2026 17:08:41,0,16:29,16:29,16:36,16:37,15:19,15:19,,1,0,0,2026-09-18T11:39:15.043329+00:00,operator_reported_vehicle_indication,131c5f8e7ad6fb7f8b48c2317203cc906856488d4c0d8c728606c3d06dcc5115
nmmt_route_live_9600_20260918,9600,9600,down,4191,46,600,567789596,1,19.00872,73.028995,18-09-2026 17:08:58,0,17:19,17:19,,,16:09,16:09,17:26,0,0,0,2026-09-18T11:39:15.043329+00:00,operator_reported_vehicle_indication,131c5f8e7ad6fb7f8b48c2317203cc906856488d4c0d8c728606c3d06dcc5115
nmmt_route_live_9600_20260918,9600,9600,down,4190,47,642,567789589,1,19.03395,73.10243333333332,18-09-2026 17:08:41,0,16:30,16:30,,,15:19,15:19,,1,0,0,2026-09-18T11:39:15.043329+00:00,operator_reported_vehicle_indication,131c5f8e7ad6fb7f8b48c2317203cc906856488d4c0d8c728606c3d06dcc5115
nmmt_route_live_9600_20260918,9600,9600,down,4190,47,600,567789596,1,19.00872,73.028995,18-09-2026 17:08:58,0,17:20,17:20,,,16:09,16:09,17:27,0,0,0,2026-09-18T11:39:15.043329+00:00,operator_reported_vehicle_indication,131c5f8e7ad6fb7f8b48c2317203cc906856488d4c0d8c728606c3d06dcc5115
nmmt_route_live_9600_20260918,9600,9600,down,4189,48,642,567789589,1,19.03395,73.10243333333332,18-09-2026 17:08:41,0,16:32,16:32,16:43,16:44,15:19,15:19,,1,0,0,2026-09-18T11:39:15.043329+00:00,operator_reported_vehicle_indication,131c5f8e7ad6fb7f8b48c2317203cc906856488d4c0d8c728606c3d06dcc5115
nmmt_route_live_9600_20260918,9600,9600,down,4189,48,600,567789596,1,19.00872,73.028995,18-09-2026 17:08:58,0,17:22,17:22,,,16:09,16:09,17:28,0,0,0,2026-09-18T11:39:15.043329+00:00,operator_reported_vehicle_indication,131c5f8e7ad6fb7f8b48c2317203cc906856488d4c0d8c728606c3d06dcc5115
nmmt_route_live_9600_20260918,9600,9600,down,4188,49,642,567789589,1,19.03395,73.10243333333332,18-09-2026 17:08:41,0,16:33,16:33,16:44,16:44,15:19,15:19,,1,0,0,2026-09-18T11:39:15.043329+00:00,operator_reported_vehicle_indication,131c5f8e7ad6fb7f8b48c2317203cc906856488d4c0d8c728606c3d06dcc5115
nmmt_route_live_9600_20260918,9600,9600,down,4188,49,600,567789596,1,19.00872,73.028995,18-09-2026 17:08:58,0,17:23,17:23,,,16:09,16:09,17:29,0,0,0,2026-09-18T11:39:15.043329+00:00,operator_reported_vehicle_indication,131c5f8e7ad6fb7f8b48c2317203cc906856488d4c0d8c728606c3d06dcc5115
nmmt_route_live_9600_20260918,9600,9600,down,4187,50,642,567789589,1,19.03395,73.10243333333332,18-09-2026 17:08:41,0,16:35,16:35,16:44,16:45,15:19,15:19,,1,0,0,2026-09-18T11:39:15.043329+00:00,operator_reported_vehicle_indication,131c5f8e7ad6fb7f8b48c2317203cc906856488d4c0d8c728606c3d06dcc5115
nmmt_route_live_9600_20260918,9600,9600,down,4187,50,600,567789596,1,19.00872,73.028995,18-09-2026 17:08:58,0,17:25,17:25,,,16:09,16:09,17:30,0,0,0,2026-09-18T11:39:15.043329+00:00,operator_reported_vehicle_indication,131c5f8e7ad6fb7f8b48c2317203cc906856488d4c0d8c728606c3d06dcc5115
nmmt_route_live_9600_20260918,9600,9600,down,4186,51,642,567789589,1,19.03395,73.10243333333332,18-09-2026 17:08:41,0,16:36,16:36,16:46,16:46,15:19,15:19,,1,0,0,2026-09-18T11:39:15.043329+00:00,operator_reported_vehicle_indication,131c5f8e7ad6fb7f8b48c2317203cc906856488d4c0d8c728606c3d06dcc5115
nmmt_route_live_9600_20260918,9600,9600,down,4186,51,600,567789596,1,19.00872,73.028995,18-09-2026 17:08:58,0,17:26,17:26,,,16:09,16:09,17:31,0,0,0,2026-09-18T11:39:15.043329+00:00,operator_reported_vehicle_indication,131c5f8e7ad6fb7f8b48c2317203cc906856488d4c0d8c728606c3d06dcc5115
nmmt_route_live_9600_20260918,9600,9600,down,4185,52,642,567789589,1,19.03395,73.10243333333332,18-09-2026 17:08:41,0,16:39,16:39,16:52,16:53,15:19,15:19,,1,0,0,2026-09-18T11:39:15.043329+00:00,operator_reported_vehicle_indication,131c5f8e7ad6fb7f8b48c2317203cc906856488d4c0d8c728606c3d06dcc5115
nmmt_route_live_9600_20260918,9600,9600,down,4185,52,600,567789596,1,19.00872,73.028995,18-09-2026 17:08:58,0,17:29,17:29,,,16:09,16:09,17:33,0,0,0,2026-09-18T11:39:15.043329+00:00,operator_reported_vehicle_indication,131c5f8e7ad6fb7f8b48c2317203cc906856488d4c0d8c728606c3d06dcc5115
nmmt_route_live_9600_20260918,9600,9600,down,4175,53,642,567789589,1,19.03395,73.10243333333332,18-09-2026 17:08:41,0,16:42,16:42,16:54,16:55,15:19,15:19,,1,0,0,2026-09-18T11:39:15.043329+00:00,operator_reported_vehicle_indication,131c5f8e7ad6fb7f8b48c2317203cc906856488d4c0d8c728606c3d06dcc5115
nmmt_route_live_9600_20260918,9600,9600,down,4175,53,600,567789596,1,19.00872,73.028995,18-09-2026 17:08:58,0,17:32,17:32,,,16:09,16:09,17:34,0,0,0,2026-09-18T11:39:15.043329+00:00,operator_reported_vehicle_indication,131c5f8e7ad6fb7f8b48c2317203cc906856488d4c0d8c728606c3d06dcc5115
nmmt_route_live_9600_20260918,9600,9600,down,4184,54,642,567789589,1,19.03395,73.10243333333332,18-09-2026 17:08:41,0,16:45,16:45,,,15:19,15:19,,1,0,0,2026-09-18T11:39:15.043329+00:00,operator_reported_vehicle_indication,131c5f8e7ad6fb7f8b48c2317203cc906856488d4c0d8c728606c3d06dcc5115
nmmt_route_live_9600_20260918,9600,9600,down,4184,54,600,567789596,1,19.00872,73.028995,18-09-2026 17:08:58,0,17:35,17:35,,,16:09,16:09,17:35,0,0,0,2026-09-18T11:39:15.043329+00:00,operator_reported_vehicle_indication,131c5f8e7ad6fb7f8b48c2317203cc906856488d4c0d8c728606c3d06dcc5115
nmmt_route_live_9600_20260918,9600,9600,down,4183,55,642,567789589,1,19.03395,73.10243333333332,18-09-2026 17:08:41,0,16:46,16:46,,,15:19,15:19,,1,0,0,2026-09-18T11:39:15.043329+00:00,operator_reported_vehicle_indication,131c5f8e7ad6fb7f8b48c2317203cc906856488d4c0d8c728606c3d06dcc5115
nmmt_route_live_9600_20260918,9600,9600,down,4183,55,600,567789596,1,19.00872,73.028995,18-09-2026 17:08:58,0,17:36,17:36,,,16:09,16:09,17:36,0,0,0,2026-09-18T11:39:15.043329+00:00,operator_reported_vehicle_indication,131c5f8e7ad6fb7f8b48c2317203cc906856488d4c0d8c728606c3d06dcc5115
nmmt_route_live_9600_20260918,9600,9600,down,3425,56,642,567789589,1,19.03395,73.10243333333332,18-09-2026 17:08:41,0,16:48,16:48,17:03,17:04,15:19,15:19,,1,0,0,2026-09-18T11:39:15.043329+00:00,operator_reported_vehicle_indication,131c5f8e7ad6fb7f8b48c2317203cc906856488d4c0d8c728606c3d06dcc5115
nmmt_route_live_9600_20260918,9600,9600,down,3425,56,600,567789596,1,19.00872,73.028995,18-09-2026 17:08:58,0,17:38,17:38,,,16:09,16:09,17:39,0,0,0,2026-09-18T11:39:15.043329+00:00,operator_reported_vehicle_indication,131c5f8e7ad6fb7f8b48c2317203cc906856488d4c0d8c728606c3d06dcc5115
nmmt_route_live_9600_20260918,9600,9600,down,4197,57,642,567789589,1,19.03395,73.10243333333332,18-09-2026 17:08:41,0,16:49,16:49,,,15:19,15:19,,0,0,0,2026-09-18T11:39:15.043329+00:00,operator_reported_vehicle_indication,131c5f8e7ad6fb7f8b48c2317203cc906856488d4c0d8c728606c3d06dcc5115
nmmt_route_live_9600_20260918,9600,9600,down,4197,57,600,567789596,1,19.00872,73.028995,18-09-2026 17:08:58,0,17:39,17:39,,,16:09,16:09,17:40,0,0,0,2026-09-18T11:39:15.043329+00:00,operator_reported_vehicle_indication,131c5f8e7ad6fb7f8b48c2317203cc906856488d4c0d8c728606c3d06dcc5115
nmmt_route_live_9600_20260918,9600,9600,down,4198,58,642,567789589,1,19.03395,73.10243333333332,18-09-2026 17:08:41,0,16:51,16:51,,,15:19,15:19,,0,0,0,2026-09-18T11:39:15.043329+00:00,operator_reported_vehicle_indication,131c5f8e7ad6fb7f8b48c2317203cc906856488d4c0d8c728606c3d06dcc5115
nmmt_route_live_9600_20260918,9600,9600,down,4198,58,600,567789596,1,19.00872,73.028995,18-09-2026 17:08:58,0,17:41,17:41,,,16:09,16:09,17:41,0,0,0,2026-09-18T11:39:15.043329+00:00,operator_reported_vehicle_indication,131c5f8e7ad6fb7f8b48c2317203cc906856488d4c0d8c728606c3d06dcc5115
nmmt_route_live_9600_20260918,9600,9600,down,4199,59,642,567789589,1,19.03395,73.10243333333332,18-09-2026 17:08:41,0,16:52,16:52,,,15:19,15:19,17:10,0,0,0,2026-09-18T11:39:15.043329+00:00,operator_reported_vehicle_indication,131c5f8e7ad6fb7f8b48c2317203cc906856488d4c0d8c728606c3d06dcc5115
nmmt_route_live_9600_20260918,9600,9600,down,4199,59,600,567789596,1,19.00872,73.028995,18-09-2026 17:08:58,0,17:42,17:42,,,16:09,16:09,17:42,0,0,0,2026-09-18T11:39:15.043329+00:00,operator_reported_vehicle_indication,131c5f8e7ad6fb7f8b48c2317203cc906856488d4c0d8c728606c3d06dcc5115
nmmt_route_live_9600_20260918,9600,9600,down,3699,60,642,567789589,1,19.03395,73.10243333333332,18-09-2026 17:08:41,0,16:52,16:52,,,15:19,15:19,17:11,0,0,0,2026-09-18T11:39:15.043329+00:00,operator_reported_vehicle_indication,131c5f8e7ad6fb7f8b48c2317203cc906856488d4c0d8c728606c3d06dcc5115
nmmt_route_live_9600_20260918,9600,9600,down,3699,60,600,567789596,1,19.00872,73.028995,18-09-2026 17:08:58,0,17:42,17:42,,,16:09,16:09,17:43,0,0,0,2026-09-18T11:39:15.043329+00:00,operator_reported_vehicle_indication,131c5f8e7ad6fb7f8b48c2317203cc906856488d4c0d8c728606c3d06dcc5115
nmmt_route_live_9600_20260918,9600,9600,down,4201,61,642,567789589,1,19.03395,73.10243333333332,18-09-2026 17:08:41,0,16:54,16:54,,,15:19,15:19,17:12,0,0,0,2026-09-18T11:39:15.043329+00:00,operator_reported_vehicle_indication,131c5f8e7ad6fb7f8b48c2317203cc906856488d4c0d8c728606c3d06dcc5115
nmmt_route_live_9600_20260918,9600,9600,down,4201,61,600,567789596,1,19.00872,73.028995,18-09-2026 17:08:58,0,17:44,17:44,,,16:09,16:09,17:44,0,0,0,2026-09-18T11:39:15.043329+00:00,operator_reported_vehicle_indication,131c5f8e7ad6fb7f8b48c2317203cc906856488d4c0d8c728606c3d06dcc5115
nmmt_route_live_9670_20260918,9670,9670,up,3448,1,635,567787701,1,19.072881666666667,73.08216833333333,18-09-2026 17:08:26,0,16:48,16:48,16:48,16:48,16:48,16:48,,1,0,0,2026-09-18T11:39:35.061545+00:00,operator_reported_vehicle_indication,72942b6b3913d41aa66632262a0d7c34460e1be98c9766f38a29693870bc8bc4
nmmt_route_live_9670_20260918,9670,9670,up,3448,1,639,567787709,1,19.068886666666668,73.07805166666667,18-09-2026 17:09:00,0,16:05,16:05,16:09,16:10,16:05,16:05,,1,0,0,2026-09-18T11:39:35.061545+00:00,operator_reported_vehicle_indication,72942b6b3913d41aa66632262a0d7c34460e1be98c9766f38a29693870bc8bc4
nmmt_route_live_9670_20260918,9670,9670,up,3447,2,635,567787701,1,19.072881666666667,73.08216833333333,18-09-2026 17:08:26,0,16:49,16:49,16:51,16:51,16:48,16:48,,1,0,0,2026-09-18T11:39:35.061545+00:00,operator_reported_vehicle_indication,72942b6b3913d41aa66632262a0d7c34460e1be98c9766f38a29693870bc8bc4
nmmt_route_live_9670_20260918,9670,9670,up,3447,2,639,567787709,1,19.068886666666668,73.07805166666667,18-09-2026 17:09:00,0,16:06,16:06,,,16:05,16:05,,1,0,0,2026-09-18T11:39:35.061545+00:00,operator_reported_vehicle_indication,72942b6b3913d41aa66632262a0d7c34460e1be98c9766f38a29693870bc8bc4
nmmt_route_live_9670_20260918,9670,9670,up,3446,3,635,567787701,1,19.072881666666667,73.08216833333333,18-09-2026 17:08:26,0,16:50,16:50,16:51,16:52,16:48,16:48,,1,0,0,2026-09-18T11:39:35.061545+00:00,operator_reported_vehicle_indication,72942b6b3913d41aa66632262a0d7c34460e1be98c9766f38a29693870bc8bc4
nmmt_route_live_9670_20260918,9670,9670,up,3446,3,639,567787709,1,19.068886666666668,73.07805166666667,18-09-2026 17:09:00,0,16:07,16:07,,,16:05,16:05,,1,0,0,2026-09-18T11:39:35.061545+00:00,operator_reported_vehicle_indication,72942b6b3913d41aa66632262a0d7c34460e1be98c9766f38a29693870bc8bc4
nmmt_route_live_9670_20260918,9670,9670,up,3445,4,635,567787701,1,19.072881666666667,73.08216833333333,18-09-2026 17:08:26,0,16:51,16:51,,,16:48,16:48,,1,0,0,2026-09-18T11:39:35.061545+00:00,operator_reported_vehicle_indication,72942b6b3913d41aa66632262a0d7c34460e1be98c9766f38a29693870bc8bc4
nmmt_route_live_9670_20260918,9670,9670,up,3445,4,639,567787709,1,19.068886666666668,73.07805166666667,18-09-2026 17:09:00,0,16:08,16:08,,,16:05,16:05,,1,0,0,2026-09-18T11:39:35.061545+00:00,operator_reported_vehicle_indication,72942b6b3913d41aa66632262a0d7c34460e1be98c9766f38a29693870bc8bc4
nmmt_route_live_9670_20260918,9670,9670,up,2743,5,635,567787701,1,19.072881666666667,73.08216833333333,18-09-2026 17:08:26,0,16:52,16:52,16:53,16:54,16:48,16:48,,1,0,0,2026-09-18T11:39:35.061545+00:00,operator_reported_vehicle_indication,72942b6b3913d41aa66632262a0d7c34460e1be98c9766f38a29693870bc8bc4
nmmt_route_live_9670_20260918,9670,9670,up,2743,5,639,567787709,1,19.068886666666668,73.07805166666667,18-09-2026 17:09:00,0,16:09,16:09,,,16:05,16:05,,1,0,0,2026-09-18T11:39:35.061545+00:00,operator_reported_vehicle_indication,72942b6b3913d41aa66632262a0d7c34460e1be98c9766f38a29693870bc8bc4
nmmt_route_live_9670_20260918,9670,9670,up,4022,6,635,567787701,1,19.072881666666667,73.08216833333333,18-09-2026 17:08:26,0,16:53,16:53,16:54,16:55,16:48,16:48,,1,0,0,2026-09-18T11:39:35.061545+00:00,operator_reported_vehicle_indication,72942b6b3913d41aa66632262a0d7c34460e1be98c9766f38a29693870bc8bc4
nmmt_route_live_9670_20260918,9670,9670,up,4022,6,639,567787709,1,19.068886666666668,73.07805166666667,18-09-2026 17:09:00,0,16:10,16:10,,,16:05,16:05,,1,0,0,2026-09-18T11:39:35.061545+00:00,operator_reported_vehicle_indication,72942b6b3913d41aa66632262a0d7c34460e1be98c9766f38a29693870bc8bc4
nmmt_route_live_9670_20260918,9670,9670,up,4314,7,635,567787701,1,19.072881666666667,73.08216833333333,18-09-2026 17:08:26,0,16:54,16:54,16:55,16:55,16:48,16:48,,1,0,0,2026-09-18T11:39:35.061545+00:00,operator_reported_vehicle_indication,72942b6b3913d41aa66632262a0d7c34460e1be98c9766f38a29693870bc8bc4
nmmt_route_live_9670_20260918,9670,9670,up,4314,7,639,567787709,1,19.068886666666668,73.07805166666667,18-09-2026 17:09:00,0,16:11,16:11,,,16:05,16:05,,1,0,0,2026-09-18T11:39:35.061545+00:00,operator_reported_vehicle_indication,72942b6b3913d41aa66632262a0d7c34460e1be98c9766f38a29693870bc8bc4
nmmt_route_live_9670_20260918,9670,9670,up,4313,8,635,567787701,1,19.072881666666667,73.08216833333333,18-09-2026 17:08:26,0,16:56,16:56,,,16:48,16:48,,1,0,0,2026-09-18T11:39:35.061545+00:00,operator_reported_vehicle_indication,72942b6b3913d41aa66632262a0d7c34460e1be98c9766f38a29693870bc8bc4
nmmt_route_live_9670_20260918,9670,9670,up,4313,8,639,567787709,1,19.068886666666668,73.07805166666667,18-09-2026 17:09:00,0,16:13,16:13,,,16:05,16:05,,1,0,0,2026-09-18T11:39:35.061545+00:00,operator_reported_vehicle_indication,72942b6b3913d41aa66632262a0d7c34460e1be98c9766f38a29693870bc8bc4
nmmt_route_live_9670_20260918,9670,9670,up,4312,9,635,567787701,1,19.072881666666667,73.08216833333333,18-09-2026 17:08:26,0,16:57,16:57,16:57,16:58,16:48,16:48,,1,0,0,2026-09-18T11:39:35.061545+00:00,operator_reported_vehicle_indication,72942b6b3913d41aa66632262a0d7c34460e1be98c9766f38a29693870bc8bc4
nmmt_route_live_9670_20260918,9670,9670,up,4312,9,639,567787709,1,19.068886666666668,73.07805166666667,18-09-2026 17:09:00,0,16:14,16:14,,,16:05,16:05,,1,0,0,2026-09-18T11:39:35.061545+00:00,operator_reported_vehicle_indication,72942b6b3913d41aa66632262a0d7c34460e1be98c9766f38a29693870bc8bc4
nmmt_route_live_9670_20260918,9670,9670,up,3661,10,635,567787701,1,19.072881666666667,73.08216833333333,18-09-2026 17:08:26,0,16:58,16:58,16:58,16:58,16:48,16:48,,1,0,0,2026-09-18T11:39:35.061545+00:00,operator_reported_vehicle_indication,72942b6b3913d41aa66632262a0d7c34460e1be98c9766f38a29693870bc8bc4
nmmt_route_live_9670_20260918,9670,9670,up,3661,10,639,567787709,1,19.068886666666668,73.07805166666667,18-09-2026 17:09:00,0,16:15,16:15,,,16:05,16:05,,1,0,0,2026-09-18T11:39:35.061545+00:00,operator_reported_vehicle_indication,72942b6b3913d41aa66632262a0d7c34460e1be98c9766f38a29693870bc8bc4
nmmt_route_live_9670_20260918,9670,9670,up,2651,11,635,567787701,1,19.072881666666667,73.08216833333333,18-09-2026 17:08:26,0,16:59,16:59,17:00,17:00,16:48,16:48,,1,0,0,2026-09-18T11:39:35.061545+00:00,operator_reported_vehicle_indication,72942b6b3913d41aa66632262a0d7c34460e1be98c9766f38a29693870bc8bc4
nmmt_route_live_9670_20260918,9670,9670,up,2651,11,639,567787709,1,19.068886666666668,73.07805166666667,18-09-2026 17:09:00,0,16:16,16:16,16:22,16:23,16:05,16:05,,1,0,0,2026-09-18T11:39:35.061545+00:00,operator_reported_vehicle_indication,72942b6b3913d41aa66632262a0d7c34460e1be98c9766f38a29693870bc8bc4
nmmt_route_live_9670_20260918,9670,9670,up,3342,12,635,567787701,1,19.072881666666667,73.08216833333333,18-09-2026 17:08:26,0,17:00,17:00,17:01,17:01,16:48,16:48,,1,0,0,2026-09-18T11:39:35.061545+00:00,operator_reported_vehicle_indication,72942b6b3913d41aa66632262a0d7c34460e1be98c9766f38a29693870bc8bc4
nmmt_route_live_9670_20260918,9670,9670,up,3342,12,639,567787709,1,19.068886666666668,73.07805166666667,18-09-2026 17:09:00,0,16:17,16:17,16:23,16:24,16:05,16:05,,1,0,0,2026-09-18T11:39:35.061545+00:00,operator_reported_vehicle_indication,72942b6b3913d41aa66632262a0d7c34460e1be98c9766f38a29693870bc8bc4
nmmt_route_live_9670_20260918,9670,9670,up,4487,13,639,567787709,1,19.068886666666668,73.07805166666667,18-09-2026 17:09:00,0,16:18,16:18,16:24,16:24,16:05,16:05,,1,0,0,2026-09-18T11:39:35.061545+00:00,operator_reported_vehicle_indication,72942b6b3913d41aa66632262a0d7c34460e1be98c9766f38a29693870bc8bc4
nmmt_route_live_9670_20260918,9670,9670,up,4487,13,635,567787701,1,19.072881666666667,73.08216833333333,18-09-2026 17:08:26,0,17:01,17:01,,,16:48,16:48,,1,0,0,2026-09-18T11:39:35.061545+00:00,operator_reported_vehicle_indication,72942b6b3913d41aa66632262a0d7c34460e1be98c9766f38a29693870bc8bc4
nmmt_route_live_9670_20260918,9670,9670,up,4488,14,639,567787709,1,19.068886666666668,73.07805166666667,18-09-2026 17:09:00,0,16:21,16:21,,,16:05,16:05,,1,0,0,2026-09-18T11:39:35.061545+00:00,operator_reported_vehicle_indication,72942b6b3913d41aa66632262a0d7c34460e1be98c9766f38a29693870bc8bc4
nmmt_route_live_9670_20260918,9670,9670,up,4488,14,635,567787701,1,19.072881666666667,73.08216833333333,18-09-2026 17:08:26,0,17:04,17:04,,,16:48,16:48,,1,0,0,2026-09-18T11:39:35.061545+00:00,operator_reported_vehicle_indication,72942b6b3913d41aa66632262a0d7c34460e1be98c9766f38a29693870bc8bc4
nmmt_route_live_9670_20260918,9670,9670,up,4489,15,639,567787709,1,19.068886666666668,73.07805166666667,18-09-2026 17:09:00,0,16:22,16:22,16:26,16:26,16:05,16:05,,1,0,0,2026-09-18T11:39:35.061545+00:00,operator_reported_vehicle_indication,72942b6b3913d41aa66632262a0d7c34460e1be98c9766f38a29693870bc8bc4
nmmt_route_live_9670_20260918,9670,9670,up,4489,15,635,567787701,1,19.072881666666667,73.08216833333333,18-09-2026 17:08:26,0,17:05,17:05,17:03,17:03,16:48,16:48,,1,0,0,2026-09-18T11:39:35.061545+00:00,operator_reported_vehicle_indication,72942b6b3913d41aa66632262a0d7c34460e1be98c9766f38a29693870bc8bc4
nmmt_route_live_9670_20260918,9670,9670,up,4490,16,639,567787709,1,19.068886666666668,73.07805166666667,18-09-2026 17:09:00,0,16:23,16:23,16:26,16:27,16:05,16:05,,1,0,0,2026-09-18T11:39:35.061545+00:00,operator_reported_vehicle_indication,72942b6b3913d41aa66632262a0d7c34460e1be98c9766f38a29693870bc8bc4
nmmt_route_live_9670_20260918,9670,9670,up,4490,16,635,567787701,1,19.072881666666667,73.08216833333333,18-09-2026 17:08:26,0,17:06,17:06,17:04,17:04,16:48,16:48,,1,0,0,2026-09-18T11:39:35.061545+00:00,operator_reported_vehicle_indication,72942b6b3913d41aa66632262a0d7c34460e1be98c9766f38a29693870bc8bc4
nmmt_route_live_9670_20260918,9670,9670,up,4562,17,639,567787709,1,19.068886666666668,73.07805166666667,18-09-2026 17:09:00,0,16:24,16:24,16:27,16:28,16:05,16:05,,1,0,0,2026-09-18T11:39:35.061545+00:00,operator_reported_vehicle_indication,72942b6b3913d41aa66632262a0d7c34460e1be98c9766f38a29693870bc8bc4
nmmt_route_live_9670_20260918,9670,9670,up,4562,17,635,567787701,1,19.072881666666667,73.08216833333333,18-09-2026 17:08:26,0,17:07,17:07,17:04,17:05,16:48,16:48,,1,0,0,2026-09-18T11:39:35.061545+00:00,operator_reported_vehicle_indication,72942b6b3913d41aa66632262a0d7c34460e1be98c9766f38a29693870bc8bc4
nmmt_route_live_9670_20260918,9670,9670,up,3346,18,639,567787709,1,19.068886666666668,73.07805166666667,18-09-2026 17:09:00,0,16:25,16:25,,,16:05,16:05,,1,0,0,2026-09-18T11:39:35.061545+00:00,operator_reported_vehicle_indication,72942b6b3913d41aa66632262a0d7c34460e1be98c9766f38a29693870bc8bc4
nmmt_route_live_9670_20260918,9670,9670,up,3346,18,635,567787701,1,19.072881666666667,73.08216833333333,18-09-2026 17:08:26,0,17:08,17:08,17:05,17:06,16:48,16:48,,1,0,0,2026-09-18T11:39:35.061545+00:00,operator_reported_vehicle_indication,72942b6b3913d41aa66632262a0d7c34460e1be98c9766f38a29693870bc8bc4
nmmt_route_live_9670_20260918,9670,9670,up,3348,19,639,567787709,1,19.068886666666668,73.07805166666667,18-09-2026 17:09:00,0,16:26,16:26,17:08,16:29,16:05,16:05,,1,0,0,2026-09-18T11:39:35.061545+00:00,operator_reported_vehicle_indication,72942b6b3913d41aa66632262a0d7c34460e1be98c9766f38a29693870bc8bc4
nmmt_route_live_9670_20260918,9670,9670,up,3348,19,635,567787701,1,19.072881666666667,73.08216833333333,18-09-2026 17:08:26,0,17:09,17:09,,,16:48,16:48,,1,0,0,2026-09-18T11:39:35.061545+00:00,operator_reported_vehicle_indication,72942b6b3913d41aa66632262a0d7c34460e1be98c9766f38a29693870bc8bc4
nmmt_route_live_9670_20260918,9670,9670,up,3811,20,639,567787709,1,19.068886666666668,73.07805166666667,18-09-2026 17:09:00,0,16:27,16:27,17:07,16:31,16:05,16:05,,1,0,0,2026-09-18T11:39:35.061545+00:00,operator_reported_vehicle_indication,72942b6b3913d41aa66632262a0d7c34460e1be98c9766f38a29693870bc8bc4
nmmt_route_live_9670_20260918,9670,9670,up,3811,20,635,567787701,1,19.072881666666667,73.08216833333333,18-09-2026 17:08:26,0,17:10,17:10,17:07,17:08,16:48,16:48,,1,0,0,2026-09-18T11:39:35.061545+00:00,operator_reported_vehicle_indication,72942b6b3913d41aa66632262a0d7c34460e1be98c9766f38a29693870bc8bc4
nmmt_route_live_9670_20260918,9670,9670,up,3676,21,639,567787709,1,19.068886666666668,73.07805166666667,18-09-2026 17:09:00,0,16:30,16:30,,,16:05,16:05,,1,0,0,2026-09-18T11:39:35.061545+00:00,operator_reported_vehicle_indication,72942b6b3913d41aa66632262a0d7c34460e1be98c9766f38a29693870bc8bc4
nmmt_route_live_9670_20260918,9670,9670,up,3676,21,635,567787701,1,19.072881666666667,73.08216833333333,18-09-2026 17:08:26,0,17:13,17:13,,,16:48,16:48,17:09,0,0,0,2026-09-18T11:39:35.061545+00:00,operator_reported_vehicle_indication,72942b6b3913d41aa66632262a0d7c34460e1be98c9766f38a29693870bc8bc4
nmmt_route_live_9670_20260918,9670,9670,up,3349,22,639,567787709,1,19.068886666666668,73.07805166666667,18-09-2026 17:09:00,0,16:31,16:31,16:32,16:33,16:05,16:05,,1,0,0,2026-09-18T11:39:35.061545+00:00,operator_reported_vehicle_indication,72942b6b3913d41aa66632262a0d7c34460e1be98c9766f38a29693870bc8bc4
nmmt_route_live_9670_20260918,9670,9670,up,3349,22,635,567787701,1,19.072881666666667,73.08216833333333,18-09-2026 17:08:26,0,17:14,17:14,,,16:48,16:48,17:09,0,0,0,2026-09-18T11:39:35.061545+00:00,operator_reported_vehicle_indication,72942b6b3913d41aa66632262a0d7c34460e1be98c9766f38a29693870bc8bc4
nmmt_route_live_9670_20260918,9670,9670,up,3435,23,639,567787709,1,19.068886666666668,73.07805166666667,18-09-2026 17:09:00,0,16:32,16:32,,,16:05,16:05,,1,0,0,2026-09-18T11:39:35.061545+00:00,operator_reported_vehicle_indication,72942b6b3913d41aa66632262a0d7c34460e1be98c9766f38a29693870bc8bc4
nmmt_route_live_9670_20260918,9670,9670,up,3435,23,635,567787701,1,19.072881666666667,73.08216833333333,18-09-2026 17:08:26,0,17:15,17:15,,,16:48,16:48,17:10,0,0,0,2026-09-18T11:39:35.061545+00:00,operator_reported_vehicle_indication,72942b6b3913d41aa66632262a0d7c34460e1be98c9766f38a29693870bc8bc4
nmmt_route_live_9670_20260918,9670,9670,up,3430,24,639,567787709,1,19.068886666666668,73.07805166666667,18-09-2026 17:09:00,0,16:33,16:33,16:39,16:39,16:05,16:05,,1,0,0,2026-09-18T11:39:35.061545+00:00,operator_reported_vehicle_indication,72942b6b3913d41aa66632262a0d7c34460e1be98c9766f38a29693870bc8bc4
nmmt_route_live_9670_20260918,9670,9670,up,3430,24,635,567787701,1,19.072881666666667,73.08216833333333,18-09-2026 17:08:26,0,17:16,17:16,,,16:48,16:48,17:12,0,0,0,2026-09-18T11:39:35.061545+00:00,operator_reported_vehicle_indication,72942b6b3913d41aa66632262a0d7c34460e1be98c9766f38a29693870bc8bc4
nmmt_route_live_9670_20260918,9670,9670,up,3981,25,639,567787709,1,19.068886666666668,73.07805166666667,18-09-2026 17:09:00,0,16:34,16:34,16:42,16:50,16:05,16:05,,1,0,0,2026-09-18T11:39:35.061545+00:00,operator_reported_vehicle_indication,72942b6b3913d41aa66632262a0d7c34460e1be98c9766f38a29693870bc8bc4
nmmt_route_live_9670_20260918,9670,9670,up,3981,25,635,567787701,1,19.072881666666667,73.08216833333333,18-09-2026 17:08:26,0,17:17,17:17,,,16:48,16:48,17:15,0,0,0,2026-09-18T11:39:35.061545+00:00,operator_reported_vehicle_indication,72942b6b3913d41aa66632262a0d7c34460e1be98c9766f38a29693870bc8bc4
nmmt_route_live_9670_20260918,9670,9670,up,4817,26,639,567787709,1,19.068886666666668,73.07805166666667,18-09-2026 17:09:00,0,16:35,16:35,,,16:05,16:05,,1,0,0,2026-09-18T11:39:35.061545+00:00,operator_reported_vehicle_indication,72942b6b3913d41aa66632262a0d7c34460e1be98c9766f38a29693870bc8bc4
nmmt_route_live_9670_20260918,9670,9670,up,4817,26,635,567787701,1,19.072881666666667,73.08216833333333,18-09-2026 17:08:26,0,17:18,17:18,,,16:48,16:48,17:16,0,0,0,2026-09-18T11:39:35.061545+00:00,operator_reported_vehicle_indication,72942b6b3913d41aa66632262a0d7c34460e1be98c9766f38a29693870bc8bc4
nmmt_route_live_9670_20260918,9670,9670,up,5103,27,639,567787709,1,19.068886666666668,73.07805166666667,18-09-2026 17:09:00,0,16:37,16:37,,,16:05,16:05,,1,0,0,2026-09-18T11:39:35.061545+00:00,operator_reported_vehicle_indication,72942b6b3913d41aa66632262a0d7c34460e1be98c9766f38a29693870bc8bc4
nmmt_route_live_9670_20260918,9670,9670,up,5103,27,635,567787701,1,19.072881666666667,73.08216833333333,18-09-2026 17:08:26,0,17:20,17:20,,,16:48,16:48,17:17,0,0,0,2026-09-18T11:39:35.061545+00:00,operator_reported_vehicle_indication,72942b6b3913d41aa66632262a0d7c34460e1be98c9766f38a29693870bc8bc4
nmmt_route_live_9670_20260918,9670,9670,up,5235,28,639,567787709,1,19.068886666666668,73.07805166666667,18-09-2026 17:09:00,0,16:38,16:38,,,16:05,16:05,,1,0,0,2026-09-18T11:39:35.061545+00:00,operator_reported_vehicle_indication,72942b6b3913d41aa66632262a0d7c34460e1be98c9766f38a29693870bc8bc4
nmmt_route_live_9670_20260918,9670,9670,up,5235,28,635,567787701,1,19.072881666666667,73.08216833333333,18-09-2026 17:08:26,0,17:21,17:21,,,16:48,16:48,17:20,0,0,0,2026-09-18T11:39:35.061545+00:00,operator_reported_vehicle_indication,72942b6b3913d41aa66632262a0d7c34460e1be98c9766f38a29693870bc8bc4
nmmt_route_live_9670_20260918,9670,9670,up,5233,29,639,567787709,1,19.068886666666668,73.07805166666667,18-09-2026 17:09:00,0,16:39,16:39,,,16:05,16:05,,1,0,0,2026-09-18T11:39:35.061545+00:00,operator_reported_vehicle_indication,72942b6b3913d41aa66632262a0d7c34460e1be98c9766f38a29693870bc8bc4
nmmt_route_live_9670_20260918,9670,9670,up,5233,29,635,567787701,1,19.072881666666667,73.08216833333333,18-09-2026 17:08:26,0,17:22,17:22,,,16:48,16:48,17:22,0,0,0,2026-09-18T11:39:35.061545+00:00,operator_reported_vehicle_indication,72942b6b3913d41aa66632262a0d7c34460e1be98c9766f38a29693870bc8bc4
nmmt_route_live_9670_20260918,9670,9670,up,5237,30,639,567787709,1,19.068886666666668,73.07805166666667,18-09-2026 17:09:00,0,16:40,16:40,16:52,16:56,16:05,16:05,,1,0,0,2026-09-18T11:39:35.061545+00:00,operator_reported_vehicle_indication,72942b6b3913d41aa66632262a0d7c34460e1be98c9766f38a29693870bc8bc4
nmmt_route_live_9670_20260918,9670,9670,up,5237,30,635,567787701,1,19.072881666666667,73.08216833333333,18-09-2026 17:08:26,0,17:23,17:23,,,16:48,16:48,17:23,0,0,0,2026-09-18T11:39:35.061545+00:00,operator_reported_vehicle_indication,72942b6b3913d41aa66632262a0d7c34460e1be98c9766f38a29693870bc8bc4
nmmt_route_live_9670_20260918,9670,9670,up,5232,31,639,567787709,1,19.068886666666668,73.07805166666667,18-09-2026 17:09:00,0,16:41,16:41,16:51,16:51,16:05,16:05,,1,0,0,2026-09-18T11:39:35.061545+00:00,operator_reported_vehicle_indication,72942b6b3913d41aa66632262a0d7c34460e1be98c9766f38a29693870bc8bc4
nmmt_route_live_9670_20260918,9670,9670,up,5232,31,635,567787701,1,19.072881666666667,73.08216833333333,18-09-2026 17:08:26,0,17:24,17:24,,,16:48,16:48,17:24,0,0,0,2026-09-18T11:39:35.061545+00:00,operator_reported_vehicle_indication,72942b6b3913d41aa66632262a0d7c34460e1be98c9766f38a29693870bc8bc4
nmmt_route_live_9670_20260918,9670,9670,up,5231,32,639,567787709,1,19.068886666666668,73.07805166666667,18-09-2026 17:09:00,0,16:42,16:42,16:50,16:51,16:05,16:05,,0,0,0,2026-09-18T11:39:35.061545+00:00,operator_reported_vehicle_indication,72942b6b3913d41aa66632262a0d7c34460e1be98c9766f38a29693870bc8bc4
nmmt_route_live_9670_20260918,9670,9670,up,5231,32,635,567787701,1,19.072881666666667,73.08216833333333,18-09-2026 17:08:26,0,17:25,17:25,,,16:48,16:48,17:25,0,0,0,2026-09-18T11:39:35.061545+00:00,operator_reported_vehicle_indication,72942b6b3913d41aa66632262a0d7c34460e1be98c9766f38a29693870bc8bc4
nmmt_route_live_9670_20260918,9670,9670,up,5230,33,639,567787709,1,19.068886666666668,73.07805166666667,18-09-2026 17:09:00,0,16:45,16:45,,,16:05,16:05,,0,0,0,2026-09-18T11:39:35.061545+00:00,operator_reported_vehicle_indication,72942b6b3913d41aa66632262a0d7c34460e1be98c9766f38a29693870bc8bc4
nmmt_route_live_9670_20260918,9670,9670,up,5230,33,635,567787701,1,19.072881666666667,73.08216833333333,18-09-2026 17:08:26,0,17:28,17:28,,,16:48,16:48,17:26,0,0,0,2026-09-18T11:39:35.061545+00:00,operator_reported_vehicle_indication,72942b6b3913d41aa66632262a0d7c34460e1be98c9766f38a29693870bc8bc4
nmmt_route_live_9671_20260918,9671,9671,down,5230,1,603,567787720,1,19.072813333333333,73.09607666666668,18-09-2026 17:08:20,0,17:03,17:03,16:55,16:55,17:03,17:03,,1,0,0,2026-09-18T11:39:35.626607+00:00,operator_reported_vehicle_indication,1428a50af21504d75981ce0dcff7d22bebedc24443a65bc0e676dc41f9ae866a
nmmt_route_live_9671_20260918,9671,9671,down,5231,2,603,567787720,1,19.072813333333333,73.09607666666668,18-09-2026 17:08:20,0,17:04,17:04,,,17:03,17:03,,1,0,0,2026-09-18T11:39:35.626607+00:00,operator_reported_vehicle_indication,1428a50af21504d75981ce0dcff7d22bebedc24443a65bc0e676dc41f9ae866a
nmmt_route_live_9671_20260918,9671,9671,down,5232,3,603,567787720,1,19.072813333333333,73.09607666666668,18-09-2026 17:08:20,0,17:05,17:05,17:01,17:03,17:03,17:03,,1,0,0,2026-09-18T11:39:35.626607+00:00,operator_reported_vehicle_indication,1428a50af21504d75981ce0dcff7d22bebedc24443a65bc0e676dc41f9ae866a
nmmt_route_live_9671_20260918,9671,9671,down,5237,4,603,567787720,1,19.072813333333333,73.09607666666668,18-09-2026 17:08:20,0,17:06,17:06,,,17:03,17:03,,1,0,0,2026-09-18T11:39:35.626607+00:00,operator_reported_vehicle_indication,1428a50af21504d75981ce0dcff7d22bebedc24443a65bc0e676dc41f9ae866a
nmmt_route_live_9671_20260918,9671,9671,down,5233,5,603,567787720,1,19.072813333333333,73.09607666666668,18-09-2026 17:08:20,0,17:07,17:07,17:03,17:04,17:03,17:03,,1,0,0,2026-09-18T11:39:35.626607+00:00,operator_reported_vehicle_indication,1428a50af21504d75981ce0dcff7d22bebedc24443a65bc0e676dc41f9ae866a
nmmt_route_live_9671_20260918,9671,9671,down,5234,6,603,567787720,1,19.072813333333333,73.09607666666668,18-09-2026 17:08:20,0,17:08,17:08,,,17:03,17:03,,1,0,0,2026-09-18T11:39:35.626607+00:00,operator_reported_vehicle_indication,1428a50af21504d75981ce0dcff7d22bebedc24443a65bc0e676dc41f9ae866a
nmmt_route_live_9671_20260918,9671,9671,down,5235,7,603,567787720,1,19.072813333333333,73.09607666666668,18-09-2026 17:08:20,0,17:09,17:09,17:04,17:05,17:03,17:03,,1,0,0,2026-09-18T11:39:35.626607+00:00,operator_reported_vehicle_indication,1428a50af21504d75981ce0dcff7d22bebedc24443a65bc0e676dc41f9ae866a
nmmt_route_live_9671_20260918,9671,9671,down,5103,8,603,567787720,1,19.072813333333333,73.09607666666668,18-09-2026 17:08:20,0,17:11,17:11,17:05,17:06,17:03,17:03,,1,0,0,2026-09-18T11:39:35.626607+00:00,operator_reported_vehicle_indication,1428a50af21504d75981ce0dcff7d22bebedc24443a65bc0e676dc41f9ae866a
nmmt_route_live_9671_20260918,9671,9671,down,4817,9,603,567787720,1,19.072813333333333,73.09607666666668,18-09-2026 17:08:20,0,17:12,17:12,17:07,17:08,17:03,17:03,,1,0,0,2026-09-18T11:39:35.626607+00:00,operator_reported_vehicle_indication,1428a50af21504d75981ce0dcff7d22bebedc24443a65bc0e676dc41f9ae866a
nmmt_route_live_9671_20260918,9671,9671,down,3981,10,603,567787720,1,19.072813333333333,73.09607666666668,18-09-2026 17:08:20,0,17:13,17:13,17:08,17:08,17:03,17:03,17:12,1,0,0,2026-09-18T11:39:35.626607+00:00,operator_reported_vehicle_indication,1428a50af21504d75981ce0dcff7d22bebedc24443a65bc0e676dc41f9ae866a
nmmt_route_live_9671_20260918,9671,9671,down,3906,11,603,567787720,1,19.072813333333333,73.09607666666668,18-09-2026 17:08:20,0,17:14,17:14,,,17:03,17:03,17:10,0,0,0,2026-09-18T11:39:35.626607+00:00,operator_reported_vehicle_indication,1428a50af21504d75981ce0dcff7d22bebedc24443a65bc0e676dc41f9ae866a
nmmt_route_live_9671_20260918,9671,9671,down,3430,12,603,567787720,1,19.072813333333333,73.09607666666668,18-09-2026 17:08:20,0,17:15,17:15,,,17:03,17:03,17:11,0,0,0,2026-09-18T11:39:35.626607+00:00,operator_reported_vehicle_indication,1428a50af21504d75981ce0dcff7d22bebedc24443a65bc0e676dc41f9ae866a
nmmt_route_live_9671_20260918,9671,9671,down,3435,13,603,567787720,1,19.072813333333333,73.09607666666668,18-09-2026 17:08:20,0,17:16,17:16,,,17:03,17:03,17:14,0,0,0,2026-09-18T11:39:35.626607+00:00,operator_reported_vehicle_indication,1428a50af21504d75981ce0dcff7d22bebedc24443a65bc0e676dc41f9ae866a
nmmt_route_live_9671_20260918,9671,9671,down,4597,14,603,567787720,1,19.072813333333333,73.09607666666668,18-09-2026 17:08:20,0,17:17,17:17,,,17:03,17:03,17:16,0,0,0,2026-09-18T11:39:35.626607+00:00,operator_reported_vehicle_indication,1428a50af21504d75981ce0dcff7d22bebedc24443a65bc0e676dc41f9ae866a
nmmt_route_live_9671_20260918,9671,9671,down,4657,15,603,567787720,1,19.072813333333333,73.09607666666668,18-09-2026 17:08:20,0,17:19,17:19,,,17:03,17:03,17:18,0,0,0,2026-09-18T11:39:35.626607+00:00,operator_reported_vehicle_indication,1428a50af21504d75981ce0dcff7d22bebedc24443a65bc0e676dc41f9ae866a
nmmt_route_live_9671_20260918,9671,9671,down,3811,16,603,567787720,1,19.072813333333333,73.09607666666668,18-09-2026 17:08:20,0,17:20,17:20,,,17:03,17:03,17:19,0,0,0,2026-09-18T11:39:35.626607+00:00,operator_reported_vehicle_indication,1428a50af21504d75981ce0dcff7d22bebedc24443a65bc0e676dc41f9ae866a
nmmt_route_live_9671_20260918,9671,9671,down,4596,17,603,567787720,1,19.072813333333333,73.09607666666668,18-09-2026 17:08:20,0,17:21,17:21,,,17:03,17:03,17:21,0,0,0,2026-09-18T11:39:35.626607+00:00,operator_reported_vehicle_indication,1428a50af21504d75981ce0dcff7d22bebedc24443a65bc0e676dc41f9ae866a
nmmt_route_live_9671_20260918,9671,9671,down,4594,18,603,567787720,1,19.072813333333333,73.09607666666668,18-09-2026 17:08:20,0,17:22,17:22,,,17:03,17:03,17:23,0,0,0,2026-09-18T11:39:35.626607+00:00,operator_reported_vehicle_indication,1428a50af21504d75981ce0dcff7d22bebedc24443a65bc0e676dc41f9ae866a
nmmt_route_live_9671_20260918,9671,9671,down,2644,19,603,567787720,1,19.072813333333333,73.09607666666668,18-09-2026 17:08:20,0,17:23,17:23,,,17:03,17:03,17:24,0,0,0,2026-09-18T11:39:35.626607+00:00,operator_reported_vehicle_indication,1428a50af21504d75981ce0dcff7d22bebedc24443a65bc0e676dc41f9ae866a
nmmt_route_live_9671_20260918,9671,9671,down,3936,20,603,567787720,1,19.072813333333333,73.09607666666668,18-09-2026 17:08:20,0,17:24,17:24,,,17:03,17:03,17:25,0,0,0,2026-09-18T11:39:35.626607+00:00,operator_reported_vehicle_indication,1428a50af21504d75981ce0dcff7d22bebedc24443a65bc0e676dc41f9ae866a
nmmt_route_live_9671_20260918,9671,9671,down,3344,21,603,567787720,1,19.072813333333333,73.09607666666668,18-09-2026 17:08:20,0,17:25,17:25,,,17:03,17:03,17:27,0,0,0,2026-09-18T11:39:35.626607+00:00,operator_reported_vehicle_indication,1428a50af21504d75981ce0dcff7d22bebedc24443a65bc0e676dc41f9ae866a
nmmt_route_live_9671_20260918,9671,9671,down,2646,22,603,567787720,1,19.072813333333333,73.09607666666668,18-09-2026 17:08:20,0,17:27,17:27,,,17:03,17:03,17:28,0,0,0,2026-09-18T11:39:35.626607+00:00,operator_reported_vehicle_indication,1428a50af21504d75981ce0dcff7d22bebedc24443a65bc0e676dc41f9ae866a
nmmt_route_live_9671_20260918,9671,9671,down,2648,23,603,567787720,1,19.072813333333333,73.09607666666668,18-09-2026 17:08:20,0,17:28,17:28,,,17:03,17:03,17:30,0,0,0,2026-09-18T11:39:35.626607+00:00,operator_reported_vehicle_indication,1428a50af21504d75981ce0dcff7d22bebedc24443a65bc0e676dc41f9ae866a
nmmt_route_live_9671_20260918,9671,9671,down,4020,24,603,567787720,1,19.072813333333333,73.09607666666668,18-09-2026 17:08:20,0,17:29,17:29,,,17:03,17:03,17:31,0,0,0,2026-09-18T11:39:35.626607+00:00,operator_reported_vehicle_indication,1428a50af21504d75981ce0dcff7d22bebedc24443a65bc0e676dc41f9ae866a
nmmt_route_live_9671_20260918,9671,9671,down,4445,25,603,567787720,1,19.072813333333333,73.09607666666668,18-09-2026 17:08:20,0,17:30,17:30,,,17:03,17:03,17:33,0,0,0,2026-09-18T11:39:35.626607+00:00,operator_reported_vehicle_indication,1428a50af21504d75981ce0dcff7d22bebedc24443a65bc0e676dc41f9ae866a
nmmt_route_live_9671_20260918,9671,9671,down,4442,26,603,567787720,1,19.072813333333333,73.09607666666668,18-09-2026 17:08:20,0,17:31,17:31,,,17:03,17:03,17:33,0,0,0,2026-09-18T11:39:35.626607+00:00,operator_reported_vehicle_indication,1428a50af21504d75981ce0dcff7d22bebedc24443a65bc0e676dc41f9ae866a
nmmt_route_live_9671_20260918,9671,9671,down,2657,27,603,567787720,1,19.072813333333333,73.09607666666668,18-09-2026 17:08:20,0,17:32,17:32,,,17:03,17:03,17:34,0,0,0,2026-09-18T11:39:35.626607+00:00,operator_reported_vehicle_indication,1428a50af21504d75981ce0dcff7d22bebedc24443a65bc0e676dc41f9ae866a
nmmt_route_live_9671_20260918,9671,9671,down,3660,28,603,567787720,1,19.072813333333333,73.09607666666668,18-09-2026 17:08:20,0,17:33,17:33,,,17:03,17:03,17:36,0,0,0,2026-09-18T11:39:35.626607+00:00,operator_reported_vehicle_indication,1428a50af21504d75981ce0dcff7d22bebedc24443a65bc0e676dc41f9ae866a
nmmt_route_live_9671_20260918,9671,9671,down,3662,29,603,567787720,1,19.072813333333333,73.09607666666668,18-09-2026 17:08:20,0,17:35,17:35,,,17:03,17:03,17:36,0,0,0,2026-09-18T11:39:35.626607+00:00,operator_reported_vehicle_indication,1428a50af21504d75981ce0dcff7d22bebedc24443a65bc0e676dc41f9ae866a
nmmt_route_live_9671_20260918,9671,9671,down,4021,30,603,567787720,1,19.072813333333333,73.09607666666668,18-09-2026 17:08:20,0,17:37,17:37,,,17:03,17:03,17:38,0,0,0,2026-09-18T11:39:35.626607+00:00,operator_reported_vehicle_indication,1428a50af21504d75981ce0dcff7d22bebedc24443a65bc0e676dc41f9ae866a
nmmt_route_live_9671_20260918,9671,9671,down,2661,31,603,567787720,1,19.072813333333333,73.09607666666668,18-09-2026 17:08:20,0,17:38,17:38,,,17:03,17:03,17:39,0,0,0,2026-09-18T11:39:35.626607+00:00,operator_reported_vehicle_indication,1428a50af21504d75981ce0dcff7d22bebedc24443a65bc0e676dc41f9ae866a
nmmt_route_live_9671_20260918,9671,9671,down,3446,32,603,567787720,1,19.072813333333333,73.09607666666668,18-09-2026 17:08:20,0,17:39,17:39,,,17:03,17:03,17:40,0,0,0,2026-09-18T11:39:35.626607+00:00,operator_reported_vehicle_indication,1428a50af21504d75981ce0dcff7d22bebedc24443a65bc0e676dc41f9ae866a
nmmt_route_live_9671_20260918,9671,9671,down,3445,33,603,567787720,1,19.072813333333333,73.09607666666668,18-09-2026 17:08:20,0,17:40,17:40,,,17:03,17:03,17:42,0,0,0,2026-09-18T11:39:35.626607+00:00,operator_reported_vehicle_indication,1428a50af21504d75981ce0dcff7d22bebedc24443a65bc0e676dc41f9ae866a
nmmt_route_live_9671_20260918,9671,9671,down,3447,34,603,567787720,1,19.072813333333333,73.09607666666668,18-09-2026 17:08:20,0,17:41,17:41,,,17:03,17:03,17:43,0,0,0,2026-09-18T11:39:35.626607+00:00,operator_reported_vehicle_indication,1428a50af21504d75981ce0dcff7d22bebedc24443a65bc0e676dc41f9ae866a
nmmt_route_live_9671_20260918,9671,9671,down,3448,35,603,567787720,1,19.072813333333333,73.09607666666668,18-09-2026 17:08:20,0,17:43,17:43,,,17:03,17:03,17:44,0,0,0,2026-09-18T11:39:35.626607+00:00,operator_reported_vehicle_indication,1428a50af21504d75981ce0dcff7d22bebedc24443a65bc0e676dc41f9ae866a
nmmt_route_live_9695_20260918,9695,9695,up,3448,1,574,567803060,1,19.06764666666667,73.096005,18-09-2026 17:06:35,0,16:32,16:32,16:31,16:31,16:32,16:32,,1,0,0,2026-09-18T11:39:44.675956+00:00,operator_reported_vehicle_indication,9c66258d8b4ec489ea01c7e5727bb0aa9dc7464f304d231396893210be8f51d2
nmmt_route_live_9695_20260918,9695,9695,up,3447,2,574,567803060,1,19.06764666666667,73.096005,18-09-2026 17:06:35,0,16:34,16:34,,,16:32,16:32,,1,0,0,2026-09-18T11:39:44.675956+00:00,operator_reported_vehicle_indication,9c66258d8b4ec489ea01c7e5727bb0aa9dc7464f304d231396893210be8f51d2
nmmt_route_live_9695_20260918,9695,9695,up,3446,3,574,567803060,1,19.06764666666667,73.096005,18-09-2026 17:06:35,0,16:35,16:35,16:33,16:33,16:32,16:32,,1,0,0,2026-09-18T11:39:44.675956+00:00,operator_reported_vehicle_indication,9c66258d8b4ec489ea01c7e5727bb0aa9dc7464f304d231396893210be8f51d2
nmmt_route_live_9695_20260918,9695,9695,up,3445,4,574,567803060,1,19.06764666666667,73.096005,18-09-2026 17:06:35,0,16:36,16:36,16:33,16:34,16:32,16:32,,1,0,0,2026-09-18T11:39:44.675956+00:00,operator_reported_vehicle_indication,9c66258d8b4ec489ea01c7e5727bb0aa9dc7464f304d231396893210be8f51d2
nmmt_route_live_9695_20260918,9695,9695,up,2743,5,574,567803060,1,19.06764666666667,73.096005,18-09-2026 17:06:35,0,16:37,16:37,,,16:32,16:32,,1,0,0,2026-09-18T11:39:44.675956+00:00,operator_reported_vehicle_indication,9c66258d8b4ec489ea01c7e5727bb0aa9dc7464f304d231396893210be8f51d2
nmmt_route_live_9695_20260918,9695,9695,up,3332,6,574,567803060,1,19.06764666666667,73.096005,18-09-2026 17:06:35,0,16:38,16:38,16:36,16:36,16:32,16:32,,1,0,0,2026-09-18T11:39:44.675956+00:00,operator_reported_vehicle_indication,9c66258d8b4ec489ea01c7e5727bb0aa9dc7464f304d231396893210be8f51d2
nmmt_route_live_9695_20260918,9695,9695,up,3333,7,574,567803060,1,19.06764666666667,73.096005,18-09-2026 17:06:35,0,16:39,16:39,,,16:32,16:32,,1,0,0,2026-09-18T11:39:44.675956+00:00,operator_reported_vehicle_indication,9c66258d8b4ec489ea01c7e5727bb0aa9dc7464f304d231396893210be8f51d2
nmmt_route_live_9695_20260918,9695,9695,up,4396,8,574,567803060,1,19.06764666666667,73.096005,18-09-2026 17:06:35,0,16:40,16:40,16:39,16:40,16:32,16:32,,1,0,0,2026-09-18T11:39:44.675956+00:00,operator_reported_vehicle_indication,9c66258d8b4ec489ea01c7e5727bb0aa9dc7464f304d231396893210be8f51d2
nmmt_route_live_9695_20260918,9695,9695,up,3769,9,574,567803060,1,19.06764666666667,73.096005,18-09-2026 17:06:35,0,16:41,16:41,16:40,16:41,16:32,16:32,,1,0,0,2026-09-18T11:39:44.675956+00:00,operator_reported_vehicle_indication,9c66258d8b4ec489ea01c7e5727bb0aa9dc7464f304d231396893210be8f51d2
nmmt_route_live_9695_20260918,9695,9695,up,3336,10,574,567803060,1,19.06764666666667,73.096005,18-09-2026 17:06:35,0,16:42,16:42,16:41,16:43,16:32,16:32,,1,0,0,2026-09-18T11:39:44.675956+00:00,operator_reported_vehicle_indication,9c66258d8b4ec489ea01c7e5727bb0aa9dc7464f304d231396893210be8f51d2
nmmt_route_live_9695_20260918,9695,9695,up,5238,11,574,567803060,1,19.06764666666667,73.096005,18-09-2026 17:06:35,0,16:42,16:42,,,16:32,16:32,,1,0,0,2026-09-18T11:39:44.675956+00:00,operator_reported_vehicle_indication,9c66258d8b4ec489ea01c7e5727bb0aa9dc7464f304d231396893210be8f51d2
nmmt_route_live_9695_20260918,9695,9695,up,5239,12,574,567803060,1,19.06764666666667,73.096005,18-09-2026 17:06:35,0,16:43,16:43,16:44,16:44,16:32,16:32,,1,0,0,2026-09-18T11:39:44.675956+00:00,operator_reported_vehicle_indication,9c66258d8b4ec489ea01c7e5727bb0aa9dc7464f304d231396893210be8f51d2
nmmt_route_live_9695_20260918,9695,9695,up,4809,13,574,567803060,1,19.06764666666667,73.096005,18-09-2026 17:06:35,0,16:44,16:44,,,16:32,16:32,,1,0,0,2026-09-18T11:39:44.675956+00:00,operator_reported_vehicle_indication,9c66258d8b4ec489ea01c7e5727bb0aa9dc7464f304d231396893210be8f51d2
nmmt_route_live_9695_20260918,9695,9695,up,3479,14,574,567803060,1,19.06764666666667,73.096005,18-09-2026 17:06:35,0,16:45,16:45,,,16:32,16:32,,1,0,0,2026-09-18T11:39:44.675956+00:00,operator_reported_vehicle_indication,9c66258d8b4ec489ea01c7e5727bb0aa9dc7464f304d231396893210be8f51d2
nmmt_route_live_9695_20260918,9695,9695,up,3480,15,574,567803060,1,19.06764666666667,73.096005,18-09-2026 17:06:35,0,16:46,16:46,,,16:32,16:32,,1,0,0,2026-09-18T11:39:44.675956+00:00,operator_reported_vehicle_indication,9c66258d8b4ec489ea01c7e5727bb0aa9dc7464f304d231396893210be8f51d2
nmmt_route_live_9695_20260918,9695,9695,up,3481,16,574,567803060,1,19.06764666666667,73.096005,18-09-2026 17:06:35,0,16:47,16:47,,,16:32,16:32,,1,0,0,2026-09-18T11:39:44.675956+00:00,operator_reported_vehicle_indication,9c66258d8b4ec489ea01c7e5727bb0aa9dc7464f304d231396893210be8f51d2
nmmt_route_live_9695_20260918,9695,9695,up,3483,17,574,567803060,1,19.06764666666667,73.096005,18-09-2026 17:06:35,0,16:48,16:48,,,16:32,16:32,,1,0,0,2026-09-18T11:39:44.675956+00:00,operator_reported_vehicle_indication,9c66258d8b4ec489ea01c7e5727bb0aa9dc7464f304d231396893210be8f51d2
nmmt_route_live_9695_20260918,9695,9695,up,3484,18,574,567803060,1,19.06764666666667,73.096005,18-09-2026 17:06:35,0,16:49,16:49,,,16:32,16:32,,1,0,0,2026-09-18T11:39:44.675956+00:00,operator_reported_vehicle_indication,9c66258d8b4ec489ea01c7e5727bb0aa9dc7464f304d231396893210be8f51d2
nmmt_route_live_9695_20260918,9695,9695,up,5240,19,574,567803060,1,19.06764666666667,73.096005,18-09-2026 17:06:35,0,16:50,16:50,16:48,16:49,16:32,16:32,,1,0,0,2026-09-18T11:39:44.675956+00:00,operator_reported_vehicle_indication,9c66258d8b4ec489ea01c7e5727bb0aa9dc7464f304d231396893210be8f51d2
nmmt_route_live_9695_20260918,9695,9695,up,5028,20,574,567803060,1,19.06764666666667,73.096005,18-09-2026 17:06:35,0,16:51,16:51,,,16:32,16:32,,1,0,0,2026-09-18T11:39:44.675956+00:00,operator_reported_vehicle_indication,9c66258d8b4ec489ea01c7e5727bb0aa9dc7464f304d231396893210be8f51d2
nmmt_route_live_9695_20260918,9695,9695,up,3666,21,574,567803060,1,19.06764666666667,73.096005,18-09-2026 17:06:35,0,16:53,16:53,,,16:32,16:32,,1,0,0,2026-09-18T11:39:44.675956+00:00,operator_reported_vehicle_indication,9c66258d8b4ec489ea01c7e5727bb0aa9dc7464f304d231396893210be8f51d2
nmmt_route_live_9695_20260918,9695,9695,up,3349,22,574,567803060,1,19.06764666666667,73.096005,18-09-2026 17:06:35,0,16:54,16:54,16:52,16:52,16:32,16:32,,1,0,0,2026-09-18T11:39:44.675956+00:00,operator_reported_vehicle_indication,9c66258d8b4ec489ea01c7e5727bb0aa9dc7464f304d231396893210be8f51d2
nmmt_route_live_9695_20260918,9695,9695,up,3436,23,574,567803060,1,19.06764666666667,73.096005,18-09-2026 17:06:35,0,16:55,16:55,16:53,16:53,16:32,16:32,,1,0,0,2026-09-18T11:39:44.675956+00:00,operator_reported_vehicle_indication,9c66258d8b4ec489ea01c7e5727bb0aa9dc7464f304d231396893210be8f51d2
nmmt_route_live_9695_20260918,9695,9695,up,3435,24,574,567803060,1,19.06764666666667,73.096005,18-09-2026 17:06:35,0,16:56,16:56,,,16:32,16:32,,1,0,0,2026-09-18T11:39:44.675956+00:00,operator_reported_vehicle_indication,9c66258d8b4ec489ea01c7e5727bb0aa9dc7464f304d231396893210be8f51d2
nmmt_route_live_9695_20260918,9695,9695,up,3430,25,574,567803060,1,19.06764666666667,73.096005,18-09-2026 17:06:35,0,16:57,16:57,16:57,16:57,16:32,16:32,,1,0,0,2026-09-18T11:39:44.675956+00:00,operator_reported_vehicle_indication,9c66258d8b4ec489ea01c7e5727bb0aa9dc7464f304d231396893210be8f51d2
nmmt_route_live_9695_20260918,9695,9695,up,3431,26,574,567803060,1,19.06764666666667,73.096005,18-09-2026 17:06:35,0,16:58,16:58,,,16:32,16:32,,1,0,0,2026-09-18T11:39:44.675956+00:00,operator_reported_vehicle_indication,9c66258d8b4ec489ea01c7e5727bb0aa9dc7464f304d231396893210be8f51d2
nmmt_route_live_9695_20260918,9695,9695,up,3432,27,574,567803060,1,19.06764666666667,73.096005,18-09-2026 17:06:35,0,16:59,16:59,,,16:32,16:32,,1,0,0,2026-09-18T11:39:44.675956+00:00,operator_reported_vehicle_indication,9c66258d8b4ec489ea01c7e5727bb0aa9dc7464f304d231396893210be8f51d2
nmmt_route_live_9695_20260918,9695,9695,up,3433,28,574,567803060,1,19.06764666666667,73.096005,18-09-2026 17:06:35,0,17:00,17:00,,,16:32,16:32,,1,0,0,2026-09-18T11:39:44.675956+00:00,operator_reported_vehicle_indication,9c66258d8b4ec489ea01c7e5727bb0aa9dc7464f304d231396893210be8f51d2
nmmt_route_live_9695_20260918,9695,9695,up,3434,29,574,567803060,1,19.06764666666667,73.096005,18-09-2026 17:06:35,0,17:01,17:01,,,16:32,16:32,,1,0,0,2026-09-18T11:39:44.675956+00:00,operator_reported_vehicle_indication,9c66258d8b4ec489ea01c7e5727bb0aa9dc7464f304d231396893210be8f51d2
nmmt_route_live_9695_20260918,9695,9695,up,5104,30,574,567803060,1,19.06764666666667,73.096005,18-09-2026 17:06:35,0,17:02,17:02,17:01,17:02,16:32,16:32,,1,0,0,2026-09-18T11:39:44.675956+00:00,operator_reported_vehicle_indication,9c66258d8b4ec489ea01c7e5727bb0aa9dc7464f304d231396893210be8f51d2
nmmt_route_live_9695_20260918,9695,9695,up,5105,31,574,567803060,1,19.06764666666667,73.096005,18-09-2026 17:06:35,0,17:03,17:03,,,16:32,16:32,,1,0,0,2026-09-18T11:39:44.675956+00:00,operator_reported_vehicle_indication,9c66258d8b4ec489ea01c7e5727bb0aa9dc7464f304d231396893210be8f51d2
nmmt_route_live_9695_20260918,9695,9695,up,5241,32,574,567803060,1,19.06764666666667,73.096005,18-09-2026 17:06:35,0,17:04,17:04,17:03,17:03,16:32,16:32,,1,0,0,2026-09-18T11:39:44.675956+00:00,operator_reported_vehicle_indication,9c66258d8b4ec489ea01c7e5727bb0aa9dc7464f304d231396893210be8f51d2
nmmt_route_live_9695_20260918,9695,9695,up,3981,33,574,567803060,1,19.06764666666667,73.096005,18-09-2026 17:06:35,0,17:05,17:05,17:03,17:04,16:32,16:32,,1,0,0,2026-09-18T11:39:44.675956+00:00,operator_reported_vehicle_indication,9c66258d8b4ec489ea01c7e5727bb0aa9dc7464f304d231396893210be8f51d2
nmmt_route_live_9695_20260918,9695,9695,up,5246,34,574,567803060,1,19.06764666666667,73.096005,18-09-2026 17:06:35,0,17:06,17:06,,,16:32,16:32,,1,0,0,2026-09-18T11:39:44.675956+00:00,operator_reported_vehicle_indication,9c66258d8b4ec489ea01c7e5727bb0aa9dc7464f304d231396893210be8f51d2
nmmt_route_live_9695_20260918,9695,9695,up,5242,35,574,567803060,1,19.06764666666667,73.096005,18-09-2026 17:06:35,0,17:07,17:07,17:05,17:05,16:32,16:32,,1,0,0,2026-09-18T11:39:44.675956+00:00,operator_reported_vehicle_indication,9c66258d8b4ec489ea01c7e5727bb0aa9dc7464f304d231396893210be8f51d2
nmmt_route_live_9695_20260918,9695,9695,up,5245,36,574,567803060,1,19.06764666666667,73.096005,18-09-2026 17:06:35,0,17:08,17:08,,,16:32,16:32,,0,0,0,2026-09-18T11:39:44.675956+00:00,operator_reported_vehicle_indication,9c66258d8b4ec489ea01c7e5727bb0aa9dc7464f304d231396893210be8f51d2
nmmt_route_live_9695_20260918,9695,9695,up,5243,37,574,567803060,1,19.06764666666667,73.096005,18-09-2026 17:06:35,0,17:09,17:09,,,16:32,16:32,,0,0,0,2026-09-18T11:39:44.675956+00:00,operator_reported_vehicle_indication,9c66258d8b4ec489ea01c7e5727bb0aa9dc7464f304d231396893210be8f51d2
nmmt_route_live_9695_20260918,9695,9695,up,5244,38,574,567803060,1,19.06764666666667,73.096005,18-09-2026 17:06:35,0,17:10,17:10,,,16:32,16:32,,0,0,0,2026-09-18T11:39:44.675956+00:00,operator_reported_vehicle_indication,9c66258d8b4ec489ea01c7e5727bb0aa9dc7464f304d231396893210be8f51d2
nmmt_route_live_9695_20260918,9695,9695,up,5234,39,574,567803060,1,19.06764666666667,73.096005,18-09-2026 17:06:35,0,17:12,17:12,,,16:32,16:32,17:09,0,0,0,2026-09-18T11:39:44.675956+00:00,operator_reported_vehicle_indication,9c66258d8b4ec489ea01c7e5727bb0aa9dc7464f304d231396893210be8f51d2
nmmt_route_live_9695_20260918,9695,9695,up,3986,40,574,567803060,1,19.06764666666667,73.096005,18-09-2026 17:06:35,0,17:14,17:14,,,16:32,16:32,17:10,0,0,0,2026-09-18T11:39:44.675956+00:00,operator_reported_vehicle_indication,9c66258d8b4ec489ea01c7e5727bb0aa9dc7464f304d231396893210be8f51d2
nmmt_route_live_9696_20260918,9696,9696,down,3986,1,576,567803070,1,19.079960000000003,73.09418166666666,18-09-2026 17:04:23,0,15:56,15:56,16:49,16:49,15:56,15:56,,1,0,0,2026-09-18T11:39:45.242299+00:00,operator_reported_vehicle_indication,42e2d58d2534924a88a50ebade1ca7e5218921b5994acf720adf078f71dde68a
nmmt_route_live_9696_20260918,9696,9696,down,5234,2,576,567803070,1,19.079960000000003,73.09418166666666,18-09-2026 17:04:23,0,15:57,15:57,,,15:56,15:56,,1,0,0,2026-09-18T11:39:45.242299+00:00,operator_reported_vehicle_indication,42e2d58d2534924a88a50ebade1ca7e5218921b5994acf720adf078f71dde68a
nmmt_route_live_9696_20260918,9696,9696,down,5244,3,576,567803070,1,19.079960000000003,73.09418166666666,18-09-2026 17:04:23,0,15:58,15:58,,,15:56,15:56,,1,0,0,2026-09-18T11:39:45.242299+00:00,operator_reported_vehicle_indication,42e2d58d2534924a88a50ebade1ca7e5218921b5994acf720adf078f71dde68a
nmmt_route_live_9696_20260918,9696,9696,down,5243,4,576,567803070,1,19.079960000000003,73.09418166666666,18-09-2026 17:04:23,0,15:59,15:59,,,15:56,15:56,,1,0,0,2026-09-18T11:39:45.242299+00:00,operator_reported_vehicle_indication,42e2d58d2534924a88a50ebade1ca7e5218921b5994acf720adf078f71dde68a
nmmt_route_live_9696_20260918,9696,9696,down,5245,5,576,567803070,1,19.079960000000003,73.09418166666666,18-09-2026 17:04:23,0,16:00,16:00,,,15:56,15:56,,1,0,0,2026-09-18T11:39:45.242299+00:00,operator_reported_vehicle_indication,42e2d58d2534924a88a50ebade1ca7e5218921b5994acf720adf078f71dde68a
nmmt_route_live_9696_20260918,9696,9696,down,5242,6,576,567803070,1,19.079960000000003,73.09418166666666,18-09-2026 17:04:23,0,16:02,16:02,,,15:56,15:56,,1,0,0,2026-09-18T11:39:45.242299+00:00,operator_reported_vehicle_indication,42e2d58d2534924a88a50ebade1ca7e5218921b5994acf720adf078f71dde68a
nmmt_route_live_9696_20260918,9696,9696,down,5246,7,576,567803070,1,19.079960000000003,73.09418166666666,18-09-2026 17:04:23,0,16:03,16:03,,,15:56,15:56,,1,0,0,2026-09-18T11:39:45.242299+00:00,operator_reported_vehicle_indication,42e2d58d2534924a88a50ebade1ca7e5218921b5994acf720adf078f71dde68a
nmmt_route_live_9696_20260918,9696,9696,down,3981,8,576,567803070,1,19.079960000000003,73.09418166666666,18-09-2026 17:04:23,0,16:04,16:04,16:59,17:00,15:56,15:56,,1,0,0,2026-09-18T11:39:45.242299+00:00,operator_reported_vehicle_indication,42e2d58d2534924a88a50ebade1ca7e5218921b5994acf720adf078f71dde68a
nmmt_route_live_9696_20260918,9696,9696,down,5241,9,576,567803070,1,19.079960000000003,73.09418166666666,18-09-2026 17:04:23,0,16:05,16:05,17:00,17:01,15:56,15:56,,1,0,0,2026-09-18T11:39:45.242299+00:00,operator_reported_vehicle_indication,42e2d58d2534924a88a50ebade1ca7e5218921b5994acf720adf078f71dde68a
nmmt_route_live_9696_20260918,9696,9696,down,5105,10,576,567803070,1,19.079960000000003,73.09418166666666,18-09-2026 17:04:23,0,16:06,16:06,17:01,17:02,15:56,15:56,,1,0,0,2026-09-18T11:39:45.242299+00:00,operator_reported_vehicle_indication,42e2d58d2534924a88a50ebade1ca7e5218921b5994acf720adf078f71dde68a
nmmt_route_live_9696_20260918,9696,9696,down,5104,11,576,567803070,1,19.079960000000003,73.09418166666666,18-09-2026 17:04:23,0,16:08,16:08,17:02,17:02,15:56,15:56,,1,0,0,2026-09-18T11:39:45.242299+00:00,operator_reported_vehicle_indication,42e2d58d2534924a88a50ebade1ca7e5218921b5994acf720adf078f71dde68a
nmmt_route_live_9696_20260918,9696,9696,down,3434,12,576,567803070,1,19.079960000000003,73.09418166666666,18-09-2026 17:04:23,0,16:09,16:09,17:03,17:04,15:56,15:56,,1,0,0,2026-09-18T11:39:45.242299+00:00,operator_reported_vehicle_indication,42e2d58d2534924a88a50ebade1ca7e5218921b5994acf720adf078f71dde68a
nmmt_route_live_9696_20260918,9696,9696,down,3433,13,576,567803070,1,19.079960000000003,73.09418166666666,18-09-2026 17:04:23,0,16:10,16:10,17:04,17:04,15:56,15:56,,1,0,0,2026-09-18T11:39:45.242299+00:00,operator_reported_vehicle_indication,42e2d58d2534924a88a50ebade1ca7e5218921b5994acf720adf078f71dde68a
nmmt_route_live_9696_20260918,9696,9696,down,3432,14,576,567803070,1,19.079960000000003,73.09418166666666,18-09-2026 17:04:23,0,16:11,16:11,,,15:56,15:56,,0,0,0,2026-09-18T11:39:45.242299+00:00,operator_reported_vehicle_indication,42e2d58d2534924a88a50ebade1ca7e5218921b5994acf720adf078f71dde68a
nmmt_route_live_9696_20260918,9696,9696,down,3431,15,576,567803070,1,19.079960000000003,73.09418166666666,18-09-2026 17:04:23,0,16:12,16:12,,,15:56,15:56,,0,0,0,2026-09-18T11:39:45.242299+00:00,operator_reported_vehicle_indication,42e2d58d2534924a88a50ebade1ca7e5218921b5994acf720adf078f71dde68a
nmmt_route_live_9696_20260918,9696,9696,down,3430,16,576,567803070,1,19.079960000000003,73.09418166666666,18-09-2026 17:04:23,0,16:14,16:14,,,15:56,15:56,,0,0,0,2026-09-18T11:39:45.242299+00:00,operator_reported_vehicle_indication,42e2d58d2534924a88a50ebade1ca7e5218921b5994acf720adf078f71dde68a
nmmt_route_live_9696_20260918,9696,9696,down,3435,17,576,567803070,1,19.079960000000003,73.09418166666666,18-09-2026 17:04:23,0,16:15,16:15,,,15:56,15:56,,0,0,0,2026-09-18T11:39:45.242299+00:00,operator_reported_vehicle_indication,42e2d58d2534924a88a50ebade1ca7e5218921b5994acf720adf078f71dde68a
nmmt_route_live_9696_20260918,9696,9696,down,3436,18,576,567803070,1,19.079960000000003,73.09418166666666,18-09-2026 17:04:23,0,16:16,16:16,,,15:56,15:56,17:11,0,0,0,2026-09-18T11:39:45.242299+00:00,operator_reported_vehicle_indication,42e2d58d2534924a88a50ebade1ca7e5218921b5994acf720adf078f71dde68a
nmmt_route_live_9696_20260918,9696,9696,down,4597,19,576,567803070,1,19.079960000000003,73.09418166666666,18-09-2026 17:04:23,0,16:17,16:17,,,15:56,15:56,17:11,0,0,0,2026-09-18T11:39:45.242299+00:00,operator_reported_vehicle_indication,42e2d58d2534924a88a50ebade1ca7e5218921b5994acf720adf078f71dde68a
nmmt_route_live_9696_20260918,9696,9696,down,3676,20,576,567803070,1,19.079960000000003,73.09418166666666,18-09-2026 17:04:23,0,16:18,16:18,,,15:56,15:56,17:15,0,0,0,2026-09-18T11:39:45.242299+00:00,operator_reported_vehicle_indication,42e2d58d2534924a88a50ebade1ca7e5218921b5994acf720adf078f71dde68a
nmmt_route_live_9696_20260918,9696,9696,down,5028,21,576,567803070,1,19.079960000000003,73.09418166666666,18-09-2026 17:04:23,0,16:20,16:20,,,15:56,15:56,17:16,0,0,0,2026-09-18T11:39:45.242299+00:00,operator_reported_vehicle_indication,42e2d58d2534924a88a50ebade1ca7e5218921b5994acf720adf078f71dde68a
nmmt_route_live_9696_20260918,9696,9696,down,5240,22,576,567803070,1,19.079960000000003,73.09418166666666,18-09-2026 17:04:23,0,16:21,16:21,,,15:56,15:56,17:19,0,0,0,2026-09-18T11:39:45.242299+00:00,operator_reported_vehicle_indication,42e2d58d2534924a88a50ebade1ca7e5218921b5994acf720adf078f71dde68a
nmmt_route_live_9696_20260918,9696,9696,down,4651,23,576,567803070,1,19.079960000000003,73.09418166666666,18-09-2026 17:04:23,0,16:22,16:22,,,15:56,15:56,17:23,0,0,0,2026-09-18T11:39:45.242299+00:00,operator_reported_vehicle_indication,42e2d58d2534924a88a50ebade1ca7e5218921b5994acf720adf078f71dde68a
nmmt_route_live_9696_20260918,9696,9696,down,4650,24,576,567803070,1,19.079960000000003,73.09418166666666,18-09-2026 17:04:23,0,16:23,16:23,,,15:56,15:56,17:24,0,0,0,2026-09-18T11:39:45.242299+00:00,operator_reported_vehicle_indication,42e2d58d2534924a88a50ebade1ca7e5218921b5994acf720adf078f71dde68a
nmmt_route_live_9696_20260918,9696,9696,down,4649,25,576,567803070,1,19.079960000000003,73.09418166666666,18-09-2026 17:04:23,0,16:24,16:24,,,15:56,15:56,17:27,0,0,0,2026-09-18T11:39:45.242299+00:00,operator_reported_vehicle_indication,42e2d58d2534924a88a50ebade1ca7e5218921b5994acf720adf078f71dde68a
nmmt_route_live_9696_20260918,9696,9696,down,4647,26,576,567803070,1,19.079960000000003,73.09418166666666,18-09-2026 17:04:23,0,16:26,16:26,,,15:56,15:56,17:27,0,0,0,2026-09-18T11:39:45.242299+00:00,operator_reported_vehicle_indication,42e2d58d2534924a88a50ebade1ca7e5218921b5994acf720adf078f71dde68a
nmmt_route_live_9696_20260918,9696,9696,down,4646,27,576,567803070,1,19.079960000000003,73.09418166666666,18-09-2026 17:04:23,0,16:26,16:26,,,15:56,15:56,17:28,0,0,0,2026-09-18T11:39:45.242299+00:00,operator_reported_vehicle_indication,42e2d58d2534924a88a50ebade1ca7e5218921b5994acf720adf078f71dde68a
nmmt_route_live_9696_20260918,9696,9696,down,4806,28,576,567803070,1,19.079960000000003,73.09418166666666,18-09-2026 17:04:23,0,16:27,16:27,,,15:56,15:56,17:29,0,0,0,2026-09-18T11:39:45.242299+00:00,operator_reported_vehicle_indication,42e2d58d2534924a88a50ebade1ca7e5218921b5994acf720adf078f71dde68a
nmmt_route_live_9696_20260918,9696,9696,down,5239,29,576,567803070,1,19.079960000000003,73.09418166666666,18-09-2026 17:04:23,0,16:28,16:28,,,15:56,15:56,17:30,0,0,0,2026-09-18T11:39:45.242299+00:00,operator_reported_vehicle_indication,42e2d58d2534924a88a50ebade1ca7e5218921b5994acf720adf078f71dde68a
nmmt_route_live_9696_20260918,9696,9696,down,5238,30,576,567803070,1,19.079960000000003,73.09418166666666,18-09-2026 17:04:23,0,16:29,16:29,,,15:56,15:56,17:30,0,0,0,2026-09-18T11:39:45.242299+00:00,operator_reported_vehicle_indication,42e2d58d2534924a88a50ebade1ca7e5218921b5994acf720adf078f71dde68a
nmmt_route_live_9696_20260918,9696,9696,down,4587,31,576,567803070,1,19.079960000000003,73.09418166666666,18-09-2026 17:04:23,0,16:27,16:27,,,15:56,15:56,17:31,0,0,0,2026-09-18T11:39:45.242299+00:00,operator_reported_vehicle_indication,42e2d58d2534924a88a50ebade1ca7e5218921b5994acf720adf078f71dde68a
nmmt_route_live_9696_20260918,9696,9696,down,4585,32,576,567803070,1,19.079960000000003,73.09418166666666,18-09-2026 17:04:23,0,16:28,16:28,,,15:56,15:56,17:32,0,0,0,2026-09-18T11:39:45.242299+00:00,operator_reported_vehicle_indication,42e2d58d2534924a88a50ebade1ca7e5218921b5994acf720adf078f71dde68a
nmmt_route_live_9696_20260918,9696,9696,down,3334,33,576,567803070,1,19.079960000000003,73.09418166666666,18-09-2026 17:04:23,0,16:29,16:29,,,15:56,15:56,17:33,0,0,0,2026-09-18T11:39:45.242299+00:00,operator_reported_vehicle_indication,42e2d58d2534924a88a50ebade1ca7e5218921b5994acf720adf078f71dde68a
nmmt_route_live_9696_20260918,9696,9696,down,4393,34,576,567803070,1,19.079960000000003,73.09418166666666,18-09-2026 17:04:23,0,16:30,16:30,,,15:56,15:56,17:33,0,0,0,2026-09-18T11:39:45.242299+00:00,operator_reported_vehicle_indication,42e2d58d2534924a88a50ebade1ca7e5218921b5994acf720adf078f71dde68a
nmmt_route_live_9696_20260918,9696,9696,down,4387,35,576,567803070,1,19.079960000000003,73.09418166666666,18-09-2026 17:04:23,0,16:32,16:32,,,15:56,15:56,17:34,0,0,0,2026-09-18T11:39:45.242299+00:00,operator_reported_vehicle_indication,42e2d58d2534924a88a50ebade1ca7e5218921b5994acf720adf078f71dde68a
nmmt_route_live_9696_20260918,9696,9696,down,2661,36,576,567803070,1,19.079960000000003,73.09418166666666,18-09-2026 17:04:23,0,16:33,16:33,,,15:56,15:56,17:37,0,0,0,2026-09-18T11:39:45.242299+00:00,operator_reported_vehicle_indication,42e2d58d2534924a88a50ebade1ca7e5218921b5994acf720adf078f71dde68a
nmmt_route_live_9696_20260918,9696,9696,down,3445,37,576,567803070,1,19.079960000000003,73.09418166666666,18-09-2026 17:04:23,0,16:34,16:34,,,15:56,15:56,17:38,0,0,0,2026-09-18T11:39:45.242299+00:00,operator_reported_vehicle_indication,42e2d58d2534924a88a50ebade1ca7e5218921b5994acf720adf078f71dde68a
nmmt_route_live_9696_20260918,9696,9696,down,3446,38,576,567803070,1,19.079960000000003,73.09418166666666,18-09-2026 17:04:23,0,16:35,16:35,,,15:56,15:56,17:39,0,0,0,2026-09-18T11:39:45.242299+00:00,operator_reported_vehicle_indication,42e2d58d2534924a88a50ebade1ca7e5218921b5994acf720adf078f71dde68a
nmmt_route_live_9696_20260918,9696,9696,down,3447,39,576,567803070,1,19.079960000000003,73.09418166666666,18-09-2026 17:04:23,0,16:36,16:36,,,15:56,15:56,17:40,0,0,0,2026-09-18T11:39:45.242299+00:00,operator_reported_vehicle_indication,42e2d58d2534924a88a50ebade1ca7e5218921b5994acf720adf078f71dde68a
nmmt_route_live_9696_20260918,9696,9696,down,3448,40,576,567803070,1,19.079960000000003,73.09418166666666,18-09-2026 17:04:23,0,16:38,16:38,,,15:56,15:56,17:42,0,0,0,2026-09-18T11:39:45.242299+00:00,operator_reported_vehicle_indication,42e2d58d2534924a88a50ebade1ca7e5218921b5994acf720adf078f71dde68a
nmmt_route_live_9762_20260918,9762,9762,up,2771,1,550,567789103,1,18.971778333333337,73.00234999999999,18-09-2026 17:09:09,0,16:30,16:30,,,16:30,16:30,,1,0,0,2026-09-18T11:40:13.258480+00:00,operator_reported_vehicle_indication,9424c57e72ba97a32ec5c6b62c60f4aba186e8fb8381c7db965c59fa76753377
nmmt_route_live_9762_20260918,9762,9762,up,2771,1,556,567789097,1,18.9895,72.97618000000001,18-09-2026 17:03:19,0,16:15,16:15,16:13,16:13,16:15,16:15,,1,0,0,2026-09-18T11:40:13.258480+00:00,operator_reported_vehicle_indication,9424c57e72ba97a32ec5c6b62c60f4aba186e8fb8381c7db965c59fa76753377
nmmt_route_live_9762_20260918,9762,9762,up,4174,2,550,567789103,1,18.971778333333337,73.00234999999999,18-09-2026 17:09:09,0,16:31,16:31,,,16:30,16:30,,1,0,0,2026-09-18T11:40:13.258480+00:00,operator_reported_vehicle_indication,9424c57e72ba97a32ec5c6b62c60f4aba186e8fb8381c7db965c59fa76753377
nmmt_route_live_9762_20260918,9762,9762,up,4174,2,556,567789097,1,18.9895,72.97618000000001,18-09-2026 17:03:19,0,16:16,16:16,16:14,16:14,16:15,16:15,,1,0,0,2026-09-18T11:40:13.258480+00:00,operator_reported_vehicle_indication,9424c57e72ba97a32ec5c6b62c60f4aba186e8fb8381c7db965c59fa76753377
nmmt_route_live_9762_20260918,9762,9762,up,4173,3,556,567789097,1,18.9895,72.97618000000001,18-09-2026 17:03:19,0,16:17,16:17,16:15,16:17,16:15,16:15,,1,0,0,2026-09-18T11:40:13.258480+00:00,operator_reported_vehicle_indication,9424c57e72ba97a32ec5c6b62c60f4aba186e8fb8381c7db965c59fa76753377
nmmt_route_live_9762_20260918,9762,9762,up,4173,3,550,567789103,1,18.971778333333337,73.00234999999999,18-09-2026 17:09:09,0,16:32,16:32,,,16:30,16:30,,1,0,0,2026-09-18T11:40:13.258480+00:00,operator_reported_vehicle_indication,9424c57e72ba97a32ec5c6b62c60f4aba186e8fb8381c7db965c59fa76753377
nmmt_route_live_9762_20260918,9762,9762,up,4172,4,556,567789097,1,18.9895,72.97618000000001,18-09-2026 17:03:19,0,16:18,16:18,16:17,16:17,16:15,16:15,,1,0,0,2026-09-18T11:40:13.258480+00:00,operator_reported_vehicle_indication,9424c57e72ba97a32ec5c6b62c60f4aba186e8fb8381c7db965c59fa76753377
nmmt_route_live_9762_20260918,9762,9762,up,4172,4,550,567789103,1,18.971778333333337,73.00234999999999,18-09-2026 17:09:09,0,16:33,16:33,,,16:30,16:30,,1,0,0,2026-09-18T11:40:13.258480+00:00,operator_reported_vehicle_indication,9424c57e72ba97a32ec5c6b62c60f4aba186e8fb8381c7db965c59fa76753377
nmmt_route_live_9762_20260918,9762,9762,up,4171,5,556,567789097,1,18.9895,72.97618000000001,18-09-2026 17:03:19,0,16:20,16:20,,,16:15,16:15,,1,0,0,2026-09-18T11:40:13.258480+00:00,operator_reported_vehicle_indication,9424c57e72ba97a32ec5c6b62c60f4aba186e8fb8381c7db965c59fa76753377
nmmt_route_live_9762_20260918,9762,9762,up,4171,5,550,567789103,1,18.971778333333337,73.00234999999999,18-09-2026 17:09:09,0,16:35,16:35,,,16:30,16:30,,1,0,0,2026-09-18T11:40:13.258480+00:00,operator_reported_vehicle_indication,9424c57e72ba97a32ec5c6b62c60f4aba186e8fb8381c7db965c59fa76753377
nmmt_route_live_9762_20260918,9762,9762,up,4170,6,556,567789097,1,18.9895,72.97618000000001,18-09-2026 17:03:19,0,16:22,16:22,16:19,16:20,16:15,16:15,,1,0,0,2026-09-18T11:40:13.258480+00:00,operator_reported_vehicle_indication,9424c57e72ba97a32ec5c6b62c60f4aba186e8fb8381c7db965c59fa76753377
nmmt_route_live_9762_20260918,9762,9762,up,4170,6,550,567789103,1,18.971778333333337,73.00234999999999,18-09-2026 17:09:09,0,16:38,16:38,,,16:30,16:30,,1,0,0,2026-09-18T11:40:13.258480+00:00,operator_reported_vehicle_indication,9424c57e72ba97a32ec5c6b62c60f4aba186e8fb8381c7db965c59fa76753377
nmmt_route_live_9762_20260918,9762,9762,up,4213,7,556,567789097,1,18.9895,72.97618000000001,18-09-2026 17:03:19,0,16:24,16:24,,,16:15,16:15,,1,0,0,2026-09-18T11:40:13.258480+00:00,operator_reported_vehicle_indication,9424c57e72ba97a32ec5c6b62c60f4aba186e8fb8381c7db965c59fa76753377
nmmt_route_live_9762_20260918,9762,9762,up,4213,7,550,567789103,1,18.971778333333337,73.00234999999999,18-09-2026 17:09:09,0,16:39,16:39,16:35,16:35,16:30,16:30,,1,0,0,2026-09-18T11:40:13.258480+00:00,operator_reported_vehicle_indication,9424c57e72ba97a32ec5c6b62c60f4aba186e8fb8381c7db965c59fa76753377
nmmt_route_live_9762_20260918,9762,9762,up,2775,8,556,567789097,1,18.9895,72.97618000000001,18-09-2026 17:03:19,0,16:25,16:25,16:21,16:22,16:15,16:15,,1,0,0,2026-09-18T11:40:13.258480+00:00,operator_reported_vehicle_indication,9424c57e72ba97a32ec5c6b62c60f4aba186e8fb8381c7db965c59fa76753377
nmmt_route_live_9762_20260918,9762,9762,up,2775,8,550,567789103,1,18.971778333333337,73.00234999999999,18-09-2026 17:09:09,0,16:40,16:40,16:36,16:37,16:30,16:30,,1,0,0,2026-09-18T11:40:13.258480+00:00,operator_reported_vehicle_indication,9424c57e72ba97a32ec5c6b62c60f4aba186e8fb8381c7db965c59fa76753377
nmmt_route_live_9762_20260918,9762,9762,up,4971,9,556,567789097,1,18.9895,72.97618000000001,18-09-2026 17:03:19,0,16:26,16:26,16:22,16:23,16:15,16:15,,1,0,0,2026-09-18T11:40:13.258480+00:00,operator_reported_vehicle_indication,9424c57e72ba97a32ec5c6b62c60f4aba186e8fb8381c7db965c59fa76753377
nmmt_route_live_9762_20260918,9762,9762,up,4971,9,550,567789103,1,18.971778333333337,73.00234999999999,18-09-2026 17:09:09,0,16:41,16:41,,,16:30,16:30,,1,0,0,2026-09-18T11:40:13.258480+00:00,operator_reported_vehicle_indication,9424c57e72ba97a32ec5c6b62c60f4aba186e8fb8381c7db965c59fa76753377
nmmt_route_live_9762_20260918,9762,9762,up,4794,10,556,567789097,1,18.9895,72.97618000000001,18-09-2026 17:03:19,0,16:28,16:28,16:24,16:24,16:15,16:15,,1,0,0,2026-09-18T11:40:13.258480+00:00,operator_reported_vehicle_indication,9424c57e72ba97a32ec5c6b62c60f4aba186e8fb8381c7db965c59fa76753377
nmmt_route_live_9762_20260918,9762,9762,up,4794,10,550,567789103,1,18.971778333333337,73.00234999999999,18-09-2026 17:09:09,0,16:44,16:44,16:41,16:41,16:30,16:30,,1,0,0,2026-09-18T11:40:13.258480+00:00,operator_reported_vehicle_indication,9424c57e72ba97a32ec5c6b62c60f4aba186e8fb8381c7db965c59fa76753377
nmmt_route_live_9762_20260918,9762,9762,up,4889,11,556,567789097,1,18.9895,72.97618000000001,18-09-2026 17:03:19,0,16:29,16:29,16:27,16:28,16:15,16:15,,1,0,0,2026-09-18T11:40:13.258480+00:00,operator_reported_vehicle_indication,9424c57e72ba97a32ec5c6b62c60f4aba186e8fb8381c7db965c59fa76753377
nmmt_route_live_9762_20260918,9762,9762,up,4889,11,550,567789103,1,18.971778333333337,73.00234999999999,18-09-2026 17:09:09,0,16:45,16:45,16:42,16:43,16:30,16:30,,1,0,0,2026-09-18T11:40:13.258480+00:00,operator_reported_vehicle_indication,9424c57e72ba97a32ec5c6b62c60f4aba186e8fb8381c7db965c59fa76753377
nmmt_route_live_9762_20260918,9762,9762,up,4795,12,556,567789097,1,18.9895,72.97618000000001,18-09-2026 17:03:19,0,16:30,16:30,16:28,16:28,16:15,16:15,,1,0,0,2026-09-18T11:40:13.258480+00:00,operator_reported_vehicle_indication,9424c57e72ba97a32ec5c6b62c60f4aba186e8fb8381c7db965c59fa76753377
nmmt_route_live_9762_20260918,9762,9762,up,4795,12,550,567789103,1,18.971778333333337,73.00234999999999,18-09-2026 17:09:09,0,16:46,16:46,16:43,16:43,16:30,16:30,,1,0,0,2026-09-18T11:40:13.258480+00:00,operator_reported_vehicle_indication,9424c57e72ba97a32ec5c6b62c60f4aba186e8fb8381c7db965c59fa76753377
nmmt_route_live_9762_20260918,9762,9762,up,4909,13,556,567789097,1,18.9895,72.97618000000001,18-09-2026 17:03:19,0,16:32,16:32,16:29,16:32,16:15,16:15,,1,0,0,2026-09-18T11:40:13.258480+00:00,operator_reported_vehicle_indication,9424c57e72ba97a32ec5c6b62c60f4aba186e8fb8381c7db965c59fa76753377
nmmt_route_live_9762_20260918,9762,9762,up,4909,13,550,567789103,1,18.971778333333337,73.00234999999999,18-09-2026 17:09:09,0,16:47,16:47,,,16:30,16:30,,1,0,0,2026-09-18T11:40:13.258480+00:00,operator_reported_vehicle_indication,9424c57e72ba97a32ec5c6b62c60f4aba186e8fb8381c7db965c59fa76753377
nmmt_route_live_9762_20260918,9762,9762,up,5195,14,556,567789097,1,18.9895,72.97618000000001,18-09-2026 17:03:19,0,16:34,16:34,,,16:15,16:15,,1,0,0,2026-09-18T11:40:13.258480+00:00,operator_reported_vehicle_indication,9424c57e72ba97a32ec5c6b62c60f4aba186e8fb8381c7db965c59fa76753377
nmmt_route_live_9762_20260918,9762,9762,up,5195,14,550,567789103,1,18.971778333333337,73.00234999999999,18-09-2026 17:09:09,0,16:49,16:49,,,16:30,16:30,,1,0,0,2026-09-18T11:40:13.258480+00:00,operator_reported_vehicle_indication,9424c57e72ba97a32ec5c6b62c60f4aba186e8fb8381c7db965c59fa76753377
nmmt_route_live_9762_20260918,9762,9762,up,5196,15,556,567789097,1,18.9895,72.97618000000001,18-09-2026 17:03:19,0,16:36,16:36,,,16:15,16:15,,1,0,0,2026-09-18T11:40:13.258480+00:00,operator_reported_vehicle_indication,9424c57e72ba97a32ec5c6b62c60f4aba186e8fb8381c7db965c59fa76753377
nmmt_route_live_9762_20260918,9762,9762,up,5196,15,550,567789103,1,18.971778333333337,73.00234999999999,18-09-2026 17:09:09,0,16:52,16:52,16:46,16:46,16:30,16:30,,1,0,0,2026-09-18T11:40:13.258480+00:00,operator_reported_vehicle_indication,9424c57e72ba97a32ec5c6b62c60f4aba186e8fb8381c7db965c59fa76753377
nmmt_route_live_9762_20260918,9762,9762,up,5197,16,556,567789097,1,18.9895,72.97618000000001,18-09-2026 17:03:19,0,16:37,16:37,16:36,16:36,16:15,16:15,,1,0,0,2026-09-18T11:40:13.258480+00:00,operator_reported_vehicle_indication,9424c57e72ba97a32ec5c6b62c60f4aba186e8fb8381c7db965c59fa76753377
nmmt_route_live_9762_20260918,9762,9762,up,5197,16,550,567789103,1,18.971778333333337,73.00234999999999,18-09-2026 17:09:09,0,16:53,16:53,16:46,16:49,16:30,16:30,,1,0,0,2026-09-18T11:40:13.258480+00:00,operator_reported_vehicle_indication,9424c57e72ba97a32ec5c6b62c60f4aba186e8fb8381c7db965c59fa76753377
nmmt_route_live_9762_20260918,9762,9762,up,5198,17,556,567789097,1,18.9895,72.97618000000001,18-09-2026 17:03:19,0,16:38,16:38,16:36,16:37,16:15,16:15,,1,0,0,2026-09-18T11:40:13.258480+00:00,operator_reported_vehicle_indication,9424c57e72ba97a32ec5c6b62c60f4aba186e8fb8381c7db965c59fa76753377
nmmt_route_live_9762_20260918,9762,9762,up,5198,17,550,567789103,1,18.971778333333337,73.00234999999999,18-09-2026 17:09:09,0,16:54,16:54,,,16:30,16:30,,1,0,0,2026-09-18T11:40:13.258480+00:00,operator_reported_vehicle_indication,9424c57e72ba97a32ec5c6b62c60f4aba186e8fb8381c7db965c59fa76753377
nmmt_route_live_9762_20260918,9762,9762,up,5199,18,556,567789097,1,18.9895,72.97618000000001,18-09-2026 17:03:19,0,16:39,16:39,,,16:15,16:15,,1,0,0,2026-09-18T11:40:13.258480+00:00,operator_reported_vehicle_indication,9424c57e72ba97a32ec5c6b62c60f4aba186e8fb8381c7db965c59fa76753377
nmmt_route_live_9762_20260918,9762,9762,up,5199,18,550,567789103,1,18.971778333333337,73.00234999999999,18-09-2026 17:09:09,0,16:55,16:55,,,16:30,16:30,,1,0,0,2026-09-18T11:40:13.258480+00:00,operator_reported_vehicle_indication,9424c57e72ba97a32ec5c6b62c60f4aba186e8fb8381c7db965c59fa76753377
nmmt_route_live_9762_20260918,9762,9762,up,5200,19,556,567789097,1,18.9895,72.97618000000001,18-09-2026 17:03:19,0,16:41,16:41,16:37,16:38,16:15,16:15,,1,0,0,2026-09-18T11:40:13.258480+00:00,operator_reported_vehicle_indication,9424c57e72ba97a32ec5c6b62c60f4aba186e8fb8381c7db965c59fa76753377
nmmt_route_live_9762_20260918,9762,9762,up,5200,19,550,567789103,1,18.971778333333337,73.00234999999999,18-09-2026 17:09:09,0,16:56,16:56,,,16:30,16:30,,1,0,0,2026-09-18T11:40:13.258480+00:00,operator_reported_vehicle_indication,9424c57e72ba97a32ec5c6b62c60f4aba186e8fb8381c7db965c59fa76753377
nmmt_route_live_9762_20260918,9762,9762,up,5187,20,556,567789097,1,18.9895,72.97618000000001,18-09-2026 17:03:19,0,16:43,16:43,16:38,16:39,16:15,16:15,,1,0,0,2026-09-18T11:40:13.258480+00:00,operator_reported_vehicle_indication,9424c57e72ba97a32ec5c6b62c60f4aba186e8fb8381c7db965c59fa76753377
nmmt_route_live_9762_20260918,9762,9762,up,5187,20,550,567789103,1,18.971778333333337,73.00234999999999,18-09-2026 17:09:09,0,16:59,16:59,16:49,16:49,16:30,16:30,,1,0,0,2026-09-18T11:40:13.258480+00:00,operator_reported_vehicle_indication,9424c57e72ba97a32ec5c6b62c60f4aba186e8fb8381c7db965c59fa76753377
nmmt_route_live_9762_20260918,9762,9762,up,5201,21,556,567789097,1,18.9895,72.97618000000001,18-09-2026 17:03:19,0,16:45,16:45,16:39,16:39,16:15,16:15,,1,0,0,2026-09-18T11:40:13.258480+00:00,operator_reported_vehicle_indication,9424c57e72ba97a32ec5c6b62c60f4aba186e8fb8381c7db965c59fa76753377
nmmt_route_live_9762_20260918,9762,9762,up,5201,21,550,567789103,1,18.971778333333337,73.00234999999999,18-09-2026 17:09:09,0,17:01,17:01,16:50,16:50,16:30,16:30,,1,0,0,2026-09-18T11:40:13.258480+00:00,operator_reported_vehicle_indication,9424c57e72ba97a32ec5c6b62c60f4aba186e8fb8381c7db965c59fa76753377
nmmt_route_live_9762_20260918,9762,9762,up,5202,22,556,567789097,1,18.9895,72.97618000000001,18-09-2026 17:03:19,0,16:46,16:46,,,16:15,16:15,,1,0,0,2026-09-18T11:40:13.258480+00:00,operator_reported_vehicle_indication,9424c57e72ba97a32ec5c6b62c60f4aba186e8fb8381c7db965c59fa76753377
nmmt_route_live_9762_20260918,9762,9762,up,5202,22,550,567789103,1,18.971778333333337,73.00234999999999,18-09-2026 17:09:09,0,17:02,17:02,,,16:30,16:30,,1,0,0,2026-09-18T11:40:13.258480+00:00,operator_reported_vehicle_indication,9424c57e72ba97a32ec5c6b62c60f4aba186e8fb8381c7db965c59fa76753377
nmmt_route_live_9762_20260918,9762,9762,up,5188,23,556,567789097,1,18.9895,72.97618000000001,18-09-2026 17:03:19,0,16:47,16:47,16:40,16:40,16:15,16:15,,1,0,0,2026-09-18T11:40:13.258480+00:00,operator_reported_vehicle_indication,9424c57e72ba97a32ec5c6b62c60f4aba186e8fb8381c7db965c59fa76753377
nmmt_route_live_9762_20260918,9762,9762,up,5188,23,550,567789103,1,18.971778333333337,73.00234999999999,18-09-2026 17:09:09,0,17:03,17:03,16:51,16:51,16:30,16:30,,1,0,0,2026-09-18T11:40:13.258480+00:00,operator_reported_vehicle_indication,9424c57e72ba97a32ec5c6b62c60f4aba186e8fb8381c7db965c59fa76753377
nmmt_route_live_9762_20260918,9762,9762,up,5203,24,556,567789097,1,18.9895,72.97618000000001,18-09-2026 17:03:19,0,16:49,16:49,16:40,16:42,16:15,16:15,,1,0,0,2026-09-18T11:40:13.258480+00:00,operator_reported_vehicle_indication,9424c57e72ba97a32ec5c6b62c60f4aba186e8fb8381c7db965c59fa76753377
nmmt_route_live_9762_20260918,9762,9762,up,5203,24,550,567789103,1,18.971778333333337,73.00234999999999,18-09-2026 17:09:09,0,17:05,17:05,16:51,16:52,16:30,16:30,,1,0,0,2026-09-18T11:40:13.258480+00:00,operator_reported_vehicle_indication,9424c57e72ba97a32ec5c6b62c60f4aba186e8fb8381c7db965c59fa76753377
nmmt_route_live_9762_20260918,9762,9762,up,5204,25,556,567789097,1,18.9895,72.97618000000001,18-09-2026 17:03:19,0,16:50,16:50,,,16:15,16:15,,1,0,0,2026-09-18T11:40:13.258480+00:00,operator_reported_vehicle_indication,9424c57e72ba97a32ec5c6b62c60f4aba186e8fb8381c7db965c59fa76753377
nmmt_route_live_9762_20260918,9762,9762,up,5204,25,550,567789103,1,18.971778333333337,73.00234999999999,18-09-2026 17:09:09,0,17:06,17:06,,,16:30,16:30,,1,0,0,2026-09-18T11:40:13.258480+00:00,operator_reported_vehicle_indication,9424c57e72ba97a32ec5c6b62c60f4aba186e8fb8381c7db965c59fa76753377
nmmt_route_live_9762_20260918,9762,9762,up,5189,26,556,567789097,1,18.9895,72.97618000000001,18-09-2026 17:03:19,0,16:51,16:51,,,16:15,16:15,,1,0,0,2026-09-18T11:40:13.258480+00:00,operator_reported_vehicle_indication,9424c57e72ba97a32ec5c6b62c60f4aba186e8fb8381c7db965c59fa76753377
nmmt_route_live_9762_20260918,9762,9762,up,5189,26,550,567789103,1,18.971778333333337,73.00234999999999,18-09-2026 17:09:09,0,17:07,17:07,,,16:30,16:30,,1,0,0,2026-09-18T11:40:13.258480+00:00,operator_reported_vehicle_indication,9424c57e72ba97a32ec5c6b62c60f4aba186e8fb8381c7db965c59fa76753377
nmmt_route_live_9762_20260918,9762,9762,up,5205,27,556,567789097,1,18.9895,72.97618000000001,18-09-2026 17:03:19,0,16:52,16:52,16:43,16:43,16:15,16:15,,1,0,0,2026-09-18T11:40:13.258480+00:00,operator_reported_vehicle_indication,9424c57e72ba97a32ec5c6b62c60f4aba186e8fb8381c7db965c59fa76753377
nmmt_route_live_9762_20260918,9762,9762,up,5205,27,550,567789103,1,18.971778333333337,73.00234999999999,18-09-2026 17:09:09,0,17:08,17:08,16:53,16:54,16:30,16:30,,1,0,0,2026-09-18T11:40:13.258480+00:00,operator_reported_vehicle_indication,9424c57e72ba97a32ec5c6b62c60f4aba186e8fb8381c7db965c59fa76753377
nmmt_route_live_9762_20260918,9762,9762,up,5206,28,556,567789097,1,18.9895,72.97618000000001,18-09-2026 17:03:19,0,16:54,16:54,,,16:15,16:15,,1,0,0,2026-09-18T11:40:13.258480+00:00,operator_reported_vehicle_indication,9424c57e72ba97a32ec5c6b62c60f4aba186e8fb8381c7db965c59fa76753377
nmmt_route_live_9762_20260918,9762,9762,up,5206,28,550,567789103,1,18.971778333333337,73.00234999999999,18-09-2026 17:09:09,0,17:10,17:10,16:54,16:55,16:30,16:30,,1,0,0,2026-09-18T11:40:13.258480+00:00,operator_reported_vehicle_indication,9424c57e72ba97a32ec5c6b62c60f4aba186e8fb8381c7db965c59fa76753377
nmmt_route_live_9762_20260918,9762,9762,up,5191,29,556,567789097,1,18.9895,72.97618000000001,18-09-2026 17:03:19,0,16:56,16:56,,,16:15,16:15,,1,0,0,2026-09-18T11:40:13.258480+00:00,operator_reported_vehicle_indication,9424c57e72ba97a32ec5c6b62c60f4aba186e8fb8381c7db965c59fa76753377
nmmt_route_live_9762_20260918,9762,9762,up,5191,29,550,567789103,1,18.971778333333337,73.00234999999999,18-09-2026 17:09:09,0,17:13,17:13,16:55,16:56,16:30,16:30,,1,0,0,2026-09-18T11:40:13.258480+00:00,operator_reported_vehicle_indication,9424c57e72ba97a32ec5c6b62c60f4aba186e8fb8381c7db965c59fa76753377
nmmt_route_live_9762_20260918,9762,9762,up,5207,30,556,567789097,1,18.9895,72.97618000000001,18-09-2026 17:03:19,0,16:58,16:58,,,16:15,16:15,,1,0,0,2026-09-18T11:40:13.258480+00:00,operator_reported_vehicle_indication,9424c57e72ba97a32ec5c6b62c60f4aba186e8fb8381c7db965c59fa76753377
nmmt_route_live_9762_20260918,9762,9762,up,5207,30,550,567789103,1,18.971778333333337,73.00234999999999,18-09-2026 17:09:09,0,17:14,17:14,,,16:30,16:30,,1,0,0,2026-09-18T11:40:13.258480+00:00,operator_reported_vehicle_indication,9424c57e72ba97a32ec5c6b62c60f4aba186e8fb8381c7db965c59fa76753377
nmmt_route_live_9762_20260918,9762,9762,up,5208,31,556,567789097,1,18.9895,72.97618000000001,18-09-2026 17:03:19,0,17:00,17:00,,,16:15,16:15,,1,0,0,2026-09-18T11:40:13.258480+00:00,operator_reported_vehicle_indication,9424c57e72ba97a32ec5c6b62c60f4aba186e8fb8381c7db965c59fa76753377
nmmt_route_live_9762_20260918,9762,9762,up,5208,31,550,567789103,1,18.971778333333337,73.00234999999999,18-09-2026 17:09:09,0,17:16,17:16,16:56,16:57,16:30,16:30,,1,0,0,2026-09-18T11:40:13.258480+00:00,operator_reported_vehicle_indication,9424c57e72ba97a32ec5c6b62c60f4aba186e8fb8381c7db965c59fa76753377
nmmt_route_live_9762_20260918,9762,9762,up,5190,32,556,567789097,1,18.9895,72.97618000000001,18-09-2026 17:03:19,0,17:01,17:01,16:46,16:47,16:15,16:15,,1,0,0,2026-09-18T11:40:13.258480+00:00,operator_reported_vehicle_indication,9424c57e72ba97a32ec5c6b62c60f4aba186e8fb8381c7db965c59fa76753377
nmmt_route_live_9762_20260918,9762,9762,up,5190,32,550,567789103,1,18.971778333333337,73.00234999999999,18-09-2026 17:09:09,0,17:17,17:17,16:57,16:58,16:30,16:30,,1,0,0,2026-09-18T11:40:13.258480+00:00,operator_reported_vehicle_indication,9424c57e72ba97a32ec5c6b62c60f4aba186e8fb8381c7db965c59fa76753377
nmmt_route_live_9762_20260918,9762,9762,up,5209,33,556,567789097,1,18.9895,72.97618000000001,18-09-2026 17:03:19,0,17:02,17:02,16:47,16:49,16:15,16:15,,1,0,0,2026-09-18T11:40:13.258480+00:00,operator_reported_vehicle_indication,9424c57e72ba97a32ec5c6b62c60f4aba186e8fb8381c7db965c59fa76753377
nmmt_route_live_9762_20260918,9762,9762,up,5209,33,550,567789103,1,18.971778333333337,73.00234999999999,18-09-2026 17:09:09,0,17:19,17:19,16:58,16:59,16:30,16:30,,1,0,0,2026-09-18T11:40:13.258480+00:00,operator_reported_vehicle_indication,9424c57e72ba97a32ec5c6b62c60f4aba186e8fb8381c7db965c59fa76753377
nmmt_route_live_9762_20260918,9762,9762,up,5212,34,556,567789097,1,18.9895,72.97618000000001,18-09-2026 17:03:19,0,17:04,17:04,16:49,16:53,16:15,16:15,,1,0,0,2026-09-18T11:40:13.258480+00:00,operator_reported_vehicle_indication,9424c57e72ba97a32ec5c6b62c60f4aba186e8fb8381c7db965c59fa76753377
nmmt_route_live_9762_20260918,9762,9762,up,5212,34,550,567789103,1,18.971778333333337,73.00234999999999,18-09-2026 17:09:09,0,17:21,17:21,16:59,16:59,16:30,16:30,,1,0,0,2026-09-18T11:40:13.258480+00:00,operator_reported_vehicle_indication,9424c57e72ba97a32ec5c6b62c60f4aba186e8fb8381c7db965c59fa76753377
nmmt_route_live_9762_20260918,9762,9762,up,5213,35,556,567789097,1,18.9895,72.97618000000001,18-09-2026 17:03:19,0,17:06,17:06,,,16:15,16:15,,1,0,0,2026-09-18T11:40:13.258480+00:00,operator_reported_vehicle_indication,9424c57e72ba97a32ec5c6b62c60f4aba186e8fb8381c7db965c59fa76753377
nmmt_route_live_9762_20260918,9762,9762,up,5213,35,550,567789103,1,18.971778333333337,73.00234999999999,18-09-2026 17:09:09,0,17:22,17:22,,,16:30,16:30,,1,0,0,2026-09-18T11:40:13.258480+00:00,operator_reported_vehicle_indication,9424c57e72ba97a32ec5c6b62c60f4aba186e8fb8381c7db965c59fa76753377
nmmt_route_live_9762_20260918,9762,9762,up,5214,36,556,567789097,1,18.9895,72.97618000000001,18-09-2026 17:03:19,0,17:07,17:07,,,16:15,16:15,,1,0,0,2026-09-18T11:40:13.258480+00:00,operator_reported_vehicle_indication,9424c57e72ba97a32ec5c6b62c60f4aba186e8fb8381c7db965c59fa76753377
nmmt_route_live_9762_20260918,9762,9762,up,5214,36,550,567789103,1,18.971778333333337,73.00234999999999,18-09-2026 17:09:09,0,17:23,17:23,,,16:30,16:30,,1,0,0,2026-09-18T11:40:13.258480+00:00,operator_reported_vehicle_indication,9424c57e72ba97a32ec5c6b62c60f4aba186e8fb8381c7db965c59fa76753377
nmmt_route_live_9762_20260918,9762,9762,up,5215,37,556,567789097,1,18.9895,72.97618000000001,18-09-2026 17:03:19,0,17:08,17:08,,,16:15,16:15,,1,0,0,2026-09-18T11:40:13.258480+00:00,operator_reported_vehicle_indication,9424c57e72ba97a32ec5c6b62c60f4aba186e8fb8381c7db965c59fa76753377
nmmt_route_live_9762_20260918,9762,9762,up,5215,37,550,567789103,1,18.971778333333337,73.00234999999999,18-09-2026 17:09:09,0,17:24,17:24,,,16:30,16:30,,1,0,0,2026-09-18T11:40:13.258480+00:00,operator_reported_vehicle_indication,9424c57e72ba97a32ec5c6b62c60f4aba186e8fb8381c7db965c59fa76753377
nmmt_route_live_9762_20260918,9762,9762,up,5216,38,556,567789097,1,18.9895,72.97618000000001,18-09-2026 17:03:19,0,17:09,17:09,,,16:15,16:15,,1,0,0,2026-09-18T11:40:13.258480+00:00,operator_reported_vehicle_indication,9424c57e72ba97a32ec5c6b62c60f4aba186e8fb8381c7db965c59fa76753377
nmmt_route_live_9762_20260918,9762,9762,up,5216,38,550,567789103,1,18.971778333333337,73.00234999999999,18-09-2026 17:09:09,0,17:26,17:26,17:03,17:04,16:30,16:30,,1,0,0,2026-09-18T11:40:13.258480+00:00,operator_reported_vehicle_indication,9424c57e72ba97a32ec5c6b62c60f4aba186e8fb8381c7db965c59fa76753377
nmmt_route_live_9762_20260918,9762,9762,up,5210,39,556,567789097,1,18.9895,72.97618000000001,18-09-2026 17:03:19,0,17:10,17:10,16:54,16:55,16:15,16:15,,1,0,0,2026-09-18T11:40:13.258480+00:00,operator_reported_vehicle_indication,9424c57e72ba97a32ec5c6b62c60f4aba186e8fb8381c7db965c59fa76753377
nmmt_route_live_9762_20260918,9762,9762,up,5210,39,550,567789103,1,18.971778333333337,73.00234999999999,18-09-2026 17:09:09,0,17:27,17:27,17:04,17:05,16:30,16:30,,1,0,0,2026-09-18T11:40:13.258480+00:00,operator_reported_vehicle_indication,9424c57e72ba97a32ec5c6b62c60f4aba186e8fb8381c7db965c59fa76753377
nmmt_route_live_9762_20260918,9762,9762,up,5211,40,556,567789097,1,18.9895,72.97618000000001,18-09-2026 17:03:19,0,17:11,17:11,16:55,16:55,16:15,16:15,,1,0,0,2026-09-18T11:40:13.258480+00:00,operator_reported_vehicle_indication,9424c57e72ba97a32ec5c6b62c60f4aba186e8fb8381c7db965c59fa76753377
nmmt_route_live_9762_20260918,9762,9762,up,5211,40,550,567789103,1,18.971778333333337,73.00234999999999,18-09-2026 17:09:09,0,17:28,17:28,17:05,17:05,16:30,16:30,,1,0,0,2026-09-18T11:40:13.258480+00:00,operator_reported_vehicle_indication,9424c57e72ba97a32ec5c6b62c60f4aba186e8fb8381c7db965c59fa76753377
nmmt_route_live_9762_20260918,9762,9762,up,5192,41,556,567789097,1,18.9895,72.97618000000001,18-09-2026 17:03:19,0,17:13,17:13,16:56,16:56,16:15,16:15,,1,0,0,2026-09-18T11:40:13.258480+00:00,operator_reported_vehicle_indication,9424c57e72ba97a32ec5c6b62c60f4aba186e8fb8381c7db965c59fa76753377
nmmt_route_live_9762_20260918,9762,9762,up,5192,41,550,567789103,1,18.971778333333337,73.00234999999999,18-09-2026 17:09:09,0,17:30,17:30,17:05,17:06,16:30,16:30,,1,0,0,2026-09-18T11:40:13.258480+00:00,operator_reported_vehicle_indication,9424c57e72ba97a32ec5c6b62c60f4aba186e8fb8381c7db965c59fa76753377
nmmt_route_live_9762_20260918,9762,9762,up,5175,42,556,567789097,1,18.9895,72.97618000000001,18-09-2026 17:03:19,0,17:34,17:34,,,16:15,16:15,17:41,0,0,0,2026-09-18T11:40:13.258480+00:00,operator_reported_vehicle_indication,9424c57e72ba97a32ec5c6b62c60f4aba186e8fb8381c7db965c59fa76753377
nmmt_route_live_9762_20260918,9762,9762,up,5175,42,550,567789103,1,18.971778333333337,73.00234999999999,18-09-2026 17:09:09,0,17:51,17:51,,,16:30,16:30,17:51,0,0,0,2026-09-18T11:40:13.258480+00:00,operator_reported_vehicle_indication,9424c57e72ba97a32ec5c6b62c60f4aba186e8fb8381c7db965c59fa76753377
nmmt_route_live_9762_20260918,9762,9762,up,2800,43,556,567789097,1,18.9895,72.97618000000001,18-09-2026 17:03:19,0,17:35,17:35,,,16:15,16:15,17:41,0,0,0,2026-09-18T11:40:13.258480+00:00,operator_reported_vehicle_indication,9424c57e72ba97a32ec5c6b62c60f4aba186e8fb8381c7db965c59fa76753377
nmmt_route_live_9762_20260918,9762,9762,up,2800,43,550,567789103,1,18.971778333333337,73.00234999999999,18-09-2026 17:09:09,0,17:52,17:52,,,16:30,16:30,17:52,0,0,0,2026-09-18T11:40:13.258480+00:00,operator_reported_vehicle_indication,9424c57e72ba97a32ec5c6b62c60f4aba186e8fb8381c7db965c59fa76753377
nmmt_route_live_9762_20260918,9762,9762,up,2797,44,556,567789097,1,18.9895,72.97618000000001,18-09-2026 17:03:19,0,17:36,17:36,,,16:15,16:15,17:42,0,0,0,2026-09-18T11:40:13.258480+00:00,operator_reported_vehicle_indication,9424c57e72ba97a32ec5c6b62c60f4aba186e8fb8381c7db965c59fa76753377
nmmt_route_live_9762_20260918,9762,9762,up,2797,44,550,567789103,1,18.971778333333337,73.00234999999999,18-09-2026 17:09:09,0,17:54,17:54,,,16:30,16:30,17:52,0,0,0,2026-09-18T11:40:13.258480+00:00,operator_reported_vehicle_indication,9424c57e72ba97a32ec5c6b62c60f4aba186e8fb8381c7db965c59fa76753377
nmmt_route_live_9762_20260918,9762,9762,up,2795,45,556,567789097,1,18.9895,72.97618000000001,18-09-2026 17:03:19,0,17:37,17:37,,,16:15,16:15,17:43,0,0,0,2026-09-18T11:40:13.258480+00:00,operator_reported_vehicle_indication,9424c57e72ba97a32ec5c6b62c60f4aba186e8fb8381c7db965c59fa76753377
nmmt_route_live_9762_20260918,9762,9762,up,2795,45,550,567789103,1,18.971778333333337,73.00234999999999,18-09-2026 17:09:09,0,17:55,17:55,,,16:30,16:30,17:53,0,0,0,2026-09-18T11:40:13.258480+00:00,operator_reported_vehicle_indication,9424c57e72ba97a32ec5c6b62c60f4aba186e8fb8381c7db965c59fa76753377
nmmt_route_live_9762_20260918,9762,9762,up,2793,46,556,567789097,1,18.9895,72.97618000000001,18-09-2026 17:03:19,0,17:40,17:40,,,16:15,16:15,17:44,0,0,0,2026-09-18T11:40:13.258480+00:00,operator_reported_vehicle_indication,9424c57e72ba97a32ec5c6b62c60f4aba186e8fb8381c7db965c59fa76753377
nmmt_route_live_9762_20260918,9762,9762,up,2793,46,550,567789103,1,18.971778333333337,73.00234999999999,18-09-2026 17:09:09,0,17:57,17:57,,,16:30,16:30,17:54,0,0,0,2026-09-18T11:40:13.258480+00:00,operator_reported_vehicle_indication,9424c57e72ba97a32ec5c6b62c60f4aba186e8fb8381c7db965c59fa76753377
nmmt_route_live_9762_20260918,9762,9762,up,2790,47,556,567789097,1,18.9895,72.97618000000001,18-09-2026 17:03:19,0,17:41,17:41,,,16:15,16:15,17:44,0,0,0,2026-09-18T11:40:13.258480+00:00,operator_reported_vehicle_indication,9424c57e72ba97a32ec5c6b62c60f4aba186e8fb8381c7db965c59fa76753377
nmmt_route_live_9762_20260918,9762,9762,up,2790,47,550,567789103,1,18.971778333333337,73.00234999999999,18-09-2026 17:09:09,0,17:58,17:58,,,16:30,16:30,17:55,0,0,0,2026-09-18T11:40:13.258480+00:00,operator_reported_vehicle_indication,9424c57e72ba97a32ec5c6b62c60f4aba186e8fb8381c7db965c59fa76753377
nmmt_route_live_9762_20260918,9762,9762,up,2789,48,556,567789097,1,18.9895,72.97618000000001,18-09-2026 17:03:19,0,17:42,17:42,,,16:15,16:15,17:45,0,0,0,2026-09-18T11:40:13.258480+00:00,operator_reported_vehicle_indication,9424c57e72ba97a32ec5c6b62c60f4aba186e8fb8381c7db965c59fa76753377
nmmt_route_live_9762_20260918,9762,9762,up,2789,48,550,567789103,1,18.971778333333337,73.00234999999999,18-09-2026 17:09:09,0,17:59,17:59,,,16:30,16:30,17:56,0,0,0,2026-09-18T11:40:13.258480+00:00,operator_reported_vehicle_indication,9424c57e72ba97a32ec5c6b62c60f4aba186e8fb8381c7db965c59fa76753377
nmmt_route_live_9762_20260918,9762,9762,up,2788,49,556,567789097,1,18.9895,72.97618000000001,18-09-2026 17:03:19,0,17:43,17:43,,,16:15,16:15,17:46,0,0,0,2026-09-18T11:40:13.258480+00:00,operator_reported_vehicle_indication,9424c57e72ba97a32ec5c6b62c60f4aba186e8fb8381c7db965c59fa76753377
nmmt_route_live_9762_20260918,9762,9762,up,2788,49,550,567789103,1,18.971778333333337,73.00234999999999,18-09-2026 17:09:09,0,18:01,18:01,,,16:30,16:30,17:57,0,0,0,2026-09-18T11:40:13.258480+00:00,operator_reported_vehicle_indication,9424c57e72ba97a32ec5c6b62c60f4aba186e8fb8381c7db965c59fa76753377
nmmt_route_live_9762_20260918,9762,9762,up,2787,50,556,567789097,1,18.9895,72.97618000000001,18-09-2026 17:03:19,0,17:44,17:44,,,16:15,16:15,17:47,0,0,0,2026-09-18T11:40:13.258480+00:00,operator_reported_vehicle_indication,9424c57e72ba97a32ec5c6b62c60f4aba186e8fb8381c7db965c59fa76753377
nmmt_route_live_9762_20260918,9762,9762,up,2787,50,550,567789103,1,18.971778333333337,73.00234999999999,18-09-2026 17:09:09,0,18:02,18:02,,,16:30,16:30,17:58,0,0,0,2026-09-18T11:40:13.258480+00:00,operator_reported_vehicle_indication,9424c57e72ba97a32ec5c6b62c60f4aba186e8fb8381c7db965c59fa76753377
nmmt_route_live_9762_20260918,9762,9762,up,2786,51,556,567789097,1,18.9895,72.97618000000001,18-09-2026 17:03:19,0,17:45,17:45,,,16:15,16:15,17:48,0,0,0,2026-09-18T11:40:13.258480+00:00,operator_reported_vehicle_indication,9424c57e72ba97a32ec5c6b62c60f4aba186e8fb8381c7db965c59fa76753377
nmmt_route_live_9762_20260918,9762,9762,up,2786,51,550,567789103,1,18.971778333333337,73.00234999999999,18-09-2026 17:09:09,0,18:03,18:03,,,16:30,16:30,17:59,0,0,0,2026-09-18T11:40:13.258480+00:00,operator_reported_vehicle_indication,9424c57e72ba97a32ec5c6b62c60f4aba186e8fb8381c7db965c59fa76753377
nmmt_route_live_9762_20260918,9762,9762,up,2785,52,556,567789097,1,18.9895,72.97618000000001,18-09-2026 17:03:19,0,17:46,17:46,,,16:15,16:15,17:49,0,0,0,2026-09-18T11:40:13.258480+00:00,operator_reported_vehicle_indication,9424c57e72ba97a32ec5c6b62c60f4aba186e8fb8381c7db965c59fa76753377
nmmt_route_live_9762_20260918,9762,9762,up,2785,52,550,567789103,1,18.971778333333337,73.00234999999999,18-09-2026 17:09:09,0,18:04,18:04,,,16:30,16:30,18:01,0,0,0,2026-09-18T11:40:13.258480+00:00,operator_reported_vehicle_indication,9424c57e72ba97a32ec5c6b62c60f4aba186e8fb8381c7db965c59fa76753377
nmmt_route_live_9762_20260918,9762,9762,up,2835,53,556,567789097,1,18.9895,72.97618000000001,18-09-2026 17:03:19,0,17:47,17:47,,,16:15,16:15,17:50,0,0,0,2026-09-18T11:40:13.258480+00:00,operator_reported_vehicle_indication,9424c57e72ba97a32ec5c6b62c60f4aba186e8fb8381c7db965c59fa76753377
nmmt_route_live_9762_20260918,9762,9762,up,2835,53,550,567789103,1,18.971778333333337,73.00234999999999,18-09-2026 17:09:09,0,18:05,18:05,,,16:30,16:30,18:00,0,0,0,2026-09-18T11:40:13.258480+00:00,operator_reported_vehicle_indication,9424c57e72ba97a32ec5c6b62c60f4aba186e8fb8381c7db965c59fa76753377
nmmt_route_live_9762_20260918,9762,9762,up,2834,54,556,567789097,1,18.9895,72.97618000000001,18-09-2026 17:03:19,0,17:49,17:49,,,16:15,16:15,17:50,0,0,0,2026-09-18T11:40:13.258480+00:00,operator_reported_vehicle_indication,9424c57e72ba97a32ec5c6b62c60f4aba186e8fb8381c7db965c59fa76753377
nmmt_route_live_9762_20260918,9762,9762,up,2834,54,550,567789103,1,18.971778333333337,73.00234999999999,18-09-2026 17:09:09,0,18:06,18:06,,,16:30,16:30,18:01,0,0,0,2026-09-18T11:40:13.258480+00:00,operator_reported_vehicle_indication,9424c57e72ba97a32ec5c6b62c60f4aba186e8fb8381c7db965c59fa76753377
nmmt_route_live_9762_20260918,9762,9762,up,2782,55,556,567789097,1,18.9895,72.97618000000001,18-09-2026 17:03:19,0,17:50,17:50,,,16:15,16:15,17:52,0,0,0,2026-09-18T11:40:13.258480+00:00,operator_reported_vehicle_indication,9424c57e72ba97a32ec5c6b62c60f4aba186e8fb8381c7db965c59fa76753377
nmmt_route_live_9762_20260918,9762,9762,up,2782,55,550,567789103,1,18.971778333333337,73.00234999999999,18-09-2026 17:09:09,0,18:08,18:08,,,16:30,16:30,18:03,0,0,0,2026-09-18T11:40:13.258480+00:00,operator_reported_vehicle_indication,9424c57e72ba97a32ec5c6b62c60f4aba186e8fb8381c7db965c59fa76753377
nmmt_route_live_9762_20260918,9762,9762,up,2781,56,556,567789097,1,18.9895,72.97618000000001,18-09-2026 17:03:19,0,17:51,17:51,,,16:15,16:15,17:52,0,0,0,2026-09-18T11:40:13.258480+00:00,operator_reported_vehicle_indication,9424c57e72ba97a32ec5c6b62c60f4aba186e8fb8381c7db965c59fa76753377
nmmt_route_live_9762_20260918,9762,9762,up,2781,56,550,567789103,1,18.971778333333337,73.00234999999999,18-09-2026 17:09:09,0,18:09,18:09,,,16:30,16:30,18:03,0,0,0,2026-09-18T11:40:13.258480+00:00,operator_reported_vehicle_indication,9424c57e72ba97a32ec5c6b62c60f4aba186e8fb8381c7db965c59fa76753377
nmmt_route_live_9762_20260918,9762,9762,up,3716,57,556,567789097,1,18.9895,72.97618000000001,18-09-2026 17:03:19,0,17:52,17:52,,,16:15,16:15,17:53,0,0,0,2026-09-18T11:40:13.258480+00:00,operator_reported_vehicle_indication,9424c57e72ba97a32ec5c6b62c60f4aba186e8fb8381c7db965c59fa76753377
nmmt_route_live_9762_20260918,9762,9762,up,3716,57,550,567789103,1,18.971778333333337,73.00234999999999,18-09-2026 17:09:09,0,18:10,18:10,,,16:30,16:30,18:03,0,0,0,2026-09-18T11:40:13.258480+00:00,operator_reported_vehicle_indication,9424c57e72ba97a32ec5c6b62c60f4aba186e8fb8381c7db965c59fa76753377
nmmt_route_live_9762_20260918,9762,9762,up,2780,58,556,567789097,1,18.9895,72.97618000000001,18-09-2026 17:03:19,0,17:53,17:53,,,16:15,16:15,17:53,0,0,0,2026-09-18T11:40:13.258480+00:00,operator_reported_vehicle_indication,9424c57e72ba97a32ec5c6b62c60f4aba186e8fb8381c7db965c59fa76753377
nmmt_route_live_9762_20260918,9762,9762,up,2780,58,550,567789103,1,18.971778333333337,73.00234999999999,18-09-2026 17:09:09,0,18:11,18:11,,,16:30,16:30,18:04,0,0,0,2026-09-18T11:40:13.258480+00:00,operator_reported_vehicle_indication,9424c57e72ba97a32ec5c6b62c60f4aba186e8fb8381c7db965c59fa76753377
nmmt_route_live_9762_20260918,9762,9762,up,2779,59,556,567789097,1,18.9895,72.97618000000001,18-09-2026 17:03:19,0,17:54,17:54,,,16:15,16:15,17:54,0,0,0,2026-09-18T11:40:13.258480+00:00,operator_reported_vehicle_indication,9424c57e72ba97a32ec5c6b62c60f4aba186e8fb8381c7db965c59fa76753377
nmmt_route_live_9762_20260918,9762,9762,up,2779,59,550,567789103,1,18.971778333333337,73.00234999999999,18-09-2026 17:09:09,0,18:12,18:12,,,16:30,16:30,18:05,0,0,0,2026-09-18T11:40:13.258480+00:00,operator_reported_vehicle_indication,9424c57e72ba97a32ec5c6b62c60f4aba186e8fb8381c7db965c59fa76753377
nmmt_route_live_9762_20260918,9762,9762,up,2778,60,556,567789097,1,18.9895,72.97618000000001,18-09-2026 17:03:19,0,17:55,17:55,,,16:15,16:15,17:54,0,0,0,2026-09-18T11:40:13.258480+00:00,operator_reported_vehicle_indication,9424c57e72ba97a32ec5c6b62c60f4aba186e8fb8381c7db965c59fa76753377
nmmt_route_live_9762_20260918,9762,9762,up,2778,60,550,567789103,1,18.971778333333337,73.00234999999999,18-09-2026 17:09:09,0,18:13,18:13,,,16:30,16:30,18:05,0,0,0,2026-09-18T11:40:13.258480+00:00,operator_reported_vehicle_indication,9424c57e72ba97a32ec5c6b62c60f4aba186e8fb8381c7db965c59fa76753377
nmmt_route_live_9762_20260918,9762,9762,up,2777,61,556,567789097,1,18.9895,72.97618000000001,18-09-2026 17:03:19,0,17:57,17:57,,,16:15,16:15,17:55,0,0,0,2026-09-18T11:40:13.258480+00:00,operator_reported_vehicle_indication,9424c57e72ba97a32ec5c6b62c60f4aba186e8fb8381c7db965c59fa76753377
nmmt_route_live_9762_20260918,9762,9762,up,2777,61,550,567789103,1,18.971778333333337,73.00234999999999,18-09-2026 17:09:09,0,18:15,18:15,,,16:30,16:30,18:06,0,0,0,2026-09-18T11:40:13.258480+00:00,operator_reported_vehicle_indication,9424c57e72ba97a32ec5c6b62c60f4aba186e8fb8381c7db965c59fa76753377
nmmt_route_live_9767_20260918,9767,9767,up,3448,1,585,567788529,1,19.031366666666667,72.89232833333334,18-09-2026 17:09:10,0,16:20,16:20,16:05,16:05,16:20,16:20,,1,0,0,2026-09-18T11:40:15.456635+00:00,operator_reported_vehicle_indication,46262bb74abcd832c1c244300e5474c2addcb880e7030b06213f0ec92b7e691f
nmmt_route_live_9767_20260918,9767,9767,up,3658,2,585,567788529,1,19.031366666666667,72.89232833333334,18-09-2026 17:09:10,0,16:21,16:21,,,16:20,16:20,,1,0,0,2026-09-18T11:40:15.456635+00:00,operator_reported_vehicle_indication,46262bb74abcd832c1c244300e5474c2addcb880e7030b06213f0ec92b7e691f
nmmt_route_live_9767_20260918,9767,9767,up,2732,3,585,567788529,1,19.031366666666667,72.89232833333334,18-09-2026 17:09:10,0,16:22,16:22,16:16,16:17,16:20,16:20,,1,0,0,2026-09-18T11:40:15.456635+00:00,operator_reported_vehicle_indication,46262bb74abcd832c1c244300e5474c2addcb880e7030b06213f0ec92b7e691f
nmmt_route_live_9767_20260918,9767,9767,up,2515,4,585,567788529,1,19.031366666666667,72.89232833333334,18-09-2026 17:09:10,0,16:23,16:23,,,16:20,16:20,,1,0,0,2026-09-18T11:40:15.456635+00:00,operator_reported_vehicle_indication,46262bb74abcd832c1c244300e5474c2addcb880e7030b06213f0ec92b7e691f
nmmt_route_live_9767_20260918,9767,9767,up,3604,5,585,567788529,1,19.031366666666667,72.89232833333334,18-09-2026 17:09:10,0,16:25,16:25,16:24,16:26,16:20,16:20,,1,0,0,2026-09-18T11:40:15.456635+00:00,operator_reported_vehicle_indication,46262bb74abcd832c1c244300e5474c2addcb880e7030b06213f0ec92b7e691f
nmmt_route_live_9767_20260918,9767,9767,up,2518,6,585,567788529,1,19.031366666666667,72.89232833333334,18-09-2026 17:09:10,0,16:27,16:27,,,16:20,16:20,,1,0,0,2026-09-18T11:40:15.456635+00:00,operator_reported_vehicle_indication,46262bb74abcd832c1c244300e5474c2addcb880e7030b06213f0ec92b7e691f
nmmt_route_live_9767_20260918,9767,9767,up,4128,7,585,567788529,1,19.031366666666667,72.89232833333334,18-09-2026 17:09:10,0,16:29,16:29,16:32,16:34,16:20,16:20,,1,0,0,2026-09-18T11:40:15.456635+00:00,operator_reported_vehicle_indication,46262bb74abcd832c1c244300e5474c2addcb880e7030b06213f0ec92b7e691f
nmmt_route_live_9767_20260918,9767,9767,up,4126,8,585,567788529,1,19.031366666666667,72.89232833333334,18-09-2026 17:09:10,0,16:31,16:31,,,16:20,16:20,,1,0,0,2026-09-18T11:40:15.456635+00:00,operator_reported_vehicle_indication,46262bb74abcd832c1c244300e5474c2addcb880e7030b06213f0ec92b7e691f
nmmt_route_live_9767_20260918,9767,9767,up,3727,9,585,567788529,1,19.031366666666667,72.89232833333334,18-09-2026 17:09:10,0,16:34,16:34,16:34,,16:20,16:20,,1,0,0,2026-09-18T11:40:15.456635+00:00,operator_reported_vehicle_indication,46262bb74abcd832c1c244300e5474c2addcb880e7030b06213f0ec92b7e691f
nmmt_route_live_9767_20260918,9767,9767,up,4125,10,585,567788529,1,19.031366666666667,72.89232833333334,18-09-2026 17:09:10,0,16:35,16:35,,,16:20,16:20,,1,0,0,2026-09-18T11:40:15.456635+00:00,operator_reported_vehicle_indication,46262bb74abcd832c1c244300e5474c2addcb880e7030b06213f0ec92b7e691f
nmmt_route_live_9767_20260918,9767,9767,up,2725,11,585,567788529,1,19.031366666666667,72.89232833333334,18-09-2026 17:09:10,0,16:37,16:37,16:38,16:38,16:20,16:20,,1,0,0,2026-09-18T11:40:15.456635+00:00,operator_reported_vehicle_indication,46262bb74abcd832c1c244300e5474c2addcb880e7030b06213f0ec92b7e691f
nmmt_route_live_9767_20260918,9767,9767,up,2724,12,585,567788529,1,19.031366666666667,72.89232833333334,18-09-2026 17:09:10,0,16:40,16:40,16:38,16:39,16:20,16:20,,1,0,0,2026-09-18T11:40:15.456635+00:00,operator_reported_vehicle_indication,46262bb74abcd832c1c244300e5474c2addcb880e7030b06213f0ec92b7e691f
nmmt_route_live_9767_20260918,9767,9767,up,2880,13,585,567788529,1,19.031366666666667,72.89232833333334,18-09-2026 17:09:10,0,16:41,16:41,,,16:20,16:20,,1,0,0,2026-09-18T11:40:15.456635+00:00,operator_reported_vehicle_indication,46262bb74abcd832c1c244300e5474c2addcb880e7030b06213f0ec92b7e691f
nmmt_route_live_9767_20260918,9767,9767,up,3601,14,585,567788529,1,19.031366666666667,72.89232833333334,18-09-2026 17:09:10,0,16:42,16:42,,,16:20,16:20,,1,0,0,2026-09-18T11:40:15.456635+00:00,operator_reported_vehicle_indication,46262bb74abcd832c1c244300e5474c2addcb880e7030b06213f0ec92b7e691f
nmmt_route_live_9767_20260918,9767,9767,up,2878,15,585,567788529,1,19.031366666666667,72.89232833333334,18-09-2026 17:09:10,0,16:43,16:43,16:45,16:46,16:20,16:20,,1,0,0,2026-09-18T11:40:15.456635+00:00,operator_reported_vehicle_indication,46262bb74abcd832c1c244300e5474c2addcb880e7030b06213f0ec92b7e691f
nmmt_route_live_9767_20260918,9767,9767,up,2877,16,585,567788529,1,19.031366666666667,72.89232833333334,18-09-2026 17:09:10,0,16:44,16:44,16:47,16:49,16:20,16:20,,1,0,0,2026-09-18T11:40:15.456635+00:00,operator_reported_vehicle_indication,46262bb74abcd832c1c244300e5474c2addcb880e7030b06213f0ec92b7e691f
nmmt_route_live_9767_20260918,9767,9767,up,2580,17,585,567788529,1,19.031366666666667,72.89232833333334,18-09-2026 17:09:10,0,16:48,16:48,,,16:20,16:20,,1,0,0,2026-09-18T11:40:15.456635+00:00,operator_reported_vehicle_indication,46262bb74abcd832c1c244300e5474c2addcb880e7030b06213f0ec92b7e691f
nmmt_route_live_9767_20260918,9767,9767,up,2876,18,585,567788529,1,19.031366666666667,72.89232833333334,18-09-2026 17:09:10,0,16:51,16:51,16:55,16:56,16:20,16:20,,1,0,0,2026-09-18T11:40:15.456635+00:00,operator_reported_vehicle_indication,46262bb74abcd832c1c244300e5474c2addcb880e7030b06213f0ec92b7e691f
nmmt_route_live_9767_20260918,9767,9767,up,2588,19,585,567788529,1,19.031366666666667,72.89232833333334,18-09-2026 17:09:10,0,16:52,16:52,,,16:20,16:20,,1,0,0,2026-09-18T11:40:15.456635+00:00,operator_reported_vehicle_indication,46262bb74abcd832c1c244300e5474c2addcb880e7030b06213f0ec92b7e691f
nmmt_route_live_9767_20260918,9767,9767,up,2592,20,585,567788529,1,19.031366666666667,72.89232833333334,18-09-2026 17:09:10,0,16:55,16:55,16:58,16:59,16:20,16:20,,1,0,0,2026-09-18T11:40:15.456635+00:00,operator_reported_vehicle_indication,46262bb74abcd832c1c244300e5474c2addcb880e7030b06213f0ec92b7e691f
nmmt_route_live_9767_20260918,9767,9767,up,3217,21,585,567788529,1,19.031366666666667,72.89232833333334,18-09-2026 17:09:10,0,16:57,16:57,16:59,16:59,16:20,16:20,,1,0,0,2026-09-18T11:40:15.456635+00:00,operator_reported_vehicle_indication,46262bb74abcd832c1c244300e5474c2addcb880e7030b06213f0ec92b7e691f
nmmt_route_live_9767_20260918,9767,9767,up,2600,22,585,567788529,1,19.031366666666667,72.89232833333334,18-09-2026 17:09:10,0,16:58,16:58,16:59,17:00,16:20,16:20,,1,0,0,2026-09-18T11:40:15.456635+00:00,operator_reported_vehicle_indication,46262bb74abcd832c1c244300e5474c2addcb880e7030b06213f0ec92b7e691f
nmmt_route_live_9767_20260918,9767,9767,up,2601,23,585,567788529,1,19.031366666666667,72.89232833333334,18-09-2026 17:09:10,0,17:00,17:00,17:01,17:02,16:20,16:20,,1,0,0,2026-09-18T11:40:15.456635+00:00,operator_reported_vehicle_indication,46262bb74abcd832c1c244300e5474c2addcb880e7030b06213f0ec92b7e691f
nmmt_route_live_9767_20260918,9767,9767,up,2603,24,585,567788529,1,19.031366666666667,72.89232833333334,18-09-2026 17:09:10,0,17:02,17:02,17:02,17:03,16:20,16:20,,1,0,0,2026-09-18T11:40:15.456635+00:00,operator_reported_vehicle_indication,46262bb74abcd832c1c244300e5474c2addcb880e7030b06213f0ec92b7e691f
nmmt_route_live_9767_20260918,9767,9767,up,2806,25,585,567788529,1,19.031366666666667,72.89232833333334,18-09-2026 17:09:10,0,17:04,17:04,,,16:20,16:20,17:10,0,0,0,2026-09-18T11:40:15.456635+00:00,operator_reported_vehicle_indication,46262bb74abcd832c1c244300e5474c2addcb880e7030b06213f0ec92b7e691f
nmmt_route_live_9767_20260918,9767,9767,up,2800,26,585,567788529,1,19.031366666666667,72.89232833333334,18-09-2026 17:09:10,0,17:22,17:22,,,16:20,16:20,17:31,0,0,0,2026-09-18T11:40:15.456635+00:00,operator_reported_vehicle_indication,46262bb74abcd832c1c244300e5474c2addcb880e7030b06213f0ec92b7e691f
nmmt_route_live_9767_20260918,9767,9767,up,2797,27,585,567788529,1,19.031366666666667,72.89232833333334,18-09-2026 17:09:10,0,17:24,17:24,,,16:20,16:20,17:33,0,0,0,2026-09-18T11:40:15.456635+00:00,operator_reported_vehicle_indication,46262bb74abcd832c1c244300e5474c2addcb880e7030b06213f0ec92b7e691f
nmmt_route_live_9767_20260918,9767,9767,up,2795,28,585,567788529,1,19.031366666666667,72.89232833333334,18-09-2026 17:09:10,0,17:25,17:25,,,16:20,16:20,17:34,0,0,0,2026-09-18T11:40:15.456635+00:00,operator_reported_vehicle_indication,46262bb74abcd832c1c244300e5474c2addcb880e7030b06213f0ec92b7e691f
nmmt_route_live_9767_20260918,9767,9767,up,2793,29,585,567788529,1,19.031366666666667,72.89232833333334,18-09-2026 17:09:10,0,17:27,17:27,,,16:20,16:20,17:35,0,0,0,2026-09-18T11:40:15.456635+00:00,operator_reported_vehicle_indication,46262bb74abcd832c1c244300e5474c2addcb880e7030b06213f0ec92b7e691f
nmmt_route_live_9767_20260918,9767,9767,up,2792,30,585,567788529,1,19.031366666666667,72.89232833333334,18-09-2026 17:09:10,0,17:28,17:28,,,16:20,16:20,17:36,0,0,0,2026-09-18T11:40:15.456635+00:00,operator_reported_vehicle_indication,46262bb74abcd832c1c244300e5474c2addcb880e7030b06213f0ec92b7e691f
nmmt_route_live_9767_20260918,9767,9767,up,2790,31,585,567788529,1,19.031366666666667,72.89232833333334,18-09-2026 17:09:10,0,17:29,17:29,,,16:20,16:20,17:37,0,0,0,2026-09-18T11:40:15.456635+00:00,operator_reported_vehicle_indication,46262bb74abcd832c1c244300e5474c2addcb880e7030b06213f0ec92b7e691f
nmmt_route_live_9767_20260918,9767,9767,up,2789,32,585,567788529,1,19.031366666666667,72.89232833333334,18-09-2026 17:09:10,0,17:30,17:30,,,16:20,16:20,17:38,0,0,0,2026-09-18T11:40:15.456635+00:00,operator_reported_vehicle_indication,46262bb74abcd832c1c244300e5474c2addcb880e7030b06213f0ec92b7e691f
nmmt_route_live_9767_20260918,9767,9767,up,2788,33,585,567788529,1,19.031366666666667,72.89232833333334,18-09-2026 17:09:10,0,17:32,17:32,,,16:20,16:20,17:40,0,0,0,2026-09-18T11:40:15.456635+00:00,operator_reported_vehicle_indication,46262bb74abcd832c1c244300e5474c2addcb880e7030b06213f0ec92b7e691f
nmmt_route_live_9767_20260918,9767,9767,up,2787,34,585,567788529,1,19.031366666666667,72.89232833333334,18-09-2026 17:09:10,0,17:34,17:34,,,16:20,16:20,17:41,0,0,0,2026-09-18T11:40:15.456635+00:00,operator_reported_vehicle_indication,46262bb74abcd832c1c244300e5474c2addcb880e7030b06213f0ec92b7e691f
nmmt_route_live_9767_20260918,9767,9767,up,2786,35,585,567788529,1,19.031366666666667,72.89232833333334,18-09-2026 17:09:10,0,17:36,17:36,,,16:20,16:20,17:43,0,0,0,2026-09-18T11:40:15.456635+00:00,operator_reported_vehicle_indication,46262bb74abcd832c1c244300e5474c2addcb880e7030b06213f0ec92b7e691f
nmmt_route_live_9767_20260918,9767,9767,up,2785,36,585,567788529,1,19.031366666666667,72.89232833333334,18-09-2026 17:09:10,0,17:38,17:38,,,16:20,16:20,17:45,0,0,0,2026-09-18T11:40:15.456635+00:00,operator_reported_vehicle_indication,46262bb74abcd832c1c244300e5474c2addcb880e7030b06213f0ec92b7e691f
nmmt_route_live_9767_20260918,9767,9767,up,2834,37,585,567788529,1,19.031366666666667,72.89232833333334,18-09-2026 17:09:10,0,17:40,17:40,,,16:20,16:20,17:46,0,0,0,2026-09-18T11:40:15.456635+00:00,operator_reported_vehicle_indication,46262bb74abcd832c1c244300e5474c2addcb880e7030b06213f0ec92b7e691f
nmmt_route_live_9767_20260918,9767,9767,up,2835,38,585,567788529,1,19.031366666666667,72.89232833333334,18-09-2026 17:09:10,0,17:42,17:42,,,16:20,16:20,17:47,0,0,0,2026-09-18T11:40:15.456635+00:00,operator_reported_vehicle_indication,46262bb74abcd832c1c244300e5474c2addcb880e7030b06213f0ec92b7e691f
nmmt_route_live_9767_20260918,9767,9767,up,2782,39,585,567788529,1,19.031366666666667,72.89232833333334,18-09-2026 17:09:10,0,17:44,17:44,,,16:20,16:20,17:49,0,0,0,2026-09-18T11:40:15.456635+00:00,operator_reported_vehicle_indication,46262bb74abcd832c1c244300e5474c2addcb880e7030b06213f0ec92b7e691f
nmmt_route_live_9767_20260918,9767,9767,up,2781,40,585,567788529,1,19.031366666666667,72.89232833333334,18-09-2026 17:09:10,0,17:47,17:47,,,16:20,16:20,17:50,0,0,0,2026-09-18T11:40:15.456635+00:00,operator_reported_vehicle_indication,46262bb74abcd832c1c244300e5474c2addcb880e7030b06213f0ec92b7e691f
nmmt_route_live_9767_20260918,9767,9767,up,3716,41,585,567788529,1,19.031366666666667,72.89232833333334,18-09-2026 17:09:10,0,17:49,17:49,,,16:20,16:20,17:50,0,0,0,2026-09-18T11:40:15.456635+00:00,operator_reported_vehicle_indication,46262bb74abcd832c1c244300e5474c2addcb880e7030b06213f0ec92b7e691f
nmmt_route_live_9767_20260918,9767,9767,up,2780,42,585,567788529,1,19.031366666666667,72.89232833333334,18-09-2026 17:09:10,0,17:51,17:51,,,16:20,16:20,17:51,0,0,0,2026-09-18T11:40:15.456635+00:00,operator_reported_vehicle_indication,46262bb74abcd832c1c244300e5474c2addcb880e7030b06213f0ec92b7e691f
nmmt_route_live_9767_20260918,9767,9767,up,2779,43,585,567788529,1,19.031366666666667,72.89232833333334,18-09-2026 17:09:10,0,17:54,17:54,,,16:20,16:20,17:52,0,0,0,2026-09-18T11:40:15.456635+00:00,operator_reported_vehicle_indication,46262bb74abcd832c1c244300e5474c2addcb880e7030b06213f0ec92b7e691f
nmmt_route_live_9767_20260918,9767,9767,up,2778,44,585,567788529,1,19.031366666666667,72.89232833333334,18-09-2026 17:09:10,0,17:56,17:56,,,16:20,16:20,17:53,0,0,0,2026-09-18T11:40:15.456635+00:00,operator_reported_vehicle_indication,46262bb74abcd832c1c244300e5474c2addcb880e7030b06213f0ec92b7e691f
nmmt_route_live_9767_20260918,9767,9767,up,2777,45,585,567788529,1,19.031366666666667,72.89232833333334,18-09-2026 17:09:10,0,18:00,18:00,,,16:20,16:20,17:54,0,0,0,2026-09-18T11:40:15.456635+00:00,operator_reported_vehicle_indication,46262bb74abcd832c1c244300e5474c2addcb880e7030b06213f0ec92b7e691f
nmmt_route_live_9855_20260918,9855,9855,down,5268,1,548,567790140,1,18.987358333333336,73.04449,18-09-2026 17:10:15,0,17:03,17:03,17:00,17:00,17:03,17:03,,1,0,0,2026-09-18T11:40:39.907149+00:00,operator_reported_vehicle_indication,f05b57e158cb5a66640378161dd7541c89a4f2daef4817dea21dc42f5a53b11b
nmmt_route_live_9855_20260918,9855,9855,down,5269,2,548,567790140,1,18.987358333333336,73.04449,18-09-2026 17:10:15,0,17:06,17:06,,,17:03,17:03,,1,0,0,2026-09-18T11:40:39.907149+00:00,operator_reported_vehicle_indication,f05b57e158cb5a66640378161dd7541c89a4f2daef4817dea21dc42f5a53b11b
nmmt_route_live_9855_20260918,9855,9855,down,5270,3,548,567790140,1,18.987358333333336,73.04449,18-09-2026 17:10:15,0,17:07,17:07,17:09,17:10,17:03,17:03,,1,0,0,2026-09-18T11:40:39.907149+00:00,operator_reported_vehicle_indication,f05b57e158cb5a66640378161dd7541c89a4f2daef4817dea21dc42f5a53b11b
nmmt_route_live_9855_20260918,9855,9855,down,5271,4,548,567790140,1,18.987358333333336,73.04449,18-09-2026 17:10:15,0,17:08,17:08,17:08,17:10,17:03,17:03,,1,0,0,2026-09-18T11:40:39.907149+00:00,operator_reported_vehicle_indication,f05b57e158cb5a66640378161dd7541c89a4f2daef4817dea21dc42f5a53b11b
nmmt_route_live_9855_20260918,9855,9855,down,5305,5,548,567790140,1,18.987358333333336,73.04449,18-09-2026 17:10:15,0,17:09,17:09,,,17:03,17:03,,1,0,0,2026-09-18T11:40:39.907149+00:00,operator_reported_vehicle_indication,f05b57e158cb5a66640378161dd7541c89a4f2daef4817dea21dc42f5a53b11b
nmmt_route_live_9855_20260918,9855,9855,down,5304,6,548,567790140,1,18.987358333333336,73.04449,18-09-2026 17:10:15,0,17:10,17:10,,,17:03,17:03,,1,0,0,2026-09-18T11:40:39.907149+00:00,operator_reported_vehicle_indication,f05b57e158cb5a66640378161dd7541c89a4f2daef4817dea21dc42f5a53b11b
nmmt_route_live_9855_20260918,9855,9855,down,5303,7,548,567790140,1,18.987358333333336,73.04449,18-09-2026 17:10:15,0,17:11,17:11,,,17:03,17:03,,1,0,0,2026-09-18T11:40:39.907149+00:00,operator_reported_vehicle_indication,f05b57e158cb5a66640378161dd7541c89a4f2daef4817dea21dc42f5a53b11b
nmmt_route_live_9855_20260918,9855,9855,down,5272,8,548,567790140,1,18.987358333333336,73.04449,18-09-2026 17:10:15,0,17:12,17:12,17:04,17:04,17:03,17:03,,1,0,0,2026-09-18T11:40:39.907149+00:00,operator_reported_vehicle_indication,f05b57e158cb5a66640378161dd7541c89a4f2daef4817dea21dc42f5a53b11b
nmmt_route_live_9855_20260918,9855,9855,down,5273,9,548,567790140,1,18.987358333333336,73.04449,18-09-2026 17:10:15,0,17:13,17:13,17:04,17:04,17:03,17:03,,0,0,0,2026-09-18T11:40:39.907149+00:00,operator_reported_vehicle_indication,f05b57e158cb5a66640378161dd7541c89a4f2daef4817dea21dc42f5a53b11b
nmmt_route_live_9855_20260918,9855,9855,down,5274,10,548,567790140,1,18.987358333333336,73.04449,18-09-2026 17:10:15,0,17:14,17:14,,,17:03,17:03,,0,0,0,2026-09-18T11:40:39.907149+00:00,operator_reported_vehicle_indication,f05b57e158cb5a66640378161dd7541c89a4f2daef4817dea21dc42f5a53b11b
nmmt_route_live_9855_20260918,9855,9855,down,5280,11,548,567790140,1,18.987358333333336,73.04449,18-09-2026 17:10:15,0,17:16,17:16,,,17:03,17:03,,0,0,0,2026-09-18T11:40:39.907149+00:00,operator_reported_vehicle_indication,f05b57e158cb5a66640378161dd7541c89a4f2daef4817dea21dc42f5a53b11b
nmmt_route_live_9855_20260918,9855,9855,down,5279,12,548,567790140,1,18.987358333333336,73.04449,18-09-2026 17:10:15,0,17:17,17:17,,,17:03,17:03,17:10,0,0,0,2026-09-18T11:40:39.907149+00:00,operator_reported_vehicle_indication,f05b57e158cb5a66640378161dd7541c89a4f2daef4817dea21dc42f5a53b11b
nmmt_route_live_9855_20260918,9855,9855,down,5278,13,548,567790140,1,18.987358333333336,73.04449,18-09-2026 17:10:15,0,17:18,17:18,,,17:03,17:03,17:10,0,0,0,2026-09-18T11:40:39.907149+00:00,operator_reported_vehicle_indication,f05b57e158cb5a66640378161dd7541c89a4f2daef4817dea21dc42f5a53b11b
nmmt_route_live_9855_20260918,9855,9855,down,5276,14,548,567790140,1,18.987358333333336,73.04449,18-09-2026 17:10:15,0,17:19,17:19,,,17:03,17:03,17:11,0,0,0,2026-09-18T11:40:39.907149+00:00,operator_reported_vehicle_indication,f05b57e158cb5a66640378161dd7541c89a4f2daef4817dea21dc42f5a53b11b
nmmt_route_live_9855_20260918,9855,9855,down,3253,15,548,567790140,1,18.987358333333336,73.04449,18-09-2026 17:10:15,0,17:21,17:21,,,17:03,17:03,17:13,0,0,0,2026-09-18T11:40:39.907149+00:00,operator_reported_vehicle_indication,f05b57e158cb5a66640378161dd7541c89a4f2daef4817dea21dc42f5a53b11b
nmmt_route_live_9855_20260918,9855,9855,down,5302,16,548,567790140,1,18.987358333333336,73.04449,18-09-2026 17:10:15,0,17:22,17:22,,,17:03,17:03,17:14,0,0,0,2026-09-18T11:40:39.907149+00:00,operator_reported_vehicle_indication,f05b57e158cb5a66640378161dd7541c89a4f2daef4817dea21dc42f5a53b11b
nmmt_route_live_9855_20260918,9855,9855,down,5301,17,548,567790140,1,18.987358333333336,73.04449,18-09-2026 17:10:15,0,17:23,17:23,,,17:03,17:03,17:14,0,0,0,2026-09-18T11:40:39.907149+00:00,operator_reported_vehicle_indication,f05b57e158cb5a66640378161dd7541c89a4f2daef4817dea21dc42f5a53b11b
nmmt_route_live_9855_20260918,9855,9855,down,5300,18,548,567790140,1,18.987358333333336,73.04449,18-09-2026 17:10:15,0,17:24,17:24,,,17:03,17:03,17:17,0,0,0,2026-09-18T11:40:39.907149+00:00,operator_reported_vehicle_indication,f05b57e158cb5a66640378161dd7541c89a4f2daef4817dea21dc42f5a53b11b
nmmt_route_live_9855_20260918,9855,9855,down,5299,19,548,567790140,1,18.987358333333336,73.04449,18-09-2026 17:10:15,0,17:25,17:25,,,17:03,17:03,17:18,0,0,0,2026-09-18T11:40:39.907149+00:00,operator_reported_vehicle_indication,f05b57e158cb5a66640378161dd7541c89a4f2daef4817dea21dc42f5a53b11b
nmmt_route_live_9855_20260918,9855,9855,down,5298,20,548,567790140,1,18.987358333333336,73.04449,18-09-2026 17:10:15,0,17:27,17:27,,,17:03,17:03,17:22,0,0,0,2026-09-18T11:40:39.907149+00:00,operator_reported_vehicle_indication,f05b57e158cb5a66640378161dd7541c89a4f2daef4817dea21dc42f5a53b11b
nmmt_route_live_9855_20260918,9855,9855,down,5297,21,548,567790140,1,18.987358333333336,73.04449,18-09-2026 17:10:15,0,17:28,17:28,,,17:03,17:03,17:23,0,0,0,2026-09-18T11:40:39.907149+00:00,operator_reported_vehicle_indication,f05b57e158cb5a66640378161dd7541c89a4f2daef4817dea21dc42f5a53b11b
nmmt_route_live_9855_20260918,9855,9855,down,5284,22,548,567790140,1,18.987358333333336,73.04449,18-09-2026 17:10:15,0,17:30,17:30,,,17:03,17:03,17:26,0,0,0,2026-09-18T11:40:39.907149+00:00,operator_reported_vehicle_indication,f05b57e158cb5a66640378161dd7541c89a4f2daef4817dea21dc42f5a53b11b
nmmt_route_live_9855_20260918,9855,9855,down,5285,23,548,567790140,1,18.987358333333336,73.04449,18-09-2026 17:10:15,0,17:31,17:31,,,17:03,17:03,17:27,0,0,0,2026-09-18T11:40:39.907149+00:00,operator_reported_vehicle_indication,f05b57e158cb5a66640378161dd7541c89a4f2daef4817dea21dc42f5a53b11b
nmmt_route_live_9855_20260918,9855,9855,down,5286,24,548,567790140,1,18.987358333333336,73.04449,18-09-2026 17:10:15,0,17:32,17:32,,,17:03,17:03,17:28,0,0,0,2026-09-18T11:40:39.907149+00:00,operator_reported_vehicle_indication,f05b57e158cb5a66640378161dd7541c89a4f2daef4817dea21dc42f5a53b11b
nmmt_route_live_9855_20260918,9855,9855,down,5287,25,548,567790140,1,18.987358333333336,73.04449,18-09-2026 17:10:15,0,17:34,17:34,,,17:03,17:03,17:29,0,0,0,2026-09-18T11:40:39.907149+00:00,operator_reported_vehicle_indication,f05b57e158cb5a66640378161dd7541c89a4f2daef4817dea21dc42f5a53b11b
nmmt_route_live_9855_20260918,9855,9855,down,5309,26,548,567790140,1,18.987358333333336,73.04449,18-09-2026 17:10:15,0,17:36,17:36,,,17:03,17:03,17:30,0,0,0,2026-09-18T11:40:39.907149+00:00,operator_reported_vehicle_indication,f05b57e158cb5a66640378161dd7541c89a4f2daef4817dea21dc42f5a53b11b
nmmt_route_live_9855_20260918,9855,9855,down,5308,27,548,567790140,1,18.987358333333336,73.04449,18-09-2026 17:10:15,0,17:37,17:37,,,17:03,17:03,17:31,0,0,0,2026-09-18T11:40:39.907149+00:00,operator_reported_vehicle_indication,f05b57e158cb5a66640378161dd7541c89a4f2daef4817dea21dc42f5a53b11b
nmmt_route_live_9855_20260918,9855,9855,down,5307,28,548,567790140,1,18.987358333333336,73.04449,18-09-2026 17:10:15,0,17:38,17:38,,,17:03,17:03,17:32,0,0,0,2026-09-18T11:40:39.907149+00:00,operator_reported_vehicle_indication,f05b57e158cb5a66640378161dd7541c89a4f2daef4817dea21dc42f5a53b11b
nmmt_route_live_9855_20260918,9855,9855,down,5306,29,548,567790140,1,18.987358333333336,73.04449,18-09-2026 17:10:15,0,17:39,17:39,,,17:03,17:03,17:32,0,0,0,2026-09-18T11:40:39.907149+00:00,operator_reported_vehicle_indication,f05b57e158cb5a66640378161dd7541c89a4f2daef4817dea21dc42f5a53b11b
nmmt_route_live_9855_20260918,9855,9855,down,3722,30,548,567790140,1,18.987358333333336,73.04449,18-09-2026 17:10:15,0,17:40,17:40,,,17:03,17:03,17:33,0,0,0,2026-09-18T11:40:39.907149+00:00,operator_reported_vehicle_indication,f05b57e158cb5a66640378161dd7541c89a4f2daef4817dea21dc42f5a53b11b
nmmt_route_live_9855_20260918,9855,9855,down,3399,31,548,567790140,1,18.987358333333336,73.04449,18-09-2026 17:10:15,0,17:41,17:41,,,17:03,17:03,17:34,0,0,0,2026-09-18T11:40:39.907149+00:00,operator_reported_vehicle_indication,f05b57e158cb5a66640378161dd7541c89a4f2daef4817dea21dc42f5a53b11b
nmmt_route_live_9855_20260918,9855,9855,down,3398,32,548,567790140,1,18.987358333333336,73.04449,18-09-2026 17:10:15,0,17:42,17:42,,,17:03,17:03,17:34,0,0,0,2026-09-18T11:40:39.907149+00:00,operator_reported_vehicle_indication,f05b57e158cb5a66640378161dd7541c89a4f2daef4817dea21dc42f5a53b11b
nmmt_route_live_9855_20260918,9855,9855,down,3397,33,548,567790140,1,18.987358333333336,73.04449,18-09-2026 17:10:15,0,17:43,17:43,,,17:03,17:03,17:35,0,0,0,2026-09-18T11:40:39.907149+00:00,operator_reported_vehicle_indication,f05b57e158cb5a66640378161dd7541c89a4f2daef4817dea21dc42f5a53b11b
nmmt_route_live_9855_20260918,9855,9855,down,3396,34,548,567790140,1,18.987358333333336,73.04449,18-09-2026 17:10:15,0,17:44,17:44,,,17:03,17:03,17:35,0,0,0,2026-09-18T11:40:39.907149+00:00,operator_reported_vehicle_indication,f05b57e158cb5a66640378161dd7541c89a4f2daef4817dea21dc42f5a53b11b
nmmt_route_live_9855_20260918,9855,9855,down,3719,35,548,567790140,1,18.987358333333336,73.04449,18-09-2026 17:10:15,0,17:43,17:43,,,17:03,17:03,17:36,0,0,0,2026-09-18T11:40:39.907149+00:00,operator_reported_vehicle_indication,f05b57e158cb5a66640378161dd7541c89a4f2daef4817dea21dc42f5a53b11b
nmmt_route_live_9855_20260918,9855,9855,down,3395,36,548,567790140,1,18.987358333333336,73.04449,18-09-2026 17:10:15,0,17:44,17:44,,,17:03,17:03,17:36,0,0,0,2026-09-18T11:40:39.907149+00:00,operator_reported_vehicle_indication,f05b57e158cb5a66640378161dd7541c89a4f2daef4817dea21dc42f5a53b11b
nmmt_route_live_9855_20260918,9855,9855,down,3718,37,548,567790140,1,18.987358333333336,73.04449,18-09-2026 17:10:15,0,17:45,17:45,,,17:03,17:03,17:37,0,0,0,2026-09-18T11:40:39.907149+00:00,operator_reported_vehicle_indication,f05b57e158cb5a66640378161dd7541c89a4f2daef4817dea21dc42f5a53b11b
nmmt_route_live_9855_20260918,9855,9855,down,3720,38,548,567790140,1,18.987358333333336,73.04449,18-09-2026 17:10:15,0,17:46,17:46,,,17:03,17:03,17:38,0,0,0,2026-09-18T11:40:39.907149+00:00,operator_reported_vehicle_indication,f05b57e158cb5a66640378161dd7541c89a4f2daef4817dea21dc42f5a53b11b
nmmt_route_live_9855_20260918,9855,9855,down,2775,39,548,567790140,1,18.987358333333336,73.04449,18-09-2026 17:10:15,0,17:47,17:47,,,17:03,17:03,17:38,0,0,0,2026-09-18T11:40:39.907149+00:00,operator_reported_vehicle_indication,f05b57e158cb5a66640378161dd7541c89a4f2daef4817dea21dc42f5a53b11b
nmmt_route_live_9855_20260918,9855,9855,down,2776,40,548,567790140,1,18.987358333333336,73.04449,18-09-2026 17:10:15,0,17:48,17:48,,,17:03,17:03,17:40,0,0,0,2026-09-18T11:40:39.907149+00:00,operator_reported_vehicle_indication,f05b57e158cb5a66640378161dd7541c89a4f2daef4817dea21dc42f5a53b11b
nmmt_route_live_9904_20260918,9904,9904,down,2836,1,688,567786846,2,19.148779,72.942993,18-09-2026 17:10:42,0,15:50,15:50,15:52,15:52,15:50,15:50,,1,0,0,2026-09-18T11:40:48.139428+00:00,operator_reported_vehicle_indication,8b6462fe665e3d310689c1d1a3370d21d93ce8eb8a07a67953cc68ac4437dbf5
nmmt_route_live_9904_20260918,9904,9904,down,2812,2,688,567786846,2,19.148779,72.942993,18-09-2026 17:10:42,0,15:52,15:52,16:08,16:08,15:50,15:50,,1,0,0,2026-09-18T11:40:48.139428+00:00,operator_reported_vehicle_indication,8b6462fe665e3d310689c1d1a3370d21d93ce8eb8a07a67953cc68ac4437dbf5
nmmt_route_live_9904_20260918,9904,9904,down,2813,3,688,567786846,2,19.148779,72.942993,18-09-2026 17:10:42,0,15:53,15:53,16:09,16:09,15:50,15:50,,1,0,0,2026-09-18T11:40:48.139428+00:00,operator_reported_vehicle_indication,8b6462fe665e3d310689c1d1a3370d21d93ce8eb8a07a67953cc68ac4437dbf5
nmmt_route_live_9904_20260918,9904,9904,down,2815,4,688,567786846,2,19.148779,72.942993,18-09-2026 17:10:42,0,15:54,15:54,16:12,16:13,15:50,15:50,,1,0,0,2026-09-18T11:40:48.139428+00:00,operator_reported_vehicle_indication,8b6462fe665e3d310689c1d1a3370d21d93ce8eb8a07a67953cc68ac4437dbf5
nmmt_route_live_9904_20260918,9904,9904,down,2840,5,688,567786846,2,19.148779,72.942993,18-09-2026 17:10:42,0,15:56,15:56,16:14,16:15,15:50,15:50,,1,0,0,2026-09-18T11:40:48.139428+00:00,operator_reported_vehicle_indication,8b6462fe665e3d310689c1d1a3370d21d93ce8eb8a07a67953cc68ac4437dbf5
nmmt_route_live_9904_20260918,9904,9904,down,2841,6,688,567786846,2,19.148779,72.942993,18-09-2026 17:10:42,0,15:57,15:57,16:16,16:16,15:50,15:50,,1,0,0,2026-09-18T11:40:48.139428+00:00,operator_reported_vehicle_indication,8b6462fe665e3d310689c1d1a3370d21d93ce8eb8a07a67953cc68ac4437dbf5
nmmt_route_live_9904_20260918,9904,9904,down,2842,7,688,567786846,2,19.148779,72.942993,18-09-2026 17:10:42,0,15:58,15:58,16:16,16:17,15:50,15:50,,1,0,0,2026-09-18T11:40:48.139428+00:00,operator_reported_vehicle_indication,8b6462fe665e3d310689c1d1a3370d21d93ce8eb8a07a67953cc68ac4437dbf5
nmmt_route_live_9904_20260918,9904,9904,down,2843,8,688,567786846,2,19.148779,72.942993,18-09-2026 17:10:42,0,15:59,15:59,16:19,16:19,15:50,15:50,,1,0,0,2026-09-18T11:40:48.139428+00:00,operator_reported_vehicle_indication,8b6462fe665e3d310689c1d1a3370d21d93ce8eb8a07a67953cc68ac4437dbf5
nmmt_route_live_9904_20260918,9904,9904,down,2844,9,688,567786846,2,19.148779,72.942993,18-09-2026 17:10:42,0,16:00,16:00,16:20,16:20,15:50,15:50,,1,0,0,2026-09-18T11:40:48.139428+00:00,operator_reported_vehicle_indication,8b6462fe665e3d310689c1d1a3370d21d93ce8eb8a07a67953cc68ac4437dbf5
nmmt_route_live_9904_20260918,9904,9904,down,2845,10,688,567786846,2,19.148779,72.942993,18-09-2026 17:10:42,0,16:02,16:02,16:21,16:21,15:50,15:50,,1,0,0,2026-09-18T11:40:48.139428+00:00,operator_reported_vehicle_indication,8b6462fe665e3d310689c1d1a3370d21d93ce8eb8a07a67953cc68ac4437dbf5
nmmt_route_live_9904_20260918,9904,9904,down,2846,11,688,567786846,2,19.148779,72.942993,18-09-2026 17:10:42,0,16:03,16:03,16:22,16:22,15:50,15:50,,1,0,0,2026-09-18T11:40:48.139428+00:00,operator_reported_vehicle_indication,8b6462fe665e3d310689c1d1a3370d21d93ce8eb8a07a67953cc68ac4437dbf5
nmmt_route_live_9904_20260918,9904,9904,down,2847,12,688,567786846,2,19.148779,72.942993,18-09-2026 17:10:42,0,16:04,16:04,16:22,16:23,15:50,15:50,,1,0,0,2026-09-18T11:40:48.139428+00:00,operator_reported_vehicle_indication,8b6462fe665e3d310689c1d1a3370d21d93ce8eb8a07a67953cc68ac4437dbf5
nmmt_route_live_9904_20260918,9904,9904,down,4513,13,688,567786846,2,19.148779,72.942993,18-09-2026 17:10:42,0,16:05,16:05,16:24,16:24,15:50,15:50,,1,0,0,2026-09-18T11:40:48.139428+00:00,operator_reported_vehicle_indication,8b6462fe665e3d310689c1d1a3370d21d93ce8eb8a07a67953cc68ac4437dbf5
nmmt_route_live_9904_20260918,9904,9904,down,4512,14,688,567786846,2,19.148779,72.942993,18-09-2026 17:10:42,0,16:06,16:06,16:32,16:33,15:50,15:50,,1,0,0,2026-09-18T11:40:48.139428+00:00,operator_reported_vehicle_indication,8b6462fe665e3d310689c1d1a3370d21d93ce8eb8a07a67953cc68ac4437dbf5
nmmt_route_live_9904_20260918,9904,9904,down,4511,15,688,567786846,2,19.148779,72.942993,18-09-2026 17:10:42,0,16:08,16:08,16:36,16:36,15:50,15:50,,1,0,0,2026-09-18T11:40:48.139428+00:00,operator_reported_vehicle_indication,8b6462fe665e3d310689c1d1a3370d21d93ce8eb8a07a67953cc68ac4437dbf5
nmmt_route_live_9904_20260918,9904,9904,down,4510,16,688,567786846,2,19.148779,72.942993,18-09-2026 17:10:42,0,16:09,16:09,16:39,16:39,15:50,15:50,,1,0,0,2026-09-18T11:40:48.139428+00:00,operator_reported_vehicle_indication,8b6462fe665e3d310689c1d1a3370d21d93ce8eb8a07a67953cc68ac4437dbf5
nmmt_route_live_9904_20260918,9904,9904,down,4509,17,688,567786846,2,19.148779,72.942993,18-09-2026 17:10:42,0,16:10,16:10,16:41,16:41,15:50,15:50,,1,0,0,2026-09-18T11:40:48.139428+00:00,operator_reported_vehicle_indication,8b6462fe665e3d310689c1d1a3370d21d93ce8eb8a07a67953cc68ac4437dbf5
nmmt_route_live_9904_20260918,9904,9904,down,4508,18,688,567786846,2,19.148779,72.942993,18-09-2026 17:10:42,0,16:11,16:11,16:42,16:42,15:50,15:50,,1,0,0,2026-09-18T11:40:48.139428+00:00,operator_reported_vehicle_indication,8b6462fe665e3d310689c1d1a3370d21d93ce8eb8a07a67953cc68ac4437dbf5
nmmt_route_live_9904_20260918,9904,9904,down,4506,19,688,567786846,2,19.148779,72.942993,18-09-2026 17:10:42,0,16:14,16:14,16:47,16:47,15:50,15:50,,1,0,0,2026-09-18T11:40:48.139428+00:00,operator_reported_vehicle_indication,8b6462fe665e3d310689c1d1a3370d21d93ce8eb8a07a67953cc68ac4437dbf5
nmmt_route_live_9904_20260918,9904,9904,down,4505,20,688,567786846,2,19.148779,72.942993,18-09-2026 17:10:42,0,16:15,16:15,16:48,16:48,15:50,15:50,,1,0,0,2026-09-18T11:40:48.139428+00:00,operator_reported_vehicle_indication,8b6462fe665e3d310689c1d1a3370d21d93ce8eb8a07a67953cc68ac4437dbf5
nmmt_route_live_9904_20260918,9904,9904,down,2575,21,688,567786846,2,19.148779,72.942993,18-09-2026 17:10:42,0,16:16,16:16,16:52,16:53,15:50,15:50,,1,0,0,2026-09-18T11:40:48.139428+00:00,operator_reported_vehicle_indication,8b6462fe665e3d310689c1d1a3370d21d93ce8eb8a07a67953cc68ac4437dbf5
nmmt_route_live_9904_20260918,9904,9904,down,2581,22,688,567786846,2,19.148779,72.942993,18-09-2026 17:10:42,0,16:17,16:17,16:54,16:54,15:50,15:50,,1,0,0,2026-09-18T11:40:48.139428+00:00,operator_reported_vehicle_indication,8b6462fe665e3d310689c1d1a3370d21d93ce8eb8a07a67953cc68ac4437dbf5
nmmt_route_live_9904_20260918,9904,9904,down,2578,23,688,567786846,2,19.148779,72.942993,18-09-2026 17:10:42,0,16:19,16:19,16:56,16:56,15:50,15:50,,1,0,0,2026-09-18T11:40:48.139428+00:00,operator_reported_vehicle_indication,8b6462fe665e3d310689c1d1a3370d21d93ce8eb8a07a67953cc68ac4437dbf5
nmmt_route_live_9904_20260918,9904,9904,down,4501,24,688,567786846,2,19.148779,72.942993,18-09-2026 17:10:42,0,16:20,16:20,16:57,16:57,15:50,15:50,,1,0,0,2026-09-18T11:40:48.139428+00:00,operator_reported_vehicle_indication,8b6462fe665e3d310689c1d1a3370d21d93ce8eb8a07a67953cc68ac4437dbf5
nmmt_route_live_9904_20260918,9904,9904,down,3549,25,688,567786846,2,19.148779,72.942993,18-09-2026 17:10:42,0,16:21,16:21,16:58,16:58,15:50,15:50,,1,0,0,2026-09-18T11:40:48.139428+00:00,operator_reported_vehicle_indication,8b6462fe665e3d310689c1d1a3370d21d93ce8eb8a07a67953cc68ac4437dbf5
nmmt_route_live_9904_20260918,9904,9904,down,3550,26,688,567786846,2,19.148779,72.942993,18-09-2026 17:10:42,0,16:23,16:23,17:01,17:01,15:50,15:50,,1,0,0,2026-09-18T11:40:48.139428+00:00,operator_reported_vehicle_indication,8b6462fe665e3d310689c1d1a3370d21d93ce8eb8a07a67953cc68ac4437dbf5
nmmt_route_live_9904_20260918,9904,9904,down,3551,27,688,567786846,2,19.148779,72.942993,18-09-2026 17:10:42,0,16:26,16:26,17:02,17:02,15:50,15:50,,1,0,0,2026-09-18T11:40:48.139428+00:00,operator_reported_vehicle_indication,8b6462fe665e3d310689c1d1a3370d21d93ce8eb8a07a67953cc68ac4437dbf5
nmmt_route_live_9904_20260918,9904,9904,down,3552,28,688,567786846,2,19.148779,72.942993,18-09-2026 17:10:42,0,16:28,16:28,17:03,17:03,15:50,15:50,,1,0,0,2026-09-18T11:40:48.139428+00:00,operator_reported_vehicle_indication,8b6462fe665e3d310689c1d1a3370d21d93ce8eb8a07a67953cc68ac4437dbf5
nmmt_route_live_9904_20260918,9904,9904,down,3553,29,688,567786846,2,19.148779,72.942993,18-09-2026 17:10:42,0,16:30,16:30,17:04,17:04,15:50,15:50,,1,0,0,2026-09-18T11:40:48.139428+00:00,operator_reported_vehicle_indication,8b6462fe665e3d310689c1d1a3370d21d93ce8eb8a07a67953cc68ac4437dbf5
nmmt_route_live_9904_20260918,9904,9904,down,3554,30,688,567786846,2,19.148779,72.942993,18-09-2026 17:10:42,0,16:31,16:31,17:06,17:06,15:50,15:50,,1,0,0,2026-09-18T11:40:48.139428+00:00,operator_reported_vehicle_indication,8b6462fe665e3d310689c1d1a3370d21d93ce8eb8a07a67953cc68ac4437dbf5
nmmt_route_live_9904_20260918,9904,9904,down,3555,31,688,567786846,2,19.148779,72.942993,18-09-2026 17:10:42,0,16:32,16:32,17:07,17:07,15:50,15:50,,1,0,0,2026-09-18T11:40:48.139428+00:00,operator_reported_vehicle_indication,8b6462fe665e3d310689c1d1a3370d21d93ce8eb8a07a67953cc68ac4437dbf5
nmmt_route_live_9904_20260918,9904,9904,down,3556,32,688,567786846,2,19.148779,72.942993,18-09-2026 17:10:42,0,16:33,16:33,17:07,17:07,15:50,15:50,,1,0,0,2026-09-18T11:40:48.139428+00:00,operator_reported_vehicle_indication,8b6462fe665e3d310689c1d1a3370d21d93ce8eb8a07a67953cc68ac4437dbf5
nmmt_route_live_9904_20260918,9904,9904,down,3557,33,688,567786846,2,19.148779,72.942993,18-09-2026 17:10:42,0,16:34,16:34,17:09,17:09,15:50,15:50,,1,0,0,2026-09-18T11:40:48.139428+00:00,operator_reported_vehicle_indication,8b6462fe665e3d310689c1d1a3370d21d93ce8eb8a07a67953cc68ac4437dbf5
nmmt_route_live_9904_20260918,9904,9904,down,3558,34,688,567786846,2,19.148779,72.942993,18-09-2026 17:10:42,0,16:36,16:36,17:10,17:10,15:50,15:50,17:10,1,0,0,2026-09-18T11:40:48.139428+00:00,operator_reported_vehicle_indication,8b6462fe665e3d310689c1d1a3370d21d93ce8eb8a07a67953cc68ac4437dbf5
nmmt_route_live_9904_20260918,9904,9904,down,3559,35,688,567786846,2,19.148779,72.942993,18-09-2026 17:10:42,0,16:38,16:38,,,15:50,15:50,17:11,0,0,0,2026-09-18T11:40:48.139428+00:00,operator_reported_vehicle_indication,8b6462fe665e3d310689c1d1a3370d21d93ce8eb8a07a67953cc68ac4437dbf5
nmmt_route_live_9904_20260918,9904,9904,down,3561,36,688,567786846,2,19.148779,72.942993,18-09-2026 17:10:42,0,16:40,16:40,,,15:50,15:50,17:12,0,0,0,2026-09-18T11:40:48.139428+00:00,operator_reported_vehicle_indication,8b6462fe665e3d310689c1d1a3370d21d93ce8eb8a07a67953cc68ac4437dbf5
nmmt_route_live_9904_20260918,9904,9904,down,2643,37,688,567786846,2,19.148779,72.942993,18-09-2026 17:10:42,0,16:44,16:44,,,15:50,15:50,17:13,0,0,0,2026-09-18T11:40:48.139428+00:00,operator_reported_vehicle_indication,8b6462fe665e3d310689c1d1a3370d21d93ce8eb8a07a67953cc68ac4437dbf5
nmmt_route_live_9904_20260918,9904,9904,down,4548,38,688,567786846,2,19.148779,72.942993,18-09-2026 17:10:42,0,16:47,16:47,,,15:50,15:50,17:14,0,0,0,2026-09-18T11:40:48.139428+00:00,operator_reported_vehicle_indication,8b6462fe665e3d310689c1d1a3370d21d93ce8eb8a07a67953cc68ac4437dbf5
nmmt_route_live_9904_20260918,9904,9904,down,4496,39,688,567786846,2,19.148779,72.942993,18-09-2026 17:10:42,0,16:51,16:51,,,15:50,15:50,17:16,0,0,0,2026-09-18T11:40:48.139428+00:00,operator_reported_vehicle_indication,8b6462fe665e3d310689c1d1a3370d21d93ce8eb8a07a67953cc68ac4437dbf5
nmmt_route_live_9904_20260918,9904,9904,down,4495,40,688,567786846,2,19.148779,72.942993,18-09-2026 17:10:42,0,16:53,16:53,,,15:50,15:50,17:17,0,0,0,2026-09-18T11:40:48.139428+00:00,operator_reported_vehicle_indication,8b6462fe665e3d310689c1d1a3370d21d93ce8eb8a07a67953cc68ac4437dbf5
nmmt_route_live_9904_20260918,9904,9904,down,4494,41,688,567786846,2,19.148779,72.942993,18-09-2026 17:10:42,0,16:54,16:54,,,15:50,15:50,17:21,0,0,0,2026-09-18T11:40:48.139428+00:00,operator_reported_vehicle_indication,8b6462fe665e3d310689c1d1a3370d21d93ce8eb8a07a67953cc68ac4437dbf5
nmmt_route_live_9904_20260918,9904,9904,down,4493,42,688,567786846,2,19.148779,72.942993,18-09-2026 17:10:42,0,17:05,17:05,,,15:50,15:50,17:26,0,0,0,2026-09-18T11:40:48.139428+00:00,operator_reported_vehicle_indication,8b6462fe665e3d310689c1d1a3370d21d93ce8eb8a07a67953cc68ac4437dbf5
nmmt_route_live_9904_20260918,9904,9904,down,4063,43,688,567786846,2,19.148779,72.942993,18-09-2026 17:10:42,0,17:07,17:07,,,15:50,15:50,17:26,0,0,0,2026-09-18T11:40:48.139428+00:00,operator_reported_vehicle_indication,8b6462fe665e3d310689c1d1a3370d21d93ce8eb8a07a67953cc68ac4437dbf5
nmmt_route_live_9904_20260918,9904,9904,down,3910,44,688,567786846,2,19.148779,72.942993,18-09-2026 17:10:42,0,17:10,17:10,,,15:50,15:50,17:27,0,0,0,2026-09-18T11:40:48.139428+00:00,operator_reported_vehicle_indication,8b6462fe665e3d310689c1d1a3370d21d93ce8eb8a07a67953cc68ac4437dbf5
nmmt_route_live_9904_20260918,9904,9904,down,3909,45,688,567786846,2,19.148779,72.942993,18-09-2026 17:10:42,0,17:12,17:12,,,15:50,15:50,17:27,0,0,0,2026-09-18T11:40:48.139428+00:00,operator_reported_vehicle_indication,8b6462fe665e3d310689c1d1a3370d21d93ce8eb8a07a67953cc68ac4437dbf5
nmmt_route_live_9904_20260918,9904,9904,down,3135,46,688,567786846,2,19.148779,72.942993,18-09-2026 17:10:42,0,17:14,17:14,,,15:50,15:50,17:28,0,0,0,2026-09-18T11:40:48.139428+00:00,operator_reported_vehicle_indication,8b6462fe665e3d310689c1d1a3370d21d93ce8eb8a07a67953cc68ac4437dbf5
nmmt_route_live_9904_20260918,9904,9904,down,3136,47,688,567786846,2,19.148779,72.942993,18-09-2026 17:10:42,0,17:17,17:17,,,15:50,15:50,17:29,0,0,0,2026-09-18T11:40:48.139428+00:00,operator_reported_vehicle_indication,8b6462fe665e3d310689c1d1a3370d21d93ce8eb8a07a67953cc68ac4437dbf5
nmmt_route_live_9904_20260918,9904,9904,down,4065,48,688,567786846,2,19.148779,72.942993,18-09-2026 17:10:42,0,17:19,17:19,,,15:50,15:50,17:30,0,0,0,2026-09-18T11:40:48.139428+00:00,operator_reported_vehicle_indication,8b6462fe665e3d310689c1d1a3370d21d93ce8eb8a07a67953cc68ac4437dbf5
nmmt_route_live_9904_20260918,9904,9904,down,3137,49,688,567786846,2,19.148779,72.942993,18-09-2026 17:10:42,0,17:21,17:21,,,15:50,15:50,17:31,0,0,0,2026-09-18T11:40:48.139428+00:00,operator_reported_vehicle_indication,8b6462fe665e3d310689c1d1a3370d21d93ce8eb8a07a67953cc68ac4437dbf5
