train_number,pattern_id,constrained_candidate_ids_json,candidate_count,status,timetable_coverage_status,timetable_applicability,calendar_status,schedule_export_eligible
91392,3fc4dce60cc4188d461fcebca783e7aa5bd9ff0164ac84d7d3f0271768e37299,"[""e355cb173d4357a40adfd5650a575b47c58a68d3838b6f29a3934e99563f422d""]",1,fixed_mapped_track_candidates,published_table_coverage_not_geographic_validation,mixed_2024_and_2026_vintages_reconcile_amendments,not_assembled,False
91393,69aef123fe3d6696824320e1f59b429fb1076e9f0907ab3f8cebab5fb5147d88,"[""65e09a8ad9758a099f422d6f3419faadc5eb0b3da718b70e3b90d29c5560eb07""]",1,fixed_mapped_track_candidates,published_table_coverage_not_geographic_validation,mixed_2024_and_2026_vintages_reconcile_amendments,not_assembled,False
91394,3fc4dce60cc4188d461fcebca783e7aa5bd9ff0164ac84d7d3f0271768e37299,"[""e355cb173d4357a40adfd5650a575b47c58a68d3838b6f29a3934e99563f422d""]",1,fixed_mapped_track_candidates,published_table_coverage_not_geographic_validation,mixed_2024_and_2026_vintages_reconcile_amendments,not_assembled,False
91395,69aef123fe3d6696824320e1f59b429fb1076e9f0907ab3f8cebab5fb5147d88,"[""65e09a8ad9758a099f422d6f3419faadc5eb0b3da718b70e3b90d29c5560eb07""]",1,fixed_mapped_track_candidates,published_table_coverage_not_geographic_validation,mixed_2024_and_2026_vintages_reconcile_amendments,not_assembled,False
91396,3fc4dce60cc4188d461fcebca783e7aa5bd9ff0164ac84d7d3f0271768e37299,"[""e355cb173d4357a40adfd5650a575b47c58a68d3838b6f29a3934e99563f422d""]",1,fixed_mapped_track_candidates,published_table_coverage_not_geographic_validation,mixed_2024_and_2026_vintages_reconcile_amendments,not_assembled,False
91491,2f7d94adc2a8901d0ea7f7789c7f85c1f890fa4ae9653876b7486c54f16a9d75,[],0,no_complete_single_mapped_chain_assignment,external_branch_incomplete,mixed_2024_and_2026_vintages_reconcile_amendments,not_assembled,False
98001,6a03f1a8ea6c9e88b5a4566aebc9983dcbd4c6ed20e35d3ed201b497de4cf473,"[""61fa7ba764acfe315c829453922ca11b42f479a67bd2707269e9f1316a02adfa""]",1,fixed_mapped_track_candidates,published_table_coverage_not_geographic_validation,mixed_2024_and_2026_vintages_reconcile_amendments,not_assembled,False
98002,180c40af9af92646aa3fb71cbb6c98457a41dec550c8177c080cefb30dcdb2a3,"[""eb88ea10c3e69db02e2c2e2c23590af7a5e7bafecce05634c5fb335bb05feef5""]",1,fixed_mapped_track_candidates,published_table_coverage_not_geographic_validation,mixed_2024_and_2026_vintages_reconcile_amendments,not_assembled,False
98003,6a03f1a8ea6c9e88b5a4566aebc9983dcbd4c6ed20e35d3ed201b497de4cf473,"[""61fa7ba764acfe315c829453922ca11b42f479a67bd2707269e9f1316a02adfa""]",1,fixed_mapped_track_candidates,published_table_coverage_not_geographic_validation,mixed_2024_and_2026_vintages_reconcile_amendments,not_assembled,False
98004,180c40af9af92646aa3fb71cbb6c98457a41dec550c8177c080cefb30dcdb2a3,"[""eb88ea10c3e69db02e2c2e2c23590af7a5e7bafecce05634c5fb335bb05feef5""]",1,fixed_mapped_track_candidates,published_table_coverage_not_geographic_validation,mixed_2024_and_2026_vintages_reconcile_amendments,not_assembled,False
98005,6a03f1a8ea6c9e88b5a4566aebc9983dcbd4c6ed20e35d3ed201b497de4cf473,"[""61fa7ba764acfe315c829453922ca11b42f479a67bd2707269e9f1316a02adfa""]",1,fixed_mapped_track_candidates,published_table_coverage_not_geographic_validation,mixed_2024_and_2026_vintages_reconcile_amendments,not_assembled,False
98006,180c40af9af92646aa3fb71cbb6c98457a41dec550c8177c080cefb30dcdb2a3,"[""eb88ea10c3e69db02e2c2e2c23590af7a5e7bafecce05634c5fb335bb05feef5""]",1,fixed_mapped_track_candidates,published_table_coverage_not_geographic_validation,mixed_2024_and_2026_vintages_reconcile_amendments,not_assembled,False
98007,6a03f1a8ea6c9e88b5a4566aebc9983dcbd4c6ed20e35d3ed201b497de4cf473,"[""61fa7ba764acfe315c829453922ca11b42f479a67bd2707269e9f1316a02adfa""]",1,fixed_mapped_track_candidates,published_table_coverage_not_geographic_validation,mixed_2024_and_2026_vintages_reconcile_amendments,not_assembled,False
98008,180c40af9af92646aa3fb71cbb6c98457a41dec550c8177c080cefb30dcdb2a3,"[""eb88ea10c3e69db02e2c2e2c23590af7a5e7bafecce05634c5fb335bb05feef5""]",1,fixed_mapped_track_candidates,published_table_coverage_not_geographic_validation,mixed_2024_and_2026_vintages_reconcile_amendments,not_assembled,False
98009,1e882f814a854be1e1d8a82277a05c0403326965c891314153f605a1e0cae85b,"[""ebcccae2856273db827072788d1862f4f7474dec8d6afbcc187ce7fc8cbfc9b7""]",1,fixed_mapped_track_candidates,published_table_coverage_not_geographic_validation,mixed_2024_and_2026_vintages_reconcile_amendments,not_assembled,False
98010,180c40af9af92646aa3fb71cbb6c98457a41dec550c8177c080cefb30dcdb2a3,"[""eb88ea10c3e69db02e2c2e2c23590af7a5e7bafecce05634c5fb335bb05feef5""]",1,fixed_mapped_track_candidates,published_table_coverage_not_geographic_validation,mixed_2024_and_2026_vintages_reconcile_amendments,not_assembled,False
98011,6a03f1a8ea6c9e88b5a4566aebc9983dcbd4c6ed20e35d3ed201b497de4cf473,"[""61fa7ba764acfe315c829453922ca11b42f479a67bd2707269e9f1316a02adfa""]",1,fixed_mapped_track_candidates,published_table_coverage_not_geographic_validation,mixed_2024_and_2026_vintages_reconcile_amendments,not_assembled,False
98012,180c40af9af92646aa3fb71cbb6c98457a41dec550c8177c080cefb30dcdb2a3,"[""eb88ea10c3e69db02e2c2e2c23590af7a5e7bafecce05634c5fb335bb05feef5""]",1,fixed_mapped_track_candidates,published_table_coverage_not_geographic_validation,mixed_2024_and_2026_vintages_reconcile_amendments,not_assembled,False
98013,6a03f1a8ea6c9e88b5a4566aebc9983dcbd4c6ed20e35d3ed201b497de4cf473,"[""61fa7ba764acfe315c829453922ca11b42f479a67bd2707269e9f1316a02adfa""]",1,fixed_mapped_track_candidates,published_table_coverage_not_geographic_validation,mixed_2024_and_2026_vintages_reconcile_amendments,not_assembled,False
98014,180c40af9af92646aa3fb71cbb6c98457a41dec550c8177c080cefb30dcdb2a3,"[""eb88ea10c3e69db02e2c2e2c23590af7a5e7bafecce05634c5fb335bb05feef5""]",1,fixed_mapped_track_candidates,published_table_coverage_not_geographic_validation,mixed_2024_and_2026_vintages_reconcile_amendments,not_assembled,False
98015,6a03f1a8ea6c9e88b5a4566aebc9983dcbd4c6ed20e35d3ed201b497de4cf473,"[""61fa7ba764acfe315c829453922ca11b42f479a67bd2707269e9f1316a02adfa""]",1,fixed_mapped_track_candidates,published_table_coverage_not_geographic_validation,mixed_2024_and_2026_vintages_reconcile_amendments,not_assembled,False
98016,180c40af9af92646aa3fb71cbb6c98457a41dec550c8177c080cefb30dcdb2a3,"[""eb88ea10c3e69db02e2c2e2c23590af7a5e7bafecce05634c5fb335bb05feef5""]",1,fixed_mapped_track_candidates,published_table_coverage_not_geographic_validation,mixed_2024_and_2026_vintages_reconcile_amendments,not_assembled,False
98017,6a03f1a8ea6c9e88b5a4566aebc9983dcbd4c6ed20e35d3ed201b497de4cf473,"[""61fa7ba764acfe315c829453922ca11b42f479a67bd2707269e9f1316a02adfa""]",1,fixed_mapped_track_candidates,published_table_coverage_not_geographic_validation,mixed_2024_and_2026_vintages_reconcile_amendments,not_assembled,False
98018,180c40af9af92646aa3fb71cbb6c98457a41dec550c8177c080cefb30dcdb2a3,"[""eb88ea10c3e69db02e2c2e2c23590af7a5e7bafecce05634c5fb335bb05feef5""]",1,fixed_mapped_track_candidates,published_table_coverage_not_geographic_validation,mixed_2024_and_2026_vintages_reconcile_amendments,not_assembled,False
98019,6a03f1a8ea6c9e88b5a4566aebc9983dcbd4c6ed20e35d3ed201b497de4cf473,"[""61fa7ba764acfe315c829453922ca11b42f479a67bd2707269e9f1316a02adfa""]",1,fixed_mapped_track_candidates,published_table_coverage_not_geographic_validation,mixed_2024_and_2026_vintages_reconcile_amendments,not_assembled,False
98020,180c40af9af92646aa3fb71cbb6c98457a41dec550c8177c080cefb30dcdb2a3,"[""eb88ea10c3e69db02e2c2e2c23590af7a5e7bafecce05634c5fb335bb05feef5""]",1,fixed_mapped_track_candidates,published_table_coverage_not_geographic_validation,mixed_2024_and_2026_vintages_reconcile_amendments,not_assembled,False
98021,1e882f814a854be1e1d8a82277a05c0403326965c891314153f605a1e0cae85b,"[""ebcccae2856273db827072788d1862f4f7474dec8d6afbcc187ce7fc8cbfc9b7""]",1,fixed_mapped_track_candidates,published_table_coverage_not_geographic_validation,mixed_2024_and_2026_vintages_reconcile_amendments,not_assembled,False
98022,180c40af9af92646aa3fb71cbb6c98457a41dec550c8177c080cefb30dcdb2a3,"[""eb88ea10c3e69db02e2c2e2c23590af7a5e7bafecce05634c5fb335bb05feef5""]",1,fixed_mapped_track_candidates,published_table_coverage_not_geographic_validation,mixed_2024_and_2026_vintages_reconcile_amendments,not_assembled,False
98023,6a03f1a8ea6c9e88b5a4566aebc9983dcbd4c6ed20e35d3ed201b497de4cf473,"[""61fa7ba764acfe315c829453922ca11b42f479a67bd2707269e9f1316a02adfa""]",1,fixed_mapped_track_candidates,published_table_coverage_not_geographic_validation,mixed_2024_and_2026_vintages_reconcile_amendments,not_assembled,False
98024,b3693a84098b2f6c1129232a6269a4f959665221f87bffa3b42efeb0ad1f5f2f,"[""aecd8c2e2d65a31e5c65eb557f93d1faf6fd90bd4e0d94c457a1b69d6af012a3""]",1,fixed_mapped_track_candidates,published_table_coverage_not_geographic_validation,mixed_2024_and_2026_vintages_reconcile_amendments,not_assembled,False
98025,6a03f1a8ea6c9e88b5a4566aebc9983dcbd4c6ed20e35d3ed201b497de4cf473,"[""61fa7ba764acfe315c829453922ca11b42f479a67bd2707269e9f1316a02adfa""]",1,fixed_mapped_track_candidates,published_table_coverage_not_geographic_validation,mixed_2024_and_2026_vintages_reconcile_amendments,not_assembled,False
98026,180c40af9af92646aa3fb71cbb6c98457a41dec550c8177c080cefb30dcdb2a3,"[""eb88ea10c3e69db02e2c2e2c23590af7a5e7bafecce05634c5fb335bb05feef5""]",1,fixed_mapped_track_candidates,published_table_coverage_not_geographic_validation,mixed_2024_and_2026_vintages_reconcile_amendments,not_assembled,False
98027,6a03f1a8ea6c9e88b5a4566aebc9983dcbd4c6ed20e35d3ed201b497de4cf473,"[""61fa7ba764acfe315c829453922ca11b42f479a67bd2707269e9f1316a02adfa""]",1,fixed_mapped_track_candidates,published_table_coverage_not_geographic_validation,mixed_2024_and_2026_vintages_reconcile_amendments,not_assembled,False
98028,180c40af9af92646aa3fb71cbb6c98457a41dec550c8177c080cefb30dcdb2a3,"[""eb88ea10c3e69db02e2c2e2c23590af7a5e7bafecce05634c5fb335bb05feef5""]",1,fixed_mapped_track_candidates,published_table_coverage_not_geographic_validation,mixed_2024_and_2026_vintages_reconcile_amendments,not_assembled,False
98029,6a03f1a8ea6c9e88b5a4566aebc9983dcbd4c6ed20e35d3ed201b497de4cf473,"[""61fa7ba764acfe315c829453922ca11b42f479a67bd2707269e9f1316a02adfa""]",1,fixed_mapped_track_candidates,published_table_coverage_not_geographic_validation,mixed_2024_and_2026_vintages_reconcile_amendments,not_assembled,False
98030,b3693a84098b2f6c1129232a6269a4f959665221f87bffa3b42efeb0ad1f5f2f,"[""aecd8c2e2d65a31e5c65eb557f93d1faf6fd90bd4e0d94c457a1b69d6af012a3""]",1,fixed_mapped_track_candidates,published_table_coverage_not_geographic_validation,mixed_2024_and_2026_vintages_reconcile_amendments,not_assembled,False
98031,6a03f1a8ea6c9e88b5a4566aebc9983dcbd4c6ed20e35d3ed201b497de4cf473,"[""61fa7ba764acfe315c829453922ca11b42f479a67bd2707269e9f1316a02adfa""]",1,fixed_mapped_track_candidates,published_table_coverage_not_geographic_validation,mixed_2024_and_2026_vintages_reconcile_amendments,not_assembled,False
98032,180c40af9af92646aa3fb71cbb6c98457a41dec550c8177c080cefb30dcdb2a3,"[""eb88ea10c3e69db02e2c2e2c23590af7a5e7bafecce05634c5fb335bb05feef5""]",1,fixed_mapped_track_candidates,published_table_coverage_not_geographic_validation,mixed_2024_and_2026_vintages_reconcile_amendments,not_assembled,False
98033,6a03f1a8ea6c9e88b5a4566aebc9983dcbd4c6ed20e35d3ed201b497de4cf473,"[""61fa7ba764acfe315c829453922ca11b42f479a67bd2707269e9f1316a02adfa""]",1,fixed_mapped_track_candidates,published_table_coverage_not_geographic_validation,mixed_2024_and_2026_vintages_reconcile_amendments,not_assembled,False
98034,b3693a84098b2f6c1129232a6269a4f959665221f87bffa3b42efeb0ad1f5f2f,"[""aecd8c2e2d65a31e5c65eb557f93d1faf6fd90bd4e0d94c457a1b69d6af012a3""]",1,fixed_mapped_track_candidates,published_table_coverage_not_geographic_validation,mixed_2024_and_2026_vintages_reconcile_amendments,not_assembled,False
98035,1e882f814a854be1e1d8a82277a05c0403326965c891314153f605a1e0cae85b,"[""ebcccae2856273db827072788d1862f4f7474dec8d6afbcc187ce7fc8cbfc9b7""]",1,fixed_mapped_track_candidates,published_table_coverage_not_geographic_validation,mixed_2024_and_2026_vintages_reconcile_amendments,not_assembled,False
98036,180c40af9af92646aa3fb71cbb6c98457a41dec550c8177c080cefb30dcdb2a3,"[""eb88ea10c3e69db02e2c2e2c23590af7a5e7bafecce05634c5fb335bb05feef5""]",1,fixed_mapped_track_candidates,published_table_coverage_not_geographic_validation,mixed_2024_and_2026_vintages_reconcile_amendments,not_assembled,False
98037,6a03f1a8ea6c9e88b5a4566aebc9983dcbd4c6ed20e35d3ed201b497de4cf473,"[""61fa7ba764acfe315c829453922ca11b42f479a67bd2707269e9f1316a02adfa""]",1,fixed_mapped_track_candidates,published_table_coverage_not_geographic_validation,mixed_2024_and_2026_vintages_reconcile_amendments,not_assembled,False
98038,180c40af9af92646aa3fb71cbb6c98457a41dec550c8177c080cefb30dcdb2a3,"[""eb88ea10c3e69db02e2c2e2c23590af7a5e7bafecce05634c5fb335bb05feef5""]",1,fixed_mapped_track_candidates,published_table_coverage_not_geographic_validation,mixed_2024_and_2026_vintages_reconcile_amendments,not_assembled,False
98039,6a03f1a8ea6c9e88b5a4566aebc9983dcbd4c6ed20e35d3ed201b497de4cf473,"[""61fa7ba764acfe315c829453922ca11b42f479a67bd2707269e9f1316a02adfa""]",1,fixed_mapped_track_candidates,published_table_coverage_not_geographic_validation,mixed_2024_and_2026_vintages_reconcile_amendments,not_assembled,False
98040,b3693a84098b2f6c1129232a6269a4f959665221f87bffa3b42efeb0ad1f5f2f,"[""aecd8c2e2d65a31e5c65eb557f93d1faf6fd90bd4e0d94c457a1b69d6af012a3""]",1,fixed_mapped_track_candidates,published_table_coverage_not_geographic_validation,mixed_2024_and_2026_vintages_reconcile_amendments,not_assembled,False
98041,6a03f1a8ea6c9e88b5a4566aebc9983dcbd4c6ed20e35d3ed201b497de4cf473,"[""61fa7ba764acfe315c829453922ca11b42f479a67bd2707269e9f1316a02adfa""]",1,fixed_mapped_track_candidates,published_table_coverage_not_geographic_validation,mixed_2024_and_2026_vintages_reconcile_amendments,not_assembled,False
98042,180c40af9af92646aa3fb71cbb6c98457a41dec550c8177c080cefb30dcdb2a3,"[""eb88ea10c3e69db02e2c2e2c23590af7a5e7bafecce05634c5fb335bb05feef5""]",1,fixed_mapped_track_candidates,published_table_coverage_not_geographic_validation,mixed_2024_and_2026_vintages_reconcile_amendments,not_assembled,False
98043,6a03f1a8ea6c9e88b5a4566aebc9983dcbd4c6ed20e35d3ed201b497de4cf473,"[""61fa7ba764acfe315c829453922ca11b42f479a67bd2707269e9f1316a02adfa""]",1,fixed_mapped_track_candidates,published_table_coverage_not_geographic_validation,mixed_2024_and_2026_vintages_reconcile_amendments,not_assembled,False
98044,180c40af9af92646aa3fb71cbb6c98457a41dec550c8177c080cefb30dcdb2a3,"[""eb88ea10c3e69db02e2c2e2c23590af7a5e7bafecce05634c5fb335bb05feef5""]",1,fixed_mapped_track_candidates,published_table_coverage_not_geographic_validation,mixed_2024_and_2026_vintages_reconcile_amendments,not_assembled,False
98045,6a03f1a8ea6c9e88b5a4566aebc9983dcbd4c6ed20e35d3ed201b497de4cf473,"[""61fa7ba764acfe315c829453922ca11b42f479a67bd2707269e9f1316a02adfa""]",1,fixed_mapped_track_candidates,published_table_coverage_not_geographic_validation,mixed_2024_and_2026_vintages_reconcile_amendments,not_assembled,False
98046,180c40af9af92646aa3fb71cbb6c98457a41dec550c8177c080cefb30dcdb2a3,"[""eb88ea10c3e69db02e2c2e2c23590af7a5e7bafecce05634c5fb335bb05feef5""]",1,fixed_mapped_track_candidates,published_table_coverage_not_geographic_validation,mixed_2024_and_2026_vintages_reconcile_amendments,not_assembled,False
98047,1e882f814a854be1e1d8a82277a05c0403326965c891314153f605a1e0cae85b,"[""ebcccae2856273db827072788d1862f4f7474dec8d6afbcc187ce7fc8cbfc9b7""]",1,fixed_mapped_track_candidates,published_table_coverage_not_geographic_validation,mixed_2024_and_2026_vintages_reconcile_amendments,not_assembled,False
98048,180c40af9af92646aa3fb71cbb6c98457a41dec550c8177c080cefb30dcdb2a3,"[""eb88ea10c3e69db02e2c2e2c23590af7a5e7bafecce05634c5fb335bb05feef5""]",1,fixed_mapped_track_candidates,published_table_coverage_not_geographic_validation,mixed_2024_and_2026_vintages_reconcile_amendments,not_assembled,False
98049,6a03f1a8ea6c9e88b5a4566aebc9983dcbd4c6ed20e35d3ed201b497de4cf473,"[""61fa7ba764acfe315c829453922ca11b42f479a67bd2707269e9f1316a02adfa""]",1,fixed_mapped_track_candidates,published_table_coverage_not_geographic_validation,mixed_2024_and_2026_vintages_reconcile_amendments,not_assembled,False
98050,b3693a84098b2f6c1129232a6269a4f959665221f87bffa3b42efeb0ad1f5f2f,"[""aecd8c2e2d65a31e5c65eb557f93d1faf6fd90bd4e0d94c457a1b69d6af012a3""]",1,fixed_mapped_track_candidates,published_table_coverage_not_geographic_validation,mixed_2024_and_2026_vintages_reconcile_amendments,not_assembled,False
98051,6a03f1a8ea6c9e88b5a4566aebc9983dcbd4c6ed20e35d3ed201b497de4cf473,"[""61fa7ba764acfe315c829453922ca11b42f479a67bd2707269e9f1316a02adfa""]",1,fixed_mapped_track_candidates,published_table_coverage_not_geographic_validation,mixed_2024_and_2026_vintages_reconcile_amendments,not_assembled,False
98052,180c40af9af92646aa3fb71cbb6c98457a41dec550c8177c080cefb30dcdb2a3,"[""eb88ea10c3e69db02e2c2e2c23590af7a5e7bafecce05634c5fb335bb05feef5""]",1,fixed_mapped_track_candidates,published_table_coverage_not_geographic_validation,mixed_2024_and_2026_vintages_reconcile_amendments,not_assembled,False
98053,6a03f1a8ea6c9e88b5a4566aebc9983dcbd4c6ed20e35d3ed201b497de4cf473,"[""61fa7ba764acfe315c829453922ca11b42f479a67bd2707269e9f1316a02adfa""]",1,fixed_mapped_track_candidates,published_table_coverage_not_geographic_validation,mixed_2024_and_2026_vintages_reconcile_amendments,not_assembled,False
98054,b3693a84098b2f6c1129232a6269a4f959665221f87bffa3b42efeb0ad1f5f2f,"[""aecd8c2e2d65a31e5c65eb557f93d1faf6fd90bd4e0d94c457a1b69d6af012a3""]",1,fixed_mapped_track_candidates,published_table_coverage_not_geographic_validation,mixed_2024_and_2026_vintages_reconcile_amendments,not_assembled,False
98055,6a03f1a8ea6c9e88b5a4566aebc9983dcbd4c6ed20e35d3ed201b497de4cf473,"[""61fa7ba764acfe315c829453922ca11b42f479a67bd2707269e9f1316a02adfa""]",1,fixed_mapped_track_candidates,published_table_coverage_not_geographic_validation,mixed_2024_and_2026_vintages_reconcile_amendments,not_assembled,False
98056,180c40af9af92646aa3fb71cbb6c98457a41dec550c8177c080cefb30dcdb2a3,"[""eb88ea10c3e69db02e2c2e2c23590af7a5e7bafecce05634c5fb335bb05feef5""]",1,fixed_mapped_track_candidates,published_table_coverage_not_geographic_validation,mixed_2024_and_2026_vintages_reconcile_amendments,not_assembled,False
98057,6a03f1a8ea6c9e88b5a4566aebc9983dcbd4c6ed20e35d3ed201b497de4cf473,"[""61fa7ba764acfe315c829453922ca11b42f479a67bd2707269e9f1316a02adfa""]",1,fixed_mapped_track_candidates,published_table_coverage_not_geographic_validation,mixed_2024_and_2026_vintages_reconcile_amendments,not_assembled,False
98058,180c40af9af92646aa3fb71cbb6c98457a41dec550c8177c080cefb30dcdb2a3,"[""eb88ea10c3e69db02e2c2e2c23590af7a5e7bafecce05634c5fb335bb05feef5""]",1,fixed_mapped_track_candidates,published_table_coverage_not_geographic_validation,mixed_2024_and_2026_vintages_reconcile_amendments,not_assembled,False
98059,1e882f814a854be1e1d8a82277a05c0403326965c891314153f605a1e0cae85b,"[""ebcccae2856273db827072788d1862f4f7474dec8d6afbcc187ce7fc8cbfc9b7""]",1,fixed_mapped_track_candidates,published_table_coverage_not_geographic_validation,mixed_2024_and_2026_vintages_reconcile_amendments,not_assembled,False
98060,180c40af9af92646aa3fb71cbb6c98457a41dec550c8177c080cefb30dcdb2a3,"[""eb88ea10c3e69db02e2c2e2c23590af7a5e7bafecce05634c5fb335bb05feef5""]",1,fixed_mapped_track_candidates,published_table_coverage_not_geographic_validation,mixed_2024_and_2026_vintages_reconcile_amendments,not_assembled,False
98061,6a03f1a8ea6c9e88b5a4566aebc9983dcbd4c6ed20e35d3ed201b497de4cf473,"[""61fa7ba764acfe315c829453922ca11b42f479a67bd2707269e9f1316a02adfa""]",1,fixed_mapped_track_candidates,published_table_coverage_not_geographic_validation,mixed_2024_and_2026_vintages_reconcile_amendments,not_assembled,False
98062,180c40af9af92646aa3fb71cbb6c98457a41dec550c8177c080cefb30dcdb2a3,"[""eb88ea10c3e69db02e2c2e2c23590af7a5e7bafecce05634c5fb335bb05feef5""]",1,fixed_mapped_track_candidates,published_table_coverage_not_geographic_validation,mixed_2024_and_2026_vintages_reconcile_amendments,not_assembled,False
98063,6a03f1a8ea6c9e88b5a4566aebc9983dcbd4c6ed20e35d3ed201b497de4cf473,"[""61fa7ba764acfe315c829453922ca11b42f479a67bd2707269e9f1316a02adfa""]",1,fixed_mapped_track_candidates,published_table_coverage_not_geographic_validation,mixed_2024_and_2026_vintages_reconcile_amendments,not_assembled,False
98064,b3693a84098b2f6c1129232a6269a4f959665221f87bffa3b42efeb0ad1f5f2f,"[""aecd8c2e2d65a31e5c65eb557f93d1faf6fd90bd4e0d94c457a1b69d6af012a3""]",1,fixed_mapped_track_candidates,published_table_coverage_not_geographic_validation,mixed_2024_and_2026_vintages_reconcile_amendments,not_assembled,False
98065,1e882f814a854be1e1d8a82277a05c0403326965c891314153f605a1e0cae85b,"[""ebcccae2856273db827072788d1862f4f7474dec8d6afbcc187ce7fc8cbfc9b7""]",1,fixed_mapped_track_candidates,published_table_coverage_not_geographic_validation,mixed_2024_and_2026_vintages_reconcile_amendments,not_assembled,False
98066,180c40af9af92646aa3fb71cbb6c98457a41dec550c8177c080cefb30dcdb2a3,"[""eb88ea10c3e69db02e2c2e2c23590af7a5e7bafecce05634c5fb335bb05feef5""]",1,fixed_mapped_track_candidates,published_table_coverage_not_geographic_validation,mixed_2024_and_2026_vintages_reconcile_amendments,not_assembled,False
98067,6a03f1a8ea6c9e88b5a4566aebc9983dcbd4c6ed20e35d3ed201b497de4cf473,"[""61fa7ba764acfe315c829453922ca11b42f479a67bd2707269e9f1316a02adfa""]",1,fixed_mapped_track_candidates,published_table_coverage_not_geographic_validation,mixed_2024_and_2026_vintages_reconcile_amendments,not_assembled,False
98068,b3693a84098b2f6c1129232a6269a4f959665221f87bffa3b42efeb0ad1f5f2f,"[""aecd8c2e2d65a31e5c65eb557f93d1faf6fd90bd4e0d94c457a1b69d6af012a3""]",1,fixed_mapped_track_candidates,published_table_coverage_not_geographic_validation,mixed_2024_and_2026_vintages_reconcile_amendments,not_assembled,False
98069,6a03f1a8ea6c9e88b5a4566aebc9983dcbd4c6ed20e35d3ed201b497de4cf473,"[""61fa7ba764acfe315c829453922ca11b42f479a67bd2707269e9f1316a02adfa""]",1,fixed_mapped_track_candidates,published_table_coverage_not_geographic_validation,mixed_2024_and_2026_vintages_reconcile_amendments,not_assembled,False
98070,180c40af9af92646aa3fb71cbb6c98457a41dec550c8177c080cefb30dcdb2a3,"[""eb88ea10c3e69db02e2c2e2c23590af7a5e7bafecce05634c5fb335bb05feef5""]",1,fixed_mapped_track_candidates,published_table_coverage_not_geographic_validation,mixed_2024_and_2026_vintages_reconcile_amendments,not_assembled,False
98071,6a03f1a8ea6c9e88b5a4566aebc9983dcbd4c6ed20e35d3ed201b497de4cf473,"[""61fa7ba764acfe315c829453922ca11b42f479a67bd2707269e9f1316a02adfa""]",1,fixed_mapped_track_candidates,published_table_coverage_not_geographic_validation,mixed_2024_and_2026_vintages_reconcile_amendments,not_assembled,False
98072,180c40af9af92646aa3fb71cbb6c98457a41dec550c8177c080cefb30dcdb2a3,"[""eb88ea10c3e69db02e2c2e2c23590af7a5e7bafecce05634c5fb335bb05feef5""]",1,fixed_mapped_track_candidates,published_table_coverage_not_geographic_validation,mixed_2024_and_2026_vintages_reconcile_amendments,not_assembled,False
98073,6a03f1a8ea6c9e88b5a4566aebc9983dcbd4c6ed20e35d3ed201b497de4cf473,"[""61fa7ba764acfe315c829453922ca11b42f479a67bd2707269e9f1316a02adfa""]",1,fixed_mapped_track_candidates,published_table_coverage_not_geographic_validation,mixed_2024_and_2026_vintages_reconcile_amendments,not_assembled,False
98074,180c40af9af92646aa3fb71cbb6c98457a41dec550c8177c080cefb30dcdb2a3,"[""eb88ea10c3e69db02e2c2e2c23590af7a5e7bafecce05634c5fb335bb05feef5""]",1,fixed_mapped_track_candidates,published_table_coverage_not_geographic_validation,mixed_2024_and_2026_vintages_reconcile_amendments,not_assembled,False
98075,1e882f814a854be1e1d8a82277a05c0403326965c891314153f605a1e0cae85b,"[""ebcccae2856273db827072788d1862f4f7474dec8d6afbcc187ce7fc8cbfc9b7""]",1,fixed_mapped_track_candidates,published_table_coverage_not_geographic_validation,mixed_2024_and_2026_vintages_reconcile_amendments,not_assembled,False
98076,b3693a84098b2f6c1129232a6269a4f959665221f87bffa3b42efeb0ad1f5f2f,"[""aecd8c2e2d65a31e5c65eb557f93d1faf6fd90bd4e0d94c457a1b69d6af012a3""]",1,fixed_mapped_track_candidates,published_table_coverage_not_geographic_validation,mixed_2024_and_2026_vintages_reconcile_amendments,not_assembled,False
98077,6a03f1a8ea6c9e88b5a4566aebc9983dcbd4c6ed20e35d3ed201b497de4cf473,"[""61fa7ba764acfe315c829453922ca11b42f479a67bd2707269e9f1316a02adfa""]",1,fixed_mapped_track_candidates,published_table_coverage_not_geographic_validation,mixed_2024_and_2026_vintages_reconcile_amendments,not_assembled,False
98078,180c40af9af92646aa3fb71cbb6c98457a41dec550c8177c080cefb30dcdb2a3,"[""eb88ea10c3e69db02e2c2e2c23590af7a5e7bafecce05634c5fb335bb05feef5""]",1,fixed_mapped_track_candidates,published_table_coverage_not_geographic_validation,mixed_2024_and_2026_vintages_reconcile_amendments,not_assembled,False
98079,6a03f1a8ea6c9e88b5a4566aebc9983dcbd4c6ed20e35d3ed201b497de4cf473,"[""61fa7ba764acfe315c829453922ca11b42f479a67bd2707269e9f1316a02adfa""]",1,fixed_mapped_track_candidates,published_table_coverage_not_geographic_validation,mixed_2024_and_2026_vintages_reconcile_amendments,not_assembled,False
98080,180c40af9af92646aa3fb71cbb6c98457a41dec550c8177c080cefb30dcdb2a3,"[""eb88ea10c3e69db02e2c2e2c23590af7a5e7bafecce05634c5fb335bb05feef5""]",1,fixed_mapped_track_candidates,published_table_coverage_not_geographic_validation,mixed_2024_and_2026_vintages_reconcile_amendments,not_assembled,False
98081,6a03f1a8ea6c9e88b5a4566aebc9983dcbd4c6ed20e35d3ed201b497de4cf473,"[""61fa7ba764acfe315c829453922ca11b42f479a67bd2707269e9f1316a02adfa""]",1,fixed_mapped_track_candidates,published_table_coverage_not_geographic_validation,mixed_2024_and_2026_vintages_reconcile_amendments,not_assembled,False
98082,180c40af9af92646aa3fb71cbb6c98457a41dec550c8177c080cefb30dcdb2a3,"[""eb88ea10c3e69db02e2c2e2c23590af7a5e7bafecce05634c5fb335bb05feef5""]",1,fixed_mapped_track_candidates,published_table_coverage_not_geographic_validation,mixed_2024_and_2026_vintages_reconcile_amendments,not_assembled,False
98083,6a03f1a8ea6c9e88b5a4566aebc9983dcbd4c6ed20e35d3ed201b497de4cf473,"[""61fa7ba764acfe315c829453922ca11b42f479a67bd2707269e9f1316a02adfa""]",1,fixed_mapped_track_candidates,published_table_coverage_not_geographic_validation,mixed_2024_and_2026_vintages_reconcile_amendments,not_assembled,False
98084,b3693a84098b2f6c1129232a6269a4f959665221f87bffa3b42efeb0ad1f5f2f,"[""aecd8c2e2d65a31e5c65eb557f93d1faf6fd90bd4e0d94c457a1b69d6af012a3""]",1,fixed_mapped_track_candidates,published_table_coverage_not_geographic_validation,mixed_2024_and_2026_vintages_reconcile_amendments,not_assembled,False
98085,6a03f1a8ea6c9e88b5a4566aebc9983dcbd4c6ed20e35d3ed201b497de4cf473,"[""61fa7ba764acfe315c829453922ca11b42f479a67bd2707269e9f1316a02adfa""]",1,fixed_mapped_track_candidates,published_table_coverage_not_geographic_validation,mixed_2024_and_2026_vintages_reconcile_amendments,not_assembled,False
98086,180c40af9af92646aa3fb71cbb6c98457a41dec550c8177c080cefb30dcdb2a3,"[""eb88ea10c3e69db02e2c2e2c23590af7a5e7bafecce05634c5fb335bb05feef5""]",1,fixed_mapped_track_candidates,published_table_coverage_not_geographic_validation,mixed_2024_and_2026_vintages_reconcile_amendments,not_assembled,False
98087,1e882f814a854be1e1d8a82277a05c0403326965c891314153f605a1e0cae85b,"[""ebcccae2856273db827072788d1862f4f7474dec8d6afbcc187ce7fc8cbfc9b7""]",1,fixed_mapped_track_candidates,published_table_coverage_not_geographic_validation,mixed_2024_and_2026_vintages_reconcile_amendments,not_assembled,False
98088,b3693a84098b2f6c1129232a6269a4f959665221f87bffa3b42efeb0ad1f5f2f,"[""aecd8c2e2d65a31e5c65eb557f93d1faf6fd90bd4e0d94c457a1b69d6af012a3""]",1,fixed_mapped_track_candidates,published_table_coverage_not_geographic_validation,mixed_2024_and_2026_vintages_reconcile_amendments,not_assembled,False
98089,6a03f1a8ea6c9e88b5a4566aebc9983dcbd4c6ed20e35d3ed201b497de4cf473,"[""61fa7ba764acfe315c829453922ca11b42f479a67bd2707269e9f1316a02adfa""]",1,fixed_mapped_track_candidates,published_table_coverage_not_geographic_validation,mixed_2024_and_2026_vintages_reconcile_amendments,not_assembled,False
98090,180c40af9af92646aa3fb71cbb6c98457a41dec550c8177c080cefb30dcdb2a3,"[""eb88ea10c3e69db02e2c2e2c23590af7a5e7bafecce05634c5fb335bb05feef5""]",1,fixed_mapped_track_candidates,published_table_coverage_not_geographic_validation,mixed_2024_and_2026_vintages_reconcile_amendments,not_assembled,False
98091,6a03f1a8ea6c9e88b5a4566aebc9983dcbd4c6ed20e35d3ed201b497de4cf473,"[""61fa7ba764acfe315c829453922ca11b42f479a67bd2707269e9f1316a02adfa""]",1,fixed_mapped_track_candidates,published_table_coverage_not_geographic_validation,mixed_2024_and_2026_vintages_reconcile_amendments,not_assembled,False
98092,180c40af9af92646aa3fb71cbb6c98457a41dec550c8177c080cefb30dcdb2a3,"[""eb88ea10c3e69db02e2c2e2c23590af7a5e7bafecce05634c5fb335bb05feef5""]",1,fixed_mapped_track_candidates,published_table_coverage_not_geographic_validation,mixed_2024_and_2026_vintages_reconcile_amendments,not_assembled,False
98093,6a03f1a8ea6c9e88b5a4566aebc9983dcbd4c6ed20e35d3ed201b497de4cf473,"[""61fa7ba764acfe315c829453922ca11b42f479a67bd2707269e9f1316a02adfa""]",1,fixed_mapped_track_candidates,published_table_coverage_not_geographic_validation,mixed_2024_and_2026_vintages_reconcile_amendments,not_assembled,False
98094,180c40af9af92646aa3fb71cbb6c98457a41dec550c8177c080cefb30dcdb2a3,"[""eb88ea10c3e69db02e2c2e2c23590af7a5e7bafecce05634c5fb335bb05feef5""]",1,fixed_mapped_track_candidates,published_table_coverage_not_geographic_validation,mixed_2024_and_2026_vintages_reconcile_amendments,not_assembled,False
98095,6a03f1a8ea6c9e88b5a4566aebc9983dcbd4c6ed20e35d3ed201b497de4cf473,"[""61fa7ba764acfe315c829453922ca11b42f479a67bd2707269e9f1316a02adfa""]",1,fixed_mapped_track_candidates,published_table_coverage_not_geographic_validation,mixed_2024_and_2026_vintages_reconcile_amendments,not_assembled,False
98096,b3693a84098b2f6c1129232a6269a4f959665221f87bffa3b42efeb0ad1f5f2f,"[""aecd8c2e2d65a31e5c65eb557f93d1faf6fd90bd4e0d94c457a1b69d6af012a3""]",1,fixed_mapped_track_candidates,published_table_coverage_not_geographic_validation,mixed_2024_and_2026_vintages_reconcile_amendments,not_assembled,False
98097,6a03f1a8ea6c9e88b5a4566aebc9983dcbd4c6ed20e35d3ed201b497de4cf473,"[""61fa7ba764acfe315c829453922ca11b42f479a67bd2707269e9f1316a02adfa""]",1,fixed_mapped_track_candidates,published_table_coverage_not_geographic_validation,mixed_2024_and_2026_vintages_reconcile_amendments,not_assembled,False
98098,180c40af9af92646aa3fb71cbb6c98457a41dec550c8177c080cefb30dcdb2a3,"[""eb88ea10c3e69db02e2c2e2c23590af7a5e7bafecce05634c5fb335bb05feef5""]",1,fixed_mapped_track_candidates,published_table_coverage_not_geographic_validation,mixed_2024_and_2026_vintages_reconcile_amendments,not_assembled,False
98099,6a03f1a8ea6c9e88b5a4566aebc9983dcbd4c6ed20e35d3ed201b497de4cf473,"[""61fa7ba764acfe315c829453922ca11b42f479a67bd2707269e9f1316a02adfa""]",1,fixed_mapped_track_candidates,published_table_coverage_not_geographic_validation,mixed_2024_and_2026_vintages_reconcile_amendments,not_assembled,False
98100,180c40af9af92646aa3fb71cbb6c98457a41dec550c8177c080cefb30dcdb2a3,"[""eb88ea10c3e69db02e2c2e2c23590af7a5e7bafecce05634c5fb335bb05feef5""]",1,fixed_mapped_track_candidates,published_table_coverage_not_geographic_validation,mixed_2024_and_2026_vintages_reconcile_amendments,not_assembled,False
98101,6a03f1a8ea6c9e88b5a4566aebc9983dcbd4c6ed20e35d3ed201b497de4cf473,"[""61fa7ba764acfe315c829453922ca11b42f479a67bd2707269e9f1316a02adfa""]",1,fixed_mapped_track_candidates,published_table_coverage_not_geographic_validation,mixed_2024_and_2026_vintages_reconcile_amendments,not_assembled,False
98102,180c40af9af92646aa3fb71cbb6c98457a41dec550c8177c080cefb30dcdb2a3,"[""eb88ea10c3e69db02e2c2e2c23590af7a5e7bafecce05634c5fb335bb05feef5""]",1,fixed_mapped_track_candidates,published_table_coverage_not_geographic_validation,mixed_2024_and_2026_vintages_reconcile_amendments,not_assembled,False
98103,6a03f1a8ea6c9e88b5a4566aebc9983dcbd4c6ed20e35d3ed201b497de4cf473,"[""61fa7ba764acfe315c829453922ca11b42f479a67bd2707269e9f1316a02adfa""]",1,fixed_mapped_track_candidates,published_table_coverage_not_geographic_validation,mixed_2024_and_2026_vintages_reconcile_amendments,not_assembled,False
98104,b3693a84098b2f6c1129232a6269a4f959665221f87bffa3b42efeb0ad1f5f2f,"[""aecd8c2e2d65a31e5c65eb557f93d1faf6fd90bd4e0d94c457a1b69d6af012a3""]",1,fixed_mapped_track_candidates,published_table_coverage_not_geographic_validation,mixed_2024_and_2026_vintages_reconcile_amendments,not_assembled,False
98105,6a03f1a8ea6c9e88b5a4566aebc9983dcbd4c6ed20e35d3ed201b497de4cf473,"[""61fa7ba764acfe315c829453922ca11b42f479a67bd2707269e9f1316a02adfa""]",1,fixed_mapped_track_candidates,published_table_coverage_not_geographic_validation,mixed_2024_and_2026_vintages_reconcile_amendments,not_assembled,False
98106,180c40af9af92646aa3fb71cbb6c98457a41dec550c8177c080cefb30dcdb2a3,"[""eb88ea10c3e69db02e2c2e2c23590af7a5e7bafecce05634c5fb335bb05feef5""]",1,fixed_mapped_track_candidates,published_table_coverage_not_geographic_validation,mixed_2024_and_2026_vintages_reconcile_amendments,not_assembled,False
98107,1e882f814a854be1e1d8a82277a05c0403326965c891314153f605a1e0cae85b,"[""ebcccae2856273db827072788d1862f4f7474dec8d6afbcc187ce7fc8cbfc9b7""]",1,fixed_mapped_track_candidates,published_table_coverage_not_geographic_validation,mixed_2024_and_2026_vintages_reconcile_amendments,not_assembled,False
98108,180c40af9af92646aa3fb71cbb6c98457a41dec550c8177c080cefb30dcdb2a3,"[""eb88ea10c3e69db02e2c2e2c23590af7a5e7bafecce05634c5fb335bb05feef5""]",1,fixed_mapped_track_candidates,published_table_coverage_not_geographic_validation,mixed_2024_and_2026_vintages_reconcile_amendments,not_assembled,False
98109,6a03f1a8ea6c9e88b5a4566aebc9983dcbd4c6ed20e35d3ed201b497de4cf473,"[""61fa7ba764acfe315c829453922ca11b42f479a67bd2707269e9f1316a02adfa""]",1,fixed_mapped_track_candidates,published_table_coverage_not_geographic_validation,mixed_2024_and_2026_vintages_reconcile_amendments,not_assembled,False
98110,180c40af9af92646aa3fb71cbb6c98457a41dec550c8177c080cefb30dcdb2a3,"[""eb88ea10c3e69db02e2c2e2c23590af7a5e7bafecce05634c5fb335bb05feef5""]",1,fixed_mapped_track_candidates,published_table_coverage_not_geographic_validation,mixed_2024_and_2026_vintages_reconcile_amendments,not_assembled,False
98111,6a03f1a8ea6c9e88b5a4566aebc9983dcbd4c6ed20e35d3ed201b497de4cf473,"[""61fa7ba764acfe315c829453922ca11b42f479a67bd2707269e9f1316a02adfa""]",1,fixed_mapped_track_candidates,published_table_coverage_not_geographic_validation,mixed_2024_and_2026_vintages_reconcile_amendments,not_assembled,False
98112,180c40af9af92646aa3fb71cbb6c98457a41dec550c8177c080cefb30dcdb2a3,"[""eb88ea10c3e69db02e2c2e2c23590af7a5e7bafecce05634c5fb335bb05feef5""]",1,fixed_mapped_track_candidates,published_table_coverage_not_geographic_validation,mixed_2024_and_2026_vintages_reconcile_amendments,not_assembled,False
98113,6a03f1a8ea6c9e88b5a4566aebc9983dcbd4c6ed20e35d3ed201b497de4cf473,"[""61fa7ba764acfe315c829453922ca11b42f479a67bd2707269e9f1316a02adfa""]",1,fixed_mapped_track_candidates,published_table_coverage_not_geographic_validation,mixed_2024_and_2026_vintages_reconcile_amendments,not_assembled,False
98114,180c40af9af92646aa3fb71cbb6c98457a41dec550c8177c080cefb30dcdb2a3,"[""eb88ea10c3e69db02e2c2e2c23590af7a5e7bafecce05634c5fb335bb05feef5""]",1,fixed_mapped_track_candidates,published_table_coverage_not_geographic_validation,mixed_2024_and_2026_vintages_reconcile_amendments,not_assembled,False
98115,1e882f814a854be1e1d8a82277a05c0403326965c891314153f605a1e0cae85b,"[""ebcccae2856273db827072788d1862f4f7474dec8d6afbcc187ce7fc8cbfc9b7""]",1,fixed_mapped_track_candidates,published_table_coverage_not_geographic_validation,mixed_2024_and_2026_vintages_reconcile_amendments,not_assembled,False
98116,180c40af9af92646aa3fb71cbb6c98457a41dec550c8177c080cefb30dcdb2a3,"[""eb88ea10c3e69db02e2c2e2c23590af7a5e7bafecce05634c5fb335bb05feef5""]",1,fixed_mapped_track_candidates,published_table_coverage_not_geographic_validation,mixed_2024_and_2026_vintages_reconcile_amendments,not_assembled,False
98117,6a03f1a8ea6c9e88b5a4566aebc9983dcbd4c6ed20e35d3ed201b497de4cf473,"[""61fa7ba764acfe315c829453922ca11b42f479a67bd2707269e9f1316a02adfa""]",1,fixed_mapped_track_candidates,published_table_coverage_not_geographic_validation,mixed_2024_and_2026_vintages_reconcile_amendments,not_assembled,False
98118,180c40af9af92646aa3fb71cbb6c98457a41dec550c8177c080cefb30dcdb2a3,"[""eb88ea10c3e69db02e2c2e2c23590af7a5e7bafecce05634c5fb335bb05feef5""]",1,fixed_mapped_track_candidates,published_table_coverage_not_geographic_validation,mixed_2024_and_2026_vintages_reconcile_amendments,not_assembled,False
98119,1e882f814a854be1e1d8a82277a05c0403326965c891314153f605a1e0cae85b,"[""ebcccae2856273db827072788d1862f4f7474dec8d6afbcc187ce7fc8cbfc9b7""]",1,fixed_mapped_track_candidates,published_table_coverage_not_geographic_validation,mixed_2024_and_2026_vintages_reconcile_amendments,not_assembled,False
98120,180c40af9af92646aa3fb71cbb6c98457a41dec550c8177c080cefb30dcdb2a3,"[""eb88ea10c3e69db02e2c2e2c23590af7a5e7bafecce05634c5fb335bb05feef5""]",1,fixed_mapped_track_candidates,published_table_coverage_not_geographic_validation,mixed_2024_and_2026_vintages_reconcile_amendments,not_assembled,False
98121,6a03f1a8ea6c9e88b5a4566aebc9983dcbd4c6ed20e35d3ed201b497de4cf473,"[""61fa7ba764acfe315c829453922ca11b42f479a67bd2707269e9f1316a02adfa""]",1,fixed_mapped_track_candidates,published_table_coverage_not_geographic_validation,mixed_2024_and_2026_vintages_reconcile_amendments,not_assembled,False
98122,180c40af9af92646aa3fb71cbb6c98457a41dec550c8177c080cefb30dcdb2a3,"[""eb88ea10c3e69db02e2c2e2c23590af7a5e7bafecce05634c5fb335bb05feef5""]",1,fixed_mapped_track_candidates,published_table_coverage_not_geographic_validation,mixed_2024_and_2026_vintages_reconcile_amendments,not_assembled,False
98123,6a03f1a8ea6c9e88b5a4566aebc9983dcbd4c6ed20e35d3ed201b497de4cf473,"[""61fa7ba764acfe315c829453922ca11b42f479a67bd2707269e9f1316a02adfa""]",1,fixed_mapped_track_candidates,published_table_coverage_not_geographic_validation,mixed_2024_and_2026_vintages_reconcile_amendments,not_assembled,False
98124,b3693a84098b2f6c1129232a6269a4f959665221f87bffa3b42efeb0ad1f5f2f,"[""aecd8c2e2d65a31e5c65eb557f93d1faf6fd90bd4e0d94c457a1b69d6af012a3""]",1,fixed_mapped_track_candidates,published_table_coverage_not_geographic_validation,mixed_2024_and_2026_vintages_reconcile_amendments,not_assembled,False
98125,6a03f1a8ea6c9e88b5a4566aebc9983dcbd4c6ed20e35d3ed201b497de4cf473,"[""61fa7ba764acfe315c829453922ca11b42f479a67bd2707269e9f1316a02adfa""]",1,fixed_mapped_track_candidates,published_table_coverage_not_geographic_validation,mixed_2024_and_2026_vintages_reconcile_amendments,not_assembled,False
98126,180c40af9af92646aa3fb71cbb6c98457a41dec550c8177c080cefb30dcdb2a3,"[""eb88ea10c3e69db02e2c2e2c23590af7a5e7bafecce05634c5fb335bb05feef5""]",1,fixed_mapped_track_candidates,published_table_coverage_not_geographic_validation,mixed_2024_and_2026_vintages_reconcile_amendments,not_assembled,False
98127,6a03f1a8ea6c9e88b5a4566aebc9983dcbd4c6ed20e35d3ed201b497de4cf473,"[""61fa7ba764acfe315c829453922ca11b42f479a67bd2707269e9f1316a02adfa""]",1,fixed_mapped_track_candidates,published_table_coverage_not_geographic_validation,mixed_2024_and_2026_vintages_reconcile_amendments,not_assembled,False
98128,180c40af9af92646aa3fb71cbb6c98457a41dec550c8177c080cefb30dcdb2a3,"[""eb88ea10c3e69db02e2c2e2c23590af7a5e7bafecce05634c5fb335bb05feef5""]",1,fixed_mapped_track_candidates,published_table_coverage_not_geographic_validation,mixed_2024_and_2026_vintages_reconcile_amendments,not_assembled,False
98129,1e882f814a854be1e1d8a82277a05c0403326965c891314153f605a1e0cae85b,"[""ebcccae2856273db827072788d1862f4f7474dec8d6afbcc187ce7fc8cbfc9b7""]",1,fixed_mapped_track_candidates,published_table_coverage_not_geographic_validation,mixed_2024_and_2026_vintages_reconcile_amendments,not_assembled,False
98130,b3693a84098b2f6c1129232a6269a4f959665221f87bffa3b42efeb0ad1f5f2f,"[""aecd8c2e2d65a31e5c65eb557f93d1faf6fd90bd4e0d94c457a1b69d6af012a3""]",1,fixed_mapped_track_candidates,published_table_coverage_not_geographic_validation,mixed_2024_and_2026_vintages_reconcile_amendments,not_assembled,False
98131,6a03f1a8ea6c9e88b5a4566aebc9983dcbd4c6ed20e35d3ed201b497de4cf473,"[""61fa7ba764acfe315c829453922ca11b42f479a67bd2707269e9f1316a02adfa""]",1,fixed_mapped_track_candidates,published_table_coverage_not_geographic_validation,mixed_2024_and_2026_vintages_reconcile_amendments,not_assembled,False
98132,180c40af9af92646aa3fb71cbb6c98457a41dec550c8177c080cefb30dcdb2a3,"[""eb88ea10c3e69db02e2c2e2c23590af7a5e7bafecce05634c5fb335bb05feef5""]",1,fixed_mapped_track_candidates,published_table_coverage_not_geographic_validation,mixed_2024_and_2026_vintages_reconcile_amendments,not_assembled,False
98133,6a03f1a8ea6c9e88b5a4566aebc9983dcbd4c6ed20e35d3ed201b497de4cf473,"[""61fa7ba764acfe315c829453922ca11b42f479a67bd2707269e9f1316a02adfa""]",1,fixed_mapped_track_candidates,published_table_coverage_not_geographic_validation,mixed_2024_and_2026_vintages_reconcile_amendments,not_assembled,False
98134,180c40af9af92646aa3fb71cbb6c98457a41dec550c8177c080cefb30dcdb2a3,"[""eb88ea10c3e69db02e2c2e2c23590af7a5e7bafecce05634c5fb335bb05feef5""]",1,fixed_mapped_track_candidates,published_table_coverage_not_geographic_validation,mixed_2024_and_2026_vintages_reconcile_amendments,not_assembled,False
98135,6a03f1a8ea6c9e88b5a4566aebc9983dcbd4c6ed20e35d3ed201b497de4cf473,"[""61fa7ba764acfe315c829453922ca11b42f479a67bd2707269e9f1316a02adfa""]",1,fixed_mapped_track_candidates,published_table_coverage_not_geographic_validation,mixed_2024_and_2026_vintages_reconcile_amendments,not_assembled,False
98136,180c40af9af92646aa3fb71cbb6c98457a41dec550c8177c080cefb30dcdb2a3,"[""eb88ea10c3e69db02e2c2e2c23590af7a5e7bafecce05634c5fb335bb05feef5""]",1,fixed_mapped_track_candidates,published_table_coverage_not_geographic_validation,mixed_2024_and_2026_vintages_reconcile_amendments,not_assembled,False
98137,6a03f1a8ea6c9e88b5a4566aebc9983dcbd4c6ed20e35d3ed201b497de4cf473,"[""61fa7ba764acfe315c829453922ca11b42f479a67bd2707269e9f1316a02adfa""]",1,fixed_mapped_track_candidates,published_table_coverage_not_geographic_validation,mixed_2024_and_2026_vintages_reconcile_amendments,not_assembled,False
98138,b3693a84098b2f6c1129232a6269a4f959665221f87bffa3b42efeb0ad1f5f2f,"[""aecd8c2e2d65a31e5c65eb557f93d1faf6fd90bd4e0d94c457a1b69d6af012a3""]",1,fixed_mapped_track_candidates,published_table_coverage_not_geographic_validation,mixed_2024_and_2026_vintages_reconcile_amendments,not_assembled,False
98139,6a03f1a8ea6c9e88b5a4566aebc9983dcbd4c6ed20e35d3ed201b497de4cf473,"[""61fa7ba764acfe315c829453922ca11b42f479a67bd2707269e9f1316a02adfa""]",1,fixed_mapped_track_candidates,published_table_coverage_not_geographic_validation,mixed_2024_and_2026_vintages_reconcile_amendments,not_assembled,False
98140,180c40af9af92646aa3fb71cbb6c98457a41dec550c8177c080cefb30dcdb2a3,"[""eb88ea10c3e69db02e2c2e2c23590af7a5e7bafecce05634c5fb335bb05feef5""]",1,fixed_mapped_track_candidates,published_table_coverage_not_geographic_validation,mixed_2024_and_2026_vintages_reconcile_amendments,not_assembled,False
98141,6a03f1a8ea6c9e88b5a4566aebc9983dcbd4c6ed20e35d3ed201b497de4cf473,"[""61fa7ba764acfe315c829453922ca11b42f479a67bd2707269e9f1316a02adfa""]",1,fixed_mapped_track_candidates,published_table_coverage_not_geographic_validation,mixed_2024_and_2026_vintages_reconcile_amendments,not_assembled,False
98142,180c40af9af92646aa3fb71cbb6c98457a41dec550c8177c080cefb30dcdb2a3,"[""eb88ea10c3e69db02e2c2e2c23590af7a5e7bafecce05634c5fb335bb05feef5""]",1,fixed_mapped_track_candidates,published_table_coverage_not_geographic_validation,mixed_2024_and_2026_vintages_reconcile_amendments,not_assembled,False
98143,6a03f1a8ea6c9e88b5a4566aebc9983dcbd4c6ed20e35d3ed201b497de4cf473,"[""61fa7ba764acfe315c829453922ca11b42f479a67bd2707269e9f1316a02adfa""]",1,fixed_mapped_track_candidates,published_table_coverage_not_geographic_validation,mixed_2024_and_2026_vintages_reconcile_amendments,not_assembled,False
98144,180c40af9af92646aa3fb71cbb6c98457a41dec550c8177c080cefb30dcdb2a3,"[""eb88ea10c3e69db02e2c2e2c23590af7a5e7bafecce05634c5fb335bb05feef5""]",1,fixed_mapped_track_candidates,published_table_coverage_not_geographic_validation,mixed_2024_and_2026_vintages_reconcile_amendments,not_assembled,False
98145,6a03f1a8ea6c9e88b5a4566aebc9983dcbd4c6ed20e35d3ed201b497de4cf473,"[""61fa7ba764acfe315c829453922ca11b42f479a67bd2707269e9f1316a02adfa""]",1,fixed_mapped_track_candidates,published_table_coverage_not_geographic_validation,mixed_2024_and_2026_vintages_reconcile_amendments,not_assembled,False
98146,180c40af9af92646aa3fb71cbb6c98457a41dec550c8177c080cefb30dcdb2a3,"[""eb88ea10c3e69db02e2c2e2c23590af7a5e7bafecce05634c5fb335bb05feef5""]",1,fixed_mapped_track_candidates,published_table_coverage_not_geographic_validation,mixed_2024_and_2026_vintages_reconcile_amendments,not_assembled,False
98147,1e882f814a854be1e1d8a82277a05c0403326965c891314153f605a1e0cae85b,"[""ebcccae2856273db827072788d1862f4f7474dec8d6afbcc187ce7fc8cbfc9b7""]",1,fixed_mapped_track_candidates,published_table_coverage_not_geographic_validation,mixed_2024_and_2026_vintages_reconcile_amendments,not_assembled,False
98148,180c40af9af92646aa3fb71cbb6c98457a41dec550c8177c080cefb30dcdb2a3,"[""eb88ea10c3e69db02e2c2e2c23590af7a5e7bafecce05634c5fb335bb05feef5""]",1,fixed_mapped_track_candidates,published_table_coverage_not_geographic_validation,mixed_2024_and_2026_vintages_reconcile_amendments,not_assembled,False
98149,6a03f1a8ea6c9e88b5a4566aebc9983dcbd4c6ed20e35d3ed201b497de4cf473,"[""61fa7ba764acfe315c829453922ca11b42f479a67bd2707269e9f1316a02adfa""]",1,fixed_mapped_track_candidates,published_table_coverage_not_geographic_validation,mixed_2024_and_2026_vintages_reconcile_amendments,not_assembled,False
98150,180c40af9af92646aa3fb71cbb6c98457a41dec550c8177c080cefb30dcdb2a3,"[""eb88ea10c3e69db02e2c2e2c23590af7a5e7bafecce05634c5fb335bb05feef5""]",1,fixed_mapped_track_candidates,published_table_coverage_not_geographic_validation,mixed_2024_and_2026_vintages_reconcile_amendments,not_assembled,False
98151,6a03f1a8ea6c9e88b5a4566aebc9983dcbd4c6ed20e35d3ed201b497de4cf473,"[""61fa7ba764acfe315c829453922ca11b42f479a67bd2707269e9f1316a02adfa""]",1,fixed_mapped_track_candidates,published_table_coverage_not_geographic_validation,mixed_2024_and_2026_vintages_reconcile_amendments,not_assembled,False
98152,180c40af9af92646aa3fb71cbb6c98457a41dec550c8177c080cefb30dcdb2a3,"[""eb88ea10c3e69db02e2c2e2c23590af7a5e7bafecce05634c5fb335bb05feef5""]",1,fixed_mapped_track_candidates,published_table_coverage_not_geographic_validation,mixed_2024_and_2026_vintages_reconcile_amendments,not_assembled,False
98153,6a03f1a8ea6c9e88b5a4566aebc9983dcbd4c6ed20e35d3ed201b497de4cf473,"[""61fa7ba764acfe315c829453922ca11b42f479a67bd2707269e9f1316a02adfa""]",1,fixed_mapped_track_candidates,published_table_coverage_not_geographic_validation,mixed_2024_and_2026_vintages_reconcile_amendments,not_assembled,False
98154,180c40af9af92646aa3fb71cbb6c98457a41dec550c8177c080cefb30dcdb2a3,"[""eb88ea10c3e69db02e2c2e2c23590af7a5e7bafecce05634c5fb335bb05feef5""]",1,fixed_mapped_track_candidates,published_table_coverage_not_geographic_validation,mixed_2024_and_2026_vintages_reconcile_amendments,not_assembled,False
98155,6a03f1a8ea6c9e88b5a4566aebc9983dcbd4c6ed20e35d3ed201b497de4cf473,"[""61fa7ba764acfe315c829453922ca11b42f479a67bd2707269e9f1316a02adfa""]",1,fixed_mapped_track_candidates,published_table_coverage_not_geographic_validation,mixed_2024_and_2026_vintages_reconcile_amendments,not_assembled,False
98156,180c40af9af92646aa3fb71cbb6c98457a41dec550c8177c080cefb30dcdb2a3,"[""eb88ea10c3e69db02e2c2e2c23590af7a5e7bafecce05634c5fb335bb05feef5""]",1,fixed_mapped_track_candidates,published_table_coverage_not_geographic_validation,mixed_2024_and_2026_vintages_reconcile_amendments,not_assembled,False
98157,6a03f1a8ea6c9e88b5a4566aebc9983dcbd4c6ed20e35d3ed201b497de4cf473,"[""61fa7ba764acfe315c829453922ca11b42f479a67bd2707269e9f1316a02adfa""]",1,fixed_mapped_track_candidates,published_table_coverage_not_geographic_validation,mixed_2024_and_2026_vintages_reconcile_amendments,not_assembled,False
98158,180c40af9af92646aa3fb71cbb6c98457a41dec550c8177c080cefb30dcdb2a3,"[""eb88ea10c3e69db02e2c2e2c23590af7a5e7bafecce05634c5fb335bb05feef5""]",1,fixed_mapped_track_candidates,published_table_coverage_not_geographic_validation,mixed_2024_and_2026_vintages_reconcile_amendments,not_assembled,False
98159,6a03f1a8ea6c9e88b5a4566aebc9983dcbd4c6ed20e35d3ed201b497de4cf473,"[""61fa7ba764acfe315c829453922ca11b42f479a67bd2707269e9f1316a02adfa""]",1,fixed_mapped_track_candidates,published_table_coverage_not_geographic_validation,mixed_2024_and_2026_vintages_reconcile_amendments,not_assembled,False
98160,180c40af9af92646aa3fb71cbb6c98457a41dec550c8177c080cefb30dcdb2a3,"[""eb88ea10c3e69db02e2c2e2c23590af7a5e7bafecce05634c5fb335bb05feef5""]",1,fixed_mapped_track_candidates,published_table_coverage_not_geographic_validation,mixed_2024_and_2026_vintages_reconcile_amendments,not_assembled,False
98161,1e882f814a854be1e1d8a82277a05c0403326965c891314153f605a1e0cae85b,"[""ebcccae2856273db827072788d1862f4f7474dec8d6afbcc187ce7fc8cbfc9b7""]",1,fixed_mapped_track_candidates,published_table_coverage_not_geographic_validation,mixed_2024_and_2026_vintages_reconcile_amendments,not_assembled,False
98162,b3693a84098b2f6c1129232a6269a4f959665221f87bffa3b42efeb0ad1f5f2f,"[""aecd8c2e2d65a31e5c65eb557f93d1faf6fd90bd4e0d94c457a1b69d6af012a3""]",1,fixed_mapped_track_candidates,published_table_coverage_not_geographic_validation,mixed_2024_and_2026_vintages_reconcile_amendments,not_assembled,False
98163,6a03f1a8ea6c9e88b5a4566aebc9983dcbd4c6ed20e35d3ed201b497de4cf473,"[""61fa7ba764acfe315c829453922ca11b42f479a67bd2707269e9f1316a02adfa""]",1,fixed_mapped_track_candidates,published_table_coverage_not_geographic_validation,mixed_2024_and_2026_vintages_reconcile_amendments,not_assembled,False
98164,180c40af9af92646aa3fb71cbb6c98457a41dec550c8177c080cefb30dcdb2a3,"[""eb88ea10c3e69db02e2c2e2c23590af7a5e7bafecce05634c5fb335bb05feef5""]",1,fixed_mapped_track_candidates,published_table_coverage_not_geographic_validation,mixed_2024_and_2026_vintages_reconcile_amendments,not_assembled,False
98165,6a03f1a8ea6c9e88b5a4566aebc9983dcbd4c6ed20e35d3ed201b497de4cf473,"[""61fa7ba764acfe315c829453922ca11b42f479a67bd2707269e9f1316a02adfa""]",1,fixed_mapped_track_candidates,published_table_coverage_not_geographic_validation,mixed_2024_and_2026_vintages_reconcile_amendments,not_assembled,False
98166,180c40af9af92646aa3fb71cbb6c98457a41dec550c8177c080cefb30dcdb2a3,"[""eb88ea10c3e69db02e2c2e2c23590af7a5e7bafecce05634c5fb335bb05feef5""]",1,fixed_mapped_track_candidates,published_table_coverage_not_geographic_validation,mixed_2024_and_2026_vintages_reconcile_amendments,not_assembled,False
98167,1e882f814a854be1e1d8a82277a05c0403326965c891314153f605a1e0cae85b,"[""ebcccae2856273db827072788d1862f4f7474dec8d6afbcc187ce7fc8cbfc9b7""]",1,fixed_mapped_track_candidates,published_table_coverage_not_geographic_validation,mixed_2024_and_2026_vintages_reconcile_amendments,not_assembled,False
98168,b3693a84098b2f6c1129232a6269a4f959665221f87bffa3b42efeb0ad1f5f2f,"[""aecd8c2e2d65a31e5c65eb557f93d1faf6fd90bd4e0d94c457a1b69d6af012a3""]",1,fixed_mapped_track_candidates,published_table_coverage_not_geographic_validation,mixed_2024_and_2026_vintages_reconcile_amendments,not_assembled,False
98169,6a03f1a8ea6c9e88b5a4566aebc9983dcbd4c6ed20e35d3ed201b497de4cf473,"[""61fa7ba764acfe315c829453922ca11b42f479a67bd2707269e9f1316a02adfa""]",1,fixed_mapped_track_candidates,published_table_coverage_not_geographic_validation,mixed_2024_and_2026_vintages_reconcile_amendments,not_assembled,False
98170,180c40af9af92646aa3fb71cbb6c98457a41dec550c8177c080cefb30dcdb2a3,"[""eb88ea10c3e69db02e2c2e2c23590af7a5e7bafecce05634c5fb335bb05feef5""]",1,fixed_mapped_track_candidates,published_table_coverage_not_geographic_validation,mixed_2024_and_2026_vintages_reconcile_amendments,not_assembled,False
98171,6a03f1a8ea6c9e88b5a4566aebc9983dcbd4c6ed20e35d3ed201b497de4cf473,"[""61fa7ba764acfe315c829453922ca11b42f479a67bd2707269e9f1316a02adfa""]",1,fixed_mapped_track_candidates,published_table_coverage_not_geographic_validation,mixed_2024_and_2026_vintages_reconcile_amendments,not_assembled,False
98172,180c40af9af92646aa3fb71cbb6c98457a41dec550c8177c080cefb30dcdb2a3,"[""eb88ea10c3e69db02e2c2e2c23590af7a5e7bafecce05634c5fb335bb05feef5""]",1,fixed_mapped_track_candidates,published_table_coverage_not_geographic_validation,mixed_2024_and_2026_vintages_reconcile_amendments,not_assembled,False
98173,1e882f814a854be1e1d8a82277a05c0403326965c891314153f605a1e0cae85b,"[""ebcccae2856273db827072788d1862f4f7474dec8d6afbcc187ce7fc8cbfc9b7""]",1,fixed_mapped_track_candidates,published_table_coverage_not_geographic_validation,mixed_2024_and_2026_vintages_reconcile_amendments,not_assembled,False
98174,b3693a84098b2f6c1129232a6269a4f959665221f87bffa3b42efeb0ad1f5f2f,"[""aecd8c2e2d65a31e5c65eb557f93d1faf6fd90bd4e0d94c457a1b69d6af012a3""]",1,fixed_mapped_track_candidates,published_table_coverage_not_geographic_validation,mixed_2024_and_2026_vintages_reconcile_amendments,not_assembled,False
98175,6a03f1a8ea6c9e88b5a4566aebc9983dcbd4c6ed20e35d3ed201b497de4cf473,"[""61fa7ba764acfe315c829453922ca11b42f479a67bd2707269e9f1316a02adfa""]",1,fixed_mapped_track_candidates,published_table_coverage_not_geographic_validation,mixed_2024_and_2026_vintages_reconcile_amendments,not_assembled,False
98176,180c40af9af92646aa3fb71cbb6c98457a41dec550c8177c080cefb30dcdb2a3,"[""eb88ea10c3e69db02e2c2e2c23590af7a5e7bafecce05634c5fb335bb05feef5""]",1,fixed_mapped_track_candidates,published_table_coverage_not_geographic_validation,mixed_2024_and_2026_vintages_reconcile_amendments,not_assembled,False
98177,1e882f814a854be1e1d8a82277a05c0403326965c891314153f605a1e0cae85b,"[""ebcccae2856273db827072788d1862f4f7474dec8d6afbcc187ce7fc8cbfc9b7""]",1,fixed_mapped_track_candidates,published_table_coverage_not_geographic_validation,mixed_2024_and_2026_vintages_reconcile_amendments,not_assembled,False
98178,180c40af9af92646aa3fb71cbb6c98457a41dec550c8177c080cefb30dcdb2a3,"[""eb88ea10c3e69db02e2c2e2c23590af7a5e7bafecce05634c5fb335bb05feef5""]",1,fixed_mapped_track_candidates,published_table_coverage_not_geographic_validation,mixed_2024_and_2026_vintages_reconcile_amendments,not_assembled,False
98179,6a03f1a8ea6c9e88b5a4566aebc9983dcbd4c6ed20e35d3ed201b497de4cf473,"[""61fa7ba764acfe315c829453922ca11b42f479a67bd2707269e9f1316a02adfa""]",1,fixed_mapped_track_candidates,published_table_coverage_not_geographic_validation,mixed_2024_and_2026_vintages_reconcile_amendments,not_assembled,False
98180,180c40af9af92646aa3fb71cbb6c98457a41dec550c8177c080cefb30dcdb2a3,"[""eb88ea10c3e69db02e2c2e2c23590af7a5e7bafecce05634c5fb335bb05feef5""]",1,fixed_mapped_track_candidates,published_table_coverage_not_geographic_validation,mixed_2024_and_2026_vintages_reconcile_amendments,not_assembled,False
98181,1e882f814a854be1e1d8a82277a05c0403326965c891314153f605a1e0cae85b,"[""ebcccae2856273db827072788d1862f4f7474dec8d6afbcc187ce7fc8cbfc9b7""]",1,fixed_mapped_track_candidates,published_table_coverage_not_geographic_validation,mixed_2024_and_2026_vintages_reconcile_amendments,not_assembled,False
98182,b3693a84098b2f6c1129232a6269a4f959665221f87bffa3b42efeb0ad1f5f2f,"[""aecd8c2e2d65a31e5c65eb557f93d1faf6fd90bd4e0d94c457a1b69d6af012a3""]",1,fixed_mapped_track_candidates,published_table_coverage_not_geographic_validation,mixed_2024_and_2026_vintages_reconcile_amendments,not_assembled,False
98183,6a03f1a8ea6c9e88b5a4566aebc9983dcbd4c6ed20e35d3ed201b497de4cf473,"[""61fa7ba764acfe315c829453922ca11b42f479a67bd2707269e9f1316a02adfa""]",1,fixed_mapped_track_candidates,published_table_coverage_not_geographic_validation,mixed_2024_and_2026_vintages_reconcile_amendments,not_assembled,False
98184,180c40af9af92646aa3fb71cbb6c98457a41dec550c8177c080cefb30dcdb2a3,"[""eb88ea10c3e69db02e2c2e2c23590af7a5e7bafecce05634c5fb335bb05feef5""]",1,fixed_mapped_track_candidates,published_table_coverage_not_geographic_validation,mixed_2024_and_2026_vintages_reconcile_amendments,not_assembled,False
98185,6a03f1a8ea6c9e88b5a4566aebc9983dcbd4c6ed20e35d3ed201b497de4cf473,"[""61fa7ba764acfe315c829453922ca11b42f479a67bd2707269e9f1316a02adfa""]",1,fixed_mapped_track_candidates,published_table_coverage_not_geographic_validation,mixed_2024_and_2026_vintages_reconcile_amendments,not_assembled,False
98186,180c40af9af92646aa3fb71cbb6c98457a41dec550c8177c080cefb30dcdb2a3,"[""eb88ea10c3e69db02e2c2e2c23590af7a5e7bafecce05634c5fb335bb05feef5""]",1,fixed_mapped_track_candidates,published_table_coverage_not_geographic_validation,mixed_2024_and_2026_vintages_reconcile_amendments,not_assembled,False
98187,1e882f814a854be1e1d8a82277a05c0403326965c891314153f605a1e0cae85b,"[""ebcccae2856273db827072788d1862f4f7474dec8d6afbcc187ce7fc8cbfc9b7""]",1,fixed_mapped_track_candidates,published_table_coverage_not_geographic_validation,mixed_2024_and_2026_vintages_reconcile_amendments,not_assembled,False
98188,b3693a84098b2f6c1129232a6269a4f959665221f87bffa3b42efeb0ad1f5f2f,"[""aecd8c2e2d65a31e5c65eb557f93d1faf6fd90bd4e0d94c457a1b69d6af012a3""]",1,fixed_mapped_track_candidates,published_table_coverage_not_geographic_validation,mixed_2024_and_2026_vintages_reconcile_amendments,not_assembled,False
98189,6a03f1a8ea6c9e88b5a4566aebc9983dcbd4c6ed20e35d3ed201b497de4cf473,"[""61fa7ba764acfe315c829453922ca11b42f479a67bd2707269e9f1316a02adfa""]",1,fixed_mapped_track_candidates,published_table_coverage_not_geographic_validation,mixed_2024_and_2026_vintages_reconcile_amendments,not_assembled,False
98190,180c40af9af92646aa3fb71cbb6c98457a41dec550c8177c080cefb30dcdb2a3,"[""eb88ea10c3e69db02e2c2e2c23590af7a5e7bafecce05634c5fb335bb05feef5""]",1,fixed_mapped_track_candidates,published_table_coverage_not_geographic_validation,mixed_2024_and_2026_vintages_reconcile_amendments,not_assembled,False
98191,6a03f1a8ea6c9e88b5a4566aebc9983dcbd4c6ed20e35d3ed201b497de4cf473,"[""61fa7ba764acfe315c829453922ca11b42f479a67bd2707269e9f1316a02adfa""]",1,fixed_mapped_track_candidates,published_table_coverage_not_geographic_validation,mixed_2024_and_2026_vintages_reconcile_amendments,not_assembled,False
98192,180c40af9af92646aa3fb71cbb6c98457a41dec550c8177c080cefb30dcdb2a3,"[""eb88ea10c3e69db02e2c2e2c23590af7a5e7bafecce05634c5fb335bb05feef5""]",1,fixed_mapped_track_candidates,published_table_coverage_not_geographic_validation,mixed_2024_and_2026_vintages_reconcile_amendments,not_assembled,False
98193,6a03f1a8ea6c9e88b5a4566aebc9983dcbd4c6ed20e35d3ed201b497de4cf473,"[""61fa7ba764acfe315c829453922ca11b42f479a67bd2707269e9f1316a02adfa""]",1,fixed_mapped_track_candidates,published_table_coverage_not_geographic_validation,mixed_2024_and_2026_vintages_reconcile_amendments,not_assembled,False
98194,180c40af9af92646aa3fb71cbb6c98457a41dec550c8177c080cefb30dcdb2a3,"[""eb88ea10c3e69db02e2c2e2c23590af7a5e7bafecce05634c5fb335bb05feef5""]",1,fixed_mapped_track_candidates,published_table_coverage_not_geographic_validation,mixed_2024_and_2026_vintages_reconcile_amendments,not_assembled,False
98195,6a03f1a8ea6c9e88b5a4566aebc9983dcbd4c6ed20e35d3ed201b497de4cf473,"[""61fa7ba764acfe315c829453922ca11b42f479a67bd2707269e9f1316a02adfa""]",1,fixed_mapped_track_candidates,published_table_coverage_not_geographic_validation,mixed_2024_and_2026_vintages_reconcile_amendments,not_assembled,False
98196,180c40af9af92646aa3fb71cbb6c98457a41dec550c8177c080cefb30dcdb2a3,"[""eb88ea10c3e69db02e2c2e2c23590af7a5e7bafecce05634c5fb335bb05feef5""]",1,fixed_mapped_track_candidates,published_table_coverage_not_geographic_validation,mixed_2024_and_2026_vintages_reconcile_amendments,not_assembled,False
98197,1e882f814a854be1e1d8a82277a05c0403326965c891314153f605a1e0cae85b,"[""ebcccae2856273db827072788d1862f4f7474dec8d6afbcc187ce7fc8cbfc9b7""]",1,fixed_mapped_track_candidates,published_table_coverage_not_geographic_validation,mixed_2024_and_2026_vintages_reconcile_amendments,not_assembled,False
98198,180c40af9af92646aa3fb71cbb6c98457a41dec550c8177c080cefb30dcdb2a3,"[""eb88ea10c3e69db02e2c2e2c23590af7a5e7bafecce05634c5fb335bb05feef5""]",1,fixed_mapped_track_candidates,published_table_coverage_not_geographic_validation,mixed_2024_and_2026_vintages_reconcile_amendments,not_assembled,False
98199,6a03f1a8ea6c9e88b5a4566aebc9983dcbd4c6ed20e35d3ed201b497de4cf473,"[""61fa7ba764acfe315c829453922ca11b42f479a67bd2707269e9f1316a02adfa""]",1,fixed_mapped_track_candidates,published_table_coverage_not_geographic_validation,mixed_2024_and_2026_vintages_reconcile_amendments,not_assembled,False
98200,180c40af9af92646aa3fb71cbb6c98457a41dec550c8177c080cefb30dcdb2a3,"[""eb88ea10c3e69db02e2c2e2c23590af7a5e7bafecce05634c5fb335bb05feef5""]",1,fixed_mapped_track_candidates,published_table_coverage_not_geographic_validation,mixed_2024_and_2026_vintages_reconcile_amendments,not_assembled,False
98201,6a03f1a8ea6c9e88b5a4566aebc9983dcbd4c6ed20e35d3ed201b497de4cf473,"[""61fa7ba764acfe315c829453922ca11b42f479a67bd2707269e9f1316a02adfa""]",1,fixed_mapped_track_candidates,published_table_coverage_not_geographic_validation,mixed_2024_and_2026_vintages_reconcile_amendments,not_assembled,False
98202,180c40af9af92646aa3fb71cbb6c98457a41dec550c8177c080cefb30dcdb2a3,"[""eb88ea10c3e69db02e2c2e2c23590af7a5e7bafecce05634c5fb335bb05feef5""]",1,fixed_mapped_track_candidates,published_table_coverage_not_geographic_validation,mixed_2024_and_2026_vintages_reconcile_amendments,not_assembled,False
98203,6a03f1a8ea6c9e88b5a4566aebc9983dcbd4c6ed20e35d3ed201b497de4cf473,"[""61fa7ba764acfe315c829453922ca11b42f479a67bd2707269e9f1316a02adfa""]",1,fixed_mapped_track_candidates,published_table_coverage_not_geographic_validation,mixed_2024_and_2026_vintages_reconcile_amendments,not_assembled,False
98204,180c40af9af92646aa3fb71cbb6c98457a41dec550c8177c080cefb30dcdb2a3,"[""eb88ea10c3e69db02e2c2e2c23590af7a5e7bafecce05634c5fb335bb05feef5""]",1,fixed_mapped_track_candidates,published_table_coverage_not_geographic_validation,mixed_2024_and_2026_vintages_reconcile_amendments,not_assembled,False
98205,6a03f1a8ea6c9e88b5a4566aebc9983dcbd4c6ed20e35d3ed201b497de4cf473,"[""61fa7ba764acfe315c829453922ca11b42f479a67bd2707269e9f1316a02adfa""]",1,fixed_mapped_track_candidates,published_table_coverage_not_geographic_validation,mixed_2024_and_2026_vintages_reconcile_amendments,not_assembled,False
98206,180c40af9af92646aa3fb71cbb6c98457a41dec550c8177c080cefb30dcdb2a3,"[""eb88ea10c3e69db02e2c2e2c23590af7a5e7bafecce05634c5fb335bb05feef5""]",1,fixed_mapped_track_candidates,published_table_coverage_not_geographic_validation,mixed_2024_and_2026_vintages_reconcile_amendments,not_assembled,False
98207,6a03f1a8ea6c9e88b5a4566aebc9983dcbd4c6ed20e35d3ed201b497de4cf473,"[""61fa7ba764acfe315c829453922ca11b42f479a67bd2707269e9f1316a02adfa""]",1,fixed_mapped_track_candidates,published_table_coverage_not_geographic_validation,mixed_2024_and_2026_vintages_reconcile_amendments,not_assembled,False
98208,b3693a84098b2f6c1129232a6269a4f959665221f87bffa3b42efeb0ad1f5f2f,"[""aecd8c2e2d65a31e5c65eb557f93d1faf6fd90bd4e0d94c457a1b69d6af012a3""]",1,fixed_mapped_track_candidates,published_table_coverage_not_geographic_validation,mixed_2024_and_2026_vintages_reconcile_amendments,not_assembled,False
98209,1e882f814a854be1e1d8a82277a05c0403326965c891314153f605a1e0cae85b,"[""ebcccae2856273db827072788d1862f4f7474dec8d6afbcc187ce7fc8cbfc9b7""]",1,fixed_mapped_track_candidates,published_table_coverage_not_geographic_validation,mixed_2024_and_2026_vintages_reconcile_amendments,not_assembled,False
98210,180c40af9af92646aa3fb71cbb6c98457a41dec550c8177c080cefb30dcdb2a3,"[""eb88ea10c3e69db02e2c2e2c23590af7a5e7bafecce05634c5fb335bb05feef5""]",1,fixed_mapped_track_candidates,published_table_coverage_not_geographic_validation,mixed_2024_and_2026_vintages_reconcile_amendments,not_assembled,False
98211,6a03f1a8ea6c9e88b5a4566aebc9983dcbd4c6ed20e35d3ed201b497de4cf473,"[""61fa7ba764acfe315c829453922ca11b42f479a67bd2707269e9f1316a02adfa""]",1,fixed_mapped_track_candidates,published_table_coverage_not_geographic_validation,mixed_2024_and_2026_vintages_reconcile_amendments,not_assembled,False
98212,180c40af9af92646aa3fb71cbb6c98457a41dec550c8177c080cefb30dcdb2a3,"[""eb88ea10c3e69db02e2c2e2c23590af7a5e7bafecce05634c5fb335bb05feef5""]",1,fixed_mapped_track_candidates,published_table_coverage_not_geographic_validation,mixed_2024_and_2026_vintages_reconcile_amendments,not_assembled,False
98213,6a03f1a8ea6c9e88b5a4566aebc9983dcbd4c6ed20e35d3ed201b497de4cf473,"[""61fa7ba764acfe315c829453922ca11b42f479a67bd2707269e9f1316a02adfa""]",1,fixed_mapped_track_candidates,published_table_coverage_not_geographic_validation,mixed_2024_and_2026_vintages_reconcile_amendments,not_assembled,False
98214,180c40af9af92646aa3fb71cbb6c98457a41dec550c8177c080cefb30dcdb2a3,"[""eb88ea10c3e69db02e2c2e2c23590af7a5e7bafecce05634c5fb335bb05feef5""]",1,fixed_mapped_track_candidates,published_table_coverage_not_geographic_validation,mixed_2024_and_2026_vintages_reconcile_amendments,not_assembled,False
98215,1e882f814a854be1e1d8a82277a05c0403326965c891314153f605a1e0cae85b,"[""ebcccae2856273db827072788d1862f4f7474dec8d6afbcc187ce7fc8cbfc9b7""]",1,fixed_mapped_track_candidates,published_table_coverage_not_geographic_validation,mixed_2024_and_2026_vintages_reconcile_amendments,not_assembled,False
98216,180c40af9af92646aa3fb71cbb6c98457a41dec550c8177c080cefb30dcdb2a3,"[""eb88ea10c3e69db02e2c2e2c23590af7a5e7bafecce05634c5fb335bb05feef5""]",1,fixed_mapped_track_candidates,published_table_coverage_not_geographic_validation,mixed_2024_and_2026_vintages_reconcile_amendments,not_assembled,False
98217,6a03f1a8ea6c9e88b5a4566aebc9983dcbd4c6ed20e35d3ed201b497de4cf473,"[""61fa7ba764acfe315c829453922ca11b42f479a67bd2707269e9f1316a02adfa""]",1,fixed_mapped_track_candidates,published_table_coverage_not_geographic_validation,mixed_2024_and_2026_vintages_reconcile_amendments,not_assembled,False
98218,180c40af9af92646aa3fb71cbb6c98457a41dec550c8177c080cefb30dcdb2a3,"[""eb88ea10c3e69db02e2c2e2c23590af7a5e7bafecce05634c5fb335bb05feef5""]",1,fixed_mapped_track_candidates,published_table_coverage_not_geographic_validation,mixed_2024_and_2026_vintages_reconcile_amendments,not_assembled,False
98219,1e882f814a854be1e1d8a82277a05c0403326965c891314153f605a1e0cae85b,"[""ebcccae2856273db827072788d1862f4f7474dec8d6afbcc187ce7fc8cbfc9b7""]",1,fixed_mapped_track_candidates,published_table_coverage_not_geographic_validation,mixed_2024_and_2026_vintages_reconcile_amendments,not_assembled,False
98220,180c40af9af92646aa3fb71cbb6c98457a41dec550c8177c080cefb30dcdb2a3,"[""eb88ea10c3e69db02e2c2e2c23590af7a5e7bafecce05634c5fb335bb05feef5""]",1,fixed_mapped_track_candidates,published_table_coverage_not_geographic_validation,mixed_2024_and_2026_vintages_reconcile_amendments,not_assembled,False
98221,6a03f1a8ea6c9e88b5a4566aebc9983dcbd4c6ed20e35d3ed201b497de4cf473,"[""61fa7ba764acfe315c829453922ca11b42f479a67bd2707269e9f1316a02adfa""]",1,fixed_mapped_track_candidates,published_table_coverage_not_geographic_validation,mixed_2024_and_2026_vintages_reconcile_amendments,not_assembled,False
98222,180c40af9af92646aa3fb71cbb6c98457a41dec550c8177c080cefb30dcdb2a3,"[""eb88ea10c3e69db02e2c2e2c23590af7a5e7bafecce05634c5fb335bb05feef5""]",1,fixed_mapped_track_candidates,published_table_coverage_not_geographic_validation,mixed_2024_and_2026_vintages_reconcile_amendments,not_assembled,False
98223,6a03f1a8ea6c9e88b5a4566aebc9983dcbd4c6ed20e35d3ed201b497de4cf473,"[""61fa7ba764acfe315c829453922ca11b42f479a67bd2707269e9f1316a02adfa""]",1,fixed_mapped_track_candidates,published_table_coverage_not_geographic_validation,mixed_2024_and_2026_vintages_reconcile_amendments,not_assembled,False
98224,180c40af9af92646aa3fb71cbb6c98457a41dec550c8177c080cefb30dcdb2a3,"[""eb88ea10c3e69db02e2c2e2c23590af7a5e7bafecce05634c5fb335bb05feef5""]",1,fixed_mapped_track_candidates,published_table_coverage_not_geographic_validation,mixed_2024_and_2026_vintages_reconcile_amendments,not_assembled,False
98225,6a03f1a8ea6c9e88b5a4566aebc9983dcbd4c6ed20e35d3ed201b497de4cf473,"[""61fa7ba764acfe315c829453922ca11b42f479a67bd2707269e9f1316a02adfa""]",1,fixed_mapped_track_candidates,published_table_coverage_not_geographic_validation,mixed_2024_and_2026_vintages_reconcile_amendments,not_assembled,False
98226,180c40af9af92646aa3fb71cbb6c98457a41dec550c8177c080cefb30dcdb2a3,"[""eb88ea10c3e69db02e2c2e2c23590af7a5e7bafecce05634c5fb335bb05feef5""]",1,fixed_mapped_track_candidates,published_table_coverage_not_geographic_validation,mixed_2024_and_2026_vintages_reconcile_amendments,not_assembled,False
98227,1e882f814a854be1e1d8a82277a05c0403326965c891314153f605a1e0cae85b,"[""ebcccae2856273db827072788d1862f4f7474dec8d6afbcc187ce7fc8cbfc9b7""]",1,fixed_mapped_track_candidates,published_table_coverage_not_geographic_validation,mixed_2024_and_2026_vintages_reconcile_amendments,not_assembled,False
98228,180c40af9af92646aa3fb71cbb6c98457a41dec550c8177c080cefb30dcdb2a3,"[""eb88ea10c3e69db02e2c2e2c23590af7a5e7bafecce05634c5fb335bb05feef5""]",1,fixed_mapped_track_candidates,published_table_coverage_not_geographic_validation,mixed_2024_and_2026_vintages_reconcile_amendments,not_assembled,False
98229,6a03f1a8ea6c9e88b5a4566aebc9983dcbd4c6ed20e35d3ed201b497de4cf473,"[""61fa7ba764acfe315c829453922ca11b42f479a67bd2707269e9f1316a02adfa""]",1,fixed_mapped_track_candidates,published_table_coverage_not_geographic_validation,mixed_2024_and_2026_vintages_reconcile_amendments,not_assembled,False
98230,180c40af9af92646aa3fb71cbb6c98457a41dec550c8177c080cefb30dcdb2a3,"[""eb88ea10c3e69db02e2c2e2c23590af7a5e7bafecce05634c5fb335bb05feef5""]",1,fixed_mapped_track_candidates,published_table_coverage_not_geographic_validation,mixed_2024_and_2026_vintages_reconcile_amendments,not_assembled,False
98231,1e882f814a854be1e1d8a82277a05c0403326965c891314153f605a1e0cae85b,"[""ebcccae2856273db827072788d1862f4f7474dec8d6afbcc187ce7fc8cbfc9b7""]",1,fixed_mapped_track_candidates,published_table_coverage_not_geographic_validation,mixed_2024_and_2026_vintages_reconcile_amendments,not_assembled,False
98232,180c40af9af92646aa3fb71cbb6c98457a41dec550c8177c080cefb30dcdb2a3,"[""eb88ea10c3e69db02e2c2e2c23590af7a5e7bafecce05634c5fb335bb05feef5""]",1,fixed_mapped_track_candidates,published_table_coverage_not_geographic_validation,mixed_2024_and_2026_vintages_reconcile_amendments,not_assembled,False
98233,6a03f1a8ea6c9e88b5a4566aebc9983dcbd4c6ed20e35d3ed201b497de4cf473,"[""61fa7ba764acfe315c829453922ca11b42f479a67bd2707269e9f1316a02adfa""]",1,fixed_mapped_track_candidates,published_table_coverage_not_geographic_validation,mixed_2024_and_2026_vintages_reconcile_amendments,not_assembled,False
98234,180c40af9af92646aa3fb71cbb6c98457a41dec550c8177c080cefb30dcdb2a3,"[""eb88ea10c3e69db02e2c2e2c23590af7a5e7bafecce05634c5fb335bb05feef5""]",1,fixed_mapped_track_candidates,published_table_coverage_not_geographic_validation,mixed_2024_and_2026_vintages_reconcile_amendments,not_assembled,False
98235,6a03f1a8ea6c9e88b5a4566aebc9983dcbd4c6ed20e35d3ed201b497de4cf473,"[""61fa7ba764acfe315c829453922ca11b42f479a67bd2707269e9f1316a02adfa""]",1,fixed_mapped_track_candidates,published_table_coverage_not_geographic_validation,mixed_2024_and_2026_vintages_reconcile_amendments,not_assembled,False
98236,180c40af9af92646aa3fb71cbb6c98457a41dec550c8177c080cefb30dcdb2a3,"[""eb88ea10c3e69db02e2c2e2c23590af7a5e7bafecce05634c5fb335bb05feef5""]",1,fixed_mapped_track_candidates,published_table_coverage_not_geographic_validation,mixed_2024_and_2026_vintages_reconcile_amendments,not_assembled,False
98237,1e882f814a854be1e1d8a82277a05c0403326965c891314153f605a1e0cae85b,"[""ebcccae2856273db827072788d1862f4f7474dec8d6afbcc187ce7fc8cbfc9b7""]",1,fixed_mapped_track_candidates,published_table_coverage_not_geographic_validation,mixed_2024_and_2026_vintages_reconcile_amendments,not_assembled,False
98238,180c40af9af92646aa3fb71cbb6c98457a41dec550c8177c080cefb30dcdb2a3,"[""eb88ea10c3e69db02e2c2e2c23590af7a5e7bafecce05634c5fb335bb05feef5""]",1,fixed_mapped_track_candidates,published_table_coverage_not_geographic_validation,mixed_2024_and_2026_vintages_reconcile_amendments,not_assembled,False
98239,6a03f1a8ea6c9e88b5a4566aebc9983dcbd4c6ed20e35d3ed201b497de4cf473,"[""61fa7ba764acfe315c829453922ca11b42f479a67bd2707269e9f1316a02adfa""]",1,fixed_mapped_track_candidates,published_table_coverage_not_geographic_validation,mixed_2024_and_2026_vintages_reconcile_amendments,not_assembled,False
98240,9cced40646ed08c358f4c552192cb7c17550b88de847aa4811c7daa29fa7c503,"[""760984dc0a1975c524bbd758bf9acc1f67c8b3edba35bc6cc2fcd54782e876c5""]",1,fixed_mapped_track_candidates,published_table_coverage_not_geographic_validation,mixed_2024_and_2026_vintages_reconcile_amendments,not_assembled,False
98241,6a03f1a8ea6c9e88b5a4566aebc9983dcbd4c6ed20e35d3ed201b497de4cf473,"[""61fa7ba764acfe315c829453922ca11b42f479a67bd2707269e9f1316a02adfa""]",1,fixed_mapped_track_candidates,published_table_coverage_not_geographic_validation,mixed_2024_and_2026_vintages_reconcile_amendments,not_assembled,False
98242,180c40af9af92646aa3fb71cbb6c98457a41dec550c8177c080cefb30dcdb2a3,"[""eb88ea10c3e69db02e2c2e2c23590af7a5e7bafecce05634c5fb335bb05feef5""]",1,fixed_mapped_track_candidates,published_table_coverage_not_geographic_validation,mixed_2024_and_2026_vintages_reconcile_amendments,not_assembled,False
98243,6a03f1a8ea6c9e88b5a4566aebc9983dcbd4c6ed20e35d3ed201b497de4cf473,"[""61fa7ba764acfe315c829453922ca11b42f479a67bd2707269e9f1316a02adfa""]",1,fixed_mapped_track_candidates,published_table_coverage_not_geographic_validation,mixed_2024_and_2026_vintages_reconcile_amendments,not_assembled,False
98244,180c40af9af92646aa3fb71cbb6c98457a41dec550c8177c080cefb30dcdb2a3,"[""eb88ea10c3e69db02e2c2e2c23590af7a5e7bafecce05634c5fb335bb05feef5""]",1,fixed_mapped_track_candidates,published_table_coverage_not_geographic_validation,mixed_2024_and_2026_vintages_reconcile_amendments,not_assembled,False
98245,6a03f1a8ea6c9e88b5a4566aebc9983dcbd4c6ed20e35d3ed201b497de4cf473,"[""61fa7ba764acfe315c829453922ca11b42f479a67bd2707269e9f1316a02adfa""]",1,fixed_mapped_track_candidates,published_table_coverage_not_geographic_validation,mixed_2024_and_2026_vintages_reconcile_amendments,not_assembled,False
98246,95c7ee34c07c62197bdd21432e45cf7687746f3ec151fb050ac9ab37faeaf04d,"[""0aa557a7299d7341646d974cb7897a65f55ddd4c8f39613ecafdbef1f1300c9f"",""faf74578b68f4de03815852605cab85409ac7b362346b20c407ec61eb6b181af""]",2,fixed_mapped_track_candidates,published_table_coverage_not_geographic_validation,mixed_2024_and_2026_vintages_reconcile_amendments,not_assembled,False
98247,6a03f1a8ea6c9e88b5a4566aebc9983dcbd4c6ed20e35d3ed201b497de4cf473,"[""61fa7ba764acfe315c829453922ca11b42f479a67bd2707269e9f1316a02adfa""]",1,fixed_mapped_track_candidates,published_table_coverage_not_geographic_validation,mixed_2024_and_2026_vintages_reconcile_amendments,not_assembled,False
98248,9cced40646ed08c358f4c552192cb7c17550b88de847aa4811c7daa29fa7c503,"[""760984dc0a1975c524bbd758bf9acc1f67c8b3edba35bc6cc2fcd54782e876c5""]",1,fixed_mapped_track_candidates,published_table_coverage_not_geographic_validation,mixed_2024_and_2026_vintages_reconcile_amendments,not_assembled,False
98249,6a03f1a8ea6c9e88b5a4566aebc9983dcbd4c6ed20e35d3ed201b497de4cf473,"[""61fa7ba764acfe315c829453922ca11b42f479a67bd2707269e9f1316a02adfa""]",1,fixed_mapped_track_candidates,published_table_coverage_not_geographic_validation,mixed_2024_and_2026_vintages_reconcile_amendments,not_assembled,False
98250,b3693a84098b2f6c1129232a6269a4f959665221f87bffa3b42efeb0ad1f5f2f,"[""aecd8c2e2d65a31e5c65eb557f93d1faf6fd90bd4e0d94c457a1b69d6af012a3""]",1,fixed_mapped_track_candidates,published_table_coverage_not_geographic_validation,mixed_2024_and_2026_vintages_reconcile_amendments,not_assembled,False
98251,6a03f1a8ea6c9e88b5a4566aebc9983dcbd4c6ed20e35d3ed201b497de4cf473,"[""61fa7ba764acfe315c829453922ca11b42f479a67bd2707269e9f1316a02adfa""]",1,fixed_mapped_track_candidates,published_table_coverage_not_geographic_validation,mixed_2024_and_2026_vintages_reconcile_amendments,not_assembled,False
98252,95c7ee34c07c62197bdd21432e45cf7687746f3ec151fb050ac9ab37faeaf04d,"[""0aa557a7299d7341646d974cb7897a65f55ddd4c8f39613ecafdbef1f1300c9f"",""faf74578b68f4de03815852605cab85409ac7b362346b20c407ec61eb6b181af""]",2,fixed_mapped_track_candidates,published_table_coverage_not_geographic_validation,mixed_2024_and_2026_vintages_reconcile_amendments,not_assembled,False
98253,6a03f1a8ea6c9e88b5a4566aebc9983dcbd4c6ed20e35d3ed201b497de4cf473,"[""61fa7ba764acfe315c829453922ca11b42f479a67bd2707269e9f1316a02adfa""]",1,fixed_mapped_track_candidates,published_table_coverage_not_geographic_validation,mixed_2024_and_2026_vintages_reconcile_amendments,not_assembled,False
98255,6a03f1a8ea6c9e88b5a4566aebc9983dcbd4c6ed20e35d3ed201b497de4cf473,"[""61fa7ba764acfe315c829453922ca11b42f479a67bd2707269e9f1316a02adfa""]",1,fixed_mapped_track_candidates,published_table_coverage_not_geographic_validation,mixed_2024_and_2026_vintages_reconcile_amendments,not_assembled,False
98257,6a03f1a8ea6c9e88b5a4566aebc9983dcbd4c6ed20e35d3ed201b497de4cf473,"[""61fa7ba764acfe315c829453922ca11b42f479a67bd2707269e9f1316a02adfa""]",1,fixed_mapped_track_candidates,published_table_coverage_not_geographic_validation,mixed_2024_and_2026_vintages_reconcile_amendments,not_assembled,False
98259,6a03f1a8ea6c9e88b5a4566aebc9983dcbd4c6ed20e35d3ed201b497de4cf473,"[""61fa7ba764acfe315c829453922ca11b42f479a67bd2707269e9f1316a02adfa""]",1,fixed_mapped_track_candidates,published_table_coverage_not_geographic_validation,mixed_2024_and_2026_vintages_reconcile_amendments,not_assembled,False
98301,518d2f4e6e938b4680d469903e652c951b6e892fb47cece8baf5c5430fc72920,"[""5771464112dbc86b5b0b84d5d6d7ce0e8570a96383e37ef91797f64ecd274457""]",1,fixed_mapped_track_candidates,published_table_coverage_not_geographic_validation,mixed_2024_and_2026_vintages_reconcile_amendments,not_assembled,False
98302,f800c66f1378a9bf794b60410ae08c67b7706420a53bc8515719485c8f4568bb,"[""1af98664d21dd62a7fb095041c22bc3eae8d08df6566e4f90353b99ffe1f55c4""]",1,fixed_mapped_track_candidates,published_table_coverage_not_geographic_validation,mixed_2024_and_2026_vintages_reconcile_amendments,not_assembled,False
98303,60cc93038aa56f068d7bc5fa9ff953b4a5c2677bac6f738c4d5bb7fc5e3eb32e,"[""4b8bc357740a9c8cce3a8c121bb407bf115c990269d8ea924e154042d60c3c83""]",1,fixed_mapped_track_candidates,published_table_coverage_not_geographic_validation,mixed_2024_and_2026_vintages_reconcile_amendments,not_assembled,False
98304,f800c66f1378a9bf794b60410ae08c67b7706420a53bc8515719485c8f4568bb,"[""1af98664d21dd62a7fb095041c22bc3eae8d08df6566e4f90353b99ffe1f55c4""]",1,fixed_mapped_track_candidates,published_table_coverage_not_geographic_validation,mixed_2024_and_2026_vintages_reconcile_amendments,not_assembled,False
98305,518d2f4e6e938b4680d469903e652c951b6e892fb47cece8baf5c5430fc72920,"[""5771464112dbc86b5b0b84d5d6d7ce0e8570a96383e37ef91797f64ecd274457""]",1,fixed_mapped_track_candidates,published_table_coverage_not_geographic_validation,mixed_2024_and_2026_vintages_reconcile_amendments,not_assembled,False
98306,f800c66f1378a9bf794b60410ae08c67b7706420a53bc8515719485c8f4568bb,"[""1af98664d21dd62a7fb095041c22bc3eae8d08df6566e4f90353b99ffe1f55c4""]",1,fixed_mapped_track_candidates,published_table_coverage_not_geographic_validation,mixed_2024_and_2026_vintages_reconcile_amendments,not_assembled,False
98307,518d2f4e6e938b4680d469903e652c951b6e892fb47cece8baf5c5430fc72920,"[""5771464112dbc86b5b0b84d5d6d7ce0e8570a96383e37ef91797f64ecd274457""]",1,fixed_mapped_track_candidates,published_table_coverage_not_geographic_validation,mixed_2024_and_2026_vintages_reconcile_amendments,not_assembled,False
98308,f800c66f1378a9bf794b60410ae08c67b7706420a53bc8515719485c8f4568bb,"[""1af98664d21dd62a7fb095041c22bc3eae8d08df6566e4f90353b99ffe1f55c4""]",1,fixed_mapped_track_candidates,published_table_coverage_not_geographic_validation,mixed_2024_and_2026_vintages_reconcile_amendments,not_assembled,False
98309,518d2f4e6e938b4680d469903e652c951b6e892fb47cece8baf5c5430fc72920,"[""5771464112dbc86b5b0b84d5d6d7ce0e8570a96383e37ef91797f64ecd274457""]",1,fixed_mapped_track_candidates,published_table_coverage_not_geographic_validation,mixed_2024_and_2026_vintages_reconcile_amendments,not_assembled,False
98310,f800c66f1378a9bf794b60410ae08c67b7706420a53bc8515719485c8f4568bb,"[""1af98664d21dd62a7fb095041c22bc3eae8d08df6566e4f90353b99ffe1f55c4""]",1,fixed_mapped_track_candidates,published_table_coverage_not_geographic_validation,mixed_2024_and_2026_vintages_reconcile_amendments,not_assembled,False
98311,518d2f4e6e938b4680d469903e652c951b6e892fb47cece8baf5c5430fc72920,"[""5771464112dbc86b5b0b84d5d6d7ce0e8570a96383e37ef91797f64ecd274457""]",1,fixed_mapped_track_candidates,published_table_coverage_not_geographic_validation,mixed_2024_and_2026_vintages_reconcile_amendments,not_assembled,False
98312,470eb44d58502252177f712d35761f05b9388d67ef4f9e830f28f84748886729,"[""1269d10e0f84e7585760707839c5d7cdab5c8b36bf817aea183693b74d2819b8""]",1,fixed_mapped_track_candidates,published_table_coverage_not_geographic_validation,mixed_2024_and_2026_vintages_reconcile_amendments,not_assembled,False
98313,60cc93038aa56f068d7bc5fa9ff953b4a5c2677bac6f738c4d5bb7fc5e3eb32e,"[""4b8bc357740a9c8cce3a8c121bb407bf115c990269d8ea924e154042d60c3c83""]",1,fixed_mapped_track_candidates,published_table_coverage_not_geographic_validation,mixed_2024_and_2026_vintages_reconcile_amendments,not_assembled,False
98314,f800c66f1378a9bf794b60410ae08c67b7706420a53bc8515719485c8f4568bb,"[""1af98664d21dd62a7fb095041c22bc3eae8d08df6566e4f90353b99ffe1f55c4""]",1,fixed_mapped_track_candidates,published_table_coverage_not_geographic_validation,mixed_2024_and_2026_vintages_reconcile_amendments,not_assembled,False
98315,518d2f4e6e938b4680d469903e652c951b6e892fb47cece8baf5c5430fc72920,"[""5771464112dbc86b5b0b84d5d6d7ce0e8570a96383e37ef91797f64ecd274457""]",1,fixed_mapped_track_candidates,published_table_coverage_not_geographic_validation,mixed_2024_and_2026_vintages_reconcile_amendments,not_assembled,False
98316,f800c66f1378a9bf794b60410ae08c67b7706420a53bc8515719485c8f4568bb,"[""1af98664d21dd62a7fb095041c22bc3eae8d08df6566e4f90353b99ffe1f55c4""]",1,fixed_mapped_track_candidates,published_table_coverage_not_geographic_validation,mixed_2024_and_2026_vintages_reconcile_amendments,not_assembled,False
98317,518d2f4e6e938b4680d469903e652c951b6e892fb47cece8baf5c5430fc72920,"[""5771464112dbc86b5b0b84d5d6d7ce0e8570a96383e37ef91797f64ecd274457""]",1,fixed_mapped_track_candidates,published_table_coverage_not_geographic_validation,mixed_2024_and_2026_vintages_reconcile_amendments,not_assembled,False
98318,f800c66f1378a9bf794b60410ae08c67b7706420a53bc8515719485c8f4568bb,"[""1af98664d21dd62a7fb095041c22bc3eae8d08df6566e4f90353b99ffe1f55c4""]",1,fixed_mapped_track_candidates,published_table_coverage_not_geographic_validation,mixed_2024_and_2026_vintages_reconcile_amendments,not_assembled,False
98319,60cc93038aa56f068d7bc5fa9ff953b4a5c2677bac6f738c4d5bb7fc5e3eb32e,"[""4b8bc357740a9c8cce3a8c121bb407bf115c990269d8ea924e154042d60c3c83""]",1,fixed_mapped_track_candidates,published_table_coverage_not_geographic_validation,mixed_2024_and_2026_vintages_reconcile_amendments,not_assembled,False
98320,f800c66f1378a9bf794b60410ae08c67b7706420a53bc8515719485c8f4568bb,"[""1af98664d21dd62a7fb095041c22bc3eae8d08df6566e4f90353b99ffe1f55c4""]",1,fixed_mapped_track_candidates,published_table_coverage_not_geographic_validation,mixed_2024_and_2026_vintages_reconcile_amendments,not_assembled,False
98321,518d2f4e6e938b4680d469903e652c951b6e892fb47cece8baf5c5430fc72920,"[""5771464112dbc86b5b0b84d5d6d7ce0e8570a96383e37ef91797f64ecd274457""]",1,fixed_mapped_track_candidates,published_table_coverage_not_geographic_validation,mixed_2024_and_2026_vintages_reconcile_amendments,not_assembled,False
98322,f800c66f1378a9bf794b60410ae08c67b7706420a53bc8515719485c8f4568bb,"[""1af98664d21dd62a7fb095041c22bc3eae8d08df6566e4f90353b99ffe1f55c4""]",1,fixed_mapped_track_candidates,published_table_coverage_not_geographic_validation,mixed_2024_and_2026_vintages_reconcile_amendments,not_assembled,False
98323,518d2f4e6e938b4680d469903e652c951b6e892fb47cece8baf5c5430fc72920,"[""5771464112dbc86b5b0b84d5d6d7ce0e8570a96383e37ef91797f64ecd274457""]",1,fixed_mapped_track_candidates,published_table_coverage_not_geographic_validation,mixed_2024_and_2026_vintages_reconcile_amendments,not_assembled,False
98324,f800c66f1378a9bf794b60410ae08c67b7706420a53bc8515719485c8f4568bb,"[""1af98664d21dd62a7fb095041c22bc3eae8d08df6566e4f90353b99ffe1f55c4""]",1,fixed_mapped_track_candidates,published_table_coverage_not_geographic_validation,mixed_2024_and_2026_vintages_reconcile_amendments,not_assembled,False
98325,518d2f4e6e938b4680d469903e652c951b6e892fb47cece8baf5c5430fc72920,"[""5771464112dbc86b5b0b84d5d6d7ce0e8570a96383e37ef91797f64ecd274457""]",1,fixed_mapped_track_candidates,published_table_coverage_not_geographic_validation,mixed_2024_and_2026_vintages_reconcile_amendments,not_assembled,False
98326,f800c66f1378a9bf794b60410ae08c67b7706420a53bc8515719485c8f4568bb,"[""1af98664d21dd62a7fb095041c22bc3eae8d08df6566e4f90353b99ffe1f55c4""]",1,fixed_mapped_track_candidates,published_table_coverage_not_geographic_validation,mixed_2024_and_2026_vintages_reconcile_amendments,not_assembled,False
98327,60cc93038aa56f068d7bc5fa9ff953b4a5c2677bac6f738c4d5bb7fc5e3eb32e,"[""4b8bc357740a9c8cce3a8c121bb407bf115c990269d8ea924e154042d60c3c83""]",1,fixed_mapped_track_candidates,published_table_coverage_not_geographic_validation,mixed_2024_and_2026_vintages_reconcile_amendments,not_assembled,False
98328,f800c66f1378a9bf794b60410ae08c67b7706420a53bc8515719485c8f4568bb,"[""1af98664d21dd62a7fb095041c22bc3eae8d08df6566e4f90353b99ffe1f55c4""]",1,fixed_mapped_track_candidates,published_table_coverage_not_geographic_validation,mixed_2024_and_2026_vintages_reconcile_amendments,not_assembled,False
98329,518d2f4e6e938b4680d469903e652c951b6e892fb47cece8baf5c5430fc72920,"[""5771464112dbc86b5b0b84d5d6d7ce0e8570a96383e37ef91797f64ecd274457""]",1,fixed_mapped_track_candidates,published_table_coverage_not_geographic_validation,mixed_2024_and_2026_vintages_reconcile_amendments,not_assembled,False
98330,f800c66f1378a9bf794b60410ae08c67b7706420a53bc8515719485c8f4568bb,"[""1af98664d21dd62a7fb095041c22bc3eae8d08df6566e4f90353b99ffe1f55c4""]",1,fixed_mapped_track_candidates,published_table_coverage_not_geographic_validation,mixed_2024_and_2026_vintages_reconcile_amendments,not_assembled,False
98331,60cc93038aa56f068d7bc5fa9ff953b4a5c2677bac6f738c4d5bb7fc5e3eb32e,"[""4b8bc357740a9c8cce3a8c121bb407bf115c990269d8ea924e154042d60c3c83""]",1,fixed_mapped_track_candidates,published_table_coverage_not_geographic_validation,mixed_2024_and_2026_vintages_reconcile_amendments,not_assembled,False
98332,f800c66f1378a9bf794b60410ae08c67b7706420a53bc8515719485c8f4568bb,"[""1af98664d21dd62a7fb095041c22bc3eae8d08df6566e4f90353b99ffe1f55c4""]",1,fixed_mapped_track_candidates,published_table_coverage_not_geographic_validation,mixed_2024_and_2026_vintages_reconcile_amendments,not_assembled,False
98333,518d2f4e6e938b4680d469903e652c951b6e892fb47cece8baf5c5430fc72920,"[""5771464112dbc86b5b0b84d5d6d7ce0e8570a96383e37ef91797f64ecd274457""]",1,fixed_mapped_track_candidates,published_table_coverage_not_geographic_validation,mixed_2024_and_2026_vintages_reconcile_amendments,not_assembled,False
98334,f800c66f1378a9bf794b60410ae08c67b7706420a53bc8515719485c8f4568bb,"[""1af98664d21dd62a7fb095041c22bc3eae8d08df6566e4f90353b99ffe1f55c4""]",1,fixed_mapped_track_candidates,published_table_coverage_not_geographic_validation,mixed_2024_and_2026_vintages_reconcile_amendments,not_assembled,False
98335,518d2f4e6e938b4680d469903e652c951b6e892fb47cece8baf5c5430fc72920,"[""5771464112dbc86b5b0b84d5d6d7ce0e8570a96383e37ef91797f64ecd274457""]",1,fixed_mapped_track_candidates,published_table_coverage_not_geographic_validation,mixed_2024_and_2026_vintages_reconcile_amendments,not_assembled,False
98336,f800c66f1378a9bf794b60410ae08c67b7706420a53bc8515719485c8f4568bb,"[""1af98664d21dd62a7fb095041c22bc3eae8d08df6566e4f90353b99ffe1f55c4""]",1,fixed_mapped_track_candidates,published_table_coverage_not_geographic_validation,mixed_2024_and_2026_vintages_reconcile_amendments,not_assembled,False
98337,518d2f4e6e938b4680d469903e652c951b6e892fb47cece8baf5c5430fc72920,"[""5771464112dbc86b5b0b84d5d6d7ce0e8570a96383e37ef91797f64ecd274457""]",1,fixed_mapped_track_candidates,published_table_coverage_not_geographic_validation,mixed_2024_and_2026_vintages_reconcile_amendments,not_assembled,False
98338,f800c66f1378a9bf794b60410ae08c67b7706420a53bc8515719485c8f4568bb,"[""1af98664d21dd62a7fb095041c22bc3eae8d08df6566e4f90353b99ffe1f55c4""]",1,fixed_mapped_track_candidates,published_table_coverage_not_geographic_validation,mixed_2024_and_2026_vintages_reconcile_amendments,not_assembled,False
98339,518d2f4e6e938b4680d469903e652c951b6e892fb47cece8baf5c5430fc72920,"[""5771464112dbc86b5b0b84d5d6d7ce0e8570a96383e37ef91797f64ecd274457""]",1,fixed_mapped_track_candidates,published_table_coverage_not_geographic_validation,mixed_2024_and_2026_vintages_reconcile_amendments,not_assembled,False
98340,f800c66f1378a9bf794b60410ae08c67b7706420a53bc8515719485c8f4568bb,"[""1af98664d21dd62a7fb095041c22bc3eae8d08df6566e4f90353b99ffe1f55c4""]",1,fixed_mapped_track_candidates,published_table_coverage_not_geographic_validation,mixed_2024_and_2026_vintages_reconcile_amendments,not_assembled,False
98341,60cc93038aa56f068d7bc5fa9ff953b4a5c2677bac6f738c4d5bb7fc5e3eb32e,"[""4b8bc357740a9c8cce3a8c121bb407bf115c990269d8ea924e154042d60c3c83""]",1,fixed_mapped_track_candidates,published_table_coverage_not_geographic_validation,mixed_2024_and_2026_vintages_reconcile_amendments,not_assembled,False
98342,f800c66f1378a9bf794b60410ae08c67b7706420a53bc8515719485c8f4568bb,"[""1af98664d21dd62a7fb095041c22bc3eae8d08df6566e4f90353b99ffe1f55c4""]",1,fixed_mapped_track_candidates,published_table_coverage_not_geographic_validation,mixed_2024_and_2026_vintages_reconcile_amendments,not_assembled,False
98343,518d2f4e6e938b4680d469903e652c951b6e892fb47cece8baf5c5430fc72920,"[""5771464112dbc86b5b0b84d5d6d7ce0e8570a96383e37ef91797f64ecd274457""]",1,fixed_mapped_track_candidates,published_table_coverage_not_geographic_validation,mixed_2024_and_2026_vintages_reconcile_amendments,not_assembled,False
98344,f800c66f1378a9bf794b60410ae08c67b7706420a53bc8515719485c8f4568bb,"[""1af98664d21dd62a7fb095041c22bc3eae8d08df6566e4f90353b99ffe1f55c4""]",1,fixed_mapped_track_candidates,published_table_coverage_not_geographic_validation,mixed_2024_and_2026_vintages_reconcile_amendments,not_assembled,False
98345,518d2f4e6e938b4680d469903e652c951b6e892fb47cece8baf5c5430fc72920,"[""5771464112dbc86b5b0b84d5d6d7ce0e8570a96383e37ef91797f64ecd274457""]",1,fixed_mapped_track_candidates,published_table_coverage_not_geographic_validation,mixed_2024_and_2026_vintages_reconcile_amendments,not_assembled,False
98346,f800c66f1378a9bf794b60410ae08c67b7706420a53bc8515719485c8f4568bb,"[""1af98664d21dd62a7fb095041c22bc3eae8d08df6566e4f90353b99ffe1f55c4""]",1,fixed_mapped_track_candidates,published_table_coverage_not_geographic_validation,mixed_2024_and_2026_vintages_reconcile_amendments,not_assembled,False
98347,518d2f4e6e938b4680d469903e652c951b6e892fb47cece8baf5c5430fc72920,"[""5771464112dbc86b5b0b84d5d6d7ce0e8570a96383e37ef91797f64ecd274457""]",1,fixed_mapped_track_candidates,published_table_coverage_not_geographic_validation,mixed_2024_and_2026_vintages_reconcile_amendments,not_assembled,False
98348,f800c66f1378a9bf794b60410ae08c67b7706420a53bc8515719485c8f4568bb,"[""1af98664d21dd62a7fb095041c22bc3eae8d08df6566e4f90353b99ffe1f55c4""]",1,fixed_mapped_track_candidates,published_table_coverage_not_geographic_validation,mixed_2024_and_2026_vintages_reconcile_amendments,not_assembled,False
98349,518d2f4e6e938b4680d469903e652c951b6e892fb47cece8baf5c5430fc72920,"[""5771464112dbc86b5b0b84d5d6d7ce0e8570a96383e37ef91797f64ecd274457""]",1,fixed_mapped_track_candidates,published_table_coverage_not_geographic_validation,mixed_2024_and_2026_vintages_reconcile_amendments,not_assembled,False
98350,f800c66f1378a9bf794b60410ae08c67b7706420a53bc8515719485c8f4568bb,"[""1af98664d21dd62a7fb095041c22bc3eae8d08df6566e4f90353b99ffe1f55c4""]",1,fixed_mapped_track_candidates,published_table_coverage_not_geographic_validation,mixed_2024_and_2026_vintages_reconcile_amendments,not_assembled,False
98351,518d2f4e6e938b4680d469903e652c951b6e892fb47cece8baf5c5430fc72920,"[""5771464112dbc86b5b0b84d5d6d7ce0e8570a96383e37ef91797f64ecd274457""]",1,fixed_mapped_track_candidates,published_table_coverage_not_geographic_validation,mixed_2024_and_2026_vintages_reconcile_amendments,not_assembled,False
98352,470eb44d58502252177f712d35761f05b9388d67ef4f9e830f28f84748886729,"[""1269d10e0f84e7585760707839c5d7cdab5c8b36bf817aea183693b74d2819b8""]",1,fixed_mapped_track_candidates,published_table_coverage_not_geographic_validation,mixed_2024_and_2026_vintages_reconcile_amendments,not_assembled,False
98353,518d2f4e6e938b4680d469903e652c951b6e892fb47cece8baf5c5430fc72920,"[""5771464112dbc86b5b0b84d5d6d7ce0e8570a96383e37ef91797f64ecd274457""]",1,fixed_mapped_track_candidates,published_table_coverage_not_geographic_validation,mixed_2024_and_2026_vintages_reconcile_amendments,not_assembled,False
98354,f800c66f1378a9bf794b60410ae08c67b7706420a53bc8515719485c8f4568bb,"[""1af98664d21dd62a7fb095041c22bc3eae8d08df6566e4f90353b99ffe1f55c4""]",1,fixed_mapped_track_candidates,published_table_coverage_not_geographic_validation,mixed_2024_and_2026_vintages_reconcile_amendments,not_assembled,False
98355,518d2f4e6e938b4680d469903e652c951b6e892fb47cece8baf5c5430fc72920,"[""5771464112dbc86b5b0b84d5d6d7ce0e8570a96383e37ef91797f64ecd274457""]",1,fixed_mapped_track_candidates,published_table_coverage_not_geographic_validation,mixed_2024_and_2026_vintages_reconcile_amendments,not_assembled,False
98356,f800c66f1378a9bf794b60410ae08c67b7706420a53bc8515719485c8f4568bb,"[""1af98664d21dd62a7fb095041c22bc3eae8d08df6566e4f90353b99ffe1f55c4""]",1,fixed_mapped_track_candidates,published_table_coverage_not_geographic_validation,mixed_2024_and_2026_vintages_reconcile_amendments,not_assembled,False
98357,60cc93038aa56f068d7bc5fa9ff953b4a5c2677bac6f738c4d5bb7fc5e3eb32e,"[""4b8bc357740a9c8cce3a8c121bb407bf115c990269d8ea924e154042d60c3c83""]",1,fixed_mapped_track_candidates,published_table_coverage_not_geographic_validation,mixed_2024_and_2026_vintages_reconcile_amendments,not_assembled,False
98358,f800c66f1378a9bf794b60410ae08c67b7706420a53bc8515719485c8f4568bb,"[""1af98664d21dd62a7fb095041c22bc3eae8d08df6566e4f90353b99ffe1f55c4""]",1,fixed_mapped_track_candidates,published_table_coverage_not_geographic_validation,mixed_2024_and_2026_vintages_reconcile_amendments,not_assembled,False
98359,518d2f4e6e938b4680d469903e652c951b6e892fb47cece8baf5c5430fc72920,"[""5771464112dbc86b5b0b84d5d6d7ce0e8570a96383e37ef91797f64ecd274457""]",1,fixed_mapped_track_candidates,published_table_coverage_not_geographic_validation,mixed_2024_and_2026_vintages_reconcile_amendments,not_assembled,False
98360,f800c66f1378a9bf794b60410ae08c67b7706420a53bc8515719485c8f4568bb,"[""1af98664d21dd62a7fb095041c22bc3eae8d08df6566e4f90353b99ffe1f55c4""]",1,fixed_mapped_track_candidates,published_table_coverage_not_geographic_validation,mixed_2024_and_2026_vintages_reconcile_amendments,not_assembled,False
98361,518d2f4e6e938b4680d469903e652c951b6e892fb47cece8baf5c5430fc72920,"[""5771464112dbc86b5b0b84d5d6d7ce0e8570a96383e37ef91797f64ecd274457""]",1,fixed_mapped_track_candidates,published_table_coverage_not_geographic_validation,mixed_2024_and_2026_vintages_reconcile_amendments,not_assembled,False
98362,f800c66f1378a9bf794b60410ae08c67b7706420a53bc8515719485c8f4568bb,"[""1af98664d21dd62a7fb095041c22bc3eae8d08df6566e4f90353b99ffe1f55c4""]",1,fixed_mapped_track_candidates,published_table_coverage_not_geographic_validation,mixed_2024_and_2026_vintages_reconcile_amendments,not_assembled,False
98363,518d2f4e6e938b4680d469903e652c951b6e892fb47cece8baf5c5430fc72920,"[""5771464112dbc86b5b0b84d5d6d7ce0e8570a96383e37ef91797f64ecd274457""]",1,fixed_mapped_track_candidates,published_table_coverage_not_geographic_validation,mixed_2024_and_2026_vintages_reconcile_amendments,not_assembled,False
98364,f800c66f1378a9bf794b60410ae08c67b7706420a53bc8515719485c8f4568bb,"[""1af98664d21dd62a7fb095041c22bc3eae8d08df6566e4f90353b99ffe1f55c4""]",1,fixed_mapped_track_candidates,published_table_coverage_not_geographic_validation,mixed_2024_and_2026_vintages_reconcile_amendments,not_assembled,False
98365,518d2f4e6e938b4680d469903e652c951b6e892fb47cece8baf5c5430fc72920,"[""5771464112dbc86b5b0b84d5d6d7ce0e8570a96383e37ef91797f64ecd274457""]",1,fixed_mapped_track_candidates,published_table_coverage_not_geographic_validation,mixed_2024_and_2026_vintages_reconcile_amendments,not_assembled,False
98366,f800c66f1378a9bf794b60410ae08c67b7706420a53bc8515719485c8f4568bb,"[""1af98664d21dd62a7fb095041c22bc3eae8d08df6566e4f90353b99ffe1f55c4""]",1,fixed_mapped_track_candidates,published_table_coverage_not_geographic_validation,mixed_2024_and_2026_vintages_reconcile_amendments,not_assembled,False
98367,518d2f4e6e938b4680d469903e652c951b6e892fb47cece8baf5c5430fc72920,"[""5771464112dbc86b5b0b84d5d6d7ce0e8570a96383e37ef91797f64ecd274457""]",1,fixed_mapped_track_candidates,published_table_coverage_not_geographic_validation,mixed_2024_and_2026_vintages_reconcile_amendments,not_assembled,False
98368,f800c66f1378a9bf794b60410ae08c67b7706420a53bc8515719485c8f4568bb,"[""1af98664d21dd62a7fb095041c22bc3eae8d08df6566e4f90353b99ffe1f55c4""]",1,fixed_mapped_track_candidates,published_table_coverage_not_geographic_validation,mixed_2024_and_2026_vintages_reconcile_amendments,not_assembled,False
98369,518d2f4e6e938b4680d469903e652c951b6e892fb47cece8baf5c5430fc72920,"[""5771464112dbc86b5b0b84d5d6d7ce0e8570a96383e37ef91797f64ecd274457""]",1,fixed_mapped_track_candidates,published_table_coverage_not_geographic_validation,mixed_2024_and_2026_vintages_reconcile_amendments,not_assembled,False
98370,f800c66f1378a9bf794b60410ae08c67b7706420a53bc8515719485c8f4568bb,"[""1af98664d21dd62a7fb095041c22bc3eae8d08df6566e4f90353b99ffe1f55c4""]",1,fixed_mapped_track_candidates,published_table_coverage_not_geographic_validation,mixed_2024_and_2026_vintages_reconcile_amendments,not_assembled,False
98371,518d2f4e6e938b4680d469903e652c951b6e892fb47cece8baf5c5430fc72920,"[""5771464112dbc86b5b0b84d5d6d7ce0e8570a96383e37ef91797f64ecd274457""]",1,fixed_mapped_track_candidates,published_table_coverage_not_geographic_validation,mixed_2024_and_2026_vintages_reconcile_amendments,not_assembled,False
98372,f800c66f1378a9bf794b60410ae08c67b7706420a53bc8515719485c8f4568bb,"[""1af98664d21dd62a7fb095041c22bc3eae8d08df6566e4f90353b99ffe1f55c4""]",1,fixed_mapped_track_candidates,published_table_coverage_not_geographic_validation,mixed_2024_and_2026_vintages_reconcile_amendments,not_assembled,False
98373,518d2f4e6e938b4680d469903e652c951b6e892fb47cece8baf5c5430fc72920,"[""5771464112dbc86b5b0b84d5d6d7ce0e8570a96383e37ef91797f64ecd274457""]",1,fixed_mapped_track_candidates,published_table_coverage_not_geographic_validation,mixed_2024_and_2026_vintages_reconcile_amendments,not_assembled,False
98374,470eb44d58502252177f712d35761f05b9388d67ef4f9e830f28f84748886729,"[""1269d10e0f84e7585760707839c5d7cdab5c8b36bf817aea183693b74d2819b8""]",1,fixed_mapped_track_candidates,published_table_coverage_not_geographic_validation,mixed_2024_and_2026_vintages_reconcile_amendments,not_assembled,False
98376,470eb44d58502252177f712d35761f05b9388d67ef4f9e830f28f84748886729,"[""1269d10e0f84e7585760707839c5d7cdab5c8b36bf817aea183693b74d2819b8""]",1,fixed_mapped_track_candidates,published_table_coverage_not_geographic_validation,mixed_2024_and_2026_vintages_reconcile_amendments,not_assembled,False
98378,470eb44d58502252177f712d35761f05b9388d67ef4f9e830f28f84748886729,"[""1269d10e0f84e7585760707839c5d7cdab5c8b36bf817aea183693b74d2819b8""]",1,fixed_mapped_track_candidates,published_table_coverage_not_geographic_validation,mixed_2024_and_2026_vintages_reconcile_amendments,not_assembled,False
98380,f800c66f1378a9bf794b60410ae08c67b7706420a53bc8515719485c8f4568bb,"[""1af98664d21dd62a7fb095041c22bc3eae8d08df6566e4f90353b99ffe1f55c4""]",1,fixed_mapped_track_candidates,published_table_coverage_not_geographic_validation,mixed_2024_and_2026_vintages_reconcile_amendments,not_assembled,False
98382,f800c66f1378a9bf794b60410ae08c67b7706420a53bc8515719485c8f4568bb,"[""1af98664d21dd62a7fb095041c22bc3eae8d08df6566e4f90353b99ffe1f55c4""]",1,fixed_mapped_track_candidates,published_table_coverage_not_geographic_validation,mixed_2024_and_2026_vintages_reconcile_amendments,not_assembled,False
98384,f800c66f1378a9bf794b60410ae08c67b7706420a53bc8515719485c8f4568bb,"[""1af98664d21dd62a7fb095041c22bc3eae8d08df6566e4f90353b99ffe1f55c4""]",1,fixed_mapped_track_candidates,published_table_coverage_not_geographic_validation,mixed_2024_and_2026_vintages_reconcile_amendments,not_assembled,False
98501,3f9f069f061e81ec9a9eefbce77d0de3283c79bbf368223ecfe71efea6f224c6,"[""bbb98b24402a205da9366f1d46751618ead3533d8b93f75cf4a370153a62fb51""]",1,fixed_mapped_track_candidates,published_table_coverage_not_geographic_validation,mixed_2024_and_2026_vintages_reconcile_amendments,not_assembled,False
98502,b2075f205334f4a657789f4d9a87b01f81215fdef360d3041d2074366d560e0a,"[""c763029eb855bc9f125bbadadfcb79a0cb402d028d07286b168c05b26ab27441""]",1,fixed_mapped_track_candidates,published_table_coverage_not_geographic_validation,mixed_2024_and_2026_vintages_reconcile_amendments,not_assembled,False
98503,f8a958dc857000c77b7105a8f390bbf34d813aae8f25a19dbf4c32b020409511,"[""522a8eabb2579cf46926c8e13952c411c2400c6f37b944286845178fa83705a3""]",1,fixed_mapped_track_candidates,published_table_coverage_not_geographic_validation,mixed_2024_and_2026_vintages_reconcile_amendments,not_assembled,False
98504,b2075f205334f4a657789f4d9a87b01f81215fdef360d3041d2074366d560e0a,"[""c763029eb855bc9f125bbadadfcb79a0cb402d028d07286b168c05b26ab27441""]",1,fixed_mapped_track_candidates,published_table_coverage_not_geographic_validation,mixed_2024_and_2026_vintages_reconcile_amendments,not_assembled,False
98505,3f9f069f061e81ec9a9eefbce77d0de3283c79bbf368223ecfe71efea6f224c6,"[""bbb98b24402a205da9366f1d46751618ead3533d8b93f75cf4a370153a62fb51""]",1,fixed_mapped_track_candidates,published_table_coverage_not_geographic_validation,mixed_2024_and_2026_vintages_reconcile_amendments,not_assembled,False
98506,7db0f5604f3898e9b92daf5441487978eb1fd46f100ff32497113863bf39a9fd,"[""c2d49dc2eb0a0648059f8060902b8b5f49962b4a37aca9920eebc657356f4e27""]",1,fixed_mapped_track_candidates,published_table_coverage_not_geographic_validation,mixed_2024_and_2026_vintages_reconcile_amendments,not_assembled,False
98507,3f9f069f061e81ec9a9eefbce77d0de3283c79bbf368223ecfe71efea6f224c6,"[""bbb98b24402a205da9366f1d46751618ead3533d8b93f75cf4a370153a62fb51""]",1,fixed_mapped_track_candidates,published_table_coverage_not_geographic_validation,mixed_2024_and_2026_vintages_reconcile_amendments,not_assembled,False
98508,b2075f205334f4a657789f4d9a87b01f81215fdef360d3041d2074366d560e0a,"[""c763029eb855bc9f125bbadadfcb79a0cb402d028d07286b168c05b26ab27441""]",1,fixed_mapped_track_candidates,published_table_coverage_not_geographic_validation,mixed_2024_and_2026_vintages_reconcile_amendments,not_assembled,False
98509,3f9f069f061e81ec9a9eefbce77d0de3283c79bbf368223ecfe71efea6f224c6,"[""bbb98b24402a205da9366f1d46751618ead3533d8b93f75cf4a370153a62fb51""]",1,fixed_mapped_track_candidates,published_table_coverage_not_geographic_validation,mixed_2024_and_2026_vintages_reconcile_amendments,not_assembled,False
98510,b2075f205334f4a657789f4d9a87b01f81215fdef360d3041d2074366d560e0a,"[""c763029eb855bc9f125bbadadfcb79a0cb402d028d07286b168c05b26ab27441""]",1,fixed_mapped_track_candidates,published_table_coverage_not_geographic_validation,mixed_2024_and_2026_vintages_reconcile_amendments,not_assembled,False
98511,3f9f069f061e81ec9a9eefbce77d0de3283c79bbf368223ecfe71efea6f224c6,"[""bbb98b24402a205da9366f1d46751618ead3533d8b93f75cf4a370153a62fb51""]",1,fixed_mapped_track_candidates,published_table_coverage_not_geographic_validation,mixed_2024_and_2026_vintages_reconcile_amendments,not_assembled,False
98512,7db0f5604f3898e9b92daf5441487978eb1fd46f100ff32497113863bf39a9fd,"[""c2d49dc2eb0a0648059f8060902b8b5f49962b4a37aca9920eebc657356f4e27""]",1,fixed_mapped_track_candidates,published_table_coverage_not_geographic_validation,mixed_2024_and_2026_vintages_reconcile_amendments,not_assembled,False
98513,3f9f069f061e81ec9a9eefbce77d0de3283c79bbf368223ecfe71efea6f224c6,"[""bbb98b24402a205da9366f1d46751618ead3533d8b93f75cf4a370153a62fb51""]",1,fixed_mapped_track_candidates,published_table_coverage_not_geographic_validation,mixed_2024_and_2026_vintages_reconcile_amendments,not_assembled,False
98514,b2075f205334f4a657789f4d9a87b01f81215fdef360d3041d2074366d560e0a,"[""c763029eb855bc9f125bbadadfcb79a0cb402d028d07286b168c05b26ab27441""]",1,fixed_mapped_track_candidates,published_table_coverage_not_geographic_validation,mixed_2024_and_2026_vintages_reconcile_amendments,not_assembled,False
98515,3f9f069f061e81ec9a9eefbce77d0de3283c79bbf368223ecfe71efea6f224c6,"[""bbb98b24402a205da9366f1d46751618ead3533d8b93f75cf4a370153a62fb51""]",1,fixed_mapped_track_candidates,published_table_coverage_not_geographic_validation,mixed_2024_and_2026_vintages_reconcile_amendments,not_assembled,False
98516,b2075f205334f4a657789f4d9a87b01f81215fdef360d3041d2074366d560e0a,"[""c763029eb855bc9f125bbadadfcb79a0cb402d028d07286b168c05b26ab27441""]",1,fixed_mapped_track_candidates,published_table_coverage_not_geographic_validation,mixed_2024_and_2026_vintages_reconcile_amendments,not_assembled,False
98517,3f9f069f061e81ec9a9eefbce77d0de3283c79bbf368223ecfe71efea6f224c6,"[""bbb98b24402a205da9366f1d46751618ead3533d8b93f75cf4a370153a62fb51""]",1,fixed_mapped_track_candidates,published_table_coverage_not_geographic_validation,mixed_2024_and_2026_vintages_reconcile_amendments,not_assembled,False
98518,b2075f205334f4a657789f4d9a87b01f81215fdef360d3041d2074366d560e0a,"[""c763029eb855bc9f125bbadadfcb79a0cb402d028d07286b168c05b26ab27441""]",1,fixed_mapped_track_candidates,published_table_coverage_not_geographic_validation,mixed_2024_and_2026_vintages_reconcile_amendments,not_assembled,False
98519,3f9f069f061e81ec9a9eefbce77d0de3283c79bbf368223ecfe71efea6f224c6,"[""bbb98b24402a205da9366f1d46751618ead3533d8b93f75cf4a370153a62fb51""]",1,fixed_mapped_track_candidates,published_table_coverage_not_geographic_validation,mixed_2024_and_2026_vintages_reconcile_amendments,not_assembled,False
98520,b2075f205334f4a657789f4d9a87b01f81215fdef360d3041d2074366d560e0a,"[""c763029eb855bc9f125bbadadfcb79a0cb402d028d07286b168c05b26ab27441""]",1,fixed_mapped_track_candidates,published_table_coverage_not_geographic_validation,mixed_2024_and_2026_vintages_reconcile_amendments,not_assembled,False
98521,3f9f069f061e81ec9a9eefbce77d0de3283c79bbf368223ecfe71efea6f224c6,"[""bbb98b24402a205da9366f1d46751618ead3533d8b93f75cf4a370153a62fb51""]",1,fixed_mapped_track_candidates,published_table_coverage_not_geographic_validation,mixed_2024_and_2026_vintages_reconcile_amendments,not_assembled,False
98522,7db0f5604f3898e9b92daf5441487978eb1fd46f100ff32497113863bf39a9fd,"[""c2d49dc2eb0a0648059f8060902b8b5f49962b4a37aca9920eebc657356f4e27""]",1,fixed_mapped_track_candidates,published_table_coverage_not_geographic_validation,mixed_2024_and_2026_vintages_reconcile_amendments,not_assembled,False
98523,3f9f069f061e81ec9a9eefbce77d0de3283c79bbf368223ecfe71efea6f224c6,"[""bbb98b24402a205da9366f1d46751618ead3533d8b93f75cf4a370153a62fb51""]",1,fixed_mapped_track_candidates,published_table_coverage_not_geographic_validation,mixed_2024_and_2026_vintages_reconcile_amendments,not_assembled,False
98524,b2075f205334f4a657789f4d9a87b01f81215fdef360d3041d2074366d560e0a,"[""c763029eb855bc9f125bbadadfcb79a0cb402d028d07286b168c05b26ab27441""]",1,fixed_mapped_track_candidates,published_table_coverage_not_geographic_validation,mixed_2024_and_2026_vintages_reconcile_amendments,not_assembled,False
98525,3f9f069f061e81ec9a9eefbce77d0de3283c79bbf368223ecfe71efea6f224c6,"[""bbb98b24402a205da9366f1d46751618ead3533d8b93f75cf4a370153a62fb51""]",1,fixed_mapped_track_candidates,published_table_coverage_not_geographic_validation,mixed_2024_and_2026_vintages_reconcile_amendments,not_assembled,False
98526,b2075f205334f4a657789f4d9a87b01f81215fdef360d3041d2074366d560e0a,"[""c763029eb855bc9f125bbadadfcb79a0cb402d028d07286b168c05b26ab27441""]",1,fixed_mapped_track_candidates,published_table_coverage_not_geographic_validation,mixed_2024_and_2026_vintages_reconcile_amendments,not_assembled,False
98527,3f9f069f061e81ec9a9eefbce77d0de3283c79bbf368223ecfe71efea6f224c6,"[""bbb98b24402a205da9366f1d46751618ead3533d8b93f75cf4a370153a62fb51""]",1,fixed_mapped_track_candidates,published_table_coverage_not_geographic_validation,mixed_2024_and_2026_vintages_reconcile_amendments,not_assembled,False
98528,b2075f205334f4a657789f4d9a87b01f81215fdef360d3041d2074366d560e0a,"[""c763029eb855bc9f125bbadadfcb79a0cb402d028d07286b168c05b26ab27441""]",1,fixed_mapped_track_candidates,published_table_coverage_not_geographic_validation,mixed_2024_and_2026_vintages_reconcile_amendments,not_assembled,False
98529,3f9f069f061e81ec9a9eefbce77d0de3283c79bbf368223ecfe71efea6f224c6,"[""bbb98b24402a205da9366f1d46751618ead3533d8b93f75cf4a370153a62fb51""]",1,fixed_mapped_track_candidates,published_table_coverage_not_geographic_validation,mixed_2024_and_2026_vintages_reconcile_amendments,not_assembled,False
98530,b2075f205334f4a657789f4d9a87b01f81215fdef360d3041d2074366d560e0a,"[""c763029eb855bc9f125bbadadfcb79a0cb402d028d07286b168c05b26ab27441""]",1,fixed_mapped_track_candidates,published_table_coverage_not_geographic_validation,mixed_2024_and_2026_vintages_reconcile_amendments,not_assembled,False
98531,f8a958dc857000c77b7105a8f390bbf34d813aae8f25a19dbf4c32b020409511,"[""522a8eabb2579cf46926c8e13952c411c2400c6f37b944286845178fa83705a3""]",1,fixed_mapped_track_candidates,published_table_coverage_not_geographic_validation,mixed_2024_and_2026_vintages_reconcile_amendments,not_assembled,False
98532,b2075f205334f4a657789f4d9a87b01f81215fdef360d3041d2074366d560e0a,"[""c763029eb855bc9f125bbadadfcb79a0cb402d028d07286b168c05b26ab27441""]",1,fixed_mapped_track_candidates,published_table_coverage_not_geographic_validation,mixed_2024_and_2026_vintages_reconcile_amendments,not_assembled,False
98533,3f9f069f061e81ec9a9eefbce77d0de3283c79bbf368223ecfe71efea6f224c6,"[""bbb98b24402a205da9366f1d46751618ead3533d8b93f75cf4a370153a62fb51""]",1,fixed_mapped_track_candidates,published_table_coverage_not_geographic_validation,mixed_2024_and_2026_vintages_reconcile_amendments,not_assembled,False
98534,b2075f205334f4a657789f4d9a87b01f81215fdef360d3041d2074366d560e0a,"[""c763029eb855bc9f125bbadadfcb79a0cb402d028d07286b168c05b26ab27441""]",1,fixed_mapped_track_candidates,published_table_coverage_not_geographic_validation,mixed_2024_and_2026_vintages_reconcile_amendments,not_assembled,False
98535,3f9f069f061e81ec9a9eefbce77d0de3283c79bbf368223ecfe71efea6f224c6,"[""bbb98b24402a205da9366f1d46751618ead3533d8b93f75cf4a370153a62fb51""]",1,fixed_mapped_track_candidates,published_table_coverage_not_geographic_validation,mixed_2024_and_2026_vintages_reconcile_amendments,not_assembled,False
98536,b2075f205334f4a657789f4d9a87b01f81215fdef360d3041d2074366d560e0a,"[""c763029eb855bc9f125bbadadfcb79a0cb402d028d07286b168c05b26ab27441""]",1,fixed_mapped_track_candidates,published_table_coverage_not_geographic_validation,mixed_2024_and_2026_vintages_reconcile_amendments,not_assembled,False
98537,3f9f069f061e81ec9a9eefbce77d0de3283c79bbf368223ecfe71efea6f224c6,"[""bbb98b24402a205da9366f1d46751618ead3533d8b93f75cf4a370153a62fb51""]",1,fixed_mapped_track_candidates,published_table_coverage_not_geographic_validation,mixed_2024_and_2026_vintages_reconcile_amendments,not_assembled,False
98538,b2075f205334f4a657789f4d9a87b01f81215fdef360d3041d2074366d560e0a,"[""c763029eb855bc9f125bbadadfcb79a0cb402d028d07286b168c05b26ab27441""]",1,fixed_mapped_track_candidates,published_table_coverage_not_geographic_validation,mixed_2024_and_2026_vintages_reconcile_amendments,not_assembled,False
98539,3f9f069f061e81ec9a9eefbce77d0de3283c79bbf368223ecfe71efea6f224c6,"[""bbb98b24402a205da9366f1d46751618ead3533d8b93f75cf4a370153a62fb51""]",1,fixed_mapped_track_candidates,published_table_coverage_not_geographic_validation,mixed_2024_and_2026_vintages_reconcile_amendments,not_assembled,False
98540,b2075f205334f4a657789f4d9a87b01f81215fdef360d3041d2074366d560e0a,"[""c763029eb855bc9f125bbadadfcb79a0cb402d028d07286b168c05b26ab27441""]",1,fixed_mapped_track_candidates,published_table_coverage_not_geographic_validation,mixed_2024_and_2026_vintages_reconcile_amendments,not_assembled,False
98541,3f9f069f061e81ec9a9eefbce77d0de3283c79bbf368223ecfe71efea6f224c6,"[""bbb98b24402a205da9366f1d46751618ead3533d8b93f75cf4a370153a62fb51""]",1,fixed_mapped_track_candidates,published_table_coverage_not_geographic_validation,mixed_2024_and_2026_vintages_reconcile_amendments,not_assembled,False
98542,b2075f205334f4a657789f4d9a87b01f81215fdef360d3041d2074366d560e0a,"[""c763029eb855bc9f125bbadadfcb79a0cb402d028d07286b168c05b26ab27441""]",1,fixed_mapped_track_candidates,published_table_coverage_not_geographic_validation,mixed_2024_and_2026_vintages_reconcile_amendments,not_assembled,False
98543,3f9f069f061e81ec9a9eefbce77d0de3283c79bbf368223ecfe71efea6f224c6,"[""bbb98b24402a205da9366f1d46751618ead3533d8b93f75cf4a370153a62fb51""]",1,fixed_mapped_track_candidates,published_table_coverage_not_geographic_validation,mixed_2024_and_2026_vintages_reconcile_amendments,not_assembled,False
98544,b2075f205334f4a657789f4d9a87b01f81215fdef360d3041d2074366d560e0a,"[""c763029eb855bc9f125bbadadfcb79a0cb402d028d07286b168c05b26ab27441""]",1,fixed_mapped_track_candidates,published_table_coverage_not_geographic_validation,mixed_2024_and_2026_vintages_reconcile_amendments,not_assembled,False
98545,3f9f069f061e81ec9a9eefbce77d0de3283c79bbf368223ecfe71efea6f224c6,"[""bbb98b24402a205da9366f1d46751618ead3533d8b93f75cf4a370153a62fb51""]",1,fixed_mapped_track_candidates,published_table_coverage_not_geographic_validation,mixed_2024_and_2026_vintages_reconcile_amendments,not_assembled,False
98546,b2075f205334f4a657789f4d9a87b01f81215fdef360d3041d2074366d560e0a,"[""c763029eb855bc9f125bbadadfcb79a0cb402d028d07286b168c05b26ab27441""]",1,fixed_mapped_track_candidates,published_table_coverage_not_geographic_validation,mixed_2024_and_2026_vintages_reconcile_amendments,not_assembled,False
98547,3f9f069f061e81ec9a9eefbce77d0de3283c79bbf368223ecfe71efea6f224c6,"[""bbb98b24402a205da9366f1d46751618ead3533d8b93f75cf4a370153a62fb51""]",1,fixed_mapped_track_candidates,published_table_coverage_not_geographic_validation,mixed_2024_and_2026_vintages_reconcile_amendments,not_assembled,False
98548,7db0f5604f3898e9b92daf5441487978eb1fd46f100ff32497113863bf39a9fd,"[""c2d49dc2eb0a0648059f8060902b8b5f49962b4a37aca9920eebc657356f4e27""]",1,fixed_mapped_track_candidates,published_table_coverage_not_geographic_validation,mixed_2024_and_2026_vintages_reconcile_amendments,not_assembled,False
98549,3f9f069f061e81ec9a9eefbce77d0de3283c79bbf368223ecfe71efea6f224c6,"[""bbb98b24402a205da9366f1d46751618ead3533d8b93f75cf4a370153a62fb51""]",1,fixed_mapped_track_candidates,published_table_coverage_not_geographic_validation,mixed_2024_and_2026_vintages_reconcile_amendments,not_assembled,False
98550,b2075f205334f4a657789f4d9a87b01f81215fdef360d3041d2074366d560e0a,"[""c763029eb855bc9f125bbadadfcb79a0cb402d028d07286b168c05b26ab27441""]",1,fixed_mapped_track_candidates,published_table_coverage_not_geographic_validation,mixed_2024_and_2026_vintages_reconcile_amendments,not_assembled,False
98551,3f9f069f061e81ec9a9eefbce77d0de3283c79bbf368223ecfe71efea6f224c6,"[""bbb98b24402a205da9366f1d46751618ead3533d8b93f75cf4a370153a62fb51""]",1,fixed_mapped_track_candidates,published_table_coverage_not_geographic_validation,mixed_2024_and_2026_vintages_reconcile_amendments,not_assembled,False
98552,7db0f5604f3898e9b92daf5441487978eb1fd46f100ff32497113863bf39a9fd,"[""c2d49dc2eb0a0648059f8060902b8b5f49962b4a37aca9920eebc657356f4e27""]",1,fixed_mapped_track_candidates,published_table_coverage_not_geographic_validation,mixed_2024_and_2026_vintages_reconcile_amendments,not_assembled,False
98553,3f9f069f061e81ec9a9eefbce77d0de3283c79bbf368223ecfe71efea6f224c6,"[""bbb98b24402a205da9366f1d46751618ead3533d8b93f75cf4a370153a62fb51""]",1,fixed_mapped_track_candidates,published_table_coverage_not_geographic_validation,mixed_2024_and_2026_vintages_reconcile_amendments,not_assembled,False
98554,7db0f5604f3898e9b92daf5441487978eb1fd46f100ff32497113863bf39a9fd,"[""c2d49dc2eb0a0648059f8060902b8b5f49962b4a37aca9920eebc657356f4e27""]",1,fixed_mapped_track_candidates,published_table_coverage_not_geographic_validation,mixed_2024_and_2026_vintages_reconcile_amendments,not_assembled,False
98555,3f9f069f061e81ec9a9eefbce77d0de3283c79bbf368223ecfe71efea6f224c6,"[""bbb98b24402a205da9366f1d46751618ead3533d8b93f75cf4a370153a62fb51""]",1,fixed_mapped_track_candidates,published_table_coverage_not_geographic_validation,mixed_2024_and_2026_vintages_reconcile_amendments,not_assembled,False
98556,b2075f205334f4a657789f4d9a87b01f81215fdef360d3041d2074366d560e0a,"[""c763029eb855bc9f125bbadadfcb79a0cb402d028d07286b168c05b26ab27441""]",1,fixed_mapped_track_candidates,published_table_coverage_not_geographic_validation,mixed_2024_and_2026_vintages_reconcile_amendments,not_assembled,False
98557,3f9f069f061e81ec9a9eefbce77d0de3283c79bbf368223ecfe71efea6f224c6,"[""bbb98b24402a205da9366f1d46751618ead3533d8b93f75cf4a370153a62fb51""]",1,fixed_mapped_track_candidates,published_table_coverage_not_geographic_validation,mixed_2024_and_2026_vintages_reconcile_amendments,not_assembled,False
98558,7db0f5604f3898e9b92daf5441487978eb1fd46f100ff32497113863bf39a9fd,"[""c2d49dc2eb0a0648059f8060902b8b5f49962b4a37aca9920eebc657356f4e27""]",1,fixed_mapped_track_candidates,published_table_coverage_not_geographic_validation,mixed_2024_and_2026_vintages_reconcile_amendments,not_assembled,False
98559,3f9f069f061e81ec9a9eefbce77d0de3283c79bbf368223ecfe71efea6f224c6,"[""bbb98b24402a205da9366f1d46751618ead3533d8b93f75cf4a370153a62fb51""]",1,fixed_mapped_track_candidates,published_table_coverage_not_geographic_validation,mixed_2024_and_2026_vintages_reconcile_amendments,not_assembled,False
98560,b2075f205334f4a657789f4d9a87b01f81215fdef360d3041d2074366d560e0a,"[""c763029eb855bc9f125bbadadfcb79a0cb402d028d07286b168c05b26ab27441""]",1,fixed_mapped_track_candidates,published_table_coverage_not_geographic_validation,mixed_2024_and_2026_vintages_reconcile_amendments,not_assembled,False
98561,3f9f069f061e81ec9a9eefbce77d0de3283c79bbf368223ecfe71efea6f224c6,"[""bbb98b24402a205da9366f1d46751618ead3533d8b93f75cf4a370153a62fb51""]",1,fixed_mapped_track_candidates,published_table_coverage_not_geographic_validation,mixed_2024_and_2026_vintages_reconcile_amendments,not_assembled,False
98562,b2075f205334f4a657789f4d9a87b01f81215fdef360d3041d2074366d560e0a,"[""c763029eb855bc9f125bbadadfcb79a0cb402d028d07286b168c05b26ab27441""]",1,fixed_mapped_track_candidates,published_table_coverage_not_geographic_validation,mixed_2024_and_2026_vintages_reconcile_amendments,not_assembled,False
98563,3f9f069f061e81ec9a9eefbce77d0de3283c79bbf368223ecfe71efea6f224c6,"[""bbb98b24402a205da9366f1d46751618ead3533d8b93f75cf4a370153a62fb51""]",1,fixed_mapped_track_candidates,published_table_coverage_not_geographic_validation,mixed_2024_and_2026_vintages_reconcile_amendments,not_assembled,False
98564,b2075f205334f4a657789f4d9a87b01f81215fdef360d3041d2074366d560e0a,"[""c763029eb855bc9f125bbadadfcb79a0cb402d028d07286b168c05b26ab27441""]",1,fixed_mapped_track_candidates,published_table_coverage_not_geographic_validation,mixed_2024_and_2026_vintages_reconcile_amendments,not_assembled,False
98565,3f9f069f061e81ec9a9eefbce77d0de3283c79bbf368223ecfe71efea6f224c6,"[""bbb98b24402a205da9366f1d46751618ead3533d8b93f75cf4a370153a62fb51""]",1,fixed_mapped_track_candidates,published_table_coverage_not_geographic_validation,mixed_2024_and_2026_vintages_reconcile_amendments,not_assembled,False
98566,b2075f205334f4a657789f4d9a87b01f81215fdef360d3041d2074366d560e0a,"[""c763029eb855bc9f125bbadadfcb79a0cb402d028d07286b168c05b26ab27441""]",1,fixed_mapped_track_candidates,published_table_coverage_not_geographic_validation,mixed_2024_and_2026_vintages_reconcile_amendments,not_assembled,False
98567,3f9f069f061e81ec9a9eefbce77d0de3283c79bbf368223ecfe71efea6f224c6,"[""bbb98b24402a205da9366f1d46751618ead3533d8b93f75cf4a370153a62fb51""]",1,fixed_mapped_track_candidates,published_table_coverage_not_geographic_validation,mixed_2024_and_2026_vintages_reconcile_amendments,not_assembled,False
98568,b2075f205334f4a657789f4d9a87b01f81215fdef360d3041d2074366d560e0a,"[""c763029eb855bc9f125bbadadfcb79a0cb402d028d07286b168c05b26ab27441""]",1,fixed_mapped_track_candidates,published_table_coverage_not_geographic_validation,mixed_2024_and_2026_vintages_reconcile_amendments,not_assembled,False
98569,3f9f069f061e81ec9a9eefbce77d0de3283c79bbf368223ecfe71efea6f224c6,"[""bbb98b24402a205da9366f1d46751618ead3533d8b93f75cf4a370153a62fb51""]",1,fixed_mapped_track_candidates,published_table_coverage_not_geographic_validation,mixed_2024_and_2026_vintages_reconcile_amendments,not_assembled,False
98570,b2075f205334f4a657789f4d9a87b01f81215fdef360d3041d2074366d560e0a,"[""c763029eb855bc9f125bbadadfcb79a0cb402d028d07286b168c05b26ab27441""]",1,fixed_mapped_track_candidates,published_table_coverage_not_geographic_validation,mixed_2024_and_2026_vintages_reconcile_amendments,not_assembled,False
98571,3f9f069f061e81ec9a9eefbce77d0de3283c79bbf368223ecfe71efea6f224c6,"[""bbb98b24402a205da9366f1d46751618ead3533d8b93f75cf4a370153a62fb51""]",1,fixed_mapped_track_candidates,published_table_coverage_not_geographic_validation,mixed_2024_and_2026_vintages_reconcile_amendments,not_assembled,False
98572,b2075f205334f4a657789f4d9a87b01f81215fdef360d3041d2074366d560e0a,"[""c763029eb855bc9f125bbadadfcb79a0cb402d028d07286b168c05b26ab27441""]",1,fixed_mapped_track_candidates,published_table_coverage_not_geographic_validation,mixed_2024_and_2026_vintages_reconcile_amendments,not_assembled,False
98573,3f9f069f061e81ec9a9eefbce77d0de3283c79bbf368223ecfe71efea6f224c6,"[""bbb98b24402a205da9366f1d46751618ead3533d8b93f75cf4a370153a62fb51""]",1,fixed_mapped_track_candidates,published_table_coverage_not_geographic_validation,mixed_2024_and_2026_vintages_reconcile_amendments,not_assembled,False
98574,b2075f205334f4a657789f4d9a87b01f81215fdef360d3041d2074366d560e0a,"[""c763029eb855bc9f125bbadadfcb79a0cb402d028d07286b168c05b26ab27441""]",1,fixed_mapped_track_candidates,published_table_coverage_not_geographic_validation,mixed_2024_and_2026_vintages_reconcile_amendments,not_assembled,False
98575,3f9f069f061e81ec9a9eefbce77d0de3283c79bbf368223ecfe71efea6f224c6,"[""bbb98b24402a205da9366f1d46751618ead3533d8b93f75cf4a370153a62fb51""]",1,fixed_mapped_track_candidates,published_table_coverage_not_geographic_validation,mixed_2024_and_2026_vintages_reconcile_amendments,not_assembled,False
98576,b2075f205334f4a657789f4d9a87b01f81215fdef360d3041d2074366d560e0a,"[""c763029eb855bc9f125bbadadfcb79a0cb402d028d07286b168c05b26ab27441""]",1,fixed_mapped_track_candidates,published_table_coverage_not_geographic_validation,mixed_2024_and_2026_vintages_reconcile_amendments,not_assembled,False
98578,b2075f205334f4a657789f4d9a87b01f81215fdef360d3041d2074366d560e0a,"[""c763029eb855bc9f125bbadadfcb79a0cb402d028d07286b168c05b26ab27441""]",1,fixed_mapped_track_candidates,published_table_coverage_not_geographic_validation,mixed_2024_and_2026_vintages_reconcile_amendments,not_assembled,False
98602,7aac09e077c690522e057aceca70f7cbf818e83fd167d632bad3e6784d8bcecf,"[""a7b9082eed768b3386d163f54ca4ebbb95dc3c907b583466c5e1feac0fc6e202""]",1,fixed_mapped_track_candidates,published_table_coverage_not_geographic_validation,mixed_2024_and_2026_vintages_reconcile_amendments,not_assembled,False
98604,7aac09e077c690522e057aceca70f7cbf818e83fd167d632bad3e6784d8bcecf,"[""a7b9082eed768b3386d163f54ca4ebbb95dc3c907b583466c5e1feac0fc6e202""]",1,fixed_mapped_track_candidates,published_table_coverage_not_geographic_validation,mixed_2024_and_2026_vintages_reconcile_amendments,not_assembled,False
98605,05e91588bca4edf87f007c0968df634fafd0206a6897c48707df144b78cb063f,"[""cb0fd2aa6fdb62a122fa01df45977dad8b41e1df67a789fac89c474a160e1462""]",1,fixed_mapped_track_candidates,published_table_coverage_not_geographic_validation,mixed_2024_and_2026_vintages_reconcile_amendments,not_assembled,False
98606,09d1be51dc2b65b61b53fb2419a4d250ef3c14eb265f9f405a34bc4aed307e9a,"[""4feb35bb9a1a84eb917b5422b83b75336153885dbcc9bae23b97516e724e0e64""]",1,fixed_mapped_track_candidates,published_table_coverage_not_geographic_validation,mixed_2024_and_2026_vintages_reconcile_amendments,not_assembled,False
98701,69aef123fe3d6696824320e1f59b429fb1076e9f0907ab3f8cebab5fb5147d88,"[""65e09a8ad9758a099f422d6f3419faadc5eb0b3da718b70e3b90d29c5560eb07""]",1,fixed_mapped_track_candidates,published_table_coverage_not_geographic_validation,mixed_2024_and_2026_vintages_reconcile_amendments,not_assembled,False
98702,3fc4dce60cc4188d461fcebca783e7aa5bd9ff0164ac84d7d3f0271768e37299,"[""e355cb173d4357a40adfd5650a575b47c58a68d3838b6f29a3934e99563f422d""]",1,fixed_mapped_track_candidates,published_table_coverage_not_geographic_validation,mixed_2024_and_2026_vintages_reconcile_amendments,not_assembled,False
98703,69aef123fe3d6696824320e1f59b429fb1076e9f0907ab3f8cebab5fb5147d88,"[""65e09a8ad9758a099f422d6f3419faadc5eb0b3da718b70e3b90d29c5560eb07""]",1,fixed_mapped_track_candidates,published_table_coverage_not_geographic_validation,mixed_2024_and_2026_vintages_reconcile_amendments,not_assembled,False
98704,3fc4dce60cc4188d461fcebca783e7aa5bd9ff0164ac84d7d3f0271768e37299,"[""e355cb173d4357a40adfd5650a575b47c58a68d3838b6f29a3934e99563f422d""]",1,fixed_mapped_track_candidates,published_table_coverage_not_geographic_validation,mixed_2024_and_2026_vintages_reconcile_amendments,not_assembled,False
98705,69aef123fe3d6696824320e1f59b429fb1076e9f0907ab3f8cebab5fb5147d88,"[""65e09a8ad9758a099f422d6f3419faadc5eb0b3da718b70e3b90d29c5560eb07""]",1,fixed_mapped_track_candidates,published_table_coverage_not_geographic_validation,mixed_2024_and_2026_vintages_reconcile_amendments,not_assembled,False
98706,3fc4dce60cc4188d461fcebca783e7aa5bd9ff0164ac84d7d3f0271768e37299,"[""e355cb173d4357a40adfd5650a575b47c58a68d3838b6f29a3934e99563f422d""]",1,fixed_mapped_track_candidates,published_table_coverage_not_geographic_validation,mixed_2024_and_2026_vintages_reconcile_amendments,not_assembled,False
98707,69aef123fe3d6696824320e1f59b429fb1076e9f0907ab3f8cebab5fb5147d88,"[""65e09a8ad9758a099f422d6f3419faadc5eb0b3da718b70e3b90d29c5560eb07""]",1,fixed_mapped_track_candidates,published_table_coverage_not_geographic_validation,mixed_2024_and_2026_vintages_reconcile_amendments,not_assembled,False
98708,3fc4dce60cc4188d461fcebca783e7aa5bd9ff0164ac84d7d3f0271768e37299,"[""e355cb173d4357a40adfd5650a575b47c58a68d3838b6f29a3934e99563f422d""]",1,fixed_mapped_track_candidates,published_table_coverage_not_geographic_validation,mixed_2024_and_2026_vintages_reconcile_amendments,not_assembled,False
98709,69aef123fe3d6696824320e1f59b429fb1076e9f0907ab3f8cebab5fb5147d88,"[""65e09a8ad9758a099f422d6f3419faadc5eb0b3da718b70e3b90d29c5560eb07""]",1,fixed_mapped_track_candidates,published_table_coverage_not_geographic_validation,mixed_2024_and_2026_vintages_reconcile_amendments,not_assembled,False
98710,3fc4dce60cc4188d461fcebca783e7aa5bd9ff0164ac84d7d3f0271768e37299,"[""e355cb173d4357a40adfd5650a575b47c58a68d3838b6f29a3934e99563f422d""]",1,fixed_mapped_track_candidates,published_table_coverage_not_geographic_validation,mixed_2024_and_2026_vintages_reconcile_amendments,not_assembled,False
98711,69aef123fe3d6696824320e1f59b429fb1076e9f0907ab3f8cebab5fb5147d88,"[""65e09a8ad9758a099f422d6f3419faadc5eb0b3da718b70e3b90d29c5560eb07""]",1,fixed_mapped_track_candidates,published_table_coverage_not_geographic_validation,mixed_2024_and_2026_vintages_reconcile_amendments,not_assembled,False
98712,3fc4dce60cc4188d461fcebca783e7aa5bd9ff0164ac84d7d3f0271768e37299,"[""e355cb173d4357a40adfd5650a575b47c58a68d3838b6f29a3934e99563f422d""]",1,fixed_mapped_track_candidates,published_table_coverage_not_geographic_validation,mixed_2024_and_2026_vintages_reconcile_amendments,not_assembled,False
98713,69aef123fe3d6696824320e1f59b429fb1076e9f0907ab3f8cebab5fb5147d88,"[""65e09a8ad9758a099f422d6f3419faadc5eb0b3da718b70e3b90d29c5560eb07""]",1,fixed_mapped_track_candidates,published_table_coverage_not_geographic_validation,mixed_2024_and_2026_vintages_reconcile_amendments,not_assembled,False
98714,3fc4dce60cc4188d461fcebca783e7aa5bd9ff0164ac84d7d3f0271768e37299,"[""e355cb173d4357a40adfd5650a575b47c58a68d3838b6f29a3934e99563f422d""]",1,fixed_mapped_track_candidates,published_table_coverage_not_geographic_validation,mixed_2024_and_2026_vintages_reconcile_amendments,not_assembled,False
98715,69aef123fe3d6696824320e1f59b429fb1076e9f0907ab3f8cebab5fb5147d88,"[""65e09a8ad9758a099f422d6f3419faadc5eb0b3da718b70e3b90d29c5560eb07""]",1,fixed_mapped_track_candidates,published_table_coverage_not_geographic_validation,mixed_2024_and_2026_vintages_reconcile_amendments,not_assembled,False
98716,3fc4dce60cc4188d461fcebca783e7aa5bd9ff0164ac84d7d3f0271768e37299,"[""e355cb173d4357a40adfd5650a575b47c58a68d3838b6f29a3934e99563f422d""]",1,fixed_mapped_track_candidates,published_table_coverage_not_geographic_validation,mixed_2024_and_2026_vintages_reconcile_amendments,not_assembled,False
98717,69aef123fe3d6696824320e1f59b429fb1076e9f0907ab3f8cebab5fb5147d88,"[""65e09a8ad9758a099f422d6f3419faadc5eb0b3da718b70e3b90d29c5560eb07""]",1,fixed_mapped_track_candidates,published_table_coverage_not_geographic_validation,mixed_2024_and_2026_vintages_reconcile_amendments,not_assembled,False
98718,3fc4dce60cc4188d461fcebca783e7aa5bd9ff0164ac84d7d3f0271768e37299,"[""e355cb173d4357a40adfd5650a575b47c58a68d3838b6f29a3934e99563f422d""]",1,fixed_mapped_track_candidates,published_table_coverage_not_geographic_validation,mixed_2024_and_2026_vintages_reconcile_amendments,not_assembled,False
98719,69aef123fe3d6696824320e1f59b429fb1076e9f0907ab3f8cebab5fb5147d88,"[""65e09a8ad9758a099f422d6f3419faadc5eb0b3da718b70e3b90d29c5560eb07""]",1,fixed_mapped_track_candidates,published_table_coverage_not_geographic_validation,mixed_2024_and_2026_vintages_reconcile_amendments,not_assembled,False
98720,3fc4dce60cc4188d461fcebca783e7aa5bd9ff0164ac84d7d3f0271768e37299,"[""e355cb173d4357a40adfd5650a575b47c58a68d3838b6f29a3934e99563f422d""]",1,fixed_mapped_track_candidates,published_table_coverage_not_geographic_validation,mixed_2024_and_2026_vintages_reconcile_amendments,not_assembled,False
98721,69aef123fe3d6696824320e1f59b429fb1076e9f0907ab3f8cebab5fb5147d88,"[""65e09a8ad9758a099f422d6f3419faadc5eb0b3da718b70e3b90d29c5560eb07""]",1,fixed_mapped_track_candidates,published_table_coverage_not_geographic_validation,mixed_2024_and_2026_vintages_reconcile_amendments,not_assembled,False
98722,3fc4dce60cc4188d461fcebca783e7aa5bd9ff0164ac84d7d3f0271768e37299,"[""e355cb173d4357a40adfd5650a575b47c58a68d3838b6f29a3934e99563f422d""]",1,fixed_mapped_track_candidates,published_table_coverage_not_geographic_validation,mixed_2024_and_2026_vintages_reconcile_amendments,not_assembled,False
98723,69aef123fe3d6696824320e1f59b429fb1076e9f0907ab3f8cebab5fb5147d88,"[""65e09a8ad9758a099f422d6f3419faadc5eb0b3da718b70e3b90d29c5560eb07""]",1,fixed_mapped_track_candidates,published_table_coverage_not_geographic_validation,mixed_2024_and_2026_vintages_reconcile_amendments,not_assembled,False
98724,3fc4dce60cc4188d461fcebca783e7aa5bd9ff0164ac84d7d3f0271768e37299,"[""e355cb173d4357a40adfd5650a575b47c58a68d3838b6f29a3934e99563f422d""]",1,fixed_mapped_track_candidates,published_table_coverage_not_geographic_validation,mixed_2024_and_2026_vintages_reconcile_amendments,not_assembled,False
98725,69aef123fe3d6696824320e1f59b429fb1076e9f0907ab3f8cebab5fb5147d88,"[""65e09a8ad9758a099f422d6f3419faadc5eb0b3da718b70e3b90d29c5560eb07""]",1,fixed_mapped_track_candidates,published_table_coverage_not_geographic_validation,mixed_2024_and_2026_vintages_reconcile_amendments,not_assembled,False
98726,3fc4dce60cc4188d461fcebca783e7aa5bd9ff0164ac84d7d3f0271768e37299,"[""e355cb173d4357a40adfd5650a575b47c58a68d3838b6f29a3934e99563f422d""]",1,fixed_mapped_track_candidates,published_table_coverage_not_geographic_validation,mixed_2024_and_2026_vintages_reconcile_amendments,not_assembled,False
98727,69aef123fe3d6696824320e1f59b429fb1076e9f0907ab3f8cebab5fb5147d88,"[""65e09a8ad9758a099f422d6f3419faadc5eb0b3da718b70e3b90d29c5560eb07""]",1,fixed_mapped_track_candidates,published_table_coverage_not_geographic_validation,mixed_2024_and_2026_vintages_reconcile_amendments,not_assembled,False
98728,3fc4dce60cc4188d461fcebca783e7aa5bd9ff0164ac84d7d3f0271768e37299,"[""e355cb173d4357a40adfd5650a575b47c58a68d3838b6f29a3934e99563f422d""]",1,fixed_mapped_track_candidates,published_table_coverage_not_geographic_validation,mixed_2024_and_2026_vintages_reconcile_amendments,not_assembled,False
98729,69aef123fe3d6696824320e1f59b429fb1076e9f0907ab3f8cebab5fb5147d88,"[""65e09a8ad9758a099f422d6f3419faadc5eb0b3da718b70e3b90d29c5560eb07""]",1,fixed_mapped_track_candidates,published_table_coverage_not_geographic_validation,mixed_2024_and_2026_vintages_reconcile_amendments,not_assembled,False
98730,3fc4dce60cc4188d461fcebca783e7aa5bd9ff0164ac84d7d3f0271768e37299,"[""e355cb173d4357a40adfd5650a575b47c58a68d3838b6f29a3934e99563f422d""]",1,fixed_mapped_track_candidates,published_table_coverage_not_geographic_validation,mixed_2024_and_2026_vintages_reconcile_amendments,not_assembled,False
98731,69aef123fe3d6696824320e1f59b429fb1076e9f0907ab3f8cebab5fb5147d88,"[""65e09a8ad9758a099f422d6f3419faadc5eb0b3da718b70e3b90d29c5560eb07""]",1,fixed_mapped_track_candidates,published_table_coverage_not_geographic_validation,mixed_2024_and_2026_vintages_reconcile_amendments,not_assembled,False
98732,3fc4dce60cc4188d461fcebca783e7aa5bd9ff0164ac84d7d3f0271768e37299,"[""e355cb173d4357a40adfd5650a575b47c58a68d3838b6f29a3934e99563f422d""]",1,fixed_mapped_track_candidates,published_table_coverage_not_geographic_validation,mixed_2024_and_2026_vintages_reconcile_amendments,not_assembled,False
98733,69aef123fe3d6696824320e1f59b429fb1076e9f0907ab3f8cebab5fb5147d88,"[""65e09a8ad9758a099f422d6f3419faadc5eb0b3da718b70e3b90d29c5560eb07""]",1,fixed_mapped_track_candidates,published_table_coverage_not_geographic_validation,mixed_2024_and_2026_vintages_reconcile_amendments,not_assembled,False
98734,3fc4dce60cc4188d461fcebca783e7aa5bd9ff0164ac84d7d3f0271768e37299,"[""e355cb173d4357a40adfd5650a575b47c58a68d3838b6f29a3934e99563f422d""]",1,fixed_mapped_track_candidates,published_table_coverage_not_geographic_validation,mixed_2024_and_2026_vintages_reconcile_amendments,not_assembled,False
98735,69aef123fe3d6696824320e1f59b429fb1076e9f0907ab3f8cebab5fb5147d88,"[""65e09a8ad9758a099f422d6f3419faadc5eb0b3da718b70e3b90d29c5560eb07""]",1,fixed_mapped_track_candidates,published_table_coverage_not_geographic_validation,mixed_2024_and_2026_vintages_reconcile_amendments,not_assembled,False
98736,3fc4dce60cc4188d461fcebca783e7aa5bd9ff0164ac84d7d3f0271768e37299,"[""e355cb173d4357a40adfd5650a575b47c58a68d3838b6f29a3934e99563f422d""]",1,fixed_mapped_track_candidates,published_table_coverage_not_geographic_validation,mixed_2024_and_2026_vintages_reconcile_amendments,not_assembled,False
98737,69aef123fe3d6696824320e1f59b429fb1076e9f0907ab3f8cebab5fb5147d88,"[""65e09a8ad9758a099f422d6f3419faadc5eb0b3da718b70e3b90d29c5560eb07""]",1,fixed_mapped_track_candidates,published_table_coverage_not_geographic_validation,mixed_2024_and_2026_vintages_reconcile_amendments,not_assembled,False
98738,3fc4dce60cc4188d461fcebca783e7aa5bd9ff0164ac84d7d3f0271768e37299,"[""e355cb173d4357a40adfd5650a575b47c58a68d3838b6f29a3934e99563f422d""]",1,fixed_mapped_track_candidates,published_table_coverage_not_geographic_validation,mixed_2024_and_2026_vintages_reconcile_amendments,not_assembled,False
98739,69aef123fe3d6696824320e1f59b429fb1076e9f0907ab3f8cebab5fb5147d88,"[""65e09a8ad9758a099f422d6f3419faadc5eb0b3da718b70e3b90d29c5560eb07""]",1,fixed_mapped_track_candidates,published_table_coverage_not_geographic_validation,mixed_2024_and_2026_vintages_reconcile_amendments,not_assembled,False
98740,3fc4dce60cc4188d461fcebca783e7aa5bd9ff0164ac84d7d3f0271768e37299,"[""e355cb173d4357a40adfd5650a575b47c58a68d3838b6f29a3934e99563f422d""]",1,fixed_mapped_track_candidates,published_table_coverage_not_geographic_validation,mixed_2024_and_2026_vintages_reconcile_amendments,not_assembled,False
98741,69aef123fe3d6696824320e1f59b429fb1076e9f0907ab3f8cebab5fb5147d88,"[""65e09a8ad9758a099f422d6f3419faadc5eb0b3da718b70e3b90d29c5560eb07""]",1,fixed_mapped_track_candidates,published_table_coverage_not_geographic_validation,mixed_2024_and_2026_vintages_reconcile_amendments,not_assembled,False
98742,3fc4dce60cc4188d461fcebca783e7aa5bd9ff0164ac84d7d3f0271768e37299,"[""e355cb173d4357a40adfd5650a575b47c58a68d3838b6f29a3934e99563f422d""]",1,fixed_mapped_track_candidates,published_table_coverage_not_geographic_validation,mixed_2024_and_2026_vintages_reconcile_amendments,not_assembled,False
98743,69aef123fe3d6696824320e1f59b429fb1076e9f0907ab3f8cebab5fb5147d88,"[""65e09a8ad9758a099f422d6f3419faadc5eb0b3da718b70e3b90d29c5560eb07""]",1,fixed_mapped_track_candidates,published_table_coverage_not_geographic_validation,mixed_2024_and_2026_vintages_reconcile_amendments,not_assembled,False
98744,3fc4dce60cc4188d461fcebca783e7aa5bd9ff0164ac84d7d3f0271768e37299,"[""e355cb173d4357a40adfd5650a575b47c58a68d3838b6f29a3934e99563f422d""]",1,fixed_mapped_track_candidates,published_table_coverage_not_geographic_validation,mixed_2024_and_2026_vintages_reconcile_amendments,not_assembled,False
98745,69aef123fe3d6696824320e1f59b429fb1076e9f0907ab3f8cebab5fb5147d88,"[""65e09a8ad9758a099f422d6f3419faadc5eb0b3da718b70e3b90d29c5560eb07""]",1,fixed_mapped_track_candidates,published_table_coverage_not_geographic_validation,mixed_2024_and_2026_vintages_reconcile_amendments,not_assembled,False
98746,3fc4dce60cc4188d461fcebca783e7aa5bd9ff0164ac84d7d3f0271768e37299,"[""e355cb173d4357a40adfd5650a575b47c58a68d3838b6f29a3934e99563f422d""]",1,fixed_mapped_track_candidates,published_table_coverage_not_geographic_validation,mixed_2024_and_2026_vintages_reconcile_amendments,not_assembled,False
98747,69aef123fe3d6696824320e1f59b429fb1076e9f0907ab3f8cebab5fb5147d88,"[""65e09a8ad9758a099f422d6f3419faadc5eb0b3da718b70e3b90d29c5560eb07""]",1,fixed_mapped_track_candidates,published_table_coverage_not_geographic_validation,mixed_2024_and_2026_vintages_reconcile_amendments,not_assembled,False
98748,3fc4dce60cc4188d461fcebca783e7aa5bd9ff0164ac84d7d3f0271768e37299,"[""e355cb173d4357a40adfd5650a575b47c58a68d3838b6f29a3934e99563f422d""]",1,fixed_mapped_track_candidates,published_table_coverage_not_geographic_validation,mixed_2024_and_2026_vintages_reconcile_amendments,not_assembled,False
98749,69aef123fe3d6696824320e1f59b429fb1076e9f0907ab3f8cebab5fb5147d88,"[""65e09a8ad9758a099f422d6f3419faadc5eb0b3da718b70e3b90d29c5560eb07""]",1,fixed_mapped_track_candidates,published_table_coverage_not_geographic_validation,mixed_2024_and_2026_vintages_reconcile_amendments,not_assembled,False
98750,3fc4dce60cc4188d461fcebca783e7aa5bd9ff0164ac84d7d3f0271768e37299,"[""e355cb173d4357a40adfd5650a575b47c58a68d3838b6f29a3934e99563f422d""]",1,fixed_mapped_track_candidates,published_table_coverage_not_geographic_validation,mixed_2024_and_2026_vintages_reconcile_amendments,not_assembled,False
98751,69aef123fe3d6696824320e1f59b429fb1076e9f0907ab3f8cebab5fb5147d88,"[""65e09a8ad9758a099f422d6f3419faadc5eb0b3da718b70e3b90d29c5560eb07""]",1,fixed_mapped_track_candidates,published_table_coverage_not_geographic_validation,mixed_2024_and_2026_vintages_reconcile_amendments,not_assembled,False
98752,3fc4dce60cc4188d461fcebca783e7aa5bd9ff0164ac84d7d3f0271768e37299,"[""e355cb173d4357a40adfd5650a575b47c58a68d3838b6f29a3934e99563f422d""]",1,fixed_mapped_track_candidates,published_table_coverage_not_geographic_validation,mixed_2024_and_2026_vintages_reconcile_amendments,not_assembled,False
98753,69aef123fe3d6696824320e1f59b429fb1076e9f0907ab3f8cebab5fb5147d88,"[""65e09a8ad9758a099f422d6f3419faadc5eb0b3da718b70e3b90d29c5560eb07""]",1,fixed_mapped_track_candidates,published_table_coverage_not_geographic_validation,mixed_2024_and_2026_vintages_reconcile_amendments,not_assembled,False
98754,3fc4dce60cc4188d461fcebca783e7aa5bd9ff0164ac84d7d3f0271768e37299,"[""e355cb173d4357a40adfd5650a575b47c58a68d3838b6f29a3934e99563f422d""]",1,fixed_mapped_track_candidates,published_table_coverage_not_geographic_validation,mixed_2024_and_2026_vintages_reconcile_amendments,not_assembled,False
98755,69aef123fe3d6696824320e1f59b429fb1076e9f0907ab3f8cebab5fb5147d88,"[""65e09a8ad9758a099f422d6f3419faadc5eb0b3da718b70e3b90d29c5560eb07""]",1,fixed_mapped_track_candidates,published_table_coverage_not_geographic_validation,mixed_2024_and_2026_vintages_reconcile_amendments,not_assembled,False
98756,3fc4dce60cc4188d461fcebca783e7aa5bd9ff0164ac84d7d3f0271768e37299,"[""e355cb173d4357a40adfd5650a575b47c58a68d3838b6f29a3934e99563f422d""]",1,fixed_mapped_track_candidates,published_table_coverage_not_geographic_validation,mixed_2024_and_2026_vintages_reconcile_amendments,not_assembled,False
98757,69aef123fe3d6696824320e1f59b429fb1076e9f0907ab3f8cebab5fb5147d88,"[""65e09a8ad9758a099f422d6f3419faadc5eb0b3da718b70e3b90d29c5560eb07""]",1,fixed_mapped_track_candidates,published_table_coverage_not_geographic_validation,mixed_2024_and_2026_vintages_reconcile_amendments,not_assembled,False
98758,3fc4dce60cc4188d461fcebca783e7aa5bd9ff0164ac84d7d3f0271768e37299,"[""e355cb173d4357a40adfd5650a575b47c58a68d3838b6f29a3934e99563f422d""]",1,fixed_mapped_track_candidates,published_table_coverage_not_geographic_validation,mixed_2024_and_2026_vintages_reconcile_amendments,not_assembled,False
98759,69aef123fe3d6696824320e1f59b429fb1076e9f0907ab3f8cebab5fb5147d88,"[""65e09a8ad9758a099f422d6f3419faadc5eb0b3da718b70e3b90d29c5560eb07""]",1,fixed_mapped_track_candidates,published_table_coverage_not_geographic_validation,mixed_2024_and_2026_vintages_reconcile_amendments,not_assembled,False
98760,3fc4dce60cc4188d461fcebca783e7aa5bd9ff0164ac84d7d3f0271768e37299,"[""e355cb173d4357a40adfd5650a575b47c58a68d3838b6f29a3934e99563f422d""]",1,fixed_mapped_track_candidates,published_table_coverage_not_geographic_validation,mixed_2024_and_2026_vintages_reconcile_amendments,not_assembled,False
98761,69aef123fe3d6696824320e1f59b429fb1076e9f0907ab3f8cebab5fb5147d88,"[""65e09a8ad9758a099f422d6f3419faadc5eb0b3da718b70e3b90d29c5560eb07""]",1,fixed_mapped_track_candidates,published_table_coverage_not_geographic_validation,mixed_2024_and_2026_vintages_reconcile_amendments,not_assembled,False
98762,3fc4dce60cc4188d461fcebca783e7aa5bd9ff0164ac84d7d3f0271768e37299,"[""e355cb173d4357a40adfd5650a575b47c58a68d3838b6f29a3934e99563f422d""]",1,fixed_mapped_track_candidates,published_table_coverage_not_geographic_validation,mixed_2024_and_2026_vintages_reconcile_amendments,not_assembled,False
98763,69aef123fe3d6696824320e1f59b429fb1076e9f0907ab3f8cebab5fb5147d88,"[""65e09a8ad9758a099f422d6f3419faadc5eb0b3da718b70e3b90d29c5560eb07""]",1,fixed_mapped_track_candidates,published_table_coverage_not_geographic_validation,mixed_2024_and_2026_vintages_reconcile_amendments,not_assembled,False
98764,3fc4dce60cc4188d461fcebca783e7aa5bd9ff0164ac84d7d3f0271768e37299,"[""e355cb173d4357a40adfd5650a575b47c58a68d3838b6f29a3934e99563f422d""]",1,fixed_mapped_track_candidates,published_table_coverage_not_geographic_validation,mixed_2024_and_2026_vintages_reconcile_amendments,not_assembled,False
98765,69aef123fe3d6696824320e1f59b429fb1076e9f0907ab3f8cebab5fb5147d88,"[""65e09a8ad9758a099f422d6f3419faadc5eb0b3da718b70e3b90d29c5560eb07""]",1,fixed_mapped_track_candidates,published_table_coverage_not_geographic_validation,mixed_2024_and_2026_vintages_reconcile_amendments,not_assembled,False
98766,3fc4dce60cc4188d461fcebca783e7aa5bd9ff0164ac84d7d3f0271768e37299,"[""e355cb173d4357a40adfd5650a575b47c58a68d3838b6f29a3934e99563f422d""]",1,fixed_mapped_track_candidates,published_table_coverage_not_geographic_validation,mixed_2024_and_2026_vintages_reconcile_amendments,not_assembled,False
98767,69aef123fe3d6696824320e1f59b429fb1076e9f0907ab3f8cebab5fb5147d88,"[""65e09a8ad9758a099f422d6f3419faadc5eb0b3da718b70e3b90d29c5560eb07""]",1,fixed_mapped_track_candidates,published_table_coverage_not_geographic_validation,mixed_2024_and_2026_vintages_reconcile_amendments,not_assembled,False
98768,3fc4dce60cc4188d461fcebca783e7aa5bd9ff0164ac84d7d3f0271768e37299,"[""e355cb173d4357a40adfd5650a575b47c58a68d3838b6f29a3934e99563f422d""]",1,fixed_mapped_track_candidates,published_table_coverage_not_geographic_validation,mixed_2024_and_2026_vintages_reconcile_amendments,not_assembled,False
98769,69aef123fe3d6696824320e1f59b429fb1076e9f0907ab3f8cebab5fb5147d88,"[""65e09a8ad9758a099f422d6f3419faadc5eb0b3da718b70e3b90d29c5560eb07""]",1,fixed_mapped_track_candidates,published_table_coverage_not_geographic_validation,mixed_2024_and_2026_vintages_reconcile_amendments,not_assembled,False
98770,3fc4dce60cc4188d461fcebca783e7aa5bd9ff0164ac84d7d3f0271768e37299,"[""e355cb173d4357a40adfd5650a575b47c58a68d3838b6f29a3934e99563f422d""]",1,fixed_mapped_track_candidates,published_table_coverage_not_geographic_validation,mixed_2024_and_2026_vintages_reconcile_amendments,not_assembled,False
98771,69aef123fe3d6696824320e1f59b429fb1076e9f0907ab3f8cebab5fb5147d88,"[""65e09a8ad9758a099f422d6f3419faadc5eb0b3da718b70e3b90d29c5560eb07""]",1,fixed_mapped_track_candidates,published_table_coverage_not_geographic_validation,mixed_2024_and_2026_vintages_reconcile_amendments,not_assembled,False
98772,3fc4dce60cc4188d461fcebca783e7aa5bd9ff0164ac84d7d3f0271768e37299,"[""e355cb173d4357a40adfd5650a575b47c58a68d3838b6f29a3934e99563f422d""]",1,fixed_mapped_track_candidates,published_table_coverage_not_geographic_validation,mixed_2024_and_2026_vintages_reconcile_amendments,not_assembled,False
98773,69aef123fe3d6696824320e1f59b429fb1076e9f0907ab3f8cebab5fb5147d88,"[""65e09a8ad9758a099f422d6f3419faadc5eb0b3da718b70e3b90d29c5560eb07""]",1,fixed_mapped_track_candidates,published_table_coverage_not_geographic_validation,mixed_2024_and_2026_vintages_reconcile_amendments,not_assembled,False
98774,3fc4dce60cc4188d461fcebca783e7aa5bd9ff0164ac84d7d3f0271768e37299,"[""e355cb173d4357a40adfd5650a575b47c58a68d3838b6f29a3934e99563f422d""]",1,fixed_mapped_track_candidates,published_table_coverage_not_geographic_validation,mixed_2024_and_2026_vintages_reconcile_amendments,not_assembled,False
98775,69aef123fe3d6696824320e1f59b429fb1076e9f0907ab3f8cebab5fb5147d88,"[""65e09a8ad9758a099f422d6f3419faadc5eb0b3da718b70e3b90d29c5560eb07""]",1,fixed_mapped_track_candidates,published_table_coverage_not_geographic_validation,mixed_2024_and_2026_vintages_reconcile_amendments,not_assembled,False
98776,3fc4dce60cc4188d461fcebca783e7aa5bd9ff0164ac84d7d3f0271768e37299,"[""e355cb173d4357a40adfd5650a575b47c58a68d3838b6f29a3934e99563f422d""]",1,fixed_mapped_track_candidates,published_table_coverage_not_geographic_validation,mixed_2024_and_2026_vintages_reconcile_amendments,not_assembled,False
98777,69aef123fe3d6696824320e1f59b429fb1076e9f0907ab3f8cebab5fb5147d88,"[""65e09a8ad9758a099f422d6f3419faadc5eb0b3da718b70e3b90d29c5560eb07""]",1,fixed_mapped_track_candidates,published_table_coverage_not_geographic_validation,mixed_2024_and_2026_vintages_reconcile_amendments,not_assembled,False
98778,3fc4dce60cc4188d461fcebca783e7aa5bd9ff0164ac84d7d3f0271768e37299,"[""e355cb173d4357a40adfd5650a575b47c58a68d3838b6f29a3934e99563f422d""]",1,fixed_mapped_track_candidates,published_table_coverage_not_geographic_validation,mixed_2024_and_2026_vintages_reconcile_amendments,not_assembled,False
98779,69aef123fe3d6696824320e1f59b429fb1076e9f0907ab3f8cebab5fb5147d88,"[""65e09a8ad9758a099f422d6f3419faadc5eb0b3da718b70e3b90d29c5560eb07""]",1,fixed_mapped_track_candidates,published_table_coverage_not_geographic_validation,mixed_2024_and_2026_vintages_reconcile_amendments,not_assembled,False
98780,3fc4dce60cc4188d461fcebca783e7aa5bd9ff0164ac84d7d3f0271768e37299,"[""e355cb173d4357a40adfd5650a575b47c58a68d3838b6f29a3934e99563f422d""]",1,fixed_mapped_track_candidates,published_table_coverage_not_geographic_validation,mixed_2024_and_2026_vintages_reconcile_amendments,not_assembled,False
98781,69aef123fe3d6696824320e1f59b429fb1076e9f0907ab3f8cebab5fb5147d88,"[""65e09a8ad9758a099f422d6f3419faadc5eb0b3da718b70e3b90d29c5560eb07""]",1,fixed_mapped_track_candidates,published_table_coverage_not_geographic_validation,mixed_2024_and_2026_vintages_reconcile_amendments,not_assembled,False
98782,3fc4dce60cc4188d461fcebca783e7aa5bd9ff0164ac84d7d3f0271768e37299,"[""e355cb173d4357a40adfd5650a575b47c58a68d3838b6f29a3934e99563f422d""]",1,fixed_mapped_track_candidates,published_table_coverage_not_geographic_validation,mixed_2024_and_2026_vintages_reconcile_amendments,not_assembled,False
98783,69aef123fe3d6696824320e1f59b429fb1076e9f0907ab3f8cebab5fb5147d88,"[""65e09a8ad9758a099f422d6f3419faadc5eb0b3da718b70e3b90d29c5560eb07""]",1,fixed_mapped_track_candidates,published_table_coverage_not_geographic_validation,mixed_2024_and_2026_vintages_reconcile_amendments,not_assembled,False
98784,3fc4dce60cc4188d461fcebca783e7aa5bd9ff0164ac84d7d3f0271768e37299,"[""e355cb173d4357a40adfd5650a575b47c58a68d3838b6f29a3934e99563f422d""]",1,fixed_mapped_track_candidates,published_table_coverage_not_geographic_validation,mixed_2024_and_2026_vintages_reconcile_amendments,not_assembled,False
98785,8e49110049efbd4f034fb543ff501ecf1771d11846660392f4e1fab0fcd01bfc,"[""ca378a0b517e5a2b049dcea5221cd4556a97c9997282311d9c1416611b11ffff""]",1,fixed_mapped_track_candidates,published_table_coverage_not_geographic_validation,mixed_2024_and_2026_vintages_reconcile_amendments,not_assembled,False
98786,3fc4dce60cc4188d461fcebca783e7aa5bd9ff0164ac84d7d3f0271768e37299,"[""e355cb173d4357a40adfd5650a575b47c58a68d3838b6f29a3934e99563f422d""]",1,fixed_mapped_track_candidates,published_table_coverage_not_geographic_validation,mixed_2024_and_2026_vintages_reconcile_amendments,not_assembled,False
98787,69aef123fe3d6696824320e1f59b429fb1076e9f0907ab3f8cebab5fb5147d88,"[""65e09a8ad9758a099f422d6f3419faadc5eb0b3da718b70e3b90d29c5560eb07""]",1,fixed_mapped_track_candidates,published_table_coverage_not_geographic_validation,mixed_2024_and_2026_vintages_reconcile_amendments,not_assembled,False
98788,3fc4dce60cc4188d461fcebca783e7aa5bd9ff0164ac84d7d3f0271768e37299,"[""e355cb173d4357a40adfd5650a575b47c58a68d3838b6f29a3934e99563f422d""]",1,fixed_mapped_track_candidates,published_table_coverage_not_geographic_validation,mixed_2024_and_2026_vintages_reconcile_amendments,not_assembled,False
98801,a865828ade152db9dc5c62663edf912627faabf8aa034946763b00af994dca44,"[""1178dbecbf106573fb7d177ae05ed10b08af96c14c7145d4c983bd98ebc466e7""]",1,fixed_mapped_track_candidates,published_table_coverage_not_geographic_validation,mixed_2024_and_2026_vintages_reconcile_amendments,not_assembled,False
98802,87814a3e6c0cf483af3c2c5339bf22aae798cb94cf59861e93fc8be347ca9380,"[""adccd7f130f476672d997662e8b2204c0d6517afee0b548e3f9dbb4798776462""]",1,fixed_mapped_track_candidates,published_table_coverage_not_geographic_validation,mixed_2024_and_2026_vintages_reconcile_amendments,not_assembled,False
98803,a865828ade152db9dc5c62663edf912627faabf8aa034946763b00af994dca44,"[""1178dbecbf106573fb7d177ae05ed10b08af96c14c7145d4c983bd98ebc466e7""]",1,fixed_mapped_track_candidates,published_table_coverage_not_geographic_validation,mixed_2024_and_2026_vintages_reconcile_amendments,not_assembled,False
98804,87814a3e6c0cf483af3c2c5339bf22aae798cb94cf59861e93fc8be347ca9380,"[""adccd7f130f476672d997662e8b2204c0d6517afee0b548e3f9dbb4798776462""]",1,fixed_mapped_track_candidates,published_table_coverage_not_geographic_validation,mixed_2024_and_2026_vintages_reconcile_amendments,not_assembled,False
98805,a865828ade152db9dc5c62663edf912627faabf8aa034946763b00af994dca44,"[""1178dbecbf106573fb7d177ae05ed10b08af96c14c7145d4c983bd98ebc466e7""]",1,fixed_mapped_track_candidates,published_table_coverage_not_geographic_validation,mixed_2024_and_2026_vintages_reconcile_amendments,not_assembled,False
98806,87814a3e6c0cf483af3c2c5339bf22aae798cb94cf59861e93fc8be347ca9380,"[""adccd7f130f476672d997662e8b2204c0d6517afee0b548e3f9dbb4798776462""]",1,fixed_mapped_track_candidates,published_table_coverage_not_geographic_validation,mixed_2024_and_2026_vintages_reconcile_amendments,not_assembled,False
98807,a865828ade152db9dc5c62663edf912627faabf8aa034946763b00af994dca44,"[""1178dbecbf106573fb7d177ae05ed10b08af96c14c7145d4c983bd98ebc466e7""]",1,fixed_mapped_track_candidates,published_table_coverage_not_geographic_validation,mixed_2024_and_2026_vintages_reconcile_amendments,not_assembled,False
98808,87814a3e6c0cf483af3c2c5339bf22aae798cb94cf59861e93fc8be347ca9380,"[""adccd7f130f476672d997662e8b2204c0d6517afee0b548e3f9dbb4798776462""]",1,fixed_mapped_track_candidates,published_table_coverage_not_geographic_validation,mixed_2024_and_2026_vintages_reconcile_amendments,not_assembled,False
98809,a865828ade152db9dc5c62663edf912627faabf8aa034946763b00af994dca44,"[""1178dbecbf106573fb7d177ae05ed10b08af96c14c7145d4c983bd98ebc466e7""]",1,fixed_mapped_track_candidates,published_table_coverage_not_geographic_validation,mixed_2024_and_2026_vintages_reconcile_amendments,not_assembled,False
98810,87814a3e6c0cf483af3c2c5339bf22aae798cb94cf59861e93fc8be347ca9380,"[""adccd7f130f476672d997662e8b2204c0d6517afee0b548e3f9dbb4798776462""]",1,fixed_mapped_track_candidates,published_table_coverage_not_geographic_validation,mixed_2024_and_2026_vintages_reconcile_amendments,not_assembled,False
98811,a865828ade152db9dc5c62663edf912627faabf8aa034946763b00af994dca44,"[""1178dbecbf106573fb7d177ae05ed10b08af96c14c7145d4c983bd98ebc466e7""]",1,fixed_mapped_track_candidates,published_table_coverage_not_geographic_validation,mixed_2024_and_2026_vintages_reconcile_amendments,not_assembled,False
98812,87814a3e6c0cf483af3c2c5339bf22aae798cb94cf59861e93fc8be347ca9380,"[""adccd7f130f476672d997662e8b2204c0d6517afee0b548e3f9dbb4798776462""]",1,fixed_mapped_track_candidates,published_table_coverage_not_geographic_validation,mixed_2024_and_2026_vintages_reconcile_amendments,not_assembled,False
98813,a865828ade152db9dc5c62663edf912627faabf8aa034946763b00af994dca44,"[""1178dbecbf106573fb7d177ae05ed10b08af96c14c7145d4c983bd98ebc466e7""]",1,fixed_mapped_track_candidates,published_table_coverage_not_geographic_validation,mixed_2024_and_2026_vintages_reconcile_amendments,not_assembled,False
98814,87814a3e6c0cf483af3c2c5339bf22aae798cb94cf59861e93fc8be347ca9380,"[""adccd7f130f476672d997662e8b2204c0d6517afee0b548e3f9dbb4798776462""]",1,fixed_mapped_track_candidates,published_table_coverage_not_geographic_validation,mixed_2024_and_2026_vintages_reconcile_amendments,not_assembled,False
98815,a865828ade152db9dc5c62663edf912627faabf8aa034946763b00af994dca44,"[""1178dbecbf106573fb7d177ae05ed10b08af96c14c7145d4c983bd98ebc466e7""]",1,fixed_mapped_track_candidates,published_table_coverage_not_geographic_validation,mixed_2024_and_2026_vintages_reconcile_amendments,not_assembled,False
98816,87814a3e6c0cf483af3c2c5339bf22aae798cb94cf59861e93fc8be347ca9380,"[""adccd7f130f476672d997662e8b2204c0d6517afee0b548e3f9dbb4798776462""]",1,fixed_mapped_track_candidates,published_table_coverage_not_geographic_validation,mixed_2024_and_2026_vintages_reconcile_amendments,not_assembled,False
98817,a865828ade152db9dc5c62663edf912627faabf8aa034946763b00af994dca44,"[""1178dbecbf106573fb7d177ae05ed10b08af96c14c7145d4c983bd98ebc466e7""]",1,fixed_mapped_track_candidates,published_table_coverage_not_geographic_validation,mixed_2024_and_2026_vintages_reconcile_amendments,not_assembled,False
98818,87814a3e6c0cf483af3c2c5339bf22aae798cb94cf59861e93fc8be347ca9380,"[""adccd7f130f476672d997662e8b2204c0d6517afee0b548e3f9dbb4798776462""]",1,fixed_mapped_track_candidates,published_table_coverage_not_geographic_validation,mixed_2024_and_2026_vintages_reconcile_amendments,not_assembled,False
98819,a865828ade152db9dc5c62663edf912627faabf8aa034946763b00af994dca44,"[""1178dbecbf106573fb7d177ae05ed10b08af96c14c7145d4c983bd98ebc466e7""]",1,fixed_mapped_track_candidates,published_table_coverage_not_geographic_validation,mixed_2024_and_2026_vintages_reconcile_amendments,not_assembled,False
98820,87814a3e6c0cf483af3c2c5339bf22aae798cb94cf59861e93fc8be347ca9380,"[""adccd7f130f476672d997662e8b2204c0d6517afee0b548e3f9dbb4798776462""]",1,fixed_mapped_track_candidates,published_table_coverage_not_geographic_validation,mixed_2024_and_2026_vintages_reconcile_amendments,not_assembled,False
98821,a865828ade152db9dc5c62663edf912627faabf8aa034946763b00af994dca44,"[""1178dbecbf106573fb7d177ae05ed10b08af96c14c7145d4c983bd98ebc466e7""]",1,fixed_mapped_track_candidates,published_table_coverage_not_geographic_validation,mixed_2024_and_2026_vintages_reconcile_amendments,not_assembled,False
98822,87814a3e6c0cf483af3c2c5339bf22aae798cb94cf59861e93fc8be347ca9380,"[""adccd7f130f476672d997662e8b2204c0d6517afee0b548e3f9dbb4798776462""]",1,fixed_mapped_track_candidates,published_table_coverage_not_geographic_validation,mixed_2024_and_2026_vintages_reconcile_amendments,not_assembled,False
98823,a865828ade152db9dc5c62663edf912627faabf8aa034946763b00af994dca44,"[""1178dbecbf106573fb7d177ae05ed10b08af96c14c7145d4c983bd98ebc466e7""]",1,fixed_mapped_track_candidates,published_table_coverage_not_geographic_validation,mixed_2024_and_2026_vintages_reconcile_amendments,not_assembled,False
98824,87814a3e6c0cf483af3c2c5339bf22aae798cb94cf59861e93fc8be347ca9380,"[""adccd7f130f476672d997662e8b2204c0d6517afee0b548e3f9dbb4798776462""]",1,fixed_mapped_track_candidates,published_table_coverage_not_geographic_validation,mixed_2024_and_2026_vintages_reconcile_amendments,not_assembled,False
98825,a865828ade152db9dc5c62663edf912627faabf8aa034946763b00af994dca44,"[""1178dbecbf106573fb7d177ae05ed10b08af96c14c7145d4c983bd98ebc466e7""]",1,fixed_mapped_track_candidates,published_table_coverage_not_geographic_validation,mixed_2024_and_2026_vintages_reconcile_amendments,not_assembled,False
98826,87814a3e6c0cf483af3c2c5339bf22aae798cb94cf59861e93fc8be347ca9380,"[""adccd7f130f476672d997662e8b2204c0d6517afee0b548e3f9dbb4798776462""]",1,fixed_mapped_track_candidates,published_table_coverage_not_geographic_validation,mixed_2024_and_2026_vintages_reconcile_amendments,not_assembled,False
98827,a865828ade152db9dc5c62663edf912627faabf8aa034946763b00af994dca44,"[""1178dbecbf106573fb7d177ae05ed10b08af96c14c7145d4c983bd98ebc466e7""]",1,fixed_mapped_track_candidates,published_table_coverage_not_geographic_validation,mixed_2024_and_2026_vintages_reconcile_amendments,not_assembled,False
98828,87814a3e6c0cf483af3c2c5339bf22aae798cb94cf59861e93fc8be347ca9380,"[""adccd7f130f476672d997662e8b2204c0d6517afee0b548e3f9dbb4798776462""]",1,fixed_mapped_track_candidates,published_table_coverage_not_geographic_validation,mixed_2024_and_2026_vintages_reconcile_amendments,not_assembled,False
98829,a865828ade152db9dc5c62663edf912627faabf8aa034946763b00af994dca44,"[""1178dbecbf106573fb7d177ae05ed10b08af96c14c7145d4c983bd98ebc466e7""]",1,fixed_mapped_track_candidates,published_table_coverage_not_geographic_validation,mixed_2024_and_2026_vintages_reconcile_amendments,not_assembled,False
98830,87814a3e6c0cf483af3c2c5339bf22aae798cb94cf59861e93fc8be347ca9380,"[""adccd7f130f476672d997662e8b2204c0d6517afee0b548e3f9dbb4798776462""]",1,fixed_mapped_track_candidates,published_table_coverage_not_geographic_validation,mixed_2024_and_2026_vintages_reconcile_amendments,not_assembled,False
98831,a865828ade152db9dc5c62663edf912627faabf8aa034946763b00af994dca44,"[""1178dbecbf106573fb7d177ae05ed10b08af96c14c7145d4c983bd98ebc466e7""]",1,fixed_mapped_track_candidates,published_table_coverage_not_geographic_validation,mixed_2024_and_2026_vintages_reconcile_amendments,not_assembled,False
98832,87814a3e6c0cf483af3c2c5339bf22aae798cb94cf59861e93fc8be347ca9380,"[""adccd7f130f476672d997662e8b2204c0d6517afee0b548e3f9dbb4798776462""]",1,fixed_mapped_track_candidates,published_table_coverage_not_geographic_validation,mixed_2024_and_2026_vintages_reconcile_amendments,not_assembled,False
98833,a865828ade152db9dc5c62663edf912627faabf8aa034946763b00af994dca44,"[""1178dbecbf106573fb7d177ae05ed10b08af96c14c7145d4c983bd98ebc466e7""]",1,fixed_mapped_track_candidates,published_table_coverage_not_geographic_validation,mixed_2024_and_2026_vintages_reconcile_amendments,not_assembled,False
98834,87814a3e6c0cf483af3c2c5339bf22aae798cb94cf59861e93fc8be347ca9380,"[""adccd7f130f476672d997662e8b2204c0d6517afee0b548e3f9dbb4798776462""]",1,fixed_mapped_track_candidates,published_table_coverage_not_geographic_validation,mixed_2024_and_2026_vintages_reconcile_amendments,not_assembled,False
98835,a865828ade152db9dc5c62663edf912627faabf8aa034946763b00af994dca44,"[""1178dbecbf106573fb7d177ae05ed10b08af96c14c7145d4c983bd98ebc466e7""]",1,fixed_mapped_track_candidates,published_table_coverage_not_geographic_validation,mixed_2024_and_2026_vintages_reconcile_amendments,not_assembled,False
98836,87814a3e6c0cf483af3c2c5339bf22aae798cb94cf59861e93fc8be347ca9380,"[""adccd7f130f476672d997662e8b2204c0d6517afee0b548e3f9dbb4798776462""]",1,fixed_mapped_track_candidates,published_table_coverage_not_geographic_validation,mixed_2024_and_2026_vintages_reconcile_amendments,not_assembled,False
98837,a865828ade152db9dc5c62663edf912627faabf8aa034946763b00af994dca44,"[""1178dbecbf106573fb7d177ae05ed10b08af96c14c7145d4c983bd98ebc466e7""]",1,fixed_mapped_track_candidates,published_table_coverage_not_geographic_validation,mixed_2024_and_2026_vintages_reconcile_amendments,not_assembled,False
98838,87814a3e6c0cf483af3c2c5339bf22aae798cb94cf59861e93fc8be347ca9380,"[""adccd7f130f476672d997662e8b2204c0d6517afee0b548e3f9dbb4798776462""]",1,fixed_mapped_track_candidates,published_table_coverage_not_geographic_validation,mixed_2024_and_2026_vintages_reconcile_amendments,not_assembled,False
98839,a865828ade152db9dc5c62663edf912627faabf8aa034946763b00af994dca44,"[""1178dbecbf106573fb7d177ae05ed10b08af96c14c7145d4c983bd98ebc466e7""]",1,fixed_mapped_track_candidates,published_table_coverage_not_geographic_validation,mixed_2024_and_2026_vintages_reconcile_amendments,not_assembled,False
98840,87814a3e6c0cf483af3c2c5339bf22aae798cb94cf59861e93fc8be347ca9380,"[""adccd7f130f476672d997662e8b2204c0d6517afee0b548e3f9dbb4798776462""]",1,fixed_mapped_track_candidates,published_table_coverage_not_geographic_validation,mixed_2024_and_2026_vintages_reconcile_amendments,not_assembled,False
98841,a865828ade152db9dc5c62663edf912627faabf8aa034946763b00af994dca44,"[""1178dbecbf106573fb7d177ae05ed10b08af96c14c7145d4c983bd98ebc466e7""]",1,fixed_mapped_track_candidates,published_table_coverage_not_geographic_validation,mixed_2024_and_2026_vintages_reconcile_amendments,not_assembled,False
98842,87814a3e6c0cf483af3c2c5339bf22aae798cb94cf59861e93fc8be347ca9380,"[""adccd7f130f476672d997662e8b2204c0d6517afee0b548e3f9dbb4798776462""]",1,fixed_mapped_track_candidates,published_table_coverage_not_geographic_validation,mixed_2024_and_2026_vintages_reconcile_amendments,not_assembled,False
98843,a865828ade152db9dc5c62663edf912627faabf8aa034946763b00af994dca44,"[""1178dbecbf106573fb7d177ae05ed10b08af96c14c7145d4c983bd98ebc466e7""]",1,fixed_mapped_track_candidates,published_table_coverage_not_geographic_validation,mixed_2024_and_2026_vintages_reconcile_amendments,not_assembled,False
98844,87814a3e6c0cf483af3c2c5339bf22aae798cb94cf59861e93fc8be347ca9380,"[""adccd7f130f476672d997662e8b2204c0d6517afee0b548e3f9dbb4798776462""]",1,fixed_mapped_track_candidates,published_table_coverage_not_geographic_validation,mixed_2024_and_2026_vintages_reconcile_amendments,not_assembled,False
98845,a865828ade152db9dc5c62663edf912627faabf8aa034946763b00af994dca44,"[""1178dbecbf106573fb7d177ae05ed10b08af96c14c7145d4c983bd98ebc466e7""]",1,fixed_mapped_track_candidates,published_table_coverage_not_geographic_validation,mixed_2024_and_2026_vintages_reconcile_amendments,not_assembled,False
98846,87814a3e6c0cf483af3c2c5339bf22aae798cb94cf59861e93fc8be347ca9380,"[""adccd7f130f476672d997662e8b2204c0d6517afee0b548e3f9dbb4798776462""]",1,fixed_mapped_track_candidates,published_table_coverage_not_geographic_validation,mixed_2024_and_2026_vintages_reconcile_amendments,not_assembled,False
98847,a865828ade152db9dc5c62663edf912627faabf8aa034946763b00af994dca44,"[""1178dbecbf106573fb7d177ae05ed10b08af96c14c7145d4c983bd98ebc466e7""]",1,fixed_mapped_track_candidates,published_table_coverage_not_geographic_validation,mixed_2024_and_2026_vintages_reconcile_amendments,not_assembled,False
98848,87814a3e6c0cf483af3c2c5339bf22aae798cb94cf59861e93fc8be347ca9380,"[""adccd7f130f476672d997662e8b2204c0d6517afee0b548e3f9dbb4798776462""]",1,fixed_mapped_track_candidates,published_table_coverage_not_geographic_validation,mixed_2024_and_2026_vintages_reconcile_amendments,not_assembled,False
98849,a865828ade152db9dc5c62663edf912627faabf8aa034946763b00af994dca44,"[""1178dbecbf106573fb7d177ae05ed10b08af96c14c7145d4c983bd98ebc466e7""]",1,fixed_mapped_track_candidates,published_table_coverage_not_geographic_validation,mixed_2024_and_2026_vintages_reconcile_amendments,not_assembled,False
98850,87814a3e6c0cf483af3c2c5339bf22aae798cb94cf59861e93fc8be347ca9380,"[""adccd7f130f476672d997662e8b2204c0d6517afee0b548e3f9dbb4798776462""]",1,fixed_mapped_track_candidates,published_table_coverage_not_geographic_validation,mixed_2024_and_2026_vintages_reconcile_amendments,not_assembled,False
98851,a865828ade152db9dc5c62663edf912627faabf8aa034946763b00af994dca44,"[""1178dbecbf106573fb7d177ae05ed10b08af96c14c7145d4c983bd98ebc466e7""]",1,fixed_mapped_track_candidates,published_table_coverage_not_geographic_validation,mixed_2024_and_2026_vintages_reconcile_amendments,not_assembled,False
98852,87814a3e6c0cf483af3c2c5339bf22aae798cb94cf59861e93fc8be347ca9380,"[""adccd7f130f476672d997662e8b2204c0d6517afee0b548e3f9dbb4798776462""]",1,fixed_mapped_track_candidates,published_table_coverage_not_geographic_validation,mixed_2024_and_2026_vintages_reconcile_amendments,not_assembled,False
98853,a865828ade152db9dc5c62663edf912627faabf8aa034946763b00af994dca44,"[""1178dbecbf106573fb7d177ae05ed10b08af96c14c7145d4c983bd98ebc466e7""]",1,fixed_mapped_track_candidates,published_table_coverage_not_geographic_validation,mixed_2024_and_2026_vintages_reconcile_amendments,not_assembled,False
98854,87814a3e6c0cf483af3c2c5339bf22aae798cb94cf59861e93fc8be347ca9380,"[""adccd7f130f476672d997662e8b2204c0d6517afee0b548e3f9dbb4798776462""]",1,fixed_mapped_track_candidates,published_table_coverage_not_geographic_validation,mixed_2024_and_2026_vintages_reconcile_amendments,not_assembled,False
98855,a865828ade152db9dc5c62663edf912627faabf8aa034946763b00af994dca44,"[""1178dbecbf106573fb7d177ae05ed10b08af96c14c7145d4c983bd98ebc466e7""]",1,fixed_mapped_track_candidates,published_table_coverage_not_geographic_validation,mixed_2024_and_2026_vintages_reconcile_amendments,not_assembled,False
98856,87814a3e6c0cf483af3c2c5339bf22aae798cb94cf59861e93fc8be347ca9380,"[""adccd7f130f476672d997662e8b2204c0d6517afee0b548e3f9dbb4798776462""]",1,fixed_mapped_track_candidates,published_table_coverage_not_geographic_validation,mixed_2024_and_2026_vintages_reconcile_amendments,not_assembled,False
98857,a865828ade152db9dc5c62663edf912627faabf8aa034946763b00af994dca44,"[""1178dbecbf106573fb7d177ae05ed10b08af96c14c7145d4c983bd98ebc466e7""]",1,fixed_mapped_track_candidates,published_table_coverage_not_geographic_validation,mixed_2024_and_2026_vintages_reconcile_amendments,not_assembled,False
98858,87814a3e6c0cf483af3c2c5339bf22aae798cb94cf59861e93fc8be347ca9380,"[""adccd7f130f476672d997662e8b2204c0d6517afee0b548e3f9dbb4798776462""]",1,fixed_mapped_track_candidates,published_table_coverage_not_geographic_validation,mixed_2024_and_2026_vintages_reconcile_amendments,not_assembled,False
98859,a865828ade152db9dc5c62663edf912627faabf8aa034946763b00af994dca44,"[""1178dbecbf106573fb7d177ae05ed10b08af96c14c7145d4c983bd98ebc466e7""]",1,fixed_mapped_track_candidates,published_table_coverage_not_geographic_validation,mixed_2024_and_2026_vintages_reconcile_amendments,not_assembled,False
98860,87814a3e6c0cf483af3c2c5339bf22aae798cb94cf59861e93fc8be347ca9380,"[""adccd7f130f476672d997662e8b2204c0d6517afee0b548e3f9dbb4798776462""]",1,fixed_mapped_track_candidates,published_table_coverage_not_geographic_validation,mixed_2024_and_2026_vintages_reconcile_amendments,not_assembled,False
98861,a865828ade152db9dc5c62663edf912627faabf8aa034946763b00af994dca44,"[""1178dbecbf106573fb7d177ae05ed10b08af96c14c7145d4c983bd98ebc466e7""]",1,fixed_mapped_track_candidates,published_table_coverage_not_geographic_validation,mixed_2024_and_2026_vintages_reconcile_amendments,not_assembled,False
98862,87814a3e6c0cf483af3c2c5339bf22aae798cb94cf59861e93fc8be347ca9380,"[""adccd7f130f476672d997662e8b2204c0d6517afee0b548e3f9dbb4798776462""]",1,fixed_mapped_track_candidates,published_table_coverage_not_geographic_validation,mixed_2024_and_2026_vintages_reconcile_amendments,not_assembled,False
98863,a865828ade152db9dc5c62663edf912627faabf8aa034946763b00af994dca44,"[""1178dbecbf106573fb7d177ae05ed10b08af96c14c7145d4c983bd98ebc466e7""]",1,fixed_mapped_track_candidates,published_table_coverage_not_geographic_validation,mixed_2024_and_2026_vintages_reconcile_amendments,not_assembled,False
98864,87814a3e6c0cf483af3c2c5339bf22aae798cb94cf59861e93fc8be347ca9380,"[""adccd7f130f476672d997662e8b2204c0d6517afee0b548e3f9dbb4798776462""]",1,fixed_mapped_track_candidates,published_table_coverage_not_geographic_validation,mixed_2024_and_2026_vintages_reconcile_amendments,not_assembled,False
98865,a865828ade152db9dc5c62663edf912627faabf8aa034946763b00af994dca44,"[""1178dbecbf106573fb7d177ae05ed10b08af96c14c7145d4c983bd98ebc466e7""]",1,fixed_mapped_track_candidates,published_table_coverage_not_geographic_validation,mixed_2024_and_2026_vintages_reconcile_amendments,not_assembled,False
98866,87814a3e6c0cf483af3c2c5339bf22aae798cb94cf59861e93fc8be347ca9380,"[""adccd7f130f476672d997662e8b2204c0d6517afee0b548e3f9dbb4798776462""]",1,fixed_mapped_track_candidates,published_table_coverage_not_geographic_validation,mixed_2024_and_2026_vintages_reconcile_amendments,not_assembled,False
98867,a865828ade152db9dc5c62663edf912627faabf8aa034946763b00af994dca44,"[""1178dbecbf106573fb7d177ae05ed10b08af96c14c7145d4c983bd98ebc466e7""]",1,fixed_mapped_track_candidates,published_table_coverage_not_geographic_validation,mixed_2024_and_2026_vintages_reconcile_amendments,not_assembled,False
98868,87814a3e6c0cf483af3c2c5339bf22aae798cb94cf59861e93fc8be347ca9380,"[""adccd7f130f476672d997662e8b2204c0d6517afee0b548e3f9dbb4798776462""]",1,fixed_mapped_track_candidates,published_table_coverage_not_geographic_validation,mixed_2024_and_2026_vintages_reconcile_amendments,not_assembled,False
98869,a865828ade152db9dc5c62663edf912627faabf8aa034946763b00af994dca44,"[""1178dbecbf106573fb7d177ae05ed10b08af96c14c7145d4c983bd98ebc466e7""]",1,fixed_mapped_track_candidates,published_table_coverage_not_geographic_validation,mixed_2024_and_2026_vintages_reconcile_amendments,not_assembled,False
98870,87814a3e6c0cf483af3c2c5339bf22aae798cb94cf59861e93fc8be347ca9380,"[""adccd7f130f476672d997662e8b2204c0d6517afee0b548e3f9dbb4798776462""]",1,fixed_mapped_track_candidates,published_table_coverage_not_geographic_validation,mixed_2024_and_2026_vintages_reconcile_amendments,not_assembled,False
98871,a865828ade152db9dc5c62663edf912627faabf8aa034946763b00af994dca44,"[""1178dbecbf106573fb7d177ae05ed10b08af96c14c7145d4c983bd98ebc466e7""]",1,fixed_mapped_track_candidates,published_table_coverage_not_geographic_validation,mixed_2024_and_2026_vintages_reconcile_amendments,not_assembled,False
98872,87814a3e6c0cf483af3c2c5339bf22aae798cb94cf59861e93fc8be347ca9380,"[""adccd7f130f476672d997662e8b2204c0d6517afee0b548e3f9dbb4798776462""]",1,fixed_mapped_track_candidates,published_table_coverage_not_geographic_validation,mixed_2024_and_2026_vintages_reconcile_amendments,not_assembled,False
98873,a865828ade152db9dc5c62663edf912627faabf8aa034946763b00af994dca44,"[""1178dbecbf106573fb7d177ae05ed10b08af96c14c7145d4c983bd98ebc466e7""]",1,fixed_mapped_track_candidates,published_table_coverage_not_geographic_validation,mixed_2024_and_2026_vintages_reconcile_amendments,not_assembled,False
98874,87814a3e6c0cf483af3c2c5339bf22aae798cb94cf59861e93fc8be347ca9380,"[""adccd7f130f476672d997662e8b2204c0d6517afee0b548e3f9dbb4798776462""]",1,fixed_mapped_track_candidates,published_table_coverage_not_geographic_validation,mixed_2024_and_2026_vintages_reconcile_amendments,not_assembled,False
98875,a865828ade152db9dc5c62663edf912627faabf8aa034946763b00af994dca44,"[""1178dbecbf106573fb7d177ae05ed10b08af96c14c7145d4c983bd98ebc466e7""]",1,fixed_mapped_track_candidates,published_table_coverage_not_geographic_validation,mixed_2024_and_2026_vintages_reconcile_amendments,not_assembled,False
98876,87814a3e6c0cf483af3c2c5339bf22aae798cb94cf59861e93fc8be347ca9380,"[""adccd7f130f476672d997662e8b2204c0d6517afee0b548e3f9dbb4798776462""]",1,fixed_mapped_track_candidates,published_table_coverage_not_geographic_validation,mixed_2024_and_2026_vintages_reconcile_amendments,not_assembled,False
98877,a865828ade152db9dc5c62663edf912627faabf8aa034946763b00af994dca44,"[""1178dbecbf106573fb7d177ae05ed10b08af96c14c7145d4c983bd98ebc466e7""]",1,fixed_mapped_track_candidates,published_table_coverage_not_geographic_validation,mixed_2024_and_2026_vintages_reconcile_amendments,not_assembled,False
98878,87814a3e6c0cf483af3c2c5339bf22aae798cb94cf59861e93fc8be347ca9380,"[""adccd7f130f476672d997662e8b2204c0d6517afee0b548e3f9dbb4798776462""]",1,fixed_mapped_track_candidates,published_table_coverage_not_geographic_validation,mixed_2024_and_2026_vintages_reconcile_amendments,not_assembled,False
98879,a865828ade152db9dc5c62663edf912627faabf8aa034946763b00af994dca44,"[""1178dbecbf106573fb7d177ae05ed10b08af96c14c7145d4c983bd98ebc466e7""]",1,fixed_mapped_track_candidates,published_table_coverage_not_geographic_validation,mixed_2024_and_2026_vintages_reconcile_amendments,not_assembled,False
98880,87814a3e6c0cf483af3c2c5339bf22aae798cb94cf59861e93fc8be347ca9380,"[""adccd7f130f476672d997662e8b2204c0d6517afee0b548e3f9dbb4798776462""]",1,fixed_mapped_track_candidates,published_table_coverage_not_geographic_validation,mixed_2024_and_2026_vintages_reconcile_amendments,not_assembled,False
98881,a865828ade152db9dc5c62663edf912627faabf8aa034946763b00af994dca44,"[""1178dbecbf106573fb7d177ae05ed10b08af96c14c7145d4c983bd98ebc466e7""]",1,fixed_mapped_track_candidates,published_table_coverage_not_geographic_validation,mixed_2024_and_2026_vintages_reconcile_amendments,not_assembled,False
98882,87814a3e6c0cf483af3c2c5339bf22aae798cb94cf59861e93fc8be347ca9380,"[""adccd7f130f476672d997662e8b2204c0d6517afee0b548e3f9dbb4798776462""]",1,fixed_mapped_track_candidates,published_table_coverage_not_geographic_validation,mixed_2024_and_2026_vintages_reconcile_amendments,not_assembled,False
98883,a865828ade152db9dc5c62663edf912627faabf8aa034946763b00af994dca44,"[""1178dbecbf106573fb7d177ae05ed10b08af96c14c7145d4c983bd98ebc466e7""]",1,fixed_mapped_track_candidates,published_table_coverage_not_geographic_validation,mixed_2024_and_2026_vintages_reconcile_amendments,not_assembled,False
98884,87814a3e6c0cf483af3c2c5339bf22aae798cb94cf59861e93fc8be347ca9380,"[""adccd7f130f476672d997662e8b2204c0d6517afee0b548e3f9dbb4798776462""]",1,fixed_mapped_track_candidates,published_table_coverage_not_geographic_validation,mixed_2024_and_2026_vintages_reconcile_amendments,not_assembled,False
98885,a865828ade152db9dc5c62663edf912627faabf8aa034946763b00af994dca44,"[""1178dbecbf106573fb7d177ae05ed10b08af96c14c7145d4c983bd98ebc466e7""]",1,fixed_mapped_track_candidates,published_table_coverage_not_geographic_validation,mixed_2024_and_2026_vintages_reconcile_amendments,not_assembled,False
98886,87814a3e6c0cf483af3c2c5339bf22aae798cb94cf59861e93fc8be347ca9380,"[""adccd7f130f476672d997662e8b2204c0d6517afee0b548e3f9dbb4798776462""]",1,fixed_mapped_track_candidates,published_table_coverage_not_geographic_validation,mixed_2024_and_2026_vintages_reconcile_amendments,not_assembled,False
98901,331fcd0f31f9108455185f1162e6e84ab6a08cf6ba771935beb41a99129ca44a,[],0,no_complete_single_mapped_chain_assignment,published_table_coverage_not_geographic_validation,mixed_2024_and_2026_vintages_reconcile_amendments,not_assembled,False
98902,3b3f515d3b07360bd1f0e545a23fd08594d8505a8cb14c8291ba66844f307b96,[],0,no_complete_single_mapped_chain_assignment,published_table_coverage_not_geographic_validation,mixed_2024_and_2026_vintages_reconcile_amendments,not_assembled,False
98903,331fcd0f31f9108455185f1162e6e84ab6a08cf6ba771935beb41a99129ca44a,[],0,no_complete_single_mapped_chain_assignment,published_table_coverage_not_geographic_validation,mixed_2024_and_2026_vintages_reconcile_amendments,not_assembled,False
98904,3b3f515d3b07360bd1f0e545a23fd08594d8505a8cb14c8291ba66844f307b96,[],0,no_complete_single_mapped_chain_assignment,published_table_coverage_not_geographic_validation,mixed_2024_and_2026_vintages_reconcile_amendments,not_assembled,False
98905,331fcd0f31f9108455185f1162e6e84ab6a08cf6ba771935beb41a99129ca44a,[],0,no_complete_single_mapped_chain_assignment,published_table_coverage_not_geographic_validation,mixed_2024_and_2026_vintages_reconcile_amendments,not_assembled,False
98906,3b3f515d3b07360bd1f0e545a23fd08594d8505a8cb14c8291ba66844f307b96,[],0,no_complete_single_mapped_chain_assignment,published_table_coverage_not_geographic_validation,mixed_2024_and_2026_vintages_reconcile_amendments,not_assembled,False
98907,331fcd0f31f9108455185f1162e6e84ab6a08cf6ba771935beb41a99129ca44a,[],0,no_complete_single_mapped_chain_assignment,published_table_coverage_not_geographic_validation,mixed_2024_and_2026_vintages_reconcile_amendments,not_assembled,False
98908,3b3f515d3b07360bd1f0e545a23fd08594d8505a8cb14c8291ba66844f307b96,[],0,no_complete_single_mapped_chain_assignment,published_table_coverage_not_geographic_validation,mixed_2024_and_2026_vintages_reconcile_amendments,not_assembled,False
98909,331fcd0f31f9108455185f1162e6e84ab6a08cf6ba771935beb41a99129ca44a,[],0,no_complete_single_mapped_chain_assignment,published_table_coverage_not_geographic_validation,mixed_2024_and_2026_vintages_reconcile_amendments,not_assembled,False
98910,3b3f515d3b07360bd1f0e545a23fd08594d8505a8cb14c8291ba66844f307b96,[],0,no_complete_single_mapped_chain_assignment,published_table_coverage_not_geographic_validation,mixed_2024_and_2026_vintages_reconcile_amendments,not_assembled,False
98911,331fcd0f31f9108455185f1162e6e84ab6a08cf6ba771935beb41a99129ca44a,[],0,no_complete_single_mapped_chain_assignment,published_table_coverage_not_geographic_validation,mixed_2024_and_2026_vintages_reconcile_amendments,not_assembled,False
98912,3b3f515d3b07360bd1f0e545a23fd08594d8505a8cb14c8291ba66844f307b96,[],0,no_complete_single_mapped_chain_assignment,published_table_coverage_not_geographic_validation,mixed_2024_and_2026_vintages_reconcile_amendments,not_assembled,False
98913,331fcd0f31f9108455185f1162e6e84ab6a08cf6ba771935beb41a99129ca44a,[],0,no_complete_single_mapped_chain_assignment,published_table_coverage_not_geographic_validation,mixed_2024_and_2026_vintages_reconcile_amendments,not_assembled,False
98914,3b3f515d3b07360bd1f0e545a23fd08594d8505a8cb14c8291ba66844f307b96,[],0,no_complete_single_mapped_chain_assignment,published_table_coverage_not_geographic_validation,mixed_2024_and_2026_vintages_reconcile_amendments,not_assembled,False
98915,331fcd0f31f9108455185f1162e6e84ab6a08cf6ba771935beb41a99129ca44a,[],0,no_complete_single_mapped_chain_assignment,published_table_coverage_not_geographic_validation,mixed_2024_and_2026_vintages_reconcile_amendments,not_assembled,False
98916,3b3f515d3b07360bd1f0e545a23fd08594d8505a8cb14c8291ba66844f307b96,[],0,no_complete_single_mapped_chain_assignment,published_table_coverage_not_geographic_validation,mixed_2024_and_2026_vintages_reconcile_amendments,not_assembled,False
98917,331fcd0f31f9108455185f1162e6e84ab6a08cf6ba771935beb41a99129ca44a,[],0,no_complete_single_mapped_chain_assignment,published_table_coverage_not_geographic_validation,mixed_2024_and_2026_vintages_reconcile_amendments,not_assembled,False
98918,3b3f515d3b07360bd1f0e545a23fd08594d8505a8cb14c8291ba66844f307b96,[],0,no_complete_single_mapped_chain_assignment,published_table_coverage_not_geographic_validation,mixed_2024_and_2026_vintages_reconcile_amendments,not_assembled,False
99001,e7a933b3e2d0359793b66cbdbc998559de2a5e6adce89b187516803902954778,[],0,no_complete_single_mapped_chain_assignment,published_table_coverage_not_geographic_validation,mixed_2024_and_2026_vintages_reconcile_amendments,not_assembled,False
99002,8611584876f6f25ff61673a701dda375f2e43fee59d148496f8e292434edd157,"[""d449d8e4bf1acb04f9926ab6ed8475114804b9bc3ae9128226ebc1d46cd54a1a""]",1,fixed_mapped_track_candidates,published_table_coverage_not_geographic_validation,mixed_2024_and_2026_vintages_reconcile_amendments,not_assembled,False
99003,e7a933b3e2d0359793b66cbdbc998559de2a5e6adce89b187516803902954778,[],0,no_complete_single_mapped_chain_assignment,published_table_coverage_not_geographic_validation,mixed_2024_and_2026_vintages_reconcile_amendments,not_assembled,False
99004,8611584876f6f25ff61673a701dda375f2e43fee59d148496f8e292434edd157,"[""d449d8e4bf1acb04f9926ab6ed8475114804b9bc3ae9128226ebc1d46cd54a1a""]",1,fixed_mapped_track_candidates,published_table_coverage_not_geographic_validation,mixed_2024_and_2026_vintages_reconcile_amendments,not_assembled,False
99005,e7a933b3e2d0359793b66cbdbc998559de2a5e6adce89b187516803902954778,[],0,no_complete_single_mapped_chain_assignment,published_table_coverage_not_geographic_validation,mixed_2024_and_2026_vintages_reconcile_amendments,not_assembled,False
99006,8611584876f6f25ff61673a701dda375f2e43fee59d148496f8e292434edd157,"[""d449d8e4bf1acb04f9926ab6ed8475114804b9bc3ae9128226ebc1d46cd54a1a""]",1,fixed_mapped_track_candidates,published_table_coverage_not_geographic_validation,mixed_2024_and_2026_vintages_reconcile_amendments,not_assembled,False
99007,e7a933b3e2d0359793b66cbdbc998559de2a5e6adce89b187516803902954778,[],0,no_complete_single_mapped_chain_assignment,published_table_coverage_not_geographic_validation,mixed_2024_and_2026_vintages_reconcile_amendments,not_assembled,False
99008,8611584876f6f25ff61673a701dda375f2e43fee59d148496f8e292434edd157,"[""d449d8e4bf1acb04f9926ab6ed8475114804b9bc3ae9128226ebc1d46cd54a1a""]",1,fixed_mapped_track_candidates,published_table_coverage_not_geographic_validation,mixed_2024_and_2026_vintages_reconcile_amendments,not_assembled,False
99009,e7a933b3e2d0359793b66cbdbc998559de2a5e6adce89b187516803902954778,[],0,no_complete_single_mapped_chain_assignment,published_table_coverage_not_geographic_validation,mixed_2024_and_2026_vintages_reconcile_amendments,not_assembled,False
99010,8611584876f6f25ff61673a701dda375f2e43fee59d148496f8e292434edd157,"[""d449d8e4bf1acb04f9926ab6ed8475114804b9bc3ae9128226ebc1d46cd54a1a""]",1,fixed_mapped_track_candidates,published_table_coverage_not_geographic_validation,mixed_2024_and_2026_vintages_reconcile_amendments,not_assembled,False
99011,e7a933b3e2d0359793b66cbdbc998559de2a5e6adce89b187516803902954778,[],0,no_complete_single_mapped_chain_assignment,published_table_coverage_not_geographic_validation,mixed_2024_and_2026_vintages_reconcile_amendments,not_assembled,False
99012,8611584876f6f25ff61673a701dda375f2e43fee59d148496f8e292434edd157,"[""d449d8e4bf1acb04f9926ab6ed8475114804b9bc3ae9128226ebc1d46cd54a1a""]",1,fixed_mapped_track_candidates,published_table_coverage_not_geographic_validation,mixed_2024_and_2026_vintages_reconcile_amendments,not_assembled,False
99013,e7a933b3e2d0359793b66cbdbc998559de2a5e6adce89b187516803902954778,[],0,no_complete_single_mapped_chain_assignment,published_table_coverage_not_geographic_validation,mixed_2024_and_2026_vintages_reconcile_amendments,not_assembled,False
99014,8611584876f6f25ff61673a701dda375f2e43fee59d148496f8e292434edd157,"[""d449d8e4bf1acb04f9926ab6ed8475114804b9bc3ae9128226ebc1d46cd54a1a""]",1,fixed_mapped_track_candidates,published_table_coverage_not_geographic_validation,mixed_2024_and_2026_vintages_reconcile_amendments,not_assembled,False
99015,e7a933b3e2d0359793b66cbdbc998559de2a5e6adce89b187516803902954778,[],0,no_complete_single_mapped_chain_assignment,published_table_coverage_not_geographic_validation,mixed_2024_and_2026_vintages_reconcile_amendments,not_assembled,False
99016,8611584876f6f25ff61673a701dda375f2e43fee59d148496f8e292434edd157,"[""d449d8e4bf1acb04f9926ab6ed8475114804b9bc3ae9128226ebc1d46cd54a1a""]",1,fixed_mapped_track_candidates,published_table_coverage_not_geographic_validation,mixed_2024_and_2026_vintages_reconcile_amendments,not_assembled,False
99017,e7a933b3e2d0359793b66cbdbc998559de2a5e6adce89b187516803902954778,[],0,no_complete_single_mapped_chain_assignment,published_table_coverage_not_geographic_validation,mixed_2024_and_2026_vintages_reconcile_amendments,not_assembled,False
99018,8611584876f6f25ff61673a701dda375f2e43fee59d148496f8e292434edd157,"[""d449d8e4bf1acb04f9926ab6ed8475114804b9bc3ae9128226ebc1d46cd54a1a""]",1,fixed_mapped_track_candidates,published_table_coverage_not_geographic_validation,mixed_2024_and_2026_vintages_reconcile_amendments,not_assembled,False
99019,e7a933b3e2d0359793b66cbdbc998559de2a5e6adce89b187516803902954778,[],0,no_complete_single_mapped_chain_assignment,published_table_coverage_not_geographic_validation,mixed_2024_and_2026_vintages_reconcile_amendments,not_assembled,False
99020,8611584876f6f25ff61673a701dda375f2e43fee59d148496f8e292434edd157,"[""d449d8e4bf1acb04f9926ab6ed8475114804b9bc3ae9128226ebc1d46cd54a1a""]",1,fixed_mapped_track_candidates,published_table_coverage_not_geographic_validation,mixed_2024_and_2026_vintages_reconcile_amendments,not_assembled,False
99021,e7a933b3e2d0359793b66cbdbc998559de2a5e6adce89b187516803902954778,[],0,no_complete_single_mapped_chain_assignment,published_table_coverage_not_geographic_validation,mixed_2024_and_2026_vintages_reconcile_amendments,not_assembled,False
99022,8611584876f6f25ff61673a701dda375f2e43fee59d148496f8e292434edd157,"[""d449d8e4bf1acb04f9926ab6ed8475114804b9bc3ae9128226ebc1d46cd54a1a""]",1,fixed_mapped_track_candidates,published_table_coverage_not_geographic_validation,mixed_2024_and_2026_vintages_reconcile_amendments,not_assembled,False
99023,e7a933b3e2d0359793b66cbdbc998559de2a5e6adce89b187516803902954778,[],0,no_complete_single_mapped_chain_assignment,published_table_coverage_not_geographic_validation,mixed_2024_and_2026_vintages_reconcile_amendments,not_assembled,False
99024,8611584876f6f25ff61673a701dda375f2e43fee59d148496f8e292434edd157,"[""d449d8e4bf1acb04f9926ab6ed8475114804b9bc3ae9128226ebc1d46cd54a1a""]",1,fixed_mapped_track_candidates,published_table_coverage_not_geographic_validation,mixed_2024_and_2026_vintages_reconcile_amendments,not_assembled,False
99025,e7a933b3e2d0359793b66cbdbc998559de2a5e6adce89b187516803902954778,[],0,no_complete_single_mapped_chain_assignment,published_table_coverage_not_geographic_validation,mixed_2024_and_2026_vintages_reconcile_amendments,not_assembled,False
99026,8611584876f6f25ff61673a701dda375f2e43fee59d148496f8e292434edd157,"[""d449d8e4bf1acb04f9926ab6ed8475114804b9bc3ae9128226ebc1d46cd54a1a""]",1,fixed_mapped_track_candidates,published_table_coverage_not_geographic_validation,mixed_2024_and_2026_vintages_reconcile_amendments,not_assembled,False
99027,e7a933b3e2d0359793b66cbdbc998559de2a5e6adce89b187516803902954778,[],0,no_complete_single_mapped_chain_assignment,published_table_coverage_not_geographic_validation,mixed_2024_and_2026_vintages_reconcile_amendments,not_assembled,False
99028,8611584876f6f25ff61673a701dda375f2e43fee59d148496f8e292434edd157,"[""d449d8e4bf1acb04f9926ab6ed8475114804b9bc3ae9128226ebc1d46cd54a1a""]",1,fixed_mapped_track_candidates,published_table_coverage_not_geographic_validation,mixed_2024_and_2026_vintages_reconcile_amendments,not_assembled,False
99029,e7a933b3e2d0359793b66cbdbc998559de2a5e6adce89b187516803902954778,[],0,no_complete_single_mapped_chain_assignment,published_table_coverage_not_geographic_validation,mixed_2024_and_2026_vintages_reconcile_amendments,not_assembled,False
99030,8611584876f6f25ff61673a701dda375f2e43fee59d148496f8e292434edd157,"[""d449d8e4bf1acb04f9926ab6ed8475114804b9bc3ae9128226ebc1d46cd54a1a""]",1,fixed_mapped_track_candidates,published_table_coverage_not_geographic_validation,mixed_2024_and_2026_vintages_reconcile_amendments,not_assembled,False
99031,e7a933b3e2d0359793b66cbdbc998559de2a5e6adce89b187516803902954778,[],0,no_complete_single_mapped_chain_assignment,published_table_coverage_not_geographic_validation,mixed_2024_and_2026_vintages_reconcile_amendments,not_assembled,False
99032,8611584876f6f25ff61673a701dda375f2e43fee59d148496f8e292434edd157,"[""d449d8e4bf1acb04f9926ab6ed8475114804b9bc3ae9128226ebc1d46cd54a1a""]",1,fixed_mapped_track_candidates,published_table_coverage_not_geographic_validation,mixed_2024_and_2026_vintages_reconcile_amendments,not_assembled,False
99033,e7a933b3e2d0359793b66cbdbc998559de2a5e6adce89b187516803902954778,[],0,no_complete_single_mapped_chain_assignment,published_table_coverage_not_geographic_validation,mixed_2024_and_2026_vintages_reconcile_amendments,not_assembled,False
99034,8611584876f6f25ff61673a701dda375f2e43fee59d148496f8e292434edd157,"[""d449d8e4bf1acb04f9926ab6ed8475114804b9bc3ae9128226ebc1d46cd54a1a""]",1,fixed_mapped_track_candidates,published_table_coverage_not_geographic_validation,mixed_2024_and_2026_vintages_reconcile_amendments,not_assembled,False
99035,e7a933b3e2d0359793b66cbdbc998559de2a5e6adce89b187516803902954778,[],0,no_complete_single_mapped_chain_assignment,published_table_coverage_not_geographic_validation,mixed_2024_and_2026_vintages_reconcile_amendments,not_assembled,False
99036,8611584876f6f25ff61673a701dda375f2e43fee59d148496f8e292434edd157,"[""d449d8e4bf1acb04f9926ab6ed8475114804b9bc3ae9128226ebc1d46cd54a1a""]",1,fixed_mapped_track_candidates,published_table_coverage_not_geographic_validation,mixed_2024_and_2026_vintages_reconcile_amendments,not_assembled,False
99037,e7a933b3e2d0359793b66cbdbc998559de2a5e6adce89b187516803902954778,[],0,no_complete_single_mapped_chain_assignment,published_table_coverage_not_geographic_validation,mixed_2024_and_2026_vintages_reconcile_amendments,not_assembled,False
99038,8611584876f6f25ff61673a701dda375f2e43fee59d148496f8e292434edd157,"[""d449d8e4bf1acb04f9926ab6ed8475114804b9bc3ae9128226ebc1d46cd54a1a""]",1,fixed_mapped_track_candidates,published_table_coverage_not_geographic_validation,mixed_2024_and_2026_vintages_reconcile_amendments,not_assembled,False
99039,e7a933b3e2d0359793b66cbdbc998559de2a5e6adce89b187516803902954778,[],0,no_complete_single_mapped_chain_assignment,published_table_coverage_not_geographic_validation,mixed_2024_and_2026_vintages_reconcile_amendments,not_assembled,False
99040,8611584876f6f25ff61673a701dda375f2e43fee59d148496f8e292434edd157,"[""d449d8e4bf1acb04f9926ab6ed8475114804b9bc3ae9128226ebc1d46cd54a1a""]",1,fixed_mapped_track_candidates,published_table_coverage_not_geographic_validation,mixed_2024_and_2026_vintages_reconcile_amendments,not_assembled,False
99041,e7a933b3e2d0359793b66cbdbc998559de2a5e6adce89b187516803902954778,[],0,no_complete_single_mapped_chain_assignment,published_table_coverage_not_geographic_validation,mixed_2024_and_2026_vintages_reconcile_amendments,not_assembled,False
99042,8611584876f6f25ff61673a701dda375f2e43fee59d148496f8e292434edd157,"[""d449d8e4bf1acb04f9926ab6ed8475114804b9bc3ae9128226ebc1d46cd54a1a""]",1,fixed_mapped_track_candidates,published_table_coverage_not_geographic_validation,mixed_2024_and_2026_vintages_reconcile_amendments,not_assembled,False
99043,e7a933b3e2d0359793b66cbdbc998559de2a5e6adce89b187516803902954778,[],0,no_complete_single_mapped_chain_assignment,published_table_coverage_not_geographic_validation,mixed_2024_and_2026_vintages_reconcile_amendments,not_assembled,False
99044,8611584876f6f25ff61673a701dda375f2e43fee59d148496f8e292434edd157,"[""d449d8e4bf1acb04f9926ab6ed8475114804b9bc3ae9128226ebc1d46cd54a1a""]",1,fixed_mapped_track_candidates,published_table_coverage_not_geographic_validation,mixed_2024_and_2026_vintages_reconcile_amendments,not_assembled,False
99045,e7a933b3e2d0359793b66cbdbc998559de2a5e6adce89b187516803902954778,[],0,no_complete_single_mapped_chain_assignment,published_table_coverage_not_geographic_validation,mixed_2024_and_2026_vintages_reconcile_amendments,not_assembled,False
99046,8611584876f6f25ff61673a701dda375f2e43fee59d148496f8e292434edd157,"[""d449d8e4bf1acb04f9926ab6ed8475114804b9bc3ae9128226ebc1d46cd54a1a""]",1,fixed_mapped_track_candidates,published_table_coverage_not_geographic_validation,mixed_2024_and_2026_vintages_reconcile_amendments,not_assembled,False
99047,e7a933b3e2d0359793b66cbdbc998559de2a5e6adce89b187516803902954778,[],0,no_complete_single_mapped_chain_assignment,published_table_coverage_not_geographic_validation,mixed_2024_and_2026_vintages_reconcile_amendments,not_assembled,False
99048,8611584876f6f25ff61673a701dda375f2e43fee59d148496f8e292434edd157,"[""d449d8e4bf1acb04f9926ab6ed8475114804b9bc3ae9128226ebc1d46cd54a1a""]",1,fixed_mapped_track_candidates,published_table_coverage_not_geographic_validation,mixed_2024_and_2026_vintages_reconcile_amendments,not_assembled,False
99049,e7a933b3e2d0359793b66cbdbc998559de2a5e6adce89b187516803902954778,[],0,no_complete_single_mapped_chain_assignment,published_table_coverage_not_geographic_validation,mixed_2024_and_2026_vintages_reconcile_amendments,not_assembled,False
99050,8611584876f6f25ff61673a701dda375f2e43fee59d148496f8e292434edd157,"[""d449d8e4bf1acb04f9926ab6ed8475114804b9bc3ae9128226ebc1d46cd54a1a""]",1,fixed_mapped_track_candidates,published_table_coverage_not_geographic_validation,mixed_2024_and_2026_vintages_reconcile_amendments,not_assembled,False
99051,e7a933b3e2d0359793b66cbdbc998559de2a5e6adce89b187516803902954778,[],0,no_complete_single_mapped_chain_assignment,published_table_coverage_not_geographic_validation,mixed_2024_and_2026_vintages_reconcile_amendments,not_assembled,False
99052,8611584876f6f25ff61673a701dda375f2e43fee59d148496f8e292434edd157,"[""d449d8e4bf1acb04f9926ab6ed8475114804b9bc3ae9128226ebc1d46cd54a1a""]",1,fixed_mapped_track_candidates,published_table_coverage_not_geographic_validation,mixed_2024_and_2026_vintages_reconcile_amendments,not_assembled,False
99053,e7a933b3e2d0359793b66cbdbc998559de2a5e6adce89b187516803902954778,[],0,no_complete_single_mapped_chain_assignment,published_table_coverage_not_geographic_validation,mixed_2024_and_2026_vintages_reconcile_amendments,not_assembled,False
99054,8611584876f6f25ff61673a701dda375f2e43fee59d148496f8e292434edd157,"[""d449d8e4bf1acb04f9926ab6ed8475114804b9bc3ae9128226ebc1d46cd54a1a""]",1,fixed_mapped_track_candidates,published_table_coverage_not_geographic_validation,mixed_2024_and_2026_vintages_reconcile_amendments,not_assembled,False
99055,e7a933b3e2d0359793b66cbdbc998559de2a5e6adce89b187516803902954778,[],0,no_complete_single_mapped_chain_assignment,published_table_coverage_not_geographic_validation,mixed_2024_and_2026_vintages_reconcile_amendments,not_assembled,False
99056,8611584876f6f25ff61673a701dda375f2e43fee59d148496f8e292434edd157,"[""d449d8e4bf1acb04f9926ab6ed8475114804b9bc3ae9128226ebc1d46cd54a1a""]",1,fixed_mapped_track_candidates,published_table_coverage_not_geographic_validation,mixed_2024_and_2026_vintages_reconcile_amendments,not_assembled,False
99057,e7a933b3e2d0359793b66cbdbc998559de2a5e6adce89b187516803902954778,[],0,no_complete_single_mapped_chain_assignment,published_table_coverage_not_geographic_validation,mixed_2024_and_2026_vintages_reconcile_amendments,not_assembled,False
99058,8611584876f6f25ff61673a701dda375f2e43fee59d148496f8e292434edd157,"[""d449d8e4bf1acb04f9926ab6ed8475114804b9bc3ae9128226ebc1d46cd54a1a""]",1,fixed_mapped_track_candidates,published_table_coverage_not_geographic_validation,mixed_2024_and_2026_vintages_reconcile_amendments,not_assembled,False
99059,e7a933b3e2d0359793b66cbdbc998559de2a5e6adce89b187516803902954778,[],0,no_complete_single_mapped_chain_assignment,published_table_coverage_not_geographic_validation,mixed_2024_and_2026_vintages_reconcile_amendments,not_assembled,False
99060,8611584876f6f25ff61673a701dda375f2e43fee59d148496f8e292434edd157,"[""d449d8e4bf1acb04f9926ab6ed8475114804b9bc3ae9128226ebc1d46cd54a1a""]",1,fixed_mapped_track_candidates,published_table_coverage_not_geographic_validation,mixed_2024_and_2026_vintages_reconcile_amendments,not_assembled,False
99061,e7a933b3e2d0359793b66cbdbc998559de2a5e6adce89b187516803902954778,[],0,no_complete_single_mapped_chain_assignment,published_table_coverage_not_geographic_validation,mixed_2024_and_2026_vintages_reconcile_amendments,not_assembled,False
99062,8611584876f6f25ff61673a701dda375f2e43fee59d148496f8e292434edd157,"[""d449d8e4bf1acb04f9926ab6ed8475114804b9bc3ae9128226ebc1d46cd54a1a""]",1,fixed_mapped_track_candidates,published_table_coverage_not_geographic_validation,mixed_2024_and_2026_vintages_reconcile_amendments,not_assembled,False
99063,e7a933b3e2d0359793b66cbdbc998559de2a5e6adce89b187516803902954778,[],0,no_complete_single_mapped_chain_assignment,published_table_coverage_not_geographic_validation,mixed_2024_and_2026_vintages_reconcile_amendments,not_assembled,False
99064,8611584876f6f25ff61673a701dda375f2e43fee59d148496f8e292434edd157,"[""d449d8e4bf1acb04f9926ab6ed8475114804b9bc3ae9128226ebc1d46cd54a1a""]",1,fixed_mapped_track_candidates,published_table_coverage_not_geographic_validation,mixed_2024_and_2026_vintages_reconcile_amendments,not_assembled,False
99065,e7a933b3e2d0359793b66cbdbc998559de2a5e6adce89b187516803902954778,[],0,no_complete_single_mapped_chain_assignment,published_table_coverage_not_geographic_validation,mixed_2024_and_2026_vintages_reconcile_amendments,not_assembled,False
99066,8611584876f6f25ff61673a701dda375f2e43fee59d148496f8e292434edd157,"[""d449d8e4bf1acb04f9926ab6ed8475114804b9bc3ae9128226ebc1d46cd54a1a""]",1,fixed_mapped_track_candidates,published_table_coverage_not_geographic_validation,mixed_2024_and_2026_vintages_reconcile_amendments,not_assembled,False
99067,e7a933b3e2d0359793b66cbdbc998559de2a5e6adce89b187516803902954778,[],0,no_complete_single_mapped_chain_assignment,published_table_coverage_not_geographic_validation,mixed_2024_and_2026_vintages_reconcile_amendments,not_assembled,False
99068,8611584876f6f25ff61673a701dda375f2e43fee59d148496f8e292434edd157,"[""d449d8e4bf1acb04f9926ab6ed8475114804b9bc3ae9128226ebc1d46cd54a1a""]",1,fixed_mapped_track_candidates,published_table_coverage_not_geographic_validation,mixed_2024_and_2026_vintages_reconcile_amendments,not_assembled,False
99069,e7a933b3e2d0359793b66cbdbc998559de2a5e6adce89b187516803902954778,[],0,no_complete_single_mapped_chain_assignment,published_table_coverage_not_geographic_validation,mixed_2024_and_2026_vintages_reconcile_amendments,not_assembled,False
99070,8611584876f6f25ff61673a701dda375f2e43fee59d148496f8e292434edd157,"[""d449d8e4bf1acb04f9926ab6ed8475114804b9bc3ae9128226ebc1d46cd54a1a""]",1,fixed_mapped_track_candidates,published_table_coverage_not_geographic_validation,mixed_2024_and_2026_vintages_reconcile_amendments,not_assembled,False
99071,e7a933b3e2d0359793b66cbdbc998559de2a5e6adce89b187516803902954778,[],0,no_complete_single_mapped_chain_assignment,published_table_coverage_not_geographic_validation,mixed_2024_and_2026_vintages_reconcile_amendments,not_assembled,False
99072,8611584876f6f25ff61673a701dda375f2e43fee59d148496f8e292434edd157,"[""d449d8e4bf1acb04f9926ab6ed8475114804b9bc3ae9128226ebc1d46cd54a1a""]",1,fixed_mapped_track_candidates,published_table_coverage_not_geographic_validation,mixed_2024_and_2026_vintages_reconcile_amendments,not_assembled,False
99073,e7a933b3e2d0359793b66cbdbc998559de2a5e6adce89b187516803902954778,[],0,no_complete_single_mapped_chain_assignment,published_table_coverage_not_geographic_validation,mixed_2024_and_2026_vintages_reconcile_amendments,not_assembled,False
99074,8611584876f6f25ff61673a701dda375f2e43fee59d148496f8e292434edd157,"[""d449d8e4bf1acb04f9926ab6ed8475114804b9bc3ae9128226ebc1d46cd54a1a""]",1,fixed_mapped_track_candidates,published_table_coverage_not_geographic_validation,mixed_2024_and_2026_vintages_reconcile_amendments,not_assembled,False
99201,7da58f2984287099cf14c6ae1ad9caac758f55f9dbcadfbe748ef5cf4801234b,"[""97f7eb7e6d6377df66edad9639dd1eac4851d72c1c47539d4fd4c9deced7cd01""]",1,fixed_mapped_track_candidates,published_table_coverage_not_geographic_validation,mixed_2024_and_2026_vintages_reconcile_amendments,not_assembled,False
99202,b0124795c53ea0eb43ed9ce4f5c0f87a08a4b19d03b7c7e231248a3b5a4f2baa,"[""ddc022b3a8fb7e7b7e03ba9af81f9510c3a19a5135edc2a9990d33d64ec92b0f""]",1,fixed_mapped_track_candidates,published_table_coverage_not_geographic_validation,mixed_2024_and_2026_vintages_reconcile_amendments,not_assembled,False
99203,7da58f2984287099cf14c6ae1ad9caac758f55f9dbcadfbe748ef5cf4801234b,"[""97f7eb7e6d6377df66edad9639dd1eac4851d72c1c47539d4fd4c9deced7cd01""]",1,fixed_mapped_track_candidates,published_table_coverage_not_geographic_validation,mixed_2024_and_2026_vintages_reconcile_amendments,not_assembled,False
99204,b0124795c53ea0eb43ed9ce4f5c0f87a08a4b19d03b7c7e231248a3b5a4f2baa,"[""ddc022b3a8fb7e7b7e03ba9af81f9510c3a19a5135edc2a9990d33d64ec92b0f""]",1,fixed_mapped_track_candidates,published_table_coverage_not_geographic_validation,mixed_2024_and_2026_vintages_reconcile_amendments,not_assembled,False
99205,7da58f2984287099cf14c6ae1ad9caac758f55f9dbcadfbe748ef5cf4801234b,"[""97f7eb7e6d6377df66edad9639dd1eac4851d72c1c47539d4fd4c9deced7cd01""]",1,fixed_mapped_track_candidates,published_table_coverage_not_geographic_validation,mixed_2024_and_2026_vintages_reconcile_amendments,not_assembled,False
99206,b0124795c53ea0eb43ed9ce4f5c0f87a08a4b19d03b7c7e231248a3b5a4f2baa,"[""ddc022b3a8fb7e7b7e03ba9af81f9510c3a19a5135edc2a9990d33d64ec92b0f""]",1,fixed_mapped_track_candidates,published_table_coverage_not_geographic_validation,mixed_2024_and_2026_vintages_reconcile_amendments,not_assembled,False
99207,7da58f2984287099cf14c6ae1ad9caac758f55f9dbcadfbe748ef5cf4801234b,"[""97f7eb7e6d6377df66edad9639dd1eac4851d72c1c47539d4fd4c9deced7cd01""]",1,fixed_mapped_track_candidates,published_table_coverage_not_geographic_validation,mixed_2024_and_2026_vintages_reconcile_amendments,not_assembled,False
99208,b0124795c53ea0eb43ed9ce4f5c0f87a08a4b19d03b7c7e231248a3b5a4f2baa,"[""ddc022b3a8fb7e7b7e03ba9af81f9510c3a19a5135edc2a9990d33d64ec92b0f""]",1,fixed_mapped_track_candidates,published_table_coverage_not_geographic_validation,mixed_2024_and_2026_vintages_reconcile_amendments,not_assembled,False
99209,7da58f2984287099cf14c6ae1ad9caac758f55f9dbcadfbe748ef5cf4801234b,"[""97f7eb7e6d6377df66edad9639dd1eac4851d72c1c47539d4fd4c9deced7cd01""]",1,fixed_mapped_track_candidates,published_table_coverage_not_geographic_validation,mixed_2024_and_2026_vintages_reconcile_amendments,not_assembled,False
99210,b0124795c53ea0eb43ed9ce4f5c0f87a08a4b19d03b7c7e231248a3b5a4f2baa,"[""ddc022b3a8fb7e7b7e03ba9af81f9510c3a19a5135edc2a9990d33d64ec92b0f""]",1,fixed_mapped_track_candidates,published_table_coverage_not_geographic_validation,mixed_2024_and_2026_vintages_reconcile_amendments,not_assembled,False
99211,7da58f2984287099cf14c6ae1ad9caac758f55f9dbcadfbe748ef5cf4801234b,"[""97f7eb7e6d6377df66edad9639dd1eac4851d72c1c47539d4fd4c9deced7cd01""]",1,fixed_mapped_track_candidates,published_table_coverage_not_geographic_validation,mixed_2024_and_2026_vintages_reconcile_amendments,not_assembled,False
99212,b0124795c53ea0eb43ed9ce4f5c0f87a08a4b19d03b7c7e231248a3b5a4f2baa,"[""ddc022b3a8fb7e7b7e03ba9af81f9510c3a19a5135edc2a9990d33d64ec92b0f""]",1,fixed_mapped_track_candidates,published_table_coverage_not_geographic_validation,mixed_2024_and_2026_vintages_reconcile_amendments,not_assembled,False
99213,7da58f2984287099cf14c6ae1ad9caac758f55f9dbcadfbe748ef5cf4801234b,"[""97f7eb7e6d6377df66edad9639dd1eac4851d72c1c47539d4fd4c9deced7cd01""]",1,fixed_mapped_track_candidates,published_table_coverage_not_geographic_validation,mixed_2024_and_2026_vintages_reconcile_amendments,not_assembled,False
99214,b0124795c53ea0eb43ed9ce4f5c0f87a08a4b19d03b7c7e231248a3b5a4f2baa,"[""ddc022b3a8fb7e7b7e03ba9af81f9510c3a19a5135edc2a9990d33d64ec92b0f""]",1,fixed_mapped_track_candidates,published_table_coverage_not_geographic_validation,mixed_2024_and_2026_vintages_reconcile_amendments,not_assembled,False
99215,7da58f2984287099cf14c6ae1ad9caac758f55f9dbcadfbe748ef5cf4801234b,"[""97f7eb7e6d6377df66edad9639dd1eac4851d72c1c47539d4fd4c9deced7cd01""]",1,fixed_mapped_track_candidates,published_table_coverage_not_geographic_validation,mixed_2024_and_2026_vintages_reconcile_amendments,not_assembled,False
99216,b0124795c53ea0eb43ed9ce4f5c0f87a08a4b19d03b7c7e231248a3b5a4f2baa,"[""ddc022b3a8fb7e7b7e03ba9af81f9510c3a19a5135edc2a9990d33d64ec92b0f""]",1,fixed_mapped_track_candidates,published_table_coverage_not_geographic_validation,mixed_2024_and_2026_vintages_reconcile_amendments,not_assembled,False
99217,7da58f2984287099cf14c6ae1ad9caac758f55f9dbcadfbe748ef5cf4801234b,"[""97f7eb7e6d6377df66edad9639dd1eac4851d72c1c47539d4fd4c9deced7cd01""]",1,fixed_mapped_track_candidates,published_table_coverage_not_geographic_validation,mixed_2024_and_2026_vintages_reconcile_amendments,not_assembled,False
99218,b0124795c53ea0eb43ed9ce4f5c0f87a08a4b19d03b7c7e231248a3b5a4f2baa,"[""ddc022b3a8fb7e7b7e03ba9af81f9510c3a19a5135edc2a9990d33d64ec92b0f""]",1,fixed_mapped_track_candidates,published_table_coverage_not_geographic_validation,mixed_2024_and_2026_vintages_reconcile_amendments,not_assembled,False
99219,7da58f2984287099cf14c6ae1ad9caac758f55f9dbcadfbe748ef5cf4801234b,"[""97f7eb7e6d6377df66edad9639dd1eac4851d72c1c47539d4fd4c9deced7cd01""]",1,fixed_mapped_track_candidates,published_table_coverage_not_geographic_validation,mixed_2024_and_2026_vintages_reconcile_amendments,not_assembled,False
99220,b0124795c53ea0eb43ed9ce4f5c0f87a08a4b19d03b7c7e231248a3b5a4f2baa,"[""ddc022b3a8fb7e7b7e03ba9af81f9510c3a19a5135edc2a9990d33d64ec92b0f""]",1,fixed_mapped_track_candidates,published_table_coverage_not_geographic_validation,mixed_2024_and_2026_vintages_reconcile_amendments,not_assembled,False
99221,7da58f2984287099cf14c6ae1ad9caac758f55f9dbcadfbe748ef5cf4801234b,"[""97f7eb7e6d6377df66edad9639dd1eac4851d72c1c47539d4fd4c9deced7cd01""]",1,fixed_mapped_track_candidates,published_table_coverage_not_geographic_validation,mixed_2024_and_2026_vintages_reconcile_amendments,not_assembled,False
99222,b0124795c53ea0eb43ed9ce4f5c0f87a08a4b19d03b7c7e231248a3b5a4f2baa,"[""ddc022b3a8fb7e7b7e03ba9af81f9510c3a19a5135edc2a9990d33d64ec92b0f""]",1,fixed_mapped_track_candidates,published_table_coverage_not_geographic_validation,mixed_2024_and_2026_vintages_reconcile_amendments,not_assembled,False
99223,7da58f2984287099cf14c6ae1ad9caac758f55f9dbcadfbe748ef5cf4801234b,"[""97f7eb7e6d6377df66edad9639dd1eac4851d72c1c47539d4fd4c9deced7cd01""]",1,fixed_mapped_track_candidates,published_table_coverage_not_geographic_validation,mixed_2024_and_2026_vintages_reconcile_amendments,not_assembled,False
99224,b0124795c53ea0eb43ed9ce4f5c0f87a08a4b19d03b7c7e231248a3b5a4f2baa,"[""ddc022b3a8fb7e7b7e03ba9af81f9510c3a19a5135edc2a9990d33d64ec92b0f""]",1,fixed_mapped_track_candidates,published_table_coverage_not_geographic_validation,mixed_2024_and_2026_vintages_reconcile_amendments,not_assembled,False
99225,7da58f2984287099cf14c6ae1ad9caac758f55f9dbcadfbe748ef5cf4801234b,"[""97f7eb7e6d6377df66edad9639dd1eac4851d72c1c47539d4fd4c9deced7cd01""]",1,fixed_mapped_track_candidates,published_table_coverage_not_geographic_validation,mixed_2024_and_2026_vintages_reconcile_amendments,not_assembled,False
99226,b0124795c53ea0eb43ed9ce4f5c0f87a08a4b19d03b7c7e231248a3b5a4f2baa,"[""ddc022b3a8fb7e7b7e03ba9af81f9510c3a19a5135edc2a9990d33d64ec92b0f""]",1,fixed_mapped_track_candidates,published_table_coverage_not_geographic_validation,mixed_2024_and_2026_vintages_reconcile_amendments,not_assembled,False
99227,7da58f2984287099cf14c6ae1ad9caac758f55f9dbcadfbe748ef5cf4801234b,"[""97f7eb7e6d6377df66edad9639dd1eac4851d72c1c47539d4fd4c9deced7cd01""]",1,fixed_mapped_track_candidates,published_table_coverage_not_geographic_validation,mixed_2024_and_2026_vintages_reconcile_amendments,not_assembled,False
99228,b0124795c53ea0eb43ed9ce4f5c0f87a08a4b19d03b7c7e231248a3b5a4f2baa,"[""ddc022b3a8fb7e7b7e03ba9af81f9510c3a19a5135edc2a9990d33d64ec92b0f""]",1,fixed_mapped_track_candidates,published_table_coverage_not_geographic_validation,mixed_2024_and_2026_vintages_reconcile_amendments,not_assembled,False
99229,7da58f2984287099cf14c6ae1ad9caac758f55f9dbcadfbe748ef5cf4801234b,"[""97f7eb7e6d6377df66edad9639dd1eac4851d72c1c47539d4fd4c9deced7cd01""]",1,fixed_mapped_track_candidates,published_table_coverage_not_geographic_validation,mixed_2024_and_2026_vintages_reconcile_amendments,not_assembled,False
99230,b0124795c53ea0eb43ed9ce4f5c0f87a08a4b19d03b7c7e231248a3b5a4f2baa,"[""ddc022b3a8fb7e7b7e03ba9af81f9510c3a19a5135edc2a9990d33d64ec92b0f""]",1,fixed_mapped_track_candidates,published_table_coverage_not_geographic_validation,mixed_2024_and_2026_vintages_reconcile_amendments,not_assembled,False
99231,7da58f2984287099cf14c6ae1ad9caac758f55f9dbcadfbe748ef5cf4801234b,"[""97f7eb7e6d6377df66edad9639dd1eac4851d72c1c47539d4fd4c9deced7cd01""]",1,fixed_mapped_track_candidates,published_table_coverage_not_geographic_validation,mixed_2024_and_2026_vintages_reconcile_amendments,not_assembled,False
99232,b0124795c53ea0eb43ed9ce4f5c0f87a08a4b19d03b7c7e231248a3b5a4f2baa,"[""ddc022b3a8fb7e7b7e03ba9af81f9510c3a19a5135edc2a9990d33d64ec92b0f""]",1,fixed_mapped_track_candidates,published_table_coverage_not_geographic_validation,mixed_2024_and_2026_vintages_reconcile_amendments,not_assembled,False
99233,7da58f2984287099cf14c6ae1ad9caac758f55f9dbcadfbe748ef5cf4801234b,"[""97f7eb7e6d6377df66edad9639dd1eac4851d72c1c47539d4fd4c9deced7cd01""]",1,fixed_mapped_track_candidates,published_table_coverage_not_geographic_validation,mixed_2024_and_2026_vintages_reconcile_amendments,not_assembled,False
99234,b0124795c53ea0eb43ed9ce4f5c0f87a08a4b19d03b7c7e231248a3b5a4f2baa,"[""ddc022b3a8fb7e7b7e03ba9af81f9510c3a19a5135edc2a9990d33d64ec92b0f""]",1,fixed_mapped_track_candidates,published_table_coverage_not_geographic_validation,mixed_2024_and_2026_vintages_reconcile_amendments,not_assembled,False
99235,7da58f2984287099cf14c6ae1ad9caac758f55f9dbcadfbe748ef5cf4801234b,"[""97f7eb7e6d6377df66edad9639dd1eac4851d72c1c47539d4fd4c9deced7cd01""]",1,fixed_mapped_track_candidates,published_table_coverage_not_geographic_validation,mixed_2024_and_2026_vintages_reconcile_amendments,not_assembled,False
99236,b0124795c53ea0eb43ed9ce4f5c0f87a08a4b19d03b7c7e231248a3b5a4f2baa,"[""ddc022b3a8fb7e7b7e03ba9af81f9510c3a19a5135edc2a9990d33d64ec92b0f""]",1,fixed_mapped_track_candidates,published_table_coverage_not_geographic_validation,mixed_2024_and_2026_vintages_reconcile_amendments,not_assembled,False
99237,7da58f2984287099cf14c6ae1ad9caac758f55f9dbcadfbe748ef5cf4801234b,"[""97f7eb7e6d6377df66edad9639dd1eac4851d72c1c47539d4fd4c9deced7cd01""]",1,fixed_mapped_track_candidates,published_table_coverage_not_geographic_validation,mixed_2024_and_2026_vintages_reconcile_amendments,not_assembled,False
99238,b0124795c53ea0eb43ed9ce4f5c0f87a08a4b19d03b7c7e231248a3b5a4f2baa,"[""ddc022b3a8fb7e7b7e03ba9af81f9510c3a19a5135edc2a9990d33d64ec92b0f""]",1,fixed_mapped_track_candidates,published_table_coverage_not_geographic_validation,mixed_2024_and_2026_vintages_reconcile_amendments,not_assembled,False
99239,7da58f2984287099cf14c6ae1ad9caac758f55f9dbcadfbe748ef5cf4801234b,"[""97f7eb7e6d6377df66edad9639dd1eac4851d72c1c47539d4fd4c9deced7cd01""]",1,fixed_mapped_track_candidates,published_table_coverage_not_geographic_validation,mixed_2024_and_2026_vintages_reconcile_amendments,not_assembled,False
99240,b0124795c53ea0eb43ed9ce4f5c0f87a08a4b19d03b7c7e231248a3b5a4f2baa,"[""ddc022b3a8fb7e7b7e03ba9af81f9510c3a19a5135edc2a9990d33d64ec92b0f""]",1,fixed_mapped_track_candidates,published_table_coverage_not_geographic_validation,mixed_2024_and_2026_vintages_reconcile_amendments,not_assembled,False
99241,7da58f2984287099cf14c6ae1ad9caac758f55f9dbcadfbe748ef5cf4801234b,"[""97f7eb7e6d6377df66edad9639dd1eac4851d72c1c47539d4fd4c9deced7cd01""]",1,fixed_mapped_track_candidates,published_table_coverage_not_geographic_validation,mixed_2024_and_2026_vintages_reconcile_amendments,not_assembled,False
99242,b0124795c53ea0eb43ed9ce4f5c0f87a08a4b19d03b7c7e231248a3b5a4f2baa,"[""ddc022b3a8fb7e7b7e03ba9af81f9510c3a19a5135edc2a9990d33d64ec92b0f""]",1,fixed_mapped_track_candidates,published_table_coverage_not_geographic_validation,mixed_2024_and_2026_vintages_reconcile_amendments,not_assembled,False
99243,7da58f2984287099cf14c6ae1ad9caac758f55f9dbcadfbe748ef5cf4801234b,"[""97f7eb7e6d6377df66edad9639dd1eac4851d72c1c47539d4fd4c9deced7cd01""]",1,fixed_mapped_track_candidates,published_table_coverage_not_geographic_validation,mixed_2024_and_2026_vintages_reconcile_amendments,not_assembled,False
99244,b0124795c53ea0eb43ed9ce4f5c0f87a08a4b19d03b7c7e231248a3b5a4f2baa,"[""ddc022b3a8fb7e7b7e03ba9af81f9510c3a19a5135edc2a9990d33d64ec92b0f""]",1,fixed_mapped_track_candidates,published_table_coverage_not_geographic_validation,mixed_2024_and_2026_vintages_reconcile_amendments,not_assembled,False
99245,7da58f2984287099cf14c6ae1ad9caac758f55f9dbcadfbe748ef5cf4801234b,"[""97f7eb7e6d6377df66edad9639dd1eac4851d72c1c47539d4fd4c9deced7cd01""]",1,fixed_mapped_track_candidates,published_table_coverage_not_geographic_validation,mixed_2024_and_2026_vintages_reconcile_amendments,not_assembled,False
99246,b0124795c53ea0eb43ed9ce4f5c0f87a08a4b19d03b7c7e231248a3b5a4f2baa,"[""ddc022b3a8fb7e7b7e03ba9af81f9510c3a19a5135edc2a9990d33d64ec92b0f""]",1,fixed_mapped_track_candidates,published_table_coverage_not_geographic_validation,mixed_2024_and_2026_vintages_reconcile_amendments,not_assembled,False
99247,7da58f2984287099cf14c6ae1ad9caac758f55f9dbcadfbe748ef5cf4801234b,"[""97f7eb7e6d6377df66edad9639dd1eac4851d72c1c47539d4fd4c9deced7cd01""]",1,fixed_mapped_track_candidates,published_table_coverage_not_geographic_validation,mixed_2024_and_2026_vintages_reconcile_amendments,not_assembled,False
99248,b0124795c53ea0eb43ed9ce4f5c0f87a08a4b19d03b7c7e231248a3b5a4f2baa,"[""ddc022b3a8fb7e7b7e03ba9af81f9510c3a19a5135edc2a9990d33d64ec92b0f""]",1,fixed_mapped_track_candidates,published_table_coverage_not_geographic_validation,mixed_2024_and_2026_vintages_reconcile_amendments,not_assembled,False
99249,7da58f2984287099cf14c6ae1ad9caac758f55f9dbcadfbe748ef5cf4801234b,"[""97f7eb7e6d6377df66edad9639dd1eac4851d72c1c47539d4fd4c9deced7cd01""]",1,fixed_mapped_track_candidates,published_table_coverage_not_geographic_validation,mixed_2024_and_2026_vintages_reconcile_amendments,not_assembled,False
99250,b0124795c53ea0eb43ed9ce4f5c0f87a08a4b19d03b7c7e231248a3b5a4f2baa,"[""ddc022b3a8fb7e7b7e03ba9af81f9510c3a19a5135edc2a9990d33d64ec92b0f""]",1,fixed_mapped_track_candidates,published_table_coverage_not_geographic_validation,mixed_2024_and_2026_vintages_reconcile_amendments,not_assembled,False
99251,7da58f2984287099cf14c6ae1ad9caac758f55f9dbcadfbe748ef5cf4801234b,"[""97f7eb7e6d6377df66edad9639dd1eac4851d72c1c47539d4fd4c9deced7cd01""]",1,fixed_mapped_track_candidates,published_table_coverage_not_geographic_validation,mixed_2024_and_2026_vintages_reconcile_amendments,not_assembled,False
99252,b0124795c53ea0eb43ed9ce4f5c0f87a08a4b19d03b7c7e231248a3b5a4f2baa,"[""ddc022b3a8fb7e7b7e03ba9af81f9510c3a19a5135edc2a9990d33d64ec92b0f""]",1,fixed_mapped_track_candidates,published_table_coverage_not_geographic_validation,mixed_2024_and_2026_vintages_reconcile_amendments,not_assembled,False
99253,7da58f2984287099cf14c6ae1ad9caac758f55f9dbcadfbe748ef5cf4801234b,"[""97f7eb7e6d6377df66edad9639dd1eac4851d72c1c47539d4fd4c9deced7cd01""]",1,fixed_mapped_track_candidates,published_table_coverage_not_geographic_validation,mixed_2024_and_2026_vintages_reconcile_amendments,not_assembled,False
99254,b0124795c53ea0eb43ed9ce4f5c0f87a08a4b19d03b7c7e231248a3b5a4f2baa,"[""ddc022b3a8fb7e7b7e03ba9af81f9510c3a19a5135edc2a9990d33d64ec92b0f""]",1,fixed_mapped_track_candidates,published_table_coverage_not_geographic_validation,mixed_2024_and_2026_vintages_reconcile_amendments,not_assembled,False
99255,7da58f2984287099cf14c6ae1ad9caac758f55f9dbcadfbe748ef5cf4801234b,"[""97f7eb7e6d6377df66edad9639dd1eac4851d72c1c47539d4fd4c9deced7cd01""]",1,fixed_mapped_track_candidates,published_table_coverage_not_geographic_validation,mixed_2024_and_2026_vintages_reconcile_amendments,not_assembled,False
99256,b0124795c53ea0eb43ed9ce4f5c0f87a08a4b19d03b7c7e231248a3b5a4f2baa,"[""ddc022b3a8fb7e7b7e03ba9af81f9510c3a19a5135edc2a9990d33d64ec92b0f""]",1,fixed_mapped_track_candidates,published_table_coverage_not_geographic_validation,mixed_2024_and_2026_vintages_reconcile_amendments,not_assembled,False
99257,7da58f2984287099cf14c6ae1ad9caac758f55f9dbcadfbe748ef5cf4801234b,"[""97f7eb7e6d6377df66edad9639dd1eac4851d72c1c47539d4fd4c9deced7cd01""]",1,fixed_mapped_track_candidates,published_table_coverage_not_geographic_validation,mixed_2024_and_2026_vintages_reconcile_amendments,not_assembled,False
99258,b0124795c53ea0eb43ed9ce4f5c0f87a08a4b19d03b7c7e231248a3b5a4f2baa,"[""ddc022b3a8fb7e7b7e03ba9af81f9510c3a19a5135edc2a9990d33d64ec92b0f""]",1,fixed_mapped_track_candidates,published_table_coverage_not_geographic_validation,mixed_2024_and_2026_vintages_reconcile_amendments,not_assembled,False
99259,7da58f2984287099cf14c6ae1ad9caac758f55f9dbcadfbe748ef5cf4801234b,"[""97f7eb7e6d6377df66edad9639dd1eac4851d72c1c47539d4fd4c9deced7cd01""]",1,fixed_mapped_track_candidates,published_table_coverage_not_geographic_validation,mixed_2024_and_2026_vintages_reconcile_amendments,not_assembled,False
99260,b0124795c53ea0eb43ed9ce4f5c0f87a08a4b19d03b7c7e231248a3b5a4f2baa,"[""ddc022b3a8fb7e7b7e03ba9af81f9510c3a19a5135edc2a9990d33d64ec92b0f""]",1,fixed_mapped_track_candidates,published_table_coverage_not_geographic_validation,mixed_2024_and_2026_vintages_reconcile_amendments,not_assembled,False
99261,7da58f2984287099cf14c6ae1ad9caac758f55f9dbcadfbe748ef5cf4801234b,"[""97f7eb7e6d6377df66edad9639dd1eac4851d72c1c47539d4fd4c9deced7cd01""]",1,fixed_mapped_track_candidates,published_table_coverage_not_geographic_validation,mixed_2024_and_2026_vintages_reconcile_amendments,not_assembled,False
99262,b0124795c53ea0eb43ed9ce4f5c0f87a08a4b19d03b7c7e231248a3b5a4f2baa,"[""ddc022b3a8fb7e7b7e03ba9af81f9510c3a19a5135edc2a9990d33d64ec92b0f""]",1,fixed_mapped_track_candidates,published_table_coverage_not_geographic_validation,mixed_2024_and_2026_vintages_reconcile_amendments,not_assembled,False
99263,7da58f2984287099cf14c6ae1ad9caac758f55f9dbcadfbe748ef5cf4801234b,"[""97f7eb7e6d6377df66edad9639dd1eac4851d72c1c47539d4fd4c9deced7cd01""]",1,fixed_mapped_track_candidates,published_table_coverage_not_geographic_validation,mixed_2024_and_2026_vintages_reconcile_amendments,not_assembled,False
99264,b0124795c53ea0eb43ed9ce4f5c0f87a08a4b19d03b7c7e231248a3b5a4f2baa,"[""ddc022b3a8fb7e7b7e03ba9af81f9510c3a19a5135edc2a9990d33d64ec92b0f""]",1,fixed_mapped_track_candidates,published_table_coverage_not_geographic_validation,mixed_2024_and_2026_vintages_reconcile_amendments,not_assembled,False
99265,7da58f2984287099cf14c6ae1ad9caac758f55f9dbcadfbe748ef5cf4801234b,"[""97f7eb7e6d6377df66edad9639dd1eac4851d72c1c47539d4fd4c9deced7cd01""]",1,fixed_mapped_track_candidates,published_table_coverage_not_geographic_validation,mixed_2024_and_2026_vintages_reconcile_amendments,not_assembled,False
99266,b0124795c53ea0eb43ed9ce4f5c0f87a08a4b19d03b7c7e231248a3b5a4f2baa,"[""ddc022b3a8fb7e7b7e03ba9af81f9510c3a19a5135edc2a9990d33d64ec92b0f""]",1,fixed_mapped_track_candidates,published_table_coverage_not_geographic_validation,mixed_2024_and_2026_vintages_reconcile_amendments,not_assembled,False
99267,7da58f2984287099cf14c6ae1ad9caac758f55f9dbcadfbe748ef5cf4801234b,"[""97f7eb7e6d6377df66edad9639dd1eac4851d72c1c47539d4fd4c9deced7cd01""]",1,fixed_mapped_track_candidates,published_table_coverage_not_geographic_validation,mixed_2024_and_2026_vintages_reconcile_amendments,not_assembled,False
99268,b0124795c53ea0eb43ed9ce4f5c0f87a08a4b19d03b7c7e231248a3b5a4f2baa,"[""ddc022b3a8fb7e7b7e03ba9af81f9510c3a19a5135edc2a9990d33d64ec92b0f""]",1,fixed_mapped_track_candidates,published_table_coverage_not_geographic_validation,mixed_2024_and_2026_vintages_reconcile_amendments,not_assembled,False
99401,0fc170e71b93b36996d82eadcbafdc00dd0d3e0618189736fc63341ec112a5cf,"[""b733ffb4ea02078feb6e00eb715de266879892d18c4b6c93eb377f6aa22d8f9f""]",1,fixed_mapped_track_candidates,published_table_coverage_not_geographic_validation,mixed_2024_and_2026_vintages_reconcile_amendments,not_assembled,False
99402,af7cb41dc4f9ec5384f75dd43dff84578515cda9c28efdc4c3862274eced1913,"[""4590b3e4f4cd783bc5d47479825d6f3fc8ede256b255895b98d250f25e4e9bfb""]",1,fixed_mapped_track_candidates,published_table_coverage_not_geographic_validation,mixed_2024_and_2026_vintages_reconcile_amendments,not_assembled,False
99403,0fc170e71b93b36996d82eadcbafdc00dd0d3e0618189736fc63341ec112a5cf,"[""b733ffb4ea02078feb6e00eb715de266879892d18c4b6c93eb377f6aa22d8f9f""]",1,fixed_mapped_track_candidates,published_table_coverage_not_geographic_validation,mixed_2024_and_2026_vintages_reconcile_amendments,not_assembled,False
99404,af7cb41dc4f9ec5384f75dd43dff84578515cda9c28efdc4c3862274eced1913,"[""4590b3e4f4cd783bc5d47479825d6f3fc8ede256b255895b98d250f25e4e9bfb""]",1,fixed_mapped_track_candidates,published_table_coverage_not_geographic_validation,mixed_2024_and_2026_vintages_reconcile_amendments,not_assembled,False
99405,0fc170e71b93b36996d82eadcbafdc00dd0d3e0618189736fc63341ec112a5cf,"[""b733ffb4ea02078feb6e00eb715de266879892d18c4b6c93eb377f6aa22d8f9f""]",1,fixed_mapped_track_candidates,published_table_coverage_not_geographic_validation,mixed_2024_and_2026_vintages_reconcile_amendments,not_assembled,False
99406,af7cb41dc4f9ec5384f75dd43dff84578515cda9c28efdc4c3862274eced1913,"[""4590b3e4f4cd783bc5d47479825d6f3fc8ede256b255895b98d250f25e4e9bfb""]",1,fixed_mapped_track_candidates,published_table_coverage_not_geographic_validation,mixed_2024_and_2026_vintages_reconcile_amendments,not_assembled,False
99407,0fc170e71b93b36996d82eadcbafdc00dd0d3e0618189736fc63341ec112a5cf,"[""b733ffb4ea02078feb6e00eb715de266879892d18c4b6c93eb377f6aa22d8f9f""]",1,fixed_mapped_track_candidates,published_table_coverage_not_geographic_validation,mixed_2024_and_2026_vintages_reconcile_amendments,not_assembled,False
99408,af7cb41dc4f9ec5384f75dd43dff84578515cda9c28efdc4c3862274eced1913,"[""4590b3e4f4cd783bc5d47479825d6f3fc8ede256b255895b98d250f25e4e9bfb""]",1,fixed_mapped_track_candidates,published_table_coverage_not_geographic_validation,mixed_2024_and_2026_vintages_reconcile_amendments,not_assembled,False
99409,0fc170e71b93b36996d82eadcbafdc00dd0d3e0618189736fc63341ec112a5cf,"[""b733ffb4ea02078feb6e00eb715de266879892d18c4b6c93eb377f6aa22d8f9f""]",1,fixed_mapped_track_candidates,published_table_coverage_not_geographic_validation,mixed_2024_and_2026_vintages_reconcile_amendments,not_assembled,False
99410,af7cb41dc4f9ec5384f75dd43dff84578515cda9c28efdc4c3862274eced1913,"[""4590b3e4f4cd783bc5d47479825d6f3fc8ede256b255895b98d250f25e4e9bfb""]",1,fixed_mapped_track_candidates,published_table_coverage_not_geographic_validation,mixed_2024_and_2026_vintages_reconcile_amendments,not_assembled,False
99411,0fc170e71b93b36996d82eadcbafdc00dd0d3e0618189736fc63341ec112a5cf,"[""b733ffb4ea02078feb6e00eb715de266879892d18c4b6c93eb377f6aa22d8f9f""]",1,fixed_mapped_track_candidates,published_table_coverage_not_geographic_validation,mixed_2024_and_2026_vintages_reconcile_amendments,not_assembled,False
99412,af7cb41dc4f9ec5384f75dd43dff84578515cda9c28efdc4c3862274eced1913,"[""4590b3e4f4cd783bc5d47479825d6f3fc8ede256b255895b98d250f25e4e9bfb""]",1,fixed_mapped_track_candidates,published_table_coverage_not_geographic_validation,mixed_2024_and_2026_vintages_reconcile_amendments,not_assembled,False
99413,0fc170e71b93b36996d82eadcbafdc00dd0d3e0618189736fc63341ec112a5cf,"[""b733ffb4ea02078feb6e00eb715de266879892d18c4b6c93eb377f6aa22d8f9f""]",1,fixed_mapped_track_candidates,published_table_coverage_not_geographic_validation,mixed_2024_and_2026_vintages_reconcile_amendments,not_assembled,False
99414,af7cb41dc4f9ec5384f75dd43dff84578515cda9c28efdc4c3862274eced1913,"[""4590b3e4f4cd783bc5d47479825d6f3fc8ede256b255895b98d250f25e4e9bfb""]",1,fixed_mapped_track_candidates,published_table_coverage_not_geographic_validation,mixed_2024_and_2026_vintages_reconcile_amendments,not_assembled,False
99415,0fc170e71b93b36996d82eadcbafdc00dd0d3e0618189736fc63341ec112a5cf,"[""b733ffb4ea02078feb6e00eb715de266879892d18c4b6c93eb377f6aa22d8f9f""]",1,fixed_mapped_track_candidates,published_table_coverage_not_geographic_validation,mixed_2024_and_2026_vintages_reconcile_amendments,not_assembled,False
99416,af7cb41dc4f9ec5384f75dd43dff84578515cda9c28efdc4c3862274eced1913,"[""4590b3e4f4cd783bc5d47479825d6f3fc8ede256b255895b98d250f25e4e9bfb""]",1,fixed_mapped_track_candidates,published_table_coverage_not_geographic_validation,mixed_2024_and_2026_vintages_reconcile_amendments,not_assembled,False
99417,0fc170e71b93b36996d82eadcbafdc00dd0d3e0618189736fc63341ec112a5cf,"[""b733ffb4ea02078feb6e00eb715de266879892d18c4b6c93eb377f6aa22d8f9f""]",1,fixed_mapped_track_candidates,published_table_coverage_not_geographic_validation,mixed_2024_and_2026_vintages_reconcile_amendments,not_assembled,False
99418,af7cb41dc4f9ec5384f75dd43dff84578515cda9c28efdc4c3862274eced1913,"[""4590b3e4f4cd783bc5d47479825d6f3fc8ede256b255895b98d250f25e4e9bfb""]",1,fixed_mapped_track_candidates,published_table_coverage_not_geographic_validation,mixed_2024_and_2026_vintages_reconcile_amendments,not_assembled,False
99419,0fc170e71b93b36996d82eadcbafdc00dd0d3e0618189736fc63341ec112a5cf,"[""b733ffb4ea02078feb6e00eb715de266879892d18c4b6c93eb377f6aa22d8f9f""]",1,fixed_mapped_track_candidates,published_table_coverage_not_geographic_validation,mixed_2024_and_2026_vintages_reconcile_amendments,not_assembled,False
99420,af7cb41dc4f9ec5384f75dd43dff84578515cda9c28efdc4c3862274eced1913,"[""4590b3e4f4cd783bc5d47479825d6f3fc8ede256b255895b98d250f25e4e9bfb""]",1,fixed_mapped_track_candidates,published_table_coverage_not_geographic_validation,mixed_2024_and_2026_vintages_reconcile_amendments,not_assembled,False
99421,0fc170e71b93b36996d82eadcbafdc00dd0d3e0618189736fc63341ec112a5cf,"[""b733ffb4ea02078feb6e00eb715de266879892d18c4b6c93eb377f6aa22d8f9f""]",1,fixed_mapped_track_candidates,published_table_coverage_not_geographic_validation,mixed_2024_and_2026_vintages_reconcile_amendments,not_assembled,False
99422,af7cb41dc4f9ec5384f75dd43dff84578515cda9c28efdc4c3862274eced1913,"[""4590b3e4f4cd783bc5d47479825d6f3fc8ede256b255895b98d250f25e4e9bfb""]",1,fixed_mapped_track_candidates,published_table_coverage_not_geographic_validation,mixed_2024_and_2026_vintages_reconcile_amendments,not_assembled,False
99423,0fc170e71b93b36996d82eadcbafdc00dd0d3e0618189736fc63341ec112a5cf,"[""b733ffb4ea02078feb6e00eb715de266879892d18c4b6c93eb377f6aa22d8f9f""]",1,fixed_mapped_track_candidates,published_table_coverage_not_geographic_validation,mixed_2024_and_2026_vintages_reconcile_amendments,not_assembled,False
99424,af7cb41dc4f9ec5384f75dd43dff84578515cda9c28efdc4c3862274eced1913,"[""4590b3e4f4cd783bc5d47479825d6f3fc8ede256b255895b98d250f25e4e9bfb""]",1,fixed_mapped_track_candidates,published_table_coverage_not_geographic_validation,mixed_2024_and_2026_vintages_reconcile_amendments,not_assembled,False
99425,0fc170e71b93b36996d82eadcbafdc00dd0d3e0618189736fc63341ec112a5cf,"[""b733ffb4ea02078feb6e00eb715de266879892d18c4b6c93eb377f6aa22d8f9f""]",1,fixed_mapped_track_candidates,published_table_coverage_not_geographic_validation,mixed_2024_and_2026_vintages_reconcile_amendments,not_assembled,False
99426,af7cb41dc4f9ec5384f75dd43dff84578515cda9c28efdc4c3862274eced1913,"[""4590b3e4f4cd783bc5d47479825d6f3fc8ede256b255895b98d250f25e4e9bfb""]",1,fixed_mapped_track_candidates,published_table_coverage_not_geographic_validation,mixed_2024_and_2026_vintages_reconcile_amendments,not_assembled,False
99427,0fc170e71b93b36996d82eadcbafdc00dd0d3e0618189736fc63341ec112a5cf,"[""b733ffb4ea02078feb6e00eb715de266879892d18c4b6c93eb377f6aa22d8f9f""]",1,fixed_mapped_track_candidates,published_table_coverage_not_geographic_validation,mixed_2024_and_2026_vintages_reconcile_amendments,not_assembled,False
99428,af7cb41dc4f9ec5384f75dd43dff84578515cda9c28efdc4c3862274eced1913,"[""4590b3e4f4cd783bc5d47479825d6f3fc8ede256b255895b98d250f25e4e9bfb""]",1,fixed_mapped_track_candidates,published_table_coverage_not_geographic_validation,mixed_2024_and_2026_vintages_reconcile_amendments,not_assembled,False
99429,0fc170e71b93b36996d82eadcbafdc00dd0d3e0618189736fc63341ec112a5cf,"[""b733ffb4ea02078feb6e00eb715de266879892d18c4b6c93eb377f6aa22d8f9f""]",1,fixed_mapped_track_candidates,published_table_coverage_not_geographic_validation,mixed_2024_and_2026_vintages_reconcile_amendments,not_assembled,False
99430,af7cb41dc4f9ec5384f75dd43dff84578515cda9c28efdc4c3862274eced1913,"[""4590b3e4f4cd783bc5d47479825d6f3fc8ede256b255895b98d250f25e4e9bfb""]",1,fixed_mapped_track_candidates,published_table_coverage_not_geographic_validation,mixed_2024_and_2026_vintages_reconcile_amendments,not_assembled,False
99431,0fc170e71b93b36996d82eadcbafdc00dd0d3e0618189736fc63341ec112a5cf,"[""b733ffb4ea02078feb6e00eb715de266879892d18c4b6c93eb377f6aa22d8f9f""]",1,fixed_mapped_track_candidates,published_table_coverage_not_geographic_validation,mixed_2024_and_2026_vintages_reconcile_amendments,not_assembled,False
99432,af7cb41dc4f9ec5384f75dd43dff84578515cda9c28efdc4c3862274eced1913,"[""4590b3e4f4cd783bc5d47479825d6f3fc8ede256b255895b98d250f25e4e9bfb""]",1,fixed_mapped_track_candidates,published_table_coverage_not_geographic_validation,mixed_2024_and_2026_vintages_reconcile_amendments,not_assembled,False
99433,0fc170e71b93b36996d82eadcbafdc00dd0d3e0618189736fc63341ec112a5cf,"[""b733ffb4ea02078feb6e00eb715de266879892d18c4b6c93eb377f6aa22d8f9f""]",1,fixed_mapped_track_candidates,published_table_coverage_not_geographic_validation,mixed_2024_and_2026_vintages_reconcile_amendments,not_assembled,False
99434,af7cb41dc4f9ec5384f75dd43dff84578515cda9c28efdc4c3862274eced1913,"[""4590b3e4f4cd783bc5d47479825d6f3fc8ede256b255895b98d250f25e4e9bfb""]",1,fixed_mapped_track_candidates,published_table_coverage_not_geographic_validation,mixed_2024_and_2026_vintages_reconcile_amendments,not_assembled,False
99435,0fc170e71b93b36996d82eadcbafdc00dd0d3e0618189736fc63341ec112a5cf,"[""b733ffb4ea02078feb6e00eb715de266879892d18c4b6c93eb377f6aa22d8f9f""]",1,fixed_mapped_track_candidates,published_table_coverage_not_geographic_validation,mixed_2024_and_2026_vintages_reconcile_amendments,not_assembled,False
99436,af7cb41dc4f9ec5384f75dd43dff84578515cda9c28efdc4c3862274eced1913,"[""4590b3e4f4cd783bc5d47479825d6f3fc8ede256b255895b98d250f25e4e9bfb""]",1,fixed_mapped_track_candidates,published_table_coverage_not_geographic_validation,mixed_2024_and_2026_vintages_reconcile_amendments,not_assembled,False
99437,0fc170e71b93b36996d82eadcbafdc00dd0d3e0618189736fc63341ec112a5cf,"[""b733ffb4ea02078feb6e00eb715de266879892d18c4b6c93eb377f6aa22d8f9f""]",1,fixed_mapped_track_candidates,published_table_coverage_not_geographic_validation,mixed_2024_and_2026_vintages_reconcile_amendments,not_assembled,False
99438,af7cb41dc4f9ec5384f75dd43dff84578515cda9c28efdc4c3862274eced1913,"[""4590b3e4f4cd783bc5d47479825d6f3fc8ede256b255895b98d250f25e4e9bfb""]",1,fixed_mapped_track_candidates,published_table_coverage_not_geographic_validation,mixed_2024_and_2026_vintages_reconcile_amendments,not_assembled,False
99439,0fc170e71b93b36996d82eadcbafdc00dd0d3e0618189736fc63341ec112a5cf,"[""b733ffb4ea02078feb6e00eb715de266879892d18c4b6c93eb377f6aa22d8f9f""]",1,fixed_mapped_track_candidates,published_table_coverage_not_geographic_validation,mixed_2024_and_2026_vintages_reconcile_amendments,not_assembled,False
99440,af7cb41dc4f9ec5384f75dd43dff84578515cda9c28efdc4c3862274eced1913,"[""4590b3e4f4cd783bc5d47479825d6f3fc8ede256b255895b98d250f25e4e9bfb""]",1,fixed_mapped_track_candidates,published_table_coverage_not_geographic_validation,mixed_2024_and_2026_vintages_reconcile_amendments,not_assembled,False
99441,0fc170e71b93b36996d82eadcbafdc00dd0d3e0618189736fc63341ec112a5cf,"[""b733ffb4ea02078feb6e00eb715de266879892d18c4b6c93eb377f6aa22d8f9f""]",1,fixed_mapped_track_candidates,published_table_coverage_not_geographic_validation,mixed_2024_and_2026_vintages_reconcile_amendments,not_assembled,False
99442,af7cb41dc4f9ec5384f75dd43dff84578515cda9c28efdc4c3862274eced1913,"[""4590b3e4f4cd783bc5d47479825d6f3fc8ede256b255895b98d250f25e4e9bfb""]",1,fixed_mapped_track_candidates,published_table_coverage_not_geographic_validation,mixed_2024_and_2026_vintages_reconcile_amendments,not_assembled,False
99443,0fc170e71b93b36996d82eadcbafdc00dd0d3e0618189736fc63341ec112a5cf,"[""b733ffb4ea02078feb6e00eb715de266879892d18c4b6c93eb377f6aa22d8f9f""]",1,fixed_mapped_track_candidates,published_table_coverage_not_geographic_validation,mixed_2024_and_2026_vintages_reconcile_amendments,not_assembled,False
99444,af7cb41dc4f9ec5384f75dd43dff84578515cda9c28efdc4c3862274eced1913,"[""4590b3e4f4cd783bc5d47479825d6f3fc8ede256b255895b98d250f25e4e9bfb""]",1,fixed_mapped_track_candidates,published_table_coverage_not_geographic_validation,mixed_2024_and_2026_vintages_reconcile_amendments,not_assembled,False
99445,0fc170e71b93b36996d82eadcbafdc00dd0d3e0618189736fc63341ec112a5cf,"[""b733ffb4ea02078feb6e00eb715de266879892d18c4b6c93eb377f6aa22d8f9f""]",1,fixed_mapped_track_candidates,published_table_coverage_not_geographic_validation,mixed_2024_and_2026_vintages_reconcile_amendments,not_assembled,False
99446,af7cb41dc4f9ec5384f75dd43dff84578515cda9c28efdc4c3862274eced1913,"[""4590b3e4f4cd783bc5d47479825d6f3fc8ede256b255895b98d250f25e4e9bfb""]",1,fixed_mapped_track_candidates,published_table_coverage_not_geographic_validation,mixed_2024_and_2026_vintages_reconcile_amendments,not_assembled,False
99447,0fc170e71b93b36996d82eadcbafdc00dd0d3e0618189736fc63341ec112a5cf,"[""b733ffb4ea02078feb6e00eb715de266879892d18c4b6c93eb377f6aa22d8f9f""]",1,fixed_mapped_track_candidates,published_table_coverage_not_geographic_validation,mixed_2024_and_2026_vintages_reconcile_amendments,not_assembled,False
99448,af7cb41dc4f9ec5384f75dd43dff84578515cda9c28efdc4c3862274eced1913,"[""4590b3e4f4cd783bc5d47479825d6f3fc8ede256b255895b98d250f25e4e9bfb""]",1,fixed_mapped_track_candidates,published_table_coverage_not_geographic_validation,mixed_2024_and_2026_vintages_reconcile_amendments,not_assembled,False
99449,0fc170e71b93b36996d82eadcbafdc00dd0d3e0618189736fc63341ec112a5cf,"[""b733ffb4ea02078feb6e00eb715de266879892d18c4b6c93eb377f6aa22d8f9f""]",1,fixed_mapped_track_candidates,published_table_coverage_not_geographic_validation,mixed_2024_and_2026_vintages_reconcile_amendments,not_assembled,False
99450,af7cb41dc4f9ec5384f75dd43dff84578515cda9c28efdc4c3862274eced1913,"[""4590b3e4f4cd783bc5d47479825d6f3fc8ede256b255895b98d250f25e4e9bfb""]",1,fixed_mapped_track_candidates,published_table_coverage_not_geographic_validation,mixed_2024_and_2026_vintages_reconcile_amendments,not_assembled,False
99451,0fc170e71b93b36996d82eadcbafdc00dd0d3e0618189736fc63341ec112a5cf,"[""b733ffb4ea02078feb6e00eb715de266879892d18c4b6c93eb377f6aa22d8f9f""]",1,fixed_mapped_track_candidates,published_table_coverage_not_geographic_validation,mixed_2024_and_2026_vintages_reconcile_amendments,not_assembled,False
99452,af7cb41dc4f9ec5384f75dd43dff84578515cda9c28efdc4c3862274eced1913,"[""4590b3e4f4cd783bc5d47479825d6f3fc8ede256b255895b98d250f25e4e9bfb""]",1,fixed_mapped_track_candidates,published_table_coverage_not_geographic_validation,mixed_2024_and_2026_vintages_reconcile_amendments,not_assembled,False
99453,0fc170e71b93b36996d82eadcbafdc00dd0d3e0618189736fc63341ec112a5cf,"[""b733ffb4ea02078feb6e00eb715de266879892d18c4b6c93eb377f6aa22d8f9f""]",1,fixed_mapped_track_candidates,published_table_coverage_not_geographic_validation,mixed_2024_and_2026_vintages_reconcile_amendments,not_assembled,False
99454,af7cb41dc4f9ec5384f75dd43dff84578515cda9c28efdc4c3862274eced1913,"[""4590b3e4f4cd783bc5d47479825d6f3fc8ede256b255895b98d250f25e4e9bfb""]",1,fixed_mapped_track_candidates,published_table_coverage_not_geographic_validation,mixed_2024_and_2026_vintages_reconcile_amendments,not_assembled,False
99455,0fc170e71b93b36996d82eadcbafdc00dd0d3e0618189736fc63341ec112a5cf,"[""b733ffb4ea02078feb6e00eb715de266879892d18c4b6c93eb377f6aa22d8f9f""]",1,fixed_mapped_track_candidates,published_table_coverage_not_geographic_validation,mixed_2024_and_2026_vintages_reconcile_amendments,not_assembled,False
99456,af7cb41dc4f9ec5384f75dd43dff84578515cda9c28efdc4c3862274eced1913,"[""4590b3e4f4cd783bc5d47479825d6f3fc8ede256b255895b98d250f25e4e9bfb""]",1,fixed_mapped_track_candidates,published_table_coverage_not_geographic_validation,mixed_2024_and_2026_vintages_reconcile_amendments,not_assembled,False
99457,0fc170e71b93b36996d82eadcbafdc00dd0d3e0618189736fc63341ec112a5cf,"[""b733ffb4ea02078feb6e00eb715de266879892d18c4b6c93eb377f6aa22d8f9f""]",1,fixed_mapped_track_candidates,published_table_coverage_not_geographic_validation,mixed_2024_and_2026_vintages_reconcile_amendments,not_assembled,False
99458,af7cb41dc4f9ec5384f75dd43dff84578515cda9c28efdc4c3862274eced1913,"[""4590b3e4f4cd783bc5d47479825d6f3fc8ede256b255895b98d250f25e4e9bfb""]",1,fixed_mapped_track_candidates,published_table_coverage_not_geographic_validation,mixed_2024_and_2026_vintages_reconcile_amendments,not_assembled,False
99459,0fc170e71b93b36996d82eadcbafdc00dd0d3e0618189736fc63341ec112a5cf,"[""b733ffb4ea02078feb6e00eb715de266879892d18c4b6c93eb377f6aa22d8f9f""]",1,fixed_mapped_track_candidates,published_table_coverage_not_geographic_validation,mixed_2024_and_2026_vintages_reconcile_amendments,not_assembled,False
99460,af7cb41dc4f9ec5384f75dd43dff84578515cda9c28efdc4c3862274eced1913,"[""4590b3e4f4cd783bc5d47479825d6f3fc8ede256b255895b98d250f25e4e9bfb""]",1,fixed_mapped_track_candidates,published_table_coverage_not_geographic_validation,mixed_2024_and_2026_vintages_reconcile_amendments,not_assembled,False
99461,0fc170e71b93b36996d82eadcbafdc00dd0d3e0618189736fc63341ec112a5cf,"[""b733ffb4ea02078feb6e00eb715de266879892d18c4b6c93eb377f6aa22d8f9f""]",1,fixed_mapped_track_candidates,published_table_coverage_not_geographic_validation,mixed_2024_and_2026_vintages_reconcile_amendments,not_assembled,False
99462,af7cb41dc4f9ec5384f75dd43dff84578515cda9c28efdc4c3862274eced1913,"[""4590b3e4f4cd783bc5d47479825d6f3fc8ede256b255895b98d250f25e4e9bfb""]",1,fixed_mapped_track_candidates,published_table_coverage_not_geographic_validation,mixed_2024_and_2026_vintages_reconcile_amendments,not_assembled,False
99463,0fc170e71b93b36996d82eadcbafdc00dd0d3e0618189736fc63341ec112a5cf,"[""b733ffb4ea02078feb6e00eb715de266879892d18c4b6c93eb377f6aa22d8f9f""]",1,fixed_mapped_track_candidates,published_table_coverage_not_geographic_validation,mixed_2024_and_2026_vintages_reconcile_amendments,not_assembled,False
99464,af7cb41dc4f9ec5384f75dd43dff84578515cda9c28efdc4c3862274eced1913,"[""4590b3e4f4cd783bc5d47479825d6f3fc8ede256b255895b98d250f25e4e9bfb""]",1,fixed_mapped_track_candidates,published_table_coverage_not_geographic_validation,mixed_2024_and_2026_vintages_reconcile_amendments,not_assembled,False
99465,0fc170e71b93b36996d82eadcbafdc00dd0d3e0618189736fc63341ec112a5cf,"[""b733ffb4ea02078feb6e00eb715de266879892d18c4b6c93eb377f6aa22d8f9f""]",1,fixed_mapped_track_candidates,published_table_coverage_not_geographic_validation,mixed_2024_and_2026_vintages_reconcile_amendments,not_assembled,False
99466,af7cb41dc4f9ec5384f75dd43dff84578515cda9c28efdc4c3862274eced1913,"[""4590b3e4f4cd783bc5d47479825d6f3fc8ede256b255895b98d250f25e4e9bfb""]",1,fixed_mapped_track_candidates,published_table_coverage_not_geographic_validation,mixed_2024_and_2026_vintages_reconcile_amendments,not_assembled,False
99467,0fc170e71b93b36996d82eadcbafdc00dd0d3e0618189736fc63341ec112a5cf,"[""b733ffb4ea02078feb6e00eb715de266879892d18c4b6c93eb377f6aa22d8f9f""]",1,fixed_mapped_track_candidates,published_table_coverage_not_geographic_validation,mixed_2024_and_2026_vintages_reconcile_amendments,not_assembled,False
99468,af7cb41dc4f9ec5384f75dd43dff84578515cda9c28efdc4c3862274eced1913,"[""4590b3e4f4cd783bc5d47479825d6f3fc8ede256b255895b98d250f25e4e9bfb""]",1,fixed_mapped_track_candidates,published_table_coverage_not_geographic_validation,mixed_2024_and_2026_vintages_reconcile_amendments,not_assembled,False
99469,0fc170e71b93b36996d82eadcbafdc00dd0d3e0618189736fc63341ec112a5cf,"[""b733ffb4ea02078feb6e00eb715de266879892d18c4b6c93eb377f6aa22d8f9f""]",1,fixed_mapped_track_candidates,published_table_coverage_not_geographic_validation,mixed_2024_and_2026_vintages_reconcile_amendments,not_assembled,False
99470,af7cb41dc4f9ec5384f75dd43dff84578515cda9c28efdc4c3862274eced1913,"[""4590b3e4f4cd783bc5d47479825d6f3fc8ede256b255895b98d250f25e4e9bfb""]",1,fixed_mapped_track_candidates,published_table_coverage_not_geographic_validation,mixed_2024_and_2026_vintages_reconcile_amendments,not_assembled,False
99471,0fc170e71b93b36996d82eadcbafdc00dd0d3e0618189736fc63341ec112a5cf,"[""b733ffb4ea02078feb6e00eb715de266879892d18c4b6c93eb377f6aa22d8f9f""]",1,fixed_mapped_track_candidates,published_table_coverage_not_geographic_validation,mixed_2024_and_2026_vintages_reconcile_amendments,not_assembled,False
99472,af7cb41dc4f9ec5384f75dd43dff84578515cda9c28efdc4c3862274eced1913,"[""4590b3e4f4cd783bc5d47479825d6f3fc8ede256b255895b98d250f25e4e9bfb""]",1,fixed_mapped_track_candidates,published_table_coverage_not_geographic_validation,mixed_2024_and_2026_vintages_reconcile_amendments,not_assembled,False
99473,0fc170e71b93b36996d82eadcbafdc00dd0d3e0618189736fc63341ec112a5cf,"[""b733ffb4ea02078feb6e00eb715de266879892d18c4b6c93eb377f6aa22d8f9f""]",1,fixed_mapped_track_candidates,published_table_coverage_not_geographic_validation,mixed_2024_and_2026_vintages_reconcile_amendments,not_assembled,False
99474,af7cb41dc4f9ec5384f75dd43dff84578515cda9c28efdc4c3862274eced1913,"[""4590b3e4f4cd783bc5d47479825d6f3fc8ede256b255895b98d250f25e4e9bfb""]",1,fixed_mapped_track_candidates,published_table_coverage_not_geographic_validation,mixed_2024_and_2026_vintages_reconcile_amendments,not_assembled,False
99475,0fc170e71b93b36996d82eadcbafdc00dd0d3e0618189736fc63341ec112a5cf,"[""b733ffb4ea02078feb6e00eb715de266879892d18c4b6c93eb377f6aa22d8f9f""]",1,fixed_mapped_track_candidates,published_table_coverage_not_geographic_validation,mixed_2024_and_2026_vintages_reconcile_amendments,not_assembled,False
99476,af7cb41dc4f9ec5384f75dd43dff84578515cda9c28efdc4c3862274eced1913,"[""4590b3e4f4cd783bc5d47479825d6f3fc8ede256b255895b98d250f25e4e9bfb""]",1,fixed_mapped_track_candidates,published_table_coverage_not_geographic_validation,mixed_2024_and_2026_vintages_reconcile_amendments,not_assembled,False
99477,0fc170e71b93b36996d82eadcbafdc00dd0d3e0618189736fc63341ec112a5cf,"[""b733ffb4ea02078feb6e00eb715de266879892d18c4b6c93eb377f6aa22d8f9f""]",1,fixed_mapped_track_candidates,published_table_coverage_not_geographic_validation,mixed_2024_and_2026_vintages_reconcile_amendments,not_assembled,False
99478,af7cb41dc4f9ec5384f75dd43dff84578515cda9c28efdc4c3862274eced1913,"[""4590b3e4f4cd783bc5d47479825d6f3fc8ede256b255895b98d250f25e4e9bfb""]",1,fixed_mapped_track_candidates,published_table_coverage_not_geographic_validation,mixed_2024_and_2026_vintages_reconcile_amendments,not_assembled,False
99479,0fc170e71b93b36996d82eadcbafdc00dd0d3e0618189736fc63341ec112a5cf,"[""b733ffb4ea02078feb6e00eb715de266879892d18c4b6c93eb377f6aa22d8f9f""]",1,fixed_mapped_track_candidates,published_table_coverage_not_geographic_validation,mixed_2024_and_2026_vintages_reconcile_amendments,not_assembled,False
99480,af7cb41dc4f9ec5384f75dd43dff84578515cda9c28efdc4c3862274eced1913,"[""4590b3e4f4cd783bc5d47479825d6f3fc8ede256b255895b98d250f25e4e9bfb""]",1,fixed_mapped_track_candidates,published_table_coverage_not_geographic_validation,mixed_2024_and_2026_vintages_reconcile_amendments,not_assembled,False
99481,0fc170e71b93b36996d82eadcbafdc00dd0d3e0618189736fc63341ec112a5cf,"[""b733ffb4ea02078feb6e00eb715de266879892d18c4b6c93eb377f6aa22d8f9f""]",1,fixed_mapped_track_candidates,published_table_coverage_not_geographic_validation,mixed_2024_and_2026_vintages_reconcile_amendments,not_assembled,False
99482,af7cb41dc4f9ec5384f75dd43dff84578515cda9c28efdc4c3862274eced1913,"[""4590b3e4f4cd783bc5d47479825d6f3fc8ede256b255895b98d250f25e4e9bfb""]",1,fixed_mapped_track_candidates,published_table_coverage_not_geographic_validation,mixed_2024_and_2026_vintages_reconcile_amendments,not_assembled,False
99483,0fc170e71b93b36996d82eadcbafdc00dd0d3e0618189736fc63341ec112a5cf,"[""b733ffb4ea02078feb6e00eb715de266879892d18c4b6c93eb377f6aa22d8f9f""]",1,fixed_mapped_track_candidates,published_table_coverage_not_geographic_validation,mixed_2024_and_2026_vintages_reconcile_amendments,not_assembled,False
99484,af7cb41dc4f9ec5384f75dd43dff84578515cda9c28efdc4c3862274eced1913,"[""4590b3e4f4cd783bc5d47479825d6f3fc8ede256b255895b98d250f25e4e9bfb""]",1,fixed_mapped_track_candidates,published_table_coverage_not_geographic_validation,mixed_2024_and_2026_vintages_reconcile_amendments,not_assembled,False
99485,0fc170e71b93b36996d82eadcbafdc00dd0d3e0618189736fc63341ec112a5cf,"[""b733ffb4ea02078feb6e00eb715de266879892d18c4b6c93eb377f6aa22d8f9f""]",1,fixed_mapped_track_candidates,published_table_coverage_not_geographic_validation,mixed_2024_and_2026_vintages_reconcile_amendments,not_assembled,False
99486,af7cb41dc4f9ec5384f75dd43dff84578515cda9c28efdc4c3862274eced1913,"[""4590b3e4f4cd783bc5d47479825d6f3fc8ede256b255895b98d250f25e4e9bfb""]",1,fixed_mapped_track_candidates,published_table_coverage_not_geographic_validation,mixed_2024_and_2026_vintages_reconcile_amendments,not_assembled,False
99487,0fc170e71b93b36996d82eadcbafdc00dd0d3e0618189736fc63341ec112a5cf,"[""b733ffb4ea02078feb6e00eb715de266879892d18c4b6c93eb377f6aa22d8f9f""]",1,fixed_mapped_track_candidates,published_table_coverage_not_geographic_validation,mixed_2024_and_2026_vintages_reconcile_amendments,not_assembled,False
99488,af7cb41dc4f9ec5384f75dd43dff84578515cda9c28efdc4c3862274eced1913,"[""4590b3e4f4cd783bc5d47479825d6f3fc8ede256b255895b98d250f25e4e9bfb""]",1,fixed_mapped_track_candidates,published_table_coverage_not_geographic_validation,mixed_2024_and_2026_vintages_reconcile_amendments,not_assembled,False
99489,0fc170e71b93b36996d82eadcbafdc00dd0d3e0618189736fc63341ec112a5cf,"[""b733ffb4ea02078feb6e00eb715de266879892d18c4b6c93eb377f6aa22d8f9f""]",1,fixed_mapped_track_candidates,published_table_coverage_not_geographic_validation,mixed_2024_and_2026_vintages_reconcile_amendments,not_assembled,False
99490,af7cb41dc4f9ec5384f75dd43dff84578515cda9c28efdc4c3862274eced1913,"[""4590b3e4f4cd783bc5d47479825d6f3fc8ede256b255895b98d250f25e4e9bfb""]",1,fixed_mapped_track_candidates,published_table_coverage_not_geographic_validation,mixed_2024_and_2026_vintages_reconcile_amendments,not_assembled,False
99491,0fc170e71b93b36996d82eadcbafdc00dd0d3e0618189736fc63341ec112a5cf,"[""b733ffb4ea02078feb6e00eb715de266879892d18c4b6c93eb377f6aa22d8f9f""]",1,fixed_mapped_track_candidates,published_table_coverage_not_geographic_validation,mixed_2024_and_2026_vintages_reconcile_amendments,not_assembled,False
99492,af7cb41dc4f9ec5384f75dd43dff84578515cda9c28efdc4c3862274eced1913,"[""4590b3e4f4cd783bc5d47479825d6f3fc8ede256b255895b98d250f25e4e9bfb""]",1,fixed_mapped_track_candidates,published_table_coverage_not_geographic_validation,mixed_2024_and_2026_vintages_reconcile_amendments,not_assembled,False
99493,0fc170e71b93b36996d82eadcbafdc00dd0d3e0618189736fc63341ec112a5cf,"[""b733ffb4ea02078feb6e00eb715de266879892d18c4b6c93eb377f6aa22d8f9f""]",1,fixed_mapped_track_candidates,published_table_coverage_not_geographic_validation,mixed_2024_and_2026_vintages_reconcile_amendments,not_assembled,False
99494,af7cb41dc4f9ec5384f75dd43dff84578515cda9c28efdc4c3862274eced1913,"[""4590b3e4f4cd783bc5d47479825d6f3fc8ede256b255895b98d250f25e4e9bfb""]",1,fixed_mapped_track_candidates,published_table_coverage_not_geographic_validation,mixed_2024_and_2026_vintages_reconcile_amendments,not_assembled,False
99495,0fc170e71b93b36996d82eadcbafdc00dd0d3e0618189736fc63341ec112a5cf,"[""b733ffb4ea02078feb6e00eb715de266879892d18c4b6c93eb377f6aa22d8f9f""]",1,fixed_mapped_track_candidates,published_table_coverage_not_geographic_validation,mixed_2024_and_2026_vintages_reconcile_amendments,not_assembled,False
99496,af7cb41dc4f9ec5384f75dd43dff84578515cda9c28efdc4c3862274eced1913,"[""4590b3e4f4cd783bc5d47479825d6f3fc8ede256b255895b98d250f25e4e9bfb""]",1,fixed_mapped_track_candidates,published_table_coverage_not_geographic_validation,mixed_2024_and_2026_vintages_reconcile_amendments,not_assembled,False
99497,0fc170e71b93b36996d82eadcbafdc00dd0d3e0618189736fc63341ec112a5cf,"[""b733ffb4ea02078feb6e00eb715de266879892d18c4b6c93eb377f6aa22d8f9f""]",1,fixed_mapped_track_candidates,published_table_coverage_not_geographic_validation,mixed_2024_and_2026_vintages_reconcile_amendments,not_assembled,False
99498,af7cb41dc4f9ec5384f75dd43dff84578515cda9c28efdc4c3862274eced1913,"[""4590b3e4f4cd783bc5d47479825d6f3fc8ede256b255895b98d250f25e4e9bfb""]",1,fixed_mapped_track_candidates,published_table_coverage_not_geographic_validation,mixed_2024_and_2026_vintages_reconcile_amendments,not_assembled,False
99499,0fc170e71b93b36996d82eadcbafdc00dd0d3e0618189736fc63341ec112a5cf,"[""b733ffb4ea02078feb6e00eb715de266879892d18c4b6c93eb377f6aa22d8f9f""]",1,fixed_mapped_track_candidates,published_table_coverage_not_geographic_validation,mixed_2024_and_2026_vintages_reconcile_amendments,not_assembled,False
99500,af7cb41dc4f9ec5384f75dd43dff84578515cda9c28efdc4c3862274eced1913,"[""4590b3e4f4cd783bc5d47479825d6f3fc8ede256b255895b98d250f25e4e9bfb""]",1,fixed_mapped_track_candidates,published_table_coverage_not_geographic_validation,mixed_2024_and_2026_vintages_reconcile_amendments,not_assembled,False
99501,0fc170e71b93b36996d82eadcbafdc00dd0d3e0618189736fc63341ec112a5cf,"[""b733ffb4ea02078feb6e00eb715de266879892d18c4b6c93eb377f6aa22d8f9f""]",1,fixed_mapped_track_candidates,published_table_coverage_not_geographic_validation,mixed_2024_and_2026_vintages_reconcile_amendments,not_assembled,False
99502,af7cb41dc4f9ec5384f75dd43dff84578515cda9c28efdc4c3862274eced1913,"[""4590b3e4f4cd783bc5d47479825d6f3fc8ede256b255895b98d250f25e4e9bfb""]",1,fixed_mapped_track_candidates,published_table_coverage_not_geographic_validation,mixed_2024_and_2026_vintages_reconcile_amendments,not_assembled,False
99503,0fc170e71b93b36996d82eadcbafdc00dd0d3e0618189736fc63341ec112a5cf,"[""b733ffb4ea02078feb6e00eb715de266879892d18c4b6c93eb377f6aa22d8f9f""]",1,fixed_mapped_track_candidates,published_table_coverage_not_geographic_validation,mixed_2024_and_2026_vintages_reconcile_amendments,not_assembled,False
99504,af7cb41dc4f9ec5384f75dd43dff84578515cda9c28efdc4c3862274eced1913,"[""4590b3e4f4cd783bc5d47479825d6f3fc8ede256b255895b98d250f25e4e9bfb""]",1,fixed_mapped_track_candidates,published_table_coverage_not_geographic_validation,mixed_2024_and_2026_vintages_reconcile_amendments,not_assembled,False
99505,0fc170e71b93b36996d82eadcbafdc00dd0d3e0618189736fc63341ec112a5cf,"[""b733ffb4ea02078feb6e00eb715de266879892d18c4b6c93eb377f6aa22d8f9f""]",1,fixed_mapped_track_candidates,published_table_coverage_not_geographic_validation,mixed_2024_and_2026_vintages_reconcile_amendments,not_assembled,False
99506,af7cb41dc4f9ec5384f75dd43dff84578515cda9c28efdc4c3862274eced1913,"[""4590b3e4f4cd783bc5d47479825d6f3fc8ede256b255895b98d250f25e4e9bfb""]",1,fixed_mapped_track_candidates,published_table_coverage_not_geographic_validation,mixed_2024_and_2026_vintages_reconcile_amendments,not_assembled,False
99507,0fc170e71b93b36996d82eadcbafdc00dd0d3e0618189736fc63341ec112a5cf,"[""b733ffb4ea02078feb6e00eb715de266879892d18c4b6c93eb377f6aa22d8f9f""]",1,fixed_mapped_track_candidates,published_table_coverage_not_geographic_validation,mixed_2024_and_2026_vintages_reconcile_amendments,not_assembled,False
99508,af7cb41dc4f9ec5384f75dd43dff84578515cda9c28efdc4c3862274eced1913,"[""4590b3e4f4cd783bc5d47479825d6f3fc8ede256b255895b98d250f25e4e9bfb""]",1,fixed_mapped_track_candidates,published_table_coverage_not_geographic_validation,mixed_2024_and_2026_vintages_reconcile_amendments,not_assembled,False
99509,0fc170e71b93b36996d82eadcbafdc00dd0d3e0618189736fc63341ec112a5cf,"[""b733ffb4ea02078feb6e00eb715de266879892d18c4b6c93eb377f6aa22d8f9f""]",1,fixed_mapped_track_candidates,published_table_coverage_not_geographic_validation,mixed_2024_and_2026_vintages_reconcile_amendments,not_assembled,False
99510,af7cb41dc4f9ec5384f75dd43dff84578515cda9c28efdc4c3862274eced1913,"[""4590b3e4f4cd783bc5d47479825d6f3fc8ede256b255895b98d250f25e4e9bfb""]",1,fixed_mapped_track_candidates,published_table_coverage_not_geographic_validation,mixed_2024_and_2026_vintages_reconcile_amendments,not_assembled,False
99511,0fc170e71b93b36996d82eadcbafdc00dd0d3e0618189736fc63341ec112a5cf,"[""b733ffb4ea02078feb6e00eb715de266879892d18c4b6c93eb377f6aa22d8f9f""]",1,fixed_mapped_track_candidates,published_table_coverage_not_geographic_validation,mixed_2024_and_2026_vintages_reconcile_amendments,not_assembled,False
99512,af7cb41dc4f9ec5384f75dd43dff84578515cda9c28efdc4c3862274eced1913,"[""4590b3e4f4cd783bc5d47479825d6f3fc8ede256b255895b98d250f25e4e9bfb""]",1,fixed_mapped_track_candidates,published_table_coverage_not_geographic_validation,mixed_2024_and_2026_vintages_reconcile_amendments,not_assembled,False
99513,0fc170e71b93b36996d82eadcbafdc00dd0d3e0618189736fc63341ec112a5cf,"[""b733ffb4ea02078feb6e00eb715de266879892d18c4b6c93eb377f6aa22d8f9f""]",1,fixed_mapped_track_candidates,published_table_coverage_not_geographic_validation,mixed_2024_and_2026_vintages_reconcile_amendments,not_assembled,False
99514,af7cb41dc4f9ec5384f75dd43dff84578515cda9c28efdc4c3862274eced1913,"[""4590b3e4f4cd783bc5d47479825d6f3fc8ede256b255895b98d250f25e4e9bfb""]",1,fixed_mapped_track_candidates,published_table_coverage_not_geographic_validation,mixed_2024_and_2026_vintages_reconcile_amendments,not_assembled,False
99515,0fc170e71b93b36996d82eadcbafdc00dd0d3e0618189736fc63341ec112a5cf,"[""b733ffb4ea02078feb6e00eb715de266879892d18c4b6c93eb377f6aa22d8f9f""]",1,fixed_mapped_track_candidates,published_table_coverage_not_geographic_validation,mixed_2024_and_2026_vintages_reconcile_amendments,not_assembled,False
99516,af7cb41dc4f9ec5384f75dd43dff84578515cda9c28efdc4c3862274eced1913,"[""4590b3e4f4cd783bc5d47479825d6f3fc8ede256b255895b98d250f25e4e9bfb""]",1,fixed_mapped_track_candidates,published_table_coverage_not_geographic_validation,mixed_2024_and_2026_vintages_reconcile_amendments,not_assembled,False
99517,0fc170e71b93b36996d82eadcbafdc00dd0d3e0618189736fc63341ec112a5cf,"[""b733ffb4ea02078feb6e00eb715de266879892d18c4b6c93eb377f6aa22d8f9f""]",1,fixed_mapped_track_candidates,published_table_coverage_not_geographic_validation,mixed_2024_and_2026_vintages_reconcile_amendments,not_assembled,False
99518,af7cb41dc4f9ec5384f75dd43dff84578515cda9c28efdc4c3862274eced1913,"[""4590b3e4f4cd783bc5d47479825d6f3fc8ede256b255895b98d250f25e4e9bfb""]",1,fixed_mapped_track_candidates,published_table_coverage_not_geographic_validation,mixed_2024_and_2026_vintages_reconcile_amendments,not_assembled,False
99519,0fc170e71b93b36996d82eadcbafdc00dd0d3e0618189736fc63341ec112a5cf,"[""b733ffb4ea02078feb6e00eb715de266879892d18c4b6c93eb377f6aa22d8f9f""]",1,fixed_mapped_track_candidates,published_table_coverage_not_geographic_validation,mixed_2024_and_2026_vintages_reconcile_amendments,not_assembled,False
99520,af7cb41dc4f9ec5384f75dd43dff84578515cda9c28efdc4c3862274eced1913,"[""4590b3e4f4cd783bc5d47479825d6f3fc8ede256b255895b98d250f25e4e9bfb""]",1,fixed_mapped_track_candidates,published_table_coverage_not_geographic_validation,mixed_2024_and_2026_vintages_reconcile_amendments,not_assembled,False
