{
  "type": "FeatureCollection",
  "features": [
    {
      "type": "Feature",
      "id": "39479159",
      "properties": {
        "osm_way_id": 39479159,
        "selection_status": "corridor_name_candidate",
        "node_refs": [
          472814054,
          457459985
        ],
        "osm_tags": {
          "alt_name": "Bandra - Worli Sea Link",
          "alt_name:en": "Bandra - Worli Sea Link",
          "alt_name:mr": "वांद्रे - वरळी सागरी सेतू",
          "bicycle": "no",
          "highway": "motorway",
          "lit": "yes",
          "name": "Rajiv Gandhi Sea Link",
          "name:en": "Rajiv Gandhi Sea Link",
          "name:etymology:wikidata": "Q4593",
          "name:mr": "राजीव गांधी सागरी सेतू",
          "oneway": "yes"
        },
        "topology_component_min_way_id": 39479159,
        "source": "derived",
        "model_assignment_status": "unassigned_extent_and_current_rules_pending"
      },
      "geometry": {
        "type": "LineString",
        "coordinates": [
          [
            72.8275934,
            19.044595
          ],
          [
            72.8259552,
            19.0438093
          ]
        ]
      }
    },
    {
      "type": "Feature",
      "id": "46171314",
      "properties": {
        "osm_way_id": 46171314,
        "selection_status": "corridor_name_candidate",
        "node_refs": [
          706015798,
          588644618,
          4844510600
        ],
        "osm_tags": {
          "alt_name": "Bandra - Worli Sea Link",
          "alt_name:en": "Bandra - Worli Sea Link",
          "alt_name:mr": "वांद्रे - वरळी सागरी सेतू",
          "bicycle": "no",
          "highway": "motorway",
          "lanes": "8",
          "motor_vehicle": "yes",
          "motorcycle": "no",
          "name": "Rajiv Gandhi Sea Link",
          "name:en": "Rajiv Gandhi Sea Link",
          "name:etymology:wikidata": "Q4593",
          "name:mr": "राजीव गांधी सागरी सेतू",
          "oneway": "yes",
          "source": "GPS"
        },
        "topology_component_min_way_id": 39479159,
        "source": "derived",
        "model_assignment_status": "unassigned_extent_and_current_rules_pending"
      },
      "geometry": {
        "type": "LineString",
        "coordinates": [
          [
            72.8233131,
            19.0428927
          ],
          [
            72.824385,
            19.0433227
          ],
          [
            72.824588,
            19.0434198
          ]
        ]
      }
    },
    {
      "type": "Feature",
      "id": "48803903",
      "properties": {
        "osm_way_id": 48803903,
        "selection_status": "approach_name_candidate",
        "node_refs": [
          245664445,
          245664412,
          619227591,
          245664439,
          2250795685,
          619227587,
          2250795689,
          245664460,
          2250795692,
          245664487,
          2250795708,
          2250795713,
          245664532,
          2250795717,
          245664546,
          2250795718,
          245664572,
          2250795722,
          245664591,
          2250795726,
          245664590,
          2250795723,
          245664573,
          2250795720,
          245664559,
          245664537,
          2250795714,
          245664512,
          2250795706,
          9176248292,
          245664502,
          2250795700,
          245664481,
          8909137826,
          2250795701,
          245664503,
          2250795693,
          245664533,
          11954345370
        ],
        "osm_tags": {
          "bridge": "yes",
          "highway": "motorway_link",
          "layer": "1",
          "lit": "yes",
          "maxspeed": "30",
          "name": "Bandra Worli Sea Link Flyover",
          "oneway": "yes",
          "surface": "asphalt"
        },
        "topology_component_min_way_id": 48803903,
        "source": "derived",
        "model_assignment_status": "unassigned_extent_and_current_rules_pending"
      },
      "geometry": {
        "type": "LineString",
        "coordinates": [
          [
            72.8366899,
            19.0497224
          ],
          [
            72.8361156,
            19.0496564
          ],
          [
            72.835394,
            19.0497033
          ],
          [
            72.8345508,
            19.0497567
          ],
          [
            72.834407,
            19.0497767
          ],
          [
            72.8343406,
            19.049792
          ],
          [
            72.8342601,
            19.0498358
          ],
          [
            72.8341758,
            19.0499011
          ],
          [
            72.8341133,
            19.0499716
          ],
          [
            72.834061,
            19.0500621
          ],
          [
            72.8340373,
            19.0501537
          ],
          [
            72.8340227,
            19.050256
          ],
          [
            72.834036,
            19.0503471
          ],
          [
            72.8340696,
            19.0504538
          ],
          [
            72.8341114,
            19.0505196
          ],
          [
            72.8341675,
            19.0505897
          ],
          [
            72.8342424,
            19.0506614
          ],
          [
            72.8343226,
            19.0507058
          ],
          [
            72.8344144,
            19.050737
          ],
          [
            72.8345444,
            19.0507481
          ],
          [
            72.8346727,
            19.0507365
          ],
          [
            72.8347599,
            19.0507019
          ],
          [
            72.83482,
            19.05067
          ],
          [
            72.8348911,
            19.0506192
          ],
          [
            72.83498,
            19.05054
          ],
          [
            72.83514,
            19.05037
          ],
          [
            72.8352701,
            19.050258
          ],
          [
            72.83536,
            19.0502
          ],
          [
            72.835469,
            19.0501458
          ],
          [
            72.83552,
            19.0501284
          ],
          [
            72.8355677,
            19.0501121
          ],
          [
            72.8357835,
            19.0500769
          ],
          [
            72.8365736,
            19.0500282
          ],
          [
            72.8366664,
            19.0500334
          ],
          [
            72.8367521,
            19.0500607
          ],
          [
            72.8368447,
            19.0501099
          ],
          [
            72.8369669,
            19.0502074
          ],
          [
            72.8369865,
            19.050363
          ],
          [
            72.8369994,
            19.0505619
          ]
        ]
      }
    },
    {
      "type": "Feature",
      "id": "48803904",
      "properties": {
        "osm_way_id": 48803904,
        "selection_status": "approach_name_candidate",
        "node_refs": [
          619227592,
          619227597,
          10273014620,
          619227610,
          619227609,
          619227617,
          1177118668,
          619227656
        ],
        "osm_tags": {
          "alt_name": "Mahim Interchange",
          "bicycle": "yes",
          "bridge": "yes",
          "highway": "motorway",
          "layer": "1",
          "lit": "yes",
          "maxspeed": "120",
          "name": "Bandra Worli Sea Link Flyover",
          "name1": "Bandra Reclamation flyover",
          "oneway": "yes",
          "surface": "asphalt"
        },
        "topology_component_min_way_id": 48803904,
        "source": "derived",
        "model_assignment_status": "unassigned_extent_and_current_rules_pending"
      },
      "geometry": {
        "type": "LineString",
        "coordinates": [
          [
            72.8347963,
            19.0500473
          ],
          [
            72.8367154,
            19.0499298
          ],
          [
            72.8370973,
            19.0499057
          ],
          [
            72.8373037,
            19.0498994
          ],
          [
            72.8377617,
            19.0498901
          ],
          [
            72.8380732,
            19.0499404
          ],
          [
            72.8382115,
            19.049992
          ],
          [
            72.8400672,
            19.0507077
          ]
        ]
      }
    },
    {
      "type": "Feature",
      "id": "48803915",
      "properties": {
        "osm_way_id": 48803915,
        "selection_status": "approach_name_candidate",
        "node_refs": [
          619227622,
          245664463,
          619227616,
          619227608,
          619227607,
          245664445
        ],
        "osm_tags": {
          "alt_name": "Mahim Interchange",
          "bicycle": "yes",
          "bridge": "yes",
          "highway": "motorway",
          "lane_markings": "yes",
          "layer": "1",
          "lit": "yes",
          "name": "Bandra Worli Sea Link Flyover",
          "name1": "Bandra Reclamation flyover",
          "oneway": "yes",
          "surface": "asphalt"
        },
        "topology_component_min_way_id": 48803903,
        "source": "derived",
        "model_assignment_status": "unassigned_extent_and_current_rules_pending"
      },
      "geometry": {
        "type": "LineString",
        "coordinates": [
          [
            72.8400612,
            19.0504964
          ],
          [
            72.8386819,
            19.0499505
          ],
          [
            72.8380967,
            19.0497383
          ],
          [
            72.8378067,
            19.0496827
          ],
          [
            72.8372955,
            19.0496931
          ],
          [
            72.8366899,
            19.0497224
          ]
        ]
      }
    },
    {
      "type": "Feature",
      "id": "48803917",
      "properties": {
        "osm_way_id": 48803917,
        "selection_status": "approach_name_candidate",
        "node_refs": [
          619227656,
          593054810
        ],
        "osm_tags": {
          "alt_name": "Western Express Highway",
          "bicycle": "yes",
          "highway": "motorway",
          "name": "Bandra Worli Sea Link Flyover",
          "oneway": "yes",
          "surface": "asphalt"
        },
        "topology_component_min_way_id": 48803904,
        "source": "derived",
        "model_assignment_status": "unassigned_extent_and_current_rules_pending"
      },
      "geometry": {
        "type": "LineString",
        "coordinates": [
          [
            72.8400672,
            19.0507077
          ],
          [
            72.8405954,
            19.0509231
          ]
        ]
      }
    },
    {
      "type": "Feature",
      "id": "48803920",
      "properties": {
        "osm_way_id": 48803920,
        "selection_status": "approach_name_candidate",
        "node_refs": [
          245664547,
          619227639,
          2250795731,
          2250795733,
          619227640,
          2250795736,
          12361207421,
          12361207422,
          619227646
        ],
        "osm_tags": {
          "bicycle": "yes",
          "embankment": "yes",
          "highway": "motorway_link",
          "lit": "yes",
          "name": "Bandra Worli Sea Link Flyover",
          "oneway": "yes",
          "surface": "asphalt"
        },
        "topology_component_min_way_id": 48803920,
        "source": "derived",
        "model_assignment_status": "unassigned_extent_and_current_rules_pending"
      },
      "geometry": {
        "type": "LineString",
        "coordinates": [
          [
            72.837003,
            19.0506848
          ],
          [
            72.8370448,
            19.0507596
          ],
          [
            72.8370945,
            19.0508054
          ],
          [
            72.8371719,
            19.0508376
          ],
          [
            72.8372715,
            19.0508616
          ],
          [
            72.8373929,
            19.0508626
          ],
          [
            72.837561,
            19.0508639
          ],
          [
            72.8377314,
            19.050858
          ],
          [
            72.8378819,
            19.0508577
          ]
        ]
      }
    },
    {
      "type": "Feature",
      "id": "56252061",
      "properties": {
        "osm_way_id": 56252061,
        "selection_status": "corridor_name_candidate",
        "node_refs": [
          457459050,
          457459048,
          457459047,
          2930952701,
          1933247047,
          2930952703,
          2930952705,
          1933247049,
          2930952707,
          2930952709,
          1933247050,
          2930952711,
          1933247051,
          346395730,
          705948760,
          1933247053,
          705948735,
          1933247054,
          1933247058,
          1933247055,
          1933247059,
          1933247064,
          1933247062,
          457458961,
          14124425425,
          14124425426,
          14124425427
        ],
        "osm_tags": {
          "access": "no",
          "alt_name": "Bandra - Worli Sea Link",
          "alt_name:mr": "वांद्रे - वरळी सागरी सेतू",
          "bicycle": "no",
          "bridge": "yes",
          "check_date": "2026-06-11",
          "highway": "construction",
          "lanes": "2",
          "layer": "2",
          "lit": "yes",
          "maxspeed": "30",
          "motorcycle": "no",
          "name": "Rajiv Gandhi Sea Link",
          "name:etymology:wikidata": "Q4593",
          "name:mr": "राजीव गांधी सागरी सेतू",
          "oneway": "yes",
          "source": "GPS",
          "surface": "asphalt",
          "toll": "yes",
          "website": "http://www.bandraworlisealink.com/",
          "wikipedia": "en:Bandra–Worli Sea Link"
        },
        "topology_component_min_way_id": 56252061,
        "source": "derived",
        "model_assignment_status": "unassigned_extent_and_current_rules_pending"
      },
      "geometry": {
        "type": "LineString",
        "coordinates": [
          [
            72.8166194,
            19.0126242
          ],
          [
            72.8138453,
            19.0133706
          ],
          [
            72.8136896,
            19.013417
          ],
          [
            72.8135323,
            19.0134849
          ],
          [
            72.8133784,
            19.0135638
          ],
          [
            72.8132263,
            19.013637
          ],
          [
            72.8131013,
            19.0137189
          ],
          [
            72.8129602,
            19.0138259
          ],
          [
            72.8128299,
            19.0139284
          ],
          [
            72.812723,
            19.0140391
          ],
          [
            72.8126226,
            19.0141425
          ],
          [
            72.8125494,
            19.0142476
          ],
          [
            72.8124349,
            19.0144184
          ],
          [
            72.8123614,
            19.0145575
          ],
          [
            72.8122976,
            19.014684
          ],
          [
            72.8122412,
            19.0148361
          ],
          [
            72.8121991,
            19.014962
          ],
          [
            72.8121627,
            19.0151151
          ],
          [
            72.8121397,
            19.0152802
          ],
          [
            72.8121271,
            19.0153964
          ],
          [
            72.8121221,
            19.0155202
          ],
          [
            72.8121304,
            19.0157536
          ],
          [
            72.8121587,
            19.015919
          ],
          [
            72.812199,
            19.0161195
          ],
          [
            72.8122334,
            19.016289
          ],
          [
            72.8122735,
            19.0164522
          ],
          [
            72.8122793,
            19.0165388
          ]
        ]
      }
    },
    {
      "type": "Feature",
      "id": "56256372",
      "properties": {
        "osm_way_id": 56256372,
        "selection_status": "corridor_name_candidate",
        "node_refs": [
          457453783,
          457453784,
          346395737,
          583309182
        ],
        "osm_tags": {
          "alt_name": "Bandra - Worli Sea Link",
          "alt_name:en": "Bandra - Worli Sea Link",
          "alt_name:mr": "वांद्रे - वरळी सागरी सेतू",
          "bicycle": "no",
          "highway": "motorway",
          "lit": "yes",
          "name": "Rajiv Gandhi Sea Link",
          "name:en": "Rajiv Gandhi Sea Link",
          "name:etymology:wikidata": "Q4593",
          "name:mr": "राजीव गांधी सागरी सेतू",
          "oneway": "yes",
          "source": "Yahoo"
        },
        "topology_component_min_way_id": 39479159,
        "source": "derived",
        "model_assignment_status": "unassigned_extent_and_current_rules_pending"
      },
      "geometry": {
        "type": "LineString",
        "coordinates": [
          [
            72.8258694,
            19.044002
          ],
          [
            72.8265422,
            19.0443201
          ],
          [
            72.8277054,
            19.0449423
          ],
          [
            72.8280562,
            19.0451509
          ]
        ]
      }
    },
    {
      "type": "Feature",
      "id": "56683663",
      "properties": {
        "osm_way_id": 56683663,
        "selection_status": "corridor_name_candidate",
        "node_refs": [
          457458992,
          457458994,
          457458996,
          457458998,
          457459000,
          457459002,
          457459004,
          457459006,
          457459007,
          457459010,
          457459012,
          457459014,
          457459016,
          457459018,
          457459020,
          457459022,
          12364883655,
          12364883659,
          457459033
        ],
        "osm_tags": {
          "alt_name": "Bandra - Worli Sea Link",
          "alt_name:mr": "वांद्रे - वरळी सागरी सेतू",
          "bicycle": "no",
          "bridge": "yes",
          "highway": "motorway",
          "lanes": "4",
          "layer": "1",
          "lit": "yes",
          "maxspeed": "80",
          "motor_vehicle": "yes",
          "motorcycle": "no",
          "name": "Rajiv Gandhi Sea Link",
          "name:etymology:wikidata": "Q4593",
          "name:mr": "राजीव गांधी सागरी सेतू",
          "name:zh": "班德拉－沃利跨海大桥",
          "oneway": "yes",
          "source": "GPS",
          "surface": "asphalt",
          "toll": "yes",
          "wikipedia": "en:Bandra–Worli Sea Link"
        },
        "topology_component_min_way_id": 39479159,
        "source": "derived",
        "model_assignment_status": "unassigned_extent_and_current_rules_pending"
      },
      "geometry": {
        "type": "LineString",
        "coordinates": [
          [
            72.8233789,
            19.042679
          ],
          [
            72.821145,
            19.0417259
          ],
          [
            72.8207746,
            19.0415422
          ],
          [
            72.8204113,
            19.0413635
          ],
          [
            72.8200931,
            19.0411917
          ],
          [
            72.8198199,
            19.0410153
          ],
          [
            72.81945,
            19.040726
          ],
          [
            72.8191865,
            19.0404663
          ],
          [
            72.8189674,
            19.0402338
          ],
          [
            72.8187236,
            19.0399465
          ],
          [
            72.8185263,
            19.0396962
          ],
          [
            72.8183317,
            19.0394008
          ],
          [
            72.8181537,
            19.0390183
          ],
          [
            72.8179812,
            19.0386693
          ],
          [
            72.8178423,
            19.0382693
          ],
          [
            72.8177452,
            19.037901
          ],
          [
            72.8159506,
            19.031153
          ],
          [
            72.8142368,
            19.0245983
          ],
          [
            72.8125753,
            19.0180655
          ]
        ]
      }
    },
    {
      "type": "Feature",
      "id": "56683664",
      "properties": {
        "osm_way_id": 56683664,
        "selection_status": "corridor_name_candidate",
        "node_refs": [
          4844562022,
          457459986,
          13993415292,
          457458992
        ],
        "osm_tags": {
          "alt_name": "Bandra - Worli Sea Link",
          "alt_name:en": "Bandra - Worli Sea Link",
          "alt_name:mr": "वांद्रे - वरळी सागरी सेतू",
          "bicycle": "no",
          "highway": "motorway",
          "lanes": "8",
          "motor_vehicle": "yes",
          "motorcycle": "no",
          "name": "Rajiv Gandhi Sea Link",
          "name:en": "Rajiv Gandhi Sea Link",
          "name:etymology:wikidata": "Q4593",
          "name:mr": "राजीव गांधी सागरी सेतू",
          "oneway": "yes",
          "source": "GPS"
        },
        "topology_component_min_way_id": 39479159,
        "source": "derived",
        "model_assignment_status": "unassigned_extent_and_current_rules_pending"
      },
      "geometry": {
        "type": "LineString",
        "coordinates": [
          [
            72.8246952,
            19.0432285
          ],
          [
            72.8244914,
            19.0431329
          ],
          [
            72.8243204,
            19.0430631
          ],
          [
            72.8233789,
            19.042679
          ]
        ]
      }
    },
    {
      "type": "Feature",
      "id": "102529793",
      "properties": {
        "osm_way_id": 102529793,
        "selection_status": "search_only_name_match",
        "node_refs": [
          1184124314,
          4367691879,
          2228291269,
          2228291272,
          13379229167,
          2228291275,
          4367392923,
          13974728694,
          1184124302
        ],
        "osm_tags": {
          "highway": "residential",
          "lane_markings": "no",
          "name": "Chatrapati Sambhaji Road",
          "name:etymology:wikidata": "Q2737041",
          "surface": "asphalt"
        },
        "topology_component_min_way_id": 102529793,
        "source": "derived",
        "model_assignment_status": "unassigned_extent_and_current_rules_pending"
      },
      "geometry": {
        "type": "LineString",
        "coordinates": [
          [
            72.9714382,
            19.18973
          ],
          [
            72.9708277,
            19.1897921
          ],
          [
            72.9704297,
            19.1898326
          ],
          [
            72.9698624,
            19.1899084
          ],
          [
            72.9693227,
            19.1899441
          ],
          [
            72.9692205,
            19.1899508
          ],
          [
            72.9689824,
            19.1899715
          ],
          [
            72.9689318,
            19.1899749
          ],
          [
            72.9677958,
            19.1900515
          ]
        ]
      }
    },
    {
      "type": "Feature",
      "id": "152203340",
      "properties": {
        "osm_way_id": 152203340,
        "selection_status": "corridor_name_candidate",
        "node_refs": [
          2299255950,
          13118698143,
          1650382573,
          457459050
        ],
        "osm_tags": {
          "access": "no",
          "bicycle": "no",
          "highway": "motorway",
          "lanes": "2",
          "name": "Rajiv Gandhi Sea Link",
          "name:etymology:wikidata": "Q4593",
          "old_name": "Bandra-Worli Sea Link",
          "oneway": "yes",
          "source": "GPS"
        },
        "topology_component_min_way_id": 56252061,
        "source": "derived",
        "model_assignment_status": "unassigned_extent_and_current_rules_pending"
      },
      "geometry": {
        "type": "LineString",
        "coordinates": [
          [
            72.8167041,
            19.012553
          ],
          [
            72.8166682,
            19.0125979
          ],
          [
            72.8166529,
            19.0126104
          ],
          [
            72.8166194,
            19.0126242
          ]
        ]
      }
    },
    {
      "type": "Feature",
      "id": "152203341",
      "properties": {
        "osm_way_id": 152203341,
        "selection_status": "corridor_name_candidate",
        "node_refs": [
          1650382575,
          1650382574,
          1650382576,
          1650382577
        ],
        "osm_tags": {
          "bicycle": "no",
          "highway": "motorway",
          "lanes": "2",
          "maxspeed:type": "IN:motorway",
          "name": "Rajiv Gandhi Sea Link",
          "name:etymology:wikidata": "Q4593",
          "old_name": "Bandra-Worli Sea Link",
          "oneway": "yes",
          "source": "GPS"
        },
        "topology_component_min_way_id": 39479159,
        "source": "derived",
        "model_assignment_status": "unassigned_extent_and_current_rules_pending"
      },
      "geometry": {
        "type": "LineString",
        "coordinates": [
          [
            72.8166412,
            19.0126931
          ],
          [
            72.8166709,
            19.0126956
          ],
          [
            72.8166892,
            19.0127076
          ],
          [
            72.8167237,
            19.0127373
          ]
        ]
      }
    },
    {
      "type": "Feature",
      "id": "213092250",
      "properties": {
        "osm_way_id": 213092250,
        "selection_status": "search_only_name_match",
        "node_refs": [
          2228429168,
          2228429158,
          2228429154,
          2228429147,
          13301331435,
          2228429142,
          2228429143,
          11038544941,
          2228429155,
          2228429163,
          2228429167,
          2228429165,
          2228429161,
          2228429160,
          2228429157,
          2228429156,
          2228429144,
          2228429140,
          13974576299,
          13974576300,
          2228429139,
          2228429137,
          13974576298,
          13974576297,
          2228429134,
          2228429128
        ],
        "osm_tags": {
          "highway": "residential",
          "name": "Sambhaji Nagar Road"
        },
        "topology_component_min_way_id": 213092250,
        "source": "derived",
        "model_assignment_status": "unassigned_extent_and_current_rules_pending"
      },
      "geometry": {
        "type": "LineString",
        "coordinates": [
          [
            72.9603742,
            19.20216
          ],
          [
            72.9606354,
            19.2020419
          ],
          [
            72.9608305,
            19.2019689
          ],
          [
            72.9610236,
            19.201906
          ],
          [
            72.9611085,
            19.2018953
          ],
          [
            72.9613874,
            19.2018543
          ],
          [
            72.96157,
            19.2018612
          ],
          [
            72.9616482,
            19.201889
          ],
          [
            72.9619122,
            19.2019828
          ],
          [
            72.9622764,
            19.2021149
          ],
          [
            72.9623942,
            19.2021288
          ],
          [
            72.9625671,
            19.2021183
          ],
          [
            72.9627703,
            19.2020686
          ],
          [
            72.9627989,
            19.2020697
          ],
          [
            72.9632,
            19.2020349
          ],
          [
            72.9634244,
            19.2019863
          ],
          [
            72.9639432,
            19.2018647
          ],
          [
            72.9641106,
            19.2018132
          ],
          [
            72.9641416,
            19.2017767
          ],
          [
            72.9641512,
            19.2017319
          ],
          [
            72.9641435,
            19.2016918
          ],
          [
            72.9638826,
            19.2014007
          ],
          [
            72.9638805,
            19.2013764
          ],
          [
            72.9638886,
            19.2013562
          ],
          [
            72.9640137,
            19.2012373
          ],
          [
            72.9643879,
            19.2007812
          ]
        ]
      }
    },
    {
      "type": "Feature",
      "id": "213314312",
      "properties": {
        "osm_way_id": 213314312,
        "selection_status": "search_only_name_match",
        "node_refs": [
          2230389740,
          2230389737,
          2230389736,
          2230389738,
          2230389742,
          2230389748,
          2230389756,
          2230389765,
          2230389769,
          2230389772,
          2230389774,
          2230389783,
          2230389785,
          2230389815,
          2230389817,
          2230389820,
          2230389823,
          2230389829,
          2230389832
        ],
        "osm_tags": {
          "highway": "living_street",
          "name": "Sambhaji St"
        },
        "topology_component_min_way_id": 213314312,
        "source": "derived",
        "model_assignment_status": "unassigned_extent_and_current_rules_pending"
      },
      "geometry": {
        "type": "LineString",
        "coordinates": [
          [
            72.9496783,
            19.2034907
          ],
          [
            72.9498211,
            19.2034574
          ],
          [
            72.9499242,
            19.2034392
          ],
          [
            72.9500288,
            19.2034493
          ],
          [
            72.9501012,
            19.2034848
          ],
          [
            72.9501495,
            19.2035531
          ],
          [
            72.9501656,
            19.2037963
          ],
          [
            72.9501817,
            19.2039154
          ],
          [
            72.9502246,
            19.2039888
          ],
          [
            72.9503104,
            19.2040496
          ],
          [
            72.9503855,
            19.2041509
          ],
          [
            72.9504499,
            19.20427
          ],
          [
            72.9504713,
            19.2044017
          ],
          [
            72.9504821,
            19.2044929
          ],
          [
            72.9505035,
            19.2045689
          ],
          [
            72.9505545,
            19.2046347
          ],
          [
            72.9506122,
            19.2046676
          ],
          [
            72.950706,
            19.204679
          ],
          [
            72.9507878,
            19.2046816
          ]
        ]
      }
    },
    {
      "type": "Feature",
      "id": "214718361",
      "properties": {
        "osm_way_id": 214718361,
        "selection_status": "search_only_name_match",
        "node_refs": [
          2241978193,
          10941890355,
          2241978265,
          4140318630,
          2241978332
        ],
        "osm_tags": {
          "highway": "residential",
          "name": "Sambhaji Nagar Road"
        },
        "topology_component_min_way_id": 214718361,
        "source": "derived",
        "model_assignment_status": "unassigned_extent_and_current_rules_pending"
      },
      "geometry": {
        "type": "LineString",
        "coordinates": [
          [
            73.0070197,
            19.1415879
          ],
          [
            73.0075001,
            19.1418576
          ],
          [
            73.008324,
            19.1423201
          ],
          [
            73.0089772,
            19.1426976
          ],
          [
            73.0098458,
            19.1431995
          ]
        ]
      }
    },
    {
      "type": "Feature",
      "id": "215241785",
      "properties": {
        "osm_way_id": 215241785,
        "selection_status": "search_only_name_match",
        "node_refs": [
          11647432810,
          7325203276,
          7325203232,
          7325203277,
          7325203231,
          7325203278,
          7325203230,
          7325203228,
          7325203227,
          7325203296,
          11647432809,
          11647432808,
          7325203194,
          7330525591,
          7325203195,
          7325203197,
          7325203198,
          7325199873,
          7325203200,
          7325203199,
          2246465031,
          7325203201,
          2246465033,
          2246465035,
          2246309098,
          2246309115,
          2246309106,
          2246309111,
          4235475683,
          2246309140,
          7325203204,
          2246309170,
          9417033814,
          7325203226,
          2246309204,
          7325203225,
          2246309227,
          2246309244,
          7330527858,
          2246309250,
          9417033813,
          2246309243,
          4137840907,
          7330527859,
          2246309174,
          2246309152,
          9417033812,
          2246309138,
          2246309073,
          4235475682,
          7325203203,
          2246309054,
          2246309061,
          2246309034,
          2246309005,
          2246308951,
          2246308930,
          2246308919,
          2246308906,
          2246308882,
          2246308878,
          2246308865,
          2246308863,
          2246308869,
          2246308871,
          2246308880,
          2246308876,
          2246308890,
          2246308900
        ],
        "osm_tags": {
          "highway": "proposed",
          "name": "Navi Mumbai Coastal Road",
          "proposed": "road",
          "source": "digitalglobe"
        },
        "topology_component_min_way_id": 215241785,
        "source": "derived",
        "model_assignment_status": "unassigned_extent_and_current_rules_pending"
      },
      "geometry": {
        "type": "LineString",
        "coordinates": [
          [
            73.0725986,
            19.0272732
          ],
          [
            73.0724563,
            19.0271935
          ],
          [
            73.0723342,
            19.0270893
          ],
          [
            73.0722672,
            19.0269766
          ],
          [
            73.0722134,
            19.0269194
          ],
          [
            73.0720496,
            19.0268352
          ],
          [
            73.0719371,
            19.0267596
          ],
          [
            73.0716272,
            19.0264109
          ],
          [
            73.0713458,
            19.0262258
          ],
          [
            73.0713725,
            19.0259978
          ],
          [
            73.0713132,
            19.0259484
          ],
          [
            73.0712766,
            19.0259179
          ],
          [
            73.0710297,
            19.0257121
          ],
          [
            73.0708414,
            19.0255052
          ],
          [
            73.0703419,
            19.025018
          ],
          [
            73.070113,
            19.024825
          ],
          [
            73.0695722,
            19.0246476
          ],
          [
            73.0694021,
            19.0246116
          ],
          [
            73.0690283,
            19.0245873
          ],
          [
            73.0688822,
            19.0245414
          ],
          [
            73.0687027,
            19.0244923
          ],
          [
            73.0683105,
            19.0245048
          ],
          [
            73.068199,
            19.0246106
          ],
          [
            73.0681144,
            19.0246395
          ],
          [
            73.0678444,
            19.0247122
          ],
          [
            73.0674247,
            19.0247452
          ],
          [
            73.0670858,
            19.0248559
          ],
          [
            73.0669115,
            19.0248941
          ],
          [
            73.0665712,
            19.0249292
          ],
          [
            73.0662309,
            19.024969
          ],
          [
            73.0661342,
            19.0249845
          ],
          [
            73.0658067,
            19.0249798
          ],
          [
            73.0654858,
            19.0250438
          ],
          [
            73.0651634,
            19.0250736
          ],
          [
            73.0648313,
            19.025155
          ],
          [
            73.0645396,
            19.0252376
          ],
          [
            73.0642839,
            19.0252601
          ],
          [
            73.0639066,
            19.0253053
          ],
          [
            73.0634152,
            19.0253633
          ],
          [
            73.0633075,
            19.0253682
          ],
          [
            73.063155,
            19.0253455
          ],
          [
            73.0630052,
            19.0253055
          ],
          [
            73.0628506,
            19.0252443
          ],
          [
            73.062648,
            19.0251301
          ],
          [
            73.0625434,
            19.0250309
          ],
          [
            73.062354,
            19.0249504
          ],
          [
            73.0621719,
            19.0248638
          ],
          [
            73.0619842,
            19.0247346
          ],
          [
            73.0612973,
            19.0245131
          ],
          [
            73.060945,
            19.0243567
          ],
          [
            73.0607926,
            19.0242866
          ],
          [
            73.0606527,
            19.0242875
          ],
          [
            73.0604956,
            19.0242539
          ],
          [
            73.0603266,
            19.0240206
          ],
          [
            73.0602246,
            19.0236834
          ],
          [
            73.0600986,
            19.0233994
          ],
          [
            73.0600074,
            19.0230698
          ],
          [
            73.0599189,
            19.0229049
          ],
          [
            73.0598491,
            19.0227071
          ],
          [
            73.0598277,
            19.022522
          ],
          [
            73.0598226,
            19.0224181
          ],
          [
            73.0597909,
            19.0223659
          ],
          [
            73.0597457,
            19.022353
          ],
          [
            73.0595033,
            19.0223986
          ],
          [
            73.059358,
            19.0224208
          ],
          [
            73.0592096,
            19.0224698
          ],
          [
            73.0591099,
            19.0224839
          ],
          [
            73.058843,
            19.0225398
          ],
          [
            73.058781,
            19.0225443
          ]
        ]
      }
    },
    {
      "type": "Feature",
      "id": "221190780",
      "properties": {
        "osm_way_id": 221190780,
        "selection_status": "search_only_name_match",
        "node_refs": [
          2302458700,
          2302458690,
          11533444330,
          2302458687,
          11533330049,
          2302458677,
          2302458671,
          2302458669,
          10581144004,
          10581144008,
          2302458665,
          11533330047,
          2302458663,
          10020791741,
          9164005086,
          2302458660,
          2302458658,
          11533330048,
          11533330050,
          2302458659,
          11533330051,
          11237689352,
          2302458656
        ],
        "osm_tags": {
          "highway": "residential",
          "name": "sambhajinagar road",
          "surface": "asphalt"
        },
        "topology_component_min_way_id": 221190780,
        "source": "derived",
        "model_assignment_status": "unassigned_extent_and_current_rules_pending"
      },
      "geometry": {
        "type": "LineString",
        "coordinates": [
          [
            73.6829266,
            18.7199291
          ],
          [
            73.6830782,
            18.7197969
          ],
          [
            73.6831427,
            18.7197694
          ],
          [
            73.6832668,
            18.7196858
          ],
          [
            73.6833693,
            18.7196167
          ],
          [
            73.6836214,
            18.7194469
          ],
          [
            73.6842739,
            18.7192838
          ],
          [
            73.6844487,
            18.7192117
          ],
          [
            73.6845647,
            18.7191638
          ],
          [
            73.6847344,
            18.719038
          ],
          [
            73.6848171,
            18.7189947
          ],
          [
            73.6848611,
            18.7189779
          ],
          [
            73.6853365,
            18.7187958
          ],
          [
            73.6854368,
            18.7187766
          ],
          [
            73.6855602,
            18.7187529
          ],
          [
            73.6858966,
            18.7186884
          ],
          [
            73.686619,
            18.7186499
          ],
          [
            73.6868325,
            18.7186565
          ],
          [
            73.6869648,
            18.7186606
          ],
          [
            73.6870054,
            18.7186619
          ],
          [
            73.6871908,
            18.7186409
          ],
          [
            73.6873143,
            18.7186269
          ],
          [
            73.6875023,
            18.718591
          ]
        ]
      }
    },
    {
      "type": "Feature",
      "id": "236559542",
      "properties": {
        "osm_way_id": 236559542,
        "selection_status": "search_only_name_match",
        "node_refs": [
          2445818359,
          2445818361,
          2445818328,
          2445818325,
          4461997493
        ],
        "osm_tags": {
          "highway": "secondary",
          "lanes": "2",
          "name": "Chhatrapati Sambhaji Path",
          "name:etymology:wikidata": "Q2737041",
          "name:mr": "छत्रपती संभाजी पथ",
          "oneway": "yes"
        },
        "topology_component_min_way_id": 236559542,
        "source": "derived",
        "model_assignment_status": "unassigned_extent_and_current_rules_pending"
      },
      "geometry": {
        "type": "LineString",
        "coordinates": [
          [
            73.770724,
            18.6491682
          ],
          [
            73.7708063,
            18.6491589
          ],
          [
            73.772963,
            18.6489878
          ],
          [
            73.7736014,
            18.6489265
          ],
          [
            73.7740547,
            18.64889
          ]
        ]
      }
    },
    {
      "type": "Feature",
      "id": "289540742",
      "properties": {
        "osm_way_id": 289540742,
        "selection_status": "corridor_name_candidate",
        "node_refs": [
          1650382591,
          346395731,
          346395733,
          346395734,
          457453779,
          346395732,
          346395735,
          2930952714,
          347183370,
          2930952715,
          2930952716,
          346395736,
          2930952717,
          2930952718,
          457453780,
          457453781,
          706015798
        ],
        "osm_tags": {
          "alt_name": "Bandra - Worli Sea Link",
          "alt_name:mr": "वांद्रे - वरळी सागरी सेतू",
          "bicycle": "no",
          "bridge": "yes",
          "highway": "motorway",
          "lanes": "4",
          "layer": "1",
          "lit": "yes",
          "maxspeed": "80",
          "motor_vehicle": "yes",
          "motorcycle": "no",
          "name": "Rajiv Gandhi Sea Link",
          "name:etymology:wikidata": "Q4593",
          "name:mr": "राजीव गांधी सागरी सेतू",
          "name:zh": "班德拉－沃利跨海大桥",
          "oneway": "yes",
          "source": "GPS",
          "surface": "asphalt",
          "toll": "yes",
          "wikipedia": "en:Bandra–Worli Sea Link"
        },
        "topology_component_min_way_id": 39479159,
        "source": "derived",
        "model_assignment_status": "unassigned_extent_and_current_rules_pending"
      },
      "geometry": {
        "type": "LineString",
        "coordinates": [
          [
            72.8117812,
            19.0159763
          ],
          [
            72.8175155,
            19.0379673
          ],
          [
            72.8176184,
            19.0383241
          ],
          [
            72.8177751,
            19.0387538
          ],
          [
            72.8179429,
            19.0391273
          ],
          [
            72.818127,
            19.0394605
          ],
          [
            72.8183394,
            19.0398026
          ],
          [
            72.8185598,
            19.040106
          ],
          [
            72.8188362,
            19.040443
          ],
          [
            72.8190978,
            19.0406993
          ],
          [
            72.8194034,
            19.0409645
          ],
          [
            72.8196969,
            19.0411776
          ],
          [
            72.8200059,
            19.04138
          ],
          [
            72.8203173,
            19.0415636
          ],
          [
            72.8207178,
            19.0417667
          ],
          [
            72.8210983,
            19.0419329
          ],
          [
            72.8233131,
            19.0428927
          ]
        ]
      }
    },
    {
      "type": "Feature",
      "id": "289540743",
      "properties": {
        "osm_way_id": 289540743,
        "selection_status": "corridor_name_candidate",
        "node_refs": [
          457459035,
          12364883664,
          457459037,
          1933208856,
          12364883666,
          457459036,
          457459039,
          1933208852,
          1933208849,
          457459040,
          457459041,
          457459031,
          457459030,
          457459042,
          457459028,
          457459043,
          457459027,
          457459024,
          457459044,
          2930952710,
          2930952708,
          457459045,
          2930952706,
          2930952704,
          457459046,
          2930952702,
          1650382582,
          1650382581,
          1650382575
        ],
        "osm_tags": {
          "alt_name": "Bandra - Worli Sea Link",
          "alt_name:mr": "वांद्रे - वरळी सागरी सेतू",
          "bicycle": "no",
          "bridge": "yes",
          "highway": "motorway",
          "lanes": "2",
          "layer": "1",
          "lit": "yes",
          "maxspeed": "40",
          "motorcycle": "no",
          "name": "Rajiv Gandhi Sea Link",
          "name:etymology:wikidata": "Q4593",
          "name:hi": "राजीव गांधी सागरी सेतू",
          "name:mr": "राजीव गांधी सागरी सेतू",
          "oneway": "yes",
          "source": "GPS",
          "surface": "asphalt",
          "toll": "yes",
          "wikipedia": "en:Bandra–Worli Sea Link"
        },
        "topology_component_min_way_id": 39479159,
        "source": "derived",
        "model_assignment_status": "unassigned_extent_and_current_rules_pending"
      },
      "geometry": {
        "type": "LineString",
        "coordinates": [
          [
            72.8123322,
            19.0171197
          ],
          [
            72.8123292,
            19.0167893
          ],
          [
            72.8123356,
            19.0165979
          ],
          [
            72.8123253,
            19.0164106
          ],
          [
            72.8123119,
            19.0162711
          ],
          [
            72.8122666,
            19.0160877
          ],
          [
            72.8122262,
            19.0159137
          ],
          [
            72.8122115,
            19.0157722
          ],
          [
            72.8121975,
            19.0155943
          ],
          [
            72.8121963,
            19.0154413
          ],
          [
            72.8122043,
            19.0152965
          ],
          [
            72.8122343,
            19.015136
          ],
          [
            72.8122805,
            19.0149617
          ],
          [
            72.8123152,
            19.0148418
          ],
          [
            72.8123579,
            19.0147426
          ],
          [
            72.8124183,
            19.0146051
          ],
          [
            72.8124983,
            19.0144685
          ],
          [
            72.8125715,
            19.014362
          ],
          [
            72.8126468,
            19.0142568
          ],
          [
            72.8127786,
            19.0140978
          ],
          [
            72.8128719,
            19.0139998
          ],
          [
            72.8129888,
            19.013894
          ],
          [
            72.8131108,
            19.0138018
          ],
          [
            72.8132312,
            19.0137229
          ],
          [
            72.8133625,
            19.013653
          ],
          [
            72.8135334,
            19.0135671
          ],
          [
            72.8136853,
            19.0135017
          ],
          [
            72.8138637,
            19.0134559
          ],
          [
            72.8166412,
            19.0126931
          ]
        ]
      }
    },
    {
      "type": "Feature",
      "id": "289540744",
      "properties": {
        "osm_way_id": 289540744,
        "selection_status": "corridor_name_candidate",
        "node_refs": [
          457459033,
          457459035
        ],
        "osm_tags": {
          "alt_name": "Bandra - Worli Sea Link",
          "alt_name:mr": "वांद्रे - वरळी सागरी सेतू",
          "bicycle": "no",
          "bridge": "yes",
          "highway": "motorway",
          "layer": "1",
          "lit": "yes",
          "motorcycle": "no",
          "name": "Rajiv Gandhi Sea Link",
          "name:etymology:wikidata": "Q4593",
          "name:mr": "राजीव गांधी सागरी सेतू",
          "oneway": "yes",
          "source": "GPS",
          "surface": "asphalt",
          "toll": "yes",
          "wikipedia": "en:Bandra–Worli Sea Link"
        },
        "topology_component_min_way_id": 39479159,
        "source": "derived",
        "model_assignment_status": "unassigned_extent_and_current_rules_pending"
      },
      "geometry": {
        "type": "LineString",
        "coordinates": [
          [
            72.8125753,
            19.0180655
          ],
          [
            72.8123322,
            19.0171197
          ]
        ]
      }
    },
    {
      "type": "Feature",
      "id": "289540746",
      "properties": {
        "osm_way_id": 289540746,
        "selection_status": "corridor_name_candidate",
        "node_refs": [
          457459035,
          14124425430,
          5729995101
        ],
        "osm_tags": {
          "bridge": "yes",
          "highway": "motorway",
          "layer": "1",
          "motorcycle": "no",
          "name": "Mumbai Coastal Road - Phase I",
          "oneway": "yes",
          "surface": "asphalt"
        },
        "topology_component_min_way_id": 39479159,
        "source": "derived",
        "model_assignment_status": "unassigned_extent_and_current_rules_pending"
      },
      "geometry": {
        "type": "LineString",
        "coordinates": [
          [
            72.8123322,
            19.0171197
          ],
          [
            72.8122811,
            19.0169438
          ],
          [
            72.8120163,
            19.0159024
          ]
        ]
      }
    },
    {
      "type": "Feature",
      "id": "318496405",
      "properties": {
        "osm_way_id": 318496405,
        "selection_status": "search_only_name_match",
        "node_refs": [
          2241978332,
          2241978369,
          13823793283
        ],
        "osm_tags": {
          "highway": "residential",
          "name": "Sambhaji Nagar Road"
        },
        "topology_component_min_way_id": 214718361,
        "source": "derived",
        "model_assignment_status": "unassigned_extent_and_current_rules_pending"
      },
      "geometry": {
        "type": "LineString",
        "coordinates": [
          [
            73.0098458,
            19.1431995
          ],
          [
            73.010923,
            19.1438227
          ],
          [
            73.0109829,
            19.1438557
          ]
        ]
      }
    },
    {
      "type": "Feature",
      "id": "342875886",
      "properties": {
        "osm_way_id": 342875886,
        "selection_status": "search_only_name_match",
        "node_refs": [
          4461969732,
          679682322,
          2445818320,
          2445818331,
          2445818344
        ],
        "osm_tags": {
          "highway": "secondary",
          "lanes": "2",
          "name": "Chhatrapati Sambhaji Path",
          "name:etymology:wikidata": "Q2737041",
          "name:mr": "छत्रपती संभाजी पथ",
          "oneway": "yes"
        },
        "topology_component_min_way_id": 342875886,
        "source": "derived",
        "model_assignment_status": "unassigned_extent_and_current_rules_pending"
      },
      "geometry": {
        "type": "LineString",
        "coordinates": [
          [
            73.7740646,
            18.6487977
          ],
          [
            73.77384,
            18.6488056
          ],
          [
            73.772953,
            18.6488874
          ],
          [
            73.7708014,
            18.6490802
          ],
          [
            73.7707175,
            18.6490879
          ]
        ]
      }
    },
    {
      "type": "Feature",
      "id": "492430206",
      "properties": {
        "osm_way_id": 492430206,
        "selection_status": "corridor_name_candidate",
        "node_refs": [
          4844510600,
          4844510599
        ],
        "osm_tags": {
          "alt_name": "Bandra - Worli Sea Link",
          "alt_name:en": "Bandra - Worli Sea Link",
          "alt_name:mr": "वांद्रे - वरळी सागरी सेतू",
          "bicycle": "no",
          "covered": "yes",
          "highway": "motorway",
          "lanes": "8",
          "motor_vehicle": "yes",
          "motorcycle": "no",
          "name": "Rajiv Gandhi Sea Link",
          "name:en": "Rajiv Gandhi Sea Link",
          "name:etymology:wikidata": "Q4593",
          "name:mr": "राजीव गांधी सागरी सेतू",
          "oneway": "yes",
          "source": "GPS"
        },
        "topology_component_min_way_id": 39479159,
        "source": "derived",
        "model_assignment_status": "unassigned_extent_and_current_rules_pending"
      },
      "geometry": {
        "type": "LineString",
        "coordinates": [
          [
            72.824588,
            19.0434198
          ],
          [
            72.8247602,
            19.043502
          ]
        ]
      }
    },
    {
      "type": "Feature",
      "id": "492430208",
      "properties": {
        "osm_way_id": 492430208,
        "selection_status": "corridor_name_candidate",
        "node_refs": [
          4844510599,
          457453783
        ],
        "osm_tags": {
          "alt_name": "Bandra - Worli Sea Link",
          "alt_name:en": "Bandra - Worli Sea Link",
          "alt_name:mr": "वांद्रे - वरळी सागरी सेतू",
          "bicycle": "no",
          "highway": "motorway",
          "lanes": "8",
          "motor_vehicle": "yes",
          "name": "Rajiv Gandhi Sea Link",
          "name:en": "Rajiv Gandhi Sea Link",
          "name:etymology:wikidata": "Q4593",
          "name:mr": "राजीव गांधी सागरी सेतू",
          "oneway": "yes",
          "source": "GPS"
        },
        "topology_component_min_way_id": 39479159,
        "source": "derived",
        "model_assignment_status": "unassigned_extent_and_current_rules_pending"
      },
      "geometry": {
        "type": "LineString",
        "coordinates": [
          [
            72.8247602,
            19.043502
          ],
          [
            72.8258694,
            19.044002
          ]
        ]
      }
    },
    {
      "type": "Feature",
      "id": "492435240",
      "properties": {
        "osm_way_id": 492435240,
        "selection_status": "corridor_name_candidate",
        "node_refs": [
          457459985,
          588644617
        ],
        "osm_tags": {
          "alt_name": "Bandra - Worli Sea Link",
          "alt_name:en": "Bandra - Worli Sea Link",
          "alt_name:mr": "वांद्रे - वरळी सागरी सेतू",
          "bicycle": "no",
          "highway": "motorway",
          "lanes": "8",
          "motor_vehicle": "yes",
          "name": "Rajiv Gandhi Sea Link",
          "name:en": "Rajiv Gandhi Sea Link",
          "name:etymology:wikidata": "Q4593",
          "name:mr": "राजीव गांधी सागरी सेतू",
          "oneway": "yes",
          "source": "GPS"
        },
        "topology_component_min_way_id": 39479159,
        "source": "derived",
        "model_assignment_status": "unassigned_extent_and_current_rules_pending"
      },
      "geometry": {
        "type": "LineString",
        "coordinates": [
          [
            72.8259552,
            19.0438093
          ],
          [
            72.8248679,
            19.0433096
          ]
        ]
      }
    },
    {
      "type": "Feature",
      "id": "492435241",
      "properties": {
        "osm_way_id": 492435241,
        "selection_status": "corridor_name_candidate",
        "node_refs": [
          588644617,
          4844562022
        ],
        "osm_tags": {
          "alt_name": "Bandra - Worli Sea Link",
          "alt_name:en": "Bandra - Worli Sea Link",
          "alt_name:mr": "वांद्रे - वरळी सागरी सेतू",
          "bicycle": "no",
          "covered": "yes",
          "highway": "motorway",
          "lanes": "8",
          "motor_vehicle": "yes",
          "motorcycle": "no",
          "name": "Rajiv Gandhi Sea Link",
          "name:en": "Rajiv Gandhi Sea Link",
          "name:etymology:wikidata": "Q4593",
          "name:mr": "राजीव गांधी सागरी सेतू",
          "oneway": "yes",
          "source": "GPS"
        },
        "topology_component_min_way_id": 39479159,
        "source": "derived",
        "model_assignment_status": "unassigned_extent_and_current_rules_pending"
      },
      "geometry": {
        "type": "LineString",
        "coordinates": [
          [
            72.8248679,
            19.0433096
          ],
          [
            72.8246952,
            19.0432285
          ]
        ]
      }
    },
    {
      "type": "Feature",
      "id": "571283263",
      "properties": {
        "osm_way_id": 571283263,
        "selection_status": "search_only_name_match",
        "node_refs": [
          5490831665,
          5490831666,
          5490831667,
          5490831668,
          344890606,
          5490831653,
          5490831654,
          5490831655,
          5490831639,
          5490831656,
          5490831645,
          5490831657,
          5490831658,
          5490831659,
          5490831660,
          5490831644,
          5490831661,
          5490831640,
          5490831662,
          5490831663,
          5490831664,
          5490831643,
          5490831665
        ],
        "osm_tags": {
          "highway": "tertiary",
          "name": "Chhatrapati Sambhaji Chowk",
          "name:etymology:wikidata": "Q2737041",
          "oneway": "yes"
        },
        "topology_component_min_way_id": 571283263,
        "source": "derived",
        "model_assignment_status": "unassigned_extent_and_current_rules_pending"
      },
      "geometry": {
        "type": "LineString",
        "coordinates": [
          [
            73.0210316,
            19.0337185
          ],
          [
            73.021012,
            19.0337229
          ],
          [
            73.0209947,
            19.0337325
          ],
          [
            73.0209812,
            19.0337466
          ],
          [
            73.0209728,
            19.0337638
          ],
          [
            73.0209701,
            19.0337814
          ],
          [
            73.0209728,
            19.033799
          ],
          [
            73.0209805,
            19.0338152
          ],
          [
            73.0209927,
            19.0338287
          ],
          [
            73.0210071,
            19.0338378
          ],
          [
            73.0210235,
            19.0338432
          ],
          [
            73.0210446,
            19.033844
          ],
          [
            73.0210649,
            19.0338386
          ],
          [
            73.0210824,
            19.0338275
          ],
          [
            73.0210953,
            19.0338118
          ],
          [
            73.0211024,
            19.033793
          ],
          [
            73.0211035,
            19.0337785
          ],
          [
            73.021101,
            19.0337642
          ],
          [
            73.0210939,
            19.0337487
          ],
          [
            73.0210827,
            19.0337356
          ],
          [
            73.0210683,
            19.0337258
          ],
          [
            73.0210516,
            19.0337199
          ],
          [
            73.0210316,
            19.0337185
          ]
        ]
      }
    },
    {
      "type": "Feature",
      "id": "620239964",
      "properties": {
        "osm_way_id": 620239964,
        "selection_status": "search_only_name_match",
        "node_refs": [
          2566436175,
          2566436177,
          2566436178,
          2566436180
        ],
        "osm_tags": {
          "highway": "primary",
          "name": "coastal highway",
          "oneway": "no"
        },
        "topology_component_min_way_id": 620239964,
        "source": "derived",
        "model_assignment_status": "unassigned_extent_and_current_rules_pending"
      },
      "geometry": {
        "type": "LineString",
        "coordinates": [
          [
            72.7542449,
            20.1859212
          ],
          [
            72.7598695,
            20.1990661
          ],
          [
            72.7596763,
            20.2000024
          ],
          [
            72.7595851,
            20.2013315
          ]
        ]
      }
    },
    {
      "type": "Feature",
      "id": "625655130",
      "properties": {
        "osm_way_id": 625655130,
        "selection_status": "corridor_name_candidate",
        "node_refs": [
          12070990469,
          12070974760,
          12070974759,
          12070974758,
          9888691764,
          9888691765,
          11762288190,
          9888691766,
          11762288191,
          11762288193,
          9888691769,
          11762288194,
          9888691773,
          11762288186,
          11762288184,
          11762288182,
          9888691771,
          5907165999,
          7004539313,
          5907165301,
          5907166001,
          11762288180,
          5907166002,
          5907166003,
          5907166004
        ],
        "osm_tags": {
          "bus:lanes": "designated|yes|yes",
          "foot": "no",
          "hgv": "no",
          "highway": "motorway",
          "lanes": "3",
          "lanes:bus": "1",
          "layer": "-1",
          "lit": "yes",
          "maxheight": "5",
          "maxspeed": "60",
          "maxspeed:type": "sign",
          "motorcycle": "no",
          "name": "Mumbai Coastal Road",
          "name:en": "Mumbai Coastal Road",
          "official_name": "Dharamveer Swarajya Rakshak Chhatrapati Sambhaji Maharaj Mumbai Coastal Road",
          "official_name:en": "Dharamveer Swarajya Rakshak Chhatrapati Sambhaji Maharaj Mumbai Coastal Road",
          "oneway": "yes",
          "surface": "asphalt",
          "tunnel": "yes"
        },
        "topology_component_min_way_id": 39479159,
        "source": "derived",
        "model_assignment_status": "unassigned_extent_and_current_rules_pending"
      },
      "geometry": {
        "type": "LineString",
        "coordinates": [
          [
            72.8209953,
            18.9468531
          ],
          [
            72.8206073,
            18.9474236
          ],
          [
            72.8195594,
            18.948742
          ],
          [
            72.8186923,
            18.9497075
          ],
          [
            72.8183763,
            18.9500725
          ],
          [
            72.8177476,
            18.950692
          ],
          [
            72.8168282,
            18.9514249
          ],
          [
            72.8163897,
            18.9517454
          ],
          [
            72.8160155,
            18.9519558
          ],
          [
            72.8146809,
            18.9527223
          ],
          [
            72.8138087,
            18.9531734
          ],
          [
            72.8132752,
            18.9534117
          ],
          [
            72.8097405,
            18.9548207
          ],
          [
            72.8016444,
            18.9576009
          ],
          [
            72.8011695,
            18.9578287
          ],
          [
            72.8006923,
            18.9581103
          ],
          [
            72.800103,
            18.9585443
          ],
          [
            72.7997096,
            18.9589834
          ],
          [
            72.7993906,
            18.9595605
          ],
          [
            72.7992211,
            18.9599657
          ],
          [
            72.7991028,
            18.9605802
          ],
          [
            72.7990713,
            18.9610745
          ],
          [
            72.7990897,
            18.9613825
          ],
          [
            72.7992058,
            18.9618418
          ],
          [
            72.7994335,
            18.9627863
          ]
        ]
      }
    },
    {
      "type": "Feature",
      "id": "625655176",
      "properties": {
        "osm_way_id": 625655176,
        "selection_status": "corridor_name_candidate",
        "node_refs": [
          5907165815,
          11762252855,
          5907165816,
          5907165817
        ],
        "osm_tags": {
          "bridge": "yes",
          "bus:lanes": "designated|yes|yes|yes",
          "highway": "motorway",
          "lanes": "4",
          "lanes:bus": "1",
          "layer": "1",
          "lit": "yes",
          "maxspeed": "80",
          "maxspeed:type": "sign",
          "motorcycle": "no",
          "name": "Mumbai Coastal Road",
          "name:en": "Mumbai Coastal Road",
          "official_name": "Dharamveer Swarajya Rakshak Chhatrapati Sambhaji Maharaj Mumbai Coastal Road",
          "official_name:en": "Dharamveer Swarajya Rakshak Chhatrapati Sambhaji Maharaj Mumbai Coastal Road",
          "oneway": "yes",
          "surface": "asphalt"
        },
        "topology_component_min_way_id": 39479159,
        "source": "derived",
        "model_assignment_status": "unassigned_extent_and_current_rules_pending"
      },
      "geometry": {
        "type": "LineString",
        "coordinates": [
          [
            72.8117348,
            18.9936787
          ],
          [
            72.811718,
            18.9931984
          ],
          [
            72.8116591,
            18.9926447
          ],
          [
            72.811596,
            18.9922979
          ]
        ]
      }
    },
    {
      "type": "Feature",
      "id": "625655177",
      "properties": {
        "osm_way_id": 625655177,
        "selection_status": "corridor_name_candidate",
        "node_refs": [
          5907165467,
          5842287216,
          11762252854,
          5907166042
        ],
        "osm_tags": {
          "bridge": "yes",
          "bus:lanes": "designated|yes|yes|yes",
          "highway": "motorway",
          "lanes": "4",
          "lanes:bus": "1",
          "layer": "1",
          "lit": "yes",
          "maxspeed": "80",
          "maxspeed:type": "sign",
          "motorcycle": "no",
          "name": "Mumbai Coastal Road",
          "name:en": "Mumbai Coastal Road",
          "official_name": "Dharamveer Swarajya Rakshak Chhatrapati Sambhaji Maharaj Mumbai Coastal Road",
          "official_name:en": "Dharamveer Swarajya Rakshak Chhatrapati Sambhaji Maharaj Mumbai Coastal Road",
          "oneway": "yes",
          "surface": "asphalt"
        },
        "topology_component_min_way_id": 39479159,
        "source": "derived",
        "model_assignment_status": "unassigned_extent_and_current_rules_pending"
      },
      "geometry": {
        "type": "LineString",
        "coordinates": [
          [
            72.8113376,
            18.9923406
          ],
          [
            72.8114046,
            18.992747
          ],
          [
            72.8114414,
            18.9931547
          ],
          [
            72.8114733,
            18.9936791
          ]
        ]
      }
    },
    {
      "type": "Feature",
      "id": "625655178",
      "properties": {
        "osm_way_id": 625655178,
        "selection_status": "corridor_name_candidate",
        "node_refs": [
          5907166042,
          5907166043,
          5842287217,
          5907166044,
          5907166045,
          14138079820,
          5907166046,
          5907166047,
          14137163268,
          5842287218,
          14137163267,
          5907166048,
          14137163266,
          5907166049,
          5907165646,
          5907166050,
          13257230541
        ],
        "osm_tags": {
          "bus:lanes": "designated|yes|yes|yes",
          "highway": "motorway",
          "lanes": "4",
          "lanes:bus": "1",
          "lit": "yes",
          "maxspeed": "80",
          "maxspeed:type": "sign",
          "motorcycle": "no",
          "name": "Mumbai Coastal Road",
          "name:en": "Mumbai Coastal Road",
          "official_name": "Dharamveer Swarajya Rakshak Chhatrapati Sambhaji Maharaj Mumbai Coastal Road",
          "official_name:en": "Dharamveer Swarajya Rakshak Chhatrapati Sambhaji Maharaj Mumbai Coastal Road",
          "oneway": "yes",
          "surface": "asphalt"
        },
        "topology_component_min_way_id": 39479159,
        "source": "derived",
        "model_assignment_status": "unassigned_extent_and_current_rules_pending"
      },
      "geometry": {
        "type": "LineString",
        "coordinates": [
          [
            72.8114733,
            18.9936791
          ],
          [
            72.8114927,
            18.9945784
          ],
          [
            72.8113826,
            18.9954236
          ],
          [
            72.8110957,
            18.9965465
          ],
          [
            72.8109016,
            18.9972655
          ],
          [
            72.8107692,
            18.9978023
          ],
          [
            72.8106581,
            18.9984085
          ],
          [
            72.8105753,
            18.9992335
          ],
          [
            72.8105745,
            18.9996059
          ],
          [
            72.8105826,
            19.0001148
          ],
          [
            72.810638,
            19.0007018
          ],
          [
            72.8107144,
            19.0012148
          ],
          [
            72.8107875,
            19.001558
          ],
          [
            72.8109685,
            19.0022752
          ],
          [
            72.8111367,
            19.0027637
          ],
          [
            72.8112693,
            19.003119
          ],
          [
            72.8115208,
            19.0036886
          ]
        ]
      }
    },
    {
      "type": "Feature",
      "id": "625655179",
      "properties": {
        "osm_way_id": 625655179,
        "selection_status": "corridor_name_candidate",
        "node_refs": [
          5907165800,
          14137163258,
          12558408947,
          12558408948,
          12558408949,
          5907165802,
          14137163259,
          5907165803,
          14137163263,
          5907165804,
          12558408931,
          5907165805,
          5907165806,
          5907165807,
          5907165808,
          5907165809,
          5907165810,
          5907165811,
          5907165812,
          5907165813,
          5907165814,
          5907165815
        ],
        "osm_tags": {
          "bus:lanes": "designated|yes|yes|yes",
          "highway": "motorway",
          "lanes": "4",
          "lanes:bus": "1",
          "lit": "yes",
          "maxspeed": "80",
          "maxspeed:type": "sign",
          "motorcycle": "no",
          "name": "Mumbai Coastal Road",
          "name:en": "Mumbai Coastal Road",
          "official_name": "Dharamveer Swarajya Rakshak Chhatrapati Sambhaji Maharaj Mumbai Coastal Road",
          "official_name:en": "Dharamveer Swarajya Rakshak Chhatrapati Sambhaji Maharaj Mumbai Coastal Road",
          "oneway": "yes",
          "surface": "asphalt"
        },
        "topology_component_min_way_id": 39479159,
        "source": "derived",
        "model_assignment_status": "unassigned_extent_and_current_rules_pending"
      },
      "geometry": {
        "type": "LineString",
        "coordinates": [
          [
            72.8127845,
            19.0096321
          ],
          [
            72.8128996,
            19.0093599
          ],
          [
            72.812995,
            19.009095
          ],
          [
            72.8130884,
            19.0087419
          ],
          [
            72.813154,
            19.0084232
          ],
          [
            72.8131986,
            19.0081014
          ],
          [
            72.8132048,
            19.0075744
          ],
          [
            72.8131572,
            19.0070482
          ],
          [
            72.8130817,
            19.0067025
          ],
          [
            72.8130118,
            19.0064472
          ],
          [
            72.8126874,
            19.0056069
          ],
          [
            72.8115034,
            19.0031048
          ],
          [
            72.8112084,
            19.0022425
          ],
          [
            72.8109348,
            19.001218
          ],
          [
            72.8107953,
            19.0001427
          ],
          [
            72.8108168,
            18.9992601
          ],
          [
            72.8108919,
            18.9984536
          ],
          [
            72.8111386,
            18.9973022
          ],
          [
            72.8113478,
            18.9966175
          ],
          [
            72.8116375,
            18.9954509
          ],
          [
            72.8117502,
            18.9945886
          ],
          [
            72.8117348,
            18.9936787
          ]
        ]
      }
    },
    {
      "type": "Feature",
      "id": "625655183",
      "properties": {
        "osm_way_id": 625655183,
        "selection_status": "corridor_name_candidate",
        "node_refs": [
          5907165640,
          12558408953,
          5907165641,
          5907165642,
          5907165643,
          5907165644,
          5907165645,
          12558408937,
          12558408936
        ],
        "osm_tags": {
          "highway": "motorway_link",
          "lit": "yes",
          "motorcycle": "no",
          "name": "Mumbai Coastal Road - Phase I",
          "oneway": "yes",
          "surface": "asphalt"
        },
        "topology_component_min_way_id": 39479159,
        "source": "derived",
        "model_assignment_status": "unassigned_extent_and_current_rules_pending"
      },
      "geometry": {
        "type": "LineString",
        "coordinates": [
          [
            72.8123876,
            19.0068109
          ],
          [
            72.8124205,
            19.006833
          ],
          [
            72.8125685,
            19.0069408
          ],
          [
            72.8127021,
            19.0071595
          ],
          [
            72.8127478,
            19.0073976
          ],
          [
            72.8127814,
            19.0077524
          ],
          [
            72.8127701,
            19.0083238
          ],
          [
            72.8127142,
            19.0087556
          ],
          [
            72.8126911,
            19.0092294
          ]
        ]
      }
    },
    {
      "type": "Feature",
      "id": "625655187",
      "properties": {
        "osm_way_id": 625655187,
        "selection_status": "corridor_name_candidate",
        "node_refs": [
          5907165622,
          12558408934,
          5907165623,
          5907165624,
          5907165625,
          5907165626,
          5907165627,
          5907165628,
          5907165629,
          5907165630,
          5907165631,
          5907165632,
          5907165633,
          5907165634,
          12558408933,
          12558408932,
          5907165635,
          5907165636,
          14137163264,
          5907165637,
          5907165638,
          14137163265,
          5907165639,
          5907165640
        ],
        "osm_tags": {
          "bridge": "yes",
          "highway": "motorway_link",
          "lanes": "2",
          "layer": "1",
          "lit": "yes",
          "maxspeed": "40",
          "motorcycle": "no",
          "name": "Mumbai Coastal Road - Phase I",
          "oneway": "yes",
          "surface": "asphalt"
        },
        "topology_component_min_way_id": 39479159,
        "source": "derived",
        "model_assignment_status": "unassigned_extent_and_current_rules_pending"
      },
      "geometry": {
        "type": "LineString",
        "coordinates": [
          [
            72.8134044,
            19.0052745
          ],
          [
            72.8139124,
            19.0070087
          ],
          [
            72.8139439,
            19.0071716
          ],
          [
            72.8139291,
            19.0073946
          ],
          [
            72.8138511,
            19.0076025
          ],
          [
            72.8137355,
            19.0077235
          ],
          [
            72.8136159,
            19.0078182
          ],
          [
            72.813394,
            19.0079094
          ],
          [
            72.8130349,
            19.0079714
          ],
          [
            72.8125333,
            19.0080344
          ],
          [
            72.8121141,
            19.0080798
          ],
          [
            72.8118875,
            19.0080807
          ],
          [
            72.8116603,
            19.0079911
          ],
          [
            72.8114747,
            19.0078312
          ],
          [
            72.8113606,
            19.0076478
          ],
          [
            72.8113066,
            19.0074281
          ],
          [
            72.8113287,
            19.0072179
          ],
          [
            72.8114039,
            19.0070524
          ],
          [
            72.8115274,
            19.006912
          ],
          [
            72.8116728,
            19.0068045
          ],
          [
            72.8118598,
            19.0067378
          ],
          [
            72.8119915,
            19.0067196
          ],
          [
            72.8121701,
            19.0067356
          ],
          [
            72.8123876,
            19.0068109
          ]
        ]
      }
    },
    {
      "type": "Feature",
      "id": "625655188",
      "properties": {
        "osm_way_id": 625655188,
        "selection_status": "corridor_name_candidate",
        "node_refs": [
          12558408942,
          13118754357,
          5907165655,
          5907165664,
          14137163262,
          5907165656,
          14137163261,
          14137163260,
          5907165657,
          5907165658,
          12558408943,
          12558408944,
          12558408945
        ],
        "osm_tags": {
          "bridge": "yes",
          "destination": "Dadar",
          "highway": "motorway_link",
          "lanes": "2",
          "layer": "1",
          "lit": "yes",
          "maxspeed": "40",
          "motorcycle": "no",
          "name": "Mumbai Coastal Road - Phase I",
          "oneway": "yes",
          "surface": "asphalt"
        },
        "topology_component_min_way_id": 39479159,
        "source": "derived",
        "model_assignment_status": "unassigned_extent_and_current_rules_pending"
      },
      "geometry": {
        "type": "LineString",
        "coordinates": [
          [
            72.811672,
            19.0082367
          ],
          [
            72.8119007,
            19.0083378
          ],
          [
            72.8121382,
            19.0083758
          ],
          [
            72.8125375,
            19.0083926
          ],
          [
            72.8128479,
            19.0084315
          ],
          [
            72.8130798,
            19.0084885
          ],
          [
            72.8132544,
            19.0085391
          ],
          [
            72.8134811,
            19.0086272
          ],
          [
            72.8136956,
            19.0087089
          ],
          [
            72.8139687,
            19.0088357
          ],
          [
            72.8143294,
            19.0090426
          ],
          [
            72.8146385,
            19.009259
          ],
          [
            72.8150241,
            19.0095853
          ]
        ]
      }
    },
    {
      "type": "Feature",
      "id": "625655189",
      "properties": {
        "osm_way_id": 625655189,
        "selection_status": "corridor_name_candidate",
        "node_refs": [
          5729995101,
          5907165794,
          14124425431,
          13509919171,
          5907165795,
          14124425428,
          14124425429,
          5907165796,
          14137163254,
          14137163257,
          5907165797,
          5907165798,
          5907165799,
          5907165800
        ],
        "osm_tags": {
          "bridge": "yes",
          "highway": "motorway",
          "layer": "1",
          "maxspeed": "80",
          "maxspeed:type": "sign",
          "motorcycle": "no",
          "name": "Mumbai Coastal Road",
          "name:en": "Mumbai Coastal Road",
          "official_name": "Dharamveer Swarajya Rakshak Chhatrapati Sambhaji Maharaj Mumbai Coastal Road",
          "official_name:en": "Dharamveer Swarajya Rakshak Chhatrapati Sambhaji Maharaj Mumbai Coastal Road",
          "oneway": "yes",
          "surface": "asphalt"
        },
        "topology_component_min_way_id": 39479159,
        "source": "derived",
        "model_assignment_status": "unassigned_extent_and_current_rules_pending"
      },
      "geometry": {
        "type": "LineString",
        "coordinates": [
          [
            72.8120163,
            19.0159024
          ],
          [
            72.8116799,
            19.0145782
          ],
          [
            72.8115363,
            19.0139371
          ],
          [
            72.8114605,
            19.013383
          ],
          [
            72.8114472,
            19.0129995
          ],
          [
            72.8114575,
            19.0127001
          ],
          [
            72.8115476,
            19.0122602
          ],
          [
            72.8116063,
            19.0120481
          ],
          [
            72.8116815,
            19.011789
          ],
          [
            72.8117636,
            19.0115443
          ],
          [
            72.8118757,
            19.0112997
          ],
          [
            72.8122102,
            19.0106647
          ],
          [
            72.8125162,
            19.0101469
          ],
          [
            72.8127845,
            19.0096321
          ]
        ]
      }
    },
    {
      "type": "Feature",
      "id": "625655190",
      "properties": {
        "osm_way_id": 625655190,
        "selection_status": "corridor_name_candidate",
        "node_refs": [
          5907166056,
          14137163256,
          14137163255,
          5907166059,
          14137163242,
          5907166060,
          14137163243,
          13118754350,
          14137163244,
          13509919169,
          5907166061,
          14124425432,
          5842287220,
          1650382591
        ],
        "osm_tags": {
          "bridge": "yes",
          "highway": "motorway",
          "layer": "1",
          "maxspeed": "80",
          "maxspeed:type": "sign",
          "motorcycle": "no",
          "name": "Mumbai Coastal Road",
          "name:en": "Mumbai Coastal Road",
          "official_name": "Dharamveer Swarajya Rakshak Chhatrapati Sambhaji Maharaj Mumbai Coastal Road",
          "official_name:en": "Dharamveer Swarajya Rakshak Chhatrapati Sambhaji Maharaj Mumbai Coastal Road",
          "oneway": "yes",
          "surface": "asphalt"
        },
        "topology_component_min_way_id": 39479159,
        "source": "derived",
        "model_assignment_status": "unassigned_extent_and_current_rules_pending"
      },
      "geometry": {
        "type": "LineString",
        "coordinates": [
          [
            72.8126486,
            19.0093371
          ],
          [
            72.8124157,
            19.0098214
          ],
          [
            72.8118591,
            19.0108354
          ],
          [
            72.8115519,
            19.0114223
          ],
          [
            72.81143,
            19.0117145
          ],
          [
            72.8113217,
            19.0121185
          ],
          [
            72.8112516,
            19.0124656
          ],
          [
            72.8112146,
            19.0128161
          ],
          [
            72.8112016,
            19.0131451
          ],
          [
            72.8112071,
            19.0133931
          ],
          [
            72.8112728,
            19.0141398
          ],
          [
            72.811316,
            19.0143211
          ],
          [
            72.8114184,
            19.0146384
          ],
          [
            72.8117812,
            19.0159763
          ]
        ]
      }
    },
    {
      "type": "Feature",
      "id": "625655193",
      "properties": {
        "osm_way_id": 625655193,
        "selection_status": "corridor_name_candidate",
        "node_refs": [
          5907165669,
          13118698149,
          12968716934,
          5907165678,
          5907165677,
          13118698147,
          5907165676,
          5907165675,
          5907165674,
          5907165673,
          5907165672,
          5907165671,
          13257230542
        ],
        "osm_tags": {
          "destination": "Nariman Point",
          "highway": "motorway_link",
          "lanes": "2",
          "lit": "yes",
          "maxspeed": "40",
          "motorcycle": "no",
          "name": "Mumbai Coastal Road - Phase I",
          "oneway": "yes",
          "surface": "asphalt"
        },
        "topology_component_min_way_id": 39479159,
        "source": "derived",
        "model_assignment_status": "unassigned_extent_and_current_rules_pending"
      },
      "geometry": {
        "type": "LineString",
        "coordinates": [
          [
            72.8150994,
            19.0101822
          ],
          [
            72.8148829,
            19.0099389
          ],
          [
            72.8146138,
            19.0096538
          ],
          [
            72.8143272,
            19.0094076
          ],
          [
            72.8140678,
            19.0092443
          ],
          [
            72.8137227,
            19.0090599
          ],
          [
            72.8135832,
            19.008964
          ],
          [
            72.8134744,
            19.0088415
          ],
          [
            72.8133951,
            19.0086985
          ],
          [
            72.8133329,
            19.0085515
          ],
          [
            72.8133012,
            19.0084004
          ],
          [
            72.8132997,
            19.0081381
          ],
          [
            72.8133105,
            19.0077886
          ]
        ]
      }
    },
    {
      "type": "Feature",
      "id": "625655195",
      "properties": {
        "osm_way_id": 625655195,
        "selection_status": "corridor_name_candidate",
        "node_refs": [
          5907165669,
          14137163250,
          5907165684,
          5907165785,
          5907165786,
          14137163249,
          14137163248,
          14137163252,
          14137163251,
          5907165787,
          14137163253,
          5907165788,
          14137163247,
          5907165791,
          14137163246,
          12968716939,
          14137163245,
          12968716937,
          12968716938,
          5907165792,
          5907165793,
          14124425433,
          14124425434,
          13509919170,
          14124425435,
          5907166061
        ],
        "osm_tags": {
          "bridge": "yes",
          "destination": "Sea Link",
          "highway": "motorway_link",
          "lanes": "2",
          "layer": "2",
          "motorcycle": "no",
          "name": "Mumbai Coastal Road - Phase I",
          "oneway": "yes",
          "surface": "asphalt"
        },
        "topology_component_min_way_id": 39479159,
        "source": "derived",
        "model_assignment_status": "unassigned_extent_and_current_rules_pending"
      },
      "geometry": {
        "type": "LineString",
        "coordinates": [
          [
            72.8150994,
            19.0101822
          ],
          [
            72.8148736,
            19.0100487
          ],
          [
            72.8146991,
            19.0099533
          ],
          [
            72.8144494,
            19.0098582
          ],
          [
            72.8142276,
            19.0098204
          ],
          [
            72.8140494,
            19.0098112
          ],
          [
            72.8138789,
            19.0098205
          ],
          [
            72.8138034,
            19.0098264
          ],
          [
            72.813728,
            19.0098396
          ],
          [
            72.8136049,
            19.0098748
          ],
          [
            72.8134712,
            19.0099213
          ],
          [
            72.8133427,
            19.0099715
          ],
          [
            72.811773,
            19.0105832
          ],
          [
            72.811428,
            19.01077
          ],
          [
            72.8112765,
            19.0109067
          ],
          [
            72.8111057,
            19.0110974
          ],
          [
            72.8109833,
            19.011316
          ],
          [
            72.810922,
            19.0115029
          ],
          [
            72.8108715,
            19.0117274
          ],
          [
            72.8108711,
            19.0120104
          ],
          [
            72.8109223,
            19.0123606
          ],
          [
            72.8110029,
            19.0128835
          ],
          [
            72.8110741,
            19.0132891
          ],
          [
            72.8110916,
            19.0134047
          ],
          [
            72.811143,
            19.0136598
          ],
          [
            72.8112728,
            19.0141398
          ]
        ]
      }
    },
    {
      "type": "Feature",
      "id": "625656744",
      "properties": {
        "osm_way_id": 625656744,
        "selection_status": "search_only_name_match",
        "node_refs": [
          5907181825,
          5907181582,
          5907181581,
          5907181580,
          5907181579,
          5907181578,
          5907181577
        ],
        "osm_tags": {
          "bridge": "yes",
          "highway": "proposed",
          "layer": "1",
          "name": "Mumbai Coastal Road - Phase II",
          "proposed": "motorway_link"
        },
        "topology_component_min_way_id": 625656744,
        "source": "derived",
        "model_assignment_status": "unassigned_extent_and_current_rules_pending"
      },
      "geometry": {
        "type": "LineString",
        "coordinates": [
          [
            72.8318024,
            19.1983301
          ],
          [
            72.8322369,
            19.1984872
          ],
          [
            72.83324,
            19.1986189
          ],
          [
            72.8334492,
            19.1986797
          ],
          [
            72.8336102,
            19.1988063
          ],
          [
            72.8337175,
            19.1989988
          ],
          [
            72.833755,
            19.1997993
          ]
        ]
      }
    },
    {
      "type": "Feature",
      "id": "625656745",
      "properties": {
        "osm_way_id": 625656745,
        "selection_status": "search_only_name_match",
        "node_refs": [
          5907181811,
          5907181810,
          5907181809,
          5907181808,
          5907181807,
          5907181806,
          5907181805,
          5907181804
        ],
        "osm_tags": {
          "bridge": "yes",
          "construction": "primary",
          "highway": "construction",
          "layer": "1",
          "name": "Mumbai Coastal Road - Phase II"
        },
        "topology_component_min_way_id": 625656744,
        "source": "derived",
        "model_assignment_status": "unassigned_extent_and_current_rules_pending"
      },
      "geometry": {
        "type": "LineString",
        "coordinates": [
          [
            72.8272533,
            19.1775173
          ],
          [
            72.8278434,
            19.1750245
          ],
          [
            72.8282618,
            19.173474
          ],
          [
            72.8285301,
            19.1721972
          ],
          [
            72.8287876,
            19.1697853
          ],
          [
            72.8288305,
            19.1680828
          ],
          [
            72.8288948,
            19.1667553
          ],
          [
            72.8290987,
            19.1622354
          ]
        ]
      }
    },
    {
      "type": "Feature",
      "id": "625656746",
      "properties": {
        "osm_way_id": 625656746,
        "selection_status": "search_only_name_match",
        "node_refs": [
          5907181827,
          5907181826,
          5907181825,
          5907181824,
          5907181823,
          5907181822,
          5907181821,
          5907181820,
          8909115069,
          5907181819,
          5907181818,
          5907181583
        ],
        "osm_tags": {
          "bridge": "yes",
          "construction": "primary",
          "highway": "construction",
          "layer": "1",
          "name": "Mumbai Coastal Road - Phase II"
        },
        "topology_component_min_way_id": 625656744,
        "source": "derived",
        "model_assignment_status": "unassigned_extent_and_current_rules_pending"
      },
      "geometry": {
        "type": "LineString",
        "coordinates": [
          [
            72.8346616,
            19.198705
          ],
          [
            72.8322208,
            19.1984314
          ],
          [
            72.8318024,
            19.1983301
          ],
          [
            72.831502,
            19.1982186
          ],
          [
            72.8311694,
            19.1980261
          ],
          [
            72.8310138,
            19.1978691
          ],
          [
            72.8307027,
            19.1974942
          ],
          [
            72.8304398,
            19.1970585
          ],
          [
            72.8296003,
            19.1951739
          ],
          [
            72.8287607,
            19.1932893
          ],
          [
            72.8283316,
            19.1920683
          ],
          [
            72.8281117,
            19.1913894
          ]
        ]
      }
    },
    {
      "type": "Feature",
      "id": "625656747",
      "properties": {
        "osm_way_id": 625656747,
        "selection_status": "search_only_name_match",
        "node_refs": [
          5907181804,
          5907181803,
          5907181802,
          5907181801,
          5907181800,
          5907181799,
          5907181798,
          5907181797,
          5907181697,
          5907181796,
          5907181795,
          8562960440
        ],
        "osm_tags": {
          "check_date": "2024-09-25",
          "construction": "primary",
          "highway": "construction",
          "name": "Mumbai Coastal Road - Phase II"
        },
        "topology_component_min_way_id": 625656744,
        "source": "derived",
        "model_assignment_status": "unassigned_extent_and_current_rules_pending"
      },
      "geometry": {
        "type": "LineString",
        "coordinates": [
          [
            72.8290987,
            19.1622354
          ],
          [
            72.8291845,
            19.1602288
          ],
          [
            72.8291523,
            19.1594788
          ],
          [
            72.8290558,
            19.1584856
          ],
          [
            72.8288519,
            19.1575026
          ],
          [
            72.8284335,
            19.156256
          ],
          [
            72.8280473,
            19.1553439
          ],
          [
            72.8275645,
            19.1545736
          ],
          [
            72.827356,
            19.1542559
          ],
          [
            72.8270924,
            19.153854
          ],
          [
            72.8264916,
            19.1531041
          ],
          [
            72.8247493,
            19.1506664
          ]
        ]
      }
    },
    {
      "type": "Feature",
      "id": "625656748",
      "properties": {
        "osm_way_id": 625656748,
        "selection_status": "search_only_name_match",
        "node_refs": [
          5907181697,
          5907181696,
          5907181695,
          5907181694,
          5907181693,
          5907181692
        ],
        "osm_tags": {
          "check_date": "2024-09-25",
          "construction": "primary",
          "highway": "construction",
          "name": "Mumbai Coastal Road - Phase II"
        },
        "topology_component_min_way_id": 625656744,
        "source": "derived",
        "model_assignment_status": "unassigned_extent_and_current_rules_pending"
      },
      "geometry": {
        "type": "LineString",
        "coordinates": [
          [
            72.827356,
            19.1542559
          ],
          [
            72.8277951,
            19.1551969
          ],
          [
            72.8278005,
            19.1554655
          ],
          [
            72.8277361,
            19.1556428
          ],
          [
            72.8275859,
            19.1558101
          ],
          [
            72.8274143,
            19.1558911
          ]
        ]
      }
    },
    {
      "type": "Feature",
      "id": "625656749",
      "properties": {
        "osm_way_id": 625656749,
        "selection_status": "search_only_name_match",
        "node_refs": [
          8562960440,
          5907181793,
          5907181792,
          5907181791,
          5907181790,
          5907181789,
          5907181788,
          5907181787,
          5907181786,
          5907181785,
          5907181784,
          5907181783,
          5907181782,
          9299968498,
          5907181781,
          5907181780,
          5907181779,
          5907181778,
          5907181777,
          5907181776,
          5907181775,
          5907181774,
          5907181773,
          13993429575,
          5907181719
        ],
        "osm_tags": {
          "bridge": "yes",
          "check_date": "2024-09-25",
          "construction": "primary",
          "highway": "construction",
          "layer": "1",
          "name": "Mumbai Coastal Road - Phase II",
          "oneway": "yes"
        },
        "topology_component_min_way_id": 625656744,
        "source": "derived",
        "model_assignment_status": "unassigned_extent_and_current_rules_pending"
      },
      "geometry": {
        "type": "LineString",
        "coordinates": [
          [
            72.8247493,
            19.1506664
          ],
          [
            72.8227258,
            19.1485939
          ],
          [
            72.8205264,
            19.1459892
          ],
          [
            72.8198182,
            19.1450973
          ],
          [
            72.8193247,
            19.144327
          ],
          [
            72.8188419,
            19.1432323
          ],
          [
            72.8185737,
            19.1423303
          ],
          [
            72.8184342,
            19.1413978
          ],
          [
            72.8183806,
            19.1404248
          ],
          [
            72.8183484,
            19.1392085
          ],
          [
            72.8181124,
            19.1382253
          ],
          [
            72.8175866,
            19.1369684
          ],
          [
            72.8172755,
            19.1360258
          ],
          [
            72.8171455,
            19.1352673
          ],
          [
            72.8170931,
            19.1349615
          ],
          [
            72.8170931,
            19.134181
          ],
          [
            72.8173399,
            19.1303597
          ],
          [
            72.8176167,
            19.128673
          ],
          [
            72.8186895,
            19.1275174
          ],
          [
            72.8192346,
            19.1267136
          ],
          [
            72.8194112,
            19.1263295
          ],
          [
            72.819416,
            19.1259065
          ],
          [
            72.8194462,
            19.1248722
          ],
          [
            72.8195282,
            19.1231661
          ],
          [
            72.8195083,
            19.1229034
          ]
        ]
      }
    },
    {
      "type": "Feature",
      "id": "625656750",
      "properties": {
        "osm_way_id": 625656750,
        "selection_status": "search_only_name_match",
        "node_refs": [
          5907181692,
          5907181691,
          5907181690,
          5907181689,
          5907181688,
          5907181687,
          5907181686,
          5907181685,
          5907181584
        ],
        "osm_tags": {
          "bridge": "yes",
          "check_date": "2024-09-25",
          "construction": "primary",
          "highway": "construction",
          "layer": "1",
          "name": "Mumbai Coastal Road - Phase II"
        },
        "topology_component_min_way_id": 625656744,
        "source": "derived",
        "model_assignment_status": "unassigned_extent_and_current_rules_pending"
      },
      "geometry": {
        "type": "LineString",
        "coordinates": [
          [
            72.8274143,
            19.1558911
          ],
          [
            72.82713,
            19.1558911
          ],
          [
            72.8269583,
            19.1558405
          ],
          [
            72.8267866,
            19.1556884
          ],
          [
            72.8266793,
            19.1554959
          ],
          [
            72.8266954,
            19.155202
          ],
          [
            72.826792,
            19.1550145
          ],
          [
            72.8270119,
            19.1548321
          ],
          [
            72.8285676,
            19.1539909
          ]
        ]
      }
    },
    {
      "type": "Feature",
      "id": "625656751",
      "properties": {
        "osm_way_id": 625656751,
        "selection_status": "search_only_name_match",
        "node_refs": [
          5907181707,
          5907181706,
          5907181705,
          5907181704,
          5907181703,
          5907181702,
          5907181701,
          5907181700,
          5907181699,
          5907181698,
          5907181792
        ],
        "osm_tags": {
          "bridge": "yes",
          "highway": "proposed",
          "layer": "1",
          "name": "Mumbai Coastal Road - Phase II",
          "proposed": "motorway"
        },
        "topology_component_min_way_id": 625656744,
        "source": "derived",
        "model_assignment_status": "unassigned_extent_and_current_rules_pending"
      },
      "geometry": {
        "type": "LineString",
        "coordinates": [
          [
            72.8106344,
            19.1457966
          ],
          [
            72.8134775,
            19.143881
          ],
          [
            72.8145289,
            19.1434148
          ],
          [
            72.8151619,
            19.143283
          ],
          [
            72.8159022,
            19.1432526
          ],
          [
            72.8165245,
            19.1433844
          ],
          [
            72.8185093,
            19.1441749
          ],
          [
            72.818917,
            19.1443979
          ],
          [
            72.819314,
            19.1447121
          ],
          [
            72.8197002,
            19.1451277
          ],
          [
            72.8205264,
            19.1459892
          ]
        ]
      }
    },
    {
      "type": "Feature",
      "id": "625656752",
      "properties": {
        "osm_way_id": 625656752,
        "selection_status": "search_only_name_match",
        "node_refs": [
          5907181786,
          5907181718,
          5907181717,
          5907181716,
          5907181715,
          5907181714,
          5907181713,
          5907181712,
          5907181711,
          5907181710,
          5907181709,
          5907181708
        ],
        "osm_tags": {
          "bridge": "yes",
          "highway": "proposed",
          "layer": "1",
          "name": "Mumbai Coastal Road - Phase II",
          "proposed": "motorway"
        },
        "topology_component_min_way_id": 625656744,
        "source": "derived",
        "model_assignment_status": "unassigned_extent_and_current_rules_pending"
      },
      "geometry": {
        "type": "LineString",
        "coordinates": [
          [
            72.8183806,
            19.1404248
          ],
          [
            72.8182626,
            19.1415498
          ],
          [
            72.8181445,
            19.1419654
          ],
          [
            72.8178763,
            19.1422999
          ],
          [
            72.8175759,
            19.1425634
          ],
          [
            72.8172326,
            19.142685
          ],
          [
            72.8165889,
            19.1427864
          ],
          [
            72.8146148,
            19.1430296
          ],
          [
            72.8141427,
            19.1431715
          ],
          [
            72.8136921,
            19.1433742
          ],
          [
            72.8132844,
            19.1436682
          ],
          [
            72.8106826,
            19.1456091
          ]
        ]
      }
    },
    {
      "type": "Feature",
      "id": "625656754",
      "properties": {
        "osm_way_id": 625656754,
        "selection_status": "search_only_name_match",
        "node_refs": [
          5907181719,
          5907181772,
          5907181771,
          13993429497,
          13993429498,
          12256787853,
          8585224207,
          12256787854,
          5907181770,
          12256787855,
          13377645463,
          13993429587,
          13993429499,
          13377645481,
          13377645464,
          13993429555,
          13993429556,
          13993429496,
          13993429484,
          13993429485,
          13993429487,
          13993429488,
          13993429489,
          13993429490,
          13993429491,
          13993429492,
          13993429493,
          13993429494,
          13993429495,
          13993429434
        ],
        "osm_tags": {
          "bicycle": "no",
          "bridge": "yes",
          "check_date": "2025-08-06",
          "construction": "motorway",
          "fixme": "Approximate. Also will need to be divided into 2 one-ways per lane after more is constructed.",
          "foot": "no",
          "highway": "construction",
          "horse": "no",
          "layer": "1",
          "motor_vehicle": "yes",
          "name": "Versova - Bandra Sea Link",
          "name:en": "Versova - Bandra Sea Link",
          "name:mr": "वर्सोवा - वांद्रे सागरी सेतू",
          "official_name": "Swatantrya Veer Savarkar Sea Link",
          "official_name:en": "Swatantrya Veer Savarkar Sea Link",
          "official_name:mr": "स्वातंत्र्यवीर सावरकर सागरी सेतू",
          "oneway": "yes",
          "opening_date": "2027-07-31",
          "proposed": "motorway",
          "ref": "VBSL",
          "short_name": "VBSL",
          "short_name:en": "VBSL"
        },
        "topology_component_min_way_id": 625656744,
        "source": "derived",
        "model_assignment_status": "unassigned_extent_and_current_rules_pending"
      },
      "geometry": {
        "type": "LineString",
        "coordinates": [
          [
            72.8195083,
            19.1229034
          ],
          [
            72.8194431,
            19.1224358
          ],
          [
            72.8191917,
            19.1213822
          ],
          [
            72.818877,
            19.1208694
          ],
          [
            72.8185199,
            19.1205133
          ],
          [
            72.8180968,
            19.1201288
          ],
          [
            72.817573,
            19.1197975
          ],
          [
            72.8171449,
            19.1194811
          ],
          [
            72.8155577,
            19.1189038
          ],
          [
            72.8139307,
            19.1183328
          ],
          [
            72.8134339,
            19.1181098
          ],
          [
            72.8129959,
            19.1178666
          ],
          [
            72.8126934,
            19.1176676
          ],
          [
            72.8124767,
            19.1173521
          ],
          [
            72.8122005,
            19.116625
          ],
          [
            72.8126141,
            19.1131701
          ],
          [
            72.8128678,
            19.1114921
          ],
          [
            72.8128454,
            19.1111183
          ],
          [
            72.8148083,
            19.0996694
          ],
          [
            72.8146797,
            19.0951427
          ],
          [
            72.8147089,
            19.0896473
          ],
          [
            72.8148592,
            19.0876398
          ],
          [
            72.8154385,
            19.0865042
          ],
          [
            72.8170907,
            19.0854294
          ],
          [
            72.8199875,
            19.0842736
          ],
          [
            72.8220479,
            19.0836661
          ],
          [
            72.8236335,
            19.0828634
          ],
          [
            72.824582,
            19.0824486
          ],
          [
            72.8251803,
            19.082229
          ],
          [
            72.8259947,
            19.0819067
          ]
        ]
      }
    },
    {
      "type": "Feature",
      "id": "625656756",
      "properties": {
        "osm_way_id": 625656756,
        "selection_status": "search_only_name_match",
        "node_refs": [
          8703731101,
          13993429435,
          13993415267,
          13993415266,
          13993415265,
          8562956911,
          5907181762,
          5907181761,
          5907181760,
          5907181759,
          5907181720,
          5907181757,
          5907181756,
          5907181755,
          5907181752,
          5907181751,
          8347800189,
          5907181750,
          5907181749,
          5907181748,
          5907181747,
          5907181746,
          13081505566,
          5907181745,
          5907181744,
          13993415264,
          5907181743,
          5907181742,
          13993415262,
          13993415263,
          13993415261,
          457453783
        ],
        "osm_tags": {
          "bridge": "yes",
          "check_date": "2025-08-15",
          "highway": "construction",
          "layer": "1",
          "name": "Mumbai Coastal Road - Phase II",
          "oneway": "yes",
          "proposed": "motorway"
        },
        "topology_component_min_way_id": 39479159,
        "source": "derived",
        "model_assignment_status": "unassigned_extent_and_current_rules_pending"
      },
      "geometry": {
        "type": "LineString",
        "coordinates": [
          [
            72.8216274,
            19.0609655
          ],
          [
            72.8209187,
            19.0608883
          ],
          [
            72.8193443,
            19.0607168
          ],
          [
            72.8178959,
            19.0607067
          ],
          [
            72.8154926,
            19.0608689
          ],
          [
            72.8145914,
            19.0607472
          ],
          [
            72.8137779,
            19.0602115
          ],
          [
            72.8130912,
            19.0593495
          ],
          [
            72.8130162,
            19.0576154
          ],
          [
            72.8126943,
            19.0552932
          ],
          [
            72.8124067,
            19.0534475
          ],
          [
            72.8119433,
            19.0503241
          ],
          [
            72.8118547,
            19.0494332
          ],
          [
            72.8116215,
            19.0476873
          ],
          [
            72.8116643,
            19.046734
          ],
          [
            72.8117287,
            19.0456286
          ],
          [
            72.8117807,
            19.0451419
          ],
          [
            72.8120291,
            19.0446955
          ],
          [
            72.8126836,
            19.0438031
          ],
          [
            72.813499,
            19.0430831
          ],
          [
            72.8150118,
            19.042221
          ],
          [
            72.8157431,
            19.0417548
          ],
          [
            72.8172994,
            19.0411416
          ],
          [
            72.8177422,
            19.0409536
          ],
          [
            72.8183484,
            19.0409837
          ],
          [
            72.8187883,
            19.0411028
          ],
          [
            72.819475,
            19.041435
          ],
          [
            72.8209984,
            19.0421196
          ],
          [
            72.8224576,
            19.042722
          ],
          [
            72.8232354,
            19.0430182
          ],
          [
            72.8247965,
            19.0438011
          ],
          [
            72.8258694,
            19.044002
          ]
        ]
      }
    },
    {
      "type": "Feature",
      "id": "625656759",
      "properties": {
        "osm_way_id": 625656759,
        "selection_status": "search_only_name_match",
        "node_refs": [
          5907181732,
          5907181731,
          5907181730,
          5907181729
        ],
        "osm_tags": {
          "bridge": "yes",
          "highway": "proposed",
          "layer": "1",
          "name": "Mumbai Coastal Road - Phase II"
        },
        "topology_component_min_way_id": 625656759,
        "source": "derived",
        "model_assignment_status": "unassigned_extent_and_current_rules_pending"
      },
      "geometry": {
        "type": "LineString",
        "coordinates": [
          [
            72.8287232,
            19.0467137
          ],
          [
            72.8296888,
            19.045872
          ],
          [
            72.8297639,
            19.0455677
          ],
          [
            72.8297531,
            19.0452331
          ]
        ]
      }
    },
    {
      "type": "Feature",
      "id": "625656760",
      "properties": {
        "osm_way_id": 625656760,
        "selection_status": "search_only_name_match",
        "node_refs": [
          5907181583,
          5907181817,
          5907181816,
          5907181815,
          5907181814,
          5907181813,
          5907181812,
          5907181811
        ],
        "osm_tags": {
          "construction": "primary",
          "highway": "construction",
          "name": "Mumbai Coastal Road - Phase II"
        },
        "topology_component_min_way_id": 625656744,
        "source": "derived",
        "model_assignment_status": "unassigned_extent_and_current_rules_pending"
      },
      "geometry": {
        "type": "LineString",
        "coordinates": [
          [
            72.8281117,
            19.1913894
          ],
          [
            72.8278327,
            19.1905282
          ],
          [
            72.827146,
            19.1873465
          ],
          [
            72.8269207,
            19.1852591
          ],
          [
            72.8268242,
            19.1829589
          ],
          [
            72.8268886,
            19.1806283
          ],
          [
            72.8270066,
            19.1793109
          ],
          [
            72.8272533,
            19.1775173
          ]
        ]
      }
    },
    {
      "type": "Feature",
      "id": "666794968",
      "properties": {
        "osm_way_id": 666794968,
        "selection_status": "search_only_name_match",
        "node_refs": [
          7054448139,
          6243161851,
          6785007356,
          6785007376,
          10973532790,
          7168961989,
          13820171008,
          9803017722,
          6243161849,
          10973509287,
          7168963020,
          7146845859,
          10972774519,
          10978094050,
          10038721339,
          6261254327,
          11009609920,
          10973095919,
          7168963019,
          4693394230
        ],
        "osm_tags": {
          "highway": "residential",
          "name": "Dharmaveer Sambhaji Raji Marg"
        },
        "topology_component_min_way_id": 666794968,
        "source": "derived",
        "model_assignment_status": "unassigned_extent_and_current_rules_pending"
      },
      "geometry": {
        "type": "LineString",
        "coordinates": [
          [
            73.7455222,
            18.6028793
          ],
          [
            73.7455022,
            18.6030355
          ],
          [
            73.7454953,
            18.6032721
          ],
          [
            73.7454834,
            18.6036786
          ],
          [
            73.7454722,
            18.6039277
          ],
          [
            73.7454599,
            18.604201
          ],
          [
            73.7454546,
            18.6045167
          ],
          [
            73.7454543,
            18.6045359
          ],
          [
            73.7454486,
            18.6048708
          ],
          [
            73.7454454,
            18.6050458
          ],
          [
            73.7454405,
            18.6053208
          ],
          [
            73.74548,
            18.6057453
          ],
          [
            73.7454987,
            18.6062161
          ],
          [
            73.7454925,
            18.606503
          ],
          [
            73.7454907,
            18.6065834
          ],
          [
            73.7454853,
            18.6067392
          ],
          [
            73.7454854,
            18.6068558
          ],
          [
            73.7454857,
            18.6070871
          ],
          [
            73.7454888,
            18.6082423
          ],
          [
            73.7454854,
            18.6087627
          ]
        ]
      }
    },
    {
      "type": "Feature",
      "id": "789250657",
      "properties": {
        "osm_way_id": 789250657,
        "selection_status": "search_only_name_match",
        "node_refs": [
          7379669163,
          13703767825,
          9134328251,
          2105111359
        ],
        "osm_tags": {
          "highway": "residential",
          "lanes": "1",
          "name": "chhatrapati sambhaji path dombivili east near s. v. joshi high school",
          "source": "digitalglobe"
        },
        "topology_component_min_way_id": 789250657,
        "source": "derived",
        "model_assignment_status": "unassigned_extent_and_current_rules_pending"
      },
      "geometry": {
        "type": "LineString",
        "coordinates": [
          [
            73.0926649,
            19.2221962
          ],
          [
            73.0928381,
            19.2219857
          ],
          [
            73.0932405,
            19.2214966
          ],
          [
            73.0936807,
            19.2209618
          ]
        ]
      }
    },
    {
      "type": "Feature",
      "id": "828078324",
      "properties": {
        "osm_way_id": 828078324,
        "selection_status": "search_only_name_match",
        "node_refs": [
          7730622722,
          7730622753,
          7730622754,
          7730622755,
          12583299382,
          12583299383,
          12583299384,
          12583299385,
          12583299386,
          12583299387,
          12583299388,
          12583299389,
          12583299390
        ],
        "osm_tags": {
          "bridge": "yes",
          "construction": "motorway_link",
          "highway": "construction",
          "layer": "1",
          "name": "Coastal Road",
          "oneway": "yes"
        },
        "topology_component_min_way_id": 828078324,
        "source": "derived",
        "model_assignment_status": "unassigned_extent_and_current_rules_pending"
      },
      "geometry": {
        "type": "LineString",
        "coordinates": [
          [
            73.0086753,
            18.9692594
          ],
          [
            73.0084364,
            18.9684013
          ],
          [
            73.0085334,
            18.9679322
          ],
          [
            73.0087117,
            18.9675141
          ],
          [
            73.0092504,
            18.9671389
          ],
          [
            73.0097149,
            18.9668542
          ],
          [
            73.0099061,
            18.9665663
          ],
          [
            73.0098919,
            18.9660174
          ],
          [
            73.0094389,
            18.9654685
          ],
          [
            73.0092053,
            18.9652074
          ],
          [
            73.0091416,
            18.9648861
          ],
          [
            73.0091982,
            18.964605
          ],
          [
            73.0095284,
            18.9636532
          ]
        ]
      }
    },
    {
      "type": "Feature",
      "id": "828078325",
      "properties": {
        "osm_way_id": 828078325,
        "selection_status": "search_only_name_match",
        "node_refs": [
          11066856034,
          7730622752,
          7730622751,
          13975577513,
          7730622749,
          13975577514,
          7730622748,
          7730622747,
          12137334631,
          7730622746,
          12137334636,
          7730622745,
          12137334632,
          13506535395,
          13975577517,
          7730622744,
          13975577518,
          13975577519,
          13975577520,
          7730622742,
          7730622741,
          7730622740,
          7730622739,
          7730622738,
          7730622737,
          7730622736,
          7730622735,
          7730622734,
          7730622733,
          9499944435,
          7730622732,
          9499944436,
          7730622731,
          9499944434,
          7730622730,
          7730622729,
          7730622728,
          9499944433,
          7730622727,
          7730622726,
          7730622725,
          9499944432,
          7730622724,
          7730622723,
          7730622722
        ],
        "osm_tags": {
          "bridge": "yes",
          "construction": "motorway",
          "highway": "construction",
          "layer": "1",
          "name": "Navi Mumbai Coastal Road",
          "oneway": "yes"
        },
        "topology_component_min_way_id": 828078324,
        "source": "derived",
        "model_assignment_status": "unassigned_extent_and_current_rules_pending"
      },
      "geometry": {
        "type": "LineString",
        "coordinates": [
          [
            73.0345186,
            18.9989657
          ],
          [
            73.0337019,
            18.9984334
          ],
          [
            73.0334777,
            18.9980428
          ],
          [
            73.0329949,
            18.9972211
          ],
          [
            73.0328071,
            18.9966124
          ],
          [
            73.0328339,
            18.9959733
          ],
          [
            73.0330968,
            18.9951415
          ],
          [
            73.0333489,
            18.9940255
          ],
          [
            73.0334777,
            18.9934929
          ],
          [
            73.0333757,
            18.9929096
          ],
          [
            73.0331826,
            18.9924683
          ],
          [
            73.0327588,
            18.9920422
          ],
          [
            73.0312509,
            18.991314
          ],
          [
            73.0309931,
            18.9911979
          ],
          [
            73.0301034,
            18.9907234
          ],
          [
            73.0295026,
            18.9905814
          ],
          [
            73.0250072,
            18.9898002
          ],
          [
            73.0241811,
            18.9896125
          ],
          [
            73.0236393,
            18.9894096
          ],
          [
            73.0229694,
            18.9889912
          ],
          [
            73.0222078,
            18.9881281
          ],
          [
            73.0205094,
            18.9861231
          ],
          [
            73.0194971,
            18.984929
          ],
          [
            73.0189734,
            18.9841451
          ],
          [
            73.0187378,
            18.9830435
          ],
          [
            73.0187512,
            18.9823517
          ],
          [
            73.0189184,
            18.9816237
          ],
          [
            73.0192,
            18.9805314
          ],
          [
            73.0192601,
            18.9796647
          ],
          [
            73.019251,
            18.9791318
          ],
          [
            73.0191486,
            18.9785989
          ],
          [
            73.0190067,
            18.9782098
          ],
          [
            73.018678,
            18.9776971
          ],
          [
            73.0182103,
            18.9772072
          ],
          [
            73.017425,
            18.9768057
          ],
          [
            73.0157303,
            18.9759961
          ],
          [
            73.0141482,
            18.9752083
          ],
          [
            73.0128693,
            18.9748243
          ],
          [
            73.0116183,
            18.9745816
          ],
          [
            73.0105756,
            18.9740946
          ],
          [
            73.009808,
            18.9734891
          ],
          [
            73.0092842,
            18.972933
          ],
          [
            73.0089472,
            18.9723593
          ],
          [
            73.0087272,
            18.9712786
          ],
          [
            73.0086753,
            18.9692594
          ]
        ]
      }
    },
    {
      "type": "Feature",
      "id": "1058442775",
      "properties": {
        "osm_way_id": 1058442775,
        "selection_status": "search_only_name_match",
        "node_refs": [
          6261254328,
          12045710571,
          9725940730
        ],
        "osm_tags": {
          "highway": "residential",
          "name": "Dharmaveer Sambhaji Raji Marg"
        },
        "topology_component_min_way_id": 666794968,
        "source": "derived",
        "model_assignment_status": "unassigned_extent_and_current_rules_pending"
      },
      "geometry": {
        "type": "LineString",
        "coordinates": [
          [
            73.7455183,
            18.6093498
          ],
          [
            73.7455527,
            18.609766
          ],
          [
            73.7456225,
            18.609864
          ]
        ]
      }
    },
    {
      "type": "Feature",
      "id": "1078213889",
      "properties": {
        "osm_way_id": 1078213889,
        "selection_status": "search_only_name_match",
        "node_refs": [
          7731220370,
          8360488260,
          8360488259,
          9885177278,
          8360488258,
          9885177277,
          7731220372,
          9885177276,
          9885228234,
          9885177275,
          9885228232,
          9885177274,
          9885228233,
          9885177273,
          9885228235,
          9885177272,
          9885177271,
          9885177270,
          9885177269,
          9885177268,
          9885177267,
          9885177266,
          7604808086
        ],
        "osm_tags": {
          "bridge": "yes",
          "construction": "primary",
          "highway": "construction",
          "layer": "1",
          "name": "Coastal Road Phase 3",
          "oneway": "yes"
        },
        "topology_component_min_way_id": 1078213889,
        "source": "derived",
        "model_assignment_status": "unassigned_extent_and_current_rules_pending"
      },
      "geometry": {
        "type": "LineString",
        "coordinates": [
          [
            73.0315704,
            19.0053056
          ],
          [
            73.0302645,
            19.0043404
          ],
          [
            73.0298068,
            19.004055
          ],
          [
            73.0294798,
            19.0038145
          ],
          [
            73.0292439,
            19.0035791
          ],
          [
            73.029104,
            19.0033486
          ],
          [
            73.0289427,
            19.0029254
          ],
          [
            73.0287913,
            19.0026174
          ],
          [
            73.0287061,
            19.0025087
          ],
          [
            73.0286024,
            19.0024102
          ],
          [
            73.0284572,
            19.0023187
          ],
          [
            73.0283042,
            19.0022637
          ],
          [
            73.0281524,
            19.002244
          ],
          [
            73.0280052,
            19.0022418
          ],
          [
            73.0278664,
            19.0022554
          ],
          [
            73.0277276,
            19.0022835
          ],
          [
            73.0274941,
            19.0023871
          ],
          [
            73.0269843,
            19.0027667
          ],
          [
            73.0265978,
            19.0029884
          ],
          [
            73.0262646,
            19.0031073
          ],
          [
            73.025877,
            19.0031623
          ],
          [
            73.0255596,
            19.0031104
          ],
          [
            73.0251322,
            19.0029954
          ]
        ]
      }
    },
    {
      "type": "Feature",
      "id": "1078682564",
      "properties": {
        "osm_way_id": 1078682564,
        "selection_status": "corridor_name_candidate",
        "node_refs": [
          5907165300,
          7004539314,
          5907165860,
          11762288183,
          13508301254,
          9888691770,
          11762288185,
          11762288187,
          13809103017,
          13508301253,
          12560573909,
          9888691772,
          13508301249,
          9888691768,
          13508301250,
          13508301252,
          13508301251,
          11762288192,
          9888691767,
          11727052528,
          11727052530,
          11727052531,
          11762288188,
          11727052532,
          11727052533
        ],
        "osm_tags": {
          "bus:lanes": "designated|yes|yes",
          "check_date": "2025-07-31",
          "check_date:surface": "2025-07-31",
          "foot": "no",
          "hgv": "no",
          "highway": "motorway",
          "lanes": "3",
          "lanes:bus": "1",
          "layer": "-1",
          "maxheight": "5",
          "maxspeed": "60",
          "maxspeed:type": "sign",
          "motorcycle": "no",
          "name": "Mumbai Coastal Road",
          "name:en": "Mumbai Coastal Road",
          "official_name": "Dharamveer Swarajya Rakshak Chhatrapati Sambhaji Maharaj Mumbai Coastal Road",
          "official_name:en": "Dharamveer Swarajya Rakshak Chhatrapati Sambhaji Maharaj Mumbai Coastal Road",
          "oneway": "yes",
          "surface": "asphalt",
          "tunnel": "yes"
        },
        "topology_component_min_way_id": 39479159,
        "source": "derived",
        "model_assignment_status": "unassigned_extent_and_current_rules_pending"
      },
      "geometry": {
        "type": "LineString",
        "coordinates": [
          [
            72.79952,
            18.9600605
          ],
          [
            72.7996711,
            18.959662
          ],
          [
            72.7999891,
            18.9590975
          ],
          [
            72.8002792,
            18.9588221
          ],
          [
            72.8004929,
            18.9586524
          ],
          [
            72.8008575,
            18.9584196
          ],
          [
            72.8013894,
            18.9581436
          ],
          [
            72.8018309,
            18.9579769
          ],
          [
            72.8029092,
            18.9576256
          ],
          [
            72.806529,
            18.9564464
          ],
          [
            72.8094405,
            18.9554538
          ],
          [
            72.810296,
            18.9551309
          ],
          [
            72.8119379,
            18.9544718
          ],
          [
            72.8134206,
            18.9538389
          ],
          [
            72.8140998,
            18.9535231
          ],
          [
            72.8148937,
            18.9530918
          ],
          [
            72.815693,
            18.9525946
          ],
          [
            72.8164516,
            18.9520689
          ],
          [
            72.8173273,
            18.9513878
          ],
          [
            72.8176116,
            18.9511674
          ],
          [
            72.8188459,
            18.949986
          ],
          [
            72.8194942,
            18.9492898
          ],
          [
            72.8201585,
            18.9484835
          ],
          [
            72.820675,
            18.9478187
          ],
          [
            72.8220523,
            18.9458749
          ]
        ]
      }
    },
    {
      "type": "Feature",
      "id": "1201954554",
      "properties": {
        "osm_way_id": 1201954554,
        "selection_status": "search_only_name_match",
        "node_refs": [
          4461997493,
          2445818323,
          2445818321,
          2445818322,
          2445818326,
          2445818327,
          2445818329,
          2445818378,
          2445818382
        ],
        "osm_tags": {
          "highway": "secondary",
          "lanes": "2",
          "name": "Chhatrapati Sambhaji Path",
          "name:etymology:wikidata": "Q2737041",
          "name:mr": "छत्रपती संभाजी पथ",
          "oneway": "yes"
        },
        "topology_component_min_way_id": 236559542,
        "source": "derived",
        "model_assignment_status": "unassigned_extent_and_current_rules_pending"
      },
      "geometry": {
        "type": "LineString",
        "coordinates": [
          [
            73.7740547,
            18.64889
          ],
          [
            73.7741856,
            18.6488802
          ],
          [
            73.7743773,
            18.6488776
          ],
          [
            73.7745943,
            18.6488752
          ],
          [
            73.7748654,
            18.6488884
          ],
          [
            73.7750376,
            18.6489184
          ],
          [
            73.7752175,
            18.6489684
          ],
          [
            73.7756225,
            18.649115
          ],
          [
            73.7760565,
            18.6492772
          ]
        ]
      }
    },
    {
      "type": "Feature",
      "id": "1201954559",
      "properties": {
        "osm_way_id": 1201954559,
        "selection_status": "search_only_name_match",
        "node_refs": [
          2445818357,
          2445818351,
          8020577514,
          680016408,
          2445818319,
          680016409,
          2445818317,
          2445818316,
          680016411,
          4461969732
        ],
        "osm_tags": {
          "highway": "secondary",
          "lanes": "2",
          "name": "Chhatrapati Sambhaji Path",
          "name:etymology:wikidata": "Q2737041",
          "name:mr": "छत्रपती संभाजी पथ",
          "oneway": "yes"
        },
        "topology_component_min_way_id": 342875886,
        "source": "derived",
        "model_assignment_status": "unassigned_extent_and_current_rules_pending"
      },
      "geometry": {
        "type": "LineString",
        "coordinates": [
          [
            73.7760791,
            18.6491891
          ],
          [
            73.7760194,
            18.6491635
          ],
          [
            73.7757675,
            18.6490714
          ],
          [
            73.7753025,
            18.6489014
          ],
          [
            73.7750771,
            18.6488451
          ],
          [
            73.7747998,
            18.6488073
          ],
          [
            73.774605,
            18.6487941
          ],
          [
            73.7744543,
            18.6487894
          ],
          [
            73.7741835,
            18.6487961
          ],
          [
            73.7740646,
            18.6487977
          ]
        ]
      }
    },
    {
      "type": "Feature",
      "id": "1235442603",
      "properties": {
        "osm_way_id": 1235442603,
        "selection_status": "approach_name_candidate",
        "node_refs": [
          245664576,
          619227622
        ],
        "osm_tags": {
          "alt_name": "Western Express Highway",
          "bicycle": "yes",
          "highway": "motorway",
          "name": "Bandra Worli Sea Link Flyover",
          "oneway": "yes",
          "surface": "asphalt"
        },
        "topology_component_min_way_id": 48803903,
        "source": "derived",
        "model_assignment_status": "unassigned_extent_and_current_rules_pending"
      },
      "geometry": {
        "type": "LineString",
        "coordinates": [
          [
            72.8406738,
            19.0507498
          ],
          [
            72.8400612,
            19.0504964
          ]
        ]
      }
    },
    {
      "type": "Feature",
      "id": "1238867121",
      "properties": {
        "osm_way_id": 1238867121,
        "selection_status": "approach_name_candidate",
        "node_refs": [
          245664445,
          619227594
        ],
        "osm_tags": {
          "alt_name": "Mahim Interchange",
          "bicycle": "yes",
          "bridge": "yes",
          "highway": "motorway",
          "layer": "1",
          "name": "Bandra Worli Sea Link Flyover",
          "name1": "Bandra Reclamation flyover",
          "oneway": "yes",
          "ref": "NH8",
          "surface": "asphalt"
        },
        "topology_component_min_way_id": 48803903,
        "source": "derived",
        "model_assignment_status": "unassigned_extent_and_current_rules_pending"
      },
      "geometry": {
        "type": "LineString",
        "coordinates": [
          [
            72.8366899,
            19.0497224
          ],
          [
            72.8347833,
            19.04984
          ]
        ]
      }
    },
    {
      "type": "Feature",
      "id": "1253101192",
      "properties": {
        "osm_way_id": 1253101192,
        "selection_status": "search_only_name_match",
        "node_refs": [
          7312318689,
          7312318694,
          7312318691,
          7312318693,
          7325203256,
          7325203245,
          7325203258,
          7325203255,
          7325203254,
          7325203252,
          7325203259,
          7325203253,
          7325203251,
          7330527860,
          9417033815,
          7325203247,
          7325203261,
          7325203262,
          7325203272,
          7325203270,
          7325203269,
          7325203266,
          12875721378,
          7325203263,
          7325203264,
          12875721377,
          7330525629,
          7325203242,
          7325203282,
          7325203274,
          7325203240,
          7325203238,
          12875721376,
          7325203279,
          11647432811,
          7325203234,
          11647432810
        ],
        "osm_tags": {
          "highway": "track",
          "name": "Navi Mumbai Coastal Road"
        },
        "topology_component_min_way_id": 215241785,
        "source": "derived",
        "model_assignment_status": "unassigned_extent_and_current_rules_pending"
      },
      "geometry": {
        "type": "LineString",
        "coordinates": [
          [
            73.0706978,
            19.0330629
          ],
          [
            73.0707368,
            19.0330156
          ],
          [
            73.0710892,
            19.0330351
          ],
          [
            73.0713354,
            19.032991
          ],
          [
            73.0714379,
            19.0329559
          ],
          [
            73.0716991,
            19.0327552
          ],
          [
            73.0718479,
            19.032669
          ],
          [
            73.0719464,
            19.0325922
          ],
          [
            73.0721908,
            19.0323302
          ],
          [
            73.0723547,
            19.0321807
          ],
          [
            73.0724215,
            19.0320899
          ],
          [
            73.0724827,
            19.0319411
          ],
          [
            73.0725232,
            19.0318813
          ],
          [
            73.0729878,
            19.03146
          ],
          [
            73.0732213,
            19.0312663
          ],
          [
            73.0734468,
            19.0311041
          ],
          [
            73.0736385,
            19.0310061
          ],
          [
            73.0737035,
            19.0309297
          ],
          [
            73.0737893,
            19.0307077
          ],
          [
            73.0738575,
            19.030581
          ],
          [
            73.0738699,
            19.030504
          ],
          [
            73.0738004,
            19.0302312
          ],
          [
            73.0737644,
            19.0300302
          ],
          [
            73.0737939,
            19.0298172
          ],
          [
            73.0738347,
            19.0296123
          ],
          [
            73.0738583,
            19.0295129
          ],
          [
            73.0738798,
            19.029272
          ],
          [
            73.0738474,
            19.0290689
          ],
          [
            73.0737773,
            19.0288949
          ],
          [
            73.0735901,
            19.0287421
          ],
          [
            73.073405,
            19.0284758
          ],
          [
            73.0731797,
            19.028273
          ],
          [
            73.0730966,
            19.0281361
          ],
          [
            73.0726269,
            19.0276064
          ],
          [
            73.0725851,
            19.0273899
          ],
          [
            73.0726003,
            19.0273162
          ],
          [
            73.0725986,
            19.0272732
          ]
        ]
      }
    },
    {
      "type": "Feature",
      "id": "1262140533",
      "properties": {
        "osm_way_id": 1262140533,
        "selection_status": "corridor_name_candidate",
        "node_refs": [
          11762288198,
          13236079122,
          1127774801
        ],
        "osm_tags": {
          "destination": "Nariman Point;Mantralaya",
          "highway": "motorway",
          "lanes": "2",
          "motorcycle": "no",
          "name": "Mumbai Coastal Road - Phase I",
          "oneway": "yes",
          "surface": "asphalt"
        },
        "topology_component_min_way_id": 39479159,
        "source": "derived",
        "model_assignment_status": "unassigned_extent_and_current_rules_pending"
      },
      "geometry": {
        "type": "LineString",
        "coordinates": [
          [
            72.8230518,
            18.9439553
          ],
          [
            72.8231154,
            18.943776
          ],
          [
            72.8231038,
            18.9436016
          ]
        ]
      }
    },
    {
      "type": "Feature",
      "id": "1266293266",
      "properties": {
        "osm_way_id": 1266293266,
        "selection_status": "corridor_name_candidate",
        "node_refs": [
          5907165817,
          5907165818,
          5907165819,
          5907165820
        ],
        "osm_tags": {
          "bus:lanes": "designated|yes|yes|yes",
          "highway": "motorway",
          "lanes": "4",
          "lanes:bus": "1",
          "lit": "yes",
          "maxspeed": "80",
          "maxspeed:type": "sign",
          "motorcycle": "no",
          "name": "Mumbai Coastal Road",
          "name:en": "Mumbai Coastal Road",
          "official_name": "Dharamveer Swarajya Rakshak Chhatrapati Sambhaji Maharaj Mumbai Coastal Road",
          "official_name:en": "Dharamveer Swarajya Rakshak Chhatrapati Sambhaji Maharaj Mumbai Coastal Road",
          "oneway": "yes",
          "surface": "asphalt"
        },
        "topology_component_min_way_id": 39479159,
        "source": "derived",
        "model_assignment_status": "unassigned_extent_and_current_rules_pending"
      },
      "geometry": {
        "type": "LineString",
        "coordinates": [
          [
            72.811596,
            18.9922979
          ],
          [
            72.8114493,
            18.9916629
          ],
          [
            72.8111699,
            18.9906743
          ],
          [
            72.8106036,
            18.9893895
          ]
        ]
      }
    },
    {
      "type": "Feature",
      "id": "1266293267",
      "properties": {
        "osm_way_id": 1266293267,
        "selection_status": "corridor_name_candidate",
        "node_refs": [
          5907166039,
          5907166040,
          5907166041,
          5907165467
        ],
        "osm_tags": {
          "bus:lanes": "designated|yes|yes|yes",
          "highway": "motorway",
          "lanes": "4",
          "lanes:bus": "1",
          "lit": "yes",
          "maxspeed": "80",
          "maxspeed:type": "sign",
          "motorcycle": "no",
          "name": "Mumbai Coastal Road",
          "name:en": "Mumbai Coastal Road",
          "official_name": "Dharamveer Swarajya Rakshak Chhatrapati Sambhaji Maharaj Mumbai Coastal Road",
          "official_name:en": "Dharamveer Swarajya Rakshak Chhatrapati Sambhaji Maharaj Mumbai Coastal Road",
          "oneway": "yes",
          "surface": "asphalt"
        },
        "topology_component_min_way_id": 39479159,
        "source": "derived",
        "model_assignment_status": "unassigned_extent_and_current_rules_pending"
      },
      "geometry": {
        "type": "LineString",
        "coordinates": [
          [
            72.8103733,
            18.9894897
          ],
          [
            72.810924,
            18.9907437
          ],
          [
            72.8112517,
            18.9919286
          ],
          [
            72.8113376,
            18.9923406
          ]
        ]
      }
    },
    {
      "type": "Feature",
      "id": "1266293268",
      "properties": {
        "osm_way_id": 1266293268,
        "selection_status": "corridor_name_candidate",
        "node_refs": [
          5907165855,
          5907165856,
          5907165857,
          11762288178,
          11762288181,
          5907165858,
          5907165300
        ],
        "osm_tags": {
          "bus:lanes": "designated|yes|yes",
          "check_date": "2025-10-23",
          "check_date:lit": "2025-10-23",
          "check_date:surface": "2025-07-31",
          "foot": "no",
          "hgv": "no",
          "highway": "motorway",
          "lanes": "3",
          "lanes:bus": "1",
          "layer": "-1",
          "lit": "yes",
          "maxheight": "5",
          "maxspeed": "60",
          "maxspeed:type": "sign",
          "motorcycle": "no",
          "name": "Mumbai Coastal Road",
          "name:en": "Mumbai Coastal Road",
          "official_name": "Dharamveer Swarajya Rakshak Chhatrapati Sambhaji Maharaj Mumbai Coastal Road",
          "official_name:en": "Dharamveer Swarajya Rakshak Chhatrapati Sambhaji Maharaj Mumbai Coastal Road",
          "oneway": "yes",
          "surface": "asphalt",
          "tunnel": "yes"
        },
        "topology_component_min_way_id": 39479159,
        "source": "derived",
        "model_assignment_status": "unassigned_extent_and_current_rules_pending"
      },
      "geometry": {
        "type": "LineString",
        "coordinates": [
          [
            72.7996315,
            18.9627392
          ],
          [
            72.7995412,
            18.9623762
          ],
          [
            72.7994413,
            18.9619525
          ],
          [
            72.7993409,
            18.961364
          ],
          [
            72.7993573,
            18.9610522
          ],
          [
            72.7994184,
            18.9606339
          ],
          [
            72.79952,
            18.9600605
          ]
        ]
      }
    },
    {
      "type": "Feature",
      "id": "1273261641",
      "properties": {
        "osm_way_id": 1273261641,
        "selection_status": "search_only_name_match",
        "node_refs": [
          1184122904,
          4367392935,
          1184124347
        ],
        "osm_tags": {
          "highway": "residential",
          "name": "Chatrapati Sambhaji Road",
          "name:etymology:wikidata": "Q2737041"
        },
        "topology_component_min_way_id": 102529793,
        "source": "derived",
        "model_assignment_status": "unassigned_extent_and_current_rules_pending"
      },
      "geometry": {
        "type": "LineString",
        "coordinates": [
          [
            72.9736764,
            19.1896233
          ],
          [
            72.9731102,
            19.1895736
          ],
          [
            72.9724258,
            19.18964
          ]
        ]
      }
    },
    {
      "type": "Feature",
      "id": "1273261643",
      "properties": {
        "osm_way_id": 1273261643,
        "selection_status": "search_only_name_match",
        "node_refs": [
          1184124314,
          2228291259,
          1184124347
        ],
        "osm_tags": {
          "highway": "residential",
          "name": "Chatrapati Sambhaji Road",
          "name:etymology:wikidata": "Q2737041",
          "oneway": "yes"
        },
        "topology_component_min_way_id": 102529793,
        "source": "derived",
        "model_assignment_status": "unassigned_extent_and_current_rules_pending"
      },
      "geometry": {
        "type": "LineString",
        "coordinates": [
          [
            72.9714382,
            19.18973
          ],
          [
            72.9717696,
            19.1897006
          ],
          [
            72.9724258,
            19.18964
          ]
        ]
      }
    },
    {
      "type": "Feature",
      "id": "1303398642",
      "properties": {
        "osm_way_id": 1303398642,
        "selection_status": "corridor_name_candidate",
        "node_refs": [
          13338040638,
          13338040637,
          12070974766,
          12070974764,
          12070974762,
          12555901906,
          12070990469
        ],
        "osm_tags": {
          "foot": "no",
          "hgv": "no",
          "highway": "motorway",
          "lanes": "3",
          "maxheight": "5",
          "maxspeed": "60",
          "maxspeed:type": "sign",
          "motorcycle": "no",
          "name": "Mumbai Coastal Road",
          "name:en": "Mumbai Coastal Road",
          "official_name": "Dharamveer Swarajya Rakshak Chhatrapati Sambhaji Maharaj Mumbai Coastal Road",
          "official_name:en": "Dharamveer Swarajya Rakshak Chhatrapati Sambhaji Maharaj Mumbai Coastal Road",
          "oneway": "yes",
          "surface": "asphalt"
        },
        "topology_component_min_way_id": 39479159,
        "source": "derived",
        "model_assignment_status": "unassigned_extent_and_current_rules_pending"
      },
      "geometry": {
        "type": "LineString",
        "coordinates": [
          [
            72.8232489,
            18.9428722
          ],
          [
            72.8231375,
            18.9429167
          ],
          [
            72.8228003,
            18.9436727
          ],
          [
            72.8221371,
            18.9450204
          ],
          [
            72.8217668,
            18.9456876
          ],
          [
            72.8216407,
            18.9459193
          ],
          [
            72.8209953,
            18.9468531
          ]
        ]
      }
    },
    {
      "type": "Feature",
      "id": "1303476656",
      "properties": {
        "osm_way_id": 1303476656,
        "selection_status": "corridor_name_candidate",
        "node_refs": [
          5907165648,
          13118754352,
          5907166052,
          5907166053,
          13118754351,
          5907166054,
          5907166055,
          12558408936,
          5907166056
        ],
        "osm_tags": {
          "highway": "motorway",
          "lit": "yes",
          "maxspeed": "80",
          "maxspeed:type": "sign",
          "motorcycle": "no",
          "name": "Mumbai Coastal Road",
          "name:en": "Mumbai Coastal Road",
          "official_name": "Dharamveer Swarajya Rakshak Chhatrapati Sambhaji Maharaj Mumbai Coastal Road",
          "official_name:en": "Dharamveer Swarajya Rakshak Chhatrapati Sambhaji Maharaj Mumbai Coastal Road",
          "oneway": "yes",
          "surface": "asphalt"
        },
        "topology_component_min_way_id": 39479159,
        "source": "derived",
        "model_assignment_status": "unassigned_extent_and_current_rules_pending"
      },
      "geometry": {
        "type": "LineString",
        "coordinates": [
          [
            72.811703,
            19.0040978
          ],
          [
            72.8125565,
            19.0058706
          ],
          [
            72.8127875,
            19.0064666
          ],
          [
            72.8129259,
            19.0070355
          ],
          [
            72.8129751,
            19.0074009
          ],
          [
            72.8129848,
            19.0077722
          ],
          [
            72.8129345,
            19.0083631
          ],
          [
            72.8126911,
            19.0092294
          ],
          [
            72.8126486,
            19.0093371
          ]
        ]
      }
    },
    {
      "type": "Feature",
      "id": "1356858757",
      "properties": {
        "osm_way_id": 1356858757,
        "selection_status": "corridor_name_candidate",
        "node_refs": [
          5907165648,
          13118754353,
          13118754354,
          14138079815,
          12558408923,
          5907165649
        ],
        "osm_tags": {
          "destination:lanes": "Dadar|Worli",
          "highway": "motorway_link",
          "lanes": "2",
          "lit": "yes",
          "motorcycle": "no",
          "name": "Mumbai Coastal Road - Phase I",
          "oneway": "yes",
          "surface": "asphalt"
        },
        "topology_component_min_way_id": 39479159,
        "source": "derived",
        "model_assignment_status": "unassigned_extent_and_current_rules_pending"
      },
      "geometry": {
        "type": "LineString",
        "coordinates": [
          [
            72.811703,
            19.0040978
          ],
          [
            72.8118087,
            19.0045128
          ],
          [
            72.8119631,
            19.0049723
          ],
          [
            72.8122168,
            19.0055819
          ],
          [
            72.8122507,
            19.0057402
          ],
          [
            72.8122405,
            19.0059513
          ]
        ]
      }
    },
    {
      "type": "Feature",
      "id": "1356858758",
      "properties": {
        "osm_way_id": 1356858758,
        "selection_status": "corridor_name_candidate",
        "node_refs": [
          768599611,
          13415275728,
          13415275729,
          13415275727,
          5907165622
        ],
        "osm_tags": {
          "highway": "motorway_link",
          "lanes": "2",
          "motorcycle": "no",
          "name": "Mumbai Coastal Road - Phase I",
          "oneway": "yes",
          "surface": "asphalt"
        },
        "topology_component_min_way_id": 39479159,
        "source": "derived",
        "model_assignment_status": "unassigned_extent_and_current_rules_pending"
      },
      "geometry": {
        "type": "LineString",
        "coordinates": [
          [
            72.8132878,
            19.0045873
          ],
          [
            72.8132776,
            19.0047316
          ],
          [
            72.8132725,
            19.0048075
          ],
          [
            72.8132887,
            19.004881
          ],
          [
            72.8134044,
            19.0052745
          ]
        ]
      }
    },
    {
      "type": "Feature",
      "id": "1356858759",
      "properties": {
        "osm_way_id": 1356858759,
        "selection_status": "corridor_name_candidate",
        "node_refs": [
          12558408942,
          13118754358,
          12558408941,
          12558408940,
          12558408939,
          13040569938,
          13415275732,
          12558408938,
          13415275731,
          5907165659,
          13415275730,
          5907165660,
          5907165661,
          13040569939,
          5907165662,
          13040569941,
          2299255940
        ],
        "osm_tags": {
          "bridge": "yes",
          "destination": "Worli",
          "highway": "motorway_link",
          "lanes": "2",
          "layer": "1",
          "lit": "yes",
          "maxspeed": "40",
          "motorcycle": "no",
          "name": "Mumbai Coastal Road - Phase I",
          "oneway": "yes",
          "surface": "asphalt"
        },
        "topology_component_min_way_id": 39479159,
        "source": "derived",
        "model_assignment_status": "unassigned_extent_and_current_rules_pending"
      },
      "geometry": {
        "type": "LineString",
        "coordinates": [
          [
            72.811672,
            19.0082367
          ],
          [
            72.8120423,
            19.0082977
          ],
          [
            72.8122016,
            19.0083008
          ],
          [
            72.8125306,
            19.0082623
          ],
          [
            72.8128577,
            19.0082197
          ],
          [
            72.8133401,
            19.0081618
          ],
          [
            72.8136316,
            19.0080804
          ],
          [
            72.81376,
            19.0080141
          ],
          [
            72.8138712,
            19.0079264
          ],
          [
            72.813972,
            19.0078275
          ],
          [
            72.8140429,
            19.0077389
          ],
          [
            72.8141111,
            19.0076145
          ],
          [
            72.8141552,
            19.0075016
          ],
          [
            72.8141767,
            19.0072686
          ],
          [
            72.8141135,
            19.0069736
          ],
          [
            72.8136242,
            19.0052721
          ],
          [
            72.8135623,
            19.004978
          ]
        ]
      }
    },
    {
      "type": "Feature",
      "id": "1356858760",
      "properties": {
        "osm_way_id": 1356858760,
        "selection_status": "corridor_name_candidate",
        "node_refs": [
          12558408945,
          13118698142,
          13118698141,
          12558408946
        ],
        "osm_tags": {
          "highway": "motorway_link",
          "lanes": "2",
          "lit": "yes",
          "motorcycle": "no",
          "name": "Mumbai Coastal Road - Phase I",
          "oneway": "yes",
          "surface": "asphalt"
        },
        "topology_component_min_way_id": 39479159,
        "source": "derived",
        "model_assignment_status": "unassigned_extent_and_current_rules_pending"
      },
      "geometry": {
        "type": "LineString",
        "coordinates": [
          [
            72.8150241,
            19.0095853
          ],
          [
            72.8153069,
            19.0098988
          ],
          [
            72.8156721,
            19.0104903
          ],
          [
            72.8158791,
            19.0106791
          ]
        ]
      }
    },
    {
      "type": "Feature",
      "id": "1359436424",
      "properties": {
        "osm_way_id": 1359436424,
        "selection_status": "search_only_name_match",
        "node_refs": [
          7921039013,
          7730622760,
          8853934565,
          8853934564,
          8853934563,
          8853934562,
          8853934561,
          8853934560,
          7730622758,
          8853934559,
          8853934558,
          8853934557,
          8853934556,
          8853934555,
          8853934554,
          7730622757,
          7730622756,
          12583406402
        ],
        "osm_tags": {
          "bridge": "yes",
          "construction": "motorway",
          "highway": "construction",
          "layer": "1",
          "name": "Navi Mumbai Coastal Road",
          "oneway": "yes"
        },
        "topology_component_min_way_id": 1359436424,
        "source": "derived",
        "model_assignment_status": "unassigned_extent_and_current_rules_pending"
      },
      "geometry": {
        "type": "LineString",
        "coordinates": [
          [
            73.0063051,
            18.9688396
          ],
          [
            73.0069255,
            18.9684305
          ],
          [
            73.0070006,
            18.9684024
          ],
          [
            73.0070785,
            18.9683821
          ],
          [
            73.0071581,
            18.9683698
          ],
          [
            73.0072388,
            18.9683657
          ],
          [
            73.0073194,
            18.9683698
          ],
          [
            73.0073991,
            18.968382
          ],
          [
            73.0074769,
            18.9684023
          ],
          [
            73.0075472,
            18.9684282
          ],
          [
            73.0076143,
            18.9684607
          ],
          [
            73.0076777,
            18.9684994
          ],
          [
            73.0077366,
            18.9685439
          ],
          [
            73.0077906,
            18.9685938
          ],
          [
            73.0078389,
            18.9686485
          ],
          [
            73.0078813,
            18.9687075
          ],
          [
            73.0080204,
            18.9691476
          ],
          [
            73.0080411,
            18.9695977
          ]
        ]
      }
    },
    {
      "type": "Feature",
      "id": "1362955519",
      "properties": {
        "osm_way_id": 1362955519,
        "selection_status": "search_only_name_match",
        "node_refs": [
          7339871761,
          12619190848,
          12619190849,
          12619190850,
          12619190851,
          12619190852,
          12619190853,
          12619190854,
          12619190855,
          12619190856,
          12619190857,
          12619190858,
          12619190859,
          12619190860,
          12619190861,
          12619190862,
          12619190863,
          2246308673
        ],
        "osm_tags": {
          "bridge": "yes",
          "construction": "primary",
          "highway": "construction",
          "layer": "1",
          "name": "Coastal Road Phase 3",
          "oneway": "yes"
        },
        "topology_component_min_way_id": 1362955519,
        "source": "derived",
        "model_assignment_status": "unassigned_extent_and_current_rules_pending"
      },
      "geometry": {
        "type": "LineString",
        "coordinates": [
          [
            73.0251077,
            19.0031229
          ],
          [
            73.0255401,
            19.0032043
          ],
          [
            73.0258648,
            19.0032546
          ],
          [
            73.0262334,
            19.003202
          ],
          [
            73.0265952,
            19.0030905
          ],
          [
            73.0269448,
            19.0028945
          ],
          [
            73.0275465,
            19.0024524
          ],
          [
            73.0277823,
            19.0023371
          ],
          [
            73.0280385,
            19.0023064
          ],
          [
            73.0282011,
            19.0023102
          ],
          [
            73.0284735,
            19.0024255
          ],
          [
            73.0286808,
            19.0025716
          ],
          [
            73.028754,
            19.0026754
          ],
          [
            73.0290508,
            19.0034134
          ],
          [
            73.0292581,
            19.003694
          ],
          [
            73.0294329,
            19.0038593
          ],
          [
            73.0297343,
            19.0040844
          ],
          [
            73.0316445,
            19.0053916
          ]
        ]
      }
    },
    {
      "type": "Feature",
      "id": "1390780602",
      "properties": {
        "osm_way_id": 1390780602,
        "selection_status": "search_only_name_match",
        "node_refs": [
          2246308900,
          2246308894,
          2246308896,
          2246308898,
          2246308892,
          12875713137,
          2246308888,
          2246308884,
          2246308873,
          2246308862,
          2246308860,
          2246308856,
          2246308854,
          2246308853,
          2246308851,
          2246308847,
          2246308836,
          2246308825,
          12873875255,
          12873875254,
          2246308821,
          2246308814,
          2246308810,
          2246308798,
          2246308792,
          2246308790,
          2246308785,
          2246308773,
          2246308772,
          2246308770,
          11877218159,
          7350117762,
          11877218157,
          2246308768,
          2246308766,
          2246308760,
          11877218153,
          7350117763,
          2246308756,
          2246308753,
          2246308747,
          11877218147,
          2246308754,
          7350117764,
          2246308757,
          2246308749,
          11877218138,
          2246308742,
          11877218137,
          11877218132,
          2246308738,
          11877218123,
          2246308733,
          11877218120,
          2246308731,
          7350269261
        ],
        "osm_tags": {
          "highway": "proposed",
          "name": "Navi Mumbai Coastal Road",
          "proposed": "road",
          "source": "digitalglobe"
        },
        "topology_component_min_way_id": 215241785,
        "source": "derived",
        "model_assignment_status": "unassigned_extent_and_current_rules_pending"
      },
      "geometry": {
        "type": "LineString",
        "coordinates": [
          [
            73.058781,
            19.0225443
          ],
          [
            73.058619,
            19.0225439
          ],
          [
            73.0583788,
            19.0225553
          ],
          [
            73.0580753,
            19.0225496
          ],
          [
            73.0577554,
            19.0225415
          ],
          [
            73.0575051,
            19.0225325
          ],
          [
            73.057301,
            19.0225107
          ],
          [
            73.0569596,
            19.0224798
          ],
          [
            73.0565303,
            19.0224252
          ],
          [
            73.0561838,
            19.0223137
          ],
          [
            73.0559579,
            19.0222116
          ],
          [
            73.0555775,
            19.0220562
          ],
          [
            73.0549752,
            19.0217675
          ],
          [
            73.0545563,
            19.0215684
          ],
          [
            73.0541352,
            19.0213882
          ],
          [
            73.053736,
            19.0212195
          ],
          [
            73.0535076,
            19.0211032
          ],
          [
            73.0531356,
            19.02096
          ],
          [
            73.0528352,
            19.0209828
          ],
          [
            73.052693,
            19.0209854
          ],
          [
            73.0517247,
            19.020534
          ],
          [
            73.0516818,
            19.020321
          ],
          [
            73.0515105,
            19.0202231
          ],
          [
            73.0510851,
            19.0200363
          ],
          [
            73.0507581,
            19.0198838
          ],
          [
            73.0504122,
            19.0196822
          ],
          [
            73.0501122,
            19.0195545
          ],
          [
            73.0497576,
            19.0194085
          ],
          [
            73.0493214,
            19.0193111
          ],
          [
            73.0490066,
            19.0192821
          ],
          [
            73.0489142,
            19.0192741
          ],
          [
            73.0487258,
            19.0192579
          ],
          [
            73.048624,
            19.0192436
          ],
          [
            73.0485772,
            19.019237
          ],
          [
            73.0484304,
            19.0191709
          ],
          [
            73.0483599,
            19.0191149
          ],
          [
            73.0483086,
            19.0190446
          ],
          [
            73.0482944,
            19.0190252
          ],
          [
            73.0482195,
            19.0189685
          ],
          [
            73.048125,
            19.018944
          ],
          [
            73.0480228,
            19.0189329
          ],
          [
            73.047982,
            19.0189423
          ],
          [
            73.0478718,
            19.0189678
          ],
          [
            73.0477689,
            19.0189598
          ],
          [
            73.0476471,
            19.0189012
          ],
          [
            73.0475708,
            19.0188235
          ],
          [
            73.0475155,
            19.0187535
          ],
          [
            73.0474539,
            19.0186753
          ],
          [
            73.0474407,
            19.0186603
          ],
          [
            73.0473758,
            19.0185862
          ],
          [
            73.0472811,
            19.0184781
          ],
          [
            73.0472432,
            19.0184558
          ],
          [
            73.0471344,
            19.018392
          ],
          [
            73.0470591,
            19.0183801
          ],
          [
            73.046916,
            19.0183575
          ],
          [
            73.0467628,
            19.0183695
          ]
        ]
      }
    },
    {
      "type": "Feature",
      "id": "1390998171",
      "properties": {
        "osm_way_id": 1390998171,
        "selection_status": "search_only_name_match",
        "node_refs": [
          12875721386,
          12875721382,
          7731220347,
          7731220348,
          12875721380
        ],
        "osm_tags": {
          "highway": "proposed",
          "name": "Navi Mumbai Coastal Road",
          "proposed": "road",
          "source": "digitalglobe"
        },
        "topology_component_min_way_id": 1390998171,
        "source": "derived",
        "model_assignment_status": "unassigned_extent_and_current_rules_pending"
      },
      "geometry": {
        "type": "LineString",
        "coordinates": [
          [
            73.0792268,
            19.0342126
          ],
          [
            73.0791315,
            19.0340187
          ],
          [
            73.078759,
            19.0334232
          ],
          [
            73.0776756,
            19.0322753
          ],
          [
            73.0767444,
            19.0315236
          ]
        ]
      }
    },
    {
      "type": "Feature",
      "id": "1390998173",
      "properties": {
        "osm_way_id": 1390998173,
        "selection_status": "search_only_name_match",
        "node_refs": [
          1650221715,
          7731220343,
          7731220344,
          7731220345,
          7731220346,
          4165218926
        ],
        "osm_tags": {
          "highway": "proposed",
          "name": "Navi Mumbai Coastal Road",
          "proposed": "road",
          "source": "digitalglobe"
        },
        "topology_component_min_way_id": 1390998173,
        "source": "derived",
        "model_assignment_status": "unassigned_extent_and_current_rules_pending"
      },
      "geometry": {
        "type": "LineString",
        "coordinates": [
          [
            73.0805721,
            19.0375783
          ],
          [
            73.080515,
            19.0372816
          ],
          [
            73.0803935,
            19.0368224
          ],
          [
            73.080048,
            19.0358424
          ],
          [
            73.0794689,
            19.0346151
          ],
          [
            73.0793367,
            19.034451
          ]
        ]
      }
    },
    {
      "type": "Feature",
      "id": "1420319724",
      "properties": {
        "osm_way_id": 1420319724,
        "selection_status": "corridor_name_candidate",
        "node_refs": [
          5907165649,
          12297408681,
          12297408680,
          13118754355,
          13993429483,
          5907165650,
          13118754356,
          12297408682,
          12558408925,
          5907165651,
          12558408924,
          5907165652,
          12297408683
        ],
        "osm_tags": {
          "bridge": "yes",
          "destination": "Dadar;Worli",
          "destination:lanes": "Dadar|Worli",
          "highway": "motorway_link",
          "lanes": "2",
          "layer": "1",
          "lit": "yes",
          "maxspeed": "40",
          "motorcycle": "no",
          "name": "Mumbai Coastal Road - Phase I",
          "oneway": "yes",
          "surface": "asphalt"
        },
        "topology_component_min_way_id": 39479159,
        "source": "derived",
        "model_assignment_status": "unassigned_extent_and_current_rules_pending"
      },
      "geometry": {
        "type": "LineString",
        "coordinates": [
          [
            72.8122405,
            19.0059513
          ],
          [
            72.8121871,
            19.0061152
          ],
          [
            72.8120901,
            19.0062804
          ],
          [
            72.8119463,
            19.0064164
          ],
          [
            72.8117017,
            19.0065642
          ],
          [
            72.8114687,
            19.0067231
          ],
          [
            72.8113243,
            19.00686
          ],
          [
            72.8112194,
            19.0070446
          ],
          [
            72.8111575,
            19.0072637
          ],
          [
            72.8111552,
            19.0075016
          ],
          [
            72.8111995,
            19.0077179
          ],
          [
            72.8112617,
            19.0078547
          ],
          [
            72.8113737,
            19.0080163
          ]
        ]
      }
    },
    {
      "type": "Feature",
      "id": "1421959435",
      "properties": {
        "osm_way_id": 1421959435,
        "selection_status": "corridor_name_candidate",
        "node_refs": [
          5907165679,
          12968716936,
          13257230543
        ],
        "osm_tags": {
          "highway": "motorway_link",
          "lanes": "2",
          "lit": "yes",
          "maxspeed": "40",
          "motorcycle": "no",
          "name": "Mumbai Coastal Road - Phase I",
          "oneway": "yes",
          "surface": "asphalt"
        },
        "topology_component_min_way_id": 39479159,
        "source": "derived",
        "model_assignment_status": "unassigned_extent_and_current_rules_pending"
      },
      "geometry": {
        "type": "LineString",
        "coordinates": [
          [
            72.8159987,
            19.0112809
          ],
          [
            72.8156646,
            19.010851
          ],
          [
            72.815366,
            19.0105118
          ]
        ]
      }
    },
    {
      "type": "Feature",
      "id": "1424381921",
      "properties": {
        "osm_way_id": 1424381921,
        "selection_status": "corridor_name_candidate",
        "node_refs": [
          5907166004,
          13093331267,
          13093331209,
          13093331208,
          13093331207,
          13093331206,
          13093331205,
          13093331204,
          13093331203,
          13093331202,
          13093331192,
          13093331230,
          13093331169,
          13093331168,
          13093331159,
          13093331158,
          13093331171,
          13093331157,
          13093331156,
          13093331173,
          13093331155,
          13093331154,
          13093331153,
          13092400938,
          13092400937,
          13092400936,
          13092400935,
          13092400934,
          13092400933,
          13092400913,
          13092400912,
          13092400911,
          13092400914,
          13092400910,
          13092400909,
          13092400908,
          13092340652
        ],
        "osm_tags": {
          "bus:lanes": "designated|yes|yes|yes",
          "highway": "motorway",
          "lanes": "4",
          "lanes:bus": "1",
          "lit": "yes",
          "maxheight": "5.5",
          "maxspeed": "80",
          "maxspeed:type": "sign",
          "motorcycle": "no",
          "name": "Mumbai Coastal Road",
          "name:en": "Mumbai Coastal Road",
          "official_name": "Dharamveer Swarajya Rakshak Chhatrapati Sambhaji Maharaj Mumbai Coastal Road",
          "official_name:en": "Dharamveer Swarajya Rakshak Chhatrapati Sambhaji Maharaj Mumbai Coastal Road",
          "oneway": "yes",
          "surface": "asphalt"
        },
        "topology_component_min_way_id": 39479159,
        "source": "derived",
        "model_assignment_status": "unassigned_extent_and_current_rules_pending"
      },
      "geometry": {
        "type": "LineString",
        "coordinates": [
          [
            72.7994335,
            18.9627863
          ],
          [
            72.8004746,
            18.9667775
          ],
          [
            72.8008365,
            18.9681557
          ],
          [
            72.8014281,
            18.9703779
          ],
          [
            72.8015267,
            18.9707392
          ],
          [
            72.8016222,
            18.9710714
          ],
          [
            72.8017239,
            18.9713715
          ],
          [
            72.8018749,
            18.9717882
          ],
          [
            72.8020474,
            18.9721932
          ],
          [
            72.8023124,
            18.9727584
          ],
          [
            72.8025198,
            18.9731507
          ],
          [
            72.8025382,
            18.9731864
          ],
          [
            72.8031516,
            18.9743717
          ],
          [
            72.8042161,
            18.9764739
          ],
          [
            72.8044489,
            18.9769311
          ],
          [
            72.8045656,
            18.977132
          ],
          [
            72.8046612,
            18.9772957
          ],
          [
            72.8047151,
            18.9773882
          ],
          [
            72.8048645,
            18.9776178
          ],
          [
            72.8049513,
            18.9777269
          ],
          [
            72.8050438,
            18.9778293
          ],
          [
            72.8052358,
            18.978044
          ],
          [
            72.8054062,
            18.978203
          ],
          [
            72.8055587,
            18.9783331
          ],
          [
            72.805801,
            18.9785091
          ],
          [
            72.8060866,
            18.978685
          ],
          [
            72.8064198,
            18.9788569
          ],
          [
            72.8068092,
            18.9790042
          ],
          [
            72.8072808,
            18.9791433
          ],
          [
            72.8080926,
            18.9793326
          ],
          [
            72.8105288,
            18.9799129
          ],
          [
            72.8106943,
            18.9799615
          ],
          [
            72.8109734,
            18.9800497
          ],
          [
            72.8111796,
            18.9801289
          ],
          [
            72.8114366,
            18.9802449
          ],
          [
            72.8116906,
            18.9803853
          ],
          [
            72.8119139,
            18.9805383
          ]
        ]
      }
    },
    {
      "type": "Feature",
      "id": "1424381922",
      "properties": {
        "osm_way_id": 1424381922,
        "selection_status": "corridor_name_candidate",
        "node_refs": [
          13092398484,
          13092398483,
          13092398482,
          13092398481,
          13092398480,
          13092398479,
          11762252863,
          13092340478,
          13092340479,
          13092340480,
          13092340481,
          13092340482,
          13092340483,
          13092340484,
          13092340485,
          13092340486,
          13092340487,
          13092340488,
          13092340719,
          13092340720,
          13092340721,
          13092340722,
          13092340723,
          13092340724,
          13092340725,
          13092340653
        ],
        "osm_tags": {
          "bridge": "yes",
          "bus:lanes": "designated|yes|yes|yes",
          "check_date": "2025-10-23",
          "check_date:lit": "2025-10-23",
          "check_date:surface": "2025-07-31",
          "highway": "motorway",
          "lanes": "4",
          "lanes:bus": "1",
          "layer": "2",
          "lit": "yes",
          "maxheight": "5.5",
          "maxspeed": "80",
          "maxspeed:type": "sign",
          "motorcycle": "no",
          "name": "Mumbai Coastal Road",
          "name:en": "Mumbai Coastal Road",
          "official_name": "Dharamveer Swarajya Rakshak Chhatrapati Sambhaji Maharaj Mumbai Coastal Road",
          "official_name:en": "Dharamveer Swarajya Rakshak Chhatrapati Sambhaji Maharaj Mumbai Coastal Road",
          "oneway": "yes",
          "surface": "asphalt"
        },
        "topology_component_min_way_id": 39479159,
        "source": "derived",
        "model_assignment_status": "unassigned_extent_and_current_rules_pending"
      },
      "geometry": {
        "type": "LineString",
        "coordinates": [
          [
            72.8124588,
            18.9852983
          ],
          [
            72.8126947,
            18.9850528
          ],
          [
            72.8128526,
            18.9848584
          ],
          [
            72.8129911,
            18.9846457
          ],
          [
            72.8131274,
            18.984392
          ],
          [
            72.8132377,
            18.9841383
          ],
          [
            72.8133095,
            18.9839269
          ],
          [
            72.8133647,
            18.9837372
          ],
          [
            72.8134044,
            18.9835407
          ],
          [
            72.8134277,
            18.9833684
          ],
          [
            72.8134441,
            18.9831874
          ],
          [
            72.8134541,
            18.9829916
          ],
          [
            72.8134513,
            18.9828333
          ],
          [
            72.8134379,
            18.9826557
          ],
          [
            72.8134164,
            18.9824706
          ],
          [
            72.8133816,
            18.9822956
          ],
          [
            72.8133306,
            18.9821053
          ],
          [
            72.8132972,
            18.9820004
          ],
          [
            72.8132034,
            18.9817619
          ],
          [
            72.8130924,
            18.9815193
          ],
          [
            72.8129789,
            18.9813164
          ],
          [
            72.8128728,
            18.9811578
          ],
          [
            72.8126972,
            18.9809351
          ],
          [
            72.8125215,
            18.9807315
          ],
          [
            72.8123232,
            18.9805466
          ],
          [
            72.8120787,
            18.9803509
          ]
        ]
      }
    },
    {
      "type": "Feature",
      "id": "1424389013",
      "properties": {
        "osm_way_id": 1424389013,
        "selection_status": "corridor_name_candidate",
        "node_refs": [
          13092400808,
          13092398489,
          13092398488,
          13092398487,
          13092398491,
          13092398486,
          13092398485,
          13092398484
        ],
        "osm_tags": {
          "bridge": "yes",
          "bus:lanes": "designated|yes|yes|yes",
          "check_date": "2025-10-23",
          "check_date:lit": "2025-10-23",
          "check_date:surface": "2025-07-31",
          "highway": "motorway",
          "lanes": "4",
          "lanes:bus": "1",
          "layer": "1",
          "lit": "yes",
          "maxheight": "5.5",
          "maxspeed": "80",
          "maxspeed:type": "sign",
          "motorcycle": "no",
          "name": "Mumbai Coastal Road",
          "name:en": "Mumbai Coastal Road",
          "official_name": "Dharamveer Swarajya Rakshak Chhatrapati Sambhaji Maharaj Mumbai Coastal Road",
          "official_name:en": "Dharamveer Swarajya Rakshak Chhatrapati Sambhaji Maharaj Mumbai Coastal Road",
          "oneway": "yes",
          "surface": "asphalt"
        },
        "topology_component_min_way_id": 39479159,
        "source": "derived",
        "model_assignment_status": "unassigned_extent_and_current_rules_pending"
      },
      "geometry": {
        "type": "LineString",
        "coordinates": [
          [
            72.8108347,
            18.9866244
          ],
          [
            72.8109024,
            18.9865554
          ],
          [
            72.811095,
            18.9863754
          ],
          [
            72.8112702,
            18.9862342
          ],
          [
            72.8116019,
            18.985987
          ],
          [
            72.8120759,
            18.9856297
          ],
          [
            72.8122274,
            18.9855069
          ],
          [
            72.8124588,
            18.9852983
          ]
        ]
      }
    },
    {
      "type": "Feature",
      "id": "1424389015",
      "properties": {
        "osm_way_id": 1424389015,
        "selection_status": "corridor_name_candidate",
        "node_refs": [
          13092340450,
          13092400869,
          13092400870,
          13092400871,
          13092400872,
          13092400873,
          13092400874,
          13092400875,
          13092400876,
          13092400877,
          13092400878,
          13092400879,
          13092400880,
          13092400881,
          13092400882,
          13092400883,
          13092400884,
          13092400885,
          13092400886,
          13092400887,
          13092400888,
          13092400889,
          13092400890,
          5907166039
        ],
        "osm_tags": {
          "bridge": "yes",
          "bus:lanes": "designated|yes|yes|yes",
          "highway": "motorway",
          "lanes": "4",
          "lanes:bus": "1",
          "layer": "1",
          "lit": "yes",
          "maxheight": "5.5",
          "maxspeed": "80",
          "maxspeed:type": "sign",
          "motorcycle": "no",
          "name": "Mumbai Coastal Road",
          "name:en": "Mumbai Coastal Road",
          "official_name": "Dharamveer Swarajya Rakshak Chhatrapati Sambhaji Maharaj Mumbai Coastal Road",
          "official_name:en": "Dharamveer Swarajya Rakshak Chhatrapati Sambhaji Maharaj Mumbai Coastal Road",
          "oneway": "yes",
          "surface": "asphalt"
        },
        "topology_component_min_way_id": 39479159,
        "source": "derived",
        "model_assignment_status": "unassigned_extent_and_current_rules_pending"
      },
      "geometry": {
        "type": "LineString",
        "coordinates": [
          [
            72.8131808,
            18.9834004
          ],
          [
            72.8131355,
            18.9836259
          ],
          [
            72.8130609,
            18.9838844
          ],
          [
            72.812964,
            18.9841335
          ],
          [
            72.8128223,
            18.9844108
          ],
          [
            72.8126782,
            18.9846458
          ],
          [
            72.8124454,
            18.9849456
          ],
          [
            72.8122232,
            18.9851914
          ],
          [
            72.8119256,
            18.985455
          ],
          [
            72.811112,
            18.9860569
          ],
          [
            72.8108521,
            18.9862742
          ],
          [
            72.8106261,
            18.9864986
          ],
          [
            72.8104604,
            18.9867052
          ],
          [
            72.8102871,
            18.9869759
          ],
          [
            72.8101816,
            18.987186
          ],
          [
            72.8100761,
            18.9874639
          ],
          [
            72.8100234,
            18.9877096
          ],
          [
            72.809997,
            18.9880088
          ],
          [
            72.8100008,
            18.9882653
          ],
          [
            72.8100234,
            18.988511
          ],
          [
            72.8100799,
            18.9887675
          ],
          [
            72.8101515,
            18.9889848
          ],
          [
            72.8102419,
            18.989202
          ],
          [
            72.8103733,
            18.9894897
          ]
        ]
      }
    },
    {
      "type": "Feature",
      "id": "1424389018",
      "properties": {
        "osm_way_id": 1424389018,
        "selection_status": "corridor_name_candidate",
        "node_refs": [
          13092340652,
          13092340697,
          13092340696,
          13092340695,
          13092340694,
          13092340693,
          13092340692,
          13092340691,
          13092340672,
          13092340470,
          13092340471,
          13092340472,
          13092340473,
          13092340474,
          13092340475,
          13092340476,
          13092340477,
          13092340450
        ],
        "osm_tags": {
          "bridge": "yes",
          "bus:lanes": "designated|yes|yes|yes",
          "highway": "motorway",
          "lanes": "4",
          "lanes:bus": "1",
          "layer": "2",
          "lit": "yes",
          "maxheight": "5.5",
          "maxspeed": "80",
          "maxspeed:type": "sign",
          "motorcycle": "no",
          "name": "Mumbai Coastal Road",
          "name:en": "Mumbai Coastal Road",
          "official_name": "Dharamveer Swarajya Rakshak Chhatrapati Sambhaji Maharaj Mumbai Coastal Road",
          "official_name:en": "Dharamveer Swarajya Rakshak Chhatrapati Sambhaji Maharaj Mumbai Coastal Road",
          "oneway": "yes",
          "surface": "asphalt"
        },
        "topology_component_min_way_id": 39479159,
        "source": "derived",
        "model_assignment_status": "unassigned_extent_and_current_rules_pending"
      },
      "geometry": {
        "type": "LineString",
        "coordinates": [
          [
            72.8119139,
            18.9805383
          ],
          [
            72.8120413,
            18.9806362
          ],
          [
            72.8122076,
            18.9807783
          ],
          [
            72.8123631,
            18.9809254
          ],
          [
            72.8125375,
            18.9811283
          ],
          [
            72.8127387,
            18.9814098
          ],
          [
            72.8128647,
            18.9816153
          ],
          [
            72.8129747,
            18.9818385
          ],
          [
            72.8130565,
            18.9820484
          ],
          [
            72.8130951,
            18.9821707
          ],
          [
            72.8131276,
            18.9822975
          ],
          [
            72.8131581,
            18.982434
          ],
          [
            72.8131764,
            18.9825436
          ],
          [
            72.8131964,
            18.9826886
          ],
          [
            72.8132107,
            18.9828558
          ],
          [
            72.8132168,
            18.9830192
          ],
          [
            72.8132066,
            18.9831903
          ],
          [
            72.8131808,
            18.9834004
          ]
        ]
      }
    },
    {
      "type": "Feature",
      "id": "1424389019",
      "properties": {
        "osm_way_id": 1424389019,
        "selection_status": "corridor_name_candidate",
        "node_refs": [
          13092340653,
          13092400915,
          13092400916,
          13092400917,
          13092400918,
          13092400919,
          13092400920,
          13092400952,
          13092400953,
          13092400954,
          13092400955,
          13092400956,
          13092400979,
          13092400957,
          13093331160,
          13093331161,
          13093331172,
          13093331162,
          13093331163,
          13093331164,
          13093331170,
          13093331165,
          13093331166,
          13093331191,
          13093331167,
          13093331193,
          13093331210,
          13093331211,
          13093331212,
          13093331213,
          13093331214,
          13093331215,
          13093331216,
          13093331263,
          13257230539
        ],
        "osm_tags": {
          "bus:lanes": "designated|yes|yes|yes",
          "check_date": "2025-10-23",
          "check_date:lit": "2025-10-23",
          "check_date:surface": "2025-07-31",
          "highway": "motorway",
          "lanes": "4",
          "lanes:bus": "1",
          "lit": "yes",
          "maxheight": "5.5",
          "maxspeed": "80",
          "maxspeed:type": "sign",
          "motorcycle": "no",
          "name": "Mumbai Coastal Road",
          "name:en": "Mumbai Coastal Road",
          "official_name": "Dharamveer Swarajya Rakshak Chhatrapati Sambhaji Maharaj Mumbai Coastal Road",
          "official_name:en": "Dharamveer Swarajya Rakshak Chhatrapati Sambhaji Maharaj Mumbai Coastal Road",
          "oneway": "yes",
          "surface": "asphalt"
        },
        "topology_component_min_way_id": 39479159,
        "source": "derived",
        "model_assignment_status": "unassigned_extent_and_current_rules_pending"
      },
      "geometry": {
        "type": "LineString",
        "coordinates": [
          [
            72.8120787,
            18.9803509
          ],
          [
            72.811821,
            18.9801838
          ],
          [
            72.8114833,
            18.9800039
          ],
          [
            72.8111193,
            18.9798551
          ],
          [
            72.810752,
            18.9797404
          ],
          [
            72.810211,
            18.979607
          ],
          [
            72.8081503,
            18.979113
          ],
          [
            72.8074663,
            18.978944
          ],
          [
            72.8071167,
            18.9788517
          ],
          [
            72.8067752,
            18.9787402
          ],
          [
            72.8064215,
            18.9785903
          ],
          [
            72.8061369,
            18.9784365
          ],
          [
            72.8060933,
            18.978408
          ],
          [
            72.8058071,
            18.9782223
          ],
          [
            72.8056307,
            18.9780836
          ],
          [
            72.8054275,
            18.9778915
          ],
          [
            72.805272,
            18.9777293
          ],
          [
            72.805153,
            18.9775927
          ],
          [
            72.8050609,
            18.9774764
          ],
          [
            72.8049605,
            18.9773395
          ],
          [
            72.8048757,
            18.9771984
          ],
          [
            72.8047877,
            18.977048
          ],
          [
            72.8046383,
            18.9767742
          ],
          [
            72.8038795,
            18.9752808
          ],
          [
            72.8033664,
            18.974271
          ],
          [
            72.8027352,
            18.9730508
          ],
          [
            72.8025614,
            18.9727096
          ],
          [
            72.8024042,
            18.9723862
          ],
          [
            72.8022625,
            18.972089
          ],
          [
            72.8021208,
            18.9717744
          ],
          [
            72.8020099,
            18.9714772
          ],
          [
            72.8018866,
            18.971113
          ],
          [
            72.801788,
            18.970775
          ],
          [
            72.80163,
            18.9701826
          ],
          [
            72.8016223,
            18.9701537
          ]
        ]
      }
    },
    {
      "type": "Feature",
      "id": "1432483026",
      "properties": {
        "osm_way_id": 1432483026,
        "selection_status": "search_only_name_match",
        "node_refs": [
          6261254328,
          10213583905,
          4693394230
        ],
        "osm_tags": {
          "highway": "residential",
          "name": "Dharmaveer Sambhaji Raji Marg"
        },
        "topology_component_min_way_id": 666794968,
        "source": "derived",
        "model_assignment_status": "unassigned_extent_and_current_rules_pending"
      },
      "geometry": {
        "type": "LineString",
        "coordinates": [
          [
            73.7455183,
            18.6093498
          ],
          [
            73.7454928,
            18.6088689
          ],
          [
            73.7454854,
            18.6087627
          ]
        ]
      }
    },
    {
      "type": "Feature",
      "id": "1444850279",
      "properties": {
        "osm_way_id": 1444850279,
        "selection_status": "corridor_name_candidate",
        "node_refs": [
          13257230539,
          13093331249
        ],
        "osm_tags": {
          "bus:lanes": "yes|designated|yes|yes|yes",
          "check_date": "2025-10-23",
          "check_date:lit": "2025-10-23",
          "check_date:surface": "2025-07-31",
          "destination:lanes": "Bhulabhai Desai Road|Nariman Point;Mantralaya|Nariman Point;Mantralaya|Nariman Point;Mantralaya|Nariman Point;Mantralaya",
          "highway": "motorway",
          "lanes": "5",
          "lanes:bus": "1",
          "lit": "yes",
          "maxheight": "5.5",
          "maxspeed": "80",
          "maxspeed:type": "sign",
          "motorcycle": "no",
          "name": "Mumbai Coastal Road",
          "name:en": "Mumbai Coastal Road",
          "official_name": "Dharamveer Swarajya Rakshak Chhatrapati Sambhaji Maharaj Mumbai Coastal Road",
          "official_name:en": "Dharamveer Swarajya Rakshak Chhatrapati Sambhaji Maharaj Mumbai Coastal Road",
          "oneway": "yes",
          "surface": "asphalt"
        },
        "topology_component_min_way_id": 39479159,
        "source": "derived",
        "model_assignment_status": "unassigned_extent_and_current_rules_pending"
      },
      "geometry": {
        "type": "LineString",
        "coordinates": [
          [
            72.8016223,
            18.9701537
          ],
          [
            72.8015054,
            18.9697153
          ]
        ]
      }
    },
    {
      "type": "Feature",
      "id": "1444850280",
      "properties": {
        "osm_way_id": 1444850280,
        "selection_status": "corridor_name_candidate",
        "node_refs": [
          13093331249,
          13093331217,
          13093331284,
          5907165855
        ],
        "osm_tags": {
          "bus:lanes": "designated|yes|yes|yes",
          "check_date": "2025-10-23",
          "check_date:lit": "2025-10-23",
          "check_date:surface": "2025-07-31",
          "highway": "motorway",
          "lanes": "4",
          "lanes:bus": "1",
          "lit": "yes",
          "maxheight": "5.5",
          "maxspeed": "80",
          "maxspeed:type": "sign",
          "motorcycle": "no",
          "name": "Mumbai Coastal Road",
          "name:en": "Mumbai Coastal Road",
          "official_name": "Dharamveer Swarajya Rakshak Chhatrapati Sambhaji Maharaj Mumbai Coastal Road",
          "official_name:en": "Dharamveer Swarajya Rakshak Chhatrapati Sambhaji Maharaj Mumbai Coastal Road",
          "oneway": "yes",
          "surface": "asphalt"
        },
        "topology_component_min_way_id": 39479159,
        "source": "derived",
        "model_assignment_status": "unassigned_extent_and_current_rules_pending"
      },
      "geometry": {
        "type": "LineString",
        "coordinates": [
          [
            72.8015054,
            18.9697153
          ],
          [
            72.8010752,
            18.9681026
          ],
          [
            72.8004058,
            18.9656159
          ],
          [
            72.7996315,
            18.9627392
          ]
        ]
      }
    },
    {
      "type": "Feature",
      "id": "1444850281",
      "properties": {
        "osm_way_id": 1444850281,
        "selection_status": "corridor_name_candidate",
        "node_refs": [
          13257230540,
          13092398495,
          13092398494,
          13092398493,
          13092398492,
          13092398490,
          13092400808
        ],
        "osm_tags": {
          "bridge": "yes",
          "bus:lanes": "yes|designated|yes|yes|yes",
          "check_date": "2025-10-23",
          "check_date:lit": "2025-10-23",
          "check_date:surface": "2025-07-31",
          "destination:lanes": "Acharya Atr Jn.;Gopalrao Deshmukh Road|Nariman Point|Nariman Point|Nariman Point|Nariman Point",
          "highway": "motorway",
          "lanes": "5",
          "lanes:bus": "1",
          "layer": "1",
          "lit": "yes",
          "maxheight": "5.5",
          "maxspeed": "80",
          "maxspeed:type": "sign",
          "motorcycle": "no",
          "name": "Mumbai Coastal Road",
          "name:en": "Mumbai Coastal Road",
          "official_name": "Dharamveer Swarajya Rakshak Chhatrapati Sambhaji Maharaj Mumbai Coastal Road",
          "official_name:en": "Dharamveer Swarajya Rakshak Chhatrapati Sambhaji Maharaj Mumbai Coastal Road",
          "oneway": "yes",
          "surface": "asphalt",
          "turn:lanes": "slight_left|through|through|through|through"
        },
        "topology_component_min_way_id": 39479159,
        "source": "derived",
        "model_assignment_status": "unassigned_extent_and_current_rules_pending"
      },
      "geometry": {
        "type": "LineString",
        "coordinates": [
          [
            72.8104002,
            18.9873098
          ],
          [
            72.8104089,
            18.9872842
          ],
          [
            72.8105089,
            18.9870871
          ],
          [
            72.8106059,
            18.9869171
          ],
          [
            72.8106859,
            18.9867929
          ],
          [
            72.8107899,
            18.98667
          ],
          [
            72.8108347,
            18.9866244
          ]
        ]
      }
    },
    {
      "type": "Feature",
      "id": "1444850282",
      "properties": {
        "osm_way_id": 1444850282,
        "selection_status": "corridor_name_candidate",
        "node_refs": [
          5907165820,
          13092400806,
          13092400805,
          13092400804,
          13092400803,
          13092400802,
          13092400801,
          13092398500,
          13092398499,
          13092398498,
          13092398497,
          13092398496,
          13257230540
        ],
        "osm_tags": {
          "bridge": "yes",
          "bus:lanes": "designated|yes|yes|yes",
          "check_date": "2025-10-23",
          "check_date:lit": "2025-10-23",
          "check_date:surface": "2025-07-31",
          "highway": "motorway",
          "lanes": "4",
          "lanes:bus": "1",
          "layer": "1",
          "lit": "yes",
          "maxheight": "5.5",
          "maxspeed": "80",
          "maxspeed:type": "sign",
          "motorcycle": "no",
          "name": "Mumbai Coastal Road",
          "name:en": "Mumbai Coastal Road",
          "official_name": "Dharamveer Swarajya Rakshak Chhatrapati Sambhaji Maharaj Mumbai Coastal Road",
          "official_name:en": "Dharamveer Swarajya Rakshak Chhatrapati Sambhaji Maharaj Mumbai Coastal Road",
          "oneway": "yes",
          "surface": "asphalt"
        },
        "topology_component_min_way_id": 39479159,
        "source": "derived",
        "model_assignment_status": "unassigned_extent_and_current_rules_pending"
      },
      "geometry": {
        "type": "LineString",
        "coordinates": [
          [
            72.8106036,
            18.9893895
          ],
          [
            72.8105561,
            18.989288
          ],
          [
            72.8104766,
            18.9891094
          ],
          [
            72.810412,
            18.9889378
          ],
          [
            72.8103576,
            18.9887796
          ],
          [
            72.8103033,
            18.9885961
          ],
          [
            72.8102691,
            18.9884233
          ],
          [
            72.8102519,
            18.9882101
          ],
          [
            72.8102491,
            18.9880022
          ],
          [
            72.8102662,
            18.9878106
          ],
          [
            72.810309,
            18.9876
          ],
          [
            72.810349,
            18.9874597
          ],
          [
            72.8104002,
            18.9873098
          ]
        ]
      }
    },
    {
      "type": "Feature",
      "id": "1444850283",
      "properties": {
        "osm_way_id": 1444850283,
        "selection_status": "corridor_name_candidate",
        "node_refs": [
          13257230541,
          5907165648
        ],
        "osm_tags": {
          "bus:lanes": "yes|designated|yes|yes",
          "highway": "motorway",
          "lanes": "4",
          "lanes:bus": "1",
          "lit": "yes",
          "maxspeed": "80",
          "maxspeed:type": "sign",
          "motorcycle": "no",
          "name": "Mumbai Coastal Road",
          "name:en": "Mumbai Coastal Road",
          "official_name": "Dharamveer Swarajya Rakshak Chhatrapati Sambhaji Maharaj Mumbai Coastal Road",
          "official_name:en": "Dharamveer Swarajya Rakshak Chhatrapati Sambhaji Maharaj Mumbai Coastal Road",
          "oneway": "yes",
          "surface": "asphalt",
          "turn:lanes": "slight_left|through|through|through"
        },
        "topology_component_min_way_id": 39479159,
        "source": "derived",
        "model_assignment_status": "unassigned_extent_and_current_rules_pending"
      },
      "geometry": {
        "type": "LineString",
        "coordinates": [
          [
            72.8115208,
            19.0036886
          ],
          [
            72.811703,
            19.0040978
          ]
        ]
      }
    },
    {
      "type": "Feature",
      "id": "1444850284",
      "properties": {
        "osm_way_id": 1444850284,
        "selection_status": "corridor_name_candidate",
        "node_refs": [
          13257230542,
          5907165670,
          13118754348,
          5907165803
        ],
        "osm_tags": {
          "destination": "Nariman Point",
          "highway": "motorway_link",
          "lanes": "2",
          "lit": "yes",
          "maxspeed": "40",
          "motorcycle": "no",
          "name": "Mumbai Coastal Road - Phase I",
          "oneway": "yes",
          "surface": "asphalt",
          "turn:lanes": "slight_right|slight_right"
        },
        "topology_component_min_way_id": 39479159,
        "source": "derived",
        "model_assignment_status": "unassigned_extent_and_current_rules_pending"
      },
      "geometry": {
        "type": "LineString",
        "coordinates": [
          [
            72.8133105,
            19.0077886
          ],
          [
            72.8133128,
            19.0077154
          ],
          [
            72.8132946,
            19.0075445
          ],
          [
            72.8131572,
            19.0070482
          ]
        ]
      }
    },
    {
      "type": "Feature",
      "id": "1444850285",
      "properties": {
        "osm_way_id": 1444850285,
        "selection_status": "corridor_name_candidate",
        "node_refs": [
          13257230543,
          5907165669
        ],
        "osm_tags": {
          "destination:lanes": "Nariman Point|Sea Link",
          "highway": "motorway_link",
          "lanes": "2",
          "lit": "yes",
          "maxspeed": "40",
          "motorcycle": "no",
          "name": "Mumbai Coastal Road - Phase I",
          "oneway": "yes",
          "surface": "asphalt",
          "turn:lanes": "through|slight_right"
        },
        "topology_component_min_way_id": 39479159,
        "source": "derived",
        "model_assignment_status": "unassigned_extent_and_current_rules_pending"
      },
      "geometry": {
        "type": "LineString",
        "coordinates": [
          [
            72.815366,
            19.0105118
          ],
          [
            72.8150994,
            19.0101822
          ]
        ]
      }
    },
    {
      "type": "Feature",
      "id": "1444852912",
      "properties": {
        "osm_way_id": 1444852912,
        "selection_status": "corridor_name_candidate",
        "node_refs": [
          13257254190,
          11762288198
        ],
        "osm_tags": {
          "destination:lanes": "Marine Line Station;Kalbadevi|Nariman Point;Mantralaya|Nariman Point;Mantralaya",
          "highway": "motorway",
          "lanes": "3",
          "motorcycle": "no",
          "name": "Mumbai Coastal Road - Phase I",
          "oneway": "yes",
          "surface": "asphalt"
        },
        "topology_component_min_way_id": 39479159,
        "source": "derived",
        "model_assignment_status": "unassigned_extent_and_current_rules_pending"
      },
      "geometry": {
        "type": "LineString",
        "coordinates": [
          [
            72.8228018,
            18.9444794
          ],
          [
            72.8230518,
            18.9439553
          ]
        ]
      }
    },
    {
      "type": "Feature",
      "id": "1444852913",
      "properties": {
        "osm_way_id": 1444852913,
        "selection_status": "corridor_name_candidate",
        "node_refs": [
          11727052533,
          11770646197,
          13257254190
        ],
        "osm_tags": {
          "highway": "motorway",
          "lanes": "3",
          "motorcycle": "no",
          "name": "Mumbai Coastal Road",
          "name:en": "Mumbai Coastal Road",
          "official_name": "Dharamveer Swarajya Rakshak Chhatrapati Sambhaji Maharaj Mumbai Coastal Road",
          "official_name:en": "Dharamveer Swarajya Rakshak Chhatrapati Sambhaji Maharaj Mumbai Coastal Road",
          "oneway": "yes",
          "surface": "asphalt"
        },
        "topology_component_min_way_id": 39479159,
        "source": "derived",
        "model_assignment_status": "unassigned_extent_and_current_rules_pending"
      },
      "geometry": {
        "type": "LineString",
        "coordinates": [
          [
            72.8220523,
            18.9458749
          ],
          [
            72.8226669,
            18.9447622
          ],
          [
            72.8228018,
            18.9444794
          ]
        ]
      }
    },
    {
      "type": "Feature",
      "id": "1444867825",
      "properties": {
        "osm_way_id": 1444867825,
        "selection_status": "corridor_name_candidate",
        "node_refs": [
          12297408683,
          5907165653,
          12558408942
        ],
        "osm_tags": {
          "bridge": "yes",
          "destination": "Dadar;Worli",
          "destination:lanes": "Dadar|Dadar|Worli|Worli",
          "highway": "motorway_link",
          "lanes": "4",
          "layer": "1",
          "lit": "yes",
          "maxspeed": "40",
          "motorcycle": "no",
          "name": "Mumbai Coastal Road - Phase I",
          "oneway": "yes",
          "surface": "asphalt",
          "turn:lanes": "slight_left|slight_left|through|through"
        },
        "topology_component_min_way_id": 39479159,
        "source": "derived",
        "model_assignment_status": "unassigned_extent_and_current_rules_pending"
      },
      "geometry": {
        "type": "LineString",
        "coordinates": [
          [
            72.8113737,
            19.0080163
          ],
          [
            72.811526,
            19.008151
          ],
          [
            72.811672,
            19.0082367
          ]
        ]
      }
    },
    {
      "type": "Feature",
      "id": "1468448540",
      "properties": {
        "osm_way_id": 1468448540,
        "selection_status": "search_only_name_match",
        "node_refs": [
          459555284,
          13468094228,
          13468094229,
          13468094230,
          13468094231,
          13468094232,
          13468094233,
          13468094234,
          13468094235,
          13468094236,
          13468094237,
          13468094238,
          13468094239,
          13468094240,
          13468094241,
          13093305961,
          13468094242,
          13468094243,
          13468094244,
          13468094245,
          13468094246,
          13468094247,
          13468094248,
          13468094249,
          13468094250,
          13468094251,
          13468094252,
          13468094253,
          13468094254,
          11727052549,
          13468094255,
          13468094256,
          13468094257,
          13468094258
        ],
        "osm_tags": {
          "bicycle": "designated",
          "foot": "designated",
          "highway": "cycleway",
          "name": "Coastal Road Promenade",
          "oneway": "no",
          "segregated": "yes",
          "smoothness": "excellent",
          "surface": "paved",
          "width": "50"
        },
        "topology_component_min_way_id": 1468448540,
        "source": "derived",
        "model_assignment_status": "unassigned_extent_and_current_rules_pending"
      },
      "geometry": {
        "type": "LineString",
        "coordinates": [
          [
            72.7997314,
            18.9591697
          ],
          [
            72.7994159,
            18.9596122
          ],
          [
            72.7991507,
            18.9601213
          ],
          [
            72.7990365,
            18.9605355
          ],
          [
            72.798968,
            18.961251
          ],
          [
            72.7990074,
            18.9616313
          ],
          [
            72.7992021,
            18.9624892
          ],
          [
            72.7995704,
            18.9639083
          ],
          [
            72.7998166,
            18.9649422
          ],
          [
            72.7999044,
            18.9652621
          ],
          [
            72.8003389,
            18.9670612
          ],
          [
            72.800621,
            18.968238
          ],
          [
            72.8007898,
            18.9689457
          ],
          [
            72.8010107,
            18.9695866
          ],
          [
            72.801172,
            18.9701173
          ],
          [
            72.8012671,
            18.9705811
          ],
          [
            72.8014913,
            18.9714878
          ],
          [
            72.8017356,
            18.9720855
          ],
          [
            72.8021315,
            18.9728464
          ],
          [
            72.8028214,
            18.9741717
          ],
          [
            72.803392,
            18.9753257
          ],
          [
            72.8038162,
            18.9761469
          ],
          [
            72.804359,
            18.9771745
          ],
          [
            72.8047358,
            18.9777691
          ],
          [
            72.8051389,
            18.9782544
          ],
          [
            72.806103,
            18.9789331
          ],
          [
            72.8068873,
            18.9792556
          ],
          [
            72.8087806,
            18.9797513
          ],
          [
            72.80949,
            18.9800291
          ],
          [
            72.8097967,
            18.9801217
          ],
          [
            72.8102603,
            18.9802382
          ],
          [
            72.8113469,
            18.9805302
          ],
          [
            72.8119397,
            18.9809113
          ],
          [
            72.8121934,
            18.9812235
          ]
        ]
      }
    },
    {
      "type": "Feature",
      "id": "1535981497",
      "properties": {
        "osm_way_id": 1535981497,
        "selection_status": "search_only_name_match",
        "node_refs": [
          245666152,
          8703731100,
          8703731101
        ],
        "osm_tags": {
          "bicycle": "no",
          "bridge": "yes",
          "check_date": "2025-08-06",
          "construction": "motorway",
          "fixme": "Approximate. Also will need to be divided into 2 one-ways per lane after more is constructed.",
          "foot": "no",
          "highway": "construction",
          "horse": "no",
          "layer": "1",
          "motor_vehicle": "yes",
          "name": "Versova - Bandra Sea Link",
          "name:en": "Versova - Bandra Sea Link",
          "name:mr": "वर्सोवा - वांद्रे सागरी सेतू",
          "official_name": "Swatantrya Veer Savarkar Sea Link",
          "official_name:en": "Swatantrya Veer Savarkar Sea Link",
          "official_name:mr": "स्वातंत्र्यवीर सावरकर सागरी सेतू",
          "oneway": "yes",
          "opening_date": "2027-07-31",
          "proposed": "motorway",
          "ref": "VBSL",
          "short_name": "VBSL",
          "short_name:en": "VBSL"
        },
        "topology_component_min_way_id": 39479159,
        "source": "derived",
        "model_assignment_status": "unassigned_extent_and_current_rules_pending"
      },
      "geometry": {
        "type": "LineString",
        "coordinates": [
          [
            72.8221539,
            19.0608909
          ],
          [
            72.8219252,
            19.0609786
          ],
          [
            72.8216274,
            19.0609655
          ]
        ]
      }
    },
    {
      "type": "Feature",
      "id": "1535981506",
      "properties": {
        "osm_way_id": 1535981506,
        "selection_status": "search_only_name_match",
        "node_refs": [
          13993415268,
          13993429486,
          5907181764,
          13993415269,
          13993415270,
          13993415271,
          13993429609,
          13993429610,
          13993415272,
          13993429611,
          13993415273,
          13993415274,
          13993415275,
          13993415276,
          13993415277,
          13993415278,
          13993429460,
          13993429459,
          13993429458,
          13993415279,
          13993415280,
          13993415281,
          13993415282,
          13993415283,
          13993415284,
          13993415285,
          13993415286,
          13993415287,
          245666185
        ],
        "osm_tags": {
          "bicycle": "no",
          "bridge": "yes",
          "check_date": "2025-08-06",
          "construction": "motorway",
          "fixme": "Approximate. Also will need to be divided into 2 one-ways per lane after more is constructed.",
          "foot": "no",
          "highway": "construction",
          "horse": "no",
          "layer": "1",
          "motor_vehicle": "yes",
          "name": "Versova - Bandra Sea Link",
          "name:en": "Versova - Bandra Sea Link",
          "name:mr": "वर्सोवा - वांद्रे सागरी सेतू",
          "official_name": "Swatantrya Veer Savarkar Sea Link",
          "official_name:en": "Swatantrya Veer Savarkar Sea Link",
          "official_name:mr": "स्वातंत्र्यवीर सावरकर सागरी सेतू",
          "oneway": "yes",
          "opening_date": "2027-07-31",
          "proposed": "motorway",
          "ref": "VBSL",
          "short_name": "VBSL",
          "short_name:en": "VBSL"
        },
        "topology_component_min_way_id": 1535981506,
        "source": "derived",
        "model_assignment_status": "unassigned_extent_and_current_rules_pending"
      },
      "geometry": {
        "type": "LineString",
        "coordinates": [
          [
            72.821823,
            19.0833592
          ],
          [
            72.8209581,
            19.0836219
          ],
          [
            72.8200606,
            19.0837157
          ],
          [
            72.8192813,
            19.0836974
          ],
          [
            72.8188253,
            19.0836625
          ],
          [
            72.8177841,
            19.0834935
          ],
          [
            72.8167228,
            19.0830823
          ],
          [
            72.8159131,
            19.0826942
          ],
          [
            72.8152108,
            19.0821034
          ],
          [
            72.8148089,
            19.0815553
          ],
          [
            72.8143856,
            19.080338
          ],
          [
            72.8138812,
            19.0781136
          ],
          [
            72.8136571,
            19.0756244
          ],
          [
            72.8137692,
            19.073294
          ],
          [
            72.8137878,
            19.0703457
          ],
          [
            72.8137499,
            19.0696327
          ],
          [
            72.8138179,
            19.0691501
          ],
          [
            72.8138081,
            19.0678246
          ],
          [
            72.8138309,
            19.0670201
          ],
          [
            72.8136996,
            19.0650899
          ],
          [
            72.8136347,
            19.0640869
          ],
          [
            72.8136184,
            19.0630878
          ],
          [
            72.8138786,
            19.0623501
          ],
          [
            72.8143664,
            19.0617814
          ],
          [
            72.8150332,
            19.0614278
          ],
          [
            72.8158951,
            19.0613049
          ],
          [
            72.8177695,
            19.0613657
          ],
          [
            72.8196685,
            19.0612542
          ],
          [
            72.8220831,
            19.0611878
          ]
        ]
      }
    }
  ]
}
