{"features":[{"geometry":{"coordinates":[[[[72.8408873,19.053825],[72.8408421,19.0538122],[72.8407687,19.0539851],[72.8404377,19.0548895],[72.8400061,19.0561985],[72.8400693,19.0562156],[72.8404829,19.0550339],[72.8405294,19.0549009],[72.8408873,19.053825]]]],"type":"MultiPolygon"},"id":"relation/10652795","properties":{"all_driver_tags":{"bench":"yes","bin":"yes","check_date:shelter":"2024-09-25","departures_board":"realtime","layer":"1","lit":"yes","name":"Platform 2,3","operator":"Western line (Mumbai Suburban Railway)","public_transport":"platform","railway":"platform","ref":"2;3","shelter":"yes","train":"yes","type":"multipolygon"},"boarding_coordinate_status":"not_derived_from_area","extent_intersection_status":"intersects_research_envelope","geometry_status":"valid","name":"Platform 2,3","osm_object_id":"10652795","osm_object_type":"relation","selected_tags":{"public_transport":"platform","railway":"platform"},"source":"mapped_osm_feature","source_id":"osm_western_zone_20260915","source_sha256":"c335a72cadfebc3ffde5cfff20fc9711f3112bc11000d43fde4daea10c36b53e","status":"unverified_operation_and_station_identity"},"type":"Feature"},{"geometry":{"coordinates":[[[[72.8413951,19.0527345],[72.8412707,19.0530177],[72.8407504,19.0545356],[72.8403396,19.0556713],[72.8404171,19.0556984],[72.8408346,19.054564],[72.8414376,19.0527462],[72.8413951,19.0527345]]]],"type":"MultiPolygon"},"id":"relation/10664919","properties":{"all_driver_tags":{"bench":"yes","bin":"yes","departures_board":"realtime","lit":"yes","operator":"Western line (Mumbai Suburban Railway)","public_transport":"platform","railway":"platform","ref":"4,5","shelter":"yes","train":"yes","type":"multipolygon"},"boarding_coordinate_status":"not_derived_from_area","extent_intersection_status":"intersects_research_envelope","geometry_status":"valid","name":"","osm_object_id":"10664919","osm_object_type":"relation","selected_tags":{"public_transport":"platform","railway":"platform"},"source":"mapped_osm_feature","source_id":"osm_western_zone_20260915","source_sha256":"c335a72cadfebc3ffde5cfff20fc9711f3112bc11000d43fde4daea10c36b53e","status":"unverified_operation_and_station_identity"},"type":"Feature"},{"geometry":{"coordinates":[[[[72.8413951,19.0527345],[72.8412707,19.0530177],[72.8407504,19.0545356],[72.8403396,19.0556713],[72.8404171,19.0556984],[72.8408346,19.054564],[72.8414376,19.0527462],[72.8413951,19.0527345]]]],"type":"MultiPolygon"},"id":"relation/10664920","properties":{"all_driver_tags":{"bench":"yes","bin":"yes","check_date:shelter":"2024-09-25","departures_board":"realtime","lit":"yes","name":"Platform 4,5","operator":"Western line (Mumbai Suburban Railway)","public_transport":"platform","railway":"platform","ref":"4;5","shelter":"yes","train":"yes","type":"multipolygon"},"boarding_coordinate_status":"not_derived_from_area","extent_intersection_status":"intersects_research_envelope","geometry_status":"valid","name":"Platform 4,5","osm_object_id":"10664920","osm_object_type":"relation","selected_tags":{"public_transport":"platform","railway":"platform"},"source":"mapped_osm_feature","source_id":"osm_western_zone_20260915","source_sha256":"c335a72cadfebc3ffde5cfff20fc9711f3112bc11000d43fde4daea10c36b53e","status":"unverified_operation_and_station_identity"},"type":"Feature"},{"geometry":{"coordinates":[[[[72.841412,19.053174],[72.8413959,19.0532202],[72.8411659,19.0538792],[72.8405243,19.0556791],[72.8406047,19.0557024],[72.8412522,19.0539059],[72.8414923,19.0531976],[72.841412,19.053174]]]],"type":"MultiPolygon"},"id":"relation/10664921","properties":{"all_driver_tags":{"bench":"yes","bin":"yes","departures_board":"yes","lit":"yes","operator":"Harbour line (Mumbai Suburban Railway)","public_transport":"platform","railway":"platform","shelter":"yes","train":"yes","type":"multipolygon"},"boarding_coordinate_status":"not_derived_from_area","extent_intersection_status":"intersects_research_envelope","geometry_status":"valid","name":"","osm_object_id":"10664921","osm_object_type":"relation","selected_tags":{"public_transport":"platform","railway":"platform"},"source":"mapped_osm_feature","source_id":"osm_western_zone_20260915","source_sha256":"c335a72cadfebc3ffde5cfff20fc9711f3112bc11000d43fde4daea10c36b53e","status":"unverified_operation_and_station_identity"},"type":"Feature"},{"geometry":{"coordinates":[[[[72.841412,19.053174],[72.8413959,19.0532202],[72.8411659,19.0538792],[72.8405243,19.0556791],[72.8406047,19.0557024],[72.8412522,19.0539059],[72.8414923,19.0531976],[72.841412,19.053174]]]],"type":"MultiPolygon"},"id":"relation/10664922","properties":{"all_driver_tags":{"bench":"yes","bin":"yes","check_date:shelter":"2024-09-25","departures_board":"realtime","lit":"yes","name":"Platform 6,7","operator":"Harbour line (Mumbai Suburban Railway)","public_transport":"platform","railway":"platform","ref":"6;7","shelter":"yes","train":"yes","type":"multipolygon"},"boarding_coordinate_status":"not_derived_from_area","extent_intersection_status":"intersects_research_envelope","geometry_status":"valid","name":"Platform 6,7","osm_object_id":"10664922","osm_object_type":"relation","selected_tags":{"public_transport":"platform","railway":"platform"},"source":"mapped_osm_feature","source_id":"osm_western_zone_20260915","source_sha256":"c335a72cadfebc3ffde5cfff20fc9711f3112bc11000d43fde4daea10c36b53e","status":"unverified_operation_and_station_identity"},"type":"Feature"},{"geometry":{"coordinates":[[[[72.8902994,19.0684442],[72.8903685,19.0683654],[72.8901661,19.0682013],[72.8899467,19.0680512],[72.8896743,19.0679853],[72.8893545,19.0679473],[72.8889237,19.0678351],[72.8887469,19.0680305],[72.8886504,19.0681371],[72.8889808,19.0684042],[72.8892541,19.0681021],[72.8893225,19.0680251],[72.8893594,19.0680521],[72.8894019,19.0680109],[72.8895717,19.0681425],[72.8896004,19.0681055],[72.8896531,19.0680476],[72.8902453,19.0685034],[72.8902994,19.0684442]]]],"type":"MultiPolygon"},"id":"relation/11205336","properties":{"all_driver_tags":{"layer":"-1","public_transport":"platform","railway":"platform","type":"multipolygon"},"boarding_coordinate_status":"not_derived_from_area","extent_intersection_status":"intersects_research_envelope","geometry_status":"valid","name":"","osm_object_id":"11205336","osm_object_type":"relation","selected_tags":{"public_transport":"platform","railway":"platform"},"source":"mapped_osm_feature","source_id":"osm_western_zone_20260915","source_sha256":"c335a72cadfebc3ffde5cfff20fc9711f3112bc11000d43fde4daea10c36b53e","status":"unverified_operation_and_station_identity"},"type":"Feature"},{"geometry":{"coordinates":[[[[72.8939712,19.0719707],[72.8937128,19.0717377],[72.8934547,19.0715143],[72.8926128,19.0708305],[72.8921956,19.0704915],[72.8892541,19.0681021],[72.8893225,19.0680251],[72.8893594,19.0680521],[72.8922694,19.0704132],[72.8926857,19.0707509],[72.8935106,19.0714202],[72.8937539,19.0716448],[72.8940282,19.0719122],[72.8939712,19.0719707]]]],"type":"MultiPolygon"},"id":"relation/11205337","properties":{"all_driver_tags":{"layer":"-1","name":"Platform 4/5","public_transport":"platform","railway":"platform","type":"multipolygon"},"boarding_coordinate_status":"not_derived_from_area","extent_intersection_status":"intersects_research_envelope","geometry_status":"valid","name":"Platform 4/5","osm_object_id":"11205337","osm_object_type":"relation","selected_tags":{"public_transport":"platform","railway":"platform"},"source":"mapped_osm_feature","source_id":"osm_western_zone_20260915","source_sha256":"c335a72cadfebc3ffde5cfff20fc9711f3112bc11000d43fde4daea10c36b53e","status":"unverified_operation_and_station_identity"},"type":"Feature"},{"geometry":{"coordinates":[[[[72.8941781,19.0719319],[72.8940576,19.0717926],[72.8937536,19.071495],[72.8927525,19.070678],[72.8923323,19.0703351],[72.8896004,19.0681055],[72.8896531,19.0680476],[72.8902453,19.0685034],[72.8923987,19.0702619],[72.8928191,19.0706053],[72.8937248,19.0713449],[72.8939512,19.0715648],[72.8941153,19.0717421],[72.8942338,19.0718926],[72.8941781,19.0719319]]]],"type":"MultiPolygon"},"id":"relation/11205338","properties":{"all_driver_tags":{"layer":"-1","name":"Platform 2/3","public_transport":"platform","railway":"platform","type":"multipolygon"},"boarding_coordinate_status":"not_derived_from_area","extent_intersection_status":"intersects_research_envelope","geometry_status":"valid","name":"Platform 2/3","osm_object_id":"11205338","osm_object_type":"relation","selected_tags":{"public_transport":"platform","railway":"platform"},"source":"mapped_osm_feature","source_id":"osm_western_zone_20260915","source_sha256":"c335a72cadfebc3ffde5cfff20fc9711f3112bc11000d43fde4daea10c36b53e","status":"unverified_operation_and_station_identity"},"type":"Feature"},{"geometry":{"coordinates":[[[[72.816064,18.9638181],[72.8158285,18.9632769],[72.8156471,18.9627621],[72.8157104,18.9627455],[72.8157679,18.9628941],[72.8161882,18.9639137],[72.8164976,18.9645859],[72.8164359,18.9646112],[72.8161288,18.9639365],[72.816064,18.9638181]]]],"type":"MultiPolygon"},"id":"relation/16244999","properties":{"all_driver_tags":{"bench":"yes","building":"concourse","covered":"yes","departures_board":"realtime","name":"Platform 1","public_transport":"platform","railway":"platform","ref":"1","train":"yes","type":"multipolygon"},"boarding_coordinate_status":"not_derived_from_area","extent_intersection_status":"intersects_research_envelope","geometry_status":"valid","name":"Platform 1","osm_object_id":"16244999","osm_object_type":"relation","selected_tags":{"public_transport":"platform","railway":"platform"},"source":"mapped_osm_feature","source_id":"osm_western_zone_20260915","source_sha256":"c335a72cadfebc3ffde5cfff20fc9711f3112bc11000d43fde4daea10c36b53e","status":"unverified_operation_and_station_identity"},"type":"Feature"},{"geometry":{"coordinates":[[[[73.6879444,18.5799387],[73.6879019,18.5799341],[73.6877669,18.5799194],[73.6879159,18.5786847],[73.688064,18.5787015],[73.6881093,18.5787057],[73.6882522,18.5787212],[73.6881029,18.5799559],[73.6879444,18.5799387]]]],"type":"MultiPolygon"},"id":"relation/20268748","properties":{"all_driver_tags":{"building":"yes","construction":"yes","construction:railway":"station","description":"Metro station under construction","layer":"1","network":"Pune Metro","network:wikidata":"Q3595697","operator":"PMRDA","public_transport":"station","railway":"station","station":"subway","subway":"yes","type":"multipolygon"},"boarding_coordinate_status":"not_derived_from_area","extent_intersection_status":"intersects_research_envelope","geometry_status":"valid","name":"","osm_object_id":"20268748","osm_object_type":"relation","selected_tags":{"public_transport":"station","railway":"station"},"source":"mapped_osm_feature","source_id":"osm_western_zone_20260915","source_sha256":"c335a72cadfebc3ffde5cfff20fc9711f3112bc11000d43fde4daea10c36b53e","status":"unverified_operation_and_station_identity"},"type":"Feature"},{"geometry":{"coordinates":[[[[72.8767117,19.1000784],[72.8769181,19.1000795],[72.8771582,19.1004113],[72.8788217,19.0997731],[72.8789512,19.0996473],[72.8787813,19.0987591],[72.8790146,19.0983333],[72.8792936,19.0982928],[72.879779,19.0984018],[72.8807393,19.0978999],[72.8807017,19.0975983],[72.8806159,19.0974716],[72.880758,19.0971801],[72.8808923,19.0967107],[72.8808004,19.0963535],[72.8803377,19.0960059],[72.8806306,19.0957649],[72.8807017,19.0958203],[72.8808106,19.0958915],[72.8809454,19.0959722],[72.8811054,19.0960568],[72.8812995,19.0961596],[72.8815045,19.0962521],[72.8817122,19.0963319],[72.8819081,19.0964011],[72.8819247,19.0963613],[72.8819317,19.0963445],[72.8819444,19.0963141],[72.8819505,19.0962772],[72.8819613,19.0961784],[72.8819351,19.0961792],[72.8819326,19.0961025],[72.8818566,19.0960969],[72.8818566,19.0960466],[72.8816794,19.0959826],[72.8817495,19.0957826],[72.8817655,19.0957172],[72.8817687,19.0956589],[72.8817623,19.0955985],[72.8815845,19.0948074],[72.881543,19.094815],[72.8815215,19.094725],[72.8814397,19.094725],[72.8814244,19.0944023],[72.8812839,19.0944153],[72.8812626,19.0944093],[72.8812318,19.0943892],[72.8812159,19.0943639],[72.8811977,19.0943439],[72.8811551,19.0943178],[72.8811379,19.0943156],[72.8811072,19.0943117],[72.8810687,19.0943141],[72.8807155,19.0943782],[72.8806974,19.0943072],[72.8806404,19.0943202],[72.8805703,19.0940759],[72.8803792,19.0941525],[72.8802834,19.0941766],[72.8801663,19.0941947],[72.880161,19.0943979],[72.8800243,19.0944002],[72.8799476,19.0944102],[72.8798657,19.0944374],[72.8798373,19.0944501],[72.8797243,19.0945007],[72.8797728,19.0945385],[72.8798514,19.0946214],[72.8799294,19.0947266],[72.8800932,19.0949985],[72.8804134,19.0955465],[72.8804564,19.0956045],[72.8804948,19.0956375],[72.8805539,19.0956817],[72.880261,19.0959228],[72.8798944,19.0955073],[72.8798622,19.0953045],[72.8796905,19.0949192],[72.8793794,19.0946911],[72.8789127,19.0946708],[72.8781938,19.0935701],[72.8782019,19.0932409],[72.8786557,19.0914867],[72.8786499,19.0912677],[72.8791326,19.0912634],[72.8791473,19.091264],[72.8792327,19.0912677],[72.8794236,19.0913821],[72.8794438,19.0914848],[72.8805396,19.0914551],[72.8806,19.0914508],[72.8812127,19.0914075],[72.8812408,19.0914315],[72.8813706,19.0913782],[72.8813119,19.0910665],[72.8813696,19.0909867],[72.8813481,19.090789],[72.8816644,19.089901],[72.8818362,19.0897861],[72.8815459,19.0892257],[72.8815406,19.0892542],[72.8814789,19.089258],[72.8814816,19.0890907],[72.8813481,19.0887942],[72.8812905,19.0886332],[72.8812234,19.088419],[72.8811805,19.0882327],[72.8811416,19.088049],[72.8811336,19.0878982],[72.8802987,19.0878082],[72.8802551,19.0877727],[72.8796402,19.0877879],[72.8796416,19.0877442],[72.8793559,19.087741],[72.8793499,19.0876206],[72.8792446,19.0875959],[72.8789375,19.0876618],[72.8789435,19.087798],[72.8786228,19.0877884],[72.8785844,19.0875724],[72.8785546,19.087504],[72.878395,19.0872467],[72.8774295,19.0871782],[72.8774357,19.0871],[72.8772698,19.0870921],[72.8769989,19.0870414],[72.8768031,19.0870414],[72.8766234,19.0871213],[72.8765979,19.0870908],[72.8765738,19.0867702],[72.8765148,19.0863938],[72.8764611,19.0863786],[72.8764759,19.0862506],[72.8763056,19.0862125],[72.8763136,19.0860706],[72.8762372,19.0856283],[72.8752114,19.085806],[72.8751735,19.0857797],[72.8752497,19.0854357],[72.8756951,19.084719],[72.875977,19.0848121],[72.8760776,19.084551],[72.8763297,19.0839667],[72.8769788,19.0832],[72.8769158,19.0831632],[72.8769936,19.0830618],[72.8770553,19.0829123],[72.877121,19.0826537],[72.8771706,19.0825244],[72.8773382,19.0820834],[72.8773919,19.0819769],[72.8777419,19.0812634],[72.8779592,19.080783],[72.877927,19.0806968],[72.8780799,19.080271],[72.8781845,19.0800568],[72.8782354,19.0798933],[72.8782421,19.0798121],[72.8782368,19.0797184],[72.8782247,19.0796258],[72.8781322,19.0794813],[72.8778747,19.0792139],[72.8777781,19.0791227],[72.8777079,19.0790911],[72.8774871,19.0790846],[72.8774187,19.0791037],[72.8773463,19.0791391],[72.8770848,19.0792976],[72.8771127,19.079335],[72.8768138,19.0794633],[72.8763818,19.0795428],[72.876148,19.0797378],[72.875867,19.079257],[72.874544,19.0798419],[72.8720865,19.081001],[72.8709452,19.0815396],[72.8706917,19.0816474],[72.8692876,19.0822267],[72.8684387,19.0826005],[72.8675415,19.0825092],[72.8670479,19.082456],[72.8668199,19.0824573],[72.8666349,19.0824725],[72.8664726,19.0825105],[72.8663787,19.0825472],[72.8662741,19.0826144],[72.866085,19.0827652],[72.8654852,19.0833306],[72.8649486,19.0838856],[72.8640623,19.0843024],[72.864039,19.0843139],[72.8639222,19.0843551],[72.8632987,19.0843675],[72.8624726,19.0842938],[72.862342,19.0842988],[72.8617144,19.0843748],[72.8613429,19.0844657],[72.8612302,19.0846448],[72.8609821,19.0850972],[72.8604296,19.0850605],[72.8594353,19.0850315],[72.8577305,19.0860569],[72.8577729,19.0856498],[72.8574403,19.0856473],[72.8574625,19.0845682],[72.8574631,19.0845383],[72.8570619,19.0845052],[72.856248,19.0844699],[72.8551134,19.0843495],[72.8551161,19.0845523],[72.8554633,19.0851409],[72.8557815,19.085608],[72.8557773,19.085717],[72.8562534,19.086461],[72.8561796,19.0868817],[72.8559248,19.0868855],[72.855037,19.0868919],[72.8534116,19.0868944],[72.8533995,19.08648],[72.8530334,19.0864888],[72.8525278,19.0863393],[72.8522837,19.0863038],[72.8518398,19.0863177],[72.8517379,19.0861251],[72.8511867,19.0862582],[72.8511022,19.0859046],[72.8506556,19.085883],[72.8507012,19.0850985],[72.8502721,19.0852202],[72.850319,19.0854825],[72.8503351,19.085551],[72.8503539,19.0856131],[72.85037,19.0857284],[72.8503565,19.0862823],[72.8497075,19.086352],[72.8496712,19.0862163],[72.8494491,19.0862747],[72.8491066,19.0863659],[72.8488587,19.086419],[72.8483932,19.0864901],[72.8483248,19.0863722],[72.8482644,19.0863279],[72.8481773,19.0865078],[72.8481276,19.0866346],[72.8481196,19.0868069],[72.8478648,19.0868323],[72.8477159,19.0868298],[72.8477186,19.0867955],[72.8476958,19.0867791],[72.8476529,19.086774],[72.8474437,19.0867778],[72.8470159,19.0867715],[72.8467543,19.0867829],[72.8464231,19.0868348],[72.846285,19.0868652],[72.8461173,19.0869197],[72.8457338,19.0871707],[72.8454924,19.0873798],[72.8454079,19.087447],[72.8453059,19.087556],[72.8452604,19.0876307],[72.8451611,19.0876409],[72.8451182,19.0877423],[72.8444919,19.0880109],[72.8442036,19.0879539],[72.8442438,19.0878487],[72.8441915,19.0877904],[72.8440627,19.0880654],[72.8439501,19.0884647],[72.8439099,19.0886129],[72.8438871,19.0887828],[72.8438683,19.088912],[72.843871,19.0891833],[72.8439206,19.0895622],[72.8440507,19.0900248],[72.8441486,19.0900527],[72.844166,19.090116],[72.8441204,19.0901591],[72.8441848,19.0903112],[72.8448127,19.0910411],[72.8456131,19.0910488],[72.8458035,19.0910906],[72.8459081,19.0911033],[72.8458947,19.0909119],[72.845892,19.0907801],[72.8458706,19.0906166],[72.8458866,19.0901148],[72.8460369,19.0901084],[72.8464566,19.090552],[72.8467785,19.0909069],[72.8469153,19.0910526],[72.8470588,19.0910665],[72.8479439,19.0911033],[72.8483704,19.0911071],[72.8491335,19.0912085],[72.8493574,19.0912604],[72.8494486,19.0913099],[72.849517,19.0913821],[72.84969,19.0916432],[72.8497651,19.0917344],[72.8500119,19.0919093],[72.8501607,19.092058],[72.8502466,19.0921438],[72.8506006,19.0921527],[72.8506047,19.0922021],[72.8507119,19.0922059],[72.850716,19.0921083],[72.8511679,19.0921108],[72.8512363,19.0921527],[72.8513221,19.0921615],[72.85199,19.0921552],[72.8520061,19.0922059],[72.8519645,19.0922236],[72.8519042,19.0921894],[72.8516212,19.0921919],[72.8516802,19.0922883],[72.8520195,19.0925886],[72.8520598,19.0927813],[72.8521664,19.093176],[72.8523588,19.0931887],[72.8526498,19.0931855],[72.8526592,19.0932299],[72.8534853,19.0932476],[72.853488,19.0932159],[72.8535953,19.0932654],[72.8536516,19.0933021],[72.8542444,19.0933173],[72.8543088,19.0931614],[72.8543463,19.0931272],[72.8544241,19.0931184],[72.8548184,19.0931108],[72.8549431,19.0930195],[72.8549954,19.0930917],[72.85521,19.0934263],[72.8562135,19.092871],[72.8563807,19.0931215],[72.8566302,19.0934973],[72.8568159,19.0937736],[72.8570584,19.094137],[72.8571399,19.0941119],[72.8571787,19.0941563],[72.8573645,19.0940676],[72.8573866,19.094098],[72.8575549,19.0940049],[72.8575294,19.0939719],[72.8577132,19.0938642],[72.8578493,19.09406],[72.8580491,19.0939421],[72.8581054,19.0940194],[72.8581282,19.0940068],[72.8582691,19.0942361],[72.8584662,19.0945264],[72.8586258,19.0944338],[72.8587612,19.0946366],[72.8584595,19.0948584],[72.8586714,19.0951702],[72.8588431,19.0954401],[72.8588122,19.0955035],[72.8585346,19.0957658],[72.8566879,19.0974665],[72.8566557,19.0975539],[72.8558846,19.0982852],[72.8557987,19.0982801],[72.8550598,19.0988669],[72.8551215,19.0990595],[72.8551041,19.0990886],[72.8556599,19.1003832],[72.8559449,19.1009465],[72.8560515,19.1011568],[72.8562038,19.1010276],[72.8567114,19.1006252],[72.856871,19.1004902],[72.8571097,19.1004725],[72.857168,19.1005042],[72.8571773,19.1004996],[72.8571425,19.1003876],[72.8572378,19.1003306],[72.8572579,19.1001633],[72.8573196,19.1000974],[72.8578198,19.0998123],[72.8580075,19.099721],[72.8580531,19.0997578],[72.8579888,19.1000518],[72.8581953,19.1000758],[72.8581658,19.1002064],[72.8587612,19.1002647],[72.8588954,19.1002241],[72.8589758,19.100143],[72.8591582,19.1003255],[72.8594506,19.1001405],[72.8595311,19.1001785],[72.8605852,19.1012253],[72.8612976,19.1006084],[72.8620604,19.0999479],[72.8636348,19.0986501],[72.864233,19.0981914],[72.8638279,19.0972004],[72.8635141,19.0966047],[72.8636026,19.0964729],[72.8636724,19.0963538],[72.8639674,19.0960015],[72.8637421,19.095492],[72.8640076,19.0954084],[72.8641176,19.0954439],[72.8642222,19.0954946],[72.8645173,19.0956251],[72.8650081,19.0957202],[72.8650899,19.095743],[72.8651395,19.0956847],[72.865389,19.0958393],[72.8654145,19.0959457],[72.8654037,19.0960813],[72.865507,19.0961308],[72.8655781,19.0961371],[72.8656787,19.0961815],[72.8657632,19.0962841],[72.8657216,19.0963703],[72.8658356,19.096421],[72.8658839,19.0964387],[72.865853,19.0965198],[72.8658946,19.0965718],[72.8658517,19.0966453],[72.8658517,19.0966884],[72.8660408,19.0968392],[72.8659683,19.0969165],[72.8660797,19.0970369],[72.8662352,19.0971433],[72.8670144,19.0973981],[72.8671002,19.0974526],[72.8675415,19.097611],[72.8676863,19.0976604],[72.8686371,19.0975717],[72.8688464,19.0975806],[72.8689764,19.0976249],[72.8692581,19.0977821],[72.8693841,19.0978239],[72.8694794,19.097867],[72.8698817,19.0980951],[72.8705697,19.0986616],[72.8712177,19.0992397],[72.8712348,19.0990244],[72.8712322,19.098147],[72.8711973,19.098064],[72.871244,19.0980145],[72.8713354,19.0979177],[72.8713556,19.0979291],[72.871381,19.0978885],[72.8714574,19.0978795],[72.871428,19.0988344],[72.8714271,19.0988648],[72.8723485,19.0988818],[72.8723517,19.0997116],[72.8724847,19.0997078],[72.8728494,19.0992143],[72.8729274,19.0992668],[72.8729168,19.0993795],[72.8729226,19.0995026],[72.8729433,19.099591],[72.8729782,19.0996817],[72.873022,19.0997532],[72.873102,19.099856],[72.8732046,19.0999417],[72.8732991,19.0999986],[72.8733873,19.1000343],[72.8734659,19.1000588],[72.8735432,19.1000725],[72.8735982,19.1000767],[72.8736576,19.1000788],[72.8741549,19.100082],[72.8745865,19.1000888],[72.8753587,19.1000975],[72.8755275,19.1000965],[72.8755808,19.1000916],[72.8756323,19.1000832],[72.8756803,19.1000694],[72.8757461,19.1000439],[72.8758025,19.1000193],[72.8758593,19.0999876],[72.8759305,19.0999338],[72.8759885,19.09988],[72.8760369,19.0998216],[72.8761117,19.0997003],[72.8761379,19.0996391],[72.8761573,19.0995798],[72.8761728,19.0994446],[72.8761694,19.0993454],[72.8761476,19.0992415],[72.8767117,19.1000784]]]],"type":"MultiPolygon"},"id":"way/22826676","properties":{"all_driver_tags":{"addr:city":"Mumbai","aerodrome":"international","aerodrome:type":"public","aeroway":"aerodrome","alt_name":"Mumbai Airport;Mumbai International Airport","alt_name:mr":"मुंबई विमानतळ;मुंबई आंतरराष्ट्रीय विमानतळ","iata":"BOM","icao":"VABB","name":"Chhatrapati Shivaji Maharaj International Airport","name:ar":"مطار تشاتراباتي شيفاجي الدولي","name:etymology:wikidata":"Q239505","name:fa":"فرودگاه بین‌المللی چاتراپاتی شیواجی","name:hi":"छत्रपति शिवाजी महाराज अंतर्राष्ट्रीय विमानक्षेत्र","name:ja":"チャトラパティ・シヴァージー・マハラジ国際空港","name:kn":"ಛತ್ರಪತಿ ಶಿವಾಜಿ ಇಂಟರ್‌ನ್ಯಾಶನಲ್ ಏರ್‌ಪೋರ್ಟ್","name:ml":"ഛത്രപതി ശിവാജി മഹാരാജ് അന്താരാഷ്ട്ര വിമാനത്താവളം","name:mr":"छत्रपती शिवाजी महाराज आंतरराष्ट्रीय विमानतळ","name:ru":"Международный аэропорт имени Чатрапати Шиваджи","name:ta":"சத்திரபதி சிவாஜி பன்னாட்டு வானூர்தி நிலையம்","name:zh":"贾特拉帕蒂·希瓦吉国际机场","operator":"Mumbai International Airport Limited","operator:type":"government","rank_aci:2016":"29","website":"https://csmia.adaniairports.com/","wikidata":"Q504368","wikipedia":"en:Chhatrapati Shivaji Maharaj International Airport"},"boarding_coordinate_status":"not_derived_from_area","extent_intersection_status":"intersects_research_envelope","geometry_status":"valid","name":"Chhatrapati Shivaji Maharaj International Airport","osm_object_id":"22826676","osm_object_type":"way","selected_tags":{"aeroway":"aerodrome"},"source":"mapped_osm_feature","source_id":"osm_western_zone_20260915","source_sha256":"c335a72cadfebc3ffde5cfff20fc9711f3112bc11000d43fde4daea10c36b53e","status":"unverified_operation_and_station_identity"},"type":"Feature"},{"geometry":{"coordinates":[[[[72.827149,19.0958706],[72.8279757,19.095982],[72.8278511,19.0963098],[72.8274384,19.0962978],[72.8271191,19.0962642],[72.827149,19.0958706]]]],"type":"MultiPolygon"},"id":"way/27036772","properties":{"all_driver_tags":{"amenity":"bus_station","bus":"yes","name":"Juhu Chowpati Bus Station","name:en":"Juhu Chowpati Bus Station","name:hi":"जुहू चौपाटी बस स्थानक","public_transport":"station"},"boarding_coordinate_status":"not_derived_from_area","extent_intersection_status":"intersects_research_envelope","geometry_status":"valid","name":"Juhu Chowpati Bus Station","osm_object_id":"27036772","osm_object_type":"way","selected_tags":{"amenity":"bus_station","public_transport":"station"},"source":"mapped_osm_feature","source_id":"osm_western_zone_20260915","source_sha256":"c335a72cadfebc3ffde5cfff20fc9711f3112bc11000d43fde4daea10c36b53e","status":"unverified_operation_and_station_identity"},"type":"Feature"},{"geometry":{"coordinates":[[[[72.8431922,18.931574],[72.8435161,18.9316269],[72.8439245,18.9293876],[72.8436001,18.9293347],[72.8431922,18.931574]]]],"type":"MultiPolygon"},"id":"way/28847895","properties":{"all_driver_tags":{"amenity":"ferry_terminal","building":"yes","building:levels":"3","ferry":"yes","height":"21.8","name":"Mumbai International Cruise Terminal","public_transport":"station"},"boarding_coordinate_status":"not_derived_from_area","extent_intersection_status":"intersects_research_envelope","geometry_status":"valid","name":"Mumbai International Cruise Terminal","osm_object_id":"28847895","osm_object_type":"way","selected_tags":{"amenity":"ferry_terminal","public_transport":"station"},"source":"mapped_osm_feature","source_id":"osm_western_zone_20260915","source_sha256":"c335a72cadfebc3ffde5cfff20fc9711f3112bc11000d43fde4daea10c36b53e","status":"unverified_operation_and_station_identity"},"type":"Feature"},{"geometry":{"coordinates":[[[[73.2365512,19.1686087],[73.236721,19.1684698],[73.2370125,19.1687906],[73.236804,19.1689557],[73.2366787,19.1687358],[73.2365512,19.1686087]]]],"type":"MultiPolygon"},"id":"way/30617453","properties":{"all_driver_tags":{"amenity":"bus_station","bus":"yes","name":"Kulgaon Bus Station","public_transport":"station"},"boarding_coordinate_status":"not_derived_from_area","extent_intersection_status":"intersects_research_envelope","geometry_status":"valid","name":"Kulgaon Bus Station","osm_object_id":"30617453","osm_object_type":"way","selected_tags":{"amenity":"bus_station","public_transport":"station"},"source":"mapped_osm_feature","source_id":"osm_western_zone_20260915","source_sha256":"c335a72cadfebc3ffde5cfff20fc9711f3112bc11000d43fde4daea10c36b53e","status":"unverified_operation_and_station_identity"},"type":"Feature"},{"geometry":{"coordinates":[[[[73.2378075,19.1669341],[73.2378251,19.1669314],[73.2391653,19.1667245],[73.2407024,19.166506],[73.2408854,19.1664556],[73.2415623,19.1662691],[73.2415493,19.1662165],[73.2408741,19.1664],[73.2407842,19.1664245],[73.240128,19.1665354],[73.2388009,19.1667304],[73.2382517,19.1668162],[73.2378173,19.1668886],[73.2377989,19.1668916],[73.2378075,19.1669341]]]],"type":"MultiPolygon"},"id":"way/30949711","properties":{"all_driver_tags":{"public_transport":"platform","railway":"platform","ref":"3","train":"yes"},"boarding_coordinate_status":"not_derived_from_area","extent_intersection_status":"intersects_research_envelope","geometry_status":"valid","name":"","osm_object_id":"30949711","osm_object_type":"way","selected_tags":{"public_transport":"platform","railway":"platform"},"source":"mapped_osm_feature","source_id":"osm_western_zone_20260915","source_sha256":"c335a72cadfebc3ffde5cfff20fc9711f3112bc11000d43fde4daea10c36b53e","status":"unverified_operation_and_station_identity"},"type":"Feature"},{"geometry":{"coordinates":[[[[73.2404644,19.166614],[73.240474,19.1666599],[73.2403744,19.1666772],[73.2396626,19.1668008],[73.2393972,19.1668476],[73.2391194,19.1668915],[73.2388951,19.1669232],[73.2387041,19.1669455],[73.2385144,19.1669681],[73.2381957,19.166998],[73.2381899,19.1669545],[73.2404644,19.166614]]]],"type":"MultiPolygon"},"id":"way/30949716","properties":{"all_driver_tags":{"public_transport":"platform","railway":"platform","ref":"2","train":"yes"},"boarding_coordinate_status":"not_derived_from_area","extent_intersection_status":"intersects_research_envelope","geometry_status":"valid","name":"","osm_object_id":"30949716","osm_object_type":"way","selected_tags":{"public_transport":"platform","railway":"platform"},"source":"mapped_osm_feature","source_id":"osm_western_zone_20260915","source_sha256":"c335a72cadfebc3ffde5cfff20fc9711f3112bc11000d43fde4daea10c36b53e","status":"unverified_operation_and_station_identity"},"type":"Feature"},{"geometry":{"coordinates":[[[[73.1486276,19.2281279],[73.1478551,19.2268231],[73.1493085,19.2261179],[73.1500572,19.2271719],[73.1486276,19.2281279]]]],"type":"MultiPolygon"},"id":"way/31499695","properties":{"all_driver_tags":{"amenity":"bus_station","name":"Vitthalwadi"},"boarding_coordinate_status":"not_derived_from_area","extent_intersection_status":"intersects_research_envelope","geometry_status":"valid","name":"Vitthalwadi","osm_object_id":"31499695","osm_object_type":"way","selected_tags":{"amenity":"bus_station"},"source":"mapped_osm_feature","source_id":"osm_western_zone_20260915","source_sha256":"c335a72cadfebc3ffde5cfff20fc9711f3112bc11000d43fde4daea10c36b53e","status":"unverified_operation_and_station_identity"},"type":"Feature"},{"geometry":{"coordinates":[[[[73.0173093,19.0745307],[73.0173665,19.0743369],[73.0177176,19.0737171],[73.0178136,19.0730602],[73.0155659,19.073248],[73.0156801,19.0746753],[73.0173093,19.0745307]]]],"type":"MultiPolygon"},"id":"way/35460864","properties":{"all_driver_tags":{"alt_name":"Turbhe Depot","bus":"yes","depot":"bus","industrial":"bus_depot","landuse":"industrial","name":"Turbhe Bus Depot","operator":"NMMT","public_transport":"yes"},"boarding_coordinate_status":"not_derived_from_area","extent_intersection_status":"intersects_research_envelope","geometry_status":"valid","name":"Turbhe Bus Depot","osm_object_id":"35460864","osm_object_type":"way","selected_tags":{"public_transport":"yes"},"source":"mapped_osm_feature","source_id":"osm_western_zone_20260915","source_sha256":"c335a72cadfebc3ffde5cfff20fc9711f3112bc11000d43fde4daea10c36b53e","status":"unverified_operation_and_station_identity"},"type":"Feature"},{"geometry":{"coordinates":[[[[72.795394,18.9468108],[72.7956066,18.9465974],[72.7957697,18.9467273],[72.7955637,18.9469546],[72.795394,18.9468108]]]],"type":"MultiPolygon"},"id":"way/39092819","properties":{"all_driver_tags":{"amenity":"bus_station","bus":"yes","public_transport":"station"},"boarding_coordinate_status":"not_derived_from_area","extent_intersection_status":"intersects_research_envelope","geometry_status":"valid","name":"","osm_object_id":"39092819","osm_object_type":"way","selected_tags":{"amenity":"bus_station","public_transport":"station"},"source":"mapped_osm_feature","source_id":"osm_western_zone_20260915","source_sha256":"c335a72cadfebc3ffde5cfff20fc9711f3112bc11000d43fde4daea10c36b53e","status":"unverified_operation_and_station_identity"},"type":"Feature"},{"geometry":{"coordinates":[[[[72.8142468,18.9864241],[72.8143112,18.9865256],[72.8143863,18.9869212],[72.8143005,18.9871749],[72.8139598,18.9871495],[72.8142468,18.9864241]]]],"type":"MultiPolygon"},"id":"way/42441498","properties":{"all_driver_tags":{"amenity":"bus_station","bus":"yes","check_date":"2026-03-20","public_transport":"station","wheelchair":"limited"},"boarding_coordinate_status":"not_derived_from_area","extent_intersection_status":"intersects_research_envelope","geometry_status":"valid","name":"","osm_object_id":"42441498","osm_object_type":"way","selected_tags":{"amenity":"bus_station","public_transport":"station"},"source":"mapped_osm_feature","source_id":"osm_western_zone_20260915","source_sha256":"c335a72cadfebc3ffde5cfff20fc9711f3112bc11000d43fde4daea10c36b53e","status":"unverified_operation_and_station_identity"},"type":"Feature"},{"geometry":{"coordinates":[[[[72.8409524,19.0645466],[72.8409527,19.0651397],[72.8409849,19.0654744],[72.8410359,19.0654769],[72.8410451,19.0652131],[72.8410078,19.0602202],[72.8409366,19.0602205],[72.8409524,19.0645466]]]],"type":"MultiPolygon"},"id":"way/45737025","properties":{"all_driver_tags":{"name":"Bandra Terminus","public_transport":"platform","railway":"platform","ref":"4;5","train":"yes"},"boarding_coordinate_status":"not_derived_from_area","extent_intersection_status":"intersects_research_envelope","geometry_status":"valid","name":"Bandra Terminus","osm_object_id":"45737025","osm_object_type":"way","selected_tags":{"public_transport":"platform","railway":"platform"},"source":"mapped_osm_feature","source_id":"osm_western_zone_20260915","source_sha256":"c335a72cadfebc3ffde5cfff20fc9711f3112bc11000d43fde4daea10c36b53e","status":"unverified_operation_and_station_identity"},"type":"Feature"},{"geometry":{"coordinates":[[[[72.8411178,19.0603067],[72.8411316,19.0650999],[72.8411316,19.0654053],[72.8411562,19.0654093],[72.8411985,19.0651637],[72.8412368,19.0645763],[72.8412462,19.0603056],[72.8412424,19.0600353],[72.8412102,19.0597678],[72.8411834,19.059603],[72.841052,19.0596106],[72.841056,19.0599022],[72.8410922,19.0598996],[72.8411056,19.0600403],[72.8411178,19.0603067]]]],"type":"MultiPolygon"},"id":"way/45737083","properties":{"all_driver_tags":{"name":"Bandra Terminus","public_transport":"platform","railway":"platform","ref":"2;3","train":"yes"},"boarding_coordinate_status":"not_derived_from_area","extent_intersection_status":"intersects_research_envelope","geometry_status":"valid","name":"Bandra Terminus","osm_object_id":"45737083","osm_object_type":"way","selected_tags":{"public_transport":"platform","railway":"platform"},"source":"mapped_osm_feature","source_id":"osm_western_zone_20260915","source_sha256":"c335a72cadfebc3ffde5cfff20fc9711f3112bc11000d43fde4daea10c36b53e","status":"unverified_operation_and_station_identity"},"type":"Feature"},{"geometry":{"coordinates":[[[[72.8158954,18.9626187],[72.8157036,18.9621958],[72.8158142,18.9621996],[72.8160391,18.9627277],[72.8164917,18.9637772],[72.8167604,18.9643424],[72.816688,18.9643703],[72.8164229,18.96381],[72.8159558,18.9627686],[72.8158954,18.9626187]]]],"type":"MultiPolygon"},"id":"way/48755011","properties":{"all_driver_tags":{"bench":"yes","building":"concourse","covered":"yes","departures_board":"realtime","name":"Platform 4","public_transport":"platform","railway":"platform","ref":"4","train":"yes"},"boarding_coordinate_status":"not_derived_from_area","extent_intersection_status":"intersects_research_envelope","geometry_status":"valid","name":"Platform 4","osm_object_id":"48755011","osm_object_type":"way","selected_tags":{"public_transport":"platform","railway":"platform"},"source":"mapped_osm_feature","source_id":"osm_western_zone_20260915","source_sha256":"c335a72cadfebc3ffde5cfff20fc9711f3112bc11000d43fde4daea10c36b53e","status":"unverified_operation_and_station_identity"},"type":"Feature"},{"geometry":{"coordinates":[[[[72.8157425,18.9626352],[72.8158334,18.9628697],[72.8162678,18.9638647],[72.8163847,18.9641159],[72.8167631,18.9649283],[72.8169321,18.9653139],[72.8169563,18.9653139],[72.8168167,18.9649055],[72.8164439,18.9640943],[72.8163215,18.9638281],[72.8158735,18.9628533],[72.8157774,18.9626162],[72.8157425,18.9626352]]]],"type":"MultiPolygon"},"id":"way/48755567","properties":{"all_driver_tags":{"bench":"yes","building":"concourse","covered":"yes","departures_board":"realtime","name":"Platform 2,3","public_transport":"platform","railway":"platform","ref":"2;3","train":"yes"},"boarding_coordinate_status":"not_derived_from_area","extent_intersection_status":"intersects_research_envelope","geometry_status":"valid","name":"Platform 2,3","osm_object_id":"48755567","osm_object_type":"way","selected_tags":{"public_transport":"platform","railway":"platform"},"source":"mapped_osm_feature","source_id":"osm_western_zone_20260915","source_sha256":"c335a72cadfebc3ffde5cfff20fc9711f3112bc11000d43fde4daea10c36b53e","status":"unverified_operation_and_station_identity"},"type":"Feature"},{"geometry":{"coordinates":[[[[72.8203265,18.9774954],[72.8205151,18.9778996],[72.8207404,18.9782648],[72.8209871,18.9786402],[72.8212875,18.9790765],[72.8215665,18.978904],[72.8213412,18.978559],[72.8210944,18.9781532],[72.8209013,18.9778285],[72.8207589,18.9776353],[72.8207082,18.9774836],[72.82051,18.9770897],[72.8206566,18.9770457],[72.820584,18.9768664],[72.8206376,18.9768461],[72.8201338,18.9754686],[72.8200962,18.9753621],[72.8199836,18.9754027],[72.8200156,18.9755088],[72.8194521,18.9756946],[72.8195065,18.97584],[72.8201288,18.9775749],[72.8203265,18.9774954]]]],"type":"MultiPolygon"},"id":"way/48862754","properties":{"all_driver_tags":{"building":"industrial","layer":"1","railway":"workshop"},"boarding_coordinate_status":"not_derived_from_area","extent_intersection_status":"intersects_research_envelope","geometry_status":"valid","name":"","osm_object_id":"48862754","osm_object_type":"way","selected_tags":{"railway":"workshop"},"source":"mapped_osm_feature","source_id":"osm_western_zone_20260915","source_sha256":"c335a72cadfebc3ffde5cfff20fc9711f3112bc11000d43fde4daea10c36b53e","status":"unverified_operation_and_station_identity"},"type":"Feature"},{"geometry":{"coordinates":[[[[72.8297948,18.9947375],[72.8296539,18.994321],[72.829674,18.9943159],[72.829784,18.9945835],[72.8298055,18.9945759],[72.8297585,18.9944529],[72.8297774,18.9944382],[72.8303642,18.9957668],[72.8306379,18.9963864],[72.8307363,18.9966092],[72.8306504,18.9966396],[72.8305536,18.996429],[72.8303286,18.9959396],[72.830275,18.9958166],[72.8301033,18.9954222],[72.8297948,18.9947375]]]],"type":"MultiPolygon"},"id":"way/49000296","properties":{"all_driver_tags":{"bench":"yes","bin":"no","name":"Platform 2","passenger_information_display":"yes","public_transport":"platform","railway":"platform","ref":"2;3","train":"yes"},"boarding_coordinate_status":"not_derived_from_area","extent_intersection_status":"intersects_research_envelope","geometry_status":"valid","name":"Platform 2","osm_object_id":"49000296","osm_object_type":"way","selected_tags":{"public_transport":"platform","railway":"platform"},"source":"mapped_osm_feature","source_id":"osm_western_zone_20260915","source_sha256":"c335a72cadfebc3ffde5cfff20fc9711f3112bc11000d43fde4daea10c36b53e","status":"unverified_operation_and_station_identity"},"type":"Feature"},{"geometry":{"coordinates":[[[[72.8747202,19.0457377],[72.8761929,19.0419229],[72.8789136,19.0428841],[72.879107,19.0430335],[72.8789568,19.0444736],[72.8779935,19.0472431],[72.8777475,19.0470125],[72.8766802,19.0463846],[72.8747202,19.0457377]]]],"type":"MultiPolygon"},"id":"way/49678252","properties":{"all_driver_tags":{"alt_name":"Anik Depot","bus":"yes","depot":"bus","industrial":"bus_depot","landuse":"industrial","name":"Anik Bus Depot","name:en":"Anik Bus Depot","operator":"BEST","public_transport":"yes"},"boarding_coordinate_status":"not_derived_from_area","extent_intersection_status":"intersects_research_envelope","geometry_status":"valid","name":"Anik Bus Depot","osm_object_id":"49678252","osm_object_type":"way","selected_tags":{"public_transport":"yes"},"source":"mapped_osm_feature","source_id":"osm_western_zone_20260915","source_sha256":"c335a72cadfebc3ffde5cfff20fc9711f3112bc11000d43fde4daea10c36b53e","status":"unverified_operation_and_station_identity"},"type":"Feature"},{"geometry":{"coordinates":[[[[72.8214662,18.9699492],[72.8212076,18.9692676],[72.8210045,18.9690065],[72.8211142,18.9689117],[72.8226492,18.9687029],[72.8227803,18.968905],[72.823037,18.9693737],[72.8231067,18.9694857],[72.8214662,18.9699492]]]],"type":"MultiPolygon"},"id":"way/49685673","properties":{"all_driver_tags":{"amenity":"bus_station","bus":"yes","check_date":"2026-03-20","name":"Mumbai Central Bus Station","operator":"MSRTC","public_transport":"station"},"boarding_coordinate_status":"not_derived_from_area","extent_intersection_status":"intersects_research_envelope","geometry_status":"valid","name":"Mumbai Central Bus Station","osm_object_id":"49685673","osm_object_type":"way","selected_tags":{"amenity":"bus_station","public_transport":"station"},"source":"mapped_osm_feature","source_id":"osm_western_zone_20260915","source_sha256":"c335a72cadfebc3ffde5cfff20fc9711f3112bc11000d43fde4daea10c36b53e","status":"unverified_operation_and_station_identity"},"type":"Feature"},{"geometry":{"coordinates":[[[[72.8388225,19.0927049],[72.8386577,19.0923785],[72.838524,19.0922883],[72.8383604,19.0919689],[72.8381565,19.0918624],[72.8361804,19.0920318],[72.8349266,19.0917599],[72.8337263,19.091537],[72.833572,19.091523],[72.8336531,19.0919283],[72.8336424,19.0919828],[72.833592,19.092002],[72.8305398,19.0915829],[72.8304538,19.0919365],[72.8301253,19.0919351],[72.8300697,19.0925278],[72.8298688,19.0928577],[72.8294424,19.0928581],[72.8296516,19.0931564],[72.8296701,19.0935965],[72.8293481,19.094083],[72.829112,19.0942654],[72.828928,19.0946304],[72.8288006,19.0951791],[72.8294429,19.0951451],[72.8293911,19.0957671],[72.829322,19.0961601],[72.8292723,19.0963692],[72.8287078,19.0961625],[72.8285012,19.0960927],[72.8283213,19.0966503],[72.827266,19.0964713],[72.8271775,19.0966272],[72.8269544,19.0977119],[72.8274694,19.0978337],[72.8277483,19.0980062],[72.8279356,19.0981768],[72.8280486,19.0982799],[72.8288211,19.0983511],[72.8287602,19.0988561],[72.8284272,19.1016535],[72.8284043,19.1016701],[72.8280382,19.1016611],[72.8279613,19.1027813],[72.827854,19.102804],[72.8276986,19.1040943],[72.8300734,19.1035744],[72.8305173,19.103476],[72.8316816,19.1031904],[72.8316253,19.1029166],[72.8314939,19.1026378],[72.8314055,19.1021866],[72.8315692,19.1021562],[72.8315529,19.1019856],[72.8317595,19.101946],[72.8317031,19.1016865],[72.831789,19.1016039],[72.8320308,19.1015354],[72.8372638,19.1010198],[72.8376715,19.1009591],[72.8381222,19.1009187],[72.8384011,19.100939],[72.8386956,19.1010188],[72.8388548,19.1009787],[72.8388868,19.1004482],[72.8390095,19.1004468],[72.8390213,19.0997767],[72.8390256,19.0995296],[72.839216,19.0992103],[72.8392348,19.0977098],[72.8390819,19.0974361],[72.8390899,19.0965363],[72.8392804,19.0961434],[72.8393099,19.0948483],[72.8392991,19.094686],[72.8392938,19.0942805],[72.8392026,19.0936671],[72.8390953,19.0932996],[72.8388225,19.0927049]]]],"type":"MultiPolygon"},"id":"way/49794789","properties":{"all_driver_tags":{"aeroway":"aerodrome","icao":"VAJJ","name":"Juhu Aerodrome","wikidata":"Q674812"},"boarding_coordinate_status":"not_derived_from_area","extent_intersection_status":"intersects_research_envelope","geometry_status":"valid","name":"Juhu Aerodrome","osm_object_id":"49794789","osm_object_type":"way","selected_tags":{"aeroway":"aerodrome"},"source":"mapped_osm_feature","source_id":"osm_western_zone_20260915","source_sha256":"c335a72cadfebc3ffde5cfff20fc9711f3112bc11000d43fde4daea10c36b53e","status":"unverified_operation_and_station_identity"},"type":"Feature"},{"geometry":{"coordinates":[[[[72.8492906,18.9567991],[72.8494066,18.9567749],[72.8495204,18.9567512],[72.8493278,18.955904],[72.8492114,18.9559282],[72.8490979,18.9559519],[72.8492906,18.9567991]]]],"type":"MultiPolygon"},"id":"way/55784552","properties":{"all_driver_tags":{"building":"yes","name":"Bhaucha Dhakka","public_transport":"station"},"boarding_coordinate_status":"not_derived_from_area","extent_intersection_status":"intersects_research_envelope","geometry_status":"valid","name":"Bhaucha Dhakka","osm_object_id":"55784552","osm_object_type":"way","selected_tags":{"public_transport":"station"},"source":"mapped_osm_feature","source_id":"osm_western_zone_20260915","source_sha256":"c335a72cadfebc3ffde5cfff20fc9711f3112bc11000d43fde4daea10c36b53e","status":"unverified_operation_and_station_identity"},"type":"Feature"},{"geometry":{"coordinates":[[[[72.8573645,19.0940676],[72.8571787,19.0941563],[72.8571399,19.0941119],[72.8570584,19.094137],[72.8568159,19.0937736],[72.8563807,19.0931215],[72.8562135,19.092871],[72.8561848,19.0927963],[72.8560639,19.0926051],[72.8559184,19.0923409],[72.8557742,19.0924215],[72.8536742,19.0924006],[72.8536639,19.0928825],[72.8528475,19.092867],[72.8528481,19.0928397],[72.8527597,19.0928381],[72.8527641,19.0926304],[72.852809,19.0926313],[72.8528111,19.0925305],[72.8527215,19.0925288],[72.8527271,19.0922694],[72.8528727,19.0922722],[72.8528763,19.0921015],[72.8524132,19.0920927],[72.8524044,19.0921514],[72.8512967,19.09214],[72.8512926,19.0919017],[72.8513104,19.0919023],[72.8513403,19.0919025],[72.8513721,19.0919045],[72.851831,19.0919089],[72.8518614,19.0919095],[72.851893,19.0919079],[72.8523455,19.0919206],[72.8523888,19.0919218],[72.8524219,19.0919231],[72.8524302,19.0920034],[72.8528713,19.0920104],[72.8529102,19.0920087],[72.8529481,19.0920099],[72.8533988,19.0920151],[72.8534309,19.092015],[72.8534692,19.0920167],[72.8538442,19.092024],[72.8538749,19.0920229],[72.8539056,19.0920218],[72.8541687,19.092023],[72.8541939,19.0920228],[72.8542191,19.0920226],[72.8545996,19.0920293],[72.854622,19.0920295],[72.8546444,19.0920297],[72.8550275,19.0920381],[72.8550505,19.0920382],[72.8550734,19.0920384],[72.8553797,19.0920461],[72.8554035,19.0920452],[72.8554253,19.0920452],[72.8557384,19.0920495],[72.8557607,19.0920491],[72.855783,19.0920486],[72.8559319,19.092029],[72.8569373,19.0914556],[72.857628,19.0925639],[72.8575496,19.0926019],[72.8575811,19.0926571],[72.8576133,19.0926393],[72.8578144,19.0929669],[72.8577889,19.0929853],[72.8579955,19.0933015],[72.8578392,19.0933965],[72.8580062,19.0937197],[72.8577132,19.0938642],[72.8575294,19.0939719],[72.8575549,19.0940049],[72.8573866,19.094098],[72.8573645,19.0940676]]]],"type":"MultiPolygon"},"id":"way/61569813","properties":{"all_driver_tags":{"aeroway":"terminal","alt_name":"SantaCruz","building":"transportation","description":"domestic terminal","layer":"1","name":"Terminal 1","name:zh":"1号航站楼","wheelchair":"yes","wikidata":"Q57418742"},"boarding_coordinate_status":"not_derived_from_area","extent_intersection_status":"intersects_research_envelope","geometry_status":"valid","name":"Terminal 1","osm_object_id":"61569813","osm_object_type":"way","selected_tags":{"aeroway":"terminal"},"source":"mapped_osm_feature","source_id":"osm_western_zone_20260915","source_sha256":"c335a72cadfebc3ffde5cfff20fc9711f3112bc11000d43fde4daea10c36b53e","status":"unverified_operation_and_station_identity"},"type":"Feature"},{"geometry":{"coordinates":[[[[72.8487734,19.1637053],[72.8487861,19.1634287],[72.8488404,19.1633354],[72.8489397,19.1632518],[72.8491988,19.1632869],[72.8491704,19.164022],[72.848939,19.164019],[72.8488301,19.1638127],[72.8487734,19.1637053]]]],"type":"MultiPolygon"},"id":"way/84832706","properties":{"all_driver_tags":{"amenity":"bus_station","bus":"yes","name":"Goregaon Bus Station (W)","network":"Bus","operator":"BEST","public_transport":"station"},"boarding_coordinate_status":"not_derived_from_area","extent_intersection_status":"intersects_research_envelope","geometry_status":"valid","name":"Goregaon Bus Station (W)","osm_object_id":"84832706","osm_object_type":"way","selected_tags":{"amenity":"bus_station","public_transport":"station"},"source":"mapped_osm_feature","source_id":"osm_western_zone_20260915","source_sha256":"c335a72cadfebc3ffde5cfff20fc9711f3112bc11000d43fde4daea10c36b53e","status":"unverified_operation_and_station_identity"},"type":"Feature"},{"geometry":{"coordinates":[[[[72.850144,19.1656385],[72.8501662,19.165425],[72.8501757,19.1652661],[72.850772,19.1656593],[72.8503082,19.1661944],[72.8501151,19.1661876],[72.850144,19.1656385]]]],"type":"MultiPolygon"},"id":"way/84832710","properties":{"all_driver_tags":{"addr:city":"Mumbai","addr:postcode":"400063","addr:street":"Jay Prakash Rd.No.1","amenity":"bus_station","building":"service","bus":"yes","internet_access":"no","name":"Goregaon Bus Station East","operator":"BEST","public_transport":"station"},"boarding_coordinate_status":"not_derived_from_area","extent_intersection_status":"intersects_research_envelope","geometry_status":"valid","name":"Goregaon Bus Station East","osm_object_id":"84832710","osm_object_type":"way","selected_tags":{"amenity":"bus_station","public_transport":"station"},"source":"mapped_osm_feature","source_id":"osm_western_zone_20260915","source_sha256":"c335a72cadfebc3ffde5cfff20fc9711f3112bc11000d43fde4daea10c36b53e","status":"unverified_operation_and_station_identity"},"type":"Feature"},{"geometry":{"coordinates":[[[[73.7769562,18.4755306],[73.7744164,18.4728218],[73.7742592,18.4719793],[73.7746816,18.4717413],[73.7748487,18.4716798],[73.774588,18.4709646],[73.7762307,18.4707021],[73.7762354,18.4705284],[73.777788,18.4703007],[73.7779623,18.4711427],[73.7833935,18.4703053],[73.7851476,18.4722285],[73.7898445,18.4725203],[73.7897771,18.4739636],[73.7868458,18.4739666],[73.7769562,18.4755306]]]],"type":"MultiPolygon"},"id":"way/86918812","properties":{"all_driver_tags":{"aeroway":"aerodrome","military":"airfield","name":"NDA Gliderdrome","wikidata":"Q3015031"},"boarding_coordinate_status":"not_derived_from_area","extent_intersection_status":"intersects_research_envelope","geometry_status":"valid","name":"NDA Gliderdrome","osm_object_id":"86918812","osm_object_type":"way","selected_tags":{"aeroway":"aerodrome"},"source":"mapped_osm_feature","source_id":"osm_western_zone_20260915","source_sha256":"c335a72cadfebc3ffde5cfff20fc9711f3112bc11000d43fde4daea10c36b53e","status":"unverified_operation_and_station_identity"},"type":"Feature"},{"geometry":{"coordinates":[[[[72.8383097,18.9510026],[72.8382774,18.951001],[72.8382524,18.9510027],[72.8382552,18.9510339],[72.838242,18.9517819],[72.8382276,18.9524816],[72.8382255,18.9527498],[72.8381905,18.9534926],[72.8382499,18.9534976],[72.8382805,18.9527498],[72.8383047,18.951033],[72.8383097,18.9510026]]]],"type":"MultiPolygon"},"id":"way/89120812","properties":{"all_driver_tags":{"public_transport":"platform","railway":"platform","ref":"3;4","train":"yes"},"boarding_coordinate_status":"not_derived_from_area","extent_intersection_status":"intersects_research_envelope","geometry_status":"valid","name":"","osm_object_id":"89120812","osm_object_type":"way","selected_tags":{"public_transport":"platform","railway":"platform"},"source":"mapped_osm_feature","source_id":"osm_western_zone_20260915","source_sha256":"c335a72cadfebc3ffde5cfff20fc9711f3112bc11000d43fde4daea10c36b53e","status":"unverified_operation_and_station_identity"},"type":"Feature"},{"geometry":{"coordinates":[[[[72.8381701,18.9509806],[72.8381377,18.9509781],[72.8381003,18.9509766],[72.8381,18.9510024],[72.8380769,18.9527526],[72.8380711,18.9531974],[72.8380671,18.9535001],[72.8381212,18.9534984],[72.8381273,18.9532003],[72.8381417,18.9527557],[72.8381458,18.9522943],[72.8381697,18.9510004],[72.8381701,18.9509806]]]],"type":"MultiPolygon"},"id":"way/89184095","properties":{"all_driver_tags":{"public_transport":"platform","railway":"platform","ref":"1;2","train":"yes"},"boarding_coordinate_status":"not_derived_from_area","extent_intersection_status":"intersects_research_envelope","geometry_status":"valid","name":"","osm_object_id":"89184095","osm_object_type":"way","selected_tags":{"public_transport":"platform","railway":"platform"},"source":"mapped_osm_feature","source_id":"osm_western_zone_20260915","source_sha256":"c335a72cadfebc3ffde5cfff20fc9711f3112bc11000d43fde4daea10c36b53e","status":"unverified_operation_and_station_identity"},"type":"Feature"},{"geometry":{"coordinates":[[[[72.8724781,19.1259702],[72.8725981,19.1260984],[72.8728984,19.1264193],[72.8734772,19.1260873],[72.8734383,19.1260322],[72.8731259,19.1255896],[72.8731051,19.1255601],[72.8724781,19.1259702]]]],"type":"MultiPolygon"},"id":"way/102652995","properties":{"all_driver_tags":{"amenity":"bus_station","name":"SEEPZ Bus Station","operator":"BEST"},"boarding_coordinate_status":"not_derived_from_area","extent_intersection_status":"intersects_research_envelope","geometry_status":"valid","name":"SEEPZ Bus Station","osm_object_id":"102652995","osm_object_type":"way","selected_tags":{"amenity":"bus_station"},"source":"mapped_osm_feature","source_id":"osm_western_zone_20260915","source_sha256":"c335a72cadfebc3ffde5cfff20fc9711f3112bc11000d43fde4daea10c36b53e","status":"unverified_operation_and_station_identity"},"type":"Feature"},{"geometry":{"coordinates":[[[[72.8413403,19.0600593],[72.8411847,19.0591584],[72.8410497,19.059163],[72.8404301,19.0590399],[72.8403962,19.0599732],[72.8403935,19.062019],[72.8403854,19.0631421],[72.8404686,19.0634843],[72.8408283,19.0650776],[72.8409894,19.0663683],[72.8414138,19.0663593],[72.8414326,19.0653011],[72.8421396,19.064931],[72.8422206,19.0648026],[72.8421745,19.0646581],[72.8418456,19.06398],[72.8416032,19.0632815],[72.8414556,19.0631395],[72.8414614,19.0627576],[72.8413403,19.0600593]]]],"type":"MultiPolygon"},"id":"way/107303404","properties":{"all_driver_tags":{"internet_access":"no","landuse":"railway","name":"Bandra Terminus","name:hi":"बांद्रा टर्मिनस","name:ml":"ബാന്ദ്ര ടെർമിനസ്","network":"IR","operator":"WR","public_transport":"station","railway":"station","ref":"BDTS","train":"yes","wikidata":"Q4520709","wikipedia":"en:Bandra Terminus railway station"},"boarding_coordinate_status":"not_derived_from_area","extent_intersection_status":"intersects_research_envelope","geometry_status":"valid","name":"Bandra Terminus","osm_object_id":"107303404","osm_object_type":"way","selected_tags":{"public_transport":"station","railway":"station"},"source":"mapped_osm_feature","source_id":"osm_western_zone_20260915","source_sha256":"c335a72cadfebc3ffde5cfff20fc9711f3112bc11000d43fde4daea10c36b53e","status":"unverified_operation_and_station_identity"},"type":"Feature"},{"geometry":{"coordinates":[[[[72.8389532,18.9642615],[72.838719,18.9641209],[72.838325,18.9647281],[72.8382765,18.9647152],[72.8378068,18.965245],[72.8358087,18.9669903],[72.8354739,18.9673207],[72.8350882,18.9677222],[72.8347844,18.9680954],[72.8342194,18.9689117],[72.8337083,18.9699132],[72.8331425,18.9712599],[72.8331877,18.9712715],[72.8332996,18.9710352],[72.8336199,18.9706005],[72.8340575,18.9699696],[72.834217,18.9697513],[72.8344323,18.9694567],[72.8352443,18.9687237],[72.8353556,18.9686131],[72.8361302,18.967843],[72.8370785,18.9668173],[72.8375186,18.9662641],[72.838007,18.965472],[72.8386077,18.9646285],[72.8387753,18.9644483],[72.8389532,18.9642615]]]],"type":"MultiPolygon"},"id":"way/107609566","properties":{"all_driver_tags":{"landuse":"railway","name":"Byculla Marshalling Yard","railway":"yard"},"boarding_coordinate_status":"not_derived_from_area","extent_intersection_status":"intersects_research_envelope","geometry_status":"valid","name":"Byculla Marshalling Yard","osm_object_id":"107609566","osm_object_type":"way","selected_tags":{"railway":"yard"},"source":"mapped_osm_feature","source_id":"osm_western_zone_20260915","source_sha256":"c335a72cadfebc3ffde5cfff20fc9711f3112bc11000d43fde4daea10c36b53e","status":"unverified_operation_and_station_identity"},"type":"Feature"},{"geometry":{"coordinates":[[[[73.1197839,18.9922882],[73.1193411,18.9918777],[73.1211813,18.9901026],[73.1211725,18.9900158],[73.1212208,18.9898991],[73.1213397,18.98977],[73.1215024,18.9896506],[73.1216834,18.9895902],[73.1218689,18.9897622],[73.1215559,18.9900642],[73.1218281,18.9903165],[73.1197839,18.9922882]]]],"type":"MultiPolygon"},"id":"way/113688843","properties":{"all_driver_tags":{"addr:city":"Panvel","addr:postcode":"410206","addr:street":"Panvel Station Road","building":"train_station","internet_access":"wlan","internet_access:ssid":"RailWire Wi-Fi","layer":"1","name":"Panvel (Suburban)","network":"Mumbai Suburban Railway Network","operator":"Central Railways","platforms":"4","public_transport":"train_station","railway":"station","ref":"PNVL","train":"yes","wheelchair":"yes","wikidata":"Q7131981","wikipedia":"en:Panvel railway station"},"boarding_coordinate_status":"not_derived_from_area","extent_intersection_status":"intersects_research_envelope","geometry_status":"valid","name":"Panvel (Suburban)","osm_object_id":"113688843","osm_object_type":"way","selected_tags":{"public_transport":"train_station","railway":"station"},"source":"mapped_osm_feature","source_id":"osm_western_zone_20260915","source_sha256":"c335a72cadfebc3ffde5cfff20fc9711f3112bc11000d43fde4daea10c36b53e","status":"unverified_operation_and_station_identity"},"type":"Feature"},{"geometry":{"coordinates":[[[[72.8652454,19.11895],[72.8669446,19.1189412],[72.8667965,19.1180085],[72.8650677,19.1179849],[72.8652454,19.11895]]]],"type":"MultiPolygon"},"id":"way/120259006","properties":{"all_driver_tags":{"alt_name":"Marol Depot","bus":"yes","capacity":"150","depot":"bus","industrial":"bus_depot","landuse":"industrial","name":"Marol Bus Depot","name:en":"Marol Bus Depot","operator":"Maharashtra State Road Transport Corporation","public_transport":"yes"},"boarding_coordinate_status":"not_derived_from_area","extent_intersection_status":"intersects_research_envelope","geometry_status":"valid","name":"Marol Bus Depot","osm_object_id":"120259006","osm_object_type":"way","selected_tags":{"public_transport":"yes"},"source":"mapped_osm_feature","source_id":"osm_western_zone_20260915","source_sha256":"c335a72cadfebc3ffde5cfff20fc9711f3112bc11000d43fde4daea10c36b53e","status":"unverified_operation_and_station_identity"},"type":"Feature"},{"geometry":{"coordinates":[[[[72.9268663,19.0427827],[72.9269177,19.0427794],[72.9269504,19.0427772],[72.9269218,19.0423826],[72.9263782,19.0424179],[72.9258435,19.0424526],[72.9258722,19.0428472],[72.9259482,19.0428423],[72.9260071,19.0428383],[72.926073,19.0428341],[72.9261046,19.0428322],[72.9268062,19.0427866],[72.9268663,19.0427827]]]],"type":"MultiPolygon"},"id":"way/121371138","properties":{"all_driver_tags":{"amenity":"bus_station","bus":"yes","internet_access":"terminal","name":"Anushakti Nagar Bus Stand","operator":"BEST","public_transport":"station","wheelchair":"yes"},"boarding_coordinate_status":"not_derived_from_area","extent_intersection_status":"intersects_research_envelope","geometry_status":"valid","name":"Anushakti Nagar Bus Stand","osm_object_id":"121371138","osm_object_type":"way","selected_tags":{"amenity":"bus_station","public_transport":"station"},"source":"mapped_osm_feature","source_id":"osm_western_zone_20260915","source_sha256":"c335a72cadfebc3ffde5cfff20fc9711f3112bc11000d43fde4daea10c36b53e","status":"unverified_operation_and_station_identity"},"type":"Feature"},{"geometry":{"coordinates":[[[[72.9178292,19.088415],[72.9176354,19.0881963],[72.9175977,19.0878911],[72.9177969,19.0874435],[72.9180014,19.0872095],[72.9180498,19.0871689],[72.9184535,19.087591],[72.9178292,19.088415]]]],"type":"MultiPolygon"},"id":"way/131950445","properties":{"all_driver_tags":{"amenity":"bus_station","bus":"yes","internet_access:fee":"no","name":"Ghatkopar Bus Station","operator":"BEST","public_transport":"station"},"boarding_coordinate_status":"not_derived_from_area","extent_intersection_status":"intersects_research_envelope","geometry_status":"valid","name":"Ghatkopar Bus Station","osm_object_id":"131950445","osm_object_type":"way","selected_tags":{"amenity":"bus_station","public_transport":"station"},"source":"mapped_osm_feature","source_id":"osm_western_zone_20260915","source_sha256":"c335a72cadfebc3ffde5cfff20fc9711f3112bc11000d43fde4daea10c36b53e","status":"unverified_operation_and_station_identity"},"type":"Feature"},{"geometry":{"coordinates":[[[[72.9078218,19.0857442],[72.9081037,19.0859103],[72.9081437,19.0859347],[72.908201,19.0859676],[72.9084039,19.0861105],[72.9083972,19.0861168],[72.9083735,19.0861556],[72.9083436,19.0861993],[72.9083258,19.0862252],[72.9081524,19.0861231],[72.9081413,19.0873899],[72.9081387,19.0876597],[72.9081085,19.0876599],[72.9080872,19.0876585],[72.9080404,19.0876574],[72.9079933,19.0876563],[72.9079683,19.0876536],[72.9079427,19.0876552],[72.9079471,19.0873899],[72.9079697,19.0860154],[72.9077344,19.0858767],[72.9077807,19.0858049],[72.9078077,19.0857649],[72.9077912,19.0857549],[72.9077954,19.0857481],[72.9078013,19.0857401],[72.9078178,19.0857501],[72.9078218,19.0857442]]]],"type":"MultiPolygon"},"id":"way/151205149","properties":{"all_driver_tags":{"building":"train_station","building:levels":"2","building:min_level":"2","layer":"1","name":"Ghatkopar L1","name:mr":"घाटकोपर","network":"Mumbai Metro","operator":"Mumbai Metro One","public_transport":"station","railway":"station","station":"subway","subway":"yes"},"boarding_coordinate_status":"not_derived_from_area","extent_intersection_status":"intersects_research_envelope","geometry_status":"valid","name":"Ghatkopar L1","osm_object_id":"151205149","osm_object_type":"way","selected_tags":{"public_transport":"station","railway":"station"},"source":"mapped_osm_feature","source_id":"osm_western_zone_20260915","source_sha256":"c335a72cadfebc3ffde5cfff20fc9711f3112bc11000d43fde4daea10c36b53e","status":"unverified_operation_and_station_identity"},"type":"Feature"},{"geometry":{"coordinates":[[[[72.8296672,19.2201844],[72.8296898,19.2206675],[72.8288975,19.2206846],[72.8288839,19.2202314],[72.8296672,19.2201844]]]],"type":"MultiPolygon"},"id":"way/151766056","properties":{"all_driver_tags":{"amenity":"bus_station","building":"yes","bus":"yes","internet_access":"no","name":"Prabhodankar Thakre Charkop Bus Station","operator":"BEST","public_transport":"station"},"boarding_coordinate_status":"not_derived_from_area","extent_intersection_status":"intersects_research_envelope","geometry_status":"valid","name":"Prabhodankar Thakre Charkop Bus Station","osm_object_id":"151766056","osm_object_type":"way","selected_tags":{"amenity":"bus_station","public_transport":"station"},"source":"mapped_osm_feature","source_id":"osm_western_zone_20260915","source_sha256":"c335a72cadfebc3ffde5cfff20fc9711f3112bc11000d43fde4daea10c36b53e","status":"unverified_operation_and_station_identity"},"type":"Feature"},{"geometry":{"coordinates":[[[[72.997652,19.0634372],[72.997862,19.0635518],[72.9979796,19.0633573],[72.9983739,19.063575],[72.9990526,19.0638695],[72.9993747,19.0639625],[72.9992996,19.0641856],[72.9995357,19.0642566],[72.9996116,19.064031],[73.0000355,19.0641534],[73.0000948,19.0639431],[72.999876,19.0638975],[73.0000601,19.0633187],[72.9995339,19.0631723],[72.9994406,19.0631375],[72.9993847,19.0631184],[72.9994442,19.062967],[72.9987444,19.062683],[72.9986778,19.0628155],[72.9986425,19.0628012],[72.9986195,19.062787],[72.997868,19.0623259],[72.9975302,19.062783],[72.9974963,19.0627843],[72.9974882,19.0627908],[72.9974843,19.0628078],[72.9974953,19.0628312],[72.9975318,19.0628531],[72.9974291,19.0629979],[72.9976833,19.0631503],[72.9977116,19.0631708],[72.9977507,19.0631245],[72.9978371,19.0631775],[72.997652,19.0634372]]]],"type":"MultiPolygon"},"id":"way/151768155","properties":{"all_driver_tags":{"addr:city":"Navi Mumbai","addr:postcode":"400703","addr:street":"Vashi Station Road","building":"train_station","building:levels":"7","internet_access":"wlan","internet_access:ssid":"RailWire Wi-Fi","layer":"1","name":"Vashi","name:hi":"वाशी","network":"Mumbai Suburban Railway Network","operator":"Central Railways","platforms":"4","public_transport":"station","railway":"station","ref":"VSH","train":"yes","wheelchair":"limited","wikidata":"Q7916505","wikipedia":"en:Vashi railway station"},"boarding_coordinate_status":"not_derived_from_area","extent_intersection_status":"intersects_research_envelope","geometry_status":"valid","name":"Vashi","osm_object_id":"151768155","osm_object_type":"way","selected_tags":{"public_transport":"station","railway":"station"},"source":"mapped_osm_feature","source_id":"osm_western_zone_20260915","source_sha256":"c335a72cadfebc3ffde5cfff20fc9711f3112bc11000d43fde4daea10c36b53e","status":"unverified_operation_and_station_identity"},"type":"Feature"},{"geometry":{"coordinates":[[[[73.0085828,19.0660699],[73.0082354,19.0659883],[73.0083911,19.0653962],[73.008754,19.0654814],[73.0087753,19.0654003],[73.0101146,19.0657147],[73.0101817,19.0657305],[73.0106121,19.0658315],[73.0105914,19.0659103],[73.0108304,19.0659664],[73.0106799,19.0665393],[73.0104699,19.06649],[73.0104476,19.0665749],[73.0099776,19.0664645],[73.0099082,19.0664482],[73.0085662,19.0661331],[73.0085828,19.0660699]]]],"type":"MultiPolygon"},"id":"way/151769149","properties":{"all_driver_tags":{"addr:city":"Navi Mumbai","addr:postcode":"400706","addr:street":"Sanpada Station Road","building":"retail","internet_access":"yes","layer":"1","name":"Sanpada","name:hi":"सानपाडा","network":"Mumbai Suburban Railway Network","operator":"Central Railways","platforms":"4","public_transport":"station","railway":"station","ref":"SNCR","train":"yes","wheelchair":"limited","wikidata":"Q7418902","wikipedia":"en:Sanpada railway station"},"boarding_coordinate_status":"not_derived_from_area","extent_intersection_status":"intersects_research_envelope","geometry_status":"valid","name":"Sanpada","osm_object_id":"151769149","osm_object_type":"way","selected_tags":{"public_transport":"station","railway":"station"},"source":"mapped_osm_feature","source_id":"osm_western_zone_20260915","source_sha256":"c335a72cadfebc3ffde5cfff20fc9711f3112bc11000d43fde4daea10c36b53e","status":"unverified_operation_and_station_identity"},"type":"Feature"},{"geometry":{"coordinates":[[[[72.8522557,18.997571],[72.852219,18.9981334],[72.8528007,18.9980865],[72.8527221,18.9975569],[72.8522557,18.997571]]]],"type":"MultiPolygon"},"id":"way/151818593","properties":{"all_driver_tags":{"amenity":"bus_station","bus":"yes","name":"P.Thakre Bus Station","network":"BEST Undertaking","operator":"BEST Undertaking","public_transport":"station","wikidata":"Q916927","wikimedia_commons":"Category:Brihanmumbai Electric Supply and Transport","wikipedia":"en:Brihanmumbai Electric Supply and Transport"},"boarding_coordinate_status":"not_derived_from_area","extent_intersection_status":"intersects_research_envelope","geometry_status":"valid","name":"P.Thakre Bus Station","osm_object_id":"151818593","osm_object_type":"way","selected_tags":{"amenity":"bus_station","public_transport":"station"},"source":"mapped_osm_feature","source_id":"osm_western_zone_20260915","source_sha256":"c335a72cadfebc3ffde5cfff20fc9711f3112bc11000d43fde4daea10c36b53e","status":"unverified_operation_and_station_identity"},"type":"Feature"},{"geometry":{"coordinates":[[[[72.8296726,19.1166845],[72.8288964,19.1166527],[72.8288953,19.116561],[72.8288911,19.1161896],[72.8294524,19.1161768],[72.8296905,19.1165712],[72.8296726,19.1166845]]]],"type":"MultiPolygon"},"id":"way/151829677","properties":{"all_driver_tags":{"addr:housename":"JVPD Bus Depot","addr:street":"New Link Road","amenity":"bus_station","bus":"yes","name":"JVPD Bus Station","operator":"BEST","public_transport":"station","wheelchair":"yes"},"boarding_coordinate_status":"not_derived_from_area","extent_intersection_status":"intersects_research_envelope","geometry_status":"valid","name":"JVPD Bus Station","osm_object_id":"151829677","osm_object_type":"way","selected_tags":{"amenity":"bus_station","public_transport":"station"},"source":"mapped_osm_feature","source_id":"osm_western_zone_20260915","source_sha256":"c335a72cadfebc3ffde5cfff20fc9711f3112bc11000d43fde4daea10c36b53e","status":"unverified_operation_and_station_identity"},"type":"Feature"},{"geometry":{"coordinates":[[[[72.8200002,19.1831955],[72.8191821,19.1833511],[72.8191052,19.1829829],[72.8199124,19.1828221],[72.8200002,19.1831955]]]],"type":"MultiPolygon"},"id":"way/151847079","properties":{"all_driver_tags":{"addr:postcode":"400095","amenity":"bus_station","name:en":"Malvani Bus Depot","operator":"BEST"},"boarding_coordinate_status":"not_derived_from_area","extent_intersection_status":"intersects_research_envelope","geometry_status":"valid","name":"","osm_object_id":"151847079","osm_object_type":"way","selected_tags":{"amenity":"bus_station"},"source":"mapped_osm_feature","source_id":"osm_western_zone_20260915","source_sha256":"c335a72cadfebc3ffde5cfff20fc9711f3112bc11000d43fde4daea10c36b53e","status":"unverified_operation_and_station_identity"},"type":"Feature"},{"geometry":{"coordinates":[[[[72.9762256,19.1867752],[72.9762256,19.1867132],[72.9759461,19.1866451],[72.9758688,19.1866263],[72.9756741,19.186709],[72.975392,19.1868287],[72.9753674,19.1868391],[72.9752416,19.1868355],[72.975097,19.186793],[72.9750734,19.1868669],[72.9752134,19.18691],[72.9753073,19.1869969],[72.9754557,19.1872506],[72.9754814,19.1872355],[72.9754951,19.1872275],[72.9754857,19.1871211],[72.9755026,19.1870395],[72.9755439,19.1870094],[72.9760059,19.1867894],[72.9761036,19.1867735],[72.9762256,19.1867752]]]],"type":"MultiPolygon"},"id":"way/151866533","properties":{"all_driver_tags":{"amenity":"bus_station","bus":"yes","level":"1","man_made":"bridge","name":"Thane Station (W)","operator":"TMT","public_transport":"station"},"boarding_coordinate_status":"not_derived_from_area","extent_intersection_status":"intersects_research_envelope","geometry_status":"valid","name":"Thane Station (W)","osm_object_id":"151866533","osm_object_type":"way","selected_tags":{"amenity":"bus_station","public_transport":"station"},"source":"mapped_osm_feature","source_id":"osm_western_zone_20260915","source_sha256":"c335a72cadfebc3ffde5cfff20fc9711f3112bc11000d43fde4daea10c36b53e","status":"unverified_operation_and_station_identity"},"type":"Feature"},{"geometry":{"coordinates":[[[[72.9770613,19.1869224],[72.9773591,19.1869148],[72.9777458,19.18702],[72.9775747,19.1875374],[72.977117,19.1875789],[72.9770613,19.1869224]]]],"type":"MultiPolygon"},"id":"way/151866565","properties":{"all_driver_tags":{"addr:postcode":"400601","addr:street":"Station Road","amenity":"bus_station","bus":"yes","industrial":"depot","landuse":"industrial","name:en":"Thane Bus Depot","operator":"MSRTC","public_transport":"station"},"boarding_coordinate_status":"not_derived_from_area","extent_intersection_status":"intersects_research_envelope","geometry_status":"valid","name":"","osm_object_id":"151866565","osm_object_type":"way","selected_tags":{"amenity":"bus_station","public_transport":"station"},"source":"mapped_osm_feature","source_id":"osm_western_zone_20260915","source_sha256":"c335a72cadfebc3ffde5cfff20fc9711f3112bc11000d43fde4daea10c36b53e","status":"unverified_operation_and_station_identity"},"type":"Feature"},{"geometry":{"coordinates":[[[[72.9761459,19.1870456],[72.9761897,19.1870589],[72.9762621,19.1870387],[72.9762541,19.186945],[72.976179,19.1868652],[72.9760569,19.1868272],[72.9757941,19.1867626],[72.975563,19.1868839],[72.9761459,19.1870456]]]],"type":"MultiPolygon"},"id":"way/151866567","properties":{"all_driver_tags":{"amenity":"taxi","layer":"0","name:en":"Thane Station (W) Auto Rickshaw Stand"},"boarding_coordinate_status":"not_derived_from_area","extent_intersection_status":"intersects_research_envelope","geometry_status":"valid","name":"","osm_object_id":"151866567","osm_object_type":"way","selected_tags":{"amenity":"taxi"},"source":"mapped_osm_feature","source_id":"osm_western_zone_20260915","source_sha256":"c335a72cadfebc3ffde5cfff20fc9711f3112bc11000d43fde4daea10c36b53e","status":"unverified_operation_and_station_identity"},"type":"Feature"},{"geometry":{"coordinates":[[[[72.849321,19.1658864],[72.8492673,19.1658839],[72.8493841,19.1631008],[72.8494618,19.1631084],[72.8493719,19.1648958],[72.849321,19.1658864]]]],"type":"MultiPolygon"},"id":"way/166535198","properties":{"all_driver_tags":{"public_transport":"platform","railway":"platform","train":"yes"},"boarding_coordinate_status":"not_derived_from_area","extent_intersection_status":"intersects_research_envelope","geometry_status":"valid","name":"","osm_object_id":"166535198","osm_object_type":"way","selected_tags":{"public_transport":"platform","railway":"platform"},"source":"mapped_osm_feature","source_id":"osm_western_zone_20260915","source_sha256":"c335a72cadfebc3ffde5cfff20fc9711f3112bc11000d43fde4daea10c36b53e","status":"unverified_operation_and_station_identity"},"type":"Feature"},{"geometry":{"coordinates":[[[[72.8497059,19.1631958],[72.8497381,19.1631983],[72.8498147,19.1644485],[72.8498185,19.1647958],[72.8498051,19.1650377],[72.8497718,19.1652972],[72.8496737,19.1658953],[72.8496067,19.1658915],[72.849726,19.1648958],[72.8497276,19.1639836],[72.8497059,19.1631958]]]],"type":"MultiPolygon"},"id":"way/166535201","properties":{"all_driver_tags":{"bench":"yes","public_transport":"platform","railway":"platform","shelter":"yes","train":"yes"},"boarding_coordinate_status":"not_derived_from_area","extent_intersection_status":"intersects_research_envelope","geometry_status":"valid","name":"","osm_object_id":"166535201","osm_object_type":"way","selected_tags":{"public_transport":"platform","railway":"platform"},"source":"mapped_osm_feature","source_id":"osm_western_zone_20260915","source_sha256":"c335a72cadfebc3ffde5cfff20fc9711f3112bc11000d43fde4daea10c36b53e","status":"unverified_operation_and_station_identity"},"type":"Feature"},{"geometry":{"coordinates":[[[[72.8495677,19.1633478],[72.8496321,19.1633504],[72.8496194,19.1647788],[72.8495916,19.1651058],[72.8495168,19.1658966],[72.8494175,19.1658864],[72.8494435,19.1654464],[72.8494596,19.165174],[72.8495677,19.1633478]]]],"type":"MultiPolygon"},"id":"way/166535208","properties":{"all_driver_tags":{"bench":"yes","public_transport":"platform","railway":"platform","ref":"4;5","shelter":"yes","train":"yes"},"boarding_coordinate_status":"not_derived_from_area","extent_intersection_status":"intersects_research_envelope","geometry_status":"valid","name":"","osm_object_id":"166535208","osm_object_type":"way","selected_tags":{"public_transport":"platform","railway":"platform"},"source":"mapped_osm_feature","source_id":"osm_western_zone_20260915","source_sha256":"c335a72cadfebc3ffde5cfff20fc9711f3112bc11000d43fde4daea10c36b53e","status":"unverified_operation_and_station_identity"},"type":"Feature"},{"geometry":{"coordinates":[[[[72.8194611,19.1307077],[72.8194024,19.1311595],[72.8193928,19.1313275],[72.8194422,19.1314039],[72.8194985,19.1314455],[72.8196139,19.1314503],[72.8197195,19.1314319],[72.8204366,19.1312884],[72.8204498,19.1306149],[72.8194611,19.1307077]]]],"type":"MultiPolygon"},"id":"way/198565173","properties":{"all_driver_tags":{"addr:housename":"7 Bungalows Bus Depot","addr:postcode":"400061","amenity":"bus_station","bus":"yes","name":"7 Bungalows Bus Depot","public_transport":"station"},"boarding_coordinate_status":"not_derived_from_area","extent_intersection_status":"intersects_research_envelope","geometry_status":"valid","name":"7 Bungalows Bus Depot","osm_object_id":"198565173","osm_object_type":"way","selected_tags":{"amenity":"bus_station","public_transport":"station"},"source":"mapped_osm_feature","source_id":"osm_western_zone_20260915","source_sha256":"c335a72cadfebc3ffde5cfff20fc9711f3112bc11000d43fde4daea10c36b53e","status":"unverified_operation_and_station_identity"},"type":"Feature"},{"geometry":{"coordinates":[[[[72.7820377,19.1668707],[72.7820064,19.1665926],[72.7823082,19.1665623],[72.7823395,19.1668403],[72.7820377,19.1668707]]]],"type":"MultiPolygon"},"id":"way/204689345","properties":{"all_driver_tags":{"aeroway":"helipad"},"boarding_coordinate_status":"not_derived_from_area","extent_intersection_status":"intersects_research_envelope","geometry_status":"valid","name":"","osm_object_id":"204689345","osm_object_type":"way","selected_tags":{"aeroway":"helipad"},"source":"mapped_osm_feature","source_id":"osm_western_zone_20260915","source_sha256":"c335a72cadfebc3ffde5cfff20fc9711f3112bc11000d43fde4daea10c36b53e","status":"unverified_operation_and_station_identity"},"type":"Feature"},{"geometry":{"coordinates":[[[[72.8342499,18.9395744],[72.8342293,18.9395622],[72.8343571,18.9396364],[72.8341116,18.9400991],[72.8338878,18.9402575],[72.8342499,18.9395744]]]],"type":"MultiPolygon"},"id":"way/207310713","properties":{"all_driver_tags":{"amenity":"taxi"},"boarding_coordinate_status":"not_derived_from_area","extent_intersection_status":"intersects_research_envelope","geometry_status":"valid","name":"","osm_object_id":"207310713","osm_object_type":"way","selected_tags":{"amenity":"taxi"},"source":"mapped_osm_feature","source_id":"osm_western_zone_20260915","source_sha256":"c335a72cadfebc3ffde5cfff20fc9711f3112bc11000d43fde4daea10c36b53e","status":"unverified_operation_and_station_identity"},"type":"Feature"},{"geometry":{"coordinates":[[[[72.83707,18.9419321],[72.8370236,18.9419361],[72.8369725,18.9419404],[72.8369871,18.9420398],[72.8371764,18.9432918],[72.8372045,18.9434124],[72.8376095,18.94487],[72.8377257,18.9452956],[72.8383294,18.9474218],[72.8383449,18.9475142],[72.8384067,18.9475035],[72.8384007,18.9474005],[72.8383669,18.947225],[72.8378157,18.9452726],[72.837692,18.9448488],[72.8372927,18.9433982],[72.8372645,18.9432741],[72.8370845,18.942031],[72.83707,18.9419321]]]],"type":"MultiPolygon"},"id":"way/207359034","properties":{"all_driver_tags":{"name":"16-17","public_transport":"platform","railway":"platform","ref":"16;17","train":"yes"},"boarding_coordinate_status":"not_derived_from_area","extent_intersection_status":"intersects_research_envelope","geometry_status":"valid","name":"16-17","osm_object_id":"207359034","osm_object_type":"way","selected_tags":{"public_transport":"platform","railway":"platform"},"source":"mapped_osm_feature","source_id":"osm_western_zone_20260915","source_sha256":"c335a72cadfebc3ffde5cfff20fc9711f3112bc11000d43fde4daea10c36b53e","status":"unverified_operation_and_station_identity"},"type":"Feature"},{"geometry":{"coordinates":[[[[72.8304262,18.9214323],[72.829781,18.9217985],[72.8297037,18.9216724],[72.8298343,18.9215993],[72.8297623,18.9214733],[72.8303743,18.9211351],[72.8304721,18.9212827],[72.830369,18.9213404],[72.8304262,18.9214323]]]],"type":"MultiPolygon"},"id":"way/207415960","properties":{"all_driver_tags":{"addr:city":"Mumbai","addr:postcode":"400001","addr:street":"Cusrow Baug Colony, Apollo Bandar, Colaba","amenity":"bus_station","building":"yes","bus":"yes","name":"Colaba Bus Depot","public_transport":"station"},"boarding_coordinate_status":"not_derived_from_area","extent_intersection_status":"intersects_research_envelope","geometry_status":"valid","name":"Colaba Bus Depot","osm_object_id":"207415960","osm_object_type":"way","selected_tags":{"amenity":"bus_station","public_transport":"station"},"source":"mapped_osm_feature","source_id":"osm_western_zone_20260915","source_sha256":"c335a72cadfebc3ffde5cfff20fc9711f3112bc11000d43fde4daea10c36b53e","status":"unverified_operation_and_station_identity"},"type":"Feature"},{"geometry":{"coordinates":[[[[72.8367211,18.9415482],[72.8366701,18.9415528],[72.8366181,18.9415575],[72.8367694,18.9431433],[72.836825,18.9436177],[72.8368721,18.9438693],[72.83693,18.9440645],[72.8372333,18.9450039],[72.8373711,18.945432],[72.8376419,18.9462715],[72.8378947,18.9470551],[72.8379273,18.94705],[72.8378639,18.9466837],[72.8377771,18.946355],[72.8377411,18.9462447],[72.837472,18.9454039],[72.8373298,18.9449818],[72.8370151,18.9440473],[72.8369662,18.9438522],[72.8369228,18.9436074],[72.8368671,18.9431364],[72.8367211,18.9415482]]]],"type":"MultiPolygon"},"id":"way/207427866","properties":{"all_driver_tags":{"name":"14-15","public_transport":"platform","railway":"platform","ref":"14;15","train":"yes"},"boarding_coordinate_status":"not_derived_from_area","extent_intersection_status":"intersects_research_envelope","geometry_status":"valid","name":"14-15","osm_object_id":"207427866","osm_object_type":"way","selected_tags":{"public_transport":"platform","railway":"platform"},"source":"mapped_osm_feature","source_id":"osm_western_zone_20260915","source_sha256":"c335a72cadfebc3ffde5cfff20fc9711f3112bc11000d43fde4daea10c36b53e","status":"unverified_operation_and_station_identity"},"type":"Feature"},{"geometry":{"coordinates":[[[[72.8353632,18.9429587],[72.8353516,18.9431634],[72.8353475,18.9433239],[72.8353496,18.9434902],[72.8353547,18.9437027],[72.8353618,18.9438063],[72.8353979,18.9438046],[72.8354049,18.9438973],[72.8354234,18.9440226],[72.8354519,18.9441516],[72.8354642,18.9442026],[72.8354835,18.9441989],[72.8354696,18.9441465],[72.8354434,18.944019],[72.8354257,18.9438951],[72.8354176,18.9438038],[72.8354135,18.9436464],[72.8354179,18.9435209],[72.8354288,18.9433946],[72.8355221,18.9425129],[72.8357076,18.9407395],[72.835663,18.9407351],[72.8356819,18.9405556],[72.8356449,18.9405521],[72.8356079,18.9405487],[72.8353978,18.9425484],[72.835378,18.9427558],[72.8353632,18.9429587]]]],"type":"MultiPolygon"},"id":"way/207427868","properties":{"all_driver_tags":{"bench":"yes","bin":"yes","covered":"yes","level":"0","lit":"yes","name":"6-7","passenger_information_display":"yes","public_transport":"platform","railway":"platform","ref":"6;7","tactile_paving":"yes","train":"yes","wheelchair":"yes"},"boarding_coordinate_status":"not_derived_from_area","extent_intersection_status":"intersects_research_envelope","geometry_status":"valid","name":"6-7","osm_object_id":"207427868","osm_object_type":"way","selected_tags":{"public_transport":"platform","railway":"platform"},"source":"mapped_osm_feature","source_id":"osm_western_zone_20260915","source_sha256":"c335a72cadfebc3ffde5cfff20fc9711f3112bc11000d43fde4daea10c36b53e","status":"unverified_operation_and_station_identity"},"type":"Feature"},{"geometry":{"coordinates":[[[[72.8198424,18.9698899],[72.8198226,18.9696655],[72.8198978,18.9696596],[72.8198893,18.9695624],[72.819879,18.9694456],[72.81976,18.969455],[72.8197429,18.9692606],[72.8190014,18.9693188],[72.8189203,18.9693252],[72.8189676,18.9698636],[72.8190155,18.9698599],[72.8190769,18.9698555],[72.8191419,18.9698508],[72.8191947,18.9698466],[72.8192626,18.9698411],[72.8193476,18.9698343],[72.8194206,18.9698285],[72.8194976,18.9698223],[72.8194992,18.9698514],[72.8195811,18.9698443],[72.819665,18.9699038],[72.8198424,18.9698899]]]],"type":"MultiPolygon"},"id":"way/207540456","properties":{"all_driver_tags":{"bench":"yes","bin":"yes","covered":"yes","lit":"yes","passenger_information_display":"yes","public_transport":"platform","railway":"platform","train":"yes","wheelchair":"yes"},"boarding_coordinate_status":"not_derived_from_area","extent_intersection_status":"intersects_research_envelope","geometry_status":"valid","name":"","osm_object_id":"207540456","osm_object_type":"way","selected_tags":{"public_transport":"platform","railway":"platform"},"source":"mapped_osm_feature","source_id":"osm_western_zone_20260915","source_sha256":"c335a72cadfebc3ffde5cfff20fc9711f3112bc11000d43fde4daea10c36b53e","status":"unverified_operation_and_station_identity"},"type":"Feature"},{"geometry":{"coordinates":[[[[72.8391517,18.9628157],[72.8392081,18.962609],[72.8392635,18.9623884],[72.8393133,18.9621666],[72.8393457,18.962003],[72.8393748,18.9618394],[72.8394019,18.9616713],[72.8394204,18.961508],[72.8394288,18.9614],[72.8394521,18.9614018],[72.8394754,18.9614036],[72.8394955,18.9614051],[72.8394865,18.9615135],[72.8394708,18.9616805],[72.8394478,18.9618491],[72.8394196,18.9620154],[72.8393867,18.9621825],[72.8393359,18.9624052],[72.8392784,18.9626263],[72.839216,18.9628343],[72.8391485,18.9630401],[72.8390932,18.9631908],[72.8390329,18.9633393],[72.8389288,18.9635613],[72.8388307,18.9637437],[72.8388129,18.9637755],[72.8387578,18.9637475],[72.8387756,18.9637166],[72.8388664,18.9635348],[72.8389679,18.9633138],[72.8390267,18.9631662],[72.8390822,18.9630169],[72.8391517,18.9628157]]]],"type":"MultiPolygon"},"id":"way/207555566","properties":{"all_driver_tags":{"bench":"yes","passenger_information_display":"yes","public_transport":"platform","railway":"platform","ref":"1;2","train":"yes","wheelchair":"yes"},"boarding_coordinate_status":"not_derived_from_area","extent_intersection_status":"intersects_research_envelope","geometry_status":"valid","name":"","osm_object_id":"207555566","osm_object_type":"way","selected_tags":{"public_transport":"platform","railway":"platform"},"source":"mapped_osm_feature","source_id":"osm_western_zone_20260915","source_sha256":"c335a72cadfebc3ffde5cfff20fc9711f3112bc11000d43fde4daea10c36b53e","status":"unverified_operation_and_station_identity"},"type":"Feature"},{"geometry":{"coordinates":[[[[72.8394799,18.9607767],[72.8395784,18.960973],[72.8396701,18.9611304],[72.8397962,18.9613076],[72.8399271,18.9614646],[72.8410459,18.9626285],[72.8410079,18.96266],[72.8398906,18.9614935],[72.8397572,18.9613343],[72.8396285,18.9611548],[72.8395335,18.9609941],[72.8395157,18.9610025],[72.8395007,18.9609745],[72.8394865,18.9609822],[72.8394468,18.9610009],[72.8394402,18.9609772],[72.8393919,18.9609959],[72.8393936,18.961052],[72.8392952,18.9610546],[72.8392953,18.9609456],[72.8392873,18.960789],[72.8393832,18.9607864],[72.8393852,18.9608563],[72.8394274,18.9608376],[72.8394116,18.9608082],[72.8394205,18.9608041],[72.8394392,18.9607954],[72.8394577,18.9607869],[72.8394799,18.9607767]]]],"type":"MultiPolygon"},"id":"way/207555574","properties":{"all_driver_tags":{"layer":"1","public_transport":"platform","railway":"platform","train":"yes"},"boarding_coordinate_status":"not_derived_from_area","extent_intersection_status":"intersects_research_envelope","geometry_status":"valid","name":"","osm_object_id":"207555574","osm_object_type":"way","selected_tags":{"public_transport":"platform","railway":"platform"},"source":"mapped_osm_feature","source_id":"osm_western_zone_20260915","source_sha256":"c335a72cadfebc3ffde5cfff20fc9711f3112bc11000d43fde4daea10c36b53e","status":"unverified_operation_and_station_identity"},"type":"Feature"},{"geometry":{"coordinates":[[[[72.8189265,18.9716429],[72.8189329,18.9717113],[72.8189636,18.9719085],[72.8188838,18.9719148],[72.8188517,18.9717117],[72.8188401,18.9716532],[72.8188211,18.9715294],[72.8187728,18.9711663],[72.8187368,18.9708053],[72.8187043,18.9705066],[72.8186981,18.9704474],[72.8186926,18.9703939],[72.8186644,18.9701138],[72.8186377,18.9698616],[72.8185699,18.9694994],[72.8184846,18.9691723],[72.8184983,18.9691641],[72.8186186,18.9694892],[72.8186908,18.9697281],[72.8187244,18.9699325],[72.8187446,18.9701025],[72.8187744,18.9703879],[72.8187803,18.9704413],[72.818787,18.9705026],[72.8188202,18.9707981],[72.8189265,18.9716429]]]],"type":"MultiPolygon"},"id":"way/207565916","properties":{"all_driver_tags":{"IR:zone":"WR:CCG","bench":"yes","bin":"yes","covered":"yes","departures_board":"realtime","lit":"yes","name":"Platform 1/2 (local)","network":"IR","operator":"Western line (Mumbai Suburban Railway)","passenger_information_display":"yes","public_transport":"platform","railway":"platform","ref":"1;2","shelter":"yes","train":"yes"},"boarding_coordinate_status":"not_derived_from_area","extent_intersection_status":"intersects_research_envelope","geometry_status":"valid","name":"Platform 1/2 (local)","osm_object_id":"207565916","osm_object_type":"way","selected_tags":{"public_transport":"platform","railway":"platform"},"source":"mapped_osm_feature","source_id":"osm_western_zone_20260915","source_sha256":"c335a72cadfebc3ffde5cfff20fc9711f3112bc11000d43fde4daea10c36b53e","status":"unverified_operation_and_station_identity"},"type":"Feature"},{"geometry":{"coordinates":[[[[72.8190029,18.9715691],[72.819044,18.9717986],[72.8190827,18.9720141],[72.8191615,18.9723012],[72.8192146,18.9722924],[72.8191089,18.9717892],[72.8190917,18.9716706],[72.8190843,18.9715546],[72.8190158,18.9707943],[72.8190118,18.9707562],[72.8189736,18.9704658],[72.8189685,18.9704274],[72.8189615,18.970374],[72.8189559,18.9703317],[72.8189187,18.9700661],[72.8189075,18.9700576],[72.8188402,18.9697488],[72.8187201,18.9694427],[72.8186142,18.9691685],[72.8185994,18.9691758],[72.8187969,18.9698267],[72.8188389,18.9700708],[72.8188421,18.9700885],[72.8188723,18.9703806],[72.8188781,18.9704341],[72.818883,18.9704786],[72.8189206,18.9708111],[72.8190029,18.9715691]]]],"type":"MultiPolygon"},"id":"way/207565917","properties":{"all_driver_tags":{"IR:zone":"WR:CCG","bench":"yes","bin":"yes","covered":"yes","departures_board":"realtime","lit":"yes","name":"Platform 3/4 (local)","network":"IR","operator":"Western line (Mumbai Suburban Railway)","passenger_information_display":"yes","public_transport":"platform","railway":"platform","ref":"3;4","shelter":"yes","train":"yes"},"boarding_coordinate_status":"not_derived_from_area","extent_intersection_status":"intersects_research_envelope","geometry_status":"valid","name":"Platform 3/4 (local)","osm_object_id":"207565917","osm_object_type":"way","selected_tags":{"public_transport":"platform","railway":"platform"},"source":"mapped_osm_feature","source_id":"osm_western_zone_20260915","source_sha256":"c335a72cadfebc3ffde5cfff20fc9711f3112bc11000d43fde4daea10c36b53e","status":"unverified_operation_and_station_identity"},"type":"Feature"},{"geometry":{"coordinates":[[[[72.8229661,18.9470507],[72.8233186,18.9465308],[72.8239468,18.9456229],[72.8244693,18.9448551],[72.824511,18.9447938],[72.8245563,18.9448257],[72.8245187,18.9448828],[72.8240124,18.9456528],[72.8235696,18.9462755],[72.82337,18.9465561],[72.8230072,18.9470662],[72.8229661,18.9470507]]]],"type":"MultiPolygon"},"id":"way/208118826","properties":{"all_driver_tags":{"bench":"yes","bin":"yes","covered":"yes","departures_board":"realtime","name":"Platform 4","public_transport":"platform","railway":"platform","ref":"4","train":"yes"},"boarding_coordinate_status":"not_derived_from_area","extent_intersection_status":"intersects_research_envelope","geometry_status":"valid","name":"Platform 4","osm_object_id":"208118826","osm_object_type":"way","selected_tags":{"public_transport":"platform","railway":"platform"},"source":"mapped_osm_feature","source_id":"osm_western_zone_20260915","source_sha256":"c335a72cadfebc3ffde5cfff20fc9711f3112bc11000d43fde4daea10c36b53e","status":"unverified_operation_and_station_identity"},"type":"Feature"},{"geometry":{"coordinates":[[[[72.8229293,18.9469607],[72.8229051,18.9469467],[72.8231128,18.9465747],[72.8231719,18.946481],[72.8232522,18.9463774],[72.823393,18.9461714],[72.8238104,18.9455606],[72.8242753,18.9448804],[72.8243495,18.9447756],[72.8244374,18.9446515],[72.8244889,18.9446813],[72.8244028,18.944807],[72.8242953,18.944964],[72.823867,18.9455942],[72.8234512,18.9462059],[72.8233103,18.9464132],[72.8232366,18.9465192],[72.8229293,18.9469607]]]],"type":"MultiPolygon"},"id":"way/208118828","properties":{"all_driver_tags":{"bench":"yes","bin":"yes","covered":"yes","departures_board":"realtime","name":"Platform 2,3","network":"IR","public_transport":"platform","railway":"platform","ref":"2;3","train":"yes"},"boarding_coordinate_status":"not_derived_from_area","extent_intersection_status":"intersects_research_envelope","geometry_status":"valid","name":"Platform 2,3","osm_object_id":"208118828","osm_object_type":"way","selected_tags":{"public_transport":"platform","railway":"platform"},"source":"mapped_osm_feature","source_id":"osm_western_zone_20260915","source_sha256":"c335a72cadfebc3ffde5cfff20fc9711f3112bc11000d43fde4daea10c36b53e","status":"unverified_operation_and_station_identity"},"type":"Feature"},{"geometry":{"coordinates":[[[[73.2474326,19.2457844],[73.2474433,19.2453438],[73.2479298,19.2453489],[73.2479188,19.2457847],[73.2474326,19.2457844]]]],"type":"MultiPolygon"},"id":"way/214639276","properties":{"all_driver_tags":{"aeroway":"helipad"},"boarding_coordinate_status":"not_derived_from_area","extent_intersection_status":"intersects_research_envelope","geometry_status":"valid","name":"","osm_object_id":"214639276","osm_object_type":"way","selected_tags":{"aeroway":"helipad"},"source":"mapped_osm_feature","source_id":"osm_western_zone_20260915","source_sha256":"c335a72cadfebc3ffde5cfff20fc9711f3112bc11000d43fde4daea10c36b53e","status":"unverified_operation_and_station_identity"},"type":"Feature"},{"geometry":{"coordinates":[[[[72.9001094,19.0630759],[72.9001389,19.0631393],[72.9004071,19.0630227],[72.9021303,19.0622435],[72.9026707,19.0619864],[72.9026266,19.0619036],[72.9020862,19.0621607],[72.9003561,19.0629238],[72.9002408,19.0629923],[72.9001094,19.0630759]]]],"type":"MultiPolygon"},"id":"way/215295497","properties":{"all_driver_tags":{"bench":"yes","bin":"yes","lit":"yes","public_transport":"platform","railway":"platform","shelter":"yes"},"boarding_coordinate_status":"not_derived_from_area","extent_intersection_status":"intersects_research_envelope","geometry_status":"valid","name":"","osm_object_id":"215295497","osm_object_type":"way","selected_tags":{"public_transport":"platform","railway":"platform"},"source":"mapped_osm_feature","source_id":"osm_western_zone_20260915","source_sha256":"c335a72cadfebc3ffde5cfff20fc9711f3112bc11000d43fde4daea10c36b53e","status":"unverified_operation_and_station_identity"},"type":"Feature"},{"geometry":{"coordinates":[[[[73.5342973,19.0765905],[73.5343829,19.0761188],[73.5349408,19.0760707],[73.53504,19.0762811],[73.5352895,19.0765498],[73.5352734,19.0766309],[73.5349381,19.0765219],[73.5342973,19.0765905]]]],"type":"MultiPolygon"},"id":"way/215351901","properties":{"all_driver_tags":{"amenity":"bus_station","name":"Bhimashankar Bus Stand"},"boarding_coordinate_status":"not_derived_from_area","extent_intersection_status":"intersects_research_envelope","geometry_status":"valid","name":"Bhimashankar Bus Stand","osm_object_id":"215351901","osm_object_type":"way","selected_tags":{"amenity":"bus_station"},"source":"mapped_osm_feature","source_id":"osm_western_zone_20260915","source_sha256":"c335a72cadfebc3ffde5cfff20fc9711f3112bc11000d43fde4daea10c36b53e","status":"unverified_operation_and_station_identity"},"type":"Feature"},{"geometry":{"coordinates":[[[[72.8447549,19.0193075],[72.8447006,19.019343],[72.8415911,19.0148442],[72.841655,19.0148096],[72.8429447,19.0167136],[72.8432199,19.017106],[72.8433024,19.0170547],[72.8438453,19.0178285],[72.8437548,19.0178855],[72.8440647,19.0183361],[72.8442298,19.0185746],[72.8447549,19.0193075]]]],"type":"MultiPolygon"},"id":"way/220303376","properties":{"all_driver_tags":{"bench":"yes","bin":"yes","passenger_information_display":"yes","public_transport":"platform","railway":"platform","ref":"12","train":"yes"},"boarding_coordinate_status":"not_derived_from_area","extent_intersection_status":"intersects_research_envelope","geometry_status":"valid","name":"","osm_object_id":"220303376","osm_object_type":"way","selected_tags":{"public_transport":"platform","railway":"platform"},"source":"mapped_osm_feature","source_id":"osm_western_zone_20260915","source_sha256":"c335a72cadfebc3ffde5cfff20fc9711f3112bc11000d43fde4daea10c36b53e","status":"unverified_operation_and_station_identity"},"type":"Feature"},{"geometry":{"coordinates":[[[[72.8440647,19.0183361],[72.8442212,19.0182442],[72.8443856,19.0184801],[72.8444107,19.0185176],[72.8443792,19.0185356],[72.8461422,19.0210644],[72.8463496,19.0213721],[72.8464904,19.0216206],[72.8466032,19.0218561],[72.8465783,19.0218728],[72.8463067,19.0214596],[72.8460505,19.0210891],[72.8442792,19.0185431],[72.8442298,19.0185746],[72.8440647,19.0183361]]]],"type":"MultiPolygon"},"id":"way/220303377","properties":{"all_driver_tags":{"name":"Platform 13-14","public_transport":"platform","railway":"platform","ref":"13;14","train":"yes"},"boarding_coordinate_status":"not_derived_from_area","extent_intersection_status":"intersects_research_envelope","geometry_status":"valid","name":"Platform 13-14","osm_object_id":"220303377","osm_object_type":"way","selected_tags":{"public_transport":"platform","railway":"platform"},"source":"mapped_osm_feature","source_id":"osm_western_zone_20260915","source_sha256":"c335a72cadfebc3ffde5cfff20fc9711f3112bc11000d43fde4daea10c36b53e","status":"unverified_operation_and_station_identity"},"type":"Feature"},{"geometry":{"coordinates":[[[[72.8424815,19.0179543],[72.8425298,19.0179258],[72.8428998,19.0184068],[72.843312,19.0190151],[72.8435453,19.0194372],[72.8439132,19.0202128],[72.8447156,19.0218078],[72.8449381,19.0222545],[72.8453387,19.0232937],[72.8461875,19.0254957],[72.846099,19.0255242],[72.8452522,19.023328],[72.8449647,19.0225825],[72.8447825,19.0221639],[72.8445506,19.0216854],[72.8437463,19.0200607],[72.8434668,19.0195037],[72.8432135,19.0190551],[72.8424815,19.0179543]]]],"type":"MultiPolygon"},"id":"way/220303378","properties":{"all_driver_tags":{"bench":"yes","name":"Platform 5","public_transport":"platform","railway":"platform","ref":"5","train":"yes"},"boarding_coordinate_status":"not_derived_from_area","extent_intersection_status":"intersects_research_envelope","geometry_status":"valid","name":"Platform 5","osm_object_id":"220303378","osm_object_type":"way","selected_tags":{"public_transport":"platform","railway":"platform"},"source":"mapped_osm_feature","source_id":"osm_western_zone_20260915","source_sha256":"c335a72cadfebc3ffde5cfff20fc9711f3112bc11000d43fde4daea10c36b53e","status":"unverified_operation_and_station_identity"},"type":"Feature"},{"geometry":{"coordinates":[[[[72.8444473,19.0193626],[72.8444137,19.0193807],[72.8436261,19.0183623],[72.8434212,19.0180624],[72.8429187,19.0173272],[72.8424025,19.0165439],[72.8422569,19.0163065],[72.8418379,19.0156234],[72.841862,19.0156095],[72.8423215,19.016272],[72.8430113,19.0172666],[72.8435193,19.0180081],[72.8444473,19.0193626]]]],"type":"MultiPolygon"},"id":"way/220303379","properties":{"all_driver_tags":{"bench":"yes","bin":"yes","passenger_information_display":"yes","public_transport":"platform","railway":"platform","ref":"9;9A","train":"yes"},"boarding_coordinate_status":"not_derived_from_area","extent_intersection_status":"intersects_research_envelope","geometry_status":"valid","name":"","osm_object_id":"220303379","osm_object_type":"way","selected_tags":{"public_transport":"platform","railway":"platform"},"source":"mapped_osm_feature","source_id":"osm_western_zone_20260915","source_sha256":"c335a72cadfebc3ffde5cfff20fc9711f3112bc11000d43fde4daea10c36b53e","status":"unverified_operation_and_station_identity"},"type":"Feature"},{"geometry":{"coordinates":[[[[72.8446861,19.0196285],[72.8433012,19.0175976],[72.8432295,19.0174924],[72.8430654,19.0172518],[72.8426636,19.0167094],[72.8422407,19.0161102],[72.8418037,19.0154607],[72.8415092,19.0150159],[72.8414954,19.014995],[72.841549,19.0149595],[72.8415669,19.0149854],[72.8431123,19.0172208],[72.8432754,19.0174595],[72.8447364,19.0195971],[72.8446861,19.0196285]]]],"type":"MultiPolygon"},"id":"way/220303380","properties":{"all_driver_tags":{"bench":"yes","bin":"yes","passenger_information_display":"yes","public_transport":"platform","railway":"platform","ref":"10;11","train":"yes"},"boarding_coordinate_status":"not_derived_from_area","extent_intersection_status":"intersects_research_envelope","geometry_status":"valid","name":"","osm_object_id":"220303380","osm_object_type":"way","selected_tags":{"public_transport":"platform","railway":"platform"},"source":"mapped_osm_feature","source_id":"osm_western_zone_20260915","source_sha256":"c335a72cadfebc3ffde5cfff20fc9711f3112bc11000d43fde4daea10c36b53e","status":"unverified_operation_and_station_identity"},"type":"Feature"},{"geometry":{"coordinates":[[[[72.8421457,19.0179981],[72.8436688,19.0205009],[72.8436024,19.0205313],[72.8428173,19.0192242],[72.8427595,19.0192467],[72.8420333,19.0180504],[72.8421457,19.0179981]]]],"type":"MultiPolygon"},"id":"way/220303381","properties":{"all_driver_tags":{"bench":"yes","public_transport":"platform","railway":"platform","ref":"1","train":"yes"},"boarding_coordinate_status":"not_derived_from_area","extent_intersection_status":"intersects_research_envelope","geometry_status":"valid","name":"","osm_object_id":"220303381","osm_object_type":"way","selected_tags":{"public_transport":"platform","railway":"platform"},"source":"mapped_osm_feature","source_id":"osm_western_zone_20260915","source_sha256":"c335a72cadfebc3ffde5cfff20fc9711f3112bc11000d43fde4daea10c36b53e","status":"unverified_operation_and_station_identity"},"type":"Feature"},{"geometry":{"coordinates":[[[[72.841902,19.0159952],[72.8418341,19.0160406],[72.841842,19.0160528],[72.8425821,19.0171977],[72.8432389,19.0181111],[72.8433234,19.0182287],[72.8433901,19.0181828],[72.8433116,19.0180693],[72.8429394,19.0175316],[72.8426722,19.0171407],[72.8419101,19.0160079],[72.841902,19.0159952]]]],"type":"MultiPolygon"},"id":"way/220303383","properties":{"all_driver_tags":{"bench":"yes","bin":"yes","passenger_information_display":"yes","public_transport":"platform","railway":"platform","ref":"8","train":"yes"},"boarding_coordinate_status":"not_derived_from_area","extent_intersection_status":"intersects_research_envelope","geometry_status":"valid","name":"","osm_object_id":"220303383","osm_object_type":"way","selected_tags":{"public_transport":"platform","railway":"platform"},"source":"mapped_osm_feature","source_id":"osm_western_zone_20260915","source_sha256":"c335a72cadfebc3ffde5cfff20fc9711f3112bc11000d43fde4daea10c36b53e","status":"unverified_operation_and_station_identity"},"type":"Feature"},{"geometry":{"coordinates":[[[[72.8424856,19.0181007],[72.8425117,19.0180855],[72.8430379,19.018839],[72.8434689,19.019559],[72.8434856,19.0195963],[72.8434387,19.0196178],[72.8429876,19.0188745],[72.8424856,19.0181007]]]],"type":"MultiPolygon"},"id":"way/220303384","properties":{"all_driver_tags":{"bench":"yes","name":"Platform 4","public_transport":"platform","railway":"platform","ref":"4","train":"yes"},"boarding_coordinate_status":"not_derived_from_area","extent_intersection_status":"intersects_research_envelope","geometry_status":"valid","name":"Platform 4","osm_object_id":"220303384","osm_object_type":"way","selected_tags":{"public_transport":"platform","railway":"platform"},"source":"mapped_osm_feature","source_id":"osm_western_zone_20260915","source_sha256":"c335a72cadfebc3ffde5cfff20fc9711f3112bc11000d43fde4daea10c36b53e","status":"unverified_operation_and_station_identity"},"type":"Feature"},{"geometry":{"coordinates":[[[[72.8421095,19.0177509],[72.8421498,19.0177281],[72.8430298,19.0190612],[72.8430647,19.019114],[72.8433663,19.0196197],[72.8436981,19.0202888],[72.8439756,19.0208591],[72.8439273,19.0208782],[72.8435654,19.0201862],[72.8432617,19.0196539],[72.8421095,19.0177509]]]],"type":"MultiPolygon"},"id":"way/220303385","properties":{"all_driver_tags":{"bench":"yes","name":"Platform 2,3","public_transport":"platform","railway":"platform","ref":"2;3","train":"yes"},"boarding_coordinate_status":"not_derived_from_area","extent_intersection_status":"intersects_research_envelope","geometry_status":"valid","name":"Platform 2,3","osm_object_id":"220303385","osm_object_type":"way","selected_tags":{"public_transport":"platform","railway":"platform"},"source":"mapped_osm_feature","source_id":"osm_western_zone_20260915","source_sha256":"c335a72cadfebc3ffde5cfff20fc9711f3112bc11000d43fde4daea10c36b53e","status":"unverified_operation_and_station_identity"},"type":"Feature"},{"geometry":{"coordinates":[[[[72.8215125,18.9649926],[72.8212422,18.9640223],[72.8209077,18.9641],[72.8207755,18.964164],[72.8204506,18.964479],[72.8204511,18.9645683],[72.8204941,18.9646268],[72.8215125,18.9649926]]]],"type":"MultiPolygon"},"id":"way/220311101","properties":{"all_driver_tags":{"amenity":"bus_station","bus":"yes","name":"Tardeo Bus Depot","operator":"BEST","public_transport":"station"},"boarding_coordinate_status":"not_derived_from_area","extent_intersection_status":"intersects_research_envelope","geometry_status":"valid","name":"Tardeo Bus Depot","osm_object_id":"220311101","osm_object_type":"way","selected_tags":{"amenity":"bus_station","public_transport":"station"},"source":"mapped_osm_feature","source_id":"osm_western_zone_20260915","source_sha256":"c335a72cadfebc3ffde5cfff20fc9711f3112bc11000d43fde4daea10c36b53e","status":"unverified_operation_and_station_identity"},"type":"Feature"},{"geometry":{"coordinates":[[[[73.1222717,18.4473073],[73.1271056,18.4459777],[73.1270831,18.4459042],[73.1222493,18.4472339],[73.1222717,18.4473073]]]],"type":"MultiPolygon"},"id":"way/221325717","properties":{"all_driver_tags":{"name":"Roha","name:hi":"रोहा","name:mr":"रोहे","public_transport":"platform","railway":"platform","ref":"2;3","train":"yes"},"boarding_coordinate_status":"not_derived_from_area","extent_intersection_status":"intersects_research_envelope","geometry_status":"valid","name":"Roha","osm_object_id":"221325717","osm_object_type":"way","selected_tags":{"public_transport":"platform","railway":"platform"},"source":"mapped_osm_feature","source_id":"osm_western_zone_20260915","source_sha256":"c335a72cadfebc3ffde5cfff20fc9711f3112bc11000d43fde4daea10c36b53e","status":"unverified_operation_and_station_identity"},"type":"Feature"},{"geometry":{"coordinates":[[[[73.7821518,19.9893558],[73.7827416,19.9898029],[73.7828114,19.989813],[73.7828385,19.9897843],[73.7828063,19.9892247],[73.7827902,19.9891692],[73.7827526,19.9891087],[73.7826987,19.9890619],[73.7826185,19.9890583],[73.782522,19.9890987],[73.7821411,19.9892348],[73.7821143,19.9892902],[73.7821518,19.9893558]]]],"type":"MultiPolygon"},"id":"way/230102072","properties":{"all_driver_tags":{"amenity":"bus_station","name":"Private Bus Stand"},"boarding_coordinate_status":"not_derived_from_area","extent_intersection_status":"intersects_research_envelope","geometry_status":"valid","name":"Private Bus Stand","osm_object_id":"230102072","osm_object_type":"way","selected_tags":{"amenity":"bus_station"},"source":"mapped_osm_feature","source_id":"osm_western_zone_20260915","source_sha256":"c335a72cadfebc3ffde5cfff20fc9711f3112bc11000d43fde4daea10c36b53e","status":"unverified_operation_and_station_identity"},"type":"Feature"},{"geometry":{"coordinates":[[[[73.792664,18.637785],[73.7924361,18.6383015],[73.7922368,18.6387033],[73.7920337,18.6390881],[73.7918077,18.6394805],[73.7914876,18.6399757],[73.7913279,18.6401986],[73.791109,18.6405043],[73.790756,18.6409366],[73.7906276,18.6410897],[73.790609,18.6410775],[73.790741,18.640924],[73.7908304,18.6407965],[73.7910495,18.6404323],[73.7912321,18.6401387],[73.7913766,18.6399063],[73.7917046,18.6394352],[73.7919532,18.6390553],[73.7921445,18.6386699],[73.7923429,18.638263],[73.792591,18.6377565],[73.7927267,18.6374764],[73.7928335,18.637241],[73.7928702,18.6372581],[73.7927824,18.6375008],[73.792664,18.637785]]]],"type":"MultiPolygon"},"id":"way/235145485","properties":{"all_driver_tags":{"bench":"yes","covered":"yes","public_transport":"platform","railway":"platform","shelter":"yes","train":"yes"},"boarding_coordinate_status":"not_derived_from_area","extent_intersection_status":"intersects_research_envelope","geometry_status":"valid","name":"","osm_object_id":"235145485","osm_object_type":"way","selected_tags":{"public_transport":"platform","railway":"platform"},"source":"mapped_osm_feature","source_id":"osm_western_zone_20260915","source_sha256":"c335a72cadfebc3ffde5cfff20fc9711f3112bc11000d43fde4daea10c36b53e","status":"unverified_operation_and_station_identity"},"type":"Feature"},{"geometry":{"coordinates":[[[[73.7929198,18.6378495],[73.7928475,18.6378222],[73.7925964,18.6383689],[73.7923946,18.6387758],[73.7921892,18.6391651],[73.7919595,18.6395637],[73.791635,18.6400658],[73.7914706,18.6402954],[73.7912511,18.6406019],[73.7908919,18.6410416],[73.7904805,18.6414973],[73.7905223,18.6415336],[73.7909716,18.6410945],[73.7911579,18.6408831],[73.7913373,18.6406634],[73.7915645,18.6403567],[73.7917335,18.6401285],[73.7920621,18.63962],[73.792294,18.6392175],[73.7924881,18.6388049],[73.7926776,18.6384096],[73.7929198,18.6378495]]]],"type":"MultiPolygon"},"id":"way/235145487","properties":{"all_driver_tags":{"bench":"yes","covered":"yes","public_transport":"platform","railway":"platform","shelter":"yes","train":"yes"},"boarding_coordinate_status":"not_derived_from_area","extent_intersection_status":"intersects_research_envelope","geometry_status":"valid","name":"","osm_object_id":"235145487","osm_object_type":"way","selected_tags":{"public_transport":"platform","railway":"platform"},"source":"mapped_osm_feature","source_id":"osm_western_zone_20260915","source_sha256":"c335a72cadfebc3ffde5cfff20fc9711f3112bc11000d43fde4daea10c36b53e","status":"unverified_operation_and_station_identity"},"type":"Feature"},{"geometry":{"coordinates":[[[[73.7655586,18.6475959],[73.7655202,18.6475535],[73.763337,18.649327],[73.7633754,18.6493695],[73.7655586,18.6475959]]]],"type":"MultiPolygon"},"id":"way/235145493","properties":{"all_driver_tags":{"bench":"yes","covered":"yes","public_transport":"platform","railway":"platform","shelter":"yes","train":"yes"},"boarding_coordinate_status":"not_derived_from_area","extent_intersection_status":"intersects_research_envelope","geometry_status":"valid","name":"","osm_object_id":"235145493","osm_object_type":"way","selected_tags":{"public_transport":"platform","railway":"platform"},"source":"mapped_osm_feature","source_id":"osm_western_zone_20260915","source_sha256":"c335a72cadfebc3ffde5cfff20fc9711f3112bc11000d43fde4daea10c36b53e","status":"unverified_operation_and_station_identity"},"type":"Feature"},{"geometry":{"coordinates":[[[[73.7656421,18.6476952],[73.7656036,18.647653],[73.7634301,18.6494373],[73.7634679,18.6494786],[73.7644563,18.6486672],[73.7644983,18.6487131],[73.7647628,18.648496],[73.7647215,18.6484509],[73.7656421,18.6476952]]]],"type":"MultiPolygon"},"id":"way/235145504","properties":{"all_driver_tags":{"bench":"yes","covered":"yes","public_transport":"platform","railway":"platform","shelter":"yes","train":"yes"},"boarding_coordinate_status":"not_derived_from_area","extent_intersection_status":"intersects_research_envelope","geometry_status":"valid","name":"","osm_object_id":"235145504","osm_object_type":"way","selected_tags":{"public_transport":"platform","railway":"platform"},"source":"mapped_osm_feature","source_id":"osm_western_zone_20260915","source_sha256":"c335a72cadfebc3ffde5cfff20fc9711f3112bc11000d43fde4daea10c36b53e","status":"unverified_operation_and_station_identity"},"type":"Feature"},{"geometry":{"coordinates":[[[[72.9536848,19.1831027],[72.9539889,19.1830451],[72.9544384,19.1829373],[72.9545194,19.1831885],[72.9537966,19.1834261],[72.9536809,19.1833414],[72.9536545,19.1831946],[72.9536848,19.1831027]]]],"type":"MultiPolygon"},"id":"way/235944246","properties":{"all_driver_tags":{"amenity":"bus_station","name":"Mulund Check Naka"},"boarding_coordinate_status":"not_derived_from_area","extent_intersection_status":"intersects_research_envelope","geometry_status":"valid","name":"Mulund Check Naka","osm_object_id":"235944246","osm_object_type":"way","selected_tags":{"amenity":"bus_station"},"source":"mapped_osm_feature","source_id":"osm_western_zone_20260915","source_sha256":"c335a72cadfebc3ffde5cfff20fc9711f3112bc11000d43fde4daea10c36b53e","status":"unverified_operation_and_station_identity"},"type":"Feature"},{"geometry":{"coordinates":[[[[72.9977605,19.0757159],[72.9967119,19.0757985],[72.9966161,19.0747127],[72.9975344,19.0746403],[72.9976764,19.0747612],[72.9977605,19.0757159]]]],"type":"MultiPolygon"},"id":"way/235988235","properties":{"all_driver_tags":{"amenity":"bus_station","bus":"yes","construction":"yes","name":"Vashi Bus Depot","operator":"NMMT","public_transport":"station"},"boarding_coordinate_status":"not_derived_from_area","extent_intersection_status":"intersects_research_envelope","geometry_status":"valid","name":"Vashi Bus Depot","osm_object_id":"235988235","osm_object_type":"way","selected_tags":{"amenity":"bus_station","public_transport":"station"},"source":"mapped_osm_feature","source_id":"osm_western_zone_20260915","source_sha256":"c335a72cadfebc3ffde5cfff20fc9711f3112bc11000d43fde4daea10c36b53e","status":"unverified_operation_and_station_identity"},"type":"Feature"},{"geometry":{"coordinates":[[[[73.1089691,19.0132798],[73.1088244,19.0146476],[73.1073294,19.0145063],[73.107474,19.0131385],[73.1089691,19.0132798]]]],"type":"MultiPolygon"},"id":"way/235990734","properties":{"all_driver_tags":{"amenity":"bus_station","bus":"yes","name":"Asudgaon Bus Depot","operator":"NMMT","public_transport":"station"},"boarding_coordinate_status":"not_derived_from_area","extent_intersection_status":"intersects_research_envelope","geometry_status":"valid","name":"Asudgaon Bus Depot","osm_object_id":"235990734","osm_object_type":"way","selected_tags":{"amenity":"bus_station","public_transport":"station"},"source":"mapped_osm_feature","source_id":"osm_western_zone_20260915","source_sha256":"c335a72cadfebc3ffde5cfff20fc9711f3112bc11000d43fde4daea10c36b53e","status":"unverified_operation_and_station_identity"},"type":"Feature"},{"geometry":{"coordinates":[[[[73.0791525,19.2127405],[73.0791955,19.212773],[73.0774169,19.2147375],[73.0773712,19.2147101],[73.0791525,19.2127405]]]],"type":"MultiPolygon"},"id":"way/236059662","properties":{"all_driver_tags":{"public_transport":"platform","railway":"platform","ref":"4","train":"yes"},"boarding_coordinate_status":"not_derived_from_area","extent_intersection_status":"intersects_research_envelope","geometry_status":"valid","name":"","osm_object_id":"236059662","osm_object_type":"way","selected_tags":{"public_transport":"platform","railway":"platform"},"source":"mapped_osm_feature","source_id":"osm_western_zone_20260915","source_sha256":"c335a72cadfebc3ffde5cfff20fc9711f3112bc11000d43fde4daea10c36b53e","status":"unverified_operation_and_station_identity"},"type":"Feature"},{"geometry":{"coordinates":[[[[73.0773394,19.2146044],[73.0772927,19.2145721],[73.0790477,19.2126377],[73.0790917,19.2126737],[73.0773394,19.2146044]]]],"type":"MultiPolygon"},"id":"way/236059663","properties":{"all_driver_tags":{"public_transport":"platform","railway":"platform","ref":"3","train":"yes"},"boarding_coordinate_status":"not_derived_from_area","extent_intersection_status":"intersects_research_envelope","geometry_status":"valid","name":"","osm_object_id":"236059663","osm_object_type":"way","selected_tags":{"public_transport":"platform","railway":"platform"},"source":"mapped_osm_feature","source_id":"osm_western_zone_20260915","source_sha256":"c335a72cadfebc3ffde5cfff20fc9711f3112bc11000d43fde4daea10c36b53e","status":"unverified_operation_and_station_identity"},"type":"Feature"},{"geometry":{"coordinates":[[[[73.0788456,19.2121246],[73.0788248,19.212147],[73.078808,19.2121651],[73.0785245,19.2119551],[73.0778717,19.2114961],[73.0764524,19.2104206],[73.076418,19.2103951],[73.0764645,19.2103359],[73.0765051,19.2103664],[73.0785653,19.211914],[73.0788456,19.2121246]]]],"type":"MultiPolygon"},"id":"way/236059664","properties":{"all_driver_tags":{"public_transport":"platform","railway":"platform","ref":"1;2","train":"yes"},"boarding_coordinate_status":"not_derived_from_area","extent_intersection_status":"intersects_research_envelope","geometry_status":"valid","name":"","osm_object_id":"236059664","osm_object_type":"way","selected_tags":{"public_transport":"platform","railway":"platform"},"source":"mapped_osm_feature","source_id":"osm_western_zone_20260915","source_sha256":"c335a72cadfebc3ffde5cfff20fc9711f3112bc11000d43fde4daea10c36b53e","status":"unverified_operation_and_station_identity"},"type":"Feature"},{"geometry":{"coordinates":[[[[72.87817,19.0413367],[72.8792866,19.0414646],[72.879116,19.0426727],[72.8780496,19.0422775],[72.87817,19.0413367]]]],"type":"MultiPolygon"},"id":"way/236210010","properties":{"all_driver_tags":{"addr:city":"Mumbai","addr:street":"Anik Road","amenity":"bus_station","amenity_1":"parking","bus":"yes","name":"Inter State Bus Terminal-ISBT","operator":"MMRDA","public_transport":"station"},"boarding_coordinate_status":"not_derived_from_area","extent_intersection_status":"intersects_research_envelope","geometry_status":"valid","name":"Inter State Bus Terminal-ISBT","osm_object_id":"236210010","osm_object_type":"way","selected_tags":{"amenity":"bus_station","public_transport":"station"},"source":"mapped_osm_feature","source_id":"osm_western_zone_20260915","source_sha256":"c335a72cadfebc3ffde5cfff20fc9711f3112bc11000d43fde4daea10c36b53e","status":"unverified_operation_and_station_identity"},"type":"Feature"},{"geometry":{"coordinates":[[[[72.8368839,19.0083574],[72.8367088,19.0080728],[72.8367665,19.0080449],[72.8369118,19.0082605],[72.8369574,19.0083277],[72.8369639,19.0083379],[72.8371138,19.0085724],[72.8373119,19.008873],[72.837426,19.009046],[72.8382674,19.010353],[72.8383015,19.0104056],[72.8383813,19.0105428],[72.838636,19.0109802],[72.8385971,19.011005],[72.8383211,19.010571],[72.8382391,19.0104421],[72.8381971,19.0103775],[72.83754,19.0093667],[72.8373643,19.0090861],[72.8370506,19.0086138],[72.8369009,19.0083835],[72.8368943,19.0083733],[72.8368839,19.0083574]]]],"type":"MultiPolygon"},"id":"way/236364110","properties":{"all_driver_tags":{"bench":"yes","bin":"yes","name":"Platform 2A,3","passenger_information_display":"yes","public_transport":"platform","railway":"platform","ref":"2A;3","train":"yes"},"boarding_coordinate_status":"not_derived_from_area","extent_intersection_status":"intersects_research_envelope","geometry_status":"valid","name":"Platform 2A,3","osm_object_id":"236364110","osm_object_type":"way","selected_tags":{"public_transport":"platform","railway":"platform"},"source":"mapped_osm_feature","source_id":"osm_western_zone_20260915","source_sha256":"c335a72cadfebc3ffde5cfff20fc9711f3112bc11000d43fde4daea10c36b53e","status":"unverified_operation_and_station_identity"},"type":"Feature"},{"geometry":{"coordinates":[[[[72.8369828,19.0082266],[72.8370337,19.0083033],[72.8374406,19.0089166],[72.8380417,19.0098224],[72.8380922,19.0097925],[72.8372379,19.0085051],[72.8370848,19.0082744],[72.8370333,19.0081967],[72.8369828,19.0082266]]]],"type":"MultiPolygon"},"id":"way/236364111","properties":{"all_driver_tags":{"bench":"yes","public_transport":"platform","railway":"platform","train":"yes"},"boarding_coordinate_status":"not_derived_from_area","extent_intersection_status":"intersects_research_envelope","geometry_status":"valid","name":"","osm_object_id":"236364111","osm_object_type":"way","selected_tags":{"public_transport":"platform","railway":"platform"},"source":"mapped_osm_feature","source_id":"osm_western_zone_20260915","source_sha256":"c335a72cadfebc3ffde5cfff20fc9711f3112bc11000d43fde4daea10c36b53e","status":"unverified_operation_and_station_identity"},"type":"Feature"},{"geometry":{"coordinates":[[[[72.8351449,19.0063077],[72.8352015,19.0062797],[72.8354508,19.0066785],[72.8358941,19.0074154],[72.8360951,19.0077494],[72.8364182,19.0082896],[72.8367037,19.0088132],[72.8367654,19.0089206],[72.8366895,19.0089592],[72.8366306,19.0088563],[72.8363334,19.0083375],[72.8360146,19.0077926],[72.8358302,19.0074776],[72.8353833,19.0067139],[72.8351449,19.0063077]]]],"type":"MultiPolygon"},"id":"way/236364113","properties":{"all_driver_tags":{"bench":"yes","bin":"yes","name":"Platform 1,2","passenger_information_display":"yes","public_transport":"platform","railway":"platform","ref":"1;2","train":"yes"},"boarding_coordinate_status":"not_derived_from_area","extent_intersection_status":"intersects_research_envelope","geometry_status":"valid","name":"Platform 1,2","osm_object_id":"236364113","osm_object_type":"way","selected_tags":{"public_transport":"platform","railway":"platform"},"source":"mapped_osm_feature","source_id":"osm_western_zone_20260915","source_sha256":"c335a72cadfebc3ffde5cfff20fc9711f3112bc11000d43fde4daea10c36b53e","status":"unverified_operation_and_station_identity"},"type":"Feature"},{"geometry":{"coordinates":[[[[72.8594896,19.0168754],[72.859549,19.0168318],[72.8584676,19.0154956],[72.8580156,19.0149658],[72.8579689,19.015002],[72.8579383,19.0150246],[72.8594896,19.0168754]]]],"type":"MultiPolygon"},"id":"way/236381659","properties":{"all_driver_tags":{"covered":"yes","departures_board":"yes","name":"Vadala Road (Harbour Line)","operator":"Central Railway","public_transport":"platform","railway":"platform","ref":"2;3","train":"yes","wheelchair":"limited"},"boarding_coordinate_status":"not_derived_from_area","extent_intersection_status":"intersects_research_envelope","geometry_status":"valid","name":"Vadala Road (Harbour Line)","osm_object_id":"236381659","osm_object_type":"way","selected_tags":{"public_transport":"platform","railway":"platform"},"source":"mapped_osm_feature","source_id":"osm_western_zone_20260915","source_sha256":"c335a72cadfebc3ffde5cfff20fc9711f3112bc11000d43fde4daea10c36b53e","status":"unverified_operation_and_station_identity"},"type":"Feature"},{"geometry":{"coordinates":[[[[72.8581771,19.0154076],[72.8581361,19.0154394],[72.8581997,19.0155165],[72.8584485,19.0158214],[72.8589741,19.0164653],[72.8591046,19.0166253],[72.859448,19.0170529],[72.8597682,19.0174923],[72.8598091,19.0174634],[72.8597256,19.0173313],[72.8596384,19.0172026],[72.8594409,19.0169418],[72.8590333,19.0164406],[72.8581771,19.0154076]]]],"type":"MultiPolygon"},"id":"way/236381660","properties":{"all_driver_tags":{"covered":"yes","departures_board":"yes","operator":"Central Railway","public_transport":"platform","railway":"platform","ref":"1","train":"yes","wheelchair":"limited"},"boarding_coordinate_status":"not_derived_from_area","extent_intersection_status":"intersects_research_envelope","geometry_status":"valid","name":"","osm_object_id":"236381660","osm_object_type":"way","selected_tags":{"public_transport":"platform","railway":"platform"},"source":"mapped_osm_feature","source_id":"osm_western_zone_20260915","source_sha256":"c335a72cadfebc3ffde5cfff20fc9711f3112bc11000d43fde4daea10c36b53e","status":"unverified_operation_and_station_identity"},"type":"Feature"},{"geometry":{"coordinates":[[[[72.8596917,19.0168761],[72.858004,19.014811],[72.8580403,19.0147786],[72.8581993,19.0149651],[72.8582421,19.0150154],[72.8584954,19.0153126],[72.8585699,19.0153949],[72.8588946,19.0157885],[72.8591465,19.016094],[72.8595863,19.0166303],[72.8595616,19.0166524],[72.8597234,19.0168499],[72.8596917,19.0168761]]]],"type":"MultiPolygon"},"id":"way/236381661","properties":{"all_driver_tags":{"covered":"yes","departures_board":"yes","operator":"Central Railways","public_transport":"platform","railway":"platform","ref":"4","train":"yes"},"boarding_coordinate_status":"not_derived_from_area","extent_intersection_status":"intersects_research_envelope","geometry_status":"valid","name":"","osm_object_id":"236381661","osm_object_type":"way","selected_tags":{"public_transport":"platform","railway":"platform"},"source":"mapped_osm_feature","source_id":"osm_western_zone_20260915","source_sha256":"c335a72cadfebc3ffde5cfff20fc9711f3112bc11000d43fde4daea10c36b53e","status":"unverified_operation_and_station_identity"},"type":"Feature"},{"geometry":{"coordinates":[[[[72.8464122,19.0270765],[72.8464837,19.027048],[72.8466874,19.0276198],[72.8468645,19.0281172],[72.846945,19.028397],[72.8470709,19.0288352],[72.8473466,19.0297321],[72.8472482,19.029764],[72.8469764,19.0288633],[72.8468387,19.0284281],[72.8466905,19.0279593],[72.8465909,19.0276432],[72.8464122,19.0270765]]]],"type":"MultiPolygon"},"id":"way/236398665","properties":{"all_driver_tags":{"bench":"yes","public_transport":"platform","railway":"platform","train":"yes"},"boarding_coordinate_status":"not_derived_from_area","extent_intersection_status":"intersects_research_envelope","geometry_status":"valid","name":"","osm_object_id":"236398665","osm_object_type":"way","selected_tags":{"public_transport":"platform","railway":"platform"},"source":"mapped_osm_feature","source_id":"osm_western_zone_20260915","source_sha256":"c335a72cadfebc3ffde5cfff20fc9711f3112bc11000d43fde4daea10c36b53e","status":"unverified_operation_and_station_identity"},"type":"Feature"},{"geometry":{"coordinates":[[[[72.8457617,19.0149899],[72.845618,19.0150858],[72.8465042,19.0162729],[72.8466479,19.016177],[72.8457617,19.0149899]]]],"type":"MultiPolygon"},"id":"way/236594134","properties":{"all_driver_tags":{"amenity":"bus_station","bus":"yes","name":"Asiad MSRTC Stand","public_transport":"station"},"boarding_coordinate_status":"not_derived_from_area","extent_intersection_status":"intersects_research_envelope","geometry_status":"valid","name":"Asiad MSRTC Stand","osm_object_id":"236594134","osm_object_type":"way","selected_tags":{"amenity":"bus_station","public_transport":"station"},"source":"mapped_osm_feature","source_id":"osm_western_zone_20260915","source_sha256":"c335a72cadfebc3ffde5cfff20fc9711f3112bc11000d43fde4daea10c36b53e","status":"unverified_operation_and_station_identity"},"type":"Feature"},{"geometry":{"coordinates":[[[[72.8271291,19.0481586],[72.8264524,19.0483935],[72.826277,19.0478369],[72.8269878,19.0474972],[72.8271291,19.0481586]]]],"type":"MultiPolygon"},"id":"way/237027559","properties":{"all_driver_tags":{"amenity":"bus_station","bus":"yes","name":"Bandra Reclamation Bus Station","name:en":"Bandra Reclamation Bus Station","operator":"BEST","public_transport":"station"},"boarding_coordinate_status":"not_derived_from_area","extent_intersection_status":"intersects_research_envelope","geometry_status":"valid","name":"Bandra Reclamation Bus Station","osm_object_id":"237027559","osm_object_type":"way","selected_tags":{"amenity":"bus_station","public_transport":"station"},"source":"mapped_osm_feature","source_id":"osm_western_zone_20260915","source_sha256":"c335a72cadfebc3ffde5cfff20fc9711f3112bc11000d43fde4daea10c36b53e","status":"unverified_operation_and_station_identity"},"type":"Feature"},{"geometry":{"coordinates":[[[[72.9145199,19.0556712],[72.9140014,19.0560171],[72.9140524,19.0560854],[72.9145709,19.0557395],[72.9162663,19.0546453],[72.9162197,19.0545883],[72.9145199,19.0556712]]]],"type":"MultiPolygon"},"id":"way/237576310","properties":{"all_driver_tags":{"bench":"yes","bin":"yes","lit":"yes","public_transport":"platform","railway":"platform","shelter":"no"},"boarding_coordinate_status":"not_derived_from_area","extent_intersection_status":"intersects_research_envelope","geometry_status":"valid","name":"","osm_object_id":"237576310","osm_object_type":"way","selected_tags":{"public_transport":"platform","railway":"platform"},"source":"mapped_osm_feature","source_id":"osm_western_zone_20260915","source_sha256":"c335a72cadfebc3ffde5cfff20fc9711f3112bc11000d43fde4daea10c36b53e","status":"unverified_operation_and_station_identity"},"type":"Feature"},{"geometry":{"coordinates":[[[[72.8190992,19.578573],[72.8175717,19.577781],[72.8178882,19.5772452],[72.8175865,19.5770466],[72.8177957,19.5767231],[72.8189504,19.5772856],[72.8197054,19.5778856],[72.8190992,19.578573]]]],"type":"MultiPolygon"},"id":"way/240341334","properties":{"all_driver_tags":{"amenity":"bus_station"},"boarding_coordinate_status":"not_derived_from_area","extent_intersection_status":"intersects_research_envelope","geometry_status":"valid","name":"","osm_object_id":"240341334","osm_object_type":"way","selected_tags":{"amenity":"bus_station"},"source":"mapped_osm_feature","source_id":"osm_western_zone_20260915","source_sha256":"c335a72cadfebc3ffde5cfff20fc9711f3112bc11000d43fde4daea10c36b53e","status":"unverified_operation_and_station_identity"},"type":"Feature"},{"geometry":{"coordinates":[[[[72.8401673,19.0706309],[72.8402043,19.070625],[72.8400946,19.0698089],[72.8400734,19.069591],[72.8400275,19.0692729],[72.8399984,19.0690709],[72.8399388,19.0686581],[72.8398684,19.0681701],[72.8398172,19.0681765],[72.8397801,19.0681849],[72.8398459,19.068676],[72.8399019,19.0690935],[72.8399379,19.0693047],[72.8399752,19.0695236],[72.8401673,19.0706309]]]],"type":"MultiPolygon"},"id":"way/257411161","properties":{"all_driver_tags":{"name":"Platform 1,2","operator":"Harbour line (Mumbai Suburban Railway)","public_transport":"platform","railway":"platform","ref":"1;2","train":"yes"},"boarding_coordinate_status":"not_derived_from_area","extent_intersection_status":"intersects_research_envelope","geometry_status":"valid","name":"Platform 1,2","osm_object_id":"257411161","osm_object_type":"way","selected_tags":{"public_transport":"platform","railway":"platform"},"source":"mapped_osm_feature","source_id":"osm_western_zone_20260915","source_sha256":"c335a72cadfebc3ffde5cfff20fc9711f3112bc11000d43fde4daea10c36b53e","status":"unverified_operation_and_station_identity"},"type":"Feature"},{"geometry":{"coordinates":[[[[72.8403467,19.0696354],[72.8402986,19.0692552],[72.8402668,19.0690032],[72.8402198,19.0686315],[72.8401531,19.0681039],[72.8402061,19.0680971],[72.8402453,19.068092],[72.8403101,19.0685981],[72.8403633,19.0690133],[72.8403836,19.0692318],[72.8403861,19.0692589],[72.8403987,19.0694505],[72.840406,19.0696282],[72.8403467,19.0696354]]]],"type":"MultiPolygon"},"id":"way/257411162","properties":{"all_driver_tags":{"name":"Platform 5,6","operator":"Western line (Mumbai Suburban Railway)","public_transport":"platform","railway":"platform","ref":"5;6","train":"yes"},"boarding_coordinate_status":"not_derived_from_area","extent_intersection_status":"intersects_research_envelope","geometry_status":"valid","name":"Platform 5,6","osm_object_id":"257411162","osm_object_type":"way","selected_tags":{"public_transport":"platform","railway":"platform"},"source":"mapped_osm_feature","source_id":"osm_western_zone_20260915","source_sha256":"c335a72cadfebc3ffde5cfff20fc9711f3112bc11000d43fde4daea10c36b53e","status":"unverified_operation_and_station_identity"},"type":"Feature"},{"geometry":{"coordinates":[[[[72.8402768,19.0705935],[72.8402462,19.0703615],[72.8402104,19.0700802],[72.8401793,19.0698373],[72.8401548,19.0696475],[72.8400896,19.0691435],[72.8400762,19.0690395],[72.8400281,19.0686681],[72.8399619,19.0681557],[72.8400094,19.0681514],[72.8400591,19.0681469],[72.840122,19.0686388],[72.8401716,19.0690269],[72.8401821,19.0691092],[72.8402503,19.0696427],[72.8402991,19.0700639],[72.8403237,19.0703655],[72.8403355,19.0705902],[72.8402768,19.0705935]]]],"type":"MultiPolygon"},"id":"way/257411163","properties":{"all_driver_tags":{"name":"Platform 3,4","operator":"Western line (Mumbai Suburban Railway)","public_transport":"platform","railway":"platform","ref":"3;4","train":"yes"},"boarding_coordinate_status":"not_derived_from_area","extent_intersection_status":"intersects_research_envelope","geometry_status":"valid","name":"Platform 3,4","osm_object_id":"257411163","osm_object_type":"way","selected_tags":{"public_transport":"platform","railway":"platform"},"source":"mapped_osm_feature","source_id":"osm_western_zone_20260915","source_sha256":"c335a72cadfebc3ffde5cfff20fc9711f3112bc11000d43fde4daea10c36b53e","status":"unverified_operation_and_station_identity"},"type":"Feature"},{"geometry":{"coordinates":[[[[72.9326033,19.0484559],[72.9323917,19.048325],[72.932192,19.0482194],[72.9319171,19.0480904],[72.9316254,19.0479773],[72.9313604,19.0479016],[72.9310549,19.0478287],[72.9308176,19.0477857],[72.9308245,19.0477268],[72.9310578,19.0477754],[72.9313812,19.0478521],[72.9316491,19.0479353],[72.9319448,19.0480484],[72.9322226,19.0481801],[72.9324293,19.0482876],[72.932631,19.0484166],[72.9326033,19.0484559]]]],"type":"MultiPolygon"},"id":"way/257445441","properties":{"all_driver_tags":{"bench":"yes","bin":"yes","lit":"yes","public_transport":"platform","railway":"platform","shelter":"yes"},"boarding_coordinate_status":"not_derived_from_area","extent_intersection_status":"intersects_research_envelope","geometry_status":"valid","name":"","osm_object_id":"257445441","osm_object_type":"way","selected_tags":{"public_transport":"platform","railway":"platform"},"source":"mapped_osm_feature","source_id":"osm_western_zone_20260915","source_sha256":"c335a72cadfebc3ffde5cfff20fc9711f3112bc11000d43fde4daea10c36b53e","status":"unverified_operation_and_station_identity"},"type":"Feature"},{"geometry":{"coordinates":[[[[72.9325648,19.0485278],[72.932368,19.0484073],[72.9321603,19.0482932],[72.9318924,19.0481689],[72.9316126,19.0480577],[72.9313436,19.0479773],[72.9309095,19.0478857],[72.9308047,19.0478633],[72.9307919,19.0479231],[72.9313268,19.0480306],[72.9314454,19.0480689],[72.9315611,19.048107],[72.9315918,19.0481893],[72.9315498,19.0482053],[72.9316233,19.0483778],[72.9318361,19.0482967],[72.9318169,19.0482517],[72.9318696,19.0482316],[72.9321228,19.0483428],[72.9323324,19.0484549],[72.9325361,19.0485727],[72.9325648,19.0485278]]]],"type":"MultiPolygon"},"id":"way/257445442","properties":{"all_driver_tags":{"bench":"yes","bin":"yes","lit":"yes","public_transport":"platform","railway":"platform","shelter":"yes"},"boarding_coordinate_status":"not_derived_from_area","extent_intersection_status":"intersects_research_envelope","geometry_status":"valid","name":"","osm_object_id":"257445442","osm_object_type":"way","selected_tags":{"public_transport":"platform","railway":"platform"},"source":"mapped_osm_feature","source_id":"osm_western_zone_20260915","source_sha256":"c335a72cadfebc3ffde5cfff20fc9711f3112bc11000d43fde4daea10c36b53e","status":"unverified_operation_and_station_identity"},"type":"Feature"},{"geometry":{"coordinates":[[[[72.9474136,19.1561046],[72.9475251,19.1563166],[72.9475989,19.1564428],[72.9476464,19.1564196],[72.9475128,19.156114],[72.9474058,19.1558917],[72.9472967,19.1556774],[72.9471892,19.1554759],[72.9470506,19.1552159],[72.9467187,19.1546371],[72.9464552,19.1541909],[72.9460909,19.1536239],[72.9460535,19.1535656],[72.9459747,19.1536092],[72.946003,19.1536583],[72.9470854,19.1555354],[72.9474136,19.1561046]]]],"type":"MultiPolygon"},"id":"way/257458858","properties":{"all_driver_tags":{"public_transport":"platform","railway":"platform","ref":"1;2","shelter":"yes","train":"yes"},"boarding_coordinate_status":"not_derived_from_area","extent_intersection_status":"intersects_research_envelope","geometry_status":"valid","name":"","osm_object_id":"257458858","osm_object_type":"way","selected_tags":{"public_transport":"platform","railway":"platform"},"source":"mapped_osm_feature","source_id":"osm_western_zone_20260915","source_sha256":"c335a72cadfebc3ffde5cfff20fc9711f3112bc11000d43fde4daea10c36b53e","status":"unverified_operation_and_station_identity"},"type":"Feature"},{"geometry":{"coordinates":[[[[72.8468835,19.1214433],[72.8465273,19.1190043],[72.8464503,19.1184545],[72.8461065,19.1159244],[72.8460538,19.1159335],[72.8463735,19.1182881],[72.8466573,19.1203438],[72.8467623,19.1210809],[72.8468272,19.1214484],[72.8468835,19.1214433]]]],"type":"MultiPolygon"},"id":"way/257491049","properties":{"all_driver_tags":{"bench":"yes","bin":"yes","lit":"yes","name":"Platform 2-3","public_transport":"platform","railway":"platform","ref":"2;3","shelter":"yes","train":"yes"},"boarding_coordinate_status":"not_derived_from_area","extent_intersection_status":"intersects_research_envelope","geometry_status":"valid","name":"Platform 2-3","osm_object_id":"257491049","osm_object_type":"way","selected_tags":{"public_transport":"platform","railway":"platform"},"source":"mapped_osm_feature","source_id":"osm_western_zone_20260915","source_sha256":"c335a72cadfebc3ffde5cfff20fc9711f3112bc11000d43fde4daea10c36b53e","status":"unverified_operation_and_station_identity"},"type":"Feature"},{"geometry":{"coordinates":[[[[72.8465385,19.1182287],[72.8466337,19.1182139],[72.847047,19.1212822],[72.8469485,19.1212966],[72.846883,19.1208103],[72.8465385,19.1182287]]]],"type":"MultiPolygon"},"id":"way/257491050","properties":{"all_driver_tags":{"bench":"yes","bin":"yes","lit":"yes","name":"Andheri","passenger_information_display":"yes","public_transport":"platform","railway":"platform","ref":"4 - 5","shelter":"yes","surface":"paved","train":"yes"},"boarding_coordinate_status":"not_derived_from_area","extent_intersection_status":"intersects_research_envelope","geometry_status":"valid","name":"Andheri","osm_object_id":"257491050","osm_object_type":"way","selected_tags":{"public_transport":"platform","railway":"platform"},"source":"mapped_osm_feature","source_id":"osm_western_zone_20260915","source_sha256":"c335a72cadfebc3ffde5cfff20fc9711f3112bc11000d43fde4daea10c36b53e","status":"unverified_operation_and_station_identity"},"type":"Feature"},{"geometry":{"coordinates":[[[[72.8465183,19.1167434],[72.8466668,19.1178299],[72.8467109,19.1181528],[72.8470906,19.1209308],[72.847117,19.1209251],[72.8470604,19.1201524],[72.8467851,19.1178988],[72.8465599,19.1167395],[72.8465183,19.1167434]]]],"type":"MultiPolygon"},"id":"way/257491052","properties":{"all_driver_tags":{"bench":"yes","bin":"yes","lit":"yes","name":"Andheri","passenger_information_display":"yes","public_transport":"platform","railway":"platform","ref":"6;7","shelter":"yes","train":"yes"},"boarding_coordinate_status":"not_derived_from_area","extent_intersection_status":"intersects_research_envelope","geometry_status":"valid","name":"Andheri","osm_object_id":"257491052","osm_object_type":"way","selected_tags":{"public_transport":"platform","railway":"platform"},"source":"mapped_osm_feature","source_id":"osm_western_zone_20260915","source_sha256":"c335a72cadfebc3ffde5cfff20fc9711f3112bc11000d43fde4daea10c36b53e","status":"unverified_operation_and_station_identity"},"type":"Feature"},{"geometry":{"coordinates":[[[[72.8462414,19.1138877],[72.8466325,19.1166342],[72.8468806,19.1178741],[72.8470617,19.1192947],[72.8470905,19.1192835],[72.8470803,19.118987],[72.8469306,19.1178135],[72.846568,19.1158841],[72.8463036,19.1138772],[72.8462414,19.1138877]]]],"type":"MultiPolygon"},"id":"way/257491053","properties":{"all_driver_tags":{"bench":"yes","bin":"yes","landuse":"commercial","lit":"yes","name":"Andheri","public_transport":"platform","ref":"8-9","shelter":"yes"},"boarding_coordinate_status":"not_derived_from_area","extent_intersection_status":"intersects_research_envelope","geometry_status":"valid","name":"Andheri","osm_object_id":"257491053","osm_object_type":"way","selected_tags":{"public_transport":"platform"},"source":"mapped_osm_feature","source_id":"osm_western_zone_20260915","source_sha256":"c335a72cadfebc3ffde5cfff20fc9711f3112bc11000d43fde4daea10c36b53e","status":"unverified_operation_and_station_identity"},"type":"Feature"},{"geometry":{"coordinates":[[[[72.8242415,18.9447956],[72.8237096,18.9455316],[72.8233104,18.9461438],[72.8231245,18.9464288],[72.8230926,18.9464778],[72.8228437,18.9468945],[72.8228074,18.9468759],[72.8230437,18.9464799],[72.8230841,18.9464141],[72.8232692,18.9461128],[72.8236586,18.9454787],[72.8236766,18.9454495],[72.8239033,18.9451521],[72.8241818,18.9447619],[72.8242163,18.9447814],[72.8242415,18.9447956]]]],"type":"MultiPolygon"},"id":"way/257500373","properties":{"all_driver_tags":{"bench":"yes","bin":"yes","covered":"yes","departures_board":"realtime","name":"Platform 1","network":"IR","public_transport":"platform","railway":"platform","ref":"1","train":"yes"},"boarding_coordinate_status":"not_derived_from_area","extent_intersection_status":"intersects_research_envelope","geometry_status":"valid","name":"Platform 1","osm_object_id":"257500373","osm_object_type":"way","selected_tags":{"public_transport":"platform","railway":"platform"},"source":"mapped_osm_feature","source_id":"osm_western_zone_20260915","source_sha256":"c335a72cadfebc3ffde5cfff20fc9711f3112bc11000d43fde4daea10c36b53e","status":"unverified_operation_and_station_identity"},"type":"Feature"},{"geometry":{"coordinates":[[[[72.7481871,19.4565137],[72.7485722,19.4568027],[72.7492654,19.4559815],[72.7488802,19.4556925],[72.7481871,19.4565137]]]],"type":"MultiPolygon"},"id":"way/257583231","properties":{"all_driver_tags":{"amenity":"bus_station"},"boarding_coordinate_status":"not_derived_from_area","extent_intersection_status":"intersects_research_envelope","geometry_status":"valid","name":"","osm_object_id":"257583231","osm_object_type":"way","selected_tags":{"amenity":"bus_station"},"source":"mapped_osm_feature","source_id":"osm_western_zone_20260915","source_sha256":"c335a72cadfebc3ffde5cfff20fc9711f3112bc11000d43fde4daea10c36b53e","status":"unverified_operation_and_station_identity"},"type":"Feature"},{"geometry":{"coordinates":[[[[72.8211144,18.9705003],[72.8211939,18.9704828],[72.8213139,18.9709064],[72.8212368,18.9709299],[72.8211144,18.9705003]]]],"type":"MultiPolygon"},"id":"way/258361639","properties":{"all_driver_tags":{"amenity":"bus_station","building":"yes","bus":"yes","check_date":"2026-03-20","landuse":"retail","name":"Bus Agencies","public_transport":"station"},"boarding_coordinate_status":"not_derived_from_area","extent_intersection_status":"intersects_research_envelope","geometry_status":"valid","name":"Bus Agencies","osm_object_id":"258361639","osm_object_type":"way","selected_tags":{"amenity":"bus_station","public_transport":"station"},"source":"mapped_osm_feature","source_id":"osm_western_zone_20260915","source_sha256":"c335a72cadfebc3ffde5cfff20fc9711f3112bc11000d43fde4daea10c36b53e","status":"unverified_operation_and_station_identity"},"type":"Feature"},{"geometry":{"coordinates":[[[[72.8645821,19.0486403],[72.8631787,19.0465876],[72.8631241,19.0466323],[72.8645294,19.0486713],[72.8645821,19.0486403]]]],"type":"MultiPolygon"},"id":"way/260766024","properties":{"all_driver_tags":{"public_transport":"platform","railway":"platform","ref":"1","train":"yes"},"boarding_coordinate_status":"not_derived_from_area","extent_intersection_status":"intersects_research_envelope","geometry_status":"valid","name":"","osm_object_id":"260766024","osm_object_type":"way","selected_tags":{"public_transport":"platform","railway":"platform"},"source":"mapped_osm_feature","source_id":"osm_western_zone_20260915","source_sha256":"c335a72cadfebc3ffde5cfff20fc9711f3112bc11000d43fde4daea10c36b53e","status":"unverified_operation_and_station_identity"},"type":"Feature"},{"geometry":{"coordinates":[[[[72.8646668,19.0485865],[72.8641272,19.0478068],[72.8633119,19.0466288],[72.8632688,19.0465665],[72.863338,19.0465235],[72.8633799,19.0465845],[72.8642031,19.047756],[72.8647269,19.0485486],[72.8646668,19.0485865]]]],"type":"MultiPolygon"},"id":"way/260766025","properties":{"all_driver_tags":{"public_transport":"platform","railway":"platform","ref":"2;3","train":"yes"},"boarding_coordinate_status":"not_derived_from_area","extent_intersection_status":"intersects_research_envelope","geometry_status":"valid","name":"","osm_object_id":"260766025","osm_object_type":"way","selected_tags":{"public_transport":"platform","railway":"platform"},"source":"mapped_osm_feature","source_id":"osm_western_zone_20260915","source_sha256":"c335a72cadfebc3ffde5cfff20fc9711f3112bc11000d43fde4daea10c36b53e","status":"unverified_operation_and_station_identity"},"type":"Feature"},{"geometry":{"coordinates":[[[[72.8169562,18.9100498],[72.8173003,18.9097763],[72.8170399,18.9094832],[72.8166958,18.9097567],[72.8169562,18.9100498]]]],"type":"MultiPolygon"},"id":"way/260798115","properties":{"all_driver_tags":{"addr:postcode":"400005","addr:street":"Captain Prakash Pethe Marg","amenity":"bus_station","bus":"yes","check_date":"2026-03-12","name":"Backbay Depot","name:en":"Backbay Bus Depot","network":"BEST","operator":"BEST","public_transport":"station","website":"https://bestundertaking.com/","wikidata":"Q916927","wikimedia_commons":"Category:Brihanmumbai Electric Supply and Transport","wikipedia":"en:Brihanmumbai Electric Supply and Transport"},"boarding_coordinate_status":"not_derived_from_area","extent_intersection_status":"intersects_research_envelope","geometry_status":"valid","name":"Backbay Depot","osm_object_id":"260798115","osm_object_type":"way","selected_tags":{"amenity":"bus_station","public_transport":"station"},"source":"mapped_osm_feature","source_id":"osm_western_zone_20260915","source_sha256":"c335a72cadfebc3ffde5cfff20fc9711f3112bc11000d43fde4daea10c36b53e","status":"unverified_operation_and_station_identity"},"type":"Feature"},{"geometry":{"coordinates":[[[[72.9308465,18.6954851],[72.9310174,18.6953372],[72.9312203,18.695188],[72.9311348,18.6951096],[72.9309199,18.6952588],[72.9307651,18.695413],[72.9308465,18.6954851]]]],"type":"MultiPolygon"},"id":"way/262972501","properties":{"all_driver_tags":{"amenity":"bus_station","name":"Karlekhind Bus Station","name:mr":"कार्लेखिंड बस स्थानक"},"boarding_coordinate_status":"not_derived_from_area","extent_intersection_status":"intersects_research_envelope","geometry_status":"valid","name":"Karlekhind Bus Station","osm_object_id":"262972501","osm_object_type":"way","selected_tags":{"amenity":"bus_station"},"source":"mapped_osm_feature","source_id":"osm_western_zone_20260915","source_sha256":"c335a72cadfebc3ffde5cfff20fc9711f3112bc11000d43fde4daea10c36b53e","status":"unverified_operation_and_station_identity"},"type":"Feature"},{"geometry":{"coordinates":[[[[73.6016404,19.0687149],[73.6016844,19.0687219],[73.6017285,19.0687151],[73.6017679,19.0686951],[73.6017982,19.0686641],[73.6018163,19.0686255],[73.6018201,19.0685834],[73.6018092,19.0685424],[73.6017849,19.068507],[73.6017497,19.068481],[73.6017075,19.0684672],[73.6016628,19.068467],[73.6016205,19.0684806],[73.6015852,19.0685065],[73.6015606,19.0685418],[73.6015495,19.0685827],[73.6015531,19.0686248],[73.6015709,19.0686635],[73.6016011,19.0686947],[73.6016404,19.0687149]]]],"type":"MultiPolygon"},"id":"way/266504567","properties":{"all_driver_tags":{"aeroway":"helipad"},"boarding_coordinate_status":"not_derived_from_area","extent_intersection_status":"intersects_research_envelope","geometry_status":"valid","name":"","osm_object_id":"266504567","osm_object_type":"way","selected_tags":{"aeroway":"helipad"},"source":"mapped_osm_feature","source_id":"osm_western_zone_20260915","source_sha256":"c335a72cadfebc3ffde5cfff20fc9711f3112bc11000d43fde4daea10c36b53e","status":"unverified_operation_and_station_identity"},"type":"Feature"},{"geometry":{"coordinates":[[[[72.8941368,19.052382],[72.8942447,19.0523513],[72.8944209,19.0529054],[72.8943131,19.052936],[72.8941368,19.052382]]]],"type":"MultiPolygon"},"id":"way/281323866","properties":{"all_driver_tags":{"layer":"2","monorail":"yes","public_transport":"platform","railway":"platform","ref":"1;2"},"boarding_coordinate_status":"not_derived_from_area","extent_intersection_status":"intersects_research_envelope","geometry_status":"valid","name":"","osm_object_id":"281323866","osm_object_type":"way","selected_tags":{"public_transport":"platform","railway":"platform"},"source":"mapped_osm_feature","source_id":"osm_western_zone_20260915","source_sha256":"c335a72cadfebc3ffde5cfff20fc9711f3112bc11000d43fde4daea10c36b53e","status":"unverified_operation_and_station_identity"},"type":"Feature"},{"geometry":{"coordinates":[[[[72.8207546,19.1305154],[72.8220596,19.130232],[72.8220429,19.1301634],[72.8220193,19.1300662],[72.8220004,19.1299887],[72.8219174,19.1300067],[72.8206954,19.1302721],[72.8207123,19.1303416],[72.8207142,19.1303496],[72.820738,19.1304468],[72.8207464,19.1304816],[72.8207546,19.1305154]]]],"type":"MultiPolygon"},"id":"way/287299861","properties":{"all_driver_tags":{"building":"transportation","building:levels":"3","layer":"1","name":"Versova","name:hi":"वर्सोवा","name:mr":"वर्सोवा","network":"Mumbai Metro","operator":"MMRDA","public_transport":"station","railway":"station","station":"subway","subway":"yes","wheelchair":"yes","wikidata":"Q17264777","wikipedia":"en:Versova metro station"},"boarding_coordinate_status":"not_derived_from_area","extent_intersection_status":"intersects_research_envelope","geometry_status":"valid","name":"Versova","osm_object_id":"287299861","osm_object_type":"way","selected_tags":{"public_transport":"station","railway":"station"},"source":"mapped_osm_feature","source_id":"osm_western_zone_20260915","source_sha256":"c335a72cadfebc3ffde5cfff20fc9711f3112bc11000d43fde4daea10c36b53e","status":"unverified_operation_and_station_identity"},"type":"Feature"},{"geometry":{"coordinates":[[[[72.8295892,19.1285462],[72.8295327,19.1283218],[72.8307976,19.1280379],[72.830854,19.1282623],[72.8306729,19.1283029],[72.8295892,19.1285462]]]],"type":"MultiPolygon"},"id":"way/287299866","properties":{"all_driver_tags":{"building":"train_station","layer":"1","name":"D. N. Nagar","name:en":"D. N. Nagar","name:hi":"डी. एन. नगर","name:mr":"डी. एन. नगर","nohousenumber":"yes","official_name":"Vivo D N Nagar","official_name:en":"Vivo D N Nagar","official_name:hi":"विवो डी एन नगर","official_name:mr":"विवो डी एन नगर","public_transport":"station","railway":"station","ref":"DNG","station":"subway","subway":"yes","wheelchair":"yes","wikidata":"Q17512769"},"boarding_coordinate_status":"not_derived_from_area","extent_intersection_status":"intersects_research_envelope","geometry_status":"valid","name":"D. N. Nagar","osm_object_id":"287299866","osm_object_type":"way","selected_tags":{"public_transport":"station","railway":"station"},"source":"mapped_osm_feature","source_id":"osm_western_zone_20260915","source_sha256":"c335a72cadfebc3ffde5cfff20fc9711f3112bc11000d43fde4daea10c36b53e","status":"unverified_operation_and_station_identity"},"type":"Feature"},{"geometry":{"coordinates":[[[[73.0033253,19.105091],[73.0043085,19.1053574],[73.0044593,19.1048607],[73.003476,19.1045943],[73.0033253,19.105091]]]],"type":"MultiPolygon"},"id":"way/288596878","properties":{"all_driver_tags":{"amenity":"bus_station","bus":"yes","name":"Koparkhairane NMMT Bus Station","operator":"NMMT","public_transport":"station","wheelchair":"yes"},"boarding_coordinate_status":"not_derived_from_area","extent_intersection_status":"intersects_research_envelope","geometry_status":"valid","name":"Koparkhairane NMMT Bus Station","osm_object_id":"288596878","osm_object_type":"way","selected_tags":{"amenity":"bus_station","public_transport":"station"},"source":"mapped_osm_feature","source_id":"osm_western_zone_20260915","source_sha256":"c335a72cadfebc3ffde5cfff20fc9711f3112bc11000d43fde4daea10c36b53e","status":"unverified_operation_and_station_identity"},"type":"Feature"},{"geometry":{"coordinates":[[[[73.3882527,19.5856834],[73.3884928,19.5859222],[73.3886072,19.5860208],[73.3886217,19.5860041],[73.3882731,19.5856642],[73.3882527,19.5856834]]]],"type":"MultiPolygon"},"id":"way/309809014","properties":{"all_driver_tags":{"highway":"bus_stop","name":"Mumbai-Agra Road","operator":"Government Bas Stop","public_transport":"platform"},"boarding_coordinate_status":"not_derived_from_area","extent_intersection_status":"intersects_research_envelope","geometry_status":"valid","name":"Mumbai-Agra Road","osm_object_id":"309809014","osm_object_type":"way","selected_tags":{"public_transport":"platform"},"source":"mapped_osm_feature","source_id":"osm_western_zone_20260915","source_sha256":"c335a72cadfebc3ffde5cfff20fc9711f3112bc11000d43fde4daea10c36b53e","status":"unverified_operation_and_station_identity"},"type":"Feature"},{"geometry":{"coordinates":[[[[72.873554,19.1104189],[72.8735682,19.1104526],[72.8735812,19.1104835],[72.8736194,19.1104691],[72.874849,19.1100074],[72.8748321,19.1099674],[72.8748218,19.1099427],[72.874793,19.1098744],[72.8747826,19.1098497],[72.8747654,19.1098088],[72.874756,19.1097864],[72.8747219,19.1098035],[72.8735167,19.1102518],[72.8734882,19.1102625],[72.8734989,19.1102879],[72.8735149,19.1103259],[72.873554,19.1104189]]]],"type":"MultiPolygon"},"id":"way/311841874","properties":{"all_driver_tags":{"building":"transportation","layer":"1","name":"Airport Road","name:mr":"विमानतळ रस्ता","network":"Mumbai Metro","official_name":"HDFC Ergo Airport Road","operator":"Mumbai Metro One","public_transport":"station","railway":"station","station":"subway","subway":"yes","wikidata":"Q18109449","wikipedia":"en:Airport Road metro station"},"boarding_coordinate_status":"not_derived_from_area","extent_intersection_status":"intersects_research_envelope","geometry_status":"valid","name":"Airport Road","osm_object_id":"311841874","osm_object_type":"way","selected_tags":{"public_transport":"station","railway":"station"},"source":"mapped_osm_feature","source_id":"osm_western_zone_20260915","source_sha256":"c335a72cadfebc3ffde5cfff20fc9711f3112bc11000d43fde4daea10c36b53e","status":"unverified_operation_and_station_identity"},"type":"Feature"},{"geometry":{"coordinates":[[[[72.9011681,19.0927254],[72.9013909,19.0925981],[72.9014034,19.092619],[72.9014404,19.0926755],[72.9019162,19.0924037],[72.9018715,19.0923337],[72.9020393,19.0922378],[72.9021059,19.092342],[72.9025679,19.092078],[72.902589,19.0921109],[72.9026296,19.0921745],[72.9026515,19.0922086],[72.902188,19.0924733],[72.9022056,19.0925008],[72.9022611,19.0925876],[72.9021016,19.0926787],[72.9020625,19.0926176],[72.9015878,19.0928889],[72.9016273,19.0929507],[72.9013966,19.0930825],[72.9013427,19.0929982],[72.901323,19.0929675],[72.9013012,19.0929334],[72.9012605,19.0928698],[72.9012395,19.0928369],[72.9011807,19.092745],[72.9011681,19.0927254]]]],"type":"MultiPolygon"},"id":"way/311841875","properties":{"all_driver_tags":{"building":"transportation","layer":"1","name":"Jagruti Nagar","name:mr":"जागृती नगर","network":"Mumbai Metro","not:network:wikidata":"Q646414","operator":"Mumbai Metro One","public_transport":"station","railway":"station","ref":"JNG","station":"subway","subway":"yes","wikidata":"Q18126164","wikipedia":"en:Jagruti Nagar metro station"},"boarding_coordinate_status":"not_derived_from_area","extent_intersection_status":"intersects_research_envelope","geometry_status":"valid","name":"Jagruti Nagar","osm_object_id":"311841875","osm_object_type":"way","selected_tags":{"public_transport":"station","railway":"station"},"source":"mapped_osm_feature","source_id":"osm_western_zone_20260915","source_sha256":"c335a72cadfebc3ffde5cfff20fc9711f3112bc11000d43fde4daea10c36b53e","status":"unverified_operation_and_station_identity"},"type":"Feature"},{"geometry":{"coordinates":[[[[72.8788799,19.1084294],[72.8788925,19.1084598],[72.8789068,19.1084943],[72.8792313,19.1083767],[72.8801197,19.1080466],[72.8801583,19.1080323],[72.8801439,19.1079973],[72.8801315,19.1079675],[72.880093,19.1078742],[72.8800761,19.1078335],[72.8800668,19.1078108],[72.8800356,19.1078223],[72.8791403,19.108155],[72.8788152,19.1082728],[72.8788265,19.1083002],[72.8788414,19.1083362],[72.8788799,19.1084294]]]],"type":"MultiPolygon"},"id":"way/311841876","properties":{"all_driver_tags":{"building":"transportation","elevation":"1","layer":"1","name":"Marol Naka","name:hi":"मरोल नाका","name:mr":"मरोळ नाका","network":"Mumbai Metro","official_name":"Fevicol Marol Naka","operator":"Mumbai Metro One","public_transport":"station","railway":"station","station":"subway","subway":"yes","wikidata":"Q18127858","wikipedia":"en:Marol Naka metro station"},"boarding_coordinate_status":"not_derived_from_area","extent_intersection_status":"intersects_research_envelope","geometry_status":"valid","name":"Marol Naka","osm_object_id":"311841876","osm_object_type":"way","selected_tags":{"public_transport":"station","railway":"station"},"source":"mapped_osm_feature","source_id":"osm_western_zone_20260915","source_sha256":"c335a72cadfebc3ffde5cfff20fc9711f3112bc11000d43fde4daea10c36b53e","status":"unverified_operation_and_station_identity"},"type":"Feature"},{"geometry":{"coordinates":[[[[72.8220193,19.1300662],[72.8207142,19.1303496],[72.8207123,19.1303416],[72.8206954,19.1302721],[72.8219174,19.1300067],[72.8220004,19.1299887],[72.8220193,19.1300662]]]],"type":"MultiPolygon"},"id":"way/311841895","properties":{"all_driver_tags":{"bench":"yes","bin":"yes","layer":"2","lit":"yes","name":"Versova","name:hi":"वर्सोवा","name:mr":"वर्सोवा","network":"Mumbai Metro","operator":"MMRDA","public_transport":"platform","railway":"platform","ref":"2","shelter":"yes","subway":"yes","surface":"paved"},"boarding_coordinate_status":"not_derived_from_area","extent_intersection_status":"intersects_research_envelope","geometry_status":"valid","name":"Versova","osm_object_id":"311841895","osm_object_type":"way","selected_tags":{"public_transport":"platform","railway":"platform"},"source":"mapped_osm_feature","source_id":"osm_western_zone_20260915","source_sha256":"c335a72cadfebc3ffde5cfff20fc9711f3112bc11000d43fde4daea10c36b53e","status":"unverified_operation_and_station_identity"},"type":"Feature"},{"geometry":{"coordinates":[[[[72.8788799,19.1084294],[72.8801315,19.1079675],[72.8801439,19.1079973],[72.8801583,19.1080323],[72.8801197,19.1080466],[72.8792313,19.1083767],[72.8789068,19.1084943],[72.8788925,19.1084598],[72.8788799,19.1084294]]]],"type":"MultiPolygon"},"id":"way/311841896","properties":{"all_driver_tags":{"bench":"yes","bin":"yes","layer":"2","lit":"yes","public_transport":"platform","railway":"platform","shelter":"yes","subway":"yes"},"boarding_coordinate_status":"not_derived_from_area","extent_intersection_status":"intersects_research_envelope","geometry_status":"valid","name":"","osm_object_id":"311841896","osm_object_type":"way","selected_tags":{"public_transport":"platform","railway":"platform"},"source":"mapped_osm_feature","source_id":"osm_western_zone_20260915","source_sha256":"c335a72cadfebc3ffde5cfff20fc9711f3112bc11000d43fde4daea10c36b53e","status":"unverified_operation_and_station_identity"},"type":"Feature"},{"geometry":{"coordinates":[[[[72.8747826,19.1098497],[72.8747654,19.1098088],[72.874756,19.1097864],[72.8747219,19.1098035],[72.8735167,19.1102518],[72.8734882,19.1102625],[72.8734989,19.1102879],[72.8735149,19.1103259],[72.8747826,19.1098497]]]],"type":"MultiPolygon"},"id":"way/311841897","properties":{"all_driver_tags":{"bench":"yes","bin":"yes","layer":"2","lit":"yes","public_transport":"platform","railway":"platform","shelter":"yes","subway":"yes"},"boarding_coordinate_status":"not_derived_from_area","extent_intersection_status":"intersects_research_envelope","geometry_status":"valid","name":"","osm_object_id":"311841897","osm_object_type":"way","selected_tags":{"public_transport":"platform","railway":"platform"},"source":"mapped_osm_feature","source_id":"osm_western_zone_20260915","source_sha256":"c335a72cadfebc3ffde5cfff20fc9711f3112bc11000d43fde4daea10c36b53e","status":"unverified_operation_and_station_identity"},"type":"Feature"},{"geometry":{"coordinates":[[[[72.8220429,19.1301634],[72.8219155,19.1301911],[72.820738,19.1304468],[72.8207464,19.1304816],[72.8207546,19.1305154],[72.8220596,19.130232],[72.8220429,19.1301634]]]],"type":"MultiPolygon"},"id":"way/311841900","properties":{"all_driver_tags":{"bench":"yes","bin":"yes","layer":"2","lit":"yes","name":"Versova","name:hi":"वर्सोवा","name:mr":"वर्सोवा","network":"Mumbai Metro","operator":"MMRDA","public_transport":"platform","railway":"platform","ref":"1","shelter":"yes","subway":"yes","surface":"paved"},"boarding_coordinate_status":"not_derived_from_area","extent_intersection_status":"intersects_research_envelope","geometry_status":"valid","name":"Versova","osm_object_id":"311841900","osm_object_type":"way","selected_tags":{"public_transport":"platform","railway":"platform"},"source":"mapped_osm_feature","source_id":"osm_western_zone_20260915","source_sha256":"c335a72cadfebc3ffde5cfff20fc9711f3112bc11000d43fde4daea10c36b53e","status":"unverified_operation_and_station_identity"},"type":"Feature"},{"geometry":{"coordinates":[[[[72.9080991,19.0861642],[72.9080872,19.0876585],[72.9080404,19.0876574],[72.9079933,19.0876563],[72.9080164,19.0861633],[72.9080549,19.0861637],[72.9080991,19.0861642]]]],"type":"MultiPolygon"},"id":"way/311841901","properties":{"all_driver_tags":{"bin":"yes","layer":"2","level":"2","lit":"yes","public_transport":"platform","railway":"platform","shelter":"yes","subway":"yes"},"boarding_coordinate_status":"not_derived_from_area","extent_intersection_status":"intersects_research_envelope","geometry_status":"valid","name":"","osm_object_id":"311841901","osm_object_type":"way","selected_tags":{"public_transport":"platform","railway":"platform"},"source":"mapped_osm_feature","source_id":"osm_western_zone_20260915","source_sha256":"c335a72cadfebc3ffde5cfff20fc9711f3112bc11000d43fde4daea10c36b53e","status":"unverified_operation_and_station_identity"},"type":"Feature"},{"geometry":{"coordinates":[[[[72.880093,19.1078742],[72.8800761,19.1078335],[72.8800668,19.1078108],[72.8800356,19.1078223],[72.8791403,19.108155],[72.8788152,19.1082728],[72.8788265,19.1083002],[72.8788414,19.1083362],[72.880093,19.1078742]]]],"type":"MultiPolygon"},"id":"way/311841902","properties":{"all_driver_tags":{"bench":"yes","bin":"yes","layer":"2","lit":"yes","public_transport":"platform","railway":"platform","shelter":"yes","subway":"yes"},"boarding_coordinate_status":"not_derived_from_area","extent_intersection_status":"intersects_research_envelope","geometry_status":"valid","name":"","osm_object_id":"311841902","osm_object_type":"way","selected_tags":{"public_transport":"platform","railway":"platform"},"source":"mapped_osm_feature","source_id":"osm_western_zone_20260915","source_sha256":"c335a72cadfebc3ffde5cfff20fc9711f3112bc11000d43fde4daea10c36b53e","status":"unverified_operation_and_station_identity"},"type":"Feature"},{"geometry":{"coordinates":[[[[72.873554,19.1104189],[72.8748218,19.1099427],[72.8748321,19.1099674],[72.874849,19.1100074],[72.8736194,19.1104691],[72.8735812,19.1104835],[72.8735682,19.1104526],[72.873554,19.1104189]]]],"type":"MultiPolygon"},"id":"way/311841903","properties":{"all_driver_tags":{"bench":"yes","bin":"yes","layer":"2","lit":"yes","public_transport":"platform","railway":"platform","shelter":"yes","subway":"yes"},"boarding_coordinate_status":"not_derived_from_area","extent_intersection_status":"intersects_research_envelope","geometry_status":"valid","name":"","osm_object_id":"311841903","osm_object_type":"way","selected_tags":{"public_transport":"platform","railway":"platform"},"source":"mapped_osm_feature","source_id":"osm_western_zone_20260915","source_sha256":"c335a72cadfebc3ffde5cfff20fc9711f3112bc11000d43fde4daea10c36b53e","status":"unverified_operation_and_station_identity"},"type":"Feature"},{"geometry":{"coordinates":[[[[72.902589,19.0921109],[72.9025679,19.092078],[72.9021059,19.092342],[72.9012395,19.0928369],[72.9012605,19.0928698],[72.902589,19.0921109]]]],"type":"MultiPolygon"},"id":"way/311841905","properties":{"all_driver_tags":{"bench":"yes","bin":"yes","layer":"2","lit":"yes","public_transport":"platform","railway":"platform","shelter":"yes","subway":"yes"},"boarding_coordinate_status":"not_derived_from_area","extent_intersection_status":"intersects_research_envelope","geometry_status":"valid","name":"","osm_object_id":"311841905","osm_object_type":"way","selected_tags":{"public_transport":"platform","railway":"platform"},"source":"mapped_osm_feature","source_id":"osm_western_zone_20260915","source_sha256":"c335a72cadfebc3ffde5cfff20fc9711f3112bc11000d43fde4daea10c36b53e","status":"unverified_operation_and_station_identity"},"type":"Feature"},{"geometry":{"coordinates":[[[[72.9013012,19.0929334],[72.901323,19.0929675],[72.902188,19.0924733],[72.9026515,19.0922086],[72.9026296,19.0921745],[72.9013012,19.0929334]]]],"type":"MultiPolygon"},"id":"way/311841907","properties":{"all_driver_tags":{"bench":"yes","bin":"yes","layer":"2","lit":"yes","public_transport":"platform","railway":"platform","shelter":"yes","subway":"yes"},"boarding_coordinate_status":"not_derived_from_area","extent_intersection_status":"intersects_research_envelope","geometry_status":"valid","name":"","osm_object_id":"311841907","osm_object_type":"way","selected_tags":{"public_transport":"platform","railway":"platform"},"source":"mapped_osm_feature","source_id":"osm_western_zone_20260915","source_sha256":"c335a72cadfebc3ffde5cfff20fc9711f3112bc11000d43fde4daea10c36b53e","status":"unverified_operation_and_station_identity"},"type":"Feature"},{"geometry":{"coordinates":[[[[72.8747822,19.0960615],[72.8749263,19.0960404],[72.8750769,19.0960073],[72.8752031,19.0959671],[72.8753147,19.0959219],[72.875467,19.095841],[72.8755937,19.0957662],[72.8757023,19.0956768],[72.8757901,19.0956062],[72.8759517,19.0954803],[72.8761129,19.0953434],[72.8762888,19.095204],[72.8763271,19.0951737],[72.8765527,19.094979],[72.8765839,19.0949794],[72.8766151,19.0949799],[72.8766144,19.0949941],[72.8766466,19.0950331],[72.8766778,19.0950657],[72.8767453,19.0951363],[72.8767687,19.0951494],[72.876761,19.0951707],[72.8767532,19.095192],[72.8767388,19.0952042],[72.8767626,19.0952347],[72.8765302,19.0954128],[72.8760181,19.0958334],[72.8757903,19.0960326],[72.8757099,19.0961196],[72.8756214,19.0962441],[72.8754912,19.0964496],[72.875418,19.0966064],[72.8753389,19.09691],[72.8753178,19.0970634],[72.8753092,19.0971639],[72.875311,19.0972815],[72.8753222,19.0974131],[72.8753836,19.0976509],[72.8754585,19.0978344],[72.8755905,19.0980634],[72.8756511,19.0981634],[72.8759699,19.0986245],[72.8760283,19.0987196],[72.8763471,19.0992061],[72.8764362,19.0993388],[72.8767696,19.0998587],[72.8768435,19.0999577],[72.8769181,19.1000795],[72.8767117,19.1000784],[72.8761476,19.0992415],[72.8761694,19.0993454],[72.8761728,19.0994446],[72.8761573,19.0995798],[72.8761379,19.0996391],[72.8761117,19.0997003],[72.8760803,19.0997607],[72.8760369,19.0998216],[72.8759885,19.09988],[72.8759305,19.0999338],[72.8758593,19.0999876],[72.8758025,19.1000193],[72.8757461,19.1000439],[72.8756803,19.1000694],[72.8756323,19.1000832],[72.8755808,19.1000916],[72.8755275,19.1000965],[72.8753587,19.1000975],[72.8745865,19.1000888],[72.8741549,19.100082],[72.8736576,19.1000788],[72.8735982,19.1000767],[72.8735432,19.1000725],[72.8734659,19.1000588],[72.8733873,19.1000343],[72.8732991,19.0999986],[72.8732046,19.0999417],[72.873102,19.099856],[72.873022,19.0997532],[72.8729782,19.0996817],[72.8729433,19.099591],[72.8729226,19.0995026],[72.8729168,19.0993795],[72.8729274,19.0992668],[72.8728494,19.0992143],[72.8727045,19.0991188],[72.87317,19.0984818],[72.8734276,19.0981536],[72.8735358,19.0980015],[72.8736415,19.0978246],[72.8737346,19.0975841],[72.8737872,19.0973617],[72.8738016,19.0972526],[72.873806,19.0971416],[72.8737956,19.097052],[72.8737848,19.096887],[72.8737718,19.0968039],[72.8737211,19.0966282],[72.8736722,19.0964825],[72.873593,19.0963348],[72.8735465,19.0962475],[72.8734577,19.0961274],[72.8733638,19.0960215],[72.8731068,19.0957912],[72.8729468,19.0956631],[72.8725289,19.0952983],[72.8723681,19.0951542],[72.8721355,19.0949563],[72.8720838,19.0949235],[72.8720267,19.0949041],[72.8719749,19.0948996],[72.8719353,19.0948877],[72.8718751,19.0948604],[72.8718109,19.0948137],[72.8717526,19.0947604],[72.8714529,19.0945039],[72.8712753,19.0943517],[72.8711342,19.0942348],[72.871038,19.0941545],[72.8709868,19.0941122],[72.8709554,19.0940749],[72.8709442,19.0940364],[72.8709466,19.0939957],[72.8709539,19.0939642],[72.8709685,19.0939268],[72.8710044,19.0938967],[72.8710503,19.0938837],[72.8712057,19.0938899],[72.8715523,19.093896],[72.871788,19.0939009],[72.8719523,19.0939035],[72.8719959,19.0939038],[72.8720341,19.0939119],[72.8720659,19.0939252],[72.8721052,19.0939427],[72.8721396,19.0939673],[72.8721622,19.0939935],[72.8721848,19.0940265],[72.872204,19.0940638],[72.8722208,19.0941248],[72.8722166,19.0942527],[72.8722104,19.0944243],[72.872215,19.0944835],[72.8722297,19.0945423],[72.8722557,19.0946005],[72.8722904,19.0946574],[72.872325,19.0947046],[72.8723747,19.0947502],[72.8725754,19.0949215],[72.8726942,19.0950246],[72.8733314,19.095552],[72.8734375,19.0956414],[72.8735257,19.0957094],[72.8736026,19.0957672],[72.8737061,19.0958333],[72.8738571,19.0959094],[72.8740097,19.0959732],[72.8741656,19.0960187],[72.8743217,19.0960519],[72.8744892,19.0960688],[72.8746277,19.0960714],[72.8747822,19.0960615]]]],"type":"MultiPolygon"},"id":"way/315613914","properties":{"all_driver_tags":{"addr:city":"Mumbai","aeroway":"terminal","alt_name":"Sahar","alt_name:mr":"मुंबई विमानतळ टर्मिनल २","building":"transportation","building:levels":"3","description":"international terminal","location":"surface","name":"Terminal 2","name:mr":"टर्मिनल २","name:zh":"2号航站楼","wikidata":"Q57418744"},"boarding_coordinate_status":"not_derived_from_area","extent_intersection_status":"intersects_research_envelope","geometry_status":"valid","name":"Terminal 2","osm_object_id":"315613914","osm_object_type":"way","selected_tags":{"aeroway":"terminal"},"source":"mapped_osm_feature","source_id":"osm_western_zone_20260915","source_sha256":"c335a72cadfebc3ffde5cfff20fc9711f3112bc11000d43fde4daea10c36b53e","status":"unverified_operation_and_station_identity"},"type":"Feature"},{"geometry":{"coordinates":[[[[73.385965,18.7643918],[73.3859206,18.7644563],[73.3859333,18.7645134],[73.3859852,18.7645454],[73.3860243,18.7645572],[73.3860714,18.7645475],[73.386095,18.7645272],[73.3861133,18.7644731],[73.3861102,18.7644226],[73.3860881,18.7643908],[73.3860422,18.764369],[73.3860128,18.7643706],[73.385965,18.7643918]]]],"type":"MultiPolygon"},"id":"way/316181593","properties":{"all_driver_tags":{"aeroway":"helipad"},"boarding_coordinate_status":"not_derived_from_area","extent_intersection_status":"intersects_research_envelope","geometry_status":"valid","name":"","osm_object_id":"316181593","osm_object_type":"way","selected_tags":{"aeroway":"helipad"},"source":"mapped_osm_feature","source_id":"osm_western_zone_20260915","source_sha256":"c335a72cadfebc3ffde5cfff20fc9711f3112bc11000d43fde4daea10c36b53e","status":"unverified_operation_and_station_identity"},"type":"Feature"},{"geometry":{"coordinates":[[[[73.405842,18.7537366],[73.406435,18.7539464],[73.4066761,18.7539835],[73.4068259,18.7539989],[73.4069172,18.7540421],[73.4069791,18.7540575],[73.4070104,18.7539891],[73.4071094,18.7539094],[73.4070149,18.7537675],[73.4069367,18.7536379],[73.4068748,18.7535639],[73.4058159,18.7536101],[73.405842,18.7537366]]]],"type":"MultiPolygon"},"id":"way/316184792","properties":{"all_driver_tags":{"amenity":"bus_station","bus":"yes","name":"Lonavala Bus Stand","public_transport":"station"},"boarding_coordinate_status":"not_derived_from_area","extent_intersection_status":"intersects_research_envelope","geometry_status":"valid","name":"Lonavala Bus Stand","osm_object_id":"316184792","osm_object_type":"way","selected_tags":{"amenity":"bus_station","public_transport":"station"},"source":"mapped_osm_feature","source_id":"osm_western_zone_20260915","source_sha256":"c335a72cadfebc3ffde5cfff20fc9711f3112bc11000d43fde4daea10c36b53e","status":"unverified_operation_and_station_identity"},"type":"Feature"},{"geometry":{"coordinates":[[[[72.8466176,19.2418094],[72.8466958,19.2416748],[72.8466099,19.2416303],[72.8465156,19.2417925],[72.8466283,19.2418509],[72.8466444,19.2418233],[72.8466176,19.2418094]]]],"type":"MultiPolygon"},"id":"way/318034227","properties":{"all_driver_tags":{"amenity":"bus_station","bus":"yes","name":"Shanti Ashram Bus Depo","operator":"BEST","public_transport":"station"},"boarding_coordinate_status":"not_derived_from_area","extent_intersection_status":"intersects_research_envelope","geometry_status":"valid","name":"Shanti Ashram Bus Depo","osm_object_id":"318034227","osm_object_type":"way","selected_tags":{"amenity":"bus_station","public_transport":"station"},"source":"mapped_osm_feature","source_id":"osm_western_zone_20260915","source_sha256":"c335a72cadfebc3ffde5cfff20fc9711f3112bc11000d43fde4daea10c36b53e","status":"unverified_operation_and_station_identity"},"type":"Feature"},{"geometry":{"coordinates":[[[[72.9517253,19.2094969],[72.95196,19.2093485],[72.9525326,19.2089447],[72.9525996,19.2093323],[72.9518406,19.2097122],[72.9517253,19.2094969]]]],"type":"MultiPolygon"},"id":"way/319831104","properties":{"all_driver_tags":{"amenity":"bus_station","name":"Lokmanya Nagar Bus Depot"},"boarding_coordinate_status":"not_derived_from_area","extent_intersection_status":"intersects_research_envelope","geometry_status":"valid","name":"Lokmanya Nagar Bus Depot","osm_object_id":"319831104","osm_object_type":"way","selected_tags":{"amenity":"bus_station"},"source":"mapped_osm_feature","source_id":"osm_western_zone_20260915","source_sha256":"c335a72cadfebc3ffde5cfff20fc9711f3112bc11000d43fde4daea10c36b53e","status":"unverified_operation_and_station_identity"},"type":"Feature"},{"geometry":{"coordinates":[[[[72.9677505,19.1692414],[72.9679785,19.1695886],[72.9685042,19.1693073],[72.9682789,19.1689552],[72.9677505,19.1692414]]]],"type":"MultiPolygon"},"id":"way/320659668","properties":{"all_driver_tags":{"addr:city":"Mulund (East)","addr:postcode":"400081","amenity":"bus_station","name":"MHADA Bus Station","operator":"BEST"},"boarding_coordinate_status":"not_derived_from_area","extent_intersection_status":"intersects_research_envelope","geometry_status":"valid","name":"MHADA Bus Station","osm_object_id":"320659668","osm_object_type":"way","selected_tags":{"amenity":"bus_station"},"source":"mapped_osm_feature","source_id":"osm_western_zone_20260915","source_sha256":"c335a72cadfebc3ffde5cfff20fc9711f3112bc11000d43fde4daea10c36b53e","status":"unverified_operation_and_station_identity"},"type":"Feature"},{"geometry":{"coordinates":[[[[73.778218,20.0018579],[73.7781668,20.001842],[73.7781355,20.0018173],[73.7781136,20.0017827],[73.7781053,20.0017348],[73.7781149,20.0016948],[73.7781293,20.0016707],[73.7781557,20.0016456],[73.7781788,20.0016328],[73.7782059,20.0016245],[73.7782602,20.0016253],[73.7783031,20.0016434],[73.778334,20.0016725],[73.7783479,20.0016965],[73.7783565,20.0017318],[73.7783527,20.0017705],[73.7783294,20.0018141],[73.7783093,20.0018329],[73.7782579,20.0018558],[73.778218,20.0018579]]]],"type":"MultiPolygon"},"id":"way/321114633","properties":{"all_driver_tags":{"aeroway":"helipad"},"boarding_coordinate_status":"not_derived_from_area","extent_intersection_status":"intersects_research_envelope","geometry_status":"valid","name":"","osm_object_id":"321114633","osm_object_type":"way","selected_tags":{"aeroway":"helipad"},"source":"mapped_osm_feature","source_id":"osm_western_zone_20260915","source_sha256":"c335a72cadfebc3ffde5cfff20fc9711f3112bc11000d43fde4daea10c36b53e","status":"unverified_operation_and_station_identity"},"type":"Feature"},{"geometry":{"coordinates":[[[[73.7787555,20.0016287],[73.7787204,20.0016557],[73.778692,20.0017091],[73.7786948,20.0017721],[73.7787156,20.00181],[73.7787366,20.0018305],[73.7787761,20.0018514],[73.7788195,20.0018584],[73.7788642,20.001851],[73.7788909,20.0018385],[73.7789319,20.0017983],[73.7789479,20.0017584],[73.7789501,20.0017326],[73.7789412,20.0016908],[73.7789277,20.0016668],[73.7788961,20.0016362],[73.7788688,20.001622],[73.7788245,20.001613],[73.7787795,20.0016188],[73.7787555,20.0016287]]]],"type":"MultiPolygon"},"id":"way/321114638","properties":{"all_driver_tags":{"aeroway":"helipad"},"boarding_coordinate_status":"not_derived_from_area","extent_intersection_status":"intersects_research_envelope","geometry_status":"valid","name":"","osm_object_id":"321114638","osm_object_type":"way","selected_tags":{"aeroway":"helipad"},"source":"mapped_osm_feature","source_id":"osm_western_zone_20260915","source_sha256":"c335a72cadfebc3ffde5cfff20fc9711f3112bc11000d43fde4daea10c36b53e","status":"unverified_operation_and_station_identity"},"type":"Feature"},{"geometry":{"coordinates":[[[[72.8294043,19.131506],[72.8293199,19.1316122],[72.8294025,19.1319762],[72.8304182,19.1317704],[72.8303161,19.1313211],[72.8294043,19.131506]]]],"type":"MultiPolygon"},"id":"way/321877216","properties":{"all_driver_tags":{"building":"yes","layer":"1","railway":"workshop"},"boarding_coordinate_status":"not_derived_from_area","extent_intersection_status":"intersects_research_envelope","geometry_status":"valid","name":"","osm_object_id":"321877216","osm_object_type":"way","selected_tags":{"railway":"workshop"},"source":"mapped_osm_feature","source_id":"osm_western_zone_20260915","source_sha256":"c335a72cadfebc3ffde5cfff20fc9711f3112bc11000d43fde4daea10c36b53e","status":"unverified_operation_and_station_identity"},"type":"Feature"},{"geometry":{"coordinates":[[[[72.8295482,19.1301905],[72.8290152,19.1302973],[72.8287014,19.1288543],[72.8292339,19.128751],[72.8295482,19.1301905]]]],"type":"MultiPolygon"},"id":"way/321877217","properties":{"all_driver_tags":{"building":"yes","layer":"1","railway":"workshop"},"boarding_coordinate_status":"not_derived_from_area","extent_intersection_status":"intersects_research_envelope","geometry_status":"valid","name":"","osm_object_id":"321877217","osm_object_type":"way","selected_tags":{"railway":"workshop"},"source":"mapped_osm_feature","source_id":"osm_western_zone_20260915","source_sha256":"c335a72cadfebc3ffde5cfff20fc9711f3112bc11000d43fde4daea10c36b53e","status":"unverified_operation_and_station_identity"},"type":"Feature"},{"geometry":{"coordinates":[[[[72.8594562,19.2485684],[72.8593918,19.2485735],[72.8593899,19.2488892],[72.8593678,19.2494476],[72.8593551,19.249733],[72.8593409,19.2501181],[72.8591913,19.2518122],[72.8592555,19.2518175],[72.8594092,19.2501371],[72.8594194,19.2497356],[72.8594322,19.24945],[72.8594543,19.2488903],[72.8594562,19.2485684]]]],"type":"MultiPolygon"},"id":"way/327784843","properties":{"all_driver_tags":{"departures_board":"realtime","name":"Platform 2,3","operator":"Western line (Mumbai Suburban Railway)","public_transport":"platform","railway":"platform","ref":"2;3","train":"yes"},"boarding_coordinate_status":"not_derived_from_area","extent_intersection_status":"intersects_research_envelope","geometry_status":"valid","name":"Platform 2,3","osm_object_id":"327784843","osm_object_type":"way","selected_tags":{"public_transport":"platform","railway":"platform"},"source":"mapped_osm_feature","source_id":"osm_western_zone_20260915","source_sha256":"c335a72cadfebc3ffde5cfff20fc9711f3112bc11000d43fde4daea10c36b53e","status":"unverified_operation_and_station_identity"},"type":"Feature"},{"geometry":{"coordinates":[[[[72.8592812,19.2485608],[72.859228,19.2485602],[72.8592253,19.2487349],[72.8592119,19.2493047],[72.8591689,19.250077],[72.8590375,19.2517888],[72.8590864,19.2517924],[72.8592238,19.2501144],[72.8592473,19.2496047],[72.85926,19.2493195],[72.859282,19.2487635],[72.8592812,19.2485608]]]],"type":"MultiPolygon"},"id":"way/327784846","properties":{"all_driver_tags":{"departures_board":"realtime","name":"Platform 1","operator":"Western line (Mumbai Suburban Railway)","public_transport":"platform","railway":"platform","ref":"1","train":"yes"},"boarding_coordinate_status":"not_derived_from_area","extent_intersection_status":"intersects_research_envelope","geometry_status":"valid","name":"Platform 1","osm_object_id":"327784846","osm_object_type":"way","selected_tags":{"public_transport":"platform","railway":"platform"},"source":"mapped_osm_feature","source_id":"osm_western_zone_20260915","source_sha256":"c335a72cadfebc3ffde5cfff20fc9711f3112bc11000d43fde4daea10c36b53e","status":"unverified_operation_and_station_identity"},"type":"Feature"},{"geometry":{"coordinates":[[[[72.8595171,19.2501317],[72.8595408,19.2496165],[72.8595536,19.2493305],[72.8595758,19.2487681],[72.859575,19.2485532],[72.8596222,19.2485552],[72.8596249,19.2487856],[72.8595927,19.2493427],[72.8595579,19.250153],[72.8594238,19.2518294],[72.8593835,19.2518268],[72.8595171,19.2501317]]]],"type":"MultiPolygon"},"id":"way/327784848","properties":{"all_driver_tags":{"departures_board":"realtime","name":"Platform 4","operator":"Western line (Mumbai Suburban Railway)","public_transport":"platform","railway":"platform","ref":"4","train":"yes"},"boarding_coordinate_status":"not_derived_from_area","extent_intersection_status":"intersects_research_envelope","geometry_status":"valid","name":"Platform 4","osm_object_id":"327784848","osm_object_type":"way","selected_tags":{"public_transport":"platform","railway":"platform"},"source":"mapped_osm_feature","source_id":"osm_western_zone_20260915","source_sha256":"c335a72cadfebc3ffde5cfff20fc9711f3112bc11000d43fde4daea10c36b53e","status":"unverified_operation_and_station_identity"},"type":"Feature"},{"geometry":{"coordinates":[[[[72.8469998,19.3506166],[72.8461361,19.3522008],[72.8457656,19.3528469],[72.845597,19.3531751],[72.8455393,19.3531544],[72.8456278,19.3529848],[72.8460268,19.3522996],[72.8462394,19.3519346],[72.8464506,19.3515645],[72.8466296,19.3512323],[72.8467986,19.3509324],[72.8469448,19.3506718],[72.8469805,19.350608],[72.8469998,19.3506166]]]],"type":"MultiPolygon"},"id":"way/327791189","properties":{"all_driver_tags":{"public_transport":"platform","railway":"platform","ref":"4","surface":"concrete"},"boarding_coordinate_status":"not_derived_from_area","extent_intersection_status":"intersects_research_envelope","geometry_status":"valid","name":"","osm_object_id":"327791189","osm_object_type":"way","selected_tags":{"public_transport":"platform","railway":"platform"},"source":"mapped_osm_feature","source_id":"osm_western_zone_20260915","source_sha256":"c335a72cadfebc3ffde5cfff20fc9711f3112bc11000d43fde4daea10c36b53e","status":"unverified_operation_and_station_identity"},"type":"Feature"},{"geometry":{"coordinates":[[[[72.8467959,19.3504977],[72.8468975,19.3505566],[72.8459936,19.3521611],[72.8456135,19.3527836],[72.8454216,19.3531165],[72.8453556,19.353084],[72.8455246,19.3527575],[72.8458889,19.3521231],[72.8467959,19.3504977]]]],"type":"MultiPolygon"},"id":"way/327791191","properties":{"all_driver_tags":{"public_transport":"platform","railway":"platform","ref":"2;3","surface":"concrete"},"boarding_coordinate_status":"not_derived_from_area","extent_intersection_status":"intersects_research_envelope","geometry_status":"valid","name":"","osm_object_id":"327791191","osm_object_type":"way","selected_tags":{"public_transport":"platform","railway":"platform"},"source":"mapped_osm_feature","source_id":"osm_western_zone_20260915","source_sha256":"c335a72cadfebc3ffde5cfff20fc9711f3112bc11000d43fde4daea10c36b53e","status":"unverified_operation_and_station_identity"},"type":"Feature"},{"geometry":{"coordinates":[[[[72.8466196,19.3504402],[72.8457471,19.3520096],[72.8454039,19.352621],[72.8452898,19.3528572],[72.845352,19.3528809],[72.8455473,19.3525071],[72.8457995,19.3520946],[72.8460516,19.3516227],[72.8462246,19.3513063],[72.8464875,19.3508192],[72.8466779,19.3504611],[72.8466196,19.3504402]]]],"type":"MultiPolygon"},"id":"way/327791193","properties":{"all_driver_tags":{"public_transport":"platform","railway":"platform","ref":"1","surface":"concrete"},"boarding_coordinate_status":"not_derived_from_area","extent_intersection_status":"intersects_research_envelope","geometry_status":"valid","name":"","osm_object_id":"327791193","osm_object_type":"way","selected_tags":{"public_transport":"platform","railway":"platform"},"source":"mapped_osm_feature","source_id":"osm_western_zone_20260915","source_sha256":"c335a72cadfebc3ffde5cfff20fc9711f3112bc11000d43fde4daea10c36b53e","status":"unverified_operation_and_station_identity"},"type":"Feature"},{"geometry":{"coordinates":[[[[72.8564872,19.2266013],[72.8564372,19.2266164],[72.857061,19.2299069],[72.8570904,19.230062],[72.8571953,19.2306155],[72.8572999,19.2311802],[72.8573589,19.2315348],[72.8574404,19.2321702],[72.857463,19.2321706],[72.8574018,19.2315246],[72.8573669,19.2311802],[72.8573267,19.230851],[72.8572838,19.2306053],[72.8571604,19.2298861],[72.857086,19.2295001],[72.8566964,19.2274801],[72.856632,19.2271458],[72.8565623,19.2268723],[72.8564872,19.2266013]]]],"type":"MultiPolygon"},"id":"way/327857040","properties":{"all_driver_tags":{"name":"Borivali Station","public_transport":"platform","railway":"platform","ref":"6;7","train":"yes"},"boarding_coordinate_status":"not_derived_from_area","extent_intersection_status":"intersects_research_envelope","geometry_status":"valid","name":"Borivali Station","osm_object_id":"327857040","osm_object_type":"way","selected_tags":{"public_transport":"platform","railway":"platform"},"source":"mapped_osm_feature","source_id":"osm_western_zone_20260915","source_sha256":"c335a72cadfebc3ffde5cfff20fc9711f3112bc11000d43fde4daea10c36b53e","status":"unverified_operation_and_station_identity"},"type":"Feature"},{"geometry":{"coordinates":[[[[72.8564589,19.2260818],[72.8565474,19.2263959],[72.8566413,19.22672],[72.8566842,19.2268796],[72.8567164,19.2270265],[72.856754,19.227219],[72.8573628,19.2303517],[72.8574192,19.230686],[72.857446,19.2309064],[72.8574621,19.2309064],[72.8574477,19.2306375],[72.8574272,19.2304505],[72.8574004,19.2302277],[72.8567781,19.2270163],[72.8567325,19.2268517],[72.8566815,19.2266744],[72.8564775,19.2260755],[72.8564589,19.2260818]]]],"type":"MultiPolygon"},"id":"way/327886452","properties":{"all_driver_tags":{"name":"Borivali Station","public_transport":"platform","railway":"platform","ref":"8;9","train":"yes"},"boarding_coordinate_status":"not_derived_from_area","extent_intersection_status":"intersects_research_envelope","geometry_status":"valid","name":"Borivali Station","osm_object_id":"327886452","osm_object_type":"way","selected_tags":{"public_transport":"platform","railway":"platform"},"source":"mapped_osm_feature","source_id":"osm_western_zone_20260915","source_sha256":"c335a72cadfebc3ffde5cfff20fc9711f3112bc11000d43fde4daea10c36b53e","status":"unverified_operation_and_station_identity"},"type":"Feature"},{"geometry":{"coordinates":[[[[72.856467,19.2276723],[72.8564755,19.2276714],[72.8565273,19.2276659],[72.857094,19.2306626],[72.8570323,19.2306727],[72.856467,19.2276723]]]],"type":"MultiPolygon"},"id":"way/327886454","properties":{"all_driver_tags":{"name":"Borivali Station","public_transport":"platform","railway":"platform","ref":"4;5","train":"yes"},"boarding_coordinate_status":"not_derived_from_area","extent_intersection_status":"intersects_research_envelope","geometry_status":"valid","name":"Borivali Station","osm_object_id":"327886454","osm_object_type":"way","selected_tags":{"public_transport":"platform","railway":"platform"},"source":"mapped_osm_feature","source_id":"osm_western_zone_20260915","source_sha256":"c335a72cadfebc3ffde5cfff20fc9711f3112bc11000d43fde4daea10c36b53e","status":"unverified_operation_and_station_identity"},"type":"Feature"},{"geometry":{"coordinates":[[[[72.8518547,19.2031251],[72.8523616,19.2057987],[72.8523964,19.2057961],[72.8523214,19.2052389],[72.8519105,19.2031146],[72.8518547,19.2031251]]]],"type":"MultiPolygon"},"id":"way/327888174","properties":{"all_driver_tags":{"bench":"yes","bin":"yes","lit":"yes","public_transport":"platform","railway":"platform","shelter":"yes"},"boarding_coordinate_status":"not_derived_from_area","extent_intersection_status":"intersects_research_envelope","geometry_status":"valid","name":"","osm_object_id":"327888174","osm_object_type":"way","selected_tags":{"public_transport":"platform","railway":"platform"},"source":"mapped_osm_feature","source_id":"osm_western_zone_20260915","source_sha256":"c335a72cadfebc3ffde5cfff20fc9711f3112bc11000d43fde4daea10c36b53e","status":"unverified_operation_and_station_identity"},"type":"Feature"},{"geometry":{"coordinates":[[[[72.8516937,19.2031555],[72.8517714,19.2031403],[72.8523817,19.2063395],[72.85232,19.2063496],[72.8516937,19.2031555]]]],"type":"MultiPolygon"},"id":"way/327888175","properties":{"all_driver_tags":{"bench":"yes","bin":"yes","lit":"yes","public_transport":"platform","railway":"platform","shelter":"yes"},"boarding_coordinate_status":"not_derived_from_area","extent_intersection_status":"intersects_research_envelope","geometry_status":"valid","name":"","osm_object_id":"327888175","osm_object_type":"way","selected_tags":{"public_transport":"platform","railway":"platform"},"source":"mapped_osm_feature","source_id":"osm_western_zone_20260915","source_sha256":"c335a72cadfebc3ffde5cfff20fc9711f3112bc11000d43fde4daea10c36b53e","status":"unverified_operation_and_station_identity"},"type":"Feature"},{"geometry":{"coordinates":[[[[72.8442317,19.1015167],[72.8441673,19.1012455],[72.84406,19.1006245],[72.8439554,19.0999959],[72.8438589,19.0989694],[72.8438508,19.0987185],[72.8438962,19.098712],[72.8442641,19.1015107],[72.8442317,19.1015167]]]],"type":"MultiPolygon"},"id":"way/327958422","properties":{"all_driver_tags":{"public_transport":"platform","railway":"platform","train":"yes"},"boarding_coordinate_status":"not_derived_from_area","extent_intersection_status":"intersects_research_envelope","geometry_status":"valid","name":"","osm_object_id":"327958422","osm_object_type":"way","selected_tags":{"public_transport":"platform","railway":"platform"},"source":"mapped_osm_feature","source_id":"osm_western_zone_20260915","source_sha256":"c335a72cadfebc3ffde5cfff20fc9711f3112bc11000d43fde4daea10c36b53e","status":"unverified_operation_and_station_identity"},"type":"Feature"},{"geometry":{"coordinates":[[[[72.843883,19.0978897],[72.8439045,19.0978872],[72.8439849,19.0982699],[72.8440439,19.0986475],[72.8442719,19.1003812],[72.8443077,19.1006985],[72.8442585,19.1007056],[72.843883,19.0978897]]]],"type":"MultiPolygon"},"id":"way/327958424","properties":{"all_driver_tags":{"public_transport":"platform","railway":"platform","train":"yes"},"boarding_coordinate_status":"not_derived_from_area","extent_intersection_status":"intersects_research_envelope","geometry_status":"valid","name":"","osm_object_id":"327958424","osm_object_type":"way","selected_tags":{"public_transport":"platform","railway":"platform"},"source":"mapped_osm_feature","source_id":"osm_western_zone_20260915","source_sha256":"c335a72cadfebc3ffde5cfff20fc9711f3112bc11000d43fde4daea10c36b53e","status":"unverified_operation_and_station_identity"},"type":"Feature"},{"geometry":{"coordinates":[[[[72.8415842,19.0827567],[72.8416273,19.0827511],[72.8416619,19.0827466],[72.8417261,19.0832232],[72.8418526,19.0839097],[72.8420262,19.0851865],[72.8419725,19.0851928],[72.8415842,19.0827567]]]],"type":"MultiPolygon"},"id":"way/327958425","properties":{"all_driver_tags":{"name":"1-2","public_transport":"platform","railway":"platform","ref":"1;2","train":"yes"},"boarding_coordinate_status":"not_derived_from_area","extent_intersection_status":"intersects_research_envelope","geometry_status":"valid","name":"1-2","osm_object_id":"327958425","osm_object_type":"way","selected_tags":{"public_transport":"platform","railway":"platform"},"source":"mapped_osm_feature","source_id":"osm_western_zone_20260915","source_sha256":"c335a72cadfebc3ffde5cfff20fc9711f3112bc11000d43fde4daea10c36b53e","status":"unverified_operation_and_station_identity"},"type":"Feature"},{"geometry":{"coordinates":[[[[72.8418551,19.0823678],[72.8416264,19.0807555],[72.8417109,19.0807416],[72.8419367,19.0823576],[72.8419121,19.0823607],[72.8418551,19.0823678]]]],"type":"MultiPolygon"},"id":"way/327958426","properties":{"all_driver_tags":{"name":"5-6","public_transport":"platform","railway":"platform","ref":"5;6","train":"yes"},"boarding_coordinate_status":"not_derived_from_area","extent_intersection_status":"intersects_research_envelope","geometry_status":"valid","name":"5-6","osm_object_id":"327958426","osm_object_type":"way","selected_tags":{"public_transport":"platform","railway":"platform"},"source":"mapped_osm_feature","source_id":"osm_western_zone_20260915","source_sha256":"c335a72cadfebc3ffde5cfff20fc9711f3112bc11000d43fde4daea10c36b53e","status":"unverified_operation_and_station_identity"},"type":"Feature"},{"geometry":{"coordinates":[[[[72.8414615,19.0806744],[72.8415366,19.080668],[72.8417947,19.0827048],[72.8417343,19.0827125],[72.8415309,19.0814766],[72.8414854,19.0810128],[72.8414615,19.0806744]]]],"type":"MultiPolygon"},"id":"way/327958428","properties":{"all_driver_tags":{"name":"3-4","public_transport":"platform","railway":"platform","ref":"3;4","train":"yes"},"boarding_coordinate_status":"not_derived_from_area","extent_intersection_status":"intersects_research_envelope","geometry_status":"valid","name":"3-4","osm_object_id":"327958428","osm_object_type":"way","selected_tags":{"public_transport":"platform","railway":"platform"},"source":"mapped_osm_feature","source_id":"osm_western_zone_20260915","source_sha256":"c335a72cadfebc3ffde5cfff20fc9711f3112bc11000d43fde4daea10c36b53e","status":"unverified_operation_and_station_identity"},"type":"Feature"},{"geometry":{"coordinates":[[[[72.843708,19.0989996],[72.8437692,19.0989982],[72.843877,19.1000097],[72.8439608,19.1006727],[72.8440654,19.1012632],[72.8441164,19.101471],[72.8440815,19.1014761],[72.8439823,19.1011035],[72.8439152,19.1008374],[72.8438562,19.1005155],[72.8438052,19.1001126],[72.8437543,19.0996969],[72.8437194,19.099304],[72.843708,19.0989996]]]],"type":"MultiPolygon"},"id":"way/327959099","properties":{"all_driver_tags":{"public_transport":"platform","railway":"platform","train":"yes"},"boarding_coordinate_status":"not_derived_from_area","extent_intersection_status":"intersects_research_envelope","geometry_status":"valid","name":"","osm_object_id":"327959099","osm_object_type":"way","selected_tags":{"public_transport":"platform","railway":"platform"},"source":"mapped_osm_feature","source_id":"osm_western_zone_20260915","source_sha256":"c335a72cadfebc3ffde5cfff20fc9711f3112bc11000d43fde4daea10c36b53e","status":"unverified_operation_and_station_identity"},"type":"Feature"},{"geometry":{"coordinates":[[[[73.7179918,19.9925658],[73.7182568,19.9925471],[73.7182349,19.9922744],[73.7179699,19.9922932],[73.7179918,19.9925658]]]],"type":"MultiPolygon"},"id":"way/330542946","properties":{"all_driver_tags":{"aeroway":"helipad"},"boarding_coordinate_status":"not_derived_from_area","extent_intersection_status":"intersects_research_envelope","geometry_status":"valid","name":"","osm_object_id":"330542946","osm_object_type":"way","selected_tags":{"aeroway":"helipad"},"source":"mapped_osm_feature","source_id":"osm_western_zone_20260915","source_sha256":"c335a72cadfebc3ffde5cfff20fc9711f3112bc11000d43fde4daea10c36b53e","status":"unverified_operation_and_station_identity"},"type":"Feature"},{"geometry":{"coordinates":[[[[72.8370399,19.1271551],[72.8369873,19.1269299],[72.8382569,19.1266652],[72.8383095,19.1268904],[72.8370399,19.1271551]]]],"type":"MultiPolygon"},"id":"way/331815667","properties":{"all_driver_tags":{"building":"transportation","layer":"1","name":"Azad Nagar","name:hi":"आज़ाद नगर","name:mr":"आझाद नगर","public_transport":"station","railway":"station","station":"subway","subway":"yes"},"boarding_coordinate_status":"not_derived_from_area","extent_intersection_status":"intersects_research_envelope","geometry_status":"valid","name":"Azad Nagar","osm_object_id":"331815667","osm_object_type":"way","selected_tags":{"public_transport":"station","railway":"station"},"source":"mapped_osm_feature","source_id":"osm_western_zone_20260915","source_sha256":"c335a72cadfebc3ffde5cfff20fc9711f3112bc11000d43fde4daea10c36b53e","status":"unverified_operation_and_station_identity"},"type":"Feature"},{"geometry":{"coordinates":[[[[72.8559208,19.1162868],[72.8558747,19.116215],[72.8558491,19.1161753],[72.8557941,19.1160897],[72.8558293,19.1160695],[72.8569291,19.1154388],[72.8569793,19.115517],[72.8570021,19.1155524],[72.8570558,19.115636],[72.8559208,19.1162868]]]],"type":"MultiPolygon"},"id":"way/331815671","properties":{"all_driver_tags":{"building":"transportation","layer":"1","name":"Western Express Highway","name:mr":"पश्चिम द्रुतगती महामार्ग","public_transport":"station","railway":"station","short_name":"WEH","station":"subway","subway":"yes","wheelchair":"yes"},"boarding_coordinate_status":"not_derived_from_area","extent_intersection_status":"intersects_research_envelope","geometry_status":"valid","name":"Western Express Highway","osm_object_id":"331815671","osm_object_type":"way","selected_tags":{"public_transport":"station","railway":"station"},"source":"mapped_osm_feature","source_id":"osm_western_zone_20260915","source_sha256":"c335a72cadfebc3ffde5cfff20fc9711f3112bc11000d43fde4daea10c36b53e","status":"unverified_operation_and_station_identity"},"type":"Feature"},{"geometry":{"coordinates":[[[[72.8670232,19.1123443],[72.8669417,19.1120808],[72.8677478,19.111858],[72.8682204,19.1117275],[72.8683019,19.1119911],[72.8670232,19.1123443]]]],"type":"MultiPolygon"},"id":"way/331824153","properties":{"all_driver_tags":{"building":"transportation","layer":"1","name":"Chakala - J.B. Nagar","name:hi":"चकाला - जे. बी. नगर","name:mr":"चकाला - जे. बी. नगर","official_name":"IndusInd Bank Chakala (J.B.Nagar)","public_transport":"station","railway":"station","station":"subway","subway":"yes"},"boarding_coordinate_status":"not_derived_from_area","extent_intersection_status":"intersects_research_envelope","geometry_status":"valid","name":"Chakala - J.B. Nagar","osm_object_id":"331824153","osm_object_type":"way","selected_tags":{"public_transport":"station","railway":"station"},"source":"mapped_osm_feature","source_id":"osm_western_zone_20260915","source_sha256":"c335a72cadfebc3ffde5cfff20fc9711f3112bc11000d43fde4daea10c36b53e","status":"unverified_operation_and_station_identity"},"type":"Feature"},{"geometry":{"coordinates":[[[[72.8874811,19.1039963],[72.887454,19.1039573],[72.8873215,19.1037667],[72.8874909,19.1036616],[72.8884351,19.1030757],[72.8885701,19.10327],[72.8885946,19.1033052],[72.8885633,19.1033246],[72.8875081,19.1039795],[72.8874811,19.1039963]]]],"type":"MultiPolygon"},"id":"way/331824155","properties":{"all_driver_tags":{"building":"transportation","layer":"1","name":"Saki Naka","name:hi":"साकी नाका","name:mr":"साकी नाका","public_transport":"station","railway":"station","station":"subway","subway":"yes","wheelchair":"yes"},"boarding_coordinate_status":"not_derived_from_area","extent_intersection_status":"intersects_research_envelope","geometry_status":"valid","name":"Saki Naka","osm_object_id":"331824155","osm_object_type":"way","selected_tags":{"public_transport":"station","railway":"station"},"source":"mapped_osm_feature","source_id":"osm_western_zone_20260915","source_sha256":"c335a72cadfebc3ffde5cfff20fc9711f3112bc11000d43fde4daea10c36b53e","status":"unverified_operation_and_station_identity"},"type":"Feature"},{"geometry":{"coordinates":[[[[72.8873624,19.1037898],[72.8873928,19.1038344],[72.8884648,19.103183],[72.8884344,19.1031384],[72.8873624,19.1037898]]]],"type":"MultiPolygon"},"id":"way/331824158","properties":{"all_driver_tags":{"bench":"yes","bin":"yes","layer":"2","lit":"yes","public_transport":"platform","railway":"platform","shelter":"yes","train":"yes"},"boarding_coordinate_status":"not_derived_from_area","extent_intersection_status":"intersects_research_envelope","geometry_status":"valid","name":"","osm_object_id":"331824158","osm_object_type":"way","selected_tags":{"public_transport":"platform","railway":"platform"},"source":"mapped_osm_feature","source_id":"osm_western_zone_20260915","source_sha256":"c335a72cadfebc3ffde5cfff20fc9711f3112bc11000d43fde4daea10c36b53e","status":"unverified_operation_and_station_identity"},"type":"Feature"},{"geometry":{"coordinates":[[[[72.8885396,19.1032695],[72.8885168,19.1032361],[72.887437,19.1038931],[72.8874598,19.1039265],[72.8885396,19.1032695]]]],"type":"MultiPolygon"},"id":"way/331824159","properties":{"all_driver_tags":{"bench":"yes","bin":"yes","layer":"2","lit":"yes","public_transport":"platform","railway":"platform","shelter":"yes","train":"yes"},"boarding_coordinate_status":"not_derived_from_area","extent_intersection_status":"intersects_research_envelope","geometry_status":"valid","name":"","osm_object_id":"331824159","osm_object_type":"way","selected_tags":{"public_transport":"platform","railway":"platform"},"source":"mapped_osm_feature","source_id":"osm_western_zone_20260915","source_sha256":"c335a72cadfebc3ffde5cfff20fc9711f3112bc11000d43fde4daea10c36b53e","status":"unverified_operation_and_station_identity"},"type":"Feature"},{"geometry":{"coordinates":[[[[72.8944077,19.0968955],[72.8943494,19.0968148],[72.8942725,19.0967095],[72.8942412,19.0966656],[72.8953488,19.0959494],[72.8953853,19.0959948],[72.8954673,19.0961133],[72.8955153,19.0961792],[72.8949498,19.0965449],[72.8944077,19.0968955]]]],"type":"MultiPolygon"},"id":"way/331827626","properties":{"all_driver_tags":{"building":"transportation","layer":"1","name":"Asalpha","name:mr":"असल्फा","public_transport":"station","railway":"station","station":"subway","subway":"yes"},"boarding_coordinate_status":"not_derived_from_area","extent_intersection_status":"intersects_research_envelope","geometry_status":"valid","name":"Asalpha","osm_object_id":"331827626","osm_object_type":"way","selected_tags":{"public_transport":"station","railway":"station"},"source":"mapped_osm_feature","source_id":"osm_western_zone_20260915","source_sha256":"c335a72cadfebc3ffde5cfff20fc9711f3112bc11000d43fde4daea10c36b53e","status":"unverified_operation_and_station_identity"},"type":"Feature"},{"geometry":{"coordinates":[[[[72.8942887,19.0966822],[72.8943191,19.0967248],[72.8953894,19.0960417],[72.895359,19.0959991],[72.8942887,19.0966822]]]],"type":"MultiPolygon"},"id":"way/331827629","properties":{"all_driver_tags":{"layer":"2","public_transport":"platform","railway":"platform","subway":"yes"},"boarding_coordinate_status":"not_derived_from_area","extent_intersection_status":"intersects_research_envelope","geometry_status":"valid","name":"","osm_object_id":"331827629","osm_object_type":"way","selected_tags":{"public_transport":"platform","railway":"platform"},"source":"mapped_osm_feature","source_id":"osm_western_zone_20260915","source_sha256":"c335a72cadfebc3ffde5cfff20fc9711f3112bc11000d43fde4daea10c36b53e","status":"unverified_operation_and_station_identity"},"type":"Feature"},{"geometry":{"coordinates":[[[[72.8954402,19.0961088],[72.8954755,19.0961588],[72.8943988,19.0968364],[72.8943635,19.0967864],[72.8954402,19.0961088]]]],"type":"MultiPolygon"},"id":"way/331827630","properties":{"all_driver_tags":{"layer":"2","public_transport":"platform","railway":"platform","subway":"yes"},"boarding_coordinate_status":"not_derived_from_area","extent_intersection_status":"intersects_research_envelope","geometry_status":"valid","name":"","osm_object_id":"331827630","osm_object_type":"way","selected_tags":{"public_transport":"platform","railway":"platform"},"source":"mapped_osm_feature","source_id":"osm_western_zone_20260915","source_sha256":"c335a72cadfebc3ffde5cfff20fc9711f3112bc11000d43fde4daea10c36b53e","status":"unverified_operation_and_station_identity"},"type":"Feature"},{"geometry":{"coordinates":[[[[73.3304518,19.4563346],[73.33115,19.4558624],[73.3312841,19.4558979],[73.3315086,19.4558544],[73.3316803,19.4559049],[73.3319324,19.4559302],[73.3321202,19.455915],[73.3322543,19.4558442],[73.3322918,19.4557987],[73.3320826,19.4547618],[73.3312297,19.454954],[73.3306611,19.4551816],[73.3301622,19.4554244],[73.3298242,19.4555863],[73.3304518,19.4563346]]]],"type":"MultiPolygon"},"id":"way/332123108","properties":{"all_driver_tags":{"amenity":"bus_station"},"boarding_coordinate_status":"not_derived_from_area","extent_intersection_status":"intersects_research_envelope","geometry_status":"valid","name":"","osm_object_id":"332123108","osm_object_type":"way","selected_tags":{"amenity":"bus_station"},"source":"mapped_osm_feature","source_id":"osm_western_zone_20260915","source_sha256":"c335a72cadfebc3ffde5cfff20fc9711f3112bc11000d43fde4daea10c36b53e","status":"unverified_operation_and_station_identity"},"type":"Feature"},{"geometry":{"coordinates":[[[[72.8293968,18.9940684],[72.8294692,18.9942365],[72.8301799,18.9958521],[72.8301511,18.9958602],[72.8300906,18.9958774],[72.8295557,18.9946709],[72.8295982,18.9946501],[72.8293543,18.9940803],[72.8293968,18.9940684]]]],"type":"MultiPolygon"},"id":"way/339041797","properties":{"all_driver_tags":{"bench":"yes","bin":"no","name":"Platform 1","passenger_information_display":"yes","public_transport":"platform","railway":"platform","ref":"1","train":"yes"},"boarding_coordinate_status":"not_derived_from_area","extent_intersection_status":"intersects_research_envelope","geometry_status":"valid","name":"Platform 1","osm_object_id":"339041797","osm_object_type":"way","selected_tags":{"public_transport":"platform","railway":"platform"},"source":"mapped_osm_feature","source_id":"osm_western_zone_20260915","source_sha256":"c335a72cadfebc3ffde5cfff20fc9711f3112bc11000d43fde4daea10c36b53e","status":"unverified_operation_and_station_identity"},"type":"Feature"},{"geometry":{"coordinates":[[[[72.8447226,19.0556456],[72.8446595,19.0561184],[72.8451115,19.056325],[72.8454897,19.0563453],[72.8454588,19.0557242],[72.8447226,19.0556456]]]],"type":"MultiPolygon"},"id":"way/339531325","properties":{"all_driver_tags":{"amenity":"bus_station","bus":"yes","name":"Bandra East","operator":"BEST","public_transport":"station"},"boarding_coordinate_status":"not_derived_from_area","extent_intersection_status":"intersects_research_envelope","geometry_status":"valid","name":"Bandra East","osm_object_id":"339531325","osm_object_type":"way","selected_tags":{"amenity":"bus_station","public_transport":"station"},"source":"mapped_osm_feature","source_id":"osm_western_zone_20260915","source_sha256":"c335a72cadfebc3ffde5cfff20fc9711f3112bc11000d43fde4daea10c36b53e","status":"unverified_operation_and_station_identity"},"type":"Feature"},{"geometry":{"coordinates":[[[[72.832757,18.9879674],[72.8327571,18.9879557],[72.8327609,18.9874071],[72.8327509,18.9855445],[72.8327507,18.9855174],[72.8328339,18.9855163],[72.8328335,18.9855462],[72.8328246,18.9861845],[72.8328214,18.9867045],[72.8328214,18.9871397],[72.8328183,18.987717],[72.8328117,18.9879553],[72.8328113,18.9879674],[72.832781,18.9879674],[72.832757,18.9879674]]]],"type":"MultiPolygon"},"id":"way/343275231","properties":{"all_driver_tags":{"bench":"yes","bin":"yes","level":"-1","public_transport":"platform","railway":"platform","ref":"1;2","train":"yes"},"boarding_coordinate_status":"not_derived_from_area","extent_intersection_status":"intersects_research_envelope","geometry_status":"valid","name":"","osm_object_id":"343275231","osm_object_type":"way","selected_tags":{"public_transport":"platform","railway":"platform"},"source":"mapped_osm_feature","source_id":"osm_western_zone_20260915","source_sha256":"c335a72cadfebc3ffde5cfff20fc9711f3112bc11000d43fde4daea10c36b53e","status":"unverified_operation_and_station_identity"},"type":"Feature"},{"geometry":{"coordinates":[[[[72.8327625,18.9781136],[72.832743,18.9765489],[72.8327374,18.9762396],[72.8327263,18.9754118],[72.8327277,18.9750959],[72.8328098,18.9750959],[72.8328336,18.9777426],[72.832837,18.9781156],[72.8327625,18.9781136]]]],"type":"MultiPolygon"},"id":"way/343275233","properties":{"all_driver_tags":{"public_transport":"platform","railway":"platform","ref":"2;3","train":"yes"},"boarding_coordinate_status":"not_derived_from_area","extent_intersection_status":"intersects_research_envelope","geometry_status":"valid","name":"","osm_object_id":"343275233","osm_object_type":"way","selected_tags":{"public_transport":"platform","railway":"platform"},"source":"mapped_osm_feature","source_id":"osm_western_zone_20260915","source_sha256":"c335a72cadfebc3ffde5cfff20fc9711f3112bc11000d43fde4daea10c36b53e","status":"unverified_operation_and_station_identity"},"type":"Feature"},{"geometry":{"coordinates":[[[[72.8321949,19.0050051],[72.8334899,19.0055364],[72.8339913,19.005742],[72.83402,19.0056793],[72.8340551,19.005603],[72.834076,19.0055574],[72.834096,19.0055138],[72.8340996,19.005506],[72.8338628,19.0054089],[72.8338713,19.0053903],[72.8336052,19.0052811],[72.833627,19.0052336],[72.8336476,19.0051888],[72.8336572,19.0051679],[72.8334071,19.0050653],[72.8334221,19.0050326],[72.8334404,19.0049926],[72.833466,19.0049367],[72.8334508,19.0049305],[72.8324226,19.0045087],[72.832397,19.0045646],[72.8323787,19.0046046],[72.8323541,19.0046582],[72.8323335,19.004703],[72.8322996,19.0047769],[72.8322796,19.0048205],[72.8322587,19.0048661],[72.8322236,19.0049424],[72.8321949,19.0050051]]]],"type":"MultiPolygon"},"id":"way/354459600","properties":{"all_driver_tags":{"building":"industrial","railway":"workshop"},"boarding_coordinate_status":"not_derived_from_area","extent_intersection_status":"intersects_research_envelope","geometry_status":"valid","name":"","osm_object_id":"354459600","osm_object_type":"way","selected_tags":{"railway":"workshop"},"source":"mapped_osm_feature","source_id":"osm_western_zone_20260915","source_sha256":"c335a72cadfebc3ffde5cfff20fc9711f3112bc11000d43fde4daea10c36b53e","status":"unverified_operation_and_station_identity"},"type":"Feature"},{"geometry":{"coordinates":[[[[72.8318834,19.0049803],[72.8319389,19.0048593],[72.8319599,19.0048134],[72.8319835,19.0047621],[72.8320057,19.0047137],[72.8320288,19.0046632],[72.8320526,19.0046115],[72.8320765,19.0045594],[72.8321012,19.0045054],[72.8321254,19.0044527],[72.8321499,19.0043994],[72.8321739,19.0043471],[72.832199,19.0042923],[72.832223,19.0042401],[72.8322473,19.004187],[72.8322761,19.0041242],[72.8323003,19.0040715],[72.8323251,19.0040175],[72.8323424,19.0039798],[72.8315133,19.0036398],[72.8314615,19.0037527],[72.8313746,19.0039422],[72.8314474,19.0039721],[72.8313532,19.0041775],[72.8314304,19.0042091],[72.8312492,19.004604],[72.8313614,19.00465],[72.8313165,19.0047478],[72.8318834,19.0049803]]]],"type":"MultiPolygon"},"id":"way/354459625","properties":{"all_driver_tags":{"building":"industrial","railway":"workshop"},"boarding_coordinate_status":"not_derived_from_area","extent_intersection_status":"intersects_research_envelope","geometry_status":"valid","name":"","osm_object_id":"354459625","osm_object_type":"way","selected_tags":{"railway":"workshop"},"source":"mapped_osm_feature","source_id":"osm_western_zone_20260915","source_sha256":"c335a72cadfebc3ffde5cfff20fc9711f3112bc11000d43fde4daea10c36b53e","status":"unverified_operation_and_station_identity"},"type":"Feature"},{"geometry":{"coordinates":[[[[72.8337074,19.0035714],[72.833091,19.0038259],[72.8334875,19.0046843],[72.8335889,19.0046424],[72.833651,19.0046168],[72.8337288,19.0045847],[72.8339179,19.0045066],[72.8340499,19.0047923],[72.8340753,19.0047818],[72.8341376,19.0047561],[72.8341936,19.004733],[72.8342358,19.0047156],[72.8337074,19.0035714]]]],"type":"MultiPolygon"},"id":"way/354459796","properties":{"all_driver_tags":{"building":"industrial","railway":"workshop"},"boarding_coordinate_status":"not_derived_from_area","extent_intersection_status":"intersects_research_envelope","geometry_status":"valid","name":"","osm_object_id":"354459796","osm_object_type":"way","selected_tags":{"railway":"workshop"},"source":"mapped_osm_feature","source_id":"osm_western_zone_20260915","source_sha256":"c335a72cadfebc3ffde5cfff20fc9711f3112bc11000d43fde4daea10c36b53e","status":"unverified_operation_and_station_identity"},"type":"Feature"},{"geometry":{"coordinates":[[[[73.7802087,19.997991],[73.7801483,19.9977087],[73.7807239,19.9976183],[73.7810361,19.9985505],[73.7814867,19.9984144],[73.7815458,19.9985505],[73.7809128,19.998727],[73.7809836,19.9990574],[73.7807278,19.9991104],[73.7805158,19.9980489],[73.7802268,19.9980932],[73.7802087,19.997991]]]],"type":"MultiPolygon"},"id":"way/357509884","properties":{"all_driver_tags":{"amenity":"bus_station","name":"Thakkar Bazzar Bus Stand","operator":"MSRTC"},"boarding_coordinate_status":"not_derived_from_area","extent_intersection_status":"intersects_research_envelope","geometry_status":"valid","name":"Thakkar Bazzar Bus Stand","osm_object_id":"357509884","osm_object_type":"way","selected_tags":{"amenity":"bus_station"},"source":"mapped_osm_feature","source_id":"osm_western_zone_20260915","source_sha256":"c335a72cadfebc3ffde5cfff20fc9711f3112bc11000d43fde4daea10c36b53e","status":"unverified_operation_and_station_identity"},"type":"Feature"},{"geometry":{"coordinates":[[[[73.4078995,18.7496072],[73.4081134,18.7494745],[73.4082692,18.7493941],[73.4086749,18.7492269],[73.4090952,18.7490537],[73.4095447,18.7488685],[73.4097276,18.7487826],[73.4099488,18.748666],[73.409932,18.7486451],[73.4095201,18.7487931],[73.408891,18.7490602],[73.4081967,18.7493688],[73.4077203,18.7496206],[73.4064845,18.7504249],[73.4059343,18.7507841],[73.4060053,18.7508651],[73.4072756,18.750022],[73.4072557,18.7499982],[73.4078995,18.7496072]]]],"type":"MultiPolygon"},"id":"way/359138405","properties":{"all_driver_tags":{"bench":"yes","bin":"yes","lit":"yes","name":"Lonavala","name:hi":"लोनावला","name:mr":"लोणावला","public_transport":"platform","railway":"platform","ref":"1","shelter":"yes","train":"yes"},"boarding_coordinate_status":"not_derived_from_area","extent_intersection_status":"intersects_research_envelope","geometry_status":"valid","name":"Lonavala","osm_object_id":"359138405","osm_object_type":"way","selected_tags":{"public_transport":"platform","railway":"platform"},"source":"mapped_osm_feature","source_id":"osm_western_zone_20260915","source_sha256":"c335a72cadfebc3ffde5cfff20fc9711f3112bc11000d43fde4daea10c36b53e","status":"unverified_operation_and_station_identity"},"type":"Feature"},{"geometry":{"coordinates":[[[[73.7717816,18.6316171],[73.7718482,18.6316097],[73.7718386,18.631533],[73.7717721,18.6315404],[73.7717816,18.6316171]]]],"type":"MultiPolygon"},"id":"way/359575801","properties":{"all_driver_tags":{"amenity":"bus_station","building":"yes","bus":"yes","name":"PK Stop","public_transport":"station"},"boarding_coordinate_status":"not_derived_from_area","extent_intersection_status":"intersects_research_envelope","geometry_status":"valid","name":"PK Stop","osm_object_id":"359575801","osm_object_type":"way","selected_tags":{"amenity":"bus_station","public_transport":"station"},"source":"mapped_osm_feature","source_id":"osm_western_zone_20260915","source_sha256":"c335a72cadfebc3ffde5cfff20fc9711f3112bc11000d43fde4daea10c36b53e","status":"unverified_operation_and_station_identity"},"type":"Feature"},{"geometry":{"coordinates":[[[[73.7823246,18.6282194],[73.7824808,18.6282112],[73.7824468,18.6276269],[73.7822738,18.627636],[73.7822963,18.6280224],[73.7823131,18.6280215],[73.7823246,18.6282194]]]],"type":"MultiPolygon"},"id":"way/360275604","properties":{"all_driver_tags":{"amenity":"bus_station","building":"yes","bus":"yes","check_date":"2026-03-15","internet_access":"no","name":"Chinchwad Bus Station","name:en":"Chinchwad Bus Station","name:mr":"चिंचवड बस स्थानक","network":"PMPML","operator":"PMPML","public_transport":"station"},"boarding_coordinate_status":"not_derived_from_area","extent_intersection_status":"intersects_research_envelope","geometry_status":"valid","name":"Chinchwad Bus Station","osm_object_id":"360275604","osm_object_type":"way","selected_tags":{"amenity":"bus_station","public_transport":"station"},"source":"mapped_osm_feature","source_id":"osm_western_zone_20260915","source_sha256":"c335a72cadfebc3ffde5cfff20fc9711f3112bc11000d43fde4daea10c36b53e","status":"unverified_operation_and_station_identity"},"type":"Feature"},{"geometry":{"coordinates":[[[[72.8902994,19.0684442],[72.8903685,19.0683654],[72.8913517,19.0691626],[72.89249,19.0700788],[72.89253,19.0701117],[72.8929527,19.0704593],[72.8940993,19.0714021],[72.8943028,19.0716271],[72.8944569,19.0718213],[72.8947084,19.0722273],[72.8946239,19.0722748],[72.8945389,19.0721224],[72.8943741,19.0718817],[72.8941717,19.0716446],[72.8940016,19.0714708],[72.8938095,19.071295],[72.8928793,19.0705395],[72.8924556,19.0701954],[72.8902994,19.0684442]]]],"type":"MultiPolygon"},"id":"way/383026091","properties":{"all_driver_tags":{"name":"Lokmanya Tilak Terminus","public_transport":"platform","railway":"platform","ref":"1","train":"yes"},"boarding_coordinate_status":"not_derived_from_area","extent_intersection_status":"intersects_research_envelope","geometry_status":"valid","name":"Lokmanya Tilak Terminus","osm_object_id":"383026091","osm_object_type":"way","selected_tags":{"public_transport":"platform","railway":"platform"},"source":"mapped_osm_feature","source_id":"osm_western_zone_20260915","source_sha256":"c335a72cadfebc3ffde5cfff20fc9711f3112bc11000d43fde4daea10c36b53e","status":"unverified_operation_and_station_identity"},"type":"Feature"},{"geometry":{"coordinates":[[[[72.8455423,19.1195768],[72.8461394,19.119406],[72.8460231,19.1189273],[72.8456127,19.118953],[72.8456629,19.1192175],[72.8455739,19.1194209],[72.8454964,19.1194494],[72.8455423,19.1195768]]]],"type":"MultiPolygon"},"id":"way/384528522","properties":{"all_driver_tags":{"amenity":"bus_station","bus":"yes","name":"Andheri West","public_transport":"station","wheelchair":"yes"},"boarding_coordinate_status":"not_derived_from_area","extent_intersection_status":"intersects_research_envelope","geometry_status":"valid","name":"Andheri West","osm_object_id":"384528522","osm_object_type":"way","selected_tags":{"amenity":"bus_station","public_transport":"station"},"source":"mapped_osm_feature","source_id":"osm_western_zone_20260915","source_sha256":"c335a72cadfebc3ffde5cfff20fc9711f3112bc11000d43fde4daea10c36b53e","status":"unverified_operation_and_station_identity"},"type":"Feature"},{"geometry":{"coordinates":[[[[72.9152286,19.0542615],[72.9155621,19.054644],[72.9156954,19.0545506],[72.9158357,19.0546984],[72.9163001,19.0543724],[72.9158748,19.0537682],[72.9152286,19.0542615]]]],"type":"MultiPolygon"},"id":"way/384538412","properties":{"all_driver_tags":{"amenity":"bus_station","bus":"yes","name":"Govandi Bus Depot","public_transport":"station"},"boarding_coordinate_status":"not_derived_from_area","extent_intersection_status":"intersects_research_envelope","geometry_status":"valid","name":"Govandi Bus Depot","osm_object_id":"384538412","osm_object_type":"way","selected_tags":{"amenity":"bus_station","public_transport":"station"},"source":"mapped_osm_feature","source_id":"osm_western_zone_20260915","source_sha256":"c335a72cadfebc3ffde5cfff20fc9711f3112bc11000d43fde4daea10c36b53e","status":"unverified_operation_and_station_identity"},"type":"Feature"},{"geometry":{"coordinates":[[[[73.3882645,19.5857442],[73.3882808,19.5857311],[73.3883202,19.5857738],[73.3883063,19.5857836],[73.3882645,19.5857442]]]],"type":"MultiPolygon"},"id":"way/388843845","properties":{"all_driver_tags":{"amenity":"bus_station","name":"Khardi Bus Stop"},"boarding_coordinate_status":"not_derived_from_area","extent_intersection_status":"intersects_research_envelope","geometry_status":"valid","name":"Khardi Bus Stop","osm_object_id":"388843845","osm_object_type":"way","selected_tags":{"amenity":"bus_station"},"source":"mapped_osm_feature","source_id":"osm_western_zone_20260915","source_sha256":"c335a72cadfebc3ffde5cfff20fc9711f3112bc11000d43fde4daea10c36b53e","status":"unverified_operation_and_station_identity"},"type":"Feature"},{"geometry":{"coordinates":[[[[73.3889811,19.58607],[73.3889554,19.5860314],[73.3889827,19.5860115],[73.3890099,19.58605],[73.3889811,19.58607]]]],"type":"MultiPolygon"},"id":"way/388843846","properties":{"all_driver_tags":{"amenity":"bus_station","building":"yes","name":"Bas Stop"},"boarding_coordinate_status":"not_derived_from_area","extent_intersection_status":"intersects_research_envelope","geometry_status":"valid","name":"Bas Stop","osm_object_id":"388843846","osm_object_type":"way","selected_tags":{"amenity":"bus_station"},"source":"mapped_osm_feature","source_id":"osm_western_zone_20260915","source_sha256":"c335a72cadfebc3ffde5cfff20fc9711f3112bc11000d43fde4daea10c36b53e","status":"unverified_operation_and_station_identity"},"type":"Feature"},{"geometry":{"coordinates":[[[[72.9286493,19.0659359],[72.9293828,19.0656045],[72.9296577,19.066148],[72.9289243,19.0664794],[72.9286493,19.0659359]]]],"type":"MultiPolygon"},"id":"way/395230147","properties":{"all_driver_tags":{"amenity":"bus_station","bus":"yes","name":"Shivaji Nagar Bus Depot","public_transport":"station"},"boarding_coordinate_status":"not_derived_from_area","extent_intersection_status":"intersects_research_envelope","geometry_status":"valid","name":"Shivaji Nagar Bus Depot","osm_object_id":"395230147","osm_object_type":"way","selected_tags":{"amenity":"bus_station","public_transport":"station"},"source":"mapped_osm_feature","source_id":"osm_western_zone_20260915","source_sha256":"c335a72cadfebc3ffde5cfff20fc9711f3112bc11000d43fde4daea10c36b53e","status":"unverified_operation_and_station_identity"},"type":"Feature"},{"geometry":{"coordinates":[[[[73.065759,19.3013911],[73.0645757,19.301875],[73.0645392,19.3023207],[73.0644766,19.3029367],[73.0650106,19.3029208],[73.0659284,19.3029664],[73.0659249,19.3023086],[73.0658407,19.3018337],[73.065759,19.3013911]]]],"type":"MultiPolygon"},"id":"way/395236559","properties":{"all_driver_tags":{"amenity":"bus_station","bus":"yes","public_transport":"station"},"boarding_coordinate_status":"not_derived_from_area","extent_intersection_status":"intersects_research_envelope","geometry_status":"valid","name":"","osm_object_id":"395236559","osm_object_type":"way","selected_tags":{"amenity":"bus_station","public_transport":"station"},"source":"mapped_osm_feature","source_id":"osm_western_zone_20260915","source_sha256":"c335a72cadfebc3ffde5cfff20fc9711f3112bc11000d43fde4daea10c36b53e","status":"unverified_operation_and_station_identity"},"type":"Feature"},{"geometry":{"coordinates":[[[[72.8309209,19.3821371],[72.8311574,19.3822416],[72.8315952,19.3821277],[72.8317663,19.3818523],[72.8311977,19.381558],[72.8309209,19.3821371]]]],"type":"MultiPolygon"},"id":"way/395589068","properties":{"all_driver_tags":{"amenity":"bus_station","bus":"yes","public_transport":"station"},"boarding_coordinate_status":"not_derived_from_area","extent_intersection_status":"intersects_research_envelope","geometry_status":"valid","name":"","osm_object_id":"395589068","osm_object_type":"way","selected_tags":{"amenity":"bus_station","public_transport":"station"},"source":"mapped_osm_feature","source_id":"osm_western_zone_20260915","source_sha256":"c335a72cadfebc3ffde5cfff20fc9711f3112bc11000d43fde4daea10c36b53e","status":"unverified_operation_and_station_identity"},"type":"Feature"},{"geometry":{"coordinates":[[[[73.7796203,18.5416098],[73.7793883,18.5412385],[73.7785695,18.5418533],[73.778713,18.5420623],[73.7796203,18.5416098]]]],"type":"MultiPolygon"},"id":"way/395901738","properties":{"all_driver_tags":{"addr:city":"Pune","addr:postcode":"411021","addr:street":"Sus-Sutarwadi Service Road","amenity":"bus_station","bus":"yes","layer":"-1","name":"Sutarwadi Bus Terminus","operator":"PMPML","public_transport":"station"},"boarding_coordinate_status":"not_derived_from_area","extent_intersection_status":"intersects_research_envelope","geometry_status":"valid","name":"Sutarwadi Bus Terminus","osm_object_id":"395901738","osm_object_type":"way","selected_tags":{"amenity":"bus_station","public_transport":"station"},"source":"mapped_osm_feature","source_id":"osm_western_zone_20260915","source_sha256":"c335a72cadfebc3ffde5cfff20fc9711f3112bc11000d43fde4daea10c36b53e","status":"unverified_operation_and_station_identity"},"type":"Feature"},{"geometry":{"coordinates":[[[[72.9384034,19.143693],[72.938355,19.143726],[72.9383223,19.1436838],[72.9368774,19.1418206],[72.9367742,19.1416876],[72.9368244,19.1416424],[72.9369326,19.1417828],[72.9383693,19.1436487],[72.9384034,19.143693]]]],"type":"MultiPolygon"},"id":"way/397917013","properties":{"all_driver_tags":{"public_transport":"platform","railway":"platform","ref":"1","train":"yes"},"boarding_coordinate_status":"not_derived_from_area","extent_intersection_status":"intersects_research_envelope","geometry_status":"valid","name":"","osm_object_id":"397917013","osm_object_type":"way","selected_tags":{"public_transport":"platform","railway":"platform"},"source":"mapped_osm_feature","source_id":"osm_western_zone_20260915","source_sha256":"c335a72cadfebc3ffde5cfff20fc9711f3112bc11000d43fde4daea10c36b53e","status":"unverified_operation_and_station_identity"},"type":"Feature"},{"geometry":{"coordinates":[[[[72.9367715,19.1411819],[72.9367998,19.1412181],[72.9385545,19.1434617],[72.9386216,19.1435475],[72.9386813,19.1435116],[72.938612,19.1434234],[72.9368521,19.1411821],[72.9368266,19.1411496],[72.9367715,19.1411819]]]],"type":"MultiPolygon"},"id":"way/397917014","properties":{"all_driver_tags":{"public_transport":"platform","railway":"platform","ref":"4","train":"yes"},"boarding_coordinate_status":"not_derived_from_area","extent_intersection_status":"intersects_research_envelope","geometry_status":"valid","name":"","osm_object_id":"397917014","osm_object_type":"way","selected_tags":{"public_transport":"platform","railway":"platform"},"source":"mapped_osm_feature","source_id":"osm_western_zone_20260915","source_sha256":"c335a72cadfebc3ffde5cfff20fc9711f3112bc11000d43fde4daea10c36b53e","status":"unverified_operation_and_station_identity"},"type":"Feature"},{"geometry":{"coordinates":[[[[72.9365143,19.1410645],[72.9365495,19.141039],[72.9366349,19.1411486],[72.9380094,19.1429113],[72.9384758,19.1435095],[72.9384154,19.1435532],[72.9379505,19.1429441],[72.9369254,19.1416008],[72.936809,19.1414621],[72.9365954,19.1411739],[72.9365143,19.1410645]]]],"type":"MultiPolygon"},"id":"way/397917015","properties":{"all_driver_tags":{"public_transport":"platform","railway":"platform","ref":"2;3","train":"yes"},"boarding_coordinate_status":"not_derived_from_area","extent_intersection_status":"intersects_research_envelope","geometry_status":"valid","name":"","osm_object_id":"397917015","osm_object_type":"way","selected_tags":{"public_transport":"platform","railway":"platform"},"source":"mapped_osm_feature","source_id":"osm_western_zone_20260915","source_sha256":"c335a72cadfebc3ffde5cfff20fc9711f3112bc11000d43fde4daea10c36b53e","status":"unverified_operation_and_station_identity"},"type":"Feature"},{"geometry":{"coordinates":[[[[73.406357,18.7503507],[73.4065342,18.7502202],[73.4068229,18.7499956],[73.4070057,18.7498722],[73.4072288,18.7497408],[73.4080987,18.7492748],[73.4083818,18.7491372],[73.4087896,18.7489668],[73.4091102,18.7488416],[73.4094842,18.7487067],[73.4098114,18.7486029],[73.4100795,18.7485345],[73.4104104,18.7484555],[73.4114295,18.7482223],[73.4114215,18.7481878],[73.4108678,18.7482815],[73.4107178,18.7483135],[73.4097036,18.7485452],[73.4093183,18.748641],[73.4089921,18.7487404],[73.4086621,18.7488629],[73.4082571,18.7490476],[73.4073601,18.7494914],[73.4071576,18.7496166],[73.406927,18.7497861],[73.406702,18.7499778],[73.4063402,18.7503294],[73.406357,18.7503507]]]],"type":"MultiPolygon"},"id":"way/400644798","properties":{"all_driver_tags":{"bench":"yes","bin":"yes","lit":"yes","name":"Lonavala","name:hi":"लोनावला","name:mr":"लोणावला","public_transport":"platform","railway":"platform","ref":"2;3","shelter":"yes","train":"yes"},"boarding_coordinate_status":"not_derived_from_area","extent_intersection_status":"intersects_research_envelope","geometry_status":"valid","name":"Lonavala","osm_object_id":"400644798","osm_object_type":"way","selected_tags":{"public_transport":"platform","railway":"platform"},"source":"mapped_osm_feature","source_id":"osm_western_zone_20260915","source_sha256":"c335a72cadfebc3ffde5cfff20fc9711f3112bc11000d43fde4daea10c36b53e","status":"unverified_operation_and_station_identity"},"type":"Feature"},{"geometry":{"coordinates":[[[[72.8786167,19.0676745],[72.8789059,19.0670375],[72.8789972,19.0670387],[72.8790349,19.0669933],[72.8791834,19.0670912],[72.8789866,19.0674275],[72.8787939,19.0678354],[72.8786812,19.0678905],[72.8786167,19.0676745]]]],"type":"MultiPolygon"},"id":"way/403646143","properties":{"all_driver_tags":{"amenity":"bus_station","bus":"yes","name":"Kurla West","public_transport":"station"},"boarding_coordinate_status":"not_derived_from_area","extent_intersection_status":"intersects_research_envelope","geometry_status":"valid","name":"Kurla West","osm_object_id":"403646143","osm_object_type":"way","selected_tags":{"amenity":"bus_station","public_transport":"station"},"source":"mapped_osm_feature","source_id":"osm_western_zone_20260915","source_sha256":"c335a72cadfebc3ffde5cfff20fc9711f3112bc11000d43fde4daea10c36b53e","status":"unverified_operation_and_station_identity"},"type":"Feature"},{"geometry":{"coordinates":[[[[72.8213695,18.9821656],[72.8214827,18.9817802],[72.8217205,18.9818278],[72.8217717,18.9819098],[72.8218265,18.9819729],[72.8218696,18.9820109],[72.8218104,18.9822636],[72.8213695,18.9821656]]]],"type":"MultiPolygon"},"id":"way/410860444","properties":{"all_driver_tags":{"aeroway":"helipad"},"boarding_coordinate_status":"not_derived_from_area","extent_intersection_status":"intersects_research_envelope","geometry_status":"valid","name":"","osm_object_id":"410860444","osm_object_type":"way","selected_tags":{"aeroway":"helipad"},"source":"mapped_osm_feature","source_id":"osm_western_zone_20260915","source_sha256":"c335a72cadfebc3ffde5cfff20fc9711f3112bc11000d43fde4daea10c36b53e","status":"unverified_operation_and_station_identity"},"type":"Feature"},{"geometry":{"coordinates":[[[[72.8298134,18.9138355],[72.8297735,18.9138344],[72.8297361,18.9138211],[72.8297053,18.9137968],[72.8296851,18.9137653],[72.8296766,18.9137292],[72.8296808,18.9136925],[72.8296971,18.913659],[72.8297239,18.9136322],[72.8297584,18.913615],[72.829797,18.9136091],[72.8298354,18.9136151],[72.8298706,18.9136331],[72.8298976,18.913661],[72.8299135,18.9136958],[72.8299164,18.9137335],[72.8299061,18.9137701],[72.8298836,18.9138014],[72.8298516,18.913824],[72.8298134,18.9138355]]]],"type":"MultiPolygon"},"id":"way/412030032","properties":{"all_driver_tags":{"aeroway":"helipad","name":"H2"},"boarding_coordinate_status":"not_derived_from_area","extent_intersection_status":"intersects_research_envelope","geometry_status":"valid","name":"H2","osm_object_id":"412030032","osm_object_type":"way","selected_tags":{"aeroway":"helipad"},"source":"mapped_osm_feature","source_id":"osm_western_zone_20260915","source_sha256":"c335a72cadfebc3ffde5cfff20fc9711f3112bc11000d43fde4daea10c36b53e","status":"unverified_operation_and_station_identity"},"type":"Feature"},{"geometry":{"coordinates":[[[[72.9280784,19.1106963],[72.9280807,19.11072],[72.928182,19.1117857],[72.9282315,19.112525],[72.9282377,19.1129413],[72.9282403,19.1131192],[72.9283127,19.1131192],[72.9283122,19.1129395],[72.9283109,19.1125167],[72.9282685,19.1117773],[72.9281564,19.1107068],[72.9281541,19.1106843],[72.9280784,19.1106963]]]],"type":"MultiPolygon"},"id":"way/426552459","properties":{"all_driver_tags":{"bench":"yes","bin":"yes","lit":"yes","public_transport":"platform","railway":"platform","ref":"2;3","shelter":"yes","train":"yes"},"boarding_coordinate_status":"not_derived_from_area","extent_intersection_status":"intersects_research_envelope","geometry_status":"valid","name":"","osm_object_id":"426552459","osm_object_type":"way","selected_tags":{"public_transport":"platform","railway":"platform"},"source":"mapped_osm_feature","source_id":"osm_western_zone_20260915","source_sha256":"c335a72cadfebc3ffde5cfff20fc9711f3112bc11000d43fde4daea10c36b53e","status":"unverified_operation_and_station_identity"},"type":"Feature"},{"geometry":{"coordinates":[[[[72.9282251,19.1106728],[72.9282267,19.1106874],[72.928348,19.111784],[72.9283957,19.11252],[72.928393,19.1129465],[72.9283922,19.1130658],[72.9284808,19.1130658],[72.9284821,19.1129517],[72.9284873,19.1125116],[72.9284222,19.1117673],[72.9283123,19.1106771],[72.9283068,19.1106618],[72.9282251,19.1106728]]]],"type":"MultiPolygon"},"id":"way/426552460","properties":{"all_driver_tags":{"bench":"yes","bin":"yes","lit":"yes","public_transport":"platform","railway":"platform","ref":"4","shelter":"yes","train":"yes"},"boarding_coordinate_status":"not_derived_from_area","extent_intersection_status":"intersects_research_envelope","geometry_status":"valid","name":"","osm_object_id":"426552460","osm_object_type":"way","selected_tags":{"public_transport":"platform","railway":"platform"},"source":"mapped_osm_feature","source_id":"osm_western_zone_20260915","source_sha256":"c335a72cadfebc3ffde5cfff20fc9711f3112bc11000d43fde4daea10c36b53e","status":"unverified_operation_and_station_identity"},"type":"Feature"},{"geometry":{"coordinates":[[[[72.839606,18.9607187],[72.8396175,18.9607134],[72.8397122,18.9609101],[72.8396906,18.9609203],[72.8397762,18.9610682],[72.8398983,18.9612379],[72.8400228,18.9613886],[72.8411495,18.9625427],[72.8411102,18.9625753],[72.8399866,18.9614173],[72.8398597,18.9612642],[72.8397374,18.9610909],[72.8396518,18.9609385],[72.8395527,18.9607432],[72.8395673,18.9607365],[72.8395867,18.9607276],[72.839606,18.9607187]]]],"type":"MultiPolygon"},"id":"way/426726197","properties":{"all_driver_tags":{"layer":"1","lit":"yes","public_transport":"platform","railway":"platform","shelter":"yes","train":"yes"},"boarding_coordinate_status":"not_derived_from_area","extent_intersection_status":"intersects_research_envelope","geometry_status":"valid","name":"","osm_object_id":"426726197","osm_object_type":"way","selected_tags":{"public_transport":"platform","railway":"platform"},"source":"mapped_osm_feature","source_id":"osm_western_zone_20260915","source_sha256":"c335a72cadfebc3ffde5cfff20fc9711f3112bc11000d43fde4daea10c36b53e","status":"unverified_operation_and_station_identity"},"type":"Feature"},{"geometry":{"coordinates":[[[[72.8783896,19.0642645],[72.8784467,19.0641913],[72.8784644,19.0642047],[72.8791022,19.0646874],[72.880219,19.0655533],[72.8805289,19.0657935],[72.8804804,19.0658552],[72.8801655,19.0656139],[72.8788567,19.064611],[72.8784122,19.0642812],[72.8783896,19.0642645]]]],"type":"MultiPolygon"},"id":"way/427199218","properties":{"all_driver_tags":{"bench":"yes","bin":"yes","check_date:shelter":"2025-12-16","lit":"yes","public_transport":"platform","railway":"platform","ref":"7;8","shelter":"yes","train":"yes"},"boarding_coordinate_status":"not_derived_from_area","extent_intersection_status":"intersects_research_envelope","geometry_status":"valid","name":"","osm_object_id":"427199218","osm_object_type":"way","selected_tags":{"public_transport":"platform","railway":"platform"},"source":"mapped_osm_feature","source_id":"osm_western_zone_20260915","source_sha256":"c335a72cadfebc3ffde5cfff20fc9711f3112bc11000d43fde4daea10c36b53e","status":"unverified_operation_and_station_identity"},"type":"Feature"},{"geometry":{"coordinates":[[[[72.878147,19.0647042],[72.8782004,19.064644],[72.8782181,19.0646577],[72.8801854,19.0661848],[72.8803832,19.0663384],[72.8803237,19.0664024],[72.8801384,19.066259],[72.8786316,19.0650923],[72.8781654,19.0647189],[72.878147,19.0647042]]]],"type":"MultiPolygon"},"id":"way/427199219","properties":{"all_driver_tags":{"bench":"yes","bin":"yes","check_date:shelter":"2025-12-16","lit":"yes","public_transport":"platform","railway":"platform","ref":"1;2","shelter":"yes","train":"yes"},"boarding_coordinate_status":"not_derived_from_area","extent_intersection_status":"intersects_research_envelope","geometry_status":"valid","name":"","osm_object_id":"427199219","osm_object_type":"way","selected_tags":{"public_transport":"platform","railway":"platform"},"source":"mapped_osm_feature","source_id":"osm_western_zone_20260915","source_sha256":"c335a72cadfebc3ffde5cfff20fc9711f3112bc11000d43fde4daea10c36b53e","status":"unverified_operation_and_station_identity"},"type":"Feature"},{"geometry":{"coordinates":[[[[72.8778184,19.0641064],[72.8778574,19.0640462],[72.8780628,19.0641724],[72.8782627,19.0643034],[72.8783975,19.0643917],[72.878689,19.0645998],[72.879108,19.0649196],[72.8802149,19.0657729],[72.8804153,19.0659275],[72.8803728,19.0659839],[72.8801673,19.0658277],[72.8790361,19.0649681],[72.8783297,19.0644383],[72.8782135,19.0643629],[72.8778184,19.0641064]]]],"type":"MultiPolygon"},"id":"way/427199221","properties":{"all_driver_tags":{"bench":"yes","bin":"yes","check_date:shelter":"2025-12-16","lit":"yes","public_transport":"platform","railway":"platform","ref":"5;6","shelter":"yes","train":"yes"},"boarding_coordinate_status":"not_derived_from_area","extent_intersection_status":"intersects_research_envelope","geometry_status":"valid","name":"","osm_object_id":"427199221","osm_object_type":"way","selected_tags":{"public_transport":"platform","railway":"platform"},"source":"mapped_osm_feature","source_id":"osm_western_zone_20260915","source_sha256":"c335a72cadfebc3ffde5cfff20fc9711f3112bc11000d43fde4daea10c36b53e","status":"unverified_operation_and_station_identity"},"type":"Feature"},{"geometry":{"coordinates":[[[[72.8915442,19.0654949],[72.8894648,19.0659897],[72.88901,19.0661025],[72.8890273,19.0661668],[72.889031,19.0661805],[72.8915652,19.0655729],[72.8915442,19.0654949]]]],"type":"MultiPolygon"},"id":"way/427200317","properties":{"all_driver_tags":{"bench":"yes","bin":"yes","lit":"yes","public_transport":"platform","railway":"platform","ref":"1","shelter":"yes","train":"yes"},"boarding_coordinate_status":"not_derived_from_area","extent_intersection_status":"intersects_research_envelope","geometry_status":"valid","name":"","osm_object_id":"427200317","osm_object_type":"way","selected_tags":{"public_transport":"platform","railway":"platform"},"source":"mapped_osm_feature","source_id":"osm_western_zone_20260915","source_sha256":"c335a72cadfebc3ffde5cfff20fc9711f3112bc11000d43fde4daea10c36b53e","status":"unverified_operation_and_station_identity"},"type":"Feature"},{"geometry":{"coordinates":[[[[72.8495543,19.0266735],[72.8495688,19.0266943],[72.8509127,19.028624],[72.8509302,19.0286491],[72.8509622,19.0286286],[72.850994,19.0286082],[72.8509765,19.0285826],[72.8496488,19.0266406],[72.8496335,19.0266182],[72.8495543,19.0266735]]]],"type":"MultiPolygon"},"id":"way/427202423","properties":{"all_driver_tags":{"public_transport":"platform","railway":"platform","ref":"1;2","train":"yes"},"boarding_coordinate_status":"not_derived_from_area","extent_intersection_status":"intersects_research_envelope","geometry_status":"valid","name":"","osm_object_id":"427202423","osm_object_type":"way","selected_tags":{"public_transport":"platform","railway":"platform"},"source":"mapped_osm_feature","source_id":"osm_western_zone_20260915","source_sha256":"c335a72cadfebc3ffde5cfff20fc9711f3112bc11000d43fde4daea10c36b53e","status":"unverified_operation_and_station_identity"},"type":"Feature"},{"geometry":{"coordinates":[[[[72.8511065,19.028613],[72.8510682,19.0285577],[72.8498857,19.0268512],[72.8496983,19.0265808],[72.849758,19.0265438],[72.8499473,19.0268161],[72.8511323,19.0285207],[72.8511709,19.0285762],[72.8511342,19.0285972],[72.8511065,19.028613]]]],"type":"MultiPolygon"},"id":"way/427202424","properties":{"all_driver_tags":{"public_transport":"platform","railway":"platform","ref":"3;4","train":"yes"},"boarding_coordinate_status":"not_derived_from_area","extent_intersection_status":"intersects_research_envelope","geometry_status":"valid","name":"","osm_object_id":"427202424","osm_object_type":"way","selected_tags":{"public_transport":"platform","railway":"platform"},"source":"mapped_osm_feature","source_id":"osm_western_zone_20260915","source_sha256":"c335a72cadfebc3ffde5cfff20fc9711f3112bc11000d43fde4daea10c36b53e","status":"unverified_operation_and_station_identity"},"type":"Feature"},{"geometry":{"coordinates":[[[[72.832961,18.9777412],[72.8329221,18.97774],[72.832913,18.9770069],[72.832908,18.9761962],[72.8328979,18.9749542],[72.8328967,18.9748104],[72.8329222,18.9748092],[72.832945,18.974955],[72.8329609,18.9754021],[72.8329825,18.9760127],[72.8330093,18.9770063],[72.8330133,18.9772733],[72.8329691,18.9772733],[72.832961,18.9777412]]]],"type":"MultiPolygon"},"id":"way/427203706","properties":{"all_driver_tags":{"public_transport":"platform","railway":"platform","ref":"4","train":"yes"},"boarding_coordinate_status":"not_derived_from_area","extent_intersection_status":"intersects_research_envelope","geometry_status":"valid","name":"","osm_object_id":"427203706","osm_object_type":"way","selected_tags":{"public_transport":"platform","railway":"platform"},"source":"mapped_osm_feature","source_id":"osm_western_zone_20260915","source_sha256":"c335a72cadfebc3ffde5cfff20fc9711f3112bc11000d43fde4daea10c36b53e","status":"unverified_operation_and_station_identity"},"type":"Feature"},{"geometry":{"coordinates":[[[[72.8326486,18.9749525],[72.8326499,18.9754204],[72.832662,18.9773659],[72.8325922,18.9773684],[72.8325896,18.9754128],[72.8325976,18.9749537],[72.8326486,18.9749525]]]],"type":"MultiPolygon"},"id":"way/427203707","properties":{"all_driver_tags":{"public_transport":"platform","railway":"platform","ref":"1","train":"yes"},"boarding_coordinate_status":"not_derived_from_area","extent_intersection_status":"intersects_research_envelope","geometry_status":"valid","name":"","osm_object_id":"427203707","osm_object_type":"way","selected_tags":{"public_transport":"platform","railway":"platform"},"source":"mapped_osm_feature","source_id":"osm_western_zone_20260915","source_sha256":"c335a72cadfebc3ffde5cfff20fc9711f3112bc11000d43fde4daea10c36b53e","status":"unverified_operation_and_station_identity"},"type":"Feature"},{"geometry":{"coordinates":[[[[72.8232568,18.9810786],[72.8231797,18.9811164],[72.8234417,18.9815113],[72.8236493,18.9817915],[72.8238921,18.9821193],[72.824406,18.9828103],[72.824744,18.9833213],[72.8247842,18.9832911],[72.8246108,18.9829644],[72.8244848,18.9827843],[72.8244035,18.9826682],[72.8239648,18.98206],[72.8237406,18.9817492],[72.8232568,18.9810786]]]],"type":"MultiPolygon"},"id":"way/427204418","properties":{"all_driver_tags":{"bench":"yes","bin":"yes","covered":"yes","departures_board":"realtime","name":"Platform 1,2","operator":"Western line (Mumbai Suburban Railway)","passenger_information_display":"yes","public_transport":"platform","railway":"platform","ref":"1;2","train":"yes"},"boarding_coordinate_status":"not_derived_from_area","extent_intersection_status":"intersects_research_envelope","geometry_status":"valid","name":"Platform 1,2","osm_object_id":"427204418","osm_object_type":"way","selected_tags":{"public_transport":"platform","railway":"platform"},"source":"mapped_osm_feature","source_id":"osm_western_zone_20260915","source_sha256":"c335a72cadfebc3ffde5cfff20fc9711f3112bc11000d43fde4daea10c36b53e","status":"unverified_operation_and_station_identity"},"type":"Feature"},{"geometry":{"coordinates":[[[[72.9097971,19.0868799],[72.9097565,19.0869302],[72.9095467,19.0868022],[72.9081385,19.0859431],[72.9079552,19.0858313],[72.9071238,19.0853256],[72.9071679,19.0852512],[72.9076461,19.0855474],[72.9095836,19.0867477],[72.9097971,19.0868799]]]],"type":"MultiPolygon"},"id":"way/427212691","properties":{"all_driver_tags":{"bench":"yes","bin":"yes","lit":"yes","name":"Platform 1","public_transport":"platform","railway":"platform","ref":"1","shelter":"yes","train":"yes"},"boarding_coordinate_status":"not_derived_from_area","extent_intersection_status":"intersects_research_envelope","geometry_status":"valid","name":"Platform 1","osm_object_id":"427212691","osm_object_type":"way","selected_tags":{"public_transport":"platform","railway":"platform"},"source":"mapped_osm_feature","source_id":"osm_western_zone_20260915","source_sha256":"c335a72cadfebc3ffde5cfff20fc9711f3112bc11000d43fde4daea10c36b53e","status":"unverified_operation_and_station_identity"},"type":"Feature"},{"geometry":{"coordinates":[[[[72.9066937,19.0846156],[72.906665,19.0846563],[72.9067794,19.084727],[72.9093501,19.0863148],[72.9095509,19.0864388],[72.9095825,19.0863914],[72.9093862,19.0862676],[72.9072304,19.0849075],[72.9068034,19.0846753],[72.9066937,19.0846156]]]],"type":"MultiPolygon"},"id":"way/427212692","properties":{"all_driver_tags":{"bench":"yes","bin":"yes","lit":"yes","name":"Platform 4","public_transport":"platform","railway":"platform","ref":"4","shelter":"yes","train":"yes"},"boarding_coordinate_status":"not_derived_from_area","extent_intersection_status":"intersects_research_envelope","geometry_status":"valid","name":"Platform 4","osm_object_id":"427212692","osm_object_type":"way","selected_tags":{"public_transport":"platform","railway":"platform"},"source":"mapped_osm_feature","source_id":"osm_western_zone_20260915","source_sha256":"c335a72cadfebc3ffde5cfff20fc9711f3112bc11000d43fde4daea10c36b53e","status":"unverified_operation_and_station_identity"},"type":"Feature"},{"geometry":{"coordinates":[[[[72.9094473,19.0864749],[72.9094195,19.0865231],[72.908995,19.0862632],[72.907404,19.0852891],[72.906239,19.0845758],[72.9062633,19.084532],[72.9069347,19.0849138],[72.9071852,19.0850563],[72.9090257,19.0862105],[72.9094473,19.0864749]]]],"type":"MultiPolygon"},"id":"way/427212693","properties":{"all_driver_tags":{"bench":"yes","bin":"yes","lit":"yes","name":"Platform 2/3","public_transport":"platform","railway":"platform","ref":"2;3","shelter":"yes","train":"yes"},"boarding_coordinate_status":"not_derived_from_area","extent_intersection_status":"intersects_research_envelope","geometry_status":"valid","name":"Platform 2/3","osm_object_id":"427212693","osm_object_type":"way","selected_tags":{"public_transport":"platform","railway":"platform"},"source":"mapped_osm_feature","source_id":"osm_western_zone_20260915","source_sha256":"c335a72cadfebc3ffde5cfff20fc9711f3112bc11000d43fde4daea10c36b53e","status":"unverified_operation_and_station_identity"},"type":"Feature"},{"geometry":{"coordinates":[[[[72.8965025,19.0788147],[72.8964681,19.0788534],[72.8965071,19.0788874],[72.8970292,19.0793434],[72.8977947,19.0799154],[72.8982436,19.0802155],[72.898429,19.0803395],[72.8984405,19.0803204],[72.8984573,19.0803052],[72.8982821,19.0801716],[72.8965449,19.078847],[72.8965025,19.0788147]]]],"type":"MultiPolygon"},"id":"way/427232170","properties":{"all_driver_tags":{"addr:city":"mumbai","addr:postcode":"400086","addr:street":"Station Road","bench":"yes","bin":"yes","lit":"yes","public_transport":"platform","railway":"platform","ref":"1;2","shelter":"yes","train":"yes"},"boarding_coordinate_status":"not_derived_from_area","extent_intersection_status":"intersects_research_envelope","geometry_status":"valid","name":"","osm_object_id":"427232170","osm_object_type":"way","selected_tags":{"public_transport":"platform","railway":"platform"},"source":"mapped_osm_feature","source_id":"osm_western_zone_20260915","source_sha256":"c335a72cadfebc3ffde5cfff20fc9711f3112bc11000d43fde4daea10c36b53e","status":"unverified_operation_and_station_identity"},"type":"Feature"},{"geometry":{"coordinates":[[[[72.8579754,19.0317205],[72.857726,19.031929],[72.8574664,19.0321215],[72.8570676,19.0323926],[72.8565773,19.0326684],[72.8563466,19.0327919],[72.8563754,19.0328384],[72.8566095,19.0327198],[72.8571219,19.0324278],[72.8575258,19.0321536],[72.8577769,19.0319675],[72.858011,19.031767],[72.8579754,19.0317205]]]],"type":"MultiPolygon"},"id":"way/427245952","properties":{"all_driver_tags":{"public_transport":"platform","railway":"platform","ref":"2","train":"yes"},"boarding_coordinate_status":"not_derived_from_area","extent_intersection_status":"intersects_research_envelope","geometry_status":"valid","name":"","osm_object_id":"427245952","osm_object_type":"way","selected_tags":{"public_transport":"platform","railway":"platform"},"source":"mapped_osm_feature","source_id":"osm_western_zone_20260915","source_sha256":"c335a72cadfebc3ffde5cfff20fc9711f3112bc11000d43fde4daea10c36b53e","status":"unverified_operation_and_station_identity"},"type":"Feature"},{"geometry":{"coordinates":[[[[72.857899,19.0316531],[72.8578549,19.0316082],[72.8575834,19.0318312],[72.8573697,19.032014],[72.856993,19.0322803],[72.8567521,19.0324294],[72.8563296,19.032654],[72.856355,19.0326973],[72.8567775,19.0324711],[72.8570184,19.032314],[72.8573934,19.0320541],[72.8576326,19.0318681],[72.857899,19.0316531]]]],"type":"MultiPolygon"},"id":"way/427245953","properties":{"all_driver_tags":{"public_transport":"platform","railway":"platform","ref":"1","train":"yes"},"boarding_coordinate_status":"not_derived_from_area","extent_intersection_status":"intersects_research_envelope","geometry_status":"valid","name":"","osm_object_id":"427245953","osm_object_type":"way","selected_tags":{"public_transport":"platform","railway":"platform"},"source":"mapped_osm_feature","source_id":"osm_western_zone_20260915","source_sha256":"c335a72cadfebc3ffde5cfff20fc9711f3112bc11000d43fde4daea10c36b53e","status":"unverified_operation_and_station_identity"},"type":"Feature"},{"geometry":{"coordinates":[[[[72.8650677,19.0387807],[72.8649858,19.0388453],[72.8632776,19.0369098],[72.8633596,19.0368452],[72.8642291,19.0378431],[72.8650677,19.0387807]]]],"type":"MultiPolygon"},"id":"way/427248431","properties":{"all_driver_tags":{"bench":"yes","lit":"yes","name":"Harbour Line","public_transport":"platform","railway":"platform","shelter":"yes","train":"yes"},"boarding_coordinate_status":"not_derived_from_area","extent_intersection_status":"intersects_research_envelope","geometry_status":"valid","name":"Harbour Line","osm_object_id":"427248431","osm_object_type":"way","selected_tags":{"public_transport":"platform","railway":"platform"},"source":"mapped_osm_feature","source_id":"osm_western_zone_20260915","source_sha256":"c335a72cadfebc3ffde5cfff20fc9711f3112bc11000d43fde4daea10c36b53e","status":"unverified_operation_and_station_identity"},"type":"Feature"},{"geometry":{"coordinates":[[[[72.8691789,19.0512266],[72.8691575,19.0508488],[72.8692353,19.0502556],[72.8691736,19.050248],[72.8691012,19.0508311],[72.869057,19.0512136],[72.8690374,19.0516852],[72.8690636,19.0523361],[72.8690881,19.0526794],[72.8692044,19.0526755],[72.8691763,19.0522179],[72.8691602,19.0516754],[72.8691789,19.0512266]]]],"type":"MultiPolygon"},"id":"way/427248432","properties":{"all_driver_tags":{"public_transport":"platform","railway":"platform","ref":"2","shelter":"yes","train":"yes"},"boarding_coordinate_status":"not_derived_from_area","extent_intersection_status":"intersects_research_envelope","geometry_status":"valid","name":"","osm_object_id":"427248432","osm_object_type":"way","selected_tags":{"public_transport":"platform","railway":"platform"},"source":"mapped_osm_feature","source_id":"osm_western_zone_20260915","source_sha256":"c335a72cadfebc3ffde5cfff20fc9711f3112bc11000d43fde4daea10c36b53e","status":"unverified_operation_and_station_identity"},"type":"Feature"},{"geometry":{"coordinates":[[[[72.847027,19.0399121],[72.8462494,19.0416211],[72.8461991,19.0416037],[72.8465906,19.0407642],[72.8467304,19.0404479],[72.8467387,19.0404286],[72.8468207,19.0402457],[72.8467898,19.0402333],[72.8469507,19.0398831],[72.8469549,19.0398609],[72.8469761,19.0398692],[72.8470733,19.0396497],[72.8471068,19.039567],[72.8470671,19.0395503],[72.8471369,19.0393049],[72.8472287,19.0393291],[72.8471545,19.0395762],[72.8471059,19.0397023],[72.8470512,19.039835],[72.847027,19.0399121]]]],"type":"MultiPolygon"},"id":"way/427250229","properties":{"all_driver_tags":{"name":"Platform 1","public_transport":"platform","railway":"platform","ref":"1","train":"yes"},"boarding_coordinate_status":"not_derived_from_area","extent_intersection_status":"intersects_research_envelope","geometry_status":"valid","name":"Platform 1","osm_object_id":"427250229","osm_object_type":"way","selected_tags":{"public_transport":"platform","railway":"platform"},"source":"mapped_osm_feature","source_id":"osm_western_zone_20260915","source_sha256":"c335a72cadfebc3ffde5cfff20fc9711f3112bc11000d43fde4daea10c36b53e","status":"unverified_operation_and_station_identity"},"type":"Feature"},{"geometry":{"coordinates":[[[[72.8472931,19.0398794],[72.8471244,19.0402761],[72.8464691,19.0417408],[72.8465071,19.0417582],[72.8471711,19.0402918],[72.8473456,19.0398993],[72.8472931,19.0398794]]]],"type":"MultiPolygon"},"id":"way/427250230","properties":{"all_driver_tags":{"disused:public_transport":"platform","public_transport":"platform","railway":"platform"},"boarding_coordinate_status":"not_derived_from_area","extent_intersection_status":"intersects_research_envelope","geometry_status":"valid","name":"","osm_object_id":"427250230","osm_object_type":"way","selected_tags":{"public_transport":"platform","railway":"platform"},"source":"mapped_osm_feature","source_id":"osm_western_zone_20260915","source_sha256":"c335a72cadfebc3ffde5cfff20fc9711f3112bc11000d43fde4daea10c36b53e","status":"unverified_operation_and_station_identity"},"type":"Feature"},{"geometry":{"coordinates":[[[[72.8473112,19.0393619],[72.8472481,19.0395486],[72.8471833,19.0397402],[72.8471171,19.0398999],[72.8470948,19.0399538],[72.8463363,19.0416566],[72.8463774,19.0416751],[72.8464066,19.0416886],[72.8470579,19.0402481],[72.8471852,19.0399297],[72.847196,19.0399033],[72.8472865,19.0396556],[72.8472894,19.0396475],[72.8473178,19.0395617],[72.8473777,19.0393811],[72.8473112,19.0393619]]]],"type":"MultiPolygon"},"id":"way/427250237","properties":{"all_driver_tags":{"name":"Platform 2,3","public_transport":"platform","railway":"platform","ref":"2;3","train":"yes"},"boarding_coordinate_status":"not_derived_from_area","extent_intersection_status":"intersects_research_envelope","geometry_status":"valid","name":"Platform 2,3","osm_object_id":"427250237","osm_object_type":"way","selected_tags":{"public_transport":"platform","railway":"platform"},"source":"mapped_osm_feature","source_id":"osm_western_zone_20260915","source_sha256":"c335a72cadfebc3ffde5cfff20fc9711f3112bc11000d43fde4daea10c36b53e","status":"unverified_operation_and_station_identity"},"type":"Feature"},{"geometry":{"coordinates":[[[[72.8428249,18.9857321],[72.8429648,18.9860342],[72.8431064,18.9862727],[72.8432653,18.9864948],[72.8435348,18.986792],[72.8437731,18.9870142],[72.8439406,18.9871464],[72.8439683,18.9871138],[72.8437956,18.9869733],[72.8435658,18.9867561],[72.8433068,18.9864621],[72.843141,18.9862319],[72.8430045,18.9860065],[72.8428732,18.9857174],[72.8428249,18.9857321]]]],"type":"MultiPolygon"},"id":"way/427265503","properties":{"all_driver_tags":{"bench":"yes","bin":"yes","lit":"yes","public_transport":"platform","railway":"platform","shelter":"yes","train":"yes"},"boarding_coordinate_status":"not_derived_from_area","extent_intersection_status":"intersects_research_envelope","geometry_status":"valid","name":"","osm_object_id":"427265503","osm_object_type":"way","selected_tags":{"public_transport":"platform","railway":"platform"},"source":"mapped_osm_feature","source_id":"osm_western_zone_20260915","source_sha256":"c335a72cadfebc3ffde5cfff20fc9711f3112bc11000d43fde4daea10c36b53e","status":"unverified_operation_and_station_identity"},"type":"Feature"},{"geometry":{"coordinates":[[[[72.8427385,18.9857386],[72.8426815,18.9857615],[72.8428318,18.9860685],[72.8429907,18.9863298],[72.8431461,18.9865536],[72.8434208,18.9868574],[72.8436729,18.9870991],[72.8438543,18.9872412],[72.8438923,18.9871938],[72.8437109,18.9870452],[72.8434605,18.98681],[72.8431928,18.9865079],[72.843027,18.9862841],[72.8428853,18.9860522],[72.8427385,18.9857386]]]],"type":"MultiPolygon"},"id":"way/427265504","properties":{"all_driver_tags":{"bench":"yes","bin":"yes","lit":"yes","public_transport":"platform","railway":"platform","shelter":"yes"},"boarding_coordinate_status":"not_derived_from_area","extent_intersection_status":"intersects_research_envelope","geometry_status":"valid","name":"","osm_object_id":"427265504","osm_object_type":"way","selected_tags":{"public_transport":"platform","railway":"platform"},"source":"mapped_osm_feature","source_id":"osm_western_zone_20260915","source_sha256":"c335a72cadfebc3ffde5cfff20fc9711f3112bc11000d43fde4daea10c36b53e","status":"unverified_operation_and_station_identity"},"type":"Feature"},{"geometry":{"coordinates":[[[[72.8540095,18.9973394],[72.8539563,18.9973631],[72.8545759,18.9987286],[72.8547011,18.9990466],[72.8549013,18.9996043],[72.8549561,18.999591],[72.8547621,18.9990096],[72.8546369,18.9987019],[72.8540095,18.9973394]]]],"type":"MultiPolygon"},"id":"way/427265505","properties":{"all_driver_tags":{"bench":"yes","bin":"yes","lit":"yes","public_transport":"platform","railway":"platform","shelter":"yes","train":"yes"},"boarding_coordinate_status":"not_derived_from_area","extent_intersection_status":"intersects_research_envelope","geometry_status":"valid","name":"","osm_object_id":"427265505","osm_object_type":"way","selected_tags":{"public_transport":"platform","railway":"platform"},"source":"mapped_osm_feature","source_id":"osm_western_zone_20260915","source_sha256":"c335a72cadfebc3ffde5cfff20fc9711f3112bc11000d43fde4daea10c36b53e","status":"unverified_operation_and_station_identity"},"type":"Feature"},{"geometry":{"coordinates":[[[[72.8538672,18.9974001],[72.8538171,18.9974179],[72.8544356,18.9987782],[72.8545697,18.9990984],[72.8547496,18.9996236],[72.854809,18.9996073],[72.8546229,18.9990747],[72.8544966,18.998756],[72.8538672,18.9974001]]]],"type":"MultiPolygon"},"id":"way/427265506","properties":{"all_driver_tags":{"bench":"yes","bin":"yes","lit":"yes","public_transport":"platform","railway":"platform","shelter":"yes"},"boarding_coordinate_status":"not_derived_from_area","extent_intersection_status":"intersects_research_envelope","geometry_status":"valid","name":"","osm_object_id":"427265506","osm_object_type":"way","selected_tags":{"public_transport":"platform","railway":"platform"},"source":"mapped_osm_feature","source_id":"osm_western_zone_20260915","source_sha256":"c335a72cadfebc3ffde5cfff20fc9711f3112bc11000d43fde4daea10c36b53e","status":"unverified_operation_and_station_identity"},"type":"Feature"},{"geometry":{"coordinates":[[[[72.8444412,18.9671739],[72.8444062,18.9668756],[72.8443683,18.9666528],[72.8443052,18.9664221],[72.8442127,18.9661476],[72.8441159,18.9659222],[72.8440066,18.9657233],[72.8438958,18.9655483],[72.8439547,18.9655178],[72.8440739,18.9657167],[72.8441762,18.9659103],[72.8442632,18.9661463],[72.8443529,18.9664208],[72.8444174,18.9666236],[72.8444594,18.9668729],[72.8444917,18.9671699],[72.8444412,18.9671739]]]],"type":"MultiPolygon"},"id":"way/427266381","properties":{"all_driver_tags":{"public_transport":"platform","railway":"platform","train":"yes"},"boarding_coordinate_status":"not_derived_from_area","extent_intersection_status":"intersects_research_envelope","geometry_status":"valid","name":"","osm_object_id":"427266381","osm_object_type":"way","selected_tags":{"public_transport":"platform","railway":"platform"},"source":"mapped_osm_feature","source_id":"osm_western_zone_20260915","source_sha256":"c335a72cadfebc3ffde5cfff20fc9711f3112bc11000d43fde4daea10c36b53e","status":"unverified_operation_and_station_identity"},"type":"Feature"},{"geometry":{"coordinates":[[[[72.8443529,18.967333],[72.8443445,18.9671686],[72.8443122,18.9668901],[72.8442674,18.9666475],[72.8442169,18.9664353],[72.8441272,18.9661728],[72.844029,18.9659447],[72.8439112,18.9657379],[72.843865,18.9656716],[72.8438215,18.9656981],[72.843879,18.9657763],[72.8439869,18.965966],[72.8440809,18.9661887],[72.8441174,18.966295],[72.8441706,18.9664499],[72.8442183,18.9666554],[72.8442646,18.9668875],[72.8442836,18.9671676],[72.8442934,18.9673357],[72.8443529,18.967333]]]],"type":"MultiPolygon"},"id":"way/427266384","properties":{"all_driver_tags":{"public_transport":"platform","railway":"platform"},"boarding_coordinate_status":"not_derived_from_area","extent_intersection_status":"intersects_research_envelope","geometry_status":"valid","name":"","osm_object_id":"427266384","osm_object_type":"way","selected_tags":{"public_transport":"platform","railway":"platform"},"source":"mapped_osm_feature","source_id":"osm_western_zone_20260915","source_sha256":"c335a72cadfebc3ffde5cfff20fc9711f3112bc11000d43fde4daea10c36b53e","status":"unverified_operation_and_station_identity"},"type":"Feature"},{"geometry":{"coordinates":[[[[72.8443861,18.976584],[72.8438286,18.9788731],[72.8437591,18.9788582],[72.8443167,18.9765703],[72.8443861,18.976584]]]],"type":"MultiPolygon"},"id":"way/427266387","properties":{"all_driver_tags":{"bench":"yes","bin":"yes","lit":"yes","operator":"CR","public_transport":"platform","railway":"platform","ref":"1","shelter":"yes","train":"yes"},"boarding_coordinate_status":"not_derived_from_area","extent_intersection_status":"intersects_research_envelope","geometry_status":"valid","name":"","osm_object_id":"427266387","osm_object_type":"way","selected_tags":{"public_transport":"platform","railway":"platform"},"source":"mapped_osm_feature","source_id":"osm_western_zone_20260915","source_sha256":"c335a72cadfebc3ffde5cfff20fc9711f3112bc11000d43fde4daea10c36b53e","status":"unverified_operation_and_station_identity"},"type":"Feature"},{"geometry":{"coordinates":[[[[72.8445759,18.9766242],[72.8440183,18.9789135],[72.8439367,18.978896],[72.8444943,18.9766081],[72.8445759,18.9766242]]]],"type":"MultiPolygon"},"id":"way/427266390","properties":{"all_driver_tags":{"bench":"yes","bin":"yes","lit":"yes","operator":"CR","public_transport":"platform","railway":"platform","ref":"2","shelter":"yes","train":"yes"},"boarding_coordinate_status":"not_derived_from_area","extent_intersection_status":"intersects_research_envelope","geometry_status":"valid","name":"","osm_object_id":"427266390","osm_object_type":"way","selected_tags":{"public_transport":"platform","railway":"platform"},"source":"mapped_osm_feature","source_id":"osm_western_zone_20260915","source_sha256":"c335a72cadfebc3ffde5cfff20fc9711f3112bc11000d43fde4daea10c36b53e","status":"unverified_operation_and_station_identity"},"type":"Feature"},{"geometry":{"coordinates":[[[[72.8276398,18.9342151],[72.8273844,18.9355161],[72.8273297,18.9358646],[72.8271963,18.9373175],[72.8271637,18.9373163],[72.8272949,18.935863],[72.8273477,18.9355082],[72.8276128,18.9342098],[72.8276398,18.9342151]]]],"type":"MultiPolygon"},"id":"way/427271452","properties":{"all_driver_tags":{"bench":"yes","bin":"yes","covered":"yes","departures_board":"realtime","name":"Platform 4","passenger_information_display":"yes","public_transport":"platform","railway":"platform","ref":"4","train":"yes"},"boarding_coordinate_status":"not_derived_from_area","extent_intersection_status":"intersects_research_envelope","geometry_status":"valid","name":"Platform 4","osm_object_id":"427271452","osm_object_type":"way","selected_tags":{"public_transport":"platform","railway":"platform"},"source":"mapped_osm_feature","source_id":"osm_western_zone_20260915","source_sha256":"c335a72cadfebc3ffde5cfff20fc9711f3112bc11000d43fde4daea10c36b53e","status":"unverified_operation_and_station_identity"},"type":"Feature"},{"geometry":{"coordinates":[[[[72.8404467,19.0546166],[72.8397625,19.056632],[72.8397069,19.0566135],[72.840159,19.055264],[72.8403022,19.0548367],[72.8403284,19.0547532],[72.8403682,19.0546262],[72.8403835,19.0545939],[72.8404618,19.0544355],[72.8405304,19.0543359],[72.84055,19.0543417],[72.8405613,19.0543484],[72.8404467,19.0546166]]]],"type":"MultiPolygon"},"id":"way/427281594","properties":{"all_driver_tags":{"bench":"yes","bin":"yes","check_date:shelter":"2024-09-25","departures_board":"realtime","level":"0","lit":"yes","name":"Platform 1","operator":"Western line (Mumbai Suburban Railway)","public_transport":"platform","railway":"platform","ref":"1","shelter":"yes","train":"yes"},"boarding_coordinate_status":"not_derived_from_area","extent_intersection_status":"intersects_research_envelope","geometry_status":"valid","name":"Platform 1","osm_object_id":"427281594","osm_object_type":"way","selected_tags":{"public_transport":"platform","railway":"platform"},"source":"mapped_osm_feature","source_id":"osm_western_zone_20260915","source_sha256":"c335a72cadfebc3ffde5cfff20fc9711f3112bc11000d43fde4daea10c36b53e","status":"unverified_operation_and_station_identity"},"type":"Feature"},{"geometry":{"coordinates":[[[[72.8408014,19.0591132],[72.8406946,19.0591164],[72.8407084,19.0600855],[72.8407005,19.0632596],[72.8407124,19.0636255],[72.8408009,19.0644365],[72.8408333,19.0644365],[72.8408014,19.0591132]]]],"type":"MultiPolygon"},"id":"way/427283163","properties":{"all_driver_tags":{"name":"Bandra Terminus","public_transport":"platform","railway":"platform","ref":"6;7","train":"yes"},"boarding_coordinate_status":"not_derived_from_area","extent_intersection_status":"intersects_research_envelope","geometry_status":"valid","name":"Bandra Terminus","osm_object_id":"427283163","osm_object_type":"way","selected_tags":{"public_transport":"platform","railway":"platform"},"source":"mapped_osm_feature","source_id":"osm_western_zone_20260915","source_sha256":"c335a72cadfebc3ffde5cfff20fc9711f3112bc11000d43fde4daea10c36b53e","status":"unverified_operation_and_station_identity"},"type":"Feature"},{"geometry":{"coordinates":[[[[72.8196766,18.9506998],[72.8197017,18.9507261],[72.8196479,18.9507739],[72.8193763,18.9510154],[72.8176537,18.9523228],[72.8176349,18.9522974],[72.8176212,18.9522789],[72.8193512,18.9509759],[72.8196192,18.9507485],[72.8196766,18.9506998]]]],"type":"MultiPolygon"},"id":"way/427480565","properties":{"all_driver_tags":{"covered":"yes","departures_board":"realtime","name":"Platform 2,3","network":"IR","public_transport":"platform","railway":"platform","ref":"2;3","train":"yes"},"boarding_coordinate_status":"not_derived_from_area","extent_intersection_status":"intersects_research_envelope","geometry_status":"valid","name":"Platform 2,3","osm_object_id":"427480565","osm_object_type":"way","selected_tags":{"public_transport":"platform","railway":"platform"},"source":"mapped_osm_feature","source_id":"osm_western_zone_20260915","source_sha256":"c335a72cadfebc3ffde5cfff20fc9711f3112bc11000d43fde4daea10c36b53e","status":"unverified_operation_and_station_identity"},"type":"Feature"},{"geometry":{"coordinates":[[[[72.8197584,18.9507868],[72.8197863,18.9508132],[72.8197452,18.9508494],[72.8193754,18.9511746],[72.8182351,18.9520435],[72.8180374,18.9521941],[72.8179447,18.9522648],[72.8177411,18.9524108],[72.8177227,18.9523884],[72.8177085,18.9523712],[72.8179942,18.9521549],[72.8181979,18.9520007],[72.8194321,18.9510664],[72.8197127,18.950826],[72.8197584,18.9507868]]]],"type":"MultiPolygon"},"id":"way/427480566","properties":{"all_driver_tags":{"covered":"yes","departures_board":"realtime","name":"Platform 4","network":"IR","public_transport":"platform","railway":"platform","ref":"4","train":"yes"},"boarding_coordinate_status":"not_derived_from_area","extent_intersection_status":"intersects_research_envelope","geometry_status":"valid","name":"Platform 4","osm_object_id":"427480566","osm_object_type":"way","selected_tags":{"public_transport":"platform","railway":"platform"},"source":"mapped_osm_feature","source_id":"osm_western_zone_20260915","source_sha256":"c335a72cadfebc3ffde5cfff20fc9711f3112bc11000d43fde4daea10c36b53e","status":"unverified_operation_and_station_identity"},"type":"Feature"},{"geometry":{"coordinates":[[[[72.8265652,18.9901824],[72.8265956,18.9901705],[72.8266552,18.9901472],[72.8267147,18.990124],[72.8267742,18.9901007],[72.8269628,18.990027],[72.8270107,18.9900081],[72.8270586,18.9899891],[72.8271065,18.9899702],[72.8271544,18.9899513],[72.8272023,18.9899323],[72.8272295,18.9899228],[72.827229,18.9899217],[72.8272502,18.9899134],[72.8273604,18.9898704],[72.8274287,18.9898437],[72.8281111,18.991405],[72.8280544,18.9914271],[72.8282187,18.9918031],[72.8281436,18.9918325],[72.8282973,18.9921841],[72.8282649,18.9921968],[72.8282376,18.9922075],[72.8280298,18.9917322],[72.8279995,18.9917441],[72.8279471,18.9917645],[72.8278947,18.991785],[72.8278423,18.9918055],[72.8277899,18.991826],[72.8277375,18.9918464],[72.8277157,18.991855],[72.8276942,18.9918059],[72.827197,18.9906683],[72.8271602,18.9905839],[72.8270168,18.9906399],[72.8269579,18.9906629],[72.826899,18.990686],[72.8268401,18.990709],[72.8268019,18.9907239],[72.8265652,18.9901824]]]],"type":"MultiPolygon"},"id":"way/430179201","properties":{"all_driver_tags":{"building":"industrial","railway":"workshop"},"boarding_coordinate_status":"not_derived_from_area","extent_intersection_status":"intersects_research_envelope","geometry_status":"valid","name":"","osm_object_id":"430179201","osm_object_type":"way","selected_tags":{"railway":"workshop"},"source":"mapped_osm_feature","source_id":"osm_western_zone_20260915","source_sha256":"c335a72cadfebc3ffde5cfff20fc9711f3112bc11000d43fde4daea10c36b53e","status":"unverified_operation_and_station_identity"},"type":"Feature"},{"geometry":{"coordinates":[[[[72.8268926,18.9911058],[72.827246,18.9919129],[72.8272716,18.9919713],[72.8273494,18.9919409],[72.8273995,18.9919212],[72.8274497,18.9919016],[72.8274999,18.991882],[72.82755,18.9918623],[72.8276281,18.9918318],[72.8271301,18.9906945],[72.8271142,18.9906582],[72.8270378,18.9906881],[72.8269788,18.9907112],[72.8269199,18.9907343],[72.826861,18.9907574],[72.8268256,18.9907712],[72.8269604,18.9910792],[72.8268926,18.9911058]]]],"type":"MultiPolygon"},"id":"way/430179203","properties":{"all_driver_tags":{"building":"industrial","railway":"workshop"},"boarding_coordinate_status":"not_derived_from_area","extent_intersection_status":"intersects_research_envelope","geometry_status":"valid","name":"","osm_object_id":"430179203","osm_object_type":"way","selected_tags":{"railway":"workshop"},"source":"mapped_osm_feature","source_id":"osm_western_zone_20260915","source_sha256":"c335a72cadfebc3ffde5cfff20fc9711f3112bc11000d43fde4daea10c36b53e","status":"unverified_operation_and_station_identity"},"type":"Feature"},{"geometry":{"coordinates":[[[[72.8264875,18.9901807],[72.8264341,18.9902016],[72.8263876,18.9902189],[72.8263412,18.9902362],[72.826172,18.9903042],[72.8265075,18.9910705],[72.8263582,18.991129],[72.8264996,18.991452],[72.8267751,18.9920813],[72.8269815,18.9925525],[72.8272771,18.9924367],[72.8270768,18.9919791],[72.8270926,18.9919729],[72.8271417,18.9919537],[72.8271909,18.9919345],[72.827246,18.9919129],[72.8268926,18.9911058],[72.8264875,18.9901807]]]],"type":"MultiPolygon"},"id":"way/430179204","properties":{"all_driver_tags":{"building":"industrial","railway":"workshop"},"boarding_coordinate_status":"not_derived_from_area","extent_intersection_status":"intersects_research_envelope","geometry_status":"valid","name":"","osm_object_id":"430179204","osm_object_type":"way","selected_tags":{"railway":"workshop"},"source":"mapped_osm_feature","source_id":"osm_western_zone_20260915","source_sha256":"c335a72cadfebc3ffde5cfff20fc9711f3112bc11000d43fde4daea10c36b53e","status":"unverified_operation_and_station_identity"},"type":"Feature"},{"geometry":{"coordinates":[[[[72.8327902,18.9922681],[72.8328656,18.9922677],[72.8328656,18.9922787],[72.8328672,18.9925476],[72.8328748,18.9929876],[72.8328776,18.9932974],[72.832881,18.9934012],[72.832885,18.9935263],[72.8328886,18.9936348],[72.8329036,18.9946591],[72.8329038,18.9946735],[72.8328646,18.9946756],[72.8328243,18.9946773],[72.8328241,18.9946592],[72.8328102,18.9936368],[72.8328051,18.9932979],[72.832801,18.9929933],[72.8327949,18.9925552],[72.8327904,18.9922779],[72.8327902,18.9922681]]]],"type":"MultiPolygon"},"id":"way/430179217","properties":{"all_driver_tags":{"bench":"yes","bin":"yes","lit":"yes","passenger_information_display":"yes","public_transport":"platform","railway":"platform","ref":"1;2","shelter":"yes","train":"yes"},"boarding_coordinate_status":"not_derived_from_area","extent_intersection_status":"intersects_research_envelope","geometry_status":"valid","name":"","osm_object_id":"430179217","osm_object_type":"way","selected_tags":{"public_transport":"platform","railway":"platform"},"source":"mapped_osm_feature","source_id":"osm_western_zone_20260915","source_sha256":"c335a72cadfebc3ffde5cfff20fc9711f3112bc11000d43fde4daea10c36b53e","status":"unverified_operation_and_station_identity"},"type":"Feature"},{"geometry":{"coordinates":[[[[72.8483784,19.119203],[72.8483248,19.1189318],[72.8480472,19.1189369],[72.848019,19.119184],[72.8483784,19.119203]]]],"type":"MultiPolygon"},"id":"way/431427967","properties":{"all_driver_tags":{"amenity":"bus_station","bus":"yes","name":"Andheri East","public_transport":"station"},"boarding_coordinate_status":"not_derived_from_area","extent_intersection_status":"intersects_research_envelope","geometry_status":"valid","name":"Andheri East","osm_object_id":"431427967","osm_object_type":"way","selected_tags":{"amenity":"bus_station","public_transport":"station"},"source":"mapped_osm_feature","source_id":"osm_western_zone_20260915","source_sha256":"c335a72cadfebc3ffde5cfff20fc9711f3112bc11000d43fde4daea10c36b53e","status":"unverified_operation_and_station_identity"},"type":"Feature"},{"geometry":{"coordinates":[[[[72.817077,19.4171274],[72.8170073,19.4172994],[72.8168356,19.4172944],[72.8167498,19.4174158],[72.8167123,19.4177623],[72.8168142,19.4177623],[72.8169161,19.4176789],[72.8180802,19.4178003],[72.8181312,19.4174689],[72.8184342,19.4175043],[72.8184798,19.4172994],[72.8181768,19.4172589],[72.817077,19.4171274]]]],"type":"MultiPolygon"},"id":"way/431447437","properties":{"all_driver_tags":{"amenity":"bus_station","name":"Nalasopara"},"boarding_coordinate_status":"not_derived_from_area","extent_intersection_status":"intersects_research_envelope","geometry_status":"valid","name":"Nalasopara","osm_object_id":"431447437","osm_object_type":"way","selected_tags":{"amenity":"bus_station"},"source":"mapped_osm_feature","source_id":"osm_western_zone_20260915","source_sha256":"c335a72cadfebc3ffde5cfff20fc9711f3112bc11000d43fde4daea10c36b53e","status":"unverified_operation_and_station_identity"},"type":"Feature"},{"geometry":{"coordinates":[[[[72.818516,19.4190815],[72.8184543,19.4190713],[72.8189076,19.4165898],[72.8189666,19.4165974],[72.818516,19.4190815]]]],"type":"MultiPolygon"},"id":"way/431447475","properties":{"all_driver_tags":{"public_transport":"platform","railway":"platform"},"boarding_coordinate_status":"not_derived_from_area","extent_intersection_status":"intersects_research_envelope","geometry_status":"valid","name":"","osm_object_id":"431447475","osm_object_type":"way","selected_tags":{"public_transport":"platform","railway":"platform"},"source":"mapped_osm_feature","source_id":"osm_western_zone_20260915","source_sha256":"c335a72cadfebc3ffde5cfff20fc9711f3112bc11000d43fde4daea10c36b53e","status":"unverified_operation_and_station_identity"},"type":"Feature"},{"geometry":{"coordinates":[[[[72.8185737,19.4192472],[72.8186649,19.4192611],[72.8188379,19.4183947],[72.8192845,19.4158625],[72.8191906,19.4158511],[72.8185737,19.4192472]]]],"type":"MultiPolygon"},"id":"way/431447476","properties":{"all_driver_tags":{"public_transport":"platform","railway":"platform"},"boarding_coordinate_status":"not_derived_from_area","extent_intersection_status":"intersects_research_envelope","geometry_status":"valid","name":"","osm_object_id":"431447476","osm_object_type":"way","selected_tags":{"public_transport":"platform","railway":"platform"},"source":"mapped_osm_feature","source_id":"osm_western_zone_20260915","source_sha256":"c335a72cadfebc3ffde5cfff20fc9711f3112bc11000d43fde4daea10c36b53e","status":"unverified_operation_and_station_identity"},"type":"Feature"},{"geometry":{"coordinates":[[[[72.819308,19.4166043],[72.819257,19.4165955],[72.8189324,19.4183978],[72.8187004,19.4195324],[72.8187434,19.4195387],[72.818978,19.4183991],[72.819308,19.4166043]]]],"type":"MultiPolygon"},"id":"way/431447477","properties":{"all_driver_tags":{"public_transport":"platform","railway":"platform"},"boarding_coordinate_status":"not_derived_from_area","extent_intersection_status":"intersects_research_envelope","geometry_status":"valid","name":"","osm_object_id":"431447477","osm_object_type":"way","selected_tags":{"public_transport":"platform","railway":"platform"},"source":"mapped_osm_feature","source_id":"osm_western_zone_20260915","source_sha256":"c335a72cadfebc3ffde5cfff20fc9711f3112bc11000d43fde4daea10c36b53e","status":"unverified_operation_and_station_identity"},"type":"Feature"},{"geometry":{"coordinates":[[[[72.8393874,19.0538265],[72.8393336,19.0541629],[72.8394111,19.0541716],[72.8397363,19.0542081],[72.8398113,19.0541605],[72.8399147,19.0540559],[72.8400421,19.0540281],[72.8401352,19.053932],[72.8393874,19.0538265]]]],"type":"MultiPolygon"},"id":"way/434887902","properties":{"all_driver_tags":{"amenity":"bus_station","bus":"yes","internet_access":"no","internet_access:fee":"yes","name":"Bandra Bus Station (W)","operator":"BEST","public_transport":"station","wheelchair":"yes"},"boarding_coordinate_status":"not_derived_from_area","extent_intersection_status":"intersects_research_envelope","geometry_status":"valid","name":"Bandra Bus Station (W)","osm_object_id":"434887902","osm_object_type":"way","selected_tags":{"amenity":"bus_station","public_transport":"station"},"source":"mapped_osm_feature","source_id":"osm_western_zone_20260915","source_sha256":"c335a72cadfebc3ffde5cfff20fc9711f3112bc11000d43fde4daea10c36b53e","status":"unverified_operation_and_station_identity"},"type":"Feature"},{"geometry":{"coordinates":[[[[72.8488345,19.0283255],[72.8493926,19.0279681],[72.8489943,19.0274122],[72.8488321,19.0275161],[72.8484518,19.0269854],[72.8482671,19.0271036],[72.8480129,19.0267489],[72.8478949,19.0268244],[72.8480201,19.0269992],[72.8479269,19.0270589],[72.8488345,19.0283255]]]],"type":"MultiPolygon"},"id":"way/434908117","properties":{"all_driver_tags":{"building":"yes","railway":"workshop"},"boarding_coordinate_status":"not_derived_from_area","extent_intersection_status":"intersects_research_envelope","geometry_status":"valid","name":"","osm_object_id":"434908117","osm_object_type":"way","selected_tags":{"railway":"workshop"},"source":"mapped_osm_feature","source_id":"osm_western_zone_20260915","source_sha256":"c335a72cadfebc3ffde5cfff20fc9711f3112bc11000d43fde4daea10c36b53e","status":"unverified_operation_and_station_identity"},"type":"Feature"},{"geometry":{"coordinates":[[[[72.8494996,19.0281944],[72.848957,19.028538],[72.8497402,19.0296435],[72.8502828,19.0292999],[72.8494996,19.0281944]]]],"type":"MultiPolygon"},"id":"way/434908120","properties":{"all_driver_tags":{"building":"yes","railway":"workshop"},"boarding_coordinate_status":"not_derived_from_area","extent_intersection_status":"intersects_research_envelope","geometry_status":"valid","name":"","osm_object_id":"434908120","osm_object_type":"way","selected_tags":{"railway":"workshop"},"source":"mapped_osm_feature","source_id":"osm_western_zone_20260915","source_sha256":"c335a72cadfebc3ffde5cfff20fc9711f3112bc11000d43fde4daea10c36b53e","status":"unverified_operation_and_station_identity"},"type":"Feature"},{"geometry":{"coordinates":[[[[72.8491563,19.0303751],[72.8499204,19.0314537],[72.8500375,19.0313796],[72.8501538,19.0313059],[72.8505027,19.031085],[72.8497386,19.0300064],[72.8493888,19.0302279],[72.8492846,19.0302938],[72.8491563,19.0303751]]]],"type":"MultiPolygon"},"id":"way/434908123","properties":{"all_driver_tags":{"building":"yes","railway":"workshop"},"boarding_coordinate_status":"not_derived_from_area","extent_intersection_status":"intersects_research_envelope","geometry_status":"valid","name":"","osm_object_id":"434908123","osm_object_type":"way","selected_tags":{"railway":"workshop"},"source":"mapped_osm_feature","source_id":"osm_western_zone_20260915","source_sha256":"c335a72cadfebc3ffde5cfff20fc9711f3112bc11000d43fde4daea10c36b53e","status":"unverified_operation_and_station_identity"},"type":"Feature"},{"geometry":{"coordinates":[[[[72.8487688,19.0286396],[72.848434,19.0288506],[72.8483297,19.0289163],[72.8482112,19.028991],[72.8490148,19.0301305],[72.849125,19.0300611],[72.8492205,19.0300009],[72.8495724,19.0297791],[72.8487688,19.0286396]]]],"type":"MultiPolygon"},"id":"way/434908125","properties":{"all_driver_tags":{"building":"yes","railway":"workshop"},"boarding_coordinate_status":"not_derived_from_area","extent_intersection_status":"intersects_research_envelope","geometry_status":"valid","name":"","osm_object_id":"434908125","osm_object_type":"way","selected_tags":{"railway":"workshop"},"source":"mapped_osm_feature","source_id":"osm_western_zone_20260915","source_sha256":"c335a72cadfebc3ffde5cfff20fc9711f3112bc11000d43fde4daea10c36b53e","status":"unverified_operation_and_station_identity"},"type":"Feature"},{"geometry":{"coordinates":[[[[72.8506905,19.0310191],[72.8512036,19.0306942],[72.8504169,19.0295839],[72.8499039,19.0299087],[72.8506905,19.0310191]]]],"type":"MultiPolygon"},"id":"way/434908129","properties":{"all_driver_tags":{"building":"yes","railway":"workshop"},"boarding_coordinate_status":"not_derived_from_area","extent_intersection_status":"intersects_research_envelope","geometry_status":"valid","name":"","osm_object_id":"434908129","osm_object_type":"way","selected_tags":{"railway":"workshop"},"source":"mapped_osm_feature","source_id":"osm_western_zone_20260915","source_sha256":"c335a72cadfebc3ffde5cfff20fc9711f3112bc11000d43fde4daea10c36b53e","status":"unverified_operation_and_station_identity"},"type":"Feature"},{"geometry":{"coordinates":[[[[72.8505298,19.0313958],[72.8503126,19.0315321],[72.8501958,19.0316054],[72.8500708,19.0316839],[72.8508692,19.0328206],[72.8509959,19.0327411],[72.8511071,19.0326713],[72.8513283,19.0325324],[72.8505298,19.0313958]]]],"type":"MultiPolygon"},"id":"way/434908136","properties":{"all_driver_tags":{"building":"yes","railway":"workshop"},"boarding_coordinate_status":"not_derived_from_area","extent_intersection_status":"intersects_research_envelope","geometry_status":"valid","name":"","osm_object_id":"434908136","osm_object_type":"way","selected_tags":{"railway":"workshop"},"source":"mapped_osm_feature","source_id":"osm_western_zone_20260915","source_sha256":"c335a72cadfebc3ffde5cfff20fc9711f3112bc11000d43fde4daea10c36b53e","status":"unverified_operation_and_station_identity"},"type":"Feature"},{"geometry":{"coordinates":[[[[72.849505,19.0279154],[72.8498486,19.0276979],[72.8490705,19.0265994],[72.8487268,19.026817],[72.849505,19.0279154]]]],"type":"MultiPolygon"},"id":"way/434908142","properties":{"all_driver_tags":{"building":"yes","railway":"workshop"},"boarding_coordinate_status":"not_derived_from_area","extent_intersection_status":"intersects_research_envelope","geometry_status":"valid","name":"","osm_object_id":"434908142","osm_object_type":"way","selected_tags":{"railway":"workshop"},"source":"mapped_osm_feature","source_id":"osm_western_zone_20260915","source_sha256":"c335a72cadfebc3ffde5cfff20fc9711f3112bc11000d43fde4daea10c36b53e","status":"unverified_operation_and_station_identity"},"type":"Feature"},{"geometry":{"coordinates":[[[[72.8483195,19.0270026],[72.8485608,19.0268498],[72.8470654,19.0247389],[72.8469382,19.0248194],[72.8473221,19.0253612],[72.8472079,19.0254335],[72.8483195,19.0270026]]]],"type":"MultiPolygon"},"id":"way/434908151","properties":{"all_driver_tags":{"building":"yes","railway":"workshop"},"boarding_coordinate_status":"not_derived_from_area","extent_intersection_status":"intersects_research_envelope","geometry_status":"valid","name":"","osm_object_id":"434908151","osm_object_type":"way","selected_tags":{"railway":"workshop"},"source":"mapped_osm_feature","source_id":"osm_western_zone_20260915","source_sha256":"c335a72cadfebc3ffde5cfff20fc9711f3112bc11000d43fde4daea10c36b53e","status":"unverified_operation_and_station_identity"},"type":"Feature"},{"geometry":{"coordinates":[[[[72.977061,19.1859186],[72.9770364,19.1859119],[72.9757538,19.1855615],[72.9753674,19.1854559],[72.9750506,19.1853702],[72.9749598,19.1853456],[72.9746984,19.1852946],[72.9747038,19.185268],[72.9749682,19.1853116],[72.9750607,19.1853317],[72.9753839,19.1854018],[72.9757915,19.1855139],[72.9758038,19.1855106],[72.9758525,19.1854975],[72.9759826,19.1855503],[72.9764407,19.1856896],[72.9767022,19.1857614],[72.9770566,19.1858587],[72.9770776,19.1858645],[72.977061,19.1859186]]]],"type":"MultiPolygon"},"id":"way/434916263","properties":{"all_driver_tags":{"lit":"yes","name":"Trans-Harbour Line","public_transport":"platform","railway":"platform","ref":"10A1","shelter":"yes","surface":"paved","train":"yes"},"boarding_coordinate_status":"not_derived_from_area","extent_intersection_status":"intersects_research_envelope","geometry_status":"valid","name":"Trans-Harbour Line","osm_object_id":"434916263","osm_object_type":"way","selected_tags":{"public_transport":"platform","railway":"platform"},"source":"mapped_osm_feature","source_id":"osm_western_zone_20260915","source_sha256":"c335a72cadfebc3ffde5cfff20fc9711f3112bc11000d43fde4daea10c36b53e","status":"unverified_operation_and_station_identity"},"type":"Feature"},{"geometry":{"coordinates":[[[[72.9772246,19.186193],[72.9771966,19.1862715],[72.9771778,19.1862663],[72.9747925,19.185612],[72.973769,19.1853313],[72.9732125,19.1851781],[72.9725902,19.1850007],[72.9722562,19.1848943],[72.9716769,19.1846866],[72.9716997,19.1846245],[72.9723018,19.1848348],[72.9726452,19.1849412],[72.9729952,19.1850425],[72.9748157,19.1855367],[72.9768817,19.1860976],[72.9770654,19.1861445],[72.9772018,19.1861861],[72.9772246,19.186193]]]],"type":"MultiPolygon"},"id":"way/434916264","properties":{"all_driver_tags":{"name":"Thane","public_transport":"platform","railway":"platform","ref":"7;8","tactile_paving":"yes","train":"yes"},"boarding_coordinate_status":"not_derived_from_area","extent_intersection_status":"intersects_research_envelope","geometry_status":"valid","name":"Thane","osm_object_id":"434916264","osm_object_type":"way","selected_tags":{"public_transport":"platform","railway":"platform"},"source":"mapped_osm_feature","source_id":"osm_western_zone_20260915","source_sha256":"c335a72cadfebc3ffde5cfff20fc9711f3112bc11000d43fde4daea10c36b53e","status":"unverified_operation_and_station_identity"},"type":"Feature"},{"geometry":{"coordinates":[[[[72.9754903,19.1863397],[72.9750718,19.1862348],[72.9748441,19.1861778],[72.974872,19.1860995],[72.9750978,19.1861606],[72.9777419,19.1868758],[72.9781027,19.1869734],[72.9780818,19.1870201],[72.9771551,19.1867907],[72.976617,19.1866446],[72.9763538,19.1865732],[72.975677,19.1863902],[72.9756414,19.1863806],[72.9754903,19.1863397]]]],"type":"MultiPolygon"},"id":"way/434916265","properties":{"all_driver_tags":{"public_transport":"platform","railway":"platform","ref":"2","train":"yes"},"boarding_coordinate_status":"not_derived_from_area","extent_intersection_status":"intersects_research_envelope","geometry_status":"valid","name":"","osm_object_id":"434916265","osm_object_type":"way","selected_tags":{"public_transport":"platform","railway":"platform"},"source":"mapped_osm_feature","source_id":"osm_western_zone_20260915","source_sha256":"c335a72cadfebc3ffde5cfff20fc9711f3112bc11000d43fde4daea10c36b53e","status":"unverified_operation_and_station_identity"},"type":"Feature"},{"geometry":{"coordinates":[[[[72.9748196,19.1860011],[72.9751475,19.186091],[72.9777589,19.1868068],[72.9781383,19.1869108],[72.9781558,19.1868538],[72.9777844,19.1867333],[72.9775818,19.1866676],[72.9751735,19.1860234],[72.9748403,19.1859342],[72.9748196,19.1860011]]]],"type":"MultiPolygon"},"id":"way/434916266","properties":{"all_driver_tags":{"public_transport":"platform","railway":"platform","ref":"3/4","train":"yes"},"boarding_coordinate_status":"not_derived_from_area","extent_intersection_status":"intersects_research_envelope","geometry_status":"valid","name":"","osm_object_id":"434916266","osm_object_type":"way","selected_tags":{"public_transport":"platform","railway":"platform"},"source":"mapped_osm_feature","source_id":"osm_western_zone_20260915","source_sha256":"c335a72cadfebc3ffde5cfff20fc9711f3112bc11000d43fde4daea10c36b53e","status":"unverified_operation_and_station_identity"},"type":"Feature"},{"geometry":{"coordinates":[[[[72.9752,19.1857911],[72.9747972,19.1856856],[72.9733439,19.1853047],[72.9733342,19.1853376],[72.9741995,19.1856074],[72.9747666,19.1857661],[72.9751731,19.1858798],[72.9773507,19.1864885],[72.9777642,19.1866281],[72.9785587,19.1869042],[72.9785889,19.1869159],[72.978605,19.1868766],[72.9785773,19.1868657],[72.9776555,19.1865042],[72.9772384,19.1863649],[72.9752,19.1857911]]]],"type":"MultiPolygon"},"id":"way/434916267","properties":{"all_driver_tags":{"public_transport":"platform","railway":"platform","ref":"5/6","train":"yes"},"boarding_coordinate_status":"not_derived_from_area","extent_intersection_status":"intersects_research_envelope","geometry_status":"valid","name":"","osm_object_id":"434916267","osm_object_type":"way","selected_tags":{"public_transport":"platform","railway":"platform"},"source":"mapped_osm_feature","source_id":"osm_western_zone_20260915","source_sha256":"c335a72cadfebc3ffde5cfff20fc9711f3112bc11000d43fde4daea10c36b53e","status":"unverified_operation_and_station_identity"},"type":"Feature"},{"geometry":{"coordinates":[[[[72.9773097,19.1861455],[72.9773306,19.1860886],[72.9772722,19.1860679],[72.9769837,19.1859658],[72.9749442,19.185408],[72.9746836,19.1853492],[72.9745788,19.1853255],[72.9745699,19.1853813],[72.974665,19.1854078],[72.9749223,19.1854796],[72.9764794,19.1859038],[72.9769618,19.1860373],[72.9772583,19.1861295],[72.9773097,19.1861455]]]],"type":"MultiPolygon"},"id":"way/434916268","properties":{"all_driver_tags":{"internet_access":"wlan","lit":"yes","name":"Trans-Harbour Line","public_transport":"platform","railway":"platform","ref":"9/10A","shelter":"yes","surface":"paved","train":"yes"},"boarding_coordinate_status":"not_derived_from_area","extent_intersection_status":"intersects_research_envelope","geometry_status":"valid","name":"Trans-Harbour Line","osm_object_id":"434916268","osm_object_type":"way","selected_tags":{"public_transport":"platform","railway":"platform"},"source":"mapped_osm_feature","source_id":"osm_western_zone_20260915","source_sha256":"c335a72cadfebc3ffde5cfff20fc9711f3112bc11000d43fde4daea10c36b53e","status":"unverified_operation_and_station_identity"},"type":"Feature"},{"geometry":{"coordinates":[[[[73.427605,18.082587],[73.4275833,18.0830372],[73.4276452,18.0831549],[73.4281263,18.0831357],[73.4282964,18.0830843],[73.4283521,18.0829711],[73.4283939,18.0825961],[73.427605,18.082587]]]],"type":"MultiPolygon"},"id":"way/435536287","properties":{"all_driver_tags":{"amenity":"bus_station"},"boarding_coordinate_status":"not_derived_from_area","extent_intersection_status":"intersects_research_envelope","geometry_status":"valid","name":"","osm_object_id":"435536287","osm_object_type":"way","selected_tags":{"amenity":"bus_station"},"source":"mapped_osm_feature","source_id":"osm_western_zone_20260915","source_sha256":"c335a72cadfebc3ffde5cfff20fc9711f3112bc11000d43fde4daea10c36b53e","status":"unverified_operation_and_station_identity"},"type":"Feature"},{"geometry":{"coordinates":[[[[72.8101603,19.4525007],[72.8099189,19.452483],[72.8098197,19.4524501],[72.8098116,19.4518811],[72.8098411,19.4518836],[72.8098948,19.4519797],[72.8101067,19.4519797],[72.8101603,19.4523414],[72.8101603,19.4525007]]]],"type":"MultiPolygon"},"id":"way/439148577","properties":{"all_driver_tags":{"amenity":"bus_station","name":"Virar","name:ja":"ヴィラール"},"boarding_coordinate_status":"not_derived_from_area","extent_intersection_status":"intersects_research_envelope","geometry_status":"valid","name":"Virar","osm_object_id":"439148577","osm_object_type":"way","selected_tags":{"amenity":"bus_station"},"source":"mapped_osm_feature","source_id":"osm_western_zone_20260915","source_sha256":"c335a72cadfebc3ffde5cfff20fc9711f3112bc11000d43fde4daea10c36b53e","status":"unverified_operation_and_station_identity"},"type":"Feature"},{"geometry":{"coordinates":[[[[72.8112271,19.4582492],[72.8112794,19.4582543],[72.8117488,19.4556304],[72.8117971,19.4556368],[72.8123328,19.4527542],[72.812414,19.4522895],[72.8124368,19.4521845],[72.812355,19.4521706],[72.8122558,19.4525639],[72.8121974,19.4528908],[72.8118635,19.4547535],[72.8118165,19.4549343],[72.8117656,19.4551025],[72.8117951,19.4551063],[72.8112271,19.4582492]]]],"type":"MultiPolygon"},"id":"way/439148590","properties":{"all_driver_tags":{"bench":"yes","bin":"yes","lit":"yes","public_transport":"platform","railway":"platform","shelter":"yes"},"boarding_coordinate_status":"not_derived_from_area","extent_intersection_status":"intersects_research_envelope","geometry_status":"valid","name":"","osm_object_id":"439148590","osm_object_type":"way","selected_tags":{"public_transport":"platform","railway":"platform"},"source":"mapped_osm_feature","source_id":"osm_western_zone_20260915","source_sha256":"c335a72cadfebc3ffde5cfff20fc9711f3112bc11000d43fde4daea10c36b53e","status":"unverified_operation_and_station_identity"},"type":"Feature"},{"geometry":{"coordinates":[[[[72.8116207,19.4571068],[72.8124214,19.452729],[72.8124489,19.452593],[72.8125119,19.4522895],[72.8125676,19.4522965],[72.8119265,19.4559611],[72.8118896,19.4561388],[72.8118548,19.4562918],[72.8116476,19.4571105],[72.8116207,19.4571068]]]],"type":"MultiPolygon"},"id":"way/439148592","properties":{"all_driver_tags":{"bench":"yes","bin":"yes","lit":"yes","public_transport":"platform","railway":"platform","shelter":"yes"},"boarding_coordinate_status":"not_derived_from_area","extent_intersection_status":"intersects_research_envelope","geometry_status":"valid","name":"","osm_object_id":"439148592","osm_object_type":"way","selected_tags":{"public_transport":"platform","railway":"platform"},"source":"mapped_osm_feature","source_id":"osm_western_zone_20260915","source_sha256":"c335a72cadfebc3ffde5cfff20fc9711f3112bc11000d43fde4daea10c36b53e","status":"unverified_operation_and_station_identity"},"type":"Feature"},{"geometry":{"coordinates":[[[[72.8120862,19.4529357],[72.8120178,19.4529294],[72.8117227,19.4546175],[72.8116825,19.4547844],[72.8116503,19.4549046],[72.81172,19.4549235],[72.8117563,19.4547933],[72.8118126,19.4545606],[72.8120862,19.4529357]]]],"type":"MultiPolygon"},"id":"way/439148593","properties":{"all_driver_tags":{"public_transport":"platform","railway":"platform","shelter":"yes"},"boarding_coordinate_status":"not_derived_from_area","extent_intersection_status":"intersects_research_envelope","geometry_status":"valid","name":"","osm_object_id":"439148593","osm_object_type":"way","selected_tags":{"public_transport":"platform","railway":"platform"},"source":"mapped_osm_feature","source_id":"osm_western_zone_20260915","source_sha256":"c335a72cadfebc3ffde5cfff20fc9711f3112bc11000d43fde4daea10c36b53e","status":"unverified_operation_and_station_identity"},"type":"Feature"},{"geometry":{"coordinates":[[[[72.8033468,19.4529509],[72.8038806,19.4530824],[72.8038269,19.4531962],[72.8033522,19.4531684],[72.8033468,19.4529509]]]],"type":"MultiPolygon"},"id":"way/439559673","properties":{"all_driver_tags":{"amenity":"bus_station"},"boarding_coordinate_status":"not_derived_from_area","extent_intersection_status":"intersects_research_envelope","geometry_status":"valid","name":"","osm_object_id":"439559673","osm_object_type":"way","selected_tags":{"amenity":"bus_station"},"source":"mapped_osm_feature","source_id":"osm_western_zone_20260915","source_sha256":"c335a72cadfebc3ffde5cfff20fc9711f3112bc11000d43fde4daea10c36b53e","status":"unverified_operation_and_station_identity"},"type":"Feature"},{"geometry":{"coordinates":[[[[72.8055074,19.3442506],[72.806481,19.3445341],[72.8062565,19.3449586],[72.8054162,19.3446632],[72.8052392,19.3445315],[72.8054028,19.3442076],[72.8055074,19.3442506]]]],"type":"MultiPolygon"},"id":"way/439559691","properties":{"all_driver_tags":{"amenity":"bus_station","bus":"yes","name":"Vasai","name:ja":"ヴァサイー","public_transport":"station"},"boarding_coordinate_status":"not_derived_from_area","extent_intersection_status":"intersects_research_envelope","geometry_status":"valid","name":"Vasai","osm_object_id":"439559691","osm_object_type":"way","selected_tags":{"amenity":"bus_station","public_transport":"station"},"source":"mapped_osm_feature","source_id":"osm_western_zone_20260915","source_sha256":"c335a72cadfebc3ffde5cfff20fc9711f3112bc11000d43fde4daea10c36b53e","status":"unverified_operation_and_station_identity"},"type":"Feature"},{"geometry":{"coordinates":[[[[73.0389935,18.9835401],[73.0389426,18.9845919],[73.0387077,18.9856573],[73.0382257,18.9867457],[73.0375648,18.9881636],[73.037362,18.9888917],[73.0373441,18.9896894],[73.0375079,18.9905408],[73.0377426,18.9914154],[73.0379588,18.9923464],[73.0379862,18.9932957],[73.0379073,18.9941628],[73.0377508,18.9952609],[73.0374072,18.9962125],[73.0368621,18.9971818],[73.0354526,18.9993547],[73.0370618,19.0003143],[73.0380323,19.00049],[73.0512433,19.0021957],[73.0608389,19.0033178],[73.0612868,19.0032874],[73.0617267,19.0030769],[73.063731,19.0011354],[73.0645991,19.0008863],[73.0652404,19.0008223],[73.0699503,19.0014259],[73.0829276,19.0030964],[73.0830637,19.0030667],[73.0891893,18.9966816],[73.089688,18.9962428],[73.0902917,18.9956281],[73.0934371,18.9924017],[73.0935591,18.9922729],[73.0936505,18.9921519],[73.0937054,18.9920577],[73.0937603,18.9919327],[73.0937989,18.9918136],[73.0938111,18.9917136],[73.0938152,18.9916079],[73.093805,18.9915003],[73.0937867,18.9914061],[73.0937562,18.9912965],[73.0937115,18.9911889],[73.0936343,18.991062],[73.0933569,18.990671],[73.0923008,18.9891762],[73.0912494,18.9876884],[73.0911887,18.9876048],[73.0900124,18.9859488],[73.0879268,18.9856828],[73.0806321,18.9847534],[73.076181,18.9841899],[73.0726139,18.9837359],[73.0670495,18.9830258],[73.0671884,18.9820781],[73.067249,18.9816648],[73.0660258,18.9815148],[73.0658376,18.9828691],[73.0555253,18.9815487],[73.0506621,18.9809281],[73.0451619,18.9802278],[73.0391256,18.9794632],[73.0393307,18.9808973],[73.0393548,18.9810612],[73.0393937,18.9813257],[73.0396504,18.9831277],[73.0389601,18.9830639],[73.0389935,18.9835401]]]],"type":"MultiPolygon"},"id":"way/455547086","properties":{"all_driver_tags":{"addr:city":"Navi Mumbai","addr:street":"Amra Marg","aeroway":"aerodrome","full_name":"Dinkar Balu Patil Navi Mumbai International Airport","iata":"NMI","icao":"VANM","name":"Navi Mumbai International Airport","name:ar":"مطار نافي مومباي الدولي","name:en":"Navi Mumbai International Airport","name:fa":"فرودگاه بین‌المللی ممبئی نو","name:hi":"नवी मुंबई अंतर्राष्ट्रीय हवाई अड्डा","name:mr":"नवी मुंबई अंतरराष्ट्रीय विमानतळ","name:ru":"Международный аэропорт Новый Мумбаи","official_name":"D. B. Patil International Airport","opening_date":"2025-10-08","wikidata":"Q3015728","wikipedia":"en:Navi Mumbai International Airport"},"boarding_coordinate_status":"not_derived_from_area","extent_intersection_status":"intersects_research_envelope","geometry_status":"valid","name":"Navi Mumbai International Airport","osm_object_id":"455547086","osm_object_type":"way","selected_tags":{"aeroway":"aerodrome"},"source":"mapped_osm_feature","source_id":"osm_western_zone_20260915","source_sha256":"c335a72cadfebc3ffde5cfff20fc9711f3112bc11000d43fde4daea10c36b53e","status":"unverified_operation_and_station_identity"},"type":"Feature"},{"geometry":{"coordinates":[[[[73.085914,19.2174299],[73.0858681,19.2174869],[73.0860144,19.2175969],[73.0885857,19.219532],[73.0886927,19.2196125],[73.0887388,19.2195656],[73.0886286,19.2194823],[73.0874446,19.218575],[73.0860613,19.2175413],[73.085914,19.2174299]]]],"type":"MultiPolygon"},"id":"way/458914475","properties":{"all_driver_tags":{"public_transport":"platform","railway":"platform","ref":"3;4","train":"yes"},"boarding_coordinate_status":"not_derived_from_area","extent_intersection_status":"intersects_research_envelope","geometry_status":"valid","name":"","osm_object_id":"458914475","osm_object_type":"way","selected_tags":{"public_transport":"platform","railway":"platform"},"source":"mapped_osm_feature","source_id":"osm_western_zone_20260915","source_sha256":"c335a72cadfebc3ffde5cfff20fc9711f3112bc11000d43fde4daea10c36b53e","status":"unverified_operation_and_station_identity"},"type":"Feature"},{"geometry":{"coordinates":[[[[73.0853843,19.2173027],[73.0852428,19.2171373],[73.0854126,19.2172467],[73.0854793,19.2172971],[73.0877988,19.2190478],[73.0878112,19.2190571],[73.0877978,19.2190769],[73.0877866,19.2190705],[73.0875336,19.218925],[73.0873337,19.2187933],[73.0859801,19.2177835],[73.0858194,19.2176491],[73.0854286,19.2173803],[73.0853843,19.2173027]]]],"type":"MultiPolygon"},"id":"way/458914476","properties":{"all_driver_tags":{"public_transport":"platform","railway":"platform","ref":"1;2","train":"yes"},"boarding_coordinate_status":"not_derived_from_area","extent_intersection_status":"intersects_research_envelope","geometry_status":"valid","name":"","osm_object_id":"458914476","osm_object_type":"way","selected_tags":{"public_transport":"platform","railway":"platform"},"source":"mapped_osm_feature","source_id":"osm_western_zone_20260915","source_sha256":"c335a72cadfebc3ffde5cfff20fc9711f3112bc11000d43fde4daea10c36b53e","status":"unverified_operation_and_station_identity"},"type":"Feature"},{"geometry":{"coordinates":[[[[73.0856708,19.217589],[73.0857217,19.2176272],[73.0873472,19.218849],[73.0875228,19.2189617],[73.0877717,19.2190911],[73.0878005,19.2191061],[73.0877683,19.2191542],[73.0877467,19.219143],[73.0874839,19.2190073],[73.0872868,19.2188794],[73.0856847,19.2176655],[73.0856372,19.2176295],[73.0856708,19.217589]]]],"type":"MultiPolygon"},"id":"way/458914477","properties":{"all_driver_tags":{"public_transport":"platform","railway":"platform","ref":"1A","train":"yes"},"boarding_coordinate_status":"not_derived_from_area","extent_intersection_status":"intersects_research_envelope","geometry_status":"valid","name":"","osm_object_id":"458914477","osm_object_type":"way","selected_tags":{"public_transport":"platform","railway":"platform"},"source":"mapped_osm_feature","source_id":"osm_western_zone_20260915","source_sha256":"c335a72cadfebc3ffde5cfff20fc9711f3112bc11000d43fde4daea10c36b53e","status":"unverified_operation_and_station_identity"},"type":"Feature"},{"geometry":{"coordinates":[[[[73.0849218,19.2165284],[73.0849003,19.2165562],[73.085235,19.216807],[73.0874912,19.2185409],[73.0880546,19.2189193],[73.0880707,19.2189003],[73.0875559,19.2184939],[73.0861618,19.2174072],[73.0854824,19.2169032],[73.08527,19.2167612],[73.0849218,19.2165284]]]],"type":"MultiPolygon"},"id":"way/458914484","properties":{"all_driver_tags":{"public_transport":"platform","railway":"platform","ref":"P;atform 5","train":"yes"},"boarding_coordinate_status":"not_derived_from_area","extent_intersection_status":"intersects_research_envelope","geometry_status":"valid","name":"","osm_object_id":"458914484","osm_object_type":"way","selected_tags":{"public_transport":"platform","railway":"platform"},"source":"mapped_osm_feature","source_id":"osm_western_zone_20260915","source_sha256":"c335a72cadfebc3ffde5cfff20fc9711f3112bc11000d43fde4daea10c36b53e","status":"unverified_operation_and_station_identity"},"type":"Feature"},{"geometry":{"coordinates":[[[[73.0409146,19.1882655],[73.040883,19.188342],[73.0412006,19.1884833],[73.0422839,19.1889649],[73.0435267,19.1894722],[73.0436357,19.1895167],[73.0436541,19.1894755],[73.0435521,19.1894304],[73.041245,19.1884115],[73.0409146,19.1882655]]]],"type":"MultiPolygon"},"id":"way/458914495","properties":{"all_driver_tags":{"public_transport":"platform","railway":"platform","ref":"1;2","train":"yes"},"boarding_coordinate_status":"not_derived_from_area","extent_intersection_status":"intersects_research_envelope","geometry_status":"valid","name":"","osm_object_id":"458914495","osm_object_type":"way","selected_tags":{"public_transport":"platform","railway":"platform"},"source":"mapped_osm_feature","source_id":"osm_western_zone_20260915","source_sha256":"c335a72cadfebc3ffde5cfff20fc9711f3112bc11000d43fde4daea10c36b53e","status":"unverified_operation_and_station_identity"},"type":"Feature"},{"geometry":{"coordinates":[[[[73.0410026,19.1881254],[73.0409677,19.1881888],[73.0413182,19.1883453],[73.0432315,19.1891995],[73.043598,19.1893554],[73.0437197,19.1894072],[73.0437535,19.1893348],[73.0436392,19.1892844],[73.0427567,19.1888955],[73.0413558,19.1882805],[73.0410026,19.1881254]]]],"type":"MultiPolygon"},"id":"way/458914496","properties":{"all_driver_tags":{"public_transport":"platform","railway":"platform","ref":"3;4","train":"yes"},"boarding_coordinate_status":"not_derived_from_area","extent_intersection_status":"intersects_research_envelope","geometry_status":"valid","name":"","osm_object_id":"458914496","osm_object_type":"way","selected_tags":{"public_transport":"platform","railway":"platform"},"source":"mapped_osm_feature","source_id":"osm_western_zone_20260915","source_sha256":"c335a72cadfebc3ffde5cfff20fc9711f3112bc11000d43fde4daea10c36b53e","status":"unverified_operation_and_station_identity"},"type":"Feature"},{"geometry":{"coordinates":[[[[73.0414076,19.1880621],[73.04137,19.188133],[73.0414406,19.1881648],[73.0437409,19.1892011],[73.0437825,19.1892199],[73.043821,19.189137],[73.043788,19.1891223],[73.0414727,19.1880911],[73.0414076,19.1880621]]]],"type":"MultiPolygon"},"id":"way/458914497","properties":{"all_driver_tags":{"public_transport":"platform","railway":"platform","ref":"5;6","train":"yes"},"boarding_coordinate_status":"not_derived_from_area","extent_intersection_status":"intersects_research_envelope","geometry_status":"valid","name":"","osm_object_id":"458914497","osm_object_type":"way","selected_tags":{"public_transport":"platform","railway":"platform"},"source":"mapped_osm_feature","source_id":"osm_western_zone_20260915","source_sha256":"c335a72cadfebc3ffde5cfff20fc9711f3112bc11000d43fde4daea10c36b53e","status":"unverified_operation_and_station_identity"},"type":"Feature"},{"geometry":{"coordinates":[[[[73.0419494,19.1881305],[73.0419172,19.1881888],[73.0420114,19.1882307],[73.0454049,19.189739],[73.0456616,19.1898531],[73.0456803,19.1898049],[73.0454497,19.1896783],[73.0451225,19.1895136],[73.0424134,19.1883053],[73.0420969,19.1881761],[73.0420489,19.1881613],[73.0419494,19.1881305]]]],"type":"MultiPolygon"},"id":"way/458914498","properties":{"all_driver_tags":{"public_transport":"platform","railway":"platform","ref":"7;8","train":"yes"},"boarding_coordinate_status":"not_derived_from_area","extent_intersection_status":"intersects_research_envelope","geometry_status":"valid","name":"","osm_object_id":"458914498","osm_object_type":"way","selected_tags":{"public_transport":"platform","railway":"platform"},"source":"mapped_osm_feature","source_id":"osm_western_zone_20260915","source_sha256":"c335a72cadfebc3ffde5cfff20fc9711f3112bc11000d43fde4daea10c36b53e","status":"unverified_operation_and_station_identity"},"type":"Feature"},{"geometry":{"coordinates":[[[[73.131049,19.2357889],[73.1310169,19.2358724],[73.1309964,19.2359236],[73.1309213,19.2358969],[73.1296741,19.2354526],[73.1296902,19.2354082],[73.128605,19.234998],[73.1286216,19.2349709],[73.126957,19.2343743],[73.1268398,19.2343323],[73.1268704,19.2342724],[73.1269888,19.2343154],[73.1309852,19.2357658],[73.131049,19.2357889]]]],"type":"MultiPolygon"},"id":"way/458916934","properties":{"all_driver_tags":{"public_transport":"platform","railway":"platform","ref":"1","train":"yes"},"boarding_coordinate_status":"not_derived_from_area","extent_intersection_status":"intersects_research_envelope","geometry_status":"valid","name":"","osm_object_id":"458916934","osm_object_type":"way","selected_tags":{"public_transport":"platform","railway":"platform"},"source":"mapped_osm_feature","source_id":"osm_western_zone_20260915","source_sha256":"c335a72cadfebc3ffde5cfff20fc9711f3112bc11000d43fde4daea10c36b53e","status":"unverified_operation_and_station_identity"},"type":"Feature"},{"geometry":{"coordinates":[[[[73.1284419,19.2342491],[73.12845,19.2342162],[73.1289976,19.234354],[73.1294665,19.234472],[73.1301586,19.23471],[73.1327335,19.2356319],[73.1328881,19.2356986],[73.1332967,19.235875],[73.1336722,19.2360472],[73.1336562,19.2360725],[73.132854,19.235783],[73.1295229,19.2345809],[73.1289652,19.2344097],[73.1284419,19.2342491]]]],"type":"MultiPolygon"},"id":"way/458916935","properties":{"all_driver_tags":{"public_transport":"platform","railway":"platform","ref":"6;7","train":"yes"},"boarding_coordinate_status":"not_derived_from_area","extent_intersection_status":"intersects_research_envelope","geometry_status":"valid","name":"","osm_object_id":"458916935","osm_object_type":"way","selected_tags":{"public_transport":"platform","railway":"platform"},"source":"mapped_osm_feature","source_id":"osm_western_zone_20260915","source_sha256":"c335a72cadfebc3ffde5cfff20fc9711f3112bc11000d43fde4daea10c36b53e","status":"unverified_operation_and_station_identity"},"type":"Feature"},{"geometry":{"coordinates":[[[[73.1301386,19.2351852],[73.1298865,19.2351199],[73.1300966,19.2352372],[73.1304821,19.2353776],[73.1330965,19.2363295],[73.1331626,19.2363536],[73.1331841,19.2362852],[73.1331326,19.2362656],[73.1325323,19.236037],[73.1305082,19.2353167],[73.1301386,19.2351852]]]],"type":"MultiPolygon"},"id":"way/458916936","properties":{"all_driver_tags":{"public_transport":"platform","railway":"platform","ref":"2;3","train":"yes"},"boarding_coordinate_status":"not_derived_from_area","extent_intersection_status":"intersects_research_envelope","geometry_status":"valid","name":"","osm_object_id":"458916936","osm_object_type":"way","selected_tags":{"public_transport":"platform","railway":"platform"},"source":"mapped_osm_feature","source_id":"osm_western_zone_20260915","source_sha256":"c335a72cadfebc3ffde5cfff20fc9711f3112bc11000d43fde4daea10c36b53e","status":"unverified_operation_and_station_identity"},"type":"Feature"},{"geometry":{"coordinates":[[[[73.1273825,19.2340339],[73.1273932,19.2340085],[73.1280247,19.2342096],[73.1282998,19.2342972],[73.1294934,19.2346644],[73.1322556,19.2356624],[73.1324653,19.2357382],[73.1324454,19.2358133],[73.1324406,19.2358552],[73.1322031,19.2357853],[73.128004,19.2342597],[73.1273825,19.2340339]]]],"type":"MultiPolygon"},"id":"way/458916937","properties":{"all_driver_tags":{"public_transport":"platform","railway":"platform","ref":"4;5","train":"yes"},"boarding_coordinate_status":"not_derived_from_area","extent_intersection_status":"intersects_research_envelope","geometry_status":"valid","name":"","osm_object_id":"458916937","osm_object_type":"way","selected_tags":{"public_transport":"platform","railway":"platform"},"source":"mapped_osm_feature","source_id":"osm_western_zone_20260915","source_sha256":"c335a72cadfebc3ffde5cfff20fc9711f3112bc11000d43fde4daea10c36b53e","status":"unverified_operation_and_station_identity"},"type":"Feature"},{"geometry":{"coordinates":[[[[73.1262214,19.2339208],[73.1261986,19.2339766],[73.1274201,19.234425],[73.131061,19.2357655],[73.1310844,19.2357735],[73.1311255,19.2357052],[73.1310994,19.2356929],[73.1274462,19.2343647],[73.1262214,19.2339208]]]],"type":"MultiPolygon"},"id":"way/458916938","properties":{"all_driver_tags":{"public_transport":"platform","railway":"platform","ref":"1;1A","train":"yes"},"boarding_coordinate_status":"not_derived_from_area","extent_intersection_status":"intersects_research_envelope","geometry_status":"valid","name":"","osm_object_id":"458916938","osm_object_type":"way","selected_tags":{"public_transport":"platform","railway":"platform"},"source":"mapped_osm_feature","source_id":"osm_western_zone_20260915","source_sha256":"c335a72cadfebc3ffde5cfff20fc9711f3112bc11000d43fde4daea10c36b53e","status":"unverified_operation_and_station_identity"},"type":"Feature"},{"geometry":{"coordinates":[[[[72.8500689,19.1526809],[72.8501403,19.1526834],[72.8502218,19.1509453],[72.8502298,19.1503296],[72.8501762,19.150327],[72.8501306,19.1508541],[72.8500635,19.1523338],[72.8500689,19.1526809]]]],"type":"MultiPolygon"},"id":"way/466268554","properties":{"all_driver_tags":{"public_transport":"platform","railway":"platform"},"boarding_coordinate_status":"not_derived_from_area","extent_intersection_status":"intersects_research_envelope","geometry_status":"valid","name":"","osm_object_id":"466268554","osm_object_type":"way","selected_tags":{"public_transport":"platform","railway":"platform"},"source":"mapped_osm_feature","source_id":"osm_western_zone_20260915","source_sha256":"c335a72cadfebc3ffde5cfff20fc9711f3112bc11000d43fde4daea10c36b53e","status":"unverified_operation_and_station_identity"},"type":"Feature"},{"geometry":{"coordinates":[[[[72.850034,19.1508592],[72.8499816,19.1520107],[72.8499508,19.1528419],[72.8498717,19.1528431],[72.849871,19.1522458],[72.8499409,19.1508581],[72.850034,19.1508592]]]],"type":"MultiPolygon"},"id":"way/466268555","properties":{"all_driver_tags":{"public_transport":"platform","railway":"platform"},"boarding_coordinate_status":"not_derived_from_area","extent_intersection_status":"intersects_research_envelope","geometry_status":"valid","name":"","osm_object_id":"466268555","osm_object_type":"way","selected_tags":{"public_transport":"platform","railway":"platform"},"source":"mapped_osm_feature","source_id":"osm_western_zone_20260915","source_sha256":"c335a72cadfebc3ffde5cfff20fc9711f3112bc11000d43fde4daea10c36b53e","status":"unverified_operation_and_station_identity"},"type":"Feature"},{"geometry":{"coordinates":[[[[73.7311856,18.6602994],[73.7312473,18.6601709],[73.7319506,18.6604686],[73.7318889,18.6605997],[73.7311856,18.6602994]]]],"type":"MultiPolygon"},"id":"way/481953177","properties":{"all_driver_tags":{"amenity":"bus_station","building":"yes","bus":"yes","name":"Mukai Chowk, Kiwale Terminal","network":"PMPML","operator":"PMPML","public_transport":"station","website":"https://www.pmpml.org/","wheelchair":"yes","wikidata":"Q7260109","wikimedia_commons":"Category:Pune Mahanagar Parivahan Mahamandal Limited","wikipedia":"en:Pune Mahanagar Parivahan Mahamandal Limited"},"boarding_coordinate_status":"not_derived_from_area","extent_intersection_status":"intersects_research_envelope","geometry_status":"valid","name":"Mukai Chowk, Kiwale Terminal","osm_object_id":"481953177","osm_object_type":"way","selected_tags":{"amenity":"bus_station","public_transport":"station"},"source":"mapped_osm_feature","source_id":"osm_western_zone_20260915","source_sha256":"c335a72cadfebc3ffde5cfff20fc9711f3112bc11000d43fde4daea10c36b53e","status":"unverified_operation_and_station_identity"},"type":"Feature"},{"geometry":{"coordinates":[[[[72.9129374,19.1104198],[72.9128928,19.1104589],[72.9128675,19.1105112],[72.9128653,19.1105686],[72.9128865,19.1106225],[72.9129279,19.1106646],[72.9129832,19.1106886],[72.913044,19.1106907],[72.913101,19.1106707],[72.9131456,19.1106315],[72.913171,19.1105793],[72.9131732,19.1105218],[72.913152,19.1104679],[72.9131106,19.1104258],[72.9130553,19.1104018],[72.9129945,19.1103997],[72.9129615,19.1104113],[72.9129374,19.1104198]]]],"type":"MultiPolygon"},"id":"way/483179388","properties":{"all_driver_tags":{"aeroway":"helipad"},"boarding_coordinate_status":"not_derived_from_area","extent_intersection_status":"intersects_research_envelope","geometry_status":"valid","name":"","osm_object_id":"483179388","osm_object_type":"way","selected_tags":{"aeroway":"helipad"},"source":"mapped_osm_feature","source_id":"osm_western_zone_20260915","source_sha256":"c335a72cadfebc3ffde5cfff20fc9711f3112bc11000d43fde4daea10c36b53e","status":"unverified_operation_and_station_identity"},"type":"Feature"},{"geometry":{"coordinates":[[[[72.9285065,19.1295575],[72.9284796,19.1295654],[72.9284502,19.129574],[72.9284457,19.1295616],[72.9282594,19.1290489],[72.9281253,19.1286662],[72.9279751,19.1280885],[72.927947,19.1279178],[72.9278732,19.1274701],[72.9278303,19.1271659],[72.9278249,19.127128],[72.9278785,19.1271214],[72.927884,19.1271565],[72.9279349,19.1274828],[72.928061,19.1280758],[72.9282165,19.1286485],[72.9283372,19.1290768],[72.9285026,19.1295466],[72.9285065,19.1295575]]]],"type":"MultiPolygon"},"id":"way/483179431","properties":{"all_driver_tags":{"bench":"yes","bin":"yes","lit":"yes","public_transport":"platform","railway":"platform","ref":"2","shelter":"yes","train":"yes"},"boarding_coordinate_status":"not_derived_from_area","extent_intersection_status":"intersects_research_envelope","geometry_status":"valid","name":"","osm_object_id":"483179431","osm_object_type":"way","selected_tags":{"public_transport":"platform","railway":"platform"},"source":"mapped_osm_feature","source_id":"osm_western_zone_20260915","source_sha256":"c335a72cadfebc3ffde5cfff20fc9711f3112bc11000d43fde4daea10c36b53e","status":"unverified_operation_and_station_identity"},"type":"Feature"},{"geometry":{"coordinates":[[[[72.9554924,19.1707391],[72.9558457,19.1711092],[72.955935,19.1712028],[72.9576035,19.1728592],[72.9577187,19.1729736],[72.9577643,19.1729306],[72.9576463,19.1728126],[72.9559752,19.171142],[72.9559052,19.1710731],[72.95553,19.1707037],[72.9554924,19.1707391]]]],"type":"MultiPolygon"},"id":"way/483284359","properties":{"all_driver_tags":{"name":"PF4 Fast Towards CSMT","public_transport":"platform","railway":"platform","ref":"4","train":"yes"},"boarding_coordinate_status":"not_derived_from_area","extent_intersection_status":"intersects_research_envelope","geometry_status":"valid","name":"PF4 Fast Towards CSMT","osm_object_id":"483284359","osm_object_type":"way","selected_tags":{"public_transport":"platform","railway":"platform"},"source":"mapped_osm_feature","source_id":"osm_western_zone_20260915","source_sha256":"c335a72cadfebc3ffde5cfff20fc9711f3112bc11000d43fde4daea10c36b53e","status":"unverified_operation_and_station_identity"},"type":"Feature"},{"geometry":{"coordinates":[[[[72.9554173,19.1708278],[72.9554361,19.1708126],[72.9557837,19.1711744],[72.9558304,19.171223],[72.9576464,19.1730209],[72.957727,19.1731007],[72.9576715,19.1731553],[72.9575866,19.1730722],[72.9561978,19.1717145],[72.955825,19.1713016],[72.9557401,19.171203],[72.9554173,19.1708278]]]],"type":"MultiPolygon"},"id":"way/483284360","properties":{"all_driver_tags":{"name":"PF2 Slow Towards CSMT;PF3 Towards Kalyan","public_transport":"platform","railway":"platform","ref":"2;3","train":"yes"},"boarding_coordinate_status":"not_derived_from_area","extent_intersection_status":"intersects_research_envelope","geometry_status":"valid","name":"PF2 Slow Towards CSMT;PF3 Towards Kalyan","osm_object_id":"483284360","osm_object_type":"way","selected_tags":{"public_transport":"platform","railway":"platform"},"source":"mapped_osm_feature","source_id":"osm_western_zone_20260915","source_sha256":"c335a72cadfebc3ffde5cfff20fc9711f3112bc11000d43fde4daea10c36b53e","status":"unverified_operation_and_station_identity"},"type":"Feature"},{"geometry":{"coordinates":[[[[72.9965758,19.195141],[72.9966192,19.1950938],[72.998238,19.1964237],[72.9981945,19.1964709],[72.9965758,19.195141]]]],"type":"MultiPolygon"},"id":"way/483284371","properties":{"all_driver_tags":{"public_transport":"platform","railway":"platform","ref":"2;3","train":"yes"},"boarding_coordinate_status":"not_derived_from_area","extent_intersection_status":"intersects_research_envelope","geometry_status":"valid","name":"","osm_object_id":"483284371","osm_object_type":"way","selected_tags":{"public_transport":"platform","railway":"platform"},"source":"mapped_osm_feature","source_id":"osm_western_zone_20260915","source_sha256":"c335a72cadfebc3ffde5cfff20fc9711f3112bc11000d43fde4daea10c36b53e","status":"unverified_operation_and_station_identity"},"type":"Feature"},{"geometry":{"coordinates":[[[[72.9981663,19.1965278],[72.9981281,19.1965701],[72.9979214,19.1964032],[72.9966973,19.1954145],[72.9964799,19.1952389],[72.9965181,19.1951967],[72.9967372,19.1953736],[72.9979585,19.19636],[72.9981663,19.1965278]]]],"type":"MultiPolygon"},"id":"way/483284373","properties":{"all_driver_tags":{"public_transport":"platform","railway":"platform","ref":"1","train":"yes"},"boarding_coordinate_status":"not_derived_from_area","extent_intersection_status":"intersects_research_envelope","geometry_status":"valid","name":"","osm_object_id":"483284373","osm_object_type":"way","selected_tags":{"public_transport":"platform","railway":"platform"},"source":"mapped_osm_feature","source_id":"osm_western_zone_20260915","source_sha256":"c335a72cadfebc3ffde5cfff20fc9711f3112bc11000d43fde4daea10c36b53e","status":"unverified_operation_and_station_identity"},"type":"Feature"},{"geometry":{"coordinates":[[[[73.0231462,19.1912581],[73.0231428,19.1911471],[73.0231403,19.1910669],[73.0231909,19.1904769],[73.0232399,19.1902032],[73.0233042,19.1898853],[73.023402,19.1894775],[73.0235322,19.1890797],[73.0236451,19.1887429],[73.0236559,19.1887107],[73.0237628,19.1887374],[73.0237496,19.1887748],[73.0236247,19.1891291],[73.0235013,19.189499],[73.0233891,19.1899055],[73.0233263,19.190207],[73.0232812,19.190484],[73.0232391,19.1908146],[73.0232089,19.1911566],[73.0231994,19.1912644],[73.0231462,19.1912581]]]],"type":"MultiPolygon"},"id":"way/483284379","properties":{"all_driver_tags":{"public_transport":"platform","railway":"platform","train":"yes"},"boarding_coordinate_status":"not_derived_from_area","extent_intersection_status":"intersects_research_envelope","geometry_status":"valid","name":"","osm_object_id":"483284379","osm_object_type":"way","selected_tags":{"public_transport":"platform","railway":"platform"},"source":"mapped_osm_feature","source_id":"osm_western_zone_20260915","source_sha256":"c335a72cadfebc3ffde5cfff20fc9711f3112bc11000d43fde4daea10c36b53e","status":"unverified_operation_and_station_identity"},"type":"Feature"},{"geometry":{"coordinates":[[[[73.0230588,19.191504],[73.0229917,19.1915066],[73.022995,19.1912797],[73.0229971,19.1911329],[73.0230091,19.1907593],[73.0230293,19.1904756],[73.0230722,19.1902146],[73.0231377,19.1898353],[73.0232331,19.1894496],[73.0232894,19.1892368],[73.023322,19.1891193],[73.0233721,19.1889388],[73.0234718,19.1889404],[73.0234069,19.1891468],[73.0233042,19.1894737],[73.0232048,19.1898619],[73.0231392,19.1902019],[73.0231084,19.1904655],[73.0230762,19.1907744],[73.0230615,19.1911455],[73.0230605,19.1912811],[73.0230588,19.191504]]]],"type":"MultiPolygon"},"id":"way/483284381","properties":{"all_driver_tags":{"public_transport":"platform","railway":"platform","train":"yes"},"boarding_coordinate_status":"not_derived_from_area","extent_intersection_status":"intersects_research_envelope","geometry_status":"valid","name":"","osm_object_id":"483284381","osm_object_type":"way","selected_tags":{"public_transport":"platform","railway":"platform"},"source":"mapped_osm_feature","source_id":"osm_western_zone_20260915","source_sha256":"c335a72cadfebc3ffde5cfff20fc9711f3112bc11000d43fde4daea10c36b53e","status":"unverified_operation_and_station_identity"},"type":"Feature"},{"geometry":{"coordinates":[[[[73.3314176,18.9692524],[73.3315158,18.9692547],[73.3315147,18.9693343],[73.3315092,18.9697467],[73.3315072,18.9698963],[73.3314765,18.9711903],[73.3314616,18.9718166],[73.3314602,18.9718755],[73.331353,18.9718732],[73.3313538,18.9718131],[73.3313624,18.9711905],[73.331378,18.9705524],[73.3313947,18.9698861],[73.3313995,18.9697526],[73.3314146,18.9693353],[73.3314176,18.9692524]]]],"type":"MultiPolygon"},"id":"way/484215071","properties":{"all_driver_tags":{"bench":"yes","bin":"yes","lit":"yes","public_transport":"platform","railway":"platform","ref":"1;2","shelter":"yes","train":"yes"},"boarding_coordinate_status":"not_derived_from_area","extent_intersection_status":"intersects_research_envelope","geometry_status":"valid","name":"","osm_object_id":"484215071","osm_object_type":"way","selected_tags":{"public_transport":"platform","railway":"platform"},"source":"mapped_osm_feature","source_id":"osm_western_zone_20260915","source_sha256":"c335a72cadfebc3ffde5cfff20fc9711f3112bc11000d43fde4daea10c36b53e","status":"unverified_operation_and_station_identity"},"type":"Feature"},{"geometry":{"coordinates":[[[[73.3188238,19.0247632],[73.3188949,19.0247733],[73.3186924,19.0268031],[73.3186267,19.0275042],[73.3186052,19.0276703],[73.3185368,19.0282484],[73.3184872,19.028341],[73.3186374,19.0267271],[73.3188238,19.0247632]]]],"type":"MultiPolygon"},"id":"way/484215080","properties":{"all_driver_tags":{"public_transport":"platform","railway":"platform","ref":"1","train":"yes"},"boarding_coordinate_status":"not_derived_from_area","extent_intersection_status":"intersects_research_envelope","geometry_status":"valid","name":"","osm_object_id":"484215080","osm_object_type":"way","selected_tags":{"public_transport":"platform","railway":"platform"},"source":"mapped_osm_feature","source_id":"osm_western_zone_20260915","source_sha256":"c335a72cadfebc3ffde5cfff20fc9711f3112bc11000d43fde4daea10c36b53e","status":"unverified_operation_and_station_identity"},"type":"Feature"},{"geometry":{"coordinates":[[[[73.3186548,19.0250713],[73.3187098,19.0250725],[73.3185543,19.0267347],[73.3185417,19.0268568],[73.3184546,19.0277026],[73.3184416,19.0278288],[73.3184027,19.027825],[73.3184175,19.0276982],[73.3183813,19.0276957],[73.3184364,19.0268493],[73.3184859,19.0268526],[73.3185006,19.0266193],[73.3186548,19.0250713]]]],"type":"MultiPolygon"},"id":"way/484215081","properties":{"all_driver_tags":{"public_transport":"platform","railway":"platform","ref":"2","train":"yes"},"boarding_coordinate_status":"not_derived_from_area","extent_intersection_status":"intersects_research_envelope","geometry_status":"valid","name":"","osm_object_id":"484215081","osm_object_type":"way","selected_tags":{"public_transport":"platform","railway":"platform"},"source":"mapped_osm_feature","source_id":"osm_western_zone_20260915","source_sha256":"c335a72cadfebc3ffde5cfff20fc9711f3112bc11000d43fde4daea10c36b53e","status":"unverified_operation_and_station_identity"},"type":"Feature"},{"geometry":{"coordinates":[[[[73.3438026,18.7906467],[73.3438439,18.7906736],[73.344067,18.7904362],[73.3450494,18.789391],[73.3458808,18.7885174],[73.3459498,18.788445],[73.3458855,18.788383],[73.3458102,18.7884622],[73.3454157,18.7888773],[73.3440245,18.7903734],[73.3440091,18.7903912],[73.3439021,18.7905145],[73.3438026,18.7906467]]]],"type":"MultiPolygon"},"id":"way/484272327","properties":{"all_driver_tags":{"public_transport":"platform","railway":"platform","ref":"1;2","train":"yes"},"boarding_coordinate_status":"not_derived_from_area","extent_intersection_status":"intersects_research_envelope","geometry_status":"valid","name":"","osm_object_id":"484272327","osm_object_type":"way","selected_tags":{"public_transport":"platform","railway":"platform"},"source":"mapped_osm_feature","source_id":"osm_western_zone_20260915","source_sha256":"c335a72cadfebc3ffde5cfff20fc9711f3112bc11000d43fde4daea10c36b53e","status":"unverified_operation_and_station_identity"},"type":"Feature"},{"geometry":{"coordinates":[[[[73.3203993,18.8853299],[73.3204341,18.8853413],[73.3205079,18.8851433],[73.3205924,18.8849327],[73.3206541,18.8847931],[73.3207909,18.8845152],[73.3208767,18.8843388],[73.3211047,18.8838985],[73.3212495,18.8836079],[73.3212254,18.8835838],[73.3210564,18.8838516],[73.3208096,18.8842665],[73.3206769,18.8845228],[73.3206058,18.8846865],[73.3204985,18.8849784],[73.3203993,18.8853299]]]],"type":"MultiPolygon"},"id":"way/485001494","properties":{"all_driver_tags":{"public_transport":"platform","railway":"platform","ref":"1","train":"yes"},"boarding_coordinate_status":"not_derived_from_area","extent_intersection_status":"intersects_research_envelope","geometry_status":"valid","name":"","osm_object_id":"485001494","osm_object_type":"way","selected_tags":{"public_transport":"platform","railway":"platform"},"source":"mapped_osm_feature","source_id":"osm_western_zone_20260915","source_sha256":"c335a72cadfebc3ffde5cfff20fc9711f3112bc11000d43fde4daea10c36b53e","status":"unverified_operation_and_station_identity"},"type":"Feature"},{"geometry":{"coordinates":[[[[72.8491875,19.1376747],[72.8492788,19.1376652],[72.8489506,19.1352249],[72.8488644,19.135233],[72.8491875,19.1376747]]]],"type":"MultiPolygon"},"id":"way/486561063","properties":{"all_driver_tags":{"bench":"yes","covered":"yes","name":"3-4","public_transport":"platform","railway":"platform","ref":"3;4","shelter":"yes","tactile_paving":"yes","train":"yes"},"boarding_coordinate_status":"not_derived_from_area","extent_intersection_status":"intersects_research_envelope","geometry_status":"valid","name":"3-4","osm_object_id":"486561063","osm_object_type":"way","selected_tags":{"public_transport":"platform","railway":"platform"},"source":"mapped_osm_feature","source_id":"osm_western_zone_20260915","source_sha256":"c335a72cadfebc3ffde5cfff20fc9711f3112bc11000d43fde4daea10c36b53e","status":"unverified_operation_and_station_identity"},"type":"Feature"},{"geometry":{"coordinates":[[[[72.8487061,19.1352743],[72.8487803,19.1352676],[72.8491202,19.1377832],[72.8490524,19.137791],[72.8487061,19.1352743]]]],"type":"MultiPolygon"},"id":"way/486561064","properties":{"all_driver_tags":{"name":"1-2","public_transport":"platform","railway":"platform","ref":"1;2","tactile_paving":"yes","train":"yes"},"boarding_coordinate_status":"not_derived_from_area","extent_intersection_status":"intersects_research_envelope","geometry_status":"valid","name":"1-2","osm_object_id":"486561064","osm_object_type":"way","selected_tags":{"public_transport":"platform","railway":"platform"},"source":"mapped_osm_feature","source_id":"osm_western_zone_20260915","source_sha256":"c335a72cadfebc3ffde5cfff20fc9711f3112bc11000d43fde4daea10c36b53e","status":"unverified_operation_and_station_identity"},"type":"Feature"},{"geometry":{"coordinates":[[[[72.8476998,19.1336413],[72.8483409,19.1335855],[72.848475,19.1344066],[72.8479251,19.1346372],[72.8478608,19.1345966],[72.8476998,19.1336413]]]],"type":"MultiPolygon"},"id":"way/486561072","properties":{"all_driver_tags":{"amenity":"bus_station","bus":"yes","check_date":"2026-03-12","public_transport":"station"},"boarding_coordinate_status":"not_derived_from_area","extent_intersection_status":"intersects_research_envelope","geometry_status":"valid","name":"","osm_object_id":"486561072","osm_object_type":"way","selected_tags":{"amenity":"bus_station","public_transport":"station"},"source":"mapped_osm_feature","source_id":"osm_western_zone_20260915","source_sha256":"c335a72cadfebc3ffde5cfff20fc9711f3112bc11000d43fde4daea10c36b53e","status":"unverified_operation_and_station_identity"},"type":"Feature"},{"geometry":{"coordinates":[[[[73.0083967,19.0654864],[73.0107801,19.066033],[73.0107956,19.0659728],[73.0084122,19.0654258],[73.0083967,19.0654864]]]],"type":"MultiPolygon"},"id":"way/489784649","properties":{"all_driver_tags":{"bench":"yes","lit":"yes","public_transport":"platform","railway":"platform","ref":"4","shelter":"yes","surface":"paved","train":"yes"},"boarding_coordinate_status":"not_derived_from_area","extent_intersection_status":"intersects_research_envelope","geometry_status":"valid","name":"","osm_object_id":"489784649","osm_object_type":"way","selected_tags":{"public_transport":"platform","railway":"platform"},"source":"mapped_osm_feature","source_id":"osm_western_zone_20260915","source_sha256":"c335a72cadfebc3ffde5cfff20fc9711f3112bc11000d43fde4daea10c36b53e","status":"unverified_operation_and_station_identity"},"type":"Feature"},{"geometry":{"coordinates":[[[[73.01077,19.0660687],[73.0083859,19.0655254],[73.0083632,19.0656143],[73.0107472,19.0661578],[73.01077,19.0660687]]]],"type":"MultiPolygon"},"id":"way/489784651","properties":{"all_driver_tags":{"bench":"yes","lit":"yes","name":"Harbour Line","public_transport":"platform","railway":"platform","ref":"3;4","shelter":"yes","surface":"paved","train":"yes"},"boarding_coordinate_status":"not_derived_from_area","extent_intersection_status":"intersects_research_envelope","geometry_status":"valid","name":"Harbour Line","osm_object_id":"489784651","osm_object_type":"way","selected_tags":{"public_transport":"platform","railway":"platform"},"source":"mapped_osm_feature","source_id":"osm_western_zone_20260915","source_sha256":"c335a72cadfebc3ffde5cfff20fc9711f3112bc11000d43fde4daea10c36b53e","status":"unverified_operation_and_station_identity"},"type":"Feature"},{"geometry":{"coordinates":[[[[73.0107373,19.0661929],[73.0083535,19.0656495],[73.0083308,19.0657385],[73.0107146,19.0662819],[73.0107373,19.0661929]]]],"type":"MultiPolygon"},"id":"way/489784653","properties":{"all_driver_tags":{"bench":"yes","lit":"yes","public_transport":"platform","railway":"platform","ref":"2;3","shelter":"yes","surface":"paved","train":"yes"},"boarding_coordinate_status":"not_derived_from_area","extent_intersection_status":"intersects_research_envelope","geometry_status":"valid","name":"","osm_object_id":"489784653","osm_object_type":"way","selected_tags":{"public_transport":"platform","railway":"platform"},"source":"mapped_osm_feature","source_id":"osm_western_zone_20260915","source_sha256":"c335a72cadfebc3ffde5cfff20fc9711f3112bc11000d43fde4daea10c36b53e","status":"unverified_operation_and_station_identity"},"type":"Feature"},{"geometry":{"coordinates":[[[[73.0107045,19.0663172],[73.008321,19.0657739],[73.0082983,19.065863],[73.0106818,19.0664062],[73.0107045,19.0663172]]]],"type":"MultiPolygon"},"id":"way/489784654","properties":{"all_driver_tags":{"bench":"yes","lit":"yes","name":"Trans-Harbour Line","public_transport":"platform","railway":"platform","ref":"1;2","shelter":"yes","surface":"paved","train":"yes"},"boarding_coordinate_status":"not_derived_from_area","extent_intersection_status":"intersects_research_envelope","geometry_status":"valid","name":"Trans-Harbour Line","osm_object_id":"489784654","osm_object_type":"way","selected_tags":{"public_transport":"platform","railway":"platform"},"source":"mapped_osm_feature","source_id":"osm_western_zone_20260915","source_sha256":"c335a72cadfebc3ffde5cfff20fc9711f3112bc11000d43fde4daea10c36b53e","status":"unverified_operation_and_station_identity"},"type":"Feature"},{"geometry":{"coordinates":[[[[73.0082732,19.0659601],[73.0106561,19.0665044],[73.0106714,19.0664448],[73.0082886,19.0659],[73.0082732,19.0659601]]]],"type":"MultiPolygon"},"id":"way/489784656","properties":{"all_driver_tags":{"bench":"yes","lit":"yes","public_transport":"platform","railway":"platform","ref":"1","shelter":"yes","surface":"paved","train":"yes"},"boarding_coordinate_status":"not_derived_from_area","extent_intersection_status":"intersects_research_envelope","geometry_status":"valid","name":"","osm_object_id":"489784656","osm_object_type":"way","selected_tags":{"public_transport":"platform","railway":"platform"},"source":"mapped_osm_feature","source_id":"osm_western_zone_20260915","source_sha256":"c335a72cadfebc3ffde5cfff20fc9711f3112bc11000d43fde4daea10c36b53e","status":"unverified_operation_and_station_identity"},"type":"Feature"},{"geometry":{"coordinates":[[[[73.0184297,19.0571472],[73.0185262,19.0571495],[73.0185954,19.0546072],[73.0184988,19.0546048],[73.0184297,19.0571472]]]],"type":"MultiPolygon"},"id":"way/490029206","properties":{"all_driver_tags":{"bench":"yes","lit":"yes","name":"Trans-Harbour Line","public_transport":"platform","railway":"platform","ref":"1;2","shelter":"yes","surface":"paved","train":"yes"},"boarding_coordinate_status":"not_derived_from_area","extent_intersection_status":"intersects_research_envelope","geometry_status":"valid","name":"Trans-Harbour Line","osm_object_id":"490029206","osm_object_type":"way","selected_tags":{"public_transport":"platform","railway":"platform"},"source":"mapped_osm_feature","source_id":"osm_western_zone_20260915","source_sha256":"c335a72cadfebc3ffde5cfff20fc9711f3112bc11000d43fde4daea10c36b53e","status":"unverified_operation_and_station_identity"},"type":"Feature"},{"geometry":{"coordinates":[[[[73.0182846,19.0571448],[73.0183881,19.0571477],[73.0184663,19.0546058],[73.018363,19.054603],[73.0182846,19.0571448]]]],"type":"MultiPolygon"},"id":"way/490029207","properties":{"all_driver_tags":{"bench":"yes","lit":"yes","public_transport":"platform","railway":"platform","ref":"2;3","shelter":"yes","surface":"paved","train":"yes"},"boarding_coordinate_status":"not_derived_from_area","extent_intersection_status":"intersects_research_envelope","geometry_status":"valid","name":"","osm_object_id":"490029207","osm_object_type":"way","selected_tags":{"public_transport":"platform","railway":"platform"},"source":"mapped_osm_feature","source_id":"osm_western_zone_20260915","source_sha256":"c335a72cadfebc3ffde5cfff20fc9711f3112bc11000d43fde4daea10c36b53e","status":"unverified_operation_and_station_identity"},"type":"Feature"},{"geometry":{"coordinates":[[[[73.0181463,19.0571427],[73.0182465,19.0571456],[73.0183283,19.0546042],[73.0182281,19.0546013],[73.0181463,19.0571427]]]],"type":"MultiPolygon"},"id":"way/490029208","properties":{"all_driver_tags":{"bench":"yes","lit":"yes","name":"Harbour Line","public_transport":"platform","railway":"platform","ref":"3;4","shelter":"yes","surface":"paved","train":"yes"},"boarding_coordinate_status":"not_derived_from_area","extent_intersection_status":"intersects_research_envelope","geometry_status":"valid","name":"Harbour Line","osm_object_id":"490029208","osm_object_type":"way","selected_tags":{"public_transport":"platform","railway":"platform"},"source":"mapped_osm_feature","source_id":"osm_western_zone_20260915","source_sha256":"c335a72cadfebc3ffde5cfff20fc9711f3112bc11000d43fde4daea10c36b53e","status":"unverified_operation_and_station_identity"},"type":"Feature"},{"geometry":{"coordinates":[[[[73.0180973,19.0545999],[73.0181862,19.0546023],[73.0181086,19.0571434],[73.0180197,19.057141],[73.0180973,19.0545999]]]],"type":"MultiPolygon"},"id":"way/490029209","properties":{"all_driver_tags":{"bench":"yes","lit":"yes","public_transport":"platform","railway":"platform","ref":"4;5","shelter":"yes","surface":"paved","train":"yes"},"boarding_coordinate_status":"not_derived_from_area","extent_intersection_status":"intersects_research_envelope","geometry_status":"valid","name":"","osm_object_id":"490029209","osm_object_type":"way","selected_tags":{"public_transport":"platform","railway":"platform"},"source":"mapped_osm_feature","source_id":"osm_western_zone_20260915","source_sha256":"c335a72cadfebc3ffde5cfff20fc9711f3112bc11000d43fde4daea10c36b53e","status":"unverified_operation_and_station_identity"},"type":"Feature"},{"geometry":{"coordinates":[[[[73.5688263,19.693964],[73.5688182,19.6938049],[73.5683247,19.69381],[73.5683837,19.694464],[73.5686787,19.6945448],[73.5688316,19.6944943],[73.5688263,19.693964]]]],"type":"MultiPolygon"},"id":"way/502811439","properties":{"all_driver_tags":{"amenity":"bus_station"},"boarding_coordinate_status":"not_derived_from_area","extent_intersection_status":"intersects_research_envelope","geometry_status":"valid","name":"","osm_object_id":"502811439","osm_object_type":"way","selected_tags":{"amenity":"bus_station"},"source":"mapped_osm_feature","source_id":"osm_western_zone_20260915","source_sha256":"c335a72cadfebc3ffde5cfff20fc9711f3112bc11000d43fde4daea10c36b53e","status":"unverified_operation_and_station_identity"},"type":"Feature"},{"geometry":{"coordinates":[[[[73.3759207,18.7547723],[73.3768004,18.754658],[73.3772323,18.7546351],[73.3777365,18.7546326],[73.3781603,18.7546555],[73.3785143,18.7546986],[73.3789033,18.7547571],[73.3794746,18.7549018],[73.3798233,18.7550313],[73.379834,18.7549933],[73.3794665,18.7548663],[73.3788952,18.7547215],[73.3785009,18.7546555],[73.3781496,18.7546224],[73.3777258,18.7545945],[73.3772162,18.7545996],[73.3772081,18.7545589],[73.3770069,18.7545793],[73.3767816,18.7546097],[73.3759099,18.7547342],[73.3759207,18.7547723]]]],"type":"MultiPolygon"},"id":"way/509802867","properties":{"all_driver_tags":{"public_transport":"platform","railway":"platform","ref":"1","train":"yes"},"boarding_coordinate_status":"not_derived_from_area","extent_intersection_status":"intersects_research_envelope","geometry_status":"valid","name":"","osm_object_id":"509802867","osm_object_type":"way","selected_tags":{"public_transport":"platform","railway":"platform"},"source":"mapped_osm_feature","source_id":"osm_western_zone_20260915","source_sha256":"c335a72cadfebc3ffde5cfff20fc9711f3112bc11000d43fde4daea10c36b53e","status":"unverified_operation_and_station_identity"},"type":"Feature"},{"geometry":{"coordinates":[[[[73.375918,18.7548815],[73.3770364,18.754724],[73.3772886,18.7547139],[73.3778009,18.7547063],[73.3781442,18.7547291],[73.378509,18.7547672],[73.3790132,18.7548561],[73.3794478,18.7549907],[73.379952,18.7551685],[73.3804429,18.7554199],[73.3804187,18.7554606],[73.3799198,18.7552269],[73.3794209,18.7550415],[73.3790159,18.7549501],[73.3785894,18.7548891],[73.3781657,18.7548637],[73.3759233,18.7549552],[73.375918,18.7548815]]]],"type":"MultiPolygon"},"id":"way/509802868","properties":{"all_driver_tags":{"bench":"yes","public_transport":"platform","railway":"platform","ref":"2;3","shelter":"no","train":"yes"},"boarding_coordinate_status":"not_derived_from_area","extent_intersection_status":"intersects_research_envelope","geometry_status":"valid","name":"","osm_object_id":"509802868","osm_object_type":"way","selected_tags":{"public_transport":"platform","railway":"platform"},"source":"mapped_osm_feature","source_id":"osm_western_zone_20260915","source_sha256":"c335a72cadfebc3ffde5cfff20fc9711f3112bc11000d43fde4daea10c36b53e","status":"unverified_operation_and_station_identity"},"type":"Feature"},{"geometry":{"coordinates":[[[[73.1231831,18.9890668],[73.122567,18.9896689],[73.1219507,18.9902679],[73.1197771,18.9923516],[73.1191022,18.9930018],[73.1190617,18.9929692],[73.1197839,18.9922882],[73.1218281,18.9903165],[73.1219117,18.9902345],[73.1218622,18.9901884],[73.1231076,18.9889946],[73.1231831,18.9890668]]]],"type":"MultiPolygon"},"id":"way/509893149","properties":{"all_driver_tags":{"bench":"yes","bin":"yes","lit":"yes","name":"Panvel","public_transport":"platform","railway":"platform","shelter":"yes"},"boarding_coordinate_status":"not_derived_from_area","extent_intersection_status":"intersects_research_envelope","geometry_status":"valid","name":"Panvel","osm_object_id":"509893149","osm_object_type":"way","selected_tags":{"public_transport":"platform","railway":"platform"},"source":"mapped_osm_feature","source_id":"osm_western_zone_20260915","source_sha256":"c335a72cadfebc3ffde5cfff20fc9711f3112bc11000d43fde4daea10c36b53e","status":"unverified_operation_and_station_identity"},"type":"Feature"},{"geometry":{"coordinates":[[[[73.1238085,18.9888667],[73.1196752,18.9927712],[73.1197142,18.9928092],[73.1199843,18.9925863],[73.120142,18.9924466],[73.1229811,18.9898076],[73.1234398,18.9893448],[73.1235784,18.9892029],[73.1238568,18.9889111],[73.1238085,18.9888667]]]],"type":"MultiPolygon"},"id":"way/509893151","properties":{"all_driver_tags":{"name":"Panvel","public_transport":"platform","railway":"platform","ref":"6;7","shelter":"yes","train":"yes"},"boarding_coordinate_status":"not_derived_from_area","extent_intersection_status":"intersects_research_envelope","geometry_status":"valid","name":"Panvel","osm_object_id":"509893151","osm_object_type":"way","selected_tags":{"public_transport":"platform","railway":"platform"},"source":"mapped_osm_feature","source_id":"osm_western_zone_20260915","source_sha256":"c335a72cadfebc3ffde5cfff20fc9711f3112bc11000d43fde4daea10c36b53e","status":"unverified_operation_and_station_identity"},"type":"Feature"},{"geometry":{"coordinates":[[[[72.8959155,19.0803191],[72.8961425,19.0804204],[72.89634,19.0802478],[72.8964121,19.0801537],[72.8965309,19.0800338],[72.8965909,19.0799644],[72.8966399,19.0798961],[72.8967239,19.0797855],[72.896519,19.0796507],[72.8959155,19.0803191]]]],"type":"MultiPolygon"},"id":"way/512487822","properties":{"all_driver_tags":{"amenity":"bus_station","internet_access":"no","name":"Vidyavihar (W)","operator":"BEST"},"boarding_coordinate_status":"not_derived_from_area","extent_intersection_status":"intersects_research_envelope","geometry_status":"valid","name":"Vidyavihar (W)","osm_object_id":"512487822","osm_object_type":"way","selected_tags":{"amenity":"bus_station"},"source":"mapped_osm_feature","source_id":"osm_western_zone_20260915","source_sha256":"c335a72cadfebc3ffde5cfff20fc9711f3112bc11000d43fde4daea10c36b53e","status":"unverified_operation_and_station_identity"},"type":"Feature"},{"geometry":{"coordinates":[[[[72.8689785,19.0512167],[72.8690287,19.0506891],[72.8691012,19.0501136],[72.8692085,19.0494925],[72.8691494,19.0494849],[72.8690556,19.0501136],[72.8689751,19.0506866],[72.8689202,19.0511021],[72.8689057,19.0512119],[72.8688982,19.0513418],[72.8688956,19.0513873],[72.8688868,19.0515513],[72.8688797,19.0516823],[72.8688989,19.0523409],[72.8689132,19.0526186],[72.8689217,19.0526818],[72.8689802,19.0526825],[72.8689703,19.0523423],[72.8689602,19.0515455],[72.8689785,19.0512167]]]],"type":"MultiPolygon"},"id":"way/518301002","properties":{"all_driver_tags":{"public_transport":"platform","railway":"platform","ref":"1","shelter":"yes","train":"yes"},"boarding_coordinate_status":"not_derived_from_area","extent_intersection_status":"intersects_research_envelope","geometry_status":"valid","name":"","osm_object_id":"518301002","osm_object_type":"way","selected_tags":{"public_transport":"platform","railway":"platform"},"source":"mapped_osm_feature","source_id":"osm_western_zone_20260915","source_sha256":"c335a72cadfebc3ffde5cfff20fc9711f3112bc11000d43fde4daea10c36b53e","status":"unverified_operation_and_station_identity"},"type":"Feature"},{"geometry":{"coordinates":[[[[72.8491247,19.1878493],[72.8490503,19.187177],[72.8488653,19.1855047],[72.8489082,19.1855007],[72.8491719,19.1878392],[72.8491247,19.1878493]]]],"type":"MultiPolygon"},"id":"way/526882650","properties":{"all_driver_tags":{"railway":"platform"},"boarding_coordinate_status":"not_derived_from_area","extent_intersection_status":"intersects_research_envelope","geometry_status":"valid","name":"","osm_object_id":"526882650","osm_object_type":"way","selected_tags":{"railway":"platform"},"source":"mapped_osm_feature","source_id":"osm_western_zone_20260915","source_sha256":"c335a72cadfebc3ffde5cfff20fc9711f3112bc11000d43fde4daea10c36b53e","status":"unverified_operation_and_station_identity"},"type":"Feature"},{"geometry":{"coordinates":[[[[72.8486145,19.1854784],[72.8487346,19.1868167],[72.8487839,19.1872601],[72.8486853,19.1872702],[72.848621,19.1868248],[72.848681,19.1868167],[72.8485652,19.1854865],[72.8486145,19.1854784]]]],"type":"MultiPolygon"},"id":"way/526882651","properties":{"all_driver_tags":{"railway":"platform"},"boarding_coordinate_status":"not_derived_from_area","extent_intersection_status":"intersects_research_envelope","geometry_status":"valid","name":"","osm_object_id":"526882651","osm_object_type":"way","selected_tags":{"railway":"platform"},"source":"mapped_osm_feature","source_id":"osm_western_zone_20260915","source_sha256":"c335a72cadfebc3ffde5cfff20fc9711f3112bc11000d43fde4daea10c36b53e","status":"unverified_operation_and_station_identity"},"type":"Feature"},{"geometry":{"coordinates":[[[[72.8487024,19.1854663],[72.8488718,19.1871569],[72.8490288,19.1884892],[72.8491042,19.1884811],[72.848771,19.1854541],[72.8487024,19.1854663]]]],"type":"MultiPolygon"},"id":"way/526882652","properties":{"all_driver_tags":{"public_transport":"platform","railway":"platform"},"boarding_coordinate_status":"not_derived_from_area","extent_intersection_status":"intersects_research_envelope","geometry_status":"valid","name":"","osm_object_id":"526882652","osm_object_type":"way","selected_tags":{"public_transport":"platform","railway":"platform"},"source":"mapped_osm_feature","source_id":"osm_western_zone_20260915","source_sha256":"c335a72cadfebc3ffde5cfff20fc9711f3112bc11000d43fde4daea10c36b53e","status":"unverified_operation_and_station_identity"},"type":"Feature"},{"geometry":{"coordinates":[[[[72.8529478,19.3099851],[72.8528351,19.3124737],[72.8529058,19.3124748],[72.8529806,19.3118696],[72.8529202,19.3118685],[72.8529416,19.3116294],[72.8529431,19.3115994],[72.8530086,19.3104905],[72.8530146,19.3103598],[72.8530217,19.3101986],[72.8530313,19.3099934],[72.8529478,19.3099851]]]],"type":"MultiPolygon"},"id":"way/526883817","properties":{"all_driver_tags":{"covered":"yes","departures_board":"realtime","name":"Platform 6","operator":"Western line (Mumbai Suburban Railway)","public_transport":"platform","railway":"platform","ref":"6","train":"yes"},"boarding_coordinate_status":"not_derived_from_area","extent_intersection_status":"intersects_research_envelope","geometry_status":"valid","name":"Platform 6","osm_object_id":"526883817","osm_object_type":"way","selected_tags":{"public_transport":"platform","railway":"platform"},"source":"mapped_osm_feature","source_id":"osm_western_zone_20260915","source_sha256":"c335a72cadfebc3ffde5cfff20fc9711f3112bc11000d43fde4daea10c36b53e","status":"unverified_operation_and_station_identity"},"type":"Feature"},{"geometry":{"coordinates":[[[[72.8526307,19.3138984],[72.8526359,19.3132868],[72.852692,19.311978],[72.8527824,19.3100868],[72.852851,19.3100884],[72.8527,19.3132893],[72.8527025,19.3138946],[72.8526307,19.3138984]]]],"type":"MultiPolygon"},"id":"way/526883818","properties":{"all_driver_tags":{"covered":"yes","departures_board":"realtime","name":"Platform 5","operator":"Western line (Mumbai Suburban Railway)","public_transport":"platform","railway":"platform","ref":"5","train":"yes"},"boarding_coordinate_status":"not_derived_from_area","extent_intersection_status":"intersects_research_envelope","geometry_status":"valid","name":"Platform 5","osm_object_id":"526883818","osm_object_type":"way","selected_tags":{"public_transport":"platform","railway":"platform"},"source":"mapped_osm_feature","source_id":"osm_western_zone_20260915","source_sha256":"c335a72cadfebc3ffde5cfff20fc9711f3112bc11000d43fde4daea10c36b53e","status":"unverified_operation_and_station_identity"},"type":"Feature"},{"geometry":{"coordinates":[[[[72.8524355,19.313491],[72.8524275,19.313365],[72.8524571,19.3121776],[72.8526786,19.3099581],[72.8527508,19.3099581],[72.8525083,19.3119578],[72.8525343,19.3133624],[72.852532,19.3139126],[72.8525334,19.3140901],[72.8524507,19.3140914],[72.8524355,19.313491]]]],"type":"MultiPolygon"},"id":"way/526883819","properties":{"all_driver_tags":{"covered":"yes","departures_board":"realtime","name":"Platform 3,4","operator":"Western line (Mumbai Suburban Railway)","public_transport":"platform","railway":"platform","ref":"3;4","train":"yes"},"boarding_coordinate_status":"not_derived_from_area","extent_intersection_status":"intersects_research_envelope","geometry_status":"valid","name":"Platform 3,4","osm_object_id":"526883819","osm_object_type":"way","selected_tags":{"public_transport":"platform","railway":"platform"},"source":"mapped_osm_feature","source_id":"osm_western_zone_20260915","source_sha256":"c335a72cadfebc3ffde5cfff20fc9711f3112bc11000d43fde4daea10c36b53e","status":"unverified_operation_and_station_identity"},"type":"Feature"},{"geometry":{"coordinates":[[[[72.8523126,19.3119528],[72.85235,19.3114182],[72.8525616,19.3093202],[72.8526001,19.3088856],[72.8526722,19.3088932],[72.8526649,19.3093539],[72.8523954,19.3119629],[72.8523126,19.3119528]]]],"type":"MultiPolygon"},"id":"way/526883820","properties":{"all_driver_tags":{"covered":"yes","departures_board":"realtime","name":"Platform 1,2","operator":"Western line (Mumbai Suburban Railway)","public_transport":"platform","railway":"platform","ref":"1;2","train":"yes"},"boarding_coordinate_status":"not_derived_from_area","extent_intersection_status":"intersects_research_envelope","geometry_status":"valid","name":"Platform 1,2","osm_object_id":"526883820","osm_object_type":"way","selected_tags":{"public_transport":"platform","railway":"platform"},"source":"mapped_osm_feature","source_id":"osm_western_zone_20260915","source_sha256":"c335a72cadfebc3ffde5cfff20fc9711f3112bc11000d43fde4daea10c36b53e","status":"unverified_operation_and_station_identity"},"type":"Feature"},{"geometry":{"coordinates":[[[[72.8559132,19.2824511],[72.8559979,19.2824658],[72.8561017,19.2815759],[72.8561366,19.2812858],[72.8561606,19.2810705],[72.8563538,19.279414],[72.8562742,19.2794062],[72.8560255,19.2816564],[72.856015,19.281769],[72.8559132,19.2824511]]]],"type":"MultiPolygon"},"id":"way/526883823","properties":{"all_driver_tags":{"bench":"yes","bin":"yes","covered":"yes","departures_board":"realtime","lit":"yes","name":"Platform 4","operator":"Western line (Mumbai Suburban Railway)","public_transport":"platform","railway":"platform","ref":"4","shelter":"yes","train":"yes"},"boarding_coordinate_status":"not_derived_from_area","extent_intersection_status":"intersects_research_envelope","geometry_status":"valid","name":"Platform 4","osm_object_id":"526883823","osm_object_type":"way","selected_tags":{"public_transport":"platform","railway":"platform"},"source":"mapped_osm_feature","source_id":"osm_western_zone_20260915","source_sha256":"c335a72cadfebc3ffde5cfff20fc9711f3112bc11000d43fde4daea10c36b53e","status":"unverified_operation_and_station_identity"},"type":"Feature"},{"geometry":{"coordinates":[[[[72.8561468,19.2790646],[72.8562018,19.2790646],[72.85617,19.2795456],[72.8559354,19.2817704],[72.8558631,19.2821449],[72.855808,19.2821367],[72.8561468,19.2790646]]]],"type":"MultiPolygon"},"id":"way/526883824","properties":{"all_driver_tags":{"bench":"yes","bin":"yes","covered":"yes","departures_board":"realtime","lit":"yes","name":"Platform 2,3","operator":"Western line (Mumbai Suburban Railway)","public_transport":"platform","railway":"platform","ref":"2;3","shelter":"yes","train":"yes"},"boarding_coordinate_status":"not_derived_from_area","extent_intersection_status":"intersects_research_envelope","geometry_status":"valid","name":"Platform 2,3","osm_object_id":"526883824","osm_object_type":"way","selected_tags":{"public_transport":"platform","railway":"platform"},"source":"mapped_osm_feature","source_id":"osm_western_zone_20260915","source_sha256":"c335a72cadfebc3ffde5cfff20fc9711f3112bc11000d43fde4daea10c36b53e","status":"unverified_operation_and_station_identity"},"type":"Feature"},{"geometry":{"coordinates":[[[[72.8556118,19.2823701],[72.8556892,19.2823793],[72.8559352,19.2802079],[72.8560363,19.2791912],[72.8559427,19.2791824],[72.8558377,19.2801947],[72.8556609,19.2817824],[72.8556503,19.2819174],[72.8556118,19.2823701]]]],"type":"MultiPolygon"},"id":"way/526883825","properties":{"all_driver_tags":{"covered":"yes","departures_board":"realtime","name":"Platform 1","operator":"Western line (Mumbai Suburban Railway)","public_transport":"platform","railway":"platform","ref":"1","train":"yes"},"boarding_coordinate_status":"not_derived_from_area","extent_intersection_status":"intersects_research_envelope","geometry_status":"valid","name":"Platform 1","osm_object_id":"526883825","osm_object_type":"way","selected_tags":{"public_transport":"platform","railway":"platform"},"source":"mapped_osm_feature","source_id":"osm_western_zone_20260915","source_sha256":"c335a72cadfebc3ffde5cfff20fc9711f3112bc11000d43fde4daea10c36b53e","status":"unverified_operation_and_station_identity"},"type":"Feature"},{"geometry":{"coordinates":[[[[72.9731935,19.2018431],[72.9735708,19.2015],[72.9725691,19.2006489],[72.9723884,19.2007787],[72.971929,19.2009048],[72.9731935,19.2018431]]]],"type":"MultiPolygon"},"id":"way/532665654","properties":{"all_driver_tags":{"amenity":"bus_station","bus":"yes","name":"ST Bus Stand - Khopat","public_transport":"station"},"boarding_coordinate_status":"not_derived_from_area","extent_intersection_status":"intersects_research_envelope","geometry_status":"valid","name":"ST Bus Stand - Khopat","osm_object_id":"532665654","osm_object_type":"way","selected_tags":{"amenity":"bus_station","public_transport":"station"},"source":"mapped_osm_feature","source_id":"osm_western_zone_20260915","source_sha256":"c335a72cadfebc3ffde5cfff20fc9711f3112bc11000d43fde4daea10c36b53e","status":"unverified_operation_and_station_identity"},"type":"Feature"},{"geometry":{"coordinates":[[[[73.0984747,19.2264101],[73.0988388,19.2265609],[73.09922,19.2267028],[73.099318,19.226724],[73.0993388,19.2266491],[73.0992533,19.226613],[73.0989075,19.2265002],[73.0986473,19.2263963],[73.0982342,19.2262216],[73.0977809,19.2260114],[73.0974242,19.2258341],[73.0969891,19.2256034],[73.0966522,19.2254162],[73.0966207,19.2254709],[73.0969614,19.225655],[73.0973867,19.2258847],[73.0977455,19.2260676],[73.0979553,19.2261828],[73.0981586,19.2262798],[73.0984747,19.2264101]]]],"type":"MultiPolygon"},"id":"way/533741528","properties":{"all_driver_tags":{"public_transport":"platform","railway":"platform","ref":"1;2","train":"yes"},"boarding_coordinate_status":"not_derived_from_area","extent_intersection_status":"intersects_research_envelope","geometry_status":"valid","name":"","osm_object_id":"533741528","osm_object_type":"way","selected_tags":{"public_transport":"platform","railway":"platform"},"source":"mapped_osm_feature","source_id":"osm_western_zone_20260915","source_sha256":"c335a72cadfebc3ffde5cfff20fc9711f3112bc11000d43fde4daea10c36b53e","status":"unverified_operation_and_station_identity"},"type":"Feature"},{"geometry":{"coordinates":[[[[72.9831675,19.2986965],[72.9831183,19.2986219],[72.985366,19.297303],[72.9854152,19.2973776],[72.9831675,19.2986965]]]],"type":"MultiPolygon"},"id":"way/533741535","properties":{"all_driver_tags":{"name":"Kharbhav","railway":"platform","train":"yes"},"boarding_coordinate_status":"not_derived_from_area","extent_intersection_status":"intersects_research_envelope","geometry_status":"valid","name":"Kharbhav","osm_object_id":"533741535","osm_object_type":"way","selected_tags":{"railway":"platform"},"source":"mapped_osm_feature","source_id":"osm_western_zone_20260915","source_sha256":"c335a72cadfebc3ffde5cfff20fc9711f3112bc11000d43fde4daea10c36b53e","status":"unverified_operation_and_station_identity"},"type":"Feature"},{"geometry":{"coordinates":[[[[72.9854822,19.2974636],[72.9855292,19.2975359],[72.9832547,19.2988548],[72.9832077,19.2987826],[72.9854822,19.2974636]]]],"type":"MultiPolygon"},"id":"way/533741536","properties":{"all_driver_tags":{"name":"Kharbhav","railway":"platform","train":"yes"},"boarding_coordinate_status":"not_derived_from_area","extent_intersection_status":"intersects_research_envelope","geometry_status":"valid","name":"Kharbhav","osm_object_id":"533741536","osm_object_type":"way","selected_tags":{"railway":"platform"},"source":"mapped_osm_feature","source_id":"osm_western_zone_20260915","source_sha256":"c335a72cadfebc3ffde5cfff20fc9711f3112bc11000d43fde4daea10c36b53e","status":"unverified_operation_and_station_identity"},"type":"Feature"},{"geometry":{"coordinates":[[[[73.0489996,19.2674802],[73.0489808,19.2674372],[73.0486456,19.2675334],[73.0481708,19.2676777],[73.0440898,19.269207],[73.0437867,19.2693323],[73.0438256,19.2694222],[73.0489996,19.2674802]]]],"type":"MultiPolygon"},"id":"way/533741560","properties":{"all_driver_tags":{"name":"Bhivandi Road","name:hi":"भिवंडी रोड","name:mr":"भिवंडी रोड","public_transport":"platform","railway":"platform","train":"yes"},"boarding_coordinate_status":"not_derived_from_area","extent_intersection_status":"intersects_research_envelope","geometry_status":"valid","name":"Bhivandi Road","osm_object_id":"533741560","osm_object_type":"way","selected_tags":{"public_transport":"platform","railway":"platform"},"source":"mapped_osm_feature","source_id":"osm_western_zone_20260915","source_sha256":"c335a72cadfebc3ffde5cfff20fc9711f3112bc11000d43fde4daea10c36b53e","status":"unverified_operation_and_station_identity"},"type":"Feature"},{"geometry":{"coordinates":[[[[73.0444694,19.2694172],[73.0444309,19.2693245],[73.0488065,19.2676891],[73.0488373,19.2677537],[73.0485249,19.2679005],[73.04827,19.2680005],[73.0444694,19.2694172]]]],"type":"MultiPolygon"},"id":"way/533741561","properties":{"all_driver_tags":{"name":"Bhivandi Road","name:hi":"भिवंडी रोड","name:mr":"भिवंडी रोड","railway":"platform","train":"yes"},"boarding_coordinate_status":"not_derived_from_area","extent_intersection_status":"intersects_research_envelope","geometry_status":"valid","name":"Bhivandi Road","osm_object_id":"533741561","osm_object_type":"way","selected_tags":{"railway":"platform"},"source":"mapped_osm_feature","source_id":"osm_western_zone_20260915","source_sha256":"c335a72cadfebc3ffde5cfff20fc9711f3112bc11000d43fde4daea10c36b53e","status":"unverified_operation_and_station_identity"},"type":"Feature"},{"geometry":{"coordinates":[[[[73.3951005,19.5813841],[73.3951389,19.5813564],[73.3946797,19.5809337],[73.3944262,19.5807125],[73.3940125,19.5803899],[73.3935876,19.5801023],[73.3928268,19.579685],[73.3927911,19.5797294],[73.3929938,19.5798411],[73.3935883,19.5801686],[73.3939844,19.5804276],[73.3943613,19.5807212],[73.3950399,19.5813297],[73.3951005,19.5813841]]]],"type":"MultiPolygon"},"id":"way/533779229","properties":{"all_driver_tags":{"public_transport":"platform","railway":"platform","ref":"1","train":"yes"},"boarding_coordinate_status":"not_derived_from_area","extent_intersection_status":"intersects_research_envelope","geometry_status":"valid","name":"","osm_object_id":"533779229","osm_object_type":"way","selected_tags":{"public_transport":"platform","railway":"platform"},"source":"mapped_osm_feature","source_id":"osm_western_zone_20260915","source_sha256":"c335a72cadfebc3ffde5cfff20fc9711f3112bc11000d43fde4daea10c36b53e","status":"unverified_operation_and_station_identity"},"type":"Feature"},{"geometry":{"coordinates":[[[[73.1576881,19.2431639],[73.1577386,19.2432337],[73.1578839,19.2434348],[73.1581119,19.2437919],[73.1582004,19.2439438],[73.1584391,19.2444022],[73.1588749,19.2453514],[73.1588975,19.2454006],[73.1589498,19.2453803],[73.1589273,19.2453327],[73.1584766,19.2443794],[73.1582379,19.243921],[73.1581441,19.2437539],[73.1579295,19.243407],[73.1577847,19.243201],[73.157739,19.243136],[73.1576881,19.2431639]]]],"type":"MultiPolygon"},"id":"way/534512725","properties":{"all_driver_tags":{"public_transport":"platform","railway":"platform","ref":"2","train":"yes"},"boarding_coordinate_status":"not_derived_from_area","extent_intersection_status":"intersects_research_envelope","geometry_status":"valid","name":"","osm_object_id":"534512725","osm_object_type":"way","selected_tags":{"public_transport":"platform","railway":"platform"},"source":"mapped_osm_feature","source_id":"osm_western_zone_20260915","source_sha256":"c335a72cadfebc3ffde5cfff20fc9711f3112bc11000d43fde4daea10c36b53e","status":"unverified_operation_and_station_identity"},"type":"Feature"},{"geometry":{"coordinates":[[[[73.1576044,19.2432146],[73.1576239,19.2432495],[73.1577927,19.2434804],[73.1579295,19.2436881],[73.1580985,19.2439692],[73.1583533,19.2444402],[73.1587261,19.2452328],[73.1587984,19.2453999],[73.1588233,19.2454574],[73.158764,19.2454803],[73.1587383,19.2454231],[73.1582932,19.2444645],[73.1580394,19.2439854],[73.1578619,19.2437073],[73.1577423,19.2435072],[73.1575824,19.2432775],[73.1575566,19.2432514],[73.1576044,19.2432146]]]],"type":"MultiPolygon"},"id":"way/534512728","properties":{"all_driver_tags":{"public_transport":"platform","railway":"platform","ref":"1","train":"yes"},"boarding_coordinate_status":"not_derived_from_area","extent_intersection_status":"intersects_research_envelope","geometry_status":"valid","name":"","osm_object_id":"534512728","osm_object_type":"way","selected_tags":{"public_transport":"platform","railway":"platform"},"source":"mapped_osm_feature","source_id":"osm_western_zone_20260915","source_sha256":"c335a72cadfebc3ffde5cfff20fc9711f3112bc11000d43fde4daea10c36b53e","status":"unverified_operation_and_station_identity"},"type":"Feature"},{"geometry":{"coordinates":[[[[73.2029289,19.2954207],[73.2033795,19.2970384],[73.2034761,19.2973421],[73.2036585,19.2977877],[73.2037121,19.2977649],[73.2035297,19.2973219],[73.2034519,19.2970156],[73.2034224,19.2970206],[73.2029718,19.295408],[73.2029289,19.2954207]]]],"type":"MultiPolygon"},"id":"way/534512749","properties":{"all_driver_tags":{"public_transport":"platform","railway":"platform","ref":"3","train":"yes"},"boarding_coordinate_status":"not_derived_from_area","extent_intersection_status":"intersects_research_envelope","geometry_status":"valid","name":"","osm_object_id":"534512749","osm_object_type":"way","selected_tags":{"public_transport":"platform","railway":"platform"},"source":"mapped_osm_feature","source_id":"osm_western_zone_20260915","source_sha256":"c335a72cadfebc3ffde5cfff20fc9711f3112bc11000d43fde4daea10c36b53e","status":"unverified_operation_and_station_identity"},"type":"Feature"},{"geometry":{"coordinates":[[[[73.2027197,19.2950638],[73.2028538,19.2957321],[73.2030818,19.2966333],[73.203265,19.2971546],[73.2033774,19.2973953],[73.2034158,19.297382],[73.2033093,19.2970741],[73.2031542,19.2965903],[73.2027546,19.2950536],[73.2027197,19.2950638]]]],"type":"MultiPolygon"},"id":"way/534512752","properties":{"all_driver_tags":{"public_transport":"platform","railway":"platform","ref":"1;2","train":"yes"},"boarding_coordinate_status":"not_derived_from_area","extent_intersection_status":"intersects_research_envelope","geometry_status":"valid","name":"","osm_object_id":"534512752","osm_object_type":"way","selected_tags":{"public_transport":"platform","railway":"platform"},"source":"mapped_osm_feature","source_id":"osm_western_zone_20260915","source_sha256":"c335a72cadfebc3ffde5cfff20fc9711f3112bc11000d43fde4daea10c36b53e","status":"unverified_operation_and_station_identity"},"type":"Feature"},{"geometry":{"coordinates":[[[[73.6381382,18.2943729],[73.6382726,18.2946543],[73.6385346,18.2945954],[73.6385415,18.2943958],[73.6384691,18.2942419],[73.638638,18.2940947],[73.638607,18.2940325],[73.6381485,18.2943303],[73.6381382,18.2943729]]]],"type":"MultiPolygon"},"id":"way/542880470","properties":{"all_driver_tags":{"aeroway":"helipad"},"boarding_coordinate_status":"not_derived_from_area","extent_intersection_status":"intersects_research_envelope","geometry_status":"valid","name":"","osm_object_id":"542880470","osm_object_type":"way","selected_tags":{"aeroway":"helipad"},"source":"mapped_osm_feature","source_id":"osm_western_zone_20260915","source_sha256":"c335a72cadfebc3ffde5cfff20fc9711f3112bc11000d43fde4daea10c36b53e","status":"unverified_operation_and_station_identity"},"type":"Feature"},{"geometry":{"coordinates":[[[[73.0146237,19.0153614],[73.0149033,19.0156489],[73.0149617,19.0155957],[73.0152504,19.0153328],[73.0154206,19.0151778],[73.0154308,19.0151652],[73.0154387,19.0151519],[73.015442,19.0151388],[73.0154443,19.0151247],[73.015445,19.0151095],[73.0154426,19.0150942],[73.0154383,19.0150784],[73.015431,19.0150625],[73.0152975,19.0149253],[73.0152574,19.0148841],[73.0152108,19.0148363],[73.0149596,19.0150609],[73.0146237,19.0153614]]]],"type":"MultiPolygon"},"id":"way/548961672","properties":{"all_driver_tags":{"addr:city":"Navi Mumbai","addr:postcode":"400706","addr:street":"Seawoods Main Road","amenity":"bus_station","barrier":"wall","bench":"yes","bus":"yes","internet_access":"no","name":"Seawoods Bus Station","operator":"NMMT","operator:wikidata":"Q6982295","public_transport":"station","shelter":"yes","wheelchair":"yes"},"boarding_coordinate_status":"not_derived_from_area","extent_intersection_status":"intersects_research_envelope","geometry_status":"valid","name":"Seawoods Bus Station","osm_object_id":"548961672","osm_object_type":"way","selected_tags":{"amenity":"bus_station","public_transport":"station"},"source":"mapped_osm_feature","source_id":"osm_western_zone_20260915","source_sha256":"c335a72cadfebc3ffde5cfff20fc9711f3112bc11000d43fde4daea10c36b53e","status":"unverified_operation_and_station_identity"},"type":"Feature"},{"geometry":{"coordinates":[[[[73.0179647,19.0229978],[73.0180405,19.023074],[73.0202655,19.0210863],[73.0201892,19.0210106],[73.0179647,19.0229978]]]],"type":"MultiPolygon"},"id":"way/555972717","properties":{"all_driver_tags":{"bench":"yes","bin":"no","covered":"yes","layer":"-1","level":"-1","lit":"yes","operator":"CIDCO","public_transport":"platform","railway":"platform","ref":"1;2","shelter":"yes","surface":"paved","train":"yes","wheelchair":"limited"},"boarding_coordinate_status":"not_derived_from_area","extent_intersection_status":"intersects_research_envelope","geometry_status":"valid","name":"","osm_object_id":"555972717","osm_object_type":"way","selected_tags":{"public_transport":"platform","railway":"platform"},"source":"mapped_osm_feature","source_id":"osm_western_zone_20260915","source_sha256":"c335a72cadfebc3ffde5cfff20fc9711f3112bc11000d43fde4daea10c36b53e","status":"unverified_operation_and_station_identity"},"type":"Feature"},{"geometry":{"coordinates":[[[[73.0177672,19.0227997],[73.0178487,19.0228815],[73.0200651,19.0208874],[73.0199832,19.0208061],[73.0177672,19.0227997]]]],"type":"MultiPolygon"},"id":"way/555972718","properties":{"all_driver_tags":{"bench":"yes","bin":"yes","covered":"yes","layer":"-1","level":"-1","lit":"yes","operator":"CIDCO","public_transport":"platform","railway":"platform","ref":"3;4","shelter":"yes","surface":"paved","train":"yes","wheelchair":"limited"},"boarding_coordinate_status":"not_derived_from_area","extent_intersection_status":"intersects_research_envelope","geometry_status":"valid","name":"","osm_object_id":"555972718","osm_object_type":"way","selected_tags":{"public_transport":"platform","railway":"platform"},"source":"mapped_osm_feature","source_id":"osm_western_zone_20260915","source_sha256":"c335a72cadfebc3ffde5cfff20fc9711f3112bc11000d43fde4daea10c36b53e","status":"unverified_operation_and_station_identity"},"type":"Feature"},{"geometry":{"coordinates":[[[[73.0200917,19.0209138],[73.0201702,19.0209917],[73.0179445,19.0229776],[73.0178664,19.0228992],[73.0200917,19.0209138]]]],"type":"MultiPolygon"},"id":"way/555974690","properties":{"all_driver_tags":{"bench":"yes","bin":"no","covered":"yes","layer":"-1","level":"-1","lit":"yes","operator":"CIDCO","public_transport":"platform","railway":"platform","ref":"2;3","shelter":"yes","surface":"paved","train":"yes","wheelchair":"yes"},"boarding_coordinate_status":"not_derived_from_area","extent_intersection_status":"intersects_research_envelope","geometry_status":"valid","name":"","osm_object_id":"555974690","osm_object_type":"way","selected_tags":{"public_transport":"platform","railway":"platform"},"source":"mapped_osm_feature","source_id":"osm_western_zone_20260915","source_sha256":"c335a72cadfebc3ffde5cfff20fc9711f3112bc11000d43fde4daea10c36b53e","status":"unverified_operation_and_station_identity"},"type":"Feature"},{"geometry":{"coordinates":[[[[73.0177472,19.0227796],[73.0176731,19.0227053],[73.0196806,19.0208983],[73.019888,19.0207116],[73.0199626,19.0207857],[73.0177472,19.0227796]]]],"type":"MultiPolygon"},"id":"way/555974691","properties":{"all_driver_tags":{"bench":"yes","bin":"no","covered":"yes","layer":"-1","level":"-1","lit":"yes","operator":"CIDCO","public_transport":"platform","railway":"platform","ref":"4","shelter":"yes","surface":"paved","train":"yes","wheelchair":"yes"},"boarding_coordinate_status":"not_derived_from_area","extent_intersection_status":"intersects_research_envelope","geometry_status":"valid","name":"","osm_object_id":"555974691","osm_object_type":"way","selected_tags":{"public_transport":"platform","railway":"platform"},"source":"mapped_osm_feature","source_id":"osm_western_zone_20260915","source_sha256":"c335a72cadfebc3ffde5cfff20fc9711f3112bc11000d43fde4daea10c36b53e","status":"unverified_operation_and_station_identity"},"type":"Feature"},{"geometry":{"coordinates":[[[[73.020287,19.0211076],[73.0203223,19.0211427],[73.0203603,19.0211804],[73.0181337,19.0231674],[73.0180608,19.0230943],[73.020287,19.0211076]]]],"type":"MultiPolygon"},"id":"way/555974692","properties":{"all_driver_tags":{"bench":"yes","bin":"no","covered":"yes","layer":"-1","level":"-1","lit":"yes","operator":"CIDCO","public_transport":"platform","railway":"platform","ref":"1","shelter":"yes","surface":"paved","train":"yes","wheelchair":"yes"},"boarding_coordinate_status":"not_derived_from_area","extent_intersection_status":"intersects_research_envelope","geometry_status":"valid","name":"","osm_object_id":"555974692","osm_object_type":"way","selected_tags":{"public_transport":"platform","railway":"platform"},"source":"mapped_osm_feature","source_id":"osm_western_zone_20260915","source_sha256":"c335a72cadfebc3ffde5cfff20fc9711f3112bc11000d43fde4daea10c36b53e","status":"unverified_operation_and_station_identity"},"type":"Feature"},{"geometry":{"coordinates":[[[[73.1159019,18.9914462],[73.1167273,18.9914811],[73.1168118,18.9911882],[73.116965,18.9909144],[73.117183,18.9909411],[73.1172743,18.9902435],[73.1165216,18.9901663],[73.1165252,18.9901293],[73.1162669,18.9901086],[73.1162497,18.9902667],[73.1160589,18.990268],[73.1159734,18.991112],[73.1159019,18.9914462]]]],"type":"MultiPolygon"},"id":"way/560354723","properties":{"all_driver_tags":{"amenity":"bus_station","bus":"yes","name":"Panvel Bus Station","operator":"NMMT","public_transport":"station"},"boarding_coordinate_status":"not_derived_from_area","extent_intersection_status":"intersects_research_envelope","geometry_status":"valid","name":"Panvel Bus Station","osm_object_id":"560354723","osm_object_type":"way","selected_tags":{"amenity":"bus_station","public_transport":"station"},"source":"mapped_osm_feature","source_id":"osm_western_zone_20260915","source_sha256":"c335a72cadfebc3ffde5cfff20fc9711f3112bc11000d43fde4daea10c36b53e","status":"unverified_operation_and_station_identity"},"type":"Feature"},{"geometry":{"coordinates":[[[[72.9084092,19.0725605],[72.9089299,19.0729864],[72.9089439,19.0729445],[72.9084419,19.0725561],[72.9084092,19.0725605]]]],"type":"MultiPolygon"},"id":"way/560618271","properties":{"all_driver_tags":{"amenity":"taxi","name":"Garodiya nagar riksha stand"},"boarding_coordinate_status":"not_derived_from_area","extent_intersection_status":"intersects_research_envelope","geometry_status":"valid","name":"Garodiya nagar riksha stand","osm_object_id":"560618271","osm_object_type":"way","selected_tags":{"amenity":"taxi"},"source":"mapped_osm_feature","source_id":"osm_western_zone_20260915","source_sha256":"c335a72cadfebc3ffde5cfff20fc9711f3112bc11000d43fde4daea10c36b53e","status":"unverified_operation_and_station_identity"},"type":"Feature"},{"geometry":{"coordinates":[[[[73.0582016,19.0249145],[73.0578962,19.025431],[73.0594178,19.0262352],[73.0594825,19.0262694],[73.0598197,19.0264477],[73.0601275,19.0266104],[73.0601674,19.0266314],[73.0604728,19.026115],[73.0582016,19.0249145]]]],"type":"MultiPolygon"},"id":"way/562395722","properties":{"all_driver_tags":{"addr:city":"Navi Mumbai","addr:postcode":"410210","addr:street":"Kharghar Station Road","building":"parking","internet_access":"yes","layer":"1","level":"1","name":"Kharghar","operator":"CR","platforms":"4","public_transport":"station","railway":"station","ref":"KHAG","train":"yes","wheelchair":"limited","wikidata":"Q6400640","wikipedia":"en:Kharghar railway station"},"boarding_coordinate_status":"not_derived_from_area","extent_intersection_status":"intersects_research_envelope","geometry_status":"valid","name":"Kharghar","osm_object_id":"562395722","osm_object_type":"way","selected_tags":{"public_transport":"station","railway":"station"},"source":"mapped_osm_feature","source_id":"osm_western_zone_20260915","source_sha256":"c335a72cadfebc3ffde5cfff20fc9711f3112bc11000d43fde4daea10c36b53e","status":"unverified_operation_and_station_identity"},"type":"Feature"},{"geometry":{"coordinates":[[[[72.9932933,19.0709265],[72.9933364,19.0709469],[72.993384,19.0709532],[72.9934313,19.0709447],[72.9934732,19.0709223],[72.9935053,19.0708884],[72.9935242,19.0708466],[72.9935279,19.0708013],[72.9935161,19.0707572],[72.99349,19.070719],[72.9934523,19.0706908],[72.9934056,19.0706752],[72.9933561,19.070675],[72.9933093,19.0706903],[72.9932704,19.0707192],[72.9932438,19.0707587],[72.9932324,19.0708042],[72.9932376,19.0708508],[72.9932587,19.0708931],[72.9932933,19.0709265]]]],"type":"MultiPolygon"},"id":"way/563838053","properties":{"all_driver_tags":{"aeroway":"helipad"},"boarding_coordinate_status":"not_derived_from_area","extent_intersection_status":"intersects_research_envelope","geometry_status":"valid","name":"","osm_object_id":"563838053","osm_object_type":"way","selected_tags":{"aeroway":"helipad"},"source":"mapped_osm_feature","source_id":"osm_western_zone_20260915","source_sha256":"c335a72cadfebc3ffde5cfff20fc9711f3112bc11000d43fde4daea10c36b53e","status":"unverified_operation_and_station_identity"},"type":"Feature"},{"geometry":{"coordinates":[[[[72.8320201,19.0959218],[72.8322975,19.0957244],[72.8323569,19.095679],[72.8320072,19.0952459],[72.8316704,19.0954887],[72.8320201,19.0959218]]]],"type":"MultiPolygon"},"id":"way/564890874","properties":{"all_driver_tags":{"aeroway":"terminal","building":"yes","height":"12","name":"ONGC Terminal"},"boarding_coordinate_status":"not_derived_from_area","extent_intersection_status":"intersects_research_envelope","geometry_status":"valid","name":"ONGC Terminal","osm_object_id":"564890874","osm_object_type":"way","selected_tags":{"aeroway":"terminal"},"source":"mapped_osm_feature","source_id":"osm_western_zone_20260915","source_sha256":"c335a72cadfebc3ffde5cfff20fc9711f3112bc11000d43fde4daea10c36b53e","status":"unverified_operation_and_station_identity"},"type":"Feature"},{"geometry":{"coordinates":[[[[73.0421041,19.0141844],[73.0425043,19.0145917],[73.0425891,19.0145172],[73.0429186,19.0142278],[73.0425184,19.0138205],[73.0423071,19.0140061],[73.0421882,19.0141105],[73.0421041,19.0141844]]]],"type":"MultiPolygon"},"id":"way/566064407","properties":{"all_driver_tags":{"amenity":"ferry_terminal","ferry":"yes","name":"Sarovar Vihar (CBD Belapur)","operator":"CIDCO","public_transport":"station"},"boarding_coordinate_status":"not_derived_from_area","extent_intersection_status":"intersects_research_envelope","geometry_status":"valid","name":"Sarovar Vihar (CBD Belapur)","osm_object_id":"566064407","osm_object_type":"way","selected_tags":{"amenity":"ferry_terminal","public_transport":"station"},"source":"mapped_osm_feature","source_id":"osm_western_zone_20260915","source_sha256":"c335a72cadfebc3ffde5cfff20fc9711f3112bc11000d43fde4daea10c36b53e","status":"unverified_operation_and_station_identity"},"type":"Feature"},{"geometry":{"coordinates":[[[[72.9838432,19.0754737],[72.9839194,19.0758198],[72.9844951,19.0757066],[72.984427,19.0753974],[72.9844188,19.0753604],[72.9838432,19.0754737]]]],"type":"MultiPolygon"},"id":"way/566076849","properties":{"all_driver_tags":{"amenity":"ferry_terminal","building":"yes","ferry":"yes","name":"Sagar Vihar (Vashi)","operator":"CIDCO","public_transport":"station"},"boarding_coordinate_status":"not_derived_from_area","extent_intersection_status":"intersects_research_envelope","geometry_status":"valid","name":"Sagar Vihar (Vashi)","osm_object_id":"566076849","osm_object_type":"way","selected_tags":{"amenity":"ferry_terminal","public_transport":"station"},"source":"mapped_osm_feature","source_id":"osm_western_zone_20260915","source_sha256":"c335a72cadfebc3ffde5cfff20fc9711f3112bc11000d43fde4daea10c36b53e","status":"unverified_operation_and_station_identity"},"type":"Feature"},{"geometry":{"coordinates":[[[[73.0427582,19.0348734],[73.0427862,19.0352755],[73.0432355,19.0352851],[73.0432419,19.0348505],[73.0427582,19.0348734]]]],"type":"MultiPolygon"},"id":"way/566513467","properties":{"all_driver_tags":{"amenity":"bus_station","bus":"yes","name":"Artist Colony Sector-8 Depot","public_transport":"station"},"boarding_coordinate_status":"not_derived_from_area","extent_intersection_status":"intersects_research_envelope","geometry_status":"valid","name":"Artist Colony Sector-8 Depot","osm_object_id":"566513467","osm_object_type":"way","selected_tags":{"amenity":"bus_station","public_transport":"station"},"source":"mapped_osm_feature","source_id":"osm_western_zone_20260915","source_sha256":"c335a72cadfebc3ffde5cfff20fc9711f3112bc11000d43fde4daea10c36b53e","status":"unverified_operation_and_station_identity"},"type":"Feature"},{"geometry":{"coordinates":[[[[72.7902035,19.628308],[72.7902657,19.6283212],[72.79103,19.6254545],[72.7912341,19.6246502],[72.7914604,19.6237981],[72.7917135,19.6228552],[72.7916366,19.6228368],[72.7902035,19.628308]]]],"type":"MultiPolygon"},"id":"way/572362889","properties":{"all_driver_tags":{"departures_board":"yes","public_transport":"platform","railway":"platform","ref":"2","train":"yes"},"boarding_coordinate_status":"not_derived_from_area","extent_intersection_status":"intersects_research_envelope","geometry_status":"valid","name":"","osm_object_id":"572362889","osm_object_type":"way","selected_tags":{"public_transport":"platform","railway":"platform"},"source":"mapped_osm_feature","source_id":"osm_western_zone_20260915","source_sha256":"c335a72cadfebc3ffde5cfff20fc9711f3112bc11000d43fde4daea10c36b53e","status":"unverified_operation_and_station_identity"},"type":"Feature"},{"geometry":{"coordinates":[[[[72.7634958,19.8853813],[72.7635122,19.8857703],[72.7635614,19.8857688],[72.7635772,19.885381],[72.7635266,19.8816934],[72.7634369,19.8802705],[72.7633967,19.8802735],[72.7634958,19.8853813]]]],"type":"MultiPolygon"},"id":"way/572362895","properties":{"all_driver_tags":{"public_transport":"platform","railway":"platform","ref":"2;3","train":"yes"},"boarding_coordinate_status":"not_derived_from_area","extent_intersection_status":"intersects_research_envelope","geometry_status":"valid","name":"","osm_object_id":"572362895","osm_object_type":"way","selected_tags":{"public_transport":"platform","railway":"platform"},"source":"mapped_osm_feature","source_id":"osm_western_zone_20260915","source_sha256":"c335a72cadfebc3ffde5cfff20fc9711f3112bc11000d43fde4daea10c36b53e","status":"unverified_operation_and_station_identity"},"type":"Feature"},{"geometry":{"coordinates":[[[[72.8499246,19.5178481],[72.850272,19.5205227],[72.8501996,19.5205267],[72.8498464,19.5178638],[72.8499246,19.5178481]]]],"type":"MultiPolygon"},"id":"way/572498281","properties":{"all_driver_tags":{"bench":"yes","public_transport":"platform","railway":"platform","ref":"1","shelter":"yes","train":"yes"},"boarding_coordinate_status":"not_derived_from_area","extent_intersection_status":"intersects_research_envelope","geometry_status":"valid","name":"","osm_object_id":"572498281","osm_object_type":"way","selected_tags":{"public_transport":"platform","railway":"platform"},"source":"mapped_osm_feature","source_id":"osm_western_zone_20260915","source_sha256":"c335a72cadfebc3ffde5cfff20fc9711f3112bc11000d43fde4daea10c36b53e","status":"unverified_operation_and_station_identity"},"type":"Feature"},{"geometry":{"coordinates":[[[[72.850407,19.5204929],[72.8502453,19.5192507],[72.8501995,19.518937],[72.8500678,19.5178015],[72.8501451,19.5178265],[72.8502613,19.5187091],[72.8503749,19.5196845],[72.85047,19.5205014],[72.850407,19.5204929]]]],"type":"MultiPolygon"},"id":"way/572498284","properties":{"all_driver_tags":{"bench":"yes","public_transport":"platform","railway":"platform","ref":"2","shelter":"yes","train":"yes"},"boarding_coordinate_status":"not_derived_from_area","extent_intersection_status":"intersects_research_envelope","geometry_status":"valid","name":"","osm_object_id":"572498284","osm_object_type":"way","selected_tags":{"public_transport":"platform","railway":"platform"},"source":"mapped_osm_feature","source_id":"osm_western_zone_20260915","source_sha256":"c335a72cadfebc3ffde5cfff20fc9711f3112bc11000d43fde4daea10c36b53e","status":"unverified_operation_and_station_identity"},"type":"Feature"},{"geometry":{"coordinates":[[[[72.7616561,19.7954828],[72.7616955,19.7954738],[72.7617563,19.7962835],[72.7617863,19.797475],[72.7618525,19.8000462],[72.7618439,19.8007295],[72.7617768,19.800727],[72.7617148,19.7974847],[72.7616561,19.7954828]]]],"type":"MultiPolygon"},"id":"way/572498285","properties":{"all_driver_tags":{"public_transport":"platform","railway":"platform","train":"yes"},"boarding_coordinate_status":"not_derived_from_area","extent_intersection_status":"intersects_research_envelope","geometry_status":"valid","name":"","osm_object_id":"572498285","osm_object_type":"way","selected_tags":{"public_transport":"platform","railway":"platform"},"source":"mapped_osm_feature","source_id":"osm_western_zone_20260915","source_sha256":"c335a72cadfebc3ffde5cfff20fc9711f3112bc11000d43fde4daea10c36b53e","status":"unverified_operation_and_station_identity"},"type":"Feature"},{"geometry":{"coordinates":[[[[72.7615886,19.7976519],[72.7615049,19.7976477],[72.7616252,19.8010309],[72.7617134,19.8010224],[72.7615886,19.7976519]]]],"type":"MultiPolygon"},"id":"way/572498293","properties":{"all_driver_tags":{"public_transport":"platform","railway":"platform","train":"yes"},"boarding_coordinate_status":"not_derived_from_area","extent_intersection_status":"intersects_research_envelope","geometry_status":"valid","name":"","osm_object_id":"572498293","osm_object_type":"way","selected_tags":{"public_transport":"platform","railway":"platform"},"source":"mapped_osm_feature","source_id":"osm_western_zone_20260915","source_sha256":"c335a72cadfebc3ffde5cfff20fc9711f3112bc11000d43fde4daea10c36b53e","status":"unverified_operation_and_station_identity"},"type":"Feature"},{"geometry":{"coordinates":[[[[73.0175914,19.0326863],[73.0176802,19.0326789],[73.0176612,19.032331],[73.0184814,19.0322911],[73.0185016,19.0326617],[73.0186496,19.0326545],[73.0186559,19.0327712],[73.0187389,19.0328523],[73.0187932,19.0343065],[73.0187282,19.034385],[73.0187347,19.0345399],[73.0186059,19.0345445],[73.0186214,19.0348291],[73.0178104,19.0348686],[73.0177952,19.0345886],[73.0176859,19.0345939],[73.0176767,19.0344229],[73.0176021,19.0343599],[73.0175236,19.032881],[73.017595,19.0328181],[73.0175914,19.0326863]]]],"type":"MultiPolygon"},"id":"way/572630813","properties":{"all_driver_tags":{"addr:city":"Navi Mumbai","addr:postcode":"400706","addr:street":"Mata Amritanandamayi Marg","building":"train_station","internet_access":"yes","layer":"2","name":"Nerul","network":"Mumbai Suburban Railway Network","nohousenumber":"yes","operator":"Central Railways","platforms":"6","public_transport":"train_station","railway":"station","ref":"NEU","train":"yes","wheelchair":"limited","wikidata":"Q15261704","wikipedia":"en:Nerul railway station"},"boarding_coordinate_status":"not_derived_from_area","extent_intersection_status":"intersects_research_envelope","geometry_status":"valid","name":"Nerul","osm_object_id":"572630813","osm_object_type":"way","selected_tags":{"public_transport":"train_station","railway":"station"},"source":"mapped_osm_feature","source_id":"osm_western_zone_20260915","source_sha256":"c335a72cadfebc3ffde5cfff20fc9711f3112bc11000d43fde4daea10c36b53e","status":"unverified_operation_and_station_identity"},"type":"Feature"},{"geometry":{"coordinates":[[[[73.1499531,19.2276723],[73.1499872,19.2277062],[73.1499758,19.2277164],[73.1491753,19.2284332],[73.1483054,19.2291478],[73.1475836,19.2296666],[73.1475471,19.2296928],[73.1475106,19.2296524],[73.1475456,19.2296241],[73.1499391,19.2276836],[73.1499531,19.2276723]]]],"type":"MultiPolygon"},"id":"way/573021114","properties":{"all_driver_tags":{"public_transport":"platform","railway":"platform","ref":"1;2","train":"yes"},"boarding_coordinate_status":"not_derived_from_area","extent_intersection_status":"intersects_research_envelope","geometry_status":"valid","name":"","osm_object_id":"573021114","osm_object_type":"way","selected_tags":{"public_transport":"platform","railway":"platform"},"source":"mapped_osm_feature","source_id":"osm_western_zone_20260915","source_sha256":"c335a72cadfebc3ffde5cfff20fc9711f3112bc11000d43fde4daea10c36b53e","status":"unverified_operation_and_station_identity"},"type":"Feature"},{"geometry":{"coordinates":[[[[73.1828396,19.2109056],[73.1836556,19.2105532],[73.1855259,19.2097456],[73.1859173,19.2095428],[73.1859567,19.2095224],[73.1859357,19.2094678],[73.1858842,19.2094903],[73.1836159,19.2104824],[73.1827984,19.21084],[73.1828396,19.2109056]]]],"type":"MultiPolygon"},"id":"way/573021129","properties":{"all_driver_tags":{"public_transport":"platform","railway":"platform","ref":"1;2","train":"yes"},"boarding_coordinate_status":"not_derived_from_area","extent_intersection_status":"intersects_research_envelope","geometry_status":"valid","name":"","osm_object_id":"573021129","osm_object_type":"way","selected_tags":{"public_transport":"platform","railway":"platform"},"source":"mapped_osm_feature","source_id":"osm_western_zone_20260915","source_sha256":"c335a72cadfebc3ffde5cfff20fc9711f3112bc11000d43fde4daea10c36b53e","status":"unverified_operation_and_station_identity"},"type":"Feature"},{"geometry":{"coordinates":[[[[73.1837534,19.2103403],[73.1837677,19.2103309],[73.1848015,19.209887],[73.1858531,19.2094226],[73.1859317,19.2093879],[73.1858985,19.2093306],[73.1858192,19.2093654],[73.1837376,19.2102786],[73.1837235,19.2102848],[73.1837534,19.2103403]]]],"type":"MultiPolygon"},"id":"way/573021132","properties":{"all_driver_tags":{"public_transport":"platform","railway":"platform","ref":"3","train":"yes"},"boarding_coordinate_status":"not_derived_from_area","extent_intersection_status":"intersects_research_envelope","geometry_status":"valid","name":"","osm_object_id":"573021132","osm_object_type":"way","selected_tags":{"public_transport":"platform","railway":"platform"},"source":"mapped_osm_feature","source_id":"osm_western_zone_20260915","source_sha256":"c335a72cadfebc3ffde5cfff20fc9711f3112bc11000d43fde4daea10c36b53e","status":"unverified_operation_and_station_identity"},"type":"Feature"},{"geometry":{"coordinates":[[[[72.9869092,19.0706557],[72.9868868,19.0703484],[72.9873682,19.0703171],[72.9873905,19.0706244],[72.9869092,19.0706557]]]],"type":"MultiPolygon"},"id":"way/574007908","properties":{"all_driver_tags":{"amenity":"bus_station","bus":"yes","name":"Vashi Sector-6 Bus Depot","public_transport":"station"},"boarding_coordinate_status":"not_derived_from_area","extent_intersection_status":"intersects_research_envelope","geometry_status":"valid","name":"Vashi Sector-6 Bus Depot","osm_object_id":"574007908","osm_object_type":"way","selected_tags":{"amenity":"bus_station","public_transport":"station"},"source":"mapped_osm_feature","source_id":"osm_western_zone_20260915","source_sha256":"c335a72cadfebc3ffde5cfff20fc9711f3112bc11000d43fde4daea10c36b53e","status":"unverified_operation_and_station_identity"},"type":"Feature"},{"geometry":{"coordinates":[[[[73.0194299,19.0405632],[73.0202289,19.039815],[73.0199675,19.0396281],[73.0198186,19.0395537],[73.0197145,19.0395088],[73.019598,19.0394843],[73.0193626,19.0394994],[73.0194299,19.0405632]]]],"type":"MultiPolygon"},"id":"way/575018148","properties":{"all_driver_tags":{"amenity":"bus_station","bus":"yes","name":"Nerul Bus Station","network":"NMMT","public_transport":"station"},"boarding_coordinate_status":"not_derived_from_area","extent_intersection_status":"intersects_research_envelope","geometry_status":"valid","name":"Nerul Bus Station","osm_object_id":"575018148","osm_object_type":"way","selected_tags":{"amenity":"bus_station","public_transport":"station"},"source":"mapped_osm_feature","source_id":"osm_western_zone_20260915","source_sha256":"c335a72cadfebc3ffde5cfff20fc9711f3112bc11000d43fde4daea10c36b53e","status":"unverified_operation_and_station_identity"},"type":"Feature"},{"geometry":{"coordinates":[[[[73.0418671,19.0252833],[73.0423046,19.0249192],[73.0418887,19.0244648],[73.0414866,19.0248085],[73.0418671,19.0252833]]]],"type":"MultiPolygon"},"id":"way/575831949","properties":{"all_driver_tags":{"amenity":"bus_station","bus":"yes","name":"CBD Belapur Bus Station","operator":"NMMT","public_transport":"station"},"boarding_coordinate_status":"not_derived_from_area","extent_intersection_status":"intersects_research_envelope","geometry_status":"valid","name":"CBD Belapur Bus Station","osm_object_id":"575831949","osm_object_type":"way","selected_tags":{"amenity":"bus_station","public_transport":"station"},"source":"mapped_osm_feature","source_id":"osm_western_zone_20260915","source_sha256":"c335a72cadfebc3ffde5cfff20fc9711f3112bc11000d43fde4daea10c36b53e","status":"unverified_operation_and_station_identity"},"type":"Feature"},{"geometry":{"coordinates":[[[[72.9905261,19.1219536],[72.9908252,19.1209409],[72.9928804,19.1214828],[72.9929461,19.1216582],[72.9926902,19.1225243],[72.9905261,19.1219536]]]],"type":"MultiPolygon"},"id":"way/576984048","properties":{"all_driver_tags":{"alt_name":"Ghansoli Depot","bus":"yes","depot":"bus","industrial":"bus_depot","internet_access":"no","internet_access:fee":"no","landuse":"industrial","name":"Ghansoli Bus Depot","name:en":"Ghansoli Bus Depot","operator":"NMMT","public_transport":"yes"},"boarding_coordinate_status":"not_derived_from_area","extent_intersection_status":"intersects_research_envelope","geometry_status":"valid","name":"Ghansoli Bus Depot","osm_object_id":"576984048","osm_object_type":"way","selected_tags":{"public_transport":"yes"},"source":"mapped_osm_feature","source_id":"osm_western_zone_20260915","source_sha256":"c335a72cadfebc3ffde5cfff20fc9711f3112bc11000d43fde4daea10c36b53e","status":"unverified_operation_and_station_identity"},"type":"Feature"},{"geometry":{"coordinates":[[[[72.7728436,19.6955739],[72.7728971,19.6955826],[72.7727137,19.6964577],[72.7726499,19.6967243],[72.7719205,19.6995718],[72.7717937,19.6999388],[72.7716125,19.7004246],[72.7715818,19.7004131],[72.7728436,19.6955739]]]],"type":"MultiPolygon"},"id":"way/581645843","properties":{"all_driver_tags":{"bench":"yes","departures_board":"realtime","public_transport":"platform","railway":"platform","ref":"2, 3","shelter":"yes","train":"yes"},"boarding_coordinate_status":"not_derived_from_area","extent_intersection_status":"intersects_research_envelope","geometry_status":"valid","name":"","osm_object_id":"581645843","osm_object_type":"way","selected_tags":{"public_transport":"platform","railway":"platform"},"source":"mapped_osm_feature","source_id":"osm_western_zone_20260915","source_sha256":"c335a72cadfebc3ffde5cfff20fc9711f3112bc11000d43fde4daea10c36b53e","status":"unverified_operation_and_station_identity"},"type":"Feature"},{"geometry":{"coordinates":[[[[72.7605972,19.7544734],[72.7606678,19.7544717],[72.7607329,19.7568856],[72.7606623,19.7568873],[72.7605972,19.7544734]]]],"type":"MultiPolygon"},"id":"way/581645844","properties":{"all_driver_tags":{"bench":"yes","public_transport":"platform","railway":"platform","ref":"2","shelter":"yes","train":"yes"},"boarding_coordinate_status":"not_derived_from_area","extent_intersection_status":"intersects_research_envelope","geometry_status":"valid","name":"","osm_object_id":"581645844","osm_object_type":"way","selected_tags":{"public_transport":"platform","railway":"platform"},"source":"mapped_osm_feature","source_id":"osm_western_zone_20260915","source_sha256":"c335a72cadfebc3ffde5cfff20fc9711f3112bc11000d43fde4daea10c36b53e","status":"unverified_operation_and_station_identity"},"type":"Feature"},{"geometry":{"coordinates":[[[[72.7604153,19.7568903],[72.7605157,19.7568903],[72.7604487,19.7544764],[72.760355,19.7544828],[72.7604153,19.7568903]]]],"type":"MultiPolygon"},"id":"way/581645845","properties":{"all_driver_tags":{"bench":"yes","public_transport":"platform","railway":"platform","ref":"1","shelter":"yes","train":"yes"},"boarding_coordinate_status":"not_derived_from_area","extent_intersection_status":"intersects_research_envelope","geometry_status":"valid","name":"","osm_object_id":"581645845","osm_object_type":"way","selected_tags":{"public_transport":"platform","railway":"platform"},"source":"mapped_osm_feature","source_id":"osm_western_zone_20260915","source_sha256":"c335a72cadfebc3ffde5cfff20fc9711f3112bc11000d43fde4daea10c36b53e","status":"unverified_operation_and_station_identity"},"type":"Feature"},{"geometry":{"coordinates":[[[[72.7633238,19.8816647],[72.7632516,19.8816668],[72.7632906,19.8830996],[72.7633239,19.8842459],[72.7633829,19.8842449],[72.7633238,19.8816647]]]],"type":"MultiPolygon"},"id":"way/583453534","properties":{"all_driver_tags":{"public_transport":"platform","railway":"platform","ref":"1","train":"yes"},"boarding_coordinate_status":"not_derived_from_area","extent_intersection_status":"intersects_research_envelope","geometry_status":"valid","name":"","osm_object_id":"583453534","osm_object_type":"way","selected_tags":{"public_transport":"platform","railway":"platform"},"source":"mapped_osm_feature","source_id":"osm_western_zone_20260915","source_sha256":"c335a72cadfebc3ffde5cfff20fc9711f3112bc11000d43fde4daea10c36b53e","status":"unverified_operation_and_station_identity"},"type":"Feature"},{"geometry":{"coordinates":[[[[72.8711109,19.3610941],[72.8710755,19.3610357],[72.8716188,19.3606868],[72.8733229,19.35963],[72.8733565,19.3596901],[72.8711109,19.3610941]]]],"type":"MultiPolygon"},"id":"way/583731407","properties":{"all_driver_tags":{"alt_name:hi":"जूईचंद्र","bench":"yes","name":"Juichandra","name:hi":"जूचंद्र","name:mr":"जूचन्द्र","public_transport":"platform","railway":"platform","shelter":"yes","train":"yes"},"boarding_coordinate_status":"not_derived_from_area","extent_intersection_status":"intersects_research_envelope","geometry_status":"valid","name":"Juichandra","osm_object_id":"583731407","osm_object_type":"way","selected_tags":{"public_transport":"platform","railway":"platform"},"source":"mapped_osm_feature","source_id":"osm_western_zone_20260915","source_sha256":"c335a72cadfebc3ffde5cfff20fc9711f3112bc11000d43fde4daea10c36b53e","status":"unverified_operation_and_station_identity"},"type":"Feature"},{"geometry":{"coordinates":[[[[72.8712483,19.3610979],[72.8712843,19.361143],[72.8734269,19.3598216],[72.8734068,19.3597614],[72.8712483,19.3610979]]]],"type":"MultiPolygon"},"id":"way/583731409","properties":{"all_driver_tags":{"alt_name:hi":"जूईचंद्र","bench":"yes","name":"Juichandra","name:hi":"जूचंद्र","name:mr":"जूचन्द्र","public_transport":"platform","railway":"platform","shelter":"yes","train":"yes"},"boarding_coordinate_status":"not_derived_from_area","extent_intersection_status":"intersects_research_envelope","geometry_status":"valid","name":"Juichandra","osm_object_id":"583731409","osm_object_type":"way","selected_tags":{"public_transport":"platform","railway":"platform"},"source":"mapped_osm_feature","source_id":"osm_western_zone_20260915","source_sha256":"c335a72cadfebc3ffde5cfff20fc9711f3112bc11000d43fde4daea10c36b53e","status":"unverified_operation_and_station_identity"},"type":"Feature"},{"geometry":{"coordinates":[[[[72.9175777,19.337202],[72.9176211,19.3372741],[72.9189648,19.3365826],[72.919826,19.3361352],[72.9203748,19.3358488],[72.920882,19.3355715],[72.9208329,19.3354958],[72.9197949,19.3360398],[72.9175777,19.337202]]]],"type":"MultiPolygon"},"id":"way/583731422","properties":{"all_driver_tags":{"bench":"yes","name":"Kaman Road","name:hi":"कामन रोड","name:mr":"कामण रोड","public_transport":"platform","railway":"platform","shelter":"yes","train":"yes"},"boarding_coordinate_status":"not_derived_from_area","extent_intersection_status":"intersects_research_envelope","geometry_status":"valid","name":"Kaman Road","osm_object_id":"583731422","osm_object_type":"way","selected_tags":{"public_transport":"platform","railway":"platform"},"source":"mapped_osm_feature","source_id":"osm_western_zone_20260915","source_sha256":"c335a72cadfebc3ffde5cfff20fc9711f3112bc11000d43fde4daea10c36b53e","status":"unverified_operation_and_station_identity"},"type":"Feature"},{"geometry":{"coordinates":[[[[72.9207493,19.3353395],[72.9207975,19.3354158],[72.9197604,19.3359343],[72.9174997,19.3371118],[72.9174619,19.337045],[72.919738,19.3358642],[72.9207493,19.3353395]]]],"type":"MultiPolygon"},"id":"way/583731423","properties":{"all_driver_tags":{"bench":"yes","public_transport":"platform","railway":"platform","train":"yes"},"boarding_coordinate_status":"not_derived_from_area","extent_intersection_status":"intersects_research_envelope","geometry_status":"valid","name":"","osm_object_id":"583731423","osm_object_type":"way","selected_tags":{"public_transport":"platform","railway":"platform"},"source":"mapped_osm_feature","source_id":"osm_western_zone_20260915","source_sha256":"c335a72cadfebc3ffde5cfff20fc9711f3112bc11000d43fde4daea10c36b53e","status":"unverified_operation_and_station_identity"},"type":"Feature"},{"geometry":{"coordinates":[[[[72.9170381,19.1298815],[72.9170227,19.1296197],[72.9177494,19.1296728],[72.9176121,19.1297825],[72.9174137,19.1298899],[72.9172458,19.1298815],[72.9170381,19.1298815]]]],"type":"MultiPolygon"},"id":"way/584235770","properties":{"all_driver_tags":{"access":"yes","amenity":"bicycle_parking","bicycle_parking":"shed","capacity":"100","covered":"yes","fee":"no"},"boarding_coordinate_status":"not_derived_from_area","extent_intersection_status":"intersects_research_envelope","geometry_status":"valid","name":"","osm_object_id":"584235770","osm_object_type":"way","selected_tags":{"amenity":"bicycle_parking"},"source":"mapped_osm_feature","source_id":"osm_western_zone_20260915","source_sha256":"c335a72cadfebc3ffde5cfff20fc9711f3112bc11000d43fde4daea10c36b53e","status":"unverified_operation_and_station_identity"},"type":"Feature"},{"geometry":{"coordinates":[[[[72.9555575,19.1712227],[72.955612,19.1711829],[72.9556589,19.1712385],[72.9560204,19.1716671],[72.9569937,19.1726187],[72.9574093,19.1730337],[72.9575323,19.1731564],[72.9574731,19.1732142],[72.9573509,19.1730909],[72.956745,19.1724797],[72.9559816,19.1717096],[72.9557731,19.1714701],[72.9556084,19.171281],[72.9555575,19.1712227]]]],"type":"MultiPolygon"},"id":"way/591553339","properties":{"all_driver_tags":{"name":"PF1 Slow Towards Thane","public_transport":"platform","railway":"platform","ref":"1","train":"yes"},"boarding_coordinate_status":"not_derived_from_area","extent_intersection_status":"intersects_research_envelope","geometry_status":"valid","name":"PF1 Slow Towards Thane","osm_object_id":"591553339","osm_object_type":"way","selected_tags":{"public_transport":"platform","railway":"platform"},"source":"mapped_osm_feature","source_id":"osm_western_zone_20260915","source_sha256":"c335a72cadfebc3ffde5cfff20fc9711f3112bc11000d43fde4daea10c36b53e","status":"unverified_operation_and_station_identity"},"type":"Feature"},{"geometry":{"coordinates":[[[[72.8223857,19.5763654],[72.8210147,19.5775179],[72.8204885,19.5779703],[72.8204373,19.5779156],[72.8217002,19.5768165],[72.8223115,19.5762922],[72.8223857,19.5763654]]]],"type":"MultiPolygon"},"id":"way/591598137","properties":{"all_driver_tags":{"bench":"yes","public_transport":"platform","railway":"platform","shelter":"yes","train":"yes"},"boarding_coordinate_status":"not_derived_from_area","extent_intersection_status":"intersects_research_envelope","geometry_status":"valid","name":"","osm_object_id":"591598137","osm_object_type":"way","selected_tags":{"public_transport":"platform","railway":"platform"},"source":"mapped_osm_feature","source_id":"osm_western_zone_20260915","source_sha256":"c335a72cadfebc3ffde5cfff20fc9711f3112bc11000d43fde4daea10c36b53e","status":"unverified_operation_and_station_identity"},"type":"Feature"},{"geometry":{"coordinates":[[[[72.8225053,19.5765106],[72.8214979,19.5773394],[72.8205956,19.5781048],[72.8205497,19.5780548],[72.8213097,19.5773985],[72.8224492,19.5764377],[72.8225053,19.5765106]]]],"type":"MultiPolygon"},"id":"way/591598138","properties":{"all_driver_tags":{"bench":"yes","public_transport":"platform","railway":"platform","shelter":"yes","train":"yes"},"boarding_coordinate_status":"not_derived_from_area","extent_intersection_status":"intersects_research_envelope","geometry_status":"valid","name":"","osm_object_id":"591598138","osm_object_type":"way","selected_tags":{"public_transport":"platform","railway":"platform"},"source":"mapped_osm_feature","source_id":"osm_western_zone_20260915","source_sha256":"c335a72cadfebc3ffde5cfff20fc9711f3112bc11000d43fde4daea10c36b53e","status":"unverified_operation_and_station_identity"},"type":"Feature"},{"geometry":{"coordinates":[[[[73.0090798,19.0672573],[73.0094117,19.0672356],[73.0093753,19.0667395],[73.0090496,19.0667618],[73.0090798,19.0672573]]]],"type":"MultiPolygon"},"id":"way/592381471","properties":{"all_driver_tags":{"amenity":"bus_station","bus":"yes","name":"Sanpada Railway Station","operator":"NMMT","public_transport":"station"},"boarding_coordinate_status":"not_derived_from_area","extent_intersection_status":"intersects_research_envelope","geometry_status":"valid","name":"Sanpada Railway Station","osm_object_id":"592381471","osm_object_type":"way","selected_tags":{"amenity":"bus_station","public_transport":"station"},"source":"mapped_osm_feature","source_id":"osm_western_zone_20260915","source_sha256":"c335a72cadfebc3ffde5cfff20fc9711f3112bc11000d43fde4daea10c36b53e","status":"unverified_operation_and_station_identity"},"type":"Feature"},{"geometry":{"coordinates":[[[[72.7709934,19.7021585],[72.771046,19.7021679],[72.7715326,19.7003057],[72.7720113,19.6984667],[72.7723866,19.6969475],[72.7723103,19.696935],[72.7720808,19.6978648],[72.7714744,19.7002822],[72.7709934,19.7021585]]]],"type":"MultiPolygon"},"id":"way/593734737","properties":{"all_driver_tags":{"bench":"yes","bicycle":"designated","departures_board":"realtime","foot":"yes","horse":"no","motor_vehicle":"designated","public_transport":"platform","railway":"platform","ref":"1","shelter":"yes","train":"yes"},"boarding_coordinate_status":"not_derived_from_area","extent_intersection_status":"intersects_research_envelope","geometry_status":"valid","name":"","osm_object_id":"593734737","osm_object_type":"way","selected_tags":{"public_transport":"platform","railway":"platform"},"source":"mapped_osm_feature","source_id":"osm_western_zone_20260915","source_sha256":"c335a72cadfebc3ffde5cfff20fc9711f3112bc11000d43fde4daea10c36b53e","status":"unverified_operation_and_station_identity"},"type":"Feature"},{"geometry":{"coordinates":[[[[73.2179015,19.3564511],[73.2178766,19.3564968],[73.2180387,19.3565522],[73.2199809,19.3572164],[73.2204906,19.3573523],[73.2205015,19.357332],[73.2199985,19.3571677],[73.2180628,19.3565065],[73.2179015,19.3564511]]]],"type":"MultiPolygon"},"id":"way/597580736","properties":{"all_driver_tags":{"public_transport":"platform","railway":"platform","ref":"1","train":"yes"},"boarding_coordinate_status":"not_derived_from_area","extent_intersection_status":"intersects_research_envelope","geometry_status":"valid","name":"","osm_object_id":"597580736","osm_object_type":"way","selected_tags":{"public_transport":"platform","railway":"platform"},"source":"mapped_osm_feature","source_id":"osm_western_zone_20260915","source_sha256":"c335a72cadfebc3ffde5cfff20fc9711f3112bc11000d43fde4daea10c36b53e","status":"unverified_operation_and_station_identity"},"type":"Feature"},{"geometry":{"coordinates":[[[[73.2179363,19.3563192],[73.2179114,19.3563747],[73.2180891,19.3564348],[73.2201651,19.3571427],[73.220535,19.3572687],[73.220546,19.3572361],[73.2201896,19.3571013],[73.2193836,19.3568192],[73.2181123,19.3563811],[73.2179363,19.3563192]]]],"type":"MultiPolygon"},"id":"way/597580737","properties":{"all_driver_tags":{"public_transport":"platform","railway":"platform","ref":"2","train":"yes"},"boarding_coordinate_status":"not_derived_from_area","extent_intersection_status":"intersects_research_envelope","geometry_status":"valid","name":"","osm_object_id":"597580737","osm_object_type":"way","selected_tags":{"public_transport":"platform","railway":"platform"},"source":"mapped_osm_feature","source_id":"osm_western_zone_20260915","source_sha256":"c335a72cadfebc3ffde5cfff20fc9711f3112bc11000d43fde4daea10c36b53e","status":"unverified_operation_and_station_identity"},"type":"Feature"},{"geometry":{"coordinates":[[[[72.9981189,19.156907],[72.9986747,19.1569048],[72.9988241,19.156232],[72.9981026,19.1562386],[72.9981189,19.156907]]]],"type":"MultiPolygon"},"id":"way/603251681","properties":{"all_driver_tags":{"addr:city":"Navi Mumbai","addr:postcode":"400708","addr:street":"Airoli Station Road","amenity":"bus_station","bus":"yes","name":"Airoli Bus Station","operator":"NMMT","public_transport":"station"},"boarding_coordinate_status":"not_derived_from_area","extent_intersection_status":"intersects_research_envelope","geometry_status":"valid","name":"Airoli Bus Station","osm_object_id":"603251681","osm_object_type":"way","selected_tags":{"amenity":"bus_station","public_transport":"station"},"source":"mapped_osm_feature","source_id":"osm_western_zone_20260915","source_sha256":"c335a72cadfebc3ffde5cfff20fc9711f3112bc11000d43fde4daea10c36b53e","status":"unverified_operation_and_station_identity"},"type":"Feature"},{"geometry":{"coordinates":[[[[73.0398343,19.0212987],[73.040302,19.0208929],[73.0401398,19.0208036],[73.0398261,19.0206372],[73.0395391,19.0208787],[73.039534,19.0209986],[73.0398343,19.0212987]]]],"type":"MultiPolygon"},"id":"way/603568803","properties":{"all_driver_tags":{"amenity":"bus_station","bus":"yes","name":"Belapur Bus Depot","operator":"NMMT","public_transport":"station"},"boarding_coordinate_status":"not_derived_from_area","extent_intersection_status":"intersects_research_envelope","geometry_status":"valid","name":"Belapur Bus Depot","osm_object_id":"603568803","osm_object_type":"way","selected_tags":{"amenity":"bus_station","public_transport":"station"},"source":"mapped_osm_feature","source_id":"osm_western_zone_20260915","source_sha256":"c335a72cadfebc3ffde5cfff20fc9711f3112bc11000d43fde4daea10c36b53e","status":"unverified_operation_and_station_identity"},"type":"Feature"},{"geometry":{"coordinates":[[[[73.0145045,19.0400674],[73.0137792,19.040097],[73.0137851,19.0402235],[73.0138011,19.0405633],[73.0145223,19.0405193],[73.0145045,19.0400674]]]],"type":"MultiPolygon"},"id":"way/603574291","properties":{"all_driver_tags":{"amenity":"bus_station","bus":"yes","name":"Sarsole Bus Station","operator":"NMMT","public_transport":"station"},"boarding_coordinate_status":"not_derived_from_area","extent_intersection_status":"intersects_research_envelope","geometry_status":"valid","name":"Sarsole Bus Station","osm_object_id":"603574291","osm_object_type":"way","selected_tags":{"amenity":"bus_station","public_transport":"station"},"source":"mapped_osm_feature","source_id":"osm_western_zone_20260915","source_sha256":"c335a72cadfebc3ffde5cfff20fc9711f3112bc11000d43fde4daea10c36b53e","status":"unverified_operation_and_station_identity"},"type":"Feature"},{"geometry":{"coordinates":[[[[73.101184,19.0274031],[73.100437,19.0274015],[73.1004362,19.0277451],[73.1011832,19.0277468],[73.101184,19.0274031]]]],"type":"MultiPolygon"},"id":"way/604590800","properties":{"all_driver_tags":{"amenity":"bus_station","bus":"yes","name":"Kalamboli Bus Depot","public_transport":"station"},"boarding_coordinate_status":"not_derived_from_area","extent_intersection_status":"intersects_research_envelope","geometry_status":"valid","name":"Kalamboli Bus Depot","osm_object_id":"604590800","osm_object_type":"way","selected_tags":{"amenity":"bus_station","public_transport":"station"},"source":"mapped_osm_feature","source_id":"osm_western_zone_20260915","source_sha256":"c335a72cadfebc3ffde5cfff20fc9711f3112bc11000d43fde4daea10c36b53e","status":"unverified_operation_and_station_identity"},"type":"Feature"},{"geometry":{"coordinates":[[[[73.0634181,19.0376908],[73.0634665,19.0379025],[73.0647378,19.0376427],[73.0646894,19.0374311],[73.0634181,19.0376908]]]],"type":"MultiPolygon"},"id":"way/605163717","properties":{"all_driver_tags":{"building":"transportation","layer":"1","name":"Kendriya Vihar","name:mr":"केंद्रीय विहार","network":"Navi Mumbai Metro","operator":"CIDCO","public_transport":"station","railway":"station","station":"subway","subway":"yes","train":"yes"},"boarding_coordinate_status":"not_derived_from_area","extent_intersection_status":"intersects_research_envelope","geometry_status":"valid","name":"Kendriya Vihar","osm_object_id":"605163717","osm_object_type":"way","selected_tags":{"public_transport":"station","railway":"station"},"source":"mapped_osm_feature","source_id":"osm_western_zone_20260915","source_sha256":"c335a72cadfebc3ffde5cfff20fc9711f3112bc11000d43fde4daea10c36b53e","status":"unverified_operation_and_station_identity"},"type":"Feature"},{"geometry":{"coordinates":[[[[73.0739695,19.0425471],[73.074172,19.0424775],[73.0746311,19.0436716],[73.0744287,19.0437411],[73.0739695,19.0425471]]]],"type":"MultiPolygon"},"id":"way/605163718","properties":{"all_driver_tags":{"building":"transportation","layer":"1","name":"Khargar Village","name:mr":"खारघर गाव","network":"Navi Mumbai Metro","operator":"CIDCO","public_transport":"station","railway":"station","station":"subway","subway":"yes"},"boarding_coordinate_status":"not_derived_from_area","extent_intersection_status":"intersects_research_envelope","geometry_status":"valid","name":"Khargar Village","osm_object_id":"605163718","osm_object_type":"way","selected_tags":{"public_transport":"station","railway":"station"},"source":"mapped_osm_feature","source_id":"osm_western_zone_20260915","source_sha256":"c335a72cadfebc3ffde5cfff20fc9711f3112bc11000d43fde4daea10c36b53e","status":"unverified_operation_and_station_identity"},"type":"Feature"},{"geometry":{"coordinates":[[[[73.0759591,19.0542818],[73.0762167,19.05425],[73.0760366,19.0529442],[73.075779,19.0529759],[73.0759591,19.0542818]]]],"type":"MultiPolygon"},"id":"way/605163719","properties":{"all_driver_tags":{"building":"transportation","layer":"1","name":"Central Park","name:mr":"सेंट्रल पार्क","network":"Navi Mumbai Metro","operator":"CIDCO","public_transport":"station","railway":"station","station":"subway","subway":"yes"},"boarding_coordinate_status":"not_derived_from_area","extent_intersection_status":"intersects_research_envelope","geometry_status":"valid","name":"Central Park","osm_object_id":"605163719","osm_object_type":"way","selected_tags":{"public_transport":"station","railway":"station"},"source":"mapped_osm_feature","source_id":"osm_western_zone_20260915","source_sha256":"c335a72cadfebc3ffde5cfff20fc9711f3112bc11000d43fde4daea10c36b53e","status":"unverified_operation_and_station_identity"},"type":"Feature"},{"geometry":{"coordinates":[[[[73.077323,19.0644857],[73.0775772,19.064456],[73.0774072,19.0631558],[73.077153,19.0631855],[73.077323,19.0644857]]]],"type":"MultiPolygon"},"id":"way/605163720","properties":{"all_driver_tags":{"building":"transportation","layer":"1","name":"Pethpada","name:mr":"पेठपाडा","network":"Navi Mumbai Metro","operator":"CIDCO","public_transport":"station","railway":"station","station":"subway","train":"yes"},"boarding_coordinate_status":"not_derived_from_area","extent_intersection_status":"intersects_research_envelope","geometry_status":"valid","name":"Pethpada","osm_object_id":"605163720","osm_object_type":"way","selected_tags":{"public_transport":"station","railway":"station"},"source":"mapped_osm_feature","source_id":"osm_western_zone_20260915","source_sha256":"c335a72cadfebc3ffde5cfff20fc9711f3112bc11000d43fde4daea10c36b53e","status":"unverified_operation_and_station_identity"},"type":"Feature"},{"geometry":{"coordinates":[[[[73.0811214,19.0736689],[73.0811677,19.0738833],[73.0825073,19.0736249],[73.082461,19.0734105],[73.0811214,19.0736689]]]],"type":"MultiPolygon"},"id":"way/605163721","properties":{"all_driver_tags":{"building":"transportation","layer":"1","name":"Sector-34","name:mr":"सेक्टर 34","network":"Navi Mumbai Metro","operator":"CIDCO","public_transport":"station","railway":"station","station":"subway","subway":"yes","train":"yes","wheelchair":"yes"},"boarding_coordinate_status":"not_derived_from_area","extent_intersection_status":"intersects_research_envelope","geometry_status":"valid","name":"Sector-34","osm_object_id":"605163721","osm_object_type":"way","selected_tags":{"public_transport":"station","railway":"station"},"source":"mapped_osm_feature","source_id":"osm_western_zone_20260915","source_sha256":"c335a72cadfebc3ffde5cfff20fc9711f3112bc11000d43fde4daea10c36b53e","status":"unverified_operation_and_station_identity"},"type":"Feature"},{"geometry":{"coordinates":[[[[73.0584535,19.0321351],[73.0587113,19.0319759],[73.058875,19.0322128],[73.0590164,19.0321255],[73.0588666,19.0319087],[73.0589056,19.0318846],[73.0590915,19.0321539],[73.0589296,19.0322538],[73.0593451,19.0328555],[73.0594537,19.0327885],[73.0594159,19.0327338],[73.0594863,19.0326904],[73.0596584,19.0329395],[73.0595712,19.0329933],[73.0594825,19.0328649],[73.0593767,19.0329302],[73.0595075,19.0331196],[73.0592455,19.0332814],[73.0584535,19.0321351]]]],"type":"MultiPolygon"},"id":"way/605163722","properties":{"all_driver_tags":{"building":"transportation","layer":"1","name":"Utsav Chowk","name:mr":"उत्सव चौक","network":"Navi Mumbai Metro","operator":"CIDCO","public_transport":"station","railway":"station","station":"subway","subway":"yes","train":"yes"},"boarding_coordinate_status":"not_derived_from_area","extent_intersection_status":"intersects_research_envelope","geometry_status":"valid","name":"Utsav Chowk","osm_object_id":"605163722","osm_object_type":"way","selected_tags":{"public_transport":"station","railway":"station"},"source":"mapped_osm_feature","source_id":"osm_western_zone_20260915","source_sha256":"c335a72cadfebc3ffde5cfff20fc9711f3112bc11000d43fde4daea10c36b53e","status":"unverified_operation_and_station_identity"},"type":"Feature"},{"geometry":{"coordinates":[[[[73.0543378,19.0249877],[73.0544613,19.024824],[73.055552,19.0255591],[73.0554286,19.0257228],[73.0543378,19.0249877]]]],"type":"MultiPolygon"},"id":"way/605163723","properties":{"all_driver_tags":{"building":"transportation","layer":"1","name":"Belpada","name:mr":"बेलपाडा","network":"Navi Mumbai Metro","operator":"CIDCO","public_transport":"station","railway":"station","station":"subway","subway":"yes","train":"yes"},"boarding_coordinate_status":"not_derived_from_area","extent_intersection_status":"intersects_research_envelope","geometry_status":"valid","name":"Belpada","osm_object_id":"605163723","osm_object_type":"way","selected_tags":{"public_transport":"station","railway":"station"},"source":"mapped_osm_feature","source_id":"osm_western_zone_20260915","source_sha256":"c335a72cadfebc3ffde5cfff20fc9711f3112bc11000d43fde4daea10c36b53e","status":"unverified_operation_and_station_identity"},"type":"Feature"},{"geometry":{"coordinates":[[[[73.0901773,19.0748742],[73.0903524,19.0750604],[73.0913644,19.0742095],[73.0911892,19.0740233],[73.0901773,19.0748742]]]],"type":"MultiPolygon"},"id":"way/605163727","properties":{"all_driver_tags":{"building":"train_station","layer":"1","name":"Panchanand","name:mr":"पंचानंद","network":"Navi Mumbai Metro","operator":"CIDCO","public_transport":"station","railway":"station","station":"subway","subway":"yes","train":"yes"},"boarding_coordinate_status":"not_derived_from_area","extent_intersection_status":"intersects_research_envelope","geometry_status":"valid","name":"Panchanand","osm_object_id":"605163727","osm_object_type":"way","selected_tags":{"public_transport":"station","railway":"station"},"source":"mapped_osm_feature","source_id":"osm_western_zone_20260915","source_sha256":"c335a72cadfebc3ffde5cfff20fc9711f3112bc11000d43fde4daea10c36b53e","status":"unverified_operation_and_station_identity"},"type":"Feature"},{"geometry":{"coordinates":[[[[72.7914343,19.6230648],[72.7913273,19.6230487],[72.7910299,19.6242214],[72.7909639,19.6244673],[72.7909052,19.6247369],[72.7907392,19.625428],[72.7908352,19.6254504],[72.7910357,19.6246258],[72.7911388,19.6242362],[72.7914343,19.6230648]]]],"type":"MultiPolygon"},"id":"way/606337027","properties":{"all_driver_tags":{"bench":"yes","departures_board":"yes","lit":"yes","public_transport":"platform","railway":"platform","ref":"1","shelter":"yes","train":"yes"},"boarding_coordinate_status":"not_derived_from_area","extent_intersection_status":"intersects_research_envelope","geometry_status":"valid","name":"","osm_object_id":"606337027","osm_object_type":"way","selected_tags":{"public_transport":"platform","railway":"platform"},"source":"mapped_osm_feature","source_id":"osm_western_zone_20260915","source_sha256":"c335a72cadfebc3ffde5cfff20fc9711f3112bc11000d43fde4daea10c36b53e","status":"unverified_operation_and_station_identity"},"type":"Feature"},{"geometry":{"coordinates":[[[[72.7648476,20.120803],[72.7648958,20.1207642],[72.765956,20.1221219],[72.7659147,20.1221606],[72.7648476,20.120803]]]],"type":"MultiPolygon"},"id":"way/606337044","properties":{"all_driver_tags":{"bench":"yes","lit":"yes","public_transport":"platform","railway":"platform","shelter":"yes","train":"yes"},"boarding_coordinate_status":"not_derived_from_area","extent_intersection_status":"intersects_research_envelope","geometry_status":"valid","name":"","osm_object_id":"606337044","osm_object_type":"way","selected_tags":{"public_transport":"platform","railway":"platform"},"source":"mapped_osm_feature","source_id":"osm_western_zone_20260915","source_sha256":"c335a72cadfebc3ffde5cfff20fc9711f3112bc11000d43fde4daea10c36b53e","status":"unverified_operation_and_station_identity"},"type":"Feature"},{"geometry":{"coordinates":[[[[72.7657879,20.1222206],[72.76575,20.122253],[72.7647345,20.1209504],[72.7647758,20.1209213],[72.7657879,20.1222206]]]],"type":"MultiPolygon"},"id":"way/606337045","properties":{"all_driver_tags":{"bench":"yes","lit":"yes","public_transport":"platform","railway":"platform","shelter":"yes","train":"yes"},"boarding_coordinate_status":"not_derived_from_area","extent_intersection_status":"intersects_research_envelope","geometry_status":"valid","name":"","osm_object_id":"606337045","osm_object_type":"way","selected_tags":{"public_transport":"platform","railway":"platform"},"source":"mapped_osm_feature","source_id":"osm_western_zone_20260915","source_sha256":"c335a72cadfebc3ffde5cfff20fc9711f3112bc11000d43fde4daea10c36b53e","status":"unverified_operation_and_station_identity"},"type":"Feature"},{"geometry":{"coordinates":[[[[72.8223206,20.1934809],[72.8224263,20.193397],[72.8201984,20.1905353],[72.8187674,20.1888259],[72.8186901,20.1889022],[72.8223206,20.1934809]]]],"type":"MultiPolygon"},"id":"way/606337048","properties":{"all_driver_tags":{"name":"Sanjan","name:hi":"संजान","public_transport":"platform","railway":"platform","ref":"2;3","train":"yes"},"boarding_coordinate_status":"not_derived_from_area","extent_intersection_status":"intersects_research_envelope","geometry_status":"valid","name":"Sanjan","osm_object_id":"606337048","osm_object_type":"way","selected_tags":{"public_transport":"platform","railway":"platform"},"source":"mapped_osm_feature","source_id":"osm_western_zone_20260915","source_sha256":"c335a72cadfebc3ffde5cfff20fc9711f3112bc11000d43fde4daea10c36b53e","status":"unverified_operation_and_station_identity"},"type":"Feature"},{"geometry":{"coordinates":[[[[72.8186478,20.1890158],[72.8185705,20.1890807],[72.8204935,20.1915685],[72.8220628,20.193606],[72.822201,20.1935106],[72.8186478,20.1890158]]]],"type":"MultiPolygon"},"id":"way/606337049","properties":{"all_driver_tags":{"name":"Sanjan","name:hi":"संजान","public_transport":"platform","railway":"platform","ref":"1","train":"yes"},"boarding_coordinate_status":"not_derived_from_area","extent_intersection_status":"intersects_research_envelope","geometry_status":"valid","name":"Sanjan","osm_object_id":"606337049","osm_object_type":"way","selected_tags":{"public_transport":"platform","railway":"platform"},"source":"mapped_osm_feature","source_id":"osm_western_zone_20260915","source_sha256":"c335a72cadfebc3ffde5cfff20fc9711f3112bc11000d43fde4daea10c36b53e","status":"unverified_operation_and_station_identity"},"type":"Feature"},{"geometry":{"coordinates":[[[[73.0797711,19.0174472],[73.0798437,19.0175109],[73.0817112,19.0156082],[73.0816416,19.0155472],[73.0797711,19.0174472]]]],"type":"MultiPolygon"},"id":"way/608390634","properties":{"all_driver_tags":{"bench":"yes","lit":"yes","public_transport":"platform","railway":"platform","ref":"1","shelter":"no","surface":"paved","train":"yes"},"boarding_coordinate_status":"not_derived_from_area","extent_intersection_status":"intersects_research_envelope","geometry_status":"valid","name":"","osm_object_id":"608390634","osm_object_type":"way","selected_tags":{"public_transport":"platform","railway":"platform"},"source":"mapped_osm_feature","source_id":"osm_western_zone_20260915","source_sha256":"c335a72cadfebc3ffde5cfff20fc9711f3112bc11000d43fde4daea10c36b53e","status":"unverified_operation_and_station_identity"},"type":"Feature"},{"geometry":{"coordinates":[[[[73.0815113,19.0154364],[73.0814453,19.0153783],[73.0795732,19.0172766],[73.0796391,19.0173347],[73.0815113,19.0154364]]]],"type":"MultiPolygon"},"id":"way/608390635","properties":{"all_driver_tags":{"bench":"yes","lit":"yes","public_transport":"platform","railway":"platform","ref":"2","shelter":"no","surface":"paved","train":"yes"},"boarding_coordinate_status":"not_derived_from_area","extent_intersection_status":"intersects_research_envelope","geometry_status":"valid","name":"","osm_object_id":"608390635","osm_object_type":"way","selected_tags":{"public_transport":"platform","railway":"platform"},"source":"mapped_osm_feature","source_id":"osm_western_zone_20260915","source_sha256":"c335a72cadfebc3ffde5cfff20fc9711f3112bc11000d43fde4daea10c36b53e","status":"unverified_operation_and_station_identity"},"type":"Feature"},{"geometry":{"coordinates":[[[[73.0940319,19.0076815],[73.0965974,19.0070866],[73.0965757,19.0070028],[73.0940101,19.0075976],[73.0940319,19.0076815]]]],"type":"MultiPolygon"},"id":"way/608390640","properties":{"all_driver_tags":{"bench":"yes","lit":"yes","public_transport":"platform","railway":"platform","ref":"1;2","shelter":"yes","surface":"paved","train":"yes"},"boarding_coordinate_status":"not_derived_from_area","extent_intersection_status":"intersects_research_envelope","geometry_status":"valid","name":"","osm_object_id":"608390640","osm_object_type":"way","selected_tags":{"public_transport":"platform","railway":"platform"},"source":"mapped_osm_feature","source_id":"osm_western_zone_20260915","source_sha256":"c335a72cadfebc3ffde5cfff20fc9711f3112bc11000d43fde4daea10c36b53e","status":"unverified_operation_and_station_identity"},"type":"Feature"},{"geometry":{"coordinates":[[[[73.096608,19.0071299],[73.0966239,19.0071906],[73.0940609,19.0077917],[73.094045,19.007731],[73.096608,19.0071299]]]],"type":"MultiPolygon"},"id":"way/608390641","properties":{"all_driver_tags":{"bench":"yes","lit":"yes","public_transport":"platform","railway":"platform","ref":"1","shelter":"yes","surface":"paved","train":"yes"},"boarding_coordinate_status":"not_derived_from_area","extent_intersection_status":"intersects_research_envelope","geometry_status":"valid","name":"","osm_object_id":"608390641","osm_object_type":"way","selected_tags":{"public_transport":"platform","railway":"platform"},"source":"mapped_osm_feature","source_id":"osm_western_zone_20260915","source_sha256":"c335a72cadfebc3ffde5cfff20fc9711f3112bc11000d43fde4daea10c36b53e","status":"unverified_operation_and_station_identity"},"type":"Feature"},{"geometry":{"coordinates":[[[[73.1450875,18.9536116],[73.1451459,18.9536163],[73.1454004,18.9507787],[73.145342,18.950774],[73.1450875,18.9536116]]]],"type":"MultiPolygon"},"id":"way/608390659","properties":{"all_driver_tags":{"bench":"yes","lit":"yes","public_transport":"platform","railway":"platform","shelter":"yes","train":"yes"},"boarding_coordinate_status":"not_derived_from_area","extent_intersection_status":"intersects_research_envelope","geometry_status":"valid","name":"","osm_object_id":"608390659","osm_object_type":"way","selected_tags":{"public_transport":"platform","railway":"platform"},"source":"mapped_osm_feature","source_id":"osm_western_zone_20260915","source_sha256":"c335a72cadfebc3ffde5cfff20fc9711f3112bc11000d43fde4daea10c36b53e","status":"unverified_operation_and_station_identity"},"type":"Feature"},{"geometry":{"coordinates":[[[[73.145174,18.9504349],[73.1451276,18.9504313],[73.1448544,18.9535554],[73.1449008,18.953559],[73.1451456,18.9507599],[73.145174,18.9504349]]]],"type":"MultiPolygon"},"id":"way/608390660","properties":{"all_driver_tags":{"bench":"yes","lit":"yes","public_transport":"platform","railway":"platform","shelter":"yes","train":"yes"},"boarding_coordinate_status":"not_derived_from_area","extent_intersection_status":"intersects_research_envelope","geometry_status":"valid","name":"","osm_object_id":"608390660","osm_object_type":"way","selected_tags":{"public_transport":"platform","railway":"platform"},"source":"mapped_osm_feature","source_id":"osm_western_zone_20260915","source_sha256":"c335a72cadfebc3ffde5cfff20fc9711f3112bc11000d43fde4daea10c36b53e","status":"unverified_operation_and_station_identity"},"type":"Feature"},{"geometry":{"coordinates":[[[[73.1534861,18.8662463],[73.1535304,18.8662381],[73.1531914,18.8643579],[73.1530479,18.8636662],[73.1529553,18.8633832],[73.152612,18.862755],[73.1525717,18.8627715],[73.1526884,18.8630329],[73.152789,18.8632842],[73.1528776,18.8635406],[73.1529647,18.8638223],[73.1530988,18.8642881],[73.1531685,18.8645762],[73.1534861,18.8662463]]]],"type":"MultiPolygon"},"id":"way/608390678","properties":{"all_driver_tags":{"bench":"yes","public_transport":"platform","railway":"platform","shelter":"yes","train":"yes"},"boarding_coordinate_status":"not_derived_from_area","extent_intersection_status":"intersects_research_envelope","geometry_status":"valid","name":"","osm_object_id":"608390678","osm_object_type":"way","selected_tags":{"public_transport":"platform","railway":"platform"},"source":"mapped_osm_feature","source_id":"osm_western_zone_20260915","source_sha256":"c335a72cadfebc3ffde5cfff20fc9711f3112bc11000d43fde4daea10c36b53e","status":"unverified_operation_and_station_identity"},"type":"Feature"},{"geometry":{"coordinates":[[[[73.1522884,18.8626347],[73.1522352,18.8626637],[73.1524471,18.8631256],[73.1526844,18.8637817],[73.1529378,18.8646155],[73.1532249,18.8661143],[73.1532665,18.8661054],[73.152989,18.8646035],[73.1529219,18.8643248],[73.1527957,18.8638642],[73.1527046,18.8635977],[73.1526133,18.8633363],[73.1525114,18.863085],[73.1523988,18.8628553],[73.1522884,18.8626347]]]],"type":"MultiPolygon"},"id":"way/608390679","properties":{"all_driver_tags":{"public_transport":"platform","railway":"platform","train":"yes"},"boarding_coordinate_status":"not_derived_from_area","extent_intersection_status":"intersects_research_envelope","geometry_status":"valid","name":"","osm_object_id":"608390679","osm_object_type":"way","selected_tags":{"public_transport":"platform","railway":"platform"},"source":"mapped_osm_feature","source_id":"osm_western_zone_20260915","source_sha256":"c335a72cadfebc3ffde5cfff20fc9711f3112bc11000d43fde4daea10c36b53e","status":"unverified_operation_and_station_identity"},"type":"Feature"},{"geometry":{"coordinates":[[[[72.8661695,19.0257348],[72.8669795,19.0255522],[72.867068,19.0258971],[72.8665048,19.0260086],[72.866435,19.025996],[72.8662768,19.0259199],[72.8661963,19.0258134],[72.8661695,19.0257348]]]],"type":"MultiPolygon"},"id":"way/625837788","properties":{"all_driver_tags":{"amenity":"bus_station","landuse":"garages","name":"Antop Hill Bus Depot"},"boarding_coordinate_status":"not_derived_from_area","extent_intersection_status":"intersects_research_envelope","geometry_status":"valid","name":"Antop Hill Bus Depot","osm_object_id":"625837788","osm_object_type":"way","selected_tags":{"amenity":"bus_station"},"source":"mapped_osm_feature","source_id":"osm_western_zone_20260915","source_sha256":"c335a72cadfebc3ffde5cfff20fc9711f3112bc11000d43fde4daea10c36b53e","status":"unverified_operation_and_station_identity"},"type":"Feature"},{"geometry":{"coordinates":[[[[72.8492606,19.1394428],[72.8492114,19.139449],[72.8495547,19.1419094],[72.8495919,19.1419048],[72.8496039,19.1419033],[72.8492606,19.1394428]]]],"type":"MultiPolygon"},"id":"way/625929053","properties":{"all_driver_tags":{"public_transport":"platform","railway":"platform","ref":"2","shelter":"yes"},"boarding_coordinate_status":"not_derived_from_area","extent_intersection_status":"intersects_research_envelope","geometry_status":"valid","name":"","osm_object_id":"625929053","osm_object_type":"way","selected_tags":{"public_transport":"platform","railway":"platform"},"source":"mapped_osm_feature","source_id":"osm_western_zone_20260915","source_sha256":"c335a72cadfebc3ffde5cfff20fc9711f3112bc11000d43fde4daea10c36b53e","status":"unverified_operation_and_station_identity"},"type":"Feature"},{"geometry":{"coordinates":[[[[72.8491536,19.1394593],[72.8491164,19.139464],[72.8492648,19.1405278],[72.8494548,19.1418893],[72.8494597,19.1419244],[72.8494969,19.1419198],[72.8491536,19.1394593]]]],"type":"MultiPolygon"},"id":"way/625929054","properties":{"all_driver_tags":{"public_transport":"platform","railway":"platform","ref":"1","shelter":"yes"},"boarding_coordinate_status":"not_derived_from_area","extent_intersection_status":"intersects_research_envelope","geometry_status":"valid","name":"","osm_object_id":"625929054","osm_object_type":"way","selected_tags":{"public_transport":"platform","railway":"platform"},"source":"mapped_osm_feature","source_id":"osm_western_zone_20260915","source_sha256":"c335a72cadfebc3ffde5cfff20fc9711f3112bc11000d43fde4daea10c36b53e","status":"unverified_operation_and_station_identity"},"type":"Feature"},{"geometry":{"coordinates":[[[[73.3355242,18.8085629],[73.3354844,18.8085478],[73.3353339,18.8090106],[73.3352304,18.8093287],[73.3347083,18.8109338],[73.3347698,18.8109524],[73.3353067,18.8093488],[73.3354135,18.8090298],[73.3354513,18.808917],[73.3354333,18.8088549],[73.3355242,18.8085629]]]],"type":"MultiPolygon"},"id":"way/626026545","properties":{"all_driver_tags":{"public_transport":"platform","railway":"platform"},"boarding_coordinate_status":"not_derived_from_area","extent_intersection_status":"intersects_research_envelope","geometry_status":"valid","name":"","osm_object_id":"626026545","osm_object_type":"way","selected_tags":{"public_transport":"platform","railway":"platform"},"source":"mapped_osm_feature","source_id":"osm_western_zone_20260915","source_sha256":"c335a72cadfebc3ffde5cfff20fc9711f3112bc11000d43fde4daea10c36b53e","status":"unverified_operation_and_station_identity"},"type":"Feature"},{"geometry":{"coordinates":[[[[72.9013202,19.0601324],[72.9013122,19.0597158],[72.9010048,19.059721],[72.9010067,19.0597574],[72.9012095,19.0597534],[72.9012169,19.0600822],[72.9010141,19.0600862],[72.9010163,19.0601376],[72.9013202,19.0601324]]]],"type":"MultiPolygon"},"id":"way/626185287","properties":{"all_driver_tags":{"amenity":"bus_station","bus":"yes","name":"Dr. B. R. Ambedkar Udyan","operator":"Brihanmumbai Electricity Supply & Transport (BEST)","public_transport":"station","website":"https://bestundertaking.com/"},"boarding_coordinate_status":"not_derived_from_area","extent_intersection_status":"intersects_research_envelope","geometry_status":"valid","name":"Dr. B. R. Ambedkar Udyan","osm_object_id":"626185287","osm_object_type":"way","selected_tags":{"amenity":"bus_station","public_transport":"station"},"source":"mapped_osm_feature","source_id":"osm_western_zone_20260915","source_sha256":"c335a72cadfebc3ffde5cfff20fc9711f3112bc11000d43fde4daea10c36b53e","status":"unverified_operation_and_station_identity"},"type":"Feature"},{"geometry":{"coordinates":[[[[72.914114,19.0561767],[72.9140711,19.0561209],[72.9162651,19.0546949],[72.9162853,19.0547211],[72.916308,19.0547506],[72.9159618,19.0549756],[72.9157397,19.05512],[72.9155581,19.055238],[72.9155513,19.0552424],[72.9154778,19.0552902],[72.914114,19.0561767]]]],"type":"MultiPolygon"},"id":"way/626348916","properties":{"all_driver_tags":{"bench":"yes","bin":"yes","lit":"yes","public_transport":"platform","railway":"platform","shelter":"yes"},"boarding_coordinate_status":"not_derived_from_area","extent_intersection_status":"intersects_research_envelope","geometry_status":"valid","name":"","osm_object_id":"626348916","osm_object_type":"way","selected_tags":{"public_transport":"platform","railway":"platform"},"source":"mapped_osm_feature","source_id":"osm_western_zone_20260915","source_sha256":"c335a72cadfebc3ffde5cfff20fc9711f3112bc11000d43fde4daea10c36b53e","status":"unverified_operation_and_station_identity"},"type":"Feature"},{"geometry":{"coordinates":[[[[73.4351948,18.2300494],[73.4353155,18.2302863],[73.4353825,18.2302787],[73.4354416,18.2304392],[73.434999,18.230592],[73.4348515,18.2301895],[73.4351948,18.2300494]]]],"type":"MultiPolygon"},"id":"way/626468746","properties":{"all_driver_tags":{"amenity":"bus_station"},"boarding_coordinate_status":"not_derived_from_area","extent_intersection_status":"intersects_research_envelope","geometry_status":"valid","name":"","osm_object_id":"626468746","osm_object_type":"way","selected_tags":{"amenity":"bus_station"},"source":"mapped_osm_feature","source_id":"osm_western_zone_20260915","source_sha256":"c335a72cadfebc3ffde5cfff20fc9711f3112bc11000d43fde4daea10c36b53e","status":"unverified_operation_and_station_identity"},"type":"Feature"},{"geometry":{"coordinates":[[[[73.1472033,19.6532474],[73.1468815,19.6533182],[73.1467152,19.6530959],[73.1470102,19.6529393],[73.1472033,19.6532474]]]],"type":"MultiPolygon"},"id":"way/626503734","properties":{"all_driver_tags":{"amenity":"bus_station"},"boarding_coordinate_status":"not_derived_from_area","extent_intersection_status":"intersects_research_envelope","geometry_status":"valid","name":"","osm_object_id":"626503734","osm_object_type":"way","selected_tags":{"amenity":"bus_station"},"source":"mapped_osm_feature","source_id":"osm_western_zone_20260915","source_sha256":"c335a72cadfebc3ffde5cfff20fc9711f3112bc11000d43fde4daea10c36b53e","status":"unverified_operation_and_station_identity"},"type":"Feature"},{"geometry":{"coordinates":[[[[72.8668573,19.0686237],[72.8665352,19.0690931],[72.8628355,19.0668252],[72.8631576,19.0663558],[72.8668573,19.0686237]]]],"type":"MultiPolygon"},"id":"way/626938775","properties":{"all_driver_tags":{"addr:city":"Mumbai","building":"yes","construction":"train_station","internet_access":"yes","layer":"-1","name":"Mumbai BKC","public_transport":"station","railway":"construction","train":"yes","wikidata":"Q7260132","wikipedia":"en:Mumbai–Ahmedabad high-speed rail corridor"},"boarding_coordinate_status":"not_derived_from_area","extent_intersection_status":"intersects_research_envelope","geometry_status":"valid","name":"Mumbai BKC","osm_object_id":"626938775","osm_object_type":"way","selected_tags":{"public_transport":"station","railway":"construction"},"source":"mapped_osm_feature","source_id":"osm_western_zone_20260915","source_sha256":"c335a72cadfebc3ffde5cfff20fc9711f3112bc11000d43fde4daea10c36b53e","status":"unverified_operation_and_station_identity"},"type":"Feature"},{"geometry":{"coordinates":[[[[72.975677,19.1863902],[72.9756345,19.186527],[72.9755944,19.1865159],[72.9754935,19.1864878],[72.9754339,19.1864712],[72.9743225,19.1861619],[72.973714,19.1859925],[72.9729861,19.1857571],[72.9729219,19.1857322],[72.9728871,19.1857187],[72.9729148,19.1856606],[72.9729484,19.1856711],[72.9736054,19.1858772],[72.9754736,19.1863978],[72.9754903,19.1863397],[72.9756414,19.1863806],[72.975677,19.1863902]]]],"type":"MultiPolygon"},"id":"way/627539072","properties":{"all_driver_tags":{"public_transport":"platform","railway":"platform","ref":"1","train":"yes"},"boarding_coordinate_status":"not_derived_from_area","extent_intersection_status":"intersects_research_envelope","geometry_status":"valid","name":"","osm_object_id":"627539072","osm_object_type":"way","selected_tags":{"public_transport":"platform","railway":"platform"},"source":"mapped_osm_feature","source_id":"osm_western_zone_20260915","source_sha256":"c335a72cadfebc3ffde5cfff20fc9711f3112bc11000d43fde4daea10c36b53e","status":"unverified_operation_and_station_identity"},"type":"Feature"},{"geometry":{"coordinates":[[[[73.0603696,19.1865394],[73.0580329,19.187739],[73.0580669,19.187796],[73.0604008,19.1865928],[73.0603696,19.1865394]]]],"type":"MultiPolygon"},"id":"way/628750513","properties":{"all_driver_tags":{"public_transport":"platform","railway":"platform","surface":"concrete"},"boarding_coordinate_status":"not_derived_from_area","extent_intersection_status":"intersects_research_envelope","geometry_status":"valid","name":"","osm_object_id":"628750513","osm_object_type":"way","selected_tags":{"public_transport":"platform","railway":"platform"},"source":"mapped_osm_feature","source_id":"osm_western_zone_20260915","source_sha256":"c335a72cadfebc3ffde5cfff20fc9711f3112bc11000d43fde4daea10c36b53e","status":"unverified_operation_and_station_identity"},"type":"Feature"},{"geometry":{"coordinates":[[[[73.0579936,19.187673],[73.0603253,19.1864756],[73.0602992,19.1864327],[73.0579622,19.1876229],[73.0579936,19.187673]]]],"type":"MultiPolygon"},"id":"way/628750514","properties":{"all_driver_tags":{"public_transport":"platform","railway":"platform","surface":"concrete"},"boarding_coordinate_status":"not_derived_from_area","extent_intersection_status":"intersects_research_envelope","geometry_status":"valid","name":"","osm_object_id":"628750514","osm_object_type":"way","selected_tags":{"public_transport":"platform","railway":"platform"},"source":"mapped_osm_feature","source_id":"osm_western_zone_20260915","source_sha256":"c335a72cadfebc3ffde5cfff20fc9711f3112bc11000d43fde4daea10c36b53e","status":"unverified_operation_and_station_identity"},"type":"Feature"},{"geometry":{"coordinates":[[[[72.8796457,19.1185438],[72.8801492,19.1184465],[72.8800013,19.1175453],[72.8794495,19.1176515],[72.8796457,19.1185438]]]],"type":"MultiPolygon"},"id":"way/628785889","properties":{"all_driver_tags":{"amenity":"bus_station","bus":"yes","name":"Marol Maroshi","public_transport":"station"},"boarding_coordinate_status":"not_derived_from_area","extent_intersection_status":"intersects_research_envelope","geometry_status":"valid","name":"Marol Maroshi","osm_object_id":"628785889","osm_object_type":"way","selected_tags":{"amenity":"bus_station","public_transport":"station"},"source":"mapped_osm_feature","source_id":"osm_western_zone_20260915","source_sha256":"c335a72cadfebc3ffde5cfff20fc9711f3112bc11000d43fde4daea10c36b53e","status":"unverified_operation_and_station_identity"},"type":"Feature"},{"geometry":{"coordinates":[[[[73.5950102,18.7619137],[73.5947753,18.761961],[73.5944935,18.7620033],[73.5942653,18.7620311],[73.5940306,18.7620538],[73.5937976,18.7620683],[73.5934077,18.7620694],[73.5924557,18.7620466],[73.5917706,18.7620171],[73.5917722,18.7619686],[73.5924587,18.7619998],[73.5934025,18.7620163],[73.5937935,18.7620146],[73.5940255,18.761999],[73.5942576,18.7619768],[73.5944157,18.7619587],[73.5944105,18.7619225],[73.594449,18.7619172],[73.5947598,18.7618698],[73.5949893,18.7618204],[73.5950102,18.7619137]]]],"type":"MultiPolygon"},"id":"way/628797503","properties":{"all_driver_tags":{"public_transport":"platform","railway":"platform","ref":"2","train":"yes"},"boarding_coordinate_status":"not_derived_from_area","extent_intersection_status":"intersects_research_envelope","geometry_status":"valid","name":"","osm_object_id":"628797503","osm_object_type":"way","selected_tags":{"public_transport":"platform","railway":"platform"},"source":"mapped_osm_feature","source_id":"osm_western_zone_20260915","source_sha256":"c335a72cadfebc3ffde5cfff20fc9711f3112bc11000d43fde4daea10c36b53e","status":"unverified_operation_and_station_identity"},"type":"Feature"},{"geometry":{"coordinates":[[[[73.5924579,18.7621232],[73.5934066,18.7621529],[73.5938239,18.7621486],[73.59405,18.7621362],[73.5942761,18.7621172],[73.594489,18.7620899],[73.5947561,18.7620528],[73.5950328,18.7620023],[73.5950518,18.7621101],[73.5948068,18.7621512],[73.594301,18.7622072],[73.5938491,18.7622434],[73.593585,18.76225],[73.593585,18.7621907],[73.5934059,18.7621957],[73.5924553,18.762166],[73.5924579,18.7621232]]]],"type":"MultiPolygon"},"id":"way/628797504","properties":{"all_driver_tags":{"public_transport":"platform","railway":"platform","ref":"1","train":"yes"},"boarding_coordinate_status":"not_derived_from_area","extent_intersection_status":"intersects_research_envelope","geometry_status":"valid","name":"","osm_object_id":"628797504","osm_object_type":"way","selected_tags":{"public_transport":"platform","railway":"platform"},"source":"mapped_osm_feature","source_id":"osm_western_zone_20260915","source_sha256":"c335a72cadfebc3ffde5cfff20fc9711f3112bc11000d43fde4daea10c36b53e","status":"unverified_operation_and_station_identity"},"type":"Feature"},{"geometry":{"coordinates":[[[[72.8652926,19.1756723],[72.8657055,19.1757414],[72.8656813,19.1764153],[72.8652616,19.1764019],[72.8652926,19.1756723]]]],"type":"MultiPolygon"},"id":"way/629015650","properties":{"all_driver_tags":{"amenity":"bus_station","bus":"yes","name":"Dindoshi","public_transport":"station","wheelchair":"limited"},"boarding_coordinate_status":"not_derived_from_area","extent_intersection_status":"intersects_research_envelope","geometry_status":"valid","name":"Dindoshi","osm_object_id":"629015650","osm_object_type":"way","selected_tags":{"amenity":"bus_station","public_transport":"station"},"source":"mapped_osm_feature","source_id":"osm_western_zone_20260915","source_sha256":"c335a72cadfebc3ffde5cfff20fc9711f3112bc11000d43fde4daea10c36b53e","status":"unverified_operation_and_station_identity"},"type":"Feature"},{"geometry":{"coordinates":[[[[72.8490865,19.1658787],[72.8491364,19.1658811],[72.8492786,19.1632867],[72.8492287,19.1632843],[72.8491025,19.1655876],[72.8490865,19.1658787]]]],"type":"MultiPolygon"},"id":"way/629061877","properties":{"all_driver_tags":{"public_transport":"platform","railway":"platform","train":"yes"},"boarding_coordinate_status":"not_derived_from_area","extent_intersection_status":"intersects_research_envelope","geometry_status":"valid","name":"","osm_object_id":"629061877","osm_object_type":"way","selected_tags":{"public_transport":"platform","railway":"platform"},"source":"mapped_osm_feature","source_id":"osm_western_zone_20260915","source_sha256":"c335a72cadfebc3ffde5cfff20fc9711f3112bc11000d43fde4daea10c36b53e","status":"unverified_operation_and_station_identity"},"type":"Feature"},{"geometry":{"coordinates":[[[[73.0815471,19.0154665],[73.0816171,19.015526],[73.0797395,19.0174199],[73.0796696,19.0173602],[73.0815471,19.0154665]]]],"type":"MultiPolygon"},"id":"way/632153472","properties":{"all_driver_tags":{"bench":"yes","lit":"yes","public_transport":"platform","railway":"platform","ref":"1;2","shelter":"yes","surface":"paved","train":"yes"},"boarding_coordinate_status":"not_derived_from_area","extent_intersection_status":"intersects_research_envelope","geometry_status":"valid","name":"","osm_object_id":"632153472","osm_object_type":"way","selected_tags":{"public_transport":"platform","railway":"platform"},"source":"mapped_osm_feature","source_id":"osm_western_zone_20260915","source_sha256":"c335a72cadfebc3ffde5cfff20fc9711f3112bc11000d43fde4daea10c36b53e","status":"unverified_operation_and_station_identity"},"type":"Feature"},{"geometry":{"coordinates":[[[[72.8501884,19.0249747],[72.8500479,19.0244056],[72.8501806,19.0243748],[72.8502359,19.0245875],[72.8504716,19.0245327],[72.8505115,19.0246859],[72.8502659,19.024743],[72.8503065,19.0249479],[72.8501884,19.0249747]]]],"type":"MultiPolygon"},"id":"way/635485989","properties":{"all_driver_tags":{"addr:city":"Mumbai","addr:postcode":"400019","addr:street":"Lakhamsi Nappu Road","alt_name":"R.A. Podar College's BUS STOP","bus":"yes","departures_board":"timetable","name":"PODAR BUS STOP","operator":"BEST","public_transport":"platform","ref":"A302","surface":"concrete"},"boarding_coordinate_status":"not_derived_from_area","extent_intersection_status":"intersects_research_envelope","geometry_status":"valid","name":"PODAR BUS STOP","osm_object_id":"635485989","osm_object_type":"way","selected_tags":{"public_transport":"platform"},"source":"mapped_osm_feature","source_id":"osm_western_zone_20260915","source_sha256":"c335a72cadfebc3ffde5cfff20fc9711f3112bc11000d43fde4daea10c36b53e","status":"unverified_operation_and_station_identity"},"type":"Feature"},{"geometry":{"coordinates":[[[[73.3892995,19.2583319],[73.3904958,19.2582408],[73.3904743,19.2573849],[73.389498,19.2572685],[73.3892995,19.2583319]]]],"type":"MultiPolygon"},"id":"way/638820832","properties":{"all_driver_tags":{"amenity":"bus_station","name":"Murbad"},"boarding_coordinate_status":"not_derived_from_area","extent_intersection_status":"intersects_research_envelope","geometry_status":"valid","name":"Murbad","osm_object_id":"638820832","osm_object_type":"way","selected_tags":{"amenity":"bus_station"},"source":"mapped_osm_feature","source_id":"osm_western_zone_20260915","source_sha256":"c335a72cadfebc3ffde5cfff20fc9711f3112bc11000d43fde4daea10c36b53e","status":"unverified_operation_and_station_identity"},"type":"Feature"},{"geometry":{"coordinates":[[[[73.0185724,19.0571494],[73.018628,19.0571505],[73.0186827,19.0546076],[73.0186276,19.0546065],[73.0185724,19.0571494]]]],"type":"MultiPolygon"},"id":"way/642845769","properties":{"all_driver_tags":{"bench":"yes","lit":"yes","public_transport":"platform","railway":"platform","ref":"1","shelter":"yes","surface":"paved","train":"yes"},"boarding_coordinate_status":"not_derived_from_area","extent_intersection_status":"intersects_research_envelope","geometry_status":"valid","name":"","osm_object_id":"642845769","osm_object_type":"way","selected_tags":{"public_transport":"platform","railway":"platform"},"source":"mapped_osm_feature","source_id":"osm_western_zone_20260915","source_sha256":"c335a72cadfebc3ffde5cfff20fc9711f3112bc11000d43fde4daea10c36b53e","status":"unverified_operation_and_station_identity"},"type":"Feature"},{"geometry":{"coordinates":[[[[73.0176952,19.0568282],[73.0177873,19.0568298],[73.0177807,19.0571656],[73.0186746,19.0571816],[73.0186828,19.0568242],[73.0187695,19.056826],[73.0188037,19.055067],[73.0186984,19.0550651],[73.0187082,19.0545634],[73.0178564,19.0545485],[73.0178465,19.0550562],[73.0177297,19.0550542],[73.0176952,19.0568282]]]],"type":"MultiPolygon"},"id":"way/642845770","properties":{"all_driver_tags":{"addr:city":"Navi Mumbai","addr:postcode":"400706","addr:street":"Juinagar Station Road","alt_name":"Jui Nagar","building":"retail","internet_access":"yes","layer":"1","name":"Juinagar","name:en":"Juinagar","name:hi":"जुईनगर","network":"Mumbai Suburban Railway Network","operator":"Cental Railways","platforms":"6","public_transport":"station","railway":"station","ref":"JNJ","train":"yes","wheelchair":"limited","wikidata":"Q15229831","wikipedia":"en:Juinagar railway station"},"boarding_coordinate_status":"not_derived_from_area","extent_intersection_status":"intersects_research_envelope","geometry_status":"valid","name":"Juinagar","osm_object_id":"642845770","osm_object_type":"way","selected_tags":{"public_transport":"station","railway":"station"},"source":"mapped_osm_feature","source_id":"osm_western_zone_20260915","source_sha256":"c335a72cadfebc3ffde5cfff20fc9711f3112bc11000d43fde4daea10c36b53e","status":"unverified_operation_and_station_identity"},"type":"Feature"},{"geometry":{"coordinates":[[[[73.6856821,18.818348],[73.6856483,18.8183364],[73.6856124,18.8183333],[73.685577,18.8183392],[73.6855444,18.8183536],[73.6855168,18.8183754],[73.6854961,18.8184033],[73.6854837,18.8184353],[73.6854805,18.8184692],[73.6854867,18.8185027],[73.6855019,18.8185336],[73.685525,18.8185598],[73.6855544,18.8185793],[73.6855882,18.818591],[73.6856241,18.818594],[73.6856595,18.8185882],[73.6856921,18.8185738],[73.6857197,18.818552],[73.6857404,18.8185241],[73.6857528,18.8184921],[73.685756,18.8184582],[73.6857498,18.8184246],[73.6857346,18.8183937],[73.6857115,18.8183676],[73.6856821,18.818348]]]],"type":"MultiPolygon"},"id":"way/643070648","properties":{"all_driver_tags":{"aeroway":"helipad"},"boarding_coordinate_status":"not_derived_from_area","extent_intersection_status":"intersects_research_envelope","geometry_status":"valid","name":"","osm_object_id":"643070648","osm_object_type":"way","selected_tags":{"aeroway":"helipad"},"source":"mapped_osm_feature","source_id":"osm_western_zone_20260915","source_sha256":"c335a72cadfebc3ffde5cfff20fc9711f3112bc11000d43fde4daea10c36b53e","status":"unverified_operation_and_station_identity"},"type":"Feature"},{"geometry":{"coordinates":[[[[73.0179108,19.034752],[73.0179914,19.034748],[73.0178818,19.0324366],[73.0178012,19.0324407],[73.0179108,19.034752]]]],"type":"MultiPolygon"},"id":"way/643264124","properties":{"all_driver_tags":{"bench":"yes","bin":"yes","lit":"yes","name":"Uran Line","public_transport":"platform","railway":"platform","ref":"5;6","shelter":"yes","start_date":"2018-11-12","surface":"paved","train":"yes"},"boarding_coordinate_status":"not_derived_from_area","extent_intersection_status":"intersects_research_envelope","geometry_status":"valid","name":"Uran Line","osm_object_id":"643264124","osm_object_type":"way","selected_tags":{"public_transport":"platform","railway":"platform"},"source":"mapped_osm_feature","source_id":"osm_western_zone_20260915","source_sha256":"c335a72cadfebc3ffde5cfff20fc9711f3112bc11000d43fde4daea10c36b53e","status":"unverified_operation_and_station_identity"},"type":"Feature"},{"geometry":{"coordinates":[[[[73.0179202,19.0324346],[73.0180085,19.0324301],[73.0180173,19.0326062],[73.0181234,19.0347416],[73.0180429,19.0347455],[73.0179202,19.0324346]]]],"type":"MultiPolygon"},"id":"way/643264125","properties":{"all_driver_tags":{"bench":"yes","bin":"yes","lit":"yes","public_transport":"platform","railway":"platform","ref":"4;5","shelter":"yes","surface":"paved","train":"yes"},"boarding_coordinate_status":"not_derived_from_area","extent_intersection_status":"intersects_research_envelope","geometry_status":"valid","name":"","osm_object_id":"643264125","osm_object_type":"way","selected_tags":{"public_transport":"platform","railway":"platform"},"source":"mapped_osm_feature","source_id":"osm_western_zone_20260915","source_sha256":"c335a72cadfebc3ffde5cfff20fc9711f3112bc11000d43fde4daea10c36b53e","status":"unverified_operation_and_station_identity"},"type":"Feature"},{"geometry":{"coordinates":[[[[73.0181657,19.0347396],[73.0182518,19.0347354],[73.0181402,19.0324234],[73.0180541,19.0324278],[73.0181657,19.0347396]]]],"type":"MultiPolygon"},"id":"way/643264126","properties":{"all_driver_tags":{"bench":"yes","bin":"yes","check_date:shelter":"2024-10-14","lit":"yes","name":"Harbour Line","public_transport":"platform","railway":"platform","ref":"3;4","shelter":"yes","surface":"paved","train":"yes"},"boarding_coordinate_status":"not_derived_from_area","extent_intersection_status":"intersects_research_envelope","geometry_status":"valid","name":"Harbour Line","osm_object_id":"643264126","osm_object_type":"way","selected_tags":{"public_transport":"platform","railway":"platform"},"source":"mapped_osm_feature","source_id":"osm_western_zone_20260915","source_sha256":"c335a72cadfebc3ffde5cfff20fc9711f3112bc11000d43fde4daea10c36b53e","status":"unverified_operation_and_station_identity"},"type":"Feature"},{"geometry":{"coordinates":[[[[73.0181852,19.0324211],[73.0182762,19.0324165],[73.0183898,19.0347287],[73.0182987,19.0347331],[73.0181852,19.0324211]]]],"type":"MultiPolygon"},"id":"way/643264127","properties":{"all_driver_tags":{"bench":"yes","bin":"yes","check_date:shelter":"2024-10-14","lit":"yes","public_transport":"platform","railway":"platform","ref":"2;3","shelter":"yes","surface":"paved","train":"yes"},"boarding_coordinate_status":"not_derived_from_area","extent_intersection_status":"intersects_research_envelope","geometry_status":"valid","name":"","osm_object_id":"643264127","osm_object_type":"way","selected_tags":{"public_transport":"platform","railway":"platform"},"source":"mapped_osm_feature","source_id":"osm_western_zone_20260915","source_sha256":"c335a72cadfebc3ffde5cfff20fc9711f3112bc11000d43fde4daea10c36b53e","status":"unverified_operation_and_station_identity"},"type":"Feature"},{"geometry":{"coordinates":[[[[73.0184328,19.0347266],[73.0185188,19.0347224],[73.0183994,19.0324103],[73.0183134,19.0324146],[73.0184328,19.0347266]]]],"type":"MultiPolygon"},"id":"way/643264128","properties":{"all_driver_tags":{"bench":"yes","bin":"yes","check_date:shelter":"2024-10-14","lit":"yes","name":"Trans-Harbour Line","public_transport":"platform","railway":"platform","ref":"1;2","shelter":"yes","surface":"paved","train":"yes"},"boarding_coordinate_status":"not_derived_from_area","extent_intersection_status":"intersects_research_envelope","geometry_status":"valid","name":"Trans-Harbour Line","osm_object_id":"643264128","osm_object_type":"way","selected_tags":{"public_transport":"platform","railway":"platform"},"source":"mapped_osm_feature","source_id":"osm_western_zone_20260915","source_sha256":"c335a72cadfebc3ffde5cfff20fc9711f3112bc11000d43fde4daea10c36b53e","status":"unverified_operation_and_station_identity"},"type":"Feature"},{"geometry":{"coordinates":[[[[73.0184444,19.032408],[73.0184751,19.0324065],[73.0186005,19.0347184],[73.0185699,19.0347199],[73.0184444,19.032408]]]],"type":"MultiPolygon"},"id":"way/643264129","properties":{"all_driver_tags":{"bench":"yes","bin":"yes","check_date:shelter":"2024-10-14","lit":"yes","public_transport":"platform","railway":"platform","ref":"1","shelter":"yes","surface":"paved","train":"yes"},"boarding_coordinate_status":"not_derived_from_area","extent_intersection_status":"intersects_research_envelope","geometry_status":"valid","name":"","osm_object_id":"643264129","osm_object_type":"way","selected_tags":{"public_transport":"platform","railway":"platform"},"source":"mapped_osm_feature","source_id":"osm_western_zone_20260915","source_sha256":"c335a72cadfebc3ffde5cfff20fc9711f3112bc11000d43fde4daea10c36b53e","status":"unverified_operation_and_station_identity"},"type":"Feature"},{"geometry":{"coordinates":[[[[73.0178688,19.0347541],[73.0178264,19.034756],[73.0177114,19.0324451],[73.0177538,19.0324432],[73.0178688,19.0347541]]]],"type":"MultiPolygon"},"id":"way/643264130","properties":{"all_driver_tags":{"bench":"yes","bin":"yes","check_date:shelter":"2024-10-14","lit":"yes","public_transport":"platform","railway":"platform","ref":"6","shelter":"yes","surface":"paved","train":"no"},"boarding_coordinate_status":"not_derived_from_area","extent_intersection_status":"intersects_research_envelope","geometry_status":"valid","name":"","osm_object_id":"643264130","osm_object_type":"way","selected_tags":{"public_transport":"platform","railway":"platform"},"source":"mapped_osm_feature","source_id":"osm_western_zone_20260915","source_sha256":"c335a72cadfebc3ffde5cfff20fc9711f3112bc11000d43fde4daea10c36b53e","status":"unverified_operation_and_station_identity"},"type":"Feature"},{"geometry":{"coordinates":[[[[73.0380056,19.0186062],[73.0399872,19.0198264],[73.0400166,19.0197834],[73.0380351,19.0185632],[73.0380056,19.0186062]]]],"type":"MultiPolygon"},"id":"way/643264137","properties":{"all_driver_tags":{"bench":"yes","bin":"yes","lit":"yes","public_transport":"platform","railway":"platform","ref":"1","shelter":"yes","surface":"paved","train":"yes"},"boarding_coordinate_status":"not_derived_from_area","extent_intersection_status":"intersects_research_envelope","geometry_status":"valid","name":"","osm_object_id":"643264137","osm_object_type":"way","selected_tags":{"public_transport":"platform","railway":"platform"},"source":"mapped_osm_feature","source_id":"osm_western_zone_20260915","source_sha256":"c335a72cadfebc3ffde5cfff20fc9711f3112bc11000d43fde4daea10c36b53e","status":"unverified_operation_and_station_identity"},"type":"Feature"},{"geometry":{"coordinates":[[[[73.0380513,19.0185397],[73.0381058,19.0184604],[73.0400868,19.0196805],[73.0400326,19.01976],[73.0380513,19.0185397]]]],"type":"MultiPolygon"},"id":"way/643264138","properties":{"all_driver_tags":{"bench":"yes","bin":"yes","lit":"yes","public_transport":"platform","railway":"platform","ref":"1;2","shelter":"yes","surface":"paved","train":"yes"},"boarding_coordinate_status":"not_derived_from_area","extent_intersection_status":"intersects_research_envelope","geometry_status":"valid","name":"","osm_object_id":"643264138","osm_object_type":"way","selected_tags":{"public_transport":"platform","railway":"platform"},"source":"mapped_osm_feature","source_id":"osm_western_zone_20260915","source_sha256":"c335a72cadfebc3ffde5cfff20fc9711f3112bc11000d43fde4daea10c36b53e","status":"unverified_operation_and_station_identity"},"type":"Feature"},{"geometry":{"coordinates":[[[[73.0401035,19.0196561],[73.0401585,19.0195755],[73.0381743,19.0183606],[73.0381191,19.018441],[73.0401035,19.0196561]]]],"type":"MultiPolygon"},"id":"way/643264139","properties":{"all_driver_tags":{"bench":"yes","bin":"yes","lit":"yes","public_transport":"platform","railway":"platform","ref":"2;3","shelter":"yes","surface":"paved","train":"yes"},"boarding_coordinate_status":"not_derived_from_area","extent_intersection_status":"intersects_research_envelope","geometry_status":"valid","name":"","osm_object_id":"643264139","osm_object_type":"way","selected_tags":{"public_transport":"platform","railway":"platform"},"source":"mapped_osm_feature","source_id":"osm_western_zone_20260915","source_sha256":"c335a72cadfebc3ffde5cfff20fc9711f3112bc11000d43fde4daea10c36b53e","status":"unverified_operation_and_station_identity"},"type":"Feature"},{"geometry":{"coordinates":[[[[73.038191,19.0183363],[73.0382442,19.018259],[73.0402268,19.0194754],[73.0401739,19.0195529],[73.038191,19.0183363]]]],"type":"MultiPolygon"},"id":"way/643264140","properties":{"all_driver_tags":{"bench":"yes","bin":"yes","lit":"yes","public_transport":"platform","railway":"platform","ref":"3;4","shelter":"yes","surface":"paved","train":"yes"},"boarding_coordinate_status":"not_derived_from_area","extent_intersection_status":"intersects_research_envelope","geometry_status":"valid","name":"","osm_object_id":"643264140","osm_object_type":"way","selected_tags":{"public_transport":"platform","railway":"platform"},"source":"mapped_osm_feature","source_id":"osm_western_zone_20260915","source_sha256":"c335a72cadfebc3ffde5cfff20fc9711f3112bc11000d43fde4daea10c36b53e","status":"unverified_operation_and_station_identity"},"type":"Feature"},{"geometry":{"coordinates":[[[[73.0402432,19.0194514],[73.0402725,19.0194085],[73.0382898,19.0181926],[73.0382604,19.0182354],[73.0402432,19.0194514]]]],"type":"MultiPolygon"},"id":"way/643264141","properties":{"all_driver_tags":{"bench":"yes","bin":"yes","lit":"yes","public_transport":"platform","railway":"platform","ref":"4","shelter":"yes","surface":"paved","train":"yes"},"boarding_coordinate_status":"not_derived_from_area","extent_intersection_status":"intersects_research_envelope","geometry_status":"valid","name":"","osm_object_id":"643264141","osm_object_type":"way","selected_tags":{"public_transport":"platform","railway":"platform"},"source":"mapped_osm_feature","source_id":"osm_western_zone_20260915","source_sha256":"c335a72cadfebc3ffde5cfff20fc9711f3112bc11000d43fde4daea10c36b53e","status":"unverified_operation_and_station_identity"},"type":"Feature"},{"geometry":{"coordinates":[[[[73.0602612,19.0263926],[73.0603032,19.0263217],[73.0581049,19.0251598],[73.0580629,19.0252307],[73.0602612,19.0263926]]]],"type":"MultiPolygon"},"id":"way/643686518","properties":{"all_driver_tags":{"bench":"yes","lit":"yes","public_transport":"platform","railway":"platform","ref":"2;3","shelter":"yes","surface":"paved","train":"yes"},"boarding_coordinate_status":"not_derived_from_area","extent_intersection_status":"intersects_research_envelope","geometry_status":"valid","name":"","osm_object_id":"643686518","osm_object_type":"way","selected_tags":{"public_transport":"platform","railway":"platform"},"source":"mapped_osm_feature","source_id":"osm_western_zone_20260915","source_sha256":"c335a72cadfebc3ffde5cfff20fc9711f3112bc11000d43fde4daea10c36b53e","status":"unverified_operation_and_station_identity"},"type":"Feature"},{"geometry":{"coordinates":[[[[72.8365053,18.9401859],[72.8365329,18.939957],[72.8363103,18.9399324],[72.8360107,18.9399004],[72.8359798,18.9401367],[72.8365053,18.9401859]]]],"type":"MultiPolygon"},"id":"way/647133461","properties":{"all_driver_tags":{"amenity":"taxi","name":"CSMT Taxi Stand","name:en":"CSMT Taxi Stand","name:mr":"सीएसएमटी टॅक्सी स्टँड","official_name":"Chhatrapati Shivaji Maharaj Terminus Taxi Stand","official_name:en":"Chhatrapati Shivaji Maharaj Terminus Taxi Stand","official_name:mr":"छत्रपती शिवाजी महाराज टर्मिनस टॅक्सी स्टँड"},"boarding_coordinate_status":"not_derived_from_area","extent_intersection_status":"intersects_research_envelope","geometry_status":"valid","name":"CSMT Taxi Stand","osm_object_id":"647133461","osm_object_type":"way","selected_tags":{"amenity":"taxi"},"source":"mapped_osm_feature","source_id":"osm_western_zone_20260915","source_sha256":"c335a72cadfebc3ffde5cfff20fc9711f3112bc11000d43fde4daea10c36b53e","status":"unverified_operation_and_station_identity"},"type":"Feature"},{"geometry":{"coordinates":[[[[72.8350428,18.9393089],[72.8350069,18.9390069],[72.8355997,18.9390295],[72.8357581,18.9389479],[72.8358401,18.9393838],[72.8350428,18.9393089]]]],"type":"MultiPolygon"},"id":"way/647133466","properties":{"all_driver_tags":{"amenity":"bus_station","bus":"yes","name":"CSMT Bus Station","public_transport":"station"},"boarding_coordinate_status":"not_derived_from_area","extent_intersection_status":"intersects_research_envelope","geometry_status":"valid","name":"CSMT Bus Station","osm_object_id":"647133466","osm_object_type":"way","selected_tags":{"amenity":"bus_station","public_transport":"station"},"source":"mapped_osm_feature","source_id":"osm_western_zone_20260915","source_sha256":"c335a72cadfebc3ffde5cfff20fc9711f3112bc11000d43fde4daea10c36b53e","status":"unverified_operation_and_station_identity"},"type":"Feature"},{"geometry":{"coordinates":[[[[73.0250572,18.9762214],[73.0251397,18.9761718],[73.0237622,18.974121],[73.0236796,18.9741706],[73.0250572,18.9762214]]]],"type":"MultiPolygon"},"id":"way/648982740","properties":{"all_driver_tags":{"bench":"yes","lit":"yes","name":"Uran Line","public_transport":"platform","railway":"platform","ref":"1;2","shelter":"yes","start_date":"2018-11-12","surface":"paved","train":"yes"},"boarding_coordinate_status":"not_derived_from_area","extent_intersection_status":"intersects_research_envelope","geometry_status":"valid","name":"Uran Line","osm_object_id":"648982740","osm_object_type":"way","selected_tags":{"public_transport":"platform","railway":"platform"},"source":"mapped_osm_feature","source_id":"osm_western_zone_20260915","source_sha256":"c335a72cadfebc3ffde5cfff20fc9711f3112bc11000d43fde4daea10c36b53e","status":"unverified_operation_and_station_identity"},"type":"Feature"},{"geometry":{"coordinates":[[[[73.0249559,18.9763763],[73.0253213,18.9761579],[73.025082,18.9758],[73.0251932,18.9757335],[73.0250294,18.9754884],[73.0246955,18.9749891],[73.0242397,18.9743074],[73.0241375,18.9741546],[73.0240278,18.9742202],[73.0238566,18.9739641],[73.0234861,18.9741856],[73.0236551,18.9744384],[73.0235264,18.9745154],[73.0235986,18.9746233],[73.024085,18.9753508],[73.0244806,18.9759426],[73.0245809,18.9760926],[73.0247133,18.9760134],[73.0249559,18.9763763]]]],"type":"MultiPolygon"},"id":"way/648982741","properties":{"all_driver_tags":{"addr:city":"Navi Mumbai","addr:postcode":"410206","building":"train_station","internet_access":"yes","layer":"1","name":"Baman-Dongri","network":"Mumbai Suburban Rail Network","operator":"Central Railways","platforms":"2","public_transport":"train_station","railway":"station","ref":"BMDR","start_date":"11 November, 2018","train":"yes","wheelchair":"yes","wikidata":"Q29026164","wikipedia":"en:Bamandongri railway station"},"boarding_coordinate_status":"not_derived_from_area","extent_intersection_status":"intersects_research_envelope","geometry_status":"valid","name":"Baman-Dongri","osm_object_id":"648982741","osm_object_type":"way","selected_tags":{"public_transport":"train_station","railway":"station"},"source":"mapped_osm_feature","source_id":"osm_western_zone_20260915","source_sha256":"c335a72cadfebc3ffde5cfff20fc9711f3112bc11000d43fde4daea10c36b53e","status":"unverified_operation_and_station_identity"},"type":"Feature"},{"geometry":{"coordinates":[[[[73.0147844,18.9609584],[73.0148669,18.9609089],[73.0134894,18.9588579],[73.0134069,18.9589075],[73.0147844,18.9609584]]]],"type":"MultiPolygon"},"id":"way/648982742","properties":{"all_driver_tags":{"bench":"yes","lit":"yes","name":"Uran Line","public_transport":"platform","railway":"platform","ref":"1;2","shelter":"yes","start_date":"2018-11-12","surface":"paved","train":"yes"},"boarding_coordinate_status":"not_derived_from_area","extent_intersection_status":"intersects_research_envelope","geometry_status":"valid","name":"Uran Line","osm_object_id":"648982742","osm_object_type":"way","selected_tags":{"public_transport":"platform","railway":"platform"},"source":"mapped_osm_feature","source_id":"osm_western_zone_20260915","source_sha256":"c335a72cadfebc3ffde5cfff20fc9711f3112bc11000d43fde4daea10c36b53e","status":"unverified_operation_and_station_identity"},"type":"Feature"},{"geometry":{"coordinates":[[[[73.0146818,18.9610978],[73.0150469,18.9608806],[73.0148479,18.9605813],[73.0149795,18.960503],[73.0148381,18.9602902],[73.0146949,18.9600749],[73.014748,18.9600434],[73.0145276,18.9597116],[73.0142826,18.959343],[73.0142263,18.9593766],[73.0140795,18.9591557],[73.0139311,18.9589325],[73.0137974,18.959012],[73.0135832,18.95869],[73.0132174,18.9589075],[73.0134426,18.959246],[73.0133218,18.9593178],[73.0136081,18.9597482],[73.0135334,18.9597926],[73.0139977,18.9604905],[73.0140757,18.9604442],[73.0143658,18.9608803],[73.0144886,18.9608073],[73.0146818,18.9610978]]]],"type":"MultiPolygon"},"id":"way/648982743","properties":{"all_driver_tags":{"addr:city":"Navi Mumbai","addr:postcode":"410206","building":"train_station","internet_access":"yes","layer":"1","name":"Kharkopar","network":"Mumbai Suburban Railway","network:wikidata":"Q3273422","operator":"Central Railways","platforms":"2","public_transport":"station","railway":"station","ref":"KARP","start_date":"11 November, 2018","train":"yes","wheelchair":"yes","wikidata":"Q29026161","wikipedia":"en:Kharkopar railway station"},"boarding_coordinate_status":"not_derived_from_area","extent_intersection_status":"intersects_research_envelope","geometry_status":"valid","name":"Kharkopar","osm_object_id":"648982743","osm_object_type":"way","selected_tags":{"public_transport":"station","railway":"station"},"source":"mapped_osm_feature","source_id":"osm_western_zone_20260915","source_sha256":"c335a72cadfebc3ffde5cfff20fc9711f3112bc11000d43fde4daea10c36b53e","status":"unverified_operation_and_station_identity"},"type":"Feature"},{"geometry":{"coordinates":[[[[73.0338867,18.9887309],[73.0333729,18.9890352],[73.0338404,18.9897412],[73.0337598,18.9897889],[73.0342489,18.9905274],[73.0343295,18.9904796],[73.034775,18.9911523],[73.0352889,18.9908481],[73.0338867,18.9887309]]]],"type":"MultiPolygon"},"id":"way/648990356","properties":{"all_driver_tags":{"addr:city":"Navi Mumbai","building":"transportation","level":"2","name":"Targhar","network":"Mumbai Suburban Rail Network","operator":"Central Railways","public_transport":"station","railway":"station","ref":"TRGHR","train":"yes","wikidata":"Q29026165"},"boarding_coordinate_status":"not_derived_from_area","extent_intersection_status":"intersects_research_envelope","geometry_status":"valid","name":"Targhar","osm_object_id":"648990356","osm_object_type":"way","selected_tags":{"public_transport":"station","railway":"station"},"source":"mapped_osm_feature","source_id":"osm_western_zone_20260915","source_sha256":"c335a72cadfebc3ffde5cfff20fc9711f3112bc11000d43fde4daea10c36b53e","status":"unverified_operation_and_station_identity"},"type":"Feature"},{"geometry":{"coordinates":[[[[73.0349494,18.990978],[73.0350323,18.9909289],[73.0336691,18.9888697],[73.0335862,18.9889188],[73.0349494,18.990978]]]],"type":"MultiPolygon"},"id":"way/648990357","properties":{"all_driver_tags":{"bench":"yes","lit":"yes","name":"Uran Line","public_transport":"platform","railway":"platform","ref":"1;2","shelter":"yes","start_date":"2018-11-12","surface":"paved","train":"yes"},"boarding_coordinate_status":"not_derived_from_area","extent_intersection_status":"intersects_research_envelope","geometry_status":"valid","name":"Uran Line","osm_object_id":"648990357","osm_object_type":"way","selected_tags":{"public_transport":"platform","railway":"platform"},"source":"mapped_osm_feature","source_id":"osm_western_zone_20260915","source_sha256":"c335a72cadfebc3ffde5cfff20fc9711f3112bc11000d43fde4daea10c36b53e","status":"unverified_operation_and_station_identity"},"type":"Feature"},{"geometry":{"coordinates":[[[[73.0249687,18.9762774],[73.02501,18.9762526],[73.0236325,18.9742018],[73.0235912,18.9742266],[73.0249687,18.9762774]]]],"type":"MultiPolygon"},"id":"way/649371301","properties":{"all_driver_tags":{"bench":"yes","check_date:shelter":"2025-12-16","lit":"yes","public_transport":"platform","railway":"platform","ref":"2","shelter":"yes","surface":"paved","train":"yes","wheelchair":"yes"},"boarding_coordinate_status":"not_derived_from_area","extent_intersection_status":"intersects_research_envelope","geometry_status":"valid","name":"","osm_object_id":"649371301","osm_object_type":"way","selected_tags":{"public_transport":"platform","railway":"platform"},"source":"mapped_osm_feature","source_id":"osm_western_zone_20260915","source_sha256":"c335a72cadfebc3ffde5cfff20fc9711f3112bc11000d43fde4daea10c36b53e","status":"unverified_operation_and_station_identity"},"type":"Feature"},{"geometry":{"coordinates":[[[[73.0251826,18.9761446],[73.0252239,18.9761198],[73.0238464,18.974069],[73.0238051,18.9740938],[73.0251826,18.9761446]]]],"type":"MultiPolygon"},"id":"way/649371302","properties":{"all_driver_tags":{"bench":"yes","check_date:shelter":"2025-12-16","lit":"yes","public_transport":"platform","railway":"platform","ref":"1","shelter":"yes","surface":"paved","train":"yes","wheelchair":"yes"},"boarding_coordinate_status":"not_derived_from_area","extent_intersection_status":"intersects_research_envelope","geometry_status":"valid","name":"","osm_object_id":"649371302","osm_object_type":"way","selected_tags":{"public_transport":"platform","railway":"platform"},"source":"mapped_osm_feature","source_id":"osm_western_zone_20260915","source_sha256":"c335a72cadfebc3ffde5cfff20fc9711f3112bc11000d43fde4daea10c36b53e","status":"unverified_operation_and_station_identity"},"type":"Feature"},{"geometry":{"coordinates":[[[[73.0149155,18.9608733],[73.0149568,18.9608485],[73.0135793,18.9587975],[73.013538,18.9588223],[73.0149155,18.9608733]]]],"type":"MultiPolygon"},"id":"way/649371303","properties":{"all_driver_tags":{"bench":"yes","lit":"yes","public_transport":"platform","railway":"platform","ref":"1","shelter":"yes","surface":"paved","train":"yes","wheelchair":"yes"},"boarding_coordinate_status":"not_derived_from_area","extent_intersection_status":"intersects_research_envelope","geometry_status":"valid","name":"","osm_object_id":"649371303","osm_object_type":"way","selected_tags":{"public_transport":"platform","railway":"platform"},"source":"mapped_osm_feature","source_id":"osm_western_zone_20260915","source_sha256":"c335a72cadfebc3ffde5cfff20fc9711f3112bc11000d43fde4daea10c36b53e","status":"unverified_operation_and_station_identity"},"type":"Feature"},{"geometry":{"coordinates":[[[[73.0147015,18.9610117],[73.0147427,18.9609869],[73.0133652,18.958936],[73.0133239,18.9589608],[73.0147015,18.9610117]]]],"type":"MultiPolygon"},"id":"way/649371304","properties":{"all_driver_tags":{"bench":"yes","lit":"yes","public_transport":"platform","railway":"platform","ref":"2","shelter":"yes","surface":"paved","train":"yes","wheelchair":"yes"},"boarding_coordinate_status":"not_derived_from_area","extent_intersection_status":"intersects_research_envelope","geometry_status":"valid","name":"","osm_object_id":"649371304","osm_object_type":"way","selected_tags":{"public_transport":"platform","railway":"platform"},"source":"mapped_osm_feature","source_id":"osm_western_zone_20260915","source_sha256":"c335a72cadfebc3ffde5cfff20fc9711f3112bc11000d43fde4daea10c36b53e","status":"unverified_operation_and_station_identity"},"type":"Feature"},{"geometry":{"coordinates":[[[[73.0350803,18.9908996],[73.0351217,18.9908749],[73.0337546,18.9888181],[73.0337132,18.9888427],[73.0350803,18.9908996]]]],"type":"MultiPolygon"},"id":"way/655144511","properties":{"all_driver_tags":{"bench":"yes","lit":"yes","public_transport":"platform","railway":"platform","ref":"1","shelter":"yes","surface":"paved","train":"yes","wheelchair":"limited"},"boarding_coordinate_status":"not_derived_from_area","extent_intersection_status":"intersects_research_envelope","geometry_status":"valid","name":"","osm_object_id":"655144511","osm_object_type":"way","selected_tags":{"public_transport":"platform","railway":"platform"},"source":"mapped_osm_feature","source_id":"osm_western_zone_20260915","source_sha256":"c335a72cadfebc3ffde5cfff20fc9711f3112bc11000d43fde4daea10c36b53e","status":"unverified_operation_and_station_identity"},"type":"Feature"},{"geometry":{"coordinates":[[[[73.0348657,18.9910314],[73.0349071,18.9910068],[73.0335401,18.9889499],[73.0334986,18.9889745],[73.0348657,18.9910314]]]],"type":"MultiPolygon"},"id":"way/655144512","properties":{"all_driver_tags":{"bench":"yes","check_date:shelter":"2025-12-16","lit":"yes","public_transport":"platform","railway":"platform","ref":"2","shelter":"yes","surface":"paved","train":"yes","wheelchair":"yes"},"boarding_coordinate_status":"not_derived_from_area","extent_intersection_status":"intersects_research_envelope","geometry_status":"valid","name":"","osm_object_id":"655144512","osm_object_type":"way","selected_tags":{"public_transport":"platform","railway":"platform"},"source":"mapped_osm_feature","source_id":"osm_western_zone_20260915","source_sha256":"c335a72cadfebc3ffde5cfff20fc9711f3112bc11000d43fde4daea10c36b53e","status":"unverified_operation_and_station_identity"},"type":"Feature"},{"geometry":{"coordinates":[[[[73.0170132,19.0762812],[73.0173297,19.0763368],[73.017119,19.0774081],[73.0178554,19.0775374],[73.0180762,19.0764144],[73.0182325,19.0764418],[73.0183099,19.0760484],[73.0181612,19.0760223],[73.018385,19.0748847],[73.0176369,19.0747533],[73.0174262,19.0758245],[73.0171138,19.0757696],[73.0170132,19.0762812]]]],"type":"MultiPolygon"},"id":"way/655144828","properties":{"all_driver_tags":{"addr:city":"Navi Mumbai","addr:postcode":"400703","addr:street":"Turbhe Station Road","building":"train_station","internet_access":"yes","layer":"1","name":"Turbhe","name:hi":"तुर्भे","network":"Mumbai Suburban Railway Network","operator":"Central Railways","platforms":"4","public_transport":"station","railway":"station","ref":"TUH","train":"yes","wheelchair":"yes","wikidata":"Q7853749","wikipedia":"en:Turbhe railway station"},"boarding_coordinate_status":"not_derived_from_area","extent_intersection_status":"intersects_research_envelope","geometry_status":"valid","name":"Turbhe","osm_object_id":"655144828","osm_object_type":"way","selected_tags":{"public_transport":"station","railway":"station"},"source":"mapped_osm_feature","source_id":"osm_western_zone_20260915","source_sha256":"c335a72cadfebc3ffde5cfff20fc9711f3112bc11000d43fde4daea10c36b53e","status":"unverified_operation_and_station_identity"},"type":"Feature"},{"geometry":{"coordinates":[[[[73.0173177,19.0773363],[73.0174191,19.0773535],[73.0178915,19.0749118],[73.0177871,19.0748938],[73.0173177,19.0773363]]]],"type":"MultiPolygon"},"id":"way/655146713","properties":{"all_driver_tags":{"bench":"yes","lit":"yes","name":"Trans-Harbour Line","public_transport":"platform","railway":"platform","ref":"3;4","shelter":"yes","surface":"paved","train":"yes"},"boarding_coordinate_status":"not_derived_from_area","extent_intersection_status":"intersects_research_envelope","geometry_status":"valid","name":"Trans-Harbour Line","osm_object_id":"655146713","osm_object_type":"way","selected_tags":{"public_transport":"platform","railway":"platform"},"source":"mapped_osm_feature","source_id":"osm_western_zone_20260915","source_sha256":"c335a72cadfebc3ffde5cfff20fc9711f3112bc11000d43fde4daea10c36b53e","status":"unverified_operation_and_station_identity"},"type":"Feature"},{"geometry":{"coordinates":[[[[73.0174545,19.0773595],[73.0175692,19.0773789],[73.0180391,19.0749371],[73.0179287,19.0749181],[73.0174545,19.0773595]]]],"type":"MultiPolygon"},"id":"way/655146714","properties":{"all_driver_tags":{"bench":"yes","lit":"yes","public_transport":"platform","railway":"platform","ref":"3;2","shelter":"yes","surface":"paved","train":"yes","wheelchair":"yes"},"boarding_coordinate_status":"not_derived_from_area","extent_intersection_status":"intersects_research_envelope","geometry_status":"valid","name":"","osm_object_id":"655146714","osm_object_type":"way","selected_tags":{"public_transport":"platform","railway":"platform"},"source":"mapped_osm_feature","source_id":"osm_western_zone_20260915","source_sha256":"c335a72cadfebc3ffde5cfff20fc9711f3112bc11000d43fde4daea10c36b53e","status":"unverified_operation_and_station_identity"},"type":"Feature"},{"geometry":{"coordinates":[[[[73.0175998,19.0773841],[73.0177096,19.0774027],[73.0181833,19.0749619],[73.0180729,19.0749429],[73.0175998,19.0773841]]]],"type":"MultiPolygon"},"id":"way/655146715","properties":{"all_driver_tags":{"bench":"yes","lit":"yes","name":"Trans-Harbour Line","public_transport":"platform","railway":"platform","ref":"2;1","shelter":"yes","surface":"paved","train":"yes"},"boarding_coordinate_status":"not_derived_from_area","extent_intersection_status":"intersects_research_envelope","geometry_status":"valid","name":"Trans-Harbour Line","osm_object_id":"655146715","osm_object_type":"way","selected_tags":{"public_transport":"platform","railway":"platform"},"source":"mapped_osm_feature","source_id":"osm_western_zone_20260915","source_sha256":"c335a72cadfebc3ffde5cfff20fc9711f3112bc11000d43fde4daea10c36b53e","status":"unverified_operation_and_station_identity"},"type":"Feature"},{"geometry":{"coordinates":[[[[73.0177414,19.0774081],[73.0178338,19.0774238],[73.0183228,19.0749858],[73.0182164,19.0749676],[73.0177414,19.0774081]]]],"type":"MultiPolygon"},"id":"way/655146716","properties":{"all_driver_tags":{"bench":"yes","lit":"yes","public_transport":"platform","railway":"platform","ref":"1","shelter":"yes","surface":"paved","train":"yes","wheelchair":"yes"},"boarding_coordinate_status":"not_derived_from_area","extent_intersection_status":"intersects_research_envelope","geometry_status":"valid","name":"","osm_object_id":"655146716","osm_object_type":"way","selected_tags":{"public_transport":"platform","railway":"platform"},"source":"mapped_osm_feature","source_id":"osm_western_zone_20260915","source_sha256":"c335a72cadfebc3ffde5cfff20fc9711f3112bc11000d43fde4daea10c36b53e","status":"unverified_operation_and_station_identity"},"type":"Feature"},{"geometry":{"coordinates":[[[[73.0171837,19.0773136],[73.017282,19.0773303],[73.0177506,19.0748867],[73.0176566,19.0748714],[73.0171837,19.0773136]]]],"type":"MultiPolygon"},"id":"way/655146717","properties":{"all_driver_tags":{"bench":"yes","lit":"yes","public_transport":"platform","railway":"platform","ref":"4","shelter":"yes","surface":"paved","train":"yes","wheelchair":"yes"},"boarding_coordinate_status":"not_derived_from_area","extent_intersection_status":"intersects_research_envelope","geometry_status":"valid","name":"","osm_object_id":"655146717","osm_object_type":"way","selected_tags":{"public_transport":"platform","railway":"platform"},"source":"mapped_osm_feature","source_id":"osm_western_zone_20260915","source_sha256":"c335a72cadfebc3ffde5cfff20fc9711f3112bc11000d43fde4daea10c36b53e","status":"unverified_operation_and_station_identity"},"type":"Feature"},{"geometry":{"coordinates":[[[[73.0109327,19.1043373],[73.0110198,19.1043611],[73.0116854,19.1021531],[73.0115984,19.1021293],[73.0109327,19.1043373]]]],"type":"MultiPolygon"},"id":"way/655146719","properties":{"all_driver_tags":{"bench":"yes","lit":"yes","name":"Trans-Harbour Line","public_transport":"platform","railway":"platform","ref":"2&1","shelter":"yes","surface":"paved","train":"yes"},"boarding_coordinate_status":"not_derived_from_area","extent_intersection_status":"intersects_research_envelope","geometry_status":"valid","name":"Trans-Harbour Line","osm_object_id":"655146719","osm_object_type":"way","selected_tags":{"public_transport":"platform","railway":"platform"},"source":"mapped_osm_feature","source_id":"osm_western_zone_20260915","source_sha256":"c335a72cadfebc3ffde5cfff20fc9711f3112bc11000d43fde4daea10c36b53e","status":"unverified_operation_and_station_identity"},"type":"Feature"},{"geometry":{"coordinates":[[[[73.0108751,19.1043216],[73.0108308,19.1043095],[73.0115021,19.102103],[73.0115464,19.1021151],[73.0108751,19.1043216]]]],"type":"MultiPolygon"},"id":"way/655146720","properties":{"all_driver_tags":{"bench":"yes","lit":"yes","public_transport":"platform","railway":"platform","ref":"2","shelter":"yes","surface":"paved","train":"yes","wheelchair":"yes"},"boarding_coordinate_status":"not_derived_from_area","extent_intersection_status":"intersects_research_envelope","geometry_status":"valid","name":"","osm_object_id":"655146720","osm_object_type":"way","selected_tags":{"public_transport":"platform","railway":"platform"},"source":"mapped_osm_feature","source_id":"osm_western_zone_20260915","source_sha256":"c335a72cadfebc3ffde5cfff20fc9711f3112bc11000d43fde4daea10c36b53e","status":"unverified_operation_and_station_identity"},"type":"Feature"},{"geometry":{"coordinates":[[[[73.0111214,19.1043888],[73.0110771,19.1043767],[73.0117484,19.1021703],[73.0117927,19.1021824],[73.0111214,19.1043888]]]],"type":"MultiPolygon"},"id":"way/655146721","properties":{"all_driver_tags":{"bench":"yes","lit":"yes","public_transport":"platform","railway":"platform","ref":"1","shelter":"yes","surface":"paved","train":"yes","wheelchair":"yes"},"boarding_coordinate_status":"not_derived_from_area","extent_intersection_status":"intersects_research_envelope","geometry_status":"valid","name":"","osm_object_id":"655146721","osm_object_type":"way","selected_tags":{"public_transport":"platform","railway":"platform"},"source":"mapped_osm_feature","source_id":"osm_western_zone_20260915","source_sha256":"c335a72cadfebc3ffde5cfff20fc9711f3112bc11000d43fde4daea10c36b53e","status":"unverified_operation_and_station_identity"},"type":"Feature"},{"geometry":{"coordinates":[[[[73.0064939,19.1173512],[73.0064508,19.1173359],[73.0073042,19.1151866],[73.0073474,19.115202],[73.0064939,19.1173512]]]],"type":"MultiPolygon"},"id":"way/655146723","properties":{"all_driver_tags":{"bench":"yes","bin":"yes","check_date:shelter":"2025-12-14","lit":"yes","public_transport":"platform","railway":"platform","ref":"2","shelter":"yes","surface":"paved","train":"yes","wheelchair":"yes"},"boarding_coordinate_status":"not_derived_from_area","extent_intersection_status":"intersects_research_envelope","geometry_status":"valid","name":"","osm_object_id":"655146723","osm_object_type":"way","selected_tags":{"public_transport":"platform","railway":"platform"},"source":"mapped_osm_feature","source_id":"osm_western_zone_20260915","source_sha256":"c335a72cadfebc3ffde5cfff20fc9711f3112bc11000d43fde4daea10c36b53e","status":"unverified_operation_and_station_identity"},"type":"Feature"},{"geometry":{"coordinates":[[[[73.0065501,19.1173713],[73.0066348,19.1174015],[73.0074828,19.1152502],[73.0073981,19.11522],[73.0065501,19.1173713]]]],"type":"MultiPolygon"},"id":"way/655146724","properties":{"all_driver_tags":{"bench":"yes","bin":"yes","check_date:shelter":"2025-12-14","lit":"yes","name":"Trans-Harbour Line","public_transport":"platform","railway":"platform","ref":"2;1","shelter":"yes","surface":"paved","train":"yes"},"boarding_coordinate_status":"not_derived_from_area","extent_intersection_status":"intersects_research_envelope","geometry_status":"valid","name":"Trans-Harbour Line","osm_object_id":"655146724","osm_object_type":"way","selected_tags":{"public_transport":"platform","railway":"platform"},"source":"mapped_osm_feature","source_id":"osm_western_zone_20260915","source_sha256":"c335a72cadfebc3ffde5cfff20fc9711f3112bc11000d43fde4daea10c36b53e","status":"unverified_operation_and_station_identity"},"type":"Feature"},{"geometry":{"coordinates":[[[[73.0067338,19.1174367],[73.0066907,19.1174214],[73.0075442,19.1152721],[73.0075873,19.1152874],[73.0067338,19.1174367]]]],"type":"MultiPolygon"},"id":"way/655146725","properties":{"all_driver_tags":{"bench":"yes","bin":"yes","check_date:shelter":"2025-12-14","lit":"yes","public_transport":"platform","railway":"platform","ref":"1","shelter":"yes","surface":"paved","train":"yes","wheelchair":"yes"},"boarding_coordinate_status":"not_derived_from_area","extent_intersection_status":"intersects_research_envelope","geometry_status":"valid","name":"","osm_object_id":"655146725","osm_object_type":"way","selected_tags":{"public_transport":"platform","railway":"platform"},"source":"mapped_osm_feature","source_id":"osm_western_zone_20260915","source_sha256":"c335a72cadfebc3ffde5cfff20fc9711f3112bc11000d43fde4daea10c36b53e","status":"unverified_operation_and_station_identity"},"type":"Feature"},{"geometry":{"coordinates":[[[[73.0024061,19.137734],[73.0023612,19.1377242],[73.0029054,19.1354871],[73.0029503,19.1354969],[73.0024061,19.137734]]]],"type":"MultiPolygon"},"id":"way/655146727","properties":{"all_driver_tags":{"bench":"yes","lit":"yes","public_transport":"platform","railway":"platform","ref":"2","shelter":"yes","surface":"paved","train":"yes","wheelchair":"yes"},"boarding_coordinate_status":"not_derived_from_area","extent_intersection_status":"intersects_research_envelope","geometry_status":"valid","name":"","osm_object_id":"655146727","osm_object_type":"way","selected_tags":{"public_transport":"platform","railway":"platform"},"source":"mapped_osm_feature","source_id":"osm_western_zone_20260915","source_sha256":"c335a72cadfebc3ffde5cfff20fc9711f3112bc11000d43fde4daea10c36b53e","status":"unverified_operation_and_station_identity"},"type":"Feature"},{"geometry":{"coordinates":[[[[73.0024645,19.1377467],[73.0025529,19.137766],[73.0030913,19.1355277],[73.0030031,19.1355084],[73.0024645,19.1377467]]]],"type":"MultiPolygon"},"id":"way/655146728","properties":{"all_driver_tags":{"bench":"yes","lit":"yes","name":"Trans-Harbour Line","public_transport":"platform","railway":"platform","ref":"2;1","shelter":"yes","surface":"paved","train":"yes"},"boarding_coordinate_status":"not_derived_from_area","extent_intersection_status":"intersects_research_envelope","geometry_status":"valid","name":"Trans-Harbour Line","osm_object_id":"655146728","osm_object_type":"way","selected_tags":{"public_transport":"platform","railway":"platform"},"source":"mapped_osm_feature","source_id":"osm_western_zone_20260915","source_sha256":"c335a72cadfebc3ffde5cfff20fc9711f3112bc11000d43fde4daea10c36b53e","status":"unverified_operation_and_station_identity"},"type":"Feature"},{"geometry":{"coordinates":[[[[73.0026559,19.1377885],[73.002611,19.1377787],[73.0031552,19.1355417],[73.0032002,19.1355515],[73.0026559,19.1377885]]]],"type":"MultiPolygon"},"id":"way/655146729","properties":{"all_driver_tags":{"bench":"yes","lit":"yes","public_transport":"platform","railway":"platform","ref":"1","shelter":"yes","surface":"paved","train":"yes","wheelchair":"yes"},"boarding_coordinate_status":"not_derived_from_area","extent_intersection_status":"intersects_research_envelope","geometry_status":"valid","name":"","osm_object_id":"655146729","osm_object_type":"way","selected_tags":{"public_transport":"platform","railway":"platform"},"source":"mapped_osm_feature","source_id":"osm_western_zone_20260915","source_sha256":"c335a72cadfebc3ffde5cfff20fc9711f3112bc11000d43fde4daea10c36b53e","status":"unverified_operation_and_station_identity"},"type":"Feature"},{"geometry":{"coordinates":[[[[72.9992237,19.1597235],[72.9995913,19.1597249],[72.9995892,19.1592293],[72.9995886,19.1591608],[72.9995879,19.1590754],[72.9995826,19.157954],[72.9995814,19.1578002],[72.9995794,19.1573213],[72.9993924,19.1573236],[72.9992133,19.1573259],[72.9992237,19.1597235]]]],"type":"MultiPolygon"},"id":"way/655146730","properties":{"all_driver_tags":{"addr:city":"Navi Mumbai","addr:postcode":"400708","addr:street":"Airoli Station Road","building":"train_station","internet_access":"yes","layer":"1","name":"Airoli","name:en":"Airoli","network":"Mumbai Suburban Railway Network","official_name":"Airavali","official_name:en":"Airavali","operator":"Central Railways","platforms":"2","public_transport":"station","railway":"station","ref":"AIRL","train":"yes","wheelchair":"yes","wikidata":"Q4698848","wikipedia":"en:Airoli railway station"},"boarding_coordinate_status":"not_derived_from_area","extent_intersection_status":"intersects_research_envelope","geometry_status":"valid","name":"Airoli","osm_object_id":"655146730","osm_object_type":"way","selected_tags":{"public_transport":"station","railway":"station"},"source":"mapped_osm_feature","source_id":"osm_western_zone_20260915","source_sha256":"c335a72cadfebc3ffde5cfff20fc9711f3112bc11000d43fde4daea10c36b53e","status":"unverified_operation_and_station_identity"},"type":"Feature"},{"geometry":{"coordinates":[[[[72.999302,19.1596689],[72.999256,19.159669],[72.9992484,19.157374],[72.9992945,19.1573739],[72.999302,19.1596689]]]],"type":"MultiPolygon"},"id":"way/655146731","properties":{"all_driver_tags":{"bench":"yes","lit":"yes","public_transport":"platform","railway":"platform","ref":"2","shelter":"yes","surface":"paved","train":"yes","wheelchair":"yes"},"boarding_coordinate_status":"not_derived_from_area","extent_intersection_status":"intersects_research_envelope","geometry_status":"valid","name":"","osm_object_id":"655146731","osm_object_type":"way","selected_tags":{"public_transport":"platform","railway":"platform"},"source":"mapped_osm_feature","source_id":"osm_western_zone_20260915","source_sha256":"c335a72cadfebc3ffde5cfff20fc9711f3112bc11000d43fde4daea10c36b53e","status":"unverified_operation_and_station_identity"},"type":"Feature"},{"geometry":{"coordinates":[[[[72.9993621,19.1596688],[72.9994527,19.1596687],[72.9994392,19.1573737],[72.9993486,19.1573738],[72.9993621,19.1596688]]]],"type":"MultiPolygon"},"id":"way/655146732","properties":{"all_driver_tags":{"bench":"yes","lit":"yes","name":"Trans-Harbour Line","network":"Trans Harbour Railway Line","public_transport":"platform","railway":"platform","ref":"2;1","shelter":"yes","surface":"paved","train":"yes"},"boarding_coordinate_status":"not_derived_from_area","extent_intersection_status":"intersects_research_envelope","geometry_status":"valid","name":"Trans-Harbour Line","osm_object_id":"655146732","osm_object_type":"way","selected_tags":{"public_transport":"platform","railway":"platform"},"source":"mapped_osm_feature","source_id":"osm_western_zone_20260915","source_sha256":"c335a72cadfebc3ffde5cfff20fc9711f3112bc11000d43fde4daea10c36b53e","status":"unverified_operation_and_station_identity"},"type":"Feature"},{"geometry":{"coordinates":[[[[72.9995585,19.1596685],[72.9995124,19.1596686],[72.9995048,19.1573736],[72.9995509,19.1573735],[72.9995585,19.1596685]]]],"type":"MultiPolygon"},"id":"way/655146733","properties":{"all_driver_tags":{"bench":"yes","lit":"yes","public_transport":"platform","railway":"platform","ref":"1","shelter":"yes","surface":"paved","train":"yes","wheelchair":"yes"},"boarding_coordinate_status":"not_derived_from_area","extent_intersection_status":"intersects_research_envelope","geometry_status":"valid","name":"","osm_object_id":"655146733","osm_object_type":"way","selected_tags":{"public_transport":"platform","railway":"platform"},"source":"mapped_osm_feature","source_id":"osm_western_zone_20260915","source_sha256":"c335a72cadfebc3ffde5cfff20fc9711f3112bc11000d43fde4daea10c36b53e","status":"unverified_operation_and_station_identity"},"type":"Feature"},{"geometry":{"coordinates":[[[[73.0023188,19.1377692],[73.0026729,19.1378464],[73.0032457,19.1355018],[73.0028921,19.1354246],[73.0023188,19.1377692]]]],"type":"MultiPolygon"},"id":"way/655530295","properties":{"all_driver_tags":{"addr:city":"Navi Mumbai","addr:postcode":"400701","addr:street":"Rabale Station Road","building":"train_station","internet_access":"yes","layer":"1","name":"Rabale","network":"Mumbai Suburban Railway Network","operator":"Central Railways","platforms":"2","public_transport":"station","railway":"station","ref":"RABE","train":"yes","wheelchair":"yes","wikidata":"Q7278492","wikipedia":"en:Rabale railway station"},"boarding_coordinate_status":"not_derived_from_area","extent_intersection_status":"intersects_research_envelope","geometry_status":"valid","name":"Rabale","osm_object_id":"655530295","osm_object_type":"way","selected_tags":{"public_transport":"station","railway":"station"},"source":"mapped_osm_feature","source_id":"osm_western_zone_20260915","source_sha256":"c335a72cadfebc3ffde5cfff20fc9711f3112bc11000d43fde4daea10c36b53e","status":"unverified_operation_and_station_identity"},"type":"Feature"},{"geometry":{"coordinates":[[[[73.0064054,19.1173785],[73.0067474,19.1174986],[73.0069311,19.1170317],[73.0070051,19.116842],[73.0073693,19.1159173],[73.0074438,19.1157273],[73.0076339,19.115244],[73.0072924,19.115124],[73.0064054,19.1173785]]]],"type":"MultiPolygon"},"id":"way/655530297","properties":{"all_driver_tags":{"addr:city":"Navi Mumbai","addr:postcode":"400701","addr:street":"Ghansoli Station Road","building":"train_station","internet_access":"yes","layer":"1","name":"Ghansoli","name:hi":"घनसोली","name:mr":"घणसोली","network":"Mumbai Suburban Railway Network","operator":"Central Railways","platforms":"2","public_transport":"station","railway":"station","ref":"GNSL","train":"yes","wheelchair":"yes","wikidata":"Q5555617","wikipedia":"en:Ghansoli railway station"},"boarding_coordinate_status":"not_derived_from_area","extent_intersection_status":"intersects_research_envelope","geometry_status":"valid","name":"Ghansoli","osm_object_id":"655530297","osm_object_type":"way","selected_tags":{"public_transport":"station","railway":"station"},"source":"mapped_osm_feature","source_id":"osm_western_zone_20260915","source_sha256":"c335a72cadfebc3ffde5cfff20fc9711f3112bc11000d43fde4daea10c36b53e","status":"unverified_operation_and_station_identity"},"type":"Feature"},{"geometry":{"coordinates":[[[[73.0107838,19.1043534],[73.0111314,19.1044479],[73.0112764,19.1039721],[73.0113316,19.1037937],[73.0116227,19.1028429],[73.011678,19.1026642],[73.0118382,19.1021383],[73.0114874,19.1020429],[73.0107838,19.1043534]]]],"type":"MultiPolygon"},"id":"way/655530301","properties":{"all_driver_tags":{"addr:city":"Navi Mumbai","addr:postcode":"400709","addr:street":"Koparkhairne Station Road","building":"train_station","internet_access":"yes","layer":"1","name":"Koparkhairne","name:hi":"कोपरखैरने","network":"Mumbai Suburban Railway Network","operator":"Central Railways","platforms":"2","public_transport":"station","railway":"station","ref":"KPHN","train":"yes","wheelchair":"yes","wikidata":"Q6431003","wikipedia":"en:Kopar Khairane railway station"},"boarding_coordinate_status":"not_derived_from_area","extent_intersection_status":"intersects_research_envelope","geometry_status":"valid","name":"Koparkhairne","osm_object_id":"655530301","osm_object_type":"way","selected_tags":{"public_transport":"station","railway":"station"},"source":"mapped_osm_feature","source_id":"osm_western_zone_20260915","source_sha256":"c335a72cadfebc3ffde5cfff20fc9711f3112bc11000d43fde4daea10c36b53e","status":"unverified_operation_and_station_identity"},"type":"Feature"},{"geometry":{"coordinates":[[[[72.8914962,19.06532],[72.8913469,19.0653558],[72.8894284,19.0658159],[72.8894175,19.0658185],[72.8894067,19.0658211],[72.888962,19.0659277],[72.8889829,19.0660056],[72.8894379,19.0658928],[72.8915172,19.065398],[72.8914962,19.06532]]]],"type":"MultiPolygon"},"id":"way/656434505","properties":{"all_driver_tags":{"bench":"yes","bin":"yes","lit":"yes","public_transport":"platform","railway":"platform","ref":"2","shelter":"yes","train":"yes"},"boarding_coordinate_status":"not_derived_from_area","extent_intersection_status":"intersects_research_envelope","geometry_status":"valid","name":"","osm_object_id":"656434505","osm_object_type":"way","selected_tags":{"public_transport":"platform","railway":"platform"},"source":"mapped_osm_feature","source_id":"osm_western_zone_20260915","source_sha256":"c335a72cadfebc3ffde5cfff20fc9711f3112bc11000d43fde4daea10c36b53e","status":"unverified_operation_and_station_identity"},"type":"Feature"},{"geometry":{"coordinates":[[[[73.0838978,18.7322911],[73.0833399,18.7323876],[73.0831468,18.7324181],[73.0829483,18.7314478],[73.0826694,18.731275],[73.0825594,18.7306756],[73.0837261,18.7313589],[73.0848581,18.7317272],[73.0838978,18.7322911]]]],"type":"MultiPolygon"},"id":"way/658557424","properties":{"all_driver_tags":{"amenity":"bus_station"},"boarding_coordinate_status":"not_derived_from_area","extent_intersection_status":"intersects_research_envelope","geometry_status":"valid","name":"","osm_object_id":"658557424","osm_object_type":"way","selected_tags":{"amenity":"bus_station"},"source":"mapped_osm_feature","source_id":"osm_western_zone_20260915","source_sha256":"c335a72cadfebc3ffde5cfff20fc9711f3112bc11000d43fde4daea10c36b53e","status":"unverified_operation_and_station_identity"},"type":"Feature"},{"geometry":{"coordinates":[[[[73.1194726,18.9919106],[73.119535,18.9919682],[73.1214629,18.9901018],[73.1214006,18.9900443],[73.1194726,18.9919106]]]],"type":"MultiPolygon"},"id":"way/659854695","properties":{"all_driver_tags":{"bench":"yes","bin":"yes","check_date:shelter":"2024-06-16","lit":"yes","name":"Harbour Line","public_transport":"platform","railway":"platform","ref":"2;3","shelter":"yes","surface":"paved","train":"yes"},"boarding_coordinate_status":"not_derived_from_area","extent_intersection_status":"intersects_research_envelope","geometry_status":"valid","name":"Harbour Line","osm_object_id":"659854695","osm_object_type":"way","selected_tags":{"public_transport":"platform","railway":"platform"},"source":"mapped_osm_feature","source_id":"osm_western_zone_20260915","source_sha256":"c335a72cadfebc3ffde5cfff20fc9711f3112bc11000d43fde4daea10c36b53e","status":"unverified_operation_and_station_identity"},"type":"Feature"},{"geometry":{"coordinates":[[[[73.119577,18.9920068],[73.1196394,18.9920644],[73.1215673,18.990198],[73.121505,18.9901405],[73.119577,18.9920068]]]],"type":"MultiPolygon"},"id":"way/659854696","properties":{"all_driver_tags":{"bench":"yes","bin":"yes","check_date:shelter":"2023-08-25","lit":"yes","public_transport":"platform","railway":"platform","ref":"1;2","shelter":"yes","surface":"paved","train":"yes","wheelchair":"yes"},"boarding_coordinate_status":"not_derived_from_area","extent_intersection_status":"intersects_research_envelope","geometry_status":"valid","name":"","osm_object_id":"659854696","osm_object_type":"way","selected_tags":{"public_transport":"platform","railway":"platform"},"source":"mapped_osm_feature","source_id":"osm_western_zone_20260915","source_sha256":"c335a72cadfebc3ffde5cfff20fc9711f3112bc11000d43fde4daea10c36b53e","status":"unverified_operation_and_station_identity"},"type":"Feature"},{"geometry":{"coordinates":[[[[73.1196802,18.9921001],[73.1197425,18.9921577],[73.1216704,18.9902913],[73.1216082,18.9902338],[73.1196802,18.9921001]]]],"type":"MultiPolygon"},"id":"way/659854697","properties":{"all_driver_tags":{"bench":"yes","bin":"yes","check_date:shelter":"2024-06-16","lit":"yes","name":"Trans-Harbour Line","public_transport":"platform","railway":"platform","ref":"1","shelter":"yes","surface":"paved","train":"yes"},"boarding_coordinate_status":"not_derived_from_area","extent_intersection_status":"intersects_research_envelope","geometry_status":"valid","name":"Trans-Harbour Line","osm_object_id":"659854697","osm_object_type":"way","selected_tags":{"public_transport":"platform","railway":"platform"},"source":"mapped_osm_feature","source_id":"osm_western_zone_20260915","source_sha256":"c335a72cadfebc3ffde5cfff20fc9711f3112bc11000d43fde4daea10c36b53e","status":"unverified_operation_and_station_identity"},"type":"Feature"},{"geometry":{"coordinates":[[[[73.0179739,19.0545985],[73.0180627,19.0546009],[73.0179852,19.0571416],[73.0178963,19.0571392],[73.0179739,19.0545985]]]],"type":"MultiPolygon"},"id":"way/661674445","properties":{"all_driver_tags":{"bench":"yes","lit":"yes","public_transport":"platform","railway":"platform","ref":"5;6","shelter":"yes","surface":"paved","train":"no"},"boarding_coordinate_status":"not_derived_from_area","extent_intersection_status":"intersects_research_envelope","geometry_status":"valid","name":"","osm_object_id":"661674445","osm_object_type":"way","selected_tags":{"public_transport":"platform","railway":"platform"},"source":"mapped_osm_feature","source_id":"osm_western_zone_20260915","source_sha256":"c335a72cadfebc3ffde5cfff20fc9711f3112bc11000d43fde4daea10c36b53e","status":"unverified_operation_and_station_identity"},"type":"Feature"},{"geometry":{"coordinates":[[[[73.0178119,19.0571381],[73.0178669,19.0571395],[73.0179401,19.0545992],[73.0178849,19.0545977],[73.0178119,19.0571381]]]],"type":"MultiPolygon"},"id":"way/661674446","properties":{"all_driver_tags":{"bench":"yes","lit":"yes","public_transport":"platform","railway":"platform","ref":"6","shelter":"yes","surface":"paved","train":"no"},"boarding_coordinate_status":"not_derived_from_area","extent_intersection_status":"intersects_research_envelope","geometry_status":"valid","name":"","osm_object_id":"661674446","osm_object_type":"way","selected_tags":{"public_transport":"platform","railway":"platform"},"source":"mapped_osm_feature","source_id":"osm_western_zone_20260915","source_sha256":"c335a72cadfebc3ffde5cfff20fc9711f3112bc11000d43fde4daea10c36b53e","status":"unverified_operation_and_station_identity"},"type":"Feature"},{"geometry":{"coordinates":[[[[73.0603189,19.0262958],[73.0603609,19.0262249],[73.0581625,19.025063],[73.0581206,19.0251339],[73.0603189,19.0262958]]]],"type":"MultiPolygon"},"id":"way/661674506","properties":{"all_driver_tags":{"bench":"yes","lit":"yes","public_transport":"platform","railway":"platform","ref":"3;4","shelter":"yes","surface":"paved","train":"no"},"boarding_coordinate_status":"not_derived_from_area","extent_intersection_status":"intersects_research_envelope","geometry_status":"valid","name":"","osm_object_id":"661674506","osm_object_type":"way","selected_tags":{"public_transport":"platform","railway":"platform"},"source":"mapped_osm_feature","source_id":"osm_western_zone_20260915","source_sha256":"c335a72cadfebc3ffde5cfff20fc9711f3112bc11000d43fde4daea10c36b53e","status":"unverified_operation_and_station_identity"},"type":"Feature"},{"geometry":{"coordinates":[[[[73.0603764,19.0261996],[73.0604183,19.0261287],[73.05822,19.0249668],[73.058178,19.0250377],[73.0603764,19.0261996]]]],"type":"MultiPolygon"},"id":"way/661674507","properties":{"all_driver_tags":{"bench":"yes","lit":"yes","public_transport":"platform","railway":"platform","ref":"4","shelter":"yes","surface":"paved","train":"no"},"boarding_coordinate_status":"not_derived_from_area","extent_intersection_status":"intersects_research_envelope","geometry_status":"valid","name":"","osm_object_id":"661674507","osm_object_type":"way","selected_tags":{"public_transport":"platform","railway":"platform"},"source":"mapped_osm_feature","source_id":"osm_western_zone_20260915","source_sha256":"c335a72cadfebc3ffde5cfff20fc9711f3112bc11000d43fde4daea10c36b53e","status":"unverified_operation_and_station_identity"},"type":"Feature"},{"geometry":{"coordinates":[[[[73.0602028,19.0264888],[73.0602448,19.0264179],[73.0580464,19.025256],[73.0580045,19.0253269],[73.0602028,19.0264888]]]],"type":"MultiPolygon"},"id":"way/661674508","properties":{"all_driver_tags":{"bench":"yes","lit":"yes","public_transport":"platform","railway":"platform","ref":"1;2","shelter":"yes","surface":"paved","train":"yes"},"boarding_coordinate_status":"not_derived_from_area","extent_intersection_status":"intersects_research_envelope","geometry_status":"valid","name":"","osm_object_id":"661674508","osm_object_type":"way","selected_tags":{"public_transport":"platform","railway":"platform"},"source":"mapped_osm_feature","source_id":"osm_western_zone_20260915","source_sha256":"c335a72cadfebc3ffde5cfff20fc9711f3112bc11000d43fde4daea10c36b53e","status":"unverified_operation_and_station_identity"},"type":"Feature"},{"geometry":{"coordinates":[[[[73.0601396,19.0265933],[73.0601815,19.0265224],[73.0579832,19.0253605],[73.0579413,19.0254314],[73.0601396,19.0265933]]]],"type":"MultiPolygon"},"id":"way/661674509","properties":{"all_driver_tags":{"bench":"yes","lit":"yes","public_transport":"platform","railway":"platform","ref":"1","shelter":"yes","surface":"paved","train":"yes"},"boarding_coordinate_status":"not_derived_from_area","extent_intersection_status":"intersects_research_envelope","geometry_status":"valid","name":"","osm_object_id":"661674509","osm_object_type":"way","selected_tags":{"public_transport":"platform","railway":"platform"},"source":"mapped_osm_feature","source_id":"osm_western_zone_20260915","source_sha256":"c335a72cadfebc3ffde5cfff20fc9711f3112bc11000d43fde4daea10c36b53e","status":"unverified_operation_and_station_identity"},"type":"Feature"},{"geometry":{"coordinates":[[[[72.8368839,19.0083574],[72.8368943,19.0083733],[72.8369009,19.0083835],[72.8368903,19.0083904],[72.8368763,19.0083994],[72.8369758,19.0085682],[72.8370133,19.0086319],[72.8372059,19.0089289],[72.8373193,19.0091037],[72.8382003,19.010464],[72.8387219,19.011236],[72.8387354,19.0112559],[72.8386704,19.0112793],[72.8386631,19.0112687],[72.8381379,19.0105005],[72.8372551,19.0091329],[72.8369773,19.0086683],[72.8369676,19.0086512],[72.8369476,19.0086108],[72.8368475,19.0084079],[72.8366879,19.0080837],[72.8367088,19.0080728],[72.8368839,19.0083574]]]],"type":"MultiPolygon"},"id":"way/661939865","properties":{"all_driver_tags":{"bench":"yes","bin":"yes","name":"Platform 1,2","passenger_information_display":"yes","public_transport":"platform","railway":"platform","ref":"1;2","train":"yes"},"boarding_coordinate_status":"not_derived_from_area","extent_intersection_status":"intersects_research_envelope","geometry_status":"valid","name":"Platform 1,2","osm_object_id":"661939865","osm_object_type":"way","selected_tags":{"public_transport":"platform","railway":"platform"},"source":"mapped_osm_feature","source_id":"osm_western_zone_20260915","source_sha256":"c335a72cadfebc3ffde5cfff20fc9711f3112bc11000d43fde4daea10c36b53e","status":"unverified_operation_and_station_identity"},"type":"Feature"},{"geometry":{"coordinates":[[[[73.1000378,19.2127194],[73.0994341,19.2127802],[73.0994374,19.2128889],[73.1000498,19.2128408],[73.1000378,19.2127194]]]],"type":"MultiPolygon"},"id":"way/684571346","properties":{"all_driver_tags":{"addr:city":"Dombivali","amenity":"bus_station","building":"service","bus":"yes","internet_access":"no","name":"Dombivali MSRTC Bus Terminal","operator":"MSRTC","public_transport":"station"},"boarding_coordinate_status":"not_derived_from_area","extent_intersection_status":"intersects_research_envelope","geometry_status":"valid","name":"Dombivali MSRTC Bus Terminal","osm_object_id":"684571346","osm_object_type":"way","selected_tags":{"amenity":"bus_station","public_transport":"station"},"source":"mapped_osm_feature","source_id":"osm_western_zone_20260915","source_sha256":"c335a72cadfebc3ffde5cfff20fc9711f3112bc11000d43fde4daea10c36b53e","status":"unverified_operation_and_station_identity"},"type":"Feature"},{"geometry":{"coordinates":[[[[73.6885091,18.5815224],[73.688489,18.5815509],[73.6884566,18.5815661],[73.6884205,18.5815639],[73.6883905,18.5815448],[73.6883744,18.5815141],[73.6883768,18.5814799],[73.6883968,18.5814514],[73.6884293,18.5814362],[73.6884654,18.5814384],[73.6884955,18.5814574],[73.6885115,18.5814882],[73.6885091,18.5815224]]]],"type":"MultiPolygon"},"id":"way/696301208","properties":{"all_driver_tags":{"aeroway":"helipad","name":"Tech Mahindra Helipad"},"boarding_coordinate_status":"not_derived_from_area","extent_intersection_status":"intersects_research_envelope","geometry_status":"valid","name":"Tech Mahindra Helipad","osm_object_id":"696301208","osm_object_type":"way","selected_tags":{"aeroway":"helipad"},"source":"mapped_osm_feature","source_id":"osm_western_zone_20260915","source_sha256":"c335a72cadfebc3ffde5cfff20fc9711f3112bc11000d43fde4daea10c36b53e","status":"unverified_operation_and_station_identity"},"type":"Feature"},{"geometry":{"coordinates":[[[[73.0804941,19.1545736],[73.0796841,19.1569781],[73.0797873,19.1570072],[73.0804954,19.1549372],[73.080596,19.1546015],[73.0804941,19.1545736]]]],"type":"MultiPolygon"},"id":"way/699441020","properties":{"all_driver_tags":{"public_transport":"platform","railway":"platform"},"boarding_coordinate_status":"not_derived_from_area","extent_intersection_status":"intersects_research_envelope","geometry_status":"valid","name":"","osm_object_id":"699441020","osm_object_type":"way","selected_tags":{"public_transport":"platform","railway":"platform"},"source":"mapped_osm_feature","source_id":"osm_western_zone_20260915","source_sha256":"c335a72cadfebc3ffde5cfff20fc9711f3112bc11000d43fde4daea10c36b53e","status":"unverified_operation_and_station_identity"},"type":"Feature"},{"geometry":{"coordinates":[[[[73.0804807,19.1542062],[73.0796814,19.156593],[73.0795956,19.15656],[73.0800032,19.1553733],[73.0801879,19.1548357],[73.080411,19.154186],[73.0804807,19.1542062]]]],"type":"MultiPolygon"},"id":"way/699441021","properties":{"all_driver_tags":{"public_transport":"platform","railway":"platform"},"boarding_coordinate_status":"not_derived_from_area","extent_intersection_status":"intersects_research_envelope","geometry_status":"valid","name":"","osm_object_id":"699441021","osm_object_type":"way","selected_tags":{"public_transport":"platform","railway":"platform"},"source":"mapped_osm_feature","source_id":"osm_western_zone_20260915","source_sha256":"c335a72cadfebc3ffde5cfff20fc9711f3112bc11000d43fde4daea10c36b53e","status":"unverified_operation_and_station_identity"},"type":"Feature"},{"geometry":{"coordinates":[[[[73.0883329,19.078276],[73.0875778,19.080257],[73.0875403,19.0802456],[73.0882926,19.0782621],[73.0883069,19.078267],[73.0883329,19.078276]]]],"type":"MultiPolygon"},"id":"way/699441032","properties":{"all_driver_tags":{"public_transport":"platform","railway":"platform"},"boarding_coordinate_status":"not_derived_from_area","extent_intersection_status":"intersects_research_envelope","geometry_status":"valid","name":"","osm_object_id":"699441032","osm_object_type":"way","selected_tags":{"public_transport":"platform","railway":"platform"},"source":"mapped_osm_feature","source_id":"osm_western_zone_20260915","source_sha256":"c335a72cadfebc3ffde5cfff20fc9711f3112bc11000d43fde4daea10c36b53e","status":"unverified_operation_and_station_identity"},"type":"Feature"},{"geometry":{"coordinates":[[[[73.0885997,19.0779566],[73.0884657,19.0783157],[73.087728,19.0802912],[73.0877951,19.0803102],[73.0885488,19.0783449],[73.0886856,19.0779883],[73.0885997,19.0779566]]]],"type":"MultiPolygon"},"id":"way/699441036","properties":{"all_driver_tags":{"public_transport":"platform","railway":"platform"},"boarding_coordinate_status":"not_derived_from_area","extent_intersection_status":"intersects_research_envelope","geometry_status":"valid","name":"","osm_object_id":"699441036","osm_object_type":"way","selected_tags":{"public_transport":"platform","railway":"platform"},"source":"mapped_osm_feature","source_id":"osm_western_zone_20260915","source_sha256":"c335a72cadfebc3ffde5cfff20fc9711f3112bc11000d43fde4daea10c36b53e","status":"unverified_operation_and_station_identity"},"type":"Feature"},{"geometry":{"coordinates":[[[[72.859818,19.0856625],[72.8599817,19.0856607],[72.8599763,19.0852222],[72.8598127,19.085224],[72.859818,19.0856625]]]],"type":"MultiPolygon"},"id":"way/706495637","properties":{"all_driver_tags":{"aeroway":"terminal","building":"transportation","name":"General Aviation Terminal","website":"https://www.csia.in/corporate-aviation/corporate-aviation.aspx"},"boarding_coordinate_status":"not_derived_from_area","extent_intersection_status":"intersects_research_envelope","geometry_status":"valid","name":"General Aviation Terminal","osm_object_id":"706495637","osm_object_type":"way","selected_tags":{"aeroway":"terminal"},"source":"mapped_osm_feature","source_id":"osm_western_zone_20260915","source_sha256":"c335a72cadfebc3ffde5cfff20fc9711f3112bc11000d43fde4daea10c36b53e","status":"unverified_operation_and_station_identity"},"type":"Feature"},{"geometry":{"coordinates":[[[[72.8520195,19.0925886],[72.8521147,19.092524],[72.8525787,19.0925544],[72.8526082,19.0926],[72.8526002,19.0929548],[72.8523588,19.0931887],[72.8521664,19.093176],[72.8520598,19.0927813],[72.8520195,19.0925886]]]],"type":"MultiPolygon"},"id":"way/706495640","properties":{"all_driver_tags":{"amenity":"taxi"},"boarding_coordinate_status":"not_derived_from_area","extent_intersection_status":"intersects_research_envelope","geometry_status":"valid","name":"","osm_object_id":"706495640","osm_object_type":"way","selected_tags":{"amenity":"taxi"},"source":"mapped_osm_feature","source_id":"osm_western_zone_20260915","source_sha256":"c335a72cadfebc3ffde5cfff20fc9711f3112bc11000d43fde4daea10c36b53e","status":"unverified_operation_and_station_identity"},"type":"Feature"},{"geometry":{"coordinates":[[[[72.8264768,19.1077415],[72.8267008,19.1077319],[72.8266538,19.1083646],[72.8266388,19.1084284],[72.8265249,19.1084355],[72.8265085,19.1083713],[72.8264921,19.1078249],[72.8264768,19.1077415]]]],"type":"MultiPolygon"},"id":"way/766478200","properties":{"all_driver_tags":{"amenity":"bus_station","bus":"yes","name":"Juhu Bus Station","public_transport":"station"},"boarding_coordinate_status":"not_derived_from_area","extent_intersection_status":"intersects_research_envelope","geometry_status":"valid","name":"Juhu Bus Station","osm_object_id":"766478200","osm_object_type":"way","selected_tags":{"amenity":"bus_station","public_transport":"station"},"source":"mapped_osm_feature","source_id":"osm_western_zone_20260915","source_sha256":"c335a72cadfebc3ffde5cfff20fc9711f3112bc11000d43fde4daea10c36b53e","status":"unverified_operation_and_station_identity"},"type":"Feature"},{"geometry":{"coordinates":[[[[72.8352019,18.9405106],[72.8350284,18.942163],[72.8349427,18.9429788],[72.8350629,18.9429895],[72.8350693,18.9424531],[72.8350773,18.9423082],[72.8350898,18.9421692],[72.8352633,18.9405164],[72.8352326,18.9405135],[72.8352019,18.9405106]]]],"type":"MultiPolygon"},"id":"way/802938670","properties":{"all_driver_tags":{"bench":"yes","bin":"yes","covered":"yes","level":"0","lit":"yes","name":"2-3","passenger_information_display":"yes","public_transport":"platform","railway":"platform","ref":"2;3","tactile_paving":"yes","train":"yes","wheelchair":"yes"},"boarding_coordinate_status":"not_derived_from_area","extent_intersection_status":"intersects_research_envelope","geometry_status":"valid","name":"2-3","osm_object_id":"802938670","osm_object_type":"way","selected_tags":{"public_transport":"platform","railway":"platform"},"source":"mapped_osm_feature","source_id":"osm_western_zone_20260915","source_sha256":"c335a72cadfebc3ffde5cfff20fc9711f3112bc11000d43fde4daea10c36b53e","status":"unverified_operation_and_station_identity"},"type":"Feature"},{"geometry":{"coordinates":[[[[72.8352963,18.9405195],[72.8351226,18.9421725],[72.8351107,18.9423113],[72.835103,18.9424541],[72.8350991,18.9426457],[72.8350968,18.9429853],[72.8351231,18.942986],[72.8351583,18.9426507],[72.8351711,18.9425281],[72.8353809,18.9405274],[72.8353502,18.9405245],[72.8353386,18.9405235],[72.8352963,18.9405195]]]],"type":"MultiPolygon"},"id":"way/802938671","properties":{"all_driver_tags":{"bench":"yes","bin":"yes","covered":"yes","level":"0","lit":"yes","name":"3-4","passenger_information_display":"yes","public_transport":"platform","railway":"platform","ref":"3;4","tactile_paving":"yes","train":"yes","wheelchair":"yes"},"boarding_coordinate_status":"not_derived_from_area","extent_intersection_status":"intersects_research_envelope","geometry_status":"valid","name":"3-4","osm_object_id":"802938671","osm_object_type":"way","selected_tags":{"public_transport":"platform","railway":"platform"},"source":"mapped_osm_feature","source_id":"osm_western_zone_20260915","source_sha256":"c335a72cadfebc3ffde5cfff20fc9711f3112bc11000d43fde4daea10c36b53e","status":"unverified_operation_and_station_identity"},"type":"Feature"},{"geometry":{"coordinates":[[[[72.8352496,18.943025],[72.8352593,18.9428388],[72.8352709,18.9426887],[72.835285,18.9425383],[72.8354946,18.9405381],[72.8354547,18.9405344],[72.8354147,18.9405306],[72.8352046,18.9425311],[72.8351534,18.9430187],[72.8352496,18.943025]]]],"type":"MultiPolygon"},"id":"way/802938672","properties":{"all_driver_tags":{"bench":"yes","bin":"yes","covered":"yes","level":"0","lit":"yes","name":"4-5","passenger_information_display":"yes","public_transport":"platform","railway":"platform","ref":"4;5","tactile_paving":"yes","train":"yes","wheelchair":"yes"},"boarding_coordinate_status":"not_derived_from_area","extent_intersection_status":"intersects_research_envelope","geometry_status":"valid","name":"4-5","osm_object_id":"802938672","osm_object_type":"way","selected_tags":{"public_transport":"platform","railway":"platform"},"source":"mapped_osm_feature","source_id":"osm_western_zone_20260915","source_sha256":"c335a72cadfebc3ffde5cfff20fc9711f3112bc11000d43fde4daea10c36b53e","status":"unverified_operation_and_station_identity"},"type":"Feature"},{"geometry":{"coordinates":[[[[72.8355751,18.9405456],[72.8355516,18.9405434],[72.8355281,18.9405412],[72.835318,18.9425412],[72.835308,18.9426618],[72.8352994,18.9427848],[72.8352925,18.9429537],[72.8353302,18.9429562],[72.8353462,18.9427527],[72.8353654,18.9425455],[72.8355751,18.9405456]]]],"type":"MultiPolygon"},"id":"way/802938674","properties":{"all_driver_tags":{"bench":"yes","bin":"yes","covered":"yes","level":"0","lit":"yes","name":"5-6","passenger_information_display":"yes","public_transport":"platform","railway":"platform","ref":"5;6","tactile_paving":"yes","train":"yes","wheelchair":"yes"},"boarding_coordinate_status":"not_derived_from_area","extent_intersection_status":"intersects_research_envelope","geometry_status":"valid","name":"5-6","osm_object_id":"802938674","osm_object_type":"way","selected_tags":{"public_transport":"platform","railway":"platform"},"source":"mapped_osm_feature","source_id":"osm_western_zone_20260915","source_sha256":"c335a72cadfebc3ffde5cfff20fc9711f3112bc11000d43fde4daea10c36b53e","status":"unverified_operation_and_station_identity"},"type":"Feature"},{"geometry":{"coordinates":[[[[72.8351687,18.9405075],[72.8349955,18.9421597],[72.8349099,18.9429759],[72.8348481,18.9429704],[72.8349339,18.9421535],[72.8351075,18.9405017],[72.8351381,18.9405046],[72.8351687,18.9405075]]]],"type":"MultiPolygon"},"id":"way/802938675","properties":{"all_driver_tags":{"bench":"yes","bin":"yes","covered":"yes","level":"0","lit":"yes","name":"1-2","passenger_information_display":"yes","public_transport":"platform","railway":"platform","ref":"1;2","tactile_paving":"yes","train":"yes","wheelchair":"yes"},"boarding_coordinate_status":"not_derived_from_area","extent_intersection_status":"intersects_research_envelope","geometry_status":"valid","name":"1-2","osm_object_id":"802938675","osm_object_type":"way","selected_tags":{"public_transport":"platform","railway":"platform"},"source":"mapped_osm_feature","source_id":"osm_western_zone_20260915","source_sha256":"c335a72cadfebc3ffde5cfff20fc9711f3112bc11000d43fde4daea10c36b53e","status":"unverified_operation_and_station_identity"},"type":"Feature"},{"geometry":{"coordinates":[[[[72.8310279,19.384532],[72.8309451,19.3844985],[72.8322845,19.3815375],[72.8323717,19.3815711],[72.8310279,19.384532]]]],"type":"MultiPolygon"},"id":"way/803121201","properties":{"all_driver_tags":{"name":"Vasai Road","public_transport":"platform","railway":"platform","ref":"2;3","train":"yes"},"boarding_coordinate_status":"not_derived_from_area","extent_intersection_status":"intersects_research_envelope","geometry_status":"valid","name":"Vasai Road","osm_object_id":"803121201","osm_object_type":"way","selected_tags":{"public_transport":"platform","railway":"platform"},"source":"mapped_osm_feature","source_id":"osm_western_zone_20260915","source_sha256":"c335a72cadfebc3ffde5cfff20fc9711f3112bc11000d43fde4daea10c36b53e","status":"unverified_operation_and_station_identity"},"type":"Feature"},{"geometry":{"coordinates":[[[[72.8316803,19.3832859],[72.833696,19.3788378],[72.8339441,19.3783444],[72.8339837,19.3783621],[72.8317601,19.3833219],[72.8316803,19.3832859]]]],"type":"MultiPolygon"},"id":"way/803121202","properties":{"all_driver_tags":{"bench":"yes","bin":"yes","covered":"yes","departures_board":"yes","name":"Vasai Road","public_transport":"platform","railway":"platform","ref":"4;5","shelter":"no","sign":"yes","tactile_paving":"yes","train":"yes","wheelchair":"no"},"boarding_coordinate_status":"not_derived_from_area","extent_intersection_status":"intersects_research_envelope","geometry_status":"valid","name":"Vasai Road","osm_object_id":"803121202","osm_object_type":"way","selected_tags":{"public_transport":"platform","railway":"platform"},"source":"mapped_osm_feature","source_id":"osm_western_zone_20260915","source_sha256":"c335a72cadfebc3ffde5cfff20fc9711f3112bc11000d43fde4daea10c36b53e","status":"unverified_operation_and_station_identity"},"type":"Feature"},{"geometry":{"coordinates":[[[[72.8272103,18.934131],[72.8272179,18.9340961],[72.8272258,18.93406],[72.8276554,18.934144],[72.8276507,18.9341655],[72.8276398,18.9342151],[72.8276128,18.9342098],[72.8275853,18.9342044],[72.8274987,18.9341875],[72.8274707,18.934182],[72.8273845,18.9341651],[72.8273561,18.9341596],[72.8272703,18.9341428],[72.8272415,18.9341371],[72.8272103,18.934131]]]],"type":"MultiPolygon"},"id":"way/803121203","properties":{"all_driver_tags":{"public_transport":"platform","railway":"platform"},"boarding_coordinate_status":"not_derived_from_area","extent_intersection_status":"intersects_research_envelope","geometry_status":"valid","name":"","osm_object_id":"803121203","osm_object_type":"way","selected_tags":{"public_transport":"platform","railway":"platform"},"source":"mapped_osm_feature","source_id":"osm_western_zone_20260915","source_sha256":"c335a72cadfebc3ffde5cfff20fc9711f3112bc11000d43fde4daea10c36b53e","status":"unverified_operation_and_station_identity"},"type":"Feature"},{"geometry":{"coordinates":[[[[72.8272103,18.934131],[72.8272415,18.9341371],[72.8269869,18.9354543],[72.8269483,18.9358322],[72.8269467,18.9358474],[72.8269241,18.9363061],[72.82687,18.9363051],[72.8268964,18.9358451],[72.8268997,18.9358191],[72.8269475,18.9354476],[72.8272103,18.934131]]]],"type":"MultiPolygon"},"id":"way/803121204","properties":{"all_driver_tags":{"bench":"yes","bin":"yes","covered":"yes","departures_board":"realtime","name":"Platform 1","network":"IR","passenger_information_display":"yes","public_transport":"platform","railway":"platform","ref":"1","train":"yes"},"boarding_coordinate_status":"not_derived_from_area","extent_intersection_status":"intersects_research_envelope","geometry_status":"valid","name":"Platform 1","osm_object_id":"803121204","osm_object_type":"way","selected_tags":{"public_transport":"platform","railway":"platform"},"source":"mapped_osm_feature","source_id":"osm_western_zone_20260915","source_sha256":"c335a72cadfebc3ffde5cfff20fc9711f3112bc11000d43fde4daea10c36b53e","status":"unverified_operation_and_station_identity"},"type":"Feature"},{"geometry":{"coordinates":[[[[72.8272703,18.9341428],[72.8273561,18.9341596],[72.8270943,18.9354704],[72.8270522,18.9358245],[72.8270489,18.935852],[72.8270064,18.9366262],[72.8269581,18.9366256],[72.8269843,18.9358491],[72.8269858,18.9358315],[72.8270184,18.9354586],[72.8272703,18.9341428]]]],"type":"MultiPolygon"},"id":"way/803121205","properties":{"all_driver_tags":{"bench":"yes","bin":"yes","covered":"yes","departures_board":"realtime","name":"Platform 1,2","passenger_information_display":"yes","public_transport":"platform","railway":"platform","ref":"1;2","train":"yes"},"boarding_coordinate_status":"not_derived_from_area","extent_intersection_status":"intersects_research_envelope","geometry_status":"valid","name":"Platform 1,2","osm_object_id":"803121205","osm_object_type":"way","selected_tags":{"public_transport":"platform","railway":"platform"},"source":"mapped_osm_feature","source_id":"osm_western_zone_20260915","source_sha256":"c335a72cadfebc3ffde5cfff20fc9711f3112bc11000d43fde4daea10c36b53e","status":"unverified_operation_and_station_identity"},"type":"Feature"},{"geometry":{"coordinates":[[[[72.8274707,18.934182],[72.8273275,18.9348865],[72.8272056,18.9354865],[72.8271549,18.9358308],[72.8271511,18.9358565],[72.8270803,18.937251],[72.8270126,18.9372486],[72.8270878,18.9358537],[72.8270905,18.9358297],[72.8271307,18.9354764],[72.8273845,18.9341651],[72.8274707,18.934182]]]],"type":"MultiPolygon"},"id":"way/803121206","properties":{"all_driver_tags":{"bench":"yes","bin":"yes","covered":"yes","departures_board":"realtime","name":"Platform 2,3","network":"IR","passenger_information_display":"yes","public_transport":"platform","railway":"platform","ref":"2;3","train":"yes"},"boarding_coordinate_status":"not_derived_from_area","extent_intersection_status":"intersects_research_envelope","geometry_status":"valid","name":"Platform 2,3","osm_object_id":"803121206","osm_object_type":"way","selected_tags":{"public_transport":"platform","railway":"platform"},"source":"mapped_osm_feature","source_id":"osm_western_zone_20260915","source_sha256":"c335a72cadfebc3ffde5cfff20fc9711f3112bc11000d43fde4daea10c36b53e","status":"unverified_operation_and_station_identity"},"type":"Feature"},{"geometry":{"coordinates":[[[[72.8275853,18.9342044],[72.8273156,18.9355044],[72.8272584,18.9358312],[72.8272532,18.9358611],[72.8271549,18.9368181],[72.8271421,18.9368193],[72.8271913,18.9358584],[72.8271945,18.9358327],[72.8272375,18.9354917],[72.8273569,18.9348954],[72.8274987,18.9341875],[72.8275853,18.9342044]]]],"type":"MultiPolygon"},"id":"way/803121207","properties":{"all_driver_tags":{"bench":"yes","bin":"yes","covered":"yes","departures_board":"realtime","name":"Platform 3,4","network":"IR","passenger_information_display":"yes","public_transport":"platform","railway":"platform","ref":"3;4","train":"yes"},"boarding_coordinate_status":"not_derived_from_area","extent_intersection_status":"intersects_research_envelope","geometry_status":"valid","name":"Platform 3,4","osm_object_id":"803121207","osm_object_type":"way","selected_tags":{"public_transport":"platform","railway":"platform"},"source":"mapped_osm_feature","source_id":"osm_western_zone_20260915","source_sha256":"c335a72cadfebc3ffde5cfff20fc9711f3112bc11000d43fde4daea10c36b53e","status":"unverified_operation_and_station_identity"},"type":"Feature"},{"geometry":{"coordinates":[[[[72.7461259,19.983161],[72.7473288,19.9790746],[72.7475475,19.9782052],[72.7476373,19.9779002],[72.7477097,19.977667],[72.747805,19.9777023],[72.7477272,19.9779355],[72.7476427,19.9782291],[72.7474295,19.9791038],[72.7464558,19.9824905],[72.7462184,19.9831786],[72.7461259,19.983161]]]],"type":"MultiPolygon"},"id":"way/807549764","properties":{"all_driver_tags":{"railway":"platform"},"boarding_coordinate_status":"not_derived_from_area","extent_intersection_status":"intersects_research_envelope","geometry_status":"valid","name":"","osm_object_id":"807549764","osm_object_type":"way","selected_tags":{"railway":"platform"},"source":"mapped_osm_feature","source_id":"osm_western_zone_20260915","source_sha256":"c335a72cadfebc3ffde5cfff20fc9711f3112bc11000d43fde4daea10c36b53e","status":"unverified_operation_and_station_identity"},"type":"Feature"},{"geometry":{"coordinates":[[[[72.8194992,18.9698514],[72.8195834,18.9709869],[72.8196384,18.9717291],[72.8196432,18.9717939],[72.8197393,18.9726585],[72.8197915,18.9730354],[72.8198652,18.9733342],[72.819947,18.9736665],[72.820065,18.9740279],[72.820181,18.974364],[72.8202662,18.9746734],[72.8202434,18.9746798],[72.8201421,18.9743754],[72.8200255,18.9740355],[72.819943,18.9738123],[72.8198907,18.9736132],[72.8198384,18.9733443],[72.8197711,18.9730386],[72.8196852,18.9726616],[72.8196391,18.9724665],[72.8195689,18.9721276],[72.8195254,18.971801],[72.8195212,18.9717546],[72.8194525,18.9709943],[72.8193476,18.9698343],[72.8194206,18.9698285],[72.8194976,18.9698223],[72.8194992,18.9698514]]]],"type":"MultiPolygon"},"id":"way/807749597","properties":{"all_driver_tags":{"IR:zone":"WR:CCG","bench":"yes","bin":"yes","lit":"yes","name":"Platform 3/4 (express)","network":"WR","operator":"IR","passenger_information_display":"yes","public_transport":"platform","railway":"platform","ref":"3/4","shelter":"yes","train":"yes","wheelchair":"yes"},"boarding_coordinate_status":"not_derived_from_area","extent_intersection_status":"intersects_research_envelope","geometry_status":"valid","name":"Platform 3/4 (express)","osm_object_id":"807749597","osm_object_type":"way","selected_tags":{"public_transport":"platform","railway":"platform"},"source":"mapped_osm_feature","source_id":"osm_western_zone_20260915","source_sha256":"c335a72cadfebc3ffde5cfff20fc9711f3112bc11000d43fde4daea10c36b53e","status":"unverified_operation_and_station_identity"},"type":"Feature"},{"geometry":{"coordinates":[[[[72.8192626,18.9698411],[72.819357,18.9710026],[72.8194153,18.97172],[72.8194224,18.9718073],[72.8194645,18.9721376],[72.819542,18.9725111],[72.819738,18.9733609],[72.8198142,18.9736512],[72.8198652,18.9738377],[72.8199349,18.974052],[72.8201616,18.974676],[72.8201488,18.9746778],[72.8198987,18.9740254],[72.8197695,18.9736527],[72.8196923,18.9733684],[72.819432,18.972506],[72.8193811,18.9723221],[72.8193403,18.9720969],[72.8193076,18.9718143],[72.8193003,18.9717272],[72.8192402,18.9710154],[72.8191419,18.9698508],[72.8191947,18.9698466],[72.8192626,18.9698411]]]],"type":"MultiPolygon"},"id":"way/807749599","properties":{"all_driver_tags":{"IR:zone":"WR:CCG","bench":"yes","bin":"yes","lit":"yes","name":"Platform 1, 2 (express)","network":"WR","operator":"IR","passenger_information_display":"yes","public_transport":"platform","railway":"platform","ref":"1/12","shelter":"yes","train":"yes","wheelchair":"yes"},"boarding_coordinate_status":"not_derived_from_area","extent_intersection_status":"intersects_research_envelope","geometry_status":"valid","name":"Platform 1, 2 (express)","osm_object_id":"807749599","osm_object_type":"way","selected_tags":{"public_transport":"platform","railway":"platform"},"source":"mapped_osm_feature","source_id":"osm_western_zone_20260915","source_sha256":"c335a72cadfebc3ffde5cfff20fc9711f3112bc11000d43fde4daea10c36b53e","status":"unverified_operation_and_station_identity"},"type":"Feature"},{"geometry":{"coordinates":[[[[72.836349,18.9406817],[72.8365729,18.9428559],[72.8366585,18.9435783],[72.8367182,18.9438043],[72.836901,18.9443367],[72.8369336,18.9443247],[72.8367798,18.943794],[72.836749,18.94358],[72.8366705,18.9428473],[72.8364589,18.940722],[72.8364529,18.9406709],[72.836349,18.9406817]]]],"type":"MultiPolygon"},"id":"way/807900819","properties":{"all_driver_tags":{"name":"12-13","public_transport":"platform","railway":"platform","ref":"12;13","shelter":"yes","train":"yes"},"boarding_coordinate_status":"not_derived_from_area","extent_intersection_status":"intersects_research_envelope","geometry_status":"valid","name":"12-13","osm_object_id":"807900819","osm_object_type":"way","selected_tags":{"public_transport":"platform","railway":"platform"},"source":"mapped_osm_feature","source_id":"osm_western_zone_20260915","source_sha256":"c335a72cadfebc3ffde5cfff20fc9711f3112bc11000d43fde4daea10c36b53e","status":"unverified_operation_and_station_identity"},"type":"Feature"},{"geometry":{"coordinates":[[[[72.8362428,18.940693],[72.8361825,18.9406937],[72.8363909,18.9428719],[72.836454,18.9433078],[72.8365101,18.9434927],[72.8365572,18.9434841],[72.8365282,18.9433232],[72.8364703,18.9428649],[72.8362428,18.940693]]]],"type":"MultiPolygon"},"id":"way/807900821","properties":{"all_driver_tags":{"name":"10-11","public_transport":"platform","railway":"platform","ref":"10;11","shelter":"yes","train":"yes"},"boarding_coordinate_status":"not_derived_from_area","extent_intersection_status":"intersects_research_envelope","geometry_status":"valid","name":"10-11","osm_object_id":"807900821","osm_object_type":"way","selected_tags":{"public_transport":"platform","railway":"platform"},"source":"mapped_osm_feature","source_id":"osm_western_zone_20260915","source_sha256":"c335a72cadfebc3ffde5cfff20fc9711f3112bc11000d43fde4daea10c36b53e","status":"unverified_operation_and_station_identity"},"type":"Feature"},{"geometry":{"coordinates":[[[[73.023917,19.1888311],[73.0238546,19.1888028],[73.0238389,19.1888434],[73.023715,19.1891641],[73.023601,19.1895207],[73.0235013,19.1899338],[73.0234415,19.1902401],[73.0234017,19.1905058],[73.0233769,19.1907398],[73.0233671,19.1908322],[73.023336,19.1911624],[73.0233329,19.1912383],[73.0234073,19.1912437],[73.0234179,19.1910792],[73.0234525,19.1908384],[73.023462,19.1907482],[73.0234867,19.1905155],[73.023526,19.1902531],[73.0235852,19.1899501],[73.0236838,19.1895414],[73.0237961,19.1891901],[73.0239058,19.1888645],[73.023917,19.1888311]]]],"type":"MultiPolygon"},"id":"way/807900845","properties":{"all_driver_tags":{"public_transport":"platform","railway":"platform","train":"yes"},"boarding_coordinate_status":"not_derived_from_area","extent_intersection_status":"intersects_research_envelope","geometry_status":"valid","name":"","osm_object_id":"807900845","osm_object_type":"way","selected_tags":{"public_transport":"platform","railway":"platform"},"source":"mapped_osm_feature","source_id":"osm_western_zone_20260915","source_sha256":"c335a72cadfebc3ffde5cfff20fc9711f3112bc11000d43fde4daea10c36b53e","status":"unverified_operation_and_station_identity"},"type":"Feature"},{"geometry":{"coordinates":[[[[73.3402479,18.7914403],[73.3400001,18.7909262],[73.3401189,18.7908779],[73.3401902,18.7910708],[73.3404278,18.7909904],[73.3405704,18.7913632],[73.3402479,18.7914403]]]],"type":"MultiPolygon"},"id":"way/813473806","properties":{"all_driver_tags":{"amenity":"bus_station","building":"yes","bus":"yes","internet_access":"no","name":"Khopoli KMT Bus Depot","network":"Khopoli Municipal Transport (KMT)","operator":"Khopoli Municipal Transport (KMT)","public_transport":"station"},"boarding_coordinate_status":"not_derived_from_area","extent_intersection_status":"intersects_research_envelope","geometry_status":"valid","name":"Khopoli KMT Bus Depot","osm_object_id":"813473806","osm_object_type":"way","selected_tags":{"amenity":"bus_station","public_transport":"station"},"source":"mapped_osm_feature","source_id":"osm_western_zone_20260915","source_sha256":"c335a72cadfebc3ffde5cfff20fc9711f3112bc11000d43fde4daea10c36b53e","status":"unverified_operation_and_station_identity"},"type":"Feature"},{"geometry":{"coordinates":[[[[73.7649607,18.6498217],[73.7655508,18.6493109],[73.7652062,18.6490059],[73.7646603,18.6495167],[73.7649607,18.6498217]]]],"type":"MultiPolygon"},"id":"way/814138922","properties":{"all_driver_tags":{"amenity":"bus_station","building":"yes","bus":"yes","name":"VRL Logistics Akurdi","public_transport":"station"},"boarding_coordinate_status":"not_derived_from_area","extent_intersection_status":"intersects_research_envelope","geometry_status":"valid","name":"VRL Logistics Akurdi","osm_object_id":"814138922","osm_object_type":"way","selected_tags":{"amenity":"bus_station","public_transport":"station"},"source":"mapped_osm_feature","source_id":"osm_western_zone_20260915","source_sha256":"c335a72cadfebc3ffde5cfff20fc9711f3112bc11000d43fde4daea10c36b53e","status":"unverified_operation_and_station_identity"},"type":"Feature"},{"geometry":{"coordinates":[[[[73.7657768,18.7201203],[73.7660236,18.7200593],[73.7663669,18.7215175],[73.7660075,18.7216038],[73.7657768,18.7201203]]]],"type":"MultiPolygon"},"id":"way/814294566","properties":{"all_driver_tags":{"amenity":"bus_station","bus":"yes","check_date":"2026-05-05","layer":"-1","name":"Dehu Gaon","network":"PMPML","operator":"PMPML","public_transport":"station","wikidata":"Q7260109","wikimedia_commons":"Category:Pune Mahanagar Parivahan Mahamandal Limited","wikipedia":"en:Pune Mahanagar Parivahan Mahamandal Limited"},"boarding_coordinate_status":"not_derived_from_area","extent_intersection_status":"intersects_research_envelope","geometry_status":"valid","name":"Dehu Gaon","osm_object_id":"814294566","osm_object_type":"way","selected_tags":{"amenity":"bus_station","public_transport":"station"},"source":"mapped_osm_feature","source_id":"osm_western_zone_20260915","source_sha256":"c335a72cadfebc3ffde5cfff20fc9711f3112bc11000d43fde4daea10c36b53e","status":"unverified_operation_and_station_identity"},"type":"Feature"},{"geometry":{"coordinates":[[[[73.7802355,18.6566494],[73.7805335,18.6569056],[73.7813754,18.6567316],[73.7813036,18.6563438],[73.7807384,18.6561085],[73.7802355,18.6566494]]]],"type":"MultiPolygon"},"id":"way/814703524","properties":{"all_driver_tags":{"amenity":"bus_station","bus":"yes","check_date":"2026-03-17","name":"Rudra Bus Parking Nigdi","network":"Rudra Bus Parking Nigdi","operator":"Rudra Bus Parking Nigdi","public_transport":"station"},"boarding_coordinate_status":"not_derived_from_area","extent_intersection_status":"intersects_research_envelope","geometry_status":"valid","name":"Rudra Bus Parking Nigdi","osm_object_id":"814703524","osm_object_type":"way","selected_tags":{"amenity":"bus_station","public_transport":"station"},"source":"mapped_osm_feature","source_id":"osm_western_zone_20260915","source_sha256":"c335a72cadfebc3ffde5cfff20fc9711f3112bc11000d43fde4daea10c36b53e","status":"unverified_operation_and_station_identity"},"type":"Feature"},{"geometry":{"coordinates":[[[[73.6713329,18.7342337],[73.6712212,18.7342337],[73.6707648,18.7346659],[73.6708797,18.7347838],[73.6710329,18.734938],[73.6712531,18.7351374],[73.6717925,18.7346992],[73.6713329,18.7342337]]]],"type":"MultiPolygon"},"id":"way/815070255","properties":{"all_driver_tags":{"amenity":"bus_station","building":"yes","bus":"yes","check_date":"2026-03-09","internet_access":"no","layer":"-1","name":"Talegaon Dabhade ST Stand","network":"MSRTC","operator":"MSRTC","public_transport":"station","wikidata":"Q3632293","wikipedia":"en:Maharashtra State Road Transport Corporation"},"boarding_coordinate_status":"not_derived_from_area","extent_intersection_status":"intersects_research_envelope","geometry_status":"valid","name":"Talegaon Dabhade ST Stand","osm_object_id":"815070255","osm_object_type":"way","selected_tags":{"amenity":"bus_station","public_transport":"station"},"source":"mapped_osm_feature","source_id":"osm_western_zone_20260915","source_sha256":"c335a72cadfebc3ffde5cfff20fc9711f3112bc11000d43fde4daea10c36b53e","status":"unverified_operation_and_station_identity"},"type":"Feature"},{"geometry":{"coordinates":[[[[73.795134,18.5065618],[73.7953429,18.506591],[73.7953605,18.5064773],[73.7951516,18.5064482],[73.795134,18.5065618]]]],"type":"MultiPolygon"},"id":"way/815931848","properties":{"all_driver_tags":{"amenity":"bus_station","building":"yes","bus":"yes","internet_access":"terminal","name":"Kothrud Depot","name:mr":"कोथरूड डेपो","network":"PMPML","operator":"PMPML","public_transport":"station","wikidata":"Q7260109","wikimedia_commons":"Category:Pune Mahanagar Parivahan Mahamandal Limited","wikipedia":"en:Pune Mahanagar Parivahan Mahamandal Limited"},"boarding_coordinate_status":"not_derived_from_area","extent_intersection_status":"intersects_research_envelope","geometry_status":"valid","name":"Kothrud Depot","osm_object_id":"815931848","osm_object_type":"way","selected_tags":{"amenity":"bus_station","public_transport":"station"},"source":"mapped_osm_feature","source_id":"osm_western_zone_20260915","source_sha256":"c335a72cadfebc3ffde5cfff20fc9711f3112bc11000d43fde4daea10c36b53e","status":"unverified_operation_and_station_identity"},"type":"Feature"},{"geometry":{"coordinates":[[[[73.565176,19.694385],[73.5651773,19.6944102],[73.5650258,19.694462],[73.5647133,19.694539],[73.5644763,19.6945867],[73.5642225,19.694616],[73.5639784,19.6946413],[73.5592872,19.6950327],[73.5591812,19.6950453],[73.5591755,19.6950103],[73.5595809,19.6949588],[73.5638899,19.6945958],[73.5641718,19.6945715],[73.5643807,19.6945497],[73.5646328,19.6945137],[73.5649493,19.6944443],[73.565176,19.694385]]]],"type":"MultiPolygon"},"id":"way/816292500","properties":{"all_driver_tags":{"public_transport":"platform","railway":"platform","ref":"1","train":"yes"},"boarding_coordinate_status":"not_derived_from_area","extent_intersection_status":"intersects_research_envelope","geometry_status":"valid","name":"","osm_object_id":"816292500","osm_object_type":"way","selected_tags":{"public_transport":"platform","railway":"platform"},"source":"mapped_osm_feature","source_id":"osm_western_zone_20260915","source_sha256":"c335a72cadfebc3ffde5cfff20fc9711f3112bc11000d43fde4daea10c36b53e","status":"unverified_operation_and_station_identity"},"type":"Feature"},{"geometry":{"coordinates":[[[[73.5604754,19.6945175],[73.56047,19.6944695],[73.5607074,19.6944266],[73.5611245,19.6943749],[73.5646288,19.6941021],[73.5648769,19.6940706],[73.5651076,19.6940339],[73.5656132,19.6939178],[73.5656226,19.6939544],[73.5652605,19.694056],[73.5650124,19.6941034],[73.564783,19.69414],[73.5645457,19.6941589],[73.5613216,19.6944165],[73.5609984,19.6944506],[73.5607477,19.6944797],[73.5604754,19.6945175]]]],"type":"MultiPolygon"},"id":"way/816292501","properties":{"all_driver_tags":{"public_transport":"platform","railway":"platform","ref":"4;5","train":"yes"},"boarding_coordinate_status":"not_derived_from_area","extent_intersection_status":"intersects_research_envelope","geometry_status":"valid","name":"","osm_object_id":"816292501","osm_object_type":"way","selected_tags":{"public_transport":"platform","railway":"platform"},"source":"mapped_osm_feature","source_id":"osm_western_zone_20260915","source_sha256":"c335a72cadfebc3ffde5cfff20fc9711f3112bc11000d43fde4daea10c36b53e","status":"unverified_operation_and_station_identity"},"type":"Feature"},{"geometry":{"coordinates":[[[[73.5664554,19.6938647],[73.5659645,19.6940541],[73.5655501,19.6941943],[73.5652766,19.6942764],[73.5649239,19.694366],[73.5645993,19.6944342],[73.5643485,19.694467],[73.5641353,19.6944923],[73.5598813,19.6948483],[73.5594535,19.6948938],[73.5594454,19.694837],[73.559538,19.6948067],[73.5601294,19.6947334],[73.560116,19.6946728],[73.5605063,19.6945983],[73.5608241,19.6945554],[73.5645631,19.6942271],[73.5648152,19.6942019],[73.5650486,19.6941652],[73.5652739,19.6941211],[73.5659109,19.6939708],[73.5664366,19.6938269],[73.5664554,19.6938647]]]],"type":"MultiPolygon"},"id":"way/816292502","properties":{"all_driver_tags":{"public_transport":"platform","railway":"platform","ref":"2;3","train":"yes"},"boarding_coordinate_status":"not_derived_from_area","extent_intersection_status":"intersects_research_envelope","geometry_status":"valid","name":"","osm_object_id":"816292502","osm_object_type":"way","selected_tags":{"public_transport":"platform","railway":"platform"},"source":"mapped_osm_feature","source_id":"osm_western_zone_20260915","source_sha256":"c335a72cadfebc3ffde5cfff20fc9711f3112bc11000d43fde4daea10c36b53e","status":"unverified_operation_and_station_identity"},"type":"Feature"},{"geometry":{"coordinates":[[[[72.8360129,18.9406921],[72.8359379,18.9406851],[72.8357171,18.9427863],[72.8356385,18.9435347],[72.8356237,18.9437196],[72.8356175,18.9438747],[72.835619,18.9440285],[72.8356291,18.9441764],[72.8356503,18.9443201],[72.8356742,18.9444367],[72.8357023,18.9445456],[72.8357213,18.9445424],[72.8356999,18.9444321],[72.8356825,18.9443181],[72.8356723,18.9441742],[72.8356699,18.9440275],[72.8356784,18.9438828],[72.8357142,18.9435414],[72.8357926,18.9427934],[72.8360129,18.9406921]]]],"type":"MultiPolygon"},"id":"way/817667268","properties":{"all_driver_tags":{"bench":"yes","bin":"yes","covered":"yes","level":"0","lit":"yes","name":"8-9","passenger_information_display":"yes","public_transport":"platform","railway":"platform","ref":"8;9","tactile_paving":"yes","train":"yes","wheelchair":"yes"},"boarding_coordinate_status":"not_derived_from_area","extent_intersection_status":"intersects_research_envelope","geometry_status":"valid","name":"8-9","osm_object_id":"817667268","osm_object_type":"way","selected_tags":{"public_transport":"platform","railway":"platform"},"source":"mapped_osm_feature","source_id":"osm_western_zone_20260915","source_sha256":"c335a72cadfebc3ffde5cfff20fc9711f3112bc11000d43fde4daea10c36b53e","status":"unverified_operation_and_station_identity"},"type":"Feature"},{"geometry":{"coordinates":[[[[72.9978388,19.0628731],[72.997886,19.0628053],[72.9984385,19.0631304],[72.9988965,19.0633459],[72.9993906,19.0635318],[72.9998895,19.0636624],[72.9998648,19.0637394],[72.9993605,19.0636073],[72.9988605,19.0634187],[72.9983954,19.0632],[72.9978388,19.0628731]]]],"type":"MultiPolygon"},"id":"way/819746379","properties":{"all_driver_tags":{"bench":"yes","bin":"yes","check_date:shelter":"2025-12-14","lit":"yes","public_transport":"platform","railway":"platform","ref":"1;2","shelter":"yes","surface":"paved","train":"yes"},"boarding_coordinate_status":"not_derived_from_area","extent_intersection_status":"intersects_research_envelope","geometry_status":"valid","name":"","osm_object_id":"819746379","osm_object_type":"way","selected_tags":{"public_transport":"platform","railway":"platform"},"source":"mapped_osm_feature","source_id":"osm_western_zone_20260915","source_sha256":"c335a72cadfebc3ffde5cfff20fc9711f3112bc11000d43fde4daea10c36b53e","status":"unverified_operation_and_station_identity"},"type":"Feature"},{"geometry":{"coordinates":[[[[72.9979114,19.0627688],[72.9979592,19.0627002],[72.9985053,19.0630226],[72.9989533,19.0632306],[72.9994367,19.063416],[72.9999261,19.0635479],[72.9999015,19.0636249],[72.9994066,19.0634915],[72.9989164,19.0633055],[72.9984622,19.0630921],[72.9979114,19.0627688]]]],"type":"MultiPolygon"},"id":"way/819746380","properties":{"all_driver_tags":{"bench":"yes","bin":"yes","check_date:shelter":"2025-12-14","lit":"yes","public_transport":"platform","railway":"platform","ref":"2;3","shelter":"yes","surface":"paved","train":"yes"},"boarding_coordinate_status":"not_derived_from_area","extent_intersection_status":"intersects_research_envelope","geometry_status":"valid","name":"","osm_object_id":"819746380","osm_object_type":"way","selected_tags":{"public_transport":"platform","railway":"platform"},"source":"mapped_osm_feature","source_id":"osm_western_zone_20260915","source_sha256":"c335a72cadfebc3ffde5cfff20fc9711f3112bc11000d43fde4daea10c36b53e","status":"unverified_operation_and_station_identity"},"type":"Feature"},{"geometry":{"coordinates":[[[[72.9979929,19.0626518],[72.9980406,19.0625832],[72.9985795,19.0629029],[72.999013,19.0631098],[72.9994879,19.0632877],[72.9999664,19.0634218],[72.9999427,19.0634961],[72.9994578,19.0633632],[72.9989768,19.0631831],[72.9985364,19.0629724],[72.9979929,19.0626518]]]],"type":"MultiPolygon"},"id":"way/819746381","properties":{"all_driver_tags":{"bench":"yes","bin":"yes","check_date:shelter":"2025-12-14","lit":"yes","public_transport":"platform","railway":"platform","ref":"3;4","shelter":"yes","surface":"paved","train":"yes"},"boarding_coordinate_status":"not_derived_from_area","extent_intersection_status":"intersects_research_envelope","geometry_status":"valid","name":"","osm_object_id":"819746381","osm_object_type":"way","selected_tags":{"public_transport":"platform","railway":"platform"},"source":"mapped_osm_feature","source_id":"osm_western_zone_20260915","source_sha256":"c335a72cadfebc3ffde5cfff20fc9711f3112bc11000d43fde4daea10c36b53e","status":"unverified_operation_and_station_identity"},"type":"Feature"},{"geometry":{"coordinates":[[[[72.9980634,19.0625506],[72.9980875,19.062516],[72.9986227,19.0628332],[72.999051,19.0630327],[72.9995181,19.063212],[72.9999895,19.0633498],[72.9999768,19.0633894],[72.9995027,19.0632506],[72.9990329,19.0630695],[72.998601,19.0628681],[72.9980634,19.0625506]]]],"type":"MultiPolygon"},"id":"way/819746382","properties":{"all_driver_tags":{"bench":"yes","bin":"yes","check_date:shelter":"2025-12-14","lit":"yes","public_transport":"platform","railway":"platform","ref":"4","shelter":"yes","surface":"paved","train":"yes"},"boarding_coordinate_status":"not_derived_from_area","extent_intersection_status":"intersects_research_envelope","geometry_status":"valid","name":"","osm_object_id":"819746382","osm_object_type":"way","selected_tags":{"public_transport":"platform","railway":"platform"},"source":"mapped_osm_feature","source_id":"osm_western_zone_20260915","source_sha256":"c335a72cadfebc3ffde5cfff20fc9711f3112bc11000d43fde4daea10c36b53e","status":"unverified_operation_and_station_identity"},"type":"Feature"},{"geometry":{"coordinates":[[[[72.9977872,19.0629471],[72.9978109,19.0629132],[72.9983674,19.0632451],[72.9988345,19.0634714],[72.9993387,19.0636618],[72.9998484,19.0637906],[72.9998422,19.0638102],[72.9998359,19.0638298],[72.9993234,19.0637001],[72.9988164,19.0635081],[72.9983454,19.0632808],[72.9977872,19.0629471]]]],"type":"MultiPolygon"},"id":"way/819746383","properties":{"all_driver_tags":{"bench":"yes","bin":"yes","check_date:shelter":"2025-12-14","lit":"yes","public_transport":"platform","railway":"platform","ref":"1","shelter":"yes","surface":"paved","train":"yes"},"boarding_coordinate_status":"not_derived_from_area","extent_intersection_status":"intersects_research_envelope","geometry_status":"valid","name":"","osm_object_id":"819746383","osm_object_type":"way","selected_tags":{"public_transport":"platform","railway":"platform"},"source":"mapped_osm_feature","source_id":"osm_western_zone_20260915","source_sha256":"c335a72cadfebc3ffde5cfff20fc9711f3112bc11000d43fde4daea10c36b53e","status":"unverified_operation_and_station_identity"},"type":"Feature"},{"geometry":{"coordinates":[[[[73.7860854,18.6803431],[73.7864289,18.6802977],[73.7862176,18.6795574],[73.786155,18.679216],[73.7859517,18.6792554],[73.7858678,18.6794635],[73.7860036,18.6803184],[73.7860854,18.6803431]]]],"type":"MultiPolygon"},"id":"way/822886377","properties":{"all_driver_tags":{"amenity":"bus_station","building":"yes","bus":"yes","layer":"-1","name":"PMPML Ashok Leyland Workshop","network":"Ashok Leyland","operator":"Ashok Leyland","public_transport":"station","wikidata":"Q726193","wikipedia":"en:Ashok Leyland"},"boarding_coordinate_status":"not_derived_from_area","extent_intersection_status":"intersects_research_envelope","geometry_status":"valid","name":"PMPML Ashok Leyland Workshop","osm_object_id":"822886377","osm_object_type":"way","selected_tags":{"amenity":"bus_station","public_transport":"station"},"source":"mapped_osm_feature","source_id":"osm_western_zone_20260915","source_sha256":"c335a72cadfebc3ffde5cfff20fc9711f3112bc11000d43fde4daea10c36b53e","status":"unverified_operation_and_station_identity"},"type":"Feature"},{"geometry":{"coordinates":[[[[73.7713726,18.6659225],[73.7716554,18.6656295],[73.7722723,18.6650612],[73.7723652,18.6649719],[73.7725197,18.6647783],[73.7726067,18.6647379],[73.7726986,18.6647549],[73.7728199,18.6648179],[73.7729385,18.6648926],[73.7730409,18.6649492],[73.7732764,18.6651],[73.7732262,18.6651486],[73.7730181,18.6654228],[73.7725792,18.6659554],[73.7723579,18.6662025],[73.7717569,18.6660391],[73.7713726,18.6659225]]]],"type":"MultiPolygon"},"id":"way/822889441","properties":{"all_driver_tags":{"amenity":"bus_station","building":"no","bus":"yes","check_date":"2026-03-12","internet_access":"terminal","layer":"-1","name":"Bhakti Shakti Pmpml Terminal","network":"PMPML","operator":"PMPML","public_transport":"station","wikidata":"Q7260109","wikimedia_commons":"Category:Pune Mahanagar Parivahan Mahamandal Limited","wikipedia":"en:Pune Mahanagar Parivahan Mahamandal Limited"},"boarding_coordinate_status":"not_derived_from_area","extent_intersection_status":"intersects_research_envelope","geometry_status":"valid","name":"Bhakti Shakti Pmpml Terminal","osm_object_id":"822889441","osm_object_type":"way","selected_tags":{"amenity":"bus_station","public_transport":"station"},"source":"mapped_osm_feature","source_id":"osm_western_zone_20260915","source_sha256":"c335a72cadfebc3ffde5cfff20fc9711f3112bc11000d43fde4daea10c36b53e","status":"unverified_operation_and_station_identity"},"type":"Feature"},{"geometry":{"coordinates":[[[[73.7698921,18.6655306],[73.7708924,18.6658171],[73.7710703,18.6656298],[73.7711286,18.6655719],[73.7711723,18.665451],[73.771195,18.665398],[73.7711985,18.6653234],[73.770955,18.6651257],[73.7705542,18.6648028],[73.7701935,18.6652027],[73.7698921,18.6655306]]]],"type":"MultiPolygon"},"id":"way/822923032","properties":{"all_driver_tags":{"amenity":"bus_station","building":"yes","bus":"yes","check_date":"2026-03-12","internet_access":"no","name":"Bhakti Shakti Electric Bus Depot","network":"PMPML","operator":"PMPML","public_transport":"station","wikidata":"Q7260109","wikimedia_commons":"Category:Pune Mahanagar Parivahan Mahamandal Limited","wikipedia":"en:Pune Mahanagar Parivahan Mahamandal Limited"},"boarding_coordinate_status":"not_derived_from_area","extent_intersection_status":"intersects_research_envelope","geometry_status":"valid","name":"Bhakti Shakti Electric Bus Depot","osm_object_id":"822923032","osm_object_type":"way","selected_tags":{"amenity":"bus_station","public_transport":"station"},"source":"mapped_osm_feature","source_id":"osm_western_zone_20260915","source_sha256":"c335a72cadfebc3ffde5cfff20fc9711f3112bc11000d43fde4daea10c36b53e","status":"unverified_operation_and_station_identity"},"type":"Feature"},{"geometry":{"coordinates":[[[[72.8342472,19.3781951],[72.8330013,19.3811415],[72.8328994,19.3813946],[72.832257,19.3827659],[72.8321403,19.3830025],[72.831974,19.3833213],[72.831919,19.3833011],[72.834203,19.3781774],[72.8342472,19.3781951]]]],"type":"MultiPolygon"},"id":"way/827666236","properties":{"all_driver_tags":{"name":"Vasai Road","public_transport":"platform","railway":"platform","ref":"6;7","train":"yes"},"boarding_coordinate_status":"not_derived_from_area","extent_intersection_status":"intersects_research_envelope","geometry_status":"valid","name":"Vasai Road","osm_object_id":"827666236","osm_object_type":"way","selected_tags":{"public_transport":"platform","railway":"platform"},"source":"mapped_osm_feature","source_id":"osm_western_zone_20260915","source_sha256":"c335a72cadfebc3ffde5cfff20fc9711f3112bc11000d43fde4daea10c36b53e","status":"unverified_operation_and_station_identity"},"type":"Feature"},{"geometry":{"coordinates":[[[[72.9982849,19.0640029],[72.9976968,19.0637553],[72.997429,19.0643198],[72.9980188,19.0645676],[72.9982849,19.0640029]]]],"type":"MultiPolygon"},"id":"way/827825796","properties":{"all_driver_tags":{"amenity":"bus_station","building":"no","bus":"yes","name":"Vashi Railway Station","operator":"NMMT","public_transport":"station"},"boarding_coordinate_status":"not_derived_from_area","extent_intersection_status":"intersects_research_envelope","geometry_status":"valid","name":"Vashi Railway Station","osm_object_id":"827825796","osm_object_type":"way","selected_tags":{"amenity":"bus_station","public_transport":"station"},"source":"mapped_osm_feature","source_id":"osm_western_zone_20260915","source_sha256":"c335a72cadfebc3ffde5cfff20fc9711f3112bc11000d43fde4daea10c36b53e","status":"unverified_operation_and_station_identity"},"type":"Feature"},{"geometry":{"coordinates":[[[[72.9983965,19.0647272],[72.9989832,19.0649732],[72.999249,19.0644138],[72.9986632,19.0641619],[72.9983965,19.0647272]]]],"type":"MultiPolygon"},"id":"way/827825801","properties":{"all_driver_tags":{"amenity":"taxi"},"boarding_coordinate_status":"not_derived_from_area","extent_intersection_status":"intersects_research_envelope","geometry_status":"valid","name":"","osm_object_id":"827825801","osm_object_type":"way","selected_tags":{"amenity":"taxi"},"source":"mapped_osm_feature","source_id":"osm_western_zone_20260915","source_sha256":"c335a72cadfebc3ffde5cfff20fc9711f3112bc11000d43fde4daea10c36b53e","status":"unverified_operation_and_station_identity"},"type":"Feature"},{"geometry":{"coordinates":[[[[73.0186746,19.0571816],[73.0188221,19.0571847],[73.0188631,19.0571855],[73.0188713,19.0568281],[73.0187695,19.056826],[73.0186828,19.0568242],[73.0186746,19.0571816]]]],"type":"MultiPolygon"},"id":"way/832522808","properties":{"all_driver_tags":{"amenity":"bus_station","bus":"yes","name":"Juinagar Railway Station","public_transport":"station"},"boarding_coordinate_status":"not_derived_from_area","extent_intersection_status":"intersects_research_envelope","geometry_status":"valid","name":"Juinagar Railway Station","osm_object_id":"832522808","osm_object_type":"way","selected_tags":{"amenity":"bus_station","public_transport":"station"},"source":"mapped_osm_feature","source_id":"osm_western_zone_20260915","source_sha256":"c335a72cadfebc3ffde5cfff20fc9711f3112bc11000d43fde4daea10c36b53e","status":"unverified_operation_and_station_identity"},"type":"Feature"},{"geometry":{"coordinates":[[[[72.8153563,18.9700583],[72.815582,18.9700507],[72.8156206,18.9700064],[72.8157303,18.9699007],[72.8157547,18.9697219],[72.8155616,18.96972],[72.8154905,18.969695],[72.8154864,18.9695508],[72.8155312,18.9694694],[72.8153466,18.969606],[72.8152114,18.9697845],[72.8151584,18.970016],[72.8153563,18.9700583]]]],"type":"MultiPolygon"},"id":"way/837580929","properties":{"all_driver_tags":{"amenity":"bus_station","building":"yes","bus":"yes","internet_access":"no","layer":"-1","name":"Vasantrao Naik Chowk Tardeo Bus Station","name:mr":"वसंतराव नाईक चौक ताडदेव बस स्थानक","network":"BEST","operator":"BEST","public_transport":"station","website":"https://www.bestundertaking.com/","wikidata":"Q916927","wikimedia_commons":"Category:Brihanmumbai Electric Supply and Transport","wikipedia":"en:Brihanmumbai Electric Supply and Transport"},"boarding_coordinate_status":"not_derived_from_area","extent_intersection_status":"intersects_research_envelope","geometry_status":"valid","name":"Vasantrao Naik Chowk Tardeo Bus Station","osm_object_id":"837580929","osm_object_type":"way","selected_tags":{"amenity":"bus_station","public_transport":"station"},"source":"mapped_osm_feature","source_id":"osm_western_zone_20260915","source_sha256":"c335a72cadfebc3ffde5cfff20fc9711f3112bc11000d43fde4daea10c36b53e","status":"unverified_operation_and_station_identity"},"type":"Feature"},{"geometry":{"coordinates":[[[[72.7581183,19.8034441],[72.7584416,19.8034117],[72.7587374,19.8031658],[72.7587098,19.8028164],[72.7587511,19.8025769],[72.7588405,19.8022598],[72.7589987,19.8012309],[72.7590469,19.8011338],[72.7589781,19.8003767],[72.7589024,19.8002473],[72.7586988,19.8003863],[72.7587419,19.800571],[72.7584072,19.8008879],[72.7582903,19.801535],[72.7582559,19.8018521],[72.7580152,19.8019557],[72.7578845,19.8024281],[72.7578295,19.8028617],[72.7578707,19.8031852],[72.7579258,19.8033923],[72.7581183,19.8034441]]]],"type":"MultiPolygon"},"id":"way/839028609","properties":{"all_driver_tags":{"addr:city":"Boisar","addr:postcode":"401501","addr:street":"Boisar-Tarapur  Road","amenity":"bus_station","bus":"yes","name":"Boisar Bus Stand","operator":"Maharashtra State Road Transport Corporation","public_transport":"station"},"boarding_coordinate_status":"not_derived_from_area","extent_intersection_status":"intersects_research_envelope","geometry_status":"valid","name":"Boisar Bus Stand","osm_object_id":"839028609","osm_object_type":"way","selected_tags":{"amenity":"bus_station","public_transport":"station"},"source":"mapped_osm_feature","source_id":"osm_western_zone_20260915","source_sha256":"c335a72cadfebc3ffde5cfff20fc9711f3112bc11000d43fde4daea10c36b53e","status":"unverified_operation_and_station_identity"},"type":"Feature"},{"geometry":{"coordinates":[[[[72.9696212,19.1791741],[72.9697633,19.1791918],[72.9697702,19.1791426],[72.9696281,19.1791249],[72.9696212,19.1791741]]]],"type":"MultiPolygon"},"id":"way/852627934","properties":{"all_driver_tags":{"bus":"yes","public_transport":"platform"},"boarding_coordinate_status":"not_derived_from_area","extent_intersection_status":"intersects_research_envelope","geometry_status":"valid","name":"","osm_object_id":"852627934","osm_object_type":"way","selected_tags":{"public_transport":"platform"},"source":"mapped_osm_feature","source_id":"osm_western_zone_20260915","source_sha256":"c335a72cadfebc3ffde5cfff20fc9711f3112bc11000d43fde4daea10c36b53e","status":"unverified_operation_and_station_identity"},"type":"Feature"},{"geometry":{"coordinates":[[[[72.9161462,19.1307885],[72.9161399,19.1308586],[72.9161057,19.1308605],[72.9161131,19.1307854],[72.9161462,19.1307885]]]],"type":"MultiPolygon"},"id":"way/857507920","properties":{"all_driver_tags":{"access":"yes","amenity":"bicycle_parking","covered":"no"},"boarding_coordinate_status":"not_derived_from_area","extent_intersection_status":"intersects_research_envelope","geometry_status":"valid","name":"","osm_object_id":"857507920","osm_object_type":"way","selected_tags":{"amenity":"bicycle_parking"},"source":"mapped_osm_feature","source_id":"osm_western_zone_20260915","source_sha256":"c335a72cadfebc3ffde5cfff20fc9711f3112bc11000d43fde4daea10c36b53e","status":"unverified_operation_and_station_identity"},"type":"Feature"},{"geometry":{"coordinates":[[[[72.9701206,19.2225173],[72.970056,19.222422],[72.9700815,19.2224065],[72.9701462,19.2225019],[72.9701206,19.2225173]]]],"type":"MultiPolygon"},"id":"way/896139949","properties":{"all_driver_tags":{"amenity":"bicycle_rental","building":"roof"},"boarding_coordinate_status":"not_derived_from_area","extent_intersection_status":"intersects_research_envelope","geometry_status":"valid","name":"","osm_object_id":"896139949","osm_object_type":"way","selected_tags":{"amenity":"bicycle_rental"},"source":"mapped_osm_feature","source_id":"osm_western_zone_20260915","source_sha256":"c335a72cadfebc3ffde5cfff20fc9711f3112bc11000d43fde4daea10c36b53e","status":"unverified_operation_and_station_identity"},"type":"Feature"},{"geometry":{"coordinates":[[[[72.9702905,19.231855],[72.9702817,19.2317421],[72.9703119,19.23174],[72.9703208,19.2318529],[72.9702905,19.231855]]]],"type":"MultiPolygon"},"id":"way/896139951","properties":{"all_driver_tags":{"amenity":"bicycle_rental"},"boarding_coordinate_status":"not_derived_from_area","extent_intersection_status":"intersects_research_envelope","geometry_status":"valid","name":"","osm_object_id":"896139951","osm_object_type":"way","selected_tags":{"amenity":"bicycle_rental"},"source":"mapped_osm_feature","source_id":"osm_western_zone_20260915","source_sha256":"c335a72cadfebc3ffde5cfff20fc9711f3112bc11000d43fde4daea10c36b53e","status":"unverified_operation_and_station_identity"},"type":"Feature"},{"geometry":{"coordinates":[[[[72.9691239,19.2366872],[72.9692434,19.2366775],[72.969246,19.2367061],[72.9691265,19.2367158],[72.9691239,19.2366872]]]],"type":"MultiPolygon"},"id":"way/896139952","properties":{"all_driver_tags":{"amenity":"bicycle_rental"},"boarding_coordinate_status":"not_derived_from_area","extent_intersection_status":"intersects_research_envelope","geometry_status":"valid","name":"","osm_object_id":"896139952","osm_object_type":"way","selected_tags":{"amenity":"bicycle_rental"},"source":"mapped_osm_feature","source_id":"osm_western_zone_20260915","source_sha256":"c335a72cadfebc3ffde5cfff20fc9711f3112bc11000d43fde4daea10c36b53e","status":"unverified_operation_and_station_identity"},"type":"Feature"},{"geometry":{"coordinates":[[[[72.9651617,19.2196877],[72.9650445,19.2197116],[72.9650381,19.2196836],[72.9651553,19.2196597],[72.9651617,19.2196877]]]],"type":"MultiPolygon"},"id":"way/896139953","properties":{"all_driver_tags":{"amenity":"bicycle_rental"},"boarding_coordinate_status":"not_derived_from_area","extent_intersection_status":"intersects_research_envelope","geometry_status":"valid","name":"","osm_object_id":"896139953","osm_object_type":"way","selected_tags":{"amenity":"bicycle_rental"},"source":"mapped_osm_feature","source_id":"osm_western_zone_20260915","source_sha256":"c335a72cadfebc3ffde5cfff20fc9711f3112bc11000d43fde4daea10c36b53e","status":"unverified_operation_and_station_identity"},"type":"Feature"},{"geometry":{"coordinates":[[[[72.9939044,19.1794218],[72.9942033,19.1793583],[72.9949559,19.182105],[72.9946179,19.1821941],[72.9939044,19.1794218]]]],"type":"MultiPolygon"},"id":"way/900607248","properties":{"all_driver_tags":{"air_conditioning":"no","building":"train_station","layer":"1","name":"Digha Gaon","name:en":"Digha Gaon","name:hi":"दिघा गाँव","name:mr":"दिघा गाँव","network":"Mumbai Suburban Railway Network","operator":"Central Railways","public_transport":"station","railway":"station","ref":"DIGH","start_date":"2024-01-12","train":"yes","wikidata":"Q117475198","wikipedia":"en:Digha Gaon railway station"},"boarding_coordinate_status":"not_derived_from_area","extent_intersection_status":"intersects_research_envelope","geometry_status":"valid","name":"Digha Gaon","osm_object_id":"900607248","osm_object_type":"way","selected_tags":{"public_transport":"station","railway":"station"},"source":"mapped_osm_feature","source_id":"osm_western_zone_20260915","source_sha256":"c335a72cadfebc3ffde5cfff20fc9711f3112bc11000d43fde4daea10c36b53e","status":"unverified_operation_and_station_identity"},"type":"Feature"},{"geometry":{"coordinates":[[[[72.8297223,18.9133308],[72.8296947,18.9133128],[72.8296628,18.9133029],[72.8296293,18.913302],[72.8295969,18.9133099],[72.8295682,18.9133262],[72.8295455,18.9133495],[72.8295306,18.9133779],[72.8295248,18.9134091],[72.8295286,18.9134406],[72.8295415,18.9134698],[72.8295627,18.9134944],[72.8295903,18.9135124],[72.8296221,18.9135223],[72.8296556,18.9135232],[72.829688,18.9135153],[72.8297167,18.913499],[72.8297394,18.9134757],[72.8297543,18.9134473],[72.8297601,18.9134161],[72.8297564,18.9133846],[72.8297434,18.9133554],[72.8297223,18.9133308]]]],"type":"MultiPolygon"},"id":"way/906971933","properties":{"all_driver_tags":{"aeroway":"helipad","name":"H1"},"boarding_coordinate_status":"not_derived_from_area","extent_intersection_status":"intersects_research_envelope","geometry_status":"valid","name":"H1","osm_object_id":"906971933","osm_object_type":"way","selected_tags":{"aeroway":"helipad"},"source":"mapped_osm_feature","source_id":"osm_western_zone_20260915","source_sha256":"c335a72cadfebc3ffde5cfff20fc9711f3112bc11000d43fde4daea10c36b53e","status":"unverified_operation_and_station_identity"},"type":"Feature"},{"geometry":{"coordinates":[[[[72.8294501,18.9136793],[72.8294277,18.9136667],[72.8294018,18.913663],[72.8293765,18.9136691],[72.8293555,18.9136838],[72.8293421,18.913705],[72.8293383,18.9137294],[72.8293446,18.9137534],[72.8293602,18.9137732],[72.8293826,18.9137859],[72.8294085,18.9137895],[72.8294338,18.9137835],[72.8294548,18.9137688],[72.8294682,18.9137476],[72.829472,18.9137232],[72.8294656,18.9136992],[72.8294501,18.9136793]]]],"type":"MultiPolygon"},"id":"way/906971934","properties":{"all_driver_tags":{"aeroway":"helipad"},"boarding_coordinate_status":"not_derived_from_area","extent_intersection_status":"intersects_research_envelope","geometry_status":"valid","name":"","osm_object_id":"906971934","osm_object_type":"way","selected_tags":{"aeroway":"helipad"},"source":"mapped_osm_feature","source_id":"osm_western_zone_20260915","source_sha256":"c335a72cadfebc3ffde5cfff20fc9711f3112bc11000d43fde4daea10c36b53e","status":"unverified_operation_and_station_identity"},"type":"Feature"},{"geometry":{"coordinates":[[[[72.82932,18.9138151],[72.8293001,18.9138025],[72.8292769,18.9137971],[72.8292532,18.9137996],[72.8292318,18.9138095],[72.8292152,18.9138258],[72.8292056,18.9138465],[72.829204,18.9138691],[72.8292107,18.9138907],[72.8292248,18.913909],[72.8292446,18.9139216],[72.8292678,18.913927],[72.8292915,18.9139245],[72.829313,18.9139145],[72.8293295,18.9138982],[72.8293392,18.9138776],[72.8293407,18.913855],[72.8293341,18.9138333],[72.82932,18.9138151]]]],"type":"MultiPolygon"},"id":"way/906971935","properties":{"all_driver_tags":{"aeroway":"helipad"},"boarding_coordinate_status":"not_derived_from_area","extent_intersection_status":"intersects_research_envelope","geometry_status":"valid","name":"","osm_object_id":"906971935","osm_object_type":"way","selected_tags":{"aeroway":"helipad"},"source":"mapped_osm_feature","source_id":"osm_western_zone_20260915","source_sha256":"c335a72cadfebc3ffde5cfff20fc9711f3112bc11000d43fde4daea10c36b53e","status":"unverified_operation_and_station_identity"},"type":"Feature"},{"geometry":{"coordinates":[[[[72.8291899,18.9139572],[72.829168,18.9139457],[72.8291431,18.9139429],[72.829119,18.9139494],[72.8290994,18.9139642],[72.8290872,18.9139849],[72.8290843,18.9140084],[72.8290912,18.9140312],[72.8291067,18.9140498],[72.8291286,18.9140613],[72.8291535,18.9140641],[72.8291776,18.9140576],[72.8291973,18.9140428],[72.8292095,18.9140221],[72.8292123,18.9139986],[72.8292055,18.9139758],[72.8291899,18.9139572]]]],"type":"MultiPolygon"},"id":"way/906971936","properties":{"all_driver_tags":{"aeroway":"helipad"},"boarding_coordinate_status":"not_derived_from_area","extent_intersection_status":"intersects_research_envelope","geometry_status":"valid","name":"","osm_object_id":"906971936","osm_object_type":"way","selected_tags":{"aeroway":"helipad"},"source":"mapped_osm_feature","source_id":"osm_western_zone_20260915","source_sha256":"c335a72cadfebc3ffde5cfff20fc9711f3112bc11000d43fde4daea10c36b53e","status":"unverified_operation_and_station_identity"},"type":"Feature"},{"geometry":{"coordinates":[[[[72.8290484,18.9140872],[72.829025,18.9140774],[72.8289994,18.9140768],[72.8289755,18.9140854],[72.8289569,18.9141021],[72.8289465,18.9141243],[72.8289458,18.9141485],[72.828955,18.9141712],[72.8289726,18.9141887],[72.828996,18.9141986],[72.8290217,18.9141992],[72.8290456,18.9141905],[72.8290642,18.9141738],[72.8290746,18.9141517],[72.8290752,18.9141274],[72.8290661,18.9141048],[72.8290484,18.9140872]]]],"type":"MultiPolygon"},"id":"way/906971937","properties":{"all_driver_tags":{"aeroway":"helipad"},"boarding_coordinate_status":"not_derived_from_area","extent_intersection_status":"intersects_research_envelope","geometry_status":"valid","name":"","osm_object_id":"906971937","osm_object_type":"way","selected_tags":{"aeroway":"helipad"},"source":"mapped_osm_feature","source_id":"osm_western_zone_20260915","source_sha256":"c335a72cadfebc3ffde5cfff20fc9711f3112bc11000d43fde4daea10c36b53e","status":"unverified_operation_and_station_identity"},"type":"Feature"},{"geometry":{"coordinates":[[[[72.8289297,18.9142236],[72.828907,18.914212],[72.8288813,18.9142095],[72.8288566,18.9142165],[72.8288365,18.9142319],[72.8288242,18.9142534],[72.8288216,18.9142777],[72.8288289,18.9143011],[72.8288452,18.91432],[72.8288679,18.9143317],[72.8288936,18.9143342],[72.8289184,18.9143272],[72.8289384,18.9143118],[72.8289507,18.9142903],[72.8289534,18.914266],[72.828946,18.9142426],[72.8289297,18.9142236]]]],"type":"MultiPolygon"},"id":"way/906971938","properties":{"all_driver_tags":{"aeroway":"helipad"},"boarding_coordinate_status":"not_derived_from_area","extent_intersection_status":"intersects_research_envelope","geometry_status":"valid","name":"","osm_object_id":"906971938","osm_object_type":"way","selected_tags":{"aeroway":"helipad"},"source":"mapped_osm_feature","source_id":"osm_western_zone_20260915","source_sha256":"c335a72cadfebc3ffde5cfff20fc9711f3112bc11000d43fde4daea10c36b53e","status":"unverified_operation_and_station_identity"},"type":"Feature"},{"geometry":{"coordinates":[[[[72.8294145,18.9144298],[72.8293917,18.9144182],[72.8293659,18.9144157],[72.8293411,18.9144228],[72.829321,18.9144383],[72.8293087,18.91446],[72.8293061,18.9144844],[72.8293136,18.9145078],[72.82933,18.9145268],[72.8293529,18.9145384],[72.8293787,18.9145409],[72.8294035,18.9145338],[72.8294236,18.9145183],[72.8294358,18.9144967],[72.8294384,18.9144723],[72.8294309,18.9144488],[72.8294145,18.9144298]]]],"type":"MultiPolygon"},"id":"way/906971939","properties":{"all_driver_tags":{"aeroway":"helipad"},"boarding_coordinate_status":"not_derived_from_area","extent_intersection_status":"intersects_research_envelope","geometry_status":"valid","name":"","osm_object_id":"906971939","osm_object_type":"way","selected_tags":{"aeroway":"helipad"},"source":"mapped_osm_feature","source_id":"osm_western_zone_20260915","source_sha256":"c335a72cadfebc3ffde5cfff20fc9711f3112bc11000d43fde4daea10c36b53e","status":"unverified_operation_and_station_identity"},"type":"Feature"},{"geometry":{"coordinates":[[[[72.829546,18.9142915],[72.8295256,18.9142804],[72.8295024,18.9142765],[72.8294792,18.9142804],[72.8294588,18.9142915],[72.8294436,18.9143086],[72.8294356,18.9143295],[72.8294356,18.9143518],[72.8294436,18.9143728],[72.8294588,18.9143898],[72.8294792,18.914401],[72.8295024,18.9144048],[72.8295256,18.9144009],[72.829546,18.9143898],[72.8295611,18.9143727],[72.8295692,18.9143518],[72.8295692,18.9143295],[72.8295611,18.9143086],[72.829546,18.9142915]]]],"type":"MultiPolygon"},"id":"way/906971940","properties":{"all_driver_tags":{"aeroway":"helipad"},"boarding_coordinate_status":"not_derived_from_area","extent_intersection_status":"intersects_research_envelope","geometry_status":"valid","name":"","osm_object_id":"906971940","osm_object_type":"way","selected_tags":{"aeroway":"helipad"},"source":"mapped_osm_feature","source_id":"osm_western_zone_20260915","source_sha256":"c335a72cadfebc3ffde5cfff20fc9711f3112bc11000d43fde4daea10c36b53e","status":"unverified_operation_and_station_identity"},"type":"Feature"},{"geometry":{"coordinates":[[[[72.8296727,18.9141576],[72.82965,18.9141468],[72.8296246,18.9141449],[72.8296005,18.9141524],[72.8295812,18.9141681],[72.8295697,18.9141896],[72.8295677,18.9142136],[72.8295757,18.9142364],[72.8295922,18.9142547],[72.8296149,18.9142656],[72.8296403,18.9142674],[72.8296645,18.9142599],[72.8296838,18.9142442],[72.8296952,18.9142228],[72.8296972,18.9141988],[72.8296893,18.9141759],[72.8296727,18.9141576]]]],"type":"MultiPolygon"},"id":"way/906971941","properties":{"all_driver_tags":{"aeroway":"helipad"},"boarding_coordinate_status":"not_derived_from_area","extent_intersection_status":"intersects_research_envelope","geometry_status":"valid","name":"","osm_object_id":"906971941","osm_object_type":"way","selected_tags":{"aeroway":"helipad"},"source":"mapped_osm_feature","source_id":"osm_western_zone_20260915","source_sha256":"c335a72cadfebc3ffde5cfff20fc9711f3112bc11000d43fde4daea10c36b53e","status":"unverified_operation_and_station_identity"},"type":"Feature"},{"geometry":{"coordinates":[[[[72.8298095,18.9140219],[72.8297889,18.9140106],[72.8297655,18.9140066],[72.8297421,18.9140104],[72.8297214,18.9140216],[72.829706,18.9140387],[72.8296978,18.9140599],[72.8296977,18.9140824],[72.8297058,18.9141036],[72.829721,18.9141209],[72.8297415,18.9141322],[72.8297649,18.9141362],[72.8297884,18.9141324],[72.8298091,18.9141212],[72.8298244,18.914104],[72.8298327,18.9140829],[72.8298328,18.9140604],[72.8298247,18.9140392],[72.8298095,18.9140219]]]],"type":"MultiPolygon"},"id":"way/906971942","properties":{"all_driver_tags":{"aeroway":"helipad"},"boarding_coordinate_status":"not_derived_from_area","extent_intersection_status":"intersects_research_envelope","geometry_status":"valid","name":"","osm_object_id":"906971942","osm_object_type":"way","selected_tags":{"aeroway":"helipad"},"source":"mapped_osm_feature","source_id":"osm_western_zone_20260915","source_sha256":"c335a72cadfebc3ffde5cfff20fc9711f3112bc11000d43fde4daea10c36b53e","status":"unverified_operation_and_station_identity"},"type":"Feature"},{"geometry":{"coordinates":[[[[72.8291175,18.9133812],[72.8290895,18.9133633],[72.8290573,18.9133536],[72.8290235,18.9133528],[72.8289909,18.9133611],[72.8289621,18.9133778],[72.8289394,18.9134014],[72.8289246,18.9134302],[72.828919,18.9134617],[72.8289231,18.9134934],[72.8289364,18.9135228],[72.8289579,18.9135474],[72.8289859,18.9135653],[72.829018,18.913575],[72.8290518,18.9135758],[72.8290844,18.9135675],[72.8291133,18.9135509],[72.829136,18.9135272],[72.8291507,18.9134985],[72.8291563,18.9134669],[72.8291523,18.9134352],[72.829139,18.9134058],[72.8291175,18.9133812]]]],"type":"MultiPolygon"},"id":"way/906971943","properties":{"all_driver_tags":{"aeroway":"helipad"},"boarding_coordinate_status":"not_derived_from_area","extent_intersection_status":"intersects_research_envelope","geometry_status":"valid","name":"","osm_object_id":"906971943","osm_object_type":"way","selected_tags":{"aeroway":"helipad"},"source":"mapped_osm_feature","source_id":"osm_western_zone_20260915","source_sha256":"c335a72cadfebc3ffde5cfff20fc9711f3112bc11000d43fde4daea10c36b53e","status":"unverified_operation_and_station_identity"},"type":"Feature"},{"geometry":{"coordinates":[[[[72.8285844,18.9148611],[72.8290088,18.915217],[72.8295989,18.9146068],[72.829922,18.9142691],[72.8302975,18.9138766],[72.8299763,18.9135122],[72.8294195,18.9128818],[72.8290436,18.9126174],[72.8286139,18.9130501],[72.8269583,18.9148833],[72.8272426,18.9151142],[72.8277844,18.9145091],[72.8281009,18.9147692],[72.8281519,18.9147133],[72.8284342,18.9149422],[72.8285314,18.9149106],[72.8285844,18.9148611]]]],"type":"MultiPolygon"},"id":"way/906971944","properties":{"all_driver_tags":{"aeroway":"aerodrome","alt_name":"Shikra Naval Base","landuse":"military","military":"airfield","name":"INS Shikra"},"boarding_coordinate_status":"not_derived_from_area","extent_intersection_status":"intersects_research_envelope","geometry_status":"valid","name":"INS Shikra","osm_object_id":"906971944","osm_object_type":"way","selected_tags":{"aeroway":"aerodrome"},"source":"mapped_osm_feature","source_id":"osm_western_zone_20260915","source_sha256":"c335a72cadfebc3ffde5cfff20fc9711f3112bc11000d43fde4daea10c36b53e","status":"unverified_operation_and_station_identity"},"type":"Feature"},{"geometry":{"coordinates":[[[[72.8568716,19.0668357],[72.8568341,19.0668555],[72.8568022,19.0668828],[72.8567775,19.0669161],[72.8567613,19.0669537],[72.8567543,19.0669938],[72.8567569,19.0670344],[72.856769,19.0670734],[72.85679,19.0671088],[72.8568189,19.067139],[72.8568541,19.0671623],[72.8568939,19.0671777],[72.8569363,19.0671843],[72.8569792,19.0671818],[72.8570205,19.0671703],[72.857058,19.0671505],[72.8570899,19.0671232],[72.8571146,19.06709],[72.8571309,19.0670523],[72.8571379,19.0670122],[72.8571352,19.0669717],[72.8571231,19.0669327],[72.8571021,19.0668972],[72.8570733,19.066867],[72.8570381,19.0668437],[72.8569982,19.0668283],[72.8569558,19.0668217],[72.8569129,19.0668242],[72.8568716,19.0668357]]]],"type":"MultiPolygon"},"id":"way/909382830","properties":{"all_driver_tags":{"aeroway":"helipad"},"boarding_coordinate_status":"not_derived_from_area","extent_intersection_status":"intersects_research_envelope","geometry_status":"valid","name":"","osm_object_id":"909382830","osm_object_type":"way","selected_tags":{"aeroway":"helipad"},"source":"mapped_osm_feature","source_id":"osm_western_zone_20260915","source_sha256":"c335a72cadfebc3ffde5cfff20fc9711f3112bc11000d43fde4daea10c36b53e","status":"unverified_operation_and_station_identity"},"type":"Feature"},{"geometry":{"coordinates":[[[[72.8688982,19.0513418],[72.8688956,19.0513873],[72.8688797,19.0516823],[72.8685355,19.0516883],[72.8684982,19.0516407],[72.8688598,19.0513762],[72.8688982,19.0513418]]]],"type":"MultiPolygon"},"id":"way/909382854","properties":{"all_driver_tags":{"amenity":"bus_station","bus":"yes","name":"Chuna Bhatti","public_transport":"station"},"boarding_coordinate_status":"not_derived_from_area","extent_intersection_status":"intersects_research_envelope","geometry_status":"valid","name":"Chuna Bhatti","osm_object_id":"909382854","osm_object_type":"way","selected_tags":{"amenity":"bus_station","public_transport":"station"},"source":"mapped_osm_feature","source_id":"osm_western_zone_20260915","source_sha256":"c335a72cadfebc3ffde5cfff20fc9711f3112bc11000d43fde4daea10c36b53e","status":"unverified_operation_and_station_identity"},"type":"Feature"},{"geometry":{"coordinates":[[[[72.8479935,19.1208236],[72.8481013,19.1209753],[72.8495577,19.1200515],[72.84945,19.1198999],[72.8481877,19.1207004],[72.8479935,19.1208236]]]],"type":"MultiPolygon"},"id":"way/911875199","properties":{"all_driver_tags":{"building":"transportation","description":"Andheri Metro Station","layer":"1","name":"Andheri M1","name:mr":"अंधेरी","public_transport":"station","wikidata":"Q17512034","wikipedia":"en:Andheri metro station"},"boarding_coordinate_status":"not_derived_from_area","extent_intersection_status":"intersects_research_envelope","geometry_status":"valid","name":"Andheri M1","osm_object_id":"911875199","osm_object_type":"way","selected_tags":{"public_transport":"station"},"source":"mapped_osm_feature","source_id":"osm_western_zone_20260915","source_sha256":"c335a72cadfebc3ffde5cfff20fc9711f3112bc11000d43fde4daea10c36b53e","status":"unverified_operation_and_station_identity"},"type":"Feature"},{"geometry":{"coordinates":[[[[72.9659509,19.2288985],[72.9659277,19.2288377],[72.965989,19.2288168],[72.9660122,19.2288776],[72.9659509,19.2288985]]]],"type":"MultiPolygon"},"id":"way/912422941","properties":{"all_driver_tags":{"amenity":"bus_station","building":"yes","bus":"yes","name":"Pawar Nagar","public_transport":"station","wheelchair":"limited"},"boarding_coordinate_status":"not_derived_from_area","extent_intersection_status":"intersects_research_envelope","geometry_status":"valid","name":"Pawar Nagar","osm_object_id":"912422941","osm_object_type":"way","selected_tags":{"amenity":"bus_station","public_transport":"station"},"source":"mapped_osm_feature","source_id":"osm_western_zone_20260915","source_sha256":"c335a72cadfebc3ffde5cfff20fc9711f3112bc11000d43fde4daea10c36b53e","status":"unverified_operation_and_station_identity"},"type":"Feature"},{"geometry":{"coordinates":[[[[72.7545884,19.8249049],[72.754709,19.8243582],[72.7552901,19.8243397],[72.7551523,19.8250091],[72.7545884,19.8249049]]]],"type":"MultiPolygon"},"id":"way/926640584","properties":{"all_driver_tags":{"amenity":"bus_station","bus":"yes","layer":"-1","public_transport":"station"},"boarding_coordinate_status":"not_derived_from_area","extent_intersection_status":"intersects_research_envelope","geometry_status":"valid","name":"","osm_object_id":"926640584","osm_object_type":"way","selected_tags":{"amenity":"bus_station","public_transport":"station"},"source":"mapped_osm_feature","source_id":"osm_western_zone_20260915","source_sha256":"c335a72cadfebc3ffde5cfff20fc9711f3112bc11000d43fde4daea10c36b53e","status":"unverified_operation_and_station_identity"},"type":"Feature"},{"geometry":{"coordinates":[[[[72.8238402,19.2003932],[72.8242177,19.2001261],[72.8241727,19.2000694],[72.8241293,19.2000146],[72.8244935,19.1997569],[72.8244675,19.1997242],[72.8244035,19.1996436],[72.8241438,19.1998274],[72.8241801,19.1998732],[72.8228414,19.2008205],[72.8228935,19.2008862],[72.8237505,19.2002801],[72.8237952,19.2003364],[72.8238402,19.2003932]]]],"type":"MultiPolygon"},"id":"way/937767599","properties":{"all_driver_tags":{"building":"yes","layer":"1","railway":"workshop"},"boarding_coordinate_status":"not_derived_from_area","extent_intersection_status":"intersects_research_envelope","geometry_status":"valid","name":"","osm_object_id":"937767599","osm_object_type":"way","selected_tags":{"railway":"workshop"},"source":"mapped_osm_feature","source_id":"osm_western_zone_20260915","source_sha256":"c335a72cadfebc3ffde5cfff20fc9711f3112bc11000d43fde4daea10c36b53e","status":"unverified_operation_and_station_identity"},"type":"Feature"},{"geometry":{"coordinates":[[[[72.8225258,19.1994495],[72.8228572,19.1993309],[72.8228422,19.1992935],[72.8228223,19.1992438],[72.8224908,19.1993623],[72.8225258,19.1994495]]]],"type":"MultiPolygon"},"id":"way/937767600","properties":{"all_driver_tags":{"building":"yes","layer":"1","railway":"workshop"},"boarding_coordinate_status":"not_derived_from_area","extent_intersection_status":"intersects_research_envelope","geometry_status":"valid","name":"","osm_object_id":"937767600","osm_object_type":"way","selected_tags":{"railway":"workshop"},"source":"mapped_osm_feature","source_id":"osm_western_zone_20260915","source_sha256":"c335a72cadfebc3ffde5cfff20fc9711f3112bc11000d43fde4daea10c36b53e","status":"unverified_operation_and_station_identity"},"type":"Feature"},{"geometry":{"coordinates":[[[[72.8229284,19.1991802],[72.8233456,19.1990302],[72.8233255,19.1989804],[72.8232767,19.1988592],[72.8228595,19.1990091],[72.8229284,19.1991802]]]],"type":"MultiPolygon"},"id":"way/937767601","properties":{"all_driver_tags":{"building":"yes","layer":"1","railway":"workshop"},"boarding_coordinate_status":"not_derived_from_area","extent_intersection_status":"intersects_research_envelope","geometry_status":"valid","name":"","osm_object_id":"937767601","osm_object_type":"way","selected_tags":{"railway":"workshop"},"source":"mapped_osm_feature","source_id":"osm_western_zone_20260915","source_sha256":"c335a72cadfebc3ffde5cfff20fc9711f3112bc11000d43fde4daea10c36b53e","status":"unverified_operation_and_station_identity"},"type":"Feature"},{"geometry":{"coordinates":[[[[72.824094,19.198526],[72.8241145,19.1984658],[72.8241283,19.1984252],[72.8241442,19.1983784],[72.8241724,19.1982956],[72.8241996,19.1982157],[72.8242248,19.1981416],[72.822424,19.197595],[72.8222931,19.1979798],[72.824094,19.198526]]]],"type":"MultiPolygon"},"id":"way/937767603","properties":{"all_driver_tags":{"building":"yes","layer":"1","railway":"workshop"},"boarding_coordinate_status":"not_derived_from_area","extent_intersection_status":"intersects_research_envelope","geometry_status":"valid","name":"","osm_object_id":"937767603","osm_object_type":"way","selected_tags":{"railway":"workshop"},"source":"mapped_osm_feature","source_id":"osm_western_zone_20260915","source_sha256":"c335a72cadfebc3ffde5cfff20fc9711f3112bc11000d43fde4daea10c36b53e","status":"unverified_operation_and_station_identity"},"type":"Feature"},{"geometry":{"coordinates":[[[[72.7977467,19.2624821],[72.797726,19.2625666],[72.7976567,19.2626235],[72.7975652,19.262631],[72.7974865,19.2625863],[72.7974506,19.2625065],[72.7974713,19.2624221],[72.7975406,19.2623652],[72.7976321,19.2623577],[72.7977108,19.2624023],[72.7977467,19.2624821]]]],"type":"MultiPolygon"},"id":"way/942608444","properties":{"all_driver_tags":{"aeroway":"helipad"},"boarding_coordinate_status":"not_derived_from_area","extent_intersection_status":"intersects_research_envelope","geometry_status":"valid","name":"","osm_object_id":"942608444","osm_object_type":"way","selected_tags":{"aeroway":"helipad"},"source":"mapped_osm_feature","source_id":"osm_western_zone_20260915","source_sha256":"c335a72cadfebc3ffde5cfff20fc9711f3112bc11000d43fde4daea10c36b53e","status":"unverified_operation_and_station_identity"},"type":"Feature"},{"geometry":{"coordinates":[[[[72.8229254,19.2001266],[72.8247864,19.1994726],[72.8247757,19.1994445],[72.8247581,19.1994012],[72.8247423,19.1993624],[72.8247264,19.1993233],[72.8247085,19.1992794],[72.8246939,19.1992434],[72.8246841,19.199213],[72.822823,19.1998667],[72.8229254,19.2001266]]]],"type":"MultiPolygon"},"id":"way/945060002","properties":{"all_driver_tags":{"building":"yes","layer":"1","railway":"workshop"},"boarding_coordinate_status":"not_derived_from_area","extent_intersection_status":"intersects_research_envelope","geometry_status":"valid","name":"","osm_object_id":"945060002","osm_object_type":"way","selected_tags":{"railway":"workshop"},"source":"mapped_osm_feature","source_id":"osm_western_zone_20260915","source_sha256":"c335a72cadfebc3ffde5cfff20fc9711f3112bc11000d43fde4daea10c36b53e","status":"unverified_operation_and_station_identity"},"type":"Feature"},{"geometry":{"coordinates":[[[[72.9797906,18.8921825],[72.9789483,18.8912638],[72.9782671,18.8902335],[72.9778604,18.8891553],[72.9776126,18.8874978],[72.9778075,18.8859487],[72.9782134,18.8848534],[72.9787672,18.8838656],[72.9831165,18.878798],[72.9816861,18.8776931],[72.9792334,18.8806473],[72.9763734,18.884092],[72.9760677,18.8846453],[72.9757619,18.8855132],[72.9756439,18.8862999],[72.9756385,18.8869293],[72.9757404,18.8875739],[72.9759228,18.8882236],[72.9763305,18.8890966],[72.9768348,18.8897767],[72.9776823,18.8905532],[72.9796361,18.8923358],[72.9797906,18.8921825]]]],"type":"MultiPolygon"},"id":"way/946761549","properties":{"all_driver_tags":{"landuse":"railway","railway":"yard"},"boarding_coordinate_status":"not_derived_from_area","extent_intersection_status":"intersects_research_envelope","geometry_status":"valid","name":"","osm_object_id":"946761549","osm_object_type":"way","selected_tags":{"railway":"yard"},"source":"mapped_osm_feature","source_id":"osm_western_zone_20260915","source_sha256":"c335a72cadfebc3ffde5cfff20fc9711f3112bc11000d43fde4daea10c36b53e","status":"unverified_operation_and_station_identity"},"type":"Feature"},{"geometry":{"coordinates":[[[[73.5170671,18.4072321],[73.5170842,18.4072403],[73.5171012,18.4072484],[73.5171207,18.4072796],[73.5171193,18.4073158],[73.5170975,18.4073456],[73.5170622,18.4073594],[73.5170246,18.407353],[73.5169966,18.4073282],[73.5169872,18.4072931],[73.5169993,18.4072587],[73.5170291,18.407236],[73.5170671,18.4072321]]]],"type":"MultiPolygon"},"id":"way/947205317","properties":{"all_driver_tags":{"aeroway":"helipad"},"boarding_coordinate_status":"not_derived_from_area","extent_intersection_status":"intersects_research_envelope","geometry_status":"valid","name":"","osm_object_id":"947205317","osm_object_type":"way","selected_tags":{"aeroway":"helipad"},"source":"mapped_osm_feature","source_id":"osm_western_zone_20260915","source_sha256":"c335a72cadfebc3ffde5cfff20fc9711f3112bc11000d43fde4daea10c36b53e","status":"unverified_operation_and_station_identity"},"type":"Feature"},{"geometry":{"coordinates":[[[[73.5172034,18.4069334],[73.5172287,18.4069455],[73.5172649,18.4069627],[73.5173,18.4070188],[73.5172975,18.4070841],[73.5172582,18.4071377],[73.5171946,18.4071626],[73.5171279,18.4071511],[73.517127,18.407151],[73.5170766,18.4071065],[73.5170597,18.4070432],[73.5170814,18.4069813],[73.517135,18.4069404],[73.5172034,18.4069334]]]],"type":"MultiPolygon"},"id":"way/947205318","properties":{"all_driver_tags":{"aeroway":"helipad"},"boarding_coordinate_status":"not_derived_from_area","extent_intersection_status":"intersects_research_envelope","geometry_status":"valid","name":"","osm_object_id":"947205318","osm_object_type":"way","selected_tags":{"aeroway":"helipad"},"source":"mapped_osm_feature","source_id":"osm_western_zone_20260915","source_sha256":"c335a72cadfebc3ffde5cfff20fc9711f3112bc11000d43fde4daea10c36b53e","status":"unverified_operation_and_station_identity"},"type":"Feature"},{"geometry":{"coordinates":[[[[72.9914222,19.2494745],[72.9914747,19.2494946],[72.9914826,19.2495476],[72.9914378,19.2495806],[72.9913853,19.2495605],[72.9913775,19.2495074],[72.9914222,19.2494745]]]],"type":"MultiPolygon"},"id":"way/948483479","properties":{"all_driver_tags":{"aeroway":"helipad"},"boarding_coordinate_status":"not_derived_from_area","extent_intersection_status":"intersects_research_envelope","geometry_status":"valid","name":"","osm_object_id":"948483479","osm_object_type":"way","selected_tags":{"aeroway":"helipad"},"source":"mapped_osm_feature","source_id":"osm_western_zone_20260915","source_sha256":"c335a72cadfebc3ffde5cfff20fc9711f3112bc11000d43fde4daea10c36b53e","status":"unverified_operation_and_station_identity"},"type":"Feature"},{"geometry":{"coordinates":[[[[72.9918111,19.2496277],[72.9918637,19.2496478],[72.9918715,19.2497008],[72.9918268,19.2497338],[72.9917742,19.2497137],[72.9917664,19.2496606],[72.9918111,19.2496277]]]],"type":"MultiPolygon"},"id":"way/948483480","properties":{"all_driver_tags":{"aeroway":"helipad"},"boarding_coordinate_status":"not_derived_from_area","extent_intersection_status":"intersects_research_envelope","geometry_status":"valid","name":"","osm_object_id":"948483480","osm_object_type":"way","selected_tags":{"aeroway":"helipad"},"source":"mapped_osm_feature","source_id":"osm_western_zone_20260915","source_sha256":"c335a72cadfebc3ffde5cfff20fc9711f3112bc11000d43fde4daea10c36b53e","status":"unverified_operation_and_station_identity"},"type":"Feature"},{"geometry":{"coordinates":[[[[72.9912036,19.24981],[72.9912561,19.2498301],[72.991264,19.2498832],[72.9912192,19.2499161],[72.9911667,19.249896],[72.9911589,19.249843],[72.9912036,19.24981]]]],"type":"MultiPolygon"},"id":"way/948483481","properties":{"all_driver_tags":{"aeroway":"helipad"},"boarding_coordinate_status":"not_derived_from_area","extent_intersection_status":"intersects_research_envelope","geometry_status":"valid","name":"","osm_object_id":"948483481","osm_object_type":"way","selected_tags":{"aeroway":"helipad"},"source":"mapped_osm_feature","source_id":"osm_western_zone_20260915","source_sha256":"c335a72cadfebc3ffde5cfff20fc9711f3112bc11000d43fde4daea10c36b53e","status":"unverified_operation_and_station_identity"},"type":"Feature"},{"geometry":{"coordinates":[[[[72.9917373,19.2498012],[72.9917899,19.2498213],[72.9917977,19.2498743],[72.991753,19.2499072],[72.9917005,19.2498871],[72.9916926,19.2498341],[72.9917373,19.2498012]]]],"type":"MultiPolygon"},"id":"way/948483482","properties":{"all_driver_tags":{"aeroway":"helipad"},"boarding_coordinate_status":"not_derived_from_area","extent_intersection_status":"intersects_research_envelope","geometry_status":"valid","name":"","osm_object_id":"948483482","osm_object_type":"way","selected_tags":{"aeroway":"helipad"},"source":"mapped_osm_feature","source_id":"osm_western_zone_20260915","source_sha256":"c335a72cadfebc3ffde5cfff20fc9711f3112bc11000d43fde4daea10c36b53e","status":"unverified_operation_and_station_identity"},"type":"Feature"},{"geometry":{"coordinates":[[[[72.9918714,19.2499202],[72.991924,19.2499403],[72.9919318,19.2499933],[72.9918871,19.2500262],[72.9918346,19.2500061],[72.9918267,19.2499531],[72.9918714,19.2499202]]]],"type":"MultiPolygon"},"id":"way/948483483","properties":{"all_driver_tags":{"aeroway":"helipad"},"boarding_coordinate_status":"not_derived_from_area","extent_intersection_status":"intersects_research_envelope","geometry_status":"valid","name":"","osm_object_id":"948483483","osm_object_type":"way","selected_tags":{"aeroway":"helipad"},"source":"mapped_osm_feature","source_id":"osm_western_zone_20260915","source_sha256":"c335a72cadfebc3ffde5cfff20fc9711f3112bc11000d43fde4daea10c36b53e","status":"unverified_operation_and_station_identity"},"type":"Feature"},{"geometry":{"coordinates":[[[[72.9918795,19.2501101],[72.991932,19.2501302],[72.9919399,19.2501832],[72.9918952,19.2502162],[72.9918426,19.2501961],[72.9918348,19.250143],[72.9918795,19.2501101]]]],"type":"MultiPolygon"},"id":"way/948483484","properties":{"all_driver_tags":{"aeroway":"helipad"},"boarding_coordinate_status":"not_derived_from_area","extent_intersection_status":"intersects_research_envelope","geometry_status":"valid","name":"","osm_object_id":"948483484","osm_object_type":"way","selected_tags":{"aeroway":"helipad"},"source":"mapped_osm_feature","source_id":"osm_western_zone_20260915","source_sha256":"c335a72cadfebc3ffde5cfff20fc9711f3112bc11000d43fde4daea10c36b53e","status":"unverified_operation_and_station_identity"},"type":"Feature"},{"geometry":{"coordinates":[[[[72.9919709,19.2500159],[72.9920234,19.250036],[72.9920313,19.250089],[72.9919865,19.250122],[72.991934,19.2501019],[72.9919261,19.2500488],[72.9919709,19.2500159]]]],"type":"MultiPolygon"},"id":"way/948483485","properties":{"all_driver_tags":{"aeroway":"helipad"},"boarding_coordinate_status":"not_derived_from_area","extent_intersection_status":"intersects_research_envelope","geometry_status":"valid","name":"","osm_object_id":"948483485","osm_object_type":"way","selected_tags":{"aeroway":"helipad"},"source":"mapped_osm_feature","source_id":"osm_western_zone_20260915","source_sha256":"c335a72cadfebc3ffde5cfff20fc9711f3112bc11000d43fde4daea10c36b53e","status":"unverified_operation_and_station_identity"},"type":"Feature"},{"geometry":{"coordinates":[[[[72.8153484,18.8985241],[72.8149071,18.897844],[72.8144469,18.8981113],[72.8148881,18.8987914],[72.8153484,18.8985241]]]],"type":"MultiPolygon"},"id":"way/953329183","properties":{"all_driver_tags":{"aeroway":"helipad"},"boarding_coordinate_status":"not_derived_from_area","extent_intersection_status":"intersects_research_envelope","geometry_status":"valid","name":"","osm_object_id":"953329183","osm_object_type":"way","selected_tags":{"aeroway":"helipad"},"source":"mapped_osm_feature","source_id":"osm_western_zone_20260915","source_sha256":"c335a72cadfebc3ffde5cfff20fc9711f3112bc11000d43fde4daea10c36b53e","status":"unverified_operation_and_station_identity"},"type":"Feature"},{"geometry":{"coordinates":[[[[72.9064697,19.1179675],[72.9062497,19.1184592],[72.905834,19.1183046],[72.905547,19.1177496],[72.9057267,19.1177293],[72.9058742,19.1177471],[72.9061264,19.117818],[72.9064697,19.1179675]]]],"type":"MultiPolygon"},"id":"way/959543436","properties":{"all_driver_tags":{"amenity":"bus_station","bus":"yes","name":"Hiranandani Powai","public_transport":"station"},"boarding_coordinate_status":"not_derived_from_area","extent_intersection_status":"intersects_research_envelope","geometry_status":"valid","name":"Hiranandani Powai","osm_object_id":"959543436","osm_object_type":"way","selected_tags":{"amenity":"bus_station","public_transport":"station"},"source":"mapped_osm_feature","source_id":"osm_western_zone_20260915","source_sha256":"c335a72cadfebc3ffde5cfff20fc9711f3112bc11000d43fde4daea10c36b53e","status":"unverified_operation_and_station_identity"},"type":"Feature"},{"geometry":{"coordinates":[[[[72.9269486,19.0198138],[72.9269478,19.0198305],[72.9269527,19.0198465],[72.9269628,19.0198602],[72.926977,19.01987],[72.926994,19.019875],[72.9270118,19.0198744],[72.9270284,19.0198684],[72.9270421,19.0198577],[72.9270512,19.0198433],[72.927055,19.0198268],[72.9270528,19.0198101],[72.927045,19.019795],[72.9270325,19.0197831],[72.9270165,19.0197758],[72.926999,19.0197737],[72.9269817,19.0197771],[72.9269665,19.0197856],[72.9269551,19.0197983],[72.9269486,19.0198138]]]],"type":"MultiPolygon"},"id":"way/975240132","properties":{"all_driver_tags":{"aeroway":"helipad"},"boarding_coordinate_status":"not_derived_from_area","extent_intersection_status":"intersects_research_envelope","geometry_status":"valid","name":"","osm_object_id":"975240132","osm_object_type":"way","selected_tags":{"aeroway":"helipad"},"source":"mapped_osm_feature","source_id":"osm_western_zone_20260915","source_sha256":"c335a72cadfebc3ffde5cfff20fc9711f3112bc11000d43fde4daea10c36b53e","status":"unverified_operation_and_station_identity"},"type":"Feature"},{"geometry":{"coordinates":[[[[72.927361,19.0198019],[72.9273501,19.0198397],[72.9273527,19.0198788],[72.9273687,19.0199149],[72.9273961,19.0199441],[72.9274319,19.0199632],[72.9274725,19.0199704],[72.9275132,19.0199648],[72.9275499,19.019947],[72.9275784,19.0199189],[72.9275959,19.0198836],[72.9276002,19.0198448],[72.9275911,19.0198068],[72.9275694,19.0197737],[72.9275374,19.0197489],[72.9274986,19.0197352],[72.9274571,19.0197343],[72.9274177,19.0197462],[72.9273844,19.0197696],[72.927361,19.0198019]]]],"type":"MultiPolygon"},"id":"way/975240133","properties":{"all_driver_tags":{"aeroway":"helipad"},"boarding_coordinate_status":"not_derived_from_area","extent_intersection_status":"intersects_research_envelope","geometry_status":"valid","name":"","osm_object_id":"975240133","osm_object_type":"way","selected_tags":{"aeroway":"helipad"},"source":"mapped_osm_feature","source_id":"osm_western_zone_20260915","source_sha256":"c335a72cadfebc3ffde5cfff20fc9711f3112bc11000d43fde4daea10c36b53e","status":"unverified_operation_and_station_identity"},"type":"Feature"},{"geometry":{"coordinates":[[[[72.8368212,19.0968752],[72.8367922,19.0969026],[72.8367811,19.0969399],[72.8367906,19.0969776],[72.8368184,19.0970062],[72.8368574,19.0970182],[72.8368977,19.0970108],[72.836929,19.0969857],[72.8369433,19.0969494],[72.8368212,19.0968752]]]],"type":"MultiPolygon"},"id":"way/979822842","properties":{"all_driver_tags":{"aeroway":"helipad"},"boarding_coordinate_status":"not_derived_from_area","extent_intersection_status":"intersects_research_envelope","geometry_status":"valid","name":"","osm_object_id":"979822842","osm_object_type":"way","selected_tags":{"aeroway":"helipad"},"source":"mapped_osm_feature","source_id":"osm_western_zone_20260915","source_sha256":"c335a72cadfebc3ffde5cfff20fc9711f3112bc11000d43fde4daea10c36b53e","status":"unverified_operation_and_station_identity"},"type":"Feature"},{"geometry":{"coordinates":[[[[72.8370678,19.096978],[72.8372157,19.0970088],[72.8372132,19.0970542],[72.8371848,19.0970909],[72.8371399,19.0971069],[72.8370929,19.0970972],[72.8370593,19.0970647],[72.8370499,19.0970202],[72.8370678,19.096978]]]],"type":"MultiPolygon"},"id":"way/979822844","properties":{"all_driver_tags":{"aeroway":"helipad"},"boarding_coordinate_status":"not_derived_from_area","extent_intersection_status":"intersects_research_envelope","geometry_status":"valid","name":"","osm_object_id":"979822844","osm_object_type":"way","selected_tags":{"aeroway":"helipad"},"source":"mapped_osm_feature","source_id":"osm_western_zone_20260915","source_sha256":"c335a72cadfebc3ffde5cfff20fc9711f3112bc11000d43fde4daea10c36b53e","status":"unverified_operation_and_station_identity"},"type":"Feature"},{"geometry":{"coordinates":[[[[72.8371232,19.0972403],[72.8370736,19.0972417],[72.8370328,19.0972684],[72.8370139,19.0973119],[72.837023,19.097358],[72.8370573,19.097392],[72.8371055,19.0974029],[72.8371524,19.0973873],[72.8371827,19.0973501],[72.8371867,19.0973033],[72.8371543,19.0972711],[72.8371232,19.0972403]]]],"type":"MultiPolygon"},"id":"way/979822845","properties":{"all_driver_tags":{"aeroway":"helipad"},"boarding_coordinate_status":"not_derived_from_area","extent_intersection_status":"intersects_research_envelope","geometry_status":"valid","name":"","osm_object_id":"979822845","osm_object_type":"way","selected_tags":{"aeroway":"helipad"},"source":"mapped_osm_feature","source_id":"osm_western_zone_20260915","source_sha256":"c335a72cadfebc3ffde5cfff20fc9711f3112bc11000d43fde4daea10c36b53e","status":"unverified_operation_and_station_identity"},"type":"Feature"},{"geometry":{"coordinates":[[[[72.8373044,19.0970508],[72.8372596,19.0970574],[72.8372242,19.0970842],[72.8372078,19.0971241],[72.8372118,19.0971487],[72.8372439,19.0971821],[72.8372758,19.0972153],[72.8373301,19.0972088],[72.8373654,19.097182],[72.8373819,19.0971421],[72.8373762,19.0971074],[72.8373391,19.0970782],[72.8373044,19.0970508]]]],"type":"MultiPolygon"},"id":"way/979822846","properties":{"all_driver_tags":{"aeroway":"helipad"},"boarding_coordinate_status":"not_derived_from_area","extent_intersection_status":"intersects_research_envelope","geometry_status":"valid","name":"","osm_object_id":"979822846","osm_object_type":"way","selected_tags":{"aeroway":"helipad"},"source":"mapped_osm_feature","source_id":"osm_western_zone_20260915","source_sha256":"c335a72cadfebc3ffde5cfff20fc9711f3112bc11000d43fde4daea10c36b53e","status":"unverified_operation_and_station_identity"},"type":"Feature"},{"geometry":{"coordinates":[[[[72.8373461,19.097255],[72.8373096,19.0972558],[72.8372686,19.0972823],[72.8372494,19.0973256],[72.8372582,19.0973718],[72.8372922,19.097406],[72.8373405,19.0974172],[72.8373874,19.0974018],[72.8374179,19.0973647],[72.8374222,19.0973179],[72.837414,19.0972991],[72.8373847,19.0972801],[72.8373461,19.097255]]]],"type":"MultiPolygon"},"id":"way/979822847","properties":{"all_driver_tags":{"aeroway":"helipad"},"boarding_coordinate_status":"not_derived_from_area","extent_intersection_status":"intersects_research_envelope","geometry_status":"valid","name":"","osm_object_id":"979822847","osm_object_type":"way","selected_tags":{"aeroway":"helipad"},"source":"mapped_osm_feature","source_id":"osm_western_zone_20260915","source_sha256":"c335a72cadfebc3ffde5cfff20fc9711f3112bc11000d43fde4daea10c36b53e","status":"unverified_operation_and_station_identity"},"type":"Feature"},{"geometry":{"coordinates":[[[[72.8377008,19.0974823],[72.8376845,19.0974827],[72.8376434,19.0975091],[72.8376242,19.0975524],[72.837633,19.0975986],[72.8376671,19.0976329],[72.8377153,19.0976441],[72.8377623,19.0976287],[72.8377928,19.0975916],[72.837797,19.0975448],[72.8377885,19.0975251],[72.8377447,19.0975037],[72.8377008,19.0974823]]]],"type":"MultiPolygon"},"id":"way/979822848","properties":{"all_driver_tags":{"aeroway":"helipad"},"boarding_coordinate_status":"not_derived_from_area","extent_intersection_status":"intersects_research_envelope","geometry_status":"valid","name":"","osm_object_id":"979822848","osm_object_type":"way","selected_tags":{"aeroway":"helipad"},"source":"mapped_osm_feature","source_id":"osm_western_zone_20260915","source_sha256":"c335a72cadfebc3ffde5cfff20fc9711f3112bc11000d43fde4daea10c36b53e","status":"unverified_operation_and_station_identity"},"type":"Feature"},{"geometry":{"coordinates":[[[[72.8184946,18.9515152],[72.8184731,18.9514822],[72.8181808,18.951708],[72.8181526,18.9516737],[72.8180593,18.9517358],[72.8179179,18.9518297],[72.8179005,18.9518526],[72.817926,18.9519058],[72.8174888,18.952228],[72.8174512,18.9521925],[72.8172301,18.9523624],[72.8167149,18.9527582],[72.8167317,18.9527887],[72.8165279,18.9529574],[72.8164048,18.9530772],[72.8164149,18.953088],[72.8165644,18.9529761],[72.8169238,18.9527011],[72.8172989,18.9524207],[72.8175424,18.9522391],[72.8180041,18.9518963],[72.8181263,18.9518064],[72.8185057,18.9515272],[72.8184946,18.9515152]]]],"type":"MultiPolygon"},"id":"way/988138268","properties":{"all_driver_tags":{"covered":"yes","departures_board":"realtime","name":"Platform 1","network":"IR","public_transport":"platform","railway":"platform","ref":"1","train":"yes"},"boarding_coordinate_status":"not_derived_from_area","extent_intersection_status":"intersects_research_envelope","geometry_status":"valid","name":"Platform 1","osm_object_id":"988138268","osm_object_type":"way","selected_tags":{"public_transport":"platform","railway":"platform"},"source":"mapped_osm_feature","source_id":"osm_western_zone_20260915","source_sha256":"c335a72cadfebc3ffde5cfff20fc9711f3112bc11000d43fde4daea10c36b53e","status":"unverified_operation_and_station_identity"},"type":"Feature"},{"geometry":{"coordinates":[[[[72.8198424,18.9698899],[72.819665,18.9699038],[72.8195811,18.9698443],[72.8197641,18.9717866],[72.8198157,18.9723372],[72.8198543,18.9726507],[72.8198889,18.9730082],[72.8199672,18.973364],[72.8200014,18.973357],[72.8199653,18.9731359],[72.8199404,18.9728405],[72.8198856,18.9723331],[72.8198377,18.9717821],[72.8198922,18.9717788],[72.8198079,18.9709064],[72.8198024,18.9708499],[72.8197327,18.9701289],[72.8197255,18.9700548],[72.819855,18.9700449],[72.8198424,18.9698899]]]],"type":"MultiPolygon"},"id":"way/988434355","properties":{"all_driver_tags":{"IR:zone":"WR:CCG","bench":"yes","bin":"yes","lit":"yes","name":"Platform 5 (express)","network":"WR","operator":"IR","passenger_information_display":"yes","public_transport":"platform","railway":"platform","ref":"5","shelter":"yes","train":"yes","wheelchair":"yes"},"boarding_coordinate_status":"not_derived_from_area","extent_intersection_status":"intersects_research_envelope","geometry_status":"valid","name":"Platform 5 (express)","osm_object_id":"988434355","osm_object_type":"way","selected_tags":{"public_transport":"platform","railway":"platform"},"source":"mapped_osm_feature","source_id":"osm_western_zone_20260915","source_sha256":"c335a72cadfebc3ffde5cfff20fc9711f3112bc11000d43fde4daea10c36b53e","status":"unverified_operation_and_station_identity"},"type":"Feature"},{"geometry":{"coordinates":[[[[72.8336903,19.0035299],[72.8330769,19.0020334],[72.8322614,19.0023587],[72.8324503,19.0027821],[72.8325804,19.0027302],[72.8330563,19.0037781],[72.8336903,19.0035299]]]],"type":"MultiPolygon"},"id":"way/988740922","properties":{"all_driver_tags":{"building":"industrial","railway":"workshop"},"boarding_coordinate_status":"not_derived_from_area","extent_intersection_status":"intersects_research_envelope","geometry_status":"valid","name":"","osm_object_id":"988740922","osm_object_type":"way","selected_tags":{"railway":"workshop"},"source":"mapped_osm_feature","source_id":"osm_western_zone_20260915","source_sha256":"c335a72cadfebc3ffde5cfff20fc9711f3112bc11000d43fde4daea10c36b53e","status":"unverified_operation_and_station_identity"},"type":"Feature"},{"geometry":{"coordinates":[[[[72.8085761,19.1394133],[72.8087306,19.1389721],[72.8083842,19.1388628],[72.8082351,19.1393131],[72.808517,19.1393952],[72.8085761,19.1394133]]]],"type":"MultiPolygon"},"id":"way/989056454","properties":{"all_driver_tags":{"amenity":"bus_station","bus":"yes","name":"Vesave/Yari Road Bus Station","operator":"BEST","public_transport":"station"},"boarding_coordinate_status":"not_derived_from_area","extent_intersection_status":"intersects_research_envelope","geometry_status":"valid","name":"Vesave/Yari Road Bus Station","osm_object_id":"989056454","osm_object_type":"way","selected_tags":{"amenity":"bus_station","public_transport":"station"},"source":"mapped_osm_feature","source_id":"osm_western_zone_20260915","source_sha256":"c335a72cadfebc3ffde5cfff20fc9711f3112bc11000d43fde4daea10c36b53e","status":"unverified_operation_and_station_identity"},"type":"Feature"},{"geometry":{"coordinates":[[[[72.8464197,19.0422195],[72.8465581,19.0420105],[72.8466594,19.0418371],[72.8471779,19.0407116],[72.8475057,19.0399786],[72.8475496,19.0399939],[72.8475911,19.040008],[72.846915,19.0415234],[72.8467355,19.0418777],[72.8464651,19.0422485],[72.8464197,19.0422195]]]],"type":"MultiPolygon"},"id":"way/990599377","properties":{"all_driver_tags":{"imagery_used":"Esri, retreived 10/2021","name":"Platform 5,6","public_transport":"platform","railway":"platform","train":"yes"},"boarding_coordinate_status":"not_derived_from_area","extent_intersection_status":"intersects_research_envelope","geometry_status":"valid","name":"Platform 5,6","osm_object_id":"990599377","osm_object_type":"way","selected_tags":{"public_transport":"platform","railway":"platform"},"source":"mapped_osm_feature","source_id":"osm_western_zone_20260915","source_sha256":"c335a72cadfebc3ffde5cfff20fc9711f3112bc11000d43fde4daea10c36b53e","status":"unverified_operation_and_station_identity"},"type":"Feature"},{"geometry":{"coordinates":[[[[72.8744495,18.6485527],[72.8751576,18.6481334],[72.8760454,18.6469999],[72.8757879,18.6467051],[72.8753802,18.6470076],[72.874597,18.6472693],[72.8745058,18.6471346],[72.874192,18.647338],[72.8744495,18.6485527]]]],"type":"MultiPolygon"},"id":"way/1001495911","properties":{"all_driver_tags":{"amenity":"bus_station","name":"Alibag Bus Station"},"boarding_coordinate_status":"not_derived_from_area","extent_intersection_status":"intersects_research_envelope","geometry_status":"valid","name":"Alibag Bus Station","osm_object_id":"1001495911","osm_object_type":"way","selected_tags":{"amenity":"bus_station"},"source":"mapped_osm_feature","source_id":"osm_western_zone_20260915","source_sha256":"c335a72cadfebc3ffde5cfff20fc9711f3112bc11000d43fde4daea10c36b53e","status":"unverified_operation_and_station_identity"},"type":"Feature"},{"geometry":{"coordinates":[[[[73.3550846,18.7844878],[73.3551121,18.7844746],[73.3551425,18.7844699],[73.3551729,18.7844743],[73.3552006,18.7844872],[73.3552227,18.7845075],[73.3552374,18.7845333],[73.355243,18.7845622],[73.3552389,18.7845913],[73.3552257,18.7846178],[73.3552045,18.7846393],[73.3551774,18.7846535],[73.3551469,18.7846592],[73.3551154,18.7846556],[73.3550866,18.7846427],[73.3550635,18.784622],[73.3550485,18.7845954],[73.355043,18.7845657],[73.3550477,18.784536],[73.355062,18.7845091],[73.3550846,18.7844878]]]],"type":"MultiPolygon"},"id":"way/1007692640","properties":{"all_driver_tags":{"aeroway":"helipad","name":"Gagangiiri Helipad"},"boarding_coordinate_status":"not_derived_from_area","extent_intersection_status":"intersects_research_envelope","geometry_status":"valid","name":"Gagangiiri Helipad","osm_object_id":"1007692640","osm_object_type":"way","selected_tags":{"aeroway":"helipad"},"source":"mapped_osm_feature","source_id":"osm_western_zone_20260915","source_sha256":"c335a72cadfebc3ffde5cfff20fc9711f3112bc11000d43fde4daea10c36b53e","status":"unverified_operation_and_station_identity"},"type":"Feature"},{"geometry":{"coordinates":[[[[73.0239596,19.0019238],[73.0242449,19.0019459],[73.024296,19.001967],[73.0243322,19.0020127],[73.0243401,19.0020717],[73.0243196,19.0021216],[73.024285,19.002158],[73.0242263,19.0021824],[73.0239392,19.0021602],[73.0239596,19.0019238]]]],"type":"MultiPolygon"},"id":"way/1017311981","properties":{"all_driver_tags":{"amenity":"ferry_terminal","building":"yes","ferry":"yes","name":"Nerul Passenger Water Transport Terminal","public_transport":"station"},"boarding_coordinate_status":"not_derived_from_area","extent_intersection_status":"intersects_research_envelope","geometry_status":"valid","name":"Nerul Passenger Water Transport Terminal","osm_object_id":"1017311981","osm_object_type":"way","selected_tags":{"amenity":"ferry_terminal","public_transport":"station"},"source":"mapped_osm_feature","source_id":"osm_western_zone_20260915","source_sha256":"c335a72cadfebc3ffde5cfff20fc9711f3112bc11000d43fde4daea10c36b53e","status":"unverified_operation_and_station_identity"},"type":"Feature"},{"geometry":{"coordinates":[[[[72.9811209,19.2411886],[72.9811151,19.2412403],[72.9812037,19.2412492],[72.9812095,19.2411975],[72.9811209,19.2411886]]]],"type":"MultiPolygon"},"id":"way/1017391911","properties":{"all_driver_tags":{"amenity":"bicycle_rental","building":"roof"},"boarding_coordinate_status":"not_derived_from_area","extent_intersection_status":"intersects_research_envelope","geometry_status":"valid","name":"","osm_object_id":"1017391911","osm_object_type":"way","selected_tags":{"amenity":"bicycle_rental"},"source":"mapped_osm_feature","source_id":"osm_western_zone_20260915","source_sha256":"c335a72cadfebc3ffde5cfff20fc9711f3112bc11000d43fde4daea10c36b53e","status":"unverified_operation_and_station_identity"},"type":"Feature"},{"geometry":{"coordinates":[[[[72.9659889,19.211633],[72.9659636,19.2116296],[72.965941,19.2116183],[72.9659237,19.2116005],[72.9659138,19.2115782],[72.9659122,19.2115559],[72.9659181,19.2115343],[72.9659308,19.2115154],[72.9659491,19.2115012],[72.9659711,19.2114931],[72.9659948,19.211492],[72.9660176,19.2114978],[72.9660374,19.2115101],[72.9660521,19.2115276],[72.9660607,19.2115503],[72.9660606,19.2115745],[72.966052,19.2115972],[72.9660358,19.2116159],[72.9660139,19.2116283],[72.9659889,19.211633]]]],"type":"MultiPolygon"},"id":"way/1033580347","properties":{"all_driver_tags":{"aeroway":"helipad"},"boarding_coordinate_status":"not_derived_from_area","extent_intersection_status":"intersects_research_envelope","geometry_status":"valid","name":"","osm_object_id":"1033580347","osm_object_type":"way","selected_tags":{"aeroway":"helipad"},"source":"mapped_osm_feature","source_id":"osm_western_zone_20260915","source_sha256":"c335a72cadfebc3ffde5cfff20fc9711f3112bc11000d43fde4daea10c36b53e","status":"unverified_operation_and_station_identity"},"type":"Feature"},{"geometry":{"coordinates":[[[[73.1188591,18.4383636],[73.1192976,18.438403],[73.1192963,18.4385379],[73.1195028,18.4388534],[73.1188108,18.4393203],[73.1187196,18.4391982],[73.1187049,18.4389259],[73.1188591,18.4383636]]]],"type":"MultiPolygon"},"id":"way/1040107351","properties":{"all_driver_tags":{"amenity":"bus_station","bus":"yes","name":"Roha ST Stand","public_transport":"station"},"boarding_coordinate_status":"not_derived_from_area","extent_intersection_status":"intersects_research_envelope","geometry_status":"valid","name":"Roha ST Stand","osm_object_id":"1040107351","osm_object_type":"way","selected_tags":{"amenity":"bus_station","public_transport":"station"},"source":"mapped_osm_feature","source_id":"osm_western_zone_20260915","source_sha256":"c335a72cadfebc3ffde5cfff20fc9711f3112bc11000d43fde4daea10c36b53e","status":"unverified_operation_and_station_identity"},"type":"Feature"},{"geometry":{"coordinates":[[[[73.104264,18.5648814],[73.1044262,18.5649572],[73.1045158,18.5647849],[73.1043537,18.564709],[73.104264,18.5648814]]]],"type":"MultiPolygon"},"id":"way/1040610186","properties":{"all_driver_tags":{"aeroway":"helipad"},"boarding_coordinate_status":"not_derived_from_area","extent_intersection_status":"intersects_research_envelope","geometry_status":"valid","name":"","osm_object_id":"1040610186","osm_object_type":"way","selected_tags":{"aeroway":"helipad"},"source":"mapped_osm_feature","source_id":"osm_western_zone_20260915","source_sha256":"c335a72cadfebc3ffde5cfff20fc9711f3112bc11000d43fde4daea10c36b53e","status":"unverified_operation_and_station_identity"},"type":"Feature"},{"geometry":{"coordinates":[[[[73.5119667,18.5840307],[73.5118984,18.584],[73.5118421,18.5839798],[73.5117366,18.5842956],[73.512023,18.5842788],[73.5120246,18.5841062],[73.5120046,18.5840656],[73.5119667,18.5840307]]]],"type":"MultiPolygon"},"id":"way/1041037656","properties":{"all_driver_tags":{"aeroway":"helipad","building":"yes"},"boarding_coordinate_status":"not_derived_from_area","extent_intersection_status":"intersects_research_envelope","geometry_status":"valid","name":"","osm_object_id":"1041037656","osm_object_type":"way","selected_tags":{"aeroway":"helipad"},"source":"mapped_osm_feature","source_id":"osm_western_zone_20260915","source_sha256":"c335a72cadfebc3ffde5cfff20fc9711f3112bc11000d43fde4daea10c36b53e","status":"unverified_operation_and_station_identity"},"type":"Feature"},{"geometry":{"coordinates":[[[[72.9598752,18.3344511],[72.9610929,18.3347999],[72.9611278,18.3341939],[72.9614255,18.3335116],[72.9605618,18.3332824],[72.9603714,18.3337968],[72.9601809,18.3337535],[72.9600254,18.3341685],[72.9599771,18.3341608],[72.9598752,18.3344511]]]],"type":"MultiPolygon"},"id":"way/1043662044","properties":{"all_driver_tags":{"amenity":"bus_station","name":"Murud Bus Stand"},"boarding_coordinate_status":"not_derived_from_area","extent_intersection_status":"intersects_research_envelope","geometry_status":"valid","name":"Murud Bus Stand","osm_object_id":"1043662044","osm_object_type":"way","selected_tags":{"amenity":"bus_station"},"source":"mapped_osm_feature","source_id":"osm_western_zone_20260915","source_sha256":"c335a72cadfebc3ffde5cfff20fc9711f3112bc11000d43fde4daea10c36b53e","status":"unverified_operation_and_station_identity"},"type":"Feature"},{"geometry":{"coordinates":[[[[73.0917454,18.9851091],[73.091847,18.9855519],[73.0923061,18.9854616],[73.0922322,18.9851411],[73.0917454,18.9851091]]]],"type":"MultiPolygon"},"id":"way/1047449727","properties":{"all_driver_tags":{"amenity":"bus_station","bus":"yes","public_transport":"station"},"boarding_coordinate_status":"not_derived_from_area","extent_intersection_status":"intersects_research_envelope","geometry_status":"valid","name":"","osm_object_id":"1047449727","osm_object_type":"way","selected_tags":{"amenity":"bus_station","public_transport":"station"},"source":"mapped_osm_feature","source_id":"osm_western_zone_20260915","source_sha256":"c335a72cadfebc3ffde5cfff20fc9711f3112bc11000d43fde4daea10c36b53e","status":"unverified_operation_and_station_identity"},"type":"Feature"},{"geometry":{"coordinates":[[[[72.80827,18.8955563],[72.8087099,18.8955792],[72.808753,18.894836],[72.8083131,18.8948131],[72.80827,18.8955563]]]],"type":"MultiPolygon"},"id":"way/1050345083","properties":{"all_driver_tags":{"aeroway":"helipad","name":"Kunjali Helipad"},"boarding_coordinate_status":"not_derived_from_area","extent_intersection_status":"intersects_research_envelope","geometry_status":"valid","name":"Kunjali Helipad","osm_object_id":"1050345083","osm_object_type":"way","selected_tags":{"aeroway":"helipad"},"source":"mapped_osm_feature","source_id":"osm_western_zone_20260915","source_sha256":"c335a72cadfebc3ffde5cfff20fc9711f3112bc11000d43fde4daea10c36b53e","status":"unverified_operation_and_station_identity"},"type":"Feature"},{"geometry":{"coordinates":[[[[72.8072307,18.8959903],[72.8073688,18.8958367],[72.8072555,18.8957455],[72.8071173,18.895899],[72.8072307,18.8959903]]]],"type":"MultiPolygon"},"id":"way/1050345084","properties":{"all_driver_tags":{"aeroway":"helipad","name":"INS Kunjali Helipad","operator":"Indian Navy","surface":"paved"},"boarding_coordinate_status":"not_derived_from_area","extent_intersection_status":"intersects_research_envelope","geometry_status":"valid","name":"INS Kunjali Helipad","osm_object_id":"1050345084","osm_object_type":"way","selected_tags":{"aeroway":"helipad"},"source":"mapped_osm_feature","source_id":"osm_western_zone_20260915","source_sha256":"c335a72cadfebc3ffde5cfff20fc9711f3112bc11000d43fde4daea10c36b53e","status":"unverified_operation_and_station_identity"},"type":"Feature"},{"geometry":{"coordinates":[[[[72.969914,19.2279682],[72.9699393,19.2278575],[72.9699689,19.2278636],[72.9699437,19.2279742],[72.969914,19.2279682]]]],"type":"MultiPolygon"},"id":"way/1051774528","properties":{"all_driver_tags":{"amenity":"bicycle_rental"},"boarding_coordinate_status":"not_derived_from_area","extent_intersection_status":"intersects_research_envelope","geometry_status":"valid","name":"","osm_object_id":"1051774528","osm_object_type":"way","selected_tags":{"amenity":"bicycle_rental"},"source":"mapped_osm_feature","source_id":"osm_western_zone_20260915","source_sha256":"c335a72cadfebc3ffde5cfff20fc9711f3112bc11000d43fde4daea10c36b53e","status":"unverified_operation_and_station_identity"},"type":"Feature"},{"geometry":{"coordinates":[[[[73.0374537,18.9994402],[73.0374813,18.9992498],[73.0374865,18.9992134],[73.0374929,18.9991691],[73.037521,18.9989753],[73.0377291,18.9990023],[73.0377602,18.9990063],[73.0377963,18.999011],[73.0380101,18.9990387],[73.0379428,18.9995036],[73.0374537,18.9994402]]]],"type":"MultiPolygon"},"id":"way/1064335313","properties":{"all_driver_tags":{"aeroway":"helipad"},"boarding_coordinate_status":"not_derived_from_area","extent_intersection_status":"intersects_research_envelope","geometry_status":"valid","name":"","osm_object_id":"1064335313","osm_object_type":"way","selected_tags":{"aeroway":"helipad"},"source":"mapped_osm_feature","source_id":"osm_western_zone_20260915","source_sha256":"c335a72cadfebc3ffde5cfff20fc9711f3112bc11000d43fde4daea10c36b53e","status":"unverified_operation_and_station_identity"},"type":"Feature"},{"geometry":{"coordinates":[[[[73.0371055,18.9988279],[73.0372559,18.9988465],[73.0372926,18.998851],[73.0373386,18.9988567],[73.0374893,18.9988754],[73.0375404,18.9985057],[73.0371566,18.9984583],[73.0371055,18.9988279]]]],"type":"MultiPolygon"},"id":"way/1064335314","properties":{"all_driver_tags":{"aeroway":"helipad"},"boarding_coordinate_status":"not_derived_from_area","extent_intersection_status":"intersects_research_envelope","geometry_status":"valid","name":"","osm_object_id":"1064335314","osm_object_type":"way","selected_tags":{"aeroway":"helipad"},"source":"mapped_osm_feature","source_id":"osm_western_zone_20260915","source_sha256":"c335a72cadfebc3ffde5cfff20fc9711f3112bc11000d43fde4daea10c36b53e","status":"unverified_operation_and_station_identity"},"type":"Feature"},{"geometry":{"coordinates":[[[[73.0373996,18.9995345],[73.0372463,18.9995147],[73.037203,18.9995092],[73.0371631,18.999504],[73.0370133,18.9994847],[73.0369645,18.9998237],[73.0373508,18.9998734],[73.0373996,18.9995345]]]],"type":"MultiPolygon"},"id":"way/1064335315","properties":{"all_driver_tags":{"aeroway":"helipad"},"boarding_coordinate_status":"not_derived_from_area","extent_intersection_status":"intersects_research_envelope","geometry_status":"valid","name":"","osm_object_id":"1064335315","osm_object_type":"way","selected_tags":{"aeroway":"helipad"},"source":"mapped_osm_feature","source_id":"osm_western_zone_20260915","source_sha256":"c335a72cadfebc3ffde5cfff20fc9711f3112bc11000d43fde4daea10c36b53e","status":"unverified_operation_and_station_identity"},"type":"Feature"},{"geometry":{"coordinates":[[[[73.0651795,19.3027128],[73.0651916,19.3023061],[73.0652888,19.3023004],[73.0652857,19.302425],[73.0655467,19.3024264],[73.0655649,19.3023104],[73.0657045,19.3023205],[73.065665,19.3028288],[73.0655786,19.3028202],[73.0655937,19.3026427],[73.0655452,19.3026398],[73.0655406,19.3027057],[73.0653085,19.3026971],[73.0653085,19.3025739],[73.0652827,19.3025725],[73.0652781,19.3027171],[73.0651795,19.3027128]]]],"type":"MultiPolygon"},"id":"way/1079706850","properties":{"all_driver_tags":{"amenity":"bus_station","building":"yes","bus":"yes","name":"Bhiwandi ST Stand","public_transport":"station"},"boarding_coordinate_status":"not_derived_from_area","extent_intersection_status":"intersects_research_envelope","geometry_status":"valid","name":"Bhiwandi ST Stand","osm_object_id":"1079706850","osm_object_type":"way","selected_tags":{"amenity":"bus_station","public_transport":"station"},"source":"mapped_osm_feature","source_id":"osm_western_zone_20260915","source_sha256":"c335a72cadfebc3ffde5cfff20fc9711f3112bc11000d43fde4daea10c36b53e","status":"unverified_operation_and_station_identity"},"type":"Feature"},{"geometry":{"coordinates":[[[[72.9961105,19.0685093],[72.9966314,19.0684688],[72.996613,19.0682575],[72.996092,19.0682964],[72.9961105,19.0685093]]]],"type":"MultiPolygon"},"id":"way/1080713426","properties":{"all_driver_tags":{"amenity":"bus_station","building":"no","bus":"yes","name":"Vashi Highway","public_transport":"station"},"boarding_coordinate_status":"not_derived_from_area","extent_intersection_status":"intersects_research_envelope","geometry_status":"valid","name":"Vashi Highway","osm_object_id":"1080713426","osm_object_type":"way","selected_tags":{"amenity":"bus_station","public_transport":"station"},"source":"mapped_osm_feature","source_id":"osm_western_zone_20260915","source_sha256":"c335a72cadfebc3ffde5cfff20fc9711f3112bc11000d43fde4daea10c36b53e","status":"unverified_operation_and_station_identity"},"type":"Feature"},{"geometry":{"coordinates":[[[[73.785193,18.6143703],[73.7850732,18.6140613],[73.7851138,18.6140472],[73.7851461,18.6140359],[73.7852659,18.6143449],[73.785193,18.6143703]]]],"type":"MultiPolygon"},"id":"way/1089388118","properties":{"all_driver_tags":{"amenity":"bus_station","building":"yes","bus":"yes","name":"M M School","name:en":"M M School","name:mr":"एम एम शाळा","public_transport":"station"},"boarding_coordinate_status":"not_derived_from_area","extent_intersection_status":"intersects_research_envelope","geometry_status":"valid","name":"M M School","osm_object_id":"1089388118","osm_object_type":"way","selected_tags":{"amenity":"bus_station","public_transport":"station"},"source":"mapped_osm_feature","source_id":"osm_western_zone_20260915","source_sha256":"c335a72cadfebc3ffde5cfff20fc9711f3112bc11000d43fde4daea10c36b53e","status":"unverified_operation_and_station_identity"},"type":"Feature"},{"geometry":{"coordinates":[[[[72.9828097,19.2082856],[72.9827664,19.2082873],[72.9827688,19.2083438],[72.9827714,19.2083961],[72.9828143,19.2083944],[72.9828097,19.2082856]]]],"type":"MultiPolygon"},"id":"way/1109686323","properties":{"all_driver_tags":{"addr:city":"Thane","addr:postcode":"400601","addr:street":"Hathyogi Nikam Guruji Marg","amenity":"bus_stop","bench":"yes","building":"yes","bus":"yes","highway":"bus_stop","internet_access":"no","name":"Vrindavan Society","network":"Thane Municipal Transport","network:hi":"ठाणे नगरपालिका परिवहन","network:wikidata":"Q7710243","operator":"Thane Municipal Transport","public_transport":"platform","shelter":"yes"},"boarding_coordinate_status":"not_derived_from_area","extent_intersection_status":"intersects_research_envelope","geometry_status":"valid","name":"Vrindavan Society","osm_object_id":"1109686323","osm_object_type":"way","selected_tags":{"public_transport":"platform"},"source":"mapped_osm_feature","source_id":"osm_western_zone_20260915","source_sha256":"c335a72cadfebc3ffde5cfff20fc9711f3112bc11000d43fde4daea10c36b53e","status":"unverified_operation_and_station_identity"},"type":"Feature"},{"geometry":{"coordinates":[[[[73.7939808,18.5716556],[73.7941927,18.5716836],[73.7941685,18.5713836],[73.794013,18.5713658],[73.7939808,18.5716556]]]],"type":"MultiPolygon"},"id":"way/1109900435","properties":{"all_driver_tags":{"addr:city":"Pune","addr:postcode":"411027","amenity":"bus_station","bus":"yes","internet_access":"no","name":"Pimple Nilakh Bus Stand","name:en":"Pimple Nilakh Bus Stand","operator":"PMP","public_transport":"station"},"boarding_coordinate_status":"not_derived_from_area","extent_intersection_status":"intersects_research_envelope","geometry_status":"valid","name":"Pimple Nilakh Bus Stand","osm_object_id":"1109900435","osm_object_type":"way","selected_tags":{"amenity":"bus_station","public_transport":"station"},"source":"mapped_osm_feature","source_id":"osm_western_zone_20260915","source_sha256":"c335a72cadfebc3ffde5cfff20fc9711f3112bc11000d43fde4daea10c36b53e","status":"unverified_operation_and_station_identity"},"type":"Feature"},{"geometry":{"coordinates":[[[[73.747658,18.5226252],[73.7476411,18.5226239],[73.7476248,18.522628],[73.7476107,18.522637],[73.7476006,18.5226498],[73.7475956,18.5226651],[73.7475962,18.5226812],[73.7476023,18.5226961],[73.7476134,18.5227083],[73.7476272,18.522716],[73.747643,18.5227192],[73.747659,18.5227175],[73.7476737,18.5227111],[73.7476854,18.5227007],[73.7476931,18.5226872],[73.7476959,18.5226722],[73.7476935,18.522657],[73.7476858,18.5226428],[73.7476734,18.5226318],[73.747658,18.5226252]]]],"type":"MultiPolygon"},"id":"way/1117973881","properties":{"all_driver_tags":{"aeroway":"helipad"},"boarding_coordinate_status":"not_derived_from_area","extent_intersection_status":"intersects_research_envelope","geometry_status":"valid","name":"","osm_object_id":"1117973881","osm_object_type":"way","selected_tags":{"aeroway":"helipad"},"source":"mapped_osm_feature","source_id":"osm_western_zone_20260915","source_sha256":"c335a72cadfebc3ffde5cfff20fc9711f3112bc11000d43fde4daea10c36b53e","status":"unverified_operation_and_station_identity"},"type":"Feature"},{"geometry":{"coordinates":[[[[73.7480327,18.5219764],[73.7480163,18.5219818],[73.7480028,18.5219921],[73.7479938,18.5220061],[73.7479904,18.5220222],[73.7479929,18.5220384],[73.748001,18.5220529],[73.7480138,18.5220639],[73.7480281,18.5220698],[73.7480436,18.5220712],[73.7480589,18.5220681],[73.7480724,18.5220607],[73.7480828,18.5220498],[73.7480893,18.5220363],[73.7480911,18.5220217],[73.7480881,18.5220072],[73.7480794,18.5219929],[73.7480662,18.5219823],[73.74805,18.5219766],[73.7480327,18.5219764]]]],"type":"MultiPolygon"},"id":"way/1117973882","properties":{"all_driver_tags":{"aeroway":"helipad"},"boarding_coordinate_status":"not_derived_from_area","extent_intersection_status":"intersects_research_envelope","geometry_status":"valid","name":"","osm_object_id":"1117973882","osm_object_type":"way","selected_tags":{"aeroway":"helipad"},"source":"mapped_osm_feature","source_id":"osm_western_zone_20260915","source_sha256":"c335a72cadfebc3ffde5cfff20fc9711f3112bc11000d43fde4daea10c36b53e","status":"unverified_operation_and_station_identity"},"type":"Feature"},{"geometry":{"coordinates":[[[[73.7473359,18.5232068],[73.7475625,18.5231743],[73.7475276,18.5229556],[73.747301,18.5229881],[73.7473359,18.5232068]]]],"type":"MultiPolygon"},"id":"way/1117973883","properties":{"all_driver_tags":{"aeroway":"helipad"},"boarding_coordinate_status":"not_derived_from_area","extent_intersection_status":"intersects_research_envelope","geometry_status":"valid","name":"","osm_object_id":"1117973883","osm_object_type":"way","selected_tags":{"aeroway":"helipad"},"source":"mapped_osm_feature","source_id":"osm_western_zone_20260915","source_sha256":"c335a72cadfebc3ffde5cfff20fc9711f3112bc11000d43fde4daea10c36b53e","status":"unverified_operation_and_station_identity"},"type":"Feature"},{"geometry":{"coordinates":[[[[72.9287106,19.1105876],[72.9294214,19.1103595],[72.9292685,19.1106053],[72.9287669,19.110765],[72.9287106,19.1105876]]]],"type":"MultiPolygon"},"id":"way/1120016077","properties":{"all_driver_tags":{"amenity":"bus_station","bus":"yes","name":"Vikhroli Station (E)","public_transport":"station"},"boarding_coordinate_status":"not_derived_from_area","extent_intersection_status":"intersects_research_envelope","geometry_status":"valid","name":"Vikhroli Station (E)","osm_object_id":"1120016077","osm_object_type":"way","selected_tags":{"amenity":"bus_station","public_transport":"station"},"source":"mapped_osm_feature","source_id":"osm_western_zone_20260915","source_sha256":"c335a72cadfebc3ffde5cfff20fc9711f3112bc11000d43fde4daea10c36b53e","status":"unverified_operation_and_station_identity"},"type":"Feature"},{"geometry":{"coordinates":[[[[72.95636,19.1725765],[72.9562689,19.1726647],[72.956718,19.1730327],[72.9567718,19.1729838],[72.95636,19.1725765]]]],"type":"MultiPolygon"},"id":"way/1122104214","properties":{"all_driver_tags":{"amenity":"bus_station","bus":"yes","name":"Mulund Railway Station (W)","operator":"BEST","public_transport":"station"},"boarding_coordinate_status":"not_derived_from_area","extent_intersection_status":"intersects_research_envelope","geometry_status":"valid","name":"Mulund Railway Station (W)","osm_object_id":"1122104214","osm_object_type":"way","selected_tags":{"amenity":"bus_station","public_transport":"station"},"source":"mapped_osm_feature","source_id":"osm_western_zone_20260915","source_sha256":"c335a72cadfebc3ffde5cfff20fc9711f3112bc11000d43fde4daea10c36b53e","status":"unverified_operation_and_station_identity"},"type":"Feature"},{"geometry":{"coordinates":[[[[72.9377107,19.1443966],[72.9376736,19.1443218],[72.9382315,19.1440747],[72.9382686,19.1441496],[72.9377107,19.1443966]]]],"type":"MultiPolygon"},"id":"way/1122111841","properties":{"all_driver_tags":{"amenity":"bus_station","bus":"yes","name":"Bhandup Railway Station (W)","public_transport":"station"},"boarding_coordinate_status":"not_derived_from_area","extent_intersection_status":"intersects_research_envelope","geometry_status":"valid","name":"Bhandup Railway Station (W)","osm_object_id":"1122111841","osm_object_type":"way","selected_tags":{"amenity":"bus_station","public_transport":"station"},"source":"mapped_osm_feature","source_id":"osm_western_zone_20260915","source_sha256":"c335a72cadfebc3ffde5cfff20fc9711f3112bc11000d43fde4daea10c36b53e","status":"unverified_operation_and_station_identity"},"type":"Feature"},{"geometry":{"coordinates":[[[[72.8768554,19.1023328],[72.8768232,19.1030425],[72.8770901,19.1030515],[72.8776431,19.102435],[72.8768554,19.1023328]]]],"type":"MultiPolygon"},"id":"way/1122124234","properties":{"all_driver_tags":{"amenity":"taxi","name":"Airport Taxi Parking"},"boarding_coordinate_status":"not_derived_from_area","extent_intersection_status":"intersects_research_envelope","geometry_status":"valid","name":"Airport Taxi Parking","osm_object_id":"1122124234","osm_object_type":"way","selected_tags":{"amenity":"taxi"},"source":"mapped_osm_feature","source_id":"osm_western_zone_20260915","source_sha256":"c335a72cadfebc3ffde5cfff20fc9711f3112bc11000d43fde4daea10c36b53e","status":"unverified_operation_and_station_identity"},"type":"Feature"},{"geometry":{"coordinates":[[[[72.8531457,19.3124199],[72.8538744,19.3121387],[72.8538461,19.312074],[72.8531159,19.312358],[72.8531457,19.3124199]]]],"type":"MultiPolygon"},"id":"way/1122265495","properties":{"all_driver_tags":{"amenity":"bus_station","bus":"yes","public_transport":"station"},"boarding_coordinate_status":"not_derived_from_area","extent_intersection_status":"intersects_research_envelope","geometry_status":"valid","name":"","osm_object_id":"1122265495","osm_object_type":"way","selected_tags":{"amenity":"bus_station","public_transport":"station"},"source":"mapped_osm_feature","source_id":"osm_western_zone_20260915","source_sha256":"c335a72cadfebc3ffde5cfff20fc9711f3112bc11000d43fde4daea10c36b53e","status":"unverified_operation_and_station_identity"},"type":"Feature"},{"geometry":{"coordinates":[[[[72.8943542,19.1389399],[72.8945929,19.1390666],[72.8945366,19.1392617],[72.8944078,19.1392997],[72.8942844,19.139135],[72.8943542,19.1389399]]]],"type":"MultiPolygon"},"id":"way/1122440948","properties":{"all_driver_tags":{"amenity":"bus_station","name":"Filter Pada"},"boarding_coordinate_status":"not_derived_from_area","extent_intersection_status":"intersects_research_envelope","geometry_status":"valid","name":"Filter Pada","osm_object_id":"1122440948","osm_object_type":"way","selected_tags":{"amenity":"bus_station"},"source":"mapped_osm_feature","source_id":"osm_western_zone_20260915","source_sha256":"c335a72cadfebc3ffde5cfff20fc9711f3112bc11000d43fde4daea10c36b53e","status":"unverified_operation_and_station_identity"},"type":"Feature"},{"geometry":{"coordinates":[[[[72.9076418,19.0848793],[72.9078376,19.0849875],[72.9078551,19.0849592],[72.9076593,19.084851],[72.9068547,19.0844049],[72.9068372,19.0844331],[72.9076418,19.0848793]]]],"type":"MultiPolygon"},"id":"way/1122483527","properties":{"all_driver_tags":{"amenity":"bus_station","bus":"yes","name":"Ghatkopar Station (E)","public_transport":"station"},"boarding_coordinate_status":"not_derived_from_area","extent_intersection_status":"intersects_research_envelope","geometry_status":"valid","name":"Ghatkopar Station (E)","osm_object_id":"1122483527","osm_object_type":"way","selected_tags":{"amenity":"bus_station","public_transport":"station"},"source":"mapped_osm_feature","source_id":"osm_western_zone_20260915","source_sha256":"c335a72cadfebc3ffde5cfff20fc9711f3112bc11000d43fde4daea10c36b53e","status":"unverified_operation_and_station_identity"},"type":"Feature"},{"geometry":{"coordinates":[[[[72.9384121,19.1204562],[72.9385328,19.1207932],[72.9387447,19.1206538],[72.9385892,19.1203675],[72.9384121,19.1204562]]]],"type":"MultiPolygon"},"id":"way/1123726009","properties":{"all_driver_tags":{"amenity":"bus_station","bus":"yes","name":"Kannamwar Nagar","public_transport":"station"},"boarding_coordinate_status":"not_derived_from_area","extent_intersection_status":"intersects_research_envelope","geometry_status":"valid","name":"Kannamwar Nagar","osm_object_id":"1123726009","osm_object_type":"way","selected_tags":{"amenity":"bus_station","public_transport":"station"},"source":"mapped_osm_feature","source_id":"osm_western_zone_20260915","source_sha256":"c335a72cadfebc3ffde5cfff20fc9711f3112bc11000d43fde4daea10c36b53e","status":"unverified_operation_and_station_identity"},"type":"Feature"},{"geometry":{"coordinates":[[[[73.7222043,18.6577512],[73.7221506,18.6578486],[73.7223771,18.657895],[73.7224401,18.6578065],[73.722328,18.6577888],[73.7222043,18.6577512]]]],"type":"MultiPolygon"},"id":"way/1137491625","properties":{"all_driver_tags":{"addr:city":"Ravet","addr:housenumber":"In front of ICICI ATM","addr:postcode":"412101","addr:street":"Kiwale Goan","amenity":"bus_station","building":"no","bus":"yes","internet_access":"no","name":"Kiwale Goan Bus Stop","operator":"PMPL","public_transport":"station","wheelchair":"limited"},"boarding_coordinate_status":"not_derived_from_area","extent_intersection_status":"intersects_research_envelope","geometry_status":"valid","name":"Kiwale Goan Bus Stop","osm_object_id":"1137491625","osm_object_type":"way","selected_tags":{"amenity":"bus_station","public_transport":"station"},"source":"mapped_osm_feature","source_id":"osm_western_zone_20260915","source_sha256":"c335a72cadfebc3ffde5cfff20fc9711f3112bc11000d43fde4daea10c36b53e","status":"unverified_operation_and_station_identity"},"type":"Feature"},{"geometry":{"coordinates":[[[[72.8506261,19.0612483],[72.8510204,19.0614739],[72.850728,19.06173],[72.8505564,19.0618314],[72.8503559,19.0615949],[72.8506261,19.0612483]]]],"type":"MultiPolygon"},"id":"way/1149824741","properties":{"all_driver_tags":{"amenity":"bus_station","bus":"yes","name":"Bandra Colony","public_transport":"station"},"boarding_coordinate_status":"not_derived_from_area","extent_intersection_status":"intersects_research_envelope","geometry_status":"valid","name":"Bandra Colony","osm_object_id":"1149824741","osm_object_type":"way","selected_tags":{"amenity":"bus_station","public_transport":"station"},"source":"mapped_osm_feature","source_id":"osm_western_zone_20260915","source_sha256":"c335a72cadfebc3ffde5cfff20fc9711f3112bc11000d43fde4daea10c36b53e","status":"unverified_operation_and_station_identity"},"type":"Feature"},{"geometry":{"coordinates":[[[[72.8661172,19.0627289],[72.8661378,19.0627025],[72.8661648,19.062682],[72.8661965,19.0626686],[72.8662307,19.0626633],[72.8662652,19.0626663],[72.8662977,19.0626775],[72.8663262,19.0626961],[72.8663488,19.0627209],[72.866364,19.0627504],[72.8663709,19.0627857],[72.8663672,19.0628214],[72.8663532,19.0628547],[72.86633,19.0628831],[72.8662994,19.0629042],[72.8662637,19.0629165],[72.8662258,19.062919],[72.8661926,19.0629127],[72.866162,19.0628988],[72.866136,19.0628782],[72.8661163,19.0628521],[72.8661041,19.0628222],[72.8661,19.0627904],[72.8661045,19.0627586],[72.8661172,19.0627289]]]],"type":"MultiPolygon"},"id":"way/1159113179","properties":{"all_driver_tags":{"aeroway":"helipad"},"boarding_coordinate_status":"not_derived_from_area","extent_intersection_status":"intersects_research_envelope","geometry_status":"valid","name":"","osm_object_id":"1159113179","osm_object_type":"way","selected_tags":{"aeroway":"helipad"},"source":"mapped_osm_feature","source_id":"osm_western_zone_20260915","source_sha256":"c335a72cadfebc3ffde5cfff20fc9711f3112bc11000d43fde4daea10c36b53e","status":"unverified_operation_and_station_identity"},"type":"Feature"},{"geometry":{"coordinates":[[[[72.8421843,19.0815072],[72.8425929,19.0814446],[72.8425097,19.081148],[72.8420119,19.0812297],[72.8421843,19.0815072]]]],"type":"MultiPolygon"},"id":"way/1170043439","properties":{"all_driver_tags":{"amenity":"bus_station","bus":"yes","name":"Santa Cruz Station (E)","public_transport":"station"},"boarding_coordinate_status":"not_derived_from_area","extent_intersection_status":"intersects_research_envelope","geometry_status":"valid","name":"Santa Cruz Station (E)","osm_object_id":"1170043439","osm_object_type":"way","selected_tags":{"amenity":"bus_station","public_transport":"station"},"source":"mapped_osm_feature","source_id":"osm_western_zone_20260915","source_sha256":"c335a72cadfebc3ffde5cfff20fc9711f3112bc11000d43fde4daea10c36b53e","status":"unverified_operation_and_station_identity"},"type":"Feature"},{"geometry":{"coordinates":[[[[73.2951012,17.9900144],[73.2950488,17.9900812],[73.2950476,17.9901645],[73.2950982,17.9902326],[73.2951811,17.9902594],[73.2952648,17.9902347],[73.2953172,17.9901679],[73.2953184,17.9900846],[73.2952678,17.9900165],[73.2951849,17.9899897],[73.2951012,17.9900144]]]],"type":"MultiPolygon"},"id":"way/1177470777","properties":{"all_driver_tags":{"aeroway":"helipad"},"boarding_coordinate_status":"not_derived_from_area","extent_intersection_status":"intersects_research_envelope","geometry_status":"valid","name":"","osm_object_id":"1177470777","osm_object_type":"way","selected_tags":{"aeroway":"helipad"},"source":"mapped_osm_feature","source_id":"osm_western_zone_20260915","source_sha256":"c335a72cadfebc3ffde5cfff20fc9711f3112bc11000d43fde4daea10c36b53e","status":"unverified_operation_and_station_identity"},"type":"Feature"},{"geometry":{"coordinates":[[[[73.2934375,17.9894644],[73.293369,17.9894986],[73.2933396,17.9895667],[73.2933631,17.9896368],[73.2934285,17.9896761],[73.2935052,17.9896663],[73.2935573,17.9896119],[73.2935604,17.9895383],[73.2935131,17.9894801],[73.2934375,17.9894644]]]],"type":"MultiPolygon"},"id":"way/1177470780","properties":{"all_driver_tags":{"aeroway":"helipad"},"boarding_coordinate_status":"not_derived_from_area","extent_intersection_status":"intersects_research_envelope","geometry_status":"valid","name":"","osm_object_id":"1177470780","osm_object_type":"way","selected_tags":{"aeroway":"helipad"},"source":"mapped_osm_feature","source_id":"osm_western_zone_20260915","source_sha256":"c335a72cadfebc3ffde5cfff20fc9711f3112bc11000d43fde4daea10c36b53e","status":"unverified_operation_and_station_identity"},"type":"Feature"},{"geometry":{"coordinates":[[[[73.2940085,17.9902752],[73.2940046,17.9903096],[73.2940003,17.9903535],[73.294038,17.9904235],[73.2941095,17.990463],[73.2941921,17.9904596],[73.2942596,17.9904142],[73.2942906,17.9903412],[73.2942752,17.990264],[73.2942183,17.9902069],[73.294138,17.9901881],[73.2940598,17.9902135],[73.2940085,17.9902752]]]],"type":"MultiPolygon"},"id":"way/1177470781","properties":{"all_driver_tags":{"aeroway":"helipad"},"boarding_coordinate_status":"not_derived_from_area","extent_intersection_status":"intersects_research_envelope","geometry_status":"valid","name":"","osm_object_id":"1177470781","osm_object_type":"way","selected_tags":{"aeroway":"helipad"},"source":"mapped_osm_feature","source_id":"osm_western_zone_20260915","source_sha256":"c335a72cadfebc3ffde5cfff20fc9711f3112bc11000d43fde4daea10c36b53e","status":"unverified_operation_and_station_identity"},"type":"Feature"},{"geometry":{"coordinates":[[[[73.2934586,17.9900711],[73.2934505,17.9901494],[73.2934881,17.9902194],[73.2935596,17.9902589],[73.2936422,17.9902555],[73.2937097,17.9902101],[73.2937143,17.9901993],[73.2937407,17.9901372],[73.2937253,17.9900599],[73.2936685,17.9900028],[73.2935882,17.989984],[73.29351,17.9900095],[73.2934586,17.9900711]]]],"type":"MultiPolygon"},"id":"way/1177470782","properties":{"all_driver_tags":{"aeroway":"helipad"},"boarding_coordinate_status":"not_derived_from_area","extent_intersection_status":"intersects_research_envelope","geometry_status":"valid","name":"","osm_object_id":"1177470782","osm_object_type":"way","selected_tags":{"aeroway":"helipad"},"source":"mapped_osm_feature","source_id":"osm_western_zone_20260915","source_sha256":"c335a72cadfebc3ffde5cfff20fc9711f3112bc11000d43fde4daea10c36b53e","status":"unverified_operation_and_station_identity"},"type":"Feature"},{"geometry":{"coordinates":[[[[73.2939438,17.9897121],[73.2939356,17.9897903],[73.2939733,17.9898604],[73.2940299,17.9898917],[73.2940448,17.9898999],[73.2941274,17.9898964],[73.2941949,17.989851],[73.2942259,17.9897781],[73.2942105,17.9897008],[73.2941536,17.9896437],[73.2940733,17.9896249],[73.2939951,17.9896504],[73.2939438,17.9897121]]]],"type":"MultiPolygon"},"id":"way/1177470783","properties":{"all_driver_tags":{"aeroway":"helipad"},"boarding_coordinate_status":"not_derived_from_area","extent_intersection_status":"intersects_research_envelope","geometry_status":"valid","name":"","osm_object_id":"1177470783","osm_object_type":"way","selected_tags":{"aeroway":"helipad"},"source":"mapped_osm_feature","source_id":"osm_western_zone_20260915","source_sha256":"c335a72cadfebc3ffde5cfff20fc9711f3112bc11000d43fde4daea10c36b53e","status":"unverified_operation_and_station_identity"},"type":"Feature"},{"geometry":{"coordinates":[[[[72.826687,19.1306736],[72.8268611,19.1307421],[72.8270142,19.1303952],[72.8268401,19.1303266],[72.826687,19.1306736]]]],"type":"MultiPolygon"},"id":"way/1188076464","properties":{"all_driver_tags":{"building":"yes","layer":"1","railway":"workshop"},"boarding_coordinate_status":"not_derived_from_area","extent_intersection_status":"intersects_research_envelope","geometry_status":"valid","name":"","osm_object_id":"1188076464","osm_object_type":"way","selected_tags":{"railway":"workshop"},"source":"mapped_osm_feature","source_id":"osm_western_zone_20260915","source_sha256":"c335a72cadfebc3ffde5cfff20fc9711f3112bc11000d43fde4daea10c36b53e","status":"unverified_operation_and_station_identity"},"type":"Feature"},{"geometry":{"coordinates":[[[[72.8289597,19.1303084],[72.8285916,19.1303821],[72.8282754,19.1289396],[72.8286418,19.1288655],[72.8289597,19.1303084]]]],"type":"MultiPolygon"},"id":"way/1188168081","properties":{"all_driver_tags":{"building":"yes","building:levels":"3","layer":"1","railway":"workshop"},"boarding_coordinate_status":"not_derived_from_area","extent_intersection_status":"intersects_research_envelope","geometry_status":"valid","name":"","osm_object_id":"1188168081","osm_object_type":"way","selected_tags":{"railway":"workshop"},"source":"mapped_osm_feature","source_id":"osm_western_zone_20260915","source_sha256":"c335a72cadfebc3ffde5cfff20fc9711f3112bc11000d43fde4daea10c36b53e","status":"unverified_operation_and_station_identity"},"type":"Feature"},{"geometry":{"coordinates":[[[[72.8289026,19.1303644],[72.8290247,19.1303397],[72.8290803,19.1305853],[72.8289582,19.13061],[72.8289026,19.1303644]]]],"type":"MultiPolygon"},"id":"way/1188234450","properties":{"all_driver_tags":{"building":"yes","layer":"1","railway":"workshop"},"boarding_coordinate_status":"not_derived_from_area","extent_intersection_status":"intersects_research_envelope","geometry_status":"valid","name":"","osm_object_id":"1188234450","osm_object_type":"way","selected_tags":{"railway":"workshop"},"source":"mapped_osm_feature","source_id":"osm_western_zone_20260915","source_sha256":"c335a72cadfebc3ffde5cfff20fc9711f3112bc11000d43fde4daea10c36b53e","status":"unverified_operation_and_station_identity"},"type":"Feature"},{"geometry":{"coordinates":[[[[72.8263318,19.1299485],[72.826246,19.1299673],[72.8265677,19.1312827],[72.8266533,19.131264],[72.8263318,19.1299485]]]],"type":"MultiPolygon"},"id":"way/1188235634","properties":{"all_driver_tags":{"building":"yes","layer":"1","railway":"workshop"},"boarding_coordinate_status":"not_derived_from_area","extent_intersection_status":"intersects_research_envelope","geometry_status":"valid","name":"","osm_object_id":"1188235634","osm_object_type":"way","selected_tags":{"railway":"workshop"},"source":"mapped_osm_feature","source_id":"osm_western_zone_20260915","source_sha256":"c335a72cadfebc3ffde5cfff20fc9711f3112bc11000d43fde4daea10c36b53e","status":"unverified_operation_and_station_identity"},"type":"Feature"},{"geometry":{"coordinates":[[[[73.7653032,18.9824249],[73.7652755,18.9824547],[73.7652595,18.9824914],[73.765257,18.982531],[73.7652683,18.9825692],[73.765292,18.9826019],[73.7653257,18.9826256],[73.7653657,18.9826376],[73.7654077,18.9826367],[73.765447,18.9826229],[73.7654795,18.9825978],[73.7655016,18.9825641],[73.765511,18.9825254],[73.7655066,18.982486],[73.7654888,18.98245],[73.7654597,18.9824215],[73.7654223,18.9824034],[73.7653808,18.9823978],[73.7653396,18.9824052],[73.7653032,18.9824249]]]],"type":"MultiPolygon"},"id":"way/1216995321","properties":{"all_driver_tags":{"aeroway":"helipad"},"boarding_coordinate_status":"not_derived_from_area","extent_intersection_status":"intersects_research_envelope","geometry_status":"valid","name":"","osm_object_id":"1216995321","osm_object_type":"way","selected_tags":{"aeroway":"helipad"},"source":"mapped_osm_feature","source_id":"osm_western_zone_20260915","source_sha256":"c335a72cadfebc3ffde5cfff20fc9711f3112bc11000d43fde4daea10c36b53e","status":"unverified_operation_and_station_identity"},"type":"Feature"},{"geometry":{"coordinates":[[[[72.8427326,19.2397903],[72.8439074,19.2410311],[72.8441113,19.2408615],[72.8429311,19.2396155],[72.8427326,19.2397903]]]],"type":"MultiPolygon"},"id":"way/1218500503","properties":{"all_driver_tags":{"building":"transportation","layer":"1","name":"Eksar","public_transport":"station","railway":"station","station":"subway","subway":"yes"},"boarding_coordinate_status":"not_derived_from_area","extent_intersection_status":"intersects_research_envelope","geometry_status":"valid","name":"Eksar","osm_object_id":"1218500503","osm_object_type":"way","selected_tags":{"public_transport":"station","railway":"station"},"source":"mapped_osm_feature","source_id":"osm_western_zone_20260915","source_sha256":"c335a72cadfebc3ffde5cfff20fc9711f3112bc11000d43fde4daea10c36b53e","status":"unverified_operation_and_station_identity"},"type":"Feature"},{"geometry":{"coordinates":[[[[72.9683221,19.2062333],[72.9683046,19.2062505],[72.9682944,19.2062723],[72.9682928,19.2062961],[72.9682998,19.206319],[72.9683147,19.2063383],[72.9683357,19.2063515],[72.9683602,19.2063572],[72.9683853,19.2063546],[72.9684079,19.2063441],[72.9684254,19.2063269],[72.9684356,19.2063051],[72.9684373,19.2062813],[72.9684303,19.2062584],[72.9684154,19.2062392],[72.9683944,19.2062259],[72.9683699,19.2062202],[72.9683448,19.2062228],[72.9683221,19.2062333]]]],"type":"MultiPolygon"},"id":"way/1221958013","properties":{"all_driver_tags":{"aeroway":"helipad"},"boarding_coordinate_status":"not_derived_from_area","extent_intersection_status":"intersects_research_envelope","geometry_status":"valid","name":"","osm_object_id":"1221958013","osm_object_type":"way","selected_tags":{"aeroway":"helipad"},"source":"mapped_osm_feature","source_id":"osm_western_zone_20260915","source_sha256":"c335a72cadfebc3ffde5cfff20fc9711f3112bc11000d43fde4daea10c36b53e","status":"unverified_operation_and_station_identity"},"type":"Feature"},{"geometry":{"coordinates":[[[[72.9686453,19.2064062],[72.9686278,19.2064234],[72.9686176,19.2064452],[72.968616,19.206469],[72.968623,19.2064919],[72.9686379,19.2065111],[72.9686589,19.2065244],[72.9686834,19.2065301],[72.9687085,19.2065275],[72.9687311,19.206517],[72.9687486,19.2064998],[72.9687588,19.206478],[72.9687605,19.2064542],[72.9687535,19.2064313],[72.9687386,19.2064121],[72.9687176,19.2063988],[72.9686931,19.2063931],[72.968668,19.2063957],[72.9686453,19.2064062]]]],"type":"MultiPolygon"},"id":"way/1221958014","properties":{"all_driver_tags":{"aeroway":"helipad"},"boarding_coordinate_status":"not_derived_from_area","extent_intersection_status":"intersects_research_envelope","geometry_status":"valid","name":"","osm_object_id":"1221958014","osm_object_type":"way","selected_tags":{"aeroway":"helipad"},"source":"mapped_osm_feature","source_id":"osm_western_zone_20260915","source_sha256":"c335a72cadfebc3ffde5cfff20fc9711f3112bc11000d43fde4daea10c36b53e","status":"unverified_operation_and_station_identity"},"type":"Feature"},{"geometry":{"coordinates":[[[[72.9688237,19.2066136],[72.9688062,19.2066308],[72.968796,19.2066526],[72.9687943,19.2066764],[72.9688014,19.2066993],[72.9688163,19.2067185],[72.9688372,19.2067318],[72.9688618,19.2067375],[72.9688869,19.2067349],[72.9689095,19.2067244],[72.968927,19.2067072],[72.9689372,19.2066854],[72.9689389,19.2066616],[72.9689318,19.2066387],[72.9689169,19.2066194],[72.968896,19.2066062],[72.9688714,19.2066005],[72.9688463,19.206603],[72.9688237,19.2066136]]]],"type":"MultiPolygon"},"id":"way/1221958015","properties":{"all_driver_tags":{"aeroway":"helipad"},"boarding_coordinate_status":"not_derived_from_area","extent_intersection_status":"intersects_research_envelope","geometry_status":"valid","name":"","osm_object_id":"1221958015","osm_object_type":"way","selected_tags":{"aeroway":"helipad"},"source":"mapped_osm_feature","source_id":"osm_western_zone_20260915","source_sha256":"c335a72cadfebc3ffde5cfff20fc9711f3112bc11000d43fde4daea10c36b53e","status":"unverified_operation_and_station_identity"},"type":"Feature"},{"geometry":{"coordinates":[[[[72.8344752,19.0923988],[72.8344664,19.0924266],[72.8344671,19.0924557],[72.8344772,19.0924831],[72.8344959,19.0925062],[72.8345211,19.0925227],[72.8345506,19.0925311],[72.8345813,19.0925304],[72.8346103,19.0925208],[72.8346347,19.0925032],[72.8346522,19.0924793],[72.834661,19.0924515],[72.8346603,19.0924225],[72.8346502,19.0923951],[72.8346315,19.092372],[72.8346063,19.0923554],[72.8345768,19.0923471],[72.8345461,19.0923477],[72.8345171,19.0923574],[72.8344927,19.092375],[72.8344752,19.0923988]]]],"type":"MultiPolygon"},"id":"way/1239665646","properties":{"all_driver_tags":{"aeroway":"helipad"},"boarding_coordinate_status":"not_derived_from_area","extent_intersection_status":"intersects_research_envelope","geometry_status":"valid","name":"","osm_object_id":"1239665646","osm_object_type":"way","selected_tags":{"aeroway":"helipad"},"source":"mapped_osm_feature","source_id":"osm_western_zone_20260915","source_sha256":"c335a72cadfebc3ffde5cfff20fc9711f3112bc11000d43fde4daea10c36b53e","status":"unverified_operation_and_station_identity"},"type":"Feature"},{"geometry":{"coordinates":[[[[72.8342539,19.0923735],[72.8342451,19.0924013],[72.8342458,19.0924303],[72.8342559,19.0924577],[72.8342746,19.0924808],[72.8342998,19.0924974],[72.8343293,19.0925057],[72.83436,19.092505],[72.834389,19.0924954],[72.8344134,19.0924778],[72.8344309,19.092454],[72.8344398,19.0924261],[72.8344391,19.0923971],[72.8344289,19.0923697],[72.8344103,19.0923466],[72.834385,19.0923301],[72.8343556,19.0923217],[72.8343248,19.0923224],[72.8342958,19.092332],[72.8342714,19.0923496],[72.8342539,19.0923735]]]],"type":"MultiPolygon"},"id":"way/1239665647","properties":{"all_driver_tags":{"aeroway":"helipad"},"boarding_coordinate_status":"not_derived_from_area","extent_intersection_status":"intersects_research_envelope","geometry_status":"valid","name":"","osm_object_id":"1239665647","osm_object_type":"way","selected_tags":{"aeroway":"helipad"},"source":"mapped_osm_feature","source_id":"osm_western_zone_20260915","source_sha256":"c335a72cadfebc3ffde5cfff20fc9711f3112bc11000d43fde4daea10c36b53e","status":"unverified_operation_and_station_identity"},"type":"Feature"},{"geometry":{"coordinates":[[[[72.8342546,19.0925604],[72.8342458,19.0925882],[72.8342465,19.0926173],[72.8342566,19.0926447],[72.8342752,19.0926678],[72.8343005,19.0926843],[72.8343299,19.0926926],[72.8343607,19.092692],[72.8343897,19.0926824],[72.8344141,19.0926648],[72.8344316,19.0926409],[72.8344404,19.0926131],[72.8344397,19.092584],[72.8344296,19.0925566],[72.8344109,19.0925335],[72.8343857,19.092517],[72.8343562,19.0925087],[72.8343255,19.0925093],[72.8342965,19.0925189],[72.8342721,19.0925365],[72.8342546,19.0925604]]]],"type":"MultiPolygon"},"id":"way/1239665648","properties":{"all_driver_tags":{"aeroway":"helipad"},"boarding_coordinate_status":"not_derived_from_area","extent_intersection_status":"intersects_research_envelope","geometry_status":"valid","name":"","osm_object_id":"1239665648","osm_object_type":"way","selected_tags":{"aeroway":"helipad"},"source":"mapped_osm_feature","source_id":"osm_western_zone_20260915","source_sha256":"c335a72cadfebc3ffde5cfff20fc9711f3112bc11000d43fde4daea10c36b53e","status":"unverified_operation_and_station_identity"},"type":"Feature"},{"geometry":{"coordinates":[[[[72.8342512,19.0927461],[72.8342424,19.0927739],[72.8342431,19.0928029],[72.8342533,19.0928303],[72.8342719,19.0928534],[72.8342972,19.09287],[72.8343266,19.0928783],[72.8343573,19.0928776],[72.8343863,19.092868],[72.8344108,19.0928504],[72.8344283,19.0928266],[72.8344371,19.0927987],[72.8344364,19.0927697],[72.8344262,19.0927423],[72.8344076,19.0927192],[72.8343823,19.0927027],[72.8343529,19.0926943],[72.8343222,19.092695],[72.8342932,19.0927046],[72.8342687,19.0927222],[72.8342512,19.0927461]]]],"type":"MultiPolygon"},"id":"way/1239665649","properties":{"all_driver_tags":{"aeroway":"helipad"},"boarding_coordinate_status":"not_derived_from_area","extent_intersection_status":"intersects_research_envelope","geometry_status":"valid","name":"","osm_object_id":"1239665649","osm_object_type":"way","selected_tags":{"aeroway":"helipad"},"source":"mapped_osm_feature","source_id":"osm_western_zone_20260915","source_sha256":"c335a72cadfebc3ffde5cfff20fc9711f3112bc11000d43fde4daea10c36b53e","status":"unverified_operation_and_station_identity"},"type":"Feature"},{"geometry":{"coordinates":[[[[72.8344685,19.0925858],[72.8344597,19.0926136],[72.8344604,19.0926426],[72.8344705,19.09267],[72.8344891,19.0926931],[72.8345144,19.0927096],[72.8345439,19.092718],[72.8345746,19.0927173],[72.8346036,19.0927077],[72.834628,19.0926901],[72.8346455,19.0926662],[72.8346543,19.0926384],[72.8346536,19.0926094],[72.8346435,19.092582],[72.8346248,19.0925589],[72.8345996,19.0925424],[72.8345701,19.092534],[72.8345394,19.0925347],[72.8345104,19.0925443],[72.834486,19.0925619],[72.8344685,19.0925858]]]],"type":"MultiPolygon"},"id":"way/1239665650","properties":{"all_driver_tags":{"aeroway":"helipad"},"boarding_coordinate_status":"not_derived_from_area","extent_intersection_status":"intersects_research_envelope","geometry_status":"valid","name":"","osm_object_id":"1239665650","osm_object_type":"way","selected_tags":{"aeroway":"helipad"},"source":"mapped_osm_feature","source_id":"osm_western_zone_20260915","source_sha256":"c335a72cadfebc3ffde5cfff20fc9711f3112bc11000d43fde4daea10c36b53e","status":"unverified_operation_and_station_identity"},"type":"Feature"},{"geometry":{"coordinates":[[[[72.8344712,19.0927721],[72.8344623,19.0927999],[72.834463,19.0928289],[72.8344732,19.0928563],[72.8344918,19.0928794],[72.8345171,19.0928959],[72.8345465,19.0929043],[72.8345773,19.0929036],[72.8346063,19.092894],[72.8346307,19.0928764],[72.8346482,19.0928525],[72.834657,19.0928247],[72.8346563,19.0927957],[72.8346462,19.0927683],[72.8346275,19.0927452],[72.8346023,19.0927287],[72.8345728,19.0927203],[72.8345421,19.092721],[72.8345131,19.0927306],[72.8344887,19.0927482],[72.8344712,19.0927721]]]],"type":"MultiPolygon"},"id":"way/1239665651","properties":{"all_driver_tags":{"aeroway":"helipad"},"boarding_coordinate_status":"not_derived_from_area","extent_intersection_status":"intersects_research_envelope","geometry_status":"valid","name":"","osm_object_id":"1239665651","osm_object_type":"way","selected_tags":{"aeroway":"helipad"},"source":"mapped_osm_feature","source_id":"osm_western_zone_20260915","source_sha256":"c335a72cadfebc3ffde5cfff20fc9711f3112bc11000d43fde4daea10c36b53e","status":"unverified_operation_and_station_identity"},"type":"Feature"},{"geometry":{"coordinates":[[[[72.8346924,19.0927939],[72.8346836,19.0928217],[72.8346843,19.0928508],[72.8346945,19.0928782],[72.8347131,19.0929013],[72.8347384,19.0929178],[72.8347678,19.0929261],[72.8347985,19.0929255],[72.8348275,19.0929159],[72.834852,19.0928983],[72.8348695,19.0928744],[72.8348783,19.0928466],[72.8348776,19.0928175],[72.8348674,19.0927901],[72.8348488,19.092767],[72.8348235,19.0927505],[72.8347941,19.0927422],[72.8347634,19.0927428],[72.8347344,19.0927524],[72.8347099,19.09277],[72.8346924,19.0927939]]]],"type":"MultiPolygon"},"id":"way/1239665652","properties":{"all_driver_tags":{"aeroway":"helipad"},"boarding_coordinate_status":"not_derived_from_area","extent_intersection_status":"intersects_research_envelope","geometry_status":"valid","name":"","osm_object_id":"1239665652","osm_object_type":"way","selected_tags":{"aeroway":"helipad"},"source":"mapped_osm_feature","source_id":"osm_western_zone_20260915","source_sha256":"c335a72cadfebc3ffde5cfff20fc9711f3112bc11000d43fde4daea10c36b53e","status":"unverified_operation_and_station_identity"},"type":"Feature"},{"geometry":{"coordinates":[[[[72.8342995,19.0929238],[72.8342743,19.092951],[72.8342568,19.0929831],[72.8342479,19.0930183],[72.8342481,19.0930544],[72.8342575,19.0930894],[72.8342755,19.0931213],[72.8343011,19.0931482],[72.8343327,19.0931685],[72.8343685,19.0931811],[72.8344065,19.0931852],[72.8344444,19.0931806],[72.8344801,19.0931676],[72.8345114,19.0931469],[72.8345366,19.0931197],[72.8345541,19.0930876],[72.834563,19.0930524],[72.8345628,19.0930163],[72.8345534,19.0929813],[72.8345354,19.0929494],[72.8345098,19.0929225],[72.8344782,19.0929022],[72.8344424,19.0928896],[72.8344044,19.0928855],[72.8343665,19.0928901],[72.8343308,19.0929031],[72.8342995,19.0929238]]]],"type":"MultiPolygon"},"id":"way/1239665653","properties":{"all_driver_tags":{"aeroway":"helipad"},"boarding_coordinate_status":"not_derived_from_area","extent_intersection_status":"intersects_research_envelope","geometry_status":"valid","name":"","osm_object_id":"1239665653","osm_object_type":"way","selected_tags":{"aeroway":"helipad"},"source":"mapped_osm_feature","source_id":"osm_western_zone_20260915","source_sha256":"c335a72cadfebc3ffde5cfff20fc9711f3112bc11000d43fde4daea10c36b53e","status":"unverified_operation_and_station_identity"},"type":"Feature"},{"geometry":{"coordinates":[[[[72.8346227,19.0929593],[72.8345975,19.0929865],[72.83458,19.0930186],[72.8345711,19.0930537],[72.8345713,19.0930899],[72.8345807,19.0931249],[72.8345987,19.0931568],[72.8346243,19.0931837],[72.8346559,19.093204],[72.8346917,19.0932166],[72.8347297,19.0932207],[72.8347676,19.0932161],[72.8348033,19.0932031],[72.8348346,19.0931824],[72.8348598,19.0931552],[72.8348773,19.0931231],[72.8348862,19.0930879],[72.834886,19.0930518],[72.8348766,19.0930168],[72.8348586,19.0929849],[72.834833,19.092958],[72.8348014,19.0929377],[72.8347656,19.0929251],[72.8347276,19.092921],[72.8346897,19.0929256],[72.834654,19.0929386],[72.8346227,19.0929593]]]],"type":"MultiPolygon"},"id":"way/1239665654","properties":{"all_driver_tags":{"aeroway":"helipad"},"boarding_coordinate_status":"not_derived_from_area","extent_intersection_status":"intersects_research_envelope","geometry_status":"valid","name":"","osm_object_id":"1239665654","osm_object_type":"way","selected_tags":{"aeroway":"helipad"},"source":"mapped_osm_feature","source_id":"osm_western_zone_20260915","source_sha256":"c335a72cadfebc3ffde5cfff20fc9711f3112bc11000d43fde4daea10c36b53e","status":"unverified_operation_and_station_identity"},"type":"Feature"},{"geometry":{"coordinates":[[[[73.3197625,18.835417],[73.319708,18.8354063],[73.319718,18.8353071],[73.3197616,18.8350783],[73.3198122,18.834838],[73.3198724,18.8346027],[73.319937,18.8343641],[73.32006,18.8339264],[73.3201496,18.833633],[73.3202048,18.8334522],[73.3202583,18.8332984],[73.3203697,18.8329782],[73.3204491,18.8330063],[73.3204107,18.8331045],[73.3203549,18.8332499],[73.3203333,18.8333134],[73.3202328,18.8336091],[73.3202188,18.8336528],[73.3201228,18.8339526],[73.3200033,18.8343677],[73.319937,18.8346169],[73.3198794,18.8348482],[73.3198297,18.8350868],[73.3197825,18.8353213],[73.3197625,18.835417]]]],"type":"MultiPolygon"},"id":"way/1239691975","properties":{"all_driver_tags":{"public_transport":"platform","railway":"platform","ref":"1","train":"yes"},"boarding_coordinate_status":"not_derived_from_area","extent_intersection_status":"intersects_research_envelope","geometry_status":"valid","name":"","osm_object_id":"1239691975","osm_object_type":"way","selected_tags":{"public_transport":"platform","railway":"platform"},"source":"mapped_osm_feature","source_id":"osm_western_zone_20260915","source_sha256":"c335a72cadfebc3ffde5cfff20fc9711f3112bc11000d43fde4daea10c36b53e","status":"unverified_operation_and_station_identity"},"type":"Feature"},{"geometry":{"coordinates":[[[[73.3186709,18.8467807],[73.3187119,18.8463105],[73.3187506,18.8458972],[73.3187848,18.8455448],[73.3188205,18.8451938],[73.3188448,18.8449329],[73.3188604,18.8447684],[73.3188714,18.8446521],[73.3188895,18.8444599],[73.3189056,18.8442882],[73.3189671,18.8442911],[73.31895,18.8444597],[73.3189183,18.8447723],[73.3189109,18.844845],[73.3188742,18.845272],[73.3188395,18.8455998],[73.3188114,18.8459096],[73.3187783,18.8463144],[73.3187324,18.8467859],[73.3186709,18.8467807]]]],"type":"MultiPolygon"},"id":"way/1239691976","properties":{"all_driver_tags":{"public_transport":"platform","railway":"platform","ref":"1","train":"yes"},"boarding_coordinate_status":"not_derived_from_area","extent_intersection_status":"intersects_research_envelope","geometry_status":"valid","name":"","osm_object_id":"1239691976","osm_object_type":"way","selected_tags":{"public_transport":"platform","railway":"platform"},"source":"mapped_osm_feature","source_id":"osm_western_zone_20260915","source_sha256":"c335a72cadfebc3ffde5cfff20fc9711f3112bc11000d43fde4daea10c36b53e","status":"unverified_operation_and_station_identity"},"type":"Feature"},{"geometry":{"coordinates":[[[[72.8605643,19.1725541],[72.8604841,19.1726677],[72.8606027,19.1727424],[72.8606829,19.1726288],[72.8605643,19.1725541]]]],"type":"MultiPolygon"},"id":"way/1240556825","properties":{"all_driver_tags":{"aeroway":"helipad","layer":"1"},"boarding_coordinate_status":"not_derived_from_area","extent_intersection_status":"intersects_research_envelope","geometry_status":"valid","name":"","osm_object_id":"1240556825","osm_object_type":"way","selected_tags":{"aeroway":"helipad"},"source":"mapped_osm_feature","source_id":"osm_western_zone_20260915","source_sha256":"c335a72cadfebc3ffde5cfff20fc9711f3112bc11000d43fde4daea10c36b53e","status":"unverified_operation_and_station_identity"},"type":"Feature"},{"geometry":{"coordinates":[[[[73.0111905,19.1307277],[73.0111747,19.1307496],[73.0111678,19.1307752],[73.0111706,19.1308015],[73.0111827,19.1308254],[73.0112027,19.1308439],[73.0112282,19.1308547],[73.0112562,19.1308567],[73.0112831,19.1308496],[73.0113059,19.1308342],[73.0113216,19.1308123],[73.0113286,19.1307867],[73.0113258,19.1307604],[73.0113137,19.1307365],[73.0112936,19.1307181],[73.0112681,19.1307072],[73.0112402,19.1307052],[73.0112133,19.1307123],[73.0111905,19.1307277]]]],"type":"MultiPolygon"},"id":"way/1246804731","properties":{"all_driver_tags":{"aeroway":"helipad"},"boarding_coordinate_status":"not_derived_from_area","extent_intersection_status":"intersects_research_envelope","geometry_status":"valid","name":"","osm_object_id":"1246804731","osm_object_type":"way","selected_tags":{"aeroway":"helipad"},"source":"mapped_osm_feature","source_id":"osm_western_zone_20260915","source_sha256":"c335a72cadfebc3ffde5cfff20fc9711f3112bc11000d43fde4daea10c36b53e","status":"unverified_operation_and_station_identity"},"type":"Feature"},{"geometry":{"coordinates":[[[[72.927458,19.1205873],[72.9274432,19.1206113],[72.927438,19.1206387],[72.927443,19.1206661],[72.9274576,19.1206902],[72.9274801,19.1207081],[72.9275077,19.1207177],[72.9275371,19.1207178],[72.9275648,19.1207084],[72.9275874,19.1206906],[72.9276022,19.1206666],[72.9276074,19.1206392],[72.9276024,19.1206118],[72.9275878,19.1205877],[72.9275653,19.1205698],[72.9275377,19.1205602],[72.9275083,19.1205601],[72.9274806,19.1205695],[72.927458,19.1205873]]]],"type":"MultiPolygon"},"id":"way/1246805128","properties":{"all_driver_tags":{"aeroway":"helipad"},"boarding_coordinate_status":"not_derived_from_area","extent_intersection_status":"intersects_research_envelope","geometry_status":"valid","name":"","osm_object_id":"1246805128","osm_object_type":"way","selected_tags":{"aeroway":"helipad"},"source":"mapped_osm_feature","source_id":"osm_western_zone_20260915","source_sha256":"c335a72cadfebc3ffde5cfff20fc9711f3112bc11000d43fde4daea10c36b53e","status":"unverified_operation_and_station_identity"},"type":"Feature"},{"geometry":{"coordinates":[[[[72.9512411,19.0317531],[72.9511319,19.0319525],[72.9512924,19.0320311],[72.9514017,19.0318317],[72.9512411,19.0317531]]]],"type":"MultiPolygon"},"id":"way/1246805247","properties":{"all_driver_tags":{"aeroway":"helipad"},"boarding_coordinate_status":"not_derived_from_area","extent_intersection_status":"intersects_research_envelope","geometry_status":"valid","name":"","osm_object_id":"1246805247","osm_object_type":"way","selected_tags":{"aeroway":"helipad"},"source":"mapped_osm_feature","source_id":"osm_western_zone_20260915","source_sha256":"c335a72cadfebc3ffde5cfff20fc9711f3112bc11000d43fde4daea10c36b53e","status":"unverified_operation_and_station_identity"},"type":"Feature"},{"geometry":{"coordinates":[[[[73.0169305,18.9099537],[73.0169775,18.9098833],[73.0145383,18.908423],[73.0144913,18.9084934],[73.0169305,18.9099537]]]],"type":"MultiPolygon"},"id":"way/1249400540","properties":{"all_driver_tags":{"public_transport":"platform","railway":"platform"},"boarding_coordinate_status":"not_derived_from_area","extent_intersection_status":"intersects_research_envelope","geometry_status":"valid","name":"","osm_object_id":"1249400540","osm_object_type":"way","selected_tags":{"public_transport":"platform","railway":"platform"},"source":"mapped_osm_feature","source_id":"osm_western_zone_20260915","source_sha256":"c335a72cadfebc3ffde5cfff20fc9711f3112bc11000d43fde4daea10c36b53e","status":"unverified_operation_and_station_identity"},"type":"Feature"},{"geometry":{"coordinates":[[[[73.0145636,18.9083656],[73.0170061,18.9098444],[73.0170453,18.9097865],[73.0146027,18.9083077],[73.0145636,18.9083656]]]],"type":"MultiPolygon"},"id":"way/1249400544","properties":{"all_driver_tags":{"public_transport":"platform","railway":"platform"},"boarding_coordinate_status":"not_derived_from_area","extent_intersection_status":"intersects_research_envelope","geometry_status":"valid","name":"","osm_object_id":"1249400544","osm_object_type":"way","selected_tags":{"public_transport":"platform","railway":"platform"},"source":"mapped_osm_feature","source_id":"osm_western_zone_20260915","source_sha256":"c335a72cadfebc3ffde5cfff20fc9711f3112bc11000d43fde4daea10c36b53e","status":"unverified_operation_and_station_identity"},"type":"Feature"},{"geometry":{"coordinates":[[[[73.0144688,18.9085374],[73.0144277,18.9085987],[73.0168594,18.9100608],[73.0169005,18.9099995],[73.0144688,18.9085374]]]],"type":"MultiPolygon"},"id":"way/1249400545","properties":{"all_driver_tags":{"public_transport":"platform","railway":"platform"},"boarding_coordinate_status":"not_derived_from_area","extent_intersection_status":"intersects_research_envelope","geometry_status":"valid","name":"","osm_object_id":"1249400545","osm_object_type":"way","selected_tags":{"public_transport":"platform","railway":"platform"},"source":"mapped_osm_feature","source_id":"osm_western_zone_20260915","source_sha256":"c335a72cadfebc3ffde5cfff20fc9711f3112bc11000d43fde4daea10c36b53e","status":"unverified_operation_and_station_identity"},"type":"Feature"},{"geometry":{"coordinates":[[[[72.986417,18.8974418],[72.9895587,18.898646],[72.989589,18.8985754],[72.9864472,18.8973712],[72.986417,18.8974418]]]],"type":"MultiPolygon"},"id":"way/1249400551","properties":{"all_driver_tags":{"public_transport":"platform","railway":"platform"},"boarding_coordinate_status":"not_derived_from_area","extent_intersection_status":"intersects_research_envelope","geometry_status":"valid","name":"","osm_object_id":"1249400551","osm_object_type":"way","selected_tags":{"public_transport":"platform","railway":"platform"},"source":"mapped_osm_feature","source_id":"osm_western_zone_20260915","source_sha256":"c335a72cadfebc3ffde5cfff20fc9711f3112bc11000d43fde4daea10c36b53e","status":"unverified_operation_and_station_identity"},"type":"Feature"},{"geometry":{"coordinates":[[[[72.9894923,18.8987751],[72.9895276,18.8986927],[72.9863947,18.89749],[72.9863613,18.8975668],[72.9865368,18.89765],[72.9894923,18.8987751]]]],"type":"MultiPolygon"},"id":"way/1249400552","properties":{"all_driver_tags":{"public_transport":"platform","railway":"platform"},"boarding_coordinate_status":"not_derived_from_area","extent_intersection_status":"intersects_research_envelope","geometry_status":"valid","name":"","osm_object_id":"1249400552","osm_object_type":"way","selected_tags":{"public_transport":"platform","railway":"platform"},"source":"mapped_osm_feature","source_id":"osm_western_zone_20260915","source_sha256":"c335a72cadfebc3ffde5cfff20fc9711f3112bc11000d43fde4daea10c36b53e","status":"unverified_operation_and_station_identity"},"type":"Feature"},{"geometry":{"coordinates":[[[[72.986376,18.8976587],[72.9863479,18.8977262],[72.9894093,18.8988681],[72.9894375,18.8988006],[72.986376,18.8976587]]]],"type":"MultiPolygon"},"id":"way/1249400553","properties":{"all_driver_tags":{"public_transport":"platform","railway":"platform"},"boarding_coordinate_status":"not_derived_from_area","extent_intersection_status":"intersects_research_envelope","geometry_status":"valid","name":"","osm_object_id":"1249400553","osm_object_type":"way","selected_tags":{"public_transport":"platform","railway":"platform"},"source":"mapped_osm_feature","source_id":"osm_western_zone_20260915","source_sha256":"c335a72cadfebc3ffde5cfff20fc9711f3112bc11000d43fde4daea10c36b53e","status":"unverified_operation_and_station_identity"},"type":"Feature"},{"geometry":{"coordinates":[[[[72.9635286,18.8805891],[72.9634788,18.8806472],[72.9654436,18.8821582],[72.9654935,18.8821002],[72.9635286,18.8805891]]]],"type":"MultiPolygon"},"id":"way/1249400599","properties":{"all_driver_tags":{"public_transport":"platform","railway":"platform"},"boarding_coordinate_status":"not_derived_from_area","extent_intersection_status":"intersects_research_envelope","geometry_status":"valid","name":"","osm_object_id":"1249400599","osm_object_type":"way","selected_tags":{"public_transport":"platform","railway":"platform"},"source":"mapped_osm_feature","source_id":"osm_western_zone_20260915","source_sha256":"c335a72cadfebc3ffde5cfff20fc9711f3112bc11000d43fde4daea10c36b53e","status":"unverified_operation_and_station_identity"},"type":"Feature"},{"geometry":{"coordinates":[[[[72.9636247,18.8804899],[72.9635721,18.8805511],[72.9655337,18.882058],[72.9655862,18.8819968],[72.9636247,18.8804899]]]],"type":"MultiPolygon"},"id":"way/1249400600","properties":{"all_driver_tags":{"public_transport":"platform","railway":"platform"},"boarding_coordinate_status":"not_derived_from_area","extent_intersection_status":"intersects_research_envelope","geometry_status":"valid","name":"","osm_object_id":"1249400600","osm_object_type":"way","selected_tags":{"public_transport":"platform","railway":"platform"},"source":"mapped_osm_feature","source_id":"osm_western_zone_20260915","source_sha256":"c335a72cadfebc3ffde5cfff20fc9711f3112bc11000d43fde4daea10c36b53e","status":"unverified_operation_and_station_identity"},"type":"Feature"},{"geometry":{"coordinates":[[[[72.9636882,18.8803587],[72.9636357,18.8804199],[72.9656165,18.8819415],[72.965669,18.8818803],[72.9636882,18.8803587]]]],"type":"MultiPolygon"},"id":"way/1249400601","properties":{"all_driver_tags":{"public_transport":"platform","railway":"platform"},"boarding_coordinate_status":"not_derived_from_area","extent_intersection_status":"intersects_research_envelope","geometry_status":"valid","name":"","osm_object_id":"1249400601","osm_object_type":"way","selected_tags":{"public_transport":"platform","railway":"platform"},"source":"mapped_osm_feature","source_id":"osm_western_zone_20260915","source_sha256":"c335a72cadfebc3ffde5cfff20fc9711f3112bc11000d43fde4daea10c36b53e","status":"unverified_operation_and_station_identity"},"type":"Feature"},{"geometry":{"coordinates":[[[[72.9538516,18.8781972],[72.9538494,18.8781141],[72.9511898,18.8781774],[72.951192,18.8782605],[72.9538516,18.8781972]]]],"type":"MultiPolygon"},"id":"way/1249400607","properties":{"all_driver_tags":{"public_transport":"platform","railway":"platform"},"boarding_coordinate_status":"not_derived_from_area","extent_intersection_status":"intersects_research_envelope","geometry_status":"valid","name":"","osm_object_id":"1249400607","osm_object_type":"way","selected_tags":{"public_transport":"platform","railway":"platform"},"source":"mapped_osm_feature","source_id":"osm_western_zone_20260915","source_sha256":"c335a72cadfebc3ffde5cfff20fc9711f3112bc11000d43fde4daea10c36b53e","status":"unverified_operation_and_station_identity"},"type":"Feature"},{"geometry":{"coordinates":[[[[72.9538597,18.8783325],[72.9538569,18.8782338],[72.9512124,18.8783015],[72.9512152,18.8784002],[72.9538597,18.8783325]]]],"type":"MultiPolygon"},"id":"way/1249400608","properties":{"all_driver_tags":{"public_transport":"platform","railway":"platform"},"boarding_coordinate_status":"not_derived_from_area","extent_intersection_status":"intersects_research_envelope","geometry_status":"valid","name":"","osm_object_id":"1249400608","osm_object_type":"way","selected_tags":{"public_transport":"platform","railway":"platform"},"source":"mapped_osm_feature","source_id":"osm_western_zone_20260915","source_sha256":"c335a72cadfebc3ffde5cfff20fc9711f3112bc11000d43fde4daea10c36b53e","status":"unverified_operation_and_station_identity"},"type":"Feature"},{"geometry":{"coordinates":[[[[72.9512169,18.8784557],[72.9512193,18.8785408],[72.9531551,18.8784913],[72.9538603,18.8784732],[72.9538578,18.8783881],[72.9512169,18.8784557]]]],"type":"MultiPolygon"},"id":"way/1249400609","properties":{"all_driver_tags":{"public_transport":"platform","railway":"platform"},"boarding_coordinate_status":"not_derived_from_area","extent_intersection_status":"intersects_research_envelope","geometry_status":"valid","name":"","osm_object_id":"1249400609","osm_object_type":"way","selected_tags":{"public_transport":"platform","railway":"platform"},"source":"mapped_osm_feature","source_id":"osm_western_zone_20260915","source_sha256":"c335a72cadfebc3ffde5cfff20fc9711f3112bc11000d43fde4daea10c36b53e","status":"unverified_operation_and_station_identity"},"type":"Feature"},{"geometry":{"coordinates":[[[[72.8454183,19.2486339],[72.845589,19.2495363],[72.8458147,19.250292],[72.846067,19.2502132],[72.8458583,19.2494361],[72.8456914,19.2485855],[72.8454183,19.2486339]]]],"type":"MultiPolygon"},"id":"way/1249403569","properties":{"all_driver_tags":{"public_transport":"platform","railway":"platform","train":"yes"},"boarding_coordinate_status":"not_derived_from_area","extent_intersection_status":"intersects_research_envelope","geometry_status":"valid","name":"","osm_object_id":"1249403569","osm_object_type":"way","selected_tags":{"public_transport":"platform","railway":"platform"},"source":"mapped_osm_feature","source_id":"osm_western_zone_20260915","source_sha256":"c335a72cadfebc3ffde5cfff20fc9711f3112bc11000d43fde4daea10c36b53e","status":"unverified_operation_and_station_identity"},"type":"Feature"},{"geometry":{"coordinates":[[[[72.8408839,19.2304971],[72.8407817,19.2313497],[72.8407078,19.2321749],[72.8408579,19.2321967],[72.8409158,19.2314563],[72.8409908,19.2304981],[72.8408839,19.2304971]]]],"type":"MultiPolygon"},"id":"way/1249403570","properties":{"all_driver_tags":{"public_transport":"platform","railway":"platform","subway":"yes","train":"yes"},"boarding_coordinate_status":"not_derived_from_area","extent_intersection_status":"intersects_research_envelope","geometry_status":"valid","name":"","osm_object_id":"1249403570","osm_object_type":"way","selected_tags":{"public_transport":"platform","railway":"platform"},"source":"mapped_osm_feature","source_id":"osm_western_zone_20260915","source_sha256":"c335a72cadfebc3ffde5cfff20fc9711f3112bc11000d43fde4daea10c36b53e","status":"unverified_operation_and_station_identity"},"type":"Feature"},{"geometry":{"coordinates":[[[[72.6540698,19.8356224],[72.6540495,19.8356538],[72.6540385,19.8356891],[72.6540376,19.8357258],[72.6540468,19.8357616],[72.6540656,19.8357938],[72.6540926,19.8358204],[72.654126,19.8358395],[72.6541635,19.8358499],[72.6542026,19.8358507],[72.6542406,19.835842],[72.6542749,19.8358244],[72.6543032,19.835799],[72.6543235,19.8357676],[72.6543345,19.8357323],[72.6543354,19.8356955],[72.6543261,19.8356598],[72.6543074,19.8356275],[72.6542804,19.8356009],[72.654247,19.8355818],[72.6542094,19.8355715],[72.6541704,19.8355706],[72.6541324,19.8355793],[72.6540981,19.835597],[72.6540698,19.8356224]]]],"type":"MultiPolygon"},"id":"way/1264579991","properties":{"all_driver_tags":{"aeroway":"helipad"},"boarding_coordinate_status":"not_derived_from_area","extent_intersection_status":"intersects_research_envelope","geometry_status":"valid","name":"","osm_object_id":"1264579991","osm_object_type":"way","selected_tags":{"aeroway":"helipad"},"source":"mapped_osm_feature","source_id":"osm_western_zone_20260915","source_sha256":"c335a72cadfebc3ffde5cfff20fc9711f3112bc11000d43fde4daea10c36b53e","status":"unverified_operation_and_station_identity"},"type":"Feature"},{"geometry":{"coordinates":[[[[72.6544681,19.8362569],[72.6544478,19.8362883],[72.6544368,19.8363236],[72.6544359,19.8363604],[72.6544452,19.8363961],[72.6544639,19.8364284],[72.6544909,19.836455],[72.6545243,19.8364741],[72.6545618,19.8364844],[72.6546009,19.8364853],[72.6546389,19.8364766],[72.6546732,19.8364589],[72.6547015,19.8364335],[72.6547218,19.8364021],[72.6547328,19.8363668],[72.6547337,19.8363301],[72.6547244,19.8362943],[72.6547057,19.8362621],[72.6546787,19.8362355],[72.6546453,19.8362163],[72.6546078,19.836206],[72.6545687,19.8362052],[72.6545307,19.8362139],[72.6544964,19.8362315],[72.6544681,19.8362569]]]],"type":"MultiPolygon"},"id":"way/1264579992","properties":{"all_driver_tags":{"aeroway":"helipad"},"boarding_coordinate_status":"not_derived_from_area","extent_intersection_status":"intersects_research_envelope","geometry_status":"valid","name":"","osm_object_id":"1264579992","osm_object_type":"way","selected_tags":{"aeroway":"helipad"},"source":"mapped_osm_feature","source_id":"osm_western_zone_20260915","source_sha256":"c335a72cadfebc3ffde5cfff20fc9711f3112bc11000d43fde4daea10c36b53e","status":"unverified_operation_and_station_identity"},"type":"Feature"},{"geometry":{"coordinates":[[[[72.6539102,19.8361383],[72.6538899,19.8361697],[72.6538789,19.836205],[72.653878,19.8362418],[72.6538873,19.8362775],[72.653906,19.8363098],[72.653933,19.8363364],[72.6539664,19.8363555],[72.6540039,19.8363658],[72.654043,19.8363667],[72.654081,19.836358],[72.6541153,19.8363403],[72.6541436,19.8363149],[72.6541639,19.8362835],[72.6541749,19.8362482],[72.6541758,19.8362115],[72.6541665,19.8361757],[72.6541478,19.8361435],[72.6541208,19.8361169],[72.6540874,19.8360978],[72.6540499,19.8360874],[72.6540108,19.8360866],[72.6539728,19.8360953],[72.6539385,19.8361129],[72.6539102,19.8361383]]]],"type":"MultiPolygon"},"id":"way/1264579993","properties":{"all_driver_tags":{"aeroway":"helipad"},"boarding_coordinate_status":"not_derived_from_area","extent_intersection_status":"intersects_research_envelope","geometry_status":"valid","name":"","osm_object_id":"1264579993","osm_object_type":"way","selected_tags":{"aeroway":"helipad"},"source":"mapped_osm_feature","source_id":"osm_western_zone_20260915","source_sha256":"c335a72cadfebc3ffde5cfff20fc9711f3112bc11000d43fde4daea10c36b53e","status":"unverified_operation_and_station_identity"},"type":"Feature"},{"geometry":{"coordinates":[[[[72.8237135,19.4619498],[72.8237025,19.4619716],[72.8237012,19.4619957],[72.8237097,19.4620185],[72.8237269,19.4620364],[72.82375,19.4620468],[72.8237756,19.462048],[72.8237998,19.4620399],[72.8238188,19.4620237],[72.8238298,19.4620019],[72.8238311,19.4619778],[72.8238225,19.4619551],[72.8238054,19.4619371],[72.8237822,19.4619267],[72.8237567,19.4619255],[72.8237325,19.4619336],[72.8237135,19.4619498]]]],"type":"MultiPolygon"},"id":"way/1264580035","properties":{"all_driver_tags":{"aeroway":"helipad"},"boarding_coordinate_status":"not_derived_from_area","extent_intersection_status":"intersects_research_envelope","geometry_status":"valid","name":"","osm_object_id":"1264580035","osm_object_type":"way","selected_tags":{"aeroway":"helipad"},"source":"mapped_osm_feature","source_id":"osm_western_zone_20260915","source_sha256":"c335a72cadfebc3ffde5cfff20fc9711f3112bc11000d43fde4daea10c36b53e","status":"unverified_operation_and_station_identity"},"type":"Feature"},{"geometry":{"coordinates":[[[[72.7907807,19.1358167],[72.7907343,19.1364573],[72.7914008,19.1365004],[72.7914472,19.1358598],[72.7907807,19.1358167]]]],"type":"MultiPolygon"},"id":"way/1264580194","properties":{"all_driver_tags":{"aeroway":"helipad"},"boarding_coordinate_status":"not_derived_from_area","extent_intersection_status":"intersects_research_envelope","geometry_status":"valid","name":"","osm_object_id":"1264580194","osm_object_type":"way","selected_tags":{"aeroway":"helipad"},"source":"mapped_osm_feature","source_id":"osm_western_zone_20260915","source_sha256":"c335a72cadfebc3ffde5cfff20fc9711f3112bc11000d43fde4daea10c36b53e","status":"unverified_operation_and_station_identity"},"type":"Feature"},{"geometry":{"coordinates":[[[[73.6187366,18.5237784],[73.6187953,18.5239018],[73.618813,18.5240075],[73.6188881,18.5244892],[73.6193377,18.5246994],[73.6193902,18.524367],[73.6192161,18.5243514],[73.6193568,18.5234708],[73.6192531,18.5235123],[73.6191124,18.5235744],[73.6189259,18.5236704],[73.6187958,18.5237418],[73.6187366,18.5237784]]]],"type":"MultiPolygon"},"id":"way/1268084423","properties":{"all_driver_tags":{"amenity":"bus_station","bus":"yes","name":"Paud Bus Stand","operator":"Maharashtra State Road Transport Corporation","public_transport":"station"},"boarding_coordinate_status":"not_derived_from_area","extent_intersection_status":"intersects_research_envelope","geometry_status":"valid","name":"Paud Bus Stand","osm_object_id":"1268084423","osm_object_type":"way","selected_tags":{"amenity":"bus_station","public_transport":"station"},"source":"mapped_osm_feature","source_id":"osm_western_zone_20260915","source_sha256":"c335a72cadfebc3ffde5cfff20fc9711f3112bc11000d43fde4daea10c36b53e","status":"unverified_operation_and_station_identity"},"type":"Feature"},{"geometry":{"coordinates":[[[[73.7684903,18.5919174],[73.7684921,18.5915265],[73.7679686,18.5914964],[73.7679794,18.591962],[73.7681141,18.5919351],[73.7684903,18.5919174]]]],"type":"MultiPolygon"},"id":"way/1270580315","properties":{"all_driver_tags":{"amenity":"bus_station","bus":"yes","public_transport":"station"},"boarding_coordinate_status":"not_derived_from_area","extent_intersection_status":"intersects_research_envelope","geometry_status":"valid","name":"","osm_object_id":"1270580315","osm_object_type":"way","selected_tags":{"amenity":"bus_station","public_transport":"station"},"source":"mapped_osm_feature","source_id":"osm_western_zone_20260915","source_sha256":"c335a72cadfebc3ffde5cfff20fc9711f3112bc11000d43fde4daea10c36b53e","status":"unverified_operation_and_station_identity"},"type":"Feature"},{"geometry":{"coordinates":[[[[72.9744731,18.8902493],[72.9744647,18.8902721],[72.974465,18.8902962],[72.974474,18.8903188],[72.9744907,18.8903371],[72.9745129,18.8903488],[72.9745381,18.8903527],[72.9745631,18.8903482],[72.974585,18.8903359],[72.9746012,18.8903172],[72.9746096,18.8902945],[72.9746092,18.8902703],[72.9746002,18.8902478],[72.9745836,18.8902295],[72.9745613,18.8902177],[72.9745362,18.8902138],[72.9745111,18.8902183],[72.9744892,18.8902307],[72.9744731,18.8902493]]]],"type":"MultiPolygon"},"id":"way/1271171357","properties":{"all_driver_tags":{"aeroway":"helipad"},"boarding_coordinate_status":"not_derived_from_area","extent_intersection_status":"intersects_research_envelope","geometry_status":"valid","name":"","osm_object_id":"1271171357","osm_object_type":"way","selected_tags":{"aeroway":"helipad"},"source":"mapped_osm_feature","source_id":"osm_western_zone_20260915","source_sha256":"c335a72cadfebc3ffde5cfff20fc9711f3112bc11000d43fde4daea10c36b53e","status":"unverified_operation_and_station_identity"},"type":"Feature"},{"geometry":{"coordinates":[[[[72.9987514,19.1590923],[72.9988465,19.1590906],[72.9988269,19.1579743],[72.9987489,19.1579927],[72.9987514,19.1590923]]]],"type":"MultiPolygon"},"id":"way/1279275452","properties":{"all_driver_tags":{"amenity":"taxi","taxi_vehicle":"auto_rickshaw"},"boarding_coordinate_status":"not_derived_from_area","extent_intersection_status":"intersects_research_envelope","geometry_status":"valid","name":"","osm_object_id":"1279275452","osm_object_type":"way","selected_tags":{"amenity":"taxi"},"source":"mapped_osm_feature","source_id":"osm_western_zone_20260915","source_sha256":"c335a72cadfebc3ffde5cfff20fc9711f3112bc11000d43fde4daea10c36b53e","status":"unverified_operation_and_station_identity"},"type":"Feature"},{"geometry":{"coordinates":[[[[72.9603974,18.9682438],[72.9604245,18.9682415],[72.9604509,18.9682474],[72.9604741,18.9682609],[72.9604915,18.9682807],[72.9605014,18.9683046],[72.9605027,18.9683303],[72.9604953,18.9683551],[72.9604801,18.9683763],[72.9604584,18.9683919],[72.9604327,18.9684003],[72.9604055,18.9684004],[72.9603778,18.9683914],[72.9603549,18.9683741],[72.9603397,18.9683504],[72.960334,18.9683232],[72.9603384,18.9682958],[72.9603524,18.9682715],[72.9603725,18.9682542],[72.9603974,18.9682438]]]],"type":"MultiPolygon"},"id":"way/1284772056","properties":{"all_driver_tags":{"aeroway":"helipad"},"boarding_coordinate_status":"not_derived_from_area","extent_intersection_status":"intersects_research_envelope","geometry_status":"valid","name":"","osm_object_id":"1284772056","osm_object_type":"way","selected_tags":{"aeroway":"helipad"},"source":"mapped_osm_feature","source_id":"osm_western_zone_20260915","source_sha256":"c335a72cadfebc3ffde5cfff20fc9711f3112bc11000d43fde4daea10c36b53e","status":"unverified_operation_and_station_identity"},"type":"Feature"},{"geometry":{"coordinates":[[[[72.8081439,18.9075667],[72.8082338,18.9078039],[72.8084323,18.9077722],[72.8083907,18.9075324],[72.8081439,18.9075667]]]],"type":"MultiPolygon"},"id":"way/1288781460","properties":{"all_driver_tags":{"addr:postcode":"400005","addr:street":"Doctor Homi Bhaba Road","amenity":"bus_station","bus":"yes","check_date":"2026-03-12","name:en":"Navy Nagar Bus Depot","public_transport":"station","website":"https://www.bestundertaking.com/"},"boarding_coordinate_status":"not_derived_from_area","extent_intersection_status":"intersects_research_envelope","geometry_status":"valid","name":"","osm_object_id":"1288781460","osm_object_type":"way","selected_tags":{"amenity":"bus_station","public_transport":"station"},"source":"mapped_osm_feature","source_id":"osm_western_zone_20260915","source_sha256":"c335a72cadfebc3ffde5cfff20fc9711f3112bc11000d43fde4daea10c36b53e","status":"unverified_operation_and_station_identity"},"type":"Feature"},{"geometry":{"coordinates":[[[[72.8403862,19.0431228],[72.8406719,19.0431637],[72.8406923,19.0430617],[72.8404043,19.0430257],[72.8403862,19.0431228]]]],"type":"MultiPolygon"},"id":"way/1299175077","properties":{"all_driver_tags":{"addr:city":"Mumbai","addr:district":"Maharashtra","addr:postcode":"400016","addr:street":"Lady Jamshedji Road, Mahim","amenity":"bus_station","building":"transportation","bus":"yes","name":"Mahim Bus Depot","public_transport":"station"},"boarding_coordinate_status":"not_derived_from_area","extent_intersection_status":"intersects_research_envelope","geometry_status":"valid","name":"Mahim Bus Depot","osm_object_id":"1299175077","osm_object_type":"way","selected_tags":{"amenity":"bus_station","public_transport":"station"},"source":"mapped_osm_feature","source_id":"osm_western_zone_20260915","source_sha256":"c335a72cadfebc3ffde5cfff20fc9711f3112bc11000d43fde4daea10c36b53e","status":"unverified_operation_and_station_identity"},"type":"Feature"},{"geometry":{"coordinates":[[[[73.320699,18.912112],[73.3206296,18.9121152],[73.3204809,18.909501],[73.3205764,18.9094961],[73.3205332,18.9087384],[73.3205974,18.9087352],[73.3208388,18.9129778],[73.3207858,18.9129805],[73.3207362,18.9121097],[73.3206376,18.9103668],[73.3205934,18.9103693],[73.320699,18.912112]]]],"type":"MultiPolygon"},"id":"way/1302818849","properties":{"all_driver_tags":{"public_transport":"platform","railway":"platform","ref":"2;3","train":"yes"},"boarding_coordinate_status":"not_derived_from_area","extent_intersection_status":"intersects_research_envelope","geometry_status":"valid","name":"","osm_object_id":"1302818849","osm_object_type":"way","selected_tags":{"public_transport":"platform","railway":"platform"},"source":"mapped_osm_feature","source_id":"osm_western_zone_20260915","source_sha256":"c335a72cadfebc3ffde5cfff20fc9711f3112bc11000d43fde4daea10c36b53e","status":"unverified_operation_and_station_identity"},"type":"Feature"},{"geometry":{"coordinates":[[[[73.3208061,18.9094908],[73.3209351,18.9094814],[73.3209362,18.9095046],[73.3211408,18.9137247],[73.3211445,18.913802],[73.3210561,18.91381],[73.3210511,18.9137229],[73.3208069,18.9095045],[73.3208061,18.9094908]]]],"type":"MultiPolygon"},"id":"way/1302818850","properties":{"all_driver_tags":{"public_transport":"platform","railway":"platform","ref":"1","train":"yes"},"boarding_coordinate_status":"not_derived_from_area","extent_intersection_status":"intersects_research_envelope","geometry_status":"valid","name":"","osm_object_id":"1302818850","osm_object_type":"way","selected_tags":{"public_transport":"platform","railway":"platform"},"source":"mapped_osm_feature","source_id":"osm_western_zone_20260915","source_sha256":"c335a72cadfebc3ffde5cfff20fc9711f3112bc11000d43fde4daea10c36b53e","status":"unverified_operation_and_station_identity"},"type":"Feature"},{"geometry":{"coordinates":[[[[73.0095173,18.9724392],[73.0092957,18.9721516],[73.0096105,18.9719348],[73.009832,18.9722224],[73.0095173,18.9724392]]]],"type":"MultiPolygon"},"id":"way/1311209842","properties":{"all_driver_tags":{"aeroway":"helipad"},"boarding_coordinate_status":"not_derived_from_area","extent_intersection_status":"intersects_research_envelope","geometry_status":"valid","name":"","osm_object_id":"1311209842","osm_object_type":"way","selected_tags":{"aeroway":"helipad"},"source":"mapped_osm_feature","source_id":"osm_western_zone_20260915","source_sha256":"c335a72cadfebc3ffde5cfff20fc9711f3112bc11000d43fde4daea10c36b53e","status":"unverified_operation_and_station_identity"},"type":"Feature"},{"geometry":{"coordinates":[[[[73.0099031,18.9721666],[73.0096816,18.971879],[73.0099964,18.9716622],[73.0102179,18.9719498],[73.0099031,18.9721666]]]],"type":"MultiPolygon"},"id":"way/1311209843","properties":{"all_driver_tags":{"aeroway":"helipad"},"boarding_coordinate_status":"not_derived_from_area","extent_intersection_status":"intersects_research_envelope","geometry_status":"valid","name":"","osm_object_id":"1311209843","osm_object_type":"way","selected_tags":{"aeroway":"helipad"},"source":"mapped_osm_feature","source_id":"osm_western_zone_20260915","source_sha256":"c335a72cadfebc3ffde5cfff20fc9711f3112bc11000d43fde4daea10c36b53e","status":"unverified_operation_and_station_identity"},"type":"Feature"},{"geometry":{"coordinates":[[[[72.9948251,19.1943806],[72.99475,19.1944248],[72.9947043,19.1943501],[72.9947719,19.1942971],[72.9948251,19.1943806]]]],"type":"MultiPolygon"},"id":"way/1314173803","properties":{"all_driver_tags":{"amenity":"taxi","level":"0","name":"Rickshaw Stand"},"boarding_coordinate_status":"not_derived_from_area","extent_intersection_status":"intersects_research_envelope","geometry_status":"valid","name":"Rickshaw Stand","osm_object_id":"1314173803","osm_object_type":"way","selected_tags":{"amenity":"taxi"},"source":"mapped_osm_feature","source_id":"osm_western_zone_20260915","source_sha256":"c335a72cadfebc3ffde5cfff20fc9711f3112bc11000d43fde4daea10c36b53e","status":"unverified_operation_and_station_identity"},"type":"Feature"},{"geometry":{"coordinates":[[[[73.3205895,18.8844855],[73.3205631,18.8844741],[73.320714,18.8841491],[73.3208373,18.8838853],[73.321093,18.8834509],[73.3213025,18.8831069],[73.3213483,18.8830072],[73.3214412,18.8828052],[73.3215244,18.8825224],[73.3215798,18.8822469],[73.3216495,18.8822602],[73.3215857,18.8825415],[73.3214937,18.8828212],[73.3213894,18.8830426],[73.3213486,18.8831292],[73.3211488,18.8834878],[73.3209363,18.8838375],[73.320747,18.8841724],[73.3205895,18.8844855]]]],"type":"MultiPolygon"},"id":"way/1314987863","properties":{"all_driver_tags":{"public_transport":"platform","railway":"platform","ref":"2","train":"yes"},"boarding_coordinate_status":"not_derived_from_area","extent_intersection_status":"intersects_research_envelope","geometry_status":"valid","name":"","osm_object_id":"1314987863","osm_object_type":"way","selected_tags":{"public_transport":"platform","railway":"platform"},"source":"mapped_osm_feature","source_id":"osm_western_zone_20260915","source_sha256":"c335a72cadfebc3ffde5cfff20fc9711f3112bc11000d43fde4daea10c36b53e","status":"unverified_operation_and_station_identity"},"type":"Feature"},{"geometry":{"coordinates":[[[[73.3178669,19.062125],[73.3179642,19.0621226],[73.3179688,19.062357],[73.3179662,19.0625583],[73.3179627,19.0628375],[73.317955,19.0631491],[73.3179303,19.0635684],[73.317901,19.0639616],[73.3178544,19.0644432],[73.3178487,19.0645017],[73.3177461,19.0644942],[73.3177514,19.0644393],[73.3177982,19.0639542],[73.3178335,19.0635523],[73.3178597,19.063145],[73.3178706,19.0628357],[73.3178678,19.0625618],[73.3178657,19.0623573],[73.3178669,19.062125]]]],"type":"MultiPolygon"},"id":"way/1314987864","properties":{"all_driver_tags":{"public_transport":"platform","railway":"platform","ref":"1","train":"yes"},"boarding_coordinate_status":"not_derived_from_area","extent_intersection_status":"intersects_research_envelope","geometry_status":"valid","name":"","osm_object_id":"1314987864","osm_object_type":"way","selected_tags":{"public_transport":"platform","railway":"platform"},"source":"mapped_osm_feature","source_id":"osm_western_zone_20260915","source_sha256":"c335a72cadfebc3ffde5cfff20fc9711f3112bc11000d43fde4daea10c36b53e","status":"unverified_operation_and_station_identity"},"type":"Feature"},{"geometry":{"coordinates":[[[[73.3176639,19.0645122],[73.3175714,19.0645133],[73.3175735,19.0644922],[73.317633,19.0639004],[73.3176869,19.0631855],[73.3176942,19.0626193],[73.3176947,19.0625818],[73.3176879,19.0621263],[73.3177876,19.0621191],[73.3177966,19.0625795],[73.3177977,19.062634],[73.3177754,19.0631931],[73.3177266,19.0639039],[73.3176658,19.0644938],[73.3176639,19.0645122]]]],"type":"MultiPolygon"},"id":"way/1314987865","properties":{"all_driver_tags":{"public_transport":"platform","railway":"platform","ref":"2","train":"yes"},"boarding_coordinate_status":"not_derived_from_area","extent_intersection_status":"intersects_research_envelope","geometry_status":"valid","name":"","osm_object_id":"1314987865","osm_object_type":"way","selected_tags":{"public_transport":"platform","railway":"platform"},"source":"mapped_osm_feature","source_id":"osm_western_zone_20260915","source_sha256":"c335a72cadfebc3ffde5cfff20fc9711f3112bc11000d43fde4daea10c36b53e","status":"unverified_operation_and_station_identity"},"type":"Feature"},{"geometry":{"coordinates":[[[[73.3019212,19.0935794],[73.3017475,19.0936933],[73.3004411,19.0945496],[73.2996726,19.0950534],[73.2997404,19.095135],[73.3005047,19.0946277],[73.3017972,19.0937698],[73.3019843,19.0936456],[73.3019487,19.0936083],[73.3019212,19.0935794]]]],"type":"MultiPolygon"},"id":"way/1314987866","properties":{"all_driver_tags":{"public_transport":"platform","railway":"platform","ref":"1;2","train":"yes"},"boarding_coordinate_status":"not_derived_from_area","extent_intersection_status":"intersects_research_envelope","geometry_status":"valid","name":"","osm_object_id":"1314987866","osm_object_type":"way","selected_tags":{"public_transport":"platform","railway":"platform"},"source":"mapped_osm_feature","source_id":"osm_western_zone_20260915","source_sha256":"c335a72cadfebc3ffde5cfff20fc9711f3112bc11000d43fde4daea10c36b53e","status":"unverified_operation_and_station_identity"},"type":"Feature"},{"geometry":{"coordinates":[[[[73.1644855,19.2172149],[73.1645537,19.2172762],[73.1645272,19.217295],[73.1640731,19.2176172],[73.1636391,19.2179274],[73.1629711,19.2183237],[73.1623076,19.2186683],[73.1622859,19.2186795],[73.1622556,19.2186222],[73.1622789,19.2186105],[73.1627668,19.2183587],[73.1632261,19.2180953],[73.1635852,19.2178756],[73.1640196,19.2175716],[73.1644623,19.2172326],[73.1644855,19.2172149]]]],"type":"MultiPolygon"},"id":"way/1314987870","properties":{"all_driver_tags":{"public_transport":"platform","railway":"platform","ref":"1","train":"yes"},"boarding_coordinate_status":"not_derived_from_area","extent_intersection_status":"intersects_research_envelope","geometry_status":"valid","name":"","osm_object_id":"1314987870","osm_object_type":"way","selected_tags":{"public_transport":"platform","railway":"platform"},"source":"mapped_osm_feature","source_id":"osm_western_zone_20260915","source_sha256":"c335a72cadfebc3ffde5cfff20fc9711f3112bc11000d43fde4daea10c36b53e","status":"unverified_operation_and_station_identity"},"type":"Feature"},{"geometry":{"coordinates":[[[[73.1622018,19.2185157],[73.1621565,19.2185357],[73.162137,19.2185031],[73.1621826,19.2184808],[73.1628226,19.2181535],[73.163217,19.2179411],[73.1633926,19.2178364],[73.1633787,19.2178175],[73.163502,19.2177433],[73.1638671,19.2174902],[73.1647366,19.2167865],[73.1647697,19.2167598],[73.1648086,19.2168016],[73.1647793,19.2168273],[73.1641867,19.2173482],[73.1635328,19.2178029],[73.1631893,19.2180066],[73.162838,19.2181957],[73.1622018,19.2185157]]]],"type":"MultiPolygon"},"id":"way/1314987871","properties":{"all_driver_tags":{"public_transport":"platform","railway":"platform","ref":"2","train":"yes"},"boarding_coordinate_status":"not_derived_from_area","extent_intersection_status":"intersects_research_envelope","geometry_status":"valid","name":"","osm_object_id":"1314987871","osm_object_type":"way","selected_tags":{"public_transport":"platform","railway":"platform"},"source":"mapped_osm_feature","source_id":"osm_western_zone_20260915","source_sha256":"c335a72cadfebc3ffde5cfff20fc9711f3112bc11000d43fde4daea10c36b53e","status":"unverified_operation_and_station_identity"},"type":"Feature"},{"geometry":{"coordinates":[[[[72.9281388,19.1131497],[72.9281406,19.1129385],[72.9281429,19.1126792],[72.9281266,19.1122777],[72.9281092,19.1119503],[72.9281043,19.1118571],[72.9280392,19.1111829],[72.9280172,19.1109662],[72.9279925,19.110722],[72.927949,19.1107278],[72.9279755,19.1109703],[72.9279992,19.1111878],[72.9280069,19.1112738],[72.928028,19.1112726],[72.9280388,19.1114333],[72.9280019,19.1114349],[72.9280656,19.1122755],[72.928086,19.1126826],[72.9280867,19.1129376],[72.9280872,19.1131477],[72.9281388,19.1131497]]]],"type":"MultiPolygon"},"id":"way/1314987876","properties":{"all_driver_tags":{"bench":"yes","bin":"yes","lit":"yes","public_transport":"platform","railway":"platform","ref":"1","shelter":"yes","train":"yes"},"boarding_coordinate_status":"not_derived_from_area","extent_intersection_status":"intersects_research_envelope","geometry_status":"valid","name":"","osm_object_id":"1314987876","osm_object_type":"way","selected_tags":{"public_transport":"platform","railway":"platform"},"source":"mapped_osm_feature","source_id":"osm_western_zone_20260915","source_sha256":"c335a72cadfebc3ffde5cfff20fc9711f3112bc11000d43fde4daea10c36b53e","status":"unverified_operation_and_station_identity"},"type":"Feature"},{"geometry":{"coordinates":[[[[73.4737223,19.6492921],[73.4736929,19.6492002],[73.4730199,19.6470944],[73.472966,19.6469638],[73.4729074,19.6468218],[73.4729301,19.6468151],[73.4730104,19.6469385],[73.4730311,19.6469704],[73.473185,19.6472395],[73.4732693,19.6474207],[73.473337,19.647595],[73.4733975,19.6477813],[73.4734873,19.648066],[73.4734341,19.6480832],[73.473786,19.6491796],[73.4738134,19.6492651],[73.4737223,19.6492921]]]],"type":"MultiPolygon"},"id":"way/1314987882","properties":{"all_driver_tags":{"public_transport":"platform","railway":"platform","ref":"4","train":"yes"},"boarding_coordinate_status":"not_derived_from_area","extent_intersection_status":"intersects_research_envelope","geometry_status":"valid","name":"","osm_object_id":"1314987882","osm_object_type":"way","selected_tags":{"public_transport":"platform","railway":"platform"},"source":"mapped_osm_feature","source_id":"osm_western_zone_20260915","source_sha256":"c335a72cadfebc3ffde5cfff20fc9711f3112bc11000d43fde4daea10c36b53e","status":"unverified_operation_and_station_identity"},"type":"Feature"},{"geometry":{"coordinates":[[[[73.3286068,19.5029479],[73.3286464,19.5029724],[73.3283398,19.5033741],[73.3281084,19.5037249],[73.3278307,19.5042303],[73.3276301,19.5046374],[73.3274084,19.5051919],[73.327387,19.5051866],[73.3276001,19.5046355],[73.327793,19.5041954],[73.3280995,19.5036328],[73.3283824,19.5032424],[73.3286068,19.5029479]]]],"type":"MultiPolygon"},"id":"way/1314987883","properties":{"all_driver_tags":{"public_transport":"platform","railway":"platform","ref":"2","train":"yes"},"boarding_coordinate_status":"not_derived_from_area","extent_intersection_status":"intersects_research_envelope","geometry_status":"valid","name":"","osm_object_id":"1314987883","osm_object_type":"way","selected_tags":{"public_transport":"platform","railway":"platform"},"source":"mapped_osm_feature","source_id":"osm_western_zone_20260915","source_sha256":"c335a72cadfebc3ffde5cfff20fc9711f3112bc11000d43fde4daea10c36b53e","status":"unverified_operation_and_station_identity"},"type":"Feature"},{"geometry":{"coordinates":[[[[73.3274255,19.5051961],[73.3274084,19.5051919],[73.3276301,19.5046374],[73.3278307,19.5042303],[73.3281084,19.5037249],[73.3283398,19.5033741],[73.3286464,19.5029724],[73.3286901,19.5030016],[73.3284679,19.5032868],[73.3283811,19.5033982],[73.3280973,19.503862],[73.3278699,19.5042509],[73.3276707,19.5046495],[73.3274255,19.5051961]]]],"type":"MultiPolygon"},"id":"way/1314987884","properties":{"all_driver_tags":{"public_transport":"platform","railway":"platform","ref":"1","train":"yes"},"boarding_coordinate_status":"not_derived_from_area","extent_intersection_status":"intersects_research_envelope","geometry_status":"valid","name":"","osm_object_id":"1314987884","osm_object_type":"way","selected_tags":{"public_transport":"platform","railway":"platform"},"source":"mapped_osm_feature","source_id":"osm_western_zone_20260915","source_sha256":"c335a72cadfebc3ffde5cfff20fc9711f3112bc11000d43fde4daea10c36b53e","status":"unverified_operation_and_station_identity"},"type":"Feature"},{"geometry":{"coordinates":[[[[73.3084073,19.4406362],[73.3082095,19.4401229],[73.3079986,19.439631],[73.3077895,19.4391887],[73.3075146,19.4386968],[73.3073074,19.4383824],[73.3072635,19.4384033],[73.3074541,19.4387272],[73.3077201,19.4392195],[73.3079385,19.4396576],[73.3081569,19.4401425],[73.3083713,19.4406518],[73.3084073,19.4406362]]]],"type":"MultiPolygon"},"id":"way/1314987885","properties":{"all_driver_tags":{"public_transport":"platform","railway":"platform","ref":"2","train":"yes"},"boarding_coordinate_status":"not_derived_from_area","extent_intersection_status":"intersects_research_envelope","geometry_status":"valid","name":"","osm_object_id":"1314987885","osm_object_type":"way","selected_tags":{"public_transport":"platform","railway":"platform"},"source":"mapped_osm_feature","source_id":"osm_western_zone_20260915","source_sha256":"c335a72cadfebc3ffde5cfff20fc9711f3112bc11000d43fde4daea10c36b53e","status":"unverified_operation_and_station_identity"},"type":"Feature"},{"geometry":{"coordinates":[[[[73.307217,19.4384304],[73.3076521,19.4392598],[73.3080061,19.4399524],[73.3083319,19.4406735],[73.3083713,19.4406518],[73.3081569,19.4401425],[73.3079385,19.4396576],[73.3077201,19.4392195],[73.3074541,19.4387272],[73.3072635,19.4384033],[73.307217,19.4384304]]]],"type":"MultiPolygon"},"id":"way/1314987886","properties":{"all_driver_tags":{"public_transport":"platform","railway":"platform","ref":"1","train":"yes"},"boarding_coordinate_status":"not_derived_from_area","extent_intersection_status":"intersects_research_envelope","geometry_status":"valid","name":"","osm_object_id":"1314987886","osm_object_type":"way","selected_tags":{"public_transport":"platform","railway":"platform"},"source":"mapped_osm_feature","source_id":"osm_western_zone_20260915","source_sha256":"c335a72cadfebc3ffde5cfff20fc9711f3112bc11000d43fde4daea10c36b53e","status":"unverified_operation_and_station_identity"},"type":"Feature"},{"geometry":{"coordinates":[[[[73.2684281,19.4075013],[73.2684715,19.4074606],[73.2682978,19.4073301],[73.2663882,19.4058615],[73.2663291,19.4058162],[73.2662817,19.4058674],[73.2663392,19.4059116],[73.2682498,19.4073862],[73.2684281,19.4075013]]]],"type":"MultiPolygon"},"id":"way/1314987888","properties":{"all_driver_tags":{"public_transport":"platform","railway":"platform","ref":"1","train":"yes"},"boarding_coordinate_status":"not_derived_from_area","extent_intersection_status":"intersects_research_envelope","geometry_status":"valid","name":"","osm_object_id":"1314987888","osm_object_type":"way","selected_tags":{"public_transport":"platform","railway":"platform"},"source":"mapped_osm_feature","source_id":"osm_western_zone_20260915","source_sha256":"c335a72cadfebc3ffde5cfff20fc9711f3112bc11000d43fde4daea10c36b53e","status":"unverified_operation_and_station_identity"},"type":"Feature"},{"geometry":{"coordinates":[[[[73.1715413,19.2672436],[73.1715902,19.2672204],[73.1717742,19.2675528],[73.1719698,19.2678685],[73.1722069,19.2682068],[73.1724768,19.2685601],[73.1727395,19.2688666],[73.1730422,19.2691748],[73.1729986,19.2692074],[73.172688,19.2688941],[73.1724324,19.2685899],[73.1721625,19.2682238],[73.1719176,19.2678904],[73.1717259,19.267572],[73.1715413,19.2672436]]]],"type":"MultiPolygon"},"id":"way/1314987889","properties":{"all_driver_tags":{"public_transport":"platform","railway":"platform","ref":"2","train":"yes"},"boarding_coordinate_status":"not_derived_from_area","extent_intersection_status":"intersects_research_envelope","geometry_status":"valid","name":"","osm_object_id":"1314987889","osm_object_type":"way","selected_tags":{"public_transport":"platform","railway":"platform"},"source":"mapped_osm_feature","source_id":"osm_western_zone_20260915","source_sha256":"c335a72cadfebc3ffde5cfff20fc9711f3112bc11000d43fde4daea10c36b53e","status":"unverified_operation_and_station_identity"},"type":"Feature"},{"geometry":{"coordinates":[[[[73.1728974,19.2692677],[73.172859,19.2692985],[73.1725776,19.2690053],[73.1722972,19.2686829],[73.172037,19.2683513],[73.1717919,19.2679997],[73.1715548,19.267638],[73.1713708,19.2672699],[73.171427,19.2672376],[73.1716584,19.2676809],[73.171843,19.2679809],[73.1720791,19.2683311],[73.1723401,19.2686612],[73.1726134,19.2689728],[73.1728974,19.2692677]]]],"type":"MultiPolygon"},"id":"way/1314987890","properties":{"all_driver_tags":{"public_transport":"platform","railway":"platform","ref":"1","train":"yes"},"boarding_coordinate_status":"not_derived_from_area","extent_intersection_status":"intersects_research_envelope","geometry_status":"valid","name":"","osm_object_id":"1314987890","osm_object_type":"way","selected_tags":{"public_transport":"platform","railway":"platform"},"source":"mapped_osm_feature","source_id":"osm_western_zone_20260915","source_sha256":"c335a72cadfebc3ffde5cfff20fc9711f3112bc11000d43fde4daea10c36b53e","status":"unverified_operation_and_station_identity"},"type":"Feature"},{"geometry":{"coordinates":[[[[73.4785713,18.7439876],[73.4785591,18.744053],[73.4788233,18.7441124],[73.4791552,18.7441828],[73.4794953,18.74425],[73.4801343,18.744361],[73.4812735,18.7445596],[73.4812849,18.7445153],[73.4801497,18.744281],[73.4785713,18.7439876]]]],"type":"MultiPolygon"},"id":"way/1315005284","properties":{"all_driver_tags":{"public_transport":"platform","railway":"platform","ref":"1","train":"yes"},"boarding_coordinate_status":"not_derived_from_area","extent_intersection_status":"intersects_research_envelope","geometry_status":"valid","name":"","osm_object_id":"1315005284","osm_object_type":"way","selected_tags":{"public_transport":"platform","railway":"platform"},"source":"mapped_osm_feature","source_id":"osm_western_zone_20260915","source_sha256":"c335a72cadfebc3ffde5cfff20fc9711f3112bc11000d43fde4daea10c36b53e","status":"unverified_operation_and_station_identity"},"type":"Feature"},{"geometry":{"coordinates":[[[[73.4787872,18.7438689],[73.4801785,18.7441444],[73.4816845,18.7444494],[73.481692,18.7444187],[73.4816982,18.7443911],[73.480195,18.744077],[73.4788015,18.7438],[73.4787943,18.7438328],[73.4787872,18.7438689]]]],"type":"MultiPolygon"},"id":"way/1315005285","properties":{"all_driver_tags":{"public_transport":"platform","railway":"platform","ref":"2","train":"yes"},"boarding_coordinate_status":"not_derived_from_area","extent_intersection_status":"intersects_research_envelope","geometry_status":"valid","name":"","osm_object_id":"1315005285","osm_object_type":"way","selected_tags":{"public_transport":"platform","railway":"platform"},"source":"mapped_osm_feature","source_id":"osm_western_zone_20260915","source_sha256":"c335a72cadfebc3ffde5cfff20fc9711f3112bc11000d43fde4daea10c36b53e","status":"unverified_operation_and_station_identity"},"type":"Feature"},{"geometry":{"coordinates":[[[[72.8350176,18.9404933],[72.8348441,18.9421445],[72.8349011,18.9421502],[72.8350742,18.9404986],[72.8350459,18.940496],[72.8350176,18.9404933]]]],"type":"MultiPolygon"},"id":"way/1315478126","properties":{"all_driver_tags":{"bench":"yes","bin":"yes","covered":"yes","level":"0","lit":"yes","name":"1","passenger_information_display":"yes","public_transport":"platform","railway":"platform","ref":"1","tactile_paving":"yes","train":"yes","wheelchair":"yes"},"boarding_coordinate_status":"not_derived_from_area","extent_intersection_status":"intersects_research_envelope","geometry_status":"valid","name":"1","osm_object_id":"1315478126","osm_object_type":"way","selected_tags":{"public_transport":"platform","railway":"platform"},"source":"mapped_osm_feature","source_id":"osm_western_zone_20260915","source_sha256":"c335a72cadfebc3ffde5cfff20fc9711f3112bc11000d43fde4daea10c36b53e","status":"unverified_operation_and_station_identity"},"type":"Feature"},{"geometry":{"coordinates":[[[[72.8355015,18.9434084],[72.8355066,18.9433599],[72.8355526,18.9429231],[72.8355951,18.9425198],[72.8357817,18.9407466],[72.8357405,18.9407426],[72.8355545,18.942516],[72.835462,18.9433978],[72.8354524,18.9435225],[72.8354489,18.943647],[72.8354497,18.9437257],[72.8354532,18.9438025],[72.8354568,18.9438483],[72.8354827,18.9438467],[72.835504,18.9438454],[72.8355008,18.9438006],[72.8354993,18.9437251],[72.8354897,18.9437253],[72.8354887,18.9436476],[72.8354922,18.9435234],[72.8355015,18.9434084]]]],"type":"MultiPolygon"},"id":"way/1315478128","properties":{"all_driver_tags":{"bench":"yes","bin":"yes","covered":"yes","level":"0","lit":"yes","name":"7-8","passenger_information_display":"yes","public_transport":"platform","railway":"platform","ref":"7;8","tactile_paving":"yes","train":"yes","wheelchair":"yes"},"boarding_coordinate_status":"not_derived_from_area","extent_intersection_status":"intersects_research_envelope","geometry_status":"valid","name":"7-8","osm_object_id":"1315478128","osm_object_type":"way","selected_tags":{"public_transport":"platform","railway":"platform"},"source":"mapped_osm_feature","source_id":"osm_western_zone_20260915","source_sha256":"c335a72cadfebc3ffde5cfff20fc9711f3112bc11000d43fde4daea10c36b53e","status":"unverified_operation_and_station_identity"},"type":"Feature"},{"geometry":{"coordinates":[[[[73.5539044,18.7674319],[73.5539227,18.7673806],[73.5536264,18.7672903],[73.5531124,18.7671127],[73.5527893,18.7669891],[73.5523501,18.7667995],[73.551517,18.7664438],[73.5514967,18.7664803],[73.5522751,18.7668251],[73.5527721,18.7670314],[73.5530926,18.7671571],[73.5536103,18.7673421],[73.5539044,18.7674319]]]],"type":"MultiPolygon"},"id":"way/1316323078","properties":{"all_driver_tags":{"public_transport":"platform","railway":"platform","ref":"2","train":"yes"},"boarding_coordinate_status":"not_derived_from_area","extent_intersection_status":"intersects_research_envelope","geometry_status":"valid","name":"","osm_object_id":"1316323078","osm_object_type":"way","selected_tags":{"public_transport":"platform","railway":"platform"},"source":"mapped_osm_feature","source_id":"osm_western_zone_20260915","source_sha256":"c335a72cadfebc3ffde5cfff20fc9711f3112bc11000d43fde4daea10c36b53e","status":"unverified_operation_and_station_identity"},"type":"Feature"},{"geometry":{"coordinates":[[[[73.5533582,18.7673413],[73.5528499,18.7671473],[73.5525642,18.7670311],[73.5521732,18.7668651],[73.5510086,18.7663457],[73.5509863,18.7663883],[73.5521548,18.7669067],[73.5525432,18.7670763],[73.5528295,18.7671967],[73.5530789,18.7672887],[73.5530706,18.7673109],[73.5533351,18.7674028],[73.5533582,18.7673413]]]],"type":"MultiPolygon"},"id":"way/1316323079","properties":{"all_driver_tags":{"public_transport":"platform","railway":"platform","ref":"1","train":"yes"},"boarding_coordinate_status":"not_derived_from_area","extent_intersection_status":"intersects_research_envelope","geometry_status":"valid","name":"","osm_object_id":"1316323079","osm_object_type":"way","selected_tags":{"public_transport":"platform","railway":"platform"},"source":"mapped_osm_feature","source_id":"osm_western_zone_20260915","source_sha256":"c335a72cadfebc3ffde5cfff20fc9711f3112bc11000d43fde4daea10c36b53e","status":"unverified_operation_and_station_identity"},"type":"Feature"},{"geometry":{"coordinates":[[[[73.6395672,18.741154],[73.6388028,18.741452],[73.6384516,18.7416018],[73.6381059,18.7417593],[73.6375833,18.7420259],[73.6372736,18.742197],[73.6367449,18.7424943],[73.6366363,18.7425538],[73.6357093,18.743137],[73.6356794,18.7430975],[73.6366107,18.7425117],[73.6367177,18.7424511],[73.6372465,18.7421537],[73.6375569,18.741979],[73.6380787,18.7417089],[73.6384246,18.7415467],[73.6387787,18.7413981],[73.6395411,18.7410965],[73.6395672,18.741154]]]],"type":"MultiPolygon"},"id":"way/1316323080","properties":{"all_driver_tags":{"public_transport":"platform","railway":"platform","ref":"2","train":"yes"},"boarding_coordinate_status":"not_derived_from_area","extent_intersection_status":"intersects_research_envelope","geometry_status":"valid","name":"","osm_object_id":"1316323080","osm_object_type":"way","selected_tags":{"public_transport":"platform","railway":"platform"},"source":"mapped_osm_feature","source_id":"osm_western_zone_20260915","source_sha256":"c335a72cadfebc3ffde5cfff20fc9711f3112bc11000d43fde4daea10c36b53e","status":"unverified_operation_and_station_identity"},"type":"Feature"},{"geometry":{"coordinates":[[[[73.63577,18.7432011],[73.6358154,18.7432606],[73.6367207,18.7426828],[73.6367328,18.7426993],[73.6376742,18.7421761],[73.6381791,18.7419094],[73.6385174,18.7417485],[73.6388651,18.7415982],[73.6394284,18.7413772],[73.6396416,18.7413239],[73.639594,18.7412206],[73.6388307,18.741521],[73.6384788,18.7416689],[73.6381382,18.741831],[73.637624,18.7420889],[73.63719,18.7423314],[73.6367909,18.7425544],[73.6366783,18.7426173],[73.63577,18.7432011]]]],"type":"MultiPolygon"},"id":"way/1316323081","properties":{"all_driver_tags":{"public_transport":"platform","railway":"platform","ref":"1","train":"yes"},"boarding_coordinate_status":"not_derived_from_area","extent_intersection_status":"intersects_research_envelope","geometry_status":"valid","name":"","osm_object_id":"1316323081","osm_object_type":"way","selected_tags":{"public_transport":"platform","railway":"platform"},"source":"mapped_osm_feature","source_id":"osm_western_zone_20260915","source_sha256":"c335a72cadfebc3ffde5cfff20fc9711f3112bc11000d43fde4daea10c36b53e","status":"unverified_operation_and_station_identity"},"type":"Feature"},{"geometry":{"coordinates":[[[[73.6695909,18.7376895],[73.6708741,18.7365757],[73.6718954,18.7356539],[73.6719306,18.7356221],[73.6728119,18.7348256],[73.6733374,18.7343486],[73.6733858,18.7343956],[73.6728642,18.7348881],[73.6722576,18.7354347],[73.6719568,18.7357058],[73.6709262,18.7366285],[73.6696421,18.737745],[73.6695909,18.7376895]]]],"type":"MultiPolygon"},"id":"way/1316323082","properties":{"all_driver_tags":{"name":"Talegaon","name:en":"Talegaon","name:hi":"तलेगाँव","name:mr":"तळेगाव","public_transport":"platform","railway":"platform","ref":"1"},"boarding_coordinate_status":"not_derived_from_area","extent_intersection_status":"intersects_research_envelope","geometry_status":"valid","name":"Talegaon","osm_object_id":"1316323082","osm_object_type":"way","selected_tags":{"public_transport":"platform","railway":"platform"},"source":"mapped_osm_feature","source_id":"osm_western_zone_20260915","source_sha256":"c335a72cadfebc3ffde5cfff20fc9711f3112bc11000d43fde4daea10c36b53e","status":"unverified_operation_and_station_identity"},"type":"Feature"},{"geometry":{"coordinates":[[[[73.6732076,18.7342345],[73.671976,18.7353606],[73.6718168,18.7355039],[73.6707596,18.7364549],[73.6694734,18.7375544],[73.6694267,18.7375099],[73.6701006,18.7369321],[73.6704936,18.7365453],[73.670535,18.7365861],[73.6707245,18.7364212],[73.6717432,18.7354974],[73.6720668,18.7352037],[73.6725309,18.7347808],[73.6725067,18.7347579],[73.6731548,18.7341785],[73.6732076,18.7342345]]]],"type":"MultiPolygon"},"id":"way/1316323083","properties":{"all_driver_tags":{"name":"Talegaon","name:en":"Talegaon","name:hi":"तलेगाँव","name:mr":"तळेगाव","public_transport":"platform","railway":"platform","ref":"2"},"boarding_coordinate_status":"not_derived_from_area","extent_intersection_status":"intersects_research_envelope","geometry_status":"valid","name":"Talegaon","osm_object_id":"1316323083","osm_object_type":"way","selected_tags":{"public_transport":"platform","railway":"platform"},"source":"mapped_osm_feature","source_id":"osm_western_zone_20260915","source_sha256":"c335a72cadfebc3ffde5cfff20fc9711f3112bc11000d43fde4daea10c36b53e","status":"unverified_operation_and_station_identity"},"type":"Feature"},{"geometry":{"coordinates":[[[[73.6973868,18.7187228],[73.6972997,18.7190515],[73.6972147,18.7193347],[73.6971342,18.7195896],[73.6970617,18.7197899],[73.6969635,18.7200388],[73.6968794,18.7202331],[73.6967865,18.7204275],[73.6966883,18.7206315],[73.6965795,18.7208381],[73.6963646,18.7212009],[73.6961725,18.7214909],[73.6961295,18.7214629],[73.6963225,18.7211752],[73.69653,18.7208138],[73.6966331,18.720607],[73.6967327,18.7204052],[73.6968212,18.7202122],[73.6969062,18.7200174],[73.6970036,18.7197725],[73.6970768,18.7195734],[73.6971567,18.719322],[73.6972398,18.7190348],[73.6973228,18.7187094],[73.6973868,18.7187228]]]],"type":"MultiPolygon"},"id":"way/1316323084","properties":{"all_driver_tags":{"public_transport":"platform","railway":"platform","ref":"2","train":"yes"},"boarding_coordinate_status":"not_derived_from_area","extent_intersection_status":"intersects_research_envelope","geometry_status":"valid","name":"","osm_object_id":"1316323084","osm_object_type":"way","selected_tags":{"public_transport":"platform","railway":"platform"},"source":"mapped_osm_feature","source_id":"osm_western_zone_20260915","source_sha256":"c335a72cadfebc3ffde5cfff20fc9711f3112bc11000d43fde4daea10c36b53e","status":"unverified_operation_and_station_identity"},"type":"Feature"},{"geometry":{"coordinates":[[[[73.6974708,18.7187871],[73.6974251,18.7187782],[73.6973487,18.7190542],[73.6972774,18.7192951],[73.697213,18.719495],[73.6971256,18.7197454],[73.6970361,18.7199777],[73.6969386,18.7202099],[73.6968311,18.7204441],[73.696626,18.7208535],[73.6964381,18.721181],[73.696233,18.7215075],[73.6962767,18.721534],[73.6964839,18.7212043],[73.6966715,18.7208758],[73.6968821,18.7204652],[73.6969918,18.7202289],[73.6970874,18.7199943],[73.6971776,18.7197613],[73.6972626,18.7195116],[73.6973263,18.7193104],[73.6973953,18.7190658],[73.6974708,18.7187871]]]],"type":"MultiPolygon"},"id":"way/1316323085","properties":{"all_driver_tags":{"public_transport":"platform","railway":"platform","ref":"1","train":"yes"},"boarding_coordinate_status":"not_derived_from_area","extent_intersection_status":"intersects_research_envelope","geometry_status":"valid","name":"","osm_object_id":"1316323085","osm_object_type":"way","selected_tags":{"public_transport":"platform","railway":"platform"},"source":"mapped_osm_feature","source_id":"osm_western_zone_20260915","source_sha256":"c335a72cadfebc3ffde5cfff20fc9711f3112bc11000d43fde4daea10c36b53e","status":"unverified_operation_and_station_identity"},"type":"Feature"},{"geometry":{"coordinates":[[[[73.7107033,18.700177],[73.7107302,18.7002401],[73.7103728,18.7003714],[73.7099645,18.7005027],[73.7095501,18.7006194],[73.709011,18.7007449],[73.7084256,18.7008515],[73.7076245,18.7009886],[73.7076107,18.7009265],[73.7081753,18.7008286],[73.7086675,18.7007397],[73.709283,18.7006038],[73.7098262,18.7004615],[73.7102687,18.7003307],[73.7107033,18.700177]]]],"type":"MultiPolygon"},"id":"way/1316323086","properties":{"all_driver_tags":{"name":"Begdewadi","name:en":"Begdewadi","name:hi":"बेगड़ेवाड़ी","name:mr":"बेगडेवाडी","public_transport":"platform","railway":"platform","ref":"1"},"boarding_coordinate_status":"not_derived_from_area","extent_intersection_status":"intersects_research_envelope","geometry_status":"valid","name":"Begdewadi","osm_object_id":"1316323086","osm_object_type":"way","selected_tags":{"public_transport":"platform","railway":"platform"},"source":"mapped_osm_feature","source_id":"osm_western_zone_20260915","source_sha256":"c335a72cadfebc3ffde5cfff20fc9711f3112bc11000d43fde4daea10c36b53e","status":"unverified_operation_and_station_identity"},"type":"Feature"},{"geometry":{"coordinates":[[[[73.7075852,18.7008375],[73.7075752,18.7007975],[73.7083639,18.7006559],[73.7087999,18.7005771],[73.7092698,18.7004633],[73.7096795,18.7003553],[73.7101571,18.7002138],[73.7106516,18.7000401],[73.7106764,18.7000944],[73.7103385,18.7002202],[73.7099777,18.7003345],[73.70957,18.700445],[73.7090953,18.7005581],[73.7087037,18.7006432],[73.7082624,18.7007232],[73.7078641,18.7007893],[73.7075852,18.7008375]]]],"type":"MultiPolygon"},"id":"way/1316323087","properties":{"all_driver_tags":{"name":"Begdewadi","name:en":"Begdewadi","name:hi":"बेगड़ेवाड़ी","name:mr":"बेगडेवाडी","public_transport":"platform","railway":"platform","ref":"2"},"boarding_coordinate_status":"not_derived_from_area","extent_intersection_status":"intersects_research_envelope","geometry_status":"valid","name":"Begdewadi","osm_object_id":"1316323087","osm_object_type":"way","selected_tags":{"public_transport":"platform","railway":"platform"},"source":"mapped_osm_feature","source_id":"osm_western_zone_20260915","source_sha256":"c335a72cadfebc3ffde5cfff20fc9711f3112bc11000d43fde4daea10c36b53e","status":"unverified_operation_and_station_identity"},"type":"Feature"},{"geometry":{"coordinates":[[[[73.7329153,18.6820667],[73.7353324,18.6791125],[73.7353071,18.6790936],[73.7350632,18.6793231],[73.734862,18.6795446],[73.7335651,18.6811506],[73.733311,18.6814933],[73.7329013,18.6820578],[73.7329153,18.6820667]]]],"type":"MultiPolygon"},"id":"way/1316323088","properties":{"all_driver_tags":{"public_transport":"platform","railway":"platform","ref":"3","train":"yes"},"boarding_coordinate_status":"not_derived_from_area","extent_intersection_status":"intersects_research_envelope","geometry_status":"valid","name":"","osm_object_id":"1316323088","osm_object_type":"way","selected_tags":{"public_transport":"platform","railway":"platform"},"source":"mapped_osm_feature","source_id":"osm_western_zone_20260915","source_sha256":"c335a72cadfebc3ffde5cfff20fc9711f3112bc11000d43fde4daea10c36b53e","status":"unverified_operation_and_station_identity"},"type":"Feature"},{"geometry":{"coordinates":[[[[73.735642,18.6788439],[73.7334675,18.6815184],[73.7334899,18.6815336],[73.7336717,18.6813409],[73.7338781,18.6811381],[73.7340445,18.6809702],[73.7342155,18.6807732],[73.7350489,18.6797473],[73.7352091,18.6795401],[73.7353308,18.6793678],[73.7356651,18.6788614],[73.735642,18.6788439]]]],"type":"MultiPolygon"},"id":"way/1316323089","properties":{"all_driver_tags":{"public_transport":"platform","railway":"platform","ref":"1;2","train":"yes"},"boarding_coordinate_status":"not_derived_from_area","extent_intersection_status":"intersects_research_envelope","geometry_status":"valid","name":"","osm_object_id":"1316323089","osm_object_type":"way","selected_tags":{"public_transport":"platform","railway":"platform"},"source":"mapped_osm_feature","source_id":"osm_western_zone_20260915","source_sha256":"c335a72cadfebc3ffde5cfff20fc9711f3112bc11000d43fde4daea10c36b53e","status":"unverified_operation_and_station_identity"},"type":"Feature"},{"geometry":{"coordinates":[[[[72.846661,19.1211286],[72.8462967,19.1184928],[72.8462679,19.1184985],[72.8463788,19.1193034],[72.8463087,19.1194381],[72.8464336,19.1202873],[72.8465595,19.1211435],[72.846661,19.1211286]]]],"type":"MultiPolygon"},"id":"way/1317052392","properties":{"all_driver_tags":{"bench":"yes","bin":"yes","lit":"yes","name":"Andheri","public_transport":"platform","railway":"platform","ref":"1","shelter":"yes","train":"yes"},"boarding_coordinate_status":"not_derived_from_area","extent_intersection_status":"intersects_research_envelope","geometry_status":"valid","name":"Andheri","osm_object_id":"1317052392","osm_object_type":"way","selected_tags":{"public_transport":"platform","railway":"platform"},"source":"mapped_osm_feature","source_id":"osm_western_zone_20260915","source_sha256":"c335a72cadfebc3ffde5cfff20fc9711f3112bc11000d43fde4daea10c36b53e","status":"unverified_operation_and_station_identity"},"type":"Feature"},{"geometry":{"coordinates":[[[[72.9767451,19.2092087],[72.9768868,19.2092669],[72.9768915,19.2089891],[72.9767359,19.2089891],[72.9767348,19.2091957],[72.9767343,19.2092771],[72.9768822,19.2092917],[72.9767451,19.2092087]]]],"type":"MultiPolygon"},"id":"way/1317494587","properties":{"all_driver_tags":{"amenity":"bicycle_parking","bicycle_parking":"lockers"},"boarding_coordinate_status":"not_derived_from_area","extent_intersection_status":"intersects_research_envelope","geometry_status":"valid","name":"","osm_object_id":"1317494587","osm_object_type":"way","selected_tags":{"amenity":"bicycle_parking"},"source":"mapped_osm_feature","source_id":"osm_western_zone_20260915","source_sha256":"c335a72cadfebc3ffde5cfff20fc9711f3112bc11000d43fde4daea10c36b53e","status":"unverified_operation_and_station_identity"},"type":"Feature"},{"geometry":{"coordinates":[[[[72.8839754,19.1335931],[72.8839991,19.133589],[72.8845261,19.133499],[72.8847695,19.1334574],[72.8868936,19.1330945],[72.8867899,19.1325528],[72.8838717,19.1330514],[72.8838807,19.1330985],[72.8838934,19.1331648],[72.883907,19.1332355],[72.883918,19.133293],[72.8839349,19.1333814],[72.8839501,19.1334609],[72.8839645,19.1335361],[72.8839754,19.1335931]]]],"type":"MultiPolygon"},"id":"way/1320051287","properties":{"all_driver_tags":{"building":"yes","height":"25","name":"MML3 maintenance workshop building","railway":"workshop"},"boarding_coordinate_status":"not_derived_from_area","extent_intersection_status":"intersects_research_envelope","geometry_status":"valid","name":"MML3 maintenance workshop building","osm_object_id":"1320051287","osm_object_type":"way","selected_tags":{"railway":"workshop"},"source":"mapped_osm_feature","source_id":"osm_western_zone_20260915","source_sha256":"c335a72cadfebc3ffde5cfff20fc9711f3112bc11000d43fde4daea10c36b53e","status":"unverified_operation_and_station_identity"},"type":"Feature"},{"geometry":{"coordinates":[[[[72.8825559,19.1316357],[72.8825588,19.1316574],[72.8825649,19.131702],[72.8825709,19.1317457],[72.8825765,19.1317866],[72.8825827,19.1318312],[72.8825888,19.1318757],[72.8825936,19.1319113],[72.8825991,19.1319514],[72.8826059,19.1320004],[72.8826114,19.1320405],[72.8826137,19.132058],[72.8824787,19.1320745],[72.8824853,19.1321229],[72.8824915,19.1321681],[72.8824983,19.1322178],[72.8825064,19.1322765],[72.8825118,19.1323166],[72.8825173,19.1323567],[72.8825235,19.1324012],[72.8825289,19.1324413],[72.8825344,19.1324814],[72.8825428,19.1325422],[72.8844634,19.1323071],[72.8843414,19.1314172],[72.8825559,19.1316357]]]],"type":"MultiPolygon"},"id":"way/1320282014","properties":{"all_driver_tags":{"building":"yes","height":"18","layer":"1","name":"Metro Line 3 Carshed","railway":"workshop"},"boarding_coordinate_status":"not_derived_from_area","extent_intersection_status":"intersects_research_envelope","geometry_status":"valid","name":"Metro Line 3 Carshed","osm_object_id":"1320282014","osm_object_type":"way","selected_tags":{"railway":"workshop"},"source":"mapped_osm_feature","source_id":"osm_western_zone_20260915","source_sha256":"c335a72cadfebc3ffde5cfff20fc9711f3112bc11000d43fde4daea10c36b53e","status":"unverified_operation_and_station_identity"},"type":"Feature"},{"geometry":{"coordinates":[[[[72.8851908,19.1309083],[72.8851857,19.1308718],[72.8835065,19.1310811],[72.8835116,19.1311175],[72.8851908,19.1309083]]]],"type":"MultiPolygon"},"id":"way/1320487955","properties":{"all_driver_tags":{"public_transport":"platform","railway":"platform","subway":"yes"},"boarding_coordinate_status":"not_derived_from_area","extent_intersection_status":"intersects_research_envelope","geometry_status":"valid","name":"","osm_object_id":"1320487955","osm_object_type":"way","selected_tags":{"public_transport":"platform","railway":"platform"},"source":"mapped_osm_feature","source_id":"osm_western_zone_20260915","source_sha256":"c335a72cadfebc3ffde5cfff20fc9711f3112bc11000d43fde4daea10c36b53e","status":"unverified_operation_and_station_identity"},"type":"Feature"},{"geometry":{"coordinates":[[[[72.883534,19.1312507],[72.8852184,19.1310408],[72.8852111,19.130989],[72.8835268,19.1311988],[72.883534,19.1312507]]]],"type":"MultiPolygon"},"id":"way/1320487956","properties":{"all_driver_tags":{"public_transport":"platform","railway":"platform","subway":"yes"},"boarding_coordinate_status":"not_derived_from_area","extent_intersection_status":"intersects_research_envelope","geometry_status":"valid","name":"","osm_object_id":"1320487956","osm_object_type":"way","selected_tags":{"public_transport":"platform","railway":"platform"},"source":"mapped_osm_feature","source_id":"osm_western_zone_20260915","source_sha256":"c335a72cadfebc3ffde5cfff20fc9711f3112bc11000d43fde4daea10c36b53e","status":"unverified_operation_and_station_identity"},"type":"Feature"},{"geometry":{"coordinates":[[[[72.8825861,19.132575],[72.8826156,19.1327995],[72.8831313,19.1327391],[72.8831018,19.1325145],[72.8825861,19.132575]]]],"type":"MultiPolygon"},"id":"way/1320487961","properties":{"all_driver_tags":{"building":"yes","layer":"1","railway":"workshop"},"boarding_coordinate_status":"not_derived_from_area","extent_intersection_status":"intersects_research_envelope","geometry_status":"valid","name":"","osm_object_id":"1320487961","osm_object_type":"way","selected_tags":{"railway":"workshop"},"source":"mapped_osm_feature","source_id":"osm_western_zone_20260915","source_sha256":"c335a72cadfebc3ffde5cfff20fc9711f3112bc11000d43fde4daea10c36b53e","status":"unverified_operation_and_station_identity"},"type":"Feature"},{"geometry":{"coordinates":[[[[72.8555184,19.1294857],[72.8555692,19.1277578],[72.8555209,19.1277565],[72.8554701,19.1294844],[72.8555184,19.1294857]]]],"type":"MultiPolygon"},"id":"way/1322610036","properties":{"all_driver_tags":{"bench":"yes","bin":"yes","lit":"yes","public_transport":"platform","railway":"platform","shelter":"yes","subway":"yes"},"boarding_coordinate_status":"not_derived_from_area","extent_intersection_status":"intersects_research_envelope","geometry_status":"valid","name":"","osm_object_id":"1322610036","osm_object_type":"way","selected_tags":{"public_transport":"platform","railway":"platform"},"source":"mapped_osm_feature","source_id":"osm_western_zone_20260915","source_sha256":"c335a72cadfebc3ffde5cfff20fc9711f3112bc11000d43fde4daea10c36b53e","status":"unverified_operation_and_station_identity"},"type":"Feature"},{"geometry":{"coordinates":[[[[72.8488371,19.0707219],[72.8489595,19.0707842],[72.8497892,19.0693272],[72.8496667,19.0692649],[72.8488371,19.0707219]]]],"type":"MultiPolygon"},"id":"way/1322610037","properties":{"all_driver_tags":{"covered":"yes","public_transport":"platform","railway":"platform","subway":"yes"},"boarding_coordinate_status":"not_derived_from_area","extent_intersection_status":"intersects_research_envelope","geometry_status":"valid","name":"","osm_object_id":"1322610037","osm_object_type":"way","selected_tags":{"public_transport":"platform","railway":"platform"},"source":"mapped_osm_feature","source_id":"osm_western_zone_20260915","source_sha256":"c335a72cadfebc3ffde5cfff20fc9711f3112bc11000d43fde4daea10c36b53e","status":"unverified_operation_and_station_identity"},"type":"Feature"},{"geometry":{"coordinates":[[[[72.8549592,19.142066],[72.8554817,19.1436956],[72.855531,19.1436815],[72.8550085,19.1420519],[72.8549592,19.142066]]]],"type":"MultiPolygon"},"id":"way/1322610038","properties":{"all_driver_tags":{"bench":"yes","bin":"yes","lit":"yes","public_transport":"platform","railway":"platform","shelter":"yes","subway":"yes"},"boarding_coordinate_status":"not_derived_from_area","extent_intersection_status":"intersects_research_envelope","geometry_status":"valid","name":"","osm_object_id":"1322610038","osm_object_type":"way","selected_tags":{"public_transport":"platform","railway":"platform"},"source":"mapped_osm_feature","source_id":"osm_western_zone_20260915","source_sha256":"c335a72cadfebc3ffde5cfff20fc9711f3112bc11000d43fde4daea10c36b53e","status":"unverified_operation_and_station_identity"},"type":"Feature"},{"geometry":{"coordinates":[[[[72.8337643,19.1977546],[72.8338219,19.1977509],[72.8337032,19.1960644],[72.8336456,19.1960681],[72.8337643,19.1977546]]]],"type":"MultiPolygon"},"id":"way/1322610039","properties":{"all_driver_tags":{"public_transport":"platform","railway":"platform","subway":"yes"},"boarding_coordinate_status":"not_derived_from_area","extent_intersection_status":"intersects_research_envelope","geometry_status":"valid","name":"","osm_object_id":"1322610039","osm_object_type":"way","selected_tags":{"public_transport":"platform","railway":"platform"},"source":"mapped_osm_feature","source_id":"osm_western_zone_20260915","source_sha256":"c335a72cadfebc3ffde5cfff20fc9711f3112bc11000d43fde4daea10c36b53e","status":"unverified_operation_and_station_identity"},"type":"Feature"},{"geometry":{"coordinates":[[[[72.8798986,19.2704954],[72.8798739,19.2705218],[72.8812866,19.27151],[72.8813059,19.2714837],[72.8798986,19.2704954]]]],"type":"MultiPolygon"},"id":"way/1322610040","properties":{"all_driver_tags":{"layer":"3","public_transport":"platform","railway":"platform","subway":"yes"},"boarding_coordinate_status":"not_derived_from_area","extent_intersection_status":"intersects_research_envelope","geometry_status":"valid","name":"","osm_object_id":"1322610040","osm_object_type":"way","selected_tags":{"public_transport":"platform","railway":"platform"},"source":"mapped_osm_feature","source_id":"osm_western_zone_20260915","source_sha256":"c335a72cadfebc3ffde5cfff20fc9711f3112bc11000d43fde4daea10c36b53e","status":"unverified_operation_and_station_identity"},"type":"Feature"},{"geometry":{"coordinates":[[[[72.8785661,19.1080847],[72.8784151,19.1097008],[72.8785176,19.1097111],[72.8786676,19.1080936],[72.8785661,19.1080847]]]],"type":"MultiPolygon"},"id":"way/1322610041","properties":{"all_driver_tags":{"level":"-2","location":"underground","public_transport":"platform","railway":"platform","subway":"yes"},"boarding_coordinate_status":"not_derived_from_area","extent_intersection_status":"intersects_research_envelope","geometry_status":"valid","name":"","osm_object_id":"1322610041","osm_object_type":"way","selected_tags":{"public_transport":"platform","railway":"platform"},"source":"mapped_osm_feature","source_id":"osm_western_zone_20260915","source_sha256":"c335a72cadfebc3ffde5cfff20fc9711f3112bc11000d43fde4daea10c36b53e","status":"unverified_operation_and_station_identity"},"type":"Feature"},{"geometry":{"coordinates":[[[[72.8330746,19.1460321],[72.8330694,19.1460982],[72.8347883,19.1462189],[72.8347935,19.1461528],[72.8337722,19.1460811],[72.8336742,19.1460741],[72.8330746,19.1460321]]]],"type":"MultiPolygon"},"id":"way/1322610044","properties":{"all_driver_tags":{"level":"2","public_transport":"platform","railway":"platform","subway":"yes"},"boarding_coordinate_status":"not_derived_from_area","extent_intersection_status":"intersects_research_envelope","geometry_status":"valid","name":"","osm_object_id":"1322610044","osm_object_type":"way","selected_tags":{"public_transport":"platform","railway":"platform"},"source":"mapped_osm_feature","source_id":"osm_western_zone_20260915","source_sha256":"c335a72cadfebc3ffde5cfff20fc9711f3112bc11000d43fde4daea10c36b53e","status":"unverified_operation_and_station_identity"},"type":"Feature"},{"geometry":{"coordinates":[[[[72.831676,19.1299238],[72.83173,19.1299119],[72.8313244,19.1282694],[72.8312705,19.1282813],[72.831676,19.1299238]]]],"type":"MultiPolygon"},"id":"way/1322610046","properties":{"all_driver_tags":{"public_transport":"platform","railway":"platform","subway":"yes"},"boarding_coordinate_status":"not_derived_from_area","extent_intersection_status":"intersects_research_envelope","geometry_status":"valid","name":"","osm_object_id":"1322610046","osm_object_type":"way","selected_tags":{"public_transport":"platform","railway":"platform"},"source":"mapped_osm_feature","source_id":"osm_western_zone_20260915","source_sha256":"c335a72cadfebc3ffde5cfff20fc9711f3112bc11000d43fde4daea10c36b53e","status":"unverified_operation_and_station_identity"},"type":"Feature"},{"geometry":{"coordinates":[[[[72.8582036,19.1788095],[72.8581791,19.1805259],[72.8582421,19.1805267],[72.8582666,19.1788103],[72.8582036,19.1788095]]]],"type":"MultiPolygon"},"id":"way/1322610047","properties":{"all_driver_tags":{"bench":"yes","bin":"yes","lit":"yes","name":"Dindoshi","name:hi":"दिंडोशी","name:mr":"दिंडोशी","public_transport":"platform","railway":"platform","shelter":"yes","subway":"yes"},"boarding_coordinate_status":"not_derived_from_area","extent_intersection_status":"intersects_research_envelope","geometry_status":"valid","name":"Dindoshi","osm_object_id":"1322610047","osm_object_type":"way","selected_tags":{"public_transport":"platform","railway":"platform"},"source":"mapped_osm_feature","source_id":"osm_western_zone_20260915","source_sha256":"c335a72cadfebc3ffde5cfff20fc9711f3112bc11000d43fde4daea10c36b53e","status":"unverified_operation_and_station_identity"},"type":"Feature"},{"geometry":{"coordinates":[[[[72.848475,19.2947866],[72.8484708,19.2948258],[72.850241,19.2949941],[72.8502452,19.2949549],[72.848475,19.2947866]]]],"type":"MultiPolygon"},"id":"way/1322610048","properties":{"all_driver_tags":{"construction":"platform","layer":"3","public_transport":"platform","railway":"construction","subway":"yes"},"boarding_coordinate_status":"not_derived_from_area","extent_intersection_status":"intersects_research_envelope","geometry_status":"valid","name":"","osm_object_id":"1322610048","osm_object_type":"way","selected_tags":{"public_transport":"platform","railway":"construction"},"source":"mapped_osm_feature","source_id":"osm_western_zone_20260915","source_sha256":"c335a72cadfebc3ffde5cfff20fc9711f3112bc11000d43fde4daea10c36b53e","status":"unverified_operation_and_station_identity"},"type":"Feature"},{"geometry":{"coordinates":[[[[72.8583627,19.1788105],[72.8583381,19.1805269],[72.8584011,19.1805277],[72.8584257,19.1788113],[72.8583627,19.1788105]]]],"type":"MultiPolygon"},"id":"way/1322610049","properties":{"all_driver_tags":{"bench":"yes","bin":"yes","lit":"yes","name":"Dindoshi","name:hi":"दिंडोशी","name:mr":"दिंडोशी","public_transport":"platform","railway":"platform","shelter":"yes","subway":"yes"},"boarding_coordinate_status":"not_derived_from_area","extent_intersection_status":"intersects_research_envelope","geometry_status":"valid","name":"Dindoshi","osm_object_id":"1322610049","osm_object_type":"way","selected_tags":{"public_transport":"platform","railway":"platform"},"source":"mapped_osm_feature","source_id":"osm_western_zone_20260915","source_sha256":"c335a72cadfebc3ffde5cfff20fc9711f3112bc11000d43fde4daea10c36b53e","status":"unverified_operation_and_station_identity"},"type":"Feature"},{"geometry":{"coordinates":[[[[72.8553569,19.1294772],[72.8554077,19.1277493],[72.8553594,19.127748],[72.8553086,19.1294759],[72.8553569,19.1294772]]]],"type":"MultiPolygon"},"id":"way/1322610050","properties":{"all_driver_tags":{"bench":"yes","bin":"yes","lit":"yes","public_transport":"platform","railway":"platform","shelter":"yes","subway":"yes"},"boarding_coordinate_status":"not_derived_from_area","extent_intersection_status":"intersects_research_envelope","geometry_status":"valid","name":"","osm_object_id":"1322610050","osm_object_type":"way","selected_tags":{"public_transport":"platform","railway":"platform"},"source":"mapped_osm_feature","source_id":"osm_western_zone_20260915","source_sha256":"c335a72cadfebc3ffde5cfff20fc9711f3112bc11000d43fde4daea10c36b53e","status":"unverified_operation_and_station_identity"},"type":"Feature"},{"geometry":{"coordinates":[[[[72.8423017,19.2942083],[72.8422973,19.2942499],[72.8439407,19.2944063],[72.8439451,19.294365],[72.8423017,19.2942083]]]],"type":"MultiPolygon"},"id":"way/1322610054","properties":{"all_driver_tags":{"construction":"platform","layer":"3","public_transport":"platform","railway":"construction","subway":"yes"},"boarding_coordinate_status":"not_derived_from_area","extent_intersection_status":"intersects_research_envelope","geometry_status":"valid","name":"","osm_object_id":"1322610054","osm_object_type":"way","selected_tags":{"public_transport":"platform","railway":"construction"},"source":"mapped_osm_feature","source_id":"osm_western_zone_20260915","source_sha256":"c335a72cadfebc3ffde5cfff20fc9711f3112bc11000d43fde4daea10c36b53e","status":"unverified_operation_and_station_identity"},"type":"Feature"},{"geometry":{"coordinates":[[[[72.8567641,19.153215],[72.8566347,19.1515049],[72.8565731,19.1515091],[72.8567026,19.1532192],[72.8567641,19.153215]]]],"type":"MultiPolygon"},"id":"way/1322610055","properties":{"all_driver_tags":{"public_transport":"platform","railway":"platform","subway":"yes"},"boarding_coordinate_status":"not_derived_from_area","extent_intersection_status":"intersects_research_envelope","geometry_status":"valid","name":"","osm_object_id":"1322610055","osm_object_type":"way","selected_tags":{"public_transport":"platform","railway":"platform"},"source":"mapped_osm_feature","source_id":"osm_western_zone_20260915","source_sha256":"c335a72cadfebc3ffde5cfff20fc9711f3112bc11000d43fde4daea10c36b53e","status":"unverified_operation_and_station_identity"},"type":"Feature"},{"geometry":{"coordinates":[[[[72.8315199,19.1299545],[72.8315738,19.1299426],[72.8311683,19.1283002],[72.8311143,19.1283121],[72.8315199,19.1299545]]]],"type":"MultiPolygon"},"id":"way/1322610056","properties":{"all_driver_tags":{"public_transport":"platform","railway":"platform","subway":"yes"},"boarding_coordinate_status":"not_derived_from_area","extent_intersection_status":"intersects_research_envelope","geometry_status":"valid","name":"","osm_object_id":"1322610056","osm_object_type":"way","selected_tags":{"public_transport":"platform","railway":"platform"},"source":"mapped_osm_feature","source_id":"osm_western_zone_20260915","source_sha256":"c335a72cadfebc3ffde5cfff20fc9711f3112bc11000d43fde4daea10c36b53e","status":"unverified_operation_and_station_identity"},"type":"Feature"},{"geometry":{"coordinates":[[[[72.8735312,19.1021985],[72.8735277,19.1023921],[72.8752924,19.1024206],[72.8752959,19.1022269],[72.8735312,19.1021985]]]],"type":"MultiPolygon"},"id":"way/1322610057","properties":{"all_driver_tags":{"public_transport":"platform","railway":"platform","subway":"yes"},"boarding_coordinate_status":"not_derived_from_area","extent_intersection_status":"intersects_research_envelope","geometry_status":"valid","name":"","osm_object_id":"1322610057","osm_object_type":"way","selected_tags":{"public_transport":"platform","railway":"platform"},"source":"mapped_osm_feature","source_id":"osm_western_zone_20260915","source_sha256":"c335a72cadfebc3ffde5cfff20fc9711f3112bc11000d43fde4daea10c36b53e","status":"unverified_operation_and_station_identity"},"type":"Feature"},{"geometry":{"coordinates":[[[[72.8339307,19.197745],[72.8339884,19.1977413],[72.8338697,19.1960548],[72.833812,19.1960585],[72.8339307,19.197745]]]],"type":"MultiPolygon"},"id":"way/1322610060","properties":{"all_driver_tags":{"public_transport":"platform","railway":"platform","subway":"yes"},"boarding_coordinate_status":"not_derived_from_area","extent_intersection_status":"intersects_research_envelope","geometry_status":"valid","name":"","osm_object_id":"1322610060","osm_object_type":"way","selected_tags":{"public_transport":"platform","railway":"platform"},"source":"mapped_osm_feature","source_id":"osm_western_zone_20260915","source_sha256":"c335a72cadfebc3ffde5cfff20fc9711f3112bc11000d43fde4daea10c36b53e","status":"unverified_operation_and_station_identity"},"type":"Feature"},{"geometry":{"coordinates":[[[[72.8583854,19.1880437],[72.8584444,19.1880438],[72.8584478,19.1863237],[72.8583888,19.1863236],[72.8583854,19.1880437]]]],"type":"MultiPolygon"},"id":"way/1322610061","properties":{"all_driver_tags":{"public_transport":"platform","railway":"platform","subway":"yes"},"boarding_coordinate_status":"not_derived_from_area","extent_intersection_status":"intersects_research_envelope","geometry_status":"valid","name":"","osm_object_id":"1322610061","osm_object_type":"way","selected_tags":{"public_transport":"platform","railway":"platform"},"source":"mapped_osm_feature","source_id":"osm_western_zone_20260915","source_sha256":"c335a72cadfebc3ffde5cfff20fc9711f3112bc11000d43fde4daea10c36b53e","status":"unverified_operation_and_station_identity"},"type":"Feature"},{"geometry":{"coordinates":[[[[72.8727532,19.2605784],[72.8727929,19.2605638],[72.8721381,19.2589956],[72.8720943,19.2590116],[72.8727532,19.2605784]]]],"type":"MultiPolygon"},"id":"way/1322610065","properties":{"all_driver_tags":{"layer":"3","public_transport":"platform","railway":"platform","subway":"yes"},"boarding_coordinate_status":"not_derived_from_area","extent_intersection_status":"intersects_research_envelope","geometry_status":"valid","name":"","osm_object_id":"1322610065","osm_object_type":"way","selected_tags":{"public_transport":"platform","railway":"platform"},"source":"mapped_osm_feature","source_id":"osm_western_zone_20260915","source_sha256":"c335a72cadfebc3ffde5cfff20fc9711f3112bc11000d43fde4daea10c36b53e","status":"unverified_operation_and_station_identity"},"type":"Feature"},{"geometry":{"coordinates":[[[[72.8590021,19.1702373],[72.8588104,19.1685326],[72.858749,19.1685387],[72.8589407,19.1702434],[72.8590021,19.1702373]]]],"type":"MultiPolygon"},"id":"way/1322610066","properties":{"all_driver_tags":{"public_transport":"platform","railway":"platform","subway":"yes"},"boarding_coordinate_status":"not_derived_from_area","extent_intersection_status":"intersects_research_envelope","geometry_status":"valid","name":"","osm_object_id":"1322610066","osm_object_type":"way","selected_tags":{"public_transport":"platform","railway":"platform"},"source":"mapped_osm_feature","source_id":"osm_western_zone_20260915","source_sha256":"c335a72cadfebc3ffde5cfff20fc9711f3112bc11000d43fde4daea10c36b53e","status":"unverified_operation_and_station_identity"},"type":"Feature"},{"geometry":{"coordinates":[[[[72.8348343,19.1631732],[72.834766,19.1631723],[72.8347515,19.1628565],[72.8347518,19.1614775],[72.8348172,19.1614775],[72.8348193,19.1628565],[72.8348343,19.1631732]]]],"type":"MultiPolygon"},"id":"way/1322610067","properties":{"all_driver_tags":{"public_transport":"platform","railway":"platform","subway":"yes"},"boarding_coordinate_status":"not_derived_from_area","extent_intersection_status":"intersects_research_envelope","geometry_status":"valid","name":"","osm_object_id":"1322610067","osm_object_type":"way","selected_tags":{"public_transport":"platform","railway":"platform"},"source":"mapped_osm_feature","source_id":"osm_western_zone_20260915","source_sha256":"c335a72cadfebc3ffde5cfff20fc9711f3112bc11000d43fde4daea10c36b53e","status":"unverified_operation_and_station_identity"},"type":"Feature"},{"geometry":{"coordinates":[[[[72.834561,19.2053332],[72.8345018,19.205345],[72.8346768,19.2061282],[72.8348188,19.207003],[72.834878,19.2069912],[72.834736,19.2061166],[72.834561,19.2053332]]]],"type":"MultiPolygon"},"id":"way/1322610068","properties":{"all_driver_tags":{"bench":"yes","bin":"yes","lit":"yes","public_transport":"platform","railway":"platform","shelter":"yes","subway":"yes"},"boarding_coordinate_status":"not_derived_from_area","extent_intersection_status":"intersects_research_envelope","geometry_status":"valid","name":"","osm_object_id":"1322610068","osm_object_type":"way","selected_tags":{"public_transport":"platform","railway":"platform"},"source":"mapped_osm_feature","source_id":"osm_western_zone_20260915","source_sha256":"c335a72cadfebc3ffde5cfff20fc9711f3112bc11000d43fde4daea10c36b53e","status":"unverified_operation_and_station_identity"},"type":"Feature"},{"geometry":{"coordinates":[[[[72.8316929,19.1414925],[72.8317482,19.1414968],[72.8318939,19.139816],[72.8318387,19.1398117],[72.8316929,19.1414925]]]],"type":"MultiPolygon"},"id":"way/1322610072","properties":{"all_driver_tags":{"public_transport":"platform","railway":"platform","subway":"yes"},"boarding_coordinate_status":"not_derived_from_area","extent_intersection_status":"intersects_research_envelope","geometry_status":"valid","name":"","osm_object_id":"1322610072","osm_object_type":"way","selected_tags":{"public_transport":"platform","railway":"platform"},"source":"mapped_osm_feature","source_id":"osm_western_zone_20260915","source_sha256":"c335a72cadfebc3ffde5cfff20fc9711f3112bc11000d43fde4daea10c36b53e","status":"unverified_operation_and_station_identity"},"type":"Feature"},{"geometry":{"coordinates":[[[[72.8484932,19.2946486],[72.848489,19.2946878],[72.8502592,19.2948562],[72.8502634,19.2948169],[72.8484932,19.2946486]]]],"type":"MultiPolygon"},"id":"way/1322610073","properties":{"all_driver_tags":{"construction":"platform","layer":"3","public_transport":"platform","railway":"construction","subway":"yes"},"boarding_coordinate_status":"not_derived_from_area","extent_intersection_status":"intersects_research_envelope","geometry_status":"valid","name":"","osm_object_id":"1322610073","osm_object_type":"way","selected_tags":{"public_transport":"platform","railway":"construction"},"source":"mapped_osm_feature","source_id":"osm_western_zone_20260915","source_sha256":"c335a72cadfebc3ffde5cfff20fc9711f3112bc11000d43fde4daea10c36b53e","status":"unverified_operation_and_station_identity"},"type":"Feature"},{"geometry":{"coordinates":[[[[72.8459863,19.2502902],[72.8458669,19.2498595],[72.8457531,19.2493922],[72.8456051,19.2486437],[72.8456753,19.2486303],[72.8458109,19.2493734],[72.8459209,19.2498515],[72.8460385,19.2502714],[72.8459863,19.2502902]]]],"type":"MultiPolygon"},"id":"way/1322610074","properties":{"all_driver_tags":{"public_transport":"platform","railway":"platform","subway":"yes"},"boarding_coordinate_status":"not_derived_from_area","extent_intersection_status":"intersects_research_envelope","geometry_status":"valid","name":"","osm_object_id":"1322610074","osm_object_type":"way","selected_tags":{"public_transport":"platform","railway":"platform"},"source":"mapped_osm_feature","source_id":"osm_western_zone_20260915","source_sha256":"c335a72cadfebc3ffde5cfff20fc9711f3112bc11000d43fde4daea10c36b53e","status":"unverified_operation_and_station_identity"},"type":"Feature"},{"geometry":{"coordinates":[[[[72.8500395,19.2559932],[72.8505232,19.2563818],[72.8509679,19.2567238],[72.8514108,19.2570273],[72.8513728,19.2570801],[72.8507574,19.2566548],[72.8504634,19.256423],[72.8499997,19.2560353],[72.8500395,19.2559932]]]],"type":"MultiPolygon"},"id":"way/1322610075","properties":{"all_driver_tags":{"public_transport":"platform","railway":"platform","subway":"yes"},"boarding_coordinate_status":"not_derived_from_area","extent_intersection_status":"intersects_research_envelope","geometry_status":"valid","name":"","osm_object_id":"1322610075","osm_object_type":"way","selected_tags":{"public_transport":"platform","railway":"platform"},"source":"mapped_osm_feature","source_id":"osm_western_zone_20260915","source_sha256":"c335a72cadfebc3ffde5cfff20fc9711f3112bc11000d43fde4daea10c36b53e","status":"unverified_operation_and_station_identity"},"type":"Feature"},{"geometry":{"coordinates":[[[[72.8642867,19.1020683],[72.8642838,19.1022048],[72.8660136,19.102237],[72.8660164,19.1021004],[72.8642867,19.1020683]]]],"type":"MultiPolygon"},"id":"way/1322610076","properties":{"all_driver_tags":{"level":"-2","location":"underground","public_transport":"platform","railway":"platform","subway":"yes"},"boarding_coordinate_status":"not_derived_from_area","extent_intersection_status":"intersects_research_envelope","geometry_status":"valid","name":"","osm_object_id":"1322610076","osm_object_type":"way","selected_tags":{"public_transport":"platform","railway":"platform"},"source":"mapped_osm_feature","source_id":"osm_western_zone_20260915","source_sha256":"c335a72cadfebc3ffde5cfff20fc9711f3112bc11000d43fde4daea10c36b53e","status":"unverified_operation_and_station_identity"},"type":"Feature"},{"geometry":{"coordinates":[[[[72.840672,19.2322045],[72.8407394,19.2313942],[72.8408608,19.2305435],[72.8409224,19.2305498],[72.8407849,19.2313986],[72.8407252,19.2322054],[72.840672,19.2322045]]]],"type":"MultiPolygon"},"id":"way/1322610077","properties":{"all_driver_tags":{"public_transport":"platform","railway":"platform","subway":"yes"},"boarding_coordinate_status":"not_derived_from_area","extent_intersection_status":"intersects_research_envelope","geometry_status":"valid","name":"","osm_object_id":"1322610077","osm_object_type":"way","selected_tags":{"public_transport":"platform","railway":"platform"},"source":"mapped_osm_feature","source_id":"osm_western_zone_20260915","source_sha256":"c335a72cadfebc3ffde5cfff20fc9711f3112bc11000d43fde4daea10c36b53e","status":"unverified_operation_and_station_identity"},"type":"Feature"},{"geometry":{"coordinates":[[[[72.8548102,19.1421126],[72.8553327,19.1437422],[72.855382,19.1437281],[72.8552842,19.1433729],[72.8548595,19.1420985],[72.8548102,19.1421126]]]],"type":"MultiPolygon"},"id":"way/1322610078","properties":{"all_driver_tags":{"bench":"yes","bin":"yes","lit":"yes","public_transport":"platform","railway":"platform","shelter":"yes","subway":"yes"},"boarding_coordinate_status":"not_derived_from_area","extent_intersection_status":"intersects_research_envelope","geometry_status":"valid","name":"","osm_object_id":"1322610078","osm_object_type":"way","selected_tags":{"public_transport":"platform","railway":"platform"},"source":"mapped_osm_feature","source_id":"osm_western_zone_20260915","source_sha256":"c335a72cadfebc3ffde5cfff20fc9711f3112bc11000d43fde4daea10c36b53e","status":"unverified_operation_and_station_identity"},"type":"Feature"},{"geometry":{"coordinates":[[[[72.8542358,19.0614314],[72.8550679,19.0600218],[72.854996,19.0599839],[72.8541639,19.0613934],[72.8542358,19.0614314]]]],"type":"MultiPolygon"},"id":"way/1322610079","properties":{"all_driver_tags":{"layer":"-2","location":"underground","public_transport":"platform","railway":"platform","subway":"yes"},"boarding_coordinate_status":"not_derived_from_area","extent_intersection_status":"intersects_research_envelope","geometry_status":"valid","name":"","osm_object_id":"1322610079","osm_object_type":"way","selected_tags":{"public_transport":"platform","railway":"platform"},"source":"mapped_osm_feature","source_id":"osm_western_zone_20260915","source_sha256":"c335a72cadfebc3ffde5cfff20fc9711f3112bc11000d43fde4daea10c36b53e","status":"unverified_operation_and_station_identity"},"type":"Feature"},{"geometry":{"coordinates":[[[[72.8499228,19.2561175],[72.8504064,19.256506],[72.8508511,19.256848],[72.851294,19.2571515],[72.8512561,19.2572043],[72.8506406,19.256779],[72.8503466,19.2565472],[72.8498829,19.2561595],[72.8499228,19.2561175]]]],"type":"MultiPolygon"},"id":"way/1322610081","properties":{"all_driver_tags":{"public_transport":"platform","railway":"platform","subway":"yes"},"boarding_coordinate_status":"not_derived_from_area","extent_intersection_status":"intersects_research_envelope","geometry_status":"valid","name":"","osm_object_id":"1322610081","osm_object_type":"way","selected_tags":{"public_transport":"platform","railway":"platform"},"source":"mapped_osm_feature","source_id":"osm_western_zone_20260915","source_sha256":"c335a72cadfebc3ffde5cfff20fc9711f3112bc11000d43fde4daea10c36b53e","status":"unverified_operation_and_station_identity"},"type":"Feature"},{"geometry":{"coordinates":[[[[72.8566036,19.1532241],[72.8564741,19.151514],[72.8564126,19.1515182],[72.856542,19.1532283],[72.8566036,19.1532241]]]],"type":"MultiPolygon"},"id":"way/1322610082","properties":{"all_driver_tags":{"public_transport":"platform","railway":"platform","subway":"yes"},"boarding_coordinate_status":"not_derived_from_area","extent_intersection_status":"intersects_research_envelope","geometry_status":"valid","name":"","osm_object_id":"1322610082","osm_object_type":"way","selected_tags":{"public_transport":"platform","railway":"platform"},"source":"mapped_osm_feature","source_id":"osm_western_zone_20260915","source_sha256":"c335a72cadfebc3ffde5cfff20fc9711f3112bc11000d43fde4daea10c36b53e","status":"unverified_operation_and_station_identity"},"type":"Feature"},{"geometry":{"coordinates":[[[[72.8458228,19.2503287],[72.8457033,19.249898],[72.8455895,19.2494307],[72.8454415,19.2486822],[72.8455117,19.2486688],[72.8456473,19.2494119],[72.8457573,19.24989],[72.8458749,19.2503099],[72.8458228,19.2503287]]]],"type":"MultiPolygon"},"id":"way/1322610085","properties":{"all_driver_tags":{"public_transport":"platform","railway":"platform","subway":"yes"},"boarding_coordinate_status":"not_derived_from_area","extent_intersection_status":"intersects_research_envelope","geometry_status":"valid","name":"","osm_object_id":"1322610085","osm_object_type":"way","selected_tags":{"public_transport":"platform","railway":"platform"},"source":"mapped_osm_feature","source_id":"osm_western_zone_20260915","source_sha256":"c335a72cadfebc3ffde5cfff20fc9711f3112bc11000d43fde4daea10c36b53e","status":"unverified_operation_and_station_identity"},"type":"Feature"},{"geometry":{"coordinates":[[[[72.8423121,19.2940735],[72.8423079,19.2941128],[72.8439552,19.2942703],[72.8439594,19.2942307],[72.8423121,19.2940735]]]],"type":"MultiPolygon"},"id":"way/1322610088","properties":{"all_driver_tags":{"construction":"platform","layer":"3","public_transport":"platform","railway":"construction","subway":"yes"},"boarding_coordinate_status":"not_derived_from_area","extent_intersection_status":"intersects_research_envelope","geometry_status":"valid","name":"","osm_object_id":"1322610088","osm_object_type":"way","selected_tags":{"public_transport":"platform","railway":"construction"},"source":"mapped_osm_feature","source_id":"osm_western_zone_20260915","source_sha256":"c335a72cadfebc3ffde5cfff20fc9711f3112bc11000d43fde4daea10c36b53e","status":"unverified_operation_and_station_identity"},"type":"Feature"},{"geometry":{"coordinates":[[[[72.8470874,19.0799577],[72.8471405,19.0799569],[72.8471119,19.0782909],[72.8470588,19.0782917],[72.8470874,19.0799577]]]],"type":"MultiPolygon"},"id":"way/1322610089","properties":{"all_driver_tags":{"level":"-2","location":"underground","public_transport":"platform","railway":"platform","subway":"yes"},"boarding_coordinate_status":"not_derived_from_area","extent_intersection_status":"intersects_research_envelope","geometry_status":"valid","name":"","osm_object_id":"1322610089","osm_object_type":"way","selected_tags":{"public_transport":"platform","railway":"platform"},"source":"mapped_osm_feature","source_id":"osm_western_zone_20260915","source_sha256":"c335a72cadfebc3ffde5cfff20fc9711f3112bc11000d43fde4daea10c36b53e","status":"unverified_operation_and_station_identity"},"type":"Feature"},{"geometry":{"coordinates":[[[[72.8594305,19.2946536],[72.8594673,19.2946859],[72.8606578,19.2934794],[72.8606379,19.2934619],[72.8594305,19.2946536]]]],"type":"MultiPolygon"},"id":"way/1322610090","properties":{"all_driver_tags":{"construction":"platform","public_transport":"platform","railway":"construction","subway":"yes"},"boarding_coordinate_status":"not_derived_from_area","extent_intersection_status":"intersects_research_envelope","geometry_status":"valid","name":"","osm_object_id":"1322610090","osm_object_type":"way","selected_tags":{"public_transport":"platform","railway":"construction"},"source":"mapped_osm_feature","source_id":"osm_western_zone_20260915","source_sha256":"c335a72cadfebc3ffde5cfff20fc9711f3112bc11000d43fde4daea10c36b53e","status":"unverified_operation_and_station_identity"},"type":"Feature"},{"geometry":{"coordinates":[[[[72.8354383,19.1539822],[72.8355161,19.1539925],[72.8357637,19.1523272],[72.8356859,19.1523169],[72.8354383,19.1539822]]]],"type":"MultiPolygon"},"id":"way/1322610091","properties":{"all_driver_tags":{"public_transport":"platform","railway":"platform","subway":"yes"},"boarding_coordinate_status":"not_derived_from_area","extent_intersection_status":"intersects_research_envelope","geometry_status":"valid","name":"","osm_object_id":"1322610091","osm_object_type":"way","selected_tags":{"public_transport":"platform","railway":"platform"},"source":"mapped_osm_feature","source_id":"osm_western_zone_20260915","source_sha256":"c335a72cadfebc3ffde5cfff20fc9711f3112bc11000d43fde4daea10c36b53e","status":"unverified_operation_and_station_identity"},"type":"Feature"},{"geometry":{"coordinates":[[[[72.8627669,19.2033309],[72.8639799,19.2045814],[72.8640105,19.2045549],[72.8627974,19.2033045],[72.8627669,19.2033309]]]],"type":"MultiPolygon"},"id":"way/1322610092","properties":{"all_driver_tags":{"public_transport":"platform","railway":"platform","subway":"yes"},"boarding_coordinate_status":"not_derived_from_area","extent_intersection_status":"intersects_research_envelope","geometry_status":"valid","name":"","osm_object_id":"1322610092","osm_object_type":"way","selected_tags":{"public_transport":"platform","railway":"platform"},"source":"mapped_osm_feature","source_id":"osm_western_zone_20260915","source_sha256":"c335a72cadfebc3ffde5cfff20fc9711f3112bc11000d43fde4daea10c36b53e","status":"unverified_operation_and_station_identity"},"type":"Feature"},{"geometry":{"coordinates":[[[[72.8743048,19.1269069],[72.8743596,19.1268716],[72.8733928,19.1255314],[72.873338,19.1255667],[72.8743048,19.1269069]]]],"type":"MultiPolygon"},"id":"way/1322610094","properties":{"all_driver_tags":{"level":"-2","location":"underground","public_transport":"platform","railway":"platform","subway":"yes"},"boarding_coordinate_status":"not_derived_from_area","extent_intersection_status":"intersects_research_envelope","geometry_status":"valid","name":"","osm_object_id":"1322610094","osm_object_type":"way","selected_tags":{"public_transport":"platform","railway":"platform"},"source":"mapped_osm_feature","source_id":"osm_western_zone_20260915","source_sha256":"c335a72cadfebc3ffde5cfff20fc9711f3112bc11000d43fde4daea10c36b53e","status":"unverified_operation_and_station_identity"},"type":"Feature"},{"geometry":{"coordinates":[[[[72.835903,19.1861468],[72.835958,19.1861478],[72.8359903,19.1844693],[72.8359353,19.1844684],[72.835903,19.1861468]]]],"type":"MultiPolygon"},"id":"way/1322610095","properties":{"all_driver_tags":{"public_transport":"platform","railway":"platform","subway":"yes"},"boarding_coordinate_status":"not_derived_from_area","extent_intersection_status":"intersects_research_envelope","geometry_status":"valid","name":"","osm_object_id":"1322610095","osm_object_type":"way","selected_tags":{"public_transport":"platform","railway":"platform"},"source":"mapped_osm_feature","source_id":"osm_western_zone_20260915","source_sha256":"c335a72cadfebc3ffde5cfff20fc9711f3112bc11000d43fde4daea10c36b53e","status":"unverified_operation_and_station_identity"},"type":"Feature"},{"geometry":{"coordinates":[[[[72.8356232,19.1540111],[72.835701,19.1540215],[72.8359486,19.1523561],[72.8358708,19.1523458],[72.8356232,19.1540111]]]],"type":"MultiPolygon"},"id":"way/1322610096","properties":{"all_driver_tags":{"public_transport":"platform","railway":"platform","subway":"yes"},"boarding_coordinate_status":"not_derived_from_area","extent_intersection_status":"intersects_research_envelope","geometry_status":"valid","name":"","osm_object_id":"1322610096","osm_object_type":"way","selected_tags":{"public_transport":"platform","railway":"platform"},"source":"mapped_osm_feature","source_id":"osm_western_zone_20260915","source_sha256":"c335a72cadfebc3ffde5cfff20fc9711f3112bc11000d43fde4daea10c36b53e","status":"unverified_operation_and_station_identity"},"type":"Feature"},{"geometry":{"coordinates":[[[[72.8593438,19.2945774],[72.8593699,19.2946004],[72.8593841,19.2946128],[72.8605723,19.2934042],[72.8605341,19.2933707],[72.8593438,19.2945774]]]],"type":"MultiPolygon"},"id":"way/1322610097","properties":{"all_driver_tags":{"construction":"platform","public_transport":"platform","railway":"construction","subway":"yes"},"boarding_coordinate_status":"not_derived_from_area","extent_intersection_status":"intersects_research_envelope","geometry_status":"valid","name":"","osm_object_id":"1322610097","osm_object_type":"way","selected_tags":{"public_transport":"platform","railway":"construction"},"source":"mapped_osm_feature","source_id":"osm_western_zone_20260915","source_sha256":"c335a72cadfebc3ffde5cfff20fc9711f3112bc11000d43fde4daea10c36b53e","status":"unverified_operation_and_station_identity"},"type":"Feature"},{"geometry":{"coordinates":[[[[72.831507,19.1414824],[72.8315623,19.1414866],[72.831708,19.1398059],[72.8316527,19.1398016],[72.831507,19.1414824]]]],"type":"MultiPolygon"},"id":"way/1322610099","properties":{"all_driver_tags":{"public_transport":"platform","railway":"platform","subway":"yes"},"boarding_coordinate_status":"not_derived_from_area","extent_intersection_status":"intersects_research_envelope","geometry_status":"valid","name":"","osm_object_id":"1322610099","osm_object_type":"way","selected_tags":{"public_transport":"platform","railway":"platform"},"source":"mapped_osm_feature","source_id":"osm_western_zone_20260915","source_sha256":"c335a72cadfebc3ffde5cfff20fc9711f3112bc11000d43fde4daea10c36b53e","status":"unverified_operation_and_station_identity"},"type":"Feature"},{"geometry":{"coordinates":[[[[72.8728632,19.2605368],[72.8729026,19.2605228],[72.8722475,19.2589598],[72.872211,19.258972],[72.8728632,19.2605368]]]],"type":"MultiPolygon"},"id":"way/1322610103","properties":{"all_driver_tags":{"layer":"3","public_transport":"platform","railway":"platform","subway":"yes"},"boarding_coordinate_status":"not_derived_from_area","extent_intersection_status":"intersects_research_envelope","geometry_status":"valid","name":"","osm_object_id":"1322610103","osm_object_type":"way","selected_tags":{"public_transport":"platform","railway":"platform"},"source":"mapped_osm_feature","source_id":"osm_western_zone_20260915","source_sha256":"c335a72cadfebc3ffde5cfff20fc9711f3112bc11000d43fde4daea10c36b53e","status":"unverified_operation_and_station_identity"},"type":"Feature"},{"geometry":{"coordinates":[[[[72.8357432,19.1861472],[72.8357982,19.1861482],[72.8358304,19.1844697],[72.8357754,19.1844688],[72.8357432,19.1861472]]]],"type":"MultiPolygon"},"id":"way/1322610104","properties":{"all_driver_tags":{"public_transport":"platform","railway":"platform","subway":"yes"},"boarding_coordinate_status":"not_derived_from_area","extent_intersection_status":"intersects_research_envelope","geometry_status":"valid","name":"","osm_object_id":"1322610104","osm_object_type":"way","selected_tags":{"public_transport":"platform","railway":"platform"},"source":"mapped_osm_feature","source_id":"osm_western_zone_20260915","source_sha256":"c335a72cadfebc3ffde5cfff20fc9711f3112bc11000d43fde4daea10c36b53e","status":"unverified_operation_and_station_identity"},"type":"Feature"},{"geometry":{"coordinates":[[[[72.8652193,19.2575267],[72.8659301,19.2573488],[72.8663455,19.2572285],[72.8669021,19.2570163],[72.8669221,19.2570709],[72.8664619,19.2572412],[72.8660481,19.2573748],[72.8652361,19.2575736],[72.8652193,19.2575267]]]],"type":"MultiPolygon"},"id":"way/1322610107","properties":{"all_driver_tags":{"public_transport":"platform","railway":"platform","subway":"yes"},"boarding_coordinate_status":"not_derived_from_area","extent_intersection_status":"intersects_research_envelope","geometry_status":"valid","name":"","osm_object_id":"1322610107","osm_object_type":"way","selected_tags":{"public_transport":"platform","railway":"platform"},"source":"mapped_osm_feature","source_id":"osm_western_zone_20260915","source_sha256":"c335a72cadfebc3ffde5cfff20fc9711f3112bc11000d43fde4daea10c36b53e","status":"unverified_operation_and_station_identity"},"type":"Feature"},{"geometry":{"coordinates":[[[[72.855104,19.1136769],[72.8552463,19.1145004],[72.8553696,19.1153381],[72.8553321,19.1153437],[72.8550666,19.1136825],[72.855104,19.1136769]]]],"type":"MultiPolygon"},"id":"way/1322610108","properties":{"all_driver_tags":{"bench":"yes","lit":"yes","public_transport":"platform","railway":"platform","shelter":"yes","subway":"yes"},"boarding_coordinate_status":"not_derived_from_area","extent_intersection_status":"intersects_research_envelope","geometry_status":"valid","name":"","osm_object_id":"1322610108","osm_object_type":"way","selected_tags":{"public_transport":"platform","railway":"platform"},"source":"mapped_osm_feature","source_id":"osm_western_zone_20260915","source_sha256":"c335a72cadfebc3ffde5cfff20fc9711f3112bc11000d43fde4daea10c36b53e","status":"unverified_operation_and_station_identity"},"type":"Feature"},{"geometry":{"coordinates":[[[[72.8670806,19.2163732],[72.86653,19.2179872],[72.8665695,19.2179992],[72.86712,19.2163852],[72.8670806,19.2163732]]]],"type":"MultiPolygon"},"id":"way/1322610109","properties":{"all_driver_tags":{"public_transport":"platform","railway":"platform","subway":"yes"},"boarding_coordinate_status":"not_derived_from_area","extent_intersection_status":"intersects_research_envelope","geometry_status":"valid","name":"","osm_object_id":"1322610109","osm_object_type":"way","selected_tags":{"public_transport":"platform","railway":"platform"},"source":"mapped_osm_feature","source_id":"osm_western_zone_20260915","source_sha256":"c335a72cadfebc3ffde5cfff20fc9711f3112bc11000d43fde4daea10c36b53e","status":"unverified_operation_and_station_identity"},"type":"Feature"},{"geometry":{"coordinates":[[[[72.8669438,19.2163302],[72.8664002,19.2179464],[72.8664397,19.2179582],[72.8669833,19.2163421],[72.8669438,19.2163302]]]],"type":"MultiPolygon"},"id":"way/1322610111","properties":{"all_driver_tags":{"public_transport":"platform","railway":"platform","subway":"yes"},"boarding_coordinate_status":"not_derived_from_area","extent_intersection_status":"intersects_research_envelope","geometry_status":"valid","name":"","osm_object_id":"1322610111","osm_object_type":"way","selected_tags":{"public_transport":"platform","railway":"platform"},"source":"mapped_osm_feature","source_id":"osm_western_zone_20260915","source_sha256":"c335a72cadfebc3ffde5cfff20fc9711f3112bc11000d43fde4daea10c36b53e","status":"unverified_operation_and_station_identity"},"type":"Feature"},{"geometry":{"coordinates":[[[[72.8541162,19.0613681],[72.8549423,19.0599687],[72.8548704,19.0599308],[72.8540443,19.0613302],[72.8541162,19.0613681]]]],"type":"MultiPolygon"},"id":"way/1322610112","properties":{"all_driver_tags":{"layer":"-2","location":"underground","public_transport":"platform","railway":"platform","subway":"yes"},"boarding_coordinate_status":"not_derived_from_area","extent_intersection_status":"intersects_research_envelope","geometry_status":"valid","name":"","osm_object_id":"1322610112","osm_object_type":"way","selected_tags":{"public_transport":"platform","railway":"platform"},"source":"mapped_osm_feature","source_id":"osm_western_zone_20260915","source_sha256":"c335a72cadfebc3ffde5cfff20fc9711f3112bc11000d43fde4daea10c36b53e","status":"unverified_operation_and_station_identity"},"type":"Feature"},{"geometry":{"coordinates":[[[[72.8604738,19.1973587],[72.8608225,19.1990507],[72.860872,19.1990416],[72.8605233,19.1973496],[72.8604738,19.1973587]]]],"type":"MultiPolygon"},"id":"way/1322610113","properties":{"all_driver_tags":{"public_transport":"platform","railway":"platform","subway":"yes"},"boarding_coordinate_status":"not_derived_from_area","extent_intersection_status":"intersects_research_envelope","geometry_status":"valid","name":"","osm_object_id":"1322610113","osm_object_type":"way","selected_tags":{"public_transport":"platform","railway":"platform"},"source":"mapped_osm_feature","source_id":"osm_western_zone_20260915","source_sha256":"c335a72cadfebc3ffde5cfff20fc9711f3112bc11000d43fde4daea10c36b53e","status":"unverified_operation_and_station_identity"},"type":"Feature"},{"geometry":{"coordinates":[[[[72.8628744,19.2032403],[72.8640821,19.2044954],[72.8641128,19.2044691],[72.8629051,19.203214],[72.8628744,19.2032403]]]],"type":"MultiPolygon"},"id":"way/1322610114","properties":{"all_driver_tags":{"public_transport":"platform","railway":"platform","subway":"yes"},"boarding_coordinate_status":"not_derived_from_area","extent_intersection_status":"intersects_research_envelope","geometry_status":"valid","name":"","osm_object_id":"1322610114","osm_object_type":"way","selected_tags":{"public_transport":"platform","railway":"platform"},"source":"mapped_osm_feature","source_id":"osm_western_zone_20260915","source_sha256":"c335a72cadfebc3ffde5cfff20fc9711f3112bc11000d43fde4daea10c36b53e","status":"unverified_operation_and_station_identity"},"type":"Feature"},{"geometry":{"coordinates":[[[[72.8428029,19.2397537],[72.8427644,19.2397861],[72.843909,19.2410006],[72.8439475,19.2409682],[72.8428029,19.2397537]]]],"type":"MultiPolygon"},"id":"way/1322610115","properties":{"all_driver_tags":{"public_transport":"platform","railway":"platform","subway":"yes"},"boarding_coordinate_status":"not_derived_from_area","extent_intersection_status":"intersects_research_envelope","geometry_status":"valid","name":"","osm_object_id":"1322610115","osm_object_type":"way","selected_tags":{"public_transport":"platform","railway":"platform"},"source":"mapped_osm_feature","source_id":"osm_western_zone_20260915","source_sha256":"c335a72cadfebc3ffde5cfff20fc9711f3112bc11000d43fde4daea10c36b53e","status":"unverified_operation_and_station_identity"},"type":"Feature"},{"geometry":{"coordinates":[[[[72.8643991,19.2234994],[72.8638485,19.2251134],[72.863888,19.2251254],[72.8644385,19.2235114],[72.8643991,19.2234994]]]],"type":"MultiPolygon"},"id":"way/1322610116","properties":{"all_driver_tags":{"public_transport":"platform","railway":"platform","subway":"yes"},"boarding_coordinate_status":"not_derived_from_area","extent_intersection_status":"intersects_research_envelope","geometry_status":"valid","name":"","osm_object_id":"1322610116","osm_object_type":"way","selected_tags":{"public_transport":"platform","railway":"platform"},"source":"mapped_osm_feature","source_id":"osm_western_zone_20260915","source_sha256":"c335a72cadfebc3ffde5cfff20fc9711f3112bc11000d43fde4daea10c36b53e","status":"unverified_operation_and_station_identity"},"type":"Feature"},{"geometry":{"coordinates":[[[[72.8799694,19.2704027],[72.8799432,19.2704341],[72.8813505,19.2714199],[72.8813753,19.2713872],[72.8799694,19.2704027]]]],"type":"MultiPolygon"},"id":"way/1322610117","properties":{"all_driver_tags":{"layer":"3","public_transport":"platform","railway":"platform","subway":"yes"},"boarding_coordinate_status":"not_derived_from_area","extent_intersection_status":"intersects_research_envelope","geometry_status":"valid","name":"","osm_object_id":"1322610117","osm_object_type":"way","selected_tags":{"public_transport":"platform","railway":"platform"},"source":"mapped_osm_feature","source_id":"osm_western_zone_20260915","source_sha256":"c335a72cadfebc3ffde5cfff20fc9711f3112bc11000d43fde4daea10c36b53e","status":"unverified_operation_and_station_identity"},"type":"Feature"},{"geometry":{"coordinates":[[[[72.8640055,19.2424764],[72.8642489,19.2441775],[72.8642977,19.2441713],[72.8640543,19.2424702],[72.8640055,19.2424764]]]],"type":"MultiPolygon"},"id":"way/1322610119","properties":{"all_driver_tags":{"public_transport":"platform","railway":"platform","subway":"yes"},"boarding_coordinate_status":"not_derived_from_area","extent_intersection_status":"intersects_research_envelope","geometry_status":"valid","name":"","osm_object_id":"1322610119","osm_object_type":"way","selected_tags":{"public_transport":"platform","railway":"platform"},"source":"mapped_osm_feature","source_id":"osm_western_zone_20260915","source_sha256":"c335a72cadfebc3ffde5cfff20fc9711f3112bc11000d43fde4daea10c36b53e","status":"unverified_operation_and_station_identity"},"type":"Feature"},{"geometry":{"coordinates":[[[[72.8641511,19.2424542],[72.8643946,19.2441553],[72.8644434,19.244149],[72.8642,19.2424479],[72.8641511,19.2424542]]]],"type":"MultiPolygon"},"id":"way/1322610120","properties":{"all_driver_tags":{"public_transport":"platform","railway":"platform","subway":"yes"},"boarding_coordinate_status":"not_derived_from_area","extent_intersection_status":"intersects_research_envelope","geometry_status":"valid","name":"","osm_object_id":"1322610120","osm_object_type":"way","selected_tags":{"public_transport":"platform","railway":"platform"},"source":"mapped_osm_feature","source_id":"osm_western_zone_20260915","source_sha256":"c335a72cadfebc3ffde5cfff20fc9711f3112bc11000d43fde4daea10c36b53e","status":"unverified_operation_and_station_identity"},"type":"Feature"},{"geometry":{"coordinates":[[[[72.8549736,19.1136922],[72.8551158,19.1145156],[72.8552391,19.1153534],[72.8552017,19.115359],[72.8550749,19.1145228],[72.8549361,19.1136977],[72.8549736,19.1136922]]]],"type":"MultiPolygon"},"id":"way/1322610121","properties":{"all_driver_tags":{"bench":"yes","public_transport":"platform","railway":"platform","shelter":"yes","subway":"yes"},"boarding_coordinate_status":"not_derived_from_area","extent_intersection_status":"intersects_research_envelope","geometry_status":"valid","name":"","osm_object_id":"1322610121","osm_object_type":"way","selected_tags":{"public_transport":"platform","railway":"platform"},"source":"mapped_osm_feature","source_id":"osm_western_zone_20260915","source_sha256":"c335a72cadfebc3ffde5cfff20fc9711f3112bc11000d43fde4daea10c36b53e","status":"unverified_operation_and_station_identity"},"type":"Feature"},{"geometry":{"coordinates":[[[[72.8429402,19.2396459],[72.8429017,19.2396784],[72.8440494,19.2408903],[72.8440878,19.2408578],[72.8429402,19.2396459]]]],"type":"MultiPolygon"},"id":"way/1322610122","properties":{"all_driver_tags":{"public_transport":"platform","railway":"platform","subway":"yes"},"boarding_coordinate_status":"not_derived_from_area","extent_intersection_status":"intersects_research_envelope","geometry_status":"valid","name":"","osm_object_id":"1322610122","osm_object_type":"way","selected_tags":{"public_transport":"platform","railway":"platform"},"source":"mapped_osm_feature","source_id":"osm_western_zone_20260915","source_sha256":"c335a72cadfebc3ffde5cfff20fc9711f3112bc11000d43fde4daea10c36b53e","status":"unverified_operation_and_station_identity"},"type":"Feature"},{"geometry":{"coordinates":[[[[72.8368068,19.2133637],[72.8367404,19.2134013],[72.8370609,19.2138714],[72.8373179,19.2142001],[72.8378044,19.2147642],[72.8378717,19.2147159],[72.8373463,19.2141231],[72.8370875,19.213789],[72.8368068,19.2133637]]]],"type":"MultiPolygon"},"id":"way/1322610125","properties":{"all_driver_tags":{"bench":"yes","bin":"yes","lit":"yes","public_transport":"platform","railway":"platform","shelter":"yes","subway":"yes"},"boarding_coordinate_status":"not_derived_from_area","extent_intersection_status":"intersects_research_envelope","geometry_status":"valid","name":"","osm_object_id":"1322610125","osm_object_type":"way","selected_tags":{"public_transport":"platform","railway":"platform"},"source":"mapped_osm_feature","source_id":"osm_western_zone_20260915","source_sha256":"c335a72cadfebc3ffde5cfff20fc9711f3112bc11000d43fde4daea10c36b53e","status":"unverified_operation_and_station_identity"},"type":"Feature"},{"geometry":{"coordinates":[[[[72.8408028,19.232216],[72.8408466,19.2318547],[72.8409044,19.2314085],[72.8410258,19.2305579],[72.8410341,19.2305564],[72.8409499,19.231413],[72.8408981,19.2318711],[72.8408449,19.2322211],[72.8408028,19.232216]]]],"type":"MultiPolygon"},"id":"way/1322610126","properties":{"all_driver_tags":{"public_transport":"platform","railway":"platform","subway":"yes"},"boarding_coordinate_status":"not_derived_from_area","extent_intersection_status":"intersects_research_envelope","geometry_status":"valid","name":"","osm_object_id":"1322610126","osm_object_type":"way","selected_tags":{"public_transport":"platform","railway":"platform"},"source":"mapped_osm_feature","source_id":"osm_western_zone_20260915","source_sha256":"c335a72cadfebc3ffde5cfff20fc9711f3112bc11000d43fde4daea10c36b53e","status":"unverified_operation_and_station_identity"},"type":"Feature"},{"geometry":{"coordinates":[[[[72.8603373,19.1973877],[72.8606859,19.1990798],[72.8607289,19.1990719],[72.8603803,19.1973798],[72.8603373,19.1973877]]]],"type":"MultiPolygon"},"id":"way/1322610127","properties":{"all_driver_tags":{"public_transport":"platform","railway":"platform","subway":"yes"},"boarding_coordinate_status":"not_derived_from_area","extent_intersection_status":"intersects_research_envelope","geometry_status":"valid","name":"","osm_object_id":"1322610127","osm_object_type":"way","selected_tags":{"public_transport":"platform","railway":"platform"},"source":"mapped_osm_feature","source_id":"osm_western_zone_20260915","source_sha256":"c335a72cadfebc3ffde5cfff20fc9711f3112bc11000d43fde4daea10c36b53e","status":"unverified_operation_and_station_identity"},"type":"Feature"},{"geometry":{"coordinates":[[[[72.8585574,19.1880501],[72.8586164,19.1880502],[72.8586187,19.186869],[72.8586198,19.1863301],[72.8585608,19.18633],[72.8585574,19.1880501]]]],"type":"MultiPolygon"},"id":"way/1322610130","properties":{"all_driver_tags":{"public_transport":"platform","railway":"platform","subway":"yes"},"boarding_coordinate_status":"not_derived_from_area","extent_intersection_status":"intersects_research_envelope","geometry_status":"valid","name":"","osm_object_id":"1322610130","osm_object_type":"way","selected_tags":{"public_transport":"platform","railway":"platform"},"source":"mapped_osm_feature","source_id":"osm_western_zone_20260915","source_sha256":"c335a72cadfebc3ffde5cfff20fc9711f3112bc11000d43fde4daea10c36b53e","status":"unverified_operation_and_station_identity"},"type":"Feature"},{"geometry":{"coordinates":[[[[72.8366241,19.1738067],[72.8366869,19.1737845],[72.8360639,19.1722152],[72.8360011,19.1722374],[72.8366241,19.1738067]]]],"type":"MultiPolygon"},"id":"way/1322610131","properties":{"all_driver_tags":{"public_transport":"platform","railway":"platform","subway":"yes"},"boarding_coordinate_status":"not_derived_from_area","extent_intersection_status":"intersects_research_envelope","geometry_status":"valid","name":"","osm_object_id":"1322610131","osm_object_type":"way","selected_tags":{"public_transport":"platform","railway":"platform"},"source":"mapped_osm_feature","source_id":"osm_western_zone_20260915","source_sha256":"c335a72cadfebc3ffde5cfff20fc9711f3112bc11000d43fde4daea10c36b53e","status":"unverified_operation_and_station_identity"},"type":"Feature"},{"geometry":{"coordinates":[[[[72.8349832,19.2069752],[72.8348722,19.2062444],[72.8346655,19.2053203],[72.8347433,19.2053095],[72.8349215,19.2062346],[72.8350401,19.2069627],[72.8349832,19.2069752]]]],"type":"MultiPolygon"},"id":"way/1322610135","properties":{"all_driver_tags":{"bench":"yes","bin":"yes","lit":"yes","public_transport":"platform","railway":"platform","shelter":"yes","subway":"yes"},"boarding_coordinate_status":"not_derived_from_area","extent_intersection_status":"intersects_research_envelope","geometry_status":"valid","name":"","osm_object_id":"1322610135","osm_object_type":"way","selected_tags":{"public_transport":"platform","railway":"platform"},"source":"mapped_osm_feature","source_id":"osm_western_zone_20260915","source_sha256":"c335a72cadfebc3ffde5cfff20fc9711f3112bc11000d43fde4daea10c36b53e","status":"unverified_operation_and_station_identity"},"type":"Feature"},{"geometry":{"coordinates":[[[[72.8330979,19.145846],[72.8330921,19.145912],[72.8348101,19.1460451],[72.8348158,19.145979],[72.8330979,19.145846]]]],"type":"MultiPolygon"},"id":"way/1322610136","properties":{"all_driver_tags":{"level":"2","public_transport":"platform","railway":"platform","subway":"yes"},"boarding_coordinate_status":"not_derived_from_area","extent_intersection_status":"intersects_research_envelope","geometry_status":"valid","name":"","osm_object_id":"1322610136","osm_object_type":"way","selected_tags":{"public_transport":"platform","railway":"platform"},"source":"mapped_osm_feature","source_id":"osm_western_zone_20260915","source_sha256":"c335a72cadfebc3ffde5cfff20fc9711f3112bc11000d43fde4daea10c36b53e","status":"unverified_operation_and_station_identity"},"type":"Feature"},{"geometry":{"coordinates":[[[[72.8588407,19.170253],[72.858649,19.1685483],[72.8585876,19.1685545],[72.8587793,19.1702592],[72.8588407,19.170253]]]],"type":"MultiPolygon"},"id":"way/1322610138","properties":{"all_driver_tags":{"public_transport":"platform","railway":"platform","subway":"yes"},"boarding_coordinate_status":"not_derived_from_area","extent_intersection_status":"intersects_research_envelope","geometry_status":"valid","name":"","osm_object_id":"1322610138","osm_object_type":"way","selected_tags":{"public_transport":"platform","railway":"platform"},"source":"mapped_osm_feature","source_id":"osm_western_zone_20260915","source_sha256":"c335a72cadfebc3ffde5cfff20fc9711f3112bc11000d43fde4daea10c36b53e","status":"unverified_operation_and_station_identity"},"type":"Feature"},{"geometry":{"coordinates":[[[[72.8409689,19.2237537],[72.8410276,19.2237544],[72.8410532,19.2220576],[72.8409945,19.2220568],[72.8409689,19.2237537]]]],"type":"MultiPolygon"},"id":"way/1322610139","properties":{"all_driver_tags":{"public_transport":"platform","railway":"platform","subway":"yes"},"boarding_coordinate_status":"not_derived_from_area","extent_intersection_status":"intersects_research_envelope","geometry_status":"valid","name":"","osm_object_id":"1322610139","osm_object_type":"way","selected_tags":{"public_transport":"platform","railway":"platform"},"source":"mapped_osm_feature","source_id":"osm_western_zone_20260915","source_sha256":"c335a72cadfebc3ffde5cfff20fc9711f3112bc11000d43fde4daea10c36b53e","status":"unverified_operation_and_station_identity"},"type":"Feature"},{"geometry":{"coordinates":[[[[72.8730002,19.1174797],[72.873014,19.1175333],[72.8746863,19.1171503],[72.8746726,19.1170968],[72.8730002,19.1174797]]]],"type":"MultiPolygon"},"id":"way/1322610140","properties":{"all_driver_tags":{"level":"-2","location":"underground","public_transport":"platform","railway":"platform","subway":"yes"},"boarding_coordinate_status":"not_derived_from_area","extent_intersection_status":"intersects_research_envelope","geometry_status":"valid","name":"","osm_object_id":"1322610140","osm_object_type":"way","selected_tags":{"public_transport":"platform","railway":"platform"},"source":"mapped_osm_feature","source_id":"osm_western_zone_20260915","source_sha256":"c335a72cadfebc3ffde5cfff20fc9711f3112bc11000d43fde4daea10c36b53e","status":"unverified_operation_and_station_identity"},"type":"Feature"},{"geometry":{"coordinates":[[[[72.8367707,19.1737562],[72.8368335,19.1737339],[72.8362105,19.1721647],[72.8361477,19.1721869],[72.8367707,19.1737562]]]],"type":"MultiPolygon"},"id":"way/1322610141","properties":{"all_driver_tags":{"public_transport":"platform","railway":"platform","subway":"yes"},"boarding_coordinate_status":"not_derived_from_area","extent_intersection_status":"intersects_research_envelope","geometry_status":"valid","name":"","osm_object_id":"1322610141","osm_object_type":"way","selected_tags":{"public_transport":"platform","railway":"platform"},"source":"mapped_osm_feature","source_id":"osm_western_zone_20260915","source_sha256":"c335a72cadfebc3ffde5cfff20fc9711f3112bc11000d43fde4daea10c36b53e","status":"unverified_operation_and_station_identity"},"type":"Feature"},{"geometry":{"coordinates":[[[[72.8368731,19.2133237],[72.8371007,19.2136485],[72.8374829,19.2141266],[72.8379552,19.2146612],[72.8379988,19.2146183],[72.8374573,19.2139816],[72.8372098,19.2136386],[72.83695,19.2132652],[72.8368731,19.2133237]]]],"type":"MultiPolygon"},"id":"way/1322610144","properties":{"all_driver_tags":{"bench":"yes","bin":"yes","lit":"yes","public_transport":"platform","railway":"platform","shelter":"yes","subway":"yes"},"boarding_coordinate_status":"not_derived_from_area","extent_intersection_status":"intersects_research_envelope","geometry_status":"valid","name":"","osm_object_id":"1322610144","osm_object_type":"way","selected_tags":{"public_transport":"platform","railway":"platform"},"source":"mapped_osm_feature","source_id":"osm_western_zone_20260915","source_sha256":"c335a72cadfebc3ffde5cfff20fc9711f3112bc11000d43fde4daea10c36b53e","status":"unverified_operation_and_station_identity"},"type":"Feature"},{"geometry":{"coordinates":[[[[72.86453,19.2235417],[72.8639743,19.2251541],[72.8640137,19.2251662],[72.8644335,19.2239878],[72.8645694,19.2235538],[72.86453,19.2235417]]]],"type":"MultiPolygon"},"id":"way/1322610145","properties":{"all_driver_tags":{"public_transport":"platform","railway":"platform","subway":"yes"},"boarding_coordinate_status":"not_derived_from_area","extent_intersection_status":"intersects_research_envelope","geometry_status":"valid","name":"","osm_object_id":"1322610145","osm_object_type":"way","selected_tags":{"public_transport":"platform","railway":"platform"},"source":"mapped_osm_feature","source_id":"osm_western_zone_20260915","source_sha256":"c335a72cadfebc3ffde5cfff20fc9711f3112bc11000d43fde4daea10c36b53e","status":"unverified_operation_and_station_identity"},"type":"Feature"},{"geometry":{"coordinates":[[[[72.8349329,19.1631705],[72.8349026,19.162874],[72.8349263,19.1614811],[72.8350116,19.1614793],[72.8349841,19.1628722],[72.8350164,19.1631633],[72.8349329,19.1631705]]]],"type":"MultiPolygon"},"id":"way/1322610147","properties":{"all_driver_tags":{"public_transport":"platform","railway":"platform","subway":"yes"},"boarding_coordinate_status":"not_derived_from_area","extent_intersection_status":"intersects_research_envelope","geometry_status":"valid","name":"","osm_object_id":"1322610147","osm_object_type":"way","selected_tags":{"public_transport":"platform","railway":"platform"},"source":"mapped_osm_feature","source_id":"osm_western_zone_20260915","source_sha256":"c335a72cadfebc3ffde5cfff20fc9711f3112bc11000d43fde4daea10c36b53e","status":"unverified_operation_and_station_identity"},"type":"Feature"},{"geometry":{"coordinates":[[[[72.8408,19.2237547],[72.8408588,19.2237555],[72.8408844,19.2220587],[72.8408256,19.2220579],[72.8408,19.2237547]]]],"type":"MultiPolygon"},"id":"way/1322610148","properties":{"all_driver_tags":{"public_transport":"platform","railway":"platform","subway":"yes"},"boarding_coordinate_status":"not_derived_from_area","extent_intersection_status":"intersects_research_envelope","geometry_status":"valid","name":"","osm_object_id":"1322610148","osm_object_type":"way","selected_tags":{"public_transport":"platform","railway":"platform"},"source":"mapped_osm_feature","source_id":"osm_western_zone_20260915","source_sha256":"c335a72cadfebc3ffde5cfff20fc9711f3112bc11000d43fde4daea10c36b53e","status":"unverified_operation_and_station_identity"},"type":"Feature"},{"geometry":{"coordinates":[[[[72.8526606,19.093567],[72.8542055,19.0942678],[72.8542493,19.0941817],[72.8527043,19.0934809],[72.8526606,19.093567]]]],"type":"MultiPolygon"},"id":"way/1322610151","properties":{"all_driver_tags":{"level":"-2","location":"underground","public_transport":"platform","railway":"platform","subway":"yes"},"boarding_coordinate_status":"not_derived_from_area","extent_intersection_status":"intersects_research_envelope","geometry_status":"valid","name":"","osm_object_id":"1322610151","osm_object_type":"way","selected_tags":{"public_transport":"platform","railway":"platform"},"source":"mapped_osm_feature","source_id":"osm_western_zone_20260915","source_sha256":"c335a72cadfebc3ffde5cfff20fc9711f3112bc11000d43fde4daea10c36b53e","status":"unverified_operation_and_station_identity"},"type":"Feature"},{"geometry":{"coordinates":[[[[72.8651697,19.2573685],[72.8658309,19.2571994],[72.8664183,19.2570133],[72.8668173,19.2568601],[72.8668448,19.2569196],[72.8664337,19.2570842],[72.8658517,19.2572558],[72.8651872,19.2574273],[72.8651697,19.2573685]]]],"type":"MultiPolygon"},"id":"way/1322610153","properties":{"all_driver_tags":{"public_transport":"platform","railway":"platform","subway":"yes"},"boarding_coordinate_status":"not_derived_from_area","extent_intersection_status":"intersects_research_envelope","geometry_status":"valid","name":"","osm_object_id":"1322610153","osm_object_type":"way","selected_tags":{"public_transport":"platform","railway":"platform"},"source":"mapped_osm_feature","source_id":"osm_western_zone_20260915","source_sha256":"c335a72cadfebc3ffde5cfff20fc9711f3112bc11000d43fde4daea10c36b53e","status":"unverified_operation_and_station_identity"},"type":"Feature"},{"geometry":{"coordinates":[[[[72.8460796,19.1194385],[72.8459783,19.1194657],[72.8459824,19.1194792],[72.8460836,19.119452],[72.8460796,19.1194385]]]],"type":"MultiPolygon"},"id":"way/1328464481","properties":{"all_driver_tags":{"bus":"yes","covered":"yes","name":"Andheri","public_transport":"platform","route_ref":"A-252","shelter":"yes"},"boarding_coordinate_status":"not_derived_from_area","extent_intersection_status":"intersects_research_envelope","geometry_status":"valid","name":"Andheri","osm_object_id":"1328464481","osm_object_type":"way","selected_tags":{"public_transport":"platform"},"source":"mapped_osm_feature","source_id":"osm_western_zone_20260915","source_sha256":"c335a72cadfebc3ffde5cfff20fc9711f3112bc11000d43fde4daea10c36b53e","status":"unverified_operation_and_station_identity"},"type":"Feature"},{"geometry":{"coordinates":[[[[72.9421002,19.1752271],[72.9422756,19.1751216],[72.942981,19.1761679],[72.9428056,19.1762734],[72.9421002,19.1752271]]]],"type":"MultiPolygon"},"id":"way/1330126872","properties":{"all_driver_tags":{"building":"construction","construction":"station","layer":"1","name":"Mulund Fire Station Metro","public_transport":"construction","railway":"construction","station":"subway","subway":"yes"},"boarding_coordinate_status":"not_derived_from_area","extent_intersection_status":"intersects_research_envelope","geometry_status":"valid","name":"Mulund Fire Station Metro","osm_object_id":"1330126872","osm_object_type":"way","selected_tags":{"public_transport":"construction","railway":"construction"},"source":"mapped_osm_feature","source_id":"osm_western_zone_20260915","source_sha256":"c335a72cadfebc3ffde5cfff20fc9711f3112bc11000d43fde4daea10c36b53e","status":"unverified_operation_and_station_identity"},"type":"Feature"},{"geometry":{"coordinates":[[[[72.9563792,19.1722238],[72.9562846,19.172307],[72.9560946,19.1721142],[72.9559173,19.1719343],[72.956012,19.1718511],[72.9561889,19.1720318],[72.9563792,19.1722238]]]],"type":"MultiPolygon"},"id":"way/1330148427","properties":{"all_driver_tags":{"building":"train_station","building:levels":"2","public_transport":"station","railway":"station","train":"yes"},"boarding_coordinate_status":"not_derived_from_area","extent_intersection_status":"intersects_research_envelope","geometry_status":"valid","name":"","osm_object_id":"1330148427","osm_object_type":"way","selected_tags":{"public_transport":"station","railway":"station"},"source":"mapped_osm_feature","source_id":"osm_western_zone_20260915","source_sha256":"c335a72cadfebc3ffde5cfff20fc9711f3112bc11000d43fde4daea10c36b53e","status":"unverified_operation_and_station_identity"},"type":"Feature"},{"geometry":{"coordinates":[[[[73.4517328,18.6761586],[73.4517142,18.6761567],[73.4516961,18.6761609],[73.4516805,18.6761707],[73.4516693,18.6761849],[73.4516639,18.6762019],[73.4516648,18.6762195],[73.451672,18.6762359],[73.4516846,18.676249],[73.4516995,18.6762567],[73.4517163,18.6762597],[73.4517332,18.6762577],[73.4517487,18.6762507],[73.4517611,18.6762396],[73.4517692,18.6762254],[73.4517723,18.6762095],[73.4517701,18.6761935],[73.4517627,18.6761789],[73.4517496,18.6761663],[73.4517328,18.6761586]]]],"type":"MultiPolygon"},"id":"way/1335002792","properties":{"all_driver_tags":{"aeroway":"helipad"},"boarding_coordinate_status":"not_derived_from_area","extent_intersection_status":"intersects_research_envelope","geometry_status":"valid","name":"","osm_object_id":"1335002792","osm_object_type":"way","selected_tags":{"aeroway":"helipad"},"source":"mapped_osm_feature","source_id":"osm_western_zone_20260915","source_sha256":"c335a72cadfebc3ffde5cfff20fc9711f3112bc11000d43fde4daea10c36b53e","status":"unverified_operation_and_station_identity"},"type":"Feature"},{"geometry":{"coordinates":[[[[72.8569042,19.2305122],[72.8567991,19.2299967],[72.8564694,19.228237],[72.8562732,19.2272457],[72.8562187,19.227255],[72.8561908,19.2272255],[72.8561605,19.227265],[72.8565174,19.2289932],[72.8567976,19.2305308],[72.8569042,19.2305122]]]],"type":"MultiPolygon"},"id":"way/1353353322","properties":{"all_driver_tags":{"name":"Borivali Station","public_transport":"platform","railway":"platform","ref":"3","train":"yes"},"boarding_coordinate_status":"not_derived_from_area","extent_intersection_status":"intersects_research_envelope","geometry_status":"valid","name":"Borivali Station","osm_object_id":"1353353322","osm_object_type":"way","selected_tags":{"public_transport":"platform","railway":"platform"},"source":"mapped_osm_feature","source_id":"osm_western_zone_20260915","source_sha256":"c335a72cadfebc3ffde5cfff20fc9711f3112bc11000d43fde4daea10c36b53e","status":"unverified_operation_and_station_identity"},"type":"Feature"},{"geometry":{"coordinates":[[[[72.8561605,19.227265],[72.8556074,19.2245721],[72.8556911,19.2245602],[72.8558364,19.2252903],[72.8560563,19.2264604],[72.8562187,19.227255],[72.8561908,19.2272255],[72.8561605,19.227265]]]],"type":"MultiPolygon"},"id":"way/1353353325","properties":{"all_driver_tags":{"name":"Borivali Station","public_transport":"platform","railway":"platform","ref":"2","train":"yes"},"boarding_coordinate_status":"not_derived_from_area","extent_intersection_status":"intersects_research_envelope","geometry_status":"valid","name":"Borivali Station","osm_object_id":"1353353325","osm_object_type":"way","selected_tags":{"public_transport":"platform","railway":"platform"},"source":"mapped_osm_feature","source_id":"osm_western_zone_20260915","source_sha256":"c335a72cadfebc3ffde5cfff20fc9711f3112bc11000d43fde4daea10c36b53e","status":"unverified_operation_and_station_identity"},"type":"Feature"},{"geometry":{"coordinates":[[[[72.8556074,19.2245721],[72.8555273,19.2241298],[72.8550842,19.2217436],[72.8551406,19.2217314],[72.8551624,19.2217267],[72.8552998,19.2224812],[72.8555505,19.2237863],[72.8556911,19.2245602],[72.8556074,19.2245721]]]],"type":"MultiPolygon"},"id":"way/1353353326","properties":{"all_driver_tags":{"name":"Borivali","network":"Mumbai Suburban Railway","operator":"MRVC","public_transport":"platform","railway":"platform","ref":"1","train":"yes"},"boarding_coordinate_status":"not_derived_from_area","extent_intersection_status":"intersects_research_envelope","geometry_status":"valid","name":"Borivali","osm_object_id":"1353353326","osm_object_type":"way","selected_tags":{"public_transport":"platform","railway":"platform"},"source":"mapped_osm_feature","source_id":"osm_western_zone_20260915","source_sha256":"c335a72cadfebc3ffde5cfff20fc9711f3112bc11000d43fde4daea10c36b53e","status":"unverified_operation_and_station_identity"},"type":"Feature"},{"geometry":{"coordinates":[[[[72.8564961,19.0910881],[72.8565512,19.0909],[72.856672,19.0908569],[72.8569184,19.0908332],[72.8570392,19.0908353],[72.8570071,19.0913023],[72.8569105,19.0912389],[72.8564961,19.0910881]]]],"type":"MultiPolygon"},"id":"way/1360918638","properties":{"all_driver_tags":{"access":"private","alt_name":"Mumbai Airport","amenity":"parking","bus":"yes","depot":"bus","name":"Mumbai Airport Bus Depot T1","name:en":"Mumbai Airport Bus Depot T1","network":"Internal Bus Service","operator":"Mumbai International Airport Limited","public_transport":"station"},"boarding_coordinate_status":"not_derived_from_area","extent_intersection_status":"intersects_research_envelope","geometry_status":"valid","name":"Mumbai Airport Bus Depot T1","osm_object_id":"1360918638","osm_object_type":"way","selected_tags":{"public_transport":"station"},"source":"mapped_osm_feature","source_id":"osm_western_zone_20260915","source_sha256":"c335a72cadfebc3ffde5cfff20fc9711f3112bc11000d43fde4daea10c36b53e","status":"unverified_operation_and_station_identity"},"type":"Feature"},{"geometry":{"coordinates":[[[[72.8641981,19.0439565],[72.8639398,19.0440365],[72.8636536,19.0441251],[72.863596,19.0439991],[72.8633535,19.0435314],[72.8633156,19.0434595],[72.8636402,19.0433543],[72.863832,19.0437891],[72.8641096,19.0437004],[72.8641475,19.0438074],[72.8641981,19.0439565]]]],"type":"MultiPolygon"},"id":"way/1361614735","properties":{"all_driver_tags":{"addr:city":"Mumbai","addr:district":"Maharashtra","addr:postcode":"400022","addr:street":"Sion West, Sion","amenity":"bus_station","bus":"yes","name":"Rani Laxmibai Chowk (Sion)","public_transport":"station"},"boarding_coordinate_status":"not_derived_from_area","extent_intersection_status":"intersects_research_envelope","geometry_status":"valid","name":"Rani Laxmibai Chowk (Sion)","osm_object_id":"1361614735","osm_object_type":"way","selected_tags":{"amenity":"bus_station","public_transport":"station"},"source":"mapped_osm_feature","source_id":"osm_western_zone_20260915","source_sha256":"c335a72cadfebc3ffde5cfff20fc9711f3112bc11000d43fde4daea10c36b53e","status":"unverified_operation_and_station_identity"},"type":"Feature"},{"geometry":{"coordinates":[[[[72.9283944,19.1298198],[72.9284758,19.1297863],[72.9284014,19.1295884],[72.9282346,19.1291447],[72.9281719,19.1289396],[72.9280905,19.1286881],[72.9279502,19.1280954],[72.9278556,19.1276114],[72.927824,19.1273063],[72.9277966,19.1271505],[72.927795,19.127142],[72.9277765,19.1271442],[72.9277024,19.1271532],[72.9277046,19.127163],[72.9277546,19.127391],[72.9277971,19.1276145],[72.9278469,19.1278596],[72.9279013,19.1281066],[72.9279336,19.1283998],[72.9280047,19.1287027],[72.928076,19.1289796],[72.9281403,19.1291955],[72.928315,19.1296248],[72.9283944,19.1298198]]]],"type":"MultiPolygon"},"id":"way/1366185995","properties":{"all_driver_tags":{"bench":"yes","bin":"yes","lit":"yes","public_transport":"platform","railway":"platform","ref":"1","shelter":"yes","train":"yes"},"boarding_coordinate_status":"not_derived_from_area","extent_intersection_status":"intersects_research_envelope","geometry_status":"valid","name":"","osm_object_id":"1366185995","osm_object_type":"way","selected_tags":{"public_transport":"platform","railway":"platform"},"source":"mapped_osm_feature","source_id":"osm_western_zone_20260915","source_sha256":"c335a72cadfebc3ffde5cfff20fc9711f3112bc11000d43fde4daea10c36b53e","status":"unverified_operation_and_station_identity"},"type":"Feature"},{"geometry":{"coordinates":[[[[73.4145943,18.2393027],[73.4145612,18.2393382],[73.4145428,18.2393823],[73.4145411,18.2394297],[73.4145564,18.2394749],[73.4145869,18.2395125],[73.4146289,18.2395381],[73.4146776,18.2395487],[73.4147235,18.239544],[73.4147655,18.239526],[73.4147994,18.2394964],[73.4148219,18.2394582],[73.4148308,18.2394152],[73.414825,18.2393718],[73.4148052,18.2393323],[73.4147734,18.2393006],[73.4147328,18.2392799],[73.4146874,18.2392723],[73.4146381,18.2392798],[73.4145943,18.2393027]]]],"type":"MultiPolygon"},"id":"way/1368790284","properties":{"all_driver_tags":{"aeroway":"helipad"},"boarding_coordinate_status":"not_derived_from_area","extent_intersection_status":"intersects_research_envelope","geometry_status":"valid","name":"","osm_object_id":"1368790284","osm_object_type":"way","selected_tags":{"aeroway":"helipad"},"source":"mapped_osm_feature","source_id":"osm_western_zone_20260915","source_sha256":"c335a72cadfebc3ffde5cfff20fc9711f3112bc11000d43fde4daea10c36b53e","status":"unverified_operation_and_station_identity"},"type":"Feature"},{"geometry":{"coordinates":[[[[73.5846942,18.5409346],[73.5846691,18.540897],[73.5847434,18.5408525],[73.5847685,18.5408901],[73.5846942,18.5409346]]]],"type":"MultiPolygon"},"id":"way/1369025947","properties":{"all_driver_tags":{"amenity":"bicycle_parking","bicycle_parking":"shed","building":"yes"},"boarding_coordinate_status":"not_derived_from_area","extent_intersection_status":"intersects_research_envelope","geometry_status":"valid","name":"","osm_object_id":"1369025947","osm_object_type":"way","selected_tags":{"amenity":"bicycle_parking"},"source":"mapped_osm_feature","source_id":"osm_western_zone_20260915","source_sha256":"c335a72cadfebc3ffde5cfff20fc9711f3112bc11000d43fde4daea10c36b53e","status":"unverified_operation_and_station_identity"},"type":"Feature"},{"geometry":{"coordinates":[[[[72.8008773,19.40927],[72.8008638,19.4091069],[72.80082,19.4091169],[72.8008408,19.4092732],[72.8008773,19.40927]]]],"type":"MultiPolygon"},"id":"way/1385753681","properties":{"all_driver_tags":{"amenity":"taxi","taxi_vehicle":"auto_rickshaw"},"boarding_coordinate_status":"not_derived_from_area","extent_intersection_status":"intersects_research_envelope","geometry_status":"valid","name":"","osm_object_id":"1385753681","osm_object_type":"way","selected_tags":{"amenity":"taxi"},"source":"mapped_osm_feature","source_id":"osm_western_zone_20260915","source_sha256":"c335a72cadfebc3ffde5cfff20fc9711f3112bc11000d43fde4daea10c36b53e","status":"unverified_operation_and_station_identity"},"type":"Feature"},{"geometry":{"coordinates":[[[[72.7940495,18.9426623],[72.7940283,18.9426785],[72.7940028,18.9426875],[72.7939756,18.9426884],[72.7939494,18.9426813],[72.7939256,18.9426654],[72.7939087,18.9426428],[72.7939009,18.9426163],[72.793903,18.9425887],[72.7939147,18.9425634],[72.7939347,18.9425434],[72.7939608,18.9425308],[72.7939897,18.9425273],[72.7940182,18.9425332],[72.7940415,18.9425466],[72.7940591,18.9425662],[72.7940694,18.94259],[72.7940712,18.9426157],[72.7940643,18.9426407],[72.7940495,18.9426623]]]],"type":"MultiPolygon"},"id":"way/1387933634","properties":{"all_driver_tags":{"aeroway":"helipad","name":"Raj Bhavan Helipad"},"boarding_coordinate_status":"not_derived_from_area","extent_intersection_status":"intersects_research_envelope","geometry_status":"valid","name":"Raj Bhavan Helipad","osm_object_id":"1387933634","osm_object_type":"way","selected_tags":{"aeroway":"helipad"},"source":"mapped_osm_feature","source_id":"osm_western_zone_20260915","source_sha256":"c335a72cadfebc3ffde5cfff20fc9711f3112bc11000d43fde4daea10c36b53e","status":"unverified_operation_and_station_identity"},"type":"Feature"},{"geometry":{"coordinates":[[[[73.0338277,19.005552],[73.0333945,19.0053821],[73.0333462,19.0053885],[73.0331893,19.0055013],[73.0329975,19.0057904],[73.032968,19.0057701],[73.0328728,19.0058563],[73.0329907,19.0059321],[73.0330294,19.0059589],[73.0334728,19.0062658],[73.0334937,19.0062791],[73.0337928,19.0065246],[73.0339538,19.0062317],[73.0342287,19.0059045],[73.0342233,19.0057295],[73.0342233,19.0055964],[73.0343589,19.0054071],[73.0343842,19.005372],[73.0342635,19.0052946],[73.0341281,19.0054683],[73.0340838,19.0054468],[73.0343735,19.0049586],[73.034462,19.0050055],[73.0344866,19.0049657],[73.034509,19.0049294],[73.0342206,19.0047722],[73.0342381,19.0047468],[73.0340637,19.004653],[73.0340271,19.0047167],[73.0339886,19.0047836],[73.0340865,19.0048369],[73.0341026,19.0048102],[73.0342944,19.0049168],[73.0340047,19.0054062],[73.0339232,19.0053625],[73.0338277,19.005552]]]],"type":"MultiPolygon"},"id":"way/1390772788","properties":{"all_driver_tags":{"amenity":"ferry_terminal","ferry":"yes","name":"Belapur Jetty","public_transport":"station"},"boarding_coordinate_status":"not_derived_from_area","extent_intersection_status":"intersects_research_envelope","geometry_status":"valid","name":"Belapur Jetty","osm_object_id":"1390772788","osm_object_type":"way","selected_tags":{"amenity":"ferry_terminal","public_transport":"station"},"source":"mapped_osm_feature","source_id":"osm_western_zone_20260915","source_sha256":"c335a72cadfebc3ffde5cfff20fc9711f3112bc11000d43fde4daea10c36b53e","status":"unverified_operation_and_station_identity"},"type":"Feature"},{"geometry":{"coordinates":[[[[73.0585963,19.0265528],[73.0591361,19.0269006],[73.059251,19.0264853],[73.0587923,19.026209],[73.0585963,19.0265528]]]],"type":"MultiPolygon"},"id":"way/1390998153","properties":{"all_driver_tags":{"amenity":"bus_station","name":"Kharghar Railway Station"},"boarding_coordinate_status":"not_derived_from_area","extent_intersection_status":"intersects_research_envelope","geometry_status":"valid","name":"Kharghar Railway Station","osm_object_id":"1390998153","osm_object_type":"way","selected_tags":{"amenity":"bus_station"},"source":"mapped_osm_feature","source_id":"osm_western_zone_20260915","source_sha256":"c335a72cadfebc3ffde5cfff20fc9711f3112bc11000d43fde4daea10c36b53e","status":"unverified_operation_and_station_identity"},"type":"Feature"},{"geometry":{"coordinates":[[[[73.0231431,19.1895136],[73.0229675,19.1894768],[73.022883,19.1898365],[73.0230586,19.1898733],[73.0231431,19.1895136]]]],"type":"MultiPolygon"},"id":"way/1391181626","properties":{"all_driver_tags":{"amenity":"taxi"},"boarding_coordinate_status":"not_derived_from_area","extent_intersection_status":"intersects_research_envelope","geometry_status":"valid","name":"","osm_object_id":"1391181626","osm_object_type":"way","selected_tags":{"amenity":"taxi"},"source":"mapped_osm_feature","source_id":"osm_western_zone_20260915","source_sha256":"c335a72cadfebc3ffde5cfff20fc9711f3112bc11000d43fde4daea10c36b53e","status":"unverified_operation_and_station_identity"},"type":"Feature"},{"geometry":{"coordinates":[[[[72.8527108,19.0475234],[72.8527508,19.0474836],[72.8528495,19.0475721],[72.8528096,19.047612],[72.8527108,19.0475234]]]],"type":"MultiPolygon"},"id":"way/1394097474","properties":{"all_driver_tags":{"amenity":"bus_station","building":"roof","bus":"yes","internet_access":"no","name":"Dharavi T-junction","public_transport":"station"},"boarding_coordinate_status":"not_derived_from_area","extent_intersection_status":"intersects_research_envelope","geometry_status":"valid","name":"Dharavi T-junction","osm_object_id":"1394097474","osm_object_type":"way","selected_tags":{"amenity":"bus_station","public_transport":"station"},"source":"mapped_osm_feature","source_id":"osm_western_zone_20260915","source_sha256":"c335a72cadfebc3ffde5cfff20fc9711f3112bc11000d43fde4daea10c36b53e","status":"unverified_operation_and_station_identity"},"type":"Feature"},{"geometry":{"coordinates":[[[[72.9270677,19.01939],[72.9270568,19.0194278],[72.9270594,19.0194669],[72.9270754,19.019503],[72.9271028,19.0195322],[72.9271386,19.0195513],[72.9271792,19.0195585],[72.9272199,19.0195529],[72.9272566,19.0195351],[72.9272851,19.019507],[72.9273026,19.0194717],[72.9273069,19.0194329],[72.9272978,19.0193949],[72.9272761,19.0193618],[72.9272441,19.019337],[72.9272053,19.0193233],[72.9271638,19.0193224],[72.9271244,19.0193343],[72.9270911,19.0193577],[72.9270677,19.01939]]]],"type":"MultiPolygon"},"id":"way/1409289565","properties":{"all_driver_tags":{"aeroway":"helipad"},"boarding_coordinate_status":"not_derived_from_area","extent_intersection_status":"intersects_research_envelope","geometry_status":"valid","name":"","osm_object_id":"1409289565","osm_object_type":"way","selected_tags":{"aeroway":"helipad"},"source":"mapped_osm_feature","source_id":"osm_western_zone_20260915","source_sha256":"c335a72cadfebc3ffde5cfff20fc9711f3112bc11000d43fde4daea10c36b53e","status":"unverified_operation_and_station_identity"},"type":"Feature"},{"geometry":{"coordinates":[[[[72.8318992,19.3820882],[72.8319778,19.3821195],[72.8309108,19.3845047],[72.8308114,19.3844601],[72.8311955,19.3836613],[72.8312543,19.3835299],[72.8318992,19.3820882]]]],"type":"MultiPolygon"},"id":"way/1409691613","properties":{"all_driver_tags":{"bench":"yes","bin":"yes","covered":"yes","name":"Vasai Road","public_transport":"platform","sign":"yes","tactile_paving":"yes","train":"yes","wheelchair":"no"},"boarding_coordinate_status":"not_derived_from_area","extent_intersection_status":"intersects_research_envelope","geometry_status":"valid","name":"Vasai Road","osm_object_id":"1409691613","osm_object_type":"way","selected_tags":{"public_transport":"platform"},"source":"mapped_osm_feature","source_id":"osm_western_zone_20260915","source_sha256":"c335a72cadfebc3ffde5cfff20fc9711f3112bc11000d43fde4daea10c36b53e","status":"unverified_operation_and_station_identity"},"type":"Feature"},{"geometry":{"coordinates":[[[[72.8319561,19.3820553],[72.8319068,19.3820346],[72.8328287,19.3799624],[72.8330709,19.379418],[72.8331413,19.37945],[72.8319561,19.3820553]]]],"type":"MultiPolygon"},"id":"way/1409691619","properties":{"all_driver_tags":{"public_transport":"platform","ref":"1","train":"yes"},"boarding_coordinate_status":"not_derived_from_area","extent_intersection_status":"intersects_research_envelope","geometry_status":"valid","name":"","osm_object_id":"1409691619","osm_object_type":"way","selected_tags":{"public_transport":"platform"},"source":"mapped_osm_feature","source_id":"osm_western_zone_20260915","source_sha256":"c335a72cadfebc3ffde5cfff20fc9711f3112bc11000d43fde4daea10c36b53e","status":"unverified_operation_and_station_identity"},"type":"Feature"},{"geometry":{"coordinates":[[[[72.8459279,19.1194823],[72.8458266,19.1195095],[72.8458307,19.119523],[72.8459319,19.1194958],[72.8459279,19.1194823]]]],"type":"MultiPolygon"},"id":"way/1410375431","properties":{"all_driver_tags":{"bus":"yes","covered":"yes","name":"Andheri","public_transport":"platform","route_ref":"266","shelter":"yes"},"boarding_coordinate_status":"not_derived_from_area","extent_intersection_status":"intersects_research_envelope","geometry_status":"valid","name":"Andheri","osm_object_id":"1410375431","osm_object_type":"way","selected_tags":{"public_transport":"platform"},"source":"mapped_osm_feature","source_id":"osm_western_zone_20260915","source_sha256":"c335a72cadfebc3ffde5cfff20fc9711f3112bc11000d43fde4daea10c36b53e","status":"unverified_operation_and_station_identity"},"type":"Feature"},{"geometry":{"coordinates":[[[[72.9621953,19.1873769],[72.962111,19.1875024],[72.9608799,19.1867652],[72.9609641,19.1866397],[72.9621953,19.1873769]]]],"type":"MultiPolygon"},"id":"way/1411928576","properties":{"all_driver_tags":{"building":"construction","construction":"station","layer":"1","name":"Teen Hath Naka","network":"Mumbai Metro","network:wikidata":"Q30599218","public_transport":"construction","railway":"construction","station":"subway","subway":"yes"},"boarding_coordinate_status":"not_derived_from_area","extent_intersection_status":"intersects_research_envelope","geometry_status":"valid","name":"Teen Hath Naka","osm_object_id":"1411928576","osm_object_type":"way","selected_tags":{"public_transport":"construction","railway":"construction"},"source":"mapped_osm_feature","source_id":"osm_western_zone_20260915","source_sha256":"c335a72cadfebc3ffde5cfff20fc9711f3112bc11000d43fde4daea10c36b53e","status":"unverified_operation_and_station_identity"},"type":"Feature"},{"geometry":{"coordinates":[[[[73.0576045,18.9885888],[73.0554714,18.9883175],[73.0554549,18.9884138],[73.0551707,18.9892672],[73.0550899,18.9894619],[73.0550167,18.9895733],[73.0549028,18.989681],[73.054577,18.9898248],[73.0544272,18.9898809],[73.0543332,18.989898],[73.054167,18.9899001],[73.0539933,18.9898863],[73.0537837,18.9898398],[73.0535938,18.9897886],[73.0534491,18.9897473],[73.0532767,18.9897194],[73.0530043,18.9896848],[73.052862,18.9896502],[73.0527964,18.9896047],[73.0527522,18.9895541],[73.0527148,18.9894748],[73.052675,18.9893542],[73.0526303,18.9891428],[73.0525888,18.9889292],[73.0524604,18.9880379],[73.0517203,18.9879445],[73.051303,18.9878919],[73.0509024,18.9878414],[73.0505159,18.9877927],[73.0501401,18.9877453],[73.0497477,18.9876958],[73.0493413,18.9876445],[73.0489309,18.9875928],[73.0487428,18.9875691],[73.0487304,18.9875665],[73.0487242,18.9875607],[73.0487207,18.9875498],[73.0487207,18.9875406],[73.048762,18.9872556],[73.0487659,18.9872491],[73.0487721,18.987244],[73.0487798,18.9872418],[73.0487875,18.9872411],[73.052159,18.9876614],[73.0522599,18.9876647],[73.0523661,18.9876647],[73.0524776,18.987658],[73.0526174,18.987643],[73.0527499,18.9876251],[73.0529417,18.9875836],[73.0531572,18.9875548],[73.053332,18.9875414],[73.0535658,18.987551],[73.0537447,18.9875663],[73.0540353,18.987599],[73.0543503,18.9876447],[73.0546609,18.9876999],[73.054892,18.9877662],[73.0551372,18.9878788],[73.055305,18.9879728],[73.0555607,18.9880841],[73.0556704,18.9881176],[73.0557677,18.988136],[73.0576313,18.9883706],[73.0576045,18.9885888]]]],"type":"MultiPolygon"},"id":"way/1413816601","properties":{"all_driver_tags":{"aeroway":"terminal","building":"airport_terminal","name":"Terminal 1"},"boarding_coordinate_status":"not_derived_from_area","extent_intersection_status":"intersects_research_envelope","geometry_status":"valid","name":"Terminal 1","osm_object_id":"1413816601","osm_object_type":"way","selected_tags":{"aeroway":"terminal"},"source":"mapped_osm_feature","source_id":"osm_western_zone_20260915","source_sha256":"c335a72cadfebc3ffde5cfff20fc9711f3112bc11000d43fde4daea10c36b53e","status":"unverified_operation_and_station_identity"},"type":"Feature"},{"geometry":{"coordinates":[[[[73.0110648,19.1330943],[73.011108,19.1327664],[73.0114701,19.132809],[73.0114269,19.133137],[73.0110648,19.1330943]]]],"type":"MultiPolygon"},"id":"way/1418993597","properties":{"all_driver_tags":{"aeroway":"helipad"},"boarding_coordinate_status":"not_derived_from_area","extent_intersection_status":"intersects_research_envelope","geometry_status":"valid","name":"","osm_object_id":"1418993597","osm_object_type":"way","selected_tags":{"aeroway":"helipad"},"source":"mapped_osm_feature","source_id":"osm_western_zone_20260915","source_sha256":"c335a72cadfebc3ffde5cfff20fc9711f3112bc11000d43fde4daea10c36b53e","status":"unverified_operation_and_station_identity"},"type":"Feature"},{"geometry":{"coordinates":[[[[73.0734067,19.0644973],[73.0733637,19.064519],[73.0733157,19.0645261],[73.0732678,19.0645177],[73.0732255,19.0644949],[73.0731944,19.0644615],[73.0731763,19.0644205],[73.073173,19.0643761],[73.0731849,19.0643331],[73.0732107,19.0642959],[73.0732477,19.0642684],[73.0732921,19.0642536],[73.0733391,19.064253],[73.0733839,19.0642666],[73.0734218,19.064293],[73.0734494,19.0643309],[73.0734622,19.0643753],[73.0734588,19.0644211],[73.0734396,19.0644634],[73.0734067,19.0644973]]]],"type":"MultiPolygon"},"id":"way/1419075008","properties":{"all_driver_tags":{"aeroway":"helipad"},"boarding_coordinate_status":"not_derived_from_area","extent_intersection_status":"intersects_research_envelope","geometry_status":"valid","name":"","osm_object_id":"1419075008","osm_object_type":"way","selected_tags":{"aeroway":"helipad"},"source":"mapped_osm_feature","source_id":"osm_western_zone_20260915","source_sha256":"c335a72cadfebc3ffde5cfff20fc9711f3112bc11000d43fde4daea10c36b53e","status":"unverified_operation_and_station_identity"},"type":"Feature"},{"geometry":{"coordinates":[[[[73.0735629,19.0639709],[73.07352,19.0639926],[73.0734719,19.0639997],[73.073424,19.0639913],[73.0733817,19.0639685],[73.0733507,19.0639351],[73.0733325,19.0638941],[73.0733292,19.0638497],[73.0733411,19.0638067],[73.0733669,19.0637695],[73.0734039,19.063742],[73.0734483,19.0637272],[73.0734954,19.0637265],[73.0735402,19.0637402],[73.073578,19.0637666],[73.0736056,19.0638045],[73.0736185,19.0638489],[73.0736151,19.0638947],[73.0735958,19.063937],[73.0735629,19.0639709]]]],"type":"MultiPolygon"},"id":"way/1419075009","properties":{"all_driver_tags":{"aeroway":"helipad"},"boarding_coordinate_status":"not_derived_from_area","extent_intersection_status":"intersects_research_envelope","geometry_status":"valid","name":"","osm_object_id":"1419075009","osm_object_type":"way","selected_tags":{"aeroway":"helipad"},"source":"mapped_osm_feature","source_id":"osm_western_zone_20260915","source_sha256":"c335a72cadfebc3ffde5cfff20fc9711f3112bc11000d43fde4daea10c36b53e","status":"unverified_operation_and_station_identity"},"type":"Feature"},{"geometry":{"coordinates":[[[[73.0730055,19.0641187],[73.0729626,19.0641404],[73.0729145,19.0641475],[73.0728666,19.0641391],[73.0728243,19.0641163],[73.0727933,19.0640829],[73.0727751,19.0640419],[73.0727718,19.0639975],[73.0727837,19.0639545],[73.0728095,19.0639173],[73.0728465,19.0638898],[73.0728909,19.063875],[73.0729379,19.0638744],[73.0729827,19.063888],[73.0730206,19.0639144],[73.0730482,19.0639523],[73.073061,19.0639967],[73.0730577,19.0640426],[73.0730384,19.0640848],[73.0730055,19.0641187]]]],"type":"MultiPolygon"},"id":"way/1419075010","properties":{"all_driver_tags":{"aeroway":"helipad"},"boarding_coordinate_status":"not_derived_from_area","extent_intersection_status":"intersects_research_envelope","geometry_status":"valid","name":"","osm_object_id":"1419075010","osm_object_type":"way","selected_tags":{"aeroway":"helipad"},"source":"mapped_osm_feature","source_id":"osm_western_zone_20260915","source_sha256":"c335a72cadfebc3ffde5cfff20fc9711f3112bc11000d43fde4daea10c36b53e","status":"unverified_operation_and_station_identity"},"type":"Feature"},{"geometry":{"coordinates":[[[[73.1218358,18.4475168],[73.1218466,18.4475583],[73.1220193,18.4475421],[73.1222178,18.4475156],[73.1225477,18.44744],[73.124634,18.4468819],[73.1248502,18.446815],[73.1250664,18.4467376],[73.1252344,18.446679],[73.1252096,18.4465989],[73.1218358,18.4475168]]]],"type":"MultiPolygon"},"id":"way/1419890445","properties":{"all_driver_tags":{"name":"Roha","name:hi":"रोहा","name:mr":"रोहे","public_transport":"platform","railway":"platform","ref":"4","train":"yes"},"boarding_coordinate_status":"not_derived_from_area","extent_intersection_status":"intersects_research_envelope","geometry_status":"valid","name":"Roha","osm_object_id":"1419890445","osm_object_type":"way","selected_tags":{"public_transport":"platform","railway":"platform"},"source":"mapped_osm_feature","source_id":"osm_western_zone_20260915","source_sha256":"c335a72cadfebc3ffde5cfff20fc9711f3112bc11000d43fde4daea10c36b53e","status":"unverified_operation_and_station_identity"},"type":"Feature"},{"geometry":{"coordinates":[[[[73.1223184,18.447052],[73.1223389,18.4471199],[73.1282463,18.4455105],[73.128226,18.4454437],[73.1223184,18.447052]]]],"type":"MultiPolygon"},"id":"way/1419890446","properties":{"all_driver_tags":{"name":"Roha","name:hi":"रोहा","name:mr":"रोहे","public_transport":"platform","railway":"platform","ref":"1","train":"yes"},"boarding_coordinate_status":"not_derived_from_area","extent_intersection_status":"intersects_research_envelope","geometry_status":"valid","name":"Roha","osm_object_id":"1419890446","osm_object_type":"way","selected_tags":{"public_transport":"platform","railway":"platform"},"source":"mapped_osm_feature","source_id":"osm_western_zone_20260915","source_sha256":"c335a72cadfebc3ffde5cfff20fc9711f3112bc11000d43fde4daea10c36b53e","status":"unverified_operation_and_station_identity"},"type":"Feature"},{"geometry":{"coordinates":[[[[73.7133045,18.6235439],[73.7134799,18.6234827],[73.7134522,18.6234149],[73.7132583,18.6234871],[73.7133045,18.6235439]]]],"type":"MultiPolygon"},"id":"way/1428264532","properties":{"all_driver_tags":{"bus":"yes","public_transport":"platform"},"boarding_coordinate_status":"not_derived_from_area","extent_intersection_status":"intersects_research_envelope","geometry_status":"valid","name":"","osm_object_id":"1428264532","osm_object_type":"way","selected_tags":{"public_transport":"platform"},"source":"mapped_osm_feature","source_id":"osm_western_zone_20260915","source_sha256":"c335a72cadfebc3ffde5cfff20fc9711f3112bc11000d43fde4daea10c36b53e","status":"unverified_operation_and_station_identity"},"type":"Feature"},{"geometry":{"coordinates":[[[[73.7206172,18.6565006],[73.72055,18.6564838],[73.7205747,18.656296],[73.720649,18.6563078],[73.7206172,18.6565006]]]],"type":"MultiPolygon"},"id":"way/1433507004","properties":{"all_driver_tags":{"addr:city":"pune","addr:district":"Pune","addr:postcode":"412101","addr:street":"Gahunje - Mukai Chowk Kiwale - Ravet Road","amenity":"bus_station","building":"bus_station","bus":"yes","internet_access":"no","name":"Kiwalegaon  last bus stop","operator":"#tt_event","public_transport":"station"},"boarding_coordinate_status":"not_derived_from_area","extent_intersection_status":"intersects_research_envelope","geometry_status":"valid","name":"Kiwalegaon  last bus stop","osm_object_id":"1433507004","osm_object_type":"way","selected_tags":{"amenity":"bus_station","public_transport":"station"},"source":"mapped_osm_feature","source_id":"osm_western_zone_20260915","source_sha256":"c335a72cadfebc3ffde5cfff20fc9711f3112bc11000d43fde4daea10c36b53e","status":"unverified_operation_and_station_identity"},"type":"Feature"},{"geometry":{"coordinates":[[[[72.8387846,19.0824828],[72.8387047,19.0825033],[72.838705,19.0825066],[72.8387852,19.0824861],[72.8387846,19.0824828]]]],"type":"MultiPolygon"},"id":"way/1442003407","properties":{"all_driver_tags":{"addr:city":"Mumbai","addr:street":"Tilak Road","amenity":"taxi","description":"MMRTA approved Meter Taxi Stand","taxi_vehicle":"motorcar"},"boarding_coordinate_status":"not_derived_from_area","extent_intersection_status":"intersects_research_envelope","geometry_status":"valid","name":"","osm_object_id":"1442003407","osm_object_type":"way","selected_tags":{"amenity":"taxi"},"source":"mapped_osm_feature","source_id":"osm_western_zone_20260915","source_sha256":"c335a72cadfebc3ffde5cfff20fc9711f3112bc11000d43fde4daea10c36b53e","status":"unverified_operation_and_station_identity"},"type":"Feature"},{"geometry":{"coordinates":[[[[72.8642463,19.0636197],[72.864281,19.0636576],[72.8645491,19.0634171],[72.8645168,19.0633826],[72.8642463,19.0636197]]]],"type":"MultiPolygon"},"id":"way/1442035915","properties":{"all_driver_tags":{"amenity":"taxi","taxi_vehicle":"auto_rickshaw"},"boarding_coordinate_status":"not_derived_from_area","extent_intersection_status":"intersects_research_envelope","geometry_status":"valid","name":"","osm_object_id":"1442035915","osm_object_type":"way","selected_tags":{"amenity":"taxi"},"source":"mapped_osm_feature","source_id":"osm_western_zone_20260915","source_sha256":"c335a72cadfebc3ffde5cfff20fc9711f3112bc11000d43fde4daea10c36b53e","status":"unverified_operation_and_station_identity"},"type":"Feature"},{"geometry":{"coordinates":[[[[72.8372761,18.9419145],[72.8372207,18.9419192],[72.8371636,18.9419241],[72.8371751,18.9420045],[72.8373618,18.9432764],[72.8373799,18.9433689],[72.8378161,18.9449507],[72.8378462,18.9450556],[72.8378649,18.9451208],[72.8384188,18.9470546],[72.838484,18.9473764],[72.8385788,18.9473557],[72.8382321,18.9460261],[72.8383222,18.9460024],[72.8383554,18.9459936],[72.8383326,18.9459158],[72.8382272,18.945557],[72.8382018,18.9454707],[72.8381759,18.9454775],[72.8380785,18.9455031],[72.8379966,18.9452114],[72.8380465,18.9451993],[72.838012,18.9450812],[72.8379924,18.9450162],[72.8379646,18.9449209],[72.8379185,18.9449281],[72.8377086,18.9442091],[72.8374813,18.9433791],[72.8374487,18.9432285],[72.8372876,18.9419925],[72.8372761,18.9419145]]]],"type":"MultiPolygon"},"id":"way/1449379103","properties":{"all_driver_tags":{"name":"18","public_transport":"platform","railway":"platform","ref":"18","train":"yes"},"boarding_coordinate_status":"not_derived_from_area","extent_intersection_status":"intersects_research_envelope","geometry_status":"valid","name":"18","osm_object_id":"1449379103","osm_object_type":"way","selected_tags":{"public_transport":"platform","railway":"platform"},"source":"mapped_osm_feature","source_id":"osm_western_zone_20260915","source_sha256":"c335a72cadfebc3ffde5cfff20fc9711f3112bc11000d43fde4daea10c36b53e","status":"unverified_operation_and_station_identity"},"type":"Feature"},{"geometry":{"coordinates":[[[[73.7350313,18.661945],[73.734997,18.6620025],[73.7353177,18.6621633],[73.7353535,18.6621087],[73.7350313,18.661945]]]],"type":"MultiPolygon"},"id":"way/1455821248","properties":{"all_driver_tags":{"amenity":"bus_station","bus":"yes","name":"Malawale Nagar","network":"PMPML Bus","operator":"PMPML","public_transport":"station"},"boarding_coordinate_status":"not_derived_from_area","extent_intersection_status":"intersects_research_envelope","geometry_status":"valid","name":"Malawale Nagar","osm_object_id":"1455821248","osm_object_type":"way","selected_tags":{"amenity":"bus_station","public_transport":"station"},"source":"mapped_osm_feature","source_id":"osm_western_zone_20260915","source_sha256":"c335a72cadfebc3ffde5cfff20fc9711f3112bc11000d43fde4daea10c36b53e","status":"unverified_operation_and_station_identity"},"type":"Feature"},{"geometry":{"coordinates":[[[[73.7390929,18.6642775],[73.739143,18.6642165],[73.7394183,18.6644097],[73.7393683,18.6644723],[73.7390929,18.6642775]]]],"type":"MultiPolygon"},"id":"way/1455821249","properties":{"all_driver_tags":{"amenity":"bus_station","bus":"yes","name":"Aadarshnagar","network":"PMPML Bus","operator":"PMPML","public_transport":"station"},"boarding_coordinate_status":"not_derived_from_area","extent_intersection_status":"intersects_research_envelope","geometry_status":"valid","name":"Aadarshnagar","osm_object_id":"1455821249","osm_object_type":"way","selected_tags":{"amenity":"bus_station","public_transport":"station"},"source":"mapped_osm_feature","source_id":"osm_western_zone_20260915","source_sha256":"c335a72cadfebc3ffde5cfff20fc9711f3112bc11000d43fde4daea10c36b53e","status":"unverified_operation_and_station_identity"},"type":"Feature"},{"geometry":{"coordinates":[[[[73.7432965,18.6655554],[73.743352,18.6656021],[73.7435677,18.6653549],[73.7435081,18.665316],[73.7432965,18.6655554]]]],"type":"MultiPolygon"},"id":"way/1455821250","properties":{"all_driver_tags":{"amenity":"bus_station","bus":"yes","name":"Gharkul Ravet","network":"PMPML Bus","operator":"PMPML","public_transport":"station"},"boarding_coordinate_status":"not_derived_from_area","extent_intersection_status":"intersects_research_envelope","geometry_status":"valid","name":"Gharkul Ravet","osm_object_id":"1455821250","osm_object_type":"way","selected_tags":{"amenity":"bus_station","public_transport":"station"},"source":"mapped_osm_feature","source_id":"osm_western_zone_20260915","source_sha256":"c335a72cadfebc3ffde5cfff20fc9711f3112bc11000d43fde4daea10c36b53e","status":"unverified_operation_and_station_identity"},"type":"Feature"},{"geometry":{"coordinates":[[[[73.7460298,18.6637003],[73.7460627,18.6637937],[73.7464119,18.6636594],[73.746377,18.6635641],[73.7460298,18.6637003]]]],"type":"MultiPolygon"},"id":"way/1455821251","properties":{"all_driver_tags":{"amenity":"bus_station","bus":"yes","name":"Mhaske Wasti Corner Ravet","network":"PMPML Bus","operator":"PMPML","public_transport":"station"},"boarding_coordinate_status":"not_derived_from_area","extent_intersection_status":"intersects_research_envelope","geometry_status":"valid","name":"Mhaske Wasti Corner Ravet","osm_object_id":"1455821251","osm_object_type":"way","selected_tags":{"amenity":"bus_station","public_transport":"station"},"source":"mapped_osm_feature","source_id":"osm_western_zone_20260915","source_sha256":"c335a72cadfebc3ffde5cfff20fc9711f3112bc11000d43fde4daea10c36b53e","status":"unverified_operation_and_station_identity"},"type":"Feature"},{"geometry":{"coordinates":[[[[73.7492251,18.6628856],[73.7492017,18.6628163],[73.7495566,18.6627308],[73.7495769,18.6628104],[73.7492251,18.6628856]]]],"type":"MultiPolygon"},"id":"way/1455821252","properties":{"all_driver_tags":{"amenity":"bus_station","bus":"yes","name":"Bhondve Patil Estate Ravet","network":"PMPML Bus","operator":"PMPML","public_transport":"station"},"boarding_coordinate_status":"not_derived_from_area","extent_intersection_status":"intersects_research_envelope","geometry_status":"valid","name":"Bhondve Patil Estate Ravet","osm_object_id":"1455821252","osm_object_type":"way","selected_tags":{"amenity":"bus_station","public_transport":"station"},"source":"mapped_osm_feature","source_id":"osm_western_zone_20260915","source_sha256":"c335a72cadfebc3ffde5cfff20fc9711f3112bc11000d43fde4daea10c36b53e","status":"unverified_operation_and_station_identity"},"type":"Feature"},{"geometry":{"coordinates":[[[[73.7526262,18.6612035],[73.7526902,18.6612733],[73.7529653,18.6610581],[73.7529062,18.6610002],[73.7526262,18.6612035]]]],"type":"MultiPolygon"},"id":"way/1455821253","properties":{"all_driver_tags":{"amenity":"bus_station","bus":"yes","name":"Ganesh Nagar Ravet","network":"PMPML Bus","operator":"PMPML","public_transport":"station"},"boarding_coordinate_status":"not_derived_from_area","extent_intersection_status":"intersects_research_envelope","geometry_status":"valid","name":"Ganesh Nagar Ravet","osm_object_id":"1455821253","osm_object_type":"way","selected_tags":{"amenity":"bus_station","public_transport":"station"},"source":"mapped_osm_feature","source_id":"osm_western_zone_20260915","source_sha256":"c335a72cadfebc3ffde5cfff20fc9711f3112bc11000d43fde4daea10c36b53e","status":"unverified_operation_and_station_identity"},"type":"Feature"},{"geometry":{"coordinates":[[[[73.7643429,18.6612929],[73.7643781,18.6612248],[73.7647128,18.6613738],[73.7646749,18.6614328],[73.7643429,18.6612929]]]],"type":"MultiPolygon"},"id":"way/1455821254","properties":{"all_driver_tags":{"amenity":"bus_station","bus":"yes","name":"Durga Devi Tekadi / Appughar","network":"PMPML Bus","operator":"PMPML","public_transport":"station"},"boarding_coordinate_status":"not_derived_from_area","extent_intersection_status":"intersects_research_envelope","geometry_status":"valid","name":"Durga Devi Tekadi / Appughar","osm_object_id":"1455821254","osm_object_type":"way","selected_tags":{"amenity":"bus_station","public_transport":"station"},"source":"mapped_osm_feature","source_id":"osm_western_zone_20260915","source_sha256":"c335a72cadfebc3ffde5cfff20fc9711f3112bc11000d43fde4daea10c36b53e","status":"unverified_operation_and_station_identity"},"type":"Feature"},{"geometry":{"coordinates":[[[[73.768819,18.6625249],[73.7688293,18.662447],[73.7692011,18.6624879],[73.7691877,18.6625657],[73.768819,18.6625249]]]],"type":"MultiPolygon"},"id":"way/1455821255","properties":{"all_driver_tags":{"amenity":"bus_station","bus":"yes","name":"Vahatuknagari","network":"PMPML Bus","operator":"PMPML","public_transport":"station"},"boarding_coordinate_status":"not_derived_from_area","extent_intersection_status":"intersects_research_envelope","geometry_status":"valid","name":"Vahatuknagari","osm_object_id":"1455821255","osm_object_type":"way","selected_tags":{"amenity":"bus_station","public_transport":"station"},"source":"mapped_osm_feature","source_id":"osm_western_zone_20260915","source_sha256":"c335a72cadfebc3ffde5cfff20fc9711f3112bc11000d43fde4daea10c36b53e","status":"unverified_operation_and_station_identity"},"type":"Feature"},{"geometry":{"coordinates":[[[[73.2182626,18.5403604],[73.2181188,18.5402688],[73.2180673,18.540281],[73.2178978,18.540222],[73.2176446,18.5402017],[73.2175588,18.5403421],[73.2175588,18.5406594],[73.2176253,18.5407672],[73.2178677,18.5408201],[73.2179965,18.5407123],[73.2181338,18.5406065],[73.2182368,18.5404987],[73.2182626,18.5403604]]]],"type":"MultiPolygon"},"id":"way/1456452358","properties":{"all_driver_tags":{"amenity":"bus_station","bus":"yes","name":"Pali ST Stand","public_transport":"station"},"boarding_coordinate_status":"not_derived_from_area","extent_intersection_status":"intersects_research_envelope","geometry_status":"valid","name":"Pali ST Stand","osm_object_id":"1456452358","osm_object_type":"way","selected_tags":{"amenity":"bus_station","public_transport":"station"},"source":"mapped_osm_feature","source_id":"osm_western_zone_20260915","source_sha256":"c335a72cadfebc3ffde5cfff20fc9711f3112bc11000d43fde4daea10c36b53e","status":"unverified_operation_and_station_identity"},"type":"Feature"},{"geometry":{"coordinates":[[[[73.0176059,19.1146333],[73.0176318,19.1144342],[73.0176028,19.114428],[73.0175777,19.11463],[73.0176059,19.1146333]]]],"type":"MultiPolygon"},"id":"way/1458270590","properties":{"all_driver_tags":{"bench":"yes","covered":"yes","public_transport":"platform","share_taxi":"yes","shelter":"yes"},"boarding_coordinate_status":"not_derived_from_area","extent_intersection_status":"intersects_research_envelope","geometry_status":"valid","name":"","osm_object_id":"1458270590","osm_object_type":"way","selected_tags":{"public_transport":"platform"},"source":"mapped_osm_feature","source_id":"osm_western_zone_20260915","source_sha256":"c335a72cadfebc3ffde5cfff20fc9711f3112bc11000d43fde4daea10c36b53e","status":"unverified_operation_and_station_identity"},"type":"Feature"},{"geometry":{"coordinates":[[[[73.7300032,18.5630947],[73.7299778,18.5630675],[73.7299442,18.56305],[73.7299064,18.5630441],[73.7298686,18.5630506],[73.7298354,18.5630687],[73.7298105,18.5630964],[73.7297968,18.5631303],[73.7297955,18.5631644],[73.7298057,18.5631972],[73.7298262,18.5632252],[73.7298551,18.5632457],[73.7298719,18.563251],[73.7298892,18.5632565],[73.7299252,18.5632566],[73.7299594,18.5632458],[73.7299883,18.5632255],[73.7299968,18.563214],[73.7300089,18.5631975],[73.7300192,18.5631648],[73.7300182,18.5631415],[73.7300176,18.5631285],[73.7300032,18.5630947]]]],"type":"MultiPolygon"},"id":"way/1462557093","properties":{"all_driver_tags":{"aeroway":"helipad"},"boarding_coordinate_status":"not_derived_from_area","extent_intersection_status":"intersects_research_envelope","geometry_status":"valid","name":"","osm_object_id":"1462557093","osm_object_type":"way","selected_tags":{"aeroway":"helipad"},"source":"mapped_osm_feature","source_id":"osm_western_zone_20260915","source_sha256":"c335a72cadfebc3ffde5cfff20fc9711f3112bc11000d43fde4daea10c36b53e","status":"unverified_operation_and_station_identity"},"type":"Feature"},{"geometry":{"coordinates":[[[[73.7303093,18.5633413],[73.7303009,18.5633251],[73.7302871,18.5633126],[73.7302775,18.5633086],[73.7302696,18.5633053],[73.7302506,18.5633042],[73.7302323,18.5633092],[73.7302169,18.5633199],[73.7302104,18.5633291],[73.7302064,18.5633349],[73.730202,18.5633507],[73.730203,18.5633669],[73.7302092,18.5633821],[73.7302201,18.5633947],[73.7302345,18.5634035],[73.7302511,18.5634077],[73.7302683,18.5634067],[73.7302843,18.5634008],[73.7302976,18.5633905],[73.7303021,18.5633838],[73.7303068,18.5633768],[73.7303114,18.5633593],[73.7303093,18.5633413]]]],"type":"MultiPolygon"},"id":"way/1462557095","properties":{"all_driver_tags":{"aeroway":"helipad"},"boarding_coordinate_status":"not_derived_from_area","extent_intersection_status":"intersects_research_envelope","geometry_status":"valid","name":"","osm_object_id":"1462557095","osm_object_type":"way","selected_tags":{"aeroway":"helipad"},"source":"mapped_osm_feature","source_id":"osm_western_zone_20260915","source_sha256":"c335a72cadfebc3ffde5cfff20fc9711f3112bc11000d43fde4daea10c36b53e","status":"unverified_operation_and_station_identity"},"type":"Feature"},{"geometry":{"coordinates":[[[[73.7304595,18.5630721],[73.7304429,18.5630394],[73.7304159,18.5630137],[73.7303813,18.5629981],[73.7303433,18.5629942],[73.7303061,18.5630025],[73.7302912,18.5630116],[73.7302738,18.5630221],[73.7302503,18.5630506],[73.7302384,18.5630834],[73.7302381,18.5631181],[73.7302495,18.563151],[73.7302713,18.5631789],[73.7303013,18.5631987],[73.7303167,18.563203],[73.7303364,18.5632084],[73.7303729,18.563207],[73.7304071,18.5631948],[73.7304402,18.5631737],[73.7304549,18.5631435],[73.7304636,18.5631081],[73.7304595,18.5630721]]]],"type":"MultiPolygon"},"id":"way/1462557096","properties":{"all_driver_tags":{"aeroway":"helipad"},"boarding_coordinate_status":"not_derived_from_area","extent_intersection_status":"intersects_research_envelope","geometry_status":"valid","name":"","osm_object_id":"1462557096","osm_object_type":"way","selected_tags":{"aeroway":"helipad"},"source":"mapped_osm_feature","source_id":"osm_western_zone_20260915","source_sha256":"c335a72cadfebc3ffde5cfff20fc9711f3112bc11000d43fde4daea10c36b53e","status":"unverified_operation_and_station_identity"},"type":"Feature"},{"geometry":{"coordinates":[[[[73.7302523,18.562855],[73.7302431,18.5628386],[73.7302287,18.5628259],[73.7302108,18.5628183],[73.7301912,18.5628167],[73.7301722,18.5628213],[73.7301557,18.5628315],[73.7301437,18.5628463],[73.7301375,18.5628637],[73.7301375,18.5628722],[73.7301375,18.5628821],[73.7301439,18.5628995],[73.7301558,18.5629141],[73.730172,18.5629242],[73.7301908,18.5629288],[73.7302102,18.5629274],[73.730228,18.5629202],[73.7302425,18.5629078],[73.7302519,18.5628917],[73.7302554,18.5628734],[73.7302523,18.562855]]]],"type":"MultiPolygon"},"id":"way/1462557097","properties":{"all_driver_tags":{"aeroway":"helipad"},"boarding_coordinate_status":"not_derived_from_area","extent_intersection_status":"intersects_research_envelope","geometry_status":"valid","name":"","osm_object_id":"1462557097","osm_object_type":"way","selected_tags":{"aeroway":"helipad"},"source":"mapped_osm_feature","source_id":"osm_western_zone_20260915","source_sha256":"c335a72cadfebc3ffde5cfff20fc9711f3112bc11000d43fde4daea10c36b53e","status":"unverified_operation_and_station_identity"},"type":"Feature"},{"geometry":{"coordinates":[[[[73.7300618,18.562856],[73.7300526,18.5628396],[73.7300382,18.5628269],[73.7300202,18.5628193],[73.7300006,18.5628177],[73.7299816,18.5628223],[73.7299652,18.5628325],[73.7299532,18.5628473],[73.7299469,18.5628647],[73.729947,18.5628831],[73.7299533,18.5629005],[73.7299652,18.5629151],[73.7299814,18.5629252],[73.7299893,18.5629271],[73.7300002,18.5629298],[73.7300196,18.5629284],[73.7300375,18.5629212],[73.7300519,18.5629088],[73.7300613,18.5628927],[73.7300648,18.5628744],[73.7300618,18.562856]]]],"type":"MultiPolygon"},"id":"way/1462557098","properties":{"all_driver_tags":{"aeroway":"helipad"},"boarding_coordinate_status":"not_derived_from_area","extent_intersection_status":"intersects_research_envelope","geometry_status":"valid","name":"","osm_object_id":"1462557098","osm_object_type":"way","selected_tags":{"aeroway":"helipad"},"source":"mapped_osm_feature","source_id":"osm_western_zone_20260915","source_sha256":"c335a72cadfebc3ffde5cfff20fc9711f3112bc11000d43fde4daea10c36b53e","status":"unverified_operation_and_station_identity"},"type":"Feature"},{"geometry":{"coordinates":[[[[73.7809836,19.9990574],[73.7813258,20.0006526],[73.7810204,20.0006818],[73.7809047,20.0006978],[73.7805963,20.000708],[73.7805238,20.0006286],[73.7804039,20.0000608],[73.7802422,19.9992109],[73.7807278,19.9991104],[73.7809836,19.9990574]]]],"type":"MultiPolygon"},"id":"way/1466131667","properties":{"all_driver_tags":{"amenity":"bus_station","name":"Mela Bus Stand"},"boarding_coordinate_status":"not_derived_from_area","extent_intersection_status":"intersects_research_envelope","geometry_status":"valid","name":"Mela Bus Stand","osm_object_id":"1466131667","osm_object_type":"way","selected_tags":{"amenity":"bus_station"},"source":"mapped_osm_feature","source_id":"osm_western_zone_20260915","source_sha256":"c335a72cadfebc3ffde5cfff20fc9711f3112bc11000d43fde4daea10c36b53e","status":"unverified_operation_and_station_identity"},"type":"Feature"},{"geometry":{"coordinates":[[[[73.7323165,19.9914174],[73.7323835,19.9908881],[73.7319759,19.9908352],[73.7313375,19.990694],[73.7309781,19.990757],[73.7307393,19.9909335],[73.730695,19.9910378],[73.7323165,19.9914174]]]],"type":"MultiPolygon"},"id":"way/1466135608","properties":{"all_driver_tags":{"amenity":"bus_station","name":"Satpur Bus Stand","operator":"MHRTC"},"boarding_coordinate_status":"not_derived_from_area","extent_intersection_status":"intersects_research_envelope","geometry_status":"valid","name":"Satpur Bus Stand","osm_object_id":"1466135608","osm_object_type":"way","selected_tags":{"amenity":"bus_station"},"source":"mapped_osm_feature","source_id":"osm_western_zone_20260915","source_sha256":"c335a72cadfebc3ffde5cfff20fc9711f3112bc11000d43fde4daea10c36b53e","status":"unverified_operation_and_station_identity"},"type":"Feature"},{"geometry":{"coordinates":[[[[73.531242,19.9347696],[73.5318562,19.9347847],[73.531926,19.9340863],[73.5312849,19.9339753],[73.531242,19.9347696]]]],"type":"MultiPolygon"},"id":"way/1466256681","properties":{"all_driver_tags":{"amenity":"bus_station","name":"బస్టేషన్","name:en":"Trimbak","name:mr":"त्र्यंबक"},"boarding_coordinate_status":"not_derived_from_area","extent_intersection_status":"intersects_research_envelope","geometry_status":"valid","name":"బస్టేషన్","osm_object_id":"1466256681","osm_object_type":"way","selected_tags":{"amenity":"bus_station"},"source":"mapped_osm_feature","source_id":"osm_western_zone_20260915","source_sha256":"c335a72cadfebc3ffde5cfff20fc9711f3112bc11000d43fde4daea10c36b53e","status":"unverified_operation_and_station_identity"},"type":"Feature"},{"geometry":{"coordinates":[[[[72.8400711,19.0706458],[72.8401314,19.0706392],[72.8400694,19.0702297],[72.8399533,19.0696137],[72.8399074,19.0692956],[72.8398783,19.0690936],[72.8398187,19.0686808],[72.839728,19.068061],[72.8396397,19.0680758],[72.8397258,19.0686987],[72.8397818,19.0691162],[72.8398178,19.0693274],[72.8398551,19.0695463],[72.8400711,19.0706458]]]],"type":"MultiPolygon"},"id":"way/1467362003","properties":{"all_driver_tags":{"name":"Platform 1","operator":"Harbour line (Mumbai Suburban Railway)","public_transport":"platform","ref":"1A","tactile_paving":"yes","train":"yes"},"boarding_coordinate_status":"not_derived_from_area","extent_intersection_status":"intersects_research_envelope","geometry_status":"valid","name":"Platform 1","osm_object_id":"1467362003","osm_object_type":"way","selected_tags":{"public_transport":"platform"},"source":"mapped_osm_feature","source_id":"osm_western_zone_20260915","source_sha256":"c335a72cadfebc3ffde5cfff20fc9711f3112bc11000d43fde4daea10c36b53e","status":"unverified_operation_and_station_identity"},"type":"Feature"},{"geometry":{"coordinates":[[[[73.7835199,19.9873189],[73.7834555,19.9878633],[73.782903,19.987823],[73.7828574,19.9886044],[73.7831658,19.988617],[73.782921,19.9887528],[73.7824309,19.9887657],[73.782388,19.9885641],[73.7823543,19.9875915],[73.7827367,19.9873239],[73.7835199,19.9873189]]]],"type":"MultiPolygon"},"id":"way/1469372433","properties":{"all_driver_tags":{"amenity":"bus_station","name":"Mumbai Naka Mahamarg Bus Stand"},"boarding_coordinate_status":"not_derived_from_area","extent_intersection_status":"intersects_research_envelope","geometry_status":"valid","name":"Mumbai Naka Mahamarg Bus Stand","osm_object_id":"1469372433","osm_object_type":"way","selected_tags":{"amenity":"bus_station"},"source":"mapped_osm_feature","source_id":"osm_western_zone_20260915","source_sha256":"c335a72cadfebc3ffde5cfff20fc9711f3112bc11000d43fde4daea10c36b53e","status":"unverified_operation_and_station_identity"},"type":"Feature"},{"geometry":{"coordinates":[[[[73.4737031,19.6507862],[73.4734243,19.6500235],[73.4722687,19.6468621],[73.4721636,19.6465746],[73.4720511,19.646302],[73.4720738,19.6462953],[73.4721748,19.6464506],[73.4723287,19.6467197],[73.4723688,19.646806],[73.472413,19.6469009],[73.4724807,19.6470752],[73.4725412,19.6472615],[73.4731411,19.6487578],[73.473452,19.6495669],[73.4735559,19.6499461],[73.4737439,19.6507749],[73.4737031,19.6507862]]]],"type":"MultiPolygon"},"id":"way/1470165112","properties":{"all_driver_tags":{"public_transport":"platform","railway":"platform","ref":"1;2","train":"yes"},"boarding_coordinate_status":"not_derived_from_area","extent_intersection_status":"intersects_research_envelope","geometry_status":"valid","name":"","osm_object_id":"1470165112","osm_object_type":"way","selected_tags":{"public_transport":"platform","railway":"platform"},"source":"mapped_osm_feature","source_id":"osm_western_zone_20260915","source_sha256":"c335a72cadfebc3ffde5cfff20fc9711f3112bc11000d43fde4daea10c36b53e","status":"unverified_operation_and_station_identity"},"type":"Feature"},{"geometry":{"coordinates":[[[[73.7848139,19.8227613],[73.7849931,19.823018],[73.7849301,19.823057],[73.7847509,19.8228002],[73.7848139,19.8227613]]]],"type":"MultiPolygon"},"id":"way/1476156589","properties":{"all_driver_tags":{"alt_name":"Lahvit","alt_name:en":"Lahvit","alt_name:mr":"लहवित","building":"yes","internet_access":"no","name":"Lahavit","name:en":"Lahavit","name:mr":"लहावीत","network":"IR","operator":"CR","public_transport":"station","railway":"station","ref":"LT","train":"yes","wikidata":"Q63356167"},"boarding_coordinate_status":"not_derived_from_area","extent_intersection_status":"intersects_research_envelope","geometry_status":"valid","name":"Lahavit","osm_object_id":"1476156589","osm_object_type":"way","selected_tags":{"public_transport":"station","railway":"station"},"source":"mapped_osm_feature","source_id":"osm_western_zone_20260915","source_sha256":"c335a72cadfebc3ffde5cfff20fc9711f3112bc11000d43fde4daea10c36b53e","status":"unverified_operation_and_station_identity"},"type":"Feature"},{"geometry":{"coordinates":[[[[72.8413483,19.0603164],[72.8413775,19.0653324],[72.8414386,19.0653321],[72.8414098,19.0600606],[72.8413468,19.0600609],[72.8413483,19.0603164]]]],"type":"MultiPolygon"},"id":"way/1479516487","properties":{"all_driver_tags":{"name":"Bandra Terminus","public_transport":"platform","railway":"platform","ref":"1","train":"yes"},"boarding_coordinate_status":"not_derived_from_area","extent_intersection_status":"intersects_research_envelope","geometry_status":"valid","name":"Bandra Terminus","osm_object_id":"1479516487","osm_object_type":"way","selected_tags":{"public_transport":"platform","railway":"platform"},"source":"mapped_osm_feature","source_id":"osm_western_zone_20260915","source_sha256":"c335a72cadfebc3ffde5cfff20fc9711f3112bc11000d43fde4daea10c36b53e","status":"unverified_operation_and_station_identity"},"type":"Feature"},{"geometry":{"coordinates":[[[[73.7899254,18.5593496],[73.7899462,18.5594036],[73.7899635,18.559447],[73.7899849,18.5595039],[73.7912584,18.5590621],[73.7912365,18.5590036],[73.7912188,18.5589596],[73.7911987,18.5589076],[73.7899254,18.5593496]]]],"type":"MultiPolygon"},"id":"way/1481571376","properties":{"all_driver_tags":{"building":"yes","construction":"yes","construction:railway":"station","layer":"3","network":"Pune Metro","network:wikidata":"Q3595697","public_transport":"station","railway":"station","station":"subway","subway":"yes"},"boarding_coordinate_status":"not_derived_from_area","extent_intersection_status":"intersects_research_envelope","geometry_status":"valid","name":"","osm_object_id":"1481571376","osm_object_type":"way","selected_tags":{"public_transport":"station","railway":"station"},"source":"mapped_osm_feature","source_id":"osm_western_zone_20260915","source_sha256":"c335a72cadfebc3ffde5cfff20fc9711f3112bc11000d43fde4daea10c36b53e","status":"unverified_operation_and_station_identity"},"type":"Feature"},{"geometry":{"coordinates":[[[[73.7791069,18.5641103],[73.779108,18.5641762],[73.7791085,18.56421],[73.7791097,18.5642846],[73.7804346,18.5642655],[73.7804335,18.5641921],[73.7804329,18.5641559],[73.7804319,18.5640915],[73.7791069,18.5641103]]]],"type":"MultiPolygon"},"id":"way/1481571382","properties":{"all_driver_tags":{"building":"yes","construction":"yes","construction:railway":"station","layer":"3","name":"Balewadi phata","network":"Pune Metro","network:wikidata":"Q3595697","opening_date":"2026","public_transport":"station","railway":"station","station":"subway","subway":"yes"},"boarding_coordinate_status":"not_derived_from_area","extent_intersection_status":"intersects_research_envelope","geometry_status":"valid","name":"Balewadi phata","osm_object_id":"1481571382","osm_object_type":"way","selected_tags":{"public_transport":"station","railway":"station"},"source":"mapped_osm_feature","source_id":"osm_western_zone_20260915","source_sha256":"c335a72cadfebc3ffde5cfff20fc9711f3112bc11000d43fde4daea10c36b53e","status":"unverified_operation_and_station_identity"},"type":"Feature"},{"geometry":{"coordinates":[[[[73.7711569,18.5745685],[73.7711891,18.5746246],[73.771216,18.5746714],[73.7712514,18.5747329],[73.7723956,18.5741417],[73.7723543,18.5740699],[73.7723307,18.5740289],[73.7723012,18.5739774],[73.7711569,18.5745685]]]],"type":"MultiPolygon"},"id":"way/1481769128","properties":{"all_driver_tags":{"building":"yes","construction":"yes","construction:railway":"station","layer":"3","network":"Pune Metro","network:wikidata":"Q3595697","opening_date":"2026","public_transport":"station","railway":"station","station":"subway","subway":"yes"},"boarding_coordinate_status":"not_derived_from_area","extent_intersection_status":"intersects_research_envelope","geometry_status":"valid","name":"","osm_object_id":"1481769128","osm_object_type":"way","selected_tags":{"public_transport":"station","railway":"station"},"source":"mapped_osm_feature","source_id":"osm_western_zone_20260915","source_sha256":"c335a72cadfebc3ffde5cfff20fc9711f3112bc11000d43fde4daea10c36b53e","status":"unverified_operation_and_station_identity"},"type":"Feature"},{"geometry":{"coordinates":[[[[73.7747424,18.5704865],[73.7747793,18.569948],[73.7748491,18.5699536],[73.7748973,18.5699575],[73.7749703,18.5699634],[73.7749315,18.5704954],[73.7749181,18.5710751],[73.7748403,18.5710735],[73.7747961,18.5710726],[73.7747277,18.5710713],[73.7747424,18.5704865]]]],"type":"MultiPolygon"},"id":"way/1481769133","properties":{"all_driver_tags":{"building":"yes","construction":"yes","construction:railway":"station","layer":"3","name":"Laxmi Nagar","network":"Pune Metro","network:wikidata":"Q3595697","opening_date":"2026","operator":"PMRDA","public_transport":"station","railway":"station","station":"subway","subway":"yes"},"boarding_coordinate_status":"not_derived_from_area","extent_intersection_status":"intersects_research_envelope","geometry_status":"valid","name":"Laxmi Nagar","osm_object_id":"1481769133","osm_object_type":"way","selected_tags":{"public_transport":"station","railway":"station"},"source":"mapped_osm_feature","source_id":"osm_western_zone_20260915","source_sha256":"c335a72cadfebc3ffde5cfff20fc9711f3112bc11000d43fde4daea10c36b53e","status":"unverified_operation_and_station_identity"},"type":"Feature"},{"geometry":{"coordinates":[[[[73.6362145,19.723702],[73.6363401,19.7236522],[73.6366326,19.7243062],[73.6365069,19.724356],[73.6362145,19.723702]]]],"type":"MultiPolygon"},"id":"way/1482260588","properties":{"all_driver_tags":{"public_transport":"platform","railway":"platform","train":"yes"},"boarding_coordinate_status":"not_derived_from_area","extent_intersection_status":"intersects_research_envelope","geometry_status":"valid","name":"","osm_object_id":"1482260588","osm_object_type":"way","selected_tags":{"public_transport":"platform","railway":"platform"},"source":"mapped_osm_feature","source_id":"osm_western_zone_20260915","source_sha256":"c335a72cadfebc3ffde5cfff20fc9711f3112bc11000d43fde4daea10c36b53e","status":"unverified_operation_and_station_identity"},"type":"Feature"},{"geometry":{"coordinates":[[[[73.7654026,18.5750956],[73.7654066,18.5750285],[73.765409,18.5749864],[73.7654134,18.5749112],[73.7667245,18.5749805],[73.7667197,18.5750614],[73.7667177,18.5750963],[73.7667137,18.5751646],[73.7654026,18.5750956]]]],"type":"MultiPolygon"},"id":"way/1482515762","properties":{"all_driver_tags":{"building":"yes","construction":"yes","construction:railway":"station","layer":"3","name":"NICMAR","network":"Pune Metro","network:wikidata":"Q3595697","opening_date":"2026","operator":"PMRDA","public_transport":"station","railway":"station","station":"subway","subway":"yes"},"boarding_coordinate_status":"not_derived_from_area","extent_intersection_status":"intersects_research_envelope","geometry_status":"valid","name":"NICMAR","osm_object_id":"1482515762","osm_object_type":"way","selected_tags":{"public_transport":"station","railway":"station"},"source":"mapped_osm_feature","source_id":"osm_western_zone_20260915","source_sha256":"c335a72cadfebc3ffde5cfff20fc9711f3112bc11000d43fde4daea10c36b53e","status":"unverified_operation_and_station_identity"},"type":"Feature"},{"geometry":{"coordinates":[[[[73.7612177,18.5802589],[73.7614434,18.5803352],[73.7618736,18.5791911],[73.7616482,18.5791149],[73.7612177,18.5802589]]]],"type":"MultiPolygon"},"id":"way/1482515767","properties":{"all_driver_tags":{"building":"yes","construction":"yes","construction:railway":"station","layer":"3","name":"Balewadi Stadium","network":"Pune Metro","network:wikidata":"Q3595697","opening_date":"2026","operator":"PMRDA","public_transport":"station","railway":"station","station":"subway","subway":"yes"},"boarding_coordinate_status":"not_derived_from_area","extent_intersection_status":"intersects_research_envelope","geometry_status":"valid","name":"Balewadi Stadium","osm_object_id":"1482515767","osm_object_type":"way","selected_tags":{"public_transport":"station","railway":"station"},"source":"mapped_osm_feature","source_id":"osm_western_zone_20260915","source_sha256":"c335a72cadfebc3ffde5cfff20fc9711f3112bc11000d43fde4daea10c36b53e","status":"unverified_operation_and_station_identity"},"type":"Feature"},{"geometry":{"coordinates":[[[[73.7572281,18.590841],[73.7573179,18.5908722],[73.7573599,18.5908868],[73.7574397,18.5909145],[73.7578838,18.5897651],[73.7578069,18.5897384],[73.7577656,18.5897241],[73.7576724,18.5896917],[73.7572281,18.590841]]]],"type":"MultiPolygon"},"id":"way/1482515772","properties":{"all_driver_tags":{"building":"yes","construction":"yes","construction:railway":"station","layer":"3","network":"Pune Metro","network:wikidata":"Q3595697","opening_date":"2026","operator":"PMRDA","public_transport":"station","railway":"station","station":"subway","subway":"yes"},"boarding_coordinate_status":"not_derived_from_area","extent_intersection_status":"intersects_research_envelope","geometry_status":"valid","name":"","osm_object_id":"1482515772","osm_object_type":"way","selected_tags":{"public_transport":"station","railway":"station"},"source":"mapped_osm_feature","source_id":"osm_western_zone_20260915","source_sha256":"c335a72cadfebc3ffde5cfff20fc9711f3112bc11000d43fde4daea10c36b53e","status":"unverified_operation_and_station_identity"},"type":"Feature"},{"geometry":{"coordinates":[[[[73.7367503,18.5926858],[73.7368221,18.5927716],[73.7369117,18.5928787],[73.7379475,18.5920997],[73.7378897,18.5920306],[73.7378531,18.5919869],[73.7377861,18.591907],[73.7367503,18.5926858]]]],"type":"MultiPolygon"},"id":"way/1482521088","properties":{"all_driver_tags":{"building":"yes","construction":"yes","construction:railway":"station","layer":"3","name":"Shivaji Chowk","network":"Pune Metro","network:wikidata":"Q3595697","opening_date":"2026","operator":"PMRDA","public_transport":"station","railway":"station","station":"subway","subway":"yes"},"boarding_coordinate_status":"not_derived_from_area","extent_intersection_status":"intersects_research_envelope","geometry_status":"valid","name":"Shivaji Chowk","osm_object_id":"1482521088","osm_object_type":"way","selected_tags":{"public_transport":"station","railway":"station"},"source":"mapped_osm_feature","source_id":"osm_western_zone_20260915","source_sha256":"c335a72cadfebc3ffde5cfff20fc9711f3112bc11000d43fde4daea10c36b53e","status":"unverified_operation_and_station_identity"},"type":"Feature"},{"geometry":{"coordinates":[[[[73.7456349,18.5909488],[73.7456497,18.5910362],[73.7456567,18.5910781],[73.7456705,18.5911601],[73.7469297,18.5909694],[73.7469163,18.5908898],[73.7469095,18.5908497],[73.7468941,18.5907584],[73.7456349,18.5909488]]]],"type":"MultiPolygon"},"id":"way/1482521093","properties":{"all_driver_tags":{"building":"yes","construction":"yes","construction:railway":"station","layer":"3","network":"Pune Metro","network:wikidata":"Q3595697","opening_date":"2026","operator":"PMRDA","public_transport":"station","railway":"station","station":"subway","subway":"yes"},"boarding_coordinate_status":"not_derived_from_area","extent_intersection_status":"intersects_research_envelope","geometry_status":"valid","name":"","osm_object_id":"1482521093","osm_object_type":"way","selected_tags":{"public_transport":"station","railway":"station"},"source":"mapped_osm_feature","source_id":"osm_western_zone_20260915","source_sha256":"c335a72cadfebc3ffde5cfff20fc9711f3112bc11000d43fde4daea10c36b53e","status":"unverified_operation_and_station_identity"},"type":"Feature"},{"geometry":{"coordinates":[[[[73.7271433,18.5945132],[73.7271574,18.5945859],[73.7271649,18.5946247],[73.7271804,18.5947049],[73.7284795,18.5944787],[73.7284659,18.5944084],[73.7284571,18.5943631],[73.7284424,18.5942873],[73.7271433,18.5945132]]]],"type":"MultiPolygon"},"id":"way/1483339707","properties":{"all_driver_tags":{"building":"yes","construction":"yes","construction:railway":"station","layer":"3","name":"Pall India","network":"Pune Metro","network:wikidata":"Q3595697","opening_date":"2026","operator":"PMRDA","public_transport":"station","railway":"station","station":"subway","subway":"yes"},"boarding_coordinate_status":"not_derived_from_area","extent_intersection_status":"intersects_research_envelope","geometry_status":"valid","name":"Pall India","osm_object_id":"1483339707","osm_object_type":"way","selected_tags":{"public_transport":"station","railway":"station"},"source":"mapped_osm_feature","source_id":"osm_western_zone_20260915","source_sha256":"c335a72cadfebc3ffde5cfff20fc9711f3112bc11000d43fde4daea10c36b53e","status":"unverified_operation_and_station_identity"},"type":"Feature"},{"geometry":{"coordinates":[[[[73.7165805,18.5963707],[73.7165646,18.5964353],[73.7165521,18.596486],[73.7165352,18.5965547],[73.7178215,18.5968395],[73.7178367,18.5967779],[73.7178499,18.5967246],[73.7178668,18.5966558],[73.7165805,18.5963707]]]],"type":"MultiPolygon"},"id":"way/1483352951","properties":{"all_driver_tags":{"building":"yes","construction":"yes","construction:railway":"station","layer":"3","network":"Pune Metro","network:wikidata":"Q3595697","opening_date":"2026","operator":"PMRDA","public_transport":"station","railway":"station","station":"subway","subway":"yes"},"boarding_coordinate_status":"not_derived_from_area","extent_intersection_status":"intersects_research_envelope","geometry_status":"valid","name":"","osm_object_id":"1483352951","osm_object_type":"way","selected_tags":{"public_transport":"station","railway":"station"},"source":"mapped_osm_feature","source_id":"osm_western_zone_20260915","source_sha256":"c335a72cadfebc3ffde5cfff20fc9711f3112bc11000d43fde4daea10c36b53e","status":"unverified_operation_and_station_identity"},"type":"Feature"},{"geometry":{"coordinates":[[[[73.7085838,18.5939907],[73.7086891,18.593807],[73.7098048,18.5943813],[73.7097624,18.5944553],[73.7097372,18.5944993],[73.7096994,18.5945652],[73.7085838,18.5939907]]]],"type":"MultiPolygon"},"id":"way/1483352956","properties":{"all_driver_tags":{"building":"yes","construction":"yes","construction:railway":"station","layer":"3","network":"Pune Metro","network:wikidata":"Q3595697","opening_date":"2026","operator":"PMRDA","public_transport":"station","railway":"station","station":"subway","subway":"yes"},"boarding_coordinate_status":"not_derived_from_area","extent_intersection_status":"intersects_research_envelope","geometry_status":"valid","name":"","osm_object_id":"1483352956","osm_object_type":"way","selected_tags":{"public_transport":"station","railway":"station"},"source":"mapped_osm_feature","source_id":"osm_western_zone_20260915","source_sha256":"c335a72cadfebc3ffde5cfff20fc9711f3112bc11000d43fde4daea10c36b53e","status":"unverified_operation_and_station_identity"},"type":"Feature"},{"geometry":{"coordinates":[[[[73.7022275,18.5879479],[73.702254,18.5878918],[73.7022732,18.5878429],[73.7023039,18.5877725],[73.7027503,18.5879517],[73.7031848,18.5880979],[73.7034946,18.5881843],[73.703473,18.5882589],[73.7034583,18.5883095],[73.7034423,18.5883648],[73.7031392,18.5882784],[73.7026752,18.5881271],[73.7022275,18.5879479]]]],"type":"MultiPolygon"},"id":"way/1483352961","properties":{"all_driver_tags":{"building":"yes","construction":"yes","construction:railway":"station","layer":"3","network":"Pune Metro","network:wikidata":"Q3595697","opening_date":"2026","operator":"PMRDA","public_transport":"station","railway":"station","station":"subway","subway":"yes"},"boarding_coordinate_status":"not_derived_from_area","extent_intersection_status":"intersects_research_envelope","geometry_status":"valid","name":"","osm_object_id":"1483352961","osm_object_type":"way","selected_tags":{"public_transport":"station","railway":"station"},"source":"mapped_osm_feature","source_id":"osm_western_zone_20260915","source_sha256":"c335a72cadfebc3ffde5cfff20fc9711f3112bc11000d43fde4daea10c36b53e","status":"unverified_operation_and_station_identity"},"type":"Feature"},{"geometry":{"coordinates":[[[[73.6942527,18.5836508],[73.6942255,18.5836994],[73.6942054,18.5837353],[73.694175,18.5837895],[73.6953682,18.5843903],[73.6953939,18.5843443],[73.695417,18.5843033],[73.6954461,18.5842513],[73.6942527,18.5836508]]]],"type":"MultiPolygon"},"id":"way/1483767840","properties":{"all_driver_tags":{"building":"yes","construction":"yes","construction:railway":"station","layer":"3","network":"Pune Metro","network:wikidata":"Q3595697","operator":"PMRDA","public_transport":"station","railway":"station","station":"subway","subway":"yes"},"boarding_coordinate_status":"not_derived_from_area","extent_intersection_status":"intersects_research_envelope","geometry_status":"valid","name":"","osm_object_id":"1483767840","osm_object_type":"way","selected_tags":{"public_transport":"station","railway":"station"},"source":"mapped_osm_feature","source_id":"osm_western_zone_20260915","source_sha256":"c335a72cadfebc3ffde5cfff20fc9711f3112bc11000d43fde4daea10c36b53e","status":"unverified_operation_and_station_identity"},"type":"Feature"},{"geometry":{"coordinates":[[[[73.0928671,18.7350852],[73.0937362,18.7354357],[73.0937201,18.7358574],[73.0927759,18.7355119],[73.0928671,18.7350852]]]],"type":"MultiPolygon"},"id":"way/1484623014","properties":{"all_driver_tags":{"amenity":"bus_station"},"boarding_coordinate_status":"not_derived_from_area","extent_intersection_status":"intersects_research_envelope","geometry_status":"valid","name":"","osm_object_id":"1484623014","osm_object_type":"way","selected_tags":{"amenity":"bus_station"},"source":"mapped_osm_feature","source_id":"osm_western_zone_20260915","source_sha256":"c335a72cadfebc3ffde5cfff20fc9711f3112bc11000d43fde4daea10c36b53e","status":"unverified_operation_and_station_identity"},"type":"Feature"},{"geometry":{"coordinates":[[[[72.9872793,19.2203398],[72.987312,19.2202793],[72.9873338,19.220239],[72.9873668,19.2201781],[72.9885902,19.2207681],[72.9885538,19.2208355],[72.9885341,19.2208718],[72.9885029,19.2209296],[72.9872793,19.2203398]]]],"type":"MultiPolygon"},"id":"way/1484919200","properties":{"all_driver_tags":{"building":"yes","construction":"yes","construction:railway":"station","layer":"3","name":"Balkum","network":"Mumbai Metro Line 5","public_transport":"station","railway":"station","station":"subway","subway":"yes"},"boarding_coordinate_status":"not_derived_from_area","extent_intersection_status":"intersects_research_envelope","geometry_status":"valid","name":"Balkum","osm_object_id":"1484919200","osm_object_type":"way","selected_tags":{"public_transport":"station","railway":"station"},"source":"mapped_osm_feature","source_id":"osm_western_zone_20260915","source_sha256":"c335a72cadfebc3ffde5cfff20fc9711f3112bc11000d43fde4daea10c36b53e","status":"unverified_operation_and_station_identity"},"type":"Feature"},{"geometry":{"coordinates":[[[[72.9771474,19.224853],[72.9775323,19.2248943],[72.9777282,19.2232655],[72.977343,19.2232243],[72.9771474,19.224853]]]],"type":"MultiPolygon"},"id":"way/1484919201","properties":{"all_driver_tags":{"building":"yes","construction":"yes","construction:railway":"station","layer":"3","network":"Mumbai Metro","public_transport":"station","railway":"station","station":"subway","subway":"yes"},"boarding_coordinate_status":"not_derived_from_area","extent_intersection_status":"intersects_research_envelope","geometry_status":"valid","name":"","osm_object_id":"1484919201","osm_object_type":"way","selected_tags":{"public_transport":"station","railway":"station"},"source":"mapped_osm_feature","source_id":"osm_western_zone_20260915","source_sha256":"c335a72cadfebc3ffde5cfff20fc9711f3112bc11000d43fde4daea10c36b53e","status":"unverified_operation_and_station_identity"},"type":"Feature"},{"geometry":{"coordinates":[[[[72.9765765,19.2305607],[72.9766565,19.2305687],[72.9767066,19.2305738],[72.9767769,19.2305808],[72.9765886,19.232248],[72.9765183,19.2322409],[72.9764609,19.2322351],[72.9763885,19.2322278],[72.9765765,19.2305607]]]],"type":"MultiPolygon"},"id":"way/1484919206","properties":{"all_driver_tags":{"building":"yes","construction":"yes","construction:railway":"station","layer":"3","name":"Manpada","network":"Mumbai Metro Line 4","public_transport":"station","railway":"station","station":"subway","subway":"yes"},"boarding_coordinate_status":"not_derived_from_area","extent_intersection_status":"intersects_research_envelope","geometry_status":"valid","name":"Manpada","osm_object_id":"1484919206","osm_object_type":"way","selected_tags":{"public_transport":"station","railway":"station"},"source":"mapped_osm_feature","source_id":"osm_western_zone_20260915","source_sha256":"c335a72cadfebc3ffde5cfff20fc9711f3112bc11000d43fde4daea10c36b53e","status":"unverified_operation_and_station_identity"},"type":"Feature"},{"geometry":{"coordinates":[[[[72.9574694,19.2775258],[72.9576278,19.2776438],[72.9587043,19.2763563],[72.9585462,19.2762385],[72.9574694,19.2775258]]]],"type":"MultiPolygon"},"id":"way/1485342201","properties":{"all_driver_tags":{"building":"yes","construction":"yes","construction:railway":"station","layer":"3","network":"Mumbai Metro Line 4","opening_date":"2026-04","public_transport":"station","railway":"station","station":"subway","subway":"yes"},"boarding_coordinate_status":"not_derived_from_area","extent_intersection_status":"intersects_research_envelope","geometry_status":"valid","name":"","osm_object_id":"1485342201","osm_object_type":"way","selected_tags":{"public_transport":"station","railway":"station"},"source":"mapped_osm_feature","source_id":"osm_western_zone_20260915","source_sha256":"c335a72cadfebc3ffde5cfff20fc9711f3112bc11000d43fde4daea10c36b53e","status":"unverified_operation_and_station_identity"},"type":"Feature"},{"geometry":{"coordinates":[[[[72.9465092,19.2842999],[72.946516,19.284349],[72.9465564,19.2846378],[72.9465623,19.2846802],[72.9483159,19.2844618],[72.9483102,19.2844206],[72.9482937,19.2843026],[72.948285,19.2842404],[72.9482687,19.2841237],[72.9482629,19.2840818],[72.9465092,19.2842999]]]],"type":"MultiPolygon"},"id":"way/1485342202","properties":{"all_driver_tags":{"building":"yes","construction":"yes","construction:railway":"station","layer":"3","opening_date":"2026-04","public_transport":"station","railway":"station","station":"subway","subway":"yes"},"boarding_coordinate_status":"not_derived_from_area","extent_intersection_status":"intersects_research_envelope","geometry_status":"valid","name":"","osm_object_id":"1485342202","osm_object_type":"way","selected_tags":{"public_transport":"station","railway":"station"},"source":"mapped_osm_feature","source_id":"osm_western_zone_20260915","source_sha256":"c335a72cadfebc3ffde5cfff20fc9711f3112bc11000d43fde4daea10c36b53e","status":"unverified_operation_and_station_identity"},"type":"Feature"},{"geometry":{"coordinates":[[[[72.8540803,19.1049993],[72.8541743,19.1050173],[72.8542274,19.1050274],[72.8543144,19.1050441],[72.8539637,19.1066816],[72.8538742,19.1066645],[72.85382,19.1066542],[72.8537292,19.1066368],[72.8540803,19.1049993]]]],"type":"MultiPolygon"},"id":"way/1485677774","properties":{"all_driver_tags":{"building":"yes","construction":"yes","construction:railway":"station","layer":"3","network":"Mumbai Metro Line 7A","opening_date":"2026-12","public_transport":"station","railway":"station","station":"subway","subway":"yes"},"boarding_coordinate_status":"not_derived_from_area","extent_intersection_status":"intersects_research_envelope","geometry_status":"valid","name":"","osm_object_id":"1485677774","osm_object_type":"way","selected_tags":{"public_transport":"station","railway":"station"},"source":"mapped_osm_feature","source_id":"osm_western_zone_20260915","source_sha256":"c335a72cadfebc3ffde5cfff20fc9711f3112bc11000d43fde4daea10c36b53e","status":"unverified_operation_and_station_identity"},"type":"Feature"},{"geometry":{"coordinates":[[[[72.8422838,19.2942575],[72.8422911,19.2941881],[72.8422975,19.2941278],[72.8423042,19.2940642],[72.8439704,19.2942205],[72.8439623,19.2942972],[72.843957,19.2943477],[72.84395,19.294414],[72.8422838,19.2942575]]]],"type":"MultiPolygon"},"id":"way/1485713537","properties":{"all_driver_tags":{"building":"train_station","construction":"yes","construction:railway":"station","layer":"3","network":"Mumbai Metro Red Line","opening_date":"2026-12","public_transport":"station","railway":"station","station":"subway","subway":"yes"},"boarding_coordinate_status":"not_derived_from_area","extent_intersection_status":"intersects_research_envelope","geometry_status":"valid","name":"","osm_object_id":"1485713537","osm_object_type":"way","selected_tags":{"public_transport":"station","railway":"station"},"source":"mapped_osm_feature","source_id":"osm_western_zone_20260915","source_sha256":"c335a72cadfebc3ffde5cfff20fc9711f3112bc11000d43fde4daea10c36b53e","status":"unverified_operation_and_station_identity"},"type":"Feature"},{"geometry":{"coordinates":[[[[72.8484793,19.2946324],[72.8484708,19.2947122],[72.8484654,19.2947631],[72.8484573,19.2948394],[72.850244,19.2950086],[72.850252,19.2949284],[72.8502568,19.2948799],[72.850266,19.2948013],[72.8484793,19.2946324]]]],"type":"MultiPolygon"},"id":"way/1485713542","properties":{"all_driver_tags":{"building":"train_station","construction":"yes","construction:railway":"station","layer":"3","network":"Mumbai Metro Red Line","opening_date":"2026-12","public_transport":"station","railway":"station","station":"subway","subway":"yes"},"boarding_coordinate_status":"not_derived_from_area","extent_intersection_status":"intersects_research_envelope","geometry_status":"valid","name":"","osm_object_id":"1485713542","osm_object_type":"way","selected_tags":{"public_transport":"station","railway":"station"},"source":"mapped_osm_feature","source_id":"osm_western_zone_20260915","source_sha256":"c335a72cadfebc3ffde5cfff20fc9711f3112bc11000d43fde4daea10c36b53e","status":"unverified_operation_and_station_identity"},"type":"Feature"},{"geometry":{"coordinates":[[[[73.7726475,18.6656375],[73.7727112,18.6656696],[73.7730213,18.6652989],[73.7729607,18.6652638],[73.7726475,18.6656375]]]],"type":"MultiPolygon"},"id":"way/1488485366","properties":{"all_driver_tags":{"addr:city":"nigdi","addr:district":"pune","addr:housenumber":"22","addr:postcode":"411044","addr:street":"Bhakti Shakti Circle Eleveted Road","amenity":"bus_station","building":"yes","bus":"yes","internet_access":"no","name":"Bhakti-Shakti Bus stop","public_transport":"station"},"boarding_coordinate_status":"not_derived_from_area","extent_intersection_status":"intersects_research_envelope","geometry_status":"valid","name":"Bhakti-Shakti Bus stop","osm_object_id":"1488485366","osm_object_type":"way","selected_tags":{"amenity":"bus_station","public_transport":"station"},"source":"mapped_osm_feature","source_id":"osm_western_zone_20260915","source_sha256":"c335a72cadfebc3ffde5cfff20fc9711f3112bc11000d43fde4daea10c36b53e","status":"unverified_operation_and_station_identity"},"type":"Feature"},{"geometry":{"coordinates":[[[[73.7725559,18.665553],[73.7726147,18.6655958],[73.7729167,18.665223],[73.7728579,18.6651803],[73.7725559,18.665553]]]],"type":"MultiPolygon"},"id":"way/1488485733","properties":{"all_driver_tags":{"addr:city":"nigdi","addr:district":"pune","addr:postcode":"411044","addr:street":"Bhakti Shakti Circle Eleveted Road","amenity":"bus_station","building":"bus_stop","bus":"yes","internet_access":"no","public_transport":"station"},"boarding_coordinate_status":"not_derived_from_area","extent_intersection_status":"intersects_research_envelope","geometry_status":"valid","name":"","osm_object_id":"1488485733","osm_object_type":"way","selected_tags":{"amenity":"bus_station","public_transport":"station"},"source":"mapped_osm_feature","source_id":"osm_western_zone_20260915","source_sha256":"c335a72cadfebc3ffde5cfff20fc9711f3112bc11000d43fde4daea10c36b53e","status":"unverified_operation_and_station_identity"},"type":"Feature"},{"geometry":{"coordinates":[[[[73.7724759,18.6654903],[73.7725316,18.6655316],[73.7728366,18.6651631],[73.7727688,18.6651363],[73.7724759,18.6654903]]]],"type":"MultiPolygon"},"id":"way/1488485903","properties":{"all_driver_tags":{"addr:city":"nigdi","addr:district":"pune","addr:postcode":"411044","addr:street":"Bhakti Shakti Circle Eleveted Road","amenity":"bus_station","building":"bus_stop","bus":"yes","internet_access":"no","public_transport":"station"},"boarding_coordinate_status":"not_derived_from_area","extent_intersection_status":"intersects_research_envelope","geometry_status":"valid","name":"","osm_object_id":"1488485903","osm_object_type":"way","selected_tags":{"amenity":"bus_station","public_transport":"station"},"source":"mapped_osm_feature","source_id":"osm_western_zone_20260915","source_sha256":"c335a72cadfebc3ffde5cfff20fc9711f3112bc11000d43fde4daea10c36b53e","status":"unverified_operation_and_station_identity"},"type":"Feature"},{"geometry":{"coordinates":[[[[73.2227881,18.393727],[73.2227492,18.3937117],[73.2231233,18.3928883],[73.223392,18.3923187],[73.2233467,18.3923002],[73.2233888,18.3922121],[73.2234387,18.3921059],[73.2235091,18.3919561],[73.2235487,18.3918718],[73.2236101,18.3917561],[73.2236572,18.3917766],[73.2243358,18.3903448],[73.2243817,18.3903656],[73.2237573,18.3916811],[73.2236073,18.3919976],[73.2234869,18.3922536],[73.2231703,18.39291],[73.2227881,18.393727]]]],"type":"MultiPolygon"},"id":"way/1494030751","properties":{"all_driver_tags":{"name":"Kolad","name:hi":"कोलाड","public_transport":"platform","railway":"platform","train":"yes"},"boarding_coordinate_status":"not_derived_from_area","extent_intersection_status":"intersects_research_envelope","geometry_status":"valid","name":"Kolad","osm_object_id":"1494030751","osm_object_type":"way","selected_tags":{"public_transport":"platform","railway":"platform"},"source":"mapped_osm_feature","source_id":"osm_western_zone_20260915","source_sha256":"c335a72cadfebc3ffde5cfff20fc9711f3112bc11000d43fde4daea10c36b53e","status":"unverified_operation_and_station_identity"},"type":"Feature"},{"geometry":{"coordinates":[[[[73.224553,18.3904383],[73.22462,18.3904663],[73.2243625,18.3910109],[73.22385,18.392095],[73.2230467,18.3937941],[73.2229772,18.3937648],[73.2237814,18.3920647],[73.224553,18.3904383]]]],"type":"MultiPolygon"},"id":"way/1494030752","properties":{"all_driver_tags":{"name":"Kolad","name:hi":"कोलाड","public_transport":"platform","railway":"platform","train":"yes"},"boarding_coordinate_status":"not_derived_from_area","extent_intersection_status":"intersects_research_envelope","geometry_status":"valid","name":"Kolad","osm_object_id":"1494030752","osm_object_type":"way","selected_tags":{"public_transport":"platform","railway":"platform"},"source":"mapped_osm_feature","source_id":"osm_western_zone_20260915","source_sha256":"c335a72cadfebc3ffde5cfff20fc9711f3112bc11000d43fde4daea10c36b53e","status":"unverified_operation_and_station_identity"},"type":"Feature"},{"geometry":{"coordinates":[[[[73.2431848,18.3018915],[73.2444588,18.2990669],[73.2454595,18.2968393],[73.2455085,18.2968591],[73.2432385,18.3019133],[73.2431848,18.3018915]]]],"type":"MultiPolygon"},"id":"way/1494387550","properties":{"all_driver_tags":{"name":"Indapur","name:hi":"इन्दापुर","public_transport":"platform","railway":"platform","train":"yes"},"boarding_coordinate_status":"not_derived_from_area","extent_intersection_status":"intersects_research_envelope","geometry_status":"valid","name":"Indapur","osm_object_id":"1494387550","osm_object_type":"way","selected_tags":{"public_transport":"platform","railway":"platform"},"source":"mapped_osm_feature","source_id":"osm_western_zone_20260915","source_sha256":"c335a72cadfebc3ffde5cfff20fc9711f3112bc11000d43fde4daea10c36b53e","status":"unverified_operation_and_station_identity"},"type":"Feature"},{"geometry":{"coordinates":[[[[73.2772931,18.2459627],[73.2772505,18.2459227],[73.2735447,18.2494718],[73.2735696,18.2494952],[73.2755609,18.2475827],[73.2772931,18.2459627]]]],"type":"MultiPolygon"},"id":"way/1494610471","properties":{"all_driver_tags":{"name":"Mangaon","name:hi":"मानगांव","name:mr":"माणगांव","public_transport":"platform","railway":"platform","train":"yes"},"boarding_coordinate_status":"not_derived_from_area","extent_intersection_status":"intersects_research_envelope","geometry_status":"valid","name":"Mangaon","osm_object_id":"1494610471","osm_object_type":"way","selected_tags":{"public_transport":"platform","railway":"platform"},"source":"mapped_osm_feature","source_id":"osm_western_zone_20260915","source_sha256":"c335a72cadfebc3ffde5cfff20fc9711f3112bc11000d43fde4daea10c36b53e","status":"unverified_operation_and_station_identity"},"type":"Feature"},{"geometry":{"coordinates":[[[[73.2777647,18.2457506],[73.277818,18.2458033],[73.2734847,18.2499366],[73.2734358,18.2498937],[73.2777647,18.2457506]]]],"type":"MultiPolygon"},"id":"way/1494610475","properties":{"all_driver_tags":{"name":"Mangaon","name:hi":"मानगांव","name:mr":"माणगांव","public_transport":"platform","railway":"platform","ref":"2","train":"yes"},"boarding_coordinate_status":"not_derived_from_area","extent_intersection_status":"intersects_research_envelope","geometry_status":"valid","name":"Mangaon","osm_object_id":"1494610475","osm_object_type":"way","selected_tags":{"public_transport":"platform","railway":"platform"},"source":"mapped_osm_feature","source_id":"osm_western_zone_20260915","source_sha256":"c335a72cadfebc3ffde5cfff20fc9711f3112bc11000d43fde4daea10c36b53e","status":"unverified_operation_and_station_identity"},"type":"Feature"},{"geometry":{"coordinates":[[[[73.4224457,19.6277883],[73.4225312,19.6277218],[73.4225673,19.6277703],[73.4232417,19.6286768],[73.4232621,19.6287043],[73.4232084,19.6287436],[73.4231837,19.6287106],[73.4228338,19.6282436],[73.4226595,19.6280437],[73.4224798,19.627829],[73.4224457,19.6277883]]]],"type":"MultiPolygon"},"id":"way/1499094545","properties":{"all_driver_tags":{"public_transport":"platform","railway":"platform","ref":"1","train":"yes"},"boarding_coordinate_status":"not_derived_from_area","extent_intersection_status":"intersects_research_envelope","geometry_status":"valid","name":"","osm_object_id":"1499094545","osm_object_type":"way","selected_tags":{"public_transport":"platform","railway":"platform"},"source":"mapped_osm_feature","source_id":"osm_western_zone_20260915","source_sha256":"c335a72cadfebc3ffde5cfff20fc9711f3112bc11000d43fde4daea10c36b53e","status":"unverified_operation_and_station_identity"},"type":"Feature"},{"geometry":{"coordinates":[[[[73.4226332,19.6276168],[73.422691,19.6276936],[73.4227306,19.6277448],[73.4233959,19.6286307],[73.4234495,19.6287021],[73.4233824,19.6287375],[73.4233345,19.6286726],[73.4230401,19.6282736],[73.4226446,19.627718],[73.4225937,19.6276465],[73.4226332,19.6276168]]]],"type":"MultiPolygon"},"id":"way/1499094546","properties":{"all_driver_tags":{"public_transport":"platform","railway":"platform","ref":"2","train":"yes"},"boarding_coordinate_status":"not_derived_from_area","extent_intersection_status":"intersects_research_envelope","geometry_status":"valid","name":"","osm_object_id":"1499094546","osm_object_type":"way","selected_tags":{"public_transport":"platform","railway":"platform"},"source":"mapped_osm_feature","source_id":"osm_western_zone_20260915","source_sha256":"c335a72cadfebc3ffde5cfff20fc9711f3112bc11000d43fde4daea10c36b53e","status":"unverified_operation_and_station_identity"},"type":"Feature"},{"geometry":{"coordinates":[[[[73.3518168,19.5496078],[73.3518774,19.5495885],[73.3518924,19.5496225],[73.3520841,19.550057],[73.3523723,19.550674],[73.3524024,19.5507383],[73.3523249,19.5507669],[73.3522976,19.5507049],[73.3518318,19.549642],[73.3518168,19.5496078]]]],"type":"MultiPolygon"},"id":"way/1499288462","properties":{"all_driver_tags":{"public_transport":"platform","railway":"platform","ref":"2","train":"yes"},"boarding_coordinate_status":"not_derived_from_area","extent_intersection_status":"intersects_research_envelope","geometry_status":"valid","name":"","osm_object_id":"1499288462","osm_object_type":"way","selected_tags":{"public_transport":"platform","railway":"platform"},"source":"mapped_osm_feature","source_id":"osm_western_zone_20260915","source_sha256":"c335a72cadfebc3ffde5cfff20fc9711f3112bc11000d43fde4daea10c36b53e","status":"unverified_operation_and_station_identity"},"type":"Feature"},{"geometry":{"coordinates":[[[[73.3517798,19.5499108],[73.3518326,19.5498928],[73.3518603,19.5499535],[73.3523308,19.5509813],[73.3523604,19.551046],[73.3523094,19.5510672],[73.3522793,19.5510014],[73.3518086,19.5499735],[73.3517798,19.5499108]]]],"type":"MultiPolygon"},"id":"way/1499288463","properties":{"all_driver_tags":{"public_transport":"platform","railway":"platform","ref":"1","train":"yes"},"boarding_coordinate_status":"not_derived_from_area","extent_intersection_status":"intersects_research_envelope","geometry_status":"valid","name":"","osm_object_id":"1499288463","osm_object_type":"way","selected_tags":{"public_transport":"platform","railway":"platform"},"source":"mapped_osm_feature","source_id":"osm_western_zone_20260915","source_sha256":"c335a72cadfebc3ffde5cfff20fc9711f3112bc11000d43fde4daea10c36b53e","status":"unverified_operation_and_station_identity"},"type":"Feature"},{"geometry":{"coordinates":[[[[72.997376,19.1955395],[72.9974254,19.1954824],[72.9976534,19.1956657],[72.9983607,19.1962347],[72.9995629,19.1973032],[72.9995331,19.1973372],[72.998316,19.1962874],[72.9976052,19.1957218],[72.997376,19.1955395]]]],"type":"MultiPolygon"},"id":"way/1499648928","properties":{"all_driver_tags":{"public_transport":"platform","railway":"platform","ref":"4","train":"yes"},"boarding_coordinate_status":"not_derived_from_area","extent_intersection_status":"intersects_research_envelope","geometry_status":"valid","name":"","osm_object_id":"1499648928","osm_object_type":"way","selected_tags":{"public_transport":"platform","railway":"platform"},"source":"mapped_osm_feature","source_id":"osm_western_zone_20260915","source_sha256":"c335a72cadfebc3ffde5cfff20fc9711f3112bc11000d43fde4daea10c36b53e","status":"unverified_operation_and_station_identity"},"type":"Feature"},{"geometry":{"coordinates":[[[[73.0408253,19.1884571],[73.0408513,19.1884052],[73.0411689,19.1885459],[73.0426354,19.1891955],[73.0426734,19.1892096],[73.0426478,19.1892567],[73.0426059,19.1892383],[73.0411379,19.1885942],[73.0408253,19.1884571]]]],"type":"MultiPolygon"},"id":"way/1499648930","properties":{"all_driver_tags":{"public_transport":"platform","railway":"platform","ref":"1A","train":"yes"},"boarding_coordinate_status":"not_derived_from_area","extent_intersection_status":"intersects_research_envelope","geometry_status":"valid","name":"","osm_object_id":"1499648930","osm_object_type":"way","selected_tags":{"public_transport":"platform","railway":"platform"},"source":"mapped_osm_feature","source_id":"osm_western_zone_20260915","source_sha256":"c335a72cadfebc3ffde5cfff20fc9711f3112bc11000d43fde4daea10c36b53e","status":"unverified_operation_and_station_identity"},"type":"Feature"},{"geometry":{"coordinates":[[[[73.0763433,19.210395],[73.076324,19.2104206],[73.076308,19.2104421],[73.0786743,19.2122203],[73.0788279,19.2123357],[73.0788653,19.2122898],[73.0787116,19.2121743],[73.0764238,19.2104555],[73.0763433,19.210395]]]],"type":"MultiPolygon"},"id":"way/1499648931","properties":{"all_driver_tags":{"public_transport":"platform","railway":"platform","ref":"1A","train":"yes"},"boarding_coordinate_status":"not_derived_from_area","extent_intersection_status":"intersects_research_envelope","geometry_status":"valid","name":"","osm_object_id":"1499648931","osm_object_type":"way","selected_tags":{"public_transport":"platform","railway":"platform"},"source":"mapped_osm_feature","source_id":"osm_western_zone_20260915","source_sha256":"c335a72cadfebc3ffde5cfff20fc9711f3112bc11000d43fde4daea10c36b53e","status":"unverified_operation_and_station_identity"},"type":"Feature"},{"geometry":{"coordinates":[[[[73.0968366,19.2256472],[73.0967869,19.2257208],[73.0968852,19.2257683],[73.0977947,19.2262156],[73.0984849,19.2265402],[73.0991926,19.2268103],[73.0992735,19.2268412],[73.0992993,19.2267693],[73.0992223,19.2267411],[73.0986478,19.226531],[73.0980221,19.2262544],[73.0969342,19.2256972],[73.0968366,19.2256472]]]],"type":"MultiPolygon"},"id":"way/1499648932","properties":{"all_driver_tags":{"public_transport":"platform","railway":"platform","ref":"1A","train":"yes"},"boarding_coordinate_status":"not_derived_from_area","extent_intersection_status":"intersects_research_envelope","geometry_status":"valid","name":"","osm_object_id":"1499648932","osm_object_type":"way","selected_tags":{"public_transport":"platform","railway":"platform"},"source":"mapped_osm_feature","source_id":"osm_western_zone_20260915","source_sha256":"c335a72cadfebc3ffde5cfff20fc9711f3112bc11000d43fde4daea10c36b53e","status":"unverified_operation_and_station_identity"},"type":"Feature"},{"geometry":{"coordinates":[[[[73.2664517,19.4058124],[73.2665334,19.405731],[73.2667409,19.4058906],[73.268944,19.4075845],[73.2689681,19.407603],[73.2689017,19.407673],[73.2688816,19.4076578],[73.2666672,19.4059761],[73.2664517,19.4058124]]]],"type":"MultiPolygon"},"id":"way/1499924876","properties":{"all_driver_tags":{"public_transport":"platform","railway":"platform","ref":"2","train":"yes"},"boarding_coordinate_status":"not_derived_from_area","extent_intersection_status":"intersects_research_envelope","geometry_status":"valid","name":"","osm_object_id":"1499924876","osm_object_type":"way","selected_tags":{"public_transport":"platform","railway":"platform"},"source":"mapped_osm_feature","source_id":"osm_western_zone_20260915","source_sha256":"c335a72cadfebc3ffde5cfff20fc9711f3112bc11000d43fde4daea10c36b53e","status":"unverified_operation_and_station_identity"},"type":"Feature"},{"geometry":{"coordinates":[[[[73.3928268,19.579685],[73.3935876,19.5801023],[73.3940125,19.5803899],[73.3944262,19.5807125],[73.3946797,19.5809337],[73.3951389,19.5813564],[73.39517,19.5813259],[73.395107,19.5812674],[73.394455,19.5806621],[73.3937747,19.5801698],[73.3930556,19.5797556],[73.3928569,19.5796412],[73.3928268,19.579685]]]],"type":"MultiPolygon"},"id":"way/1499924912","properties":{"all_driver_tags":{"public_transport":"platform","railway":"platform","ref":"2","train":"yes"},"boarding_coordinate_status":"not_derived_from_area","extent_intersection_status":"intersects_research_envelope","geometry_status":"valid","name":"","osm_object_id":"1499924912","osm_object_type":"way","selected_tags":{"public_transport":"platform","railway":"platform"},"source":"mapped_osm_feature","source_id":"osm_western_zone_20260915","source_sha256":"c335a72cadfebc3ffde5cfff20fc9711f3112bc11000d43fde4daea10c36b53e","status":"unverified_operation_and_station_identity"},"type":"Feature"},{"geometry":{"coordinates":[[[[73.4720759,19.6461106],[73.4721071,19.6460885],[73.4723395,19.6464931],[73.4726266,19.6471239],[73.4728277,19.6476406],[73.4731362,19.6484222],[73.4733588,19.6490126],[73.4735209,19.6494319],[73.4736147,19.6497629],[73.4735795,19.6497721],[73.4734916,19.6494705],[73.4732456,19.6488415],[73.4730386,19.648288],[73.4728218,19.6477142],[73.472566,19.6471257],[73.4722946,19.6465299],[73.4720759,19.6461106]]]],"type":"MultiPolygon"},"id":"way/1499924926","properties":{"all_driver_tags":{"public_transport":"platform","railway":"platform","ref":"3","train":"yes"},"boarding_coordinate_status":"not_derived_from_area","extent_intersection_status":"intersects_research_envelope","geometry_status":"valid","name":"","osm_object_id":"1499924926","osm_object_type":"way","selected_tags":{"public_transport":"platform","railway":"platform"},"source":"mapped_osm_feature","source_id":"osm_western_zone_20260915","source_sha256":"c335a72cadfebc3ffde5cfff20fc9711f3112bc11000d43fde4daea10c36b53e","status":"unverified_operation_and_station_identity"},"type":"Feature"},{"geometry":{"coordinates":[[[[73.1829808,19.2109032],[73.1830087,19.210966],[73.1830278,19.2109573],[73.1834958,19.2107451],[73.1838477,19.2105952],[73.184382,19.2103743],[73.1849528,19.2101311],[73.1854175,19.2099233],[73.185442,19.2099123],[73.1854027,19.2098543],[73.1853805,19.2098639],[73.1850944,19.2099873],[73.1845322,19.2102284],[73.1838048,19.2105445],[73.1829995,19.210895],[73.1829808,19.2109032]]]],"type":"MultiPolygon"},"id":"way/1500173624","properties":{"all_driver_tags":{"public_transport":"platform","railway":"platform","ref":"1A","train":"yes"},"boarding_coordinate_status":"not_derived_from_area","extent_intersection_status":"intersects_research_envelope","geometry_status":"valid","name":"","osm_object_id":"1500173624","osm_object_type":"way","selected_tags":{"public_transport":"platform","railway":"platform"},"source":"mapped_osm_feature","source_id":"osm_western_zone_20260915","source_sha256":"c335a72cadfebc3ffde5cfff20fc9711f3112bc11000d43fde4daea10c36b53e","status":"unverified_operation_and_station_identity"},"type":"Feature"},{"geometry":{"coordinates":[[[[73.2378996,19.1670608],[73.237819,19.1670653],[73.2377901,19.1670669],[73.2377944,19.1671075],[73.2378189,19.1671056],[73.2386718,19.167039],[73.2393756,19.1669357],[73.2397636,19.1668675],[73.2401413,19.1667986],[73.240659,19.1667041],[73.2408085,19.1666751],[73.2408972,19.1666579],[73.2408899,19.1666148],[73.2407928,19.1666327],[73.2401872,19.1667448],[73.2397428,19.1668257],[73.2393973,19.1668886],[73.2390368,19.166938],[73.2386699,19.1669838],[73.238142,19.1670426],[73.2378996,19.1670608]]]],"type":"MultiPolygon"},"id":"way/1500174743","properties":{"all_driver_tags":{"public_transport":"platform","railway":"platform","ref":"1","train":"yes"},"boarding_coordinate_status":"not_derived_from_area","extent_intersection_status":"intersects_research_envelope","geometry_status":"valid","name":"","osm_object_id":"1500174743","osm_object_type":"way","selected_tags":{"public_transport":"platform","railway":"platform"},"source":"mapped_osm_feature","source_id":"osm_western_zone_20260915","source_sha256":"c335a72cadfebc3ffde5cfff20fc9711f3112bc11000d43fde4daea10c36b53e","status":"unverified_operation_and_station_identity"},"type":"Feature"},{"geometry":{"coordinates":[[[[73.4047585,18.7517012],[73.405374,18.7512728],[73.405353,18.7512472],[73.4053349,18.7512253],[73.4047217,18.7516565],[73.4047585,18.7517012]]]],"type":"MultiPolygon"},"id":"way/1502389838","properties":{"all_driver_tags":{"public_transport":"platform","shelter":"no"},"boarding_coordinate_status":"not_derived_from_area","extent_intersection_status":"intersects_research_envelope","geometry_status":"valid","name":"","osm_object_id":"1502389838","osm_object_type":"way","selected_tags":{"public_transport":"platform"},"source":"mapped_osm_feature","source_id":"osm_western_zone_20260915","source_sha256":"c335a72cadfebc3ffde5cfff20fc9711f3112bc11000d43fde4daea10c36b53e","status":"unverified_operation_and_station_identity"},"type":"Feature"},{"geometry":{"coordinates":[[[[72.8892052,19.0682805],[72.889235,19.0682479],[72.889265,19.0682152],[72.8936393,19.0717954],[72.8939092,19.0720199],[72.8938522,19.0720812],[72.8935852,19.0718592],[72.8892052,19.0682805]]]],"type":"MultiPolygon"},"id":"way/1502513589","properties":{"all_driver_tags":{"name":"Lokmanya Tilak Terminus","public_transport":"platform","ref":"6;7","train":"yes"},"boarding_coordinate_status":"not_derived_from_area","extent_intersection_status":"intersects_research_envelope","geometry_status":"valid","name":"Lokmanya Tilak Terminus","osm_object_id":"1502513589","osm_object_type":"way","selected_tags":{"public_transport":"platform"},"source":"mapped_osm_feature","source_id":"osm_western_zone_20260915","source_sha256":"c335a72cadfebc3ffde5cfff20fc9711f3112bc11000d43fde4daea10c36b53e","status":"unverified_operation_and_station_identity"},"type":"Feature"},{"geometry":{"coordinates":[[[[72.898417,19.0803775],[72.8983625,19.0804499],[72.8975151,19.0798316],[72.8967179,19.0792132],[72.8963922,19.0789305],[72.8964438,19.0788748],[72.8969227,19.0793051],[72.8971718,19.0795071],[72.8976831,19.0798761],[72.898053,19.0801296],[72.898417,19.0803775]]]],"type":"MultiPolygon"},"id":"way/1524513123","properties":{"all_driver_tags":{"public_transport":"platform","railway":"platform","train":"yes"},"boarding_coordinate_status":"not_derived_from_area","extent_intersection_status":"intersects_research_envelope","geometry_status":"valid","name":"","osm_object_id":"1524513123","osm_object_type":"way","selected_tags":{"public_transport":"platform","railway":"platform"},"source":"mapped_osm_feature","source_id":"osm_western_zone_20260915","source_sha256":"c335a72cadfebc3ffde5cfff20fc9711f3112bc11000d43fde4daea10c36b53e","status":"unverified_operation_and_station_identity"},"type":"Feature"},{"geometry":{"coordinates":[[[[72.7368516,20.0851292],[72.73929,20.0882617],[72.7393217,20.088239],[72.7385061,20.0871141],[72.7375953,20.0859495],[72.7370362,20.08528],[72.7368837,20.0851083],[72.7368516,20.0851292]]]],"type":"MultiPolygon"},"id":"way/1530442769","properties":{"all_driver_tags":{"name":"Gholvad","public_transport":"platform","train":"yes"},"boarding_coordinate_status":"not_derived_from_area","extent_intersection_status":"intersects_research_envelope","geometry_status":"valid","name":"Gholvad","osm_object_id":"1530442769","osm_object_type":"way","selected_tags":{"public_transport":"platform"},"source":"mapped_osm_feature","source_id":"osm_western_zone_20260915","source_sha256":"c335a72cadfebc3ffde5cfff20fc9711f3112bc11000d43fde4daea10c36b53e","status":"unverified_operation_and_station_identity"},"type":"Feature"},{"geometry":{"coordinates":[[[[72.7373351,20.086252],[72.7387555,20.0881452],[72.7389063,20.0880526],[72.7374857,20.0861595],[72.7373351,20.086252]]]],"type":"MultiPolygon"},"id":"way/1530442782","properties":{"all_driver_tags":{"name":"Gholvad","public_transport":"platform","train":"yes"},"boarding_coordinate_status":"not_derived_from_area","extent_intersection_status":"intersects_research_envelope","geometry_status":"valid","name":"Gholvad","osm_object_id":"1530442782","osm_object_type":"way","selected_tags":{"public_transport":"platform"},"source":"mapped_osm_feature","source_id":"osm_western_zone_20260915","source_sha256":"c335a72cadfebc3ffde5cfff20fc9711f3112bc11000d43fde4daea10c36b53e","status":"unverified_operation_and_station_identity"},"type":"Feature"},{"geometry":{"coordinates":[[[[73.3635985,18.8266995],[73.3636518,18.8265894],[73.3637024,18.8266114],[73.3636491,18.8267215],[73.3635985,18.8266995]]]],"type":"MultiPolygon"},"id":"way/1531616699","properties":{"all_driver_tags":{"building":"yes","internet_access":"no","name":"Nagnath Cabin","name:hi":"नागनाथ कैबिन","network":"IR","operator":"CR","railway":"technical_station","ref":"NNCN","train":"yes"},"boarding_coordinate_status":"not_derived_from_area","extent_intersection_status":"intersects_research_envelope","geometry_status":"valid","name":"Nagnath Cabin","osm_object_id":"1531616699","osm_object_type":"way","selected_tags":{"railway":"technical_station"},"source":"mapped_osm_feature","source_id":"osm_western_zone_20260915","source_sha256":"c335a72cadfebc3ffde5cfff20fc9711f3112bc11000d43fde4daea10c36b53e","status":"unverified_operation_and_station_identity"},"type":"Feature"},{"geometry":{"coordinates":[[[[73.3636905,18.8271315],[73.3637438,18.8270214],[73.3637944,18.8270434],[73.3637411,18.8271535],[73.3636905,18.8271315]]]],"type":"MultiPolygon"},"id":"way/1531616700","properties":{"all_driver_tags":{"building":"yes","internet_access":"no","name":"Nagnath Cabin","name:hi":"नागनाथ कैबिन","network":"IR","operator":"CR","railway":"technical_station","ref":"NNCN","train":"yes"},"boarding_coordinate_status":"not_derived_from_area","extent_intersection_status":"intersects_research_envelope","geometry_status":"valid","name":"Nagnath Cabin","osm_object_id":"1531616700","osm_object_type":"way","selected_tags":{"railway":"technical_station"},"source":"mapped_osm_feature","source_id":"osm_western_zone_20260915","source_sha256":"c335a72cadfebc3ffde5cfff20fc9711f3112bc11000d43fde4daea10c36b53e","status":"unverified_operation_and_station_identity"},"type":"Feature"},{"geometry":{"coordinates":[[[[72.9557741,19.2566987],[72.9557414,19.2567119],[72.9557139,19.2567332],[72.955694,19.256761],[72.9556831,19.256793],[72.9556822,19.2568265],[72.9556914,19.256859],[72.9557098,19.2568876],[72.9557361,19.2569103],[72.9557681,19.256925],[72.9558031,19.2569306],[72.9558384,19.2569266],[72.9558711,19.2569134],[72.9558986,19.2568921],[72.9559185,19.2568643],[72.9559294,19.2568324],[72.9559303,19.2567988],[72.9559211,19.2567664],[72.9559027,19.2567377],[72.9558764,19.2567151],[72.9558444,19.2567004],[72.9558094,19.2566948],[72.9557741,19.2566987]]]],"type":"MultiPolygon"},"id":"way/1532578195","properties":{"all_driver_tags":{"aeroway":"helipad"},"boarding_coordinate_status":"not_derived_from_area","extent_intersection_status":"intersects_research_envelope","geometry_status":"valid","name":"","osm_object_id":"1532578195","osm_object_type":"way","selected_tags":{"aeroway":"helipad"},"source":"mapped_osm_feature","source_id":"osm_western_zone_20260915","source_sha256":"c335a72cadfebc3ffde5cfff20fc9711f3112bc11000d43fde4daea10c36b53e","status":"unverified_operation_and_station_identity"},"type":"Feature"},{"geometry":{"coordinates":[[[[72.9556346,19.2561568],[72.9556019,19.25617],[72.9555744,19.2561914],[72.9555545,19.2562191],[72.9555436,19.2562511],[72.9555427,19.2562846],[72.9555519,19.2563171],[72.9555704,19.2563458],[72.9555966,19.2563684],[72.9556286,19.2563831],[72.9556637,19.2563887],[72.955699,19.2563847],[72.9557317,19.2563716],[72.9557591,19.2563502],[72.9557791,19.2563224],[72.9557899,19.2562905],[72.9557908,19.2562569],[72.9557817,19.2562245],[72.9557632,19.2561958],[72.9557369,19.2561732],[72.955705,19.2561585],[72.9556699,19.2561529],[72.9556346,19.2561568]]]],"type":"MultiPolygon"},"id":"way/1532578196","properties":{"all_driver_tags":{"aeroway":"helipad"},"boarding_coordinate_status":"not_derived_from_area","extent_intersection_status":"intersects_research_envelope","geometry_status":"valid","name":"","osm_object_id":"1532578196","osm_object_type":"way","selected_tags":{"aeroway":"helipad"},"source":"mapped_osm_feature","source_id":"osm_western_zone_20260915","source_sha256":"c335a72cadfebc3ffde5cfff20fc9711f3112bc11000d43fde4daea10c36b53e","status":"unverified_operation_and_station_identity"},"type":"Feature"},{"geometry":{"coordinates":[[[[72.9554522,19.2556428],[72.9554195,19.255656],[72.9553921,19.2556773],[72.9553721,19.2557051],[72.9553612,19.2557371],[72.9553603,19.2557706],[72.9553695,19.2558031],[72.955388,19.2558317],[72.9554142,19.2558543],[72.9554462,19.255869],[72.9554813,19.2558747],[72.9555166,19.2558707],[72.9555493,19.2558575],[72.9555767,19.2558362],[72.9555967,19.2558084],[72.9556075,19.2557765],[72.9556084,19.2557429],[72.9555993,19.2557105],[72.9555808,19.2556818],[72.9555545,19.2556592],[72.9555226,19.2556445],[72.9554875,19.2556389],[72.9554522,19.2556428]]]],"type":"MultiPolygon"},"id":"way/1532578197","properties":{"all_driver_tags":{"aeroway":"helipad"},"boarding_coordinate_status":"not_derived_from_area","extent_intersection_status":"intersects_research_envelope","geometry_status":"valid","name":"","osm_object_id":"1532578197","osm_object_type":"way","selected_tags":{"aeroway":"helipad"},"source":"mapped_osm_feature","source_id":"osm_western_zone_20260915","source_sha256":"c335a72cadfebc3ffde5cfff20fc9711f3112bc11000d43fde4daea10c36b53e","status":"unverified_operation_and_station_identity"},"type":"Feature"},{"geometry":{"coordinates":[[[[73.0865646,18.7344878],[73.0866391,18.7344716],[73.0877148,18.7397847],[73.0876553,18.7397999],[73.0874823,18.7390289],[73.0865646,18.7344878]]]],"type":"MultiPolygon"},"id":"way/1539067097","properties":{"all_driver_tags":{"name":"Pen","name:en":"Pen","name:hi":"पेन","name:mr":"पेण","public_transport":"platform","ref":"2;3","train":"yes"},"boarding_coordinate_status":"not_derived_from_area","extent_intersection_status":"intersects_research_envelope","geometry_status":"valid","name":"Pen","osm_object_id":"1539067097","osm_object_type":"way","selected_tags":{"public_transport":"platform"},"source":"mapped_osm_feature","source_id":"osm_western_zone_20260915","source_sha256":"c335a72cadfebc3ffde5cfff20fc9711f3112bc11000d43fde4daea10c36b53e","status":"unverified_operation_and_station_identity"},"type":"Feature"},{"geometry":{"coordinates":[[[[73.086342,18.7345429],[73.0863966,18.7345329],[73.0874525,18.7397328],[73.0874224,18.7397381],[73.0872597,18.739084],[73.086342,18.7345429]]]],"type":"MultiPolygon"},"id":"way/1539067100","properties":{"all_driver_tags":{"name":"Pen","name:en":"Pen","name:hi":"पेन","name:mr":"पेण","public_transport":"platform","ref":"2;3","train":"yes"},"boarding_coordinate_status":"not_derived_from_area","extent_intersection_status":"intersects_research_envelope","geometry_status":"valid","name":"Pen","osm_object_id":"1539067100","osm_object_type":"way","selected_tags":{"public_transport":"platform"},"source":"mapped_osm_feature","source_id":"osm_western_zone_20260915","source_sha256":"c335a72cadfebc3ffde5cfff20fc9711f3112bc11000d43fde4daea10c36b53e","status":"unverified_operation_and_station_identity"},"type":"Feature"},{"geometry":{"coordinates":[[[[72.8345225,18.9439995],[72.8345274,18.9439435],[72.8345432,18.9439447],[72.8345382,18.9440007],[72.8345225,18.9439995]]]],"type":"MultiPolygon"},"id":"way/1544036864","properties":{"all_driver_tags":{"amenity":"shelter","bench":"yes","building":"roof","bus":"yes","covered":"yes","name":"Mahatma Phule Market","name:hi":"महात्मा फुले मार्केट","public_transport":"platform","shelter":"yes","shelter_type":"public_transport","sign":"yes"},"boarding_coordinate_status":"not_derived_from_area","extent_intersection_status":"intersects_research_envelope","geometry_status":"valid","name":"Mahatma Phule Market","osm_object_id":"1544036864","osm_object_type":"way","selected_tags":{"public_transport":"platform"},"source":"mapped_osm_feature","source_id":"osm_western_zone_20260915","source_sha256":"c335a72cadfebc3ffde5cfff20fc9711f3112bc11000d43fde4daea10c36b53e","status":"unverified_operation_and_station_identity"},"type":"Feature"},{"geometry":{"coordinates":[[[[72.8349213,18.9410586],[72.8349262,18.9410026],[72.834942,18.9410038],[72.834937,18.9410598],[72.8349213,18.9410586]]]],"type":"MultiPolygon"},"id":"way/1544036868","properties":{"all_driver_tags":{"amenity":"shelter","bench":"yes","building":"roof","bus":"yes","departures_board":"realtime","name":"Mumbai C.S.M.T.","public_transport":"platform","shelter":"yes","shelter_type":"public_transport"},"boarding_coordinate_status":"not_derived_from_area","extent_intersection_status":"intersects_research_envelope","geometry_status":"valid","name":"Mumbai C.S.M.T.","osm_object_id":"1544036868","osm_object_type":"way","selected_tags":{"public_transport":"platform"},"source":"mapped_osm_feature","source_id":"osm_western_zone_20260915","source_sha256":"c335a72cadfebc3ffde5cfff20fc9711f3112bc11000d43fde4daea10c36b53e","status":"unverified_operation_and_station_identity"},"type":"Feature"},{"geometry":{"coordinates":[[[[72.8349127,18.9411416],[72.8349176,18.9410856],[72.8349334,18.9410868],[72.8349284,18.9411428],[72.8349127,18.9411416]]]],"type":"MultiPolygon"},"id":"way/1544036875","properties":{"all_driver_tags":{"amenity":"shelter","bench":"yes","building":"roof","bus":"yes","departures_board":"realtime","name":"Mumbai C.S.M.T.","public_transport":"platform","shelter":"yes","shelter_type":"public_transport"},"boarding_coordinate_status":"not_derived_from_area","extent_intersection_status":"intersects_research_envelope","geometry_status":"valid","name":"Mumbai C.S.M.T.","osm_object_id":"1544036875","osm_object_type":"way","selected_tags":{"public_transport":"platform"},"source":"mapped_osm_feature","source_id":"osm_western_zone_20260915","source_sha256":"c335a72cadfebc3ffde5cfff20fc9711f3112bc11000d43fde4daea10c36b53e","status":"unverified_operation_and_station_identity"},"type":"Feature"},{"geometry":{"coordinates":[[[[72.8348386,18.9417907],[72.8348435,18.9417347],[72.8348593,18.9417359],[72.8348543,18.9417919],[72.8348386,18.9417907]]]],"type":"MultiPolygon"},"id":"way/1544036883","properties":{"all_driver_tags":{"amenity":"shelter","bench":"yes","building":"roof","bus":"yes","departures_board":"realtime","public_transport":"platform","shelter":"yes","shelter_type":"public_transport"},"boarding_coordinate_status":"not_derived_from_area","extent_intersection_status":"intersects_research_envelope","geometry_status":"valid","name":"","osm_object_id":"1544036883","osm_object_type":"way","selected_tags":{"public_transport":"platform"},"source":"mapped_osm_feature","source_id":"osm_western_zone_20260915","source_sha256":"c335a72cadfebc3ffde5cfff20fc9711f3112bc11000d43fde4daea10c36b53e","status":"unverified_operation_and_station_identity"},"type":"Feature"},{"geometry":{"coordinates":[[[[72.8349299,18.94097],[72.8349348,18.940914],[72.8349505,18.9409152],[72.8349456,18.9409712],[72.8349299,18.94097]]]],"type":"MultiPolygon"},"id":"way/1544036893","properties":{"all_driver_tags":{"amenity":"shelter","bench":"yes","building":"roof","bus":"yes","departures_board":"realtime","name":"Mumbai C.S.M.T.","public_transport":"platform","shelter":"yes","shelter_type":"public_transport"},"boarding_coordinate_status":"not_derived_from_area","extent_intersection_status":"intersects_research_envelope","geometry_status":"valid","name":"Mumbai C.S.M.T.","osm_object_id":"1544036893","osm_object_type":"way","selected_tags":{"public_transport":"platform"},"source":"mapped_osm_feature","source_id":"osm_western_zone_20260915","source_sha256":"c335a72cadfebc3ffde5cfff20fc9711f3112bc11000d43fde4daea10c36b53e","status":"unverified_operation_and_station_identity"},"type":"Feature"},{"geometry":{"coordinates":[[[[72.8348693,18.941495],[72.8348742,18.941439],[72.83489,18.9414402],[72.834885,18.9414962],[72.8348693,18.941495]]]],"type":"MultiPolygon"},"id":"way/1544036894","properties":{"all_driver_tags":{"amenity":"shelter","bench":"yes","building":"roof","bus":"yes","departures_board":"realtime","public_transport":"platform","shelter":"yes","shelter_type":"public_transport"},"boarding_coordinate_status":"not_derived_from_area","extent_intersection_status":"intersects_research_envelope","geometry_status":"valid","name":"","osm_object_id":"1544036894","osm_object_type":"way","selected_tags":{"public_transport":"platform"},"source":"mapped_osm_feature","source_id":"osm_western_zone_20260915","source_sha256":"c335a72cadfebc3ffde5cfff20fc9711f3112bc11000d43fde4daea10c36b53e","status":"unverified_operation_and_station_identity"},"type":"Feature"},{"geometry":{"coordinates":[[[[72.8345568,18.9419027],[72.8345617,18.9418467],[72.8345775,18.9418479],[72.8345725,18.9419039],[72.8345568,18.9419027]]]],"type":"MultiPolygon"},"id":"way/1544036895","properties":{"all_driver_tags":{"amenity":"shelter","bench":"yes","bin":"no","building":"roof","bus":"yes","public_transport":"platform","shelter":"yes","shelter_type":"public_transport"},"boarding_coordinate_status":"not_derived_from_area","extent_intersection_status":"intersects_research_envelope","geometry_status":"valid","name":"","osm_object_id":"1544036895","osm_object_type":"way","selected_tags":{"public_transport":"platform"},"source":"mapped_osm_feature","source_id":"osm_western_zone_20260915","source_sha256":"c335a72cadfebc3ffde5cfff20fc9711f3112bc11000d43fde4daea10c36b53e","status":"unverified_operation_and_station_identity"},"type":"Feature"},{"geometry":{"coordinates":[[[[72.8731609,19.2771886],[72.8732956,19.2771884],[72.8732896,19.2770835],[72.8731611,19.2770877],[72.8731609,19.2771886]]]],"type":"MultiPolygon"},"id":"way/1544786955","properties":{"all_driver_tags":{"amenity":"bus_station","bus":"yes","departures_board":"timetable","name":"Prakshal","operator":"MBMT","public_transport":"station","surface":"concrete"},"boarding_coordinate_status":"not_derived_from_area","extent_intersection_status":"intersects_research_envelope","geometry_status":"valid","name":"Prakshal","osm_object_id":"1544786955","osm_object_type":"way","selected_tags":{"amenity":"bus_station","public_transport":"station"},"source":"mapped_osm_feature","source_id":"osm_western_zone_20260915","source_sha256":"c335a72cadfebc3ffde5cfff20fc9711f3112bc11000d43fde4daea10c36b53e","status":"unverified_operation_and_station_identity"},"type":"Feature"},{"geometry":{"coordinates":[[[[73.4652409,17.9830293],[73.4657639,17.9830778],[73.4657344,17.9835192],[73.4652489,17.9834987],[73.4652409,17.9830293]]]],"type":"MultiPolygon"},"id":"way/1545029078","properties":{"all_driver_tags":{"addr:city":"Poladpur","addr:district":"Raigad","addr:postcode":"402303","addr:street":"NH66","amenity":"bus_station","bus":"yes","name":"Poladpur Bus station","public_transport":"station"},"boarding_coordinate_status":"not_derived_from_area","extent_intersection_status":"intersects_research_envelope","geometry_status":"valid","name":"Poladpur Bus station","osm_object_id":"1545029078","osm_object_type":"way","selected_tags":{"amenity":"bus_station","public_transport":"station"},"source":"mapped_osm_feature","source_id":"osm_western_zone_20260915","source_sha256":"c335a72cadfebc3ffde5cfff20fc9711f3112bc11000d43fde4daea10c36b53e","status":"unverified_operation_and_station_identity"},"type":"Feature"},{"geometry":{"coordinates":[[[[72.8209824,19.1966885],[72.8210479,19.196576],[72.8209968,19.1965494],[72.8209312,19.1966619],[72.8209824,19.1966885]]]],"type":"MultiPolygon"},"id":"way/1547153543","properties":{"all_driver_tags":{"access":"customers","amenity":"bicycle_parking","bicycle_parking":"floor","bike_ride":"yes","capacity":"20","capacity:cargo_bike":"20","covered":"yes","fee":"00:00","smoothness":"intermediate","supervised":"yes","surface":"cobblestone"},"boarding_coordinate_status":"not_derived_from_area","extent_intersection_status":"intersects_research_envelope","geometry_status":"valid","name":"","osm_object_id":"1547153543","osm_object_type":"way","selected_tags":{"amenity":"bicycle_parking"},"source":"mapped_osm_feature","source_id":"osm_western_zone_20260915","source_sha256":"c335a72cadfebc3ffde5cfff20fc9711f3112bc11000d43fde4daea10c36b53e","status":"unverified_operation_and_station_identity"},"type":"Feature"}],"type":"FeatureCollection"}
