source,osm_node_id,station_keys,evidence_references,latitude_deg,longitude_deg,native_node_tags_json,native_presence,rail_parent_ways,undirected_rail_component,source_native_sha256,assignment_status
derived_native_boarding_candidate,213030694,"[""CR_HB_LABEL:goregaon""]","{""CR_HB_LABEL:goregaon"":[{""basis"":""direct_geometry_candidate"",""feature"":""node/213030694"",""identity_match_evidence"":[{""field"":""name"",""method"":""case_space_punctuation_equivalence"",""value"":""Goregaon""}]},{""basis"":""explicit_stop_area_member"",""member_order"":9,""relation"":""11511559"",""role"":""stop"",""stop_role"":true,""stop_tag"":true}]}",19.1648571,72.8494067,"{""name"":""Goregaon"",""public_transport"":""stop_position"",""railway"":""stop"",""ref"":""3"",""train"":""yes""}",present,"[""807592601"",""991001175""]",10008240050,a7865ea1b59589c9202dd59711f57658ea02bfa6ca75bab373e4687ed3d91cf5,candidate_only_direction_and_platform_allocation_unresolved
derived_native_boarding_candidate,241160689,"[""CR_HB_LABEL:vashi"",""CR_THB_CODE:VSH""]","{""CR_HB_LABEL:vashi"":[{""basis"":""direct_geometry_candidate"",""feature"":""node/241160689"",""identity_match_evidence"":[{""field"":""name"",""method"":""case_space_punctuation_equivalence"",""value"":""Vashi""}]},{""basis"":""explicit_stop_area_member"",""member_order"":3,""relation"":""11511621"",""role"":"""",""stop_role"":false,""stop_tag"":true}],""CR_THB_CODE:VSH"":[{""basis"":""direct_geometry_candidate"",""feature"":""node/241160689"",""identity_match_evidence"":[{""field"":""name"",""method"":""name_from_code_matched_station"",""station_evidence"":[{""name"":""Vashi"",""name_field"":""name"",""osm_feature"":""way/151768155""}],""value"":""Vashi""}]},{""basis"":""explicit_stop_area_member"",""member_order"":3,""relation"":""11511621"",""role"":"""",""stop_role"":false,""stop_tag"":true}]}",19.0632083,72.9989644,"{""name"":""Vashi"",""name:hi"":""वाशी"",""public_transport"":""stop_position"",""railway"":""stop"",""ref"":""3"",""train"":""yes""}",present,"[""643703941""]",10008240050,a7865ea1b59589c9202dd59711f57658ea02bfa6ca75bab373e4687ed3d91cf5,candidate_only_direction_and_platform_allocation_unresolved
derived_native_boarding_candidate,246631903,"[""CR_HB_LABEL:mankhurd""]","{""CR_HB_LABEL:mankhurd"":[{""basis"":""direct_geometry_candidate"",""feature"":""node/246631903"",""identity_match_evidence"":[{""field"":""name"",""method"":""case_space_punctuation_equivalence"",""value"":""Mankhurd""},{""field"":""name:en"",""method"":""case_space_punctuation_equivalence"",""value"":""Mankhurd""}]},{""basis"":""explicit_stop_area_member"",""member_order"":2,""relation"":""11511620"",""role"":"""",""stop_role"":false,""stop_tag"":true}]}",19.0481514,72.9319058,"{""name"":""Mankhurd"",""name:en"":""Mankhurd"",""name:hi"":""मानखुर्द"",""public_transport"":""stop_position"",""railway"":""stop"",""ref"":""1"",""train"":""yes""}",present,"[""122303804""]",10008240050,a7865ea1b59589c9202dd59711f57658ea02bfa6ca75bab373e4687ed3d91cf5,candidate_only_direction_and_platform_allocation_unresolved
derived_native_boarding_candidate,316306549,"[""CR_HB_LABEL:mumbai csmt""]","{""CR_HB_LABEL:mumbai csmt"":[{""basis"":""explicit_stop_area_member"",""member_order"":13,""relation"":""18043332"",""role"":""stop"",""stop_role"":true,""stop_tag"":true}]}",18.9406037,72.8350795,"{""level"":""0"",""loc_name"":""Mumbai Chhatrapati Shivaji Terminus (Suburban)"",""loc_name:en"":""Mumbai Chhatrapati Shivaji Terminus (Suburban)"",""loc_name:mr"":""मुंबई छत्रपती शिवाजी टर्मिनस (उपनगरी)"",""name"":""Mumbai CSMT (Suburban)"",""name:en"":""Mumbai CSMT (Suburban)"",""name:mr"":""मुंबई सीएसएमटी (उपनगरी)"",""official_name"":""Mumbai Chhatrapati Shivaji Maharaj Terminus (Suburban)"",""official_name:en"":""Mumbai Chhatrapati Shivaji Maharaj Terminus (Suburban)"",""official_name:mr"":""मुंबई छत्रपती शिवाजी महाराज टर्मिनस (उपनगरी)"",""old_name"":""Victoria Terminus (Suburban)"",""old_name:en"":""Victoria Terminus (Suburban)"",""old_name:mr"":""व्हिक्टोरिया टर्मिनस (उपनगरी)"",""public_transport"":""stop_position"",""railway"":""stop"",""ref"":""1"",""short_name"":""CSMT;CST;VT"",""short_name:en"":""CSMT;CST;VT"",""short_name:hi"":""सीएसएमटी;सीएसटी;व्हीटी"",""short_name:mr"":""सीएसएमटी;सीएसटी;व्हीटी"",""source"":""Esri World imagery (2024-09-14)"",""tactile_paving"":""yes"",""train"":""yes""}",present,"[""207555573"",""1315478124""]",10008240050,a7865ea1b59589c9202dd59711f57658ea02bfa6ca75bab373e4687ed3d91cf5,candidate_only_direction_and_platform_allocation_unresolved
derived_native_boarding_candidate,339078717,"[""CR_HB_LABEL:kurla""]","{""CR_HB_LABEL:kurla"":[{""basis"":""direct_geometry_candidate"",""feature"":""node/339078717"",""identity_match_evidence"":[{""field"":""name"",""method"":""case_space_punctuation_equivalence"",""value"":""Kurla""},{""field"":""name:en"",""method"":""case_space_punctuation_equivalence"",""value"":""Kurla""}]},{""basis"":""explicit_stop_area_member"",""member_order"":8,""relation"":""11510787"",""role"":""stop"",""stop_role"":true,""stop_tag"":true}]}",19.0650734,72.8790797,"{""name"":""Kurla"",""name:en"":""Kurla"",""name:hi"":""कुर्ला"",""name:ml"":""കുർള"",""name:mr"":""कुर्ला"",""official_name"":""Kurla Junction"",""official_name:en"":""Kurla Junction"",""official_name:hi"":""कुर्ला जंक्शन"",""official_name:mr"":""कुर्ला जंक्शन"",""old_name"":""Coorla"",""old_name:en"":""Coorla"",""public_transport"":""stop_position"",""railway"":""stop"",""ref"":""4"",""train"":""yes""}",present,"[""122303807"",""837482207""]",10008240050,a7865ea1b59589c9202dd59711f57658ea02bfa6ca75bab373e4687ed3d91cf5,candidate_only_direction_and_platform_allocation_unresolved
derived_native_boarding_candidate,619252273,"[""CR_HB_LABEL:mahim jn""]","{""CR_HB_LABEL:mahim jn"":[{""basis"":""direct_geometry_candidate"",""feature"":""node/619252273"",""identity_match_evidence"":[{""field"":""name"",""method"":""name_from_code_matched_station"",""station_evidence"":[{""name"":""Mahim Junction"",""name_field"":""name"",""osm_feature"":""node/2630075005""}],""value"":""Mahim Junction""},{""field"":""name:en"",""method"":""name_from_code_matched_station"",""station_evidence"":[{""name"":""Mahim Junction"",""name_field"":""name"",""osm_feature"":""node/2630075005""}],""value"":""Mahim Junction""},{""code_reference"":{""evidence_scope"":""2025_reference_identity_not_current_service_or_capacity"",""printed_station_code"":""MM"",""printed_station_name"":""MAHIM"",""source"":""observed_railway_publication"",""source_code_bbox_pdf_pt"":""[202.25,127.7816,223.19912,138.8216]"",""source_id"":""wr_disaster_plan_part2_2025"",""source_name_bbox_pdf_pt"":""[110.06,127.7816,149.24912,138.8216]"",""source_page"":39,""source_sha256"":""2dff4567b9c33ca127d1a4b4c2e382224f216c76ec340ca3672b199d99be1004""},""derivation"":""published_code_and_junction_abbreviation"",""input_path"":""data/processed/transit/cr_harbour_identity_proposals.csv"",""method"":""scoped_identity_proposal"",""proposed_station_code"":""MM"",""station_key"":""CR_HB_LABEL:mahim jn""}]},{""basis"":""explicit_stop_area_member"",""member_order"":5,""relation"":""11507862"",""role"":""stop"",""stop_role"":true,""stop_tag"":true}]}",19.0407051,72.846697,"{""name"":""Mahim Junction"",""name:en"":""Mahim Junction"",""name:mr"":""माहिम रेल्वे स्थानक"",""public_transport"":""stop_position"",""railway"":""stop"",""ref"":""1"",""train"":""yes""}",present,"[""427250238"",""990992616""]",10008240050,a7865ea1b59589c9202dd59711f57658ea02bfa6ca75bab373e4687ed3d91cf5,candidate_only_direction_and_platform_allocation_unresolved
derived_native_boarding_candidate,619252274,"[""CR_HB_LABEL:mahim jn""]","{""CR_HB_LABEL:mahim jn"":[{""basis"":""direct_geometry_candidate"",""feature"":""node/619252274"",""identity_match_evidence"":[{""field"":""name"",""method"":""name_from_code_matched_station"",""station_evidence"":[{""name"":""Mahim Junction"",""name_field"":""name"",""osm_feature"":""node/2630075005""}],""value"":""Mahim Junction""},{""field"":""name:en"",""method"":""name_from_code_matched_station"",""station_evidence"":[{""name"":""Mahim Junction"",""name_field"":""name"",""osm_feature"":""node/2630075005""}],""value"":""Mahim Junction""},{""code_reference"":{""evidence_scope"":""2025_reference_identity_not_current_service_or_capacity"",""printed_station_code"":""MM"",""printed_station_name"":""MAHIM"",""source"":""observed_railway_publication"",""source_code_bbox_pdf_pt"":""[202.25,127.7816,223.19912,138.8216]"",""source_id"":""wr_disaster_plan_part2_2025"",""source_name_bbox_pdf_pt"":""[110.06,127.7816,149.24912,138.8216]"",""source_page"":39,""source_sha256"":""2dff4567b9c33ca127d1a4b4c2e382224f216c76ec340ca3672b199d99be1004""},""derivation"":""published_code_and_junction_abbreviation"",""input_path"":""data/processed/transit/cr_harbour_identity_proposals.csv"",""method"":""scoped_identity_proposal"",""proposed_station_code"":""MM"",""station_key"":""CR_HB_LABEL:mahim jn""}]},{""basis"":""explicit_stop_area_member"",""member_order"":9,""relation"":""11507862"",""role"":""stop"",""stop_role"":true,""stop_tag"":true}]}",19.0409046,72.847205,"{""name"":""Mahim Junction"",""name:en"":""Mahim Junction"",""name:mr"":""माहिम रेल्वे स्थानक"",""public_transport"":""stop_position"",""railway"":""stop"",""ref"":""6"",""train"":""yes""}",present,"[""107295480""]",10008240050,a7865ea1b59589c9202dd59711f57658ea02bfa6ca75bab373e4687ed3d91cf5,candidate_only_direction_and_platform_allocation_unresolved
derived_native_boarding_candidate,619290284,"[""CR_HB_LABEL:sewri""]","{""CR_HB_LABEL:sewri"":[{""basis"":""direct_geometry_candidate"",""feature"":""node/619290284"",""identity_match_evidence"":[{""field"":""name"",""method"":""case_space_punctuation_equivalence"",""value"":""Sewri""}]},{""basis"":""explicit_stop_area_member"",""member_order"":5,""relation"":""11507867"",""role"":""stop"",""stop_role"":true,""stop_tag"":true}]}",18.9987319,72.854563,"{""name"":""Sewri"",""name:hi"":""शिवड़ी"",""public_transport"":""stop_position"",""railway"":""stop"",""ref"":""2"",""train"":""yes""}",present,"[""802938677""]",10008240050,a7865ea1b59589c9202dd59711f57658ea02bfa6ca75bab373e4687ed3d91cf5,candidate_only_direction_and_platform_allocation_unresolved
derived_native_boarding_candidate,619290482,"[""CR_HB_LABEL:dockyard road""]","{""CR_HB_LABEL:dockyard road"":[{""basis"":""direct_geometry_candidate"",""feature"":""node/619290482"",""identity_match_evidence"":[{""field"":""name"",""method"":""case_space_punctuation_equivalence"",""value"":""Dockyard Road""}]},{""basis"":""explicit_stop_area_member"",""member_order"":1,""relation"":""18664701"",""role"":"""",""stop_role"":false,""stop_tag"":true}]}",18.9664287,72.8442814,"{""name"":""Dockyard Road"",""public_transport"":""stop_position"",""railway"":""stop"",""ref"":""2"",""train"":""yes""}",present,"[""1289154818""]",10008240050,a7865ea1b59589c9202dd59711f57658ea02bfa6ca75bab373e4687ed3d91cf5,candidate_only_direction_and_platform_allocation_unresolved
derived_native_boarding_candidate,619293646,"[""CR_HB_LABEL:mumbai csmt""]","{""CR_HB_LABEL:mumbai csmt"":[{""basis"":""explicit_stop_area_member"",""member_order"":10,""relation"":""18043332"",""role"":""stop"",""stop_role"":true,""stop_tag"":true}]}",18.9406335,72.8353869,"{""level"":""0"",""loc_name"":""Mumbai Chhatrapati Shivaji Terminus (Suburban)"",""loc_name:en"":""Mumbai Chhatrapati Shivaji Terminus (Suburban)"",""loc_name:mr"":""मुंबई छत्रपती शिवाजी टर्मिनस (उपनगरी)"",""name"":""Mumbai CSMT (Suburban)"",""name:en"":""Mumbai CSMT (Suburban)"",""name:mr"":""मुंबई सीएसएमटी (उपनगरी)"",""official_name"":""Mumbai Chhatrapati Shivaji Maharaj Terminus (Suburban)"",""official_name:en"":""Mumbai Chhatrapati Shivaji Maharaj Terminus (Suburban)"",""official_name:mr"":""मुंबई छत्रपती शिवाजी महाराज टर्मिनस (उपनगरी)"",""old_name"":""Victoria Terminus (Suburban)"",""old_name:en"":""Victoria Terminus (Suburban)"",""old_name:mr"":""व्हिक्टोरिया टर्मिनस (उपनगरी)"",""public_transport"":""stop_position"",""railway"":""stop"",""ref"":""4"",""short_name"":""CSMT;CST;VT"",""short_name:en"":""CSMT;CST;VT"",""short_name:hi"":""सीएसएमटी;सीएसटी;व्हीटी"",""short_name:mr"":""सीएसएमटी;सीएसटी;व्हीटी"",""source"":""Esri World imagery (2024-09-14)"",""tactile_paving"":""yes"",""train"":""yes""}",present,"[""1314987910"",""1315478120""]",10008240050,a7865ea1b59589c9202dd59711f57658ea02bfa6ca75bab373e4687ed3d91cf5,candidate_only_direction_and_platform_allocation_unresolved
derived_native_boarding_candidate,619293660,"[""CR_HB_LABEL:masjid""]","{""CR_HB_LABEL:masjid"":[{""basis"":""direct_geometry_candidate"",""feature"":""node/619293660"",""identity_match_evidence"":[{""field"":""name"",""method"":""case_space_punctuation_equivalence"",""value"":""Masjid""},{""field"":""name:en"",""method"":""case_space_punctuation_equivalence"",""value"":""Masjid""}]},{""basis"":""explicit_stop_area_member"",""member_order"":4,""relation"":""11507960"",""role"":""stop"",""stop_role"":true,""stop_tag"":true}]}",18.9518287,72.8382092,"{""alt_name"":""Masjid Bunder"",""alt_name:en"":""Masjid Bunder"",""alt_name:hi"":""मस्जिद बंदर;मशीद बंदर"",""alt_name:mr"":""मस्जिद बंदर"",""name"":""Masjid"",""name:en"":""Masjid"",""name:hi"":""मस्जिद"",""name:mr"":""मस्जिद"",""official_name:hi"":""मशीद"",""public_transport"":""stop_position"",""railway"":""stop"",""ref"":""3"",""train"":""yes""}",present,"[""236364884""]",10008240050,a7865ea1b59589c9202dd59711f57658ea02bfa6ca75bab373e4687ed3d91cf5,candidate_only_direction_and_platform_allocation_unresolved
derived_native_boarding_candidate,619293667,"[""CR_HB_LABEL:sandhurst road""]","{""CR_HB_LABEL:sandhurst road"":[{""basis"":""direct_geometry_candidate"",""feature"":""node/619293667"",""identity_match_evidence"":[{""field"":""name"",""method"":""case_space_punctuation_equivalence"",""value"":""Sandhurst Road""},{""field"":""name:en"",""method"":""case_space_punctuation_equivalence"",""value"":""Sandhurst Road""}]},{""basis"":""explicit_stop_area_member"",""member_order"":2,""relation"":""11491280"",""role"":""stop"",""stop_role"":true,""stop_tag"":true}]}",18.9618375,72.8393604,"{""name"":""Sandhurst Road"",""name:en"":""Sandhurst Road"",""name:hi"":""सैंडहर्स्ट रोड"",""name:ml"":""സാൻഡ്ഹർസ്റ്റ് റോഡ്"",""name:mr"":""सँडहर्स्ट रोड"",""public_transport"":""stop_position"",""railway"":""stop"",""ref"":""1"",""train"":""yes""}",present,"[""236364884""]",10008240050,a7865ea1b59589c9202dd59711f57658ea02bfa6ca75bab373e4687ed3d91cf5,candidate_only_direction_and_platform_allocation_unresolved
derived_native_boarding_candidate,620015554,"[""CR_HB_LABEL:kurla""]","{""CR_HB_LABEL:kurla"":[{""basis"":""direct_geometry_candidate"",""feature"":""node/620015554"",""identity_match_evidence"":[{""field"":""name"",""method"":""case_space_punctuation_equivalence"",""value"":""Kurla""},{""field"":""name:en"",""method"":""case_space_punctuation_equivalence"",""value"":""Kurla""}]}]}",19.0653324,72.8788976,"{""name"":""Kurla"",""name:en"":""Kurla"",""name:hi"":""कुर्ला"",""name:ml"":""കുർള"",""name:mr"":""कुर्ला"",""official_name"":""Kurla Junction"",""official_name:en"":""Kurla Junction"",""official_name:hi"":""कुर्ला जंक्शन"",""official_name:mr"":""कुर्ला जंक्शन"",""old_name"":""Coorla"",""old_name:en"":""Coorla"",""public_transport"":""stop_position"",""railway"":""stop"",""ref"":""1"",""train"":""yes""}",present,"[""107213220""]",10008240050,a7865ea1b59589c9202dd59711f57658ea02bfa6ca75bab373e4687ed3d91cf5,candidate_only_direction_and_platform_allocation_unresolved
derived_native_boarding_candidate,621276256,"[""CR_HB_LABEL:vileparle""]","{""CR_HB_LABEL:vileparle"":[{""basis"":""direct_geometry_candidate"",""feature"":""node/621276256"",""identity_match_evidence"":[{""field"":""name"",""method"":""case_space_punctuation_equivalence"",""value"":""Vile Parle""},{""field"":""name:en"",""method"":""case_space_punctuation_equivalence"",""value"":""Vile Parle""}]},{""basis"":""explicit_stop_area_member"",""member_order"":4,""relation"":""11507831"",""role"":""stop"",""stop_role"":true,""stop_tag"":true}]}",19.1000028,72.8439266,"{""name"":""Vile Parle"",""name:en"":""Vile Parle"",""name:mr"":""विले पार्ले"",""public_transport"":""stop_position"",""railway"":""stop"",""ref"":""3"",""train"":""yes""}",present,"[""151832204""]",10008240050,a7865ea1b59589c9202dd59711f57658ea02bfa6ca75bab373e4687ed3d91cf5,candidate_only_direction_and_platform_allocation_unresolved
derived_native_boarding_candidate,621906366,"[""CR_HB_LABEL:masjid""]","{""CR_HB_LABEL:masjid"":[{""basis"":""direct_geometry_candidate"",""feature"":""node/621906366"",""identity_match_evidence"":[{""field"":""name"",""method"":""case_space_punctuation_equivalence"",""value"":""Masjid""},{""field"":""name:en"",""method"":""case_space_punctuation_equivalence"",""value"":""Masjid""}]},{""basis"":""explicit_stop_area_member"",""member_order"":2,""relation"":""11507960"",""role"":""stop"",""stop_role"":true,""stop_tag"":true}]}",18.9518279,72.8380655,"{""alt_name"":""Masjid Bunder"",""alt_name:en"":""Masjid Bunder"",""alt_name:hi"":""मस्जिद बंदर;मशीद बंदर"",""alt_name:mr"":""मस्जिद बंदर"",""name"":""Masjid"",""name:en"":""Masjid"",""name:hi"":""मस्जिद"",""name:mr"":""मस्जिद"",""official_name:hi"":""मशीद"",""public_transport"":""stop_position"",""railway"":""stop"",""ref"":""1"",""train"":""yes""}",present,"[""643740441""]",10008240050,a7865ea1b59589c9202dd59711f57658ea02bfa6ca75bab373e4687ed3d91cf5,candidate_only_direction_and_platform_allocation_unresolved
derived_native_boarding_candidate,630671870,"[""CR_THB_CODE:TNA""]","{""CR_THB_CODE:TNA"":[{""basis"":""direct_geometry_candidate"",""feature"":""node/630671870"",""identity_match_evidence"":[{""field"":""name"",""method"":""name_from_code_matched_station"",""station_evidence"":[{""name"":""Thane"",""name_field"":""name"",""osm_feature"":""node/246582717""},{""name"":""Thane"",""name_field"":""name:en"",""osm_feature"":""node/246582717""}],""value"":""Thane""},{""field"":""name:en"",""method"":""name_from_code_matched_station"",""station_evidence"":[{""name"":""Thane"",""name_field"":""name"",""osm_feature"":""node/246582717""},{""name"":""Thane"",""name_field"":""name:en"",""osm_feature"":""node/246582717""}],""value"":""Thane""}]},{""basis"":""explicit_stop_area_member"",""member_order"":10,""relation"":""11510748"",""role"":"""",""stop_role"":false,""stop_tag"":true}]}",19.1856924,72.9761105,"{""alt_name:ar"":""ثين"",""name"":""Thane"",""name:ar"":""تاني"",""name:en"":""Thane"",""name:fa"":""تانه"",""name:hi"":""ठाणे"",""name:ml"":""താനെ"",""name:mr"":""ठाणे"",""name:pnb"":""تہانہ"",""name:ps"":""تانی"",""name:ur"":""تھانے"",""public_transport"":""stop_position"",""railway"":""stop"",""ref"":""10"",""train"":""yes""}",present,"[""659490442""]",10008240050,a7865ea1b59589c9202dd59711f57658ea02bfa6ca75bab373e4687ed3d91cf5,candidate_only_direction_and_platform_allocation_unresolved
derived_native_boarding_candidate,630673338,"[""CR_THB_CODE:TNA""]","{""CR_THB_CODE:TNA"":[{""basis"":""direct_geometry_candidate"",""feature"":""node/630673338"",""identity_match_evidence"":[{""field"":""name"",""method"":""name_from_code_matched_station"",""station_evidence"":[{""name"":""Thane"",""name_field"":""name"",""osm_feature"":""node/246582717""},{""name"":""Thane"",""name_field"":""name:en"",""osm_feature"":""node/246582717""}],""value"":""Thane""},{""field"":""name:en"",""method"":""name_from_code_matched_station"",""station_evidence"":[{""name"":""Thane"",""name_field"":""name"",""osm_feature"":""node/246582717""},{""name"":""Thane"",""name_field"":""name:en"",""osm_feature"":""node/246582717""}],""value"":""Thane""}]},{""basis"":""explicit_stop_area_member"",""member_order"":2,""relation"":""11510748"",""role"":"""",""stop_role"":false,""stop_tag"":true}]}",19.1863556,72.9759,"{""alt_name:ar"":""ثين"",""name"":""Thane"",""name:ar"":""تاني"",""name:en"":""Thane"",""name:fa"":""تانه"",""name:hi"":""ठाणे"",""name:ml"":""താനെ"",""name:mr"":""ठाणे"",""name:pnb"":""تہانہ"",""name:ps"":""تانی"",""name:ur"":""تھانے"",""public_transport"":""stop_position"",""railway"":""stop"",""ref"":""2"",""train"":""yes""}",present,"[""151522897""]",10008240050,a7865ea1b59589c9202dd59711f57658ea02bfa6ca75bab373e4687ed3d91cf5,candidate_only_direction_and_platform_allocation_unresolved
derived_native_boarding_candidate,651265045,"[""CR_HB_LABEL:chembur""]","{""CR_HB_LABEL:chembur"":[{""basis"":""direct_geometry_candidate"",""feature"":""node/651265045"",""identity_match_evidence"":[{""field"":""name"",""method"":""case_space_punctuation_equivalence"",""value"":""Chembur""}]},{""basis"":""explicit_stop_area_member"",""member_order"":4,""relation"":""11511604"",""role"":""stop"",""stop_role"":true,""stop_tag"":true}]}",19.0626076,72.9013796,"{""name"":""Chembur"",""public_transport"":""stop_position"",""railway"":""stop"",""ref"":""1"",""train"":""yes""}",present,"[""915942605""]",10008240050,a7865ea1b59589c9202dd59711f57658ea02bfa6ca75bab373e4687ed3d91cf5,candidate_only_direction_and_platform_allocation_unresolved
derived_native_boarding_candidate,1233481359,"[""CR_HB_LABEL:bandra""]","{""CR_HB_LABEL:bandra"":[{""basis"":""direct_geometry_candidate"",""feature"":""node/1233481359"",""identity_match_evidence"":[{""field"":""name"",""method"":""case_space_punctuation_equivalence"",""value"":""Bandra""},{""field"":""name:en"",""method"":""case_space_punctuation_equivalence"",""value"":""Bandra""}]},{""basis"":""explicit_stop_area_member"",""member_order"":10,""relation"":""11507845"",""role"":""stop"",""stop_role"":true,""stop_tag"":true}]}",19.0547734,72.8407919,"{""name"":""Bandra"",""name:en"":""Bandra"",""name:hi"":""बांद्रा"",""name:mr"":""वांद्रे"",""public_transport"":""stop_position"",""railway"":""stop"",""ref"":""5"",""train"":""yes""}",present,"[""125288005"",""990992617""]",10008240050,a7865ea1b59589c9202dd59711f57658ea02bfa6ca75bab373e4687ed3d91cf5,candidate_only_direction_and_platform_allocation_unresolved
derived_native_boarding_candidate,1233481362,"[""CR_HB_LABEL:bandra""]","{""CR_HB_LABEL:bandra"":[{""basis"":""direct_geometry_candidate"",""feature"":""node/1233481362"",""identity_match_evidence"":[{""field"":""name"",""method"":""case_space_punctuation_equivalence"",""value"":""Bandra""},{""field"":""name:en"",""method"":""case_space_punctuation_equivalence"",""value"":""Bandra""}]},{""basis"":""explicit_stop_area_member"",""member_order"":12,""relation"":""11507845"",""role"":""stop"",""stop_role"":true,""stop_tag"":true}]}",19.054835,72.8409588,"{""name"":""Bandra"",""name:en"":""Bandra"",""name:hi"":""बांद्रा"",""name:mr"":""वांद्रे"",""public_transport"":""stop_position"",""railway"":""stop"",""ref"":""7"",""train"":""yes""}",present,"[""257411177""]",10008240050,a7865ea1b59589c9202dd59711f57658ea02bfa6ca75bab373e4687ed3d91cf5,candidate_only_direction_and_platform_allocation_unresolved
derived_native_boarding_candidate,1233481375,"[""CR_HB_LABEL:bandra""]","{""CR_HB_LABEL:bandra"":[{""basis"":""direct_geometry_candidate"",""feature"":""node/1233481375"",""identity_match_evidence"":[{""field"":""name"",""method"":""case_space_punctuation_equivalence"",""value"":""Bandra""},{""field"":""name:en"",""method"":""case_space_punctuation_equivalence"",""value"":""Bandra""}]},{""basis"":""explicit_stop_area_member"",""member_order"":11,""relation"":""11507845"",""role"":""stop"",""stop_role"":true,""stop_tag"":true}]}",19.0547878,72.8408402,"{""name"":""Bandra"",""name:en"":""Bandra"",""name:hi"":""बांद्रा"",""name:mr"":""वांद्रे"",""public_transport"":""stop_position"",""railway"":""stop"",""ref"":""6"",""train"":""yes""}",present,"[""48806650""]",10008240050,a7865ea1b59589c9202dd59711f57658ea02bfa6ca75bab373e4687ed3d91cf5,candidate_only_direction_and_platform_allocation_unresolved
derived_native_boarding_candidate,1233481385,"[""CR_HB_LABEL:bandra""]","{""CR_HB_LABEL:bandra"":[{""basis"":""direct_geometry_candidate"",""feature"":""node/1233481385"",""identity_match_evidence"":[{""field"":""name"",""method"":""case_space_punctuation_equivalence"",""value"":""Bandra""},{""field"":""name:en"",""method"":""case_space_punctuation_equivalence"",""value"":""Bandra""}]},{""basis"":""explicit_stop_area_member"",""member_order"":6,""relation"":""11507845"",""role"":""stop"",""stop_role"":true,""stop_tag"":true}]}",19.0546445,72.8404627,"{""name"":""Bandra"",""name:en"":""Bandra"",""name:hi"":""बांद्रा"",""name:mr"":""वांद्रे"",""public_transport"":""stop_position"",""railway"":""stop"",""ref"":""1"",""train"":""yes""}",present,"[""436692578"",""990992621""]",10008240050,a7865ea1b59589c9202dd59711f57658ea02bfa6ca75bab373e4687ed3d91cf5,candidate_only_direction_and_platform_allocation_unresolved
derived_native_boarding_candidate,1233481390,"[""CR_HB_LABEL:bandra""]","{""CR_HB_LABEL:bandra"":[{""basis"":""direct_geometry_candidate"",""feature"":""node/1233481390"",""identity_match_evidence"":[{""field"":""name"",""method"":""case_space_punctuation_equivalence"",""value"":""Bandra""},{""field"":""name:en"",""method"":""case_space_punctuation_equivalence"",""value"":""Bandra""}]},{""basis"":""explicit_stop_area_member"",""member_order"":7,""relation"":""11507845"",""role"":""stop"",""stop_role"":true,""stop_tag"":true}]}",19.0546544,72.8404879,"{""name"":""Bandra"",""name:en"":""Bandra"",""name:hi"":""बांद्रा"",""name:mr"":""वांद्रे"",""public_transport"":""stop_position"",""railway"":""stop"",""ref"":""2"",""train"":""yes""}",present,"[""990992620"",""1347293092""]",10008240050,a7865ea1b59589c9202dd59711f57658ea02bfa6ca75bab373e4687ed3d91cf5,candidate_only_direction_and_platform_allocation_unresolved
derived_native_boarding_candidate,1234805938,"[""CR_HB_LABEL:mumbai csmt""]","{""CR_HB_LABEL:mumbai csmt"":[{""basis"":""explicit_stop_area_member"",""member_order"":2,""relation"":""11491218"",""role"":""stop"",""stop_role"":true,""stop_tag"":true}]}",18.9408204,72.836017,"{""level"":""0"",""loc_name"":""Mumbai Chhatrapati Shivaji Terminus (Suburban)"",""loc_name:en"":""Mumbai Chhatrapati Shivaji Terminus (Suburban)"",""loc_name:mr"":""मुंबई छत्रपती शिवाजी टर्मिनस (उपनगरी)"",""name"":""Mumbai CSMT (Suburban)"",""name:en"":""Mumbai CSMT (Suburban)"",""name:mr"":""मुंबई सीएसएमटी (उपनगरी)"",""official_name"":""Mumbai Chhatrapati Shivaji Maharaj Terminus (Suburban)"",""official_name:en"":""Mumbai Chhatrapati Shivaji Maharaj Terminus (Suburban)"",""official_name:mr"":""मुंबई छत्रपती शिवाजी महाराज टर्मिनस (उपनगरी)"",""old_name"":""Victoria Terminus (Suburban)"",""old_name:en"":""Victoria Terminus (Suburban)"",""old_name:mr"":""व्हिक्टोरिया टर्मिनस (उपनगरी)"",""public_transport"":""stop_position"",""railway"":""stop"",""ref"":""9"",""short_name"":""CSMT;CST;VT"",""short_name:en"":""CSMT;CST;VT"",""short_name:hi"":""सीएसएमटी;सीएसटी;व्हीटी"",""short_name:mr"":""सीएसएमटी;सीएसटी;व्हीटी"",""source"":""Esri World imagery (2024-09-14)"",""tactile_paving"":""yes"",""train"":""yes""}",present,"[""1314924764"",""1315478112""]",10008240050,a7865ea1b59589c9202dd59711f57658ea02bfa6ca75bab373e4687ed3d91cf5,candidate_only_direction_and_platform_allocation_unresolved
derived_native_boarding_candidate,1234805948,"[""CR_HB_LABEL:mumbai csmt""]","{""CR_HB_LABEL:mumbai csmt"":[{""basis"":""explicit_stop_area_member"",""member_order"":1,""relation"":""11491218"",""role"":""stop"",""stop_role"":true,""stop_tag"":true}]}",18.94081,72.8359068,"{""level"":""0"",""loc_name"":""Mumbai Chhatrapati Shivaji Terminus (Suburban)"",""loc_name:en"":""Mumbai Chhatrapati Shivaji Terminus (Suburban)"",""loc_name:mr"":""मुंबई छत्रपती शिवाजी टर्मिनस (उपनगरी)"",""name"":""Mumbai CSMT (Suburban)"",""name:en"":""Mumbai CSMT (Suburban)"",""name:mr"":""मुंबई सीएसएमटी (उपनगरी)"",""official_name"":""Mumbai Chhatrapati Shivaji Maharaj Terminus (Suburban)"",""official_name:en"":""Mumbai Chhatrapati Shivaji Maharaj Terminus (Suburban)"",""official_name:mr"":""मुंबई छत्रपती शिवाजी महाराज टर्मिनस (उपनगरी)"",""old_name"":""Victoria Terminus (Suburban)"",""old_name:en"":""Victoria Terminus (Suburban)"",""old_name:mr"":""व्हिक्टोरिया टर्मिनस (उपनगरी)"",""public_transport"":""stop_position"",""railway"":""stop"",""ref"":""8"",""short_name"":""CSMT;CST;VT"",""short_name:en"":""CSMT;CST;VT"",""short_name:hi"":""सीएसएमटी;सीएसटी;व्हीटी"",""short_name:mr"":""सीएसएमटी;सीएसटी;व्हीटी"",""source"":""Esri World imagery (2024-09-14)"",""tactile_paving"":""yes"",""train"":""yes""}",present,"[""1314727594"",""1315478113""]",10008240050,a7865ea1b59589c9202dd59711f57658ea02bfa6ca75bab373e4687ed3d91cf5,candidate_only_direction_and_platform_allocation_unresolved
derived_native_boarding_candidate,1234815591,"[""CR_HB_LABEL:mumbai csmt""]","{""CR_HB_LABEL:mumbai csmt"":[{""basis"":""direct_geometry_candidate"",""feature"":""node/1234815591"",""identity_match_evidence"":[{""field"":""name"",""method"":""case_space_punctuation_equivalence"",""value"":""Mumbai CSMT""},{""field"":""name:en"",""method"":""case_space_punctuation_equivalence"",""value"":""Mumbai CSMT""}]},{""basis"":""explicit_stop_area_member"",""member_order"":4,""relation"":""11491218"",""role"":""stop"",""stop_role"":true,""stop_tag"":true}]}",18.9408811,72.8362973,"{""loc_name"":""Mumbai Chhatrapati Shivaji Terminus"",""loc_name:en"":""Mumbai Chhatrapati Shivaji Terminus"",""loc_name:hi"":""मुंबई छत्रपती शिवाजी टर्मिनस"",""loc_name:mr"":""मुंबई छत्रपती शिवाजी टर्मिनस"",""name"":""Mumbai CSMT"",""name:en"":""Mumbai CSMT"",""name:hi"":""मुंबई सीएसएमटी"",""name:mr"":""मुंबई सीएसएमटी"",""official_name"":""Mumbai Chhatrapati Shivaji Maharaj Terminus"",""official_name:en"":""Mumbai Chhatrapati Shivaji Maharaj Terminus"",""official_name:hi"":""मुंबई छत्रपती शिवाजी महाराज टर्मिनस"",""official_name:mr"":""मुंबई छत्रपती शिवाजी महाराज टर्मिनस"",""old_name"":""Victoria Terminus"",""old_name:en"":""Victoria Terminus"",""old_name:hi"":""व्हिक्टोरिया टर्मिनस"",""old_name:mr"":""व्हिक्टोरिया टर्मिनस"",""public_transport"":""stop_position"",""railway"":""stop"",""ref"":""11"",""short_name"":""CSMT;CST;VT"",""short_name:en"":""CSMT;CST;VT"",""short_name:hi"":""सीएसएमटी;सीएसटी;व्हीटी"",""short_name:mr"":""सीएसएमटी;सीएसटी;व्हीटी"",""train"":""yes""}",present,"[""207430194""]",10008240050,a7865ea1b59589c9202dd59711f57658ea02bfa6ca75bab373e4687ed3d91cf5,candidate_only_direction_and_platform_allocation_unresolved
derived_native_boarding_candidate,1234815595,"[""CR_HB_LABEL:mumbai csmt""]","{""CR_HB_LABEL:mumbai csmt"":[{""basis"":""direct_geometry_candidate"",""feature"":""node/1234815595"",""identity_match_evidence"":[{""field"":""name"",""method"":""case_space_punctuation_equivalence"",""value"":""Mumbai CSMT""},{""field"":""name:en"",""method"":""case_space_punctuation_equivalence"",""value"":""Mumbai CSMT""}]},{""basis"":""explicit_stop_area_member"",""member_order"":8,""relation"":""11491218"",""role"":""stop"",""stop_role"":true,""stop_tag"":true}]}",18.9417555,72.8367595,"{""loc_name"":""Mumbai Chhatrapati Shivaji Terminus"",""loc_name:en"":""Mumbai Chhatrapati Shivaji Terminus"",""loc_name:hi"":""मुंबई छत्रपती शिवाजी टर्मिनस"",""loc_name:mr"":""मुंबई छत्रपती शिवाजी टर्मिनस"",""name"":""Mumbai CSMT"",""name:en"":""Mumbai CSMT"",""name:hi"":""मुंबई सीएसएमटी"",""name:mr"":""मुंबई सीएसएमटी"",""official_name"":""Mumbai Chhatrapati Shivaji Maharaj Terminus"",""official_name:en"":""Mumbai Chhatrapati Shivaji Maharaj Terminus"",""official_name:hi"":""मुंबई छत्रपती शिवाजी महाराज टर्मिनस"",""official_name:mr"":""मुंबई छत्रपती शिवाजी महाराज टर्मिनस"",""old_name"":""Victoria Terminus"",""old_name:en"":""Victoria Terminus"",""old_name:hi"":""व्हिक्टोरिया टर्मिनस"",""old_name:mr"":""व्हिक्टोरिया टर्मिनस"",""public_transport"":""stop_position"",""railway"":""stop"",""ref"":""CSTM:15"",""short_name"":""CSMT;CST;VT"",""short_name:en"":""CSMT;CST;VT"",""short_name:hi"":""सीएसएमटी;सीएसटी;व्हीटी"",""short_name:mr"":""सीएसएमटी;सीएसटी;व्हीटी"",""train"":""yes""}",present,"[""107442920""]",10008240050,a7865ea1b59589c9202dd59711f57658ea02bfa6ca75bab373e4687ed3d91cf5,candidate_only_direction_and_platform_allocation_unresolved
derived_native_boarding_candidate,1234815598,"[""CR_HB_LABEL:mumbai csmt""]","{""CR_HB_LABEL:mumbai csmt"":[{""basis"":""direct_geometry_candidate"",""feature"":""node/1234815598"",""identity_match_evidence"":[{""field"":""name"",""method"":""case_space_punctuation_equivalence"",""value"":""Mumbai CSMT""},{""field"":""name:en"",""method"":""case_space_punctuation_equivalence"",""value"":""Mumbai CSMT""}]},{""basis"":""explicit_stop_area_member"",""member_order"":3,""relation"":""11491218"",""role"":""stop"",""stop_role"":true,""stop_tag"":true}]}",18.9408763,72.8361599,"{""loc_name"":""Mumbai Chhatrapati Shivaji Terminus"",""loc_name:en"":""Mumbai Chhatrapati Shivaji Terminus"",""loc_name:hi"":""मुंबई छत्रपती शिवाजी टर्मिनस"",""loc_name:mr"":""मुंबई छत्रपती शिवाजी टर्मिनस"",""name"":""Mumbai CSMT"",""name:en"":""Mumbai CSMT"",""name:hi"":""मुंबई सीएसएमटी"",""name:mr"":""मुंबई सीएसएमटी"",""official_name"":""Mumbai Chhatrapati Shivaji Maharaj Terminus"",""official_name:en"":""Mumbai Chhatrapati Shivaji Maharaj Terminus"",""official_name:hi"":""मुंबई छत्रपती शिवाजी महाराज टर्मिनस"",""official_name:mr"":""मुंबई छत्रपती शिवाजी महाराज टर्मिनस"",""old_name"":""Victoria Terminus"",""old_name:en"":""Victoria Terminus"",""old_name:hi"":""व्हिक्टोरिया टर्मिनस"",""old_name:mr"":""व्हिक्टोरिया टर्मिनस"",""public_transport"":""stop_position"",""railway"":""stop"",""ref"":""10"",""short_name"":""CSMT;CST;VT"",""short_name:en"":""CSMT;CST;VT"",""short_name:hi"":""सीएसएमटी;सीएसटी;व्हीटी"",""short_name:mr"":""सीएसएमटी;सीएसटी;व्हीटी"",""train"":""yes""}",present,"[""207358994""]",10008240050,a7865ea1b59589c9202dd59711f57658ea02bfa6ca75bab373e4687ed3d91cf5,candidate_only_direction_and_platform_allocation_unresolved
derived_native_boarding_candidate,1234823928,"[""CR_HB_LABEL:mumbai csmt""]","{""CR_HB_LABEL:mumbai csmt"":[{""basis"":""explicit_stop_area_member"",""member_order"":9,""relation"":""18043332"",""role"":""stop"",""stop_role"":true,""stop_tag"":true}]}",18.9406221,72.8352693,"{""level"":""0"",""loc_name"":""Mumbai Chhatrapati Shivaji Terminus (Suburban)"",""loc_name:en"":""Mumbai Chhatrapati Shivaji Terminus (Suburban)"",""loc_name:mr"":""मुंबई छत्रपती शिवाजी टर्मिनस (उपनगरी)"",""name"":""Mumbai CSMT (Suburban)"",""name:en"":""Mumbai CSMT (Suburban)"",""name:mr"":""मुंबई सीएसएमटी (उपनगरी)"",""official_name"":""Mumbai Chhatrapati Shivaji Maharaj Terminus (Suburban)"",""official_name:en"":""Mumbai Chhatrapati Shivaji Maharaj Terminus (Suburban)"",""official_name:mr"":""मुंबई छत्रपती शिवाजी महाराज टर्मिनस (उपनगरी)"",""old_name"":""Victoria Terminus (Suburban)"",""old_name:en"":""Victoria Terminus (Suburban)"",""old_name:mr"":""व्हिक्टोरिया टर्मिनस (उपनगरी)"",""public_transport"":""stop_position"",""railway"":""stop"",""ref"":""3"",""short_name"":""CSMT;CST;VT"",""short_name:en"":""CSMT;CST;VT"",""short_name:hi"":""सीएसएमटी;सीएसटी;व्हीटी"",""short_name:mr"":""सीएसएमटी;सीएसटी;व्हीटी"",""source"":""Esri World imagery (2024-09-14)"",""tactile_paving"":""yes"",""train"":""yes""}",present,"[""1314987909"",""1315478123""]",10008240050,a7865ea1b59589c9202dd59711f57658ea02bfa6ca75bab373e4687ed3d91cf5,candidate_only_direction_and_platform_allocation_unresolved
derived_native_boarding_candidate,1365560229,"[""CR_HB_LABEL:mahim jn""]","{""CR_HB_LABEL:mahim jn"":[{""basis"":""direct_geometry_candidate"",""feature"":""node/1365560229"",""identity_match_evidence"":[{""field"":""name"",""method"":""name_from_code_matched_station"",""station_evidence"":[{""name"":""Mahim Junction"",""name_field"":""name"",""osm_feature"":""node/2630075005""}],""value"":""Mahim Junction""},{""field"":""name:en"",""method"":""name_from_code_matched_station"",""station_evidence"":[{""name"":""Mahim Junction"",""name_field"":""name"",""osm_feature"":""node/2630075005""}],""value"":""Mahim Junction""},{""code_reference"":{""evidence_scope"":""2025_reference_identity_not_current_service_or_capacity"",""printed_station_code"":""MM"",""printed_station_name"":""MAHIM"",""source"":""observed_railway_publication"",""source_code_bbox_pdf_pt"":""[202.25,127.7816,223.19912,138.8216]"",""source_id"":""wr_disaster_plan_part2_2025"",""source_name_bbox_pdf_pt"":""[110.06,127.7816,149.24912,138.8216]"",""source_page"":39,""source_sha256"":""2dff4567b9c33ca127d1a4b4c2e382224f216c76ec340ca3672b199d99be1004""},""derivation"":""published_code_and_junction_abbreviation"",""input_path"":""data/processed/transit/cr_harbour_identity_proposals.csv"",""method"":""scoped_identity_proposal"",""proposed_station_code"":""MM"",""station_key"":""CR_HB_LABEL:mahim jn""}]},{""basis"":""explicit_stop_area_member"",""member_order"":6,""relation"":""11507862"",""role"":""stop"",""stop_role"":true,""stop_tag"":true}]}",19.0407191,72.8467367,"{""name"":""Mahim Junction"",""name:en"":""Mahim Junction"",""name:mr"":""माहिम रेल्वे स्थानक"",""public_transport"":""stop_position"",""railway"":""stop"",""ref"":""2"",""train"":""yes""}",present,"[""427250236"",""990992615""]",10008240050,a7865ea1b59589c9202dd59711f57658ea02bfa6ca75bab373e4687ed3d91cf5,candidate_only_direction_and_platform_allocation_unresolved
derived_native_boarding_candidate,1365560230,"[""CR_HB_LABEL:mahim jn""]","{""CR_HB_LABEL:mahim jn"":[{""basis"":""direct_geometry_candidate"",""feature"":""node/1365560230"",""identity_match_evidence"":[{""field"":""name"",""method"":""name_from_code_matched_station"",""station_evidence"":[{""name"":""Mahim Junction"",""name_field"":""name"",""osm_feature"":""node/2630075005""}],""value"":""Mahim Junction""},{""field"":""name:en"",""method"":""name_from_code_matched_station"",""station_evidence"":[{""name"":""Mahim Junction"",""name_field"":""name"",""osm_feature"":""node/2630075005""}],""value"":""Mahim Junction""},{""code_reference"":{""evidence_scope"":""2025_reference_identity_not_current_service_or_capacity"",""printed_station_code"":""MM"",""printed_station_name"":""MAHIM"",""source"":""observed_railway_publication"",""source_code_bbox_pdf_pt"":""[202.25,127.7816,223.19912,138.8216]"",""source_id"":""wr_disaster_plan_part2_2025"",""source_name_bbox_pdf_pt"":""[110.06,127.7816,149.24912,138.8216]"",""source_page"":39,""source_sha256"":""2dff4567b9c33ca127d1a4b4c2e382224f216c76ec340ca3672b199d99be1004""},""derivation"":""published_code_and_junction_abbreviation"",""input_path"":""data/processed/transit/cr_harbour_identity_proposals.csv"",""method"":""scoped_identity_proposal"",""proposed_station_code"":""MM"",""station_key"":""CR_HB_LABEL:mahim jn""}]},{""basis"":""explicit_stop_area_member"",""member_order"":7,""relation"":""11507862"",""role"":""stop"",""stop_role"":true,""stop_tag"":true}]}",19.0407577,72.8468504,"{""name"":""Mahim Junction"",""name:en"":""Mahim Junction"",""name:mr"":""माहिम रेल्वे स्थानक"",""public_transport"":""stop_position"",""railway"":""stop"",""ref"":""3"",""train"":""yes""}",present,"[""427250228"",""990992614""]",10008240050,a7865ea1b59589c9202dd59711f57658ea02bfa6ca75bab373e4687ed3d91cf5,candidate_only_direction_and_platform_allocation_unresolved
derived_native_boarding_candidate,1365560231,"[""CR_HB_LABEL:mahim jn""]","{""CR_HB_LABEL:mahim jn"":[{""basis"":""direct_geometry_candidate"",""feature"":""node/1365560231"",""identity_match_evidence"":[{""field"":""name"",""method"":""name_from_code_matched_station"",""station_evidence"":[{""name"":""Mahim Junction"",""name_field"":""name"",""osm_feature"":""node/2630075005""}],""value"":""Mahim Junction""},{""field"":""name:en"",""method"":""name_from_code_matched_station"",""station_evidence"":[{""name"":""Mahim Junction"",""name_field"":""name"",""osm_feature"":""node/2630075005""}],""value"":""Mahim Junction""},{""code_reference"":{""evidence_scope"":""2025_reference_identity_not_current_service_or_capacity"",""printed_station_code"":""MM"",""printed_station_name"":""MAHIM"",""source"":""observed_railway_publication"",""source_code_bbox_pdf_pt"":""[202.25,127.7816,223.19912,138.8216]"",""source_id"":""wr_disaster_plan_part2_2025"",""source_name_bbox_pdf_pt"":""[110.06,127.7816,149.24912,138.8216]"",""source_page"":39,""source_sha256"":""2dff4567b9c33ca127d1a4b4c2e382224f216c76ec340ca3672b199d99be1004""},""derivation"":""published_code_and_junction_abbreviation"",""input_path"":""data/processed/transit/cr_harbour_identity_proposals.csv"",""method"":""scoped_identity_proposal"",""proposed_station_code"":""MM"",""station_key"":""CR_HB_LABEL:mahim jn""}]}]}",19.040768,72.8468852,"{""name"":""Mahim Junction"",""name:en"":""Mahim Junction"",""name:mr"":""माहिम रेल्वे स्थानक"",""public_transport"":""stop_position"",""railway"":""stop"",""ref"":""4"",""train"":""yes""}",present,"[""427250233"",""990992613""]",10008240050,a7865ea1b59589c9202dd59711f57658ea02bfa6ca75bab373e4687ed3d91cf5,candidate_only_direction_and_platform_allocation_unresolved
derived_native_boarding_candidate,1365560232,"[""CR_HB_LABEL:mahim jn""]","{""CR_HB_LABEL:mahim jn"":[{""basis"":""direct_geometry_candidate"",""feature"":""node/1365560232"",""identity_match_evidence"":[{""field"":""name"",""method"":""name_from_code_matched_station"",""station_evidence"":[{""name"":""Mahim Junction"",""name_field"":""name"",""osm_feature"":""node/2630075005""}],""value"":""Mahim Junction""},{""field"":""name:en"",""method"":""name_from_code_matched_station"",""station_evidence"":[{""name"":""Mahim Junction"",""name_field"":""name"",""osm_feature"":""node/2630075005""}],""value"":""Mahim Junction""},{""code_reference"":{""evidence_scope"":""2025_reference_identity_not_current_service_or_capacity"",""printed_station_code"":""MM"",""printed_station_name"":""MAHIM"",""source"":""observed_railway_publication"",""source_code_bbox_pdf_pt"":""[202.25,127.7816,223.19912,138.8216]"",""source_id"":""wr_disaster_plan_part2_2025"",""source_name_bbox_pdf_pt"":""[110.06,127.7816,149.24912,138.8216]"",""source_page"":39,""source_sha256"":""2dff4567b9c33ca127d1a4b4c2e382224f216c76ec340ca3672b199d99be1004""},""derivation"":""published_code_and_junction_abbreviation"",""input_path"":""data/processed/transit/cr_harbour_identity_proposals.csv"",""method"":""scoped_identity_proposal"",""proposed_station_code"":""MM"",""station_key"":""CR_HB_LABEL:mahim jn""}]},{""basis"":""explicit_stop_area_member"",""member_order"":8,""relation"":""11507862"",""role"":""stop"",""stop_role"":true,""stop_tag"":true}]}",19.0408624,72.8470904,"{""name"":""Mahim Junction"",""name:en"":""Mahim Junction"",""name:mr"":""माहिम रेल्वे स्थानक"",""public_transport"":""stop_position"",""railway"":""stop"",""ref"":""5"",""train"":""yes""}",present,"[""398294951""]",10008240050,a7865ea1b59589c9202dd59711f57658ea02bfa6ca75bab373e4687ed3d91cf5,candidate_only_direction_and_platform_allocation_unresolved
derived_native_boarding_candidate,1366794765,"[""CR_HB_LABEL:mankhurd""]","{""CR_HB_LABEL:mankhurd"":[{""basis"":""direct_geometry_candidate"",""feature"":""node/1366794765"",""identity_match_evidence"":[{""field"":""name"",""method"":""case_space_punctuation_equivalence"",""value"":""Mankhurd""},{""field"":""name:en"",""method"":""case_space_punctuation_equivalence"",""value"":""Mankhurd""}]},{""basis"":""explicit_stop_area_member"",""member_order"":3,""relation"":""11511620"",""role"":"""",""stop_role"":false,""stop_tag"":true}]}",19.0481208,72.9319176,"{""name"":""Mankhurd"",""name:en"":""Mankhurd"",""name:hi"":""मानखुर्द"",""public_transport"":""stop_position"",""railway"":""stop"",""ref"":""2"",""train"":""yes""}",present,"[""384543909""]",10008240050,a7865ea1b59589c9202dd59711f57658ea02bfa6ca75bab373e4687ed3d91cf5,candidate_only_direction_and_platform_allocation_unresolved
derived_native_boarding_candidate,1366986900,"[""CR_HB_LABEL:govandi""]","{""CR_HB_LABEL:govandi"":[{""basis"":""direct_geometry_candidate"",""feature"":""node/1366986900"",""identity_match_evidence"":[{""field"":""name"",""method"":""case_space_punctuation_equivalence"",""value"":""Govandi""}]},{""basis"":""explicit_stop_area_member"",""member_order"":4,""relation"":""11511613"",""role"":""stop"",""stop_role"":true,""stop_tag"":true}]}",19.0549729,72.9157946,"{""name"":""Govandi"",""public_transport"":""stop_position"",""ref"":""1"",""train"":""yes""}",present,"[""384543906""]",10008240050,a7865ea1b59589c9202dd59711f57658ea02bfa6ca75bab373e4687ed3d91cf5,candidate_only_direction_and_platform_allocation_unresolved
derived_native_boarding_candidate,1367093081,"[""CR_HB_LABEL:chembur""]","{""CR_HB_LABEL:chembur"":[{""basis"":""direct_geometry_candidate"",""feature"":""node/1367093081"",""identity_match_evidence"":[{""field"":""name"",""method"":""case_space_punctuation_equivalence"",""value"":""Chembur""},{""field"":""name:en"",""method"":""case_space_punctuation_equivalence"",""value"":""Chembur""}]},{""basis"":""explicit_stop_area_member"",""member_order"":3,""relation"":""11511604"",""role"":""stop"",""stop_role"":true,""stop_tag"":true}]}",19.06247,72.9013038,"{""name"":""Chembur"",""name:en"":""Chembur"",""name:hi"":""चेंबुर"",""public_transport"":""stop_position"",""railway"":""stop"",""ref"":""2"",""train"":""yes""}",present,"[""235867416""]",10008240050,a7865ea1b59589c9202dd59711f57658ea02bfa6ca75bab373e4687ed3d91cf5,candidate_only_direction_and_platform_allocation_unresolved
derived_native_boarding_candidate,1367093210,"[""CR_HB_LABEL:kurla""]","{""CR_HB_LABEL:kurla"":[{""basis"":""direct_geometry_candidate"",""feature"":""node/1367093210"",""identity_match_evidence"":[{""field"":""name"",""method"":""case_space_punctuation_equivalence"",""value"":""Kurla""},{""field"":""name:en"",""method"":""case_space_punctuation_equivalence"",""value"":""Kurla""}]},{""basis"":""explicit_stop_area_member"",""member_order"":12,""relation"":""11510787"",""role"":""stop"",""stop_role"":true,""stop_tag"":true}]}",19.0648111,72.8793034,"{""name"":""Kurla"",""name:en"":""Kurla"",""name:hi"":""कुर्ला"",""name:ml"":""കുർള"",""name:mr"":""कुर्ला"",""official_name"":""Kurla Junction"",""official_name:en"":""Kurla Junction"",""official_name:hi"":""कुर्ला जंक्शन"",""official_name:mr"":""कुर्ला जंक्शन"",""old_name"":""Coorla"",""old_name:en"":""Coorla"",""public_transport"":""stop_position"",""railway"":""stop"",""ref"":""8"",""train"":""yes""}",present,"[""643716982""]",10008240050,a7865ea1b59589c9202dd59711f57658ea02bfa6ca75bab373e4687ed3d91cf5,candidate_only_direction_and_platform_allocation_unresolved
derived_native_boarding_candidate,1367093212,"[""CR_HB_LABEL:kurla""]","{""CR_HB_LABEL:kurla"":[{""basis"":""direct_geometry_candidate"",""feature"":""node/1367093212"",""identity_match_evidence"":[{""field"":""name"",""method"":""case_space_punctuation_equivalence"",""value"":""Kurla""},{""field"":""name:en"",""method"":""case_space_punctuation_equivalence"",""value"":""Kurla""}]},{""basis"":""explicit_stop_area_member"",""member_order"":11,""relation"":""11510787"",""role"":""stop"",""stop_role"":true,""stop_tag"":true}]}",19.0649266,72.8792339,"{""name"":""Kurla"",""name:en"":""Kurla"",""name:hi"":""कुर्ला"",""name:ml"":""കുർള"",""name:mr"":""कुर्ला"",""official_name"":""Kurla Junction"",""official_name:en"":""Kurla Junction"",""official_name:hi"":""कुर्ला जंक्शन"",""official_name:mr"":""कुर्ला जंक्शन"",""old_name"":""Coorla"",""old_name:en"":""Coorla"",""public_transport"":""stop_position"",""railway"":""stop"",""ref"":""7"",""train"":""yes""}",present,"[""122303805""]",10008240050,a7865ea1b59589c9202dd59711f57658ea02bfa6ca75bab373e4687ed3d91cf5,candidate_only_direction_and_platform_allocation_unresolved
derived_native_boarding_candidate,1367093215,"[""CR_HB_LABEL:kurla""]","{""CR_HB_LABEL:kurla"":[{""basis"":""direct_geometry_candidate"",""feature"":""node/1367093215"",""identity_match_evidence"":[{""field"":""name"",""method"":""case_space_punctuation_equivalence"",""value"":""Kurla""},{""field"":""name:en"",""method"":""case_space_punctuation_equivalence"",""value"":""Kurla""}]},{""basis"":""explicit_stop_area_member"",""member_order"":10,""relation"":""11510787"",""role"":""stop"",""stop_role"":true,""stop_tag"":true}]}",19.0649607,72.8791914,"{""name"":""Kurla"",""name:en"":""Kurla"",""name:hi"":""कुर्ला"",""name:ml"":""കുർള"",""name:mr"":""कुर्ला"",""official_name"":""Kurla Junction"",""official_name:en"":""Kurla Junction"",""official_name:hi"":""कुर्ला जंक्शन"",""official_name:mr"":""कुर्ला जंक्शन"",""old_name"":""Coorla"",""old_name:en"":""Coorla"",""public_transport"":""stop_position"",""railway"":""stop"",""ref"":""6"",""train"":""yes""}",present,"[""122303799"",""816146627""]",10008240050,a7865ea1b59589c9202dd59711f57658ea02bfa6ca75bab373e4687ed3d91cf5,candidate_only_direction_and_platform_allocation_unresolved
derived_native_boarding_candidate,1367093217,"[""CR_HB_LABEL:kurla""]","{""CR_HB_LABEL:kurla"":[{""basis"":""direct_geometry_candidate"",""feature"":""node/1367093217"",""identity_match_evidence"":[{""field"":""name"",""method"":""case_space_punctuation_equivalence"",""value"":""Kurla""},{""field"":""name:en"",""method"":""case_space_punctuation_equivalence"",""value"":""Kurla""}]},{""basis"":""explicit_stop_area_member"",""member_order"":9,""relation"":""11510787"",""role"":""stop"",""stop_role"":true,""stop_tag"":true}]}",19.065041,72.8791094,"{""name"":""Kurla"",""name:en"":""Kurla"",""name:hi"":""कुर्ला"",""name:ml"":""കുർള"",""name:mr"":""कुर्ला"",""official_name"":""Kurla Junction"",""official_name:en"":""Kurla Junction"",""official_name:hi"":""कुर्ला जंक्शन"",""official_name:mr"":""कुर्ला जंक्शन"",""old_name"":""Coorla"",""old_name:en"":""Coorla"",""public_transport"":""stop_position"",""railway"":""stop"",""ref"":""5"",""train"":""yes""}",present,"[""1209258142""]",10008240050,a7865ea1b59589c9202dd59711f57658ea02bfa6ca75bab373e4687ed3d91cf5,candidate_only_direction_and_platform_allocation_unresolved
derived_native_boarding_candidate,1367093225,"[""CR_HB_LABEL:kurla""]","{""CR_HB_LABEL:kurla"":[{""basis"":""direct_geometry_candidate"",""feature"":""node/1367093225"",""identity_match_evidence"":[{""field"":""name"",""method"":""case_space_punctuation_equivalence"",""value"":""Kurla""},{""field"":""name:en"",""method"":""case_space_punctuation_equivalence"",""value"":""Kurla""}]},{""basis"":""explicit_stop_area_member"",""member_order"":7,""relation"":""11510787"",""role"":""stop"",""stop_role"":true,""stop_tag"":true}]}",19.0652016,72.8790144,"{""name"":""Kurla"",""name:en"":""Kurla"",""name:hi"":""कुर्ला"",""name:ml"":""കുർള"",""name:mr"":""कुर्ला"",""official_name"":""Kurla Junction"",""official_name:en"":""Kurla Junction"",""official_name:hi"":""कुर्ला जंक्शन"",""official_name:mr"":""कुर्ला जंक्शन"",""old_name"":""Coorla"",""old_name:en"":""Coorla"",""public_transport"":""stop_position"",""railway"":""stop"",""ref"":""3"",""train"":""yes""}",present,"[""122303874""]",10008240050,a7865ea1b59589c9202dd59711f57658ea02bfa6ca75bab373e4687ed3d91cf5,candidate_only_direction_and_platform_allocation_unresolved
derived_native_boarding_candidate,1367093228,"[""CR_HB_LABEL:kurla""]","{""CR_HB_LABEL:kurla"":[{""basis"":""direct_geometry_candidate"",""feature"":""node/1367093228"",""identity_match_evidence"":[{""field"":""name"",""method"":""case_space_punctuation_equivalence"",""value"":""Kurla""},{""field"":""name:en"",""method"":""case_space_punctuation_equivalence"",""value"":""Kurla""}]},{""basis"":""explicit_stop_area_member"",""member_order"":6,""relation"":""11510787"",""role"":""stop"",""stop_role"":true,""stop_tag"":true}]}",19.0652271,72.878982,"{""name"":""Kurla"",""name:en"":""Kurla"",""name:hi"":""कुर्ला"",""name:ml"":""കുർള"",""name:mr"":""कुर्ला"",""official_name"":""Kurla Junction"",""official_name:en"":""Kurla Junction"",""official_name:hi"":""कुर्ला जंक्शन"",""official_name:mr"":""कुर्ला जंक्शन"",""old_name"":""Coorla"",""old_name:en"":""Coorla"",""public_transport"":""stop_position"",""railway"":""stop"",""ref"":""2"",""train"":""yes""}",present,"[""122303871""]",10008240050,a7865ea1b59589c9202dd59711f57658ea02bfa6ca75bab373e4687ed3d91cf5,candidate_only_direction_and_platform_allocation_unresolved
derived_native_boarding_candidate,1646774124,"[""CR_HB_LABEL:andheri""]","{""CR_HB_LABEL:andheri"":[{""basis"":""direct_geometry_candidate"",""feature"":""node/1646774124"",""identity_match_evidence"":[{""field"":""name"",""method"":""case_space_punctuation_equivalence"",""value"":""Andheri""},{""field"":""name:en"",""method"":""case_space_punctuation_equivalence"",""value"":""Andheri""}]},{""basis"":""explicit_stop_area_member"",""member_order"":15,""relation"":""7684031"",""role"":""stop"",""stop_role"":true,""stop_tag"":true}]}",19.1189755,72.847101,"{""name"":""Andheri"",""name:en"":""Andheri"",""name:mr"":""अंधेरी"",""public_transport"":""stop_position"",""railway"":""stop"",""ref"":""9"",""train"":""yes""}",present,"[""327967080""]",10008240050,a7865ea1b59589c9202dd59711f57658ea02bfa6ca75bab373e4687ed3d91cf5,candidate_only_direction_and_platform_allocation_unresolved
derived_native_boarding_candidate,1646774126,"[""CR_HB_LABEL:andheri""]","{""CR_HB_LABEL:andheri"":[{""basis"":""direct_geometry_candidate"",""feature"":""node/1646774126"",""identity_match_evidence"":[{""field"":""name"",""method"":""case_space_punctuation_equivalence"",""value"":""Andheri""},{""field"":""name:en"",""method"":""case_space_punctuation_equivalence"",""value"":""Andheri""}]},{""basis"":""explicit_stop_area_member"",""member_order"":14,""relation"":""7684031"",""role"":""stop"",""stop_role"":true,""stop_tag"":true}]}",19.1192749,72.8470336,"{""name"":""Andheri"",""name:en"":""Andheri"",""name:mr"":""अंधेरी"",""public_transport"":""stop_position"",""railway"":""stop"",""ref"":""8"",""train"":""yes""}",present,"[""257491061""]",10008240050,a7865ea1b59589c9202dd59711f57658ea02bfa6ca75bab373e4687ed3d91cf5,candidate_only_direction_and_platform_allocation_unresolved
derived_native_boarding_candidate,1646774128,"[""CR_HB_LABEL:andheri""]","{""CR_HB_LABEL:andheri"":[{""basis"":""direct_geometry_candidate"",""feature"":""node/1646774128"",""identity_match_evidence"":[{""field"":""name"",""method"":""case_space_punctuation_equivalence"",""value"":""Andheri""},{""field"":""name:en"",""method"":""case_space_punctuation_equivalence"",""value"":""Andheri""}]},{""basis"":""explicit_stop_area_member"",""member_order"":13,""relation"":""7684031"",""role"":""stop"",""stop_role"":true,""stop_tag"":true}]}",19.1192854,72.8469802,"{""name"":""Andheri"",""name:en"":""Andheri"",""name:mr"":""अंधेरी"",""public_transport"":""stop_position"",""railway"":""stop"",""ref"":""7"",""train"":""yes""}",present,"[""990992622"",""990992626""]",10008240050,a7865ea1b59589c9202dd59711f57658ea02bfa6ca75bab373e4687ed3d91cf5,candidate_only_direction_and_platform_allocation_unresolved
derived_native_boarding_candidate,1646774129,"[""CR_HB_LABEL:andheri""]","{""CR_HB_LABEL:andheri"":[{""basis"":""direct_geometry_candidate"",""feature"":""node/1646774129"",""identity_match_evidence"":[{""field"":""name"",""method"":""case_space_punctuation_equivalence"",""value"":""Andheri""},{""field"":""name:en"",""method"":""case_space_punctuation_equivalence"",""value"":""Andheri""}]},{""basis"":""explicit_stop_area_member"",""member_order"":12,""relation"":""7684031"",""role"":""stop"",""stop_role"":true,""stop_tag"":true}]}",19.1192914,72.846845,"{""name"":""Andheri"",""name:en"":""Andheri"",""name:mr"":""अंधेरी"",""public_transport"":""stop_position"",""railway"":""stop"",""ref"":""6"",""train"":""yes""}",present,"[""990992623"",""990992627""]",10008240050,a7865ea1b59589c9202dd59711f57658ea02bfa6ca75bab373e4687ed3d91cf5,candidate_only_direction_and_platform_allocation_unresolved
derived_native_boarding_candidate,1646774130,"[""CR_HB_LABEL:andheri""]","{""CR_HB_LABEL:andheri"":[{""basis"":""direct_geometry_candidate"",""feature"":""node/1646774130"",""identity_match_evidence"":[{""field"":""name"",""method"":""case_space_punctuation_equivalence"",""value"":""Andheri""},{""field"":""name:en"",""method"":""case_space_punctuation_equivalence"",""value"":""Andheri""}]},{""basis"":""explicit_stop_area_member"",""member_order"":11,""relation"":""7684031"",""role"":""stop"",""stop_role"":true,""stop_tag"":true}]}",19.1192956,72.8467967,"{""name"":""Andheri"",""name:en"":""Andheri"",""name:mr"":""अंधेरी"",""public_transport"":""stop_position"",""railway"":""stop"",""ref"":""5"",""train"":""yes""}",present,"[""990992624"",""990992628""]",10008240050,a7865ea1b59589c9202dd59711f57658ea02bfa6ca75bab373e4687ed3d91cf5,candidate_only_direction_and_platform_allocation_unresolved
derived_native_boarding_candidate,1646774131,"[""CR_HB_LABEL:andheri""]","{""CR_HB_LABEL:andheri"":[{""basis"":""direct_geometry_candidate"",""feature"":""node/1646774131"",""identity_match_evidence"":[{""field"":""name"",""method"":""case_space_punctuation_equivalence"",""value"":""Andheri""},{""field"":""name:en"",""method"":""case_space_punctuation_equivalence"",""value"":""Andheri""}]},{""basis"":""explicit_stop_area_member"",""member_order"":10,""relation"":""7684031"",""role"":""stop"",""stop_role"":true,""stop_tag"":true}]}",19.1193178,72.8466577,"{""name"":""Andheri"",""name:en"":""Andheri"",""name:mr"":""अंधेरी"",""public_transport"":""stop_position"",""railway"":""stop"",""ref"":""4"",""train"":""yes""}",present,"[""327967079""]",10008240050,a7865ea1b59589c9202dd59711f57658ea02bfa6ca75bab373e4687ed3d91cf5,candidate_only_direction_and_platform_allocation_unresolved
derived_native_boarding_candidate,1646774132,"[""CR_HB_LABEL:andheri""]","{""CR_HB_LABEL:andheri"":[{""basis"":""direct_geometry_candidate"",""feature"":""node/1646774132"",""identity_match_evidence"":[{""field"":""name"",""method"":""case_space_punctuation_equivalence"",""value"":""Andheri""},{""field"":""name:en"",""method"":""case_space_punctuation_equivalence"",""value"":""Andheri""}]},{""basis"":""explicit_stop_area_member"",""member_order"":9,""relation"":""7684031"",""role"":""stop"",""stop_role"":true,""stop_tag"":true}]}",19.1193246,72.8465965,"{""name"":""Andheri"",""name:en"":""Andheri"",""name:mr"":""अंधेरी"",""public_transport"":""stop_position"",""railway"":""stop"",""ref"":""3"",""train"":""yes""}",present,"[""151832204"",""990992629""]",10008240050,a7865ea1b59589c9202dd59711f57658ea02bfa6ca75bab373e4687ed3d91cf5,candidate_only_direction_and_platform_allocation_unresolved
derived_native_boarding_candidate,1647133382,"[""CR_THB_CODE:TNA""]","{""CR_THB_CODE:TNA"":[{""basis"":""direct_geometry_candidate"",""feature"":""node/1647133382"",""identity_match_evidence"":[{""field"":""name"",""method"":""name_from_code_matched_station"",""station_evidence"":[{""name"":""Thane"",""name_field"":""name"",""osm_feature"":""node/246582717""},{""name"":""Thane"",""name_field"":""name:en"",""osm_feature"":""node/246582717""}],""value"":""Thane""},{""field"":""name:en"",""method"":""name_from_code_matched_station"",""station_evidence"":[{""name"":""Thane"",""name_field"":""name"",""osm_feature"":""node/246582717""},{""name"":""Thane"",""name_field"":""name:en"",""osm_feature"":""node/246582717""}],""value"":""Thane""}]},{""basis"":""explicit_stop_area_member"",""member_order"":9,""relation"":""11510748"",""role"":"""",""stop_role"":false,""stop_tag"":true}]}",19.1858218,72.9760694,"{""alt_name:ar"":""ثين"",""name"":""Thane"",""name:ar"":""تاني"",""name:en"":""Thane"",""name:fa"":""تانه"",""name:hi"":""ठाणे"",""name:ml"":""താനെ"",""name:mr"":""ठाणे"",""name:pnb"":""تہانہ"",""name:ps"":""تانی"",""name:ur"":""تھانے"",""public_transport"":""stop_position"",""railway"":""stop"",""ref"":""9"",""train"":""yes""}",present,"[""659490441""]",10008240050,a7865ea1b59589c9202dd59711f57658ea02bfa6ca75bab373e4687ed3d91cf5,candidate_only_direction_and_platform_allocation_unresolved
derived_native_boarding_candidate,1647133389,"[""CR_THB_CODE:TNA""]","{""CR_THB_CODE:TNA"":[{""basis"":""direct_geometry_candidate"",""feature"":""node/1647133389"",""identity_match_evidence"":[{""field"":""name"",""method"":""name_from_code_matched_station"",""station_evidence"":[{""name"":""Thane"",""name_field"":""name"",""osm_feature"":""node/246582717""},{""name"":""Thane"",""name_field"":""name:en"",""osm_feature"":""node/246582717""}],""value"":""Thane""},{""field"":""name:en"",""method"":""name_from_code_matched_station"",""station_evidence"":[{""name"":""Thane"",""name_field"":""name"",""osm_feature"":""node/246582717""},{""name"":""Thane"",""name_field"":""name:en"",""osm_feature"":""node/246582717""}],""value"":""Thane""}]},{""basis"":""explicit_stop_area_member"",""member_order"":8,""relation"":""11510748"",""role"":"""",""stop_role"":false,""stop_tag"":true}]}",19.1858488,72.9760608,"{""alt_name:ar"":""ثين"",""name"":""Thane"",""name:ar"":""تاني"",""name:en"":""Thane"",""name:fa"":""تانه"",""name:hi"":""ठाणे"",""name:ml"":""താനെ"",""name:mr"":""ठाणे"",""name:pnb"":""تہانہ"",""name:ps"":""تانی"",""name:ur"":""تھانے"",""public_transport"":""stop_position"",""railway"":""stop"",""ref"":""8"",""train"":""yes""}",present,"[""1311243660""]",10008240050,a7865ea1b59589c9202dd59711f57658ea02bfa6ca75bab373e4687ed3d91cf5,candidate_only_direction_and_platform_allocation_unresolved
derived_native_boarding_candidate,1647133401,"[""CR_THB_CODE:TNA""]","{""CR_THB_CODE:TNA"":[{""basis"":""direct_geometry_candidate"",""feature"":""node/1647133401"",""identity_match_evidence"":[{""field"":""name"",""method"":""name_from_code_matched_station"",""station_evidence"":[{""name"":""Thane"",""name_field"":""name"",""osm_feature"":""node/246582717""},{""name"":""Thane"",""name_field"":""name:en"",""osm_feature"":""node/246582717""}],""value"":""Thane""},{""field"":""name:en"",""method"":""name_from_code_matched_station"",""station_evidence"":[{""name"":""Thane"",""name_field"":""name"",""osm_feature"":""node/246582717""},{""name"":""Thane"",""name_field"":""name:en"",""osm_feature"":""node/246582717""}],""value"":""Thane""}]},{""basis"":""explicit_stop_area_member"",""member_order"":7,""relation"":""11510748"",""role"":"""",""stop_role"":false,""stop_tag"":true}]}",19.1859651,72.9760239,"{""alt_name:ar"":""ثين"",""name"":""Thane"",""name:ar"":""تاني"",""name:en"":""Thane"",""name:fa"":""تانه"",""name:hi"":""ठाणे"",""name:ml"":""താനെ"",""name:mr"":""ठाणे"",""name:pnb"":""تہانہ"",""name:ps"":""تانی"",""name:ur"":""تھانے"",""public_transport"":""stop_position"",""railway"":""stop"",""ref"":""7"",""train"":""yes""}",present,"[""151874493""]",10008240050,a7865ea1b59589c9202dd59711f57658ea02bfa6ca75bab373e4687ed3d91cf5,candidate_only_direction_and_platform_allocation_unresolved
derived_native_boarding_candidate,1647133407,"[""CR_THB_CODE:TNA""]","{""CR_THB_CODE:TNA"":[{""basis"":""direct_geometry_candidate"",""feature"":""node/1647133407"",""identity_match_evidence"":[{""field"":""name"",""method"":""name_from_code_matched_station"",""station_evidence"":[{""name"":""Thane"",""name_field"":""name"",""osm_feature"":""node/246582717""},{""name"":""Thane"",""name_field"":""name:en"",""osm_feature"":""node/246582717""}],""value"":""Thane""},{""field"":""name:en"",""method"":""name_from_code_matched_station"",""station_evidence"":[{""name"":""Thane"",""name_field"":""name"",""osm_feature"":""node/246582717""},{""name"":""Thane"",""name_field"":""name:en"",""osm_feature"":""node/246582717""}],""value"":""Thane""}]},{""basis"":""explicit_stop_area_member"",""member_order"":6,""relation"":""11510748"",""role"":"""",""stop_role"":false,""stop_tag"":true}]}",19.1859987,72.9760133,"{""alt_name:ar"":""ثين"",""name"":""Thane"",""name:ar"":""تاني"",""name:en"":""Thane"",""name:fa"":""تانه"",""name:hi"":""ठाणे"",""name:ml"":""താനെ"",""name:mr"":""ठाणे"",""name:pnb"":""تہانہ"",""name:ps"":""تانی"",""name:ur"":""تھانے"",""public_transport"":""stop_position"",""railway"":""stop"",""ref"":""6"",""train"":""yes""}",present,"[""1311243657""]",10008240050,a7865ea1b59589c9202dd59711f57658ea02bfa6ca75bab373e4687ed3d91cf5,candidate_only_direction_and_platform_allocation_unresolved
derived_native_boarding_candidate,1647133433,"[""CR_THB_CODE:TNA""]","{""CR_THB_CODE:TNA"":[{""basis"":""direct_geometry_candidate"",""feature"":""node/1647133433"",""identity_match_evidence"":[{""field"":""name"",""method"":""name_from_code_matched_station"",""station_evidence"":[{""name"":""Thane"",""name_field"":""name"",""osm_feature"":""node/246582717""},{""name"":""Thane"",""name_field"":""name:en"",""osm_feature"":""node/246582717""}],""value"":""Thane""},{""field"":""name:en"",""method"":""name_from_code_matched_station"",""station_evidence"":[{""name"":""Thane"",""name_field"":""name"",""osm_feature"":""node/246582717""},{""name"":""Thane"",""name_field"":""name:en"",""osm_feature"":""node/246582717""}],""value"":""Thane""}]},{""basis"":""explicit_stop_area_member"",""member_order"":5,""relation"":""11510748"",""role"":"""",""stop_role"":false,""stop_tag"":true}]}",19.1861263,72.9759727,"{""alt_name:ar"":""ثين"",""name"":""Thane"",""name:ar"":""تاني"",""name:en"":""Thane"",""name:fa"":""تانه"",""name:hi"":""ठाणे"",""name:ml"":""താനെ"",""name:mr"":""ठाणे"",""name:pnb"":""تہانہ"",""name:ps"":""تانی"",""name:ur"":""تھانے"",""public_transport"":""stop_position"",""railway"":""stop"",""ref"":""5"",""train"":""yes""}",present,"[""1311243652""]",10008240050,a7865ea1b59589c9202dd59711f57658ea02bfa6ca75bab373e4687ed3d91cf5,candidate_only_direction_and_platform_allocation_unresolved
derived_native_boarding_candidate,1647133443,"[""CR_THB_CODE:TNA""]","{""CR_THB_CODE:TNA"":[{""basis"":""direct_geometry_candidate"",""feature"":""node/1647133443"",""identity_match_evidence"":[{""field"":""name"",""method"":""name_from_code_matched_station"",""station_evidence"":[{""name"":""Thane"",""name_field"":""name"",""osm_feature"":""node/246582717""},{""name"":""Thane"",""name_field"":""name:en"",""osm_feature"":""node/246582717""}],""value"":""Thane""},{""field"":""name:en"",""method"":""name_from_code_matched_station"",""station_evidence"":[{""name"":""Thane"",""name_field"":""name"",""osm_feature"":""node/246582717""},{""name"":""Thane"",""name_field"":""name:en"",""osm_feature"":""node/246582717""}],""value"":""Thane""}]},{""basis"":""explicit_stop_area_member"",""member_order"":4,""relation"":""11510748"",""role"":"""",""stop_role"":false,""stop_tag"":true}]}",19.1861975,72.9759502,"{""alt_name:ar"":""ثين"",""name"":""Thane"",""name:ar"":""تاني"",""name:en"":""Thane"",""name:fa"":""تانه"",""name:hi"":""ठाणे"",""name:ml"":""താനെ"",""name:mr"":""ठाणे"",""name:pnb"":""تہانہ"",""name:ps"":""تانی"",""name:ur"":""تھانے"",""public_transport"":""stop_position"",""railway"":""stop"",""ref"":""4"",""train"":""yes""}",present,"[""1209258132""]",10008240050,a7865ea1b59589c9202dd59711f57658ea02bfa6ca75bab373e4687ed3d91cf5,candidate_only_direction_and_platform_allocation_unresolved
derived_native_boarding_candidate,1647133450,"[""CR_THB_CODE:TNA""]","{""CR_THB_CODE:TNA"":[{""basis"":""direct_geometry_candidate"",""feature"":""node/1647133450"",""identity_match_evidence"":[{""field"":""name"",""method"":""name_from_code_matched_station"",""station_evidence"":[{""name"":""Thane"",""name_field"":""name"",""osm_feature"":""node/246582717""},{""name"":""Thane"",""name_field"":""name:en"",""osm_feature"":""node/246582717""}],""value"":""Thane""},{""field"":""name:en"",""method"":""name_from_code_matched_station"",""station_evidence"":[{""name"":""Thane"",""name_field"":""name"",""osm_feature"":""node/246582717""},{""name"":""Thane"",""name_field"":""name:en"",""osm_feature"":""node/246582717""}],""value"":""Thane""}]},{""basis"":""explicit_stop_area_member"",""member_order"":3,""relation"":""11510748"",""role"":"""",""stop_role"":false,""stop_tag"":true}]}",19.186318,72.9759119,"{""alt_name:ar"":""ثين"",""name"":""Thane"",""name:ar"":""تاني"",""name:en"":""Thane"",""name:fa"":""تانه"",""name:hi"":""ठाणे"",""name:ml"":""താനെ"",""name:mr"":""ठाणे"",""name:pnb"":""تہانہ"",""name:ps"":""تانی"",""name:ur"":""تھانے"",""public_transport"":""stop_position"",""railway"":""stop"",""ref"":""3"",""train"":""yes""}",present,"[""151874532""]",10008240050,a7865ea1b59589c9202dd59711f57658ea02bfa6ca75bab373e4687ed3d91cf5,candidate_only_direction_and_platform_allocation_unresolved
derived_native_boarding_candidate,1990668445,"[""CR_HB_LABEL:sanpada"",""CR_THB_CODE:SNPD""]","{""CR_HB_LABEL:sanpada"":[{""basis"":""direct_geometry_candidate"",""feature"":""node/1990668445"",""identity_match_evidence"":[{""field"":""name"",""method"":""case_space_punctuation_equivalence"",""value"":""Sanpada""}]},{""basis"":""explicit_stop_area_member"",""member_order"":1,""relation"":""11511623"",""role"":"""",""stop_role"":false,""stop_tag"":true}],""CR_THB_CODE:SNPD"":[{""basis"":""direct_geometry_candidate"",""feature"":""node/1990668445"",""identity_match_evidence"":[{""field"":""name"",""method"":""name_from_code_matched_station"",""station_evidence"":[{""name"":""Sanpada"",""name_field"":""name"",""osm_feature"":""way/151769149""}],""value"":""Sanpada""},{""code_reference"":{""input_path"":""data/processed/observed/osm_transport_relations.csv"",""source_pbf_sha256"":""c335a72cadfebc3ffde5cfff20fc9711f3112bc11000d43fde4daea10c36b53e"",""station_evidence"":[{""station_feature_id"":""way/151769149"",""station_source_tags"":{""addr:city"":""Navi Mumbai"",""addr:postcode"":""400706"",""addr:street"":""Sanpada Station Road"",""building"":""retail"",""internet_access"":""yes"",""layer"":""1"",""name"":""Sanpada"",""name:hi"":""सानपाडा"",""network"":""Mumbai Suburban Railway Network"",""operator"":""Central Railways"",""platforms"":""4"",""public_transport"":""station"",""railway"":""station"",""ref"":""SNCR"",""train"":""yes"",""wheelchair"":""limited"",""wikidata"":""Q7418902"",""wikipedia"":""en:Sanpada railway station""},""stop_area_relation_id"":""11511623""}]},""derivation"":""scoped_bidirectional_mapped_route_neighbour_identity"",""input_path"":""data/processed/transit/cr_harbour_identity_proposals.csv"",""method"":""scoped_identity_proposal"",""proposed_station_code"":""SNCR"",""station_key"":""CR_THB_CODE:SNPD""}]},{""basis"":""explicit_stop_area_member"",""member_order"":1,""relation"":""11511623"",""role"":"""",""stop_role"":false,""stop_tag"":true}]}",19.0661645,73.0095134,"{""name"":""Sanpada"",""public_transport"":""stop_position"",""railway"":""stop"",""ref"":""1"",""train"":""yes""}",present,"[""621732555""]",10008240050,a7865ea1b59589c9202dd59711f57658ea02bfa6ca75bab373e4687ed3d91cf5,candidate_only_direction_and_platform_allocation_unresolved
derived_native_boarding_candidate,1990672673,"[""CR_HB_LABEL:sanpada"",""CR_THB_CODE:SNPD""]","{""CR_HB_LABEL:sanpada"":[{""basis"":""direct_geometry_candidate"",""feature"":""node/1990672673"",""identity_match_evidence"":[{""field"":""name"",""method"":""case_space_punctuation_equivalence"",""value"":""Sanpada""}]},{""basis"":""explicit_stop_area_member"",""member_order"":2,""relation"":""11511623"",""role"":"""",""stop_role"":false,""stop_tag"":true}],""CR_THB_CODE:SNPD"":[{""basis"":""direct_geometry_candidate"",""feature"":""node/1990672673"",""identity_match_evidence"":[{""field"":""name"",""method"":""name_from_code_matched_station"",""station_evidence"":[{""name"":""Sanpada"",""name_field"":""name"",""osm_feature"":""way/151769149""}],""value"":""Sanpada""},{""code_reference"":{""input_path"":""data/processed/observed/osm_transport_relations.csv"",""source_pbf_sha256"":""c335a72cadfebc3ffde5cfff20fc9711f3112bc11000d43fde4daea10c36b53e"",""station_evidence"":[{""station_feature_id"":""way/151769149"",""station_source_tags"":{""addr:city"":""Navi Mumbai"",""addr:postcode"":""400706"",""addr:street"":""Sanpada Station Road"",""building"":""retail"",""internet_access"":""yes"",""layer"":""1"",""name"":""Sanpada"",""name:hi"":""सानपाडा"",""network"":""Mumbai Suburban Railway Network"",""operator"":""Central Railways"",""platforms"":""4"",""public_transport"":""station"",""railway"":""station"",""ref"":""SNCR"",""train"":""yes"",""wheelchair"":""limited"",""wikidata"":""Q7418902"",""wikipedia"":""en:Sanpada railway station""},""stop_area_relation_id"":""11511623""}]},""derivation"":""scoped_bidirectional_mapped_route_neighbour_identity"",""input_path"":""data/processed/transit/cr_harbour_identity_proposals.csv"",""method"":""scoped_identity_proposal"",""proposed_station_code"":""SNCR"",""station_key"":""CR_THB_CODE:SNPD""}]},{""basis"":""explicit_stop_area_member"",""member_order"":2,""relation"":""11511623"",""role"":"""",""stop_role"":false,""stop_tag"":true}]}",19.0660367,73.0095389,"{""name"":""Sanpada"",""name:hi"":""सानपाडा"",""public_transport"":""stop_position"",""railway"":""stop"",""ref"":""2"",""train"":""yes""}",present,"[""621732542""]",10008240050,a7865ea1b59589c9202dd59711f57658ea02bfa6ca75bab373e4687ed3d91cf5,candidate_only_direction_and_platform_allocation_unresolved
derived_native_boarding_candidate,2166817451,"[""CR_HB_LABEL:mumbai csmt""]","{""CR_HB_LABEL:mumbai csmt"":[{""basis"":""explicit_stop_area_member"",""member_order"":11,""relation"":""18043332"",""role"":""stop"",""stop_role"":true,""stop_tag"":true}]}",18.9406445,72.8355003,"{""level"":""0"",""loc_name"":""Mumbai Chhatrapati Shivaji Terminus (Suburban)"",""loc_name:en"":""Mumbai Chhatrapati Shivaji Terminus (Suburban)"",""loc_name:mr"":""मुंबई छत्रपती शिवाजी टर्मिनस (उपनगरी)"",""name"":""Mumbai CSMT (Suburban)"",""name:en"":""Mumbai CSMT (Suburban)"",""name:mr"":""मुंबई सीएसएमटी (उपनगरी)"",""official_name"":""Mumbai Chhatrapati Shivaji Maharaj Terminus (Suburban)"",""official_name:en"":""Mumbai Chhatrapati Shivaji Maharaj Terminus (Suburban)"",""official_name:mr"":""मुंबई छत्रपती शिवाजी महाराज टर्मिनस (उपनगरी)"",""old_name"":""Victoria Terminus (Suburban)"",""old_name:en"":""Victoria Terminus (Suburban)"",""old_name:mr"":""व्हिक्टोरिया टर्मिनस (उपनगरी)"",""public_transport"":""stop_position"",""railway"":""stop"",""ref"":""5"",""short_name"":""CSMT;CST;VT"",""short_name:en"":""CSMT;CST;VT"",""short_name:hi"":""सीएसएमटी;सीएसटी;व्हीटी"",""short_name:mr"":""सीएसएमटी;सीएसटी;व्हीटी"",""source"":""Esri World imagery (2024-09-14)"",""tactile_paving"":""yes"",""train"":""yes""}",present,"[""1314987915"",""1315478119""]",10008240050,a7865ea1b59589c9202dd59711f57658ea02bfa6ca75bab373e4687ed3d91cf5,candidate_only_direction_and_platform_allocation_unresolved
derived_native_boarding_candidate,2166817452,"[""CR_HB_LABEL:mumbai csmt""]","{""CR_HB_LABEL:mumbai csmt"":[{""basis"":""explicit_stop_area_member"",""member_order"":14,""relation"":""18043332"",""role"":""stop"",""stop_role"":true,""stop_tag"":true}]}",18.9406128,72.8351737,"{""level"":""0"",""loc_name"":""Mumbai Chhatrapati Shivaji Terminus (Suburban)"",""loc_name:en"":""Mumbai Chhatrapati Shivaji Terminus (Suburban)"",""loc_name:mr"":""मुंबई छत्रपती शिवाजी टर्मिनस (उपनगरी)"",""name"":""Mumbai CSMT (Suburban)"",""name:en"":""Mumbai CSMT (Suburban)"",""name:mr"":""मुंबई सीएसएमटी (उपनगरी)"",""official_name"":""Mumbai Chhatrapati Shivaji Maharaj Terminus (Suburban)"",""official_name:en"":""Mumbai Chhatrapati Shivaji Maharaj Terminus (Suburban)"",""official_name:mr"":""मुंबई छत्रपती शिवाजी महाराज टर्मिनस (उपनगरी)"",""old_name"":""Victoria Terminus (Suburban)"",""old_name:en"":""Victoria Terminus (Suburban)"",""old_name:mr"":""व्हिक्टोरिया टर्मिनस (उपनगरी)"",""public_transport"":""stop_position"",""railway"":""stop"",""ref"":""2"",""short_name"":""CSMT;CST;VT"",""short_name:en"":""CSMT;CST;VT"",""short_name:hi"":""सीएसएमटी;सीएसटी;व्हीटी"",""short_name:mr"":""सीएसएमटी;सीएसटी;व्हीटी"",""source"":""Esri World imagery (2024-09-14)"",""tactile_paving"":""yes"",""train"":""yes""}",present,"[""1315478122"",""1315478125""]",10008240050,a7865ea1b59589c9202dd59711f57658ea02bfa6ca75bab373e4687ed3d91cf5,candidate_only_direction_and_platform_allocation_unresolved
derived_native_boarding_candidate,2166817453,"[""CR_HB_LABEL:mumbai csmt""]","{""CR_HB_LABEL:mumbai csmt"":[{""basis"":""explicit_stop_area_member"",""member_order"":12,""relation"":""18043332"",""role"":""stop"",""stop_role"":true,""stop_tag"":true}]}",18.9406523,72.8355803,"{""level"":""0"",""loc_name"":""Mumbai Chhatrapati Shivaji Terminus (Suburban)"",""loc_name:en"":""Mumbai Chhatrapati Shivaji Terminus (Suburban)"",""loc_name:mr"":""मुंबई छत्रपती शिवाजी टर्मिनस (उपनगरी)"",""name"":""Mumbai CSMT (Suburban)"",""name:en"":""Mumbai CSMT (Suburban)"",""name:mr"":""मुंबई सीएसएमटी (उपनगरी)"",""official_name"":""Mumbai Chhatrapati Shivaji Maharaj Terminus (Suburban)"",""official_name:en"":""Mumbai Chhatrapati Shivaji Maharaj Terminus (Suburban)"",""official_name:mr"":""मुंबई छत्रपती शिवाजी महाराज टर्मिनस (उपनगरी)"",""old_name"":""Victoria Terminus (Suburban)"",""old_name:en"":""Victoria Terminus (Suburban)"",""old_name:mr"":""व्हिक्टोरिया टर्मिनस (उपनगरी)"",""public_transport"":""stop_position"",""railway"":""stop"",""ref"":""6"",""short_name"":""CSMT;CST;VT"",""short_name:en"":""CSMT;CST;VT"",""short_name:hi"":""सीएसएमटी;सीएसटी;व्हीटी"",""short_name:mr"":""सीएसएमटी;सीएसटी;व्हीटी"",""source"":""Esri World imagery (2024-09-14)"",""tactile_paving"":""yes"",""train"":""yes""}",present,"[""1314987916"",""1315478118""]",10008240050,a7865ea1b59589c9202dd59711f57658ea02bfa6ca75bab373e4687ed3d91cf5,candidate_only_direction_and_platform_allocation_unresolved
derived_native_boarding_candidate,2175658375,"[""CR_HB_LABEL:mumbai csmt""]","{""CR_HB_LABEL:mumbai csmt"":[{""basis"":""direct_geometry_candidate"",""feature"":""node/2175658375"",""identity_match_evidence"":[{""field"":""name"",""method"":""case_space_punctuation_equivalence"",""value"":""Mumbai CSMT""},{""field"":""name:en"",""method"":""case_space_punctuation_equivalence"",""value"":""Mumbai CSMT""}]},{""basis"":""explicit_stop_area_member"",""member_order"":6,""relation"":""11491218"",""role"":""stop"",""stop_role"":true,""stop_tag"":true}]}",18.9408662,72.8364907,"{""loc_name"":""Mumbai Chhatrapati Shivaji Terminus"",""loc_name:en"":""Mumbai Chhatrapati Shivaji Terminus"",""loc_name:hi"":""मुंबई छत्रपती शिवाजी टर्मिनस"",""loc_name:mr"":""मुंबई छत्रपती शिवाजी टर्मिनस"",""name"":""Mumbai CSMT"",""name:en"":""Mumbai CSMT"",""name:hi"":""मुंबई सीएसएमटी"",""name:mr"":""मुंबई सीएसएमटी"",""official_name"":""Mumbai Chhatrapati Shivaji Maharaj Terminus"",""official_name:en"":""Mumbai Chhatrapati Shivaji Maharaj Terminus"",""official_name:hi"":""मुंबई छत्रपती शिवाजी महाराज टर्मिनस"",""official_name:mr"":""मुंबई छत्रपती शिवाजी महाराज टर्मिनस"",""old_name"":""Victoria Terminus"",""old_name:en"":""Victoria Terminus"",""old_name:hi"":""व्हिक्टोरिया टर्मिनस"",""old_name:mr"":""व्हिक्टोरिया टर्मिनस"",""public_transport"":""stop_position"",""railway"":""stop"",""ref"":""13"",""short_name"":""CSMT;CST;VT"",""short_name:en"":""CSMT;CST;VT"",""short_name:hi"":""सीएसएमटी;सीएसटी;व्हीटी"",""short_name:mr"":""सीएसएमटी;सीएसटी;व्हीटी"",""train"":""yes""}",present,"[""207358996""]",10008240050,a7865ea1b59589c9202dd59711f57658ea02bfa6ca75bab373e4687ed3d91cf5,candidate_only_direction_and_platform_allocation_unresolved
derived_native_boarding_candidate,2175658376,"[""CR_HB_LABEL:mumbai csmt""]","{""CR_HB_LABEL:mumbai csmt"":[{""basis"":""direct_geometry_candidate"",""feature"":""node/2175658376"",""identity_match_evidence"":[{""field"":""name"",""method"":""case_space_punctuation_equivalence"",""value"":""Mumbai CSMT""},{""field"":""name:en"",""method"":""case_space_punctuation_equivalence"",""value"":""Mumbai CSMT""}]},{""basis"":""explicit_stop_area_member"",""member_order"":5,""relation"":""11491218"",""role"":""stop"",""stop_role"":true,""stop_tag"":true}]}",18.9408787,72.8363407,"{""loc_name"":""Mumbai Chhatrapati Shivaji Terminus"",""loc_name:en"":""Mumbai Chhatrapati Shivaji Terminus"",""loc_name:hi"":""मुंबई छत्रपती शिवाजी टर्मिनस"",""loc_name:mr"":""मुंबई छत्रपती शिवाजी टर्मिनस"",""name"":""Mumbai CSMT"",""name:en"":""Mumbai CSMT"",""name:hi"":""मुंबई सीएसएमटी"",""name:mr"":""मुंबई सीएसएमटी"",""official_name"":""Mumbai Chhatrapati Shivaji Maharaj Terminus"",""official_name:en"":""Mumbai Chhatrapati Shivaji Maharaj Terminus"",""official_name:hi"":""मुंबई छत्रपती शिवाजी महाराज टर्मिनस"",""official_name:mr"":""मुंबई छत्रपती शिवाजी महाराज टर्मिनस"",""old_name"":""Victoria Terminus"",""old_name:en"":""Victoria Terminus"",""old_name:hi"":""व्हिक्टोरिया टर्मिनस"",""old_name:mr"":""व्हिक्टोरिया टर्मिनस"",""public_transport"":""stop_position"",""railway"":""stop"",""ref"":""12"",""short_name"":""CSMT;CST;VT"",""short_name:en"":""CSMT;CST;VT"",""short_name:hi"":""सीएसएमटी;सीएसटी;व्हीटी"",""short_name:mr"":""सीएसएमटी;सीएसटी;व्हीटी"",""train"":""yes""}",present,"[""207358995""]",10008240050,a7865ea1b59589c9202dd59711f57658ea02bfa6ca75bab373e4687ed3d91cf5,candidate_only_direction_and_platform_allocation_unresolved
derived_native_boarding_candidate,2175658385,"[""CR_HB_LABEL:mumbai csmt""]","{""CR_HB_LABEL:mumbai csmt"":[{""basis"":""direct_geometry_candidate"",""feature"":""node/2175658385"",""identity_match_evidence"":[{""field"":""name"",""method"":""case_space_punctuation_equivalence"",""value"":""Mumbai CSMT""},{""field"":""name:en"",""method"":""case_space_punctuation_equivalence"",""value"":""Mumbai CSMT""}]},{""basis"":""explicit_stop_area_member"",""member_order"":7,""relation"":""11491218"",""role"":""stop"",""stop_role"":true,""stop_tag"":true}]}",18.9417671,72.8366107,"{""loc_name"":""Mumbai Chhatrapati Shivaji Terminus"",""loc_name:en"":""Mumbai Chhatrapati Shivaji Terminus"",""loc_name:hi"":""मुंबई छत्रपती शिवाजी टर्मिनस"",""loc_name:mr"":""मुंबई छत्रपती शिवाजी टर्मिनस"",""name"":""Mumbai CSMT"",""name:en"":""Mumbai CSMT"",""name:hi"":""मुंबई सीएसएमटी"",""name:mr"":""मुंबई सीएसएमटी"",""official_name"":""Mumbai Chhatrapati Shivaji Maharaj Terminus"",""official_name:en"":""Mumbai Chhatrapati Shivaji Maharaj Terminus"",""official_name:hi"":""मुंबई छत्रपती शिवाजी महाराज टर्मिनस"",""official_name:mr"":""मुंबई छत्रपती शिवाजी महाराज टर्मिनस"",""old_name"":""Victoria Terminus"",""old_name:en"":""Victoria Terminus"",""old_name:hi"":""व्हिक्टोरिया टर्मिनस"",""old_name:mr"":""व्हिक्टोरिया टर्मिनस"",""public_transport"":""stop_position"",""railway"":""stop"",""ref"":""CSTM:14"",""short_name"":""CSMT;CST;VT"",""short_name:en"":""CSMT;CST;VT"",""short_name:hi"":""सीएसएमटी;सीएसटी;व्हीटी"",""short_name:mr"":""सीएसएमटी;सीएसटी;व्हीटी"",""train"":""yes""}",present,"[""398298058""]",10008240050,a7865ea1b59589c9202dd59711f57658ea02bfa6ca75bab373e4687ed3d91cf5,candidate_only_direction_and_platform_allocation_unresolved
derived_native_boarding_candidate,2176850501,"[""CR_HB_LABEL:masjid""]","{""CR_HB_LABEL:masjid"":[{""basis"":""direct_geometry_candidate"",""feature"":""node/2176850501"",""identity_match_evidence"":[{""field"":""name"",""method"":""case_space_punctuation_equivalence"",""value"":""Masjid""},{""field"":""name:en"",""method"":""case_space_punctuation_equivalence"",""value"":""Masjid""}]},{""basis"":""explicit_stop_area_member"",""member_order"":3,""relation"":""11507960"",""role"":""stop"",""stop_role"":true,""stop_tag"":true}]}",18.9518303,72.8381797,"{""alt_name"":""Masjid Bunder"",""alt_name:en"":""Masjid Bunder"",""alt_name:hi"":""मस्जिद बंदर;मशीद बंदर"",""alt_name:mr"":""मस्जिद बंदर"",""name"":""Masjid"",""name:en"":""Masjid"",""name:hi"":""मस्जिद"",""name:mr"":""मस्जिद"",""official_name:hi"":""मशीद"",""public_transport"":""stop_position"",""railway"":""stop"",""ref"":""2"",""train"":""yes""}",present,"[""89184241""]",10008240050,a7865ea1b59589c9202dd59711f57658ea02bfa6ca75bab373e4687ed3d91cf5,candidate_only_direction_and_platform_allocation_unresolved
derived_native_boarding_candidate,2178163625,"[""CR_HB_LABEL:sandhurst road""]","{""CR_HB_LABEL:sandhurst road"":[{""basis"":""direct_geometry_candidate"",""feature"":""node/2178163625"",""identity_match_evidence"":[{""field"":""name"",""method"":""case_space_punctuation_equivalence"",""value"":""Sandhurst Road""},{""field"":""name:en"",""method"":""case_space_punctuation_equivalence"",""value"":""Sandhurst Road""}]},{""basis"":""explicit_stop_area_member"",""member_order"":5,""relation"":""11491280"",""role"":""stop"",""stop_role"":true,""stop_tag"":true}]}",18.9608485,72.8395868,"{""name"":""Sandhurst Road"",""name:en"":""Sandhurst Road"",""name:hi"":""सैंडहर्स्ट रोड"",""name:ml"":""സാൻഡ്ഹർസ്റ്റ് റോഡ്"",""name:mr"":""सँडहर्स्ट रोड"",""public_transport"":""stop_position"",""railway"":""stop"",""ref"":""4"",""train"":""yes""}",present,"[""1289154826""]",10008240050,a7865ea1b59589c9202dd59711f57658ea02bfa6ca75bab373e4687ed3d91cf5,candidate_only_direction_and_platform_allocation_unresolved
derived_native_boarding_candidate,2178163626,"[""CR_HB_LABEL:sandhurst road""]","{""CR_HB_LABEL:sandhurst road"":[{""basis"":""direct_geometry_candidate"",""feature"":""node/2178163626"",""identity_match_evidence"":[{""field"":""name"",""method"":""case_space_punctuation_equivalence"",""value"":""Sandhurst Road""},{""field"":""name:en"",""method"":""case_space_punctuation_equivalence"",""value"":""Sandhurst Road""}]},{""basis"":""explicit_stop_area_member"",""member_order"":4,""relation"":""11491280"",""role"":""stop"",""stop_role"":true,""stop_tag"":true}]}",18.9608688,72.8395412,"{""name"":""Sandhurst Road"",""name:en"":""Sandhurst Road"",""name:hi"":""सैंडहर्स्ट रोड"",""name:ml"":""സാൻഡ്ഹർസ്റ്റ് റോഡ്"",""name:mr"":""सँडहर्स्ट रोड"",""public_transport"":""stop_position"",""railway"":""stop"",""ref"":""3"",""train"":""yes""}",present,"[""1289154825""]",10008240050,a7865ea1b59589c9202dd59711f57658ea02bfa6ca75bab373e4687ed3d91cf5,candidate_only_direction_and_platform_allocation_unresolved
derived_native_boarding_candidate,2444154308,"[""CR_HB_LABEL:king's circle""]","{""CR_HB_LABEL:king's circle"":[{""basis"":""direct_geometry_candidate"",""feature"":""node/2444154308"",""identity_match_evidence"":[{""field"":""name"",""method"":""case_space_punctuation_equivalence"",""value"":""King's Circle""}]},{""basis"":""explicit_stop_area_member"",""member_order"":2,""relation"":""11507865"",""role"":"""",""stop_role"":false,""stop_tag"":true}]}",19.0320365,72.857439,"{""name"":""King's Circle"",""name:mr"":""किंग्ज सर्कल"",""public_transport"":""stop_position"",""railway"":""stop"",""ref"":""1"",""train"":""yes""}",present,"[""49037276""]",10008240050,a7865ea1b59589c9202dd59711f57658ea02bfa6ca75bab373e4687ed3d91cf5,candidate_only_direction_and_platform_allocation_unresolved
derived_native_boarding_candidate,2444154310,"[""CR_HB_LABEL:king's circle""]","{""CR_HB_LABEL:king's circle"":[{""basis"":""direct_geometry_candidate"",""feature"":""node/2444154310"",""identity_match_evidence"":[{""field"":""name"",""method"":""case_space_punctuation_equivalence"",""value"":""King's Circle""}]},{""basis"":""explicit_stop_area_member"",""member_order"":3,""relation"":""11507865"",""role"":"""",""stop_role"":false,""stop_tag"":true}]}",19.0320891,72.857459,"{""name"":""King's Circle"",""name:mr"":""किंग्ज सर्कल"",""public_transport"":""stop_position"",""railway"":""stop"",""ref"":""2"",""train"":""yes""}",present,"[""49037277""]",10008240050,a7865ea1b59589c9202dd59711f57658ea02bfa6ca75bab373e4687ed3d91cf5,candidate_only_direction_and_platform_allocation_unresolved
derived_native_boarding_candidate,3186571161,"[""CR_EXTERNAL_CODE:BVI""]","{""CR_EXTERNAL_CODE:BVI"":[{""basis"":""direct_geometry_candidate"",""feature"":""node/3186571161"",""identity_match_evidence"":[{""field"":""name"",""method"":""name_from_code_matched_station"",""station_evidence"":[{""name"":""Borivali"",""name_field"":""name"",""osm_feature"":""node/3347009325""}],""value"":""Borivali""}]},{""basis"":""explicit_stop_area_member"",""member_order"":2,""relation"":""11510739"",""role"":"""",""stop_role"":false,""stop_tag"":true}]}",19.2282756,72.856509,"{""name"":""Borivali"",""public_transport"":""stop_position"",""train"":""yes""}",present,"[""376043039""]",10008240050,a7865ea1b59589c9202dd59711f57658ea02bfa6ca75bab373e4687ed3d91cf5,candidate_only_direction_and_platform_allocation_unresolved
derived_native_boarding_candidate,3345986848,"[""CR_EXTERNAL_CODE:BVI""]","{""CR_EXTERNAL_CODE:BVI"":[{""basis"":""direct_geometry_candidate"",""feature"":""node/3345986848"",""identity_match_evidence"":[{""field"":""name"",""method"":""name_from_code_matched_station"",""station_evidence"":[{""name"":""Borivali"",""name_field"":""name"",""osm_feature"":""node/3347009325""}],""value"":""Borivali""}]},{""basis"":""explicit_stop_area_member"",""member_order"":4,""relation"":""11510739"",""role"":"""",""stop_role"":false,""stop_tag"":true}]}",19.2282432,72.8566618,"{""name"":""Borivali"",""public_transport"":""stop_position"",""train"":""yes""}",present,"[""376043040""]",10008240050,a7865ea1b59589c9202dd59711f57658ea02bfa6ca75bab373e4687ed3d91cf5,candidate_only_direction_and_platform_allocation_unresolved
derived_native_boarding_candidate,3345986857,"[""CR_EXTERNAL_CODE:BVI""]","{""CR_EXTERNAL_CODE:BVI"":[{""basis"":""direct_geometry_candidate"",""feature"":""node/3345986857"",""identity_match_evidence"":[{""field"":""name"",""method"":""name_from_code_matched_station"",""station_evidence"":[{""name"":""Borivali"",""name_field"":""name"",""osm_feature"":""node/3347009325""}],""value"":""Borivali""}]},{""basis"":""explicit_stop_area_member"",""member_order"":3,""relation"":""11510739"",""role"":"""",""stop_role"":false,""stop_tag"":true}]}",19.2282645,72.8565539,"{""name"":""Borivali"",""public_transport"":""stop_position"",""train"":""yes""}",present,"[""327887405""]",10008240050,a7865ea1b59589c9202dd59711f57658ea02bfa6ca75bab373e4687ed3d91cf5,candidate_only_direction_and_platform_allocation_unresolved
derived_native_boarding_candidate,3345986875,"[""CR_EXTERNAL_CODE:BVI""]","{""CR_EXTERNAL_CODE:BVI"":[{""basis"":""direct_geometry_candidate"",""feature"":""node/3345986875"",""identity_match_evidence"":[{""field"":""name"",""method"":""name_from_code_matched_station"",""station_evidence"":[{""name"":""Borivali"",""name_field"":""name"",""osm_feature"":""node/3347009325""}],""value"":""Borivali""}]},{""basis"":""explicit_stop_area_member"",""member_order"":5,""relation"":""11510739"",""role"":"""",""stop_role"":false,""stop_tag"":true}]}",19.2282385,72.8567161,"{""name"":""Borivali"",""public_transport"":""stop_position"",""railway"":""stop"",""ref"":""6"",""train"":""yes""}",present,"[""376179390""]",10008240050,a7865ea1b59589c9202dd59711f57658ea02bfa6ca75bab373e4687ed3d91cf5,candidate_only_direction_and_platform_allocation_unresolved
derived_native_boarding_candidate,3347009347,"[""CR_EXTERNAL_CODE:BVI""]","{""CR_EXTERNAL_CODE:BVI"":[{""basis"":""direct_geometry_candidate"",""feature"":""node/3347009347"",""identity_match_evidence"":[{""field"":""name"",""method"":""name_from_code_matched_station"",""station_evidence"":[{""name"":""Borivali"",""name_field"":""name"",""osm_feature"":""node/3347009325""}],""value"":""Borivali""}]},{""basis"":""explicit_stop_area_member"",""member_order"":6,""relation"":""11510739"",""role"":"""",""stop_role"":false,""stop_tag"":true}]}",19.2282115,72.856871,"{""name"":""Borivali"",""public_transport"":""stop_position"",""railway"":""stop"",""ref"":""7"",""train"":""yes""}",present,"[""376043042""]",10008240050,a7865ea1b59589c9202dd59711f57658ea02bfa6ca75bab373e4687ed3d91cf5,candidate_only_direction_and_platform_allocation_unresolved
derived_native_boarding_candidate,3347009361,"[""CR_EXTERNAL_CODE:BVI""]","{""CR_EXTERNAL_CODE:BVI"":[{""basis"":""direct_geometry_candidate"",""feature"":""node/3347009361"",""identity_match_evidence"":[{""field"":""name"",""method"":""name_from_code_matched_station"",""station_evidence"":[{""name"":""Borivali"",""name_field"":""name"",""osm_feature"":""node/3347009325""}],""value"":""Borivali""}]},{""basis"":""explicit_stop_area_member"",""member_order"":8,""relation"":""11510739"",""role"":"""",""stop_role"":false,""stop_tag"":true}]}",19.2281826,72.8570414,"{""name"":""Borivali"",""public_transport"":""stop_position"",""train"":""yes""}",present,"[""327886456""]",10008240050,a7865ea1b59589c9202dd59711f57658ea02bfa6ca75bab373e4687ed3d91cf5,candidate_only_direction_and_platform_allocation_unresolved
derived_native_boarding_candidate,3347771408,"[""CR_HB_LABEL:vileparle""]","{""CR_HB_LABEL:vileparle"":[{""basis"":""direct_geometry_candidate"",""feature"":""node/3347771408"",""identity_match_evidence"":[{""field"":""name"",""method"":""case_space_punctuation_equivalence"",""value"":""Vile Parle""},{""field"":""name:en"",""method"":""case_space_punctuation_equivalence"",""value"":""Vile Parle""}]},{""basis"":""explicit_stop_area_member"",""member_order"":3,""relation"":""11507831"",""role"":""stop"",""stop_role"":true,""stop_tag"":true}]}",19.1000071,72.8438937,"{""name"":""Vile Parle"",""name:en"":""Vile Parle"",""name:mr"":""विले पार्ले"",""public_transport"":""stop_position"",""railway"":""stop"",""ref"":""2"",""train"":""yes""}",present,"[""196489676""]",10008240050,a7865ea1b59589c9202dd59711f57658ea02bfa6ca75bab373e4687ed3d91cf5,candidate_only_direction_and_platform_allocation_unresolved
derived_native_boarding_candidate,3501418269,"[""CR_HB_LABEL:masjid""]","{""CR_HB_LABEL:masjid"":[{""basis"":""direct_geometry_candidate"",""feature"":""node/3501418269"",""identity_match_evidence"":[{""field"":""name"",""method"":""case_space_punctuation_equivalence"",""value"":""Masjid""},{""field"":""name:en"",""method"":""case_space_punctuation_equivalence"",""value"":""Masjid""}]},{""basis"":""explicit_stop_area_member"",""member_order"":5,""relation"":""11507960"",""role"":""stop"",""stop_role"":true,""stop_tag"":true}]}",18.9518333,72.838314,"{""alt_name"":""Masjid Bunder"",""alt_name:en"":""Masjid Bunder"",""alt_name:hi"":""मस्जिद बंदर;मशीद बंदर"",""alt_name:mr"":""मस्जिद बंदर"",""name"":""Masjid"",""name:en"":""Masjid"",""name:hi"":""मस्जिद"",""name:mr"":""मस्जिद"",""official_name:hi"":""मशीद"",""public_transport"":""stop_position"",""railway"":""stop"",""ref"":""4"",""train"":""yes""}",present,"[""236364887""]",10008240050,a7865ea1b59589c9202dd59711f57658ea02bfa6ca75bab373e4687ed3d91cf5,candidate_only_direction_and_platform_allocation_unresolved
derived_native_boarding_candidate,3501419203,"[""CR_HB_LABEL:sandhurst road""]","{""CR_HB_LABEL:sandhurst road"":[{""basis"":""direct_geometry_candidate"",""feature"":""node/3501419203"",""identity_match_evidence"":[{""field"":""name"",""method"":""case_space_punctuation_equivalence"",""value"":""Sandhurst Road""},{""field"":""name:en"",""method"":""case_space_punctuation_equivalence"",""value"":""Sandhurst Road""}]},{""basis"":""explicit_stop_area_member"",""member_order"":3,""relation"":""11491280"",""role"":""stop"",""stop_role"":true,""stop_tag"":true}]}",18.9618507,72.8394605,"{""name"":""Sandhurst Road"",""name:en"":""Sandhurst Road"",""name:hi"":""सैंडहर्स्ट रोड"",""name:ml"":""സാൻഡ്ഹർസ്റ്റ് റോഡ്"",""name:mr"":""सँडहर्स्ट रोड"",""public_transport"":""stop_position"",""railway"":""stop"",""ref"":""2"",""train"":""yes""}",present,"[""236364887""]",10008240050,a7865ea1b59589c9202dd59711f57658ea02bfa6ca75bab373e4687ed3d91cf5,candidate_only_direction_and_platform_allocation_unresolved
derived_native_boarding_candidate,3878560519,"[""CR_HB_LABEL:govandi""]","{""CR_HB_LABEL:govandi"":[{""basis"":""direct_geometry_candidate"",""feature"":""node/3878560519"",""identity_match_evidence"":[{""field"":""name"",""method"":""case_space_punctuation_equivalence"",""value"":""Govandi""}]},{""basis"":""explicit_stop_area_member"",""member_order"":5,""relation"":""11511613"",""role"":""stop"",""stop_role"":true,""stop_tag"":true}]}",19.0548469,72.9157646,"{""name"":""Govandi"",""public_transport"":""stop_position"",""ref"":""2"",""train"":""yes""}",present,"[""384538410""]",10008240050,a7865ea1b59589c9202dd59711f57658ea02bfa6ca75bab373e4687ed3d91cf5,candidate_only_direction_and_platform_allocation_unresolved
derived_native_boarding_candidate,4264980597,"[""CR_HB_LABEL:cotton green""]","{""CR_HB_LABEL:cotton green"":[{""basis"":""direct_geometry_candidate"",""feature"":""node/4264980597"",""identity_match_evidence"":[{""field"":""name"",""method"":""case_space_punctuation_equivalence"",""value"":""Cotton Green""}]},{""basis"":""explicit_stop_area_member"",""member_order"":4,""relation"":""11507916"",""role"":""stop"",""stop_role"":true,""stop_tag"":true}]}",18.986503,72.8432532,"{""name"":""Cotton Green"",""public_transport"":""stop_position"",""railway"":""stop"",""ref"":""2"",""train"":""yes""}",present,"[""1289154812""]",10008240050,a7865ea1b59589c9202dd59711f57658ea02bfa6ca75bab373e4687ed3d91cf5,candidate_only_direction_and_platform_allocation_unresolved
derived_native_boarding_candidate,4345706690,"[""CR_HB_LABEL:khar road""]","{""CR_HB_LABEL:khar road"":[{""basis"":""direct_geometry_candidate"",""feature"":""node/4345706690"",""identity_match_evidence"":[{""field"":""name"",""method"":""case_space_punctuation_equivalence"",""value"":""Khar Road""},{""field"":""name:en"",""method"":""case_space_punctuation_equivalence"",""value"":""Khar Road""}]},{""basis"":""explicit_stop_area_member"",""member_order"":7,""relation"":""11507840"",""role"":""stop"",""stop_role"":true,""stop_tag"":true}]}",19.0690106,72.8403841,"{""name"":""Khar Road"",""name:en"":""Khar Road"",""name:hi"":""खार रोड"",""name:mr"":""खार रोड"",""public_transport"":""stop_position"",""railway"":""stop"",""ref"":""6"",""train"":""yes""}",present,"[""125288005""]",10008240050,a7865ea1b59589c9202dd59711f57658ea02bfa6ca75bab373e4687ed3d91cf5,candidate_only_direction_and_platform_allocation_unresolved
derived_native_boarding_candidate,4345706693,"[""CR_HB_LABEL:khar road""]","{""CR_HB_LABEL:khar road"":[{""basis"":""direct_geometry_candidate"",""feature"":""node/4345706693"",""identity_match_evidence"":[{""field"":""name"",""method"":""case_space_punctuation_equivalence"",""value"":""Khar Road""},{""field"":""name:en"",""method"":""case_space_punctuation_equivalence"",""value"":""Khar Road""}]},{""basis"":""explicit_stop_area_member"",""member_order"":2,""relation"":""11507840"",""role"":""stop"",""stop_role"":true,""stop_tag"":true}]}",19.0690942,72.8398818,"{""name"":""Khar Road"",""name:en"":""Khar Road"",""name:hi"":""खार रोड"",""name:mr"":""खार रोड"",""public_transport"":""stop_position"",""railway"":""stop"",""ref"":""1"",""train"":""yes""}",present,"[""125287943""]",10008240050,a7865ea1b59589c9202dd59711f57658ea02bfa6ca75bab373e4687ed3d91cf5,candidate_only_direction_and_platform_allocation_unresolved
derived_native_boarding_candidate,4819972201,"[""CR_HB_LABEL:vashi"",""CR_THB_CODE:VSH""]","{""CR_HB_LABEL:vashi"":[{""basis"":""direct_geometry_candidate"",""feature"":""node/4819972201"",""identity_match_evidence"":[{""field"":""name"",""method"":""case_space_punctuation_equivalence"",""value"":""Vashi""}]},{""basis"":""explicit_stop_area_member"",""member_order"":4,""relation"":""11511621"",""role"":"""",""stop_role"":false,""stop_tag"":true}],""CR_THB_CODE:VSH"":[{""basis"":""direct_geometry_candidate"",""feature"":""node/4819972201"",""identity_match_evidence"":[{""field"":""name"",""method"":""name_from_code_matched_station"",""station_evidence"":[{""name"":""Vashi"",""name_field"":""name"",""osm_feature"":""way/151768155""}],""value"":""Vashi""}]},{""basis"":""explicit_stop_area_member"",""member_order"":4,""relation"":""11511621"",""role"":"""",""stop_role"":false,""stop_tag"":true}]}",19.0630888,72.9990233,"{""name"":""Vashi"",""name:hi"":""वाशी"",""public_transport"":""stop_position"",""railway"":""stop"",""ref"":""4"",""train"":""yes""}",present,"[""643710691""]",10008240050,a7865ea1b59589c9202dd59711f57658ea02bfa6ca75bab373e4687ed3d91cf5,candidate_only_direction_and_platform_allocation_unresolved
derived_native_boarding_candidate,4822210969,"[""CR_HB_LABEL:sanpada"",""CR_THB_CODE:SNPD""]","{""CR_HB_LABEL:sanpada"":[{""basis"":""direct_geometry_candidate"",""feature"":""node/4822210969"",""identity_match_evidence"":[{""field"":""name"",""method"":""case_space_punctuation_equivalence"",""value"":""Sanpada""}]},{""basis"":""explicit_stop_area_member"",""member_order"":4,""relation"":""11511623"",""role"":"""",""stop_role"":false,""stop_tag"":true}],""CR_THB_CODE:SNPD"":[{""basis"":""direct_geometry_candidate"",""feature"":""node/4822210969"",""identity_match_evidence"":[{""field"":""name"",""method"":""name_from_code_matched_station"",""station_evidence"":[{""name"":""Sanpada"",""name_field"":""name"",""osm_feature"":""way/151769149""}],""value"":""Sanpada""},{""code_reference"":{""input_path"":""data/processed/observed/osm_transport_relations.csv"",""source_pbf_sha256"":""c335a72cadfebc3ffde5cfff20fc9711f3112bc11000d43fde4daea10c36b53e"",""station_evidence"":[{""station_feature_id"":""way/151769149"",""station_source_tags"":{""addr:city"":""Navi Mumbai"",""addr:postcode"":""400706"",""addr:street"":""Sanpada Station Road"",""building"":""retail"",""internet_access"":""yes"",""layer"":""1"",""name"":""Sanpada"",""name:hi"":""सानपाडा"",""network"":""Mumbai Suburban Railway Network"",""operator"":""Central Railways"",""platforms"":""4"",""public_transport"":""station"",""railway"":""station"",""ref"":""SNCR"",""train"":""yes"",""wheelchair"":""limited"",""wikidata"":""Q7418902"",""wikipedia"":""en:Sanpada railway station""},""stop_area_relation_id"":""11511623""}]},""derivation"":""scoped_bidirectional_mapped_route_neighbour_identity"",""input_path"":""data/processed/transit/cr_harbour_identity_proposals.csv"",""method"":""scoped_identity_proposal"",""proposed_station_code"":""SNCR"",""station_key"":""CR_THB_CODE:SNPD""}]},{""basis"":""explicit_stop_area_member"",""member_order"":4,""relation"":""11511623"",""role"":"""",""stop_role"":false,""stop_tag"":true}]}",19.0657792,73.009595,"{""name"":""Sanpada"",""name:hi"":""सानपाडा"",""public_transport"":""stop_position"",""railway"":""stop"",""ref"":""4"",""train"":""yes""}",present,"[""602887046""]",10008240050,a7865ea1b59589c9202dd59711f57658ea02bfa6ca75bab373e4687ed3d91cf5,candidate_only_direction_and_platform_allocation_unresolved
derived_native_boarding_candidate,4822210993,"[""CR_HB_LABEL:vashi"",""CR_THB_CODE:VSH""]","{""CR_HB_LABEL:vashi"":[{""basis"":""direct_geometry_candidate"",""feature"":""node/4822210993"",""identity_match_evidence"":[{""field"":""name"",""method"":""case_space_punctuation_equivalence"",""value"":""Vashi""}]},{""basis"":""explicit_stop_area_member"",""member_order"":1,""relation"":""11511621"",""role"":"""",""stop_role"":false,""stop_tag"":true}],""CR_THB_CODE:VSH"":[{""basis"":""direct_geometry_candidate"",""feature"":""node/4822210993"",""identity_match_evidence"":[{""field"":""name"",""method"":""name_from_code_matched_station"",""station_evidence"":[{""name"":""Vashi"",""name_field"":""name"",""osm_feature"":""way/151768155""}],""value"":""Vashi""}]},{""basis"":""explicit_stop_area_member"",""member_order"":1,""relation"":""11511621"",""role"":"""",""stop_role"":false,""stop_tag"":true}]}",19.063442,72.998849,"{""name"":""Vashi"",""name:hi"":""वाशी"",""public_transport"":""stop_position"",""railway"":""stop"",""ref"":""1"",""train"":""yes""}",present,"[""490029228""]",10008240050,a7865ea1b59589c9202dd59711f57658ea02bfa6ca75bab373e4687ed3d91cf5,candidate_only_direction_and_platform_allocation_unresolved
derived_native_boarding_candidate,4822211016,"[""CR_HB_LABEL:vashi"",""CR_THB_CODE:VSH""]","{""CR_HB_LABEL:vashi"":[{""basis"":""direct_geometry_candidate"",""feature"":""node/4822211016"",""identity_match_evidence"":[{""field"":""name"",""method"":""case_space_punctuation_equivalence"",""value"":""Vashi""}]},{""basis"":""explicit_stop_area_member"",""member_order"":2,""relation"":""11511621"",""role"":"""",""stop_role"":false,""stop_tag"":true}],""CR_THB_CODE:VSH"":[{""basis"":""direct_geometry_candidate"",""feature"":""node/4822211016"",""identity_match_evidence"":[{""field"":""name"",""method"":""name_from_code_matched_station"",""station_evidence"":[{""name"":""Vashi"",""name_field"":""name"",""osm_feature"":""way/151768155""}],""value"":""Vashi""}]},{""basis"":""explicit_stop_area_member"",""member_order"":2,""relation"":""11511621"",""role"":"""",""stop_role"":false,""stop_tag"":true}]}",19.0633259,72.9989063,"{""name"":""Vashi"",""name:hi"":""वाशी"",""public_transport"":""stop_position"",""railway"":""stop"",""ref"":""2"",""train"":""yes""}",present,"[""490029229""]",10008240050,a7865ea1b59589c9202dd59711f57658ea02bfa6ca75bab373e4687ed3d91cf5,candidate_only_direction_and_platform_allocation_unresolved
derived_native_boarding_candidate,5389227951,"[""CR_HB_LABEL:sewri""]","{""CR_HB_LABEL:sewri"":[{""basis"":""direct_geometry_candidate"",""feature"":""node/5389227951"",""identity_match_evidence"":[{""field"":""name"",""method"":""case_space_punctuation_equivalence"",""value"":""Sewri""}]},{""basis"":""explicit_stop_area_member"",""member_order"":4,""relation"":""11507867"",""role"":""stop"",""stop_role"":true,""stop_tag"":true}]}",18.9987462,72.8545246,"{""name"":""Sewri"",""name:hi"":""शिवड़ी"",""public_transport"":""stop_position"",""railway"":""stop"",""ref"":""1"",""train"":""yes""}",present,"[""398294952""]",10008240050,a7865ea1b59589c9202dd59711f57658ea02bfa6ca75bab373e4687ed3d91cf5,candidate_only_direction_and_platform_allocation_unresolved
derived_native_boarding_candidate,5389227965,"[""CR_HB_LABEL:cotton green""]","{""CR_HB_LABEL:cotton green"":[{""basis"":""direct_geometry_candidate"",""feature"":""node/5389227965"",""identity_match_evidence"":[{""field"":""name"",""method"":""case_space_punctuation_equivalence"",""value"":""Cotton Green""}]},{""basis"":""explicit_stop_area_member"",""member_order"":3,""relation"":""11507916"",""role"":""stop"",""stop_role"":true,""stop_tag"":true}]}",18.9865041,72.843223,"{""name"":""Cotton Green"",""public_transport"":""stop_position"",""railway"":""stop"",""ref"":""1"",""train"":""yes""}",present,"[""1289154813""]",10008240050,a7865ea1b59589c9202dd59711f57658ea02bfa6ca75bab373e4687ed3d91cf5,candidate_only_direction_and_platform_allocation_unresolved
derived_native_boarding_candidate,5389227991,"[""CR_HB_LABEL:dockyard road""]","{""CR_HB_LABEL:dockyard road"":[{""basis"":""direct_geometry_candidate"",""feature"":""node/5389227991"",""identity_match_evidence"":[{""field"":""name"",""method"":""case_space_punctuation_equivalence"",""value"":""Dockyard Road""}]},{""basis"":""explicit_stop_area_member"",""member_order"":2,""relation"":""18664701"",""role"":"""",""stop_role"":false,""stop_tag"":true}]}",18.9664494,72.8442516,"{""name"":""Dockyard Road"",""public_transport"":""stop_position"",""railway"":""stop"",""ref"":""1"",""train"":""yes""}",present,"[""1289154821""]",10008240050,a7865ea1b59589c9202dd59711f57658ea02bfa6ca75bab373e4687ed3d91cf5,candidate_only_direction_and_platform_allocation_unresolved
derived_native_boarding_candidate,5764016983,"[""CR_THB_CODE:PNVL""]","{""CR_THB_CODE:PNVL"":[{""basis"":""direct_geometry_candidate"",""feature"":""node/5764016983"",""identity_match_evidence"":[{""field"":""name"",""method"":""name_from_code_matched_station"",""station_evidence"":[{""name"":""Panvel"",""name_field"":""name"",""osm_feature"":""node/2630075009""}],""value"":""Panvel""}]}]}",18.9930007,73.1191367,"{""name"":""Panvel"",""note"":""Stop position for locomotives."",""public_transport"":""stop_position"",""train"":""yes""}",present,"[""608390643""]",10008240050,a7865ea1b59589c9202dd59711f57658ea02bfa6ca75bab373e4687ed3d91cf5,candidate_only_direction_and_platform_allocation_unresolved
derived_native_boarding_candidate,6171366460,"[""CR_HB_LABEL:tilaknagar""]","{""CR_HB_LABEL:tilaknagar"":[{""basis"":""direct_geometry_candidate"",""feature"":""node/6171366460"",""identity_match_evidence"":[{""field"":""name"",""method"":""case_space_punctuation_equivalence"",""value"":""Tilak Nagar""}]},{""basis"":""explicit_stop_area_member"",""member_order"":5,""relation"":""11511603"",""role"":""stop"",""stop_role"":true,""stop_tag"":true}]}",19.0657601,72.8901084,"{""name"":""Tilak Nagar"",""public_transport"":""stop_position"",""railway"":""stop"",""ref"":""2"",""train"":""yes""}",present,"[""235867416""]",10008240050,a7865ea1b59589c9202dd59711f57658ea02bfa6ca75bab373e4687ed3d91cf5,candidate_only_direction_and_platform_allocation_unresolved
derived_native_boarding_candidate,7510862052,"[""CR_THB_CODE:PNVL""]","{""CR_THB_CODE:PNVL"":[{""basis"":""direct_geometry_candidate"",""feature"":""node/7510862052"",""identity_match_evidence"":[{""field"":""name"",""method"":""name_from_code_matched_station"",""station_evidence"":[{""name"":""Panvel"",""name_field"":""name"",""osm_feature"":""node/2630075009""}],""value"":""Panvel""}]},{""basis"":""explicit_stop_area_member"",""member_order"":9,""relation"":""11510756"",""role"":""stop"",""stop_role"":true,""stop_tag"":true}]}",18.9903784,73.1214231,"{""name"":""Panvel"",""name:mr"":""पनवेल"",""public_transport"":""stop_position"",""ref"":""3"",""train"":""yes""}",present,"[""556743016""]",10008240050,a7865ea1b59589c9202dd59711f57658ea02bfa6ca75bab373e4687ed3d91cf5,candidate_only_direction_and_platform_allocation_unresolved
derived_native_boarding_candidate,7510862053,"[""CR_THB_CODE:PNVL""]","{""CR_THB_CODE:PNVL"":[{""basis"":""direct_geometry_candidate"",""feature"":""node/7510862053"",""identity_match_evidence"":[{""field"":""name"",""method"":""name_from_code_matched_station"",""station_evidence"":[{""name"":""Panvel"",""name_field"":""name"",""osm_feature"":""node/2630075009""}],""value"":""Panvel""}]},{""basis"":""explicit_stop_area_member"",""member_order"":8,""relation"":""11510756"",""role"":""stop"",""stop_role"":true,""stop_tag"":true}]}",18.9902814,73.1213192,"{""name"":""Panvel"",""name:mr"":""पनवेल"",""public_transport"":""stop_position"",""ref"":""2"",""train"":""yes""}",present,"[""602887052"",""1317052383""]",10008240050,a7865ea1b59589c9202dd59711f57658ea02bfa6ca75bab373e4687ed3d91cf5,candidate_only_direction_and_platform_allocation_unresolved
derived_native_boarding_candidate,7510862054,"[""CR_THB_CODE:PNVL""]","{""CR_THB_CODE:PNVL"":[{""basis"":""direct_geometry_candidate"",""feature"":""node/7510862054"",""identity_match_evidence"":[{""field"":""name"",""method"":""name_from_code_matched_station"",""station_evidence"":[{""name"":""Panvel"",""name_field"":""name"",""osm_feature"":""node/2630075009""}],""value"":""Panvel""}]},{""basis"":""explicit_stop_area_member"",""member_order"":7,""relation"":""11510756"",""role"":""stop"",""stop_role"":true,""stop_tag"":true}]}",18.9901857,73.1212166,"{""name"":""Panvel"",""name:mr"":""पनवेल"",""public_transport"":""stop_position"",""ref"":""1"",""train"":""yes""}",present,"[""602887051"",""1317052384""]",10008240050,a7865ea1b59589c9202dd59711f57658ea02bfa6ca75bab373e4687ed3d91cf5,candidate_only_direction_and_platform_allocation_unresolved
derived_native_boarding_candidate,7510862062,"[""CR_HB_LABEL:reay road""]","{""CR_HB_LABEL:reay road"":[{""basis"":""direct_geometry_candidate"",""feature"":""node/7510862062"",""identity_match_evidence"":[{""field"":""name"",""method"":""case_space_punctuation_equivalence"",""value"":""Reay Road""}]},{""basis"":""explicit_stop_area_member"",""member_order"":3,""relation"":""11507917"",""role"":"""",""stop_role"":false,""stop_tag"":true}]}",18.9774327,72.8442643,"{""name"":""Reay Road"",""public_transport"":""stop_position"",""railway"":""stop"",""ref"":""2"",""train"":""yes""}",present,"[""236188798""]",10008240050,a7865ea1b59589c9202dd59711f57658ea02bfa6ca75bab373e4687ed3d91cf5,candidate_only_direction_and_platform_allocation_unresolved
derived_native_boarding_candidate,7510862063,"[""CR_HB_LABEL:reay road""]","{""CR_HB_LABEL:reay road"":[{""basis"":""direct_geometry_candidate"",""feature"":""node/7510862063"",""identity_match_evidence"":[{""field"":""name"",""method"":""case_space_punctuation_equivalence"",""value"":""Reay Road""}]},{""basis"":""explicit_stop_area_member"",""member_order"":2,""relation"":""11507917"",""role"":"""",""stop_role"":false,""stop_tag"":true}]}",18.9774257,72.8442202,"{""name"":""Reay Road"",""public_transport"":""stop_position"",""railway"":""stop"",""ref"":""1"",""train"":""yes""}",present,"[""207555562""]",10008240050,a7865ea1b59589c9202dd59711f57658ea02bfa6ca75bab373e4687ed3d91cf5,candidate_only_direction_and_platform_allocation_unresolved
derived_native_boarding_candidate,7510862064,"[""CR_HB_LABEL:vadala road""]","{""CR_HB_LABEL:vadala road"":[{""basis"":""direct_geometry_candidate"",""feature"":""node/7510862064"",""identity_match_evidence"":[{""field"":""name"",""method"":""case_space_punctuation_equivalence"",""value"":""Vadala Road""},{""field"":""name:en"",""method"":""case_space_punctuation_equivalence"",""value"":""Vadala Road""}]},{""basis"":""explicit_stop_area_member"",""member_order"":7,""relation"":""11507866"",""role"":""stop"",""stop_role"":true,""stop_tag"":true}]}",19.0160427,72.8589824,"{""alt_name"":""Wadala Road"",""alt_name:en"":""Wadala Road"",""name"":""Vadala Road"",""name:en"":""Vadala Road"",""name:hi"":""वडाला रोड"",""public_transport"":""stop_position"",""railway"":""stop"",""ref"":""4"",""train"":""yes""}",present,"[""398294950""]",10008240050,a7865ea1b59589c9202dd59711f57658ea02bfa6ca75bab373e4687ed3d91cf5,candidate_only_direction_and_platform_allocation_unresolved
derived_native_boarding_candidate,7510862065,"[""CR_HB_LABEL:vadala road""]","{""CR_HB_LABEL:vadala road"":[{""basis"":""direct_geometry_candidate"",""feature"":""node/7510862065"",""identity_match_evidence"":[{""field"":""name"",""method"":""case_space_punctuation_equivalence"",""value"":""Vadala Road""},{""field"":""name:en"",""method"":""case_space_punctuation_equivalence"",""value"":""Vadala Road""}]},{""basis"":""explicit_stop_area_member"",""member_order"":6,""relation"":""11507866"",""role"":""stop"",""stop_role"":true,""stop_tag"":true}]}",19.0160682,72.8589443,"{""alt_name"":""Wadala Road"",""alt_name:en"":""Wadala Road"",""name"":""Vadala Road"",""name:en"":""Vadala Road"",""name:hi"":""वडाला रोड"",""public_transport"":""stop_position"",""railway"":""stop"",""ref"":""3"",""train"":""yes""}",present,"[""643740473""]",10008240050,a7865ea1b59589c9202dd59711f57658ea02bfa6ca75bab373e4687ed3d91cf5,candidate_only_direction_and_platform_allocation_unresolved
derived_native_boarding_candidate,7510862066,"[""CR_HB_LABEL:vadala road""]","{""CR_HB_LABEL:vadala road"":[{""basis"":""direct_geometry_candidate"",""feature"":""node/7510862066"",""identity_match_evidence"":[{""field"":""name"",""method"":""case_space_punctuation_equivalence"",""value"":""Vadala Road""},{""field"":""name:en"",""method"":""case_space_punctuation_equivalence"",""value"":""Vadala Road""}]},{""basis"":""explicit_stop_area_member"",""member_order"":5,""relation"":""11507866"",""role"":""stop"",""stop_role"":true,""stop_tag"":true}]}",19.0161359,72.8588525,"{""alt_name"":""Wadala Road"",""alt_name:en"":""Wadala Road"",""name"":""Vadala Road"",""name:en"":""Vadala Road"",""name:hi"":""वडाला रोड"",""public_transport"":""stop_position"",""railway"":""stop"",""ref"":""2"",""train"":""yes""}",present,"[""122269604""]",10008240050,a7865ea1b59589c9202dd59711f57658ea02bfa6ca75bab373e4687ed3d91cf5,candidate_only_direction_and_platform_allocation_unresolved
derived_native_boarding_candidate,7510862067,"[""CR_HB_LABEL:vadala road""]","{""CR_HB_LABEL:vadala road"":[{""basis"":""direct_geometry_candidate"",""feature"":""node/7510862067"",""identity_match_evidence"":[{""field"":""name"",""method"":""case_space_punctuation_equivalence"",""value"":""Vadala Road""},{""field"":""name:en"",""method"":""case_space_punctuation_equivalence"",""value"":""Vadala Road""}]},{""basis"":""explicit_stop_area_member"",""member_order"":4,""relation"":""11507866"",""role"":""stop"",""stop_role"":true,""stop_tag"":true}]}",19.0161638,72.8588155,"{""alt_name"":""Wadala Road"",""alt_name:en"":""Wadala Road"",""name"":""Vadala Road"",""name:en"":""Vadala Road"",""name:hi"":""वडाला रोड"",""public_transport"":""stop_position"",""railway"":""stop"",""ref"":""1"",""train"":""yes""}",present,"[""1317052386""]",10008240050,a7865ea1b59589c9202dd59711f57658ea02bfa6ca75bab373e4687ed3d91cf5,candidate_only_direction_and_platform_allocation_unresolved
derived_native_boarding_candidate,7510862068,"[""CR_HB_LABEL:bandra""]","{""CR_HB_LABEL:bandra"":[{""basis"":""direct_geometry_candidate"",""feature"":""node/7510862068"",""identity_match_evidence"":[{""field"":""name"",""method"":""case_space_punctuation_equivalence"",""value"":""Bandra""},{""field"":""name:en"",""method"":""case_space_punctuation_equivalence"",""value"":""Bandra""}]},{""basis"":""explicit_stop_area_member"",""member_order"":8,""relation"":""11507845"",""role"":""stop"",""stop_role"":true,""stop_tag"":true}]}",19.054716,72.8406066,"{""name"":""Bandra"",""name:en"":""Bandra"",""name:hi"":""बांद्रा"",""name:mr"":""वांद्रे"",""public_transport"":""stop_position"",""railway"":""stop"",""ref"":""3"",""train"":""yes""}",present,"[""107295487"",""990992619""]",10008240050,a7865ea1b59589c9202dd59711f57658ea02bfa6ca75bab373e4687ed3d91cf5,candidate_only_direction_and_platform_allocation_unresolved
derived_native_boarding_candidate,7510862069,"[""CR_HB_LABEL:bandra""]","{""CR_HB_LABEL:bandra"":[{""basis"":""direct_geometry_candidate"",""feature"":""node/7510862069"",""identity_match_evidence"":[{""field"":""name"",""method"":""case_space_punctuation_equivalence"",""value"":""Bandra""},{""field"":""name:en"",""method"":""case_space_punctuation_equivalence"",""value"":""Bandra""}]},{""basis"":""explicit_stop_area_member"",""member_order"":9,""relation"":""11507845"",""role"":""stop"",""stop_role"":true,""stop_tag"":true}]}",19.0547291,72.8406538,"{""name"":""Bandra"",""name:en"":""Bandra"",""name:hi"":""बांद्रा"",""name:mr"":""वांद्रे"",""public_transport"":""stop_position"",""railway"":""stop"",""ref"":""4"",""train"":""yes""}",present,"[""257491043"",""990992618""]",10008240050,a7865ea1b59589c9202dd59711f57658ea02bfa6ca75bab373e4687ed3d91cf5,candidate_only_direction_and_platform_allocation_unresolved
derived_native_boarding_candidate,7510862070,"[""CR_HB_LABEL:andheri""]","{""CR_HB_LABEL:andheri"":[{""basis"":""direct_geometry_candidate"",""feature"":""node/7510862070"",""identity_match_evidence"":[{""field"":""name"",""method"":""case_space_punctuation_equivalence"",""value"":""Andheri""},{""field"":""name:en"",""method"":""case_space_punctuation_equivalence"",""value"":""Andheri""}]},{""basis"":""explicit_stop_area_member"",""member_order"":7,""relation"":""7684031"",""role"":""stop"",""stop_role"":true,""stop_tag"":true}]}",19.119344,72.8464384,"{""name"":""Andheri"",""name:en"":""Andheri"",""name:mr"":""अंधेरी"",""public_transport"":""stop_position"",""railway"":""stop"",""ref"":""1"",""train"":""yes""}",present,"[""692380807"",""991007131""]",10008240050,a7865ea1b59589c9202dd59711f57658ea02bfa6ca75bab373e4687ed3d91cf5,candidate_only_direction_and_platform_allocation_unresolved
derived_native_boarding_candidate,7510862071,"[""CR_HB_LABEL:andheri""]","{""CR_HB_LABEL:andheri"":[{""basis"":""direct_geometry_candidate"",""feature"":""node/7510862071"",""identity_match_evidence"":[{""field"":""name"",""method"":""case_space_punctuation_equivalence"",""value"":""Andheri""},{""field"":""name:en"",""method"":""case_space_punctuation_equivalence"",""value"":""Andheri""}]},{""basis"":""explicit_stop_area_member"",""member_order"":8,""relation"":""7684031"",""role"":""stop"",""stop_role"":true,""stop_tag"":true}]}",19.1193373,72.8464956,"{""name"":""Andheri"",""name:en"":""Andheri"",""name:mr"":""अंधेरी"",""public_transport"":""stop_position"",""railway"":""stop"",""ref"":""2"",""train"":""yes""}",present,"[""802938676"",""991007130""]",10008240050,a7865ea1b59589c9202dd59711f57658ea02bfa6ca75bab373e4687ed3d91cf5,candidate_only_direction_and_platform_allocation_unresolved
derived_native_boarding_candidate,7510862076,"[""CR_HB_LABEL:vileparle""]","{""CR_HB_LABEL:vileparle"":[{""basis"":""direct_geometry_candidate"",""feature"":""node/7510862076"",""identity_match_evidence"":[{""field"":""name"",""method"":""case_space_punctuation_equivalence"",""value"":""Vile Parle""},{""field"":""name:en"",""method"":""case_space_punctuation_equivalence"",""value"":""Vile Parle""}]},{""basis"":""explicit_stop_area_member"",""member_order"":7,""relation"":""11507831"",""role"":""stop"",""stop_role"":true,""stop_tag"":true}]}",19.099961,72.8442291,"{""name"":""Vile Parle"",""name:en"":""Vile Parle"",""name:mr"":""विले पार्ले"",""public_transport"":""stop_position"",""railway"":""stop"",""ref"":""6"",""train"":""yes""}",present,"[""990992622""]",10008240050,a7865ea1b59589c9202dd59711f57658ea02bfa6ca75bab373e4687ed3d91cf5,candidate_only_direction_and_platform_allocation_unresolved
derived_native_boarding_candidate,7510862077,"[""CR_HB_LABEL:vileparle""]","{""CR_HB_LABEL:vileparle"":[{""basis"":""direct_geometry_candidate"",""feature"":""node/7510862077"",""identity_match_evidence"":[{""field"":""name"",""method"":""case_space_punctuation_equivalence"",""value"":""Vile Parle""},{""field"":""name:en"",""method"":""case_space_punctuation_equivalence"",""value"":""Vile Parle""}]},{""basis"":""explicit_stop_area_member"",""member_order"":6,""relation"":""11507831"",""role"":""stop"",""stop_role"":true,""stop_tag"":true}]}",19.0999755,72.8441316,"{""name"":""Vile Parle"",""name:en"":""Vile Parle"",""name:mr"":""विले पार्ले"",""public_transport"":""stop_position"",""railway"":""stop"",""ref"":""5"",""train"":""yes""}",present,"[""990992623""]",10008240050,a7865ea1b59589c9202dd59711f57658ea02bfa6ca75bab373e4687ed3d91cf5,candidate_only_direction_and_platform_allocation_unresolved
derived_native_boarding_candidate,7510862078,"[""CR_HB_LABEL:vileparle""]","{""CR_HB_LABEL:vileparle"":[{""basis"":""direct_geometry_candidate"",""feature"":""node/7510862078"",""identity_match_evidence"":[{""field"":""name"",""method"":""case_space_punctuation_equivalence"",""value"":""Vile Parle""},{""field"":""name:en"",""method"":""case_space_punctuation_equivalence"",""value"":""Vile Parle""}]},{""basis"":""explicit_stop_area_member"",""member_order"":5,""relation"":""11507831"",""role"":""stop"",""stop_role"":true,""stop_tag"":true}]}",19.0999796,72.8440865,"{""name"":""Vile Parle"",""name:en"":""Vile Parle"",""name:mr"":""विले पार्ले"",""public_transport"":""stop_position"",""railway"":""stop"",""ref"":""4"",""train"":""yes""}",present,"[""990992624""]",10008240050,a7865ea1b59589c9202dd59711f57658ea02bfa6ca75bab373e4687ed3d91cf5,candidate_only_direction_and_platform_allocation_unresolved
derived_native_boarding_candidate,7510862079,"[""CR_HB_LABEL:vileparle""]","{""CR_HB_LABEL:vileparle"":[{""basis"":""direct_geometry_candidate"",""feature"":""node/7510862079"",""identity_match_evidence"":[{""field"":""name"",""method"":""case_space_punctuation_equivalence"",""value"":""Vile Parle""},{""field"":""name:en"",""method"":""case_space_punctuation_equivalence"",""value"":""Vile Parle""}]},{""basis"":""explicit_stop_area_member"",""member_order"":2,""relation"":""11507831"",""role"":""stop"",""stop_role"":true,""stop_tag"":true}]}",19.1001265,72.8437717,"{""name"":""Vile Parle"",""name:en"":""Vile Parle"",""name:mr"":""विले पार्ले"",""public_transport"":""stop_position"",""railway"":""stop"",""ref"":""1"",""train"":""yes""}",present,"[""125287943""]",10008240050,a7865ea1b59589c9202dd59711f57658ea02bfa6ca75bab373e4687ed3d91cf5,candidate_only_direction_and_platform_allocation_unresolved
derived_native_boarding_candidate,7510862080,"[""CR_HB_LABEL:santacruz""]","{""CR_HB_LABEL:santacruz"":[{""basis"":""explicit_stop_area_member"",""member_order"":7,""relation"":""11507835"",""role"":""stop"",""stop_role"":true,""stop_tag"":true}]}",19.0839117,72.8418774,"{""name"":""Santa Cruz (CR)"",""name:en"":""Santa Cruz (CR)"",""name:mr"":""सांताक्रूझ"",""public_transport"":""stop_position"",""railway"":""stop"",""ref"":""2"",""train"":""yes""}",present,"[""196489676""]",10008240050,a7865ea1b59589c9202dd59711f57658ea02bfa6ca75bab373e4687ed3d91cf5,candidate_only_direction_and_platform_allocation_unresolved
derived_native_boarding_candidate,7510862081,"[""CR_HB_LABEL:santacruz""]","{""CR_HB_LABEL:santacruz"":[{""basis"":""explicit_stop_area_member"",""member_order"":5,""relation"":""11507835"",""role"":""stop"",""stop_role"":true,""stop_tag"":true}]}",19.0816085,72.8418625,"{""name"":""Santa Cruz (WR)"",""name:en"":""Santa Cruz (WR)"",""name:mr"":""सांताक्रूझ"",""public_transport"":""stop_position"",""railway"":""stop"",""ref"":""6"",""train"":""yes""}",present,"[""990992622"",""1466829165""]",10008240050,a7865ea1b59589c9202dd59711f57658ea02bfa6ca75bab373e4687ed3d91cf5,candidate_only_direction_and_platform_allocation_unresolved
derived_native_boarding_candidate,7510862082,"[""CR_HB_LABEL:santacruz""]","{""CR_HB_LABEL:santacruz"":[{""basis"":""explicit_stop_area_member"",""member_order"":4,""relation"":""11507835"",""role"":""stop"",""stop_role"":true,""stop_tag"":true}]}",19.0816252,72.8417226,"{""name"":""Santa Cruz (WR)"",""name:en"":""Santa Cruz (WR)"",""name:mr"":""सांताक्रूझ"",""public_transport"":""stop_position"",""railway"":""stop"",""ref"":""5"",""train"":""yes""}",present,"[""257491043"",""990992623""]",10008240050,a7865ea1b59589c9202dd59711f57658ea02bfa6ca75bab373e4687ed3d91cf5,candidate_only_direction_and_platform_allocation_unresolved
derived_native_boarding_candidate,7510862083,"[""CR_HB_LABEL:santacruz""]","{""CR_HB_LABEL:santacruz"":[{""basis"":""explicit_stop_area_member"",""member_order"":3,""relation"":""11507835"",""role"":""stop"",""stop_role"":true,""stop_tag"":true}]}",19.0816295,72.8416835,"{""name"":""Santa Cruz (WR)"",""name:en"":""Santa Cruz (WR)"",""name:mr"":""सांताक्रूझ"",""public_transport"":""stop_position"",""railway"":""stop"",""ref"":""4"",""train"":""yes""}",present,"[""257491047"",""990992624""]",10008240050,a7865ea1b59589c9202dd59711f57658ea02bfa6ca75bab373e4687ed3d91cf5,candidate_only_direction_and_platform_allocation_unresolved
derived_native_boarding_candidate,7510862084,"[""CR_HB_LABEL:santacruz""]","{""CR_HB_LABEL:santacruz"":[{""basis"":""explicit_stop_area_member"",""member_order"":2,""relation"":""11507835"",""role"":""stop"",""stop_role"":true,""stop_tag"":true}]}",19.0816184,72.8415282,"{""name"":""Santa Cruz (WR)"",""name:en"":""Santa Cruz (WR)"",""name:mr"":""सांताक्रूझ"",""public_transport"":""stop_position"",""railway"":""stop"",""ref"":""3"",""train"":""yes""}",present,"[""151832204"",""990992625""]",10008240050,a7865ea1b59589c9202dd59711f57658ea02bfa6ca75bab373e4687ed3d91cf5,candidate_only_direction_and_platform_allocation_unresolved
derived_native_boarding_candidate,7510862785,"[""CR_HB_LABEL:santacruz""]","{""CR_HB_LABEL:santacruz"":[{""basis"":""explicit_stop_area_member"",""member_order"":6,""relation"":""11507835"",""role"":""stop"",""stop_role"":true,""stop_tag"":true}]}",19.0839026,72.8417442,"{""name"":""Santa Cruz (CR)"",""name:en"":""Santa Cruz (CR)"",""name:mr"":""सांताक्रूझ"",""public_transport"":""stop_position"",""railway"":""stop"",""ref"":""1"",""train"":""yes""}",present,"[""125287943""]",10008240050,a7865ea1b59589c9202dd59711f57658ea02bfa6ca75bab373e4687ed3d91cf5,candidate_only_direction_and_platform_allocation_unresolved
derived_native_boarding_candidate,7510862786,"[""CR_HB_LABEL:khar road""]","{""CR_HB_LABEL:khar road"":[{""basis"":""direct_geometry_candidate"",""feature"":""node/7510862786"",""identity_match_evidence"":[{""field"":""name"",""method"":""case_space_punctuation_equivalence"",""value"":""Khar Road""},{""field"":""name:en"",""method"":""case_space_punctuation_equivalence"",""value"":""Khar Road""}]},{""basis"":""explicit_stop_area_member"",""member_order"":6,""relation"":""11507840"",""role"":""stop"",""stop_role"":true,""stop_tag"":true}]}",19.0690432,72.8402374,"{""name"":""Khar Road"",""name:en"":""Khar Road"",""name:hi"":""खार रोड"",""name:mr"":""खार रोड"",""public_transport"":""stop_position"",""railway"":""stop"",""ref"":""5"",""train"":""yes""}",present,"[""257491043""]",10008240050,a7865ea1b59589c9202dd59711f57658ea02bfa6ca75bab373e4687ed3d91cf5,candidate_only_direction_and_platform_allocation_unresolved
derived_native_boarding_candidate,7510862787,"[""CR_HB_LABEL:khar road""]","{""CR_HB_LABEL:khar road"":[{""basis"":""direct_geometry_candidate"",""feature"":""node/7510862787"",""identity_match_evidence"":[{""field"":""name"",""method"":""case_space_punctuation_equivalence"",""value"":""Khar Road""},{""field"":""name:en"",""method"":""case_space_punctuation_equivalence"",""value"":""Khar Road""}]},{""basis"":""explicit_stop_area_member"",""member_order"":5,""relation"":""11507840"",""role"":""stop"",""stop_role"":true,""stop_tag"":true}]}",19.0690521,72.8401907,"{""name"":""Khar Road"",""name:en"":""Khar Road"",""name:hi"":""खार रोड"",""name:mr"":""खार रोड"",""public_transport"":""stop_position"",""railway"":""stop"",""ref"":""4"",""train"":""yes""}",present,"[""257491047""]",10008240050,a7865ea1b59589c9202dd59711f57658ea02bfa6ca75bab373e4687ed3d91cf5,candidate_only_direction_and_platform_allocation_unresolved
derived_native_boarding_candidate,7510862788,"[""CR_HB_LABEL:khar road""]","{""CR_HB_LABEL:khar road"":[{""basis"":""direct_geometry_candidate"",""feature"":""node/7510862788"",""identity_match_evidence"":[{""field"":""name"",""method"":""case_space_punctuation_equivalence"",""value"":""Khar Road""},{""field"":""name:en"",""method"":""case_space_punctuation_equivalence"",""value"":""Khar Road""}]},{""basis"":""explicit_stop_area_member"",""member_order"":4,""relation"":""11507840"",""role"":""stop"",""stop_role"":true,""stop_tag"":true}]}",19.0690693,72.8400598,"{""name"":""Khar Road"",""name:en"":""Khar Road"",""name:hi"":""खार रोड"",""name:mr"":""खार रोड"",""public_transport"":""stop_position"",""railway"":""stop"",""ref"":""3"",""train"":""yes""}",present,"[""990992625""]",10008240050,a7865ea1b59589c9202dd59711f57658ea02bfa6ca75bab373e4687ed3d91cf5,candidate_only_direction_and_platform_allocation_unresolved
derived_native_boarding_candidate,7510862789,"[""CR_HB_LABEL:khar road""]","{""CR_HB_LABEL:khar road"":[{""basis"":""direct_geometry_candidate"",""feature"":""node/7510862789"",""identity_match_evidence"":[{""field"":""name"",""method"":""case_space_punctuation_equivalence"",""value"":""Khar Road""},{""field"":""name:en"",""method"":""case_space_punctuation_equivalence"",""value"":""Khar Road""}]},{""basis"":""explicit_stop_area_member"",""member_order"":3,""relation"":""11507840"",""role"":""stop"",""stop_role"":true,""stop_tag"":true}]}",19.069074,72.8400142,"{""name"":""Khar Road"",""name:en"":""Khar Road"",""name:hi"":""खार रोड"",""name:mr"":""खार रोड"",""public_transport"":""stop_position"",""railway"":""stop"",""ref"":""2"",""train"":""yes""}",present,"[""196489676""]",10008240050,a7865ea1b59589c9202dd59711f57658ea02bfa6ca75bab373e4687ed3d91cf5,candidate_only_direction_and_platform_allocation_unresolved
derived_native_boarding_candidate,7512478934,"[""CR_EXTERNAL_CODE:BVI""]","{""CR_EXTERNAL_CODE:BVI"":[{""basis"":""direct_geometry_candidate"",""feature"":""node/7512478934"",""identity_match_evidence"":[{""field"":""name"",""method"":""name_from_code_matched_station"",""station_evidence"":[{""name"":""Borivali"",""name_field"":""name"",""osm_feature"":""node/3347009325""}],""value"":""Borivali""}]},{""basis"":""explicit_stop_area_member"",""member_order"":7,""relation"":""11510739"",""role"":"""",""stop_role"":false,""stop_tag"":true}]}",19.2282002,72.856911,"{""name"":""Borivali"",""public_transport"":""stop_position"",""train"":""yes""}",present,"[""376179389""]",10008240050,a7865ea1b59589c9202dd59711f57658ea02bfa6ca75bab373e4687ed3d91cf5,candidate_only_direction_and_platform_allocation_unresolved
derived_native_boarding_candidate,7726859290,"[""CR_THB_CODE:PNVL""]","{""CR_THB_CODE:PNVL"":[{""basis"":""direct_geometry_candidate"",""feature"":""node/7726859290"",""identity_match_evidence"":[{""field"":""name"",""method"":""name_from_code_matched_station"",""station_evidence"":[{""name"":""Panvel"",""name_field"":""name"",""osm_feature"":""node/2630075009""}],""value"":""Panvel""}]},{""basis"":""explicit_stop_area_member"",""member_order"":12,""relation"":""11510756"",""role"":""stop"",""stop_role"":true,""stop_tag"":true}]}",18.9908077,73.1219242,"{""name"":""Panvel"",""name:mr"":""पनवेल"",""public_transport"":""stop_position"",""ref"":""7"",""train"":""yes""}",present,"[""22475988""]",10008240050,a7865ea1b59589c9202dd59711f57658ea02bfa6ca75bab373e4687ed3d91cf5,candidate_only_direction_and_platform_allocation_unresolved
derived_native_boarding_candidate,7726859291,"[""CR_THB_CODE:PNVL""]","{""CR_THB_CODE:PNVL"":[{""basis"":""direct_geometry_candidate"",""feature"":""node/7726859291"",""identity_match_evidence"":[{""field"":""name"",""method"":""name_from_code_matched_station"",""station_evidence"":[{""name"":""Panvel"",""name_field"":""name"",""osm_feature"":""node/2630075009""}],""value"":""Panvel""}]},{""basis"":""explicit_stop_area_member"",""member_order"":11,""relation"":""11510756"",""role"":""stop"",""stop_role"":true,""stop_tag"":true}]}",18.9907161,73.1218219,"{""name"":""Panvel"",""name:mr"":""पनवेल"",""public_transport"":""stop_position"",""ref"":""6"",""train"":""yes""}",present,"[""627751321""]",10008240050,a7865ea1b59589c9202dd59711f57658ea02bfa6ca75bab373e4687ed3d91cf5,candidate_only_direction_and_platform_allocation_unresolved
derived_native_boarding_candidate,7726859292,"[""CR_THB_CODE:PNVL""]","{""CR_THB_CODE:PNVL"":[{""basis"":""direct_geometry_candidate"",""feature"":""node/7726859292"",""identity_match_evidence"":[{""field"":""name"",""method"":""name_from_code_matched_station"",""station_evidence"":[{""name"":""Panvel"",""name_field"":""name"",""osm_feature"":""node/2630075009""}],""value"":""Panvel""}]},{""basis"":""explicit_stop_area_member"",""member_order"":10,""relation"":""11510756"",""role"":""stop"",""stop_role"":true,""stop_tag"":true}]}",18.9905987,73.1216796,"{""name"":""Panvel"",""name:mr"":""पनवेल"",""public_transport"":""stop_position"",""ref"":""5"",""train"":""yes""}",present,"[""608390643""]",10008240050,a7865ea1b59589c9202dd59711f57658ea02bfa6ca75bab373e4687ed3d91cf5,candidate_only_direction_and_platform_allocation_unresolved
derived_native_boarding_candidate,7817476530,"[""CR_THB_CODE:TNA""]","{""CR_THB_CODE:TNA"":[{""basis"":""direct_geometry_candidate"",""feature"":""node/7817476530"",""identity_match_evidence"":[{""field"":""name"",""method"":""name_from_code_matched_station"",""station_evidence"":[{""name"":""Thane"",""name_field"":""name"",""osm_feature"":""node/246582717""},{""name"":""Thane"",""name_field"":""name:en"",""osm_feature"":""node/246582717""}],""value"":""Thane""},{""field"":""name:en"",""method"":""name_from_code_matched_station"",""station_evidence"":[{""name"":""Thane"",""name_field"":""name"",""osm_feature"":""node/246582717""},{""name"":""Thane"",""name_field"":""name:en"",""osm_feature"":""node/246582717""}],""value"":""Thane""}]},{""basis"":""explicit_stop_area_member"",""member_order"":11,""relation"":""11510748"",""role"":"""",""stop_role"":false,""stop_tag"":true}]}",19.1860864,72.9744113,"{""alt_name:ar"":""ثين"",""name"":""Thane"",""name:ar"":""تاني"",""name:en"":""Thane"",""name:fa"":""تانه"",""name:hi"":""ठाणे"",""name:ml"":""താനെ"",""name:mr"":""ठाणे"",""name:pnb"":""تہانہ"",""name:ps"":""تانی"",""name:ur"":""تھانے"",""public_transport"":""stop_position"",""railway"":""stop"",""ref"":""1"",""train"":""yes""}",present,"[""151869165""]",10008240050,a7865ea1b59589c9202dd59711f57658ea02bfa6ca75bab373e4687ed3d91cf5,candidate_only_direction_and_platform_allocation_unresolved
derived_native_boarding_candidate,7817951291,"[""CR_HB_LABEL:goregaon""]","{""CR_HB_LABEL:goregaon"":[{""basis"":""direct_geometry_candidate"",""feature"":""node/7817951291"",""identity_match_evidence"":[{""field"":""name"",""method"":""case_space_punctuation_equivalence"",""value"":""Goregaon""}]},{""basis"":""explicit_stop_area_member"",""member_order"":6,""relation"":""11511559"",""role"":""stop"",""stop_role"":true,""stop_tag"":true}]}",19.1648661,72.8496929,"{""name"":""Goregaon"",""public_transport"":""stop_position"",""railway"":""stop"",""ref"":""6"",""train"":""yes""}",present,"[""807592595"",""991001172""]",10008240050,a7865ea1b59589c9202dd59711f57658ea02bfa6ca75bab373e4687ed3d91cf5,candidate_only_direction_and_platform_allocation_unresolved
derived_native_boarding_candidate,7817951292,"[""CR_HB_LABEL:goregaon""]","{""CR_HB_LABEL:goregaon"":[{""basis"":""direct_geometry_candidate"",""feature"":""node/7817951292"",""identity_match_evidence"":[{""field"":""name"",""method"":""case_space_punctuation_equivalence"",""value"":""Goregaon""}]},{""basis"":""explicit_stop_area_member"",""member_order"":7,""relation"":""11511559"",""role"":""stop"",""stop_role"":true,""stop_tag"":true}]}",19.1648668,72.8496487,"{""name"":""Goregaon"",""public_transport"":""stop_position"",""railway"":""stop"",""ref"":""5"",""train"":""yes""}",present,"[""807592596"",""991001173""]",10008240050,a7865ea1b59589c9202dd59711f57658ea02bfa6ca75bab373e4687ed3d91cf5,candidate_only_direction_and_platform_allocation_unresolved
derived_native_boarding_candidate,7817951293,"[""CR_HB_LABEL:goregaon""]","{""CR_HB_LABEL:goregaon"":[{""basis"":""direct_geometry_candidate"",""feature"":""node/7817951293"",""identity_match_evidence"":[{""field"":""name"",""method"":""case_space_punctuation_equivalence"",""value"":""Goregaon""}]},{""basis"":""explicit_stop_area_member"",""member_order"":8,""relation"":""11511559"",""role"":""stop"",""stop_role"":true,""stop_tag"":true}]}",19.1648578,72.8494518,"{""name"":""Goregaon"",""public_transport"":""stop_position"",""railway"":""stop"",""ref"":""4"",""train"":""yes""}",present,"[""807592611"",""991001174""]",10008240050,a7865ea1b59589c9202dd59711f57658ea02bfa6ca75bab373e4687ed3d91cf5,candidate_only_direction_and_platform_allocation_unresolved
derived_native_boarding_candidate,7817951294,"[""CR_HB_LABEL:goregaon""]","{""CR_HB_LABEL:goregaon"":[{""basis"":""direct_geometry_candidate"",""feature"":""node/7817951294"",""identity_match_evidence"":[{""field"":""name"",""method"":""case_space_punctuation_equivalence"",""value"":""Goregaon""}]},{""basis"":""explicit_stop_area_member"",""member_order"":10,""relation"":""11511559"",""role"":""stop"",""stop_role"":true,""stop_tag"":true}]}",19.1648617,72.8492877,"{""name"":""Goregaon"",""public_transport"":""stop_position"",""railway"":""stop"",""ref"":""2"",""train"":""yes""}",present,"[""807592613"",""991001178""]",10008240050,a7865ea1b59589c9202dd59711f57658ea02bfa6ca75bab373e4687ed3d91cf5,candidate_only_direction_and_platform_allocation_unresolved
derived_native_boarding_candidate,7817967700,"[""CR_HB_LABEL:jogeshwari""]","{""CR_HB_LABEL:jogeshwari"":[{""basis"":""direct_geometry_candidate"",""feature"":""node/7817967700"",""identity_match_evidence"":[{""field"":""name"",""method"":""name_from_code_matched_station"",""station_evidence"":[{""name"":""Jogeshwari (Western Line)"",""name_field"":""name"",""osm_feature"":""node/12189363305""}],""value"":""Jogeshwari (Western Line)""},{""code_reference"":{""evidence_scope"":""2025_reference_identity_not_current_service_or_capacity"",""printed_station_code"":""JOS"",""printed_station_name"":""JOGESHWARI"",""source"":""observed_railway_publication"",""source_code_bbox_pdf_pt"":""[200.81,649.6216000000001,224.51912,660.6616]"",""source_id"":""wr_disaster_plan_part2_2025"",""source_name_bbox_pdf_pt"":""[91.584,649.6216000000001,167.60912,660.6616]"",""source_page"":40,""source_sha256"":""2dff4567b9c33ca127d1a4b4c2e382224f216c76ec340ca3672b199d99be1004""},""derivation"":""exact_published_station_name_to_code"",""input_path"":""data/processed/transit/cr_harbour_identity_proposals.csv"",""method"":""scoped_identity_proposal"",""proposed_station_code"":""JOS"",""station_key"":""CR_HB_LABEL:jogeshwari""}]},{""basis"":""explicit_stop_area_member"",""member_order"":7,""relation"":""11511553"",""role"":""stop"",""stop_role"":true,""stop_tag"":true}]}",19.1360983,72.8490857,"{""name"":""Jogeshwari (Western Line)"",""name:mr"":""जोगेश्‍वरी"",""public_transport"":""stop_position"",""railway"":""stop"",""ref"":""6"",""train"":""yes""}",present,"[""809929149""]",10008240050,a7865ea1b59589c9202dd59711f57658ea02bfa6ca75bab373e4687ed3d91cf5,candidate_only_direction_and_platform_allocation_unresolved
derived_native_boarding_candidate,7817967701,"[""CR_HB_LABEL:jogeshwari""]","{""CR_HB_LABEL:jogeshwari"":[{""basis"":""direct_geometry_candidate"",""feature"":""node/7817967701"",""identity_match_evidence"":[{""field"":""name"",""method"":""name_from_code_matched_station"",""station_evidence"":[{""name"":""Jogeshwari (Western Line)"",""name_field"":""name"",""osm_feature"":""node/12189363305""}],""value"":""Jogeshwari (Western Line)""},{""code_reference"":{""evidence_scope"":""2025_reference_identity_not_current_service_or_capacity"",""printed_station_code"":""JOS"",""printed_station_name"":""JOGESHWARI"",""source"":""observed_railway_publication"",""source_code_bbox_pdf_pt"":""[200.81,649.6216000000001,224.51912,660.6616]"",""source_id"":""wr_disaster_plan_part2_2025"",""source_name_bbox_pdf_pt"":""[91.584,649.6216000000001,167.60912,660.6616]"",""source_page"":40,""source_sha256"":""2dff4567b9c33ca127d1a4b4c2e382224f216c76ec340ca3672b199d99be1004""},""derivation"":""exact_published_station_name_to_code"",""input_path"":""data/processed/transit/cr_harbour_identity_proposals.csv"",""method"":""scoped_identity_proposal"",""proposed_station_code"":""JOS"",""station_key"":""CR_HB_LABEL:jogeshwari""}]},{""basis"":""explicit_stop_area_member"",""member_order"":6,""relation"":""11511553"",""role"":""stop"",""stop_role"":true,""stop_tag"":true}]}",19.1361128,72.8489563,"{""name"":""Jogeshwari (Western Line)"",""name:mr"":""जोगेश्‍वरी"",""public_transport"":""stop_position"",""railway"":""stop"",""ref"":""5"",""train"":""yes""}",present,"[""809929148""]",10008240050,a7865ea1b59589c9202dd59711f57658ea02bfa6ca75bab373e4687ed3d91cf5,candidate_only_direction_and_platform_allocation_unresolved
derived_native_boarding_candidate,7817967702,"[""CR_HB_LABEL:jogeshwari""]","{""CR_HB_LABEL:jogeshwari"":[{""basis"":""direct_geometry_candidate"",""feature"":""node/7817967702"",""identity_match_evidence"":[{""field"":""name"",""method"":""name_from_code_matched_station"",""station_evidence"":[{""name"":""Jogeshwari (Western Line)"",""name_field"":""name"",""osm_feature"":""node/12189363305""}],""value"":""Jogeshwari (Western Line)""},{""code_reference"":{""evidence_scope"":""2025_reference_identity_not_current_service_or_capacity"",""printed_station_code"":""JOS"",""printed_station_name"":""JOGESHWARI"",""source"":""observed_railway_publication"",""source_code_bbox_pdf_pt"":""[200.81,649.6216000000001,224.51912,660.6616]"",""source_id"":""wr_disaster_plan_part2_2025"",""source_name_bbox_pdf_pt"":""[91.584,649.6216000000001,167.60912,660.6616]"",""source_page"":40,""source_sha256"":""2dff4567b9c33ca127d1a4b4c2e382224f216c76ec340ca3672b199d99be1004""},""derivation"":""exact_published_station_name_to_code"",""input_path"":""data/processed/transit/cr_harbour_identity_proposals.csv"",""method"":""scoped_identity_proposal"",""proposed_station_code"":""JOS"",""station_key"":""CR_HB_LABEL:jogeshwari""}]},{""basis"":""explicit_stop_area_member"",""member_order"":5,""relation"":""11511553"",""role"":""stop"",""stop_role"":true,""stop_tag"":true}]}",19.136116,72.8489156,"{""name"":""Jogeshwari (Western Line)"",""name:mr"":""जोगेश्‍वरी"",""public_transport"":""stop_position"",""railway"":""stop"",""ref"":""4"",""train"":""yes""}",present,"[""809929147""]",10008240050,a7865ea1b59589c9202dd59711f57658ea02bfa6ca75bab373e4687ed3d91cf5,candidate_only_direction_and_platform_allocation_unresolved
derived_native_boarding_candidate,7817967703,"[""CR_HB_LABEL:jogeshwari""]","{""CR_HB_LABEL:jogeshwari"":[{""basis"":""direct_geometry_candidate"",""feature"":""node/7817967703"",""identity_match_evidence"":[{""field"":""name"",""method"":""name_from_code_matched_station"",""station_evidence"":[{""name"":""Jogeshwari (Western Line)"",""name_field"":""name"",""osm_feature"":""node/12189363305""}],""value"":""Jogeshwari (Western Line)""},{""code_reference"":{""evidence_scope"":""2025_reference_identity_not_current_service_or_capacity"",""printed_station_code"":""JOS"",""printed_station_name"":""JOGESHWARI"",""source"":""observed_railway_publication"",""source_code_bbox_pdf_pt"":""[200.81,649.6216000000001,224.51912,660.6616]"",""source_id"":""wr_disaster_plan_part2_2025"",""source_name_bbox_pdf_pt"":""[91.584,649.6216000000001,167.60912,660.6616]"",""source_page"":40,""source_sha256"":""2dff4567b9c33ca127d1a4b4c2e382224f216c76ec340ca3672b199d99be1004""},""derivation"":""exact_published_station_name_to_code"",""input_path"":""data/processed/transit/cr_harbour_identity_proposals.csv"",""method"":""scoped_identity_proposal"",""proposed_station_code"":""JOS"",""station_key"":""CR_HB_LABEL:jogeshwari""}]},{""basis"":""explicit_stop_area_member"",""member_order"":4,""relation"":""11511553"",""role"":""stop"",""stop_role"":true,""stop_tag"":true}]}",19.136124,72.8487896,"{""name"":""Jogeshwari (Western Line)"",""name:mr"":""जोगेश्‍वरी"",""public_transport"":""stop_position"",""railway"":""stop"",""ref"":""3"",""train"":""yes""}",present,"[""809929146""]",10008240050,a7865ea1b59589c9202dd59711f57658ea02bfa6ca75bab373e4687ed3d91cf5,candidate_only_direction_and_platform_allocation_unresolved
derived_native_boarding_candidate,7817978920,"[""CR_HB_LABEL:juinagar"",""CR_THB_CODE:JNJ""]","{""CR_HB_LABEL:juinagar"":[{""basis"":""direct_geometry_candidate"",""feature"":""node/7817978920"",""identity_match_evidence"":[{""field"":""name"",""method"":""case_space_punctuation_equivalence"",""value"":""Juinagar""},{""field"":""name:en"",""method"":""case_space_punctuation_equivalence"",""value"":""Juinagar""}]},{""basis"":""explicit_stop_area_member"",""member_order"":5,""relation"":""11511638"",""role"":""stop"",""stop_role"":true,""stop_tag"":true}],""CR_THB_CODE:JNJ"":[{""basis"":""direct_geometry_candidate"",""feature"":""node/7817978920"",""identity_match_evidence"":[{""field"":""name"",""method"":""name_from_code_matched_station"",""station_evidence"":[{""name"":""Juinagar"",""name_field"":""name"",""osm_feature"":""way/642845770""},{""name"":""Juinagar"",""name_field"":""name:en"",""osm_feature"":""way/642845770""},{""name"":""Jui Nagar"",""name_field"":""alt_name"",""osm_feature"":""way/642845770""}],""value"":""Juinagar""},{""field"":""name:en"",""method"":""name_from_code_matched_station"",""station_evidence"":[{""name"":""Juinagar"",""name_field"":""name"",""osm_feature"":""way/642845770""},{""name"":""Juinagar"",""name_field"":""name:en"",""osm_feature"":""way/642845770""},{""name"":""Jui Nagar"",""name_field"":""alt_name"",""osm_feature"":""way/642845770""}],""value"":""Juinagar""}]},{""basis"":""explicit_stop_area_member"",""member_order"":5,""relation"":""11511638"",""role"":""stop"",""stop_role"":true,""stop_tag"":true}]}",19.0558943,73.0185786,"{""name"":""Juinagar"",""name:en"":""Juinagar"",""name:hi"":""जुईनगर"",""public_transport"":""stop_position"",""railway"":""stop"",""ref"":""1"",""train"":""yes""}",present,"[""1164686612"",""1451547802""]",10008240050,a7865ea1b59589c9202dd59711f57658ea02bfa6ca75bab373e4687ed3d91cf5,candidate_only_direction_and_platform_allocation_unresolved
derived_native_boarding_candidate,7817978921,"[""CR_HB_LABEL:juinagar"",""CR_THB_CODE:JNJ""]","{""CR_HB_LABEL:juinagar"":[{""basis"":""direct_geometry_candidate"",""feature"":""node/7817978921"",""identity_match_evidence"":[{""field"":""name"",""method"":""case_space_punctuation_equivalence"",""value"":""Juinagar""},{""field"":""name:en"",""method"":""case_space_punctuation_equivalence"",""value"":""Juinagar""}]},{""basis"":""explicit_stop_area_member"",""member_order"":4,""relation"":""11511638"",""role"":""stop"",""stop_role"":true,""stop_tag"":true}],""CR_THB_CODE:JNJ"":[{""basis"":""direct_geometry_candidate"",""feature"":""node/7817978921"",""identity_match_evidence"":[{""field"":""name"",""method"":""name_from_code_matched_station"",""station_evidence"":[{""name"":""Juinagar"",""name_field"":""name"",""osm_feature"":""way/642845770""},{""name"":""Juinagar"",""name_field"":""name:en"",""osm_feature"":""way/642845770""},{""name"":""Jui Nagar"",""name_field"":""alt_name"",""osm_feature"":""way/642845770""}],""value"":""Juinagar""},{""field"":""name:en"",""method"":""name_from_code_matched_station"",""station_evidence"":[{""name"":""Juinagar"",""name_field"":""name"",""osm_feature"":""way/642845770""},{""name"":""Juinagar"",""name_field"":""name:en"",""osm_feature"":""way/642845770""},{""name"":""Jui Nagar"",""name_field"":""alt_name"",""osm_feature"":""way/642845770""}],""value"":""Juinagar""}]},{""basis"":""explicit_stop_area_member"",""member_order"":4,""relation"":""11511638"",""role"":""stop"",""stop_role"":true,""stop_tag"":true}]}",19.0558968,73.0184443,"{""name"":""Juinagar"",""name:en"":""Juinagar"",""name:hi"":""जुईनगर"",""public_transport"":""stop_position"",""railway"":""stop"",""ref"":""2"",""train"":""yes""}",present,"[""1164686610"",""1451547800""]",10008240050,a7865ea1b59589c9202dd59711f57658ea02bfa6ca75bab373e4687ed3d91cf5,candidate_only_direction_and_platform_allocation_unresolved
derived_native_boarding_candidate,7817978922,"[""CR_HB_LABEL:juinagar"",""CR_THB_CODE:JNJ""]","{""CR_HB_LABEL:juinagar"":[{""basis"":""direct_geometry_candidate"",""feature"":""node/7817978922"",""identity_match_evidence"":[{""field"":""name"",""method"":""case_space_punctuation_equivalence"",""value"":""Juinagar""},{""field"":""name:en"",""method"":""case_space_punctuation_equivalence"",""value"":""Juinagar""}]},{""basis"":""explicit_stop_area_member"",""member_order"":3,""relation"":""11511638"",""role"":""stop"",""stop_role"":true,""stop_tag"":true}],""CR_THB_CODE:JNJ"":[{""basis"":""direct_geometry_candidate"",""feature"":""node/7817978922"",""identity_match_evidence"":[{""field"":""name"",""method"":""name_from_code_matched_station"",""station_evidence"":[{""name"":""Juinagar"",""name_field"":""name"",""osm_feature"":""way/642845770""},{""name"":""Juinagar"",""name_field"":""name:en"",""osm_feature"":""way/642845770""},{""name"":""Jui Nagar"",""name_field"":""alt_name"",""osm_feature"":""way/642845770""}],""value"":""Juinagar""},{""field"":""name:en"",""method"":""name_from_code_matched_station"",""station_evidence"":[{""name"":""Juinagar"",""name_field"":""name"",""osm_feature"":""way/642845770""},{""name"":""Juinagar"",""name_field"":""name:en"",""osm_feature"":""way/642845770""},{""name"":""Jui Nagar"",""name_field"":""alt_name"",""osm_feature"":""way/642845770""}],""value"":""Juinagar""}]},{""basis"":""explicit_stop_area_member"",""member_order"":3,""relation"":""11511638"",""role"":""stop"",""stop_role"":true,""stop_tag"":true}]}",19.055897,73.018304,"{""name"":""Juinagar"",""name:en"":""Juinagar"",""name:hi"":""जुईनगर"",""public_transport"":""stop_position"",""railway"":""stop"",""ref"":""3"",""train"":""yes""}",present,"[""1451547798""]",10008240050,a7865ea1b59589c9202dd59711f57658ea02bfa6ca75bab373e4687ed3d91cf5,candidate_only_direction_and_platform_allocation_unresolved
derived_native_boarding_candidate,7817978923,"[""CR_HB_LABEL:juinagar"",""CR_THB_CODE:JNJ""]","{""CR_HB_LABEL:juinagar"":[{""basis"":""direct_geometry_candidate"",""feature"":""node/7817978923"",""identity_match_evidence"":[{""field"":""name"",""method"":""case_space_punctuation_equivalence"",""value"":""Juinagar""},{""field"":""name:en"",""method"":""case_space_punctuation_equivalence"",""value"":""Juinagar""}]},{""basis"":""explicit_stop_area_member"",""member_order"":2,""relation"":""11511638"",""role"":""stop"",""stop_role"":true,""stop_tag"":true}],""CR_THB_CODE:JNJ"":[{""basis"":""direct_geometry_candidate"",""feature"":""node/7817978923"",""identity_match_evidence"":[{""field"":""name"",""method"":""name_from_code_matched_station"",""station_evidence"":[{""name"":""Juinagar"",""name_field"":""name"",""osm_feature"":""way/642845770""},{""name"":""Juinagar"",""name_field"":""name:en"",""osm_feature"":""way/642845770""},{""name"":""Jui Nagar"",""name_field"":""alt_name"",""osm_feature"":""way/642845770""}],""value"":""Juinagar""},{""field"":""name:en"",""method"":""name_from_code_matched_station"",""station_evidence"":[{""name"":""Juinagar"",""name_field"":""name"",""osm_feature"":""way/642845770""},{""name"":""Juinagar"",""name_field"":""name:en"",""osm_feature"":""way/642845770""},{""name"":""Jui Nagar"",""name_field"":""alt_name"",""osm_feature"":""way/642845770""}],""value"":""Juinagar""}]},{""basis"":""explicit_stop_area_member"",""member_order"":2,""relation"":""11511638"",""role"":""stop"",""stop_role"":true,""stop_tag"":true}]}",19.0558897,73.0181675,"{""name"":""Juinagar"",""name:en"":""Juinagar"",""name:hi"":""जुईनगर"",""public_transport"":""stop_position"",""railway"":""stop"",""ref"":""4"",""train"":""yes""}",present,"[""1451547796""]",10008240050,a7865ea1b59589c9202dd59711f57658ea02bfa6ca75bab373e4687ed3d91cf5,candidate_only_direction_and_platform_allocation_unresolved
derived_native_boarding_candidate,7817991345,"[""CR_HB_LABEL:ramnagar""]","{""CR_HB_LABEL:ramnagar"":[{""basis"":""direct_geometry_candidate"",""feature"":""node/7817991345"",""identity_match_evidence"":[{""field"":""name"",""method"":""name_from_code_matched_station"",""station_evidence"":[{""name"":""Ram Mandir"",""name_field"":""name"",""osm_feature"":""node/5909533857""}],""value"":""Ram Mandir""},{""code_reference"":{""evidence_scope"":""2025_reference_identity_not_current_service_or_capacity"",""printed_station_code"":""RMAR"",""printed_station_name"":""RAM MANDIR"",""source"":""observed_railway_publication"",""source_code_bbox_pdf_pt"":""[195.41,635.1016,230.03912,646.1415999999999]"",""source_id"":""wr_disaster_plan_part2_2025"",""source_name_bbox_pdf_pt"":""[93.144,635.1016,166.04912,646.1415999999999]"",""source_page"":40,""source_sha256"":""2dff4567b9c33ca127d1a4b4c2e382224f216c76ec340ca3672b199d99be1004""},""derivation"":""inferred_label_correction_from_adjacent_station_order"",""input_path"":""data/processed/transit/cr_harbour_identity_proposals.csv"",""method"":""scoped_identity_proposal"",""proposed_station_code"":""RMAR"",""station_key"":""CR_HB_LABEL:ramnagar""}]},{""basis"":""explicit_stop_area_member"",""member_order"":6,""relation"":""11511557"",""role"":""stop"",""stop_role"":true,""stop_tag"":true}]}",19.151382,72.850086,"{""name"":""Ram Mandir"",""public_transport"":""stop_position"",""railway"":""stop"",""ref"":""3"",""train"":""yes""}",present,"[""1111211584""]",10008240050,a7865ea1b59589c9202dd59711f57658ea02bfa6ca75bab373e4687ed3d91cf5,candidate_only_direction_and_platform_allocation_unresolved
derived_native_boarding_candidate,7817991346,"[""CR_HB_LABEL:ramnagar""]","{""CR_HB_LABEL:ramnagar"":[{""basis"":""direct_geometry_candidate"",""feature"":""node/7817991346"",""identity_match_evidence"":[{""field"":""name"",""method"":""name_from_code_matched_station"",""station_evidence"":[{""name"":""Ram Mandir"",""name_field"":""name"",""osm_feature"":""node/5909533857""}],""value"":""Ram Mandir""},{""code_reference"":{""evidence_scope"":""2025_reference_identity_not_current_service_or_capacity"",""printed_station_code"":""RMAR"",""printed_station_name"":""RAM MANDIR"",""source"":""observed_railway_publication"",""source_code_bbox_pdf_pt"":""[195.41,635.1016,230.03912,646.1415999999999]"",""source_id"":""wr_disaster_plan_part2_2025"",""source_name_bbox_pdf_pt"":""[93.144,635.1016,166.04912,646.1415999999999]"",""source_page"":40,""source_sha256"":""2dff4567b9c33ca127d1a4b4c2e382224f216c76ec340ca3672b199d99be1004""},""derivation"":""inferred_label_correction_from_adjacent_station_order"",""input_path"":""data/processed/transit/cr_harbour_identity_proposals.csv"",""method"":""scoped_identity_proposal"",""proposed_station_code"":""RMAR"",""station_key"":""CR_HB_LABEL:ramnagar""}]},{""basis"":""explicit_stop_area_member"",""member_order"":5,""relation"":""11511557"",""role"":""stop"",""stop_role"":true,""stop_tag"":true}]}",19.1513815,72.8500404,"{""name"":""Ram Mandir"",""public_transport"":""stop_position"",""railway"":""stop"",""ref"":""2"",""train"":""yes""}",present,"[""1111211586""]",10008240050,a7865ea1b59589c9202dd59711f57658ea02bfa6ca75bab373e4687ed3d91cf5,candidate_only_direction_and_platform_allocation_unresolved
derived_native_boarding_candidate,7817991347,"[""CR_HB_LABEL:ramnagar""]","{""CR_HB_LABEL:ramnagar"":[{""basis"":""direct_geometry_candidate"",""feature"":""node/7817991347"",""identity_match_evidence"":[{""field"":""name"",""method"":""name_from_code_matched_station"",""station_evidence"":[{""name"":""Ram Mandir"",""name_field"":""name"",""osm_feature"":""node/5909533857""}],""value"":""Ram Mandir""},{""code_reference"":{""evidence_scope"":""2025_reference_identity_not_current_service_or_capacity"",""printed_station_code"":""RMAR"",""printed_station_name"":""RAM MANDIR"",""source"":""observed_railway_publication"",""source_code_bbox_pdf_pt"":""[195.41,635.1016,230.03912,646.1415999999999]"",""source_id"":""wr_disaster_plan_part2_2025"",""source_name_bbox_pdf_pt"":""[93.144,635.1016,166.04912,646.1415999999999]"",""source_page"":40,""source_sha256"":""2dff4567b9c33ca127d1a4b4c2e382224f216c76ec340ca3672b199d99be1004""},""derivation"":""inferred_label_correction_from_adjacent_station_order"",""input_path"":""data/processed/transit/cr_harbour_identity_proposals.csv"",""method"":""scoped_identity_proposal"",""proposed_station_code"":""RMAR"",""station_key"":""CR_HB_LABEL:ramnagar""}]},{""basis"":""explicit_stop_area_member"",""member_order"":4,""relation"":""11511557"",""role"":""stop"",""stop_role"":true,""stop_tag"":true}]}",19.151369,72.8498795,"{""name"":""Ram Mandir"",""public_transport"":""stop_position"",""railway"":""stop"",""ref"":""1"",""train"":""yes""}",present,"[""1111211588""]",10008240050,a7865ea1b59589c9202dd59711f57658ea02bfa6ca75bab373e4687ed3d91cf5,candidate_only_direction_and_platform_allocation_unresolved
derived_native_boarding_candidate,7817991348,"[""CR_HB_LABEL:ramnagar""]","{""CR_HB_LABEL:ramnagar"":[{""basis"":""direct_geometry_candidate"",""feature"":""node/7817991348"",""identity_match_evidence"":[{""field"":""name"",""method"":""name_from_code_matched_station"",""station_evidence"":[{""name"":""Ram Mandir"",""name_field"":""name"",""osm_feature"":""node/5909533857""}],""value"":""Ram Mandir""},{""code_reference"":{""evidence_scope"":""2025_reference_identity_not_current_service_or_capacity"",""printed_station_code"":""RMAR"",""printed_station_name"":""RAM MANDIR"",""source"":""observed_railway_publication"",""source_code_bbox_pdf_pt"":""[195.41,635.1016,230.03912,646.1415999999999]"",""source_id"":""wr_disaster_plan_part2_2025"",""source_name_bbox_pdf_pt"":""[93.144,635.1016,166.04912,646.1415999999999]"",""source_page"":40,""source_sha256"":""2dff4567b9c33ca127d1a4b4c2e382224f216c76ec340ca3672b199d99be1004""},""derivation"":""inferred_label_correction_from_adjacent_station_order"",""input_path"":""data/processed/transit/cr_harbour_identity_proposals.csv"",""method"":""scoped_identity_proposal"",""proposed_station_code"":""RMAR"",""station_key"":""CR_HB_LABEL:ramnagar""}]},{""basis"":""explicit_stop_area_member"",""member_order"":7,""relation"":""11511557"",""role"":""stop"",""stop_role"":true,""stop_tag"":true}]}",19.151392,72.8502254,"{""name"":""Ram Mandir"",""public_transport"":""stop_position"",""railway"":""stop"",""ref"":""4"",""train"":""yes""}",present,"[""1111211582""]",10008240050,a7865ea1b59589c9202dd59711f57658ea02bfa6ca75bab373e4687ed3d91cf5,candidate_only_direction_and_platform_allocation_unresolved
derived_native_boarding_candidate,7818022403,"[""CR_HB_LABEL:sanpada"",""CR_THB_CODE:SNPD""]","{""CR_HB_LABEL:sanpada"":[{""basis"":""direct_geometry_candidate"",""feature"":""node/7818022403"",""identity_match_evidence"":[{""field"":""name"",""method"":""case_space_punctuation_equivalence"",""value"":""Sanpada""}]},{""basis"":""explicit_stop_area_member"",""member_order"":3,""relation"":""11511623"",""role"":"""",""stop_role"":false,""stop_tag"":true}],""CR_THB_CODE:SNPD"":[{""basis"":""direct_geometry_candidate"",""feature"":""node/7818022403"",""identity_match_evidence"":[{""field"":""name"",""method"":""name_from_code_matched_station"",""station_evidence"":[{""name"":""Sanpada"",""name_field"":""name"",""osm_feature"":""way/151769149""}],""value"":""Sanpada""},{""code_reference"":{""input_path"":""data/processed/observed/osm_transport_relations.csv"",""source_pbf_sha256"":""c335a72cadfebc3ffde5cfff20fc9711f3112bc11000d43fde4daea10c36b53e"",""station_evidence"":[{""station_feature_id"":""way/151769149"",""station_source_tags"":{""addr:city"":""Navi Mumbai"",""addr:postcode"":""400706"",""addr:street"":""Sanpada Station Road"",""building"":""retail"",""internet_access"":""yes"",""layer"":""1"",""name"":""Sanpada"",""name:hi"":""सानपाडा"",""network"":""Mumbai Suburban Railway Network"",""operator"":""Central Railways"",""platforms"":""4"",""public_transport"":""station"",""railway"":""station"",""ref"":""SNCR"",""train"":""yes"",""wheelchair"":""limited"",""wikidata"":""Q7418902"",""wikipedia"":""en:Sanpada railway station""},""stop_area_relation_id"":""11511623""}]},""derivation"":""scoped_bidirectional_mapped_route_neighbour_identity"",""input_path"":""data/processed/transit/cr_harbour_identity_proposals.csv"",""method"":""scoped_identity_proposal"",""proposed_station_code"":""SNCR"",""station_key"":""CR_THB_CODE:SNPD""}]},{""basis"":""explicit_stop_area_member"",""member_order"":3,""relation"":""11511623"",""role"":"""",""stop_role"":false,""stop_tag"":true}]}",19.0659002,73.0095732,"{""name"":""Sanpada"",""name:hi"":""सानपाडा"",""public_transport"":""stop_position"",""railway"":""stop"",""ref"":""3"",""train"":""yes""}",present,"[""490029190""]",10008240050,a7865ea1b59589c9202dd59711f57658ea02bfa6ca75bab373e4687ed3d91cf5,candidate_only_direction_and_platform_allocation_unresolved
derived_native_boarding_candidate,7818024713,"[""CR_HB_LABEL:tilaknagar""]","{""CR_HB_LABEL:tilaknagar"":[{""basis"":""direct_geometry_candidate"",""feature"":""node/7818024713"",""identity_match_evidence"":[{""field"":""name"",""method"":""case_space_punctuation_equivalence"",""value"":""Tilak Nagar""}]},{""basis"":""explicit_stop_area_member"",""member_order"":4,""relation"":""11511603"",""role"":""stop"",""stop_role"":true,""stop_tag"":true}]}",19.0657151,72.8904873,"{""name"":""Tilak Nagar"",""public_transport"":""stop_position"",""railway"":""stop"",""ref"":""1"",""train"":""yes""}",present,"[""915942605""]",10008240050,a7865ea1b59589c9202dd59711f57658ea02bfa6ca75bab373e4687ed3d91cf5,candidate_only_direction_and_platform_allocation_unresolved
derived_native_boarding_candidate,7818030804,"[""CR_THB_CODE:SWDV""]","{""CR_THB_CODE:SWDV"":[{""basis"":""direct_geometry_candidate"",""feature"":""node/7818030804"",""identity_match_evidence"":[{""field"":""name"",""method"":""name_from_code_matched_station"",""station_evidence"":[{""name"":""Seawoods"",""name_field"":""name"",""osm_feature"":""node/12189351683""},{""name"":""Seawoods"",""name_field"":""name:en"",""osm_feature"":""node/12189351683""}],""value"":""Seawoods""},{""field"":""name:en"",""method"":""name_from_code_matched_station"",""station_evidence"":[{""name"":""Seawoods"",""name_field"":""name"",""osm_feature"":""node/12189351683""},{""name"":""Seawoods"",""name_field"":""name:en"",""osm_feature"":""node/12189351683""}],""value"":""Seawoods""}]},{""basis"":""explicit_stop_area_member"",""member_order"":7,""relation"":""11508000"",""role"":""stop"",""stop_role"":true,""stop_tag"":true}]}",19.0219561,73.0193143,"{""name"":""Seawoods"",""name:en"":""Seawoods"",""name:hi"":""सीवुड्ज़"",""public_transport"":""stop_position"",""railway"":""stop"",""ref"":""1"",""train"":""yes""}",present,"[""1058064653""]",10008240050,a7865ea1b59589c9202dd59711f57658ea02bfa6ca75bab373e4687ed3d91cf5,candidate_only_direction_and_platform_allocation_unresolved
derived_native_boarding_candidate,7818030805,"[""CR_THB_CODE:SWDV""]","{""CR_THB_CODE:SWDV"":[{""basis"":""direct_geometry_candidate"",""feature"":""node/7818030805"",""identity_match_evidence"":[{""field"":""name"",""method"":""name_from_code_matched_station"",""station_evidence"":[{""name"":""Seawoods"",""name_field"":""name"",""osm_feature"":""node/12189351683""},{""name"":""Seawoods"",""name_field"":""name:en"",""osm_feature"":""node/12189351683""}],""value"":""Seawoods""},{""field"":""name:en"",""method"":""name_from_code_matched_station"",""station_evidence"":[{""name"":""Seawoods"",""name_field"":""name"",""osm_feature"":""node/12189351683""},{""name"":""Seawoods"",""name_field"":""name:en"",""osm_feature"":""node/12189351683""}],""value"":""Seawoods""}]},{""basis"":""explicit_stop_area_member"",""member_order"":8,""relation"":""11508000"",""role"":""stop"",""stop_role"":true,""stop_tag"":true}]}",19.021867,73.0192097,"{""name"":""Seawoods"",""name:en"":""Seawoods"",""name:hi"":""सीवुड्ज़"",""public_transport"":""stop_position"",""railway"":""stop"",""ref"":""2"",""train"":""yes""}",present,"[""1058064652""]",10008240050,a7865ea1b59589c9202dd59711f57658ea02bfa6ca75bab373e4687ed3d91cf5,candidate_only_direction_and_platform_allocation_unresolved
derived_native_boarding_candidate,7818030806,"[""CR_THB_CODE:SWDV""]","{""CR_THB_CODE:SWDV"":[{""basis"":""direct_geometry_candidate"",""feature"":""node/7818030806"",""identity_match_evidence"":[{""field"":""name"",""method"":""name_from_code_matched_station"",""station_evidence"":[{""name"":""Seawoods"",""name_field"":""name"",""osm_feature"":""node/12189351683""},{""name"":""Seawoods"",""name_field"":""name:en"",""osm_feature"":""node/12189351683""}],""value"":""Seawoods""},{""field"":""name:en"",""method"":""name_from_code_matched_station"",""station_evidence"":[{""name"":""Seawoods"",""name_field"":""name"",""osm_feature"":""node/12189351683""},{""name"":""Seawoods"",""name_field"":""name:en"",""osm_feature"":""node/12189351683""}],""value"":""Seawoods""}]},{""basis"":""explicit_stop_area_member"",""member_order"":9,""relation"":""11508000"",""role"":""stop"",""stop_role"":true,""stop_tag"":true}]}",19.0217733,73.0191051,"{""name"":""Seawoods"",""name:en"":""Seawoods"",""name:hi"":""सीवुड्ज़"",""public_transport"":""stop_position"",""railway"":""stop"",""ref"":""3"",""train"":""yes""}",present,"[""1058064651""]",10008240050,a7865ea1b59589c9202dd59711f57658ea02bfa6ca75bab373e4687ed3d91cf5,candidate_only_direction_and_platform_allocation_unresolved
derived_native_boarding_candidate,7818030807,"[""CR_THB_CODE:SWDV""]","{""CR_THB_CODE:SWDV"":[{""basis"":""direct_geometry_candidate"",""feature"":""node/7818030807"",""identity_match_evidence"":[{""field"":""name"",""method"":""name_from_code_matched_station"",""station_evidence"":[{""name"":""Seawoods"",""name_field"":""name"",""osm_feature"":""node/12189351683""},{""name"":""Seawoods"",""name_field"":""name:en"",""osm_feature"":""node/12189351683""}],""value"":""Seawoods""},{""field"":""name:en"",""method"":""name_from_code_matched_station"",""station_evidence"":[{""name"":""Seawoods"",""name_field"":""name"",""osm_feature"":""node/12189351683""},{""name"":""Seawoods"",""name_field"":""name:en"",""osm_feature"":""node/12189351683""}],""value"":""Seawoods""}]},{""basis"":""explicit_stop_area_member"",""member_order"":10,""relation"":""11508000"",""role"":""stop"",""stop_role"":true,""stop_tag"":true}]}",19.0216812,73.018989,"{""name"":""Seawoods"",""name:en"":""Seawoods"",""name:hi"":""सीवुड्ज़"",""public_transport"":""stop_position"",""railway"":""stop"",""ref"":""4"",""train"":""yes""}",present,"[""1058064650""]",10008240050,a7865ea1b59589c9202dd59711f57658ea02bfa6ca75bab373e4687ed3d91cf5,candidate_only_direction_and_platform_allocation_unresolved
derived_native_boarding_candidate,7818050098,"[""CR_THB_CODE:NEU""]","{""CR_THB_CODE:NEU"":[{""basis"":""direct_geometry_candidate"",""feature"":""node/7818050098"",""identity_match_evidence"":[{""field"":""name"",""method"":""name_from_code_matched_station"",""station_evidence"":[{""name"":""Nerul"",""name_field"":""name"",""osm_feature"":""way/572630813""}],""value"":""Nerul""},{""field"":""name:en"",""method"":""name_from_code_matched_station"",""station_evidence"":[{""name"":""Nerul"",""name_field"":""name"",""osm_feature"":""way/572630813""}],""value"":""Nerul""}]},{""basis"":""explicit_stop_area_member"",""member_order"":9,""relation"":""11511648"",""role"":"""",""stop_role"":false,""stop_tag"":true}]}",19.0335632,73.0180837,"{""name"":""Nerul"",""name:en"":""Nerul"",""name:hi"":""नेरुल"",""public_transport"":""stop_position"",""railway"":""stop"",""ref"":""4"",""train"":""yes""}",present,"[""1058064646""]",10008240050,a7865ea1b59589c9202dd59711f57658ea02bfa6ca75bab373e4687ed3d91cf5,candidate_only_direction_and_platform_allocation_unresolved
derived_native_boarding_candidate,7818050099,"[""CR_THB_CODE:NEU""]","{""CR_THB_CODE:NEU"":[{""basis"":""direct_geometry_candidate"",""feature"":""node/7818050099"",""identity_match_evidence"":[{""field"":""name"",""method"":""name_from_code_matched_station"",""station_evidence"":[{""name"":""Nerul"",""name_field"":""name"",""osm_feature"":""way/572630813""}],""value"":""Nerul""},{""field"":""name:en"",""method"":""name_from_code_matched_station"",""station_evidence"":[{""name"":""Nerul"",""name_field"":""name"",""osm_feature"":""way/572630813""}],""value"":""Nerul""}]},{""basis"":""explicit_stop_area_member"",""member_order"":10,""relation"":""11511648"",""role"":"""",""stop_role"":false,""stop_tag"":true}]}",19.0335519,73.0182161,"{""name"":""Nerul"",""name:en"":""Nerul"",""name:hi"":""नेरुल"",""public_transport"":""stop_position"",""railway"":""stop"",""ref"":""3"",""train"":""yes""}",present,"[""1058064648""]",10008240050,a7865ea1b59589c9202dd59711f57658ea02bfa6ca75bab373e4687ed3d91cf5,candidate_only_direction_and_platform_allocation_unresolved
derived_native_boarding_candidate,7818050100,"[""CR_THB_CODE:NEU""]","{""CR_THB_CODE:NEU"":[{""basis"":""direct_geometry_candidate"",""feature"":""node/7818050100"",""identity_match_evidence"":[{""field"":""name"",""method"":""name_from_code_matched_station"",""station_evidence"":[{""name"":""Nerul"",""name_field"":""name"",""osm_feature"":""way/572630813""}],""value"":""Nerul""},{""field"":""name:en"",""method"":""name_from_code_matched_station"",""station_evidence"":[{""name"":""Nerul"",""name_field"":""name"",""osm_feature"":""way/572630813""}],""value"":""Nerul""}]},{""basis"":""explicit_stop_area_member"",""member_order"":11,""relation"":""11511648"",""role"":"""",""stop_role"":false,""stop_tag"":true}]}",19.033537,73.0183511,"{""name"":""Nerul"",""name:en"":""Nerul"",""name:hi"":""नेरुल"",""public_transport"":""stop_position"",""railway"":""stop"",""ref"":""2"",""train"":""yes""}",present,"[""1058064644""]",10008240050,a7865ea1b59589c9202dd59711f57658ea02bfa6ca75bab373e4687ed3d91cf5,candidate_only_direction_and_platform_allocation_unresolved
derived_native_boarding_candidate,7818050101,"[""CR_THB_CODE:NEU""]","{""CR_THB_CODE:NEU"":[{""basis"":""direct_geometry_candidate"",""feature"":""node/7818050101"",""identity_match_evidence"":[{""field"":""name"",""method"":""name_from_code_matched_station"",""station_evidence"":[{""name"":""Nerul"",""name_field"":""name"",""osm_feature"":""way/572630813""}],""value"":""Nerul""},{""field"":""name:en"",""method"":""name_from_code_matched_station"",""station_evidence"":[{""name"":""Nerul"",""name_field"":""name"",""osm_feature"":""way/572630813""}],""value"":""Nerul""}]},{""basis"":""explicit_stop_area_member"",""member_order"":12,""relation"":""11511648"",""role"":"""",""stop_role"":false,""stop_tag"":true}]}",19.033534,73.0184826,"{""name"":""Nerul"",""name:en"":""Nerul"",""name:hi"":""नेरुल"",""public_transport"":""stop_position"",""railway"":""stop"",""ref"":""1"",""train"":""yes""}",present,"[""647589852""]",10008240050,a7865ea1b59589c9202dd59711f57658ea02bfa6ca75bab373e4687ed3d91cf5,candidate_only_direction_and_platform_allocation_unresolved
derived_native_boarding_candidate,7818050102,"[""CR_THB_CODE:NEU""]","{""CR_THB_CODE:NEU"":[{""basis"":""direct_geometry_candidate"",""feature"":""node/7818050102"",""identity_match_evidence"":[{""field"":""name"",""method"":""name_from_code_matched_station"",""station_evidence"":[{""name"":""Nerul"",""name_field"":""name"",""osm_feature"":""way/572630813""}],""value"":""Nerul""},{""field"":""name:en"",""method"":""name_from_code_matched_station"",""station_evidence"":[{""name"":""Nerul"",""name_field"":""name"",""osm_feature"":""way/572630813""}],""value"":""Nerul""}]},{""basis"":""explicit_stop_area_member"",""member_order"":13,""relation"":""11511648"",""role"":"""",""stop_role"":false,""stop_tag"":true}]}",19.0335634,73.0179554,"{""name"":""Nerul"",""name:en"":""Nerul"",""name:hi"":""नेरुल"",""public_transport"":""stop_position"",""railway"":""stop"",""ref"":""5"",""train"":""yes""}",present,"[""603593856""]",10008240050,a7865ea1b59589c9202dd59711f57658ea02bfa6ca75bab373e4687ed3d91cf5,candidate_only_direction_and_platform_allocation_unresolved
derived_native_boarding_candidate,7818050103,"[""CR_THB_CODE:NEU""]","{""CR_THB_CODE:NEU"":[{""basis"":""direct_geometry_candidate"",""feature"":""node/7818050103"",""identity_match_evidence"":[{""field"":""name"",""method"":""name_from_code_matched_station"",""station_evidence"":[{""name"":""Nerul"",""name_field"":""name"",""osm_feature"":""way/572630813""}],""value"":""Nerul""},{""field"":""name:en"",""method"":""name_from_code_matched_station"",""station_evidence"":[{""name"":""Nerul"",""name_field"":""name"",""osm_feature"":""way/572630813""}],""value"":""Nerul""}]},{""basis"":""explicit_stop_area_member"",""member_order"":14,""relation"":""11511648"",""role"":"""",""stop_role"":false,""stop_tag"":true}]}",19.0335669,73.0178332,"{""name"":""Nerul"",""name:en"":""Nerul"",""name:hi"":""नेरुल"",""public_transport"":""stop_position"",""railway"":""stop"",""ref"":""6"",""train"":""yes""}",present,"[""647589176""]",10008240050,a7865ea1b59589c9202dd59711f57658ea02bfa6ca75bab373e4687ed3d91cf5,candidate_only_direction_and_platform_allocation_unresolved
derived_native_boarding_candidate,7818064487,"[""CR_THB_CODE:KHAG""]","{""CR_THB_CODE:KHAG"":[{""basis"":""direct_geometry_candidate"",""feature"":""node/7818064487"",""identity_match_evidence"":[{""field"":""name"",""method"":""name_from_code_matched_station"",""station_evidence"":[{""name"":""Kharghar"",""name_field"":""name"",""osm_feature"":""node/12189351682""},{""name"":""Kharghar"",""name_field"":""name"",""osm_feature"":""way/562395722""}],""value"":""Kharghar""}]},{""basis"":""explicit_stop_area_member"",""member_order"":8,""relation"":""11511667"",""role"":""stop"",""stop_role"":true,""stop_tag"":true}]}",19.0259852,73.0592009,"{""name"":""Kharghar"",""public_transport"":""stop_position"",""railway"":""stop"",""ref"":""1"",""train"":""yes""}",present,"[""142502864""]",10008240050,a7865ea1b59589c9202dd59711f57658ea02bfa6ca75bab373e4687ed3d91cf5,candidate_only_direction_and_platform_allocation_unresolved
derived_native_boarding_candidate,7818064488,"[""CR_THB_CODE:KHAG""]","{""CR_THB_CODE:KHAG"":[{""basis"":""direct_geometry_candidate"",""feature"":""node/7818064488"",""identity_match_evidence"":[{""field"":""name"",""method"":""name_from_code_matched_station"",""station_evidence"":[{""name"":""Kharghar"",""name_field"":""name"",""osm_feature"":""node/12189351682""},{""name"":""Kharghar"",""name_field"":""name"",""osm_feature"":""way/562395722""}],""value"":""Kharghar""}]},{""basis"":""explicit_stop_area_member"",""member_order"":9,""relation"":""11511667"",""role"":""stop"",""stop_role"":true,""stop_tag"":true}]}",19.0258882,73.0592743,"{""name"":""Kharghar"",""public_transport"":""stop_position"",""railway"":""stop"",""ref"":""2"",""train"":""yes""}",present,"[""556743007""]",10008240050,a7865ea1b59589c9202dd59711f57658ea02bfa6ca75bab373e4687ed3d91cf5,candidate_only_direction_and_platform_allocation_unresolved
derived_native_boarding_candidate,7818067423,"[""CR_THB_CODE:MANR""]","{""CR_THB_CODE:MANR"":[{""basis"":""direct_geometry_candidate"",""feature"":""node/7818067423"",""identity_match_evidence"":[{""field"":""name"",""method"":""name_from_code_matched_station"",""station_evidence"":[{""name"":""Mansarovar"",""name_field"":""name"",""osm_feature"":""node/1435294693""}],""value"":""Mansarovar""}]},{""basis"":""explicit_stop_area_member"",""member_order"":5,""relation"":""11511700"",""role"":""stop"",""stop_role"":true,""stop_tag"":true}]}",19.0165086,73.0806676,"{""name"":""Mansarovar"",""public_transport"":""stop_position"",""railway"":""stop"",""ref"":""1"",""train"":""yes""}",present,"[""83276661""]",10008240050,a7865ea1b59589c9202dd59711f57658ea02bfa6ca75bab373e4687ed3d91cf5,candidate_only_direction_and_platform_allocation_unresolved
derived_native_boarding_candidate,7818067424,"[""CR_THB_CODE:MANR""]","{""CR_THB_CODE:MANR"":[{""basis"":""direct_geometry_candidate"",""feature"":""node/7818067424"",""identity_match_evidence"":[{""field"":""name"",""method"":""name_from_code_matched_station"",""station_evidence"":[{""name"":""Mansarovar"",""name_field"":""name"",""osm_feature"":""node/1435294693""}],""value"":""Mansarovar""}]},{""basis"":""explicit_stop_area_member"",""member_order"":6,""relation"":""11511700"",""role"":""stop"",""stop_role"":true,""stop_tag"":true}]}",19.0164288,73.0805622,"{""name"":""Mansarovar"",""public_transport"":""stop_position"",""railway"":""stop"",""ref"":""2"",""train"":""yes""}",present,"[""643703926""]",10008240050,a7865ea1b59589c9202dd59711f57658ea02bfa6ca75bab373e4687ed3d91cf5,candidate_only_direction_and_platform_allocation_unresolved
derived_native_boarding_candidate,7818093994,"[""CR_HB_LABEL:gtb nagar""]","{""CR_HB_LABEL:gtb nagar"":[{""basis"":""direct_geometry_candidate"",""feature"":""node/7818093994"",""identity_match_evidence"":[{""field"":""short_name"",""method"":""case_space_punctuation_equivalence"",""value"":""GTB Nagar""}]},{""basis"":""explicit_stop_area_member"",""member_order"":3,""relation"":""11511719"",""role"":""stop"",""stop_role"":true,""stop_tag"":true}]}",19.0380505,72.864284,"{""name"":""Guru Tegh Bahadur Nagar"",""public_transport"":""stop_position"",""railway"":""stop"",""ref"":""1"",""short_name"":""GTB Nagar"",""train"":""yes""}",present,"[""122303805""]",10008240050,a7865ea1b59589c9202dd59711f57658ea02bfa6ca75bab373e4687ed3d91cf5,candidate_only_direction_and_platform_allocation_unresolved
derived_native_boarding_candidate,7818093995,"[""CR_HB_LABEL:gtb nagar""]","{""CR_HB_LABEL:gtb nagar"":[{""basis"":""direct_geometry_candidate"",""feature"":""node/7818093995"",""identity_match_evidence"":[{""field"":""short_name"",""method"":""case_space_punctuation_equivalence"",""value"":""GTB Nagar""}]},{""basis"":""explicit_stop_area_member"",""member_order"":4,""relation"":""11511719"",""role"":""stop"",""stop_role"":true,""stop_tag"":true}]}",19.0379507,72.8644195,"{""name"":""Guru Tegh Bahadur Nagar"",""public_transport"":""stop_position"",""railway"":""stop"",""ref"":""2"",""short_name"":""GTB Nagar"",""train"":""yes""}",present,"[""643716982""]",10008240050,a7865ea1b59589c9202dd59711f57658ea02bfa6ca75bab373e4687ed3d91cf5,candidate_only_direction_and_platform_allocation_unresolved
derived_native_boarding_candidate,7818098638,"[""CR_THB_CODE:KNDS""]","{""CR_THB_CODE:KNDS"":[{""basis"":""direct_geometry_candidate"",""feature"":""node/7818098638"",""identity_match_evidence"":[{""field"":""name"",""method"":""name_from_code_matched_station"",""station_evidence"":[{""name"":""Khandeshwar"",""name_field"":""name"",""osm_feature"":""node/1645802025""}],""value"":""Khandeshwar""}]},{""basis"":""explicit_stop_area_member"",""member_order"":2,""relation"":""11511709"",""role"":"""",""stop_role"":false,""stop_tag"":true}]}",19.0072899,73.0952232,"{""name"":""Khandeshwar"",""name:hi"":""खांदेश्वर"",""public_transport"":""stop_position"",""railway"":""stop"",""ref"":""2"",""train"":""yes""}",present,"[""556743018""]",10008240050,a7865ea1b59589c9202dd59711f57658ea02bfa6ca75bab373e4687ed3d91cf5,candidate_only_direction_and_platform_allocation_unresolved
derived_native_boarding_candidate,7818098639,"[""CR_THB_CODE:KNDS""]","{""CR_THB_CODE:KNDS"":[{""basis"":""direct_geometry_candidate"",""feature"":""node/7818098639"",""identity_match_evidence"":[{""field"":""name"",""method"":""name_from_code_matched_station"",""station_evidence"":[{""name"":""Khandeshwar"",""name_field"":""name"",""osm_feature"":""node/1645802025""}],""value"":""Khandeshwar""}]},{""basis"":""explicit_stop_area_member"",""member_order"":3,""relation"":""11511709"",""role"":"""",""stop_role"":false,""stop_tag"":true}]}",19.0074197,73.0952545,"{""name"":""Khandeshwar"",""name:hi"":""खांदेश्वर"",""public_transport"":""stop_position"",""railway"":""stop"",""ref"":""1"",""train"":""yes""}",present,"[""643703921""]",10008240050,a7865ea1b59589c9202dd59711f57658ea02bfa6ca75bab373e4687ed3d91cf5,candidate_only_direction_and_platform_allocation_unresolved
derived_native_boarding_candidate,7818099445,"[""CR_HB_LABEL:chunabhatti""]","{""CR_HB_LABEL:chunabhatti"":[{""basis"":""direct_geometry_candidate"",""feature"":""node/7818099445"",""identity_match_evidence"":[{""field"":""name"",""method"":""case_space_punctuation_equivalence"",""value"":""Chuna Bhatti""},{""field"":""name:en"",""method"":""case_space_punctuation_equivalence"",""value"":""Chuna Bhatti""}]},{""basis"":""explicit_stop_area_member"",""member_order"":5,""relation"":""11511754"",""role"":""stop"",""stop_role"":true,""stop_tag"":true}]}",19.0518338,72.8690233,"{""name"":""Chuna Bhatti"",""name:en"":""Chuna Bhatti"",""name:hi"":""चुना भट्टी"",""name:mr"":""चुना भट्टी"",""public_transport"":""stop_position"",""railway"":""stop"",""ref"":""2"",""train"":""yes""}",present,"[""643716982""]",10008240050,a7865ea1b59589c9202dd59711f57658ea02bfa6ca75bab373e4687ed3d91cf5,candidate_only_direction_and_platform_allocation_unresolved
derived_native_boarding_candidate,7818099446,"[""CR_HB_LABEL:chunabhatti""]","{""CR_HB_LABEL:chunabhatti"":[{""basis"":""direct_geometry_candidate"",""feature"":""node/7818099446"",""identity_match_evidence"":[{""field"":""name"",""method"":""case_space_punctuation_equivalence"",""value"":""Chuna Bhatti""},{""field"":""name:en"",""method"":""case_space_punctuation_equivalence"",""value"":""Chuna Bhatti""}]},{""basis"":""explicit_stop_area_member"",""member_order"":4,""relation"":""11511754"",""role"":""stop"",""stop_role"":true,""stop_tag"":true}]}",19.0518312,72.868988,"{""name"":""Chuna Bhatti"",""name:en"":""Chuna Bhatti"",""name:hi"":""चुना भट्टी"",""name:mr"":""चुना भट्टी"",""public_transport"":""stop_position"",""railway"":""stop"",""ref"":""1"",""train"":""yes""}",present,"[""122303805""]",10008240050,a7865ea1b59589c9202dd59711f57658ea02bfa6ca75bab373e4687ed3d91cf5,candidate_only_direction_and_platform_allocation_unresolved
derived_native_boarding_candidate,7818118169,"[""CR_THB_CODE:KPHN""]","{""CR_THB_CODE:KPHN"":[{""basis"":""direct_geometry_candidate"",""feature"":""node/7818118169"",""identity_match_evidence"":[{""field"":""name"",""method"":""name_from_code_matched_station"",""station_evidence"":[{""name"":""Koparkhairne"",""name_field"":""name"",""osm_feature"":""way/655530301""}],""value"":""Koparkhairne""}]},{""basis"":""explicit_stop_area_member"",""member_order"":1,""relation"":""11511917"",""role"":"""",""stop_role"":false,""stop_tag"":true}]}",19.1033021,73.0113728,"{""name"":""Koparkhairne"",""name:hi"":""कोपरखैरने"",""public_transport"":""stop_position"",""railway"":""stop"",""train"":""yes""}",present,"[""376923787""]",10008240050,a7865ea1b59589c9202dd59711f57658ea02bfa6ca75bab373e4687ed3d91cf5,candidate_only_direction_and_platform_allocation_unresolved
derived_native_boarding_candidate,7818118170,"[""CR_THB_CODE:KPHN""]","{""CR_THB_CODE:KPHN"":[{""basis"":""direct_geometry_candidate"",""feature"":""node/7818118170"",""identity_match_evidence"":[{""field"":""name"",""method"":""name_from_code_matched_station"",""station_evidence"":[{""name"":""Koparkhairne"",""name_field"":""name"",""osm_feature"":""way/655530301""}],""value"":""Koparkhairne""}]},{""basis"":""explicit_stop_area_member"",""member_order"":2,""relation"":""11511917"",""role"":"""",""stop_role"":false,""stop_tag"":true}]}",19.103268,73.0112209,"{""name"":""Koparkhairne"",""name:hi"":""कोपरखैरने"",""public_transport"":""stop_position"",""railway"":""stop"",""train"":""yes""}",present,"[""602887053""]",10008240050,a7865ea1b59589c9202dd59711f57658ea02bfa6ca75bab373e4687ed3d91cf5,candidate_only_direction_and_platform_allocation_unresolved
derived_native_boarding_candidate,7818124494,"[""CR_THB_CODE:BEPR""]","{""CR_THB_CODE:BEPR"":[{""basis"":""direct_geometry_candidate"",""feature"":""node/7818124494"",""identity_match_evidence"":[{""field"":""name"",""method"":""name_from_code_matched_station"",""station_evidence"":[{""name"":""CBD Belapur"",""name_field"":""name"",""osm_feature"":""node/11335491946""}],""value"":""CBD Belapur""}]},{""basis"":""explicit_stop_area_member"",""member_order"":4,""relation"":""11511797"",""role"":""stop"",""stop_role"":true,""stop_tag"":true}]}",19.0189561,73.0391734,"{""name"":""CBD Belapur"",""name:mr"":""सी बी डी बेलापूर"",""public_transport"":""stop_position"",""railway"":""stop"",""ref"":""3"",""train"":""yes""}",present,"[""556743007""]",10008240050,a7865ea1b59589c9202dd59711f57658ea02bfa6ca75bab373e4687ed3d91cf5,candidate_only_direction_and_platform_allocation_unresolved
derived_native_boarding_candidate,7818124495,"[""CR_THB_CODE:BEPR""]","{""CR_THB_CODE:BEPR"":[{""basis"":""direct_geometry_candidate"",""feature"":""node/7818124495"",""identity_match_evidence"":[{""field"":""name"",""method"":""name_from_code_matched_station"",""station_evidence"":[{""name"":""CBD Belapur"",""name_field"":""name"",""osm_feature"":""node/11335491946""}],""value"":""CBD Belapur""}]},{""basis"":""explicit_stop_area_member"",""member_order"":5,""relation"":""11511797"",""role"":""stop"",""stop_role"":true,""stop_tag"":true}]}",19.0188498,73.0392365,"{""name"":""CBD Belapur"",""name:mr"":""सी बी डी बेलापूर"",""public_transport"":""stop_position"",""railway"":""stop"",""ref"":""4"",""train"":""yes""}",present,"[""556460500""]",10008240050,a7865ea1b59589c9202dd59711f57658ea02bfa6ca75bab373e4687ed3d91cf5,candidate_only_direction_and_platform_allocation_unresolved
derived_native_boarding_candidate,7818124496,"[""CR_THB_CODE:BEPR""]","{""CR_THB_CODE:BEPR"":[{""basis"":""direct_geometry_candidate"",""feature"":""node/7818124496"",""identity_match_evidence"":[{""field"":""name"",""method"":""name_from_code_matched_station"",""station_evidence"":[{""name"":""CBD Belapur"",""name_field"":""name"",""osm_feature"":""node/11335491946""}],""value"":""CBD Belapur""}]},{""basis"":""explicit_stop_area_member"",""member_order"":3,""relation"":""11511797"",""role"":""stop"",""stop_role"":true,""stop_tag"":true}]}",19.0190484,73.0390875,"{""name"":""CBD Belapur"",""name:mr"":""सी बी डी बेलापूर"",""public_transport"":""stop_position"",""railway"":""stop"",""ref"":""2"",""train"":""yes""}",present,"[""618244309""]",10008240050,a7865ea1b59589c9202dd59711f57658ea02bfa6ca75bab373e4687ed3d91cf5,candidate_only_direction_and_platform_allocation_unresolved
derived_native_boarding_candidate,7818124497,"[""CR_THB_CODE:BEPR""]","{""CR_THB_CODE:BEPR"":[{""basis"":""direct_geometry_candidate"",""feature"":""node/7818124497"",""identity_match_evidence"":[{""field"":""name"",""method"":""name_from_code_matched_station"",""station_evidence"":[{""name"":""CBD Belapur"",""name_field"":""name"",""osm_feature"":""node/11335491946""}],""value"":""CBD Belapur""}]},{""basis"":""explicit_stop_area_member"",""member_order"":2,""relation"":""11511797"",""role"":""stop"",""stop_role"":true,""stop_tag"":true}]}",19.0191401,73.0389994,"{""name"":""CBD Belapur"",""name:mr"":""सी बी डी बेलापूर"",""public_transport"":""stop_position"",""railway"":""stop"",""ref"":""1"",""train"":""yes""}",present,"[""142502864""]",10008240050,a7865ea1b59589c9202dd59711f57658ea02bfa6ca75bab373e4687ed3d91cf5,candidate_only_direction_and_platform_allocation_unresolved
derived_native_boarding_candidate,7818144558,"[""CR_THB_CODE:RABE""]","{""CR_THB_CODE:RABE"":[{""basis"":""direct_geometry_candidate"",""feature"":""node/7818144558"",""identity_match_evidence"":[{""field"":""name"",""method"":""name_from_code_matched_station"",""station_evidence"":[{""name"":""Rabale"",""name_field"":""name"",""osm_feature"":""way/655530295""}],""value"":""Rabale""}]},{""basis"":""explicit_stop_area_member"",""member_order"":5,""relation"":""11511912"",""role"":"""",""stop_role"":false,""stop_tag"":true}]}",19.1369233,73.0027882,"{""name"":""Rabale"",""public_transport"":""stop_position"",""railway"":""stop"",""train"":""yes""}",present,"[""376628633""]",10008240050,a7865ea1b59589c9202dd59711f57658ea02bfa6ca75bab373e4687ed3d91cf5,candidate_only_direction_and_platform_allocation_unresolved
derived_native_boarding_candidate,7818144559,"[""CR_THB_CODE:RABE""]","{""CR_THB_CODE:RABE"":[{""basis"":""direct_geometry_candidate"",""feature"":""node/7818144559"",""identity_match_evidence"":[{""field"":""name"",""method"":""name_from_code_matched_station"",""station_evidence"":[{""name"":""Rabale"",""name_field"":""name"",""osm_feature"":""way/655530295""}],""value"":""Rabale""}]},{""basis"":""explicit_stop_area_member"",""member_order"":6,""relation"":""11511912"",""role"":"""",""stop_role"":false,""stop_tag"":true}]}",19.1368838,73.0026434,"{""name"":""Rabale"",""public_transport"":""stop_position"",""railway"":""stop"",""train"":""yes""}",present,"[""376628628""]",10008240050,a7865ea1b59589c9202dd59711f57658ea02bfa6ca75bab373e4687ed3d91cf5,candidate_only_direction_and_platform_allocation_unresolved
derived_native_boarding_candidate,7818206407,"[""CR_THB_CODE:TUH""]","{""CR_THB_CODE:TUH"":[{""basis"":""direct_geometry_candidate"",""feature"":""node/7818206407"",""identity_match_evidence"":[{""field"":""name"",""method"":""name_from_code_matched_station"",""station_evidence"":[{""name"":""Turbhe"",""name_field"":""name"",""osm_feature"":""way/655144828""}],""value"":""Turbhe""}]},{""basis"":""explicit_stop_area_member"",""member_order"":1,""relation"":""11511919"",""role"":"""",""stop_role"":false,""stop_tag"":true}]}",19.076127,73.0175314,"{""name"":""Turbhe"",""name:hi"":""तुर्भे"",""public_transport"":""stop_position"",""railway"":""stop"",""train"":""yes""}",present,"[""621732555""]",10008240050,a7865ea1b59589c9202dd59711f57658ea02bfa6ca75bab373e4687ed3d91cf5,candidate_only_direction_and_platform_allocation_unresolved
derived_native_boarding_candidate,7818206408,"[""CR_THB_CODE:TUH""]","{""CR_THB_CODE:TUH"":[{""basis"":""direct_geometry_candidate"",""feature"":""node/7818206408"",""identity_match_evidence"":[{""field"":""name"",""method"":""name_from_code_matched_station"",""station_evidence"":[{""name"":""Turbhe"",""name_field"":""name"",""osm_feature"":""way/655144828""}],""value"":""Turbhe""}]},{""basis"":""explicit_stop_area_member"",""member_order"":2,""relation"":""11511919"",""role"":"""",""stop_role"":false,""stop_tag"":true}]}",19.0761458,73.0176712,"{""name"":""Turbhe"",""name:hi"":""तुर्भे"",""public_transport"":""stop_position"",""railway"":""stop"",""train"":""yes""}",present,"[""621732542""]",10008240050,a7865ea1b59589c9202dd59711f57658ea02bfa6ca75bab373e4687ed3d91cf5,candidate_only_direction_and_platform_allocation_unresolved
derived_native_boarding_candidate,7818206409,"[""CR_THB_CODE:TUH""]","{""CR_THB_CODE:TUH"":[{""basis"":""direct_geometry_candidate"",""feature"":""node/7818206409"",""identity_match_evidence"":[{""field"":""name"",""method"":""name_from_code_matched_station"",""station_evidence"":[{""name"":""Turbhe"",""name_field"":""name"",""osm_feature"":""way/655144828""}],""value"":""Turbhe""}]},{""basis"":""explicit_stop_area_member"",""member_order"":3,""relation"":""11511919"",""role"":"""",""stop_role"":false,""stop_tag"":true}]}",19.0761641,73.0178192,"{""name"":""Turbhe"",""name:hi"":""तुर्भे"",""public_transport"":""stop_position"",""railway"":""stop"",""train"":""yes""}",present,"[""946201808""]",10008240050,a7865ea1b59589c9202dd59711f57658ea02bfa6ca75bab373e4687ed3d91cf5,candidate_only_direction_and_platform_allocation_unresolved
derived_native_boarding_candidate,7818206410,"[""CR_THB_CODE:TUH""]","{""CR_THB_CODE:TUH"":[{""basis"":""direct_geometry_candidate"",""feature"":""node/7818206410"",""identity_match_evidence"":[{""field"":""name"",""method"":""name_from_code_matched_station"",""station_evidence"":[{""name"":""Turbhe"",""name_field"":""name"",""osm_feature"":""way/655144828""}],""value"":""Turbhe""}]},{""basis"":""explicit_stop_area_member"",""member_order"":4,""relation"":""11511919"",""role"":"""",""stop_role"":false,""stop_tag"":true}]}",19.0761765,73.0179634,"{""name"":""Turbhe"",""name:hi"":""तुर्भे"",""public_transport"":""stop_position"",""railway"":""stop"",""train"":""yes""}",present,"[""621732572""]",10008240050,a7865ea1b59589c9202dd59711f57658ea02bfa6ca75bab373e4687ed3d91cf5,candidate_only_direction_and_platform_allocation_unresolved
derived_native_boarding_candidate,7818209607,"[""CR_THB_CODE:GNSL""]","{""CR_THB_CODE:GNSL"":[{""basis"":""direct_geometry_candidate"",""feature"":""node/7818209607"",""identity_match_evidence"":[{""field"":""name"",""method"":""name_from_code_matched_station"",""station_evidence"":[{""name"":""Ghansoli"",""name_field"":""name"",""osm_feature"":""way/655530297""}],""value"":""Ghansoli""}]},{""basis"":""explicit_stop_area_member"",""member_order"":1,""relation"":""11511914"",""role"":"""",""stop_role"":false,""stop_tag"":true}]}",19.1164165,73.0070605,"{""name"":""Ghansoli"",""name:hi"":""घनसोली"",""name:mr"":""घणसोली"",""public_transport"":""stop_position"",""railway"":""stop"",""train"":""yes""}",present,"[""376923787""]",10008240050,a7865ea1b59589c9202dd59711f57658ea02bfa6ca75bab373e4687ed3d91cf5,candidate_only_direction_and_platform_allocation_unresolved
derived_native_boarding_candidate,7818209608,"[""CR_THB_CODE:GNSL""]","{""CR_THB_CODE:GNSL"":[{""basis"":""direct_geometry_candidate"",""feature"":""node/7818209608"",""identity_match_evidence"":[{""field"":""name"",""method"":""name_from_code_matched_station"",""station_evidence"":[{""name"":""Ghansoli"",""name_field"":""name"",""osm_feature"":""way/655530297""}],""value"":""Ghansoli""}]},{""basis"":""explicit_stop_area_member"",""member_order"":2,""relation"":""11511914"",""role"":"""",""stop_role"":false,""stop_tag"":true}]}",19.1163605,73.0069182,"{""name"":""Ghansoli"",""name:hi"":""घनसोली"",""name:mr"":""घणसोली"",""network"":""train"",""public_transport"":""stop_position"",""railway"":""stop"",""ref"":""platform no.2"",""train"":""yes""}",present,"[""602887053""]",10008240050,a7865ea1b59589c9202dd59711f57658ea02bfa6ca75bab373e4687ed3d91cf5,candidate_only_direction_and_platform_allocation_unresolved
derived_native_boarding_candidate,7818210885,"[""CR_THB_CODE:AIRL""]","{""CR_THB_CODE:AIRL"":[{""basis"":""direct_geometry_candidate"",""feature"":""node/7818210885"",""identity_match_evidence"":[{""field"":""name"",""method"":""name_from_code_matched_station"",""station_evidence"":[{""name"":""Airoli"",""name_field"":""name"",""osm_feature"":""way/655146730""},{""name"":""Airoli"",""name_field"":""name:en"",""osm_feature"":""way/655146730""}],""value"":""Airoli""},{""field"":""name:en"",""method"":""name_from_code_matched_station"",""station_evidence"":[{""name"":""Airoli"",""name_field"":""name"",""osm_feature"":""way/655146730""},{""name"":""Airoli"",""name_field"":""name:en"",""osm_feature"":""way/655146730""}],""value"":""Airoli""},{""field"":""official_name"",""method"":""name_from_code_matched_station"",""station_evidence"":[{""name"":""Airavali"",""name_field"":""official_name"",""osm_feature"":""way/655146730""}],""value"":""Airavali""}]},{""basis"":""explicit_stop_area_member"",""member_order"":1,""relation"":""11511911"",""role"":"""",""stop_role"":false,""stop_tag"":true}]}",19.1585731,72.9994763,"{""name"":""Airoli"",""name:en"":""Airoli"",""official_name"":""Airavali"",""official_name:en"":""Airavali"",""public_transport"":""stop_position"",""railway"":""stop"",""train"":""yes""}",present,"[""318496407""]",10008240050,a7865ea1b59589c9202dd59711f57658ea02bfa6ca75bab373e4687ed3d91cf5,candidate_only_direction_and_platform_allocation_unresolved
derived_native_boarding_candidate,7818210886,"[""CR_THB_CODE:AIRL""]","{""CR_THB_CODE:AIRL"":[{""basis"":""direct_geometry_candidate"",""feature"":""node/7818210886"",""identity_match_evidence"":[{""field"":""name"",""method"":""name_from_code_matched_station"",""station_evidence"":[{""name"":""Airoli"",""name_field"":""name"",""osm_feature"":""way/655146730""},{""name"":""Airoli"",""name_field"":""name:en"",""osm_feature"":""way/655146730""}],""value"":""Airoli""},{""field"":""name:en"",""method"":""name_from_code_matched_station"",""station_evidence"":[{""name"":""Airoli"",""name_field"":""name"",""osm_feature"":""way/655146730""},{""name"":""Airoli"",""name_field"":""name:en"",""osm_feature"":""way/655146730""}],""value"":""Airoli""},{""field"":""official_name"",""method"":""name_from_code_matched_station"",""station_evidence"":[{""name"":""Airavali"",""name_field"":""official_name"",""osm_feature"":""way/655146730""}],""value"":""Airavali""}]},{""basis"":""explicit_stop_area_member"",""member_order"":2,""relation"":""11511911"",""role"":"""",""stop_role"":false,""stop_tag"":true}]}",19.1585646,72.999327,"{""name"":""Airoli"",""name:en"":""Airoli"",""official_name"":""Airavali"",""official_name:en"":""Airavali"",""public_transport"":""stop_position"",""railway"":""stop"",""train"":""yes""}",present,"[""621732530""]",10008240050,a7865ea1b59589c9202dd59711f57658ea02bfa6ca75bab373e4687ed3d91cf5,candidate_only_direction_and_platform_allocation_unresolved
derived_native_boarding_candidate,9156468960,"[""CR_HB_LABEL:goregaon""]","{""CR_HB_LABEL:goregaon"":[{""basis"":""direct_geometry_candidate"",""feature"":""node/9156468960"",""identity_match_evidence"":[{""field"":""name"",""method"":""case_space_punctuation_equivalence"",""value"":""Goregaon""}]},{""basis"":""explicit_stop_area_member"",""member_order"":11,""relation"":""11511559"",""role"":""stop"",""stop_role"":true,""stop_tag"":true}]}",19.1648593,72.8492418,"{""name"":""Goregaon"",""public_transport"":""stop_position"",""railway"":""stop"",""ref"":""1"",""train"":""yes""}",present,"[""807592615"",""991001179""]",10008240050,a7865ea1b59589c9202dd59711f57658ea02bfa6ca75bab373e4687ed3d91cf5,candidate_only_direction_and_platform_allocation_unresolved
derived_native_boarding_candidate,10879528557,"[""CR_HB_LABEL:jogeshwari""]","{""CR_HB_LABEL:jogeshwari"":[{""basis"":""direct_geometry_candidate"",""feature"":""node/10879528557"",""identity_match_evidence"":[{""field"":""name"",""method"":""name_from_code_matched_station"",""station_evidence"":[{""name"":""Jogeshwari (Harbour Line)"",""name_field"":""name"",""osm_feature"":""node/12189351698""}],""value"":""Jogeshwari (Harbour Line)""},{""code_reference"":{""evidence_scope"":""2025_reference_identity_not_current_service_or_capacity"",""printed_station_code"":""JOS"",""printed_station_name"":""JOGESHWARI"",""source"":""observed_railway_publication"",""source_code_bbox_pdf_pt"":""[200.81,649.6216000000001,224.51912,660.6616]"",""source_id"":""wr_disaster_plan_part2_2025"",""source_name_bbox_pdf_pt"":""[91.584,649.6216000000001,167.60912,660.6616]"",""source_page"":40,""source_sha256"":""2dff4567b9c33ca127d1a4b4c2e382224f216c76ec340ca3672b199d99be1004""},""derivation"":""exact_published_station_name_to_code"",""input_path"":""data/processed/transit/cr_harbour_identity_proposals.csv"",""method"":""scoped_identity_proposal"",""proposed_station_code"":""JOS"",""station_key"":""CR_HB_LABEL:jogeshwari""}]},{""basis"":""explicit_stop_area_member"",""member_order"":5,""relation"":""18072380"",""role"":""stop"",""stop_role"":true,""stop_tag"":true}]}",19.1411522,72.8494398,"{""name"":""Jogeshwari (Harbour Line)"",""public_transport"":""stop_position"",""railway"":""stop"",""ref"":""2"",""train"":""yes""}",present,"[""486561061""]",10008240050,a7865ea1b59589c9202dd59711f57658ea02bfa6ca75bab373e4687ed3d91cf5,candidate_only_direction_and_platform_allocation_unresolved
derived_native_boarding_candidate,10879528558,"[""CR_HB_LABEL:jogeshwari""]","{""CR_HB_LABEL:jogeshwari"":[{""basis"":""direct_geometry_candidate"",""feature"":""node/10879528558"",""identity_match_evidence"":[{""field"":""name"",""method"":""name_from_code_matched_station"",""station_evidence"":[{""name"":""Jogeshwari (Harbour Line)"",""name_field"":""name"",""osm_feature"":""node/12189351698""}],""value"":""Jogeshwari (Harbour Line)""},{""code_reference"":{""evidence_scope"":""2025_reference_identity_not_current_service_or_capacity"",""printed_station_code"":""JOS"",""printed_station_name"":""JOGESHWARI"",""source"":""observed_railway_publication"",""source_code_bbox_pdf_pt"":""[200.81,649.6216000000001,224.51912,660.6616]"",""source_id"":""wr_disaster_plan_part2_2025"",""source_name_bbox_pdf_pt"":""[91.584,649.6216000000001,167.60912,660.6616]"",""source_page"":40,""source_sha256"":""2dff4567b9c33ca127d1a4b4c2e382224f216c76ec340ca3672b199d99be1004""},""derivation"":""exact_published_station_name_to_code"",""input_path"":""data/processed/transit/cr_harbour_identity_proposals.csv"",""method"":""scoped_identity_proposal"",""proposed_station_code"":""JOS"",""station_key"":""CR_HB_LABEL:jogeshwari""}]},{""basis"":""explicit_stop_area_member"",""member_order"":4,""relation"":""18072380"",""role"":""stop"",""stop_role"":true,""stop_tag"":true}]}",19.1411552,72.8494019,"{""name"":""Jogeshwari (Harbour Line)"",""public_transport"":""stop_position"",""railway"":""stop"",""ref"":""1"",""train"":""yes""}",present,"[""151835418""]",10008240050,a7865ea1b59589c9202dd59711f57658ea02bfa6ca75bab373e4687ed3d91cf5,candidate_only_direction_and_platform_allocation_unresolved
derived_native_boarding_candidate,12176277892,"[""CR_HB_LABEL:mumbai csmt""]","{""CR_HB_LABEL:mumbai csmt"":[{""basis"":""explicit_stop_area_member"",""member_order"":15,""relation"":""18043332"",""role"":""stop"",""stop_role"":true,""stop_tag"":true}]}",18.9408905,72.8357077,"{""level"":""0"",""loc_name"":""Mumbai Chhatrapati Shivaji Terminus (Suburban)"",""loc_name:en"":""Mumbai Chhatrapati Shivaji Terminus (Suburban)"",""loc_name:mr"":""मुंबई छत्रपती शिवाजी टर्मिनस (उपनगरी)"",""name"":""Mumbai CSMT (Suburban)"",""name:en"":""Mumbai CSMT (Suburban)"",""name:mr"":""मुंबई सीएसएमटी (उपनगरी)"",""official_name"":""Mumbai Chhatrapati Shivaji Maharaj Terminus (Suburban)"",""official_name:en"":""Mumbai Chhatrapati Shivaji Maharaj Terminus (Suburban)"",""official_name:mr"":""मुंबई छत्रपती शिवाजी महाराज टर्मिनस (उपनगरी)"",""old_name"":""Victoria Terminus (Suburban)"",""old_name:en"":""Victoria Terminus (Suburban)"",""old_name:mr"":""व्हिक्टोरिया टर्मिनस (उपनगरी)"",""public_transport"":""stop_position"",""railway"":""stop"",""ref"":""7"",""short_name"":""CSMT;CST;VT"",""short_name:en"":""CSMT;CST;VT"",""short_name:hi"":""सीएसएमटी;सीएसटी;व्हीटी"",""short_name:mr"":""सीएसएमटी;सीएसटी;व्हीटी"",""source"":""Esri World imagery (2024-09-14)"",""tactile_paving"":""yes"",""train"":""yes""}",present,"[""1315478116""]",10008240050,a7865ea1b59589c9202dd59711f57658ea02bfa6ca75bab373e4687ed3d91cf5,candidate_only_direction_and_platform_allocation_unresolved
derived_native_boarding_candidate,13032197036,"[""CR_THB_CODE:DIGH""]","{""CR_THB_CODE:DIGH"":[{""basis"":""direct_geometry_candidate"",""feature"":""node/13032197036"",""identity_match_evidence"":[{""field"":""name"",""method"":""name_from_code_matched_station"",""station_evidence"":[{""name"":""Digha Gaon"",""name_field"":""name"",""osm_feature"":""way/900607248""},{""name"":""Digha Gaon"",""name_field"":""name:en"",""osm_feature"":""way/900607248""}],""value"":""Digha Gaon""},{""field"":""name:en"",""method"":""name_from_code_matched_station"",""station_evidence"":[{""name"":""Digha Gaon"",""name_field"":""name"",""osm_feature"":""way/900607248""},{""name"":""Digha Gaon"",""name_field"":""name:en"",""osm_feature"":""way/900607248""}],""value"":""Digha Gaon""}]},{""basis"":""explicit_stop_area_member"",""member_order"":2,""relation"":""19400150"",""role"":"""",""stop_role"":false,""stop_tag"":true}]}",19.1807324,72.9943751,"{""name"":""Digha Gaon"",""name:en"":""Digha Gaon"",""name:hi"":""दिघा गाँव"",""name:mr"":""दिघा गाँव"",""public_transport"":""stop_position"",""railway"":""stop"",""start_date"":""2024-01-12"",""train"":""yes""}",present,"[""560642960""]",10008240050,a7865ea1b59589c9202dd59711f57658ea02bfa6ca75bab373e4687ed3d91cf5,candidate_only_direction_and_platform_allocation_unresolved
derived_native_boarding_candidate,13032197037,"[""CR_THB_CODE:DIGH""]","{""CR_THB_CODE:DIGH"":[{""basis"":""direct_geometry_candidate"",""feature"":""node/13032197037"",""identity_match_evidence"":[{""field"":""name"",""method"":""name_from_code_matched_station"",""station_evidence"":[{""name"":""Digha Gaon"",""name_field"":""name"",""osm_feature"":""way/900607248""},{""name"":""Digha Gaon"",""name_field"":""name:en"",""osm_feature"":""way/900607248""}],""value"":""Digha Gaon""},{""field"":""name:en"",""method"":""name_from_code_matched_station"",""station_evidence"":[{""name"":""Digha Gaon"",""name_field"":""name"",""osm_feature"":""way/900607248""},{""name"":""Digha Gaon"",""name_field"":""name:en"",""osm_feature"":""way/900607248""}],""value"":""Digha Gaon""}]},{""basis"":""explicit_stop_area_member"",""member_order"":3,""relation"":""19400150"",""role"":"""",""stop_role"":false,""stop_tag"":true}]}",19.1807128,72.99444,"{""name"":""Digha Gaon"",""name:en"":""Digha Gaon"",""name:hi"":""दिघा गाँव"",""name:mr"":""दिघा गाँव"",""public_transport"":""stop_position"",""railway"":""stop"",""start_date"":""2024-01-12"",""train"":""yes""}",present,"[""376626426""]",10008240050,a7865ea1b59589c9202dd59711f57658ea02bfa6ca75bab373e4687ed3d91cf5,candidate_only_direction_and_platform_allocation_unresolved
