osm_node_id,longitude_deg,latitude_deg,projected_x_m,projected_y_m,projected_crs,source_tags_json,road_parent_ways_json,rail_parent_ways_json,model_connection_status
30520639,72.7956189,19.6076217,268799.74848958553,2169554.6957416837,EPSG:32643,"{""railway"":""level_crossing""}","[{""feature_value"":""unclassified"",""geometry_role"":""native_way_geometry"",""osm_way_id"":598727793}]","[{""feature_value"":""rail"",""geometry_role"":""native_way_geometry"",""osm_way_id"":591598133}]",native_shared_node_not_transfer_or_conflict_permission
213021548,72.9947821,19.2918791,289287.88574599905,2134342.276325225,EPSG:32643,"{""railway"":""level_crossing""}","[{""feature_value"":""residential"",""geometry_role"":""native_way_geometry"",""osm_way_id"":705422158}]","[{""feature_value"":""rail"",""geometry_role"":""native_way_geometry"",""osm_way_id"":1339824684}]",native_shared_node_not_transfer_or_conflict_permission
213024522,72.8602629,19.3672062,275250.47982469585,2142850.9838009467,EPSG:32643,"{""railway"":""level_crossing""}","[{""feature_value"":""tertiary"",""geometry_role"":""native_way_geometry"",""osm_way_id"":213305195}]","[{""feature_value"":""rail"",""geometry_role"":""native_way_geometry"",""osm_way_id"":782715894}]",native_shared_node_not_transfer_or_conflict_permission
241160687,72.9976715,19.0624643,289299.93346418766,2108941.793743851,EPSG:32643,"{""crossing:barrier"":""no"",""railway"":""level_crossing""}","[{""feature_value"":""service"",""geometry_role"":""native_way_geometry"",""osm_way_id"":825118118}]","[{""feature_value"":""rail"",""geometry_role"":""native_way_geometry"",""osm_way_id"":643703941}]",native_shared_node_not_transfer_or_conflict_permission
245651374,73.3674121,18.7702045,327917.2124720857,2076190.4332340325,EPSG:32643,"{""source"":""AND""}","[{""feature_value"":""motorway"",""geometry_role"":""native_way_geometry"",""osm_way_id"":22842036},{""feature_value"":""motorway"",""geometry_role"":""native_way_geometry"",""osm_way_id"":149003178}]","[{""feature_value"":"""",""geometry_role"":""native_way_geometry"",""osm_way_id"":149003178}]",native_shared_node_not_transfer_or_conflict_permission
245651401,73.3671609,18.7705177,327891.04700645676,2076225.3414069235,EPSG:32643,"{""source"":""AND""}","[{""feature_value"":""motorway"",""geometry_role"":""native_way_geometry"",""osm_way_id"":149003178}]","[{""feature_value"":"""",""geometry_role"":""native_way_geometry"",""osm_way_id"":149003178}]",native_shared_node_not_transfer_or_conflict_permission
245651449,73.3668921,18.7707909,327862.9855033419,2076255.8394100254,EPSG:32643,"{""source"":""AND""}","[{""feature_value"":""motorway"",""geometry_role"":""native_way_geometry"",""osm_way_id"":149003178}]","[{""feature_value"":"""",""geometry_role"":""native_way_geometry"",""osm_way_id"":149003178}]",native_shared_node_not_transfer_or_conflict_permission
245651462,73.3665796,18.7710187,327830.27081460855,2076281.3548228748,EPSG:32643,"{""source"":""AND""}","[{""feature_value"":""motorway"",""geometry_role"":""native_way_geometry"",""osm_way_id"":149003178}]","[{""feature_value"":"""",""geometry_role"":""native_way_geometry"",""osm_way_id"":149003178}]",native_shared_node_not_transfer_or_conflict_permission
245651469,73.3650693,18.7713061,327671.3362027152,2076314.6263280034,EPSG:32643,"{""source"":""AND""}","[{""feature_value"":""motorway"",""geometry_role"":""native_way_geometry"",""osm_way_id"":149003178}]","[{""feature_value"":"""",""geometry_role"":""native_way_geometry"",""osm_way_id"":149003178}]",native_shared_node_not_transfer_or_conflict_permission
245651471,73.3646583,18.7714244,327628.1259525032,2076328.1179314514,EPSG:32643,"{""source"":""AND""}","[{""feature_value"":""motorway"",""geometry_role"":""native_way_geometry"",""osm_way_id"":149003178},{""feature_value"":""motorway"",""geometry_role"":""native_way_geometry"",""osm_way_id"":221478904}]","[{""feature_value"":"""",""geometry_role"":""native_way_geometry"",""osm_way_id"":149003178}]",native_shared_node_not_transfer_or_conflict_permission
245655031,72.8330606,18.9498326,271818.3816783144,2096678.2614437053,EPSG:32643,"{""source"":""Yahoo""}","[{""feature_value"":""residential"",""geometry_role"":""native_way_geometry"",""osm_way_id"":46178388},{""feature_value"":""tertiary"",""geometry_role"":""native_way_geometry"",""osm_way_id"":89191688}]","[{""feature_value"":""proposed"",""geometry_role"":""native_way_geometry"",""osm_way_id"":540125947}]",native_shared_node_not_transfer_or_conflict_permission
245656894,72.8190859,18.965823,270368.1665033682,2098466.7216609954,EPSG:32643,"{""highway"":""traffic_signals"",""source"":""AND"",""traffic_signals"":""signal""}","[{""feature_value"":""secondary"",""geometry_role"":""native_way_geometry"",""osm_way_id"":40701022},{""feature_value"":""secondary"",""geometry_role"":""native_way_geometry"",""osm_way_id"":1174930385},{""feature_value"":""secondary"",""geometry_role"":""native_way_geometry"",""osm_way_id"":1236032560}]","[{""feature_value"":""subway"",""geometry_role"":""native_way_geometry"",""osm_way_id"":610015452}]",native_shared_node_not_transfer_or_conflict_permission
245658275,72.8265962,18.9813715,271180.4801077618,2100178.33277018,EPSG:32643,"{""highway"":""traffic_signals"",""junction"":""roundabout"",""source"":""AND"",""traffic_signals"":""signal""}","[{""feature_value"":""residential"",""geometry_role"":""native_way_geometry"",""osm_way_id"":22852351},{""feature_value"":""secondary"",""geometry_role"":""native_way_geometry"",""osm_way_id"":1236032552}]","[{""feature_value"":""subway"",""geometry_role"":""native_way_geometry"",""osm_way_id"":539615484}]",native_shared_node_not_transfer_or_conflict_permission
245671397,72.8734989,19.1102879,276293.2293404598,2114390.1870475155,EPSG:32643,"{""source"":""AND""}","[{""feature_value"":""primary"",""geometry_role"":""native_way_geometry"",""osm_way_id"":1141926437}]","[{""feature_value"":""station"",""geometry_role"":""native_way_geometry"",""osm_way_id"":311841874},{""feature_value"":""platform"",""geometry_role"":""area_boundary"",""osm_way_id"":311841897}]",native_shared_node_not_transfer_or_conflict_permission
276561766,73.2232328,19.3586446,313376.2352915396,2141470.8598092007,EPSG:32643,"{""railway"":""level_crossing"",""source"":""digitalglobe""}","[{""feature_value"":""tertiary"",""geometry_role"":""native_way_geometry"",""osm_way_id"":781815122}]","[{""feature_value"":""rail"",""geometry_role"":""native_way_geometry"",""osm_way_id"":1314987875}]",native_shared_node_not_transfer_or_conflict_permission
276562409,73.1403434,19.2353844,304521.1477331054,2127917.934521686,EPSG:32643,"{""railway"":""level_crossing""}","[{""feature_value"":""service"",""geometry_role"":""native_way_geometry"",""osm_way_id"":788332944}]","[{""feature_value"":""rail"",""geometry_role"":""native_way_geometry"",""osm_way_id"":608432566}]",native_shared_node_not_transfer_or_conflict_permission
276570079,73.3168118,19.0448244,322871.9243445704,2106636.3322118153,EPSG:32643,"{""railway"":""level_crossing"",""source"":""bing""}","[{""feature_value"":""tertiary"",""geometry_role"":""native_way_geometry"",""osm_way_id"":608627868}]","[{""feature_value"":""rail"",""geometry_role"":""native_way_geometry"",""osm_way_id"":484175099}]",native_shared_node_not_transfer_or_conflict_permission
338318837,73.0099776,19.0664645,290600.3134706352,2109369.8761967937,EPSG:32643,{},"[{""feature_value"":""tertiary"",""geometry_role"":""native_way_geometry"",""osm_way_id"":490047280},{""feature_value"":""tertiary"",""geometry_role"":""native_way_geometry"",""osm_way_id"":607051804}]","[{""feature_value"":""station"",""geometry_role"":""native_way_geometry"",""osm_way_id"":151769149}]",native_shared_node_not_transfer_or_conflict_permission
506820272,73.3005473,18.1664831,320239.685092789,2009436.1018944115,EPSG:32643,"{""crossing:barrier"":""full"",""crossing:bell"":""yes"",""crossing:light"":""no"",""railway"":""level_crossing""}","[{""feature_value"":""unclassified"",""geometry_role"":""native_way_geometry"",""osm_way_id"":563325285}]","[{""feature_value"":""rail"",""geometry_role"":""native_way_geometry"",""osm_way_id"":1495066979}]",native_shared_node_not_transfer_or_conflict_permission
506820296,73.2280593,18.3829451,312802.7099765984,2033467.024747276,EPSG:32643,"{""railway"":""level_crossing""}","[{""feature_value"":""tertiary"",""geometry_role"":""native_way_geometry"",""osm_way_id"":1494030726}]","[{""feature_value"":""rail"",""geometry_role"":""native_way_geometry"",""osm_way_id"":77630152}]",native_shared_node_not_transfer_or_conflict_permission
506820351,73.1191823,18.5780183,301521.8861155226,2055175.307767589,EPSG:32643,"{""railway"":""level_crossing"",""supervised"":""no""}","[{""feature_value"":""unclassified"",""geometry_role"":""native_way_geometry"",""osm_way_id"":563002847}]","[{""feature_value"":""rail"",""geometry_role"":""native_way_geometry"",""osm_way_id"":1188606053}]",native_shared_node_not_transfer_or_conflict_permission
506820379,73.0521057,18.6917245,294578.09137568274,2067837.3833491825,EPSG:32643,{},"[{""feature_value"":""service"",""geometry_role"":""native_way_geometry"",""osm_way_id"":1162053961}]","[{""feature_value"":""rail"",""geometry_role"":""native_way_geometry"",""osm_way_id"":312446323}]",native_shared_node_not_transfer_or_conflict_permission
506820385,73.0549867,18.712266,294906.7709537921,2070107.9199209248,EPSG:32643,"{""railway"":""level_crossing"",""supervised"":""no""}","[{""feature_value"":""unclassified"",""geometry_role"":""native_way_geometry"",""osm_way_id"":843811392}]","[{""feature_value"":""rail"",""geometry_role"":""native_way_geometry"",""osm_way_id"":312446323}]",native_shared_node_not_transfer_or_conflict_permission
571730356,73.154159,18.8704303,305548.7782970661,2087504.2497305265,EPSG:32643,"{""railway"":""level_crossing""}","[{""feature_value"":""residential"",""geometry_role"":""native_way_geometry"",""osm_way_id"":630895170}]","[{""feature_value"":""rail"",""geometry_role"":""native_way_geometry"",""osm_way_id"":319935265},{""feature_value"":""rail"",""geometry_role"":""native_way_geometry"",""osm_way_id"":1007640414}]",native_shared_node_not_transfer_or_conflict_permission
571735756,72.9293216,18.8827513,281871.33735383453,2089130.247540428,EPSG:32643,{},"[{""feature_value"":""residential"",""geometry_role"":""native_way_geometry"",""osm_way_id"":213696459},{""feature_value"":""residential"",""geometry_role"":""native_way_geometry"",""osm_way_id"":1153730149}]","[{""feature_value"":""abandoned"",""geometry_role"":""native_way_geometry"",""osm_way_id"":894309257}]",native_shared_node_not_transfer_or_conflict_permission
571735973,72.943743,18.8798674,283387.3229526301,2088793.2703874419,EPSG:32643,"{""railway"":""level_crossing""}","[{""feature_value"":""primary"",""geometry_role"":""native_way_geometry"",""osm_way_id"":45096240}]","[{""feature_value"":""abandoned"",""geometry_role"":""native_way_geometry"",""osm_way_id"":894309257}]",native_shared_node_not_transfer_or_conflict_permission
618760192,72.8160391,18.9627277,270042.99384397606,2098128.0121000134,EPSG:32643,{},"[{""feature_value"":""footway"",""geometry_role"":""native_way_geometry"",""osm_way_id"":48756808},{""feature_value"":""path"",""geometry_role"":""native_way_geometry"",""osm_way_id"":988148643}]","[{""feature_value"":""platform"",""geometry_role"":""native_way_geometry"",""osm_way_id"":48755011}]",native_shared_node_not_transfer_or_conflict_permission
619179457,72.8552916,19.2165941,274521.8116860542,2126182.845980933,EPSG:32643,{},"[{""feature_value"":""service"",""geometry_role"":""native_way_geometry"",""osm_way_id"":936736935}]","[{""feature_value"":""rail"",""geometry_role"":""native_way_geometry"",""osm_way_id"":48798816}]",native_shared_node_not_transfer_or_conflict_permission
619277931,72.8564133,19.0096881,274359.0381240065,2103274.742144922,EPSG:32643,"{""railway"":""level_crossing""}","[{""feature_value"":""residential"",""geometry_role"":""native_way_geometry"",""osm_way_id"":626382673}]","[{""feature_value"":""rail"",""geometry_role"":""native_way_geometry"",""osm_way_id"":398294953}]",native_shared_node_not_transfer_or_conflict_permission
620523366,72.8172563,18.9657159,270175.30420207954,2098457.2507491726,EPSG:32643,"{""railway"":""switch""}","[{""feature_value"":""residential"",""geometry_role"":""native_way_geometry"",""osm_way_id"":22853561}]","[{""feature_value"":""rail"",""geometry_role"":""native_way_geometry"",""osm_way_id"":48901430},{""feature_value"":""rail"",""geometry_role"":""native_way_geometry"",""osm_way_id"":48902249}]",native_shared_node_not_transfer_or_conflict_permission
623040189,72.8706758,19.1217036,276011.5211750834,2115657.6290829084,EPSG:32643,{},"[{""feature_value"":""secondary"",""geometry_role"":""native_way_geometry"",""osm_way_id"":1175532005}]","[{""feature_value"":""subway"",""geometry_role"":""native_way_geometry"",""osm_way_id"":1303500409}]",native_shared_node_not_transfer_or_conflict_permission
623881645,72.8480243,19.1208962,273626.7763056577,2115597.427518881,EPSG:32643,{},"[{""feature_value"":""footway"",""geometry_role"":""native_way_geometry"",""osm_way_id"":666092075}]","[{""feature_value"":""platform"",""geometry_role"":""native_way_geometry"",""osm_way_id"":331815676}]",native_shared_node_not_transfer_or_conflict_permission
630363651,73.3199085,19.0171236,323168.55011096795,2103567.1221288336,EPSG:32643,"{""crossing:barrier"":""full"",""railway"":""level_crossing""}","[{""feature_value"":""primary"",""geometry_role"":""native_way_geometry"",""osm_way_id"":484207102}]","[{""feature_value"":""narrow_gauge"",""geometry_role"":""native_way_geometry"",""osm_way_id"":49564424}]",native_shared_node_not_transfer_or_conflict_permission
700725823,72.8392953,18.9609456,272490.23010250635,2097900.520680381,EPSG:32643,"{""entrance"":""yes""}","[{""feature_value"":""footway"",""geometry_role"":""native_way_geometry"",""osm_way_id"":22850759},{""feature_value"":""footway"",""geometry_role"":""native_way_geometry"",""osm_way_id"":207555570}]","[{""feature_value"":""platform"",""geometry_role"":""area_boundary"",""osm_way_id"":207555574}]",native_shared_node_not_transfer_or_conflict_permission
708710711,73.3316846,18.8182358,324200.40273276356,2081541.5939493268,EPSG:32643,"{""railway"":""level_crossing"",""source"":""bing""}","[{""feature_value"":""residential"",""geometry_role"":""native_way_geometry"",""osm_way_id"":1188218787}]","[{""feature_value"":""rail"",""geometry_role"":""native_way_geometry"",""osm_way_id"":484272340}]",native_shared_node_not_transfer_or_conflict_permission
810373849,73.3658506,18.7712866,327753.68657190236,2076311.7116729377,EPSG:32643,{},"[{""feature_value"":""motorway"",""geometry_role"":""native_way_geometry"",""osm_way_id"":149003178}]","[{""feature_value"":"""",""geometry_role"":""native_way_geometry"",""osm_way_id"":149003178}]",native_shared_node_not_transfer_or_conflict_permission
884364483,72.8219155,19.1301911,270892.09112734685,2116660.5134054488,EPSG:32643,{},"[{""feature_value"":""tertiary"",""geometry_role"":""native_way_geometry"",""osm_way_id"":74877064},{""feature_value"":""secondary"",""geometry_role"":""native_way_geometry"",""osm_way_id"":1253929961}]","[{""feature_value"":""platform"",""geometry_role"":""area_boundary"",""osm_way_id"":311841900}]",native_shared_node_not_transfer_or_conflict_permission
904821255,72.9352037,19.3272794,283071.8942053629,2138334.894900853,EPSG:32643,{},"[{""feature_value"":""primary"",""geometry_role"":""native_way_geometry"",""osm_way_id"":76807262}]","[{""feature_value"":""construction"",""geometry_role"":""native_way_geometry"",""osm_way_id"":1125530001}]",native_shared_node_not_transfer_or_conflict_permission
960296243,73.3204816,18.8329638,323035.0361729844,2083182.8731908628,EPSG:32643,"{""railway"":""level_crossing""}","[{""feature_value"":""residential"",""geometry_role"":""native_way_geometry"",""osm_way_id"":82511838}]","[{""feature_value"":""rail"",""geometry_role"":""native_way_geometry"",""osm_way_id"":484272340}]",native_shared_node_not_transfer_or_conflict_permission
1131076838,73.7224168,18.6958698,365283.1710797631,2067658.1681635275,EPSG:32643,"{""railway"":""level_crossing""}","[{""feature_value"":""unclassified"",""geometry_role"":""native_way_geometry"",""osm_way_id"":857952470}]","[{""feature_value"":""rail"",""geometry_role"":""native_way_geometry"",""osm_way_id"":97699120}]",native_shared_node_not_transfer_or_conflict_permission
1131076977,73.4998501,18.7481533,341858.9336852922,2073627.0581115165,EPSG:32643,"{""railway"":""level_crossing""}","[{""feature_value"":""unclassified"",""geometry_role"":""native_way_geometry"",""osm_way_id"":262804963}]","[{""feature_value"":""rail"",""geometry_role"":""native_way_geometry"",""osm_way_id"":1315005290}]",native_shared_node_not_transfer_or_conflict_permission
1186508716,72.882451,18.7254494,276724.59223923355,2071774.47144417,EPSG:32643,"{""railway"":""level_crossing""}","[{""feature_value"":""primary"",""geometry_role"":""native_way_geometry"",""osm_way_id"":222122876}]","[{""feature_value"":""rail"",""geometry_role"":""native_way_geometry"",""osm_way_id"":977966163}]",native_shared_node_not_transfer_or_conflict_permission
1232644440,72.8886199,19.0748386,277837.1954480964,2110446.37688443,EPSG:32643,{},"[{""feature_value"":""path"",""geometry_role"":""native_way_geometry"",""osm_way_id"":856311894}]","[{""feature_value"":""rail"",""geometry_role"":""native_way_geometry"",""osm_way_id"":107213262}]",native_shared_node_not_transfer_or_conflict_permission
1316208873,72.7516265,19.9593138,264701.37596860906,2208555.4864223017,EPSG:32643,"{""railway"":""level_crossing""}","[{""feature_value"":""unclassified"",""geometry_role"":""native_way_geometry"",""osm_way_id"":610373831}]","[{""feature_value"":""rail"",""geometry_role"":""native_way_geometry"",""osm_way_id"":116833088}]",native_shared_node_not_transfer_or_conflict_permission
1316209402,72.7488499,19.9565121,264406.51905359165,2208249.1652386268,EPSG:32643,"{""railway"":""level_crossing""}","[{""feature_value"":""unclassified"",""geometry_role"":""native_way_geometry"",""osm_way_id"":807549744}]","[{""feature_value"":""rail"",""geometry_role"":""native_way_geometry"",""osm_way_id"":116833080}]",native_shared_node_not_transfer_or_conflict_permission
1365119280,72.8851239,18.7260404,277007.3021882411,2071836.553446785,EPSG:32643,"{""railway"":""level_crossing""}","[{""feature_value"":""tertiary"",""geometry_role"":""native_way_geometry"",""osm_way_id"":158264459}]","[{""feature_value"":""rail"",""geometry_role"":""native_way_geometry"",""osm_way_id"":977966163}]",native_shared_node_not_transfer_or_conflict_permission
1365119532,73.0500897,18.7021562,294378.0240965068,2068994.4444433667,EPSG:32643,"{""railway"":""level_crossing"",""supervised"":""no""}","[{""feature_value"":""residential"",""geometry_role"":""native_way_geometry"",""osm_way_id"":1198538027}]","[{""feature_value"":""rail"",""geometry_role"":""native_way_geometry"",""osm_way_id"":312446323}]",native_shared_node_not_transfer_or_conflict_permission
1367092881,72.9155513,19.0552424,280646.16540440766,2108243.012213312,EPSG:32643,{},"[{""feature_value"":""footway"",""geometry_role"":""native_way_geometry"",""osm_way_id"":122303838},{""feature_value"":""steps"",""geometry_role"":""native_way_geometry"",""osm_way_id"":384538417}]","[{""feature_value"":""platform"",""geometry_role"":""area_boundary"",""osm_way_id"":626348916}]",native_shared_node_not_transfer_or_conflict_permission
1369352158,73.0643548,19.1831139,296466.87201792037,2122218.797669563,EPSG:32643,"{""railway"":""level_crossing""}","[{""feature_value"":""tertiary"",""geometry_role"":""native_way_geometry"",""osm_way_id"":215245362}]","[{""feature_value"":""rail"",""geometry_role"":""native_way_geometry"",""osm_way_id"":661778959}]",native_shared_node_not_transfer_or_conflict_permission
1369464958,72.9976994,19.1906955,289465.4838374589,2123137.306421776,EPSG:32643,"{""railway"":""level_crossing""}","[{""feature_value"":""tertiary"",""geometry_role"":""native_way_geometry"",""osm_way_id"":1101463290}]","[{""feature_value"":""rail"",""geometry_role"":""native_way_geometry"",""osm_way_id"":659656507}]",native_shared_node_not_transfer_or_conflict_permission
1575062274,72.8390096,19.0629793,272598.9960347432,2109197.079154572,EPSG:32643,"{""crossing:barrier"":""full"",""railway"":""level_crossing"",""ref"":""19""}","[{""feature_value"":""service"",""geometry_role"":""native_way_geometry"",""osm_way_id"":929525132}]","[{""feature_value"":""rail"",""geometry_role"":""native_way_geometry"",""osm_way_id"":196489677}]",native_shared_node_not_transfer_or_conflict_permission
1575062276,72.8391551,19.0629684,272614.29787821113,2109195.683643046,EPSG:32643,"{""crossing:barrier"":""full"",""railway"":""level_crossing"",""ref"":""19""}","[{""feature_value"":""service"",""geometry_role"":""native_way_geometry"",""osm_way_id"":929525132}]","[{""feature_value"":""rail"",""geometry_role"":""native_way_geometry"",""osm_way_id"":107295487}]",native_shared_node_not_transfer_or_conflict_permission
1620475499,73.3595601,18.8064843,327126.43138113583,2080213.5451988333,EPSG:32643,{},"[{""feature_value"":""path"",""geometry_role"":""native_way_geometry"",""osm_way_id"":1351764361}]","[{""feature_value"":""rail"",""geometry_role"":""native_way_geometry"",""osm_way_id"":149003230},{""feature_value"":""rail"",""geometry_role"":""native_way_geometry"",""osm_way_id"":149003290}]",native_shared_node_not_transfer_or_conflict_permission
1645779944,73.0804056,18.7807397,297669.5348753787,2077658.5555846584,EPSG:32643,"{""railway"":""level_crossing""}","[{""feature_value"":""secondary"",""geometry_role"":""native_way_geometry"",""osm_way_id"":151738462}]","[{""feature_value"":""rail"",""geometry_role"":""native_way_geometry"",""osm_way_id"":658557405}]",native_shared_node_not_transfer_or_conflict_permission
1645780835,72.9841996,18.90931,287687.7135704714,2092003.5540288528,EPSG:32643,"{""railway"":""level_crossing""}","[{""feature_value"":""residential"",""geometry_role"":""native_way_geometry"",""osm_way_id"":1186484634}]","[{""feature_value"":""rail"",""geometry_role"":""native_way_geometry"",""osm_way_id"":258336984}]",native_shared_node_not_transfer_or_conflict_permission
1646750859,72.8479354,19.1278484,273626.897118886,2116367.2278285897,EPSG:32643,"{""crossing:barrier"":""full"",""disused:railway"":""level_crossing""}","[{""feature_value"":""footway"",""geometry_role"":""native_way_geometry"",""osm_way_id"":151835677}]","[{""feature_value"":""rail"",""geometry_role"":""native_way_geometry"",""osm_way_id"":809929143}]",native_shared_node_not_transfer_or_conflict_permission
1646750860,72.8478774,19.1278701,273620.82348272117,2116369.705412446,EPSG:32643,"{""crossing:barrier"":""full"",""disused:railway"":""level_crossing""}","[{""feature_value"":""footway"",""geometry_role"":""native_way_geometry"",""osm_way_id"":151835677}]","[{""feature_value"":""rail"",""geometry_role"":""native_way_geometry"",""osm_way_id"":809929149}]",native_shared_node_not_transfer_or_conflict_permission
1646750861,72.8478306,19.1278876,273615.92267453356,2116371.7034989707,EPSG:32643,"{""crossing:barrier"":""full"",""disused:railway"":""level_crossing""}","[{""feature_value"":""footway"",""geometry_role"":""native_way_geometry"",""osm_way_id"":151835677}]","[{""feature_value"":""rail"",""geometry_role"":""native_way_geometry"",""osm_way_id"":809929148}]",native_shared_node_not_transfer_or_conflict_permission
1646750862,72.8477838,19.1279051,273611.0218672898,2116373.7015869147,EPSG:32643,"{""crossing:barrier"":""full"",""disused:railway"":""level_crossing""}","[{""feature_value"":""footway"",""geometry_role"":""native_way_geometry"",""osm_way_id"":151835677}]","[{""feature_value"":""rail"",""geometry_role"":""native_way_geometry"",""osm_way_id"":809929147}]",native_shared_node_not_transfer_or_conflict_permission
1646750863,72.8477325,19.1279243,273605.6498532584,2116375.8937164824,EPSG:32643,"{""crossing:barrier"":""full"",""disused:railway"":""level_crossing""}","[{""feature_value"":""footway"",""geometry_role"":""native_way_geometry"",""osm_way_id"":151835677}]","[{""feature_value"":""rail"",""geometry_role"":""native_way_geometry"",""osm_way_id"":809929146}]",native_shared_node_not_transfer_or_conflict_permission
1650406077,72.9949684,19.1943166,289182.85037615,2123541.4785475964,EPSG:32643,"{""railway"":""crossing""}","[{""feature_value"":""pedestrian"",""geometry_role"":""native_way_geometry"",""osm_way_id"":152206197}]","[{""feature_value"":""rail"",""geometry_role"":""native_way_geometry"",""osm_way_id"":48793274}]",native_shared_node_not_transfer_or_conflict_permission
1936355449,72.8380319,19.0833516,272523.8977986198,2111453.7868826943,EPSG:32643,{},"[{""feature_value"":""primary"",""geometry_role"":""native_way_geometry"",""osm_way_id"":1254239329}]","[{""feature_value"":""construction"",""geometry_role"":""native_way_geometry"",""osm_way_id"":1085543750}]",native_shared_node_not_transfer_or_conflict_permission
1990663343,73.0045394,19.1243588,290100.94816354825,2115785.4002328427,EPSG:32643,{},"[{""feature_value"":""residential"",""geometry_role"":""native_way_geometry"",""osm_way_id"":1186172440}]","[{""feature_value"":""rail"",""geometry_role"":""native_way_geometry"",""osm_way_id"":602887053}]",native_shared_node_not_transfer_or_conflict_permission
2143498391,73.2024261,19.2938238,311115.7055502449,2134318.1602949323,EPSG:32643,"{""railway"":""level_crossing""}","[{""feature_value"":""residential"",""geometry_role"":""native_way_geometry"",""osm_way_id"":1513447026}]","[{""feature_value"":""rail"",""geometry_role"":""native_way_geometry"",""osm_way_id"":25373686}]",native_shared_node_not_transfer_or_conflict_permission
2143498546,73.2133296,19.3416974,312316.39348045853,2139605.6299787187,EPSG:32643,"{""disused:railway"":""level_crossing""}","[{""feature_value"":""tertiary"",""geometry_role"":""native_way_geometry"",""osm_way_id"":204345402}]","[{""feature_value"":""rail"",""geometry_role"":""native_way_geometry"",""osm_way_id"":25373721}]",native_shared_node_not_transfer_or_conflict_permission
2143531298,73.0769461,19.2255347,297843.106072425,2126900.0966803445,EPSG:32643,"{""railway"":""level_crossing""}","[{""feature_value"":""secondary"",""geometry_role"":""native_way_geometry"",""osm_way_id"":1497093951}]","[{""feature_value"":""rail"",""geometry_role"":""native_way_geometry"",""osm_way_id"":49602579}]",native_shared_node_not_transfer_or_conflict_permission
2143586204,73.3907318,19.5790758,331201.8792707213,2165697.4573317766,EPSG:32643,"{""railway"":""level_crossing""}","[{""feature_value"":""tertiary"",""geometry_role"":""native_way_geometry"",""osm_way_id"":204352205}]","[{""feature_value"":""rail"",""geometry_role"":""native_way_geometry"",""osm_way_id"":910042842}]",native_shared_node_not_transfer_or_conflict_permission
2143752003,73.173872,19.2700361,308086.80013597175,2131716.339073234,EPSG:32643,"{""railway"":""level_crossing""}","[{""feature_value"":""tertiary"",""geometry_role"":""native_way_geometry"",""osm_way_id"":1432279972}]","[{""feature_value"":""rail"",""geometry_role"":""native_way_geometry"",""osm_way_id"":25373686}]",native_shared_node_not_transfer_or_conflict_permission
2143752082,73.2159545,19.3116022,312557.85927778657,2136271.4272217313,EPSG:32643,"{""disused:railway"":""level_crossing""}","[{""feature_value"":""secondary"",""geometry_role"":""native_way_geometry"",""osm_way_id"":204345397}]","[{""feature_value"":""rail"",""geometry_role"":""native_way_geometry"",""osm_way_id"":25373721}]",native_shared_node_not_transfer_or_conflict_permission
2143791998,73.3706174,18.9594008,328447.7423782998,2097127.9277136705,EPSG:32643,{},"[{""feature_value"":""tertiary"",""geometry_role"":""native_way_geometry"",""osm_way_id"":204368630},{""feature_value"":""trunk"",""geometry_role"":""native_way_geometry"",""osm_way_id"":215415211}]","[{""feature_value"":""abandoned"",""geometry_role"":""native_way_geometry"",""osm_way_id"":484219250}]",native_shared_node_not_transfer_or_conflict_permission
2175658389,72.8371636,18.9419241,272239.86037383473,2095797.4070339662,EPSG:32643,{},"[{""feature_value"":"""",""geometry_role"":""native_way_geometry"",""osm_way_id"":1449379104}]","[{""feature_value"":""platform"",""geometry_role"":""area_boundary"",""osm_way_id"":1449379103}]",native_shared_node_not_transfer_or_conflict_permission
2175658390,72.83707,18.9419321,272230.01084798307,2095798.4135979672,EPSG:32643,{},"[{""feature_value"":"""",""geometry_role"":""native_way_geometry"",""osm_way_id"":1449379104}]","[{""feature_value"":""platform"",""geometry_role"":""area_boundary"",""osm_way_id"":207359034}]",native_shared_node_not_transfer_or_conflict_permission
2175658391,72.8369725,18.9419404,272219.7508804671,2095799.4584174778,EPSG:32643,{},"[{""feature_value"":"""",""geometry_role"":""native_way_geometry"",""osm_way_id"":1449379104}]","[{""feature_value"":""platform"",""geometry_role"":""area_boundary"",""osm_way_id"":207359034}]",native_shared_node_not_transfer_or_conflict_permission
2178163642,72.8394521,18.9614018,272507.3655820105,2097950.8240353186,EPSG:32643,{},"[{""feature_value"":""footway"",""geometry_role"":""native_way_geometry"",""osm_way_id"":1314987829}]","[{""feature_value"":""platform"",""geometry_role"":""area_boundary"",""osm_way_id"":207555566}]",native_shared_node_not_transfer_or_conflict_permission
2211376042,73.366232,18.771195,327793.80340552144,2076301.2041931332,EPSG:32643,{},"[{""feature_value"":""motorway"",""geometry_role"":""native_way_geometry"",""osm_way_id"":149003178}]","[{""feature_value"":"""",""geometry_role"":""native_way_geometry"",""osm_way_id"":149003178}]",native_shared_node_not_transfer_or_conflict_permission
2211376044,73.3654701,18.7713308,327713.6164859573,2076316.9720902315,EPSG:32643,{},"[{""feature_value"":""motorway"",""geometry_role"":""native_way_geometry"",""osm_way_id"":149003178}]","[{""feature_value"":"""",""geometry_role"":""native_way_geometry"",""osm_way_id"":149003178}]",native_shared_node_not_transfer_or_conflict_permission
2216078637,72.8121587,19.4715008,270342.56844037067,2154461.412179993,EPSG:32643,"{""railway"":""level_crossing""}","[{""feature_value"":""construction"",""geometry_role"":""native_way_geometry"",""osm_way_id"":1548833274}]","[{""feature_value"":""rail"",""geometry_role"":""native_way_geometry"",""osm_way_id"":257584193}]",native_shared_node_not_transfer_or_conflict_permission
2216533501,72.8313548,18.9860684,271688.0691000355,2100692.149165835,EPSG:32643,{},"[{""feature_value"":""secondary"",""geometry_role"":""native_way_geometry"",""osm_way_id"":1121215136}]","[{""feature_value"":""monorail"",""geometry_role"":""native_way_geometry"",""osm_way_id"":441260840}]",native_shared_node_not_transfer_or_conflict_permission
2216802422,73.2360609,19.3731865,314740.4161687299,2143066.7437483543,EPSG:32643,{},"[{""feature_value"":""residential"",""geometry_role"":""native_way_geometry"",""osm_way_id"":1185438356}]","[{""feature_value"":""abandoned"",""geometry_role"":""native_way_geometry"",""osm_way_id"":68438826}]",native_shared_node_not_transfer_or_conflict_permission
2221470511,73.055915,19.264921,295680.37376517314,2131284.782468857,EPSG:32643,"{""railway"":""level_crossing"",""source"":""digitalglobe""}","[{""feature_value"":""tertiary"",""geometry_role"":""native_way_geometry"",""osm_way_id"":235952042}]","[{""feature_value"":""rail"",""geometry_role"":""native_way_geometry"",""osm_way_id"":4774283}]",native_shared_node_not_transfer_or_conflict_permission
2224872117,73.055007,19.1893529,295491.36141497653,2122920.402403339,EPSG:32643,"{""railway"":""level_crossing""}","[{""feature_value"":""tertiary"",""geometry_role"":""native_way_geometry"",""osm_way_id"":212659562}]","[{""feature_value"":""rail"",""geometry_role"":""native_way_geometry"",""osm_way_id"":1314257239}]",native_shared_node_not_transfer_or_conflict_permission
2230326227,72.8488942,19.3972484,274097.3785158829,2146191.9056602805,EPSG:32643,{},"[{""feature_value"":""track"",""geometry_role"":""native_way_geometry"",""osm_way_id"":787493689}]","[{""feature_value"":""rail"",""geometry_role"":""native_way_geometry"",""osm_way_id"":1008062769}]",native_shared_node_not_transfer_or_conflict_permission
2233499440,72.939265,18.8820733,282918.27784170985,2089042.9593157873,EPSG:32643,"{""railway"":""level_crossing""}","[{""feature_value"":""residential"",""geometry_role"":""native_way_geometry"",""osm_way_id"":45096251},{""feature_value"":""residential"",""geometry_role"":""native_way_geometry"",""osm_way_id"":213696499}]","[{""feature_value"":""abandoned"",""geometry_role"":""native_way_geometry"",""osm_way_id"":894309257}]",native_shared_node_not_transfer_or_conflict_permission
2237039674,72.8851682,19.3560123,277852.20053508924,2141579.456241173,EPSG:32643,{},"[{""feature_value"":""residential"",""geometry_role"":""native_way_geometry"",""osm_way_id"":214649157}]","[{""feature_value"":""construction"",""geometry_role"":""native_way_geometry"",""osm_way_id"":1125530002}]",native_shared_node_not_transfer_or_conflict_permission
2237039981,72.8802451,19.3579406,277337.4983721926,2141799.2804257693,EPSG:32643,{},"[{""feature_value"":""residential"",""geometry_role"":""native_way_geometry"",""osm_way_id"":214649093}]","[{""feature_value"":""construction"",""geometry_role"":""native_way_geometry"",""osm_way_id"":1125530002}]",native_shared_node_not_transfer_or_conflict_permission
2237040014,72.8802234,19.3580003,277335.29924399,2141805.9178853044,EPSG:32643,{},"[{""feature_value"":""residential"",""geometry_role"":""native_way_geometry"",""osm_way_id"":214649093}]","[{""feature_value"":""construction"",""geometry_role"":""native_way_geometry"",""osm_way_id"":1125530001}]",native_shared_node_not_transfer_or_conflict_permission
2241477494,72.9291772,19.3312267,282443.762033439,2138779.4634826644,EPSG:32643,"{""railway"":""level_crossing""}","[{""feature_value"":""residential"",""geometry_role"":""native_way_geometry"",""osm_way_id"":214649467}]","[{""feature_value"":""rail"",""geometry_role"":""native_way_geometry"",""osm_way_id"":76807270}]",native_shared_node_not_transfer_or_conflict_permission
2241482193,72.8805076,19.3578285,277364.9294348132,2141786.5312585626,EPSG:32643,{},"[{""feature_value"":""residential"",""geometry_role"":""native_way_geometry"",""osm_way_id"":214649147}]","[{""feature_value"":""construction"",""geometry_role"":""native_way_geometry"",""osm_way_id"":1125530002}]",native_shared_node_not_transfer_or_conflict_permission
2244632829,72.8430486,18.9539973,272876.16715965566,2097126.4347958965,EPSG:32643,"{""railway"":""level_crossing""}","[{""feature_value"":""residential"",""geometry_role"":""native_way_geometry"",""osm_way_id"":1178253783}]","[{""feature_value"":""rail"",""geometry_role"":""native_way_geometry"",""osm_way_id"":1393929775}]",native_shared_node_not_transfer_or_conflict_permission
2248206681,73.0776621,19.1626454,297841.5743327668,2119937.463876068,EPSG:32643,"{""railway"":""crossing""}","[{""feature_value"":""footway"",""geometry_role"":""native_way_geometry"",""osm_way_id"":935729129}]","[{""feature_value"":""rail"",""geometry_role"":""native_way_geometry"",""osm_way_id"":661778959}]",native_shared_node_not_transfer_or_conflict_permission
2248209431,73.0735693,19.1779571,297429.75743821973,2121637.205891175,EPSG:32643,"{""railway"":""level_crossing""}","[{""feature_value"":""service"",""geometry_role"":""native_way_geometry"",""osm_way_id"":960215054}]","[{""feature_value"":""rail"",""geometry_role"":""native_way_geometry"",""osm_way_id"":957445430}]",native_shared_node_not_transfer_or_conflict_permission
2248640302,73.085009,19.090118,298526.46664814954,2111900.3137957067,EPSG:32643,"{""railway"":""level_crossing""}","[{""feature_value"":""unclassified"",""geometry_role"":""native_way_geometry"",""osm_way_id"":1447940874}]","[{""feature_value"":""rail"",""geometry_role"":""native_way_geometry"",""osm_way_id"":235954780}]",native_shared_node_not_transfer_or_conflict_permission
2249330780,72.8586187,19.186869,274831.25452900585,2122887.6343937633,EPSG:32643,{},"[{""feature_value"":""tertiary"",""geometry_role"":""native_way_geometry"",""osm_way_id"":1193888009}]","[{""feature_value"":""platform"",""geometry_role"":""area_boundary"",""osm_way_id"":1322610130}]",native_shared_node_not_transfer_or_conflict_permission
2303580143,73.1097406,18.4542716,300381.6733383873,2041488.1788446936,EPSG:32643,"{""railway"":""level_crossing""}","[{""feature_value"":""trunk"",""geometry_role"":""native_way_geometry"",""osm_way_id"":30893183}]","[{""feature_value"":""rail"",""geometry_role"":""native_way_geometry"",""osm_way_id"":700704047}]",native_shared_node_not_transfer_or_conflict_permission
2305002942,73.3713144,18.0595816,327622.1898294396,1997537.0989187022,EPSG:32643,"{""crossing:barrier"":""full"",""railway"":""level_crossing""}","[{""feature_value"":""secondary"",""geometry_role"":""native_way_geometry"",""osm_way_id"":221471372}]","[{""feature_value"":""rail"",""geometry_role"":""native_way_geometry"",""osm_way_id"":245752972}]",native_shared_node_not_transfer_or_conflict_permission
2306349576,73.2407056,18.3070234,314057.83690212003,2025050.852408277,EPSG:32643,"{""crossing:barrier"":""full"",""crossing:bell"":""yes"",""crossing:light"":""yes"",""railway"":""level_crossing""}","[{""feature_value"":""secondary"",""geometry_role"":""native_way_geometry"",""osm_way_id"":198490347}]","[{""feature_value"":""rail"",""geometry_role"":""native_way_geometry"",""osm_way_id"":1494367922}]",native_shared_node_not_transfer_or_conflict_permission
2325458900,73.4152708,18.7475737,332940.51254336094,2073640.0897993885,EPSG:32643,"{""crossing:barrier"":""full"",""railway"":""level_crossing""}","[{""feature_value"":""tertiary"",""geometry_role"":""native_way_geometry"",""osm_way_id"":440330693}]","[{""feature_value"":""rail"",""geometry_role"":""native_way_geometry"",""osm_way_id"":400625155}]",native_shared_node_not_transfer_or_conflict_permission
2439273065,72.8939984,19.0732917,278401.27395931364,2110268.310515153,EPSG:32643,"{""railway"":""level_crossing""}","[{""feature_value"":""service"",""geometry_role"":""native_way_geometry"",""osm_way_id"":235856032}]","[{""feature_value"":""rail"",""geometry_role"":""native_way_geometry"",""osm_way_id"":383026096}]",native_shared_node_not_transfer_or_conflict_permission
2440077568,72.8412198,19.0563755,272822.66282103024,2108463.101561787,EPSG:32643,"{""crossing:barrier"":""full"",""fixme"":""levle_crossing here?"",""railway"":""level_crossing""}","[{""feature_value"":""residential"",""geometry_role"":""native_way_geometry"",""osm_way_id"":143935984}]","[{""feature_value"":""rail"",""geometry_role"":""native_way_geometry"",""osm_way_id"":45737271}]",native_shared_node_not_transfer_or_conflict_permission
2440657191,73.1270376,18.9775257,302816.5790374157,2099389.065193595,EPSG:32643,"{""railway"":""level_crossing""}","[{""feature_value"":""residential"",""geometry_role"":""native_way_geometry"",""osm_way_id"":235991309}]","[{""feature_value"":""rail"",""geometry_role"":""native_way_geometry"",""osm_way_id"":628750524}]",native_shared_node_not_transfer_or_conflict_permission
2441303398,73.0741634,19.2015132,297521.06843867607,2124244.162066418,EPSG:32643,"{""railway"":""level_crossing""}","[{""feature_value"":""residential"",""geometry_role"":""native_way_geometry"",""osm_way_id"":236056370}]","[{""feature_value"":""rail"",""geometry_role"":""native_way_geometry"",""osm_way_id"":397753935}]",native_shared_node_not_transfer_or_conflict_permission
2441303400,73.0742942,19.2016591,297535.0032007152,2124260.161004735,EPSG:32643,"{""railway"":""level_crossing""}","[{""feature_value"":""residential"",""geometry_role"":""native_way_geometry"",""osm_way_id"":236056370}]","[{""feature_value"":""rail"",""geometry_role"":""native_way_geometry"",""osm_way_id"":537227994}]",native_shared_node_not_transfer_or_conflict_permission
2444154206,72.8580403,19.0147786,274537.23152904236,2103836.2197195226,EPSG:32643,{},"[{""feature_value"":""residential"",""geometry_role"":""native_way_geometry"",""osm_way_id"":438493624}]","[{""feature_value"":""platform"",""geometry_role"":""area_boundary"",""osm_way_id"":236381661},{""feature_value"":""station"",""geometry_role"":""native_way_geometry"",""osm_way_id"":1343435452}]",native_shared_node_not_transfer_or_conflict_permission
2480168443,72.7606393,19.7584963,265349.58999172534,2186307.602416325,EPSG:32643,"{""railway"":""level_crossing""}","[{""feature_value"":""residential"",""geometry_role"":""native_way_geometry"",""osm_way_id"":240281958}]","[{""feature_value"":""rail"",""geometry_role"":""native_way_geometry"",""osm_way_id"":99362981}]",native_shared_node_not_transfer_or_conflict_permission
2480168577,72.7605395,19.7541614,265332.78375382215,2185827.7690481506,EPSG:32643,"{""railway"":""level_crossing""}","[{""feature_value"":""residential"",""geometry_role"":""native_way_geometry"",""osm_way_id"":240281958}]","[{""feature_value"":""rail"",""geometry_role"":""native_way_geometry"",""osm_way_id"":99362981}]",native_shared_node_not_transfer_or_conflict_permission
2480168653,72.7606927,19.7584914,265355.18052834785,2186306.9858771623,EPSG:32643,"{""railway"":""level_crossing""}","[{""feature_value"":""residential"",""geometry_role"":""native_way_geometry"",""osm_way_id"":240281958}]","[{""feature_value"":""rail"",""geometry_role"":""native_way_geometry"",""osm_way_id"":480024403}]",native_shared_node_not_transfer_or_conflict_permission
2480168719,72.7605806,19.7541575,265337.0865121245,2185827.280284065,EPSG:32643,"{""railway"":""level_crossing""}","[{""feature_value"":""residential"",""geometry_role"":""native_way_geometry"",""osm_way_id"":240281958}]","[{""feature_value"":""rail"",""geometry_role"":""native_way_geometry"",""osm_way_id"":480024403}]",native_shared_node_not_transfer_or_conflict_permission
2520395339,73.2133849,19.341713,312322.2218760202,2139607.2967782947,EPSG:32643,"{""disused:railway"":""level_crossing""}","[{""feature_value"":""tertiary"",""geometry_role"":""native_way_geometry"",""osm_way_id"":204345402}]","[{""feature_value"":""rail"",""geometry_role"":""native_way_geometry"",""osm_way_id"":222687690}]",native_shared_node_not_transfer_or_conflict_permission
2520395355,73.2140522,19.3537453,312406.0962321224,2140938.4787577125,EPSG:32643,"{""disused:railway"":""level_crossing""}","[{""feature_value"":""residential"",""geometry_role"":""native_way_geometry"",""osm_way_id"":215572898}]","[{""feature_value"":""rail"",""geometry_role"":""native_way_geometry"",""osm_way_id"":222687690}]",native_shared_node_not_transfer_or_conflict_permission
2520395470,73.2932051,19.4165349,320790.9445290903,2147804.69356043,EPSG:32643,"{""railway"":""level_crossing""}","[{""feature_value"":""tertiary"",""geometry_role"":""native_way_geometry"",""osm_way_id"":331860238}]","[{""feature_value"":""rail"",""geometry_role"":""native_way_geometry"",""osm_way_id"":68438837}]",native_shared_node_not_transfer_or_conflict_permission
2520395471,73.2932479,19.4164939,320795.39450600336,2147800.1106901667,EPSG:32643,"{""railway"":""level_crossing""}","[{""feature_value"":""tertiary"",""geometry_role"":""native_way_geometry"",""osm_way_id"":331860238}]","[{""feature_value"":""rail"",""geometry_role"":""native_way_geometry"",""osm_way_id"":244766351}]",native_shared_node_not_transfer_or_conflict_permission
2520704758,73.202487,19.2938117,311122.09252447984,2134316.754521393,EPSG:32643,"{""railway"":""level_crossing""}","[{""feature_value"":""residential"",""geometry_role"":""native_way_geometry"",""osm_way_id"":1513447026}]","[{""feature_value"":""rail"",""geometry_role"":""native_way_geometry"",""osm_way_id"":244796770}]",native_shared_node_not_transfer_or_conflict_permission
2528877585,73.2407992,18.307055,314067.76586563076,2025054.2544871555,EPSG:32643,"{""crossing:barrier"":""full"",""crossing:bell"":""yes"",""crossing:light"":""yes"",""railway"":""level_crossing""}","[{""feature_value"":""secondary"",""geometry_role"":""native_way_geometry"",""osm_way_id"":198490347}]","[{""feature_value"":""rail"",""geometry_role"":""native_way_geometry"",""osm_way_id"":670042796}]",native_shared_node_not_transfer_or_conflict_permission
2545609088,73.633519,19.7156443,356793.46534468036,2180591.1827114634,EPSG:32643,"{""railway"":""level_crossing""}","[{""feature_value"":""tertiary"",""geometry_role"":""native_way_geometry"",""osm_way_id"":247698177}]","[{""feature_value"":""rail"",""geometry_role"":""native_way_geometry"",""osm_way_id"":801304732}]",native_shared_node_not_transfer_or_conflict_permission
2545609103,73.6335683,19.7156221,356798.6129498413,2180588.684011745,EPSG:32643,"{""railway"":""level_crossing""}","[{""feature_value"":""tertiary"",""geometry_role"":""native_way_geometry"",""osm_way_id"":247698177}]","[{""feature_value"":""rail"",""geometry_role"":""native_way_geometry"",""osm_way_id"":801304731}]",native_shared_node_not_transfer_or_conflict_permission
2626478534,73.362253,18.8302533,327434.54099678417,2082841.7195893794,EPSG:32643,{},"[{""feature_value"":""path"",""geometry_role"":""native_way_geometry"",""osm_way_id"":1429163035}]","[{""feature_value"":""rail"",""geometry_role"":""native_way_geometry"",""osm_way_id"":149003188}]",native_shared_node_not_transfer_or_conflict_permission
2630075059,72.8237096,18.9455316,270827.457745199,2096214.2252349646,EPSG:32643,{},"[{""feature_value"":""path"",""geometry_role"":""native_way_geometry"",""osm_way_id"":988125080}]","[{""feature_value"":""platform"",""geometry_role"":""area_boundary"",""osm_way_id"":257500373}]",native_shared_node_not_transfer_or_conflict_permission
2637060161,72.9532076,18.9443967,284467.44062477053,2095925.2910266153,EPSG:32643,"{""access"":""private"",""railway"":""level_crossing"",""source"":""digitalglobe""}","[{""feature_value"":""service"",""geometry_role"":""native_way_geometry"",""osm_way_id"":991641693}]","[{""feature_value"":""rail"",""geometry_role"":""native_way_geometry"",""osm_way_id"":258336982}]",native_shared_node_not_transfer_or_conflict_permission
2637060168,72.9524249,18.9458571,284386.8689908406,2096087.9189186585,EPSG:32643,"{""access"":""private"",""railway"":""level_crossing"",""source"":""digitalglobe""}","[{""feature_value"":""tertiary"",""geometry_role"":""native_way_geometry"",""osm_way_id"":786133097}]","[{""feature_value"":""rail"",""geometry_role"":""native_way_geometry"",""osm_way_id"":699441039}]",native_shared_node_not_transfer_or_conflict_permission
2637214798,72.8399519,18.9436799,272535.9764421837,2095988.1922490569,EPSG:32643,"{""railway"":""level_crossing""}","[{""feature_value"":""service"",""geometry_role"":""native_way_geometry"",""osm_way_id"":1209643867}]","[{""feature_value"":""rail"",""geometry_role"":""native_way_geometry"",""osm_way_id"":1393929773}]",native_shared_node_not_transfer_or_conflict_permission
2637288096,72.8190014,18.9693188,270364.05678714905,2098853.8556427,EPSG:32643,"{""entrance"":""yes""}","[{""feature_value"":""footway"",""geometry_role"":""native_way_geometry"",""osm_way_id"":258362621},{""feature_value"":""footway"",""geometry_role"":""native_way_geometry"",""osm_way_id"":988428633}]","[{""feature_value"":""platform"",""geometry_role"":""area_boundary"",""osm_way_id"":207540456}]",native_shared_node_not_transfer_or_conflict_permission
2637288101,72.8198893,18.9695624,270457.91278787167,2098879.6673089694,EPSG:32643,"{""entrance"":""main""}","[{""feature_value"":""footway"",""geometry_role"":""native_way_geometry"",""osm_way_id"":258362623},{""feature_value"":""footway"",""geometry_role"":""native_way_geometry"",""osm_way_id"":988428634}]","[{""feature_value"":""platform"",""geometry_role"":""area_boundary"",""osm_way_id"":207540456}]",native_shared_node_not_transfer_or_conflict_permission
2682274395,72.8233085,20.1947423,272546.05372511,2234523.7328177323,EPSG:32643,"{""railway"":""level_crossing""}","[{""feature_value"":""tertiary"",""geometry_role"":""native_way_geometry"",""osm_way_id"":262569311}]","[{""feature_value"":""rail"",""geometry_role"":""native_way_geometry"",""osm_way_id"":857320407}]",native_shared_node_not_transfer_or_conflict_permission
2682274396,72.8232608,20.1947706,272541.10857763793,2234526.931725054,EPSG:32643,"{""railway"":""level_crossing""}","[{""feature_value"":""tertiary"",""geometry_role"":""native_way_geometry"",""osm_way_id"":262569311}]","[{""feature_value"":""rail"",""geometry_role"":""native_way_geometry"",""osm_way_id"":857320408}]",native_shared_node_not_transfer_or_conflict_permission
2866897904,73.354172,18.85322,326606.4678511879,2085391.6055096795,EPSG:32643,"{""railway"":""crossing""}","[{""feature_value"":""path"",""geometry_role"":""native_way_geometry"",""osm_way_id"":1530028428}]","[{""feature_value"":""rail"",""geometry_role"":""native_way_geometry"",""osm_way_id"":53759155}]",native_shared_node_not_transfer_or_conflict_permission
2909186505,72.8220004,19.1299887,270900.7456859788,2116637.993829443,EPSG:32643,{},"[{""feature_value"":""steps"",""geometry_role"":""native_way_geometry"",""osm_way_id"":667482445}]","[{""feature_value"":""station"",""geometry_role"":""native_way_geometry"",""osm_way_id"":287299861},{""feature_value"":""platform"",""geometry_role"":""area_boundary"",""osm_way_id"":311841895}]",native_shared_node_not_transfer_or_conflict_permission
2909186578,72.8274021,19.1320726,271472.0234137542,2116861.6315490003,EPSG:32643,"{""access"":""private"",""description"":""in the metro depot"",""railway"":""level_crossing""}","[{""feature_value"":""service"",""geometry_role"":""native_way_geometry"",""osm_way_id"":1188169371}]","[{""feature_value"":""subway"",""geometry_role"":""native_way_geometry"",""osm_way_id"":287299859}]",native_shared_node_not_transfer_or_conflict_permission
2909186586,72.8273799,19.1321197,271469.7522262273,2116866.875143654,EPSG:32643,"{""access"":""private"",""description"":""in the metro depot"",""railway"":""level_crossing""}","[{""feature_value"":""service"",""geometry_role"":""native_way_geometry"",""osm_way_id"":1188169371}]","[{""feature_value"":""subway"",""geometry_role"":""native_way_geometry"",""osm_way_id"":287299853}]",native_shared_node_not_transfer_or_conflict_permission
2909186593,72.8273462,19.1321843,271466.29502855416,2116874.0712504843,EPSG:32643,"{""access"":""private"",""description"":""in the metro depot"",""railway"":""level_crossing""}","[{""feature_value"":""service"",""geometry_role"":""native_way_geometry"",""osm_way_id"":1188169371}]","[{""feature_value"":""subway"",""geometry_role"":""native_way_geometry"",""osm_way_id"":287299822}]",native_shared_node_not_transfer_or_conflict_permission
2971535726,72.8400094,19.0681514,272711.29916863004,2109768.3900268474,EPSG:32643,{},"[{""feature_value"":""steps"",""geometry_role"":""native_way_geometry"",""osm_way_id"":293549252}]","[{""feature_value"":""platform"",""geometry_role"":""area_boundary"",""osm_way_id"":257411163}]",native_shared_node_not_transfer_or_conflict_permission
2971535727,72.8398172,19.0681765,272691.10124874767,2109771.418180435,EPSG:32643,{},"[{""feature_value"":""steps"",""geometry_role"":""native_way_geometry"",""osm_way_id"":293549254}]","[{""feature_value"":""platform"",""geometry_role"":""area_boundary"",""osm_way_id"":257411161}]",native_shared_node_not_transfer_or_conflict_permission
3150526786,72.7620468,19.7371823,265465.9710873213,2183945.7135438602,EPSG:32643,"{""railway"":""level_crossing""}","[{""feature_value"":""tertiary"",""geometry_role"":""native_way_geometry"",""osm_way_id"":309723108}]","[{""feature_value"":""rail"",""geometry_role"":""native_way_geometry"",""osm_way_id"":99362985}]",native_shared_node_not_transfer_or_conflict_permission
3150527330,72.7621066,19.73719,265472.2517635335,2183946.4833664554,EPSG:32643,"{""railway"":""level_crossing""}","[{""feature_value"":""tertiary"",""geometry_role"":""native_way_geometry"",""osm_way_id"":309723108}]","[{""feature_value"":""rail"",""geometry_role"":""native_way_geometry"",""osm_way_id"":857214702}]",native_shared_node_not_transfer_or_conflict_permission
3151544466,73.3907264,19.5789241,331201.154655045,2165680.6711619752,EPSG:32643,"{""railway"":""level_crossing""}","[{""feature_value"":""tertiary"",""geometry_role"":""native_way_geometry"",""osm_way_id"":204352205}]","[{""feature_value"":""rail"",""geometry_role"":""native_way_geometry"",""osm_way_id"":400490575}]",native_shared_node_not_transfer_or_conflict_permission
3156944600,73.0850533,19.0901387,298531.153820107,2111902.5542592425,EPSG:32643,"{""railway"":""level_crossing""}","[{""feature_value"":""unclassified"",""geometry_role"":""native_way_geometry"",""osm_way_id"":1447940874}]","[{""feature_value"":""rail"",""geometry_role"":""native_way_geometry"",""osm_way_id"":4774147}]",native_shared_node_not_transfer_or_conflict_permission
3175794782,72.9080404,19.0876574,279898.3204567717,2111840.9942415776,EPSG:32643,{},"[{""feature_value"":""tertiary"",""geometry_role"":""native_way_geometry"",""osm_way_id"":317187494},{""feature_value"":""tertiary"",""geometry_role"":""native_way_geometry"",""osm_way_id"":1330230636}]","[{""feature_value"":""station"",""geometry_role"":""native_way_geometry"",""osm_way_id"":151205149},{""feature_value"":""platform"",""geometry_role"":""area_boundary"",""osm_way_id"":311841901}]",native_shared_node_not_transfer_or_conflict_permission
3175794849,72.8220429,19.1301634,270905.45893477084,2116657.279577464,EPSG:32643,{},"[{""feature_value"":""steps"",""geometry_role"":""native_way_geometry"",""osm_way_id"":667482443}]","[{""feature_value"":""station"",""geometry_role"":""native_way_geometry"",""osm_way_id"":287299861},{""feature_value"":""platform"",""geometry_role"":""area_boundary"",""osm_way_id"":311841900}]",native_shared_node_not_transfer_or_conflict_permission
3186530161,72.8569275,19.2273031,274708.4678923155,2127366.335686212,EPSG:32643,{},"[{""feature_value"":""steps"",""geometry_role"":""native_way_geometry"",""osm_way_id"":1353357317}]","[{""feature_value"":""platform"",""geometry_role"":""native_way_geometry"",""osm_way_id"":312762327}]",native_shared_node_not_transfer_or_conflict_permission
3186571162,72.8571607,19.2286562,274734.83813710103,2127515.837297169,EPSG:32643,{},"[{""feature_value"":""path"",""geometry_role"":""native_way_geometry"",""osm_way_id"":312764560}]","[{""feature_value"":""platform"",""geometry_role"":""native_way_geometry"",""osm_way_id"":312762327}]",native_shared_node_not_transfer_or_conflict_permission
3215128427,73.2887185,19.0084,319875.60344112327,2102633.2069720966,EPSG:32643,"{""railway"":""level_crossing""}","[{""feature_value"":""tertiary"",""geometry_role"":""native_way_geometry"",""osm_way_id"":778175097},{""feature_value"":""tertiary"",""geometry_role"":""native_way_geometry"",""osm_way_id"":1150975675}]","[{""feature_value"":""narrow_gauge"",""geometry_role"":""native_way_geometry"",""osm_way_id"":199600310}]",native_shared_node_not_transfer_or_conflict_permission
3215128428,73.2911082,19.0076927,320126.43461230467,2102552.471574694,EPSG:32643,"{""railway"":""level_crossing""}","[{""feature_value"":""tertiary"",""geometry_role"":""native_way_geometry"",""osm_way_id"":1150975675}]","[{""feature_value"":""narrow_gauge"",""geometry_role"":""native_way_geometry"",""osm_way_id"":199600310}]",native_shared_node_not_transfer_or_conflict_permission
3215128429,73.291174,19.0079909,320133.68289958464,2102585.411103447,EPSG:32643,"{""railway"":""level_crossing""}","[{""feature_value"":""tertiary"",""geometry_role"":""native_way_geometry"",""osm_way_id"":1150975675}]","[{""feature_value"":""narrow_gauge"",""geometry_role"":""native_way_geometry"",""osm_way_id"":199600310}]",native_shared_node_not_transfer_or_conflict_permission
3215128430,73.2891687,19.0089394,319923.58216666477,2102692.4503897037,EPSG:32643,"{""railway"":""level_crossing""}","[{""feature_value"":""tertiary"",""geometry_role"":""native_way_geometry"",""osm_way_id"":1150975675}]","[{""feature_value"":""narrow_gauge"",""geometry_role"":""native_way_geometry"",""osm_way_id"":199600310}]",native_shared_node_not_transfer_or_conflict_permission
3215129087,73.2931653,19.0052425,320340.378552956,2102279.1635053894,EPSG:32643,"{""railway"":""level_crossing""}","[{""feature_value"":""tertiary"",""geometry_role"":""native_way_geometry"",""osm_way_id"":1153119655}]","[{""feature_value"":""narrow_gauge"",""geometry_role"":""native_way_geometry"",""osm_way_id"":49564424}]",native_shared_node_not_transfer_or_conflict_permission
3215132623,73.3189732,19.0224425,323075.7171693079,2104156.7901922353,EPSG:32643,"{""crossing:barrier"":""full"",""railway"":""level_crossing""}","[{""feature_value"":""primary"",""geometry_role"":""native_way_geometry"",""osm_way_id"":215400272}]","[{""feature_value"":""rail"",""geometry_role"":""native_way_geometry"",""osm_way_id"":83335497}]",native_shared_node_not_transfer_or_conflict_permission
3215132624,73.3175817,19.022993,322929.8149142851,2104219.1245878353,EPSG:32643,"{""crossing:activation"":""local"",""crossing:barrier"":""full"",""railway"":""level_crossing""}","[{""feature_value"":""primary"",""geometry_role"":""native_way_geometry"",""osm_way_id"":215400272}]","[{""feature_value"":""narrow_gauge"",""geometry_role"":""native_way_geometry"",""osm_way_id"":49564424}]",native_shared_node_not_transfer_or_conflict_permission
3225071808,73.7808052,19.8167887,372311.47647997906,2191667.965126235,EPSG:32643,"{""railway"":""level_crossing""}","[{""feature_value"":""secondary"",""geometry_role"":""native_way_geometry"",""osm_way_id"":258072168}]","[{""feature_value"":""rail"",""geometry_role"":""native_way_geometry"",""osm_way_id"":244751337}]",native_shared_node_not_transfer_or_conflict_permission
3225071809,73.7807634,19.8168135,372307.11798062833,2191670.7415096285,EPSG:32643,"{""railway"":""level_crossing""}","[{""feature_value"":""secondary"",""geometry_role"":""native_way_geometry"",""osm_way_id"":258072168}]","[{""feature_value"":""rail"",""geometry_role"":""native_way_geometry"",""osm_way_id"":197566766}]",native_shared_node_not_transfer_or_conflict_permission
3225071945,73.7122148,19.8232589,365132.4225031788,2192437.3778545633,EPSG:32643,"{""railway"":""level_crossing""}","[{""feature_value"":""secondary"",""geometry_role"":""native_way_geometry"",""osm_way_id"":258072168}]","[{""feature_value"":""rail"",""geometry_role"":""native_way_geometry"",""osm_way_id"":244751337}]",native_shared_node_not_transfer_or_conflict_permission
3225071947,73.7122326,19.8232889,365134.31222287344,2192440.6840259843,EPSG:32643,"{""railway"":""level_crossing""}","[{""feature_value"":""secondary"",""geometry_role"":""native_way_geometry"",""osm_way_id"":258072168}]","[{""feature_value"":""rail"",""geometry_role"":""native_way_geometry"",""osm_way_id"":197566766}]",native_shared_node_not_transfer_or_conflict_permission
3254465717,73.216015,19.3115966,312564.2109888279,2136270.7418449437,EPSG:32643,"{""disused:railway"":""level_crossing""}","[{""feature_value"":""secondary"",""geometry_role"":""native_way_geometry"",""osm_way_id"":204345397}]","[{""feature_value"":""rail"",""geometry_role"":""native_way_geometry"",""osm_way_id"":222687690}]",native_shared_node_not_transfer_or_conflict_permission
3389153303,72.8494469,19.119988,273775.24298828735,2115495.037822068,EPSG:32643,{},"[{""feature_value"":""steps"",""geometry_role"":""native_way_geometry"",""osm_way_id"":666092082}]","[{""feature_value"":""platform"",""geometry_role"":""native_way_geometry"",""osm_way_id"":331815676}]",native_shared_node_not_transfer_or_conflict_permission
3389153306,72.8494919,19.1200498,273780.0626204832,2115501.8215085296,EPSG:32643,{},"[{""feature_value"":""steps"",""geometry_role"":""native_way_geometry"",""osm_way_id"":666092081}]","[{""feature_value"":""platform"",""geometry_role"":""native_way_geometry"",""osm_way_id"":331815674}]",native_shared_node_not_transfer_or_conflict_permission
3389153363,72.838243,19.1267197,272605.4378227546,2116254.8547943966,EPSG:32643,{},"[{""feature_value"":""steps"",""geometry_role"":""native_way_geometry"",""osm_way_id"":667482430}]","[{""feature_value"":""platform"",""geometry_role"":""native_way_geometry"",""osm_way_id"":331815678}]",native_shared_node_not_transfer_or_conflict_permission
3389153365,72.838278,19.1268555,272609.3067963843,2116269.843876911,EPSG:32643,{},"[{""feature_value"":""steps"",""geometry_role"":""native_way_geometry"",""osm_way_id"":667482428}]","[{""feature_value"":""platform"",""geometry_role"":""native_way_geometry"",""osm_way_id"":331815675}]",native_shared_node_not_transfer_or_conflict_permission
3389153369,72.8370235,19.1269766,272477.4627919622,2116284.884277531,EPSG:32643,{},"[{""feature_value"":""steps"",""geometry_role"":""native_way_geometry"",""osm_way_id"":667482426}]","[{""feature_value"":""platform"",""geometry_role"":""native_way_geometry"",""osm_way_id"":331815678}]",native_shared_node_not_transfer_or_conflict_permission
3389153370,72.8370545,19.127105,272480.9008149853,2116299.059286332,EPSG:32643,{},"[{""feature_value"":""steps"",""geometry_role"":""native_way_geometry"",""osm_way_id"":667482423}]","[{""feature_value"":""platform"",""geometry_role"":""native_way_geometry"",""osm_way_id"":331815675}]",native_shared_node_not_transfer_or_conflict_permission
3389153384,72.830794,19.1280877,271823.463994612,2116416.020636793,EPSG:32643,{},"[{""feature_value"":""steps"",""geometry_role"":""native_way_geometry"",""osm_way_id"":667482434}]","[{""feature_value"":""platform"",""geometry_role"":""native_way_geometry"",""osm_way_id"":331815677}]",native_shared_node_not_transfer_or_conflict_permission
3389153385,72.8308136,19.1282183,271825.7059407757,2116430.454030655,EPSG:32643,{},"[{""feature_value"":""steps"",""geometry_role"":""native_way_geometry"",""osm_way_id"":667482432}]","[{""feature_value"":""platform"",""geometry_role"":""native_way_geometry"",""osm_way_id"":331815673}]",native_shared_node_not_transfer_or_conflict_permission
3389153386,72.8295663,19.1283615,271694.65112521383,2116447.9375623455,EPSG:32643,{},"[{""feature_value"":""steps"",""geometry_role"":""native_way_geometry"",""osm_way_id"":667482438}]","[{""feature_value"":""platform"",""geometry_role"":""native_way_geometry"",""osm_way_id"":331815677}]",native_shared_node_not_transfer_or_conflict_permission
3389153387,72.8295965,19.1284899,271698.0055709919,2116462.113531813,EPSG:32643,{},"[{""feature_value"":""steps"",""geometry_role"":""native_way_geometry"",""osm_way_id"":667482436}]","[{""feature_value"":""platform"",""geometry_role"":""native_way_geometry"",""osm_way_id"":331815673}]",native_shared_node_not_transfer_or_conflict_permission
3389210769,72.872675,19.1106351,276206.9914590551,2114429.679609829,EPSG:32643,{},"[{""feature_value"":""residential"",""geometry_role"":""native_way_geometry"",""osm_way_id"":215040185}]","[{""feature_value"":""subway"",""geometry_role"":""native_way_geometry"",""osm_way_id"":566154570}]",native_shared_node_not_transfer_or_conflict_permission
3389210780,72.8682163,19.1117953,275739.3338696562,2114563.83743145,EPSG:32643,{},"[{""feature_value"":""steps"",""geometry_role"":""native_way_geometry"",""osm_way_id"":665877516}]","[{""feature_value"":""platform"",""geometry_role"":""native_way_geometry"",""osm_way_id"":331824156}]",native_shared_node_not_transfer_or_conflict_permission
3389210781,72.8682639,19.1119504,275744.5524221099,2114580.947459948,EPSG:32643,{},"[{""feature_value"":""steps"",""geometry_role"":""native_way_geometry"",""osm_way_id"":665877507}]","[{""feature_value"":""platform"",""geometry_role"":""native_way_geometry"",""osm_way_id"":331824157}]",native_shared_node_not_transfer_or_conflict_permission
3389210784,72.8669813,19.1121347,275609.8243427354,2114602.996797318,EPSG:32643,{},"[{""feature_value"":""steps"",""geometry_role"":""native_way_geometry"",""osm_way_id"":665877159}]","[{""feature_value"":""platform"",""geometry_role"":""native_way_geometry"",""osm_way_id"":331824156}]",native_shared_node_not_transfer_or_conflict_permission
3389210787,72.8670181,19.1122825,275613.8966005944,2114619.3124793633,EPSG:32643,{},"[{""feature_value"":""steps"",""geometry_role"":""native_way_geometry"",""osm_way_id"":665877320}]","[{""feature_value"":""platform"",""geometry_role"":""native_way_geometry"",""osm_way_id"":331824157}]",native_shared_node_not_transfer_or_conflict_permission
3405371517,72.8739839,19.0389342,276248.4339979737,2106490.068482996,EPSG:32643,{},"[{""feature_value"":""footway"",""geometry_role"":""native_way_geometry"",""osm_way_id"":342485659}]","[{""feature_value"":""platform"",""geometry_role"":""native_way_geometry"",""osm_way_id"":281323858}]",native_shared_node_not_transfer_or_conflict_permission
3405371520,72.8740646,19.0389351,276256.9315280166,2106490.06523215,EPSG:32643,{},"[{""feature_value"":""footway"",""geometry_role"":""native_way_geometry"",""osm_way_id"":333413507}]","[{""feature_value"":""platform"",""geometry_role"":""native_way_geometry"",""osm_way_id"":281323878}]",native_shared_node_not_transfer_or_conflict_permission
3473460070,73.0598197,19.0264477,295797.57550812955,2104881.2701214305,EPSG:32643,"{""amenity"":""parking_entrance""}","[{""feature_value"":""service"",""geometry_role"":""native_way_geometry"",""osm_way_id"":340141195}]","[{""feature_value"":""station"",""geometry_role"":""native_way_geometry"",""osm_way_id"":562395722}]",native_shared_node_not_transfer_or_conflict_permission
3501419658,72.832781,18.9879674,271840.8628796754,2100900.538449674,EPSG:32643,{},"[{""feature_value"":""footway"",""geometry_role"":""native_way_geometry"",""osm_way_id"":343275238}]","[{""feature_value"":""platform"",""geometry_role"":""area_boundary"",""osm_way_id"":343275231}]",native_shared_node_not_transfer_or_conflict_permission
3639090636,73.4059343,18.7507841,331959.2504788635,2074004.1929982984,EPSG:32643,{},"[{""feature_value"":""footway"",""geometry_role"":""native_way_geometry"",""osm_way_id"":1502389839}]","[{""feature_value"":""platform"",""geometry_role"":""area_boundary"",""osm_way_id"":359138405}]",native_shared_node_not_transfer_or_conflict_permission
3708878217,72.8788925,19.1084598,276858.384540162,2114180.9083689763,EPSG:32643,{},"[{""feature_value"":""primary"",""geometry_role"":""native_way_geometry"",""osm_way_id"":1103453738}]","[{""feature_value"":""station"",""geometry_role"":""native_way_geometry"",""osm_way_id"":311841876},{""feature_value"":""platform"",""geometry_role"":""area_boundary"",""osm_way_id"":311841896}]",native_shared_node_not_transfer_or_conflict_permission
3708879286,72.8800761,19.1078335,276982.1046522665,2114110.061498979,EPSG:32643,{},"[{""feature_value"":""primary"",""geometry_role"":""native_way_geometry"",""osm_way_id"":1152599020}]","[{""feature_value"":""station"",""geometry_role"":""native_way_geometry"",""osm_way_id"":311841876},{""feature_value"":""platform"",""geometry_role"":""area_boundary"",""osm_way_id"":311841902}]",native_shared_node_not_transfer_or_conflict_permission
3708879290,72.8801439,19.1079973,276989.4595797573,2114128.1091773836,EPSG:32643,{},"[{""feature_value"":""primary"",""geometry_role"":""native_way_geometry"",""osm_way_id"":1103453738}]","[{""feature_value"":""station"",""geometry_role"":""native_way_geometry"",""osm_way_id"":311841876},{""feature_value"":""platform"",""geometry_role"":""area_boundary"",""osm_way_id"":311841896}]",native_shared_node_not_transfer_or_conflict_permission
3708879298,72.8788265,19.1083002,276851.2245602211,2114163.3234125036,EPSG:32643,{},"[{""feature_value"":""primary"",""geometry_role"":""native_way_geometry"",""osm_way_id"":1152599020}]","[{""feature_value"":""station"",""geometry_role"":""native_way_geometry"",""osm_way_id"":311841876},{""feature_value"":""platform"",""geometry_role"":""area_boundary"",""osm_way_id"":311841902}]",native_shared_node_not_transfer_or_conflict_permission
3708879334,72.8747654,19.1098088,276425.8684189487,2114335.526426806,EPSG:32643,{},"[{""feature_value"":""primary"",""geometry_role"":""native_way_geometry"",""osm_way_id"":1141926437}]","[{""feature_value"":""station"",""geometry_role"":""native_way_geometry"",""osm_way_id"":311841874},{""feature_value"":""platform"",""geometry_role"":""area_boundary"",""osm_way_id"":311841897}]",native_shared_node_not_transfer_or_conflict_permission
3708879335,72.8748321,19.1099674,276433.10109901766,2114352.999650994,EPSG:32643,{},"[{""feature_value"":""primary"",""geometry_role"":""native_way_geometry"",""osm_way_id"":366912374}]","[{""feature_value"":""station"",""geometry_role"":""native_way_geometry"",""osm_way_id"":311841874},{""feature_value"":""platform"",""geometry_role"":""area_boundary"",""osm_way_id"":311841903}]",native_shared_node_not_transfer_or_conflict_permission
3708879338,72.8735682,19.1104526,276300.7439644538,2114408.3322324236,EPSG:32643,{},"[{""feature_value"":""primary"",""geometry_role"":""native_way_geometry"",""osm_way_id"":366912374}]","[{""feature_value"":""station"",""geometry_role"":""native_way_geometry"",""osm_way_id"":311841874},{""feature_value"":""platform"",""geometry_role"":""area_boundary"",""osm_way_id"":311841903}]",native_shared_node_not_transfer_or_conflict_permission
3777263520,72.848633,18.9795673,273498.9802243933,2099950.086038567,EPSG:32643,"{""disused:railway"":""level_crossing"",""railway"":""level_crossing""}","[{""feature_value"":""residential"",""geometry_role"":""native_way_geometry"",""osm_way_id"":928034505}]","[{""feature_value"":""rail"",""geometry_role"":""native_way_geometry"",""osm_way_id"":55789133}]",native_shared_node_not_transfer_or_conflict_permission
3797803279,72.839736,19.3708619,273098.6801509768,2143282.5737766293,EPSG:32643,"{""railway"":""level_crossing""}","[{""feature_value"":""service"",""geometry_role"":""native_way_geometry"",""osm_way_id"":213979003}]","[{""feature_value"":""rail"",""geometry_role"":""native_way_geometry"",""osm_way_id"":4774204}]",native_shared_node_not_transfer_or_conflict_permission
3797803282,72.83599,19.3738476,272709.21902719676,2143618.0623071496,EPSG:32643,"{""railway"":""level_crossing""}","[{""feature_value"":""path"",""geometry_role"":""native_way_geometry"",""osm_way_id"":1539067101}]","[{""feature_value"":""rail"",""geometry_role"":""native_way_geometry"",""osm_way_id"":327791186}]",native_shared_node_not_transfer_or_conflict_permission
3799104092,73.0779742,19.1617836,297873.3544988985,2119841.7018570993,EPSG:32643,"{""railway"":""level_crossing""}","[{""feature_value"":""construction"",""geometry_role"":""native_way_geometry"",""osm_way_id"":1529663263}]","[{""feature_value"":""rail"",""geometry_role"":""native_way_geometry"",""osm_way_id"":661778959}]",native_shared_node_not_transfer_or_conflict_permission
3809558410,73.3188937,18.844212,322879.48529101815,2084429.4518469372,EPSG:32643,"{""railway"":""level_crossing"",""source"":""bing""}","[{""feature_value"":""residential"",""geometry_role"":""native_way_geometry"",""osm_way_id"":377578207}]","[{""feature_value"":""rail"",""geometry_role"":""native_way_geometry"",""osm_way_id"":49770581}]",native_shared_node_not_transfer_or_conflict_permission
3840420405,73.7075334,18.7009016,363717.58283733553,2068226.3071653522,EPSG:32643,"{""railway"":""level_crossing""}","[{""feature_value"":""tertiary"",""geometry_role"":""native_way_geometry"",""osm_way_id"":380718620}]","[{""feature_value"":""rail"",""geometry_role"":""native_way_geometry"",""osm_way_id"":235145483}]",native_shared_node_not_transfer_or_conflict_permission
3840422375,73.6977173,18.7260799,362702.71820226987,2071020.2372020932,EPSG:32643,"{""railway"":""level_crossing""}","[{""feature_value"":""tertiary"",""geometry_role"":""native_way_geometry"",""osm_way_id"":380718619}]","[{""feature_value"":""rail"",""geometry_role"":""native_way_geometry"",""osm_way_id"":619726210}]",native_shared_node_not_transfer_or_conflict_permission
3862286789,72.89461,19.0724117,278464.48063567333,2110170.1141298735,EPSG:32643,"{""railway"":""level_crossing""}","[{""feature_value"":""path"",""geometry_role"":""native_way_geometry"",""osm_way_id"":911710176}]","[{""feature_value"":""rail"",""geometry_role"":""native_way_geometry"",""osm_way_id"":816146586}]",native_shared_node_not_transfer_or_conflict_permission
3862286794,72.8946851,19.0723889,278472.3553814847,2110167.4950317745,EPSG:32643,"{""railway"":""level_crossing""}","[{""feature_value"":""path"",""geometry_role"":""native_way_geometry"",""osm_way_id"":911710176}]","[{""feature_value"":""rail"",""geometry_role"":""native_way_geometry"",""osm_way_id"":107213211}]",native_shared_node_not_transfer_or_conflict_permission
3862286824,72.8939454,19.0733244,278395.7386818783,2110271.997702396,EPSG:32643,"{""railway"":""level_crossing""}","[{""feature_value"":""service"",""geometry_role"":""native_way_geometry"",""osm_way_id"":235856032}]","[{""feature_value"":""rail"",""geometry_role"":""native_way_geometry"",""osm_way_id"":48864158}]",native_shared_node_not_transfer_or_conflict_permission
3878413351,72.8564198,19.1251983,274516.0926976512,2116062.8619322684,EPSG:32643,{},"[{""feature_value"":""trunk"",""geometry_role"":""native_way_geometry"",""osm_way_id"":1356867776},{""feature_value"":""trunk"",""geometry_role"":""native_way_geometry"",""osm_way_id"":1356867777}]","[{""feature_value"":""subway"",""geometry_role"":""native_way_geometry"",""osm_way_id"":1046920882}]",native_shared_node_not_transfer_or_conflict_permission
3920307145,73.39952,19.5892391,332134.40801400744,2166813.761907411,EPSG:32643,{},"[{""feature_value"":""unclassified"",""geometry_role"":""native_way_geometry"",""osm_way_id"":388843833},{""feature_value"":""unclassified"",""geometry_role"":""native_way_geometry"",""osm_way_id"":1392523954}]","[{""feature_value"":""rail"",""geometry_role"":""native_way_geometry"",""osm_way_id"":400490575}]",native_shared_node_not_transfer_or_conflict_permission
3981636258,72.9354802,18.8819445,282519.27626722923,2089033.3492675112,EPSG:32643,{},"[{""feature_value"":""tertiary"",""geometry_role"":""native_way_geometry"",""osm_way_id"":236533931}]","[{""feature_value"":""abandoned"",""geometry_role"":""native_way_geometry"",""osm_way_id"":894309257}]",native_shared_node_not_transfer_or_conflict_permission
4005358935,73.0741281,19.2014678,297517.30037750537,2124239.1773637775,EPSG:32643,"{""railway"":""level_crossing""}","[{""feature_value"":""residential"",""geometry_role"":""native_way_geometry"",""osm_way_id"":236056370}]","[{""feature_value"":""rail"",""geometry_role"":""native_way_geometry"",""osm_way_id"":397763409}]",native_shared_node_not_transfer_or_conflict_permission
4005358940,73.0743414,19.2016936,297540.0094245563,2124263.925245948,EPSG:32643,"{""railway"":""level_crossing""}","[{""feature_value"":""residential"",""geometry_role"":""native_way_geometry"",""osm_way_id"":236056370}]","[{""feature_value"":""rail"",""geometry_role"":""native_way_geometry"",""osm_way_id"":662169596}]",native_shared_node_not_transfer_or_conflict_permission
4005487756,73.0549651,19.1892637,295486.8442290535,2122910.577119785,EPSG:32643,"{""railway"":""level_crossing""}","[{""feature_value"":""tertiary"",""geometry_role"":""native_way_geometry"",""osm_way_id"":212659562}]","[{""feature_value"":""rail"",""geometry_role"":""native_way_geometry"",""osm_way_id"":1311408245}]",native_shared_node_not_transfer_or_conflict_permission
4005816600,73.1403743,19.2354331,304524.4543680596,2127923.290691531,EPSG:32643,"{""railway"":""level_crossing""}","[{""feature_value"":""service"",""geometry_role"":""native_way_geometry"",""osm_way_id"":788332944}]","[{""feature_value"":""rail"",""geometry_role"":""native_way_geometry"",""osm_way_id"":397789327}]",native_shared_node_not_transfer_or_conflict_permission
4006307442,73.1361186,18.9767618,303771.99030787125,2099294.361024672,EPSG:32643,"{""railway"":""level_crossing""}","[{""feature_value"":""tertiary"",""geometry_role"":""native_way_geometry"",""osm_way_id"":55604722}]","[{""feature_value"":""rail"",""geometry_role"":""native_way_geometry"",""osm_way_id"":597470036}]",native_shared_node_not_transfer_or_conflict_permission
4031658924,73.4817085,18.7445881,339942.786831283,2073248.674497172,EPSG:32643,"{""railway"":""level_crossing""}","[{""feature_value"":""tertiary"",""geometry_role"":""native_way_geometry"",""osm_way_id"":41393854}]","[{""feature_value"":""rail"",""geometry_role"":""native_way_geometry"",""osm_way_id"":1316323057}]",native_shared_node_not_transfer_or_conflict_permission
4031658974,73.4152512,18.7474076,332938.2824575845,2073621.7244585406,EPSG:32643,"{""crossing:barrier"":""full"",""railway"":""level_crossing""}","[{""feature_value"":""tertiary"",""geometry_role"":""native_way_geometry"",""osm_way_id"":440330693}]","[{""feature_value"":""rail"",""geometry_role"":""native_way_geometry"",""osm_way_id"":400625159}]",native_shared_node_not_transfer_or_conflict_permission
4031658975,73.4152551,18.7474603,332938.7455371313,2073627.5535647322,EPSG:32643,"{""crossing:barrier"":""full"",""railway"":""level_crossing""}","[{""feature_value"":""tertiary"",""geometry_role"":""native_way_geometry"",""osm_way_id"":440330693}]","[{""feature_value"":""rail"",""geometry_role"":""native_way_geometry"",""osm_way_id"":400625156}]",native_shared_node_not_transfer_or_conflict_permission
4031658976,73.4152614,18.747518,332939.46659284097,2073633.9338138592,EPSG:32643,"{""crossing:barrier"":""full"",""railway"":""level_crossing""}","[{""feature_value"":""tertiary"",""geometry_role"":""native_way_geometry"",""osm_way_id"":440330693}]","[{""feature_value"":""rail"",""geometry_role"":""native_way_geometry"",""osm_way_id"":1316323072}]",native_shared_node_not_transfer_or_conflict_permission
4031658977,73.4152776,18.7476081,332941.26338801906,2073643.890768207,EPSG:32643,"{""crossing:barrier"":""full"",""railway"":""level_crossing""}","[{""feature_value"":""tertiary"",""geometry_role"":""native_way_geometry"",""osm_way_id"":440330693},{""feature_value"":""tertiary"",""geometry_role"":""native_way_geometry"",""osm_way_id"":440330696}]","[{""feature_value"":""rail"",""geometry_role"":""native_way_geometry"",""osm_way_id"":400644791},{""feature_value"":""rail"",""geometry_role"":""native_way_geometry"",""osm_way_id"":440330695}]",native_shared_node_not_transfer_or_conflict_permission
4031660772,73.4008596,18.7541563,331427.5325726714,2074382.2198435382,EPSG:32643,"{""railway"":""level_crossing"",""source"":""bing""}","[{""feature_value"":""residential"",""geometry_role"":""native_way_geometry"",""osm_way_id"":25954039}]","[{""feature_value"":""rail"",""geometry_role"":""native_way_geometry"",""osm_way_id"":400625158}]",native_shared_node_not_transfer_or_conflict_permission
4031823522,73.4006705,18.7541508,331407.58910490596,2074381.7900764048,EPSG:32643,"{""railway"":""level_crossing"",""source"":""bing""}","[{""feature_value"":""residential"",""geometry_role"":""native_way_geometry"",""osm_way_id"":25954039}]","[{""feature_value"":""rail"",""geometry_role"":""native_way_geometry"",""osm_way_id"":149003204}]",native_shared_node_not_transfer_or_conflict_permission
4031823523,73.4007661,18.7541536,331417.67159691843,2074382.009497553,EPSG:32643,"{""railway"":""level_crossing"",""source"":""bing""}","[{""feature_value"":""residential"",""geometry_role"":""native_way_geometry"",""osm_way_id"":25954039}]","[{""feature_value"":""rail"",""geometry_role"":""native_way_geometry"",""osm_way_id"":400644799}]",native_shared_node_not_transfer_or_conflict_permission
4138238801,72.9442668,18.8792374,283441.7105142686,2088722.8862496524,EPSG:32643,"{""railway"":""level_crossing""}","[{""feature_value"":""residential"",""geometry_role"":""native_way_geometry"",""osm_way_id"":412377901}]","[{""feature_value"":""abandoned"",""geometry_role"":""native_way_geometry"",""osm_way_id"":894309257}]",native_shared_node_not_transfer_or_conflict_permission
4163007391,72.9447059,18.8789179,283487.5719609158,2088686.9792495277,EPSG:32643,"{""railway"":""level_crossing""}","[{""feature_value"":""residential"",""geometry_role"":""native_way_geometry"",""osm_way_id"":415254816}]","[{""feature_value"":""abandoned"",""geometry_role"":""native_way_geometry"",""osm_way_id"":894309257}]",native_shared_node_not_transfer_or_conflict_permission
4163269520,72.9466112,18.9372217,283763.34263227985,2095139.0680033728,EPSG:32643,"{""railway"":""level_crossing"",""source"":""digitalglobe""}","[{""feature_value"":""service"",""geometry_role"":""native_way_geometry"",""osm_way_id"":415286980}]","[{""feature_value"":""rail"",""geometry_role"":""native_way_geometry"",""osm_way_id"":699441039}]",native_shared_node_not_transfer_or_conflict_permission
4259924433,72.8367211,18.9415482,272192.73448296124,2095756.362764941,EPSG:32643,{},"[{""feature_value"":"""",""geometry_role"":""native_way_geometry"",""osm_way_id"":1449379104}]","[{""feature_value"":""platform"",""geometry_role"":""area_boundary"",""osm_way_id"":207427866}]",native_shared_node_not_transfer_or_conflict_permission
4264457313,72.8511342,19.0285972,273828.73473718227,2105374.949913627,EPSG:32643,{},"[{""feature_value"":""steps"",""geometry_role"":""native_way_geometry"",""osm_way_id"":427202420}]","[{""feature_value"":""platform"",""geometry_role"":""area_boundary"",""osm_way_id"":427202424}]",native_shared_node_not_transfer_or_conflict_permission
4264457319,72.8509622,19.0286286,273810.6672863569,2105378.6477676593,EPSG:32643,{},"[{""feature_value"":""steps"",""geometry_role"":""native_way_geometry"",""osm_way_id"":427202421}]","[{""feature_value"":""platform"",""geometry_role"":""area_boundary"",""osm_way_id"":427202423}]",native_shared_node_not_transfer_or_conflict_permission
4264856802,72.8469507,19.0398831,273403.57102551975,2106629.807660476,EPSG:32643,{},"[{""feature_value"":""path"",""geometry_role"":""native_way_geometry"",""osm_way_id"":990599364}]","[{""feature_value"":""platform"",""geometry_role"":""area_boundary"",""osm_way_id"":427250229}]",native_shared_node_not_transfer_or_conflict_permission
4264856804,72.847027,19.0399121,273411.64354675973,2106632.919733722,EPSG:32643,{},"[{""feature_value"":""path"",""geometry_role"":""native_way_geometry"",""osm_way_id"":990599364}]","[{""feature_value"":""platform"",""geometry_role"":""area_boundary"",""osm_way_id"":427250229}]",native_shared_node_not_transfer_or_conflict_permission
4264856821,72.8461991,19.0416037,273326.77699048765,2106821.2664247206,EPSG:32643,{},"[{""feature_value"":""steps"",""geometry_role"":""native_way_geometry"",""osm_way_id"":990599383}]","[{""feature_value"":""platform"",""geometry_role"":""area_boundary"",""osm_way_id"":427250229}]",native_shared_node_not_transfer_or_conflict_permission
4265039302,72.8272949,18.935863,271191.96704536217,2095139.1552097471,EPSG:32643,{},"[{""feature_value"":""path"",""geometry_role"":""native_way_geometry"",""osm_way_id"":988125041}]","[{""feature_value"":""platform"",""geometry_role"":""area_boundary"",""osm_way_id"":427271452}]",native_shared_node_not_transfer_or_conflict_permission
4265039304,72.8273297,18.9358646,271195.635417971,2095139.2872095804,EPSG:32643,{},"[{""feature_value"":""path"",""geometry_role"":""native_way_geometry"",""osm_way_id"":988125041}]","[{""feature_value"":""platform"",""geometry_role"":""area_boundary"",""osm_way_id"":427271452}]",native_shared_node_not_transfer_or_conflict_permission
4292823054,72.8969741,19.0278699,278654.22399704775,2105236.016613668,EPSG:32643,"{""railway"":""level_crossing""}","[{""feature_value"":""secondary"",""geometry_role"":""native_way_geometry"",""osm_way_id"":25585946}]","[{""feature_value"":""rail"",""geometry_role"":""native_way_geometry"",""osm_way_id"":626948045}]",native_shared_node_not_transfer_or_conflict_permission
4292823055,72.8973433,19.0278933,278693.12754418526,2105238.1418122943,EPSG:32643,"{""railway"":""level_crossing""}","[{""feature_value"":""secondary"",""geometry_role"":""native_way_geometry"",""osm_way_id"":25585946}]","[{""feature_value"":""rail"",""geometry_role"":""native_way_geometry"",""osm_way_id"":122303875}]",native_shared_node_not_transfer_or_conflict_permission
4294545123,72.8328646,18.9946756,271858.813157934,2101643.0983672054,EPSG:32643,{},"[{""feature_value"":""footway"",""geometry_role"":""native_way_geometry"",""osm_way_id"":988958392}]","[{""feature_value"":""platform"",""geometry_role"":""area_boundary"",""osm_way_id"":430179217}]",native_shared_node_not_transfer_or_conflict_permission
4306257483,72.8464503,19.1184545,273457.81095810095,2115329.1438578162,EPSG:32643,{},"[{""feature_value"":"""",""geometry_role"":""native_way_geometry"",""osm_way_id"":431427973}]","[{""feature_value"":""platform"",""geometry_role"":""area_boundary"",""osm_way_id"":257491049}]",native_shared_node_not_transfer_or_conflict_permission
4345706684,72.8402061,19.0680971,272731.93096052896,2109762.1233018674,EPSG:32643,{},"[{""feature_value"":""steps"",""geometry_role"":""native_way_geometry"",""osm_way_id"":293549253}]","[{""feature_value"":""platform"",""geometry_role"":""area_boundary"",""osm_way_id"":257411162}]",native_shared_node_not_transfer_or_conflict_permission
4345706691,72.8403633,19.0690133,272749.7284808414,2109863.3527367604,EPSG:32643,{},"[{""feature_value"":""path"",""geometry_role"":""native_way_geometry"",""osm_way_id"":990973281}]","[{""feature_value"":""platform"",""geometry_role"":""area_boundary"",""osm_way_id"":257411162}]",native_shared_node_not_transfer_or_conflict_permission
4345706692,72.8399019,19.0690935,272701.2683302945,2109872.830213158,EPSG:32643,{},"[{""feature_value"":""path"",""geometry_role"":""native_way_geometry"",""osm_way_id"":990973283}]","[{""feature_value"":""platform"",""geometry_role"":""area_boundary"",""osm_way_id"":257411161}]",native_shared_node_not_transfer_or_conflict_permission
4345706703,72.8402503,19.0696427,272738.6920271576,2109933.180729789,EPSG:32643,{},"[{""feature_value"":""path"",""geometry_role"":""native_way_geometry"",""osm_way_id"":990973270}]","[{""feature_value"":""platform"",""geometry_role"":""area_boundary"",""osm_way_id"":257411163}]",native_shared_node_not_transfer_or_conflict_permission
4380503960,73.3705424,18.7537893,328230.60898984456,2074370.563619036,EPSG:32643,"{""railway"":""level_crossing"",""source"":""bing""}","[{""feature_value"":""residential"",""geometry_role"":""native_way_geometry"",""osm_way_id"":440321709}]","[{""feature_value"":""rail"",""geometry_role"":""native_way_geometry"",""osm_way_id"":257032062}]",native_shared_node_not_transfer_or_conflict_permission
4674118958,72.843993,19.1232116,273205.7141211422,2115858.994872465,EPSG:32643,{},"[{""feature_value"":""residential"",""geometry_role"":""native_way_geometry"",""osm_way_id"":473260964},{""feature_value"":""residential"",""geometry_role"":""native_way_geometry"",""osm_way_id"":473263065}]","[{""feature_value"":""subway"",""geometry_role"":""native_way_geometry"",""osm_way_id"":566154570}]",native_shared_node_not_transfer_or_conflict_permission
4730509404,72.795558,19.6076095,268793.34125801036,2169553.427509393,EPSG:32643,"{""railway"":""level_crossing""}","[{""feature_value"":""unclassified"",""geometry_role"":""native_way_geometry"",""osm_way_id"":598727793}]","[{""feature_value"":""rail"",""geometry_role"":""native_way_geometry"",""osm_way_id"":480024402}]",native_shared_node_not_transfer_or_conflict_permission
4730509419,72.7619107,19.8034896,265548.75698037836,2191287.6270445776,EPSG:32643,"{""railway"":""level_crossing""}","[{""feature_value"":""tertiary"",""geometry_role"":""native_way_geometry"",""osm_way_id"":1488907785}]","[{""feature_value"":""rail"",""geometry_role"":""native_way_geometry"",""osm_way_id"":678001037}]",native_shared_node_not_transfer_or_conflict_permission
4759329097,72.9284796,19.1295654,282104.47431962605,2116454.9035911467,EPSG:32643,{},"[{""feature_value"":""steps"",""geometry_role"":""native_way_geometry"",""osm_way_id"":483179425}]","[{""feature_value"":""platform"",""geometry_role"":""area_boundary"",""osm_way_id"":483179431}]",native_shared_node_not_transfer_or_conflict_permission
4769141291,73.3168817,19.0694987,322905.48515104444,2109367.368745455,EPSG:32643,"{""railway"":""level_crossing"",""source"":""bing""}","[{""feature_value"":""unclassified"",""geometry_role"":""native_way_geometry"",""osm_way_id"":563920052}]","[{""feature_value"":""rail"",""geometry_role"":""native_way_geometry"",""osm_way_id"":25373809}]",native_shared_node_not_transfer_or_conflict_permission
4769141838,73.3190268,19.0224338,323081.3505210144,2104155.7732516327,EPSG:32643,"{""crossing:barrier"":""full"",""railway"":""level_crossing""}","[{""feature_value"":""primary"",""geometry_role"":""native_way_geometry"",""osm_way_id"":215400272}]","[{""feature_value"":""rail"",""geometry_role"":""native_way_geometry"",""osm_way_id"":484175105}]",native_shared_node_not_transfer_or_conflict_permission
4769571698,73.3312976,18.9751785,324323.50905690086,2098913.008378137,EPSG:32643,"{""railway"":""level_crossing"",""source"":""bing""}","[{""feature_value"":""tertiary"",""geometry_role"":""native_way_geometry"",""osm_way_id"":484215074}]","[{""feature_value"":""rail"",""geometry_role"":""native_way_geometry"",""osm_way_id"":1315001226}]",native_shared_node_not_transfer_or_conflict_permission
4769571701,73.3313451,18.975176,324328.5082303753,2098912.68428615,EPSG:32643,"{""railway"":""level_crossing"",""source"":""bing""}","[{""feature_value"":""tertiary"",""geometry_role"":""native_way_geometry"",""osm_way_id"":484215074}]","[{""feature_value"":""rail"",""geometry_role"":""native_way_geometry"",""osm_way_id"":1315001229}]",native_shared_node_not_transfer_or_conflict_permission
4769571713,73.3308197,18.9978304,324296.9565030441,2101420.708591611,EPSG:32643,"{""railway"":""level_crossing""}","[{""feature_value"":""residential"",""geometry_role"":""native_way_geometry"",""osm_way_id"":1188218274}]","[{""feature_value"":""rail"",""geometry_role"":""native_way_geometry"",""osm_way_id"":484175105}]",native_shared_node_not_transfer_or_conflict_permission
4769605748,73.3394072,18.9602077,325161.8417683182,2097247.9060178907,EPSG:32643,{},"[{""feature_value"":""residential"",""geometry_role"":""native_way_geometry"",""osm_way_id"":1187190165}]","[{""feature_value"":""abandoned"",""geometry_role"":""native_way_geometry"",""osm_way_id"":484219253}]",native_shared_node_not_transfer_or_conflict_permission
4769632523,73.3250995,18.9256559,323618.7910945036,2093437.8048653256,EPSG:32643,"{""railway"":""level_crossing"",""source"":""bing""}","[{""feature_value"":""residential"",""geometry_role"":""native_way_geometry"",""osm_way_id"":564013120}]","[{""feature_value"":""rail"",""geometry_role"":""native_way_geometry"",""osm_way_id"":484215076}]",native_shared_node_not_transfer_or_conflict_permission
4769632525,73.3251408,18.9256465,323623.13145202573,2093436.7231737936,EPSG:32643,"{""railway"":""level_crossing"",""source"":""bing""}","[{""feature_value"":""residential"",""geometry_role"":""native_way_geometry"",""osm_way_id"":564013120}]","[{""feature_value"":""rail"",""geometry_role"":""native_way_geometry"",""osm_way_id"":484215078}]",native_shared_node_not_transfer_or_conflict_permission
4769632527,73.3285107,18.9381819,323991.2268512881,2094820.8336046755,EPSG:32643,"{""railway"":""level_crossing"",""source"":""bing""}","[{""feature_value"":""residential"",""geometry_role"":""native_way_geometry"",""osm_way_id"":1161326196}]","[{""feature_value"":""rail"",""geometry_role"":""native_way_geometry"",""osm_way_id"":484215076}]",native_shared_node_not_transfer_or_conflict_permission
4769632529,73.3285443,18.9381701,323994.75337886414,2094819.4940120862,EPSG:32643,"{""railway"":""level_crossing"",""source"":""bing""}","[{""feature_value"":""residential"",""geometry_role"":""native_way_geometry"",""osm_way_id"":1161326196}]","[{""feature_value"":""rail"",""geometry_role"":""native_way_geometry"",""osm_way_id"":484215078}]",native_shared_node_not_transfer_or_conflict_permission
4769632534,73.3312486,18.9485486,324290.44623189914,2095965.5369287662,EPSG:32643,"{""railway"":""level_crossing"",""source"":""bing""}","[{""feature_value"":""residential"",""geometry_role"":""native_way_geometry"",""osm_way_id"":1188602847}]","[{""feature_value"":""rail"",""geometry_role"":""native_way_geometry"",""osm_way_id"":484215076}]",native_shared_node_not_transfer_or_conflict_permission
4769632537,73.3312989,18.9485487,324295.74381607457,2095965.4978826211,EPSG:32643,"{""railway"":""level_crossing"",""source"":""bing""}","[{""feature_value"":""residential"",""geometry_role"":""native_way_geometry"",""osm_way_id"":1188602847}]","[{""feature_value"":""rail"",""geometry_role"":""native_way_geometry"",""osm_way_id"":484215078}]",native_shared_node_not_transfer_or_conflict_permission
4769660395,73.2529423,18.9007385,315990.9251465815,2090753.3939890994,EPSG:32643,{},"[{""feature_value"":""residential"",""geometry_role"":""native_way_geometry"",""osm_way_id"":1187198236}]","[{""feature_value"":""rail"",""geometry_role"":""native_way_geometry"",""osm_way_id"":484225459},{""feature_value"":""rail"",""geometry_role"":""native_way_geometry"",""osm_way_id"":484225461}]",native_shared_node_not_transfer_or_conflict_permission
4769675492,73.2410309,18.9026662,314738.16557836864,2090979.208422228,EPSG:32643,"{""railway"":""level_crossing"",""source"":""bing""}","[{""feature_value"":""unclassified"",""geometry_role"":""native_way_geometry"",""osm_way_id"":264253354}]","[{""feature_value"":""rail"",""geometry_role"":""native_way_geometry"",""osm_way_id"":484227012}]",native_shared_node_not_transfer_or_conflict_permission
4769675495,73.2423467,18.9025315,314876.63740686426,2090962.9201636885,EPSG:32643,"{""railway"":""level_crossing"",""source"":""bing""}","[{""feature_value"":""unclassified"",""geometry_role"":""native_way_geometry"",""osm_way_id"":264253357}]","[{""feature_value"":""rail"",""geometry_role"":""native_way_geometry"",""osm_way_id"":484225464}]",native_shared_node_not_transfer_or_conflict_permission
4769675497,73.2410318,18.9027089,314738.3074152783,2090983.9338617024,EPSG:32643,"{""railway"":""level_crossing"",""source"":""bing""}","[{""feature_value"":""unclassified"",""geometry_role"":""native_way_geometry"",""osm_way_id"":264253354}]","[{""feature_value"":""rail"",""geometry_role"":""native_way_geometry"",""osm_way_id"":484225464}]",native_shared_node_not_transfer_or_conflict_permission
4769675498,73.2423539,18.90255,314877.4162869381,2090964.9603521184,EPSG:32643,"{""railway"":""level_crossing"",""source"":""bing""}","[{""feature_value"":""unclassified"",""geometry_role"":""native_way_geometry"",""osm_way_id"":264253357}]","[{""feature_value"":""rail"",""geometry_role"":""native_way_geometry"",""osm_way_id"":484227013}]",native_shared_node_not_transfer_or_conflict_permission
4769675502,73.2423537,18.9025785,314877.4265774265,2090968.1151712134,EPSG:32643,"{""railway"":""level_crossing"",""source"":""bing""}","[{""feature_value"":""unclassified"",""geometry_role"":""native_way_geometry"",""osm_way_id"":264253357}]","[{""feature_value"":""rail"",""geometry_role"":""native_way_geometry"",""osm_way_id"":484227014}]",native_shared_node_not_transfer_or_conflict_permission
4769675505,73.2410328,18.9027555,314738.4640819973,2090989.0908800575,EPSG:32643,"{""railway"":""level_crossing"",""source"":""bing""}","[{""feature_value"":""unclassified"",""geometry_role"":""native_way_geometry"",""osm_way_id"":264253354}]","[{""feature_value"":""rail"",""geometry_role"":""native_way_geometry"",""osm_way_id"":484227013}]",native_shared_node_not_transfer_or_conflict_permission
4770141853,73.342994,18.7916281,325364.94031448825,2078585.4292765332,EPSG:32643,{},"[{""feature_value"":""residential"",""geometry_role"":""native_way_geometry"",""osm_way_id"":630904523}]","[{""feature_value"":""rail"",""geometry_role"":""native_way_geometry"",""osm_way_id"":484272329},{""feature_value"":""rail"",""geometry_role"":""native_way_geometry"",""osm_way_id"":1314987862}]",native_shared_node_not_transfer_or_conflict_permission
4777548080,73.3843627,18.758779,329692.7953395454,2074909.5532386135,EPSG:32643,"{""railway"":""level_crossing"",""source"":""bing""}","[{""feature_value"":""residential"",""geometry_role"":""native_way_geometry"",""osm_way_id"":440452076}]","[{""feature_value"":""rail"",""geometry_role"":""native_way_geometry"",""osm_way_id"":149003204}]",native_shared_node_not_transfer_or_conflict_permission
4777548081,73.3843368,18.7588174,329690.103147981,2074913.828122615,EPSG:32643,"{""railway"":""level_crossing"",""source"":""bing""}","[{""feature_value"":""residential"",""geometry_role"":""native_way_geometry"",""osm_way_id"":440452076}]","[{""feature_value"":""rail"",""geometry_role"":""native_way_geometry"",""osm_way_id"":400644799}]",native_shared_node_not_transfer_or_conflict_permission
4777548082,73.3843071,18.7588609,329687.01542854606,2074918.6711096982,EPSG:32643,"{""railway"":""level_crossing"",""source"":""bing""}","[{""feature_value"":""residential"",""geometry_role"":""native_way_geometry"",""osm_way_id"":440452076}]","[{""feature_value"":""rail"",""geometry_role"":""native_way_geometry"",""osm_way_id"":400625158}]",native_shared_node_not_transfer_or_conflict_permission
4777548091,73.3744835,18.7550668,328647.43955885107,2074508.1620246354,EPSG:32643,"{""crossing:barrier"":""full"",""railway"":""level_crossing"",""source"":""bing""}","[{""feature_value"":""residential"",""geometry_role"":""native_way_geometry"",""osm_way_id"":440341601}]","[{""feature_value"":""rail"",""geometry_role"":""native_way_geometry"",""osm_way_id"":400644790}]",native_shared_node_not_transfer_or_conflict_permission
4777548092,73.3744827,18.7550324,328647.3204694871,2074504.3553866595,EPSG:32643,"{""crossing:barrier"":""full"",""railway"":""level_crossing"",""source"":""bing""}","[{""feature_value"":""residential"",""geometry_role"":""native_way_geometry"",""osm_way_id"":440341601}]","[{""feature_value"":""rail"",""geometry_role"":""native_way_geometry"",""osm_way_id"":400644799}]",native_shared_node_not_transfer_or_conflict_permission
4777548093,73.3744817,18.7549845,328647.16665941617,2074499.0547549855,EPSG:32643,"{""crossing:barrier"":""full"",""railway"":""level_crossing"",""source"":""bing""}","[{""feature_value"":""residential"",""geometry_role"":""native_way_geometry"",""osm_way_id"":440341601}]","[{""feature_value"":""rail"",""geometry_role"":""native_way_geometry"",""osm_way_id"":149003204}]",native_shared_node_not_transfer_or_conflict_permission
4887580250,72.7774715,20.1370054,267668.9465330376,2228194.290082945,EPSG:32643,"{""railway"":""level_crossing""}","[{""feature_value"":""unclassified"",""geometry_role"":""native_way_geometry"",""osm_way_id"":497149978}]","[{""feature_value"":""rail"",""geometry_role"":""native_way_geometry"",""osm_way_id"":227408616}]",native_shared_node_not_transfer_or_conflict_permission
4887580251,72.777554,20.136928,267677.4594562423,2228185.604644963,EPSG:32643,"{""railway"":""level_crossing""}","[{""feature_value"":""unclassified"",""geometry_role"":""native_way_geometry"",""osm_way_id"":497149978}]","[{""feature_value"":""rail"",""geometry_role"":""native_way_geometry"",""osm_way_id"":807549767}]",native_shared_node_not_transfer_or_conflict_permission
5073274474,73.0770091,19.2255598,297849.7614923215,2126902.801998207,EPSG:32643,"{""railway"":""level_crossing""}","[{""feature_value"":""secondary"",""geometry_role"":""native_way_geometry"",""osm_way_id"":1497093951}]","[{""feature_value"":""rail"",""geometry_role"":""native_way_geometry"",""osm_way_id"":236059680}]",native_shared_node_not_transfer_or_conflict_permission
5279592373,72.8173364,18.9596537,270175.42904832715,2097785.9931999454,EPSG:32643,{},"[{""feature_value"":""residential"",""geometry_role"":""native_way_geometry"",""osm_way_id"":22852964},{""feature_value"":""secondary"",""geometry_role"":""native_way_geometry"",""osm_way_id"":1171486342}]","[{""feature_value"":""subway"",""geometry_role"":""native_way_geometry"",""osm_way_id"":539615484}]",native_shared_node_not_transfer_or_conflict_permission
5279598645,72.8173105,18.9601514,270173.38318643003,2097841.127901905,EPSG:32643,{},"[{""feature_value"":""pedestrian"",""geometry_role"":""native_way_geometry"",""osm_way_id"":22852965}]","[{""feature_value"":""subway"",""geometry_role"":""native_way_geometry"",""osm_way_id"":539615484}]",native_shared_node_not_transfer_or_conflict_permission
5279599068,72.817358,18.959322,270177.2495685305,2097749.2421533307,EPSG:32643,{},"[{""feature_value"":""residential"",""geometry_role"":""native_way_geometry"",""osm_way_id"":47978012},{""feature_value"":""secondary"",""geometry_role"":""native_way_geometry"",""osm_way_id"":1171486342}]","[{""feature_value"":""subway"",""geometry_role"":""native_way_geometry"",""osm_way_id"":539615484}]",native_shared_node_not_transfer_or_conflict_permission
5279599554,72.8173668,18.9592281,270178.0477985748,2097738.834902955,EPSG:32643,{},"[{""feature_value"":""service"",""geometry_role"":""native_way_geometry"",""osm_way_id"":47978011},{""feature_value"":""secondary"",""geometry_role"":""native_way_geometry"",""osm_way_id"":1171486342}]","[{""feature_value"":""subway"",""geometry_role"":""native_way_geometry"",""osm_way_id"":539615484}]",native_shared_node_not_transfer_or_conflict_permission
5279599555,72.8173648,18.9590103,270177.5385452654,2097714.724634913,EPSG:32643,{},"[{""feature_value"":""service"",""geometry_role"":""native_way_geometry"",""osm_way_id"":47978011}]","[{""feature_value"":""subway"",""geometry_role"":""native_way_geometry"",""osm_way_id"":539615484}]",native_shared_node_not_transfer_or_conflict_permission
5414322360,73.0144242,19.0545349,291053.40286706394,2108043.949068889,EPSG:32643,"{""access"":""private"",""description"":""in the depot or yard of Indian Railways"",""railway"":""level_crossing""}","[{""feature_value"":""service"",""geometry_role"":""native_way_geometry"",""osm_way_id"":1013286395}]","[{""feature_value"":""rail"",""geometry_role"":""native_way_geometry"",""osm_way_id"":561526162}]",native_shared_node_not_transfer_or_conflict_permission
5414322368,73.0122388,19.0547748,290823.6561677815,2108073.1114719477,EPSG:32643,"{""access"":""private"",""description"":""in the depot or yard of Indian Railways"",""railway"":""level_crossing""}","[{""feature_value"":""service"",""geometry_role"":""native_way_geometry"",""osm_way_id"":1013286396}]","[{""feature_value"":""rail"",""geometry_role"":""native_way_geometry"",""osm_way_id"":561526162}]",native_shared_node_not_transfer_or_conflict_permission
5414322731,73.0121648,19.054601,290815.64850225055,2108053.9598654835,EPSG:32643,"{""access"":""private"",""description"":""in the depot or yard of Indian Railways"",""railway"":""level_crossing""}","[{""feature_value"":""service"",""geometry_role"":""native_way_geometry"",""osm_way_id"":1013286396}]","[{""feature_value"":""rail"",""geometry_role"":""native_way_geometry"",""osm_way_id"":561526181}]",native_shared_node_not_transfer_or_conflict_permission
5414322753,73.0144769,19.0546288,291059.068014342,2108054.281114347,EPSG:32643,"{""access"":""private"",""description"":""in the depot or yard of Indian Railways"",""railway"":""level_crossing""}","[{""feature_value"":""service"",""geometry_role"":""native_way_geometry"",""osm_way_id"":1013286395}]","[{""feature_value"":""rail"",""geometry_role"":""native_way_geometry"",""osm_way_id"":1013286349}]",native_shared_node_not_transfer_or_conflict_permission
5414322761,73.0085524,19.0595257,290441.5758371209,2108603.443983453,EPSG:32643,"{""railway"":""level_crossing""}","[{""feature_value"":""service"",""geometry_role"":""native_way_geometry"",""osm_way_id"":1013286390}]","[{""feature_value"":""rail"",""geometry_role"":""native_way_geometry"",""osm_way_id"":561526184}]",native_shared_node_not_transfer_or_conflict_permission
5424504143,73.0859001,18.6265048,298065.8749189802,2060579.4865183397,EPSG:32643,"{""railway"":""level_crossing"",""supervised"":""no""}","[{""feature_value"":""residential"",""geometry_role"":""native_way_geometry"",""osm_way_id"":562733577}]","[{""feature_value"":""rail"",""geometry_role"":""native_way_geometry"",""osm_way_id"":700704037}]",native_shared_node_not_transfer_or_conflict_permission
5425936649,73.1126296,18.5928669,300847.45758168556,2056826.1642580614,EPSG:32643,"{""railway"":""level_crossing"",""supervised"":""no""}","[{""feature_value"":""residential"",""geometry_role"":""native_way_geometry"",""osm_way_id"":562935357}]","[{""feature_value"":""rail"",""geometry_role"":""native_way_geometry"",""osm_way_id"":1188606053}]",native_shared_node_not_transfer_or_conflict_permission
5426276177,73.1263411,18.5626296,302259.8073032194,2053464.0385450036,EPSG:32643,"{""railway"":""level_crossing""}","[{""feature_value"":""unclassified"",""geometry_role"":""native_way_geometry"",""osm_way_id"":562982781}]","[{""feature_value"":""rail"",""geometry_role"":""native_way_geometry"",""osm_way_id"":221363507}]",native_shared_node_not_transfer_or_conflict_permission
5428067415,73.2524568,18.2813827,315272.97028577933,2022200.9656052138,EPSG:32643,"{""crossing:barrier"":""full"",""crossing:bell"":""yes"",""crossing:light"":""no"",""railway"":""level_crossing""}","[{""feature_value"":""unclassified"",""geometry_role"":""native_way_geometry"",""osm_way_id"":670042798}]","[{""feature_value"":""rail"",""geometry_role"":""native_way_geometry"",""osm_way_id"":670042796}]",native_shared_node_not_transfer_or_conflict_permission
5428555653,73.1135287,18.4860497,300818.531883697,2045001.5144864658,EPSG:32643,"{""railway"":""level_crossing""}","[{""feature_value"":""unclassified"",""geometry_role"":""native_way_geometry"",""osm_way_id"":563278817}]","[{""feature_value"":""rail"",""geometry_role"":""native_way_geometry"",""osm_way_id"":700704047}]",native_shared_node_not_transfer_or_conflict_permission
5428555654,73.113429,18.4860504,300808.0028926218,2045001.7019406713,EPSG:32643,"{""railway"":""level_crossing""}","[{""feature_value"":""unclassified"",""geometry_role"":""native_way_geometry"",""osm_way_id"":563278817}]","[{""feature_value"":""rail"",""geometry_role"":""native_way_geometry"",""osm_way_id"":45096981}]",native_shared_node_not_transfer_or_conflict_permission
5428837781,73.2389995,18.3408858,313913.6985832549,2028800.5537313998,EPSG:32643,"{""crossing:barrier"":""full"",""crossing:bell"":""yes"",""crossing:light"":""no"",""railway"":""level_crossing"",""surface"":""paving_stones""}","[{""feature_value"":""unclassified"",""geometry_role"":""native_way_geometry"",""osm_way_id"":563325549}]","[{""feature_value"":""rail"",""geometry_role"":""native_way_geometry"",""osm_way_id"":1347662375}]",native_shared_node_not_transfer_or_conflict_permission
5428910914,73.2322555,18.3665818,313228.51211745536,2031651.565887311,EPSG:32643,"{""crossing:barrier"":""full"",""crossing:bell"":""yes"",""crossing:light"":""no"",""railway"":""level_crossing""}","[{""feature_value"":""unclassified"",""geometry_role"":""native_way_geometry"",""osm_way_id"":1191546616}]","[{""feature_value"":""rail"",""geometry_role"":""native_way_geometry"",""osm_way_id"":1347662375}]",native_shared_node_not_transfer_or_conflict_permission
5431014857,72.7618581,19.8034884,265543.242928865,2191287.5671652895,EPSG:32643,"{""railway"":""level_crossing""}","[{""feature_value"":""tertiary"",""geometry_role"":""native_way_geometry"",""osm_way_id"":1488907785}]","[{""feature_value"":""rail"",""geometry_role"":""native_way_geometry"",""osm_way_id"":591553336}]",native_shared_node_not_transfer_or_conflict_permission
5488442645,72.8490637,19.1201944,273735.19888230925,2115518.384603347,EPSG:32643,{},"[{""feature_value"":""footway"",""geometry_role"":""native_way_geometry"",""osm_way_id"":151203764}]","[{""feature_value"":""platform"",""geometry_role"":""native_way_geometry"",""osm_way_id"":331815676}]",native_shared_node_not_transfer_or_conflict_permission
5578045203,72.7512275,19.9592126,264659.452731318,2208544.8409178527,EPSG:32643,"{""railway"":""level_crossing""}","[{""feature_value"":""unclassified"",""geometry_role"":""native_way_geometry"",""osm_way_id"":610373831}]","[{""feature_value"":""rail"",""geometry_role"":""native_way_geometry"",""osm_way_id"":583453544}]",native_shared_node_not_transfer_or_conflict_permission
5588963592,72.8489458,18.9804392,273533.10404092836,2100046.211151779,EPSG:32643,"{""crossing:barrier"":""no"",""disused:railway"":""level_crossing"",""source"":""Esri Word imagery""}","[{""feature_value"":""service"",""geometry_role"":""native_way_geometry"",""osm_way_id"":22851467}]","[{""feature_value"":""disused"",""geometry_role"":""native_way_geometry"",""osm_way_id"":49192421}]",native_shared_node_not_transfer_or_conflict_permission
5588963593,72.8484724,18.9806488,273483.52857437474,2100070.0250353133,EPSG:32643,"{""crossing:barrier"":""no"",""disused:railway"":""level_crossing"",""railway"":""level_crossing"",""source"":""Esri Word imagery""}","[{""feature_value"":""service"",""geometry_role"":""native_way_geometry"",""osm_way_id"":22851467}]","[{""feature_value"":""rail"",""geometry_role"":""native_way_geometry"",""osm_way_id"":55794886}]",native_shared_node_not_transfer_or_conflict_permission
5588963594,72.8479814,18.980859,273432.1003879724,2100093.9281464443,EPSG:32643,"{""crossing:barrier"":""no"",""disused:railway"":""level_crossing"",""railway"":""level_crossing"",""source"":""Esri Word imagery""}","[{""feature_value"":""service"",""geometry_role"":""native_way_geometry"",""osm_way_id"":22851467}]","[{""feature_value"":""rail"",""geometry_role"":""native_way_geometry"",""osm_way_id"":55794888}]",native_shared_node_not_transfer_or_conflict_permission
5588963595,72.847318,18.9811435,273362.6155881854,2100126.2791214916,EPSG:32643,"{""crossing:barrier"":""no"",""disused:railway"":""level_crossing"",""railway"":""level_crossing"",""source"":""Esri Word imagery""}","[{""feature_value"":""service"",""geometry_role"":""native_way_geometry"",""osm_way_id"":22851467}]","[{""feature_value"":""rail"",""geometry_role"":""native_way_geometry"",""osm_way_id"":55794881}]",native_shared_node_not_transfer_or_conflict_permission
5698851905,73.4817271,18.7444782,339944.6443972073,2073236.494522705,EPSG:32643,"{""railway"":""level_crossing""}","[{""feature_value"":""tertiary"",""geometry_role"":""native_way_geometry"",""osm_way_id"":41393854}]","[{""feature_value"":""rail"",""geometry_role"":""native_way_geometry"",""osm_way_id"":1316323056}]",native_shared_node_not_transfer_or_conflict_permission
5701443118,72.7863031,19.6428714,267872.980093683,2173470.187623472,EPSG:32643,"{""railway"":""level_crossing""}","[{""feature_value"":""unclassified"",""geometry_role"":""native_way_geometry"",""osm_way_id"":1535033503}]","[{""feature_value"":""rail"",""geometry_role"":""native_way_geometry"",""osm_way_id"":671661901}]",native_shared_node_not_transfer_or_conflict_permission
5701443119,72.7864007,19.6428817,267883.2331626902,2173471.195002035,EPSG:32643,"{""railway"":""level_crossing""}","[{""feature_value"":""unclassified"",""geometry_role"":""native_way_geometry"",""osm_way_id"":1535033503}]","[{""feature_value"":""rail"",""geometry_role"":""native_way_geometry"",""osm_way_id"":671661417}]",native_shared_node_not_transfer_or_conflict_permission
5701443423,72.7797355,19.6680824,267220.43932960293,2176270.5274582403,EPSG:32643,"{""railway"":""level_crossing""}","[{""feature_value"":""unclassified"",""geometry_role"":""native_way_geometry"",""osm_way_id"":1207068396}]","[{""feature_value"":""rail"",""geometry_role"":""native_way_geometry"",""osm_way_id"":671661901}]",native_shared_node_not_transfer_or_conflict_permission
5701443424,72.7798539,19.6681119,267232.90021925664,2176273.6316737346,EPSG:32643,"{""railway"":""level_crossing""}","[{""feature_value"":""unclassified"",""geometry_role"":""native_way_geometry"",""osm_way_id"":1207068396}]","[{""feature_value"":""rail"",""geometry_role"":""native_way_geometry"",""osm_way_id"":671661417}]",native_shared_node_not_transfer_or_conflict_permission
5725817198,73.0099082,19.0664482,290592.9880622191,2109368.154678985,EPSG:32643,{},"[{""feature_value"":""footway"",""geometry_role"":""native_way_geometry"",""osm_way_id"":415234160},{""feature_value"":""steps"",""geometry_role"":""native_way_geometry"",""osm_way_id"":603016765}]","[{""feature_value"":""station"",""geometry_role"":""native_way_geometry"",""osm_way_id"":151769149}]",native_shared_node_not_transfer_or_conflict_permission
5725817199,73.0101146,19.0657147,290613.79180407466,2109286.7085777745,EPSG:32643,{},"[{""feature_value"":""pedestrian"",""geometry_role"":""native_way_geometry"",""osm_way_id"":603016764},{""feature_value"":""steps"",""geometry_role"":""native_way_geometry"",""osm_way_id"":661674500}]","[{""feature_value"":""station"",""geometry_role"":""native_way_geometry"",""osm_way_id"":151769149}]",native_shared_node_not_transfer_or_conflict_permission
5749083872,72.7908352,19.6254504,268323.39512639766,2171535.1697689057,EPSG:32643,{},"[{""feature_value"":""steps"",""geometry_role"":""native_way_geometry"",""osm_way_id"":698310707}]","[{""feature_value"":""platform"",""geometry_role"":""native_way_geometry"",""osm_way_id"":606337027}]",native_shared_node_not_transfer_or_conflict_permission
5753961350,73.0101817,19.0657305,290620.874517763,2109288.377503395,EPSG:32643,{},"[{""feature_value"":""tertiary"",""geometry_role"":""native_way_geometry"",""osm_way_id"":607051804},{""feature_value"":""tertiary"",""geometry_role"":""native_way_geometry"",""osm_way_id"":1078447519}]","[{""feature_value"":""station"",""geometry_role"":""native_way_geometry"",""osm_way_id"":151769149}]",native_shared_node_not_transfer_or_conflict_permission
5764016999,73.1359904,18.9766951,303758.4115913219,2099287.1206064424,EPSG:32643,"{""railway"":""level_crossing""}","[{""feature_value"":""tertiary"",""geometry_role"":""native_way_geometry"",""osm_way_id"":55604722}]","[{""feature_value"":""rail"",""geometry_role"":""native_way_geometry"",""osm_way_id"":608390647}]",native_shared_node_not_transfer_or_conflict_permission
5764017080,73.1465732,18.9261805,304814.10596987465,2093683.7361525854,EPSG:32643,"{""railway"":""level_crossing""}","[{""feature_value"":""residential"",""geometry_role"":""native_way_geometry"",""osm_way_id"":608390670}]","[{""feature_value"":""rail"",""geometry_role"":""native_way_geometry"",""osm_way_id"":608390668},{""feature_value"":""rail"",""geometry_role"":""native_way_geometry"",""osm_way_id"":608390671}]",native_shared_node_not_transfer_or_conflict_permission
5764017102,73.1465195,18.9261429,304808.4055245946,2093679.6334713674,EPSG:32643,"{""railway"":""level_crossing""}","[{""feature_value"":""residential"",""geometry_role"":""native_way_geometry"",""osm_way_id"":608390670}]","[{""feature_value"":""rail"",""geometry_role"":""native_way_geometry"",""osm_way_id"":45095816}]",native_shared_node_not_transfer_or_conflict_permission
5764017140,73.1528178,18.8801787,305418.7082290691,2088584.7941977503,EPSG:32643,"{""railway"":""level_crossing""}","[{""feature_value"":""unclassified"",""geometry_role"":""native_way_geometry"",""osm_way_id"":562929306}]","[{""feature_value"":""rail"",""geometry_role"":""native_way_geometry"",""osm_way_id"":1007640414}]",native_shared_node_not_transfer_or_conflict_permission
5764017141,73.1528822,18.8801757,305425.4904999556,2088584.3913064091,EPSG:32643,"{""railway"":""level_crossing""}","[{""feature_value"":""unclassified"",""geometry_role"":""native_way_geometry"",""osm_way_id"":562929306}]","[{""feature_value"":""rail"",""geometry_role"":""native_way_geometry"",""osm_way_id"":608390673}]",native_shared_node_not_transfer_or_conflict_permission
5764392783,73.3168463,19.0448271,322875.5585995612,2106636.596244153,EPSG:32643,"{""railway"":""level_crossing"",""source"":""bing""}","[{""feature_value"":""tertiary"",""geometry_role"":""native_way_geometry"",""osm_way_id"":608627868}]","[{""feature_value"":""rail"",""geometry_role"":""native_way_geometry"",""osm_way_id"":608432560}]",native_shared_node_not_transfer_or_conflict_permission
5764392801,73.3169221,19.0695038,322909.74235007446,2109367.8924281346,EPSG:32643,"{""railway"":""level_crossing"",""source"":""bing""}","[{""feature_value"":""unclassified"",""geometry_role"":""native_way_geometry"",""osm_way_id"":563920052}]","[{""feature_value"":""rail"",""geometry_role"":""native_way_geometry"",""osm_way_id"":668537022}]",native_shared_node_not_transfer_or_conflict_permission
5764400610,73.4998588,18.7481134,341859.8138094079,2073622.6344539009,EPSG:32643,"{""railway"":""level_crossing""}","[{""feature_value"":""unclassified"",""geometry_role"":""native_way_geometry"",""osm_way_id"":262804963}]","[{""feature_value"":""rail"",""geometry_role"":""native_way_geometry"",""osm_way_id"":1315005288}]",native_shared_node_not_transfer_or_conflict_permission
5778839805,72.7496089,20.1014983,264702.0535066698,2224301.865959247,EPSG:32643,"{""railway"":""level_crossing""}","[{""feature_value"":""unclassified"",""geometry_role"":""native_way_geometry"",""osm_way_id"":563779335}]","[{""feature_value"":""rail"",""geometry_role"":""native_way_geometry"",""osm_way_id"":224232645}]",native_shared_node_not_transfer_or_conflict_permission
5778839806,72.7496621,20.1014505,264707.5467477463,2224296.4980563843,EPSG:32643,"{""railway"":""level_crossing""}","[{""feature_value"":""unclassified"",""geometry_role"":""native_way_geometry"",""osm_way_id"":563779335}]","[{""feature_value"":""rail"",""geometry_role"":""native_way_geometry"",""osm_way_id"":678892649}]",native_shared_node_not_transfer_or_conflict_permission
5780751069,72.7487556,19.9581351,264399.0575118103,2208429.005133045,EPSG:32643,"{""railway"":""level_crossing""}","[{""feature_value"":""unclassified"",""geometry_role"":""native_way_geometry"",""osm_way_id"":610373831}]","[{""feature_value"":""rail"",""geometry_role"":""native_way_geometry"",""osm_way_id"":116833080}]",native_shared_node_not_transfer_or_conflict_permission
5780751071,72.7488703,19.9584246,264411.49616980576,2208460.8990225266,EPSG:32643,"{""railway"":""level_crossing""}","[{""feature_value"":""unclassified"",""geometry_role"":""native_way_geometry"",""osm_way_id"":610373831}]","[{""feature_value"":""rail"",""geometry_role"":""native_way_geometry"",""osm_way_id"":116833080}]",native_shared_node_not_transfer_or_conflict_permission
5780751073,72.7489576,19.9586406,264420.95695254224,2208484.6930858386,EPSG:32643,"{""railway"":""level_crossing""}","[{""feature_value"":""unclassified"",""geometry_role"":""native_way_geometry"",""osm_way_id"":610373831}]","[{""feature_value"":""rail"",""geometry_role"":""native_way_geometry"",""osm_way_id"":116833080}]",native_shared_node_not_transfer_or_conflict_permission
5780751075,72.7512875,19.9592257,264665.75383789727,2208546.2072182684,EPSG:32643,"{""railway"":""level_crossing""}","[{""feature_value"":""unclassified"",""geometry_role"":""native_way_geometry"",""osm_way_id"":610373831}]","[{""feature_value"":""rail"",""geometry_role"":""native_way_geometry"",""osm_way_id"":583453543}]",native_shared_node_not_transfer_or_conflict_permission
5780751076,72.7515418,19.9592917,264692.4755635952,2208553.1582403164,EPSG:32643,"{""railway"":""level_crossing""}","[{""feature_value"":""unclassified"",""geometry_role"":""native_way_geometry"",""osm_way_id"":610373831}]","[{""feature_value"":""rail"",""geometry_role"":""native_way_geometry"",""osm_way_id"":583453540}]",native_shared_node_not_transfer_or_conflict_permission
5780751078,72.7526127,19.9595772,264805.0161761786,2208583.267990122,EPSG:32643,"{""railway"":""level_crossing""}","[{""feature_value"":""unclassified"",""geometry_role"":""native_way_geometry"",""osm_way_id"":610373831}]","[{""feature_value"":""rail"",""geometry_role"":""native_way_geometry"",""osm_way_id"":99363007}]",native_shared_node_not_transfer_or_conflict_permission
5836311791,72.86907,19.0530973,275750.12312626984,2108064.323531075,EPSG:32643,"{""crossing:barrier"":""half"",""railway"":""level_crossing""}","[{""feature_value"":""secondary"",""geometry_role"":""native_way_geometry"",""osm_way_id"":1123848575}]","[{""feature_value"":""rail"",""geometry_role"":""native_way_geometry"",""osm_way_id"":122303805}]",native_shared_node_not_transfer_or_conflict_permission
5836311792,72.8691173,19.053112,275755.12236017885,2108065.8904709336,EPSG:32643,"{""crossing:barrier"":""half"",""railway"":""level_crossing""}","[{""feature_value"":""secondary"",""geometry_role"":""native_way_geometry"",""osm_way_id"":1123848575}]","[{""feature_value"":""rail"",""geometry_role"":""native_way_geometry"",""osm_way_id"":643716982}]",native_shared_node_not_transfer_or_conflict_permission
5856078709,73.7069904,18.7029936,363661.99470481684,2068458.2364239774,EPSG:32643,"{""railway"":""level_crossing""}","[{""feature_value"":""service"",""geometry_role"":""native_way_geometry"",""osm_way_id"":856195005}]","[{""feature_value"":""rail"",""geometry_role"":""native_way_geometry"",""osm_way_id"":619726119}]",native_shared_node_not_transfer_or_conflict_permission
5856130084,73.703659,18.7076761,363314.43678639096,2068978.9804303374,EPSG:32643,"{""railway"":""level_crossing""}","[{""feature_value"":""service"",""geometry_role"":""native_way_geometry"",""osm_way_id"":619734340}]","[{""feature_value"":""rail"",""geometry_role"":""native_way_geometry"",""osm_way_id"":619726172}]",native_shared_node_not_transfer_or_conflict_permission
5856130285,73.7039509,18.7035684,363341.9204212502,2068524.1704444673,EPSG:32643,"{""railway"":""level_crossing""}","[{""feature_value"":""service"",""geometry_role"":""native_way_geometry"",""osm_way_id"":619734340}]","[{""feature_value"":""rail"",""geometry_role"":""native_way_geometry"",""osm_way_id"":619726119}]",native_shared_node_not_transfer_or_conflict_permission
5856130286,73.7039368,18.703796,363340.6162249839,2068549.3690230045,EPSG:32643,"{""railway"":""level_crossing""}","[{""feature_value"":""service"",""geometry_role"":""native_way_geometry"",""osm_way_id"":619734340}]","[{""feature_value"":""rail"",""geometry_role"":""native_way_geometry"",""osm_way_id"":619726075}]",native_shared_node_not_transfer_or_conflict_permission
5856130287,73.703234,18.7083431,363270.1548184196,2069053.1206618396,EPSG:32643,"{""railway"":""level_crossing""}","[{""feature_value"":""service"",""geometry_role"":""native_way_geometry"",""osm_way_id"":619734340}]","[{""feature_value"":""rail"",""geometry_role"":""native_way_geometry"",""osm_way_id"":619726163}]",native_shared_node_not_transfer_or_conflict_permission
5856130288,73.7078498,18.7014155,363751.36104707594,2068282.9374669879,EPSG:32643,"{""railway"":""level_crossing""}","[{""feature_value"":""tertiary"",""geometry_role"":""native_way_geometry"",""osm_way_id"":380718620}]","[{""feature_value"":""rail"",""geometry_role"":""native_way_geometry"",""osm_way_id"":97699120}]",native_shared_node_not_transfer_or_conflict_permission
5856130289,73.7090858,18.7023283,363882.4365722008,2068383.0117973897,EPSG:32643,"{""railway"":""level_crossing""}","[{""feature_value"":""unclassified"",""geometry_role"":""native_way_geometry"",""osm_way_id"":619734342}]","[{""feature_value"":""rail"",""geometry_role"":""native_way_geometry"",""osm_way_id"":619726119}]",native_shared_node_not_transfer_or_conflict_permission
5856130290,73.7075209,18.7008683,363716.2379540253,2068222.6314981086,EPSG:32643,"{""railway"":""level_crossing""}","[{""feature_value"":""tertiary"",""geometry_role"":""native_way_geometry"",""osm_way_id"":380718620}]","[{""feature_value"":""rail"",""geometry_role"":""native_way_geometry"",""osm_way_id"":235145484}]",native_shared_node_not_transfer_or_conflict_permission
5908533485,72.8551805,19.0001242,274216.30798771046,2102217.5119579453,EPSG:32643,"{""crossing:barrier"":""full"",""railway"":""level_crossing""}","[{""feature_value"":""construction"",""geometry_role"":""native_way_geometry"",""osm_way_id"":1138267550}]","[{""feature_value"":""rail"",""geometry_role"":""native_way_geometry"",""osm_way_id"":398294953}]",native_shared_node_not_transfer_or_conflict_permission
5908533486,72.8550325,19.0001468,274200.7528624203,2102220.204034782,EPSG:32643,"{""crossing:barrier"":""full"",""railway"":""level_crossing""}","[{""feature_value"":""construction"",""geometry_role"":""native_way_geometry"",""osm_way_id"":1138267550}]","[{""feature_value"":""rail"",""geometry_role"":""native_way_geometry"",""osm_way_id"":802938677}]",native_shared_node_not_transfer_or_conflict_permission
5908533487,72.8549775,19.0001552,274194.9722441404,2102221.2046217974,EPSG:32643,"{""crossing:barrier"":""full"",""railway"":""level_crossing""}","[{""feature_value"":""construction"",""geometry_role"":""native_way_geometry"",""osm_way_id"":1138267550}]","[{""feature_value"":""rail"",""geometry_role"":""native_way_geometry"",""osm_way_id"":398294952}]",native_shared_node_not_transfer_or_conflict_permission
5909533819,72.8512744,19.1508373,274009.56201452005,2118908.028451632,EPSG:32643,"{""access"":""private"",""description"":""in the depot or yard of Indian Railways"",""railway"":""level_crossing""}","[{""feature_value"":""service"",""geometry_role"":""native_way_geometry"",""osm_way_id"":625929064}]","[{""feature_value"":""rail"",""geometry_role"":""native_way_geometry"",""osm_way_id"":625929065}]",native_shared_node_not_transfer_or_conflict_permission
5909533821,72.8506893,19.1508065,273947.9598139454,2118905.3763805265,EPSG:32643,"{""access"":""private"",""description"":""in the depot or yard of Indian Railways"",""railway"":""level_crossing""}","[{""feature_value"":""service"",""geometry_role"":""native_way_geometry"",""osm_way_id"":625929064}]","[{""feature_value"":""rail"",""geometry_role"":""native_way_geometry"",""osm_way_id"":151835416}]",native_shared_node_not_transfer_or_conflict_permission
5909533822,72.8507134,19.1508081,273950.49763275415,2118905.522299554,EPSG:32643,"{""access"":""private"",""description"":""in the depot or yard of Indian Railways"",""railway"":""level_crossing""}","[{""feature_value"":""service"",""geometry_role"":""native_way_geometry"",""osm_way_id"":625929064}]","[{""feature_value"":""rail"",""geometry_role"":""native_way_geometry"",""osm_way_id"":837189755}]",native_shared_node_not_transfer_or_conflict_permission
5909533841,72.851074,19.1508465,273988.4898383022,2118909.3065322265,EPSG:32643,"{""access"":""private"",""description"":""in the depot or yard of Indian Railways"",""railway"":""level_crossing""}","[{""feature_value"":""service"",""geometry_role"":""native_way_geometry"",""osm_way_id"":625929064}]","[{""feature_value"":""rail"",""geometry_role"":""native_way_geometry"",""osm_way_id"":625929067}]",native_shared_node_not_transfer_or_conflict_permission
5910355837,73.3439716,18.7923929,325468.7827360324,2078669.1189856292,EPSG:32643,{},"[{""feature_value"":""tertiary"",""geometry_role"":""native_way_geometry"",""osm_way_id"":1188219750}]","[{""feature_value"":""abandoned"",""geometry_role"":""native_way_geometry"",""osm_way_id"":626026527}]",native_shared_node_not_transfer_or_conflict_permission
5913226284,72.9157397,19.05512,280665.8373230817,2108229.226081056,EPSG:32643,{},"[{""feature_value"":""pedestrian"",""geometry_role"":""native_way_geometry"",""osm_way_id"":626348914},{""feature_value"":""footway"",""geometry_role"":""native_way_geometry"",""osm_way_id"":626348928}]","[{""feature_value"":""platform"",""geometry_role"":""area_boundary"",""osm_way_id"":626348916}]",native_shared_node_not_transfer_or_conflict_permission
5913527574,72.8563182,19.0097026,274349.0434532793,2103276.469528269,EPSG:32643,"{""railway"":""level_crossing""}","[{""feature_value"":""residential"",""geometry_role"":""native_way_geometry"",""osm_way_id"":626382673}]","[{""feature_value"":""rail"",""geometry_role"":""native_way_geometry"",""osm_way_id"":48809238}]",native_shared_node_not_transfer_or_conflict_permission
5922592411,72.8896125,19.0759034,277943.0954883592,2110563.000389685,EPSG:32643,"{""railway"":""level_crossing""}","[{""feature_value"":""path"",""geometry_role"":""native_way_geometry"",""osm_way_id"":856311889}]","[{""feature_value"":""rail"",""geometry_role"":""native_way_geometry"",""osm_way_id"":627395699}]",native_shared_node_not_transfer_or_conflict_permission
5922592413,72.8895777,19.0759442,277939.4868887216,2110567.5613975036,EPSG:32643,"{""railway"":""level_crossing""}","[{""feature_value"":""path"",""geometry_role"":""native_way_geometry"",""osm_way_id"":856311889}]","[{""feature_value"":""rail"",""geometry_role"":""native_way_geometry"",""osm_way_id"":627395700}]",native_shared_node_not_transfer_or_conflict_permission
5922592415,72.8895163,19.0760337,277933.14334851806,2110577.5476148487,EPSG:32643,"{""railway"":""level_crossing""}","[{""feature_value"":""path"",""geometry_role"":""native_way_geometry"",""osm_way_id"":856311889}]","[{""feature_value"":""rail"",""geometry_role"":""native_way_geometry"",""osm_way_id"":627395702}]",native_shared_node_not_transfer_or_conflict_permission
5922592417,72.8894757,19.076094,277928.95025641844,2110584.274787309,EPSG:32643,"{""railway"":""level_crossing""}","[{""feature_value"":""path"",""geometry_role"":""native_way_geometry"",""osm_way_id"":856311889}]","[{""feature_value"":""rail"",""geometry_role"":""native_way_geometry"",""osm_way_id"":627395703}]",native_shared_node_not_transfer_or_conflict_permission
5922592419,72.8894324,19.0761311,277924.4420341713,2110588.4369547674,EPSG:32643,"{""railway"":""level_crossing""}","[{""feature_value"":""path"",""geometry_role"":""native_way_geometry"",""osm_way_id"":856311889}]","[{""feature_value"":""rail"",""geometry_role"":""native_way_geometry"",""osm_way_id"":627395704}]",native_shared_node_not_transfer_or_conflict_permission
5922592421,72.8893974,19.0761832,277920.8274608463,2110594.2492231294,EPSG:32643,"{""railway"":""level_crossing""}","[{""feature_value"":""path"",""geometry_role"":""native_way_geometry"",""osm_way_id"":856311889}]","[{""feature_value"":""rail"",""geometry_role"":""native_way_geometry"",""osm_way_id"":627395705}]",native_shared_node_not_transfer_or_conflict_permission
5922592423,72.8893738,19.0762357,277918.4133691138,2110600.091322406,EPSG:32643,"{""railway"":""level_crossing""}","[{""feature_value"":""path"",""geometry_role"":""native_way_geometry"",""osm_way_id"":856311889}]","[{""feature_value"":""rail"",""geometry_role"":""native_way_geometry"",""osm_way_id"":627395706}]",native_shared_node_not_transfer_or_conflict_permission
5922592425,72.8893318,19.0762677,277914.0351882889,2110603.687233256,EPSG:32643,"{""railway"":""level_crossing""}","[{""feature_value"":""path"",""geometry_role"":""native_way_geometry"",""osm_way_id"":856311889}]","[{""feature_value"":""rail"",""geometry_role"":""native_way_geometry"",""osm_way_id"":627395707}]",native_shared_node_not_transfer_or_conflict_permission
5931237924,73.1350453,18.5267281,303137.5292585864,2049480.5726914534,EPSG:32643,"{""railway"":""level_crossing""}","[{""feature_value"":""unclassified"",""geometry_role"":""native_way_geometry"",""osm_way_id"":305418189}]","[{""feature_value"":""rail"",""geometry_role"":""native_way_geometry"",""osm_way_id"":41438894}]",native_shared_node_not_transfer_or_conflict_permission
5936229205,73.0643878,19.1831477,296470.3845616466,2122222.5007790085,EPSG:32643,"{""railway"":""level_crossing""}","[{""feature_value"":""tertiary"",""geometry_role"":""native_way_geometry"",""osm_way_id"":215245362}]","[{""feature_value"":""rail"",""geometry_role"":""native_way_geometry"",""osm_way_id"":916587379}]",native_shared_node_not_transfer_or_conflict_permission
5956547208,73.3662706,18.7711754,327797.85298215377,2076298.9974954417,EPSG:32643,"{""access"":""private"",""barrier"":""gate""}","[{""feature_value"":""motorway"",""geometry_role"":""native_way_geometry"",""osm_way_id"":149003178},{""feature_value"":""service"",""geometry_role"":""native_way_geometry"",""osm_way_id"":630880654}]","[{""feature_value"":"""",""geometry_role"":""native_way_geometry"",""osm_way_id"":149003178}]",native_shared_node_not_transfer_or_conflict_permission
5956625069,73.1174449,18.9712657,301798.9766440575,2098706.885302668,EPSG:32643,{},"[{""feature_value"":""construction"",""geometry_role"":""native_way_geometry"",""osm_way_id"":630889870}]","[{""feature_value"":""rail"",""geometry_role"":""native_way_geometry"",""osm_way_id"":45095916},{""feature_value"":""rail"",""geometry_role"":""native_way_geometry"",""osm_way_id"":781831337}]",native_shared_node_not_transfer_or_conflict_permission
5968760001,72.8121013,19.471527,270336.5778174065,2154464.38971804,EPSG:32643,"{""railway"":""level_crossing""}","[{""feature_value"":""construction"",""geometry_role"":""native_way_geometry"",""osm_way_id"":1548833274}]","[{""feature_value"":""rail"",""geometry_role"":""native_way_geometry"",""osm_way_id"":480023698}]",native_shared_node_not_transfer_or_conflict_permission
6132277023,73.3042269,19.4561412,321991.66075463267,2152177.3274086034,EPSG:32643,"{""railway"":""level_crossing""}","[{""feature_value"":""tertiary"",""geometry_role"":""native_way_geometry"",""osm_way_id"":331862859}]","[{""feature_value"":""rail"",""geometry_role"":""native_way_geometry"",""osm_way_id"":910042841}]",native_shared_node_not_transfer_or_conflict_permission
6132277372,73.0631963,18.9688152,296082.8365482931,2098497.548633664,EPSG:32643,"{""railway"":""level_crossing""}","[{""feature_value"":""residential"",""geometry_role"":""native_way_geometry"",""osm_way_id"":414977670}]","[{""feature_value"":""rail"",""geometry_role"":""native_way_geometry"",""osm_way_id"":45096083}]",native_shared_node_not_transfer_or_conflict_permission
6132277758,73.2794827,19.4104814,319343.0995475363,2147148.953380694,EPSG:32643,"{""railway"":""level_crossing""}","[{""feature_value"":""track"",""geometry_role"":""native_way_geometry"",""osm_way_id"":741239929}]","[{""feature_value"":""rail"",""geometry_role"":""native_way_geometry"",""osm_way_id"":244766351}]",native_shared_node_not_transfer_or_conflict_permission
6135274276,72.8476177,18.9841696,273398.27595550846,2100460.9114949517,EPSG:32643,"{""railway"":""level_crossing""}","[{""feature_value"":""tertiary"",""geometry_role"":""native_way_geometry"",""osm_way_id"":552027542},{""feature_value"":""tertiary"",""geometry_role"":""native_way_geometry"",""osm_way_id"":1384317780}]","[{""feature_value"":""rail"",""geometry_role"":""native_way_geometry"",""osm_way_id"":398294953},{""feature_value"":""rail"",""geometry_role"":""native_way_geometry"",""osm_way_id"":1384317779}]",native_shared_node_not_transfer_or_conflict_permission
6164590645,73.1542146,18.8704252,305554.63124175067,2087503.6241342912,EPSG:32643,"{""railway"":""level_crossing""}","[{""feature_value"":""residential"",""geometry_role"":""native_way_geometry"",""osm_way_id"":630895170}]","[{""feature_value"":""rail"",""geometry_role"":""native_way_geometry"",""osm_way_id"":608390676}]",native_shared_node_not_transfer_or_conflict_permission
6165604795,72.8389373,19.02335,272537.36548694444,2104809.7853148305,EPSG:32643,{},"[{""feature_value"":""residential"",""geometry_role"":""native_way_geometry"",""osm_way_id"":113712158},{""feature_value"":""primary"",""geometry_role"":""native_way_geometry"",""osm_way_id"":1081376124}]","[{""feature_value"":""subway"",""geometry_role"":""native_way_geometry"",""osm_way_id"":1385503863}]",native_shared_node_not_transfer_or_conflict_permission
6166805045,73.0923253,18.7563444,298897.33608798584,2074944.6231851978,EPSG:32643,{},"[{""feature_value"":""residential"",""geometry_role"":""native_way_geometry"",""osm_way_id"":1187800394}]","[{""feature_value"":""rail"",""geometry_role"":""native_way_geometry"",""osm_way_id"":658557405}]",native_shared_node_not_transfer_or_conflict_permission
6166805056,73.0804919,18.7807597,297678.65773421037,2077660.6713005959,EPSG:32643,{},"[{""feature_value"":""secondary"",""geometry_role"":""native_way_geometry"",""osm_way_id"":151738462}]","[{""feature_value"":""rail"",""geometry_role"":""native_way_geometry"",""osm_way_id"":658557409}]",native_shared_node_not_transfer_or_conflict_permission
6166805061,73.0783464,18.7896694,297463.104567285,2078649.3719293573,EPSG:32643,"{""railway"":""level_crossing""}","[{""feature_value"":""unclassified"",""geometry_role"":""native_way_geometry"",""osm_way_id"":562928172}]","[{""feature_value"":""rail"",""geometry_role"":""native_way_geometry"",""osm_way_id"":658557409}]",native_shared_node_not_transfer_or_conflict_permission
6166805064,73.0782652,18.7896781,297454.5541620462,2078650.4274935583,EPSG:32643,"{""railway"":""level_crossing""}","[{""feature_value"":""unclassified"",""geometry_role"":""native_way_geometry"",""osm_way_id"":562928172}]","[{""feature_value"":""rail"",""geometry_role"":""native_way_geometry"",""osm_way_id"":658557405}]",native_shared_node_not_transfer_or_conflict_permission
6171366473,72.8895422,19.0759883,277935.8090100008,2110572.4886305383,EPSG:32643,"{""railway"":""level_crossing""}","[{""feature_value"":""path"",""geometry_role"":""native_way_geometry"",""osm_way_id"":856311889}]","[{""feature_value"":""rail"",""geometry_role"":""native_way_geometry"",""osm_way_id"":107213213}]",native_shared_node_not_transfer_or_conflict_permission
6175360924,72.98423,18.9093403,287690.9547320956,2092006.871741775,EPSG:32643,{},"[{""feature_value"":""residential"",""geometry_role"":""native_way_geometry"",""osm_way_id"":1186484634}]","[{""feature_value"":""rail"",""geometry_role"":""native_way_geometry"",""osm_way_id"":45096083}]",native_shared_node_not_transfer_or_conflict_permission
6175360952,72.9541417,18.9472175,284569.458778453,2096236.421251164,EPSG:32643,"{""railway"":""switch""}","[{""feature_value"":""service"",""geometry_role"":""native_way_geometry"",""osm_way_id"":989702325}]","[{""feature_value"":""rail"",""geometry_role"":""native_way_geometry"",""osm_way_id"":699441042},{""feature_value"":""rail"",""geometry_role"":""native_way_geometry"",""osm_way_id"":699441049}]",native_shared_node_not_transfer_or_conflict_permission
6175360954,72.9529136,18.9455052,284437.89524344483,2096048.3649518986,EPSG:32643,"{""access"":""private"",""railway"":""level_crossing"",""source"":""digitalglobe""}","[{""feature_value"":""tertiary"",""geometry_role"":""native_way_geometry"",""osm_way_id"":786133097}]","[{""feature_value"":""rail"",""geometry_role"":""native_way_geometry"",""osm_way_id"":699441049}]",native_shared_node_not_transfer_or_conflict_permission
6194607547,72.9995886,19.1591608,289624.1403611108,2119644.0330636436,EPSG:32643,{},"[{""feature_value"":""steps"",""geometry_role"":""native_way_geometry"",""osm_way_id"":661682159},{""feature_value"":""footway"",""geometry_role"":""native_way_geometry"",""osm_way_id"":661682160}]","[{""feature_value"":""station"",""geometry_role"":""native_way_geometry"",""osm_way_id"":655146730}]",native_shared_node_not_transfer_or_conflict_permission
6197274880,73.0601275,19.0266104,295830.1799004577,2104898.922905613,EPSG:32643,{},"[{""feature_value"":""footway"",""geometry_role"":""native_way_geometry"",""osm_way_id"":661674532},{""feature_value"":""footway"",""geometry_role"":""native_way_geometry"",""osm_way_id"":661949370}]","[{""feature_value"":""station"",""geometry_role"":""native_way_geometry"",""osm_way_id"":562395722}]",native_shared_node_not_transfer_or_conflict_permission
6231102528,72.9527749,19.1621899,284703.21480579395,2120036.486989346,EPSG:32643,"{""access"":""private"",""railway"":""level_crossing""}","[{""feature_value"":""service"",""geometry_role"":""native_way_geometry"",""osm_way_id"":665688817}]","[{""feature_value"":""rail"",""geometry_role"":""native_way_geometry"",""osm_way_id"":665688804}]",native_shared_node_not_transfer_or_conflict_permission
6235803038,72.8736194,19.1104691,276306.15433321625,2114410.093438982,EPSG:32643,{},"[{""feature_value"":""footway"",""geometry_role"":""native_way_geometry"",""osm_way_id"":666060323},{""feature_value"":""steps"",""geometry_role"":""native_way_geometry"",""osm_way_id"":666060325}]","[{""feature_value"":""station"",""geometry_role"":""native_way_geometry"",""osm_way_id"":311841874},{""feature_value"":""platform"",""geometry_role"":""area_boundary"",""osm_way_id"":311841903}]",native_shared_node_not_transfer_or_conflict_permission
6235803039,72.8735167,19.1102518,276295.0539868656,2114386.167665841,EPSG:32643,{},"[{""feature_value"":""footway"",""geometry_role"":""native_way_geometry"",""osm_way_id"":666060323},{""feature_value"":""steps"",""geometry_role"":""native_way_geometry"",""osm_way_id"":666060324}]","[{""feature_value"":""station"",""geometry_role"":""native_way_geometry"",""osm_way_id"":311841874},{""feature_value"":""platform"",""geometry_role"":""area_boundary"",""osm_way_id"":311841897}]",native_shared_node_not_transfer_or_conflict_permission
6235803044,72.8747219,19.1098035,276421.28344099247,2114334.9952838845,EPSG:32643,{},"[{""feature_value"":""footway"",""geometry_role"":""native_way_geometry"",""osm_way_id"":666060326},{""feature_value"":""steps"",""geometry_role"":""native_way_geometry"",""osm_way_id"":666060328}]","[{""feature_value"":""station"",""geometry_role"":""native_way_geometry"",""osm_way_id"":311841874},{""feature_value"":""platform"",""geometry_role"":""area_boundary"",""osm_way_id"":311841897}]",native_shared_node_not_transfer_or_conflict_permission
6235809308,72.8792313,19.1083767,276893.9278303917,2114171.276182758,EPSG:32643,{},"[{""feature_value"":""footway"",""geometry_role"":""native_way_geometry"",""osm_way_id"":666061004}]","[{""feature_value"":""station"",""geometry_role"":""native_way_geometry"",""osm_way_id"":311841876},{""feature_value"":""platform"",""geometry_role"":""area_boundary"",""osm_way_id"":311841896}]",native_shared_node_not_transfer_or_conflict_permission
6235809309,72.8791403,19.108155,276884.0535707261,2114146.848077016,EPSG:32643,{},"[{""feature_value"":""footway"",""geometry_role"":""native_way_geometry"",""osm_way_id"":666061004}]","[{""feature_value"":""station"",""geometry_role"":""native_way_geometry"",""osm_way_id"":311841876},{""feature_value"":""platform"",""geometry_role"":""area_boundary"",""osm_way_id"":311841902}]",native_shared_node_not_transfer_or_conflict_permission
6235809312,72.8801197,19.1080466,276986.9789366344,2114133.597991592,EPSG:32643,{},"[{""feature_value"":""path"",""geometry_role"":""native_way_geometry"",""osm_way_id"":666061007},{""feature_value"":""steps"",""geometry_role"":""native_way_geometry"",""osm_way_id"":666061008}]","[{""feature_value"":""station"",""geometry_role"":""native_way_geometry"",""osm_way_id"":311841876},{""feature_value"":""platform"",""geometry_role"":""area_boundary"",""osm_way_id"":311841896}]",native_shared_node_not_transfer_or_conflict_permission
6235809313,72.8800356,19.1078223,276977.82745248126,2114108.8732046983,EPSG:32643,{},"[{""feature_value"":""path"",""geometry_role"":""native_way_geometry"",""osm_way_id"":666061007},{""feature_value"":""steps"",""geometry_role"":""native_way_geometry"",""osm_way_id"":666061009}]","[{""feature_value"":""station"",""geometry_role"":""native_way_geometry"",""osm_way_id"":311841876},{""feature_value"":""platform"",""geometry_role"":""area_boundary"",""osm_way_id"":311841902}]",native_shared_node_not_transfer_or_conflict_permission
6235813594,72.8875081,19.1039795,277759.0870522891,2113673.929877545,EPSG:32643,{},"[{""feature_value"":""path"",""geometry_role"":""native_way_geometry"",""osm_way_id"":666061303},{""feature_value"":""steps"",""geometry_role"":""native_way_geometry"",""osm_way_id"":666061307}]","[{""feature_value"":""station"",""geometry_role"":""native_way_geometry"",""osm_way_id"":331824155}]",native_shared_node_not_transfer_or_conflict_permission
6235813596,72.8885633,19.1033246,277869.26240749366,2113600.086567298,EPSG:32643,{},"[{""feature_value"":""path"",""geometry_role"":""native_way_geometry"",""osm_way_id"":666061304},{""feature_value"":""steps"",""geometry_role"":""native_way_geometry"",""osm_way_id"":666061305}]","[{""feature_value"":""station"",""geometry_role"":""native_way_geometry"",""osm_way_id"":331824155}]",native_shared_node_not_transfer_or_conflict_permission
6236160735,72.8464336,19.1202873,273458.55280508753,2115532.076724427,EPSG:32643,{},"[{""feature_value"":""footway"",""geometry_role"":""native_way_geometry"",""osm_way_id"":666095082}]","[{""feature_value"":""platform"",""geometry_role"":""area_boundary"",""osm_way_id"":1317052392}]",native_shared_node_not_transfer_or_conflict_permission
6249729372,72.837251,19.1270649,272501.5233740573,2116294.3638660405,EPSG:32643,{},"[{""feature_value"":""steps"",""geometry_role"":""native_way_geometry"",""osm_way_id"":667482421}]","[{""feature_value"":""platform"",""geometry_role"":""native_way_geometry"",""osm_way_id"":331815675}]",native_shared_node_not_transfer_or_conflict_permission
6249729383,72.8207464,19.1304816,270769.47028418013,2116694.2092046584,EPSG:32643,{},"[{""feature_value"":""steps"",""geometry_role"":""native_way_geometry"",""osm_way_id"":667482439}]","[{""feature_value"":""station"",""geometry_role"":""native_way_geometry"",""osm_way_id"":287299861},{""feature_value"":""platform"",""geometry_role"":""area_boundary"",""osm_way_id"":311841900}]",native_shared_node_not_transfer_or_conflict_permission
6249730789,72.8219174,19.1300067,270892.0366014113,2116640.0955134016,EPSG:32643,{},"[{""feature_value"":""steps"",""geometry_role"":""native_way_geometry"",""osm_way_id"":667482445},{""feature_value"":""steps"",""geometry_role"":""native_way_geometry"",""osm_way_id"":1443001284}]","[{""feature_value"":""station"",""geometry_role"":""native_way_geometry"",""osm_way_id"":287299861},{""feature_value"":""platform"",""geometry_role"":""area_boundary"",""osm_way_id"":311841895}]",native_shared_node_not_transfer_or_conflict_permission
6251364662,73.5965197,18.7614638,352062.8261137974,2075017.1239370399,EPSG:32643,"{""railway"":""level_crossing""}","[{""feature_value"":""secondary"",""geometry_role"":""native_way_geometry"",""osm_way_id"":312446448}]","[{""feature_value"":""rail"",""geometry_role"":""native_way_geometry"",""osm_way_id"":1283573313}]",native_shared_node_not_transfer_or_conflict_permission
6251366791,73.6416888,18.7406041,356807.1103496682,2072671.668103125,EPSG:32643,"{""railway"":""level_crossing""}","[{""feature_value"":""residential"",""geometry_role"":""native_way_geometry"",""osm_way_id"":105689880}]","[{""feature_value"":""rail"",""geometry_role"":""native_way_geometry"",""osm_way_id"":1316323051}]",native_shared_node_not_transfer_or_conflict_permission
6276032322,73.0741709,18.7203862,296939.9724360797,2070984.8435062275,EPSG:32643,"{""railway"":""level_crossing""}","[{""feature_value"":""unclassified"",""geometry_role"":""native_way_geometry"",""osm_way_id"":562932687}]","[{""feature_value"":""rail"",""geometry_role"":""native_way_geometry"",""osm_way_id"":312446323}]",native_shared_node_not_transfer_or_conflict_permission
6276032338,73.0741762,18.7203242,296940.4573727832,2070977.9744175489,EPSG:32643,"{""railway"":""level_crossing""}","[{""feature_value"":""unclassified"",""geometry_role"":""native_way_geometry"",""osm_way_id"":562932687}]","[{""feature_value"":""rail"",""geometry_role"":""native_way_geometry"",""osm_way_id"":700704037}]",native_shared_node_not_transfer_or_conflict_permission
6276032347,73.1194318,18.4479893,301398.1699704903,2040782.1278192168,EPSG:32643,"{""railway"":""level_crossing""}","[{""feature_value"":""trunk"",""geometry_role"":""native_way_geometry"",""osm_way_id"":221322789}]","[{""feature_value"":""rail"",""geometry_role"":""native_way_geometry"",""osm_way_id"":640139687}]",native_shared_node_not_transfer_or_conflict_permission
6276032348,73.1194436,18.4480281,301399.46112039627,2040786.4096117043,EPSG:32643,"{""railway"":""level_crossing""}","[{""feature_value"":""trunk"",""geometry_role"":""native_way_geometry"",""osm_way_id"":221322789}]","[{""feature_value"":""rail"",""geometry_role"":""native_way_geometry"",""osm_way_id"":670173207}]",native_shared_node_not_transfer_or_conflict_permission
6342114586,72.8490503,19.187177,273825.174665335,2122934.129953243,EPSG:32643,{},"[{""feature_value"":""footway"",""geometry_role"":""native_way_geometry"",""osm_way_id"":376183636}]","[{""feature_value"":""platform"",""geometry_role"":""area_boundary"",""osm_way_id"":526882650}]",native_shared_node_not_transfer_or_conflict_permission
6568076877,73.0780136,19.1617976,297877.51623291103,2119843.2059885003,EPSG:32643,"{""railway"":""level_crossing""}","[{""feature_value"":""construction"",""geometry_role"":""native_way_geometry"",""osm_way_id"":1529663263}]","[{""feature_value"":""rail"",""geometry_role"":""native_way_geometry"",""osm_way_id"":916587379}]",native_shared_node_not_transfer_or_conflict_permission
6568076878,73.0777174,19.1626435,297847.38924193475,2119937.189458356,EPSG:32643,"{""railway"":""crossing""}","[{""feature_value"":""footway"",""geometry_role"":""native_way_geometry"",""osm_way_id"":935729129}]","[{""feature_value"":""rail"",""geometry_role"":""native_way_geometry"",""osm_way_id"":916587379}]",native_shared_node_not_transfer_or_conflict_permission
6568083107,73.0885488,19.0783449,298884.7727097786,2110592.9904964953,EPSG:32643,{},"[{""feature_value"":""footway"",""geometry_role"":""native_way_geometry"",""osm_way_id"":699441029}]","[{""feature_value"":""platform"",""geometry_role"":""area_boundary"",""osm_way_id"":699441036}]",native_shared_node_not_transfer_or_conflict_permission
6568083108,73.0884657,19.0783157,298875.9914305157,2110589.8535380517,EPSG:32643,{},"[{""feature_value"":""footway"",""geometry_role"":""native_way_geometry"",""osm_way_id"":699441029}]","[{""feature_value"":""platform"",""geometry_role"":""area_boundary"",""osm_way_id"":699441036}]",native_shared_node_not_transfer_or_conflict_permission
6568083110,73.0883069,19.078267,298859.2194041284,2110584.6449017674,EPSG:32643,{},"[{""feature_value"":""steps"",""geometry_role"":""native_way_geometry"",""osm_way_id"":699441031}]","[{""feature_value"":""platform"",""geometry_role"":""area_boundary"",""osm_way_id"":699441032}]",native_shared_node_not_transfer_or_conflict_permission
6568083173,73.0851037,19.090164,298536.488520392,2111905.296914029,EPSG:32643,"{""railway"":""level_crossing""}","[{""feature_value"":""unclassified"",""geometry_role"":""native_way_geometry"",""osm_way_id"":1447940874}]","[{""feature_value"":""rail"",""geometry_role"":""native_way_geometry"",""osm_way_id"":597632393}]",native_shared_node_not_transfer_or_conflict_permission
6568083199,72.9482864,18.9394546,283942.6873014539,2095384.2052142897,EPSG:32643,"{""access"":""private"",""railway"":""level_crossing""}","[{""feature_value"":""service"",""geometry_role"":""native_way_geometry"",""osm_way_id"":989702361}]","[{""feature_value"":""rail"",""geometry_role"":""native_way_geometry"",""osm_way_id"":699441041}]",native_shared_node_not_transfer_or_conflict_permission
6568083200,72.9482358,18.93949,283937.4025868159,2095388.1860961951,EPSG:32643,"{""access"":""private"",""railway"":""level_crossing""}","[{""feature_value"":""service"",""geometry_role"":""native_way_geometry"",""osm_way_id"":989702361}]","[{""feature_value"":""rail"",""geometry_role"":""native_way_geometry"",""osm_way_id"":699441049}]",native_shared_node_not_transfer_or_conflict_permission
6568083210,72.9470871,18.937158,283813.39335205255,2095131.432924442,EPSG:32643,"{""railway"":""level_crossing"",""source"":""digitalglobe""}","[{""feature_value"":""service"",""geometry_role"":""native_way_geometry"",""osm_way_id"":415286980}]","[{""feature_value"":""rail"",""geometry_role"":""native_way_geometry"",""osm_way_id"":699441041}]",native_shared_node_not_transfer_or_conflict_permission
6568083219,72.9470186,18.9371672,283806.18919995555,2095132.5353421122,EPSG:32643,"{""railway"":""level_crossing"",""source"":""digitalglobe""}","[{""feature_value"":""service"",""geometry_role"":""native_way_geometry"",""osm_way_id"":415286980}]","[{""feature_value"":""rail"",""geometry_role"":""native_way_geometry"",""osm_way_id"":699441049}]",native_shared_node_not_transfer_or_conflict_permission
6568083231,72.9481802,18.9395289,283931.5956722529,2095392.5605666684,EPSG:32643,"{""access"":""private"",""railway"":""level_crossing""}","[{""feature_value"":""service"",""geometry_role"":""native_way_geometry"",""osm_way_id"":989702361}]","[{""feature_value"":""rail"",""geometry_role"":""native_way_geometry"",""osm_way_id"":699441042}]",native_shared_node_not_transfer_or_conflict_permission
6568083232,72.9528565,18.9455463,284431.933273848,2096052.9846585102,EPSG:32643,"{""access"":""private"",""railway"":""level_crossing"",""source"":""digitalglobe""}","[{""feature_value"":""tertiary"",""geometry_role"":""native_way_geometry"",""osm_way_id"":786133097}]","[{""feature_value"":""rail"",""geometry_role"":""native_way_geometry"",""osm_way_id"":699441042}]",native_shared_node_not_transfer_or_conflict_permission
6568083239,72.9538539,18.947392,284539.3670647203,2096256.090623333,EPSG:32643,{},"[{""feature_value"":""service"",""geometry_role"":""native_way_geometry"",""osm_way_id"":989702325}]","[{""feature_value"":""rail"",""geometry_role"":""native_way_geometry"",""osm_way_id"":699441043}]",native_shared_node_not_transfer_or_conflict_permission
6568083243,72.9529619,18.9456845,284443.213388129,2096068.1550059854,EPSG:32643,"{""access"":""private"",""railway"":""level_crossing"",""source"":""digitalglobe""}","[{""feature_value"":""tertiary"",""geometry_role"":""native_way_geometry"",""osm_way_id"":699441044}]","[{""feature_value"":""rail"",""geometry_role"":""native_way_geometry"",""osm_way_id"":699441042}]",native_shared_node_not_transfer_or_conflict_permission
6568083244,72.9530205,18.9456424,284449.3320762963,2096063.4227658845,EPSG:32643,"{""access"":""private"",""railway"":""level_crossing"",""source"":""digitalglobe""}","[{""feature_value"":""tertiary"",""geometry_role"":""native_way_geometry"",""osm_way_id"":699441044}]","[{""feature_value"":""rail"",""geometry_role"":""native_way_geometry"",""osm_way_id"":699441049}]",native_shared_node_not_transfer_or_conflict_permission
6568083245,72.9530671,18.9456088,284454.1976373031,2096059.6461740101,EPSG:32643,"{""access"":""private"",""railway"":""level_crossing"",""source"":""digitalglobe""}","[{""feature_value"":""tertiary"",""geometry_role"":""native_way_geometry"",""osm_way_id"":699441044}]","[{""feature_value"":""rail"",""geometry_role"":""native_way_geometry"",""osm_way_id"":699441041}]",native_shared_node_not_transfer_or_conflict_permission
6568083252,72.9525317,18.9459944,284398.2954428592,2096102.9878961043,EPSG:32643,"{""access"":""private"",""railway"":""level_crossing"",""source"":""digitalglobe""}","[{""feature_value"":""tertiary"",""geometry_role"":""native_way_geometry"",""osm_way_id"":699441044}]","[{""feature_value"":""rail"",""geometry_role"":""native_way_geometry"",""osm_way_id"":699441039}]",native_shared_node_not_transfer_or_conflict_permission
6568083253,72.9538007,18.9474243,284533.804656281,2096259.7313480156,EPSG:32643,"{""railway"":""switch""}","[{""feature_value"":""service"",""geometry_role"":""native_way_geometry"",""osm_way_id"":989702325}]","[{""feature_value"":""rail"",""geometry_role"":""native_way_geometry"",""osm_way_id"":699441039},{""feature_value"":""rail"",""geometry_role"":""native_way_geometry"",""osm_way_id"":699441048}]",native_shared_node_not_transfer_or_conflict_permission
6568083255,72.9526225,18.945929,284407.776029751,2096095.636882976,EPSG:32643,"{""access"":""private"",""railway"":""level_crossing"",""source"":""digitalglobe""}","[{""feature_value"":""tertiary"",""geometry_role"":""native_way_geometry"",""osm_way_id"":699441044}]","[{""feature_value"":""rail"",""geometry_role"":""native_way_geometry"",""osm_way_id"":699441048}]",native_shared_node_not_transfer_or_conflict_permission
6568083256,72.9525148,18.9457924,284396.2556781298,2096080.6464928496,EPSG:32643,"{""access"":""private"",""railway"":""level_crossing"",""source"":""digitalglobe""}","[{""feature_value"":""tertiary"",""geometry_role"":""native_way_geometry"",""osm_way_id"":786133097}]","[{""feature_value"":""rail"",""geometry_role"":""native_way_geometry"",""osm_way_id"":699441048}]",native_shared_node_not_transfer_or_conflict_permission
6568083257,72.9478274,18.9397756,283894.7488099701,2095420.303313098,EPSG:32643,"{""access"":""private"",""railway"":""level_crossing""}","[{""feature_value"":""service"",""geometry_role"":""native_way_geometry"",""osm_way_id"":989702361}]","[{""feature_value"":""rail"",""geometry_role"":""native_way_geometry"",""osm_way_id"":699441048}]",native_shared_node_not_transfer_or_conflict_permission
6568083259,72.9524696,18.945825,284391.53632050403,2096084.3106865685,EPSG:32643,"{""access"":""private"",""railway"":""level_crossing"",""source"":""digitalglobe""}","[{""feature_value"":""tertiary"",""geometry_role"":""native_way_geometry"",""osm_way_id"":786133097}]","[{""feature_value"":""rail"",""geometry_role"":""native_way_geometry"",""osm_way_id"":699441046}]",native_shared_node_not_transfer_or_conflict_permission
6568083260,72.9477804,18.9398084,283889.839996559,2095423.9919710173,EPSG:32643,"{""access"":""private"",""railway"":""level_crossing""}","[{""feature_value"":""service"",""geometry_role"":""native_way_geometry"",""osm_way_id"":989702361}]","[{""feature_value"":""rail"",""geometry_role"":""native_way_geometry"",""osm_way_id"":699441046}]",native_shared_node_not_transfer_or_conflict_permission
6568083271,72.9469247,18.9371797,283796.3135846665,2095134.0342132307,EPSG:32643,"{""railway"":""level_crossing"",""source"":""digitalglobe""}","[{""feature_value"":""service"",""geometry_role"":""native_way_geometry"",""osm_way_id"":415286980}]","[{""feature_value"":""rail"",""geometry_role"":""native_way_geometry"",""osm_way_id"":699441048}]",native_shared_node_not_transfer_or_conflict_permission
6578143396,73.0632196,18.9687803,296085.24797407666,2098493.658312677,EPSG:32643,"{""railway"":""level_crossing""}","[{""feature_value"":""residential"",""geometry_role"":""native_way_geometry"",""osm_way_id"":414977670}]","[{""feature_value"":""rail"",""geometry_role"":""native_way_geometry"",""osm_way_id"":661778973}]",native_shared_node_not_transfer_or_conflict_permission
6580202555,73.0549613,18.7122964,294904.12847452506,2070111.314249478,EPSG:32643,"{""railway"":""level_crossing"",""supervised"":""no""}","[{""feature_value"":""unclassified"",""geometry_role"":""native_way_geometry"",""osm_way_id"":843811392}]","[{""feature_value"":""rail"",""geometry_role"":""native_way_geometry"",""osm_way_id"":122091072}]",native_shared_node_not_transfer_or_conflict_permission
6580202563,73.0626335,18.7166311,295718.5834002637,2070582.3443920955,EPSG:32643,"{""railway"":""level_crossing""}","[{""feature_value"":""residential"",""geometry_role"":""native_way_geometry"",""osm_way_id"":1187990778}]","[{""feature_value"":""rail"",""geometry_role"":""native_way_geometry"",""osm_way_id"":700704037}]",native_shared_node_not_transfer_or_conflict_permission
6580239332,73.0583585,18.7141593,295264.7011052567,2070313.627710809,EPSG:32643,"{""railway"":""level_crossing"",""supervised"":""no""}","[{""feature_value"":""unclassified"",""geometry_role"":""native_way_geometry"",""osm_way_id"":843811380}]","[{""feature_value"":""rail"",""geometry_role"":""native_way_geometry"",""osm_way_id"":700704037}]",native_shared_node_not_transfer_or_conflict_permission
6580239334,73.055027,18.7122198,294910.96600273787,2070102.759483624,EPSG:32643,"{""railway"":""level_crossing"",""supervised"":""no""}","[{""feature_value"":""unclassified"",""geometry_role"":""native_way_geometry"",""osm_way_id"":843811392}]","[{""feature_value"":""rail"",""geometry_role"":""native_way_geometry"",""osm_way_id"":700704037}]",native_shared_node_not_transfer_or_conflict_permission
6580239432,73.050156,18.7021234,294384.9780892326,2068990.7372843127,EPSG:32643,"{""railway"":""level_crossing"",""supervised"":""no""}","[{""feature_value"":""residential"",""geometry_role"":""native_way_geometry"",""osm_way_id"":1198538027}]","[{""feature_value"":""rail"",""geometry_role"":""native_way_geometry"",""osm_way_id"":700704037}]",native_shared_node_not_transfer_or_conflict_permission
6580239482,73.0667385,18.6782637,296105.6010910125,2066330.5856929347,EPSG:32643,"{""railway"":""level_crossing"",""supervised"":""no""}","[{""feature_value"":""residential"",""geometry_role"":""native_way_geometry"",""osm_way_id"":843811378}]","[{""feature_value"":""rail"",""geometry_role"":""native_way_geometry"",""osm_way_id"":312446323}]",native_shared_node_not_transfer_or_conflict_permission
6580239484,73.0667943,18.6782843,296111.51256113907,2066332.8023613063,EPSG:32643,"{""railway"":""level_crossing"",""supervised"":""no""}","[{""feature_value"":""residential"",""geometry_role"":""native_way_geometry"",""osm_way_id"":843811378}]","[{""feature_value"":""rail"",""geometry_role"":""native_way_geometry"",""osm_way_id"":700704037}]",native_shared_node_not_transfer_or_conflict_permission
6580239520,73.0734432,18.6576321,296788.3470475569,2064039.159475117,EPSG:32643,{},"[{""feature_value"":""residential"",""geometry_role"":""native_way_geometry"",""osm_way_id"":1186689783},{""feature_value"":""residential"",""geometry_role"":""native_way_geometry"",""osm_way_id"":1186689784}]","[{""feature_value"":""rail"",""geometry_role"":""native_way_geometry"",""osm_way_id"":700704037}]",native_shared_node_not_transfer_or_conflict_permission
6580239522,73.0739841,18.6554134,296842.7759626595,2063792.949094335,EPSG:32643,{},"[{""feature_value"":""residential"",""geometry_role"":""native_way_geometry"",""osm_way_id"":1186691434}]","[{""feature_value"":""rail"",""geometry_role"":""native_way_geometry"",""osm_way_id"":312446323}]",native_shared_node_not_transfer_or_conflict_permission
6580239571,73.0903489,18.6164424,298523.4962442247,2059460.647971686,EPSG:32643,{},"[{""feature_value"":""residential"",""geometry_role"":""native_way_geometry"",""osm_way_id"":1187796487}]","[{""feature_value"":""rail"",""geometry_role"":""native_way_geometry"",""osm_way_id"":700704039}]",native_shared_node_not_transfer_or_conflict_permission
6580239593,73.1192594,18.5780597,301530.07257825154,2055179.8052152907,EPSG:32643,"{""railway"":""level_crossing"",""supervised"":""no""}","[{""feature_value"":""unclassified"",""geometry_role"":""native_way_geometry"",""osm_way_id"":563002847}]","[{""feature_value"":""rail"",""geometry_role"":""native_way_geometry"",""osm_way_id"":700704041}]",native_shared_node_not_transfer_or_conflict_permission
6580239600,73.1126956,18.592937,300854.5053491191,2056833.85051524,EPSG:32643,"{""railway"":""level_crossing"",""supervised"":""no""}","[{""feature_value"":""residential"",""geometry_role"":""native_way_geometry"",""osm_way_id"":562935357}]","[{""feature_value"":""rail"",""geometry_role"":""native_way_geometry"",""osm_way_id"":700704041}]",native_shared_node_not_transfer_or_conflict_permission
6580239603,73.1105965,18.5975899,300638.3649887794,2057351.214991182,EPSG:32643,"{""railway"":""level_crossing"",""source"":""maxar""}","[{""feature_value"":""track"",""geometry_role"":""native_way_geometry"",""osm_way_id"":1188606054}]","[{""feature_value"":""rail"",""geometry_role"":""native_way_geometry"",""osm_way_id"":700704041}]",native_shared_node_not_transfer_or_conflict_permission
6580239631,73.0892468,18.6217072,298413.3927616044,2060044.6607945675,EPSG:32643,"{""railway"":""level_crossing"",""source"":""maxar""}","[{""feature_value"":""residential"",""geometry_role"":""native_way_geometry"",""osm_way_id"":1186697472},{""feature_value"":""residential"",""geometry_role"":""native_way_geometry"",""osm_way_id"":1186697484}]","[{""feature_value"":""rail"",""geometry_role"":""native_way_geometry"",""osm_way_id"":700704041},{""feature_value"":""rail"",""geometry_role"":""native_way_geometry"",""osm_way_id"":1186697486}]",native_shared_node_not_transfer_or_conflict_permission
6580239640,73.1263726,18.5626618,302263.1697849465,2053467.5681368567,EPSG:32643,"{""railway"":""level_crossing"",""supervised"":""no""}","[{""feature_value"":""unclassified"",""geometry_role"":""native_way_geometry"",""osm_way_id"":562982781}]","[{""feature_value"":""rail"",""geometry_role"":""native_way_geometry"",""osm_way_id"":700704044}]",native_shared_node_not_transfer_or_conflict_permission
6580391659,73.258491,18.2685195,315897.4109314267,2020771.1630934754,EPSG:32643,"{""crossing:barrier"":""full"",""crossing:bell"":""yes"",""crossing:light"":""no"",""railway"":""level_crossing""}","[{""feature_value"":""track"",""geometry_role"":""native_way_geometry"",""osm_way_id"":1494387564}]","[{""feature_value"":""rail"",""geometry_role"":""native_way_geometry"",""osm_way_id"":1494387562}]",native_shared_node_not_transfer_or_conflict_permission
6627076091,73.0140795,18.9591557,290897.88047154405,2097485.8237766465,EPSG:32643,{},"[{""feature_value"":""pedestrian"",""geometry_role"":""area_boundary"",""osm_way_id"":705373758}]","[{""feature_value"":""station"",""geometry_role"":""native_way_geometry"",""osm_way_id"":648982743}]",native_shared_node_not_transfer_or_conflict_permission
6627076092,73.0148381,18.9602902,290979.1949494546,2097610.5130577357,EPSG:32643,{},"[{""feature_value"":""pedestrian"",""geometry_role"":""area_boundary"",""osm_way_id"":705373758}]","[{""feature_value"":""station"",""geometry_role"":""native_way_geometry"",""osm_way_id"":648982743}]",native_shared_node_not_transfer_or_conflict_permission
6627076095,73.0142826,18.959343,290919.5056996359,2097506.316926415,EPSG:32643,{},"[{""feature_value"":""pedestrian"",""geometry_role"":""area_boundary"",""osm_way_id"":705373758}]","[{""feature_value"":""station"",""geometry_role"":""native_way_geometry"",""osm_way_id"":648982743}]",native_shared_node_not_transfer_or_conflict_permission
6627076096,73.014748,18.9600434,290969.3974639057,2097583.299152727,EPSG:32643,{},"[{""feature_value"":""pedestrian"",""geometry_role"":""area_boundary"",""osm_way_id"":705373758}]","[{""feature_value"":""station"",""geometry_role"":""native_way_geometry"",""osm_way_id"":648982743}]",native_shared_node_not_transfer_or_conflict_permission
6627076097,73.0146949,18.9600749,290963.8439695793,2097586.849194393,EPSG:32643,{},"[{""feature_value"":""pedestrian"",""geometry_role"":""area_boundary"",""osm_way_id"":705373758}]","[{""feature_value"":""station"",""geometry_role"":""native_way_geometry"",""osm_way_id"":648982743}]",native_shared_node_not_transfer_or_conflict_permission
6627076098,73.0142263,18.9593766,290913.61776519835,2097510.1032484393,EPSG:32643,{},"[{""feature_value"":""pedestrian"",""geometry_role"":""area_boundary"",""osm_way_id"":705373758}]","[{""feature_value"":""station"",""geometry_role"":""native_way_geometry"",""osm_way_id"":648982743}]",native_shared_node_not_transfer_or_conflict_permission
6698536714,73.3305763,19.4882262,324792.72741695127,2155701.7556341845,EPSG:32643,"{""railway"":""level_crossing""}","[{""feature_value"":""tertiary"",""geometry_role"":""native_way_geometry"",""osm_way_id"":298118716}]","[{""feature_value"":""rail"",""geometry_role"":""native_way_geometry"",""osm_way_id"":910042841}]",native_shared_node_not_transfer_or_conflict_permission
6698537128,73.3031227,19.4731958,321894.3602679365,2154066.268939563,EPSG:32643,"{""railway"":""level_crossing""}","[{""feature_value"":""residential"",""geometry_role"":""native_way_geometry"",""osm_way_id"":1187198122}]","[{""feature_value"":""rail"",""geometry_role"":""native_way_geometry"",""osm_way_id"":910042841}]",native_shared_node_not_transfer_or_conflict_permission
6698538966,72.8294429,20.2025471,273198.61407926516,2235379.5047471584,EPSG:32643,"{""railway"":""level_crossing""}","[{""feature_value"":""residential"",""geometry_role"":""native_way_geometry"",""osm_way_id"":856530712}]","[{""feature_value"":""rail"",""geometry_role"":""native_way_geometry"",""osm_way_id"":261394264}]",native_shared_node_not_transfer_or_conflict_permission
6832690289,72.8805173,19.0493806,276950.2535093347,2107638.2549192887,EPSG:32643,"{""railway"":""level_crossing""}","[{""feature_value"":""service"",""geometry_role"":""native_way_geometry"",""osm_way_id"":729321124}]","[{""feature_value"":""rail"",""geometry_role"":""native_way_geometry"",""osm_way_id"":48808695}]",native_shared_node_not_transfer_or_conflict_permission
6900052748,72.8294828,20.2025261,273202.75432351185,2235377.124965324,EPSG:32643,"{""railway"":""level_crossing""}","[{""feature_value"":""residential"",""geometry_role"":""native_way_geometry"",""osm_way_id"":856530712}]","[{""feature_value"":""rail"",""geometry_role"":""native_way_geometry"",""osm_way_id"":261394263}]",native_shared_node_not_transfer_or_conflict_permission
6900052870,72.7610125,19.7709877,265406.9972061034,2187690.167115951,EPSG:32643,"{""railway"":""level_crossing""}","[{""feature_value"":""unclassified"",""geometry_role"":""native_way_geometry"",""osm_way_id"":697075013}]","[{""feature_value"":""rail"",""geometry_role"":""native_way_geometry"",""osm_way_id"":676662010}]",native_shared_node_not_transfer_or_conflict_permission
6939276430,73.3305637,19.4882793,324791.4618950974,2155707.6461585225,EPSG:32643,"{""railway"":""level_crossing""}","[{""feature_value"":""tertiary"",""geometry_role"":""native_way_geometry"",""osm_way_id"":298118716}]","[{""feature_value"":""rail"",""geometry_role"":""native_way_geometry"",""osm_way_id"":400490572}]",native_shared_node_not_transfer_or_conflict_permission
6939276470,73.2794698,19.4105185,319341.7857042979,2147153.073574552,EPSG:32643,"{""railway"":""level_crossing""}","[{""feature_value"":""track"",""geometry_role"":""native_way_geometry"",""osm_way_id"":741239929}]","[{""feature_value"":""rail"",""geometry_role"":""native_way_geometry"",""osm_way_id"":68438837}]",native_shared_node_not_transfer_or_conflict_permission
6939276483,73.2139956,19.3537874,312400.19767742,2140943.2004381935,EPSG:32643,"{""disused:railway"":""level_crossing""}","[{""feature_value"":""residential"",""geometry_role"":""native_way_geometry"",""osm_way_id"":215572898}]","[{""feature_value"":""rail"",""geometry_role"":""native_way_geometry"",""osm_way_id"":25373721}]",native_shared_node_not_transfer_or_conflict_permission
6960351460,72.7599862,19.80676,265351.8753002706,2191652.4077962562,EPSG:32643,"{""railway"":""level_crossing""}","[{""feature_value"":""tertiary"",""geometry_role"":""native_way_geometry"",""osm_way_id"":563620443}]","[{""feature_value"":""rail"",""geometry_role"":""native_way_geometry"",""osm_way_id"":709192013}]",native_shared_node_not_transfer_or_conflict_permission
6960351479,72.8149655,19.4380975,270590.31206424686,2150759.369816488,EPSG:32643,"{""railway"":""level_crossing""}","[{""feature_value"":""service"",""geometry_role"":""native_way_geometry"",""osm_way_id"":856530715}]","[{""feature_value"":""rail"",""geometry_role"":""native_way_geometry"",""osm_way_id"":582343858}]",native_shared_node_not_transfer_or_conflict_permission
6960351480,72.8149175,19.4380988,270585.27239230723,2150759.5777625698,EPSG:32643,"{""railway"":""level_crossing""}","[{""feature_value"":""service"",""geometry_role"":""native_way_geometry"",""osm_way_id"":856530715}]","[{""feature_value"":""rail"",""geometry_role"":""native_way_geometry"",""osm_way_id"":582343857}]",native_shared_node_not_transfer_or_conflict_permission
6960351481,72.8148335,19.4380815,270576.42544578447,2150757.77440242,EPSG:32643,"{""railway"":""level_crossing""}","[{""feature_value"":""service"",""geometry_role"":""native_way_geometry"",""osm_way_id"":856530715}]","[{""feature_value"":""rail"",""geometry_role"":""native_way_geometry"",""osm_way_id"":582343856}]",native_shared_node_not_transfer_or_conflict_permission
6960351482,72.8147433,19.4380768,270566.94501820346,2150757.374339677,EPSG:32643,"{""railway"":""level_crossing""}","[{""feature_value"":""service"",""geometry_role"":""native_way_geometry"",""osm_way_id"":856530715}]","[{""feature_value"":""rail"",""geometry_role"":""native_way_geometry"",""osm_way_id"":582343855}]",native_shared_node_not_transfer_or_conflict_permission
6960351483,72.8146761,19.4380623,270559.8665300753,2150755.8585854797,EPSG:32643,"{""railway"":""level_crossing""}","[{""feature_value"":""service"",""geometry_role"":""native_way_geometry"",""osm_way_id"":856530715}]","[{""feature_value"":""rail"",""geometry_role"":""native_way_geometry"",""osm_way_id"":582343854}]",native_shared_node_not_transfer_or_conflict_permission
6960351484,72.8145841,19.4380589,270550.1988716923,2150755.6048632828,EPSG:32643,"{""railway"":""level_crossing""}","[{""feature_value"":""service"",""geometry_role"":""native_way_geometry"",""osm_way_id"":856530715}]","[{""feature_value"":""rail"",""geometry_role"":""native_way_geometry"",""osm_way_id"":582343853}]",native_shared_node_not_transfer_or_conflict_permission
6960351485,72.8145126,19.4380446,270542.66902737156,2150754.1169944587,EPSG:32643,"{""railway"":""level_crossing""}","[{""feature_value"":""service"",""geometry_role"":""native_way_geometry"",""osm_way_id"":856530715}]","[{""feature_value"":""rail"",""geometry_role"":""native_way_geometry"",""osm_way_id"":582343852}]",native_shared_node_not_transfer_or_conflict_permission
6960351502,72.8152467,19.4328006,270612.4023138003,2150172.542567357,EPSG:32643,"{""railway"":""level_crossing""}","[{""feature_value"":""service"",""geometry_role"":""native_way_geometry"",""osm_way_id"":856530715}]","[{""feature_value"":""rail"",""geometry_role"":""native_way_geometry"",""osm_way_id"":582343836}]",native_shared_node_not_transfer_or_conflict_permission
6960351503,72.8151787,19.4327799,270605.2308683512,2150170.3413999174,EPSG:32643,"{""railway"":""level_crossing""}","[{""feature_value"":""service"",""geometry_role"":""native_way_geometry"",""osm_way_id"":856530715}]","[{""feature_value"":""rail"",""geometry_role"":""native_way_geometry"",""osm_way_id"":582343838}]",native_shared_node_not_transfer_or_conflict_permission
6960351504,72.8151043,19.4327637,270597.3935230572,2150168.6469903495,EPSG:32643,"{""railway"":""level_crossing""}","[{""feature_value"":""service"",""geometry_role"":""native_way_geometry"",""osm_way_id"":856530715}]","[{""feature_value"":""rail"",""geometry_role"":""native_way_geometry"",""osm_way_id"":582343837}]",native_shared_node_not_transfer_or_conflict_permission
6960351505,72.8150118,19.4327441,270587.6502697178,2150166.600281784,EPSG:32643,"{""railway"":""level_crossing""}","[{""feature_value"":""service"",""geometry_role"":""native_way_geometry"",""osm_way_id"":856530715}]","[{""feature_value"":""rail"",""geometry_role"":""native_way_geometry"",""osm_way_id"":582343842}]",native_shared_node_not_transfer_or_conflict_permission
6960351506,72.8149163,19.432728,270577.59682864085,2150164.9450847115,EPSG:32643,"{""railway"":""level_crossing""}","[{""feature_value"":""service"",""geometry_role"":""native_way_geometry"",""osm_way_id"":856530715}]","[{""feature_value"":""rail"",""geometry_role"":""native_way_geometry"",""osm_way_id"":582343841}]",native_shared_node_not_transfer_or_conflict_permission
6960351507,72.8148052,19.4327127,270565.90596791473,2150163.3992672064,EPSG:32643,"{""railway"":""level_crossing""}","[{""feature_value"":""service"",""geometry_role"":""native_way_geometry"",""osm_way_id"":856530715}]","[{""feature_value"":""rail"",""geometry_role"":""native_way_geometry"",""osm_way_id"":582343840}]",native_shared_node_not_transfer_or_conflict_permission
6960351508,72.8147563,19.4327045,270560.75824435,2150162.5565998945,EPSG:32643,"{""railway"":""level_crossing""}","[{""feature_value"":""service"",""geometry_role"":""native_way_geometry"",""osm_way_id"":856530715}]","[{""feature_value"":""rail"",""geometry_role"":""native_way_geometry"",""osm_way_id"":582343847}]",native_shared_node_not_transfer_or_conflict_permission
6960351509,72.8146852,19.4326826,270553.2594920043,2150160.226726365,EPSG:32643,"{""railway"":""level_crossing""}","[{""feature_value"":""service"",""geometry_role"":""native_way_geometry"",""osm_way_id"":856530715}]","[{""feature_value"":""rail"",""geometry_role"":""native_way_geometry"",""osm_way_id"":582343846}]",native_shared_node_not_transfer_or_conflict_permission
6960351510,72.814597,19.4326729,270543.9817921936,2150159.2703961176,EPSG:32643,"{""railway"":""level_crossing""}","[{""feature_value"":""service"",""geometry_role"":""native_way_geometry"",""osm_way_id"":856530715}]","[{""feature_value"":""rail"",""geometry_role"":""native_way_geometry"",""osm_way_id"":582343849}]",native_shared_node_not_transfer_or_conflict_permission
6960351511,72.8145448,19.4326676,270538.49152757257,2150158.753212423,EPSG:32643,"{""railway"":""level_crossing""}","[{""feature_value"":""service"",""geometry_role"":""native_way_geometry"",""osm_way_id"":856530715}]","[{""feature_value"":""rail"",""geometry_role"":""native_way_geometry"",""osm_way_id"":582343850}]",native_shared_node_not_transfer_or_conflict_permission
6960351512,72.8144408,19.4326483,270527.54078048293,2150156.7550860215,EPSG:32643,"{""railway"":""level_crossing""}","[{""feature_value"":""service"",""geometry_role"":""native_way_geometry"",""osm_way_id"":856530715}]","[{""feature_value"":""rail"",""geometry_role"":""native_way_geometry"",""osm_way_id"":582343835}]",native_shared_node_not_transfer_or_conflict_permission
6960351513,72.8143351,19.4326371,270516.4228584031,2150155.656034119,EPSG:32643,"{""railway"":""level_crossing""}","[{""feature_value"":""service"",""geometry_role"":""native_way_geometry"",""osm_way_id"":856530715}]","[{""feature_value"":""rail"",""geometry_role"":""native_way_geometry"",""osm_way_id"":431447474}]",native_shared_node_not_transfer_or_conflict_permission
6960351514,72.8142385,19.4326226,270506.2561114521,2150154.1794883492,EPSG:32643,"{""railway"":""level_crossing""}","[{""feature_value"":""service"",""geometry_role"":""native_way_geometry"",""osm_way_id"":856530715}]","[{""feature_value"":""rail"",""geometry_role"":""native_way_geometry"",""osm_way_id"":582343851}]",native_shared_node_not_transfer_or_conflict_permission
6960351515,72.8140804,19.4325902,270489.6045529966,2150150.8031597813,EPSG:32643,"{""railway"":""level_crossing""}","[{""feature_value"":""service"",""geometry_role"":""native_way_geometry"",""osm_way_id"":856530715}]","[{""feature_value"":""rail"",""geometry_role"":""native_way_geometry"",""osm_way_id"":582343844}]",native_shared_node_not_transfer_or_conflict_permission
6960351690,72.8892653,19.0763493,277907.1443232069,2110612.805334085,EPSG:32643,"{""railway"":""level_crossing""}","[{""feature_value"":""path"",""geometry_role"":""native_way_geometry"",""osm_way_id"":856311889}]","[{""feature_value"":""rail"",""geometry_role"":""native_way_geometry"",""osm_way_id"":627395709}]",native_shared_node_not_transfer_or_conflict_permission
6960351691,72.8892882,19.0763037,277909.4939298894,2110607.728006635,EPSG:32643,"{""railway"":""level_crossing""}","[{""feature_value"":""path"",""geometry_role"":""native_way_geometry"",""osm_way_id"":856311889}]","[{""feature_value"":""rail"",""geometry_role"":""native_way_geometry"",""osm_way_id"":627395708}]",native_shared_node_not_transfer_or_conflict_permission
7116638274,72.7980362,19.5676166,268996.2813529016,2165122.108220112,EPSG:32643,{},"[{""feature_value"":""residential"",""geometry_role"":""native_way_geometry"",""osm_way_id"":1186665953}]","[{""feature_value"":""construction"",""geometry_role"":""native_way_geometry"",""osm_way_id"":1125530002}]",native_shared_node_not_transfer_or_conflict_permission
7116638932,72.7980838,19.5676266,269001.29115415027,2165123.15107374,EPSG:32643,{},"[{""feature_value"":""residential"",""geometry_role"":""native_way_geometry"",""osm_way_id"":1186665953}]","[{""feature_value"":""construction"",""geometry_role"":""native_way_geometry"",""osm_way_id"":1125530001}]",native_shared_node_not_transfer_or_conflict_permission
7166232122,72.8403682,19.0546262,272730.62740576087,2108270.5388650945,EPSG:32643,{},"[{""feature_value"":""steps"",""geometry_role"":""native_way_geometry"",""osm_way_id"":767755655}]","[{""feature_value"":""platform"",""geometry_role"":""area_boundary"",""osm_way_id"":427281594}]",native_shared_node_not_transfer_or_conflict_permission
7166232123,72.84055,19.0543417,272749.37861073803,2108238.8060456645,EPSG:32643,{},"[{""feature_value"":""steps"",""geometry_role"":""native_way_geometry"",""osm_way_id"":767521126}]","[{""feature_value"":""platform"",""geometry_role"":""area_boundary"",""osm_way_id"":427281594}]",native_shared_node_not_transfer_or_conflict_permission
7180404058,72.8391172,19.0629712,272610.3119835722,2109196.042801442,EPSG:32643,"{""crossing:barrier"":""full"",""railway"":""level_crossing"",""ref"":""19""}","[{""feature_value"":""service"",""geometry_role"":""native_way_geometry"",""osm_way_id"":929525132}]","[{""feature_value"":""rail"",""geometry_role"":""native_way_geometry"",""osm_way_id"":436692578}]",native_shared_node_not_transfer_or_conflict_permission
7180404060,72.8392721,19.0629596,272626.60240617,2109194.557607923,EPSG:32643,"{""crossing:barrier"":""full"",""railway"":""level_crossing"",""ref"":""19""}","[{""feature_value"":""service"",""geometry_role"":""native_way_geometry"",""osm_way_id"":929525132}]","[{""feature_value"":""rail"",""geometry_role"":""native_way_geometry"",""osm_way_id"":257491043}]",native_shared_node_not_transfer_or_conflict_permission
7180404061,72.8393137,19.0629565,272630.97738898953,2109194.1604402075,EPSG:32643,"{""crossing:barrier"":""full"",""railway"":""level_crossing"",""ref"":""19""}","[{""feature_value"":""service"",""geometry_role"":""native_way_geometry"",""osm_way_id"":929525132}]","[{""feature_value"":""rail"",""geometry_role"":""native_way_geometry"",""osm_way_id"":125288005}]",native_shared_node_not_transfer_or_conflict_permission
7180691394,72.8403284,19.0547532,272726.6105771944,2108284.650713731,EPSG:32643,{},"[{""feature_value"":""footway"",""geometry_role"":""native_way_geometry"",""osm_way_id"":434887973}]","[{""feature_value"":""platform"",""geometry_role"":""area_boundary"",""osm_way_id"":427281594}]",native_shared_node_not_transfer_or_conflict_permission
7252336695,73.2988323,19.0957553,321034.1412584116,2112291.977839602,EPSG:32643,"{""railway"":""level_crossing""}","[{""feature_value"":""secondary"",""geometry_role"":""native_way_geometry"",""osm_way_id"":44363796}]","[{""feature_value"":""rail"",""geometry_role"":""native_way_geometry"",""osm_way_id"":668537022}]",native_shared_node_not_transfer_or_conflict_permission
7252336696,73.2987567,19.0956503,321026.0732258265,2112280.4329428026,EPSG:32643,"{""railway"":""level_crossing""}","[{""feature_value"":""secondary"",""geometry_role"":""native_way_geometry"",""osm_way_id"":44363796}]","[{""feature_value"":""rail"",""geometry_role"":""native_way_geometry"",""osm_way_id"":25373809}]",native_shared_node_not_transfer_or_conflict_permission
7252668234,73.0986821,18.8388852,299665.38657198934,2084074.2274443123,EPSG:32643,"{""railway"":""level_crossing"",""source"":""digitalglobe""}","[{""feature_value"":""residential"",""geometry_role"":""native_way_geometry"",""osm_way_id"":777262608}]","[{""feature_value"":""rail"",""geometry_role"":""native_way_geometry"",""osm_way_id"":608390688}]",native_shared_node_not_transfer_or_conflict_permission
7252668235,73.0985962,18.8389342,299656.3911139878,2084079.7485238311,EPSG:32643,"{""railway"":""level_crossing"",""source"":""digitalglobe""}","[{""feature_value"":""residential"",""geometry_role"":""native_way_geometry"",""osm_way_id"":777262608}]","[{""feature_value"":""rail"",""geometry_role"":""native_way_geometry"",""osm_way_id"":377611184}]",native_shared_node_not_transfer_or_conflict_permission
7252668257,73.0938542,18.8354873,299152.4979781155,2083703.5595404021,EPSG:32643,"{""railway"":""level_crossing""}","[{""feature_value"":""tertiary"",""geometry_role"":""native_way_geometry"",""osm_way_id"":151727117}]","[{""feature_value"":""rail"",""geometry_role"":""native_way_geometry"",""osm_way_id"":377611184}]",native_shared_node_not_transfer_or_conflict_permission
7252668258,73.0938849,18.8354085,299155.64001604513,2083694.8020349985,EPSG:32643,"{""railway"":""level_crossing""}","[{""feature_value"":""tertiary"",""geometry_role"":""native_way_geometry"",""osm_way_id"":151727117}]","[{""feature_value"":""rail"",""geometry_role"":""native_way_geometry"",""osm_way_id"":608390688}]",native_shared_node_not_transfer_or_conflict_permission
7257517324,73.28506,19.1021739,319591.88989582274,2113016.5790739795,EPSG:32643,"{""railway"":""level_crossing""}","[{""feature_value"":""unclassified"",""geometry_role"":""native_way_geometry"",""osm_way_id"":777670611}]","[{""feature_value"":""rail"",""geometry_role"":""native_way_geometry"",""osm_way_id"":1314779364}]",native_shared_node_not_transfer_or_conflict_permission
7257517325,73.2850445,19.1021442,319590.22673183895,2113013.3076135786,EPSG:32643,"{""railway"":""level_crossing""}","[{""feature_value"":""unclassified"",""geometry_role"":""native_way_geometry"",""osm_way_id"":777670611}]","[{""feature_value"":""rail"",""geometry_role"":""native_way_geometry"",""osm_way_id"":816857554}]",native_shared_node_not_transfer_or_conflict_permission
7262719715,73.2961516,19.0025629,320651.91395032965,2101979.519138133,EPSG:32643,"{""railway"":""level_crossing""}","[{""feature_value"":""residential"",""geometry_role"":""native_way_geometry"",""osm_way_id"":778175100}]","[{""feature_value"":""narrow_gauge"",""geometry_role"":""native_way_geometry"",""osm_way_id"":49564424}]",native_shared_node_not_transfer_or_conflict_permission
7262743817,73.2749208,18.9965053,318410.040607539,2101330.8037027162,EPSG:32643,"{""railway"":""level_crossing""}","[{""feature_value"":""path"",""geometry_role"":""native_way_geometry"",""osm_way_id"":241894657}]","[{""feature_value"":""narrow_gauge"",""geometry_role"":""native_way_geometry"",""osm_way_id"":1150975674}]",native_shared_node_not_transfer_or_conflict_permission
7265621293,72.9947806,19.2919813,289287.8589460476,2134353.592164701,EPSG:32643,"{""railway"":""level_crossing""}","[{""feature_value"":""residential"",""geometry_role"":""native_way_geometry"",""osm_way_id"":705422158}]","[{""feature_value"":""rail"",""geometry_role"":""native_way_geometry"",""osm_way_id"":583731441}]",native_shared_node_not_transfer_or_conflict_permission
7279291202,72.8549526,18.992513,274182.034710223,2101375.1739916927,EPSG:32643,"{""disused:railway"":""level_crossing""}","[{""feature_value"":""residential"",""geometry_role"":""native_way_geometry"",""osm_way_id"":374348836}]","[{""feature_value"":""disused"",""geometry_role"":""native_way_geometry"",""osm_way_id"":49192195}]",native_shared_node_not_transfer_or_conflict_permission
7279291203,72.8546054,18.9921365,274144.96180540195,2101333.9377024514,EPSG:32643,"{""disused:railway"":""level_crossing""}","[{""feature_value"":""residential"",""geometry_role"":""native_way_geometry"",""osm_way_id"":374348836}]","[{""feature_value"":""disused"",""geometry_role"":""native_way_geometry"",""osm_way_id"":55796935}]",native_shared_node_not_transfer_or_conflict_permission
7289084863,73.1527396,18.9049118,305439.05902626517,2091322.6435079193,EPSG:32643,"{""railway"":""level_crossing""}","[{""feature_value"":""residential"",""geometry_role"":""native_way_geometry"",""osm_way_id"":780583154}]","[{""feature_value"":""rail"",""geometry_role"":""native_way_geometry"",""osm_way_id"":608390673}]",native_shared_node_not_transfer_or_conflict_permission
7289084864,73.1526116,18.904979,305425.65156707214,2091330.222959044,EPSG:32643,"{""railway"":""level_crossing""}","[{""feature_value"":""residential"",""geometry_role"":""native_way_geometry"",""osm_way_id"":780583154}]","[{""feature_value"":""rail"",""geometry_role"":""native_way_geometry"",""osm_way_id"":1007640414}]",native_shared_node_not_transfer_or_conflict_permission
7290432707,73.2157211,19.3215546,312544.6829650143,2137373.3489947687,EPSG:32643,"{""disused:railway"":""level_crossing""}","[{""feature_value"":""track"",""geometry_role"":""native_way_geometry"",""osm_way_id"":780760880}]","[{""feature_value"":""rail"",""geometry_role"":""native_way_geometry"",""osm_way_id"":222687690}]",native_shared_node_not_transfer_or_conflict_permission
7290432708,73.2156301,19.3215439,312535.10791762033,2137372.2631386695,EPSG:32643,"{""disused:railway"":""level_crossing""}","[{""feature_value"":""track"",""geometry_role"":""native_way_geometry"",""osm_way_id"":780760880}]","[{""feature_value"":""rail"",""geometry_role"":""native_way_geometry"",""osm_way_id"":25373721}]",native_shared_node_not_transfer_or_conflict_permission
7291345088,73.2111377,19.1891903,311912.122340356,2122726.4706055643,EPSG:32643,"{""railway"":""level_crossing"",""source"":""digitalglobe""}","[{""feature_value"":""residential"",""geometry_role"":""native_way_geometry"",""osm_way_id"":780890242}]","[{""feature_value"":""rail"",""geometry_role"":""native_way_geometry"",""osm_way_id"":668537025}]",native_shared_node_not_transfer_or_conflict_permission
7291345145,73.2111628,19.1892143,311914.78939936176,2122729.1001302134,EPSG:32643,"{""railway"":""level_crossing"",""source"":""digitalglobe""}","[{""feature_value"":""residential"",""geometry_role"":""native_way_geometry"",""osm_way_id"":780890242}]","[{""feature_value"":""rail"",""geometry_role"":""native_way_geometry"",""osm_way_id"":608432563}]",native_shared_node_not_transfer_or_conflict_permission
7299433386,73.2232612,19.3586137,313379.1838823628,2141467.408686297,EPSG:32643,"{""railway"":""level_crossing"",""source"":""digitalglobe""}","[{""feature_value"":""tertiary"",""geometry_role"":""native_way_geometry"",""osm_way_id"":781815122}]","[{""feature_value"":""rail"",""geometry_role"":""native_way_geometry"",""osm_way_id"":1314987872}]",native_shared_node_not_transfer_or_conflict_permission
7299610918,73.127012,18.9775701,302813.9354020958,2099394.0086974977,EPSG:32643,"{""railway"":""level_crossing""}","[{""feature_value"":""residential"",""geometry_role"":""native_way_geometry"",""osm_way_id"":235991309}]","[{""feature_value"":""rail"",""geometry_role"":""native_way_geometry"",""osm_way_id"":699441063}]",native_shared_node_not_transfer_or_conflict_permission
7299686737,73.1518414,18.8905732,305327.8434622675,2089736.458770118,EPSG:32643,"{""railway"":""level_crossing""}","[{""feature_value"":""residential"",""geometry_role"":""native_way_geometry"",""osm_way_id"":781846447}]","[{""feature_value"":""rail"",""geometry_role"":""native_way_geometry"",""osm_way_id"":608390673}]",native_shared_node_not_transfer_or_conflict_permission
7299686738,73.1517885,18.8905695,305322.26552763383,2089736.107437881,EPSG:32643,"{""railway"":""level_crossing""}","[{""feature_value"":""residential"",""geometry_role"":""native_way_geometry"",""osm_way_id"":781846447}]","[{""feature_value"":""rail"",""geometry_role"":""native_way_geometry"",""osm_way_id"":1007640414}]",native_shared_node_not_transfer_or_conflict_permission
7301438323,73.3119315,19.0811594,322396.94648222474,2110663.062313735,EPSG:32643,"{""railway"":""level_crossing""}","[{""feature_value"":""residential"",""geometry_role"":""native_way_geometry"",""osm_way_id"":563974119}]","[{""feature_value"":""rail"",""geometry_role"":""native_way_geometry"",""osm_way_id"":668537022}]",native_shared_node_not_transfer_or_conflict_permission
7301438324,73.311897,19.0811518,322393.3077730177,2110662.2560727624,EPSG:32643,"{""railway"":""level_crossing""}","[{""feature_value"":""residential"",""geometry_role"":""native_way_geometry"",""osm_way_id"":563974119}]","[{""feature_value"":""rail"",""geometry_role"":""native_way_geometry"",""osm_way_id"":25373809}]",native_shared_node_not_transfer_or_conflict_permission
7312290292,73.0735052,19.1779225,297422.97279337986,2121633.450194069,EPSG:32643,"{""railway"":""level_crossing""}","[{""feature_value"":""service"",""geometry_role"":""native_way_geometry"",""osm_way_id"":960215054}]","[{""feature_value"":""rail"",""geometry_role"":""native_way_geometry"",""osm_way_id"":957445429}]",native_shared_node_not_transfer_or_conflict_permission
7317557402,72.7533734,20.0187712,264972.5563753211,2215136.488253356,EPSG:32643,"{""railway"":""level_crossing""}","[{""feature_value"":""unclassified"",""geometry_role"":""native_way_geometry"",""osm_way_id"":1077926076}]","[{""feature_value"":""rail"",""geometry_role"":""native_way_geometry"",""osm_way_id"":851815040}]",native_shared_node_not_transfer_or_conflict_permission
7321172601,72.85414,18.9932035,274097.38944156957,2101452.662143008,EPSG:32643,{},"[{""feature_value"":""residential"",""geometry_role"":""native_way_geometry"",""osm_way_id"":783812326}]","[{""feature_value"":""disused"",""geometry_role"":""native_way_geometry"",""osm_way_id"":55796935}]",native_shared_node_not_transfer_or_conflict_permission
7321172603,72.8540873,18.9931592,274091.77964863676,2101447.82540248,EPSG:32643,{},"[{""feature_value"":""residential"",""geometry_role"":""native_way_geometry"",""osm_way_id"":783812326}]","[{""feature_value"":""disused"",""geometry_role"":""native_way_geometry"",""osm_way_id"":55796955}]",native_shared_node_not_transfer_or_conflict_permission
7321621973,73.2147569,19.3298938,312452.88054965704,2138297.4926938824,EPSG:32643,"{""disused:railway"":""level_crossing""}","[{""feature_value"":""track"",""geometry_role"":""native_way_geometry"",""osm_way_id"":784703818}]","[{""feature_value"":""rail"",""geometry_role"":""native_way_geometry"",""osm_way_id"":222687690}]",native_shared_node_not_transfer_or_conflict_permission
7321621974,73.2146505,19.3298699,312441.67265185073,2138294.962461061,EPSG:32643,"{""disused:railway"":""level_crossing""}","[{""feature_value"":""track"",""geometry_role"":""native_way_geometry"",""osm_way_id"":784703818}]","[{""feature_value"":""rail"",""geometry_role"":""native_way_geometry"",""osm_way_id"":25373721}]",native_shared_node_not_transfer_or_conflict_permission
7323218059,73.0924035,18.8344443,298998.35360924015,2083589.7484949797,EPSG:32643,"{""railway"":""level_crossing""}","[{""feature_value"":""track"",""geometry_role"":""native_way_geometry"",""osm_way_id"":777262605},{""feature_value"":""residential"",""geometry_role"":""native_way_geometry"",""osm_way_id"":783987603}]","[{""feature_value"":""rail"",""geometry_role"":""native_way_geometry"",""osm_way_id"":377611184}]",native_shared_node_not_transfer_or_conflict_permission
7323218060,73.092468,18.8343816,299005.0772897464,2083582.7348397383,EPSG:32643,"{""railway"":""level_crossing""}","[{""feature_value"":""residential"",""geometry_role"":""native_way_geometry"",""osm_way_id"":783987603}]","[{""feature_value"":""rail"",""geometry_role"":""native_way_geometry"",""osm_way_id"":608390688}]",native_shared_node_not_transfer_or_conflict_permission
7325071433,73.0835627,19.1172977,298407.20731730445,2114910.71776994,EPSG:32643,"{""railway"":""level_crossing""}","[{""feature_value"":""tertiary"",""geometry_role"":""native_way_geometry"",""osm_way_id"":361431000}]","[{""feature_value"":""rail"",""geometry_role"":""native_way_geometry"",""osm_way_id"":597632393}]",native_shared_node_not_transfer_or_conflict_permission
7325071434,73.0835162,19.1172975,298402.31422994676,2114910.749249319,EPSG:32643,"{""railway"":""level_crossing""}","[{""feature_value"":""tertiary"",""geometry_role"":""native_way_geometry"",""osm_way_id"":361431000}]","[{""feature_value"":""rail"",""geometry_role"":""native_way_geometry"",""osm_way_id"":4774147}]",native_shared_node_not_transfer_or_conflict_permission
7325094761,73.1739076,19.2700089,308090.51076294284,2131713.2887846027,EPSG:32643,"{""railway"":""level_crossing""}","[{""feature_value"":""tertiary"",""geometry_role"":""native_way_geometry"",""osm_way_id"":1432279972}]","[{""feature_value"":""rail"",""geometry_role"":""native_way_geometry"",""osm_way_id"":244796770}]",native_shared_node_not_transfer_or_conflict_permission
7330945334,72.9197949,19.3360398,281464.1454817134,2139324.146769921,EPSG:32643,{},"[{""feature_value"":""residential"",""geometry_role"":""native_way_geometry"",""osm_way_id"":784699520}]","[{""feature_value"":""platform"",""geometry_role"":""area_boundary"",""osm_way_id"":583731422}]",native_shared_node_not_transfer_or_conflict_permission
7330945336,72.919738,19.3358642,281457.9319784142,2139304.778153927,EPSG:32643,{},"[{""feature_value"":""residential"",""geometry_role"":""native_way_geometry"",""osm_way_id"":784699520}]","[{""feature_value"":""platform"",""geometry_role"":""area_boundary"",""osm_way_id"":583731423}]",native_shared_node_not_transfer_or_conflict_permission
7330945354,72.919826,19.3361352,281467.5408399686,2139334.669118848,EPSG:32643,{},"[{""feature_value"":""residential"",""geometry_role"":""native_way_geometry"",""osm_way_id"":784699520}]","[{""feature_value"":""platform"",""geometry_role"":""area_boundary"",""osm_way_id"":583731422}]",native_shared_node_not_transfer_or_conflict_permission
7330945358,72.9197604,19.3359343,281460.37936176476,2139312.5105559067,EPSG:32643,{},"[{""feature_value"":""residential"",""geometry_role"":""native_way_geometry"",""osm_way_id"":784699520}]","[{""feature_value"":""platform"",""geometry_role"":""area_boundary"",""osm_way_id"":583731423}]",native_shared_node_not_transfer_or_conflict_permission
7330945363,72.9197303,19.3358409,281457.09175102774,2139302.2083621714,EPSG:32643,"{""railway"":""level_crossing"",""source"":""digitalglobe""}","[{""feature_value"":""residential"",""geometry_role"":""native_way_geometry"",""osm_way_id"":784699520}]","[{""feature_value"":""rail"",""geometry_role"":""native_way_geometry"",""osm_way_id"":583731421}]",native_shared_node_not_transfer_or_conflict_permission
7330945372,72.919833,19.3361573,281468.30590332614,2139337.106944578,EPSG:32643,"{""railway"":""level_crossing"",""source"":""digitalglobe""}","[{""feature_value"":""residential"",""geometry_role"":""native_way_geometry"",""osm_way_id"":784699520}]","[{""feature_value"":""rail"",""geometry_role"":""native_way_geometry"",""osm_way_id"":583731420}]",native_shared_node_not_transfer_or_conflict_permission
7330952163,72.9197689,19.3359605,281461.30752270436,2139315.4003932504,EPSG:32643,"{""railway"":""level_crossing"",""source"":""digitalglobe""}","[{""feature_value"":""residential"",""geometry_role"":""native_way_geometry"",""osm_way_id"":784699520}]","[{""feature_value"":""rail"",""geometry_role"":""native_way_geometry"",""osm_way_id"":1131287553}]",native_shared_node_not_transfer_or_conflict_permission
7330952176,72.9197884,19.3360209,281463.4372237839,2139322.062581725,EPSG:32643,"{""railway"":""level_crossing"",""source"":""digitalglobe""}","[{""feature_value"":""residential"",""geometry_role"":""native_way_geometry"",""osm_way_id"":784699520}]","[{""feature_value"":""rail"",""geometry_role"":""native_way_geometry"",""osm_way_id"":1131287551}]",native_shared_node_not_transfer_or_conflict_permission
7330998925,72.8397072,19.3709249,273095.74131367716,2143289.5866235397,EPSG:32643,"{""railway"":""level_crossing""}","[{""feature_value"":""service"",""geometry_role"":""native_way_geometry"",""osm_way_id"":213979003}]","[{""feature_value"":""rail"",""geometry_role"":""native_way_geometry"",""osm_way_id"":1539409873}]",native_shared_node_not_transfer_or_conflict_permission
7331290140,72.9350687,19.3273762,283057.83411907847,2138345.780761071,EPSG:32643,{},"[{""feature_value"":""primary"",""geometry_role"":""native_way_geometry"",""osm_way_id"":76807262}]","[{""feature_value"":""construction"",""geometry_role"":""native_way_geometry"",""osm_way_id"":1125530002}]",native_shared_node_not_transfer_or_conflict_permission
7331971354,73.0880416,19.0815138,298835.21940409834,2110944.3623054265,EPSG:32643,"{""access"":""private"",""description"":""in the metro depot"",""railway"":""level_crossing""}","[{""feature_value"":""service"",""geometry_role"":""native_way_geometry"",""osm_way_id"":784805610}]","[{""feature_value"":""subway"",""geometry_role"":""native_way_geometry"",""osm_way_id"":591562994}]",native_shared_node_not_transfer_or_conflict_permission
7334161890,73.0775835,18.9796446,297611.13480245066,2099679.736474379,EPSG:32643,"{""railway"":""level_crossing""}","[{""feature_value"":""path"",""geometry_role"":""native_way_geometry"",""osm_way_id"":630894614}]","[{""feature_value"":""rail"",""geometry_role"":""native_way_geometry"",""osm_way_id"":808530005}]",native_shared_node_not_transfer_or_conflict_permission
7334161891,73.0775542,18.9796833,297608.09599411604,2099684.054132556,EPSG:32643,"{""railway"":""level_crossing""}","[{""feature_value"":""path"",""geometry_role"":""native_way_geometry"",""osm_way_id"":630894614}]","[{""feature_value"":""rail"",""geometry_role"":""native_way_geometry"",""osm_way_id"":782020957}]",native_shared_node_not_transfer_or_conflict_permission
7334231581,73.0559169,19.2649779,295680.64405541914,2131291.0791278575,EPSG:32643,"{""railway"":""level_crossing"",""source"":""digitalglobe""}","[{""feature_value"":""tertiary"",""geometry_role"":""native_way_geometry"",""osm_way_id"":235952042}]","[{""feature_value"":""rail"",""geometry_role"":""native_way_geometry"",""osm_way_id"":583731457}]",native_shared_node_not_transfer_or_conflict_permission
7334966956,72.878099,19.356772,277110.398708254,2141672.6708775116,EPSG:32643,"{""railway"":""level_crossing""}","[{""feature_value"":""residential"",""geometry_role"":""native_way_geometry"",""osm_way_id"":785089196}]","[{""feature_value"":""rail"",""geometry_role"":""native_way_geometry"",""osm_way_id"":583731399}]",native_shared_node_not_transfer_or_conflict_permission
7334966957,72.8780593,19.3567376,277106.1802547908,2141668.913625621,EPSG:32643,"{""railway"":""level_crossing""}","[{""feature_value"":""residential"",""geometry_role"":""native_way_geometry"",""osm_way_id"":785089197}]","[{""feature_value"":""rail"",""geometry_role"":""native_way_geometry"",""osm_way_id"":782715898}]",native_shared_node_not_transfer_or_conflict_permission
7334966971,72.8929024,19.3532002,278661.11446315417,2141258.1974491486,EPSG:32643,{},"[{""feature_value"":""service"",""geometry_role"":""native_way_geometry"",""osm_way_id"":785089210}]","[{""feature_value"":""construction"",""geometry_role"":""native_way_geometry"",""osm_way_id"":1125530001}]",native_shared_node_not_transfer_or_conflict_permission
7334966972,72.8851655,19.3560627,277851.9851116998,2141585.039564136,EPSG:32643,{},"[{""feature_value"":""residential"",""geometry_role"":""native_way_geometry"",""osm_way_id"":214649157}]","[{""feature_value"":""construction"",""geometry_role"":""native_way_geometry"",""osm_way_id"":1125530001}]",native_shared_node_not_transfer_or_conflict_permission
7334966973,72.8811724,19.3575447,277434.40085413744,2141754.254495504,EPSG:32643,{},"[{""feature_value"":""residential"",""geometry_role"":""native_way_geometry"",""osm_way_id"":214087682}]","[{""feature_value"":""construction"",""geometry_role"":""native_way_geometry"",""osm_way_id"":1125530002}]",native_shared_node_not_transfer_or_conflict_permission
7334966974,72.8811642,19.3575987,277433.61251804885,2141760.243486459,EPSG:32643,{},"[{""feature_value"":""residential"",""geometry_role"":""native_way_geometry"",""osm_way_id"":214087682}]","[{""feature_value"":""construction"",""geometry_role"":""native_way_geometry"",""osm_way_id"":1125530001}]",native_shared_node_not_transfer_or_conflict_permission
7334996722,72.8805032,19.3578809,277364.5382523538,2141792.3382181907,EPSG:32643,{},"[{""feature_value"":""residential"",""geometry_role"":""native_way_geometry"",""osm_way_id"":214649147}]","[{""feature_value"":""construction"",""geometry_role"":""native_way_geometry"",""osm_way_id"":1125530001}]",native_shared_node_not_transfer_or_conflict_permission
7334996895,72.8928876,19.3531563,278659.49999508867,2141253.3562048343,EPSG:32643,{},"[{""feature_value"":""service"",""geometry_role"":""native_way_geometry"",""osm_way_id"":785089210}]","[{""feature_value"":""construction"",""geometry_role"":""native_way_geometry"",""osm_way_id"":1125530002}]",native_shared_node_not_transfer_or_conflict_permission
7339639885,72.8940452,19.3527774,278780.63133530656,2141209.9251317587,EPSG:32643,{},"[{""feature_value"":""trunk"",""geometry_role"":""native_way_geometry"",""osm_way_id"":785826839}]","[{""feature_value"":""construction"",""geometry_role"":""native_way_geometry"",""osm_way_id"":1125530001}]",native_shared_node_not_transfer_or_conflict_permission
7339654646,72.9292054,19.3312696,282446.7825273357,2138784.1774089625,EPSG:32643,"{""railway"":""level_crossing""}","[{""feature_value"":""residential"",""geometry_role"":""native_way_geometry"",""osm_way_id"":214649467}]","[{""feature_value"":""rail"",""geometry_role"":""native_way_geometry"",""osm_way_id"":583731428}]",native_shared_node_not_transfer_or_conflict_permission
7340119359,72.9814708,19.2998103,287898.88089200226,2135236.5421950924,EPSG:32643,"{""railway"":""level_crossing""}","[{""feature_value"":""residential"",""geometry_role"":""native_way_geometry"",""osm_way_id"":785058824}]","[{""feature_value"":""rail"",""geometry_role"":""native_way_geometry"",""osm_way_id"":583731431}]",native_shared_node_not_transfer_or_conflict_permission
7340119360,72.9814541,19.2997783,287897.0842666223,2135233.020068638,EPSG:32643,"{""railway"":""level_crossing""}","[{""feature_value"":""residential"",""geometry_role"":""native_way_geometry"",""osm_way_id"":785058824}]","[{""feature_value"":""rail"",""geometry_role"":""native_way_geometry"",""osm_way_id"":785057469}]",native_shared_node_not_transfer_or_conflict_permission
7340119361,72.9814353,19.2997421,287895.0614905023,2135229.0355507396,EPSG:32643,"{""railway"":""level_crossing""}","[{""feature_value"":""residential"",""geometry_role"":""native_way_geometry"",""osm_way_id"":785058824}]","[{""feature_value"":""rail"",""geometry_role"":""native_way_geometry"",""osm_way_id"":20144255}]",native_shared_node_not_transfer_or_conflict_permission
7340346467,72.8940523,19.3527254,278781.30726334907,2141204.1590791736,EPSG:32643,{},"[{""feature_value"":""trunk"",""geometry_role"":""native_way_geometry"",""osm_way_id"":785826839}]","[{""feature_value"":""construction"",""geometry_role"":""native_way_geometry"",""osm_way_id"":1125530002}]",native_shared_node_not_transfer_or_conflict_permission
7340346468,72.893825,19.3528589,278757.602271155,2141219.2300457926,EPSG:32643,{},"[{""feature_value"":""trunk"",""geometry_role"":""native_way_geometry"",""osm_way_id"":785826840}]","[{""feature_value"":""construction"",""geometry_role"":""native_way_geometry"",""osm_way_id"":1125530001}]",native_shared_node_not_transfer_or_conflict_permission
7340346469,72.8938304,19.3528075,278758.10036166216,2141213.5325951166,EPSG:32643,{},"[{""feature_value"":""trunk"",""geometry_role"":""native_way_geometry"",""osm_way_id"":785826840}]","[{""feature_value"":""construction"",""geometry_role"":""native_way_geometry"",""osm_way_id"":1125530002}]",native_shared_node_not_transfer_or_conflict_permission
7350069266,72.9529581,18.9454731,284442.54152495426,2096044.7569792015,EPSG:32643,"{""access"":""private"",""railway"":""level_crossing"",""source"":""digitalglobe""}","[{""feature_value"":""tertiary"",""geometry_role"":""native_way_geometry"",""osm_way_id"":786133097}]","[{""feature_value"":""rail"",""geometry_role"":""native_way_geometry"",""osm_way_id"":699441041}]",native_shared_node_not_transfer_or_conflict_permission
7350334542,73.0241115,18.9190598,291904.8059344905,2093035.3593801372,EPSG:32643,"{""railway"":""level_crossing""}","[{""feature_value"":""tertiary"",""geometry_role"":""native_way_geometry"",""osm_way_id"":1302910910}]","[{""feature_value"":""rail"",""geometry_role"":""native_way_geometry"",""osm_way_id"":49501251}]",native_shared_node_not_transfer_or_conflict_permission
7350334543,73.0241573,18.9206262,291911.5706442053,2093208.7045808139,EPSG:32643,"{""railway"":""level_crossing""}","[{""feature_value"":""tertiary"",""geometry_role"":""native_way_geometry"",""osm_way_id"":1302910910}]","[{""feature_value"":""rail"",""geometry_role"":""native_way_geometry"",""osm_way_id"":49501652}]",native_shared_node_not_transfer_or_conflict_permission
7350383664,73.1755677,19.2135194,308199.38072745164,2125458.3527473854,EPSG:32643,"{""railway"":""level_crossing""}","[{""feature_value"":""tertiary"",""geometry_role"":""native_way_geometry"",""osm_way_id"":781823813}]","[{""feature_value"":""rail"",""geometry_role"":""native_way_geometry"",""osm_way_id"":668537025}]",native_shared_node_not_transfer_or_conflict_permission
7350383665,73.1755694,19.2135631,308199.6102022653,2125463.188228078,EPSG:32643,"{""railway"":""level_crossing""}","[{""feature_value"":""tertiary"",""geometry_role"":""native_way_geometry"",""osm_way_id"":781823813}]","[{""feature_value"":""rail"",""geometry_role"":""native_way_geometry"",""osm_way_id"":1314987868}]",native_shared_node_not_transfer_or_conflict_permission
7363093210,72.851864,19.3962291,274407.96688964765,2146075.1658637444,EPSG:32643,{},"[{""feature_value"":""track"",""geometry_role"":""native_way_geometry"",""osm_way_id"":213305246}]","[{""feature_value"":""construction"",""geometry_role"":""native_way_geometry"",""osm_way_id"":1125530001}]",native_shared_node_not_transfer_or_conflict_permission
7366290586,73.1283911,19.2445229,303275.3168362472,2128943.027218701,EPSG:32643,{},"[{""feature_value"":""primary"",""geometry_role"":""native_way_geometry"",""osm_way_id"":171772359},{""feature_value"":""service"",""geometry_role"":""native_way_geometry"",""osm_way_id"":787900147}]","[{""feature_value"":""construction"",""geometry_role"":""native_way_geometry"",""osm_way_id"":611267941}]",native_shared_node_not_transfer_or_conflict_permission
7370528879,73.1398847,19.2343342,304471.67405316315,2127802.1969293933,EPSG:32643,"{""railway"":""level_crossing""}","[{""feature_value"":""service"",""geometry_role"":""native_way_geometry"",""osm_way_id"":788332942}]","[{""feature_value"":""rail"",""geometry_role"":""native_way_geometry"",""osm_way_id"":49602377}]",native_shared_node_not_transfer_or_conflict_permission
7371570759,72.8394529,19.1004513,272696.8284098157,2113345.069261295,EPSG:32643,{},"[{""feature_value"":""service"",""geometry_role"":""native_way_geometry"",""osm_way_id"":1165364864},{""feature_value"":""primary"",""geometry_role"":""native_way_geometry"",""osm_way_id"":1236040692}]","[{""feature_value"":""construction"",""geometry_role"":""native_way_geometry"",""osm_way_id"":1133962083}]",native_shared_node_not_transfer_or_conflict_permission
7371575269,73.112737,19.0267145,301369.015886502,2104850.117976728,EPSG:32643,"{""access"":""private"",""railway"":""level_crossing""}","[{""feature_value"":""service"",""geometry_role"":""native_way_geometry"",""osm_way_id"":788463794}]","[{""feature_value"":""rail"",""geometry_role"":""native_way_geometry"",""osm_way_id"":700619081}]",native_shared_node_not_transfer_or_conflict_permission
7371575270,73.1127853,19.0266608,301374.036976452,2104844.118993482,EPSG:32643,"{""access"":""private"",""railway"":""level_crossing""}","[{""feature_value"":""service"",""geometry_role"":""native_way_geometry"",""osm_way_id"":788463794}]","[{""feature_value"":""rail"",""geometry_role"":""native_way_geometry"",""osm_way_id"":700619082}]",native_shared_node_not_transfer_or_conflict_permission
7371575271,73.1131743,19.0261674,301414.40369361825,2104789.06186393,EPSG:32643,"{""access"":""private"",""railway"":""level_crossing""}","[{""feature_value"":""service"",""geometry_role"":""native_way_geometry"",""osm_way_id"":788463794}]","[{""feature_value"":""rail"",""geometry_role"":""native_way_geometry"",""osm_way_id"":700619083}]",native_shared_node_not_transfer_or_conflict_permission
7371575272,73.1132285,19.0261018,301420.0318136923,2104781.738946947,EPSG:32643,"{""access"":""private"",""railway"":""level_crossing""}","[{""feature_value"":""service"",""geometry_role"":""native_way_geometry"",""osm_way_id"":788463794}]","[{""feature_value"":""rail"",""geometry_role"":""native_way_geometry"",""osm_way_id"":700619084}]",native_shared_node_not_transfer_or_conflict_permission
7371575275,73.111695,19.0258619,301258.3014205787,2104756.9175308314,EPSG:32643,"{""access"":""private"",""railway"":""level_crossing""}","[{""feature_value"":""service"",""geometry_role"":""native_way_geometry"",""osm_way_id"":788463795}]","[{""feature_value"":""rail"",""geometry_role"":""native_way_geometry"",""osm_way_id"":700619082}]",native_shared_node_not_transfer_or_conflict_permission
7371575276,73.1116558,19.0259214,301254.2452768586,2104763.5482845632,EPSG:32643,"{""access"":""private"",""railway"":""level_crossing""}","[{""feature_value"":""service"",""geometry_role"":""native_way_geometry"",""osm_way_id"":788463795}]","[{""feature_value"":""rail"",""geometry_role"":""native_way_geometry"",""osm_way_id"":700619081}]",native_shared_node_not_transfer_or_conflict_permission
7371575278,73.1121027,19.0253703,301300.6389012515,2104702.0382373207,EPSG:32643,"{""access"":""private"",""railway"":""level_crossing""}","[{""feature_value"":""service"",""geometry_role"":""native_way_geometry"",""osm_way_id"":788463795}]","[{""feature_value"":""rail"",""geometry_role"":""native_way_geometry"",""osm_way_id"":700619083}]",native_shared_node_not_transfer_or_conflict_permission
7371575279,73.1121563,19.0253024,301306.2011069531,2104694.461363221,EPSG:32643,"{""access"":""private"",""railway"":""level_crossing""}","[{""feature_value"":""service"",""geometry_role"":""native_way_geometry"",""osm_way_id"":788463795}]","[{""feature_value"":""rail"",""geometry_role"":""native_way_geometry"",""osm_way_id"":700619084}]",native_shared_node_not_transfer_or_conflict_permission
7371575281,73.1097007,19.0243946,301046.59604190267,2104596.7512895954,EPSG:32643,"{""access"":""private"",""railway"":""level_crossing""}","[{""feature_value"":""service"",""geometry_role"":""native_way_geometry"",""osm_way_id"":788492834}]","[{""feature_value"":""rail"",""geometry_role"":""native_way_geometry"",""osm_way_id"":700619082}]",native_shared_node_not_transfer_or_conflict_permission
7371575283,73.1101031,19.0238881,301088.3576383544,2104540.2281303974,EPSG:32643,"{""access"":""private"",""railway"":""level_crossing""}","[{""feature_value"":""service"",""geometry_role"":""native_way_geometry"",""osm_way_id"":788492834}]","[{""feature_value"":""rail"",""geometry_role"":""native_way_geometry"",""osm_way_id"":700619083}]",native_shared_node_not_transfer_or_conflict_permission
7371575284,73.1101567,19.0238193,301093.918748208,2104532.5515639693,EPSG:32643,"{""access"":""private"",""railway"":""level_crossing""}","[{""feature_value"":""service"",""geometry_role"":""native_way_geometry"",""osm_way_id"":788492834}]","[{""feature_value"":""rail"",""geometry_role"":""native_way_geometry"",""osm_way_id"":700619084}]",native_shared_node_not_transfer_or_conflict_permission
7371588391,73.1074846,19.0228725,300811.4702512395,2104430.7725085597,EPSG:32643,"{""access"":""private"",""railway"":""level_crossing""}","[{""feature_value"":""service"",""geometry_role"":""native_way_geometry"",""osm_way_id"":788463794}]","[{""feature_value"":""rail"",""geometry_role"":""native_way_geometry"",""osm_way_id"":700619081}]",native_shared_node_not_transfer_or_conflict_permission
7371802204,73.1090384,19.0230979,300975.32436876325,2104453.96223524,EPSG:32643,"{""access"":""private"",""railway"":""level_crossing""}","[{""feature_value"":""service"",""geometry_role"":""native_way_geometry"",""osm_way_id"":788492833}]","[{""feature_value"":""rail"",""geometry_role"":""native_way_geometry"",""osm_way_id"":700619083}]",native_shared_node_not_transfer_or_conflict_permission
7371802205,73.1090958,19.0230314,300981.28827218275,2104446.5359289004,EPSG:32643,"{""access"":""private"",""railway"":""level_crossing""}","[{""feature_value"":""service"",""geometry_role"":""native_way_geometry"",""osm_way_id"":788492833}]","[{""feature_value"":""rail"",""geometry_role"":""native_way_geometry"",""osm_way_id"":700619084}]",native_shared_node_not_transfer_or_conflict_permission
7371802211,73.1075404,19.0228029,300817.26195736305,2104423.0048010563,EPSG:32643,"{""access"":""private"",""railway"":""level_crossing""}","[{""feature_value"":""service"",""geometry_role"":""native_way_geometry"",""osm_way_id"":788463794}]","[{""feature_value"":""rail"",""geometry_role"":""native_way_geometry"",""osm_way_id"":700619082}]",native_shared_node_not_transfer_or_conflict_permission
7371802212,73.1086018,19.0235829,300929.93665510626,2104508.144454005,EPSG:32643,"{""access"":""private"",""railway"":""level_crossing""}","[{""feature_value"":""service"",""geometry_role"":""native_way_geometry"",""osm_way_id"":788463798}]","[{""feature_value"":""rail"",""geometry_role"":""native_way_geometry"",""osm_way_id"":700619082}]",native_shared_node_not_transfer_or_conflict_permission
7371802213,73.1085509,19.0236463,300924.6534225213,2104515.2202573232,EPSG:32643,"{""access"":""private"",""railway"":""level_crossing""}","[{""feature_value"":""service"",""geometry_role"":""native_way_geometry"",""osm_way_id"":788463798}]","[{""feature_value"":""rail"",""geometry_role"":""native_way_geometry"",""osm_way_id"":700619081}]",native_shared_node_not_transfer_or_conflict_permission
7371802214,73.1096491,19.0244559,301041.2366002924,2104603.5953900553,EPSG:32643,"{""access"":""private"",""railway"":""level_crossing""}","[{""feature_value"":""service"",""geometry_role"":""native_way_geometry"",""osm_way_id"":788492834}]","[{""feature_value"":""rail"",""geometry_role"":""native_way_geometry"",""osm_way_id"":700619081}]",native_shared_node_not_transfer_or_conflict_permission
7374243927,72.8568185,19.2160599,274681.66884731303,2126121.7251957785,EPSG:32643,"{""access"":""private"",""railway"":""level_crossing"",""source"":""digitalglobe""}","[{""feature_value"":""service"",""geometry_role"":""native_way_geometry"",""osm_way_id"":936736933}]","[{""feature_value"":""rail"",""geometry_role"":""native_way_geometry"",""osm_way_id"":48798520}]",native_shared_node_not_transfer_or_conflict_permission
7383907173,72.8827406,19.0672435,277208.1862749988,2109613.001430622,EPSG:32643,{},"[{""feature_value"":""residential"",""geometry_role"":""native_way_geometry"",""osm_way_id"":1152890618},{""feature_value"":""residential"",""geometry_role"":""native_way_geometry"",""osm_way_id"":1152890620}]","[{""feature_value"":""rail"",""geometry_role"":""native_way_geometry"",""osm_way_id"":122303805},{""feature_value"":""rail"",""geometry_role"":""native_way_geometry"",""osm_way_id"":1152890619}]",native_shared_node_not_transfer_or_conflict_permission
7383907174,72.8826174,19.0669566,277194.8340710646,2109581.395806287,EPSG:32643,{},"[{""feature_value"":""residential"",""geometry_role"":""native_way_geometry"",""osm_way_id"":789757044}]","[{""feature_value"":""abandoned"",""geometry_role"":""native_way_geometry"",""osm_way_id"":122303869}]",native_shared_node_not_transfer_or_conflict_permission
7383907175,72.8827111,19.0671813,277204.9978072853,2109606.1528692152,EPSG:32643,{},"[{""feature_value"":""residential"",""geometry_role"":""native_way_geometry"",""osm_way_id"":789757044},{""feature_value"":""residential"",""geometry_role"":""native_way_geometry"",""osm_way_id"":1152890620}]","[{""feature_value"":""rail"",""geometry_role"":""native_way_geometry"",""osm_way_id"":1152890621},{""feature_value"":""rail"",""geometry_role"":""native_way_geometry"",""osm_way_id"":1153117118}]",native_shared_node_not_transfer_or_conflict_permission
7397436105,72.934759,19.3277777,283025.8163912558,2138390.6185657596,EPSG:32643,{},"[{""feature_value"":""primary"",""geometry_role"":""native_way_geometry"",""osm_way_id"":791283755}]","[{""feature_value"":""construction"",""geometry_role"":""native_way_geometry"",""osm_way_id"":1125530002}]",native_shared_node_not_transfer_or_conflict_permission
7397436106,72.9349616,19.3275931,283046.8649001405,2138369.927703554,EPSG:32643,{},"[{""feature_value"":""primary"",""geometry_role"":""native_way_geometry"",""osm_way_id"":791283755}]","[{""feature_value"":""construction"",""geometry_role"":""native_way_geometry"",""osm_way_id"":1125530001}]",native_shared_node_not_transfer_or_conflict_permission
7435186970,72.9525774,18.9459615,284403.0670795758,2096099.2898813786,EPSG:32643,"{""access"":""private"",""railway"":""level_crossing"",""source"":""digitalglobe""}","[{""feature_value"":""tertiary"",""geometry_role"":""native_way_geometry"",""osm_way_id"":699441044}]","[{""feature_value"":""rail"",""geometry_role"":""native_way_geometry"",""osm_way_id"":699441046}]",native_shared_node_not_transfer_or_conflict_permission
7500730222,73.0408616,19.1882264,294002.1682122154,2122812.365162433,EPSG:32643,"{""railway"":""level_crossing""}","[{""feature_value"":""residential"",""geometry_role"":""native_way_geometry"",""osm_way_id"":552036653}]","[{""feature_value"":""rail"",""geometry_role"":""native_way_geometry"",""osm_way_id"":397826431}]",native_shared_node_not_transfer_or_conflict_permission
7500730223,73.0408853,19.1881865,294004.6113076159,2122807.9201620836,EPSG:32643,"{""railway"":""level_crossing""}","[{""feature_value"":""residential"",""geometry_role"":""native_way_geometry"",""osm_way_id"":552036653}]","[{""feature_value"":""rail"",""geometry_role"":""native_way_geometry"",""osm_way_id"":397789315}]",native_shared_node_not_transfer_or_conflict_permission
7500730224,73.0409722,19.1880899,294013.6311876474,2122797.1236768104,EPSG:32643,"{""railway"":""level_crossing""}","[{""feature_value"":""residential"",""geometry_role"":""native_way_geometry"",""osm_way_id"":552036653}]","[{""feature_value"":""rail"",""geometry_role"":""native_way_geometry"",""osm_way_id"":377611173}]",native_shared_node_not_transfer_or_conflict_permission
7500730226,73.041016,19.1880097,294018.13824538875,2122788.1936569023,EPSG:32643,"{""railway"":""level_crossing""}","[{""feature_value"":""residential"",""geometry_role"":""native_way_geometry"",""osm_way_id"":552036653}]","[{""feature_value"":""rail"",""geometry_role"":""native_way_geometry"",""osm_way_id"":1007837678}]",native_shared_node_not_transfer_or_conflict_permission
7500730227,73.0410855,19.1878904,294025.2997682977,2122774.904838134,EPSG:32643,"{""railway"":""level_crossing""}","[{""feature_value"":""residential"",""geometry_role"":""native_way_geometry"",""osm_way_id"":552036653}]","[{""feature_value"":""rail"",""geometry_role"":""native_way_geometry"",""osm_way_id"":397763413}]",native_shared_node_not_transfer_or_conflict_permission
7500730228,73.0411002,19.1878612,294026.8095727698,2122771.654985055,EPSG:32643,"{""railway"":""level_crossing""}","[{""feature_value"":""residential"",""geometry_role"":""native_way_geometry"",""osm_way_id"":552036653}]","[{""feature_value"":""rail"",""geometry_role"":""native_way_geometry"",""osm_way_id"":1314257246}]",native_shared_node_not_transfer_or_conflict_permission
7551692008,72.9549911,18.9272321,284633.2931257359,2094022.938444382,EPSG:32643,"{""access"":""private"",""railway"":""level_crossing""}","[{""feature_value"":""service"",""geometry_role"":""native_way_geometry"",""osm_way_id"":989702356}]","[{""feature_value"":""rail"",""geometry_role"":""native_way_geometry"",""osm_way_id"":807539897}]",native_shared_node_not_transfer_or_conflict_permission
7551775712,72.7500851,19.9607808,264542.1786384549,2208720.0841380176,EPSG:32643,"{""railway"":""level_crossing""}","[{""feature_value"":""unclassified"",""geometry_role"":""native_way_geometry"",""osm_way_id"":807549744}]","[{""feature_value"":""rail"",""geometry_role"":""native_way_geometry"",""osm_way_id"":116833080}]",native_shared_node_not_transfer_or_conflict_permission
7554999953,73.0408073,19.1883375,293996.59524423955,2122824.728269411,EPSG:32643,"{""railway"":""level_crossing""}","[{""feature_value"":""residential"",""geometry_role"":""native_way_geometry"",""osm_way_id"":552036653}]","[{""feature_value"":""rail"",""geometry_role"":""native_way_geometry"",""osm_way_id"":397826433}]",native_shared_node_not_transfer_or_conflict_permission
7554999955,73.0411172,19.1878227,294028.5497182037,2122767.372892481,EPSG:32643,"{""railway"":""level_crossing""}","[{""feature_value"":""residential"",""geometry_role"":""native_way_geometry"",""osm_way_id"":552036653}]","[{""feature_value"":""rail"",""geometry_role"":""native_way_geometry"",""osm_way_id"":1314257251}]",native_shared_node_not_transfer_or_conflict_permission
7554999956,73.041128,19.1878063,294029.6652512719,2122765.5446250583,EPSG:32643,"{""railway"":""level_crossing""}","[{""feature_value"":""residential"",""geometry_role"":""native_way_geometry"",""osm_way_id"":552036653}]","[{""feature_value"":""rail"",""geometry_role"":""native_way_geometry"",""osm_way_id"":397763398}]",native_shared_node_not_transfer_or_conflict_permission
7599874952,73.5626208,18.7649677,348492.170358119,2075433.4120374084,EPSG:32643,"{""railway"":""level_crossing""}","[{""feature_value"":""secondary"",""geometry_role"":""native_way_geometry"",""osm_way_id"":813606375}]","[{""feature_value"":""rail"",""geometry_role"":""native_way_geometry"",""osm_way_id"":608433096}]",native_shared_node_not_transfer_or_conflict_permission
7599874953,73.5626457,18.7650033,348494.8271997332,2075437.3308004194,EPSG:32643,"{""railway"":""level_crossing""}","[{""feature_value"":""secondary"",""geometry_role"":""native_way_geometry"",""osm_way_id"":813606375}]","[{""feature_value"":""rail"",""geometry_role"":""native_way_geometry"",""osm_way_id"":97699133}]",native_shared_node_not_transfer_or_conflict_permission
7599877703,73.5410872,18.7641296,346221.2594014626,2075359.1181628478,EPSG:32643,"{""railway"":""level_crossing""}","[{""feature_value"":""secondary"",""geometry_role"":""native_way_geometry"",""osm_way_id"":813606380}]","[{""feature_value"":""rail"",""geometry_role"":""native_way_geometry"",""osm_way_id"":97699133}]",native_shared_node_not_transfer_or_conflict_permission
7599877704,73.5411161,18.7641005,346224.2797877658,2075355.872599671,EPSG:32643,"{""railway"":""level_crossing""}","[{""feature_value"":""secondary"",""geometry_role"":""native_way_geometry"",""osm_way_id"":813606380}]","[{""feature_value"":""rail"",""geometry_role"":""native_way_geometry"",""osm_way_id"":608433096}]",native_shared_node_not_transfer_or_conflict_permission
7609883574,73.5965368,18.7615038,352064.66375112964,2075021.5365901685,EPSG:32643,"{""railway"":""level_crossing""}","[{""feature_value"":""secondary"",""geometry_role"":""native_way_geometry"",""osm_way_id"":312446448}]","[{""feature_value"":""rail"",""geometry_role"":""native_way_geometry"",""osm_way_id"":1315005286}]",native_shared_node_not_transfer_or_conflict_permission
7609884974,73.4332005,18.7439569,334827.49115834635,2073223.0754354158,EPSG:32643,"{""railway"":""level_crossing""}","[{""feature_value"":""residential"",""geometry_role"":""native_way_geometry"",""osm_way_id"":814670162},{""feature_value"":""residential"",""geometry_role"":""native_way_geometry"",""osm_way_id"":814670163}]","[{""feature_value"":""rail"",""geometry_role"":""native_way_geometry"",""osm_way_id"":608433097}]",native_shared_node_not_transfer_or_conflict_permission
7609884975,73.4331933,18.7439189,334826.69501414377,2073218.8763515074,EPSG:32643,"{""railway"":""level_crossing""}","[{""feature_value"":""residential"",""geometry_role"":""native_way_geometry"",""osm_way_id"":814670161},{""feature_value"":""residential"",""geometry_role"":""native_way_geometry"",""osm_way_id"":814670163}]","[{""feature_value"":""rail"",""geometry_role"":""native_way_geometry"",""osm_way_id"":149003203}]",native_shared_node_not_transfer_or_conflict_permission
7614794326,73.0145276,18.9597116,290945.77007561445,2097546.83031692,EPSG:32643,{},"[{""feature_value"":""pedestrian"",""geometry_role"":""native_way_geometry"",""osm_way_id"":649371315},{""feature_value"":""pedestrian"",""geometry_role"":""area_boundary"",""osm_way_id"":705373758}]","[{""feature_value"":""station"",""geometry_role"":""native_way_geometry"",""osm_way_id"":648982743}]",native_shared_node_not_transfer_or_conflict_permission
7614885974,73.0242397,18.9743074,291986.81523025956,2099151.086844742,EPSG:32643,{},"[{""feature_value"":""pedestrian"",""geometry_role"":""area_boundary"",""osm_way_id"":815241138}]","[{""feature_value"":""station"",""geometry_role"":""native_way_geometry"",""osm_way_id"":648982741}]",native_shared_node_not_transfer_or_conflict_permission
7614885977,73.0250294,18.9754884,292071.4489338648,2099280.890511078,EPSG:32643,{},"[{""feature_value"":""pedestrian"",""geometry_role"":""area_boundary"",""osm_way_id"":815241138}]","[{""feature_value"":""station"",""geometry_role"":""native_way_geometry"",""osm_way_id"":648982741}]",native_shared_node_not_transfer_or_conflict_permission
7614885978,73.0235986,18.9746233,291919.68967548676,2099186.8143485193,EPSG:32643,{},"[{""feature_value"":""pedestrian"",""geometry_role"":""area_boundary"",""osm_way_id"":815241139}]","[{""feature_value"":""station"",""geometry_role"":""native_way_geometry"",""osm_way_id"":648982741}]",native_shared_node_not_transfer_or_conflict_permission
7614885981,73.0244806,18.9759426,292014.2160195269,2099331.818486566,EPSG:32643,{},"[{""feature_value"":""pedestrian"",""geometry_role"":""area_boundary"",""osm_way_id"":815241139}]","[{""feature_value"":""station"",""geometry_role"":""native_way_geometry"",""osm_way_id"":648982741}]",native_shared_node_not_transfer_or_conflict_permission
7614885982,73.0246955,18.9749891,292035.66441074933,2099226.0124699012,EPSG:32643,{},"[{""feature_value"":""footway"",""geometry_role"":""native_way_geometry"",""osm_way_id"":649371316},{""feature_value"":""pedestrian"",""geometry_role"":""area_boundary"",""osm_way_id"":815241138}]","[{""feature_value"":""station"",""geometry_role"":""native_way_geometry"",""osm_way_id"":648982741}]",native_shared_node_not_transfer_or_conflict_permission
7614892185,73.024085,18.9753508,291971.8185877616,2099266.7737129214,EPSG:32643,{},"[{""feature_value"":""footway"",""geometry_role"":""native_way_geometry"",""osm_way_id"":649371317},{""feature_value"":""pedestrian"",""geometry_role"":""area_boundary"",""osm_way_id"":815241139}]","[{""feature_value"":""station"",""geometry_role"":""native_way_geometry"",""osm_way_id"":648982741}]",native_shared_node_not_transfer_or_conflict_permission
7622320885,72.8928793,19.0705395,278279.81436184363,2109965.0360755026,EPSG:32643,{},"[{""feature_value"":""footway"",""geometry_role"":""native_way_geometry"",""osm_way_id"":816146608}]","[{""feature_value"":""platform"",""geometry_role"":""area_boundary"",""osm_way_id"":383026091}]",native_shared_node_not_transfer_or_conflict_permission
7622320886,72.8928191,19.0706053,278273.5651742671,2109972.3968344275,EPSG:32643,{},"[{""feature_value"":""footway"",""geometry_role"":""native_way_geometry"",""osm_way_id"":816146607}]","[{""feature_value"":""platform_edge"",""geometry_role"":""native_way_geometry"",""osm_way_id"":816146623}]",native_shared_node_not_transfer_or_conflict_permission
7622320887,72.8927525,19.070678,278266.6515002862,2109980.529579749,EPSG:32643,{},"[{""feature_value"":""footway"",""geometry_role"":""native_way_geometry"",""osm_way_id"":816146607}]","[{""feature_value"":""platform_edge"",""geometry_role"":""native_way_geometry"",""osm_way_id"":816146615}]",native_shared_node_not_transfer_or_conflict_permission
7622320888,72.8926857,19.0707509,278259.7170464139,2109988.68472303,EPSG:32643,{},"[{""feature_value"":""footway"",""geometry_role"":""native_way_geometry"",""osm_way_id"":816146606}]","[{""feature_value"":""platform_edge"",""geometry_role"":""native_way_geometry"",""osm_way_id"":816146613}]",native_shared_node_not_transfer_or_conflict_permission
7622320889,72.8926128,19.0708305,278252.1494208422,2109997.589332723,EPSG:32643,{},"[{""feature_value"":""footway"",""geometry_role"":""native_way_geometry"",""osm_way_id"":816146606}]","[{""feature_value"":""platform_edge"",""geometry_role"":""native_way_geometry"",""osm_way_id"":816146624}]",native_shared_node_not_transfer_or_conflict_permission
7622320890,72.8929527,19.0704593,278287.4338472255,2109956.064422707,EPSG:32643,{},"[{""feature_value"":""footway"",""geometry_role"":""native_way_geometry"",""osm_way_id"":816146608}]","[{""feature_value"":""platform"",""geometry_role"":""area_boundary"",""osm_way_id"":383026091}]",native_shared_node_not_transfer_or_conflict_permission
7622320891,72.89253,19.0701117,278242.4769701888,2109918.117265928,EPSG:32643,{},"[{""feature_value"":""footway"",""geometry_role"":""native_way_geometry"",""osm_way_id"":816146609}]","[{""feature_value"":""platform"",""geometry_role"":""area_boundary"",""osm_way_id"":383026091}]",native_shared_node_not_transfer_or_conflict_permission
7622320892,72.8924556,19.0701954,278234.7568834231,2109927.477680964,EPSG:32643,{},"[{""feature_value"":""footway"",""geometry_role"":""native_way_geometry"",""osm_way_id"":816146609}]","[{""feature_value"":""platform"",""geometry_role"":""area_boundary"",""osm_way_id"":383026091}]",native_shared_node_not_transfer_or_conflict_permission
7622320893,72.8923987,19.0702619,278228.8559939689,2109934.9117742283,EPSG:32643,{},"[{""feature_value"":""footway"",""geometry_role"":""native_way_geometry"",""osm_way_id"":816146610}]","[{""feature_value"":""platform_edge"",""geometry_role"":""native_way_geometry"",""osm_way_id"":816146623}]",native_shared_node_not_transfer_or_conflict_permission
7622320894,72.8923323,19.0703351,278221.96403967566,2109943.0996373966,EPSG:32643,{},"[{""feature_value"":""footway"",""geometry_role"":""native_way_geometry"",""osm_way_id"":816146610}]","[{""feature_value"":""platform_edge"",""geometry_role"":""native_way_geometry"",""osm_way_id"":816146615}]",native_shared_node_not_transfer_or_conflict_permission
7622320895,72.8922694,19.0704132,278215.44703154487,2109951.82554257,EPSG:32643,{},"[{""feature_value"":""footway"",""geometry_role"":""native_way_geometry"",""osm_way_id"":816146611}]","[{""feature_value"":""platform_edge"",""geometry_role"":""native_way_geometry"",""osm_way_id"":816146613}]",native_shared_node_not_transfer_or_conflict_permission
7622320896,72.8921956,19.0704915,278207.7829415425,2109960.587389624,EPSG:32643,{},"[{""feature_value"":""footway"",""geometry_role"":""native_way_geometry"",""osm_way_id"":816146611}]","[{""feature_value"":""platform_edge"",""geometry_role"":""native_way_geometry"",""osm_way_id"":816146624}]",native_shared_node_not_transfer_or_conflict_permission
7628779316,72.8268188,19.1307497,271408.82335304713,2116715.9335092837,EPSG:32643,"{""access"":""private"",""description"":""in the metro depot"",""railway"":""level_crossing""}","[{""feature_value"":""service"",""geometry_role"":""native_way_geometry"",""osm_way_id"":1188236331}]","[{""feature_value"":""subway"",""geometry_role"":""native_way_geometry"",""osm_way_id"":287299822}]",native_shared_node_not_transfer_or_conflict_permission
7628779317,72.8267291,19.1307137,271399.33490046806,2116712.0652542855,EPSG:32643,"{""access"":""private"",""description"":""in the metro depot"",""railway"":""level_crossing""}","[{""feature_value"":""service"",""geometry_role"":""native_way_geometry"",""osm_way_id"":1188236331}]","[{""feature_value"":""subway"",""geometry_role"":""native_way_geometry"",""osm_way_id"":1188169047}]",native_shared_node_not_transfer_or_conflict_permission
7628779318,72.8265885,19.1306564,271384.4610439249,2116705.905447686,EPSG:32643,"{""access"":""private"",""description"":""in the metro depot"",""railway"":""level_crossing""}","[{""feature_value"":""service"",""geometry_role"":""native_way_geometry"",""osm_way_id"":1188076465}]","[{""feature_value"":""subway"",""geometry_role"":""native_way_geometry"",""osm_way_id"":816807696}]",native_shared_node_not_transfer_or_conflict_permission
7628779319,72.8269005,19.1303247,271416.83528017346,2116668.773868523,EPSG:32643,"{""access"":""private"",""description"":""in the metro depot"",""railway"":""level_crossing""}","[{""feature_value"":""service"",""geometry_role"":""native_way_geometry"",""osm_way_id"":1188076466}]","[{""feature_value"":""subway"",""geometry_role"":""native_way_geometry"",""osm_way_id"":816807697}]",native_shared_node_not_transfer_or_conflict_permission
7628779320,72.8269887,19.1303577,271426.1617777759,2116672.3119602334,EPSG:32643,"{""access"":""private"",""description"":""in the metro depot"",""railway"":""level_crossing""}","[{""feature_value"":""service"",""geometry_role"":""native_way_geometry"",""osm_way_id"":1188076466}]","[{""feature_value"":""subway"",""geometry_role"":""native_way_geometry"",""osm_way_id"":1188169048}]",native_shared_node_not_transfer_or_conflict_permission
7628779321,72.8293854,19.1310756,271679.34759466664,2116748.6578136957,EPSG:32643,"{""access"":""private"",""description"":""in the metro depot"",""railway"":""level_crossing""}","[{""feature_value"":""service"",""geometry_role"":""native_way_geometry"",""osm_way_id"":1188235631}]","[{""feature_value"":""subway"",""geometry_role"":""native_way_geometry"",""osm_way_id"":816807569}]",native_shared_node_not_transfer_or_conflict_permission
7628779322,72.8295301,19.1311072,271694.61738034734,2116751.967184032,EPSG:32643,"{""access"":""private"",""description"":""in the metro depot"",""railway"":""level_crossing""}","[{""feature_value"":""service"",""geometry_role"":""native_way_geometry"",""osm_way_id"":1188235631}]","[{""feature_value"":""subway"",""geometry_role"":""native_way_geometry"",""osm_way_id"":816807570}]",native_shared_node_not_transfer_or_conflict_permission
7628779327,72.8293151,19.1314988,271672.5321772129,2116795.603093774,EPSG:32643,"{""access"":""private"",""description"":""in the metro depot"",""railway"":""level_crossing""}","[{""feature_value"":""service"",""geometry_role"":""native_way_geometry"",""osm_way_id"":1188166096}]","[{""feature_value"":""subway"",""geometry_role"":""native_way_geometry"",""osm_way_id"":816807570}]",native_shared_node_not_transfer_or_conflict_permission
7628779332,72.8290308,19.131458,271642.56012456026,2116791.4576936774,EPSG:32643,"{""access"":""private"",""description"":""in the metro depot"",""railway"":""level_crossing""}","[{""feature_value"":""service"",""geometry_role"":""native_way_geometry"",""osm_way_id"":1188166096}]","[{""feature_value"":""subway"",""geometry_role"":""native_way_geometry"",""osm_way_id"":287299859}]",native_shared_node_not_transfer_or_conflict_permission
7628779342,72.8289833,19.1314403,271637.5375108092,2116789.5601879777,EPSG:32643,"{""access"":""private"",""description"":""in the metro depot"",""railway"":""level_crossing""}","[{""feature_value"":""service"",""geometry_role"":""native_way_geometry"",""osm_way_id"":1188166096}]","[{""feature_value"":""subway"",""geometry_role"":""native_way_geometry"",""osm_way_id"":816807563}]",native_shared_node_not_transfer_or_conflict_permission
7628779359,72.8292023,19.1315047,271660.6707283478,2116796.4037498673,EPSG:32643,"{""access"":""private"",""description"":""in the metro depot"",""railway"":""level_crossing""}","[{""feature_value"":""service"",""geometry_role"":""native_way_geometry"",""osm_way_id"":1188166096}]","[{""feature_value"":""subway"",""geometry_role"":""native_way_geometry"",""osm_way_id"":816807569}]",native_shared_node_not_transfer_or_conflict_permission
7629055541,72.9536329,18.9440162,284511.75233179145,2095882.6487048648,EPSG:32643,"{""access"":""private"",""railway"":""level_crossing"",""source"":""digitalglobe""}","[{""feature_value"":""service"",""geometry_role"":""native_way_geometry"",""osm_way_id"":991641693}]","[{""feature_value"":""rail"",""geometry_role"":""native_way_geometry"",""osm_way_id"":841044984}]",native_shared_node_not_transfer_or_conflict_permission
7629055542,72.9538852,18.9289768,284519.02611975034,2094217.4318109644,EPSG:32643,"{""access"":""private"",""railway"":""level_crossing""}","[{""feature_value"":""service"",""geometry_role"":""native_way_geometry"",""osm_way_id"":989702358}]","[{""feature_value"":""rail"",""geometry_role"":""native_way_geometry"",""osm_way_id"":699441039}]",native_shared_node_not_transfer_or_conflict_permission
7629055543,72.9477405,18.9398363,283885.67279946734,2095427.129484239,EPSG:32643,"{""access"":""private"",""railway"":""level_crossing""}","[{""feature_value"":""service"",""geometry_role"":""native_way_geometry"",""osm_way_id"":989702361}]","[{""feature_value"":""rail"",""geometry_role"":""native_way_geometry"",""osm_way_id"":699441039}]",native_shared_node_not_transfer_or_conflict_permission
7629069270,72.8602819,19.3672723,275252.56691211084,2142858.277183342,EPSG:32643,"{""railway"":""level_crossing""}","[{""feature_value"":""tertiary"",""geometry_role"":""native_way_geometry"",""osm_way_id"":213305195}]","[{""feature_value"":""rail"",""geometry_role"":""native_way_geometry"",""osm_way_id"":583731396}]",native_shared_node_not_transfer_or_conflict_permission
7629069271,72.9578437,18.9493924,284962.2014435751,2096472.6703066754,EPSG:32643,"{""access"":""private"",""railway"":""level_crossing""}","[{""feature_value"":""service"",""geometry_role"":""native_way_geometry"",""osm_way_id"":991641692}]","[{""feature_value"":""rail"",""geometry_role"":""native_way_geometry"",""osm_way_id"":841044984}]",native_shared_node_not_transfer_or_conflict_permission
7629069272,72.957313,18.9497626,284906.77491999767,2096514.2999622745,EPSG:32643,"{""access"":""private"",""railway"":""level_crossing"",""source"":""digitalglobe""}","[{""feature_value"":""service"",""geometry_role"":""native_way_geometry"",""osm_way_id"":991641692}]","[{""feature_value"":""rail"",""geometry_role"":""native_way_geometry"",""osm_way_id"":916588086}]",native_shared_node_not_transfer_or_conflict_permission
7629069273,72.9573666,18.9497252,284912.3729016199,2096510.0942743307,EPSG:32643,"{""access"":""private"",""railway"":""level_crossing"",""source"":""digitalglobe""}","[{""feature_value"":""service"",""geometry_role"":""native_way_geometry"",""osm_way_id"":991641692}]","[{""feature_value"":""rail"",""geometry_role"":""native_way_geometry"",""osm_way_id"":258336982}]",native_shared_node_not_transfer_or_conflict_permission
7629084737,72.8915352,19.0762855,278145.9850902343,2110602.865697082,EPSG:32643,"{""access"":""private"",""description"":""in the depot or yard of Indian Railways"",""railway"":""level_crossing""}","[{""feature_value"":""service"",""geometry_role"":""native_way_geometry"",""osm_way_id"":125344252}]","[{""feature_value"":""rail"",""geometry_role"":""native_way_geometry"",""osm_way_id"":816845935}]",native_shared_node_not_transfer_or_conflict_permission
7629084738,72.8914594,19.0764103,278138.17276819906,2110616.778066624,EPSG:32643,"{""access"":""private"",""description"":""in the depot or yard of Indian Railways"",""railway"":""level_crossing""}","[{""feature_value"":""service"",""geometry_role"":""native_way_geometry"",""osm_way_id"":125344252}]","[{""feature_value"":""rail"",""geometry_role"":""native_way_geometry"",""osm_way_id"":911710174}]",native_shared_node_not_transfer_or_conflict_permission
7629084739,72.8914386,19.0764528,278136.04001572885,2110621.509503934,EPSG:32643,"{""access"":""private"",""description"":""in the depot or yard of Indian Railways"",""railway"":""level_crossing""}","[{""feature_value"":""service"",""geometry_role"":""native_way_geometry"",""osm_way_id"":125344252}]","[{""feature_value"":""rail"",""geometry_role"":""native_way_geometry"",""osm_way_id"":911710175}]",native_shared_node_not_transfer_or_conflict_permission
7629084740,72.8914205,19.0764978,278134.19479190797,2110626.514291894,EPSG:32643,"{""access"":""private"",""description"":""in the depot or yard of Indian Railways"",""railway"":""level_crossing""}","[{""feature_value"":""service"",""geometry_role"":""native_way_geometry"",""osm_way_id"":125344252}]","[{""feature_value"":""rail"",""geometry_role"":""native_way_geometry"",""osm_way_id"":911710173}]",native_shared_node_not_transfer_or_conflict_permission
7629084741,72.8913893,19.0765577,278130.9905382209,2110633.185223069,EPSG:32643,"{""access"":""private"",""description"":""in the depot or yard of Indian Railways"",""railway"":""level_crossing""}","[{""feature_value"":""service"",""geometry_role"":""native_way_geometry"",""osm_way_id"":125344252}]","[{""feature_value"":""rail"",""geometry_role"":""native_way_geometry"",""osm_way_id"":816845939}]",native_shared_node_not_transfer_or_conflict_permission
7629084742,72.8907734,19.0763053,278065.82572256384,2110606.0227372847,EPSG:32643,"{""access"":""private"",""description"":""in the depot or yard of Indian Railways"",""railway"":""level_crossing""}","[{""feature_value"":""path"",""geometry_role"":""native_way_geometry"",""osm_way_id"":856311891}]","[{""feature_value"":""rail"",""geometry_role"":""native_way_geometry"",""osm_way_id"":107213225}]",native_shared_node_not_transfer_or_conflict_permission
7629084743,72.8907265,19.0763375,278060.93201957014,2110609.646960445,EPSG:32643,"{""access"":""private"",""description"":""in the depot or yard of Indian Railways"",""railway"":""level_crossing""}","[{""feature_value"":""path"",""geometry_role"":""native_way_geometry"",""osm_way_id"":856311891}]","[{""feature_value"":""rail"",""geometry_role"":""native_way_geometry"",""osm_way_id"":816845939}]",native_shared_node_not_transfer_or_conflict_permission
7629084751,72.8913487,19.0766525,278126.8433569416,2110643.7317729425,EPSG:32643,"{""access"":""private"",""description"":""in the depot or yard of Indian Railways"",""railway"":""level_crossing""}","[{""feature_value"":""service"",""geometry_role"":""native_way_geometry"",""osm_way_id"":125344252}]","[{""feature_value"":""rail"",""geometry_role"":""native_way_geometry"",""osm_way_id"":627395707}]",native_shared_node_not_transfer_or_conflict_permission
7629084752,72.8913673,19.0765927,278128.7214884734,2110637.0878712167,EPSG:32643,"{""access"":""private"",""description"":""in the depot or yard of Indian Railways"",""railway"":""level_crossing""}","[{""feature_value"":""service"",""geometry_role"":""native_way_geometry"",""osm_way_id"":125344252}]","[{""feature_value"":""rail"",""geometry_role"":""native_way_geometry"",""osm_way_id"":107213262}]",native_shared_node_not_transfer_or_conflict_permission
7629084753,72.8914015,19.0765336,278132.2425806109,2110630.501706028,EPSG:32643,"{""access"":""private"",""description"":""in the depot or yard of Indian Railways"",""railway"":""level_crossing""}","[{""feature_value"":""service"",""geometry_role"":""native_way_geometry"",""osm_way_id"":125344252}]","[{""feature_value"":""rail"",""geometry_role"":""native_way_geometry"",""osm_way_id"":107213225}]",native_shared_node_not_transfer_or_conflict_permission
7629084754,72.8906894,19.0763766,278057.0790445351,2110614.0226538563,EPSG:32643,"{""access"":""private"",""description"":""in the depot or yard of Indian Railways"",""railway"":""level_crossing""}","[{""feature_value"":""path"",""geometry_role"":""native_way_geometry"",""osm_way_id"":856311891}]","[{""feature_value"":""rail"",""geometry_role"":""native_way_geometry"",""osm_way_id"":107213262}]",native_shared_node_not_transfer_or_conflict_permission
7629084755,72.8906375,19.0764337,278051.6922380915,2110620.4098467496,EPSG:32643,"{""access"":""private"",""description"":""in the depot or yard of Indian Railways"",""railway"":""level_crossing""}","[{""feature_value"":""path"",""geometry_role"":""native_way_geometry"",""osm_way_id"":856311891}]","[{""feature_value"":""rail"",""geometry_role"":""native_way_geometry"",""osm_way_id"":107213213}]",native_shared_node_not_transfer_or_conflict_permission
7629084756,72.8905732,19.0766346,278045.19188165804,2110642.7325789146,EPSG:32643,"{""access"":""private"",""description"":""in the depot or yard of Indian Railways"",""railway"":""level_crossing""}","[{""feature_value"":""path"",""geometry_role"":""native_way_geometry"",""osm_way_id"":856311891}]","[{""feature_value"":""rail"",""geometry_role"":""native_way_geometry"",""osm_way_id"":627395707}]",native_shared_node_not_transfer_or_conflict_permission
7629084757,72.8905828,19.0765875,278046.1395874923,2110637.5060628946,EPSG:32643,"{""access"":""private"",""description"":""in the depot or yard of Indian Railways"",""railway"":""level_crossing""}","[{""feature_value"":""path"",""geometry_role"":""native_way_geometry"",""osm_way_id"":856311891}]","[{""feature_value"":""rail"",""geometry_role"":""native_way_geometry"",""osm_way_id"":627395705}]",native_shared_node_not_transfer_or_conflict_permission
7629084758,72.8905825,19.0765543,278046.0637633741,2110633.8309340784,EPSG:32643,"{""access"":""private"",""description"":""in the depot or yard of Indian Railways"",""railway"":""level_crossing""}","[{""feature_value"":""path"",""geometry_role"":""native_way_geometry"",""osm_way_id"":856311891}]","[{""feature_value"":""rail"",""geometry_role"":""native_way_geometry"",""osm_way_id"":627395703}]",native_shared_node_not_transfer_or_conflict_permission
7629128760,72.8931727,19.0722822,278313.01726532605,2110157.595492899,EPSG:32643,"{""access"":""private"",""description"":""in the depot or yard of Indian Railways"",""railway"":""level_crossing""}","[{""feature_value"":""path"",""geometry_role"":""native_way_geometry"",""osm_way_id"":856311883}]","[{""feature_value"":""rail"",""geometry_role"":""native_way_geometry"",""osm_way_id"":627395722}]",native_shared_node_not_transfer_or_conflict_permission
7629128761,72.8931482,19.072319,278310.48735233315,2110161.700544664,EPSG:32643,"{""access"":""private"",""description"":""in the depot or yard of Indian Railways"",""railway"":""level_crossing""}","[{""feature_value"":""path"",""geometry_role"":""native_way_geometry"",""osm_way_id"":856311883}]","[{""feature_value"":""rail"",""geometry_role"":""native_way_geometry"",""osm_way_id"":627395721}]",native_shared_node_not_transfer_or_conflict_permission
7629128762,72.8931614,19.0723397,278311.9043411121,2110163.975496007,EPSG:32643,"{""access"":""private"",""description"":""in the depot or yard of Indian Railways"",""railway"":""level_crossing""}","[{""feature_value"":""path"",""geometry_role"":""native_way_geometry"",""osm_way_id"":856311883}]","[{""feature_value"":""rail"",""geometry_role"":""native_way_geometry"",""osm_way_id"":383026100}]",native_shared_node_not_transfer_or_conflict_permission
7629128763,72.8935097,19.0725,278348.77992216876,2110181.2812923114,EPSG:32643,{},"[{""feature_value"":""path"",""geometry_role"":""native_way_geometry"",""osm_way_id"":856311887}]","[{""feature_value"":""rail"",""geometry_role"":""native_way_geometry"",""osm_way_id"":383026100}]",native_shared_node_not_transfer_or_conflict_permission
7629128764,72.8934794,19.072508,278345.6011726541,2110182.205289265,EPSG:32643,{},"[{""feature_value"":""path"",""geometry_role"":""native_way_geometry"",""osm_way_id"":856311887}]","[{""feature_value"":""rail"",""geometry_role"":""native_way_geometry"",""osm_way_id"":627395722}]",native_shared_node_not_transfer_or_conflict_permission
7629128765,72.8935516,19.0724346,278353.103319262,2110173.9879877,EPSG:32643,{},"[{""feature_value"":""path"",""geometry_role"":""native_way_geometry"",""osm_way_id"":856311887}]","[{""feature_value"":""rail"",""geometry_role"":""native_way_geometry"",""osm_way_id"":627395723}]",native_shared_node_not_transfer_or_conflict_permission
7629128766,72.8935747,19.0723998,278355.4885353106,2110170.106129414,EPSG:32643,"{""access"":""private"",""description"":""in the depot or yard of Indian Railways"",""railway"":""level_crossing""}","[{""feature_value"":""path"",""geometry_role"":""native_way_geometry"",""osm_way_id"":856311887}]","[{""feature_value"":""rail"",""geometry_role"":""native_way_geometry"",""osm_way_id"":383026087}]",native_shared_node_not_transfer_or_conflict_permission
7629128767,72.8936717,19.0723453,278365.62630175066,2110163.949839088,EPSG:32643,"{""access"":""private"",""description"":""in the depot or yard of Indian Railways"",""railway"":""level_crossing""}","[{""feature_value"":""path"",""geometry_role"":""native_way_geometry"",""osm_way_id"":856311887}]","[{""feature_value"":""rail"",""geometry_role"":""native_way_geometry"",""osm_way_id"":383026093}]",native_shared_node_not_transfer_or_conflict_permission
7629128768,72.8938437,19.0724912,278383.9252334047,2110179.884542356,EPSG:32643,"{""access"":""private"",""description"":""in the depot or yard of Indian Railways"",""railway"":""level_crossing""}","[{""feature_value"":""path"",""geometry_role"":""native_way_geometry"",""osm_way_id"":856311887}]","[{""feature_value"":""rail"",""geometry_role"":""native_way_geometry"",""osm_way_id"":383026097}]",native_shared_node_not_transfer_or_conflict_permission
7629128769,72.8936794,19.0723135,278366.39449918375,2110160.419587734,EPSG:32643,"{""access"":""private"",""description"":""in the depot or yard of Indian Railways"",""railway"":""level_crossing""}","[{""feature_value"":""path"",""geometry_role"":""native_way_geometry"",""osm_way_id"":856311887}]","[{""feature_value"":""rail"",""geometry_role"":""native_way_geometry"",""osm_way_id"":627395724}]",native_shared_node_not_transfer_or_conflict_permission
7629128770,72.8936859,19.0722909,278367.0486245882,2110157.9093669835,EPSG:32643,"{""access"":""private"",""description"":""in the depot or yard of Indian Railways"",""railway"":""level_crossing""}","[{""feature_value"":""path"",""geometry_role"":""native_way_geometry"",""osm_way_id"":856311887}]","[{""feature_value"":""rail"",""geometry_role"":""native_way_geometry"",""osm_way_id"":627395725}]",native_shared_node_not_transfer_or_conflict_permission
7629128771,72.8937278,19.0722553,278371.4116824237,2110153.9151628935,EPSG:32643,"{""access"":""private"",""description"":""in the depot or yard of Indian Railways"",""railway"":""level_crossing""}","[{""feature_value"":""path"",""geometry_role"":""native_way_geometry"",""osm_way_id"":856311887}]","[{""feature_value"":""rail"",""geometry_role"":""native_way_geometry"",""osm_way_id"":627395716}]",native_shared_node_not_transfer_or_conflict_permission
7629128772,72.893776,19.0722073,278376.4213874294,2110148.54021314,EPSG:32643,"{""access"":""private"",""description"":""in the depot or yard of Indian Railways"",""railway"":""level_crossing""}","[{""feature_value"":""path"",""geometry_role"":""native_way_geometry"",""osm_way_id"":856311887}]","[{""feature_value"":""rail"",""geometry_role"":""native_way_geometry"",""osm_way_id"":627395726}]",native_shared_node_not_transfer_or_conflict_permission
7629128773,72.8939561,19.0720332,278395.14723673486,2110129.0381650906,EPSG:32643,"{""access"":""private"",""description"":""in the depot or yard of Indian Railways"",""railway"":""level_crossing""}","[{""feature_value"":""path"",""geometry_role"":""native_way_geometry"",""osm_way_id"":856311887}]","[{""feature_value"":""rail"",""geometry_role"":""native_way_geometry"",""osm_way_id"":383026102}]",native_shared_node_not_transfer_or_conflict_permission
7629128774,72.8939761,19.0720059,278397.2161364757,2110125.9905438055,EPSG:32643,"{""access"":""private"",""description"":""in the depot or yard of Indian Railways"",""railway"":""level_crossing""}","[{""feature_value"":""path"",""geometry_role"":""native_way_geometry"",""osm_way_id"":856311887}]","[{""feature_value"":""rail"",""geometry_role"":""native_way_geometry"",""osm_way_id"":107213237}]",native_shared_node_not_transfer_or_conflict_permission
7629128775,72.8940749,19.0719216,278407.5037696344,2110116.532909821,EPSG:32643,"{""railway"":""level_crossing""}","[{""feature_value"":""path"",""geometry_role"":""native_way_geometry"",""osm_way_id"":856311887}]","[{""feature_value"":""rail"",""geometry_role"":""native_way_geometry"",""osm_way_id"":383026098}]",native_shared_node_not_transfer_or_conflict_permission
7629128776,72.8941755,19.0719579,278418.1412981452,2110120.4243730186,EPSG:32643,"{""railway"":""level_crossing""}","[{""feature_value"":""path"",""geometry_role"":""native_way_geometry"",""osm_way_id"":856311887}]","[{""feature_value"":""rail"",""geometry_role"":""native_way_geometry"",""osm_way_id"":383026101}]",native_shared_node_not_transfer_or_conflict_permission
7629128777,72.8942689,19.0718969,278427.8915262281,2110113.5530739794,EPSG:32643,"{""railway"":""level_crossing""}","[{""feature_value"":""path"",""geometry_role"":""native_way_geometry"",""osm_way_id"":856311887}]","[{""feature_value"":""rail"",""geometry_role"":""native_way_geometry"",""osm_way_id"":816146586}]",native_shared_node_not_transfer_or_conflict_permission
7629138628,72.8879409,19.0712447,277760.929495944,2110049.363887735,EPSG:32643,{},"[{""feature_value"":""path"",""geometry_role"":""native_way_geometry"",""osm_way_id"":856311888}]","[{""feature_value"":""disused"",""geometry_role"":""native_way_geometry"",""osm_way_id"":48864247}]",native_shared_node_not_transfer_or_conflict_permission
7629138629,72.8879392,19.0713491,277760.8898258726,2110060.9239796326,EPSG:32643,"{""access"":""private"",""description"":""in the depot or yard of Indian Railways"",""railway"":""level_crossing""}","[{""feature_value"":""path"",""geometry_role"":""native_way_geometry"",""osm_way_id"":856311888}]","[{""feature_value"":""rail"",""geometry_role"":""native_way_geometry"",""osm_way_id"":627395712}]",native_shared_node_not_transfer_or_conflict_permission
7629138630,72.887923,19.0714784,277759.35708329454,2110075.2590980455,EPSG:32643,{},"[{""feature_value"":""path"",""geometry_role"":""native_way_geometry"",""osm_way_id"":856311888}]","[{""feature_value"":""rail"",""geometry_role"":""native_way_geometry"",""osm_way_id"":125343376}]",native_shared_node_not_transfer_or_conflict_permission
7629138631,72.8879129,19.0715082,277758.33369779517,2110078.571013614,EPSG:32643,{},"[{""feature_value"":""path"",""geometry_role"":""native_way_geometry"",""osm_way_id"":856311888}]","[{""feature_value"":""rail"",""geometry_role"":""native_way_geometry"",""osm_way_id"":122303892}]",native_shared_node_not_transfer_or_conflict_permission
7629138632,72.8879013,19.071565,277757.18844098446,2110084.873953369,EPSG:32643,{},"[{""feature_value"":""path"",""geometry_role"":""native_way_geometry"",""osm_way_id"":856311888}]","[{""feature_value"":""rail"",""geometry_role"":""native_way_geometry"",""osm_way_id"":125343375}]",native_shared_node_not_transfer_or_conflict_permission
7629138633,72.8878788,19.071624,277754.8987709873,2110091.434277661,EPSG:32643,{},"[{""feature_value"":""path"",""geometry_role"":""native_way_geometry"",""osm_way_id"":856311888}]","[{""feature_value"":""disused"",""geometry_role"":""native_way_geometry"",""osm_way_id"":125343378}]",native_shared_node_not_transfer_or_conflict_permission
7629240635,73.3307778,18.9978246,324292.5389000516,2101420.1084681517,EPSG:32643,"{""railway"":""level_crossing""}","[{""feature_value"":""residential"",""geometry_role"":""native_way_geometry"",""osm_way_id"":1188218274}]","[{""feature_value"":""rail"",""geometry_role"":""native_way_geometry"",""osm_way_id"":83335497}]",native_shared_node_not_transfer_or_conflict_permission
7629240654,73.2002728,19.1991297,310780.81505661155,2123838.4605365912,EPSG:32643,"{""railway"":""crossing""}","[{""feature_value"":""footway"",""geometry_role"":""native_way_geometry"",""osm_way_id"":1315132002}]","[{""feature_value"":""rail"",""geometry_role"":""native_way_geometry"",""osm_way_id"":608432563}]",native_shared_node_not_transfer_or_conflict_permission
7629240655,73.2002716,19.199083,310780.63544303714,2123833.292465064,EPSG:32643,"{""railway"":""crossing""}","[{""feature_value"":""footway"",""geometry_role"":""native_way_geometry"",""osm_way_id"":1315132002}]","[{""feature_value"":""rail"",""geometry_role"":""native_way_geometry"",""osm_way_id"":668537025}]",native_shared_node_not_transfer_or_conflict_permission
7629498106,72.8558042,19.2179278,274577.5420432342,2126329.8375109187,EPSG:32643,"{""access"":""private"",""railway"":""level_crossing""}","[{""feature_value"":""service"",""geometry_role"":""native_way_geometry"",""osm_way_id"":936736936}]","[{""feature_value"":""rail"",""geometry_role"":""native_way_geometry"",""osm_way_id"":327888468}]",native_shared_node_not_transfer_or_conflict_permission
7629498107,72.8567165,19.2168799,274672.0596443787,2126212.64073768,EPSG:32643,"{""access"":""private"",""railway"":""level_crossing"",""source"":""digitalglobe""}","[{""feature_value"":""service"",""geometry_role"":""native_way_geometry"",""osm_way_id"":936736933}]","[{""feature_value"":""rail"",""geometry_role"":""native_way_geometry"",""osm_way_id"":816888697}]",native_shared_node_not_transfer_or_conflict_permission
7629498108,72.8567065,19.2169597,274671.1167662706,2126221.488468769,EPSG:32643,"{""access"":""private"",""railway"":""level_crossing"",""source"":""digitalglobe""}","[{""feature_value"":""service"",""geometry_role"":""native_way_geometry"",""osm_way_id"":936736933}]","[{""feature_value"":""rail"",""geometry_role"":""native_way_geometry"",""osm_way_id"":816888698}]",native_shared_node_not_transfer_or_conflict_permission
7629498109,72.8577611,19.2170656,274782.1741679126,2126231.846874834,EPSG:32643,"{""access"":""private"",""railway"":""level_crossing""}","[{""feature_value"":""service"",""geometry_role"":""native_way_geometry"",""osm_way_id"":856311877}]","[{""feature_value"":""rail"",""geometry_role"":""native_way_geometry"",""osm_way_id"":816888698}]",native_shared_node_not_transfer_or_conflict_permission
7629498110,72.8577654,19.2170228,274782.5680602088,2126227.1028580978,EPSG:32643,"{""access"":""private"",""railway"":""level_crossing"",""source"":""digitalglobe""}","[{""feature_value"":""service"",""geometry_role"":""native_way_geometry"",""osm_way_id"":856311877}]","[{""feature_value"":""rail"",""geometry_role"":""native_way_geometry"",""osm_way_id"":48798816}]",native_shared_node_not_transfer_or_conflict_permission
7629498111,72.8577705,19.2169709,274783.03368511755,2126221.3503316105,EPSG:32643,"{""access"":""private"",""railway"":""level_crossing"",""source"":""digitalglobe""}","[{""feature_value"":""service"",""geometry_role"":""native_way_geometry"",""osm_way_id"":856311877}]","[{""feature_value"":""rail"",""geometry_role"":""native_way_geometry"",""osm_way_id"":816888697}]",native_shared_node_not_transfer_or_conflict_permission
7629498112,72.8587713,19.2171671,274888.5558022795,2126241.7762780534,EPSG:32643,"{""access"":""private"",""railway"":""level_crossing"",""source"":""digitalglobe""}","[{""feature_value"":""service"",""geometry_role"":""native_way_geometry"",""osm_way_id"":856311876}]","[{""feature_value"":""rail"",""geometry_role"":""native_way_geometry"",""osm_way_id"":816888698}]",native_shared_node_not_transfer_or_conflict_permission
7629498113,72.858776,19.2171229,274888.98988207954,2126236.87675272,EPSG:32643,"{""access"":""private"",""railway"":""level_crossing"",""source"":""digitalglobe""}","[{""feature_value"":""service"",""geometry_role"":""native_way_geometry"",""osm_way_id"":856311876}]","[{""feature_value"":""rail"",""geometry_role"":""native_way_geometry"",""osm_way_id"":48798816}]",native_shared_node_not_transfer_or_conflict_permission
7629498114,72.8587814,19.2170734,274889.4903605742,2126231.3895512386,EPSG:32643,"{""access"":""private"",""railway"":""level_crossing"",""source"":""digitalglobe""}","[{""feature_value"":""service"",""geometry_role"":""native_way_geometry"",""osm_way_id"":856311876}]","[{""feature_value"":""rail"",""geometry_role"":""native_way_geometry"",""osm_way_id"":816888697}]",native_shared_node_not_transfer_or_conflict_permission
7629498115,72.8597649,19.2172669,274993.189107721,2126251.539553916,EPSG:32643,"{""access"":""private"",""railway"":""level_crossing"",""source"":""digitalglobe""}","[{""feature_value"":""service"",""geometry_role"":""native_way_geometry"",""osm_way_id"":856311875}]","[{""feature_value"":""rail"",""geometry_role"":""native_way_geometry"",""osm_way_id"":816888698}]",native_shared_node_not_transfer_or_conflict_permission
7629498116,72.8597699,19.2172214,274993.6529953904,2126246.4957210356,EPSG:32643,"{""access"":""private"",""railway"":""level_crossing"",""source"":""digitalglobe""}","[{""feature_value"":""service"",""geometry_role"":""native_way_geometry"",""osm_way_id"":856311875}]","[{""feature_value"":""rail"",""geometry_role"":""native_way_geometry"",""osm_way_id"":48798816}]",native_shared_node_not_transfer_or_conflict_permission
7629498117,72.8597751,19.2171743,274994.13573862694,2126241.2744913935,EPSG:32643,"{""access"":""private"",""railway"":""level_crossing"",""source"":""digitalglobe""}","[{""feature_value"":""service"",""geometry_role"":""native_way_geometry"",""osm_way_id"":856311875}]","[{""feature_value"":""rail"",""geometry_role"":""native_way_geometry"",""osm_way_id"":816888697}]",native_shared_node_not_transfer_or_conflict_permission
7629498118,72.8607709,19.2173679,275099.127978879,2126261.420235641,EPSG:32643,"{""access"":""private"",""railway"":""level_crossing"",""source"":""digitalglobe""}","[{""feature_value"":""service"",""geometry_role"":""native_way_geometry"",""osm_way_id"":856311874}]","[{""feature_value"":""rail"",""geometry_role"":""native_way_geometry"",""osm_way_id"":816888698}]",native_shared_node_not_transfer_or_conflict_permission
7629498119,72.8607763,19.2173209,275099.6319211208,2126256.209824227,EPSG:32643,"{""access"":""private"",""railway"":""level_crossing"",""source"":""digitalglobe""}","[{""feature_value"":""service"",""geometry_role"":""native_way_geometry"",""osm_way_id"":856311874}]","[{""feature_value"":""rail"",""geometry_role"":""native_way_geometry"",""osm_way_id"":48798816}]",native_shared_node_not_transfer_or_conflict_permission
7629498120,72.8607814,19.2172764,275100.1077157618,2126251.2765789274,EPSG:32643,"{""access"":""private"",""railway"":""level_crossing"",""source"":""digitalglobe""}","[{""feature_value"":""service"",""geometry_role"":""native_way_geometry"",""osm_way_id"":856311874}]","[{""feature_value"":""rail"",""geometry_role"":""native_way_geometry"",""osm_way_id"":816888697}]",native_shared_node_not_transfer_or_conflict_permission
7629498121,72.8617698,19.2174684,275204.3192780517,2126271.25534001,EPSG:32643,"{""access"":""private"",""railway"":""level_crossing"",""source"":""digitalglobe""}","[{""feature_value"":""service"",""geometry_role"":""native_way_geometry"",""osm_way_id"":856311873}]","[{""feature_value"":""rail"",""geometry_role"":""native_way_geometry"",""osm_way_id"":816888698}]",native_shared_node_not_transfer_or_conflict_permission
7629498122,72.8617744,19.2174199,275204.73707224155,2126265.8799016564,EPSG:32643,"{""access"":""private"",""railway"":""level_crossing"",""source"":""digitalglobe""}","[{""feature_value"":""service"",""geometry_role"":""native_way_geometry"",""osm_way_id"":856311873}]","[{""feature_value"":""rail"",""geometry_role"":""native_way_geometry"",""osm_way_id"":48798816}]",native_shared_node_not_transfer_or_conflict_permission
7629498123,72.8617783,19.2173775,275205.0895472658,2126261.180706379,EPSG:32643,"{""access"":""private"",""railway"":""level_crossing"",""source"":""digitalglobe""}","[{""feature_value"":""service"",""geometry_role"":""native_way_geometry"",""osm_way_id"":856311873}]","[{""feature_value"":""rail"",""geometry_role"":""native_way_geometry"",""osm_way_id"":816888697}]",native_shared_node_not_transfer_or_conflict_permission
7629498124,72.8588679,19.2162703,274897.49348030397,2126142.365312166,EPSG:32643,"{""access"":""private"",""railway"":""level_crossing"",""source"":""digitalglobe""}","[{""feature_value"":""service"",""geometry_role"":""native_way_geometry"",""osm_way_id"":856311876}]","[{""feature_value"":""rail"",""geometry_role"":""native_way_geometry"",""osm_way_id"":48798520}]",native_shared_node_not_transfer_or_conflict_permission
7629498125,72.8588722,19.2162301,274897.89094917703,2126137.909151059,EPSG:32643,"{""access"":""private"",""railway"":""level_crossing"",""source"":""digitalglobe""}","[{""feature_value"":""service"",""geometry_role"":""native_way_geometry"",""osm_way_id"":856311876}]","[{""feature_value"":""rail"",""geometry_role"":""native_way_geometry"",""osm_way_id"":816888696}]",native_shared_node_not_transfer_or_conflict_permission
7629498126,72.8588765,19.2161904,274898.2890995564,2126133.508345671,EPSG:32643,"{""access"":""private"",""railway"":""level_crossing"",""source"":""digitalglobe""}","[{""feature_value"":""service"",""geometry_role"":""native_way_geometry"",""osm_way_id"":856311876}]","[{""feature_value"":""rail"",""geometry_role"":""native_way_geometry"",""osm_way_id"":816888699}]",native_shared_node_not_transfer_or_conflict_permission
7629498127,72.8578499,19.2161656,274790.2865891182,2126132.0916226297,EPSG:32643,"{""access"":""private"",""railway"":""level_crossing"",""source"":""digitalglobe""}","[{""feature_value"":""service"",""geometry_role"":""native_way_geometry"",""osm_way_id"":856311877}]","[{""feature_value"":""rail"",""geometry_role"":""native_way_geometry"",""osm_way_id"":48798520}]",native_shared_node_not_transfer_or_conflict_permission
7629498128,72.8578539,19.2161254,274790.6524813442,2126127.635845046,EPSG:32643,"{""access"":""private"",""railway"":""level_crossing"",""source"":""digitalglobe""}","[{""feature_value"":""service"",""geometry_role"":""native_way_geometry"",""osm_way_id"":856311877}]","[{""feature_value"":""rail"",""geometry_role"":""native_way_geometry"",""osm_way_id"":816888696}]",native_shared_node_not_transfer_or_conflict_permission
7629498129,72.857858,19.2160831,274791.02602872683,2126122.947444085,EPSG:32643,"{""access"":""private"",""railway"":""level_crossing"",""source"":""digitalglobe""}","[{""feature_value"":""service"",""geometry_role"":""native_way_geometry"",""osm_way_id"":856311877}]","[{""feature_value"":""rail"",""geometry_role"":""native_way_geometry"",""osm_way_id"":816888699}]",native_shared_node_not_transfer_or_conflict_permission
7629498130,72.8568291,19.2159751,274682.66802632634,2126112.3231325946,EPSG:32643,"{""access"":""private"",""railway"":""level_crossing"",""source"":""digitalglobe""}","[{""feature_value"":""service"",""geometry_role"":""native_way_geometry"",""osm_way_id"":936736933}]","[{""feature_value"":""rail"",""geometry_role"":""native_way_geometry"",""osm_way_id"":816888699}]",native_shared_node_not_transfer_or_conflict_permission
7629498131,72.8568235,19.2160197,274682.1398852362,2126117.2681179917,EPSG:32643,"{""access"":""private"",""railway"":""level_crossing"",""source"":""digitalglobe""}","[{""feature_value"":""service"",""geometry_role"":""native_way_geometry"",""osm_way_id"":936736933}]","[{""feature_value"":""rail"",""geometry_role"":""native_way_geometry"",""osm_way_id"":816888696}]",native_shared_node_not_transfer_or_conflict_permission
7629498142,72.8567122,19.2169146,274671.6547330342,2126216.487996652,EPSG:32643,"{""access"":""private"",""railway"":""level_crossing"",""source"":""digitalglobe""}","[{""feature_value"":""service"",""geometry_role"":""native_way_geometry"",""osm_way_id"":936736933}]","[{""feature_value"":""rail"",""geometry_role"":""native_way_geometry"",""osm_way_id"":48798816}]",native_shared_node_not_transfer_or_conflict_permission
7629498146,72.8553165,19.2171176,274525.1448479955,2126240.7712006327,EPSG:32643,"{""access"":""private"",""railway"":""level_crossing""}","[{""feature_value"":""service"",""geometry_role"":""native_way_geometry"",""osm_way_id"":936736937}]","[{""feature_value"":""rail"",""geometry_role"":""native_way_geometry"",""osm_way_id"":327888468}]",native_shared_node_not_transfer_or_conflict_permission
7629693349,73.0144419,19.0545664,291055.30553613976,2108047.415065267,EPSG:32643,"{""access"":""private"",""description"":""in the depot or yard of Indian Railways"",""railway"":""level_crossing""}","[{""feature_value"":""service"",""geometry_role"":""native_way_geometry"",""osm_way_id"":1013286395}]","[{""feature_value"":""rail"",""geometry_role"":""native_way_geometry"",""osm_way_id"":1013286437}]",native_shared_node_not_transfer_or_conflict_permission
7629693351,73.008738,19.0597193,290461.3559347468,2108624.6539618373,EPSG:32643,"{""railway"":""level_crossing""}","[{""feature_value"":""service"",""geometry_role"":""native_way_geometry"",""osm_way_id"":1013286390}]","[{""feature_value"":""rail"",""geometry_role"":""native_way_geometry"",""osm_way_id"":856527014}]",native_shared_node_not_transfer_or_conflict_permission
7629693352,73.0086947,19.0596742,290456.741376566,2108619.713075474,EPSG:32643,"{""railway"":""level_crossing""}","[{""feature_value"":""service"",""geometry_role"":""native_way_geometry"",""osm_way_id"":1013286390}]","[{""feature_value"":""rail"",""geometry_role"":""native_way_geometry"",""osm_way_id"":1013286337}]",native_shared_node_not_transfer_or_conflict_permission
7629693353,73.0086632,19.0596413,290453.38425009605,2108616.1086448836,EPSG:32643,"{""railway"":""level_crossing""}","[{""feature_value"":""service"",""geometry_role"":""native_way_geometry"",""osm_way_id"":1013286390}]","[{""feature_value"":""rail"",""geometry_role"":""native_way_geometry"",""osm_way_id"":1013286338}]",native_shared_node_not_transfer_or_conflict_permission
7629693354,73.0085845,19.0595592,290444.9968799526,2108607.114116045,EPSG:32643,"{""railway"":""level_crossing""}","[{""feature_value"":""service"",""geometry_role"":""native_way_geometry"",""osm_way_id"":1013286390}]","[{""feature_value"":""rail"",""geometry_role"":""native_way_geometry"",""osm_way_id"":1013286348}]",native_shared_node_not_transfer_or_conflict_permission
7629693364,73.0085214,19.0569276,290435.04710224806,2108315.8675977453,EPSG:32643,"{""access"":""private"",""description"":""in the depot or yard of Indian Railways"",""railway"":""level_crossing""}","[{""feature_value"":""service"",""geometry_role"":""native_way_geometry"",""osm_way_id"":1013286393}]","[{""feature_value"":""rail"",""geometry_role"":""native_way_geometry"",""osm_way_id"":592385775},{""feature_value"":""rail"",""geometry_role"":""native_way_geometry"",""osm_way_id"":1013286441}]",native_shared_node_not_transfer_or_conflict_permission
7629693375,73.0090357,19.0576272,290490.06364883645,2108392.699744118,EPSG:32643,"{""access"":""private"",""description"":""in the depot or yard of Indian Railways"",""railway"":""level_crossing""}","[{""feature_value"":""service"",""geometry_role"":""native_way_geometry"",""osm_way_id"":1013286393}]","[{""feature_value"":""rail"",""geometry_role"":""native_way_geometry"",""osm_way_id"":1013286359}]",native_shared_node_not_transfer_or_conflict_permission
7629693376,73.0090713,19.0576643,290493.8576623576,2108396.7642309982,EPSG:32643,"{""access"":""private"",""description"":""in the depot or yard of Indian Railways"",""railway"":""level_crossing""}","[{""feature_value"":""service"",""geometry_role"":""native_way_geometry"",""osm_way_id"":1013286393}]","[{""feature_value"":""rail"",""geometry_role"":""native_way_geometry"",""osm_way_id"":1013286360}]",native_shared_node_not_transfer_or_conflict_permission
7629693377,73.0091119,19.0577067,290498.1846531746,2108401.4094620505,EPSG:32643,"{""access"":""private"",""description"":""in the depot or yard of Indian Railways"",""railway"":""level_crossing""}","[{""feature_value"":""service"",""geometry_role"":""native_way_geometry"",""osm_way_id"":1013286393}]","[{""feature_value"":""rail"",""geometry_role"":""native_way_geometry"",""osm_way_id"":561526167}]",native_shared_node_not_transfer_or_conflict_permission
7629693378,73.0091931,19.0577914,290506.8385027277,2108410.6888564937,EPSG:32643,"{""access"":""private"",""description"":""in the depot or yard of Indian Railways"",""railway"":""level_crossing""}","[{""feature_value"":""service"",""geometry_role"":""native_way_geometry"",""osm_way_id"":1013286393}]","[{""feature_value"":""rail"",""geometry_role"":""native_way_geometry"",""osm_way_id"":561526164}]",native_shared_node_not_transfer_or_conflict_permission
7629693379,73.009234,19.0578341,290511.19744318334,2108415.3669420327,EPSG:32643,"{""access"":""private"",""description"":""in the depot or yard of Indian Railways"",""railway"":""level_crossing""}","[{""feature_value"":""service"",""geometry_role"":""native_way_geometry"",""osm_way_id"":1013286393}]","[{""feature_value"":""rail"",""geometry_role"":""native_way_geometry"",""osm_way_id"":1013286363}]",native_shared_node_not_transfer_or_conflict_permission
7629693380,73.0092683,19.0578698,290514.8528456315,2108419.2780035995,EPSG:32643,"{""access"":""private"",""description"":""in the depot or yard of Indian Railways"",""railway"":""level_crossing""}","[{""feature_value"":""service"",""geometry_role"":""native_way_geometry"",""osm_way_id"":1013286393}]","[{""feature_value"":""rail"",""geometry_role"":""native_way_geometry"",""osm_way_id"":1013286362}]",native_shared_node_not_transfer_or_conflict_permission
7629693381,73.0113358,19.0561482,290730.32488721976,2108226.2259002533,EPSG:32643,"{""access"":""private"",""description"":""in the depot or yard of Indian Railways"",""railway"":""level_crossing""}","[{""feature_value"":""service"",""geometry_role"":""native_way_geometry"",""osm_way_id"":1013286393}]","[{""feature_value"":""rail"",""geometry_role"":""native_way_geometry"",""osm_way_id"":561526166}]",native_shared_node_not_transfer_or_conflict_permission
7629693382,73.0112983,19.0561091,290726.3283872025,2108221.942231979,EPSG:32643,"{""access"":""private"",""description"":""in the depot or yard of Indian Railways"",""railway"":""level_crossing""}","[{""feature_value"":""service"",""geometry_role"":""native_way_geometry"",""osm_way_id"":1013286393}]","[{""feature_value"":""rail"",""geometry_role"":""native_way_geometry"",""osm_way_id"":561526165}]",native_shared_node_not_transfer_or_conflict_permission
7629693383,73.0112626,19.0560718,290722.5236210964,2108217.855678579,EPSG:32643,"{""access"":""private"",""description"":""in the depot or yard of Indian Railways"",""railway"":""level_crossing""}","[{""feature_value"":""service"",""geometry_role"":""native_way_geometry"",""osm_way_id"":1013286393}]","[{""feature_value"":""rail"",""geometry_role"":""native_way_geometry"",""osm_way_id"":1013286364}]",native_shared_node_not_transfer_or_conflict_permission
7639615653,73.0879928,19.0814996,298830.06629718584,2110942.846450504,EPSG:32643,"{""access"":""private"",""description"":""in the metro depot"",""railway"":""level_crossing""}","[{""feature_value"":""service"",""geometry_role"":""native_way_geometry"",""osm_way_id"":784805610}]","[{""feature_value"":""subway"",""geometry_role"":""native_way_geometry"",""osm_way_id"":611272515}]",native_shared_node_not_transfer_or_conflict_permission
7639615654,73.0880781,19.0815407,298839.09333982837,2110947.298147564,EPSG:32643,"{""access"":""private"",""description"":""in the metro depot"",""railway"":""level_crossing""}","[{""feature_value"":""service"",""geometry_role"":""native_way_geometry"",""osm_way_id"":784805610}]","[{""feature_value"":""subway"",""geometry_role"":""native_way_geometry"",""osm_way_id"":823998386}]",native_shared_node_not_transfer_or_conflict_permission
7726933829,73.2390573,18.3408947,313919.8174374063,2028801.4796992932,EPSG:32643,"{""crossing:barrier"":""full"",""crossing:bell"":""yes"",""crossing:light"":""no"",""railway"":""level_crossing"",""surface"":""paving_stones""}","[{""feature_value"":""unclassified"",""geometry_role"":""native_way_geometry"",""osm_way_id"":563325549}]","[{""feature_value"":""rail"",""geometry_role"":""native_way_geometry"",""osm_way_id"":77630152}]",native_shared_node_not_transfer_or_conflict_permission
7726933830,73.232308,18.3665874,313234.06646591454,2031652.131755844,EPSG:32643,"{""crossing:barrier"":""full"",""crossing:bell"":""yes"",""crossing:light"":""no"",""railway"":""level_crossing""}","[{""feature_value"":""unclassified"",""geometry_role"":""native_way_geometry"",""osm_way_id"":1191546616}]","[{""feature_value"":""rail"",""geometry_role"":""native_way_geometry"",""osm_way_id"":77630152}]",native_shared_node_not_transfer_or_conflict_permission
7726933831,73.2212443,18.3972483,312098.0613836639,2035057.1941788539,EPSG:32643,"{""crossing:barrier"":""full"",""crossing:bell"":""yes"",""crossing:light"":""yes"",""railway"":""level_crossing""}","[{""feature_value"":""primary"",""geometry_role"":""native_way_geometry"",""osm_way_id"":1191557077}]","[{""feature_value"":""rail"",""geometry_role"":""native_way_geometry"",""osm_way_id"":77630152}]",native_shared_node_not_transfer_or_conflict_permission
7812161118,72.8487488,18.9796248,273511.2542437087,2099956.302827218,EPSG:32643,"{""railway"":""level_crossing""}","[{""feature_value"":""residential"",""geometry_role"":""native_way_geometry"",""osm_way_id"":837045114}]","[{""feature_value"":""rail"",""geometry_role"":""native_way_geometry"",""osm_way_id"":55789133}]",native_shared_node_not_transfer_or_conflict_permission
7813494200,72.8553443,19.2171003,274528.0449855331,2126238.8198514506,EPSG:32643,"{""access"":""private"",""railway"":""level_crossing""}","[{""feature_value"":""service"",""geometry_role"":""native_way_geometry"",""osm_way_id"":936736937}]","[{""feature_value"":""rail"",""geometry_role"":""native_way_geometry"",""osm_way_id"":837189732}]",native_shared_node_not_transfer_or_conflict_permission
7813494201,72.8558524,19.2179018,274582.5757718303,2126326.8965379684,EPSG:32643,"{""access"":""private"",""railway"":""level_crossing""}","[{""feature_value"":""service"",""geometry_role"":""native_way_geometry"",""osm_way_id"":936736936}]","[{""feature_value"":""rail"",""geometry_role"":""native_way_geometry"",""osm_way_id"":837189732}]",native_shared_node_not_transfer_or_conflict_permission
7813494202,72.8563525,19.2187273,274636.2974506406,2126417.640784205,EPSG:32643,"{""access"":""private"",""railway"":""level_crossing""}","[{""feature_value"":""service"",""geometry_role"":""native_way_geometry"",""osm_way_id"":936736938}]","[{""feature_value"":""rail"",""geometry_role"":""native_way_geometry"",""osm_way_id"":837189732}]",native_shared_node_not_transfer_or_conflict_permission
7813494210,72.8555838,19.2191539,274556.03568191,2126465.866634394,EPSG:32643,"{""access"":""private"",""railway"":""level_crossing""}","[{""feature_value"":""service"",""geometry_role"":""native_way_geometry"",""osm_way_id"":936736938}]","[{""feature_value"":""rail"",""geometry_role"":""native_way_geometry"",""osm_way_id"":807612551}]",native_shared_node_not_transfer_or_conflict_permission
7813494211,72.8563026,19.218755,274631.087272609,2126420.7721568826,EPSG:32643,"{""access"":""private"",""railway"":""level_crossing""}","[{""feature_value"":""service"",""geometry_role"":""native_way_geometry"",""osm_way_id"":936736938}]","[{""feature_value"":""rail"",""geometry_role"":""native_way_geometry"",""osm_way_id"":327888468}]",native_shared_node_not_transfer_or_conflict_permission
7813494282,72.8507871,19.1508159,273958.262476217,2118906.2903786395,EPSG:32643,"{""access"":""private"",""description"":""in the depot or yard of Indian Railways"",""railway"":""level_crossing""}","[{""feature_value"":""service"",""geometry_role"":""native_way_geometry"",""osm_way_id"":625929064}]","[{""feature_value"":""rail"",""geometry_role"":""native_way_geometry"",""osm_way_id"":837189749}]",native_shared_node_not_transfer_or_conflict_permission
7839999612,73.0857714,18.6264438,298052.221169192,2060572.8792325514,EPSG:32643,"{""railway"":""level_crossing"",""supervised"":""no""}","[{""feature_value"":""residential"",""geometry_role"":""native_way_geometry"",""osm_way_id"":562733577}]","[{""feature_value"":""rail"",""geometry_role"":""native_way_geometry"",""osm_way_id"":312446323}]",native_shared_node_not_transfer_or_conflict_permission
7840001492,73.1226034,18.5701965,301873.9704411079,2054305.7346242587,EPSG:32643,"{""railway"":""level_crossing"",""source"":""digitalglobe""}","[{""feature_value"":""tertiary"",""geometry_role"":""native_way_geometry"",""osm_way_id"":840181614}]","[{""feature_value"":""rail"",""geometry_role"":""native_way_geometry"",""osm_way_id"":1188606053}]",native_shared_node_not_transfer_or_conflict_permission
7840001582,73.1227067,18.5702787,301884.9700379529,2054314.7195449949,EPSG:32643,"{""railway"":""level_crossing"",""source"":""digitalglobe""}","[{""feature_value"":""tertiary"",""geometry_role"":""native_way_geometry"",""osm_way_id"":840181614}]","[{""feature_value"":""rail"",""geometry_role"":""native_way_geometry"",""osm_way_id"":700704041}]",native_shared_node_not_transfer_or_conflict_permission
7852626244,72.8929642,19.0729214,278291.92115565774,2110228.6238319646,EPSG:32643,"{""access"":""private"",""description"":""in the depot or yard of Indian Railways"",""railway"":""crossing""}","[{""feature_value"":""path"",""geometry_role"":""native_way_geometry"",""osm_way_id"":856311887}]","[{""feature_value"":""rail"",""geometry_role"":""native_way_geometry"",""osm_way_id"":383026095}]",native_shared_node_not_transfer_or_conflict_permission
7852626245,72.892982,19.0729133,278293.78400827583,2110227.704572221,EPSG:32643,"{""access"":""private"",""description"":""in the depot or yard of Indian Railways"",""railway"":""crossing""}","[{""feature_value"":""path"",""geometry_role"":""native_way_geometry"",""osm_way_id"":856311887}]","[{""feature_value"":""rail"",""geometry_role"":""native_way_geometry"",""osm_way_id"":627395715}]",native_shared_node_not_transfer_or_conflict_permission
7852626246,72.8930138,19.0728836,278297.09175705625,2110224.3763050735,EPSG:32643,"{""access"":""private"",""description"":""in the depot or yard of Indian Railways"",""railway"":""crossing""}","[{""feature_value"":""path"",""geometry_role"":""native_way_geometry"",""osm_way_id"":856311887}]","[{""feature_value"":""rail"",""geometry_role"":""native_way_geometry"",""osm_way_id"":627395714}]",native_shared_node_not_transfer_or_conflict_permission
7852626247,72.893061,19.0728407,278302.0029483038,2110219.5672064926,EPSG:32643,"{""access"":""private"",""description"":""in the depot or yard of Indian Railways"",""railway"":""crossing""}","[{""feature_value"":""path"",""geometry_role"":""native_way_geometry"",""osm_way_id"":856311887}]","[{""feature_value"":""rail"",""geometry_role"":""native_way_geometry"",""osm_way_id"":627395713}]",native_shared_node_not_transfer_or_conflict_permission
7852626248,72.8931082,19.0727854,278306.89763923147,2110213.3853312964,EPSG:32643,"{""access"":""private"",""description"":""in the depot or yard of Indian Railways"",""railway"":""crossing""}","[{""feature_value"":""path"",""geometry_role"":""native_way_geometry"",""osm_way_id"":856311887}]","[{""feature_value"":""rail"",""geometry_role"":""native_way_geometry"",""osm_way_id"":48864158}]",native_shared_node_not_transfer_or_conflict_permission
7852626249,72.8931597,19.0727281,278312.24229166063,2110206.976600897,EPSG:32643,"{""access"":""private"",""description"":""in the depot or yard of Indian Railways"",""railway"":""crossing""}","[{""feature_value"":""path"",""geometry_role"":""native_way_geometry"",""osm_way_id"":856311887}]","[{""feature_value"":""rail"",""geometry_role"":""native_way_geometry"",""osm_way_id"":627395719}]",native_shared_node_not_transfer_or_conflict_permission
7852626250,72.8932002,19.0726774,278316.4378662901,2110201.3124632626,EPSG:32643,"{""access"":""private"",""description"":""in the depot or yard of Indian Railways"",""railway"":""crossing""}","[{""feature_value"":""path"",""geometry_role"":""native_way_geometry"",""osm_way_id"":856311887}]","[{""feature_value"":""rail"",""geometry_role"":""native_way_geometry"",""osm_way_id"":627395720}]",native_shared_node_not_transfer_or_conflict_permission
7852626251,72.89324,19.072637,278320.5734683458,2110196.789504062,EPSG:32643,"{""access"":""private"",""description"":""in the depot or yard of Indian Railways"",""railway"":""crossing""}","[{""feature_value"":""path"",""geometry_role"":""native_way_geometry"",""osm_way_id"":856311887}]","[{""feature_value"":""rail"",""geometry_role"":""native_way_geometry"",""osm_way_id"":383026096}]",native_shared_node_not_transfer_or_conflict_permission
7852749391,72.8872717,19.0746654,277695.05360585416,2110428.9125557523,EPSG:32643,"{""access"":""private"",""description"":""in the depot or yard of Indian Railways"",""railway"":""level_crossing""}","[{""feature_value"":""path"",""geometry_role"":""native_way_geometry"",""osm_way_id"":856311894}]","[{""feature_value"":""rail"",""geometry_role"":""native_way_geometry"",""osm_way_id"":627395709}]",native_shared_node_not_transfer_or_conflict_permission
7852749392,72.8873085,19.0746409,277698.89445616334,2110426.153504137,EPSG:32643,"{""access"":""private"",""description"":""in the depot or yard of Indian Railways"",""railway"":""level_crossing""}","[{""feature_value"":""path"",""geometry_role"":""native_way_geometry"",""osm_way_id"":856311894}]","[{""feature_value"":""rail"",""geometry_role"":""native_way_geometry"",""osm_way_id"":627395708}]",native_shared_node_not_transfer_or_conflict_permission
7852749393,72.8873621,19.0745963,277704.4768415402,2110421.147898907,EPSG:32643,"{""access"":""private"",""description"":""in the depot or yard of Indian Railways"",""railway"":""level_crossing""}","[{""feature_value"":""path"",""geometry_role"":""native_way_geometry"",""osm_way_id"":856311894}]","[{""feature_value"":""rail"",""geometry_role"":""native_way_geometry"",""osm_way_id"":627395707}]",native_shared_node_not_transfer_or_conflict_permission
7852749394,72.8874071,19.0745617,277709.16734366165,2110417.2602909827,EPSG:32643,"{""access"":""private"",""description"":""in the depot or yard of Indian Railways"",""railway"":""level_crossing""}","[{""feature_value"":""path"",""geometry_role"":""native_way_geometry"",""osm_way_id"":856311894}]","[{""feature_value"":""rail"",""geometry_role"":""native_way_geometry"",""osm_way_id"":627395695}]",native_shared_node_not_transfer_or_conflict_permission
7852749395,72.8874613,19.0745123,277714.80648428854,2110411.722528498,EPSG:32643,"{""access"":""private"",""description"":""in the depot or yard of Indian Railways"",""railway"":""level_crossing""}","[{""feature_value"":""path"",""geometry_role"":""native_way_geometry"",""osm_way_id"":856311894}]","[{""feature_value"":""rail"",""geometry_role"":""native_way_geometry"",""osm_way_id"":627395705}]",native_shared_node_not_transfer_or_conflict_permission
7852749396,72.8874923,19.074476,277718.02108760714,2110407.66448372,EPSG:32643,"{""access"":""private"",""description"":""in the depot or yard of Indian Railways"",""railway"":""level_crossing""}","[{""feature_value"":""path"",""geometry_role"":""native_way_geometry"",""osm_way_id"":856311894}]","[{""feature_value"":""rail"",""geometry_role"":""native_way_geometry"",""osm_way_id"":627395704}]",native_shared_node_not_transfer_or_conflict_permission
7852749397,72.887546,19.0744351,277723.61894738337,2110403.068379098,EPSG:32643,"{""access"":""private"",""description"":""in the depot or yard of Indian Railways"",""railway"":""level_crossing""}","[{""feature_value"":""path"",""geometry_role"":""native_way_geometry"",""osm_way_id"":856311894}]","[{""feature_value"":""rail"",""geometry_role"":""native_way_geometry"",""osm_way_id"":627395703}]",native_shared_node_not_transfer_or_conflict_permission
7852749398,72.8875789,19.0744042,277727.0407537904,2110399.6057500383,EPSG:32643,"{""access"":""private"",""description"":""in the depot or yard of Indian Railways"",""railway"":""level_crossing""}","[{""feature_value"":""path"",""geometry_role"":""native_way_geometry"",""osm_way_id"":856311894}]","[{""feature_value"":""rail"",""geometry_role"":""native_way_geometry"",""osm_way_id"":627395702}]",native_shared_node_not_transfer_or_conflict_permission
7852749399,72.8876299,19.0743576,277732.3468106912,2110394.3820373625,EPSG:32643,"{""access"":""private"",""description"":""in the depot or yard of Indian Railways"",""railway"":""level_crossing""}","[{""feature_value"":""path"",""geometry_role"":""native_way_geometry"",""osm_way_id"":856311894}]","[{""feature_value"":""rail"",""geometry_role"":""native_way_geometry"",""osm_way_id"":107213213}]",native_shared_node_not_transfer_or_conflict_permission
7852749400,72.8876647,19.0743222,277735.96260887943,2110390.4188125576,EPSG:32643,"{""access"":""private"",""description"":""in the depot or yard of Indian Railways"",""railway"":""level_crossing""}","[{""feature_value"":""path"",""geometry_role"":""native_way_geometry"",""osm_way_id"":856311894}]","[{""feature_value"":""rail"",""geometry_role"":""native_way_geometry"",""osm_way_id"":627395700}]",native_shared_node_not_transfer_or_conflict_permission
7852749401,72.8877061,19.0742959,277740.28526585025,2110387.454660009,EPSG:32643,"{""access"":""private"",""description"":""in the depot or yard of Indian Railways"",""railway"":""level_crossing""}","[{""feature_value"":""path"",""geometry_role"":""native_way_geometry"",""osm_way_id"":856311894}]","[{""feature_value"":""rail"",""geometry_role"":""native_way_geometry"",""osm_way_id"":627395697}]",native_shared_node_not_transfer_or_conflict_permission
7852749421,72.8890833,19.0743126,277885.27116861264,2110387.556767298,EPSG:32643,"{""access"":""private"",""description"":""in the depot or yard of Indian Railways"",""railway"":""level_crossing""}","[{""feature_value"":""path"",""geometry_role"":""native_way_geometry"",""osm_way_id"":856311894}]","[{""feature_value"":""rail"",""geometry_role"":""native_way_geometry"",""osm_way_id"":841669792}]",native_shared_node_not_transfer_or_conflict_permission
7852749422,72.8890482,19.0743526,277881.6298975109,2110392.029597471,EPSG:32643,"{""access"":""private"",""description"":""in the depot or yard of Indian Railways"",""railway"":""level_crossing""}","[{""feature_value"":""path"",""geometry_role"":""native_way_geometry"",""osm_way_id"":856311894}]","[{""feature_value"":""rail"",""geometry_role"":""native_way_geometry"",""osm_way_id"":841669793}]",native_shared_node_not_transfer_or_conflict_permission
7852749423,72.8888765,19.0745474,277863.8166202513,2110413.81326102,EPSG:32643,"{""access"":""private"",""description"":""in the depot or yard of Indian Railways"",""railway"":""level_crossing""}","[{""feature_value"":""path"",""geometry_role"":""native_way_geometry"",""osm_way_id"":856311894}]","[{""feature_value"":""rail"",""geometry_role"":""native_way_geometry"",""osm_way_id"":841669797}]",native_shared_node_not_transfer_or_conflict_permission
7852749424,72.8888076,19.0746256,277856.6685378437,2110422.558009843,EPSG:32643,"{""access"":""private"",""description"":""in the depot or yard of Indian Railways"",""railway"":""level_crossing""}","[{""feature_value"":""path"",""geometry_role"":""native_way_geometry"",""osm_way_id"":856311894}]","[{""feature_value"":""rail"",""geometry_role"":""native_way_geometry"",""osm_way_id"":917618758}]",native_shared_node_not_transfer_or_conflict_permission
7852749425,72.8890134,19.074392,277878.0194059572,2110396.435623276,EPSG:32643,"{""access"":""private"",""description"":""in the depot or yard of Indian Railways"",""railway"":""level_crossing""}","[{""feature_value"":""path"",""geometry_role"":""native_way_geometry"",""osm_way_id"":856311894}]","[{""feature_value"":""rail"",""geometry_role"":""native_way_geometry"",""osm_way_id"":841669794}]",native_shared_node_not_transfer_or_conflict_permission
7852749426,72.8889115,19.0745076,277867.44762325473,2110409.362694803,EPSG:32643,"{""access"":""private"",""description"":""in the depot or yard of Indian Railways"",""railway"":""level_crossing""}","[{""feature_value"":""path"",""geometry_role"":""native_way_geometry"",""osm_way_id"":856311894}]","[{""feature_value"":""rail"",""geometry_role"":""native_way_geometry"",""osm_way_id"":841669798}]",native_shared_node_not_transfer_or_conflict_permission
7852749427,72.8889789,19.0744311,277874.4400939669,2110400.8080571396,EPSG:32643,"{""access"":""private"",""description"":""in the depot or yard of Indian Railways"",""railway"":""level_crossing""}","[{""feature_value"":""path"",""geometry_role"":""native_way_geometry"",""osm_way_id"":856311894}]","[{""feature_value"":""rail"",""geometry_role"":""native_way_geometry"",""osm_way_id"":841669795}]",native_shared_node_not_transfer_or_conflict_permission
7852749428,72.8886875,19.0747719,277844.22201312054,2110438.9069187813,EPSG:32643,"{""access"":""private"",""description"":""in the depot or yard of Indian Railways"",""railway"":""level_crossing""}","[{""feature_value"":""path"",""geometry_role"":""native_way_geometry"",""osm_way_id"":856311894}]","[{""feature_value"":""rail"",""geometry_role"":""native_way_geometry"",""osm_way_id"":107213225}]",native_shared_node_not_transfer_or_conflict_permission
7852749429,72.8887734,19.0746644,277853.12041398825,2110426.8968560956,EPSG:32643,"{""access"":""private"",""description"":""in the depot or yard of Indian Railways"",""railway"":""level_crossing""}","[{""feature_value"":""path"",""geometry_role"":""native_way_geometry"",""osm_way_id"":856311894}]","[{""feature_value"":""rail"",""geometry_role"":""native_way_geometry"",""osm_way_id"":841669787}]",native_shared_node_not_transfer_or_conflict_permission
7852749430,72.8891509,19.074236,277892.28457493865,2110378.9908138537,EPSG:32643,"{""access"":""private"",""description"":""in the depot or yard of Indian Railways"",""railway"":""level_crossing""}","[{""feature_value"":""path"",""geometry_role"":""native_way_geometry"",""osm_way_id"":856311894}]","[{""feature_value"":""rail"",""geometry_role"":""native_way_geometry"",""osm_way_id"":841669790}]",native_shared_node_not_transfer_or_conflict_permission
7852749431,72.8887137,19.0747321,277846.9267235262,2110434.4675072716,EPSG:32643,"{""access"":""private"",""description"":""in the depot or yard of Indian Railways"",""railway"":""level_crossing""}","[{""feature_value"":""path"",""geometry_role"":""native_way_geometry"",""osm_way_id"":856311894}]","[{""feature_value"":""rail"",""geometry_role"":""native_way_geometry"",""osm_way_id"":841669789}]",native_shared_node_not_transfer_or_conflict_permission
7852749432,72.8887409,19.0747013,277849.7486986746,2110431.0232018502,EPSG:32643,"{""access"":""private"",""description"":""in the depot or yard of Indian Railways"",""railway"":""level_crossing""}","[{""feature_value"":""path"",""geometry_role"":""native_way_geometry"",""osm_way_id"":856311894}]","[{""feature_value"":""rail"",""geometry_role"":""native_way_geometry"",""osm_way_id"":841669788}]",native_shared_node_not_transfer_or_conflict_permission
7852749433,72.8888415,19.0745871,277860.18548568396,2110418.2527573304,EPSG:32643,"{""access"":""private"",""description"":""in the depot or yard of Indian Railways"",""railway"":""level_crossing""}","[{""feature_value"":""path"",""geometry_role"":""native_way_geometry"",""osm_way_id"":856311894}]","[{""feature_value"":""rail"",""geometry_role"":""native_way_geometry"",""osm_way_id"":841669799}]",native_shared_node_not_transfer_or_conflict_permission
7852749434,72.8889468,19.0744677,277871.11007256096,2110404.900678283,EPSG:32643,"{""access"":""private"",""description"":""in the depot or yard of Indian Railways"",""railway"":""level_crossing""}","[{""feature_value"":""path"",""geometry_role"":""native_way_geometry"",""osm_way_id"":856311894}]","[{""feature_value"":""rail"",""geometry_role"":""native_way_geometry"",""osm_way_id"":841669796}]",native_shared_node_not_transfer_or_conflict_permission
7852749435,72.889117,19.0742745,277888.7676116723,2110383.2960585714,EPSG:32643,"{""access"":""private"",""description"":""in the depot or yard of Indian Railways"",""railway"":""level_crossing""}","[{""feature_value"":""path"",""geometry_role"":""native_way_geometry"",""osm_way_id"":856311894}]","[{""feature_value"":""rail"",""geometry_role"":""native_way_geometry"",""osm_way_id"":841669791}]",native_shared_node_not_transfer_or_conflict_permission
7852749436,72.8894596,19.0738856,277924.3110562587,2110339.8073245636,EPSG:32643,"{""access"":""private"",""description"":""in the depot or yard of Indian Railways"",""railway"":""level_crossing""}","[{""feature_value"":""path"",""geometry_role"":""native_way_geometry"",""osm_way_id"":856311894}]","[{""feature_value"":""rail"",""geometry_role"":""native_way_geometry"",""osm_way_id"":841669786}]",native_shared_node_not_transfer_or_conflict_permission
7871371826,73.0583041,18.7142327,295259.0515511986,2070321.8151525543,EPSG:32643,"{""railway"":""level_crossing"",""supervised"":""no""}","[{""feature_value"":""unclassified"",""geometry_role"":""native_way_geometry"",""osm_way_id"":843811380}]","[{""feature_value"":""rail"",""geometry_role"":""native_way_geometry"",""osm_way_id"":122091072}]",native_shared_node_not_transfer_or_conflict_permission
7871371827,73.0583256,18.7141994,295261.2792042404,2070318.104334747,EPSG:32643,"{""railway"":""level_crossing"",""supervised"":""no""}","[{""feature_value"":""unclassified"",""geometry_role"":""native_way_geometry"",""osm_way_id"":843811380}]","[{""feature_value"":""rail"",""geometry_role"":""native_way_geometry"",""osm_way_id"":312446323}]",native_shared_node_not_transfer_or_conflict_permission
7871371966,73.0629148,18.6817417,295706.3762736998,2066719.946626364,EPSG:32643,"{""railway"":""level_crossing"",""source"":""digitalglobe"",""surface"":""unpaved""}","[{""feature_value"":""residential"",""geometry_role"":""native_way_geometry"",""osm_way_id"":843811408}]","[{""feature_value"":""rail"",""geometry_role"":""native_way_geometry"",""osm_way_id"":700704037}]",native_shared_node_not_transfer_or_conflict_permission
7871371994,73.0628791,18.6817125,295702.57502730505,2066716.7551445742,EPSG:32643,"{""railway"":""level_crossing"",""source"":""digitalglobe"",""surface"":""unpaved""}","[{""feature_value"":""residential"",""geometry_role"":""native_way_geometry"",""osm_way_id"":843811408}]","[{""feature_value"":""rail"",""geometry_role"":""native_way_geometry"",""osm_way_id"":312446323}]",native_shared_node_not_transfer_or_conflict_permission
7904534689,73.0019526,19.1998508,289924.4608825451,2124145.6922656414,EPSG:32643,{},"[{""feature_value"":""path"",""geometry_role"":""native_way_geometry"",""osm_way_id"":856527017}]","[{""feature_value"":""rail"",""geometry_role"":""native_way_geometry"",""osm_way_id"":48793274}]",native_shared_node_not_transfer_or_conflict_permission
7904534690,72.9972264,19.1965724,289423.21327045804,2123788.471518393,EPSG:32643,"{""access"":""private"",""railway"":""level_crossing""}","[{""feature_value"":""path"",""geometry_role"":""native_way_geometry"",""osm_way_id"":856527020}]","[{""feature_value"":""rail"",""geometry_role"":""native_way_geometry"",""osm_way_id"":48793274}]",native_shared_node_not_transfer_or_conflict_permission
7904631957,73.0086315,19.0570424,290446.7809901199,2108328.4445448383,EPSG:32643,"{""access"":""private"",""description"":""in the depot or yard of Indian Railways"",""railway"":""level_crossing""}","[{""feature_value"":""service"",""geometry_role"":""native_way_geometry"",""osm_way_id"":1013286393}]","[{""feature_value"":""rail"",""geometry_role"":""native_way_geometry"",""osm_way_id"":847107465},{""feature_value"":""rail"",""geometry_role"":""native_way_geometry"",""osm_way_id"":1013286340}]",native_shared_node_not_transfer_or_conflict_permission
7904680532,73.0111763,19.0559847,290713.3299487814,2108208.316590081,EPSG:32643,"{""access"":""private"",""description"":""in the depot or yard of Indian Railways"",""railway"":""level_crossing""}","[{""feature_value"":""service"",""geometry_role"":""native_way_geometry"",""osm_way_id"":1013286393}]","[{""feature_value"":""rail"",""geometry_role"":""native_way_geometry"",""osm_way_id"":1013286361}]",native_shared_node_not_transfer_or_conflict_permission
7904680533,73.0111371,19.055941,290709.1487171904,2108203.5257278043,EPSG:32643,"{""access"":""private"",""description"":""in the depot or yard of Indian Railways"",""railway"":""level_crossing""}","[{""feature_value"":""service"",""geometry_role"":""native_way_geometry"",""osm_way_id"":1013286393}]","[{""feature_value"":""rail"",""geometry_role"":""native_way_geometry"",""osm_way_id"":561526168}]",native_shared_node_not_transfer_or_conflict_permission
7904680534,73.0110969,19.0558991,290704.8644777947,2108198.935322109,EPSG:32643,"{""access"":""private"",""description"":""in the depot or yard of Indian Railways"",""railway"":""level_crossing""}","[{""feature_value"":""service"",""geometry_role"":""native_way_geometry"",""osm_way_id"":1013286393}]","[{""feature_value"":""rail"",""geometry_role"":""native_way_geometry"",""osm_way_id"":561526170}]",native_shared_node_not_transfer_or_conflict_permission
7904680535,73.0110652,19.0557914,290701.392399351,2108187.0506274463,EPSG:32643,"{""access"":""private"",""description"":""in the depot or yard of Indian Railways"",""railway"":""level_crossing""}","[{""feature_value"":""service"",""geometry_role"":""native_way_geometry"",""osm_way_id"":1013286393}]","[{""feature_value"":""rail"",""geometry_role"":""native_way_geometry"",""osm_way_id"":561526163}]",native_shared_node_not_transfer_or_conflict_permission
7904680536,73.0110276,19.0557521,290697.3851070204,2108182.7449432407,EPSG:32643,"{""access"":""private"",""description"":""in the depot or yard of Indian Railways"",""railway"":""level_crossing""}","[{""feature_value"":""service"",""geometry_role"":""native_way_geometry"",""osm_way_id"":1013286393}]","[{""feature_value"":""rail"",""geometry_role"":""native_way_geometry"",""osm_way_id"":561526177}]",native_shared_node_not_transfer_or_conflict_permission
7904680537,73.0109799,19.0557024,290692.30158173636,2108177.3000212302,EPSG:32643,"{""access"":""private"",""description"":""in the depot or yard of Indian Railways"",""railway"":""level_crossing""}","[{""feature_value"":""service"",""geometry_role"":""native_way_geometry"",""osm_way_id"":1013286393}]","[{""feature_value"":""rail"",""geometry_role"":""native_way_geometry"",""osm_way_id"":561526175}]",native_shared_node_not_transfer_or_conflict_permission
7904680538,73.0109421,19.055663,290688.27310669224,2108172.9835072206,EPSG:32643,"{""access"":""private"",""description"":""in the depot or yard of Indian Railways"",""railway"":""level_crossing""}","[{""feature_value"":""service"",""geometry_role"":""native_way_geometry"",""osm_way_id"":1013286393}]","[{""feature_value"":""rail"",""geometry_role"":""native_way_geometry"",""osm_way_id"":561526173}]",native_shared_node_not_transfer_or_conflict_permission
7904680539,73.0109059,19.0556252,290684.4150623593,2108168.8422062406,EPSG:32643,"{""access"":""private"",""description"":""in the depot or yard of Indian Railways"",""railway"":""level_crossing""}","[{""feature_value"":""service"",""geometry_role"":""native_way_geometry"",""osm_way_id"":1013286393}]","[{""feature_value"":""rail"",""geometry_role"":""native_way_geometry"",""osm_way_id"":561526162}]",native_shared_node_not_transfer_or_conflict_permission
7904680540,73.0108649,19.0555824,290680.04546733457,2108164.1531288126,EPSG:32643,"{""access"":""private"",""description"":""in the depot or yard of Indian Railways"",""railway"":""level_crossing""}","[{""feature_value"":""service"",""geometry_role"":""native_way_geometry"",""osm_way_id"":1013286393}]","[{""feature_value"":""rail"",""geometry_role"":""native_way_geometry"",""osm_way_id"":561526178}]",native_shared_node_not_transfer_or_conflict_permission
7904680541,73.0108332,19.0555494,290676.66713797057,2108160.537824084,EPSG:32643,"{""access"":""private"",""description"":""in the depot or yard of Indian Railways"",""railway"":""level_crossing""}","[{""feature_value"":""service"",""geometry_role"":""native_way_geometry"",""osm_way_id"":1013286393}]","[{""feature_value"":""rail"",""geometry_role"":""native_way_geometry"",""osm_way_id"":561526180}]",native_shared_node_not_transfer_or_conflict_permission
7982337805,72.9954761,19.1956966,289238.00721256936,2123693.634958626,EPSG:32643,"{""railway"":""level_crossing""}","[{""feature_value"":""path"",""geometry_role"":""native_way_geometry"",""osm_way_id"":856527016}]","[{""feature_value"":""rail"",""geometry_role"":""native_way_geometry"",""osm_way_id"":856070027}]",native_shared_node_not_transfer_or_conflict_permission
7982337806,72.9956076,19.1955887,289251.7005400795,2123681.530883839,EPSG:32643,"{""railway"":""level_crossing""}","[{""feature_value"":""path"",""geometry_role"":""native_way_geometry"",""osm_way_id"":856527016}]","[{""feature_value"":""rail"",""geometry_role"":""native_way_geometry"",""osm_way_id"":856070025}]",native_shared_node_not_transfer_or_conflict_permission
7982337807,72.9955529,19.1956223,289245.9901565176,2123685.3167276224,EPSG:32643,"{""railway"":""level_crossing""}","[{""feature_value"":""path"",""geometry_role"":""native_way_geometry"",""osm_way_id"":856527016}]","[{""feature_value"":""rail"",""geometry_role"":""native_way_geometry"",""osm_way_id"":856070026}]",native_shared_node_not_transfer_or_conflict_permission
7982337809,72.9957153,19.1955276,289262.9502830462,2123674.6365515296,EPSG:32643,"{""railway"":""level_crossing""}","[{""feature_value"":""path"",""geometry_role"":""native_way_geometry"",""osm_way_id"":856527016}]","[{""feature_value"":""rail"",""geometry_role"":""native_way_geometry"",""osm_way_id"":856070021}]",native_shared_node_not_transfer_or_conflict_permission
7982337810,72.9957264,19.1954799,289264.05698929186,2123669.342557423,EPSG:32643,"{""railway"":""level_crossing""}","[{""feature_value"":""path"",""geometry_role"":""native_way_geometry"",""osm_way_id"":856527016}]","[{""feature_value"":""rail"",""geometry_role"":""native_way_geometry"",""osm_way_id"":856070020}]",native_shared_node_not_transfer_or_conflict_permission
7982337811,72.9957535,19.1953874,289266.7894664831,2123659.0696801683,EPSG:32643,"{""railway"":""level_crossing""}","[{""feature_value"":""path"",""geometry_role"":""native_way_geometry"",""osm_way_id"":856527016}]","[{""feature_value"":""rail"",""geometry_role"":""native_way_geometry"",""osm_way_id"":48793274}]",native_shared_node_not_transfer_or_conflict_permission
7982337812,72.9957634,19.1952614,289267.67022765364,2123645.109048697,EPSG:32643,"{""railway"":""level_crossing""}","[{""feature_value"":""path"",""geometry_role"":""native_way_geometry"",""osm_way_id"":856527016}]","[{""feature_value"":""rail"",""geometry_role"":""native_way_geometry"",""osm_way_id"":856070017}]",native_shared_node_not_transfer_or_conflict_permission
7982337813,73.0009763,19.1991706,289820.91509645793,2124071.5702081113,EPSG:32643,"{""railway"":""level_crossing""}","[{""feature_value"":""path"",""geometry_role"":""native_way_geometry"",""osm_way_id"":856527018}]","[{""feature_value"":""rail"",""geometry_role"":""native_way_geometry"",""osm_way_id"":856070011}]",native_shared_node_not_transfer_or_conflict_permission
7982337814,73.0009639,19.1992333,289819.69060458743,2124078.5262771943,EPSG:32643,"{""railway"":""level_crossing""}","[{""feature_value"":""path"",""geometry_role"":""native_way_geometry"",""osm_way_id"":856527018}]","[{""feature_value"":""rail"",""geometry_role"":""native_way_geometry"",""osm_way_id"":856070012}]",native_shared_node_not_transfer_or_conflict_permission
7982337815,73.0009544,19.1992709,289818.7392252275,2124082.7001915933,EPSG:32643,"{""railway"":""level_crossing""}","[{""feature_value"":""path"",""geometry_role"":""native_way_geometry"",""osm_way_id"":856527018}]","[{""feature_value"":""rail"",""geometry_role"":""native_way_geometry"",""osm_way_id"":856070013}]",native_shared_node_not_transfer_or_conflict_permission
7982337816,73.0009563,19.1993645,289819.05799464765,2124093.0597307305,EPSG:32643,"{""railway"":""level_crossing""}","[{""feature_value"":""path"",""geometry_role"":""native_way_geometry"",""osm_way_id"":856527018}]","[{""feature_value"":""rail"",""geometry_role"":""native_way_geometry"",""osm_way_id"":856070016}]",native_shared_node_not_transfer_or_conflict_permission
7982337817,73.0009253,19.1994044,289815.8482898368,2124097.514219042,EPSG:32643,"{""railway"":""level_crossing""}","[{""feature_value"":""path"",""geometry_role"":""native_way_geometry"",""osm_way_id"":856527018}]","[{""feature_value"":""rail"",""geometry_role"":""native_way_geometry"",""osm_way_id"":48793274}]",native_shared_node_not_transfer_or_conflict_permission
7982337818,73.0008654,19.1995052,289809.6764374603,2124108.7454328565,EPSG:32643,"{""railway"":""level_crossing""}","[{""feature_value"":""path"",""geometry_role"":""native_way_geometry"",""osm_way_id"":856527018}]","[{""feature_value"":""rail"",""geometry_role"":""native_way_geometry"",""osm_way_id"":856070019}]",native_shared_node_not_transfer_or_conflict_permission
7982337819,73.0008406,19.1995413,289807.1139896355,2124112.771765208,EPSG:32643,"{""railway"":""level_crossing""}","[{""feature_value"":""path"",""geometry_role"":""native_way_geometry"",""osm_way_id"":856527018}]","[{""feature_value"":""rail"",""geometry_role"":""native_way_geometry"",""osm_way_id"":856070025}]",native_shared_node_not_transfer_or_conflict_permission
7982337820,73.000834,19.199578,289806.46647747594,2124116.842546568,EPSG:32643,"{""railway"":""level_crossing""}","[{""feature_value"":""path"",""geometry_role"":""native_way_geometry"",""osm_way_id"":856527018}]","[{""feature_value"":""rail"",""geometry_role"":""native_way_geometry"",""osm_way_id"":856070034}]",native_shared_node_not_transfer_or_conflict_permission
7982337855,72.9975101,19.1962655,289452.6612119159,2123754.1535469717,EPSG:32643,"{""access"":""private"",""railway"":""level_crossing""}","[{""feature_value"":""path"",""geometry_role"":""native_way_geometry"",""osm_way_id"":856527020}]","[{""feature_value"":""rail"",""geometry_role"":""native_way_geometry"",""osm_way_id"":856070011}]",native_shared_node_not_transfer_or_conflict_permission
7982337856,72.9996224,19.1980057,289677.03806610056,2123944.246821447,EPSG:32643,"{""access"":""private"",""railway"":""level_crossing""}","[{""feature_value"":""path"",""geometry_role"":""native_way_geometry"",""osm_way_id"":856527019}]","[{""feature_value"":""rail"",""geometry_role"":""native_way_geometry"",""osm_way_id"":856070011}]",native_shared_node_not_transfer_or_conflict_permission
7982337857,72.9974134,19.1963702,289442.6238970107,2123765.861132311,EPSG:32643,"{""access"":""private"",""railway"":""level_crossing""}","[{""feature_value"":""path"",""geometry_role"":""native_way_geometry"",""osm_way_id"":856527020}]","[{""feature_value"":""rail"",""geometry_role"":""native_way_geometry"",""osm_way_id"":856070012}]",native_shared_node_not_transfer_or_conflict_permission
7982337858,72.9994592,19.1980369,289659.91312192375,2123947.897917893,EPSG:32643,"{""access"":""private"",""railway"":""level_crossing""}","[{""feature_value"":""path"",""geometry_role"":""native_way_geometry"",""osm_way_id"":856527019}]","[{""feature_value"":""rail"",""geometry_role"":""native_way_geometry"",""osm_way_id"":856070012}]",native_shared_node_not_transfer_or_conflict_permission
7982337859,72.9973824,19.1964037,289439.40606403805,2123769.607185971,EPSG:32643,"{""access"":""private"",""railway"":""level_crossing""}","[{""feature_value"":""path"",""geometry_role"":""native_way_geometry"",""osm_way_id"":856527020}]","[{""feature_value"":""rail"",""geometry_role"":""native_way_geometry"",""osm_way_id"":856070013}]",native_shared_node_not_transfer_or_conflict_permission
7982337860,72.9994283,19.1980704,289656.7058025201,2123951.6438120697,EPSG:32643,"{""access"":""private"",""railway"":""level_crossing""}","[{""feature_value"":""path"",""geometry_role"":""native_way_geometry"",""osm_way_id"":856527019}]","[{""feature_value"":""rail"",""geometry_role"":""native_way_geometry"",""osm_way_id"":856070013}]",native_shared_node_not_transfer_or_conflict_permission
7982337861,72.9973543,19.1964342,289436.48942570423,2123773.0176229463,EPSG:32643,"{""access"":""private"",""railway"":""level_crossing""}","[{""feature_value"":""path"",""geometry_role"":""native_way_geometry"",""osm_way_id"":856527020}]","[{""feature_value"":""rail"",""geometry_role"":""native_way_geometry"",""osm_way_id"":856070014}]",native_shared_node_not_transfer_or_conflict_permission
7982337862,72.9994002,19.1981009,289653.78916043276,2123955.0542139765,EPSG:32643,"{""access"":""private"",""railway"":""level_crossing""}","[{""feature_value"":""path"",""geometry_role"":""native_way_geometry"",""osm_way_id"":856527019}]","[{""feature_value"":""rail"",""geometry_role"":""native_way_geometry"",""osm_way_id"":856070014}]",native_shared_node_not_transfer_or_conflict_permission
7982337863,72.9973311,19.1964645,289434.087898492,2123776.399994309,EPSG:32643,"{""access"":""private"",""railway"":""level_crossing""}","[{""feature_value"":""path"",""geometry_role"":""native_way_geometry"",""osm_way_id"":856527020}]","[{""feature_value"":""rail"",""geometry_role"":""native_way_geometry"",""osm_way_id"":856070015}]",native_shared_node_not_transfer_or_conflict_permission
7982337864,72.9993816,19.1981337,289651.8746093641,2123958.7077570464,EPSG:32643,"{""access"":""private"",""railway"":""level_crossing""}","[{""feature_value"":""path"",""geometry_role"":""native_way_geometry"",""osm_way_id"":856527019}]","[{""feature_value"":""rail"",""geometry_role"":""native_way_geometry"",""osm_way_id"":856070015}]",native_shared_node_not_transfer_or_conflict_permission
7982337865,72.9972993,19.1964925,289430.7789273805,2123779.538147998,EPSG:32643,"{""access"":""private"",""railway"":""level_crossing""}","[{""feature_value"":""path"",""geometry_role"":""native_way_geometry"",""osm_way_id"":856527020}]","[{""feature_value"":""rail"",""geometry_role"":""native_way_geometry"",""osm_way_id"":856070016}]",native_shared_node_not_transfer_or_conflict_permission
7982337866,72.9993472,19.1981693,289648.30185067956,2123962.6903587133,EPSG:32643,"{""access"":""private"",""railway"":""level_crossing""}","[{""feature_value"":""path"",""geometry_role"":""native_way_geometry"",""osm_way_id"":856527019}]","[{""feature_value"":""rail"",""geometry_role"":""native_way_geometry"",""osm_way_id"":856070016}]",native_shared_node_not_transfer_or_conflict_permission
7982337867,72.9972601,19.1965306,289426.7045080345,2123783.8033568654,EPSG:32643,"{""access"":""private"",""railway"":""level_crossing""}","[{""feature_value"":""path"",""geometry_role"":""native_way_geometry"",""osm_way_id"":856527020}]","[{""feature_value"":""rail"",""geometry_role"":""native_way_geometry"",""osm_way_id"":856070017}]",native_shared_node_not_transfer_or_conflict_permission
7982337868,72.9993141,19.1982049,289644.86582138203,2123966.6713906117,EPSG:32643,"{""access"":""private"",""railway"":""level_crossing""}","[{""feature_value"":""path"",""geometry_role"":""native_way_geometry"",""osm_way_id"":856527019}]","[{""feature_value"":""rail"",""geometry_role"":""native_way_geometry"",""osm_way_id"":856070017}]",native_shared_node_not_transfer_or_conflict_permission
7982337869,72.9992761,19.1982413,289640.9154524208,2123970.746906222,EPSG:32643,"{""access"":""private"",""railway"":""level_crossing""}","[{""feature_value"":""path"",""geometry_role"":""native_way_geometry"",""osm_way_id"":856527019}]","[{""feature_value"":""rail"",""geometry_role"":""native_way_geometry"",""osm_way_id"":48793274}]",native_shared_node_not_transfer_or_conflict_permission
7982337870,72.9971956,19.196616,289420.0293374291,2123793.33543992,EPSG:32643,"{""access"":""private"",""railway"":""level_crossing""}","[{""feature_value"":""path"",""geometry_role"":""native_way_geometry"",""osm_way_id"":856527020}]","[{""feature_value"":""rail"",""geometry_role"":""native_way_geometry"",""osm_way_id"":856070018}]",native_shared_node_not_transfer_or_conflict_permission
7982337871,72.9992408,19.1982784,289637.2499484663,2123974.8966530566,EPSG:32643,"{""access"":""private"",""railway"":""level_crossing""}","[{""feature_value"":""path"",""geometry_role"":""native_way_geometry"",""osm_way_id"":856527019}]","[{""feature_value"":""rail"",""geometry_role"":""native_way_geometry"",""osm_way_id"":856070018}]",native_shared_node_not_transfer_or_conflict_permission
7982337872,72.9971559,19.1966489,289415.89571624814,2123797.0255981754,EPSG:32643,"{""access"":""private"",""railway"":""level_crossing""}","[{""feature_value"":""path"",""geometry_role"":""native_way_geometry"",""osm_way_id"":856527020}]","[{""feature_value"":""rail"",""geometry_role"":""native_way_geometry"",""osm_way_id"":856070019}]",native_shared_node_not_transfer_or_conflict_permission
7982337873,72.9992903,19.1983752,289642.5792211861,2123985.5529378876,EPSG:32643,"{""access"":""private"",""railway"":""level_crossing""}","[{""feature_value"":""path"",""geometry_role"":""native_way_geometry"",""osm_way_id"":856527019}]","[{""feature_value"":""rail"",""geometry_role"":""native_way_geometry"",""osm_way_id"":856070019}]",native_shared_node_not_transfer_or_conflict_permission
7982337874,72.9971241,19.1966874,289412.6001182905,2123801.326142813,EPSG:32643,"{""access"":""private"",""railway"":""level_crossing""}","[{""feature_value"":""path"",""geometry_role"":""native_way_geometry"",""osm_way_id"":856527020}]","[{""feature_value"":""rail"",""geometry_role"":""native_way_geometry"",""osm_way_id"":856070020}]",native_shared_node_not_transfer_or_conflict_permission
7982337875,72.9992391,19.1984207,289637.25211866276,2123990.651804271,EPSG:32643,"{""access"":""private"",""railway"":""level_crossing""}","[{""feature_value"":""path"",""geometry_role"":""native_way_geometry"",""osm_way_id"":856527019}]","[{""feature_value"":""rail"",""geometry_role"":""native_way_geometry"",""osm_way_id"":856070020}]",native_shared_node_not_transfer_or_conflict_permission
7982337876,72.9970895,19.1967249,289409.0087553222,2123805.5193711235,EPSG:32643,"{""access"":""private"",""railway"":""level_crossing""}","[{""feature_value"":""path"",""geometry_role"":""native_way_geometry"",""osm_way_id"":856527020}]","[{""feature_value"":""rail"",""geometry_role"":""native_way_geometry"",""osm_way_id"":856070021}]",native_shared_node_not_transfer_or_conflict_permission
7982337877,72.9992121,19.1984608,289634.4633884206,2123995.1236341572,EPSG:32643,"{""access"":""private"",""railway"":""level_crossing""}","[{""feature_value"":""path"",""geometry_role"":""native_way_geometry"",""osm_way_id"":856527019}]","[{""feature_value"":""rail"",""geometry_role"":""native_way_geometry"",""osm_way_id"":856070021}]",native_shared_node_not_transfer_or_conflict_permission
7982337878,72.9970505,19.196763,289404.955382269,2123809.7843440776,EPSG:32643,"{""access"":""private"",""railway"":""level_crossing""}","[{""feature_value"":""path"",""geometry_role"":""native_way_geometry"",""osm_way_id"":856527020}]","[{""feature_value"":""rail"",""geometry_role"":""native_way_geometry"",""osm_way_id"":856070022}]",native_shared_node_not_transfer_or_conflict_permission
7982337879,72.9991628,19.1985033,289629.3323082143,2123999.8880973994,EPSG:32643,"{""access"":""private"",""railway"":""level_crossing""}","[{""feature_value"":""path"",""geometry_role"":""native_way_geometry"",""osm_way_id"":856527019}]","[{""feature_value"":""rail"",""geometry_role"":""native_way_geometry"",""osm_way_id"":856070022}]",native_shared_node_not_transfer_or_conflict_permission
7982337880,72.9970158,19.1968007,289401.3537597606,2123813.999835899,EPSG:32643,"{""access"":""private"",""railway"":""level_crossing""}","[{""feature_value"":""path"",""geometry_role"":""native_way_geometry"",""osm_way_id"":856527020}]","[{""feature_value"":""rail"",""geometry_role"":""native_way_geometry"",""osm_way_id"":856070023}]",native_shared_node_not_transfer_or_conflict_permission
7982337881,72.999128,19.1985409,289625.7200366708,2124004.0925950366,EPSG:32643,"{""access"":""private"",""railway"":""level_crossing""}","[{""feature_value"":""path"",""geometry_role"":""native_way_geometry"",""osm_way_id"":856527019}]","[{""feature_value"":""rail"",""geometry_role"":""native_way_geometry"",""osm_way_id"":856070023},{""feature_value"":""rail"",""geometry_role"":""native_way_geometry"",""osm_way_id"":913224195}]",native_shared_node_not_transfer_or_conflict_permission
7982337882,72.9969518,19.1968698,289394.7104508034,2123821.726858461,EPSG:32643,"{""access"":""private"",""railway"":""level_crossing""}","[{""feature_value"":""path"",""geometry_role"":""native_way_geometry"",""osm_way_id"":856527020}]","[{""feature_value"":""rail"",""geometry_role"":""native_way_geometry"",""osm_way_id"":856070024}]",native_shared_node_not_transfer_or_conflict_permission
7982337883,72.9990749,19.1986046,289620.2162595871,2124011.20856574,EPSG:32643,"{""access"":""private"",""railway"":""level_crossing""}","[{""feature_value"":""path"",""geometry_role"":""native_way_geometry"",""osm_way_id"":856527019}]","[{""feature_value"":""rail"",""geometry_role"":""native_way_geometry"",""osm_way_id"":856070024}]",native_shared_node_not_transfer_or_conflict_permission
7982337884,72.9969077,19.1969176,289390.13303558214,2123827.071828331,EPSG:32643,"{""access"":""private"",""railway"":""level_crossing""}","[{""feature_value"":""path"",""geometry_role"":""native_way_geometry"",""osm_way_id"":856527020}]","[{""feature_value"":""rail"",""geometry_role"":""native_way_geometry"",""osm_way_id"":856070025}]",native_shared_node_not_transfer_or_conflict_permission
7982337885,72.99902,19.1986578,289614.5098171064,2124017.1643275227,EPSG:32643,"{""access"":""private"",""railway"":""level_crossing""}","[{""feature_value"":""path"",""geometry_role"":""native_way_geometry"",""osm_way_id"":856527019}]","[{""feature_value"":""rail"",""geometry_role"":""native_way_geometry"",""osm_way_id"":856070025}]",native_shared_node_not_transfer_or_conflict_permission
7982337886,72.9968661,19.1969627,289385.81512594,2123832.1148761017,EPSG:32643,"{""access"":""private"",""railway"":""level_crossing""}","[{""feature_value"":""path"",""geometry_role"":""native_way_geometry"",""osm_way_id"":856527020}]","[{""feature_value"":""rail"",""geometry_role"":""native_way_geometry"",""osm_way_id"":856070026}]",native_shared_node_not_transfer_or_conflict_permission
7982337887,72.9989982,19.1986957,289612.2652083144,2124021.386330678,EPSG:32643,"{""access"":""private"",""railway"":""level_crossing""}","[{""feature_value"":""path"",""geometry_role"":""native_way_geometry"",""osm_way_id"":856527019}]","[{""feature_value"":""rail"",""geometry_role"":""native_way_geometry"",""osm_way_id"":856070026}]",native_shared_node_not_transfer_or_conflict_permission
7982337888,72.9967817,19.1970541,289377.054630491,2123842.3352712747,EPSG:32643,"{""access"":""private"",""railway"":""level_crossing""}","[{""feature_value"":""path"",""geometry_role"":""native_way_geometry"",""osm_way_id"":856527020}]","[{""feature_value"":""rail"",""geometry_role"":""native_way_geometry"",""osm_way_id"":856070027}]",native_shared_node_not_transfer_or_conflict_permission
7982337889,72.9989713,19.1988425,289609.62272223266,2124037.6701020426,EPSG:32643,"{""access"":""private"",""railway"":""level_crossing""}","[{""feature_value"":""path"",""geometry_role"":""native_way_geometry"",""osm_way_id"":856527019}]","[{""feature_value"":""rail"",""geometry_role"":""native_way_geometry"",""osm_way_id"":856070027}]",native_shared_node_not_transfer_or_conflict_permission
7982337890,72.9967465,19.1970922,289373.4009423555,2123846.5956561854,EPSG:32643,"{""access"":""private"",""railway"":""level_crossing""}","[{""feature_value"":""path"",""geometry_role"":""native_way_geometry"",""osm_way_id"":856527020}]","[{""feature_value"":""rail"",""geometry_role"":""native_way_geometry"",""osm_way_id"":856070028}]",native_shared_node_not_transfer_or_conflict_permission
7982337891,72.9989362,19.1988805,289605.97941960505,2124041.919248769,EPSG:32643,"{""access"":""private"",""railway"":""level_crossing""}","[{""feature_value"":""path"",""geometry_role"":""native_way_geometry"",""osm_way_id"":856527019}]","[{""feature_value"":""rail"",""geometry_role"":""native_way_geometry"",""osm_way_id"":856070028}]",native_shared_node_not_transfer_or_conflict_permission
7982337892,72.9967087,19.197133,289369.47723605076,2123851.158086781,EPSG:32643,"{""access"":""private"",""railway"":""level_crossing""}","[{""feature_value"":""path"",""geometry_role"":""native_way_geometry"",""osm_way_id"":856527020}]","[{""feature_value"":""rail"",""geometry_role"":""native_way_geometry"",""osm_way_id"":856070029}]",native_shared_node_not_transfer_or_conflict_permission
7982337893,72.9988984,19.1989214,289602.0558355082,2124046.4926992506,EPSG:32643,"{""access"":""private"",""railway"":""level_crossing""}","[{""feature_value"":""path"",""geometry_role"":""native_way_geometry"",""osm_way_id"":856527019}]","[{""feature_value"":""rail"",""geometry_role"":""native_way_geometry"",""osm_way_id"":856070029}]",native_shared_node_not_transfer_or_conflict_permission
7982337894,72.9966746,19.1971721,289365.94051844225,2123855.527846433,EPSG:32643,"{""access"":""private"",""railway"":""level_crossing""}","[{""feature_value"":""path"",""geometry_role"":""native_way_geometry"",""osm_way_id"":856527020}]","[{""feature_value"":""rail"",""geometry_role"":""native_way_geometry"",""osm_way_id"":856070030}]",native_shared_node_not_transfer_or_conflict_permission
7982337895,72.9988602,19.1989668,289598.0959075781,2124051.5647997023,EPSG:32643,"{""access"":""private"",""railway"":""level_crossing""}","[{""feature_value"":""path"",""geometry_role"":""native_way_geometry"",""osm_way_id"":856527019}]","[{""feature_value"":""rail"",""geometry_role"":""native_way_geometry"",""osm_way_id"":856070030}]",native_shared_node_not_transfer_or_conflict_permission
7982337896,72.9966349,19.1972139,289361.81825491524,2123860.203281087,EPSG:32643,"{""access"":""private"",""railway"":""level_crossing""}","[{""feature_value"":""path"",""geometry_role"":""native_way_geometry"",""osm_way_id"":856527020}]","[{""feature_value"":""rail"",""geometry_role"":""native_way_geometry"",""osm_way_id"":856070031}]",native_shared_node_not_transfer_or_conflict_permission
7982337897,72.9988239,19.1990061,289594.3280544764,2124055.959314,EPSG:32643,"{""access"":""private"",""railway"":""level_crossing""}","[{""feature_value"":""path"",""geometry_role"":""native_way_geometry"",""osm_way_id"":856527019}]","[{""feature_value"":""rail"",""geometry_role"":""native_way_geometry"",""osm_way_id"":856070031}]",native_shared_node_not_transfer_or_conflict_permission
7982337898,72.9965911,19.1972604,289357.2707567798,2123865.40398365,EPSG:32643,"{""access"":""private"",""railway"":""level_crossing""}","[{""feature_value"":""path"",""geometry_role"":""native_way_geometry"",""osm_way_id"":856527020}]","[{""feature_value"":""rail"",""geometry_role"":""native_way_geometry"",""osm_way_id"":856070032}]",native_shared_node_not_transfer_or_conflict_permission
7982337899,72.9987937,19.1990377,289591.1919741647,2124059.4940405865,EPSG:32643,"{""access"":""private"",""railway"":""level_crossing""}","[{""feature_value"":""path"",""geometry_role"":""native_way_geometry"",""osm_way_id"":856527019}]","[{""feature_value"":""rail"",""geometry_role"":""native_way_geometry"",""osm_way_id"":856070032}]",native_shared_node_not_transfer_or_conflict_permission
7982337900,72.9964755,19.1973856,289345.2718471696,2123879.4039231213,EPSG:32643,"{""access"":""private"",""railway"":""level_crossing""}","[{""feature_value"":""path"",""geometry_role"":""native_way_geometry"",""osm_way_id"":856527020}]","[{""feature_value"":""rail"",""geometry_role"":""native_way_geometry"",""osm_way_id"":856070033}]",native_shared_node_not_transfer_or_conflict_permission
7982337901,72.9986787,19.1991598,289579.2522080439,2124073.149918729,EPSG:32643,"{""access"":""private"",""railway"":""level_crossing""}","[{""feature_value"":""path"",""geometry_role"":""native_way_geometry"",""osm_way_id"":856527019}]","[{""feature_value"":""rail"",""geometry_role"":""native_way_geometry"",""osm_way_id"":856070033}]",native_shared_node_not_transfer_or_conflict_permission
7982337902,72.9964149,19.1974511,289338.98160005984,2123886.7283245535,EPSG:32643,"{""access"":""private"",""railway"":""level_crossing""}","[{""feature_value"":""path"",""geometry_role"":""native_way_geometry"",""osm_way_id"":856527020}]","[{""feature_value"":""rail"",""geometry_role"":""native_way_geometry"",""osm_way_id"":856070034}]",native_shared_node_not_transfer_or_conflict_permission
7982337903,72.9986239,19.199246,289573.59829871065,2124082.7587902453,EPSG:32643,"{""access"":""private"",""railway"":""level_crossing""}","[{""feature_value"":""path"",""geometry_role"":""native_way_geometry"",""osm_way_id"":856527019}]","[{""feature_value"":""rail"",""geometry_role"":""native_way_geometry"",""osm_way_id"":856070034}]",native_shared_node_not_transfer_or_conflict_permission
7983355288,73.7196271,18.7022289,364994.01016038074,2068364.0118502437,EPSG:32643,"{""railway"":""level_crossing""}","[{""feature_value"":""unclassified"",""geometry_role"":""native_way_geometry"",""osm_way_id"":857952470}]","[{""feature_value"":""rail"",""geometry_role"":""native_way_geometry"",""osm_way_id"":97699120}]",native_shared_node_not_transfer_or_conflict_permission
7983355302,73.7222353,18.6965451,365264.56431012094,2067733.0378928788,EPSG:32643,"{""railway"":""level_crossing""}","[{""feature_value"":""track"",""geometry_role"":""native_way_geometry"",""osm_way_id"":856185222}]","[{""feature_value"":""rail"",""geometry_role"":""native_way_geometry"",""osm_way_id"":97699120}]",native_shared_node_not_transfer_or_conflict_permission
7984452450,72.7609734,19.7709869,265402.8976586347,2187690.1327405297,EPSG:32643,"{""railway"":""level_crossing""}","[{""feature_value"":""unclassified"",""geometry_role"":""native_way_geometry"",""osm_way_id"":697075013}]","[{""feature_value"":""rail"",""geometry_role"":""native_way_geometry"",""osm_way_id"":99363065}]",native_shared_node_not_transfer_or_conflict_permission
7986059438,72.9956227,19.1955794,289253.2768672074,2123680.4830653463,EPSG:32643,"{""railway"":""level_crossing""}","[{""feature_value"":""path"",""geometry_role"":""native_way_geometry"",""osm_way_id"":856527016}]","[{""feature_value"":""rail"",""geometry_role"":""native_way_geometry"",""osm_way_id"":856070024}]",native_shared_node_not_transfer_or_conflict_permission
7986089377,72.8297068,20.2023598,273225.9276771202,2235358.4052103446,EPSG:32643,"{""railway"":""level_crossing""}","[{""feature_value"":""residential"",""geometry_role"":""native_way_geometry"",""osm_way_id"":856530712}]","[{""feature_value"":""rail"",""geometry_role"":""native_way_geometry"",""osm_way_id"":709222536}]",native_shared_node_not_transfer_or_conflict_permission
7992252064,72.8411438,19.0655516,272827.1686385912,2109479.0930210683,EPSG:32643,"{""railway"":""level_crossing""}","[{""feature_value"":""footway"",""geometry_role"":""native_way_geometry"",""osm_way_id"":1479516496}]","[{""feature_value"":""rail"",""geometry_role"":""native_way_geometry"",""osm_way_id"":807635623}]",native_shared_node_not_transfer_or_conflict_permission
7992252065,72.8411119,19.0655553,272823.8156406413,2109479.5440016366,EPSG:32643,"{""railway"":""level_crossing""}","[{""feature_value"":""footway"",""geometry_role"":""native_way_geometry"",""osm_way_id"":1479516496}]","[{""feature_value"":""rail"",""geometry_role"":""native_way_geometry"",""osm_way_id"":431510567}]",native_shared_node_not_transfer_or_conflict_permission
7992252066,72.8410657,19.065566,272818.9668568283,2109480.788495446,EPSG:32643,"{""railway"":""level_crossing""}","[{""feature_value"":""footway"",""geometry_role"":""native_way_geometry"",""osm_way_id"":1479516496}]","[{""feature_value"":""rail"",""geometry_role"":""native_way_geometry"",""osm_way_id"":45737269}]",native_shared_node_not_transfer_or_conflict_permission
7998452594,73.7283295,18.6895859,365901.7798931376,2066958.3070755848,EPSG:32643,"{""railway"":""level_crossing""}","[{""feature_value"":""residential"",""geometry_role"":""native_way_geometry"",""osm_way_id"":857952466}]","[{""feature_value"":""rail"",""geometry_role"":""native_way_geometry"",""osm_way_id"":97699120}]",native_shared_node_not_transfer_or_conflict_permission
7998635331,73.7323147,18.6837678,366317.5109903886,2066311.4576742502,EPSG:32643,"{""railway"":""level_crossing""}","[{""feature_value"":""residential"",""geometry_role"":""native_way_geometry"",""osm_way_id"":1199363316}]","[{""feature_value"":""rail"",""geometry_role"":""native_way_geometry"",""osm_way_id"":97699152}]",native_shared_node_not_transfer_or_conflict_permission
7998635336,73.7305884,18.6854622,366136.7730469942,2066500.2613251973,EPSG:32643,"{""railway"":""level_crossing""}","[{""feature_value"":""residential"",""geometry_role"":""native_way_geometry"",""osm_way_id"":1199363316}]","[{""feature_value"":""rail"",""geometry_role"":""native_way_geometry"",""osm_way_id"":97699130}]",native_shared_node_not_transfer_or_conflict_permission
7998776267,73.736018,18.6876292,366711.11027434724,2066736.0171389007,EPSG:32643,"{""railway"":""level_crossing""}","[{""feature_value"":""residential"",""geometry_role"":""native_way_geometry"",""osm_way_id"":856208977}]","[{""feature_value"":""rail"",""geometry_role"":""native_way_geometry"",""osm_way_id"":97699152}]",native_shared_node_not_transfer_or_conflict_permission
7998927410,73.7394719,18.6887438,367076.24620459275,2066856.793236903,EPSG:32643,"{""railway"":""level_crossing""}","[{""feature_value"":""service"",""geometry_role"":""native_way_geometry"",""osm_way_id"":856230757}]","[{""feature_value"":""rail"",""geometry_role"":""native_way_geometry"",""osm_way_id"":97699152}]",native_shared_node_not_transfer_or_conflict_permission
8021611371,73.0145651,19.0547859,291068.5492625569,2108071.567176683,EPSG:32643,"{""access"":""private"",""description"":""in the depot or yard of Indian Railways"",""railway"":""level_crossing""}","[{""feature_value"":""service"",""geometry_role"":""native_way_geometry"",""osm_way_id"":1013286395}]","[{""feature_value"":""rail"",""geometry_role"":""native_way_geometry"",""osm_way_id"":856527014}]",native_shared_node_not_transfer_or_conflict_permission
8049804457,73.3536903,18.8531929,326555.6801478844,2085389.0773882894,EPSG:32643,"{""railway"":""crossing""}","[{""feature_value"":""path"",""geometry_role"":""native_way_geometry"",""osm_way_id"":1530028428}]","[{""feature_value"":""rail"",""geometry_role"":""native_way_geometry"",""osm_way_id"":282753810}]",native_shared_node_not_transfer_or_conflict_permission
8049804761,73.3224053,18.8746136,323281.40713440656,2087790.9150537546,EPSG:32643,"{""railway"":""crossing""}","[{""feature_value"":""path"",""geometry_role"":""native_way_geometry"",""osm_way_id"":1150678713},{""feature_value"":""path"",""geometry_role"":""native_way_geometry"",""osm_way_id"":1314987843}]","[{""feature_value"":""rail"",""geometry_role"":""native_way_geometry"",""osm_way_id"":484272358}]",native_shared_node_not_transfer_or_conflict_permission
8124337890,73.2224339,18.3951993,312221.5381582752,2034829.17186815,EPSG:32643,"{""railway"":""buffer_stop""}","[{""feature_value"":""service"",""geometry_role"":""native_way_geometry"",""osm_way_id"":1494030742}]","[{""feature_value"":""rail"",""geometry_role"":""native_way_geometry"",""osm_way_id"":914314014}]",native_shared_node_not_transfer_or_conflict_permission
8286310001,73.6416973,18.7406382,356808.0353014778,2072675.4351076756,EPSG:32643,"{""railway"":""level_crossing""}","[{""feature_value"":""residential"",""geometry_role"":""native_way_geometry"",""osm_way_id"":105689880}]","[{""feature_value"":""rail"",""geometry_role"":""native_way_geometry"",""osm_way_id"":1316323049}]",native_shared_node_not_transfer_or_conflict_permission
8360488240,72.841413,18.9488258,272696.86759169505,2096556.00854111,EPSG:32643,"{""railway"":""level_crossing""}","[{""feature_value"":""service"",""geometry_role"":""native_way_geometry"",""osm_way_id"":22851141}]","[{""feature_value"":""rail"",""geometry_role"":""native_way_geometry"",""osm_way_id"":1393929771}]",native_shared_node_not_transfer_or_conflict_permission
8360488242,72.8458808,18.9673744,273192.60535356856,2098603.7589031924,EPSG:32643,"{""railway"":""level_crossing""}","[{""feature_value"":""tertiary"",""geometry_role"":""native_way_geometry"",""osm_way_id"":1118891575}]","[{""feature_value"":""rail"",""geometry_role"":""native_way_geometry"",""osm_way_id"":1384317779}]",native_shared_node_not_transfer_or_conflict_permission
8465280647,72.8943331,19.0718671,278434.6096396949,2110110.172791557,EPSG:32643,"{""railway"":""level_crossing""}","[{""feature_value"":""path"",""geometry_role"":""native_way_geometry"",""osm_way_id"":856311887}]","[{""feature_value"":""rail"",""geometry_role"":""native_way_geometry"",""osm_way_id"":107213211}]",native_shared_node_not_transfer_or_conflict_permission
8465457008,72.7532556,20.018731,264960.16825383547,2215132.202648497,EPSG:32643,"{""railway"":""level_crossing""}","[{""feature_value"":""unclassified"",""geometry_role"":""native_way_geometry"",""osm_way_id"":1077926076}]","[{""feature_value"":""rail"",""geometry_role"":""native_way_geometry"",""osm_way_id"":911726944}]",native_shared_node_not_transfer_or_conflict_permission
8490000546,72.823454,20.1946685,272561.15618446516,2234515.3618467776,EPSG:32643,"{""railway"":""level_crossing""}","[{""feature_value"":""tertiary"",""geometry_role"":""native_way_geometry"",""osm_way_id"":262569311}]","[{""feature_value"":""rail"",""geometry_role"":""native_way_geometry"",""osm_way_id"":709222532}]",native_shared_node_not_transfer_or_conflict_permission
8490000547,72.8233931,20.194699,272554.8343814138,2234518.8224458145,EPSG:32643,"{""railway"":""level_crossing""}","[{""feature_value"":""tertiary"",""geometry_role"":""native_way_geometry"",""osm_way_id"":262569311}]","[{""feature_value"":""rail"",""geometry_role"":""native_way_geometry"",""osm_way_id"":709222531}]",native_shared_node_not_transfer_or_conflict_permission
8490844000,72.9764407,19.1856896,287223.04462615494,2122608.9637295455,EPSG:32643,{},"[{""feature_value"":""pedestrian"",""geometry_role"":""area_boundary"",""osm_way_id"":434916261}]","[{""feature_value"":""platform"",""geometry_role"":""area_boundary"",""osm_way_id"":434916263}]",native_shared_node_not_transfer_or_conflict_permission
8494080862,73.139425,18.5447774,303620.60760224005,2051473.6559558723,EPSG:32643,"{""railway"":""level_crossing""}","[{""feature_value"":""residential"",""geometry_role"":""native_way_geometry"",""osm_way_id"":914380405}]","[{""feature_value"":""rail"",""geometry_role"":""native_way_geometry"",""osm_way_id"":700704044}]",native_shared_node_not_transfer_or_conflict_permission
8494080863,73.1394641,18.5447879,303624.7476896889,2051474.7755438574,EPSG:32643,"{""railway"":""level_crossing""}","[{""feature_value"":""residential"",""geometry_role"":""native_way_geometry"",""osm_way_id"":914380405}]","[{""feature_value"":""rail"",""geometry_role"":""native_way_geometry"",""osm_way_id"":914314005}]",native_shared_node_not_transfer_or_conflict_permission
8494080864,73.1393451,18.544756,303612.1474863971,2051471.3743611784,EPSG:32643,"{""railway"":""level_crossing""}","[{""feature_value"":""residential"",""geometry_role"":""native_way_geometry"",""osm_way_id"":914380405}]","[{""feature_value"":""rail"",""geometry_role"":""native_way_geometry"",""osm_way_id"":914314006}]",native_shared_node_not_transfer_or_conflict_permission
8494080865,73.1394937,18.5447959,303627.8819316536,2051475.628771613,EPSG:32643,"{""railway"":""level_crossing""}","[{""feature_value"":""residential"",""geometry_role"":""native_way_geometry"",""osm_way_id"":914380405}]","[{""feature_value"":""rail"",""geometry_role"":""native_way_geometry"",""osm_way_id"":914314007}]",native_shared_node_not_transfer_or_conflict_permission
8494080866,73.1392943,18.5447424,303606.7685948479,2051469.9244020944,EPSG:32643,"{""railway"":""level_crossing""}","[{""feature_value"":""residential"",""geometry_role"":""native_way_geometry"",""osm_way_id"":914380405}]","[{""feature_value"":""rail"",""geometry_role"":""native_way_geometry"",""osm_way_id"":914314008}]",native_shared_node_not_transfer_or_conflict_permission
8494080867,73.139339,18.5447543,303611.50151938526,2051471.1928435047,EPSG:32643,"{""railway"":""level_crossing""}","[{""feature_value"":""residential"",""geometry_role"":""native_way_geometry"",""osm_way_id"":914380405}]","[{""feature_value"":""rail"",""geometry_role"":""native_way_geometry"",""osm_way_id"":221363507}]",native_shared_node_not_transfer_or_conflict_permission
8512938864,72.8413538,19.0653632,272849.018056608,2109457.962909259,EPSG:32643,"{""railway"":""level_crossing""}","[{""feature_value"":""footway"",""geometry_role"":""native_way_geometry"",""osm_way_id"":1479516496}]","[{""feature_value"":""rail"",""geometry_role"":""native_way_geometry"",""osm_way_id"":125287983}]",native_shared_node_not_transfer_or_conflict_permission
8518544068,72.8045325,19.591763,269712.4034621101,2167786.7885563383,EPSG:32643,{},"[{""feature_value"":""tertiary"",""geometry_role"":""native_way_geometry"",""osm_way_id"":595756383},{""feature_value"":""residential"",""geometry_role"":""native_way_geometry"",""osm_way_id"":1189130795}]","[{""feature_value"":""construction"",""geometry_role"":""native_way_geometry"",""osm_way_id"":917145228}]",native_shared_node_not_transfer_or_conflict_permission
8518544156,72.7525055,19.9595478,264793.74935847835,2208580.163022245,EPSG:32643,"{""railway"":""level_crossing""}","[{""feature_value"":""unclassified"",""geometry_role"":""native_way_geometry"",""osm_way_id"":610373831}]","[{""feature_value"":""construction"",""geometry_role"":""native_way_geometry"",""osm_way_id"":917145265}]",native_shared_node_not_transfer_or_conflict_permission
8518544261,72.7525668,19.9595646,264800.1920274913,2208581.9372286573,EPSG:32643,"{""railway"":""level_crossing""}","[{""feature_value"":""unclassified"",""geometry_role"":""native_way_geometry"",""osm_way_id"":610373831}]","[{""feature_value"":""construction"",""geometry_role"":""native_way_geometry"",""osm_way_id"":917145276}]",native_shared_node_not_transfer_or_conflict_permission
8520288436,72.7526704,19.9595881,264811.0731924239,2208584.3939703996,EPSG:32643,"{""railway"":""level_crossing""}","[{""feature_value"":""unclassified"",""geometry_role"":""native_way_geometry"",""osm_way_id"":610373831}]","[{""feature_value"":""rail"",""geometry_role"":""native_way_geometry"",""osm_way_id"":807549742}]",native_shared_node_not_transfer_or_conflict_permission
8634529203,72.8938311,19.0279082,278323.352583764,2105244.221549503,EPSG:32643,{},"[{""feature_value"":""service"",""geometry_role"":""native_way_geometry"",""osm_way_id"":1206784591}]","[{""feature_value"":""monorail"",""geometry_role"":""native_way_geometry"",""osm_way_id"":441260823}]",native_shared_node_not_transfer_or_conflict_permission
8634529209,72.8929471,19.0278601,278230.21346128394,2105240.0127426162,EPSG:32643,{},"[{""feature_value"":""service"",""geometry_role"":""native_way_geometry"",""osm_way_id"":1206784590}]","[{""feature_value"":""monorail"",""geometry_role"":""native_way_geometry"",""osm_way_id"":441260823}]",native_shared_node_not_transfer_or_conflict_permission
8936814128,72.9538603,18.8784732,284451.68899767956,2088626.572843111,EPSG:32643,{},"[{""feature_value"":""footway"",""geometry_role"":""native_way_geometry"",""osm_way_id"":1249400596}]","[{""feature_value"":""platform"",""geometry_role"":""area_boundary"",""osm_way_id"":1249400609}]",native_shared_node_not_transfer_or_conflict_permission
8999421776,73.4531093,18.9369976,337113.0172869566,2094570.1068443665,EPSG:32643,{},"[{""feature_value"":""service"",""geometry_role"":""native_way_geometry"",""osm_way_id"":647650203}]","[{""feature_value"":""funicular"",""geometry_role"":""native_way_geometry"",""osm_way_id"":972353127}]",native_shared_node_not_transfer_or_conflict_permission
9049041688,72.8683319,18.7145108,275220.85364749964,2070581.243135382,EPSG:32643,"{""railway"":""level_crossing""}","[{""feature_value"":""unclassified"",""geometry_role"":""native_way_geometry"",""osm_way_id"":1187570712}]","[{""feature_value"":""rail"",""geometry_role"":""native_way_geometry"",""osm_way_id"":977966163}]",native_shared_node_not_transfer_or_conflict_permission
9049041689,72.8680762,18.7082169,275185.55971680896,2069884.7951005995,EPSG:32643,"{""railway"":""level_crossing""}","[{""feature_value"":""tertiary"",""geometry_role"":""native_way_geometry"",""osm_way_id"":562991728}]","[{""feature_value"":""rail"",""geometry_role"":""native_way_geometry"",""osm_way_id"":977966163}]",native_shared_node_not_transfer_or_conflict_permission
9074354229,72.74899,19.9706778,264442.23740905797,2209817.472890799,EPSG:32643,"{""railway"":""level_crossing""}","[{""feature_value"":""path"",""geometry_role"":""native_way_geometry"",""osm_way_id"":980986992}]","[{""feature_value"":""rail"",""geometry_role"":""native_way_geometry"",""osm_way_id"":980986989}]",native_shared_node_not_transfer_or_conflict_permission
9074354230,72.7489172,19.9706703,264434.6050506759,2209816.7447671355,EPSG:32643,"{""railway"":""level_crossing""}","[{""feature_value"":""path"",""geometry_role"":""native_way_geometry"",""osm_way_id"":980986992}]","[{""feature_value"":""rail"",""geometry_role"":""native_way_geometry"",""osm_way_id"":724670542}]",native_shared_node_not_transfer_or_conflict_permission
9074354231,72.7488281,19.9706503,264425.2477111104,2209814.655487087,EPSG:32643,"{""railway"":""level_crossing""}","[{""feature_value"":""path"",""geometry_role"":""native_way_geometry"",""osm_way_id"":980986992}]","[{""feature_value"":""rail"",""geometry_role"":""native_way_geometry"",""osm_way_id"":583453547}]",native_shared_node_not_transfer_or_conflict_permission
9074354232,72.7487627,19.9706357,264418.37947822764,2209813.1308174543,EPSG:32643,"{""railway"":""level_crossing""}","[{""feature_value"":""path"",""geometry_role"":""native_way_geometry"",""osm_way_id"":980986992}]","[{""feature_value"":""rail"",""geometry_role"":""native_way_geometry"",""osm_way_id"":583453549}]",native_shared_node_not_transfer_or_conflict_permission
9074354233,72.7486924,19.9706199,264410.99649355095,2209811.4801672446,EPSG:32643,"{""railway"":""level_crossing""}","[{""feature_value"":""path"",""geometry_role"":""native_way_geometry"",""osm_way_id"":980986992}]","[{""feature_value"":""rail"",""geometry_role"":""native_way_geometry"",""osm_way_id"":583453550}]",native_shared_node_not_transfer_or_conflict_permission
9074354234,72.7485896,19.9705922,264400.19348677306,2209808.557569943,EPSG:32643,"{""railway"":""level_crossing""}","[{""feature_value"":""path"",""geometry_role"":""native_way_geometry"",""osm_way_id"":980986992}]","[{""feature_value"":""rail"",""geometry_role"":""native_way_geometry"",""osm_way_id"":807549749}]",native_shared_node_not_transfer_or_conflict_permission
9074354235,72.7484779,19.9705584,264388.4496912571,2209804.9720639084,EPSG:32643,"{""railway"":""level_crossing""}","[{""feature_value"":""path"",""geometry_role"":""native_way_geometry"",""osm_way_id"":980986992}]","[{""feature_value"":""rail"",""geometry_role"":""native_way_geometry"",""osm_way_id"":807549750}]",native_shared_node_not_transfer_or_conflict_permission
9130423278,72.8276507,18.9341655,271227.13743036275,2094950.763111577,EPSG:32643,{},"[{""feature_value"":""footway"",""geometry_role"":""native_way_geometry"",""osm_way_id"":372673496}]","[{""feature_value"":""platform"",""geometry_role"":""area_boundary"",""osm_way_id"":803121203}]",native_shared_node_not_transfer_or_conflict_permission
9130423279,72.8272179,18.9340961,271181.4467554853,2094943.6410988895,EPSG:32643,{},"[{""feature_value"":""footway"",""geometry_role"":""native_way_geometry"",""osm_way_id"":372673496}]","[{""feature_value"":""platform"",""geometry_role"":""area_boundary"",""osm_way_id"":803121203}]",native_shared_node_not_transfer_or_conflict_permission
9133367126,72.82337,18.9465561,270793.0824410447,2096328.0896860273,EPSG:32643,{},"[{""feature_value"":""footway"",""geometry_role"":""native_way_geometry"",""osm_way_id"":988125066}]","[{""feature_value"":""platform"",""geometry_role"":""area_boundary"",""osm_way_id"":208118826}]",native_shared_node_not_transfer_or_conflict_permission
9133367127,72.8242163,18.9447814,270879.8112938722,2096130.511672006,EPSG:32643,{},"[{""feature_value"":""steps"",""geometry_role"":""native_way_geometry"",""osm_way_id"":988125032}]","[{""feature_value"":""platform"",""geometry_role"":""area_boundary"",""osm_way_id"":257500373}]",native_shared_node_not_transfer_or_conflict_permission
9133367129,72.8243495,18.9447756,270893.8353145032,2096129.6964759198,EPSG:32643,{},"[{""feature_value"":""path"",""geometry_role"":""native_way_geometry"",""osm_way_id"":988125033}]","[{""feature_value"":""platform"",""geometry_role"":""area_boundary"",""osm_way_id"":208118828}]",native_shared_node_not_transfer_or_conflict_permission
9133367130,72.8244028,18.944807,270899.4930732461,2096133.1035338738,EPSG:32643,{},"[{""feature_value"":""path"",""geometry_role"":""native_way_geometry"",""osm_way_id"":988125033}]","[{""feature_value"":""platform"",""geometry_role"":""area_boundary"",""osm_way_id"":208118828}]",native_shared_node_not_transfer_or_conflict_permission
9133367131,72.8244693,18.9448551,270906.56418454694,2096138.3423090947,EPSG:32643,{},"[{""feature_value"":""path"",""geometry_role"":""native_way_geometry"",""osm_way_id"":988125034}]","[{""feature_value"":""platform"",""geometry_role"":""area_boundary"",""osm_way_id"":208118826}]",native_shared_node_not_transfer_or_conflict_permission
9133367132,72.8245187,18.9448828,270911.8060412932,2096141.3448084346,EPSG:32643,{},"[{""feature_value"":""path"",""geometry_role"":""native_way_geometry"",""osm_way_id"":988125034}]","[{""feature_value"":""platform"",""geometry_role"":""area_boundary"",""osm_way_id"":208118826}]",native_shared_node_not_transfer_or_conflict_permission
9133367159,72.8271945,18.9358327,271181.3485692837,2095135.9309138826,EPSG:32643,{},"[{""feature_value"":""path"",""geometry_role"":""native_way_geometry"",""osm_way_id"":988125042}]","[{""feature_value"":""platform"",""geometry_role"":""area_boundary"",""osm_way_id"":803121207}]",native_shared_node_not_transfer_or_conflict_permission
9133367160,72.8272584,18.9358312,271188.0784128909,2095135.6819651367,EPSG:32643,{},"[{""feature_value"":""path"",""geometry_role"":""native_way_geometry"",""osm_way_id"":988125042}]","[{""feature_value"":""platform"",""geometry_role"":""area_boundary"",""osm_way_id"":803121207}]",native_shared_node_not_transfer_or_conflict_permission
9133367161,72.8270905,18.9358297,271170.38804160256,2095135.7336844096,EPSG:32643,{},"[{""feature_value"":""path"",""geometry_role"":""native_way_geometry"",""osm_way_id"":988125043}]","[{""feature_value"":""platform"",""geometry_role"":""area_boundary"",""osm_way_id"":803121206}]",native_shared_node_not_transfer_or_conflict_permission
9133367162,72.8271549,18.9358308,271177.17410488485,2095135.7719298769,EPSG:32643,{},"[{""feature_value"":""path"",""geometry_role"":""native_way_geometry"",""osm_way_id"":988125043}]","[{""feature_value"":""platform"",""geometry_role"":""area_boundary"",""osm_way_id"":803121206}]",native_shared_node_not_transfer_or_conflict_permission
9133367163,72.8269858,18.9358315,271159.36031112797,2095136.0687788525,EPSG:32643,{},"[{""feature_value"":""path"",""geometry_role"":""native_way_geometry"",""osm_way_id"":988125044}]","[{""feature_value"":""platform"",""geometry_role"":""area_boundary"",""osm_way_id"":803121205}]",native_shared_node_not_transfer_or_conflict_permission
9133367164,72.8270522,18.9358245,271166.3460337745,2095135.2076725436,EPSG:32643,{},"[{""feature_value"":""path"",""geometry_role"":""native_way_geometry"",""osm_way_id"":988125044}]","[{""feature_value"":""platform"",""geometry_role"":""area_boundary"",""osm_way_id"":803121205}]",native_shared_node_not_transfer_or_conflict_permission
9133367165,72.8268997,18.9358191,271150.2727388607,2095134.807664183,EPSG:32643,{},"[{""feature_value"":""path"",""geometry_role"":""native_way_geometry"",""osm_way_id"":988125045}]","[{""feature_value"":""platform"",""geometry_role"":""area_boundary"",""osm_way_id"":803121204}]",native_shared_node_not_transfer_or_conflict_permission
9133367166,72.8269483,18.9358322,271155.41062622645,2095136.1949223264,EPSG:32643,{},"[{""feature_value"":""path"",""geometry_role"":""native_way_geometry"",""osm_way_id"":988125045}]","[{""feature_value"":""platform"",""geometry_role"":""area_boundary"",""osm_way_id"":803121204}]",native_shared_node_not_transfer_or_conflict_permission
9133367198,72.8233186,18.9465308,270787.633201246,2096325.3555287097,EPSG:32643,{},"[{""feature_value"":""footway"",""geometry_role"":""native_way_geometry"",""osm_way_id"":988125066}]","[{""feature_value"":""platform"",""geometry_role"":""area_boundary"",""osm_way_id"":208118826}]",native_shared_node_not_transfer_or_conflict_permission
9133367199,72.8230841,18.9464141,270762.7706057832,2096312.7404738045,EPSG:32643,{},"[{""feature_value"":""footway"",""geometry_role"":""native_way_geometry"",""osm_way_id"":988125067}]","[{""feature_value"":""platform"",""geometry_role"":""area_boundary"",""osm_way_id"":257500373}]",native_shared_node_not_transfer_or_conflict_permission
9133367200,72.8231245,18.9464288,270767.0465867288,2096314.3153935217,EPSG:32643,{},"[{""feature_value"":""footway"",""geometry_role"":""native_way_geometry"",""osm_way_id"":988125067}]","[{""feature_value"":""platform"",""geometry_role"":""area_boundary"",""osm_way_id"":257500373}]",native_shared_node_not_transfer_or_conflict_permission
9133367201,72.8231719,18.946481,270772.1112127197,2096320.032861815,EPSG:32643,{},"[{""feature_value"":""footway"",""geometry_role"":""native_way_geometry"",""osm_way_id"":988125068}]","[{""feature_value"":""platform"",""geometry_role"":""area_boundary"",""osm_way_id"":208118828}]",native_shared_node_not_transfer_or_conflict_permission
9133367202,72.8232366,18.9465192,270778.97915584664,2096324.177890804,EPSG:32643,{},"[{""feature_value"":""footway"",""geometry_role"":""native_way_geometry"",""osm_way_id"":988125068}]","[{""feature_value"":""platform"",""geometry_role"":""area_boundary"",""osm_way_id"":208118828}]",native_shared_node_not_transfer_or_conflict_permission
9133367203,72.8235696,18.9462755,270813.7257398433,2096296.7648201582,EPSG:32643,{},"[{""feature_value"":""footway"",""geometry_role"":""native_way_geometry"",""osm_way_id"":988125069}]","[{""feature_value"":""platform"",""geometry_role"":""area_boundary"",""osm_way_id"":208118826}]",native_shared_node_not_transfer_or_conflict_permission
9133367205,72.8232692,18.9461128,270781.8581064994,2096279.1427119712,EPSG:32643,{},"[{""feature_value"":""footway"",""geometry_role"":""native_way_geometry"",""osm_way_id"":988125070}]","[{""feature_value"":""platform"",""geometry_role"":""area_boundary"",""osm_way_id"":257500373}]",native_shared_node_not_transfer_or_conflict_permission
9133367206,72.8233104,18.9461438,270786.2406378122,2096282.5211797012,EPSG:32643,{},"[{""feature_value"":""footway"",""geometry_role"":""native_way_geometry"",""osm_way_id"":988125070}]","[{""feature_value"":""platform"",""geometry_role"":""area_boundary"",""osm_way_id"":257500373}]",native_shared_node_not_transfer_or_conflict_permission
9133367207,72.823393,18.9461714,270794.97976703447,2096285.4694127368,EPSG:32643,{},"[{""feature_value"":""footway"",""geometry_role"":""native_way_geometry"",""osm_way_id"":988125071}]","[{""feature_value"":""platform"",""geometry_role"":""area_boundary"",""osm_way_id"":208118828}]",native_shared_node_not_transfer_or_conflict_permission
9133367208,72.8234512,18.9462059,270801.1579247159,2096289.2132712014,EPSG:32643,{},"[{""feature_value"":""footway"",""geometry_role"":""native_way_geometry"",""osm_way_id"":988125071}]","[{""feature_value"":""platform"",""geometry_role"":""area_boundary"",""osm_way_id"":208118828}]",native_shared_node_not_transfer_or_conflict_permission
9133399818,72.8239468,18.9456229,270852.5701477404,2096224.024826879,EPSG:32643,{},"[{""feature_value"":""steps"",""geometry_role"":""native_way_geometry"",""osm_way_id"":988125078}]","[{""feature_value"":""platform"",""geometry_role"":""area_boundary"",""osm_way_id"":208118826}]",native_shared_node_not_transfer_or_conflict_permission
9133399819,72.8240124,18.9456528,270859.52157610527,2096227.2498196978,EPSG:32643,{},"[{""feature_value"":""steps"",""geometry_role"":""native_way_geometry"",""osm_way_id"":988125078}]","[{""feature_value"":""platform"",""geometry_role"":""area_boundary"",""osm_way_id"":208118826}]",native_shared_node_not_transfer_or_conflict_permission
9133399820,72.8238104,18.9455606,270838.1160772897,2096217.304830234,EPSG:32643,{},"[{""feature_value"":""path"",""geometry_role"":""native_way_geometry"",""osm_way_id"":988125079}]","[{""feature_value"":""platform"",""geometry_role"":""area_boundary"",""osm_way_id"":208118828}]",native_shared_node_not_transfer_or_conflict_permission
9133399821,72.823867,18.9455942,270844.1244651282,2096220.9511441884,EPSG:32643,{},"[{""feature_value"":""path"",""geometry_role"":""native_way_geometry"",""osm_way_id"":988125079}]","[{""feature_value"":""platform"",""geometry_role"":""area_boundary"",""osm_way_id"":208118828}]",native_shared_node_not_transfer_or_conflict_permission
9133399822,72.8236586,18.9454787,270822.01291705103,2096208.4349327106,EPSG:32643,{},"[{""feature_value"":""path"",""geometry_role"":""native_way_geometry"",""osm_way_id"":988125080}]","[{""feature_value"":""platform"",""geometry_role"":""area_boundary"",""osm_way_id"":257500373}]",native_shared_node_not_transfer_or_conflict_permission
9133541028,72.8180374,18.9521941,270239.04801228363,2096959.219014476,EPSG:32643,{},"[{""feature_value"":""path"",""geometry_role"":""native_way_geometry"",""osm_way_id"":988138261}]","[{""feature_value"":""platform"",""geometry_role"":""area_boundary"",""osm_way_id"":427480566}]",native_shared_node_not_transfer_or_conflict_permission
9133541029,72.8179942,18.9521549,270234.44359449774,2096954.9354568983,EPSG:32643,{},"[{""feature_value"":""path"",""geometry_role"":""native_way_geometry"",""osm_way_id"":988138261}]","[{""feature_value"":""platform"",""geometry_role"":""area_boundary"",""osm_way_id"":427480566}]",native_shared_node_not_transfer_or_conflict_permission
9133541030,72.8181979,18.9520007,270255.6902401435,2096937.5983024673,EPSG:32643,{},"[{""feature_value"":""path"",""geometry_role"":""native_way_geometry"",""osm_way_id"":988138262}]","[{""feature_value"":""platform"",""geometry_role"":""area_boundary"",""osm_way_id"":427480566}]",native_shared_node_not_transfer_or_conflict_permission
9133541031,72.8182351,18.9520435,270259.66754364676,2096942.2882450982,EPSG:32643,{},"[{""feature_value"":""path"",""geometry_role"":""native_way_geometry"",""osm_way_id"":988138262}]","[{""feature_value"":""platform"",""geometry_role"":""area_boundary"",""osm_way_id"":427480566}]",native_shared_node_not_transfer_or_conflict_permission
9133541032,72.8180593,18.9517358,270240.7271189265,2096908.4516239455,EPSG:32643,{},"[{""feature_value"":""path"",""geometry_role"":""native_way_geometry"",""osm_way_id"":988138263}]","[{""feature_value"":""platform"",""geometry_role"":""area_boundary"",""osm_way_id"":988138268}]",native_shared_node_not_transfer_or_conflict_permission
9133541033,72.8181263,18.9518064,270247.88167223934,2096916.1804862241,EPSG:32643,{},"[{""feature_value"":""path"",""geometry_role"":""native_way_geometry"",""osm_way_id"":988138263}]","[{""feature_value"":""platform"",""geometry_role"":""area_boundary"",""osm_way_id"":988138268}]",native_shared_node_not_transfer_or_conflict_permission
9133541034,72.8172989,18.9524207,270161.5645232795,2096985.2689561495,EPSG:32643,{},"[{""feature_value"":""path"",""geometry_role"":""native_way_geometry"",""osm_way_id"":988138264}]","[{""feature_value"":""platform"",""geometry_role"":""area_boundary"",""osm_way_id"":988138268}]",native_shared_node_not_transfer_or_conflict_permission
9133541035,72.8172301,18.9523624,270154.23719729175,2096978.904218583,EPSG:32643,{},"[{""feature_value"":""path"",""geometry_role"":""native_way_geometry"",""osm_way_id"":988138264}]","[{""feature_value"":""platform"",""geometry_role"":""area_boundary"",""osm_way_id"":988138268}]",native_shared_node_not_transfer_or_conflict_permission
9133541037,72.8177227,18.9523884,270206.16355671966,2096981.1404142461,EPSG:32643,{},"[{""feature_value"":""steps"",""geometry_role"":""native_way_geometry"",""osm_way_id"":988138265}]","[{""feature_value"":""platform"",""geometry_role"":""area_boundary"",""osm_way_id"":427480566}]",native_shared_node_not_transfer_or_conflict_permission
9133541039,72.8176349,18.9522974,270196.78996959224,2096971.1801822425,EPSG:32643,{},"[{""feature_value"":""steps"",""geometry_role"":""native_way_geometry"",""osm_way_id"":988138266}]","[{""feature_value"":""platform"",""geometry_role"":""area_boundary"",""osm_way_id"":427480565}]",native_shared_node_not_transfer_or_conflict_permission
9133541078,72.8197452,18.9508494,270417.1078627078,2096808.1207947077,EPSG:32643,{},"[{""feature_value"":""path"",""geometry_role"":""native_way_geometry"",""osm_way_id"":988138271}]","[{""feature_value"":""platform"",""geometry_role"":""area_boundary"",""osm_way_id"":427480566}]",native_shared_node_not_transfer_or_conflict_permission
9133541079,72.8197127,18.950826,270413.6522384768,2096805.5724895927,EPSG:32643,{},"[{""feature_value"":""path"",""geometry_role"":""native_way_geometry"",""osm_way_id"":988138271}]","[{""feature_value"":""platform"",""geometry_role"":""area_boundary"",""osm_way_id"":427480566}]",native_shared_node_not_transfer_or_conflict_permission
9133541081,72.8196479,18.9507739,270406.7548003149,2096799.8888528605,EPSG:32643,{},"[{""feature_value"":""path"",""geometry_role"":""native_way_geometry"",""osm_way_id"":988138273}]","[{""feature_value"":""platform"",""geometry_role"":""area_boundary"",""osm_way_id"":427480565}]",native_shared_node_not_transfer_or_conflict_permission
9133541082,72.8196192,18.9507485,270403.69673260115,2096797.1141781127,EPSG:32643,{},"[{""feature_value"":""path"",""geometry_role"":""native_way_geometry"",""osm_way_id"":988138273}]","[{""feature_value"":""platform"",""geometry_role"":""area_boundary"",""osm_way_id"":427480565}]",native_shared_node_not_transfer_or_conflict_permission
9133606070,72.8159558,18.9627686,270034.27563247073,2098132.648926079,EPSG:32643,{},"[{""feature_value"":""path"",""geometry_role"":""native_way_geometry"",""osm_way_id"":988148643}]","[{""feature_value"":""platform"",""geometry_role"":""native_way_geometry"",""osm_way_id"":48755011}]",native_shared_node_not_transfer_or_conflict_permission
9133606072,72.8158735,18.9628533,270025.722856674,2098142.133602756,EPSG:32643,{},"[{""feature_value"":""path"",""geometry_role"":""native_way_geometry"",""osm_way_id"":988148645}]","[{""feature_value"":""platform"",""geometry_role"":""area_boundary"",""osm_way_id"":48755567}]",native_shared_node_not_transfer_or_conflict_permission
9133606073,72.8158334,18.9628697,270021.521466226,2098144.0016159313,EPSG:32643,{},"[{""feature_value"":""path"",""geometry_role"":""native_way_geometry"",""osm_way_id"":988148645}]","[{""feature_value"":""platform"",""geometry_role"":""area_boundary"",""osm_way_id"":48755567}]",native_shared_node_not_transfer_or_conflict_permission
9133606074,72.8164917,18.9637772,270092.1076695663,2098243.6127552297,EPSG:32643,{},"[{""feature_value"":""path"",""geometry_role"":""native_way_geometry"",""osm_way_id"":988148646}]","[{""feature_value"":""platform"",""geometry_role"":""native_way_geometry"",""osm_way_id"":48755011}]",native_shared_node_not_transfer_or_conflict_permission
9133606075,72.8164229,18.96381,270084.9057285092,2098247.333877307,EPSG:32643,{},"[{""feature_value"":""path"",""geometry_role"":""native_way_geometry"",""osm_way_id"":988148646}]","[{""feature_value"":""platform"",""geometry_role"":""native_way_geometry"",""osm_way_id"":48755011}]",native_shared_node_not_transfer_or_conflict_permission
9133606076,72.8163215,18.9638281,270074.2497563889,2098249.47009833,EPSG:32643,{},"[{""feature_value"":""path"",""geometry_role"":""native_way_geometry"",""osm_way_id"":988148647}]","[{""feature_value"":""platform"",""geometry_role"":""area_boundary"",""osm_way_id"":48755567}]",native_shared_node_not_transfer_or_conflict_permission
9133606077,72.8162678,18.9638647,270068.6435672112,2098253.592220846,EPSG:32643,{},"[{""feature_value"":""path"",""geometry_role"":""native_way_geometry"",""osm_way_id"":988148647}]","[{""feature_value"":""platform"",""geometry_role"":""area_boundary"",""osm_way_id"":48755567}]",native_shared_node_not_transfer_or_conflict_permission
9133606078,72.8164439,18.9640943,270087.50773522863,2098278.7816626322,EPSG:32643,{},"[{""feature_value"":""path"",""geometry_role"":""native_way_geometry"",""osm_way_id"":988148648}]","[{""feature_value"":""platform"",""geometry_role"":""area_boundary"",""osm_way_id"":48755567}]",native_shared_node_not_transfer_or_conflict_permission
9133606079,72.8163847,18.9641159,270081.3016429697,2098281.250292521,EPSG:32643,{},"[{""feature_value"":""path"",""geometry_role"":""native_way_geometry"",""osm_way_id"":988148648}]","[{""feature_value"":""platform"",""geometry_role"":""area_boundary"",""osm_way_id"":48755567}]",native_shared_node_not_transfer_or_conflict_permission
9135847559,72.8303642,18.9957668,271596.97807675786,2101767.1510886154,EPSG:32643,{},"[{""feature_value"":""path"",""geometry_role"":""native_way_geometry"",""osm_way_id"":988379141}]","[{""feature_value"":""platform"",""geometry_role"":""area_boundary"",""osm_way_id"":49000296}]",native_shared_node_not_transfer_or_conflict_permission
9135847560,72.830275,18.9958166,271587.65219828096,2101772.7803274444,EPSG:32643,{},"[{""feature_value"":""path"",""geometry_role"":""native_way_geometry"",""osm_way_id"":988379141}]","[{""feature_value"":""platform"",""geometry_role"":""area_boundary"",""osm_way_id"":49000296}]",native_shared_node_not_transfer_or_conflict_permission
9135847562,72.8301511,18.9958602,271574.6635193686,2101777.7682337128,EPSG:32643,{},"[{""feature_value"":""steps"",""geometry_role"":""native_way_geometry"",""osm_way_id"":988379142}]","[{""feature_value"":""platform"",""geometry_role"":""area_boundary"",""osm_way_id"":339041797}]",native_shared_node_not_transfer_or_conflict_permission
9136041548,72.8306379,18.9963864,271626.64791111613,2101835.3920110296,EPSG:32643,{},"[{""feature_value"":""path"",""geometry_role"":""native_way_geometry"",""osm_way_id"":988405116}]","[{""feature_value"":""platform"",""geometry_role"":""area_boundary"",""osm_way_id"":49000296}]",native_shared_node_not_transfer_or_conflict_permission
9136041549,72.8305536,18.996429,271617.82826198044,2101840.2177576483,EPSG:32643,{},"[{""feature_value"":""path"",""geometry_role"":""native_way_geometry"",""osm_way_id"":988405116}]","[{""feature_value"":""platform"",""geometry_role"":""area_boundary"",""osm_way_id"":49000296}]",native_shared_node_not_transfer_or_conflict_permission
9136188635,72.8244848,18.9827843,270960.0363963751,2100337.4915334582,EPSG:32643,{},"[{""feature_value"":""path"",""geometry_role"":""native_way_geometry"",""osm_way_id"":988421621}]","[{""feature_value"":""platform"",""geometry_role"":""area_boundary"",""osm_way_id"":427204418}]",native_shared_node_not_transfer_or_conflict_permission
9136188636,72.824406,18.9828103,270951.77267523017,2100340.472574091,EPSG:32643,{},"[{""feature_value"":""path"",""geometry_role"":""native_way_geometry"",""osm_way_id"":988421621}]","[{""feature_value"":""platform"",""geometry_role"":""area_boundary"",""osm_way_id"":427204418}]",native_shared_node_not_transfer_or_conflict_permission
9136188648,72.8237406,18.9817492,270880.2399946929,2100223.8633275004,EPSG:32643,{},"[{""feature_value"":""path"",""geometry_role"":""native_way_geometry"",""osm_way_id"":988421630}]","[{""feature_value"":""platform"",""geometry_role"":""area_boundary"",""osm_way_id"":427204418}]",native_shared_node_not_transfer_or_conflict_permission
9136188649,72.8236493,18.9817915,270870.6820154815,2100228.665261717,EPSG:32643,{},"[{""feature_value"":""path"",""geometry_role"":""native_way_geometry"",""osm_way_id"":988421630}]","[{""feature_value"":""platform"",""geometry_role"":""area_boundary"",""osm_way_id"":427204418}]",native_shared_node_not_transfer_or_conflict_permission
9136188650,72.8239648,18.98206,270904.2783841473,2100257.9804310347,EPSG:32643,{},"[{""feature_value"":""path"",""geometry_role"":""native_way_geometry"",""osm_way_id"":988421631}]","[{""feature_value"":""platform"",""geometry_role"":""area_boundary"",""osm_way_id"":427204418}]",native_shared_node_not_transfer_or_conflict_permission
9136188651,72.8238921,18.9821193,270896.7026599597,2100264.640227321,EPSG:32643,{},"[{""feature_value"":""path"",""geometry_role"":""native_way_geometry"",""osm_way_id"":988421631}]","[{""feature_value"":""platform"",""geometry_role"":""area_boundary"",""osm_way_id"":427204418}]",native_shared_node_not_transfer_or_conflict_permission
9136249313,72.8194206,18.9698285,270408.9094702628,2098909.7385157566,EPSG:32643,{},"[{""feature_value"":""footway"",""geometry_role"":""native_way_geometry"",""osm_way_id"":988428635}]","[{""feature_value"":""platform"",""geometry_role"":""area_boundary"",""osm_way_id"":207540456},{""feature_value"":""platform"",""geometry_role"":""area_boundary"",""osm_way_id"":807749597}]",native_shared_node_not_transfer_or_conflict_permission
9136249315,72.8191947,18.9698466,270385.14036211243,2098912.0369156008,EPSG:32643,{},"[{""feature_value"":""footway"",""geometry_role"":""native_way_geometry"",""osm_way_id"":988428636}]","[{""feature_value"":""platform"",""geometry_role"":""area_boundary"",""osm_way_id"":207540456},{""feature_value"":""platform"",""geometry_role"":""area_boundary"",""osm_way_id"":807749599}]",native_shared_node_not_transfer_or_conflict_permission
9136262918,72.8190769,18.9698555,270372.74475570477,2098913.1758446163,EPSG:32643,{},"[{""feature_value"":""footway"",""geometry_role"":""native_way_geometry"",""osm_way_id"":42321063},{""feature_value"":""footway"",""geometry_role"":""native_way_geometry"",""osm_way_id"":988428633}]","[{""feature_value"":""platform"",""geometry_role"":""area_boundary"",""osm_way_id"":207540456}]",native_shared_node_not_transfer_or_conflict_permission
9136262925,72.8196384,18.9717291,270434.4545610021,2099119.8720593937,EPSG:32643,{},"[{""feature_value"":""path"",""geometry_role"":""native_way_geometry"",""osm_way_id"":988428643}]","[{""feature_value"":""platform"",""geometry_role"":""area_boundary"",""osm_way_id"":807749597}]",native_shared_node_not_transfer_or_conflict_permission
9136262926,72.8195212,18.9717546,270422.145041696,2099122.8479919527,EPSG:32643,{},"[{""feature_value"":""path"",""geometry_role"":""native_way_geometry"",""osm_way_id"":988428643}]","[{""feature_value"":""platform"",""geometry_role"":""area_boundary"",""osm_way_id"":807749597}]",native_shared_node_not_transfer_or_conflict_permission
9136262927,72.8194153,18.97172,270410.9433677001,2099119.155462114,EPSG:32643,{},"[{""feature_value"":""path"",""geometry_role"":""native_way_geometry"",""osm_way_id"":988428644}]","[{""feature_value"":""platform"",""geometry_role"":""area_boundary"",""osm_way_id"":807749599}]",native_shared_node_not_transfer_or_conflict_permission
9136262928,72.8193003,18.9717272,270398.84049070766,2099120.1025286415,EPSG:32643,{},"[{""feature_value"":""path"",""geometry_role"":""native_way_geometry"",""osm_way_id"":988428644}]","[{""feature_value"":""platform"",""geometry_role"":""area_boundary"",""osm_way_id"":807749599}]",native_shared_node_not_transfer_or_conflict_permission
9136262929,72.8191089,18.9717892,270378.76565121044,2099127.2161990963,EPSG:32643,{},"[{""feature_value"":""path"",""geometry_role"":""native_way_geometry"",""osm_way_id"":988428645}]","[{""feature_value"":""platform"",""geometry_role"":""area_boundary"",""osm_way_id"":207565917}]",native_shared_node_not_transfer_or_conflict_permission
9136262930,72.819044,18.9717986,270371.9427365061,2099128.3415168915,EPSG:32643,{},"[{""feature_value"":""path"",""geometry_role"":""native_way_geometry"",""osm_way_id"":988428645}]","[{""feature_value"":""platform"",""geometry_role"":""area_boundary"",""osm_way_id"":207565917}]",native_shared_node_not_transfer_or_conflict_permission
9136262931,72.8189329,18.9717113,270360.12110490707,2099118.8213214274,EPSG:32643,{},"[{""feature_value"":""path"",""geometry_role"":""native_way_geometry"",""osm_way_id"":988428646}]","[{""feature_value"":""platform"",""geometry_role"":""area_boundary"",""osm_way_id"":207565916}]",native_shared_node_not_transfer_or_conflict_permission
9136262932,72.8188517,18.9717117,270351.56899945164,2099118.9715037756,EPSG:32643,{},"[{""feature_value"":""path"",""geometry_role"":""native_way_geometry"",""osm_way_id"":988428646}]","[{""feature_value"":""platform"",""geometry_role"":""area_boundary"",""osm_way_id"":207565916}]",native_shared_node_not_transfer_or_conflict_permission
9136262947,72.8189187,18.9700661,270356.37030648306,2098936.697896782,EPSG:32643,{},"[{""feature_value"":""path"",""geometry_role"":""native_way_geometry"",""osm_way_id"":988428655}]","[{""feature_value"":""platform"",""geometry_role"":""area_boundary"",""osm_way_id"":207565917}]",native_shared_node_not_transfer_or_conflict_permission
9136262948,72.8188421,18.9700885,270348.3327875497,2098939.27771784,EPSG:32643,{},"[{""feature_value"":""path"",""geometry_role"":""native_way_geometry"",""osm_way_id"":988428655}]","[{""feature_value"":""platform"",""geometry_role"":""area_boundary"",""osm_way_id"":207565917}]",native_shared_node_not_transfer_or_conflict_permission
9136262949,72.8187446,18.9701025,270338.0823742066,2098940.954825883,EPSG:32643,{},"[{""feature_value"":""path"",""geometry_role"":""native_way_geometry"",""osm_way_id"":988428656}]","[{""feature_value"":""platform"",""geometry_role"":""area_boundary"",""osm_way_id"":207565916}]",native_shared_node_not_transfer_or_conflict_permission
9136262950,72.8186644,18.9701138,270329.65045709396,2098942.3104568967,EPSG:32643,{},"[{""feature_value"":""path"",""geometry_role"":""native_way_geometry"",""osm_way_id"":988428656}]","[{""feature_value"":""platform"",""geometry_role"":""area_boundary"",""osm_way_id"":207565916}]",native_shared_node_not_transfer_or_conflict_permission
9136262953,72.818787,18.9705026,270343.0967841125,2098985.195052161,EPSG:32643,{},"[{""feature_value"":""path"",""geometry_role"":""native_way_geometry"",""osm_way_id"":988428658}]","[{""feature_value"":""platform"",""geometry_role"":""area_boundary"",""osm_way_id"":207565916}]",native_shared_node_not_transfer_or_conflict_permission
9136262954,72.8187043,18.9705066,270334.3915577017,2098985.7457522587,EPSG:32643,{},"[{""feature_value"":""path"",""geometry_role"":""native_way_geometry"",""osm_way_id"":988428658}]","[{""feature_value"":""platform"",""geometry_role"":""area_boundary"",""osm_way_id"":207565916}]",native_shared_node_not_transfer_or_conflict_permission
9136262955,72.8195834,18.9709869,270427.64443520375,2099037.7739926483,EPSG:32643,{},"[{""feature_value"":""path"",""geometry_role"":""native_way_geometry"",""osm_way_id"":988428659}]","[{""feature_value"":""platform"",""geometry_role"":""area_boundary"",""osm_way_id"":807749597}]",native_shared_node_not_transfer_or_conflict_permission
9136262956,72.8194525,18.9709943,270413.86705330625,2099038.763914848,EPSG:32643,{},"[{""feature_value"":""path"",""geometry_role"":""native_way_geometry"",""osm_way_id"":988428659}]","[{""feature_value"":""platform"",""geometry_role"":""area_boundary"",""osm_way_id"":807749597}]",native_shared_node_not_transfer_or_conflict_permission
9136262957,72.819357,18.9710026,270403.8195400473,2099039.80733106,EPSG:32643,{},"[{""feature_value"":""path"",""geometry_role"":""native_way_geometry"",""osm_way_id"":988428660}]","[{""feature_value"":""platform"",""geometry_role"":""area_boundary"",""osm_way_id"":807749599}]",native_shared_node_not_transfer_or_conflict_permission
9136262958,72.8192402,18.9710154,270391.5346940623,2099041.376726003,EPSG:32643,{},"[{""feature_value"":""path"",""geometry_role"":""native_way_geometry"",""osm_way_id"":988428660}]","[{""feature_value"":""platform"",""geometry_role"":""area_boundary"",""osm_way_id"":807749599}]",native_shared_node_not_transfer_or_conflict_permission
9136262959,72.8190158,18.9707943,270367.5958828657,2099017.1911103707,EPSG:32643,{},"[{""feature_value"":""path"",""geometry_role"":""native_way_geometry"",""osm_way_id"":988428661}]","[{""feature_value"":""platform"",""geometry_role"":""area_boundary"",""osm_way_id"":207565917}]",native_shared_node_not_transfer_or_conflict_permission
9136262960,72.8189206,18.9708111,270357.5916072823,2099019.1752039804,EPSG:32643,{},"[{""feature_value"":""path"",""geometry_role"":""native_way_geometry"",""osm_way_id"":988428661}]","[{""feature_value"":""platform"",""geometry_role"":""area_boundary"",""osm_way_id"":207565917}]",native_shared_node_not_transfer_or_conflict_permission
9136262961,72.8188202,18.9707981,270346.9987737556,2099017.8668931145,EPSG:32643,{},"[{""feature_value"":""path"",""geometry_role"":""native_way_geometry"",""osm_way_id"":988428662}]","[{""feature_value"":""platform"",""geometry_role"":""area_boundary"",""osm_way_id"":207565916}]",native_shared_node_not_transfer_or_conflict_permission
9136262962,72.8187368,18.9708053,270338.22421941266,2099018.7727815723,EPSG:32643,{},"[{""feature_value"":""path"",""geometry_role"":""native_way_geometry"",""osm_way_id"":988428662}]","[{""feature_value"":""platform"",""geometry_role"":""area_boundary"",""osm_way_id"":207565916}]",native_shared_node_not_transfer_or_conflict_permission
9138744421,72.8354508,19.0066785,272147.5260526098,2102968.5924377046,EPSG:32643,{},"[{""feature_value"":""footway"",""geometry_role"":""native_way_geometry"",""osm_way_id"":988728523}]","[{""feature_value"":""platform"",""geometry_role"":""area_boundary"",""osm_way_id"":236364113}]",native_shared_node_not_transfer_or_conflict_permission
9138744422,72.8353833,19.0067139,272140.46619015007,2102972.599089892,EPSG:32643,{},"[{""feature_value"":""footway"",""geometry_role"":""native_way_geometry"",""osm_way_id"":988728523}]","[{""feature_value"":""platform"",""geometry_role"":""area_boundary"",""osm_way_id"":236364113}]",native_shared_node_not_transfer_or_conflict_permission
9138744427,72.8360951,19.0077494,272216.8332682487,2103086.317250702,EPSG:32643,{},"[{""feature_value"":""path"",""geometry_role"":""native_way_geometry"",""osm_way_id"":988728528}]","[{""feature_value"":""platform"",""geometry_role"":""area_boundary"",""osm_way_id"":236364113}]",native_shared_node_not_transfer_or_conflict_permission
9138744428,72.8360146,19.0077926,272208.41511041566,2103091.204269844,EPSG:32643,{},"[{""feature_value"":""path"",""geometry_role"":""native_way_geometry"",""osm_way_id"":988728528}]","[{""feature_value"":""platform"",""geometry_role"":""area_boundary"",""osm_way_id"":236364113}]",native_shared_node_not_transfer_or_conflict_permission
9138744429,72.8370848,19.0082744,272321.76816097565,2103143.157937645,EPSG:32643,{},"[{""feature_value"":""footway"",""geometry_role"":""native_way_geometry"",""osm_way_id"":988728529}]","[{""feature_value"":""platform"",""geometry_role"":""area_boundary"",""osm_way_id"":236364111}]",native_shared_node_not_transfer_or_conflict_permission
9138744430,72.8370337,19.0083033,272316.42647596856,2103146.4236643454,EPSG:32643,{},"[{""feature_value"":""footway"",""geometry_role"":""native_way_geometry"",""osm_way_id"":988728529}]","[{""feature_value"":""platform"",""geometry_role"":""area_boundary"",""osm_way_id"":236364111}]",native_shared_node_not_transfer_or_conflict_permission
9138744431,72.8369574,19.0083277,272308.42499899026,2103149.2238410525,EPSG:32643,{},"[{""feature_value"":""footway"",""geometry_role"":""native_way_geometry"",""osm_way_id"":988728530}]","[{""feature_value"":""platform"",""geometry_role"":""area_boundary"",""osm_way_id"":236364110}]",native_shared_node_not_transfer_or_conflict_permission
9138744435,72.8371138,19.0085724,272325.2278207619,2103176.1120864786,EPSG:32643,{},"[{""feature_value"":""footway"",""geometry_role"":""native_way_geometry"",""osm_way_id"":988728532}]","[{""feature_value"":""platform"",""geometry_role"":""area_boundary"",""osm_way_id"":236364110}]",native_shared_node_not_transfer_or_conflict_permission
9138744436,72.8370506,19.0086138,272318.62899132475,2103180.7773684217,EPSG:32643,{},"[{""feature_value"":""footway"",""geometry_role"":""native_way_geometry"",""osm_way_id"":988728532}]","[{""feature_value"":""platform"",""geometry_role"":""area_boundary"",""osm_way_id"":236364110}]",native_shared_node_not_transfer_or_conflict_permission
9138744437,72.8370133,19.0086319,272314.72580410703,2103182.829547222,EPSG:32643,{},"[{""feature_value"":""footway"",""geometry_role"":""native_way_geometry"",""osm_way_id"":988728533}]","[{""feature_value"":""platform"",""geometry_role"":""area_boundary"",""osm_way_id"":661939865}]",native_shared_node_not_transfer_or_conflict_permission
9138744438,72.8369676,19.0086512,272309.93969878095,2103185.0254614134,EPSG:32643,{},"[{""feature_value"":""footway"",""geometry_role"":""native_way_geometry"",""osm_way_id"":988728533}]","[{""feature_value"":""platform"",""geometry_role"":""area_boundary"",""osm_way_id"":661939865}]",native_shared_node_not_transfer_or_conflict_permission
9138744441,72.837426,19.009046,272358.74863041367,2103228.14016211,EPSG:32643,{},"[{""feature_value"":""footway"",""geometry_role"":""native_way_geometry"",""osm_way_id"":988728535}]","[{""feature_value"":""platform"",""geometry_role"":""area_boundary"",""osm_way_id"":236364110}]",native_shared_node_not_transfer_or_conflict_permission
9138744442,72.8373643,19.0090861,272352.3059993569,2103232.659566933,EPSG:32643,{},"[{""feature_value"":""footway"",""geometry_role"":""native_way_geometry"",""osm_way_id"":988728535}]","[{""feature_value"":""platform"",""geometry_role"":""area_boundary"",""osm_way_id"":236364110}]",native_shared_node_not_transfer_or_conflict_permission
9138744443,72.8373193,19.0091037,272347.59130185866,2103234.666357938,EPSG:32643,{},"[{""feature_value"":""footway"",""geometry_role"":""native_way_geometry"",""osm_way_id"":988728536}]","[{""feature_value"":""platform"",""geometry_role"":""area_boundary"",""osm_way_id"":661939865}]",native_shared_node_not_transfer_or_conflict_permission
9138744444,72.8372551,19.0091329,272340.8705724726,2103237.98226159,EPSG:32643,{},"[{""feature_value"":""footway"",""geometry_role"":""native_way_geometry"",""osm_way_id"":988728536}]","[{""feature_value"":""platform"",""geometry_role"":""area_boundary"",""osm_way_id"":661939865}]",native_shared_node_not_transfer_or_conflict_permission
9138744445,72.8367037,19.0088132,272282.3706502062,2103203.302454172,EPSG:32643,{},"[{""feature_value"":""path"",""geometry_role"":""native_way_geometry"",""osm_way_id"":988728537}]","[{""feature_value"":""platform"",""geometry_role"":""area_boundary"",""osm_way_id"":236364113}]",native_shared_node_not_transfer_or_conflict_permission
9138744446,72.8366306,19.0088563,272274.7316479705,2103208.168788695,EPSG:32643,{},"[{""feature_value"":""path"",""geometry_role"":""native_way_geometry"",""osm_way_id"":988728537}]","[{""feature_value"":""platform"",""geometry_role"":""area_boundary"",""osm_way_id"":236364113}]",native_shared_node_not_transfer_or_conflict_permission
9138744447,72.8364182,19.0082896,272251.5930806806,2103145.704368912,EPSG:32643,{},"[{""feature_value"":""path"",""geometry_role"":""native_way_geometry"",""osm_way_id"":988728538}]","[{""feature_value"":""platform"",""geometry_role"":""area_boundary"",""osm_way_id"":236364113}]",native_shared_node_not_transfer_or_conflict_permission
9138744448,72.8363334,19.0083375,272242.72853956616,2103151.117285793,EPSG:32643,{},"[{""feature_value"":""path"",""geometry_role"":""native_way_geometry"",""osm_way_id"":988728538}]","[{""feature_value"":""platform"",""geometry_role"":""area_boundary"",""osm_way_id"":236364113}]",native_shared_node_not_transfer_or_conflict_permission
9138913046,72.8358941,19.0074154,272195.2119435407,2103049.600435458,EPSG:32643,{},"[{""feature_value"":""path"",""geometry_role"":""native_way_geometry"",""osm_way_id"":988752503}]","[{""feature_value"":""platform"",""geometry_role"":""area_boundary"",""osm_way_id"":236364113}]",native_shared_node_not_transfer_or_conflict_permission
9138913047,72.8358302,19.0074776,272188.56772135966,2103056.569447852,EPSG:32643,{},"[{""feature_value"":""path"",""geometry_role"":""native_way_geometry"",""osm_way_id"":988752503}]","[{""feature_value"":""platform"",""geometry_role"":""area_boundary"",""osm_way_id"":236364113}]",native_shared_node_not_transfer_or_conflict_permission
9140107015,72.8382674,19.010353,272449.1302656232,2103371.7490687543,EPSG:32643,{},"[{""feature_value"":""path"",""geometry_role"":""native_way_geometry"",""osm_way_id"":988892011}]","[{""feature_value"":""platform"",""geometry_role"":""area_boundary"",""osm_way_id"":236364110}]",native_shared_node_not_transfer_or_conflict_permission
9140107016,72.8381971,19.0103775,272441.7608299323,2103374.5524988263,EPSG:32643,{},"[{""feature_value"":""path"",""geometry_role"":""native_way_geometry"",""osm_way_id"":988892011}]","[{""feature_value"":""platform"",""geometry_role"":""area_boundary"",""osm_way_id"":236364110}]",native_shared_node_not_transfer_or_conflict_permission
9140646094,72.8372059,19.0089289,272335.41181438,2103215.4610600206,EPSG:32643,{},"[{""feature_value"":""footway"",""geometry_role"":""native_way_geometry"",""osm_way_id"":988955544}]","[{""feature_value"":""platform"",""geometry_role"":""area_boundary"",""osm_way_id"":661939865}]",native_shared_node_not_transfer_or_conflict_permission
9140646095,72.8373119,19.008873,272346.4978904795,2103209.1350432276,EPSG:32643,{},"[{""feature_value"":""footway"",""geometry_role"":""native_way_geometry"",""osm_way_id"":988955545}]","[{""feature_value"":""platform"",""geometry_role"":""area_boundary"",""osm_way_id"":236364110}]",native_shared_node_not_transfer_or_conflict_permission
9140659611,72.8328102,18.9936368,271851.66762231116,2101528.162807395,EPSG:32643,{},"[{""feature_value"":""footway"",""geometry_role"":""native_way_geometry"",""osm_way_id"":988958376}]","[{""feature_value"":""platform"",""geometry_role"":""area_boundary"",""osm_way_id"":430179217}]",native_shared_node_not_transfer_or_conflict_permission
9140659612,72.8328886,18.9936348,271859.92148614326,2101527.839695993,EPSG:32643,{},"[{""feature_value"":""footway"",""geometry_role"":""native_way_geometry"",""osm_way_id"":988958376}]","[{""feature_value"":""platform"",""geometry_role"":""area_boundary"",""osm_way_id"":430179217}]",native_shared_node_not_transfer_or_conflict_permission
9140659613,72.8328776,18.9932974,271858.3029875675,2101490.500226128,EPSG:32643,{},"[{""feature_value"":""footway"",""geometry_role"":""native_way_geometry"",""osm_way_id"":988958377}]","[{""feature_value"":""platform"",""geometry_role"":""area_boundary"",""osm_way_id"":430179217}]",native_shared_node_not_transfer_or_conflict_permission
9140659614,72.8328051,18.9932979,271850.66841352,2101490.649617921,EPSG:32643,{},"[{""feature_value"":""footway"",""geometry_role"":""native_way_geometry"",""osm_way_id"":988958377}]","[{""feature_value"":""platform"",""geometry_role"":""area_boundary"",""osm_way_id"":430179217}]",native_shared_node_not_transfer_or_conflict_permission
9140680825,72.8368839,19.0083574,272300.7255943882,2103152.607159525,EPSG:32643,{},"[{""feature_value"":""footway"",""geometry_role"":""native_way_geometry"",""osm_way_id"":988728530}]","[{""feature_value"":""platform"",""geometry_role"":""area_boundary"",""osm_way_id"":236364110},{""feature_value"":""platform"",""geometry_role"":""area_boundary"",""osm_way_id"":661939865}]",native_shared_node_not_transfer_or_conflict_permission
9140706726,72.8328748,18.9929876,271857.58569967153,2101456.20573239,EPSG:32643,{},"[{""feature_value"":""footway"",""geometry_role"":""native_way_geometry"",""osm_way_id"":988958381}]","[{""feature_value"":""platform"",""geometry_role"":""area_boundary"",""osm_way_id"":430179217}]",native_shared_node_not_transfer_or_conflict_permission
9140706727,72.832801,18.9929933,271849.82129348314,2101456.9325040043,EPSG:32643,{},"[{""feature_value"":""footway"",""geometry_role"":""native_way_geometry"",""osm_way_id"":988958381}]","[{""feature_value"":""platform"",""geometry_role"":""area_boundary"",""osm_way_id"":430179217}]",native_shared_node_not_transfer_or_conflict_permission
9140706751,72.8328672,18.9925476,271856.185386687,2101407.5029534316,EPSG:32643,{},"[{""feature_value"":""footway"",""geometry_role"":""native_way_geometry"",""osm_way_id"":988958389}]","[{""feature_value"":""platform"",""geometry_role"":""area_boundary"",""osm_way_id"":430179217}]",native_shared_node_not_transfer_or_conflict_permission
9140706752,72.8327949,18.9925552,271848.5815220135,2101408.438127939,EPSG:32643,{},"[{""feature_value"":""footway"",""geometry_role"":""native_way_geometry"",""osm_way_id"":988958389}]","[{""feature_value"":""platform"",""geometry_role"":""area_boundary"",""osm_way_id"":430179217}]",native_shared_node_not_transfer_or_conflict_permission
9146478734,72.948938,18.9332435,284003.3366455929,2094695.8173413896,EPSG:32643,"{""access"":""private"",""railway"":""level_crossing""}","[{""feature_value"":""service"",""geometry_role"":""native_way_geometry"",""osm_way_id"":989702355}]","[{""feature_value"":""rail"",""geometry_role"":""native_way_geometry"",""osm_way_id"":807539897}]",native_shared_node_not_transfer_or_conflict_permission
9146478735,72.9477039,18.9344676,283874.9054842302,2094832.8405852017,EPSG:32643,"{""access"":""private"",""railway"":""level_crossing""}","[{""feature_value"":""service"",""geometry_role"":""native_way_geometry"",""osm_way_id"":989702354}]","[{""feature_value"":""rail"",""geometry_role"":""native_way_geometry"",""osm_way_id"":807539897}]",native_shared_node_not_transfer_or_conflict_permission
9146898149,72.8453387,19.0232937,273211.3206167334,2104795.273949872,EPSG:32643,{},"[{""feature_value"":""path"",""geometry_role"":""native_way_geometry"",""osm_way_id"":989744132}]","[{""feature_value"":""platform"",""geometry_role"":""area_boundary"",""osm_way_id"":220303378}]",native_shared_node_not_transfer_or_conflict_permission
9146898150,72.8452522,19.023328,273202.2592343682,2104799.183006246,EPSG:32643,{},"[{""feature_value"":""path"",""geometry_role"":""native_way_geometry"",""osm_way_id"":989744132}]","[{""feature_value"":""platform"",""geometry_role"":""area_boundary"",""osm_way_id"":220303378}]",native_shared_node_not_transfer_or_conflict_permission
9146898154,72.8470709,19.0288352,273401.2299819268,2105406.537864589,EPSG:32643,{},"[{""feature_value"":""path"",""geometry_role"":""native_way_geometry"",""osm_way_id"":989744136}]","[{""feature_value"":""platform"",""geometry_role"":""area_boundary"",""osm_way_id"":236398665}]",native_shared_node_not_transfer_or_conflict_permission
9146898155,72.8469764,19.0288633,273391.31814710423,2105409.770779532,EPSG:32643,{},"[{""feature_value"":""path"",""geometry_role"":""native_way_geometry"",""osm_way_id"":989744136}]","[{""feature_value"":""platform"",""geometry_role"":""area_boundary"",""osm_way_id"":236398665}]",native_shared_node_not_transfer_or_conflict_permission
9146898160,72.846945,19.028397,273387.37922334607,2105358.187189895,EPSG:32643,{},"[{""feature_value"":""path"",""geometry_role"":""native_way_geometry"",""osm_way_id"":989744142}]","[{""feature_value"":""platform"",""geometry_role"":""area_boundary"",""osm_way_id"":236398665}]",native_shared_node_not_transfer_or_conflict_permission
9146898161,72.8468387,19.0284281,273376.22900139715,2105361.767469993,EPSG:32643,{},"[{""feature_value"":""path"",""geometry_role"":""native_way_geometry"",""osm_way_id"":989744142}]","[{""feature_value"":""platform"",""geometry_role"":""area_boundary"",""osm_way_id"":236398665}]",native_shared_node_not_transfer_or_conflict_permission
9146898166,72.8466874,19.0276198,273359.2014726467,2105272.475783569,EPSG:32643,{},"[{""feature_value"":""path"",""geometry_role"":""native_way_geometry"",""osm_way_id"":989744146}]","[{""feature_value"":""platform"",""geometry_role"":""area_boundary"",""osm_way_id"":236398665}]",native_shared_node_not_transfer_or_conflict_permission
9146898167,72.8465909,19.0276432,273349.07260595635,2105275.1909580342,EPSG:32643,{},"[{""feature_value"":""path"",""geometry_role"":""native_way_geometry"",""osm_way_id"":989744146}]","[{""feature_value"":""platform"",""geometry_role"":""area_boundary"",""osm_way_id"":236398665}]",native_shared_node_not_transfer_or_conflict_permission
9153385504,72.8463774,19.0416751,273345.64586891304,2106828.9408139326,EPSG:32643,{},"[{""feature_value"":""steps"",""geometry_role"":""native_way_geometry"",""osm_way_id"":990599382}]","[{""feature_value"":""platform"",""geometry_role"":""area_boundary"",""osm_way_id"":427250237}]",native_shared_node_not_transfer_or_conflict_permission
9153389947,72.8473178,19.0395617,273441.7843362777,2106593.751420367,EPSG:32643,{},"[{""feature_value"":""path"",""geometry_role"":""native_way_geometry"",""osm_way_id"":990599366}]","[{""feature_value"":""platform"",""geometry_role"":""area_boundary"",""osm_way_id"":427250237}]",native_shared_node_not_transfer_or_conflict_permission
9153389948,72.8472481,19.0395486,273434.42826525506,2106592.391103672,EPSG:32643,{},"[{""feature_value"":""path"",""geometry_role"":""native_way_geometry"",""osm_way_id"":990599366}]","[{""feature_value"":""platform"",""geometry_role"":""area_boundary"",""osm_way_id"":427250237}]",native_shared_node_not_transfer_or_conflict_permission
9153389949,72.8471852,19.0399297,273428.3233177923,2106634.6639677463,EPSG:32643,{},"[{""feature_value"":""path"",""geometry_role"":""native_way_geometry"",""osm_way_id"":990599363}]","[{""feature_value"":""platform"",""geometry_role"":""area_boundary"",""osm_way_id"":427250237}]",native_shared_node_not_transfer_or_conflict_permission
9153389950,72.8471171,19.0398999,273421.113040853,2106631.4527317504,EPSG:32643,{},"[{""feature_value"":""path"",""geometry_role"":""native_way_geometry"",""osm_way_id"":990599363}]","[{""feature_value"":""platform"",""geometry_role"":""area_boundary"",""osm_way_id"":427250237}]",native_shared_node_not_transfer_or_conflict_permission
9153389953,72.8475496,19.0399939,273466.77582477627,2106641.3011100898,EPSG:32643,{},"[{""feature_value"":""steps"",""geometry_role"":""native_way_geometry"",""osm_way_id"":990599369}]","[{""feature_value"":""platform"",""geometry_role"":""area_boundary"",""osm_way_id"":990599377}]",native_shared_node_not_transfer_or_conflict_permission
9153468953,72.9550609,18.9272953,284640.727510832,2094029.8497042614,EPSG:32643,{},"[{""feature_value"":""service"",""geometry_role"":""native_way_geometry"",""osm_way_id"":989702356}]","[{""feature_value"":""rail"",""geometry_role"":""native_way_geometry"",""osm_way_id"":990607998}]",native_shared_node_not_transfer_or_conflict_permission
9153468957,72.9543364,18.9281837,284565.5417571806,2094129.0824156448,EPSG:32643,{},"[{""feature_value"":""service"",""geometry_role"":""native_way_geometry"",""osm_way_id"":989702356}]","[{""feature_value"":""rail"",""geometry_role"":""native_way_geometry"",""osm_way_id"":990607998}]",native_shared_node_not_transfer_or_conflict_permission
9153468960,72.9537747,18.9288762,284507.25610399985,2094206.4300016505,EPSG:32643,{},"[{""feature_value"":""service"",""geometry_role"":""native_way_geometry"",""osm_way_id"":989702358}]","[{""feature_value"":""rail"",""geometry_role"":""native_way_geometry"",""osm_way_id"":990607998}]",native_shared_node_not_transfer_or_conflict_permission
9153468965,72.9423856,18.9399974,283321.78761341283,2095451.533349458,EPSG:32643,{},"[{""feature_value"":""service"",""geometry_role"":""native_way_geometry"",""osm_way_id"":989702356}]","[{""feature_value"":""rail"",""geometry_role"":""native_way_geometry"",""osm_way_id"":990607998}]",native_shared_node_not_transfer_or_conflict_permission
9153468969,72.9476234,18.9343954,283866.3322902585,2094824.9464058739,EPSG:32643,"{""railway"":""level_crossing""}","[{""feature_value"":""service"",""geometry_role"":""native_way_geometry"",""osm_way_id"":989702354}]","[{""feature_value"":""rail"",""geometry_role"":""native_way_geometry"",""osm_way_id"":990608003}]",native_shared_node_not_transfer_or_conflict_permission
9153468970,72.9475861,18.9343619,283862.35980473494,2094821.2835326453,EPSG:32643,"{""railway"":""level_crossing""}","[{""feature_value"":""service"",""geometry_role"":""native_way_geometry"",""osm_way_id"":989702354}]","[{""feature_value"":""rail"",""geometry_role"":""native_way_geometry"",""osm_way_id"":990608000}]",native_shared_node_not_transfer_or_conflict_permission
9153468971,72.9488548,18.933169,283994.4760650612,2094687.671790597,EPSG:32643,"{""railway"":""level_crossing""}","[{""feature_value"":""service"",""geometry_role"":""native_way_geometry"",""osm_way_id"":989702355}]","[{""feature_value"":""rail"",""geometry_role"":""native_way_geometry"",""osm_way_id"":990608003}]",native_shared_node_not_transfer_or_conflict_permission
9153468972,72.9488174,18.9331356,283990.4931759081,2094684.0200828398,EPSG:32643,"{""railway"":""level_crossing""}","[{""feature_value"":""service"",""geometry_role"":""native_way_geometry"",""osm_way_id"":989702355}]","[{""feature_value"":""rail"",""geometry_role"":""native_way_geometry"",""osm_way_id"":990608000}]",native_shared_node_not_transfer_or_conflict_permission
9153468982,72.9476688,18.9344361,283871.167335092,2094829.3964224283,EPSG:32643,"{""railway"":""level_crossing""}","[{""feature_value"":""service"",""geometry_role"":""native_way_geometry"",""osm_way_id"":989702354}]","[{""feature_value"":""rail"",""geometry_role"":""native_way_geometry"",""osm_way_id"":990608002}]",native_shared_node_not_transfer_or_conflict_permission
9153468983,72.9488978,18.9332075,283999.0554479675,2094691.8812309399,EPSG:32643,"{""railway"":""level_crossing""}","[{""feature_value"":""service"",""geometry_role"":""native_way_geometry"",""osm_way_id"":989702355}]","[{""feature_value"":""rail"",""geometry_role"":""native_way_geometry"",""osm_way_id"":990608002}]",native_shared_node_not_transfer_or_conflict_permission
9153468984,72.9549492,18.9271942,284628.83041068737,2094018.7939281033,EPSG:32643,{},"[{""feature_value"":""service"",""geometry_role"":""native_way_geometry"",""osm_way_id"":989702356}]","[{""feature_value"":""rail"",""geometry_role"":""native_way_geometry"",""osm_way_id"":990608002}]",native_shared_node_not_transfer_or_conflict_permission
9156165129,72.8401259,19.0600123,272712.4624616093,2108867.1522518746,EPSG:32643,"{""abandoned:railway"":""level_crossing""}","[{""feature_value"":""service"",""geometry_role"":""native_way_geometry"",""osm_way_id"":1170043416}]","[{""feature_value"":""abandoned"",""geometry_role"":""native_way_geometry"",""osm_way_id"":608390698}]",native_shared_node_not_transfer_or_conflict_permission
9156249152,72.8401548,19.0696475,272728.6457447982,2109933.836010332,EPSG:32643,{},"[{""feature_value"":""path"",""geometry_role"":""native_way_geometry"",""osm_way_id"":990973270}]","[{""feature_value"":""platform"",""geometry_role"":""area_boundary"",""osm_way_id"":257411163}]",native_shared_node_not_transfer_or_conflict_permission
9156249154,72.8403836,19.0692318,272752.16340682545,2109887.5167380203,EPSG:32643,{},"[{""feature_value"":""path"",""geometry_role"":""native_way_geometry"",""osm_way_id"":990973272}]","[{""feature_value"":""platform"",""geometry_role"":""area_boundary"",""osm_way_id"":257411162}]",native_shared_node_not_transfer_or_conflict_permission
9156249155,72.8402986,19.0692552,272743.2477589885,2109890.2176129743,EPSG:32643,{},"[{""feature_value"":""path"",""geometry_role"":""native_way_geometry"",""osm_way_id"":990973272}]","[{""feature_value"":""platform"",""geometry_role"":""area_boundary"",""osm_way_id"":257411162}]",native_shared_node_not_transfer_or_conflict_permission
9156249156,72.8401821,19.0691092,272730.7851671672,2109874.204922851,EPSG:32643,{},"[{""feature_value"":""path"",""geometry_role"":""native_way_geometry"",""osm_way_id"":990973273}]","[{""feature_value"":""platform"",""geometry_role"":""area_boundary"",""osm_way_id"":257411163}]",native_shared_node_not_transfer_or_conflict_permission
9156249157,72.8400896,19.0691435,272721.0948924405,2109878.1222847365,EPSG:32643,{},"[{""feature_value"":""path"",""geometry_role"":""native_way_geometry"",""osm_way_id"":990973273}]","[{""feature_value"":""platform"",""geometry_role"":""area_boundary"",""osm_way_id"":257411163}]",native_shared_node_not_transfer_or_conflict_permission
9156249158,72.8400275,19.0692729,272714.734432287,2109892.5288264747,EPSG:32643,{},"[{""feature_value"":""path"",""geometry_role"":""native_way_geometry"",""osm_way_id"":990973274}]","[{""feature_value"":""platform"",""geometry_role"":""area_boundary"",""osm_way_id"":257411161}]",native_shared_node_not_transfer_or_conflict_permission
9156249159,72.8399379,19.0693047,272705.3460292238,2109896.1656590686,EPSG:32643,{},"[{""feature_value"":""path"",""geometry_role"":""native_way_geometry"",""osm_way_id"":990973274}]","[{""feature_value"":""platform"",""geometry_role"":""area_boundary"",""osm_way_id"":257411161}]",native_shared_node_not_transfer_or_conflict_permission
9156249168,72.8402668,19.0690032,272739.5565702808,2109862.3597119725,EPSG:32643,{},"[{""feature_value"":""path"",""geometry_role"":""native_way_geometry"",""osm_way_id"":990973281}]","[{""feature_value"":""platform"",""geometry_role"":""area_boundary"",""osm_way_id"":257411162}]",native_shared_node_not_transfer_or_conflict_permission
9156249169,72.8401716,19.0690269,272729.5676107601,2109865.1070348504,EPSG:32643,{},"[{""feature_value"":""path"",""geometry_role"":""native_way_geometry"",""osm_way_id"":990973282}]","[{""feature_value"":""platform"",""geometry_role"":""area_boundary"",""osm_way_id"":257411163}]",native_shared_node_not_transfer_or_conflict_permission
9156249170,72.8400762,19.0690395,272719.5424580275,2109866.625731847,EPSG:32643,{},"[{""feature_value"":""path"",""geometry_role"":""native_way_geometry"",""osm_way_id"":990973282}]","[{""feature_value"":""platform"",""geometry_role"":""area_boundary"",""osm_way_id"":257411163}]",native_shared_node_not_transfer_or_conflict_permission
9156249171,72.8399984,19.0690709,272711.3956290154,2109870.202969796,EPSG:32643,{},"[{""feature_value"":""path"",""geometry_role"":""native_way_geometry"",""osm_way_id"":990973283}]","[{""feature_value"":""platform"",""geometry_role"":""area_boundary"",""osm_way_id"":257411161}]",native_shared_node_not_transfer_or_conflict_permission
9156249172,72.8403101,19.0685981,272743.5620067733,2109817.4545733845,EPSG:32643,{},"[{""feature_value"":""path"",""geometry_role"":""native_way_geometry"",""osm_way_id"":990973284}]","[{""feature_value"":""platform"",""geometry_role"":""area_boundary"",""osm_way_id"":257411162}]",native_shared_node_not_transfer_or_conflict_permission
9156249173,72.8402198,19.0686315,272734.1020560589,2109821.269431824,EPSG:32643,{},"[{""feature_value"":""path"",""geometry_role"":""native_way_geometry"",""osm_way_id"":990973284}]","[{""feature_value"":""platform"",""geometry_role"":""area_boundary"",""osm_way_id"":257411162}]",native_shared_node_not_transfer_or_conflict_permission
9156249174,72.840122,19.0686388,272723.81701097696,2109822.2044689367,EPSG:32643,{},"[{""feature_value"":""path"",""geometry_role"":""native_way_geometry"",""osm_way_id"":990973285}]","[{""feature_value"":""platform"",""geometry_role"":""area_boundary"",""osm_way_id"":257411163}]",native_shared_node_not_transfer_or_conflict_permission
9156249175,72.8400281,19.0686681,272713.9725154283,2109825.5700930394,EPSG:32643,{},"[{""feature_value"":""path"",""geometry_role"":""native_way_geometry"",""osm_way_id"":990973285}]","[{""feature_value"":""platform"",""geometry_role"":""area_boundary"",""osm_way_id"":257411163}]",native_shared_node_not_transfer_or_conflict_permission
9156249176,72.8399388,19.0686581,272704.55863085383,2109824.578817223,EPSG:32643,{},"[{""feature_value"":""path"",""geometry_role"":""native_way_geometry"",""osm_way_id"":990973286}]","[{""feature_value"":""platform"",""geometry_role"":""area_boundary"",""osm_way_id"":257411161}]",native_shared_node_not_transfer_or_conflict_permission
9156249177,72.8398459,19.068676,272694.80385169014,2109826.681050489,EPSG:32643,{},"[{""feature_value"":""path"",""geometry_role"":""native_way_geometry"",""osm_way_id"":990973286}]","[{""feature_value"":""platform"",""geometry_role"":""area_boundary"",""osm_way_id"":257411161}]",native_shared_node_not_transfer_or_conflict_permission
9156467885,72.8515802,18.9906222,273824.32073590293,2101170.1773013356,EPSG:32643,"{""crossing:barrier"":""no"",""disused:railway"":""level_crossing""}","[{""feature_value"":""residential"",""geometry_role"":""native_way_geometry"",""osm_way_id"":211708710}]","[{""feature_value"":""disused"",""geometry_role"":""native_way_geometry"",""osm_way_id"":49192421}]",native_shared_node_not_transfer_or_conflict_permission
9156468940,72.8465026,18.978054,273272.55396499904,2099785.2919378844,EPSG:32643,"{""crossing:barrier"":""no"",""disused:railway"":""level_crossing"",""railway"":""level_crossing"",""source"":""Esri Word imagery""}","[{""feature_value"":""tertiary"",""geometry_role"":""native_way_geometry"",""osm_way_id"":22851342}]","[{""feature_value"":""rail"",""geometry_role"":""native_way_geometry"",""osm_way_id"":55789133}]",native_shared_node_not_transfer_or_conflict_permission
9156468941,72.8459289,18.9782876,273212.4466541847,2099811.8927225643,EPSG:32643,"{""crossing:barrier"":""no"",""disused:railway"":""level_crossing"",""railway"":""level_crossing"",""source"":""Esri Word imagery""}","[{""feature_value"":""tertiary"",""geometry_role"":""native_way_geometry"",""osm_way_id"":22851342}]","[{""feature_value"":""rail"",""geometry_role"":""native_way_geometry"",""osm_way_id"":55794881}]",native_shared_node_not_transfer_or_conflict_permission
9156468942,72.8510985,18.9848442,273765.78101156873,2100531.1175747192,EPSG:32643,"{""crossing:barrier"":""no"",""disused:railway"":""level_crossing"",""source"":""Esri Word imagery""}","[{""feature_value"":""service"",""geometry_role"":""native_way_geometry"",""osm_way_id"":22851590}]","[{""feature_value"":""disused"",""geometry_role"":""native_way_geometry"",""osm_way_id"":49192421}]",native_shared_node_not_transfer_or_conflict_permission
9156468943,72.8501791,18.9871636,273672.08747195953,2100789.0793655645,EPSG:32643,"{""crossing:barrier"":""no"",""disused:railway"":""level_crossing"",""railway"":""level_crossing"",""source"":""Esri Word imagery""}","[{""feature_value"":""service"",""geometry_role"":""native_way_geometry"",""osm_way_id"":22851553}]","[{""feature_value"":""rail"",""geometry_role"":""native_way_geometry"",""osm_way_id"":55794881}]",native_shared_node_not_transfer_or_conflict_permission
9156468944,72.8507942,18.986911,273736.5263596681,2100760.323068069,EPSG:32643,"{""crossing:barrier"":""no"",""disused:railway"":""level_crossing"",""railway"":""level_crossing"",""source"":""Esri Word imagery""}","[{""feature_value"":""service"",""geometry_role"":""native_way_geometry"",""osm_way_id"":22851553}]","[{""feature_value"":""rail"",""geometry_role"":""native_way_geometry"",""osm_way_id"":55794888}]",native_shared_node_not_transfer_or_conflict_permission
9156468945,72.8517546,18.9865167,273837.13994094194,2100715.4356360384,EPSG:32643,"{""crossing:barrier"":""no"",""disused:railway"":""level_crossing"",""source"":""Esri Word imagery""}","[{""feature_value"":""service"",""geometry_role"":""native_way_geometry"",""osm_way_id"":22851553}]","[{""feature_value"":""disused"",""geometry_role"":""native_way_geometry"",""osm_way_id"":49192421}]",native_shared_node_not_transfer_or_conflict_permission
9156468946,72.8513076,18.9867002,273790.3111733682,2100736.325411533,EPSG:32643,"{""crossing:barrier"":""no"",""disused:railway"":""level_crossing"",""railway"":""level_crossing"",""source"":""Esri Word imagery""}","[{""feature_value"":""service"",""geometry_role"":""native_way_geometry"",""osm_way_id"":22851553}]","[{""feature_value"":""rail"",""geometry_role"":""native_way_geometry"",""osm_way_id"":55794886}]",native_shared_node_not_transfer_or_conflict_permission
9156468947,72.8505488,18.9850694,273708.1920113246,2100556.7561351997,EPSG:32643,"{""crossing:barrier"":""no"",""disused:railway"":""level_crossing"",""railway"":""level_crossing"",""source"":""Esri Word imagery""}","[{""feature_value"":""service"",""geometry_role"":""native_way_geometry"",""osm_way_id"":22851590}]","[{""feature_value"":""rail"",""geometry_role"":""native_way_geometry"",""osm_way_id"":55794886}]",native_shared_node_not_transfer_or_conflict_permission
9156468948,72.8500359,18.9852795,273654.45843832986,2100580.67584303,EPSG:32643,"{""crossing:barrier"":""no"",""disused:railway"":""level_crossing"",""railway"":""level_crossing"",""source"":""Esri Word imagery""}","[{""feature_value"":""service"",""geometry_role"":""native_way_geometry"",""osm_way_id"":22851590}]","[{""feature_value"":""rail"",""geometry_role"":""native_way_geometry"",""osm_way_id"":55794888}]",native_shared_node_not_transfer_or_conflict_permission
9156468949,72.8494063,18.9855374,273588.49904456676,2100610.037786303,EPSG:32643,"{""crossing:barrier"":""no"",""disused:railway"":""level_crossing"",""railway"":""level_crossing"",""source"":""Esri Word imagery""}","[{""feature_value"":""service"",""geometry_role"":""native_way_geometry"",""osm_way_id"":22851590}]","[{""feature_value"":""rail"",""geometry_role"":""native_way_geometry"",""osm_way_id"":55794881}]",native_shared_node_not_transfer_or_conflict_permission
9156468950,72.8486745,18.9839978,273509.3444187777,2100440.5311248014,EPSG:32643,"{""crossing:barrier"":""no"",""disused:railway"":""level_crossing"",""railway"":""level_crossing"",""source"":""Esri Word imagery""}","[{""feature_value"":""service"",""geometry_role"":""native_way_geometry"",""osm_way_id"":42369643}]","[{""feature_value"":""rail"",""geometry_role"":""native_way_geometry"",""osm_way_id"":55794881}]",native_shared_node_not_transfer_or_conflict_permission
9156468951,72.8503182,18.9832748,273681.4795833035,2100358.373531713,EPSG:32643,"{""crossing:barrier"":""no"",""disused:railway"":""level_crossing"",""source"":""Esri Word imagery""}","[{""feature_value"":""service"",""geometry_role"":""native_way_geometry"",""osm_way_id"":42369643}]","[{""feature_value"":""disused"",""geometry_role"":""native_way_geometry"",""osm_way_id"":49192421}]",native_shared_node_not_transfer_or_conflict_permission
9156468952,72.849809,18.9834945,273628.1480898066,2100383.3513078704,EPSG:32643,"{""crossing:barrier"":""no"",""disused:railway"":""level_crossing"",""railway"":""level_crossing"",""source"":""Esri Word imagery""}","[{""feature_value"":""service"",""geometry_role"":""native_way_geometry"",""osm_way_id"":42369643}]","[{""feature_value"":""rail"",""geometry_role"":""native_way_geometry"",""osm_way_id"":55794886}]",native_shared_node_not_transfer_or_conflict_permission
9156468953,72.8493093,18.9837162,273575.8199619671,2100408.5384488404,EPSG:32643,"{""crossing:barrier"":""no"",""disused:railway"":""level_crossing"",""railway"":""level_crossing"",""source"":""Esri Word imagery""}","[{""feature_value"":""service"",""geometry_role"":""native_way_geometry"",""osm_way_id"":42369643}]","[{""feature_value"":""rail"",""geometry_role"":""native_way_geometry"",""osm_way_id"":55794888}]",native_shared_node_not_transfer_or_conflict_permission
9156468957,72.8476852,19.127942,273600.696706731,2116377.9145975616,EPSG:32643,"{""crossing:barrier"":""full"",""disused:railway"":""level_crossing""}","[{""feature_value"":""footway"",""geometry_role"":""native_way_geometry"",""osm_way_id"":151835677}]","[{""feature_value"":""rail"",""geometry_role"":""native_way_geometry"",""osm_way_id"":486561061}]",native_shared_node_not_transfer_or_conflict_permission
9156468958,72.8476498,19.1279552,273596.98963729996,2116379.421858798,EPSG:32643,"{""crossing:barrier"":""full"",""disused:railway"":""level_crossing""}","[{""feature_value"":""footway"",""geometry_role"":""native_way_geometry"",""osm_way_id"":151835677}]","[{""feature_value"":""rail"",""geometry_role"":""native_way_geometry"",""osm_way_id"":151835418}]",native_shared_node_not_transfer_or_conflict_permission
9162084856,72.9537264,18.9439325,284521.4939951488,2095873.2685988608,EPSG:32643,"{""access"":""private"",""railway"":""level_crossing"",""source"":""digitalglobe""}","[{""feature_value"":""service"",""geometry_role"":""native_way_geometry"",""osm_way_id"":991641693}]","[{""feature_value"":""rail"",""geometry_role"":""native_way_geometry"",""osm_way_id"":816843112}]",native_shared_node_not_transfer_or_conflict_permission
9162084858,72.9532949,18.9443186,284476.5363387895,2095916.5384079902,EPSG:32643,"{""access"":""private"",""railway"":""level_crossing"",""source"":""digitalglobe""}","[{""feature_value"":""service"",""geometry_role"":""native_way_geometry"",""osm_way_id"":991641693}]","[{""feature_value"":""rail"",""geometry_role"":""native_way_geometry"",""osm_way_id"":991641695}]",native_shared_node_not_transfer_or_conflict_permission
9162084861,72.9578052,18.9494193,284958.1805356848,2096475.6951773816,EPSG:32643,"{""access"":""private"",""railway"":""level_crossing""}","[{""feature_value"":""service"",""geometry_role"":""native_way_geometry"",""osm_way_id"":991641692}]","[{""feature_value"":""rail"",""geometry_role"":""native_way_geometry"",""osm_way_id"":991641694}]",native_shared_node_not_transfer_or_conflict_permission
9162084862,72.953588,18.9440564,284507.0742609264,2095887.1538392517,EPSG:32643,"{""access"":""private"",""railway"":""level_crossing"",""source"":""digitalglobe""}","[{""feature_value"":""service"",""geometry_role"":""native_way_geometry"",""osm_way_id"":991641693}]","[{""feature_value"":""rail"",""geometry_role"":""native_way_geometry"",""osm_way_id"":991641694}]",native_shared_node_not_transfer_or_conflict_permission
9162084867,72.957463,18.949658,284922.44100182963,2096502.5374229166,EPSG:32643,"{""access"":""private"",""railway"":""level_crossing""}","[{""feature_value"":""service"",""geometry_role"":""native_way_geometry"",""osm_way_id"":991641692}]","[{""feature_value"":""rail"",""geometry_role"":""native_way_geometry"",""osm_way_id"":991641695}]",native_shared_node_not_transfer_or_conflict_permission
9162084869,72.9531808,18.9444207,284464.64838808763,2095927.9806596518,EPSG:32643,"{""access"":""private"",""railway"":""level_crossing"",""source"":""digitalglobe""}","[{""feature_value"":""service"",""geometry_role"":""native_way_geometry"",""osm_way_id"":991641693}]","[{""feature_value"":""rail"",""geometry_role"":""native_way_geometry"",""osm_way_id"":916588086}]",native_shared_node_not_transfer_or_conflict_permission
9179966478,72.8700018,18.722509,275407.5739776148,2071464.585706308,EPSG:32643,"{""railway"":""level_crossing""}","[{""feature_value"":""unclassified"",""geometry_role"":""native_way_geometry"",""osm_way_id"":993632235}]","[{""feature_value"":""rail"",""geometry_role"":""native_way_geometry"",""osm_way_id"":977966163}]",native_shared_node_not_transfer_or_conflict_permission
9205064295,73.5523501,18.7667995,347411.0458632386,2075644.9144790014,EPSG:32643,{},"[{""feature_value"":""service"",""geometry_role"":""native_way_geometry"",""osm_way_id"":996914519}]","[{""feature_value"":""platform"",""geometry_role"":""area_boundary"",""osm_way_id"":1316323078}]",native_shared_node_not_transfer_or_conflict_permission
9243986565,73.0741701,18.7204279,296939.9378735637,2070989.4603754804,EPSG:32643,"{""railway"":""level_crossing""}","[{""feature_value"":""unclassified"",""geometry_role"":""native_way_geometry"",""osm_way_id"":562932687}]","[{""feature_value"":""rail"",""geometry_role"":""native_way_geometry"",""osm_way_id"":122091072}]",native_shared_node_not_transfer_or_conflict_permission
9243986568,72.9879689,18.7048343,287828.47937083594,2069363.5834302225,EPSG:32643,"{""railway"":""level_crossing""}","[{""feature_value"":""unclassified"",""geometry_role"":""native_way_geometry"",""osm_way_id"":563003917}]","[{""feature_value"":""rail"",""geometry_role"":""native_way_geometry"",""osm_way_id"":1001509225}]",native_shared_node_not_transfer_or_conflict_permission
9243986569,73.0701848,18.6705075,296459.917770587,2065468.0926833935,EPSG:32643,"{""railway"":""level_crossing""}","[{""feature_value"":""residential"",""geometry_role"":""native_way_geometry"",""osm_way_id"":562934331}]","[{""feature_value"":""rail"",""geometry_role"":""native_way_geometry"",""osm_way_id"":312446323}]",native_shared_node_not_transfer_or_conflict_permission
9243986570,73.0702494,18.6705111,296466.7375763375,2065468.4176681035,EPSG:32643,"{""railway"":""level_crossing""}","[{""feature_value"":""residential"",""geometry_role"":""native_way_geometry"",""osm_way_id"":562934331}]","[{""feature_value"":""rail"",""geometry_role"":""native_way_geometry"",""osm_way_id"":700704037}]",native_shared_node_not_transfer_or_conflict_permission
9274491618,72.8991903,18.7281776,278493.78412133193,2072055.6184009714,EPSG:32643,"{""railway"":""level_crossing"",""source"":""maxar""}","[{""feature_value"":""residential"",""geometry_role"":""native_way_geometry"",""osm_way_id"":1005200167}]","[{""feature_value"":""rail"",""geometry_role"":""native_way_geometry"",""osm_way_id"":1187527635}]",native_shared_node_not_transfer_or_conflict_permission
9274491626,72.9166955,18.7209382,280330.80032654083,2071232.5390467136,EPSG:32643,"{""railway"":""level_crossing""}","[{""feature_value"":""unclassified"",""geometry_role"":""native_way_geometry"",""osm_way_id"":563000415}]","[{""feature_value"":""rail"",""geometry_role"":""native_way_geometry"",""osm_way_id"":1187527635}]",native_shared_node_not_transfer_or_conflict_permission
9274491627,72.9103546,18.7229079,279664.5159465878,2071458.4123002547,EPSG:32643,"{""railway"":""level_crossing""}","[{""feature_value"":""unclassified"",""geometry_role"":""native_way_geometry"",""osm_way_id"":563000366}]","[{""feature_value"":""rail"",""geometry_role"":""native_way_geometry"",""osm_way_id"":1187527635}]",native_shared_node_not_transfer_or_conflict_permission
9332148952,72.9754935,19.1864878,287124.4405076492,2122698.485238189,EPSG:32643,{},"[{""feature_value"":""footway"",""geometry_role"":""native_way_geometry"",""osm_way_id"":907959250},{""feature_value"":""footway"",""geometry_role"":""native_way_geometry"",""osm_way_id"":1312175549}]","[{""feature_value"":""platform"",""geometry_role"":""area_boundary"",""osm_way_id"":627539072}]",native_shared_node_not_transfer_or_conflict_permission
9332148968,72.9767022,19.1857614,287250.64261880016,2122616.59295297,EPSG:32643,{},"[{""feature_value"":""pedestrian"",""geometry_role"":""area_boundary"",""osm_way_id"":434916261}]","[{""feature_value"":""platform"",""geometry_role"":""area_boundary"",""osm_way_id"":434916263}]",native_shared_node_not_transfer_or_conflict_permission
9344023700,72.9757915,19.1855139,287154.5330018598,2122590.305961698,EPSG:32643,{},"[{""feature_value"":""pedestrian"",""geometry_role"":""area_boundary"",""osm_way_id"":434916261}]","[{""feature_value"":""platform"",""geometry_role"":""area_boundary"",""osm_way_id"":434916263}]",native_shared_node_not_transfer_or_conflict_permission
9344023701,72.9758525,19.1854975,287160.92816988914,2122588.415883296,EPSG:32643,{},"[{""feature_value"":""pedestrian"",""geometry_role"":""area_boundary"",""osm_way_id"":434916261}]","[{""feature_value"":""platform"",""geometry_role"":""area_boundary"",""osm_way_id"":434916263}]",native_shared_node_not_transfer_or_conflict_permission
9347970555,72.9994406,19.0631375,289487.0016480532,2109014.192939031,EPSG:32643,{},"[{""feature_value"":""footway"",""geometry_role"":""native_way_geometry"",""osm_way_id"":1013444796},{""feature_value"":""steps"",""geometry_role"":""native_way_geometry"",""osm_way_id"":1013444797}]","[{""feature_value"":""station"",""geometry_role"":""native_way_geometry"",""osm_way_id"":151768155}]",native_shared_node_not_transfer_or_conflict_permission
9348365305,73.0081756,19.0591327,290401.4187428036,2108560.3887043498,EPSG:32643,"{""railway"":""level_crossing""}","[{""feature_value"":""service"",""geometry_role"":""native_way_geometry"",""osm_way_id"":1013286390}]","[{""feature_value"":""rail"",""geometry_role"":""native_way_geometry"",""osm_way_id"":595314741},{""feature_value"":""rail"",""geometry_role"":""native_way_geometry"",""osm_way_id"":1013286437}]",native_shared_node_not_transfer_or_conflict_permission
9348365306,73.0082127,19.0591714,290405.37265369843,2108564.628501506,EPSG:32643,"{""railway"":""level_crossing""}","[{""feature_value"":""service"",""geometry_role"":""native_way_geometry"",""osm_way_id"":1013286390}]","[{""feature_value"":""rail"",""geometry_role"":""native_way_geometry"",""osm_way_id"":561526755},{""feature_value"":""rail"",""geometry_role"":""native_way_geometry"",""osm_way_id"":1013286436}]",native_shared_node_not_transfer_or_conflict_permission
9348365307,73.0082165,19.0591753,290405.7775560756,2108565.055694717,EPSG:32643,"{""railway"":""level_crossing""}","[{""feature_value"":""service"",""geometry_role"":""native_way_geometry"",""osm_way_id"":1013286390}]","[{""feature_value"":""rail"",""geometry_role"":""native_way_geometry"",""osm_way_id"":561690007}]",native_shared_node_not_transfer_or_conflict_permission
9348365308,73.0082984,19.0592608,290414.5060795299,2108574.4227688746,EPSG:32643,"{""railway"":""level_crossing""}","[{""feature_value"":""service"",""geometry_role"":""native_way_geometry"",""osm_way_id"":1013286390}]","[{""feature_value"":""rail"",""geometry_role"":""native_way_geometry"",""osm_way_id"":561690006}]",native_shared_node_not_transfer_or_conflict_permission
9348365309,73.008332,19.0592958,290418.0869130029,2108578.257156569,EPSG:32643,"{""railway"":""level_crossing""}","[{""feature_value"":""service"",""geometry_role"":""native_way_geometry"",""osm_way_id"":1013286390}]","[{""feature_value"":""rail"",""geometry_role"":""native_way_geometry"",""osm_way_id"":1013286438}]",native_shared_node_not_transfer_or_conflict_permission
9348365310,73.0083541,19.0593188,290420.4421366034,2108580.7768734554,EPSG:32643,"{""railway"":""level_crossing""}","[{""feature_value"":""service"",""geometry_role"":""native_way_geometry"",""osm_way_id"":1013286390}]","[{""feature_value"":""rail"",""geometry_role"":""native_way_geometry"",""osm_way_id"":561690009}]",native_shared_node_not_transfer_or_conflict_permission
9348365311,73.0084273,19.0593952,290428.24341947923,2108589.1469689254,EPSG:32643,"{""railway"":""level_crossing""}","[{""feature_value"":""service"",""geometry_role"":""native_way_geometry"",""osm_way_id"":1013286390}]","[{""feature_value"":""rail"",""geometry_role"":""native_way_geometry"",""osm_way_id"":561690010}]",native_shared_node_not_transfer_or_conflict_permission
9348365312,73.0084645,19.0594341,290432.20809591905,2108593.408791532,EPSG:32643,"{""railway"":""level_crossing""}","[{""feature_value"":""service"",""geometry_role"":""native_way_geometry"",""osm_way_id"":1013286390}]","[{""feature_value"":""rail"",""geometry_role"":""native_way_geometry"",""osm_way_id"":561690011}]",native_shared_node_not_transfer_or_conflict_permission
9348416727,73.0110796,19.0577328,290705.3450680237,2108401.948942415,EPSG:32643,"{""railway"":""level_crossing""}","[{""feature_value"":""service"",""geometry_role"":""native_way_geometry"",""osm_way_id"":1013286392}]","[{""feature_value"":""rail"",""geometry_role"":""native_way_geometry"",""osm_way_id"":856527014}]",native_shared_node_not_transfer_or_conflict_permission
9348416728,73.0110385,19.0576894,290700.9642474033,2108397.193563319,EPSG:32643,"{""railway"":""level_crossing""}","[{""feature_value"":""service"",""geometry_role"":""native_way_geometry"",""osm_way_id"":1013286392}]","[{""feature_value"":""rail"",""geometry_role"":""native_way_geometry"",""osm_way_id"":561690013}]",native_shared_node_not_transfer_or_conflict_permission
9348416729,73.0110051,19.0576541,290697.4041240419,2108393.325674587,EPSG:32643,"{""railway"":""level_crossing""}","[{""feature_value"":""service"",""geometry_role"":""native_way_geometry"",""osm_way_id"":1013286392}]","[{""feature_value"":""rail"",""geometry_role"":""native_way_geometry"",""osm_way_id"":561526185}]",native_shared_node_not_transfer_or_conflict_permission
9348416730,73.0108664,19.0575075,290682.61999083235,2108377.2624261156,EPSG:32643,"{""railway"":""level_crossing""}","[{""feature_value"":""service"",""geometry_role"":""native_way_geometry"",""osm_way_id"":1013286392}]","[{""feature_value"":""rail"",""geometry_role"":""native_way_geometry"",""osm_way_id"":561526184}]",native_shared_node_not_transfer_or_conflict_permission
9348416731,73.0107172,19.0573499,290666.7167498769,2108359.994007639,EPSG:32643,"{""railway"":""level_crossing""}","[{""feature_value"":""service"",""geometry_role"":""native_way_geometry"",""osm_way_id"":1013286392}]","[{""feature_value"":""rail"",""geometry_role"":""native_way_geometry"",""osm_way_id"":1013286350}]",native_shared_node_not_transfer_or_conflict_permission
9348416732,73.0106836,19.0573143,290663.1351829347,2108356.093152648,EPSG:32643,"{""railway"":""level_crossing""}","[{""feature_value"":""service"",""geometry_role"":""native_way_geometry"",""osm_way_id"":1013286392}]","[{""feature_value"":""rail"",""geometry_role"":""native_way_geometry"",""osm_way_id"":1013286351}]",native_shared_node_not_transfer_or_conflict_permission
9348416733,73.0106439,19.0572724,290658.9035938941,2108351.502162307,EPSG:32643,"{""railway"":""level_crossing""}","[{""feature_value"":""service"",""geometry_role"":""native_way_geometry"",""osm_way_id"":1013286392}]","[{""feature_value"":""rail"",""geometry_role"":""native_way_geometry"",""osm_way_id"":1013286352}]",native_shared_node_not_transfer_or_conflict_permission
9348416734,73.0105924,19.0572179,290653.4140664285,2108345.5304236775,EPSG:32643,"{""railway"":""level_crossing""}","[{""feature_value"":""service"",""geometry_role"":""native_way_geometry"",""osm_way_id"":1013286392}]","[{""feature_value"":""rail"",""geometry_role"":""native_way_geometry"",""osm_way_id"":1013286435}]",native_shared_node_not_transfer_or_conflict_permission
9348416735,73.0105653,19.0571894,290650.5256253531,2108342.407789947,EPSG:32643,"{""railway"":""level_crossing""}","[{""feature_value"":""service"",""geometry_role"":""native_way_geometry"",""osm_way_id"":1013286392}]","[{""feature_value"":""rail"",""geometry_role"":""native_way_geometry"",""osm_way_id"":561526755}]",native_shared_node_not_transfer_or_conflict_permission
9348416736,73.0105283,19.0571502,290646.5816334521,2108338.112471999,EPSG:32643,"{""railway"":""level_crossing""}","[{""feature_value"":""service"",""geometry_role"":""native_way_geometry"",""osm_way_id"":1013286392}]","[{""feature_value"":""rail"",""geometry_role"":""native_way_geometry"",""osm_way_id"":1013286437}]",native_shared_node_not_transfer_or_conflict_permission
9348416762,73.0077668,19.0567007,290355.3292828048,2108291.6514290115,EPSG:32643,"{""railway"":""level_crossing""}","[{""feature_value"":""service"",""geometry_role"":""native_way_geometry"",""osm_way_id"":1013286393}]","[{""feature_value"":""rail"",""geometry_role"":""native_way_geometry"",""osm_way_id"":856527013}]",native_shared_node_not_transfer_or_conflict_permission
9348416763,73.0078228,19.0567592,290361.297649577,2108298.0605155374,EPSG:32643,"{""railway"":""level_crossing""}","[{""feature_value"":""service"",""geometry_role"":""native_way_geometry"",""osm_way_id"":1013286393}]","[{""feature_value"":""rail"",""geometry_role"":""native_way_geometry"",""osm_way_id"":1013286445}]",native_shared_node_not_transfer_or_conflict_permission
9348416764,73.0079138,19.0568541,290370.9960325782,2108308.4572955063,EPSG:32643,"{""railway"":""level_crossing""}","[{""feature_value"":""service"",""geometry_role"":""native_way_geometry"",""osm_way_id"":1013286393}]","[{""feature_value"":""rail"",""geometry_role"":""native_way_geometry"",""osm_way_id"":1013286446}]",native_shared_node_not_transfer_or_conflict_permission
9348416765,73.0079553,19.0568974,290375.4189448957,2108313.2010577284,EPSG:32643,"{""railway"":""level_crossing""}","[{""feature_value"":""service"",""geometry_role"":""native_way_geometry"",""osm_way_id"":1013286393}]","[{""feature_value"":""rail"",""geometry_role"":""native_way_geometry"",""osm_way_id"":1013286447}]",native_shared_node_not_transfer_or_conflict_permission
9348416766,73.0079961,19.0569399,290379.7671641398,2108317.857096435,EPSG:32643,"{""railway"":""level_crossing""}","[{""feature_value"":""service"",""geometry_role"":""native_way_geometry"",""osm_way_id"":1013286393}]","[{""feature_value"":""rail"",""geometry_role"":""native_way_geometry"",""osm_way_id"":1013286448}]",native_shared_node_not_transfer_or_conflict_permission
9348416767,73.0089898,19.0575793,290485.1718437768,2108387.4519895473,EPSG:32643,"{""access"":""private"",""description"":""in the depot or yard of Indian Railways"",""railway"":""level_crossing""}","[{""feature_value"":""service"",""geometry_role"":""native_way_geometry"",""osm_way_id"":1013286393}]","[{""feature_value"":""rail"",""geometry_role"":""native_way_geometry"",""osm_way_id"":561526163}]",native_shared_node_not_transfer_or_conflict_permission
9348416768,73.0089589,19.0575471,290481.87872459134,2108383.924325171,EPSG:32643,"{""access"":""private"",""description"":""in the depot or yard of Indian Railways"",""railway"":""level_crossing""}","[{""feature_value"":""service"",""geometry_role"":""native_way_geometry"",""osm_way_id"":1013286393}]","[{""feature_value"":""rail"",""geometry_role"":""native_way_geometry"",""osm_way_id"":561526177}]",native_shared_node_not_transfer_or_conflict_permission
9348416769,73.0089067,19.0574926,290476.3154578495,2108377.9534708536,EPSG:32643,"{""access"":""private"",""description"":""in the depot or yard of Indian Railways"",""railway"":""level_crossing""}","[{""feature_value"":""service"",""geometry_role"":""native_way_geometry"",""osm_way_id"":1013286393}]","[{""feature_value"":""rail"",""geometry_role"":""native_way_geometry"",""osm_way_id"":1013286391}]",native_shared_node_not_transfer_or_conflict_permission
9348416770,73.0110091,19.0557329,290695.4136045079,2108180.641558922,EPSG:32643,"{""access"":""private"",""description"":""in the depot or yard of Indian Railways"",""railway"":""level_crossing""}","[{""feature_value"":""service"",""geometry_role"":""native_way_geometry"",""osm_way_id"":1013286393}]","[{""feature_value"":""rail"",""geometry_role"":""native_way_geometry"",""osm_way_id"":1013286391}]",native_shared_node_not_transfer_or_conflict_permission
9348416771,73.0088848,19.0574698,290473.9815241961,2108375.4556468986,EPSG:32643,"{""access"":""private"",""description"":""in the depot or yard of Indian Railways"",""railway"":""level_crossing""}","[{""feature_value"":""service"",""geometry_role"":""native_way_geometry"",""osm_way_id"":1013286393}]","[{""feature_value"":""rail"",""geometry_role"":""native_way_geometry"",""osm_way_id"":561526175}]",native_shared_node_not_transfer_or_conflict_permission
9348416772,73.0088455,19.0574288,290469.7931240033,2108370.9638490495,EPSG:32643,"{""access"":""private"",""description"":""in the depot or yard of Indian Railways"",""railway"":""level_crossing""}","[{""feature_value"":""service"",""geometry_role"":""native_way_geometry"",""osm_way_id"":1013286393}]","[{""feature_value"":""rail"",""geometry_role"":""native_way_geometry"",""osm_way_id"":561526173}]",native_shared_node_not_transfer_or_conflict_permission
9348416773,73.0088117,19.0573546,290466.1419527172,2108362.790192388,EPSG:32643,"{""access"":""private"",""description"":""in the depot or yard of Indian Railways"",""railway"":""level_crossing""}","[{""feature_value"":""service"",""geometry_role"":""native_way_geometry"",""osm_way_id"":1013286393}]","[{""feature_value"":""rail"",""geometry_role"":""native_way_geometry"",""osm_way_id"":561526162}]",native_shared_node_not_transfer_or_conflict_permission
9348416774,73.0087979,19.0572945,290464.613781197,2108356.15352707,EPSG:32643,"{""access"":""private"",""description"":""in the depot or yard of Indian Railways"",""railway"":""level_crossing""}","[{""feature_value"":""service"",""geometry_role"":""native_way_geometry"",""osm_way_id"":1013286393}]","[{""feature_value"":""rail"",""geometry_role"":""native_way_geometry"",""osm_way_id"":561526178}]",native_shared_node_not_transfer_or_conflict_permission
9348416775,73.008788,19.0572511,290463.5171258418,2108351.3609152795,EPSG:32643,"{""access"":""private"",""description"":""in the depot or yard of Indian Railways"",""railway"":""level_crossing""}","[{""feature_value"":""service"",""geometry_role"":""native_way_geometry"",""osm_way_id"":1013286393}]","[{""feature_value"":""rail"",""geometry_role"":""native_way_geometry"",""osm_way_id"":561526180}]",native_shared_node_not_transfer_or_conflict_permission
9348416776,73.0131477,19.0559784,290920.8411186007,2108205.267559492,EPSG:32643,"{""access"":""private"",""description"":""in the depot or yard of Indian Railways"",""railway"":""level_crossing""}","[{""feature_value"":""service"",""geometry_role"":""native_way_geometry"",""osm_way_id"":1013286396}]","[{""feature_value"":""rail"",""geometry_role"":""native_way_geometry"",""osm_way_id"":856527014}]",native_shared_node_not_transfer_or_conflict_permission
9348416777,73.0131082,19.0559367,290916.6308735324,2108200.698415377,EPSG:32643,"{""access"":""private"",""description"":""in the depot or yard of Indian Railways"",""railway"":""level_crossing""}","[{""feature_value"":""service"",""geometry_role"":""native_way_geometry"",""osm_way_id"":1013286396}]","[{""feature_value"":""rail"",""geometry_role"":""native_way_geometry"",""osm_way_id"":561690013}]",native_shared_node_not_transfer_or_conflict_permission
9348416778,73.013073,19.0558994,290912.87878230156,2108196.611230305,EPSG:32643,"{""access"":""private"",""description"":""in the depot or yard of Indian Railways"",""railway"":""level_crossing""}","[{""feature_value"":""service"",""geometry_role"":""native_way_geometry"",""osm_way_id"":1013286396}]","[{""feature_value"":""rail"",""geometry_role"":""native_way_geometry"",""osm_way_id"":561526185}]",native_shared_node_not_transfer_or_conflict_permission
9348416779,73.0129948,19.0558168,290904.5434974064,2108187.5605528774,EPSG:32643,"{""access"":""private"",""description"":""in the depot or yard of Indian Railways"",""railway"":""level_crossing""}","[{""feature_value"":""service"",""geometry_role"":""native_way_geometry"",""osm_way_id"":1013286396}]","[{""feature_value"":""rail"",""geometry_role"":""native_way_geometry"",""osm_way_id"":561526186}]",native_shared_node_not_transfer_or_conflict_permission
9348416780,73.0129347,19.0557533,290898.1374506636,2108180.6026889347,EPSG:32643,"{""access"":""private"",""description"":""in the depot or yard of Indian Railways"",""railway"":""level_crossing""}","[{""feature_value"":""service"",""geometry_role"":""native_way_geometry"",""osm_way_id"":1013286396}]","[{""feature_value"":""rail"",""geometry_role"":""native_way_geometry"",""osm_way_id"":1013286349}]",native_shared_node_not_transfer_or_conflict_permission
9348416781,73.0127899,19.0556003,290882.7032182448,2108163.8380699134,EPSG:32643,"{""access"":""private"",""description"":""in the depot or yard of Indian Railways"",""railway"":""level_crossing""}","[{""feature_value"":""service"",""geometry_role"":""native_way_geometry"",""osm_way_id"":1013286396}]","[{""feature_value"":""rail"",""geometry_role"":""native_way_geometry"",""osm_way_id"":1013286433}]",native_shared_node_not_transfer_or_conflict_permission
9348416782,73.0127578,19.0555663,290879.28157235484,2108160.1125076977,EPSG:32643,"{""access"":""private"",""description"":""in the depot or yard of Indian Railways"",""railway"":""level_crossing""}","[{""feature_value"":""service"",""geometry_role"":""native_way_geometry"",""osm_way_id"":1013286396}]","[{""feature_value"":""rail"",""geometry_role"":""native_way_geometry"",""osm_way_id"":561690008}]",native_shared_node_not_transfer_or_conflict_permission
9348416783,73.0127188,19.0555251,290875.12456661765,2108155.598125642,EPSG:32643,"{""access"":""private"",""description"":""in the depot or yard of Indian Railways"",""railway"":""level_crossing""}","[{""feature_value"":""service"",""geometry_role"":""native_way_geometry"",""osm_way_id"":1013286396}]","[{""feature_value"":""rail"",""geometry_role"":""native_way_geometry"",""osm_way_id"":1013286434}]",native_shared_node_not_transfer_or_conflict_permission
9348416784,73.0126908,19.0554955,290872.14002271823,2108152.354760508,EPSG:32643,"{""access"":""private"",""description"":""in the depot or yard of Indian Railways"",""railway"":""level_crossing""}","[{""feature_value"":""service"",""geometry_role"":""native_way_geometry"",""osm_way_id"":1013286396}]","[{""feature_value"":""rail"",""geometry_role"":""native_way_geometry"",""osm_way_id"":1013286435}]",native_shared_node_not_transfer_or_conflict_permission
9348416785,73.012655,19.0554577,290868.32412599144,2108148.212947714,EPSG:32643,"{""access"":""private"",""description"":""in the depot or yard of Indian Railways"",""railway"":""level_crossing""}","[{""feature_value"":""service"",""geometry_role"":""native_way_geometry"",""osm_way_id"":1013286396}]","[{""feature_value"":""rail"",""geometry_role"":""native_way_geometry"",""osm_way_id"":561526755}]",native_shared_node_not_transfer_or_conflict_permission
9348416786,73.0126154,19.0554159,290864.1032033977,2108143.6328624804,EPSG:32643,"{""access"":""private"",""description"":""in the depot or yard of Indian Railways"",""railway"":""level_crossing""}","[{""feature_value"":""service"",""geometry_role"":""native_way_geometry"",""osm_way_id"":1013286396}]","[{""feature_value"":""rail"",""geometry_role"":""native_way_geometry"",""osm_way_id"":1013286437}]",native_shared_node_not_transfer_or_conflict_permission
9348416787,73.0124982,19.0552718,290851.58539385826,2108127.820590703,EPSG:32643,"{""access"":""private"",""description"":""in the depot or yard of Indian Railways"",""railway"":""level_crossing""}","[{""feature_value"":""service"",""geometry_role"":""native_way_geometry"",""osm_way_id"":1013286396}]","[{""feature_value"":""rail"",""geometry_role"":""native_way_geometry"",""osm_way_id"":561526166}]",native_shared_node_not_transfer_or_conflict_permission
9348416788,73.0124881,19.0552541,290850.5000151172,2108125.8732248563,EPSG:32643,"{""access"":""private"",""description"":""in the depot or yard of Indian Railways"",""railway"":""level_crossing""}","[{""feature_value"":""service"",""geometry_role"":""native_way_geometry"",""osm_way_id"":1013286396}]","[{""feature_value"":""rail"",""geometry_role"":""native_way_geometry"",""osm_way_id"":561526165}]",native_shared_node_not_transfer_or_conflict_permission
9348416789,73.0124691,19.0552208,290848.4582092271,2108122.2095346726,EPSG:32643,"{""access"":""private"",""description"":""in the depot or yard of Indian Railways"",""railway"":""level_crossing""}","[{""feature_value"":""service"",""geometry_role"":""native_way_geometry"",""osm_way_id"":1013286396}]","[{""feature_value"":""rail"",""geometry_role"":""native_way_geometry"",""osm_way_id"":1013286364}]",native_shared_node_not_transfer_or_conflict_permission
9348416790,73.0124413,19.0551594,290845.4548236494,2108115.445635991,EPSG:32643,"{""access"":""private"",""description"":""in the depot or yard of Indian Railways"",""railway"":""level_crossing""}","[{""feature_value"":""service"",""geometry_role"":""native_way_geometry"",""osm_way_id"":1013286396}]","[{""feature_value"":""rail"",""geometry_role"":""native_way_geometry"",""osm_way_id"":1013286361}]",native_shared_node_not_transfer_or_conflict_permission
9348416791,73.0124321,19.0551387,290844.4604197199,2108113.1650933763,EPSG:32643,"{""access"":""private"",""description"":""in the depot or yard of Indian Railways"",""railway"":""level_crossing""}","[{""feature_value"":""service"",""geometry_role"":""native_way_geometry"",""osm_way_id"":1013286396}]","[{""feature_value"":""rail"",""geometry_role"":""native_way_geometry"",""osm_way_id"":561526168}]",native_shared_node_not_transfer_or_conflict_permission
9348416792,73.0123951,19.0550844,290840.49749529175,2108107.1981463195,EPSG:32643,"{""access"":""private"",""description"":""in the depot or yard of Indian Railways"",""railway"":""level_crossing""}","[{""feature_value"":""service"",""geometry_role"":""native_way_geometry"",""osm_way_id"":1013286396}]","[{""feature_value"":""rail"",""geometry_role"":""native_way_geometry"",""osm_way_id"":561526170}]",native_shared_node_not_transfer_or_conflict_permission
9348416793,73.012367,19.0550413,290837.48547857115,2108102.46043851,EPSG:32643,"{""access"":""private"",""description"":""in the depot or yard of Indian Railways"",""railway"":""level_crossing""}","[{""feature_value"":""service"",""geometry_role"":""native_way_geometry"",""osm_way_id"":1013286396}]","[{""feature_value"":""rail"",""geometry_role"":""native_way_geometry"",""osm_way_id"":561526163}]",native_shared_node_not_transfer_or_conflict_permission
9348416794,73.0123472,19.0550066,290835.3576995576,2108098.6427218164,EPSG:32643,"{""access"":""private"",""description"":""in the depot or yard of Indian Railways"",""railway"":""level_crossing""}","[{""feature_value"":""service"",""geometry_role"":""native_way_geometry"",""osm_way_id"":1013286396}]","[{""feature_value"":""rail"",""geometry_role"":""native_way_geometry"",""osm_way_id"":561526177}]",native_shared_node_not_transfer_or_conflict_permission
9348416795,73.012202,19.0546883,290819.6738917172,2108063.5797103676,EPSG:32643,"{""access"":""private"",""description"":""in the depot or yard of Indian Railways"",""railway"":""level_crossing""}","[{""feature_value"":""service"",""geometry_role"":""native_way_geometry"",""osm_way_id"":1013286396}]","[{""feature_value"":""rail"",""geometry_role"":""native_way_geometry"",""osm_way_id"":561526178}]",native_shared_node_not_transfer_or_conflict_permission
9348416796,73.0116748,19.0536879,290762.92267393344,2107953.463102556,EPSG:32643,"{""access"":""private"",""description"":""in the depot or yard of Indian Railways"",""railway"":""level_crossing""}","[{""feature_value"":""service"",""geometry_role"":""native_way_geometry"",""osm_way_id"":1013286396}]","[{""feature_value"":""rail"",""geometry_role"":""native_way_geometry"",""osm_way_id"":1013286427}]",native_shared_node_not_transfer_or_conflict_permission
9348416797,73.0117158,19.0537313,290767.2930420849,2107958.218622115,EPSG:32643,"{""access"":""private"",""description"":""in the depot or yard of Indian Railways"",""railway"":""level_crossing""}","[{""feature_value"":""service"",""geometry_role"":""native_way_geometry"",""osm_way_id"":1013286396}]","[{""feature_value"":""rail"",""geometry_role"":""native_way_geometry"",""osm_way_id"":1013286426}]",native_shared_node_not_transfer_or_conflict_permission
9348416798,73.0117563,19.0537741,290771.6100221487,2107962.9083182723,EPSG:32643,"{""access"":""private"",""description"":""in the depot or yard of Indian Railways"",""railway"":""level_crossing""}","[{""feature_value"":""service"",""geometry_role"":""native_way_geometry"",""osm_way_id"":1013286396}]","[{""feature_value"":""rail"",""geometry_role"":""native_way_geometry"",""osm_way_id"":1013286425}]",native_shared_node_not_transfer_or_conflict_permission
9348416799,73.0119817,19.0540123,290795.6358415242,2107989.008464131,EPSG:32643,"{""access"":""private"",""description"":""in the depot or yard of Indian Railways"",""railway"":""level_crossing""}","[{""feature_value"":""service"",""geometry_role"":""native_way_geometry"",""osm_way_id"":1013286396}]","[{""feature_value"":""rail"",""geometry_role"":""native_way_geometry"",""osm_way_id"":1013286405}]",native_shared_node_not_transfer_or_conflict_permission
9348416800,73.0121411,19.0541808,290812.62661386584,2108007.471483197,EPSG:32643,"{""access"":""private"",""description"":""in the depot or yard of Indian Railways"",""railway"":""level_crossing""}","[{""feature_value"":""service"",""geometry_role"":""native_way_geometry"",""osm_way_id"":1013286396}]","[{""feature_value"":""rail"",""geometry_role"":""native_way_geometry"",""osm_way_id"":1013286400}]",native_shared_node_not_transfer_or_conflict_permission
9348416801,73.0120911,19.0541279,290807.2969579683,2108001.675028602,EPSG:32643,"{""access"":""private"",""description"":""in the depot or yard of Indian Railways"",""railway"":""level_crossing""}","[{""feature_value"":""service"",""geometry_role"":""native_way_geometry"",""osm_way_id"":1013286396}]","[{""feature_value"":""rail"",""geometry_role"":""native_way_geometry"",""osm_way_id"":1013286402}]",native_shared_node_not_transfer_or_conflict_permission
9348416802,73.0098111,19.0549798,290568.3602209992,2108098.7026685174,EPSG:32643,"{""railway"":""level_crossing""}","[{""feature_value"":""service"",""geometry_role"":""native_way_geometry"",""osm_way_id"":1013286393}]","[{""feature_value"":""rail"",""geometry_role"":""native_way_geometry"",""osm_way_id"":1013286417}]",native_shared_node_not_transfer_or_conflict_permission
9348416803,73.0098676,19.0550388,290574.3818215974,2108105.1665751417,EPSG:32643,"{""railway"":""level_crossing""}","[{""feature_value"":""service"",""geometry_role"":""native_way_geometry"",""osm_way_id"":1013286393}]","[{""feature_value"":""rail"",""geometry_role"":""native_way_geometry"",""osm_way_id"":1013286415}]",native_shared_node_not_transfer_or_conflict_permission
9348416804,73.0099586,19.0551337,290584.0801610953,2108115.563463257,EPSG:32643,"{""railway"":""level_crossing""}","[{""feature_value"":""service"",""geometry_role"":""native_way_geometry"",""osm_way_id"":1013286393}]","[{""feature_value"":""rail"",""geometry_role"":""native_way_geometry"",""osm_way_id"":1013286413}]",native_shared_node_not_transfer_or_conflict_permission
9348416805,73.01,19.0551769,290588.49240142043,2108120.2963240724,EPSG:32643,"{""railway"":""level_crossing""}","[{""feature_value"":""service"",""geometry_role"":""native_way_geometry"",""osm_way_id"":1013286393}]","[{""feature_value"":""rail"",""geometry_role"":""native_way_geometry"",""osm_way_id"":1013286411}]",native_shared_node_not_transfer_or_conflict_permission
9348416806,73.0100407,19.0552193,290592.8299491182,2108124.9414605475,EPSG:32643,"{""railway"":""level_crossing""}","[{""feature_value"":""service"",""geometry_role"":""native_way_geometry"",""osm_way_id"":1013286393}]","[{""feature_value"":""rail"",""geometry_role"":""native_way_geometry"",""osm_way_id"":1013286409}]",native_shared_node_not_transfer_or_conflict_permission
9348416807,73.0103827,19.0553599,290629.00724768866,2108140.0977194635,EPSG:32643,"{""access"":""private"",""description"":""in the depot or yard of Indian Railways"",""railway"":""level_crossing""}","[{""feature_value"":""service"",""geometry_role"":""native_way_geometry"",""osm_way_id"":1013286393}]","[{""feature_value"":""rail"",""geometry_role"":""native_way_geometry"",""osm_way_id"":1013286441}]",native_shared_node_not_transfer_or_conflict_permission
9348416808,73.0104928,19.0554748,290640.74121333606,2108152.6858558017,EPSG:32643,"{""access"":""private"",""description"":""in the depot or yard of Indian Railways"",""railway"":""level_crossing""}","[{""feature_value"":""service"",""geometry_role"":""native_way_geometry"",""osm_way_id"":1013286393}]","[{""feature_value"":""rail"",""geometry_role"":""native_way_geometry"",""osm_way_id"":1013286399}]",native_shared_node_not_transfer_or_conflict_permission
9348416809,73.0086819,19.057095,290452.15241682954,2108334.207210619,EPSG:32643,"{""access"":""private"",""description"":""in the depot or yard of Indian Railways"",""railway"":""level_crossing""}","[{""feature_value"":""service"",""geometry_role"":""native_way_geometry"",""osm_way_id"":1013286393}]","[{""feature_value"":""rail"",""geometry_role"":""native_way_geometry"",""osm_way_id"":1013286439}]",native_shared_node_not_transfer_or_conflict_permission
9348416810,73.0105432,19.0555274,290646.1126181148,2108158.448576104,EPSG:32643,"{""access"":""private"",""description"":""in the depot or yard of Indian Railways"",""railway"":""level_crossing""}","[{""feature_value"":""service"",""geometry_role"":""native_way_geometry"",""osm_way_id"":1013286393}]","[{""feature_value"":""rail"",""geometry_role"":""native_way_geometry"",""osm_way_id"":1013286341}]",native_shared_node_not_transfer_or_conflict_permission
9348416811,73.0086922,19.0571057,290453.2500861317,2108335.379407283,EPSG:32643,"{""access"":""private"",""description"":""in the depot or yard of Indian Railways"",""railway"":""level_crossing""}","[{""feature_value"":""service"",""geometry_role"":""native_way_geometry"",""osm_way_id"":1013286393}]","[{""feature_value"":""rail"",""geometry_role"":""native_way_geometry"",""osm_way_id"":561526181}]",native_shared_node_not_transfer_or_conflict_permission
9348416812,73.0107438,19.0554561,290667.1393092707,2108150.3161063143,EPSG:32643,{},"[{""feature_value"":""service"",""geometry_role"":""native_way_geometry"",""osm_way_id"":1013286393}]","[{""feature_value"":""rail"",""geometry_role"":""native_way_geometry"",""osm_way_id"":561526181}]",native_shared_node_not_transfer_or_conflict_permission
9350085458,72.9986195,19.062787,289400.12902158796,2108976.3781351964,EPSG:32643,{},"[{""feature_value"":""footway"",""geometry_role"":""native_way_geometry"",""osm_way_id"":1013444787},{""feature_value"":""steps"",""geometry_role"":""native_way_geometry"",""osm_way_id"":1013444789}]","[{""feature_value"":""station"",""geometry_role"":""native_way_geometry"",""osm_way_id"":151768155}]",native_shared_node_not_transfer_or_conflict_permission
9701962301,72.8233404,19.1989751,271137.0500024988,2124273.918110238,EPSG:32643,"{""access"":""private"",""description"":""in the metro depot"",""railway"":""level_crossing""}","[{""feature_value"":""service"",""geometry_role"":""native_way_geometry"",""osm_way_id"":1188244576}]","[{""feature_value"":""subway"",""geometry_role"":""native_way_geometry"",""osm_way_id"":937767590}]",native_shared_node_not_transfer_or_conflict_permission
9905601890,73.0166345,19.0535803,291284.87665062526,2107935.641973255,EPSG:32643,"{""railway"":""level_crossing""}","[{""feature_value"":""secondary"",""geometry_role"":""native_way_geometry"",""osm_way_id"":578746083}]","[{""feature_value"":""rail"",""geometry_role"":""native_way_geometry"",""osm_way_id"":376927960}]",native_shared_node_not_transfer_or_conflict_permission
9905601891,73.0166363,19.0536258,291285.12307245797,2107940.676725333,EPSG:32643,"{""railway"":""level_crossing""}","[{""feature_value"":""secondary"",""geometry_role"":""native_way_geometry"",""osm_way_id"":578746083}]","[{""feature_value"":""rail"",""geometry_role"":""native_way_geometry"",""osm_way_id"":847107469}]",native_shared_node_not_transfer_or_conflict_permission
9905601892,73.0166387,19.0536872,291285.4525527068,2107947.4709088397,EPSG:32643,"{""railway"":""level_crossing""}","[{""feature_value"":""secondary"",""geometry_role"":""native_way_geometry"",""osm_way_id"":578746083}]","[{""feature_value"":""rail"",""geometry_role"":""native_way_geometry"",""osm_way_id"":847107466}]",native_shared_node_not_transfer_or_conflict_permission
9905601893,73.016542,19.053626,291275.19673054665,2107940.811089903,EPSG:32643,"{""railway"":""level_crossing""}","[{""feature_value"":""secondary"",""geometry_role"":""native_way_geometry"",""osm_way_id"":578746080}]","[{""feature_value"":""rail"",""geometry_role"":""native_way_geometry"",""osm_way_id"":376927960}]",native_shared_node_not_transfer_or_conflict_permission
9905601894,73.0165433,19.0537356,291275.4707468231,2107952.9423697777,EPSG:32643,"{""railway"":""level_crossing""}","[{""feature_value"":""secondary"",""geometry_role"":""native_way_geometry"",""osm_way_id"":578746080}]","[{""feature_value"":""rail"",""geometry_role"":""native_way_geometry"",""osm_way_id"":847107466}]",native_shared_node_not_transfer_or_conflict_permission
9905601895,73.0165425,19.0536707,291275.3053080032,2107945.7588284807,EPSG:32643,"{""railway"":""level_crossing""}","[{""feature_value"":""secondary"",""geometry_role"":""native_way_geometry"",""osm_way_id"":578746080}]","[{""feature_value"":""rail"",""geometry_role"":""native_way_geometry"",""osm_way_id"":847107469}]",native_shared_node_not_transfer_or_conflict_permission
9962635338,72.9743225,19.1861619,287000.8507409842,2122663.8379223016,EPSG:32643,{},"[{""feature_value"":""footway"",""geometry_role"":""native_way_geometry"",""osm_way_id"":1087338636}]","[{""feature_value"":""platform"",""geometry_role"":""area_boundary"",""osm_way_id"":627539072}]",native_shared_node_not_transfer_or_conflict_permission
10094969144,72.9120803,18.7223143,279845.77187932306,2071390.5678178773,EPSG:32643,"{""railway"":""level_crossing"",""source"":""maxar""}","[{""feature_value"":""residential"",""geometry_role"":""native_way_geometry"",""osm_way_id"":1103142588}]","[{""feature_value"":""rail"",""geometry_role"":""native_way_geometry"",""osm_way_id"":1187527635}]",native_shared_node_not_transfer_or_conflict_permission
10129438903,72.8337722,19.1460811,272161.5587755579,2118404.2182075996,EPSG:32643,{},"[{""feature_value"":""secondary"",""geometry_role"":""native_way_geometry"",""osm_way_id"":22858128},{""feature_value"":""residential"",""geometry_role"":""native_way_geometry"",""osm_way_id"":1106999962}]","[{""feature_value"":""platform"",""geometry_role"":""area_boundary"",""osm_way_id"":1322610044}]",native_shared_node_not_transfer_or_conflict_permission
10243361125,72.8984405,19.0803204,278878.1814682034,2111040.828657912,EPSG:32643,{},"[{""feature_value"":""steps"",""geometry_role"":""native_way_geometry"",""osm_way_id"":1119968798}]","[{""feature_value"":""platform"",""geometry_role"":""area_boundary"",""osm_way_id"":427232170}]",native_shared_node_not_transfer_or_conflict_permission
10248493781,72.8159219,19.4627563,270725.43562992103,2153488.224341246,EPSG:32643,"{""railway"":""level_crossing""}","[{""feature_value"":""residential"",""geometry_role"":""native_way_geometry"",""osm_way_id"":1046738573}]","[{""feature_value"":""rail"",""geometry_role"":""native_way_geometry"",""osm_way_id"":1120519824}]",native_shared_node_not_transfer_or_conflict_permission
10248493785,72.8145265,19.4626937,270578.8091280913,2153483.1562078693,EPSG:32643,"{""railway"":""level_crossing""}","[{""feature_value"":""primary"",""geometry_role"":""native_way_geometry"",""osm_way_id"":119426034}]","[{""feature_value"":""rail"",""geometry_role"":""native_way_geometry"",""osm_way_id"":1120519824}]",native_shared_node_not_transfer_or_conflict_permission
10268658160,73.2815788,19.0013661,319116.31501543766,2101861.9731737357,EPSG:32643,{},"[{""feature_value"":""track"",""geometry_role"":""native_way_geometry"",""osm_way_id"":1122783017}]","[{""feature_value"":""narrow_gauge"",""geometry_role"":""native_way_geometry"",""osm_way_id"":484211973}]",native_shared_node_not_transfer_or_conflict_permission
10275450982,72.9949406,19.1943296,289179.942994433,2123542.951349357,EPSG:32643,"{""railway"":""crossing""}","[{""feature_value"":""pedestrian"",""geometry_role"":""native_way_geometry"",""osm_way_id"":152206197}]","[{""feature_value"":""rail"",""geometry_role"":""native_way_geometry"",""osm_way_id"":856070032}]",native_shared_node_not_transfer_or_conflict_permission
10277780871,72.8543945,18.997825,274130.43095376156,2101963.978449448,EPSG:32643,"{""disused:railway"":""level_crossing""}","[{""feature_value"":""tertiary"",""geometry_role"":""native_way_geometry"",""osm_way_id"":1238346024}]","[{""feature_value"":""disused"",""geometry_role"":""native_way_geometry"",""osm_way_id"":49192198}]",native_shared_node_not_transfer_or_conflict_permission
10281800047,72.8555371,19.0055253,274261.15169578063,2102815.006278873,EPSG:32643,"{""railway"":""level_crossing""}","[{""feature_value"":""residential"",""geometry_role"":""native_way_geometry"",""osm_way_id"":438493624}]","[{""feature_value"":""rail"",""geometry_role"":""native_way_geometry"",""osm_way_id"":48809238}]",native_shared_node_not_transfer_or_conflict_permission
10281800048,72.8556015,19.0054789,274267.8706918922,2102809.7866670215,EPSG:32643,"{""railway"":""level_crossing""}","[{""feature_value"":""residential"",""geometry_role"":""native_way_geometry"",""osm_way_id"":438493624}]","[{""feature_value"":""rail"",""geometry_role"":""native_way_geometry"",""osm_way_id"":398294953}]",native_shared_node_not_transfer_or_conflict_permission
10281800049,72.8542062,18.9968533,274109.2889966768,2101856.6440328457,EPSG:32643,"{""disused:railway"":""level_crossing""}","[{""feature_value"":""tertiary"",""geometry_role"":""native_way_geometry"",""osm_way_id"":1238346026}]","[{""feature_value"":""disused"",""geometry_role"":""native_way_geometry"",""osm_way_id"":49192198}]",native_shared_node_not_transfer_or_conflict_permission
10281800050,72.8533105,18.9954397,274013.05289024103,2101701.295955985,EPSG:32643,"{""disused:railway"":""level_crossing""}","[{""feature_value"":""tertiary"",""geometry_role"":""native_way_geometry"",""osm_way_id"":1238346024}]","[{""feature_value"":""disused"",""geometry_role"":""native_way_geometry"",""osm_way_id"":49192421}]",native_shared_node_not_transfer_or_conflict_permission
10281800051,72.8533719,18.9951922,274019.18470786815,2101673.816492693,EPSG:32643,"{""disused:railway"":""level_crossing""}","[{""feature_value"":""tertiary"",""geometry_role"":""native_way_geometry"",""osm_way_id"":1337958083}]","[{""feature_value"":""disused"",""geometry_role"":""native_way_geometry"",""osm_way_id"":49192421}]",native_shared_node_not_transfer_or_conflict_permission
10281800052,72.853778,18.994156,274060.5524236528,2101558.577736057,EPSG:32643,"{""disused:railway"":""level_crossing""}","[{""feature_value"":""residential"",""geometry_role"":""native_way_geometry"",""osm_way_id"":211708710}]","[{""feature_value"":""disused"",""geometry_role"":""native_way_geometry"",""osm_way_id"":55796955}]",native_shared_node_not_transfer_or_conflict_permission
10281800053,72.853725,18.994111,274054.9101093671,2101553.663897329,EPSG:32643,"{""disused:railway"":""level_crossing""}","[{""feature_value"":""residential"",""geometry_role"":""native_way_geometry"",""osm_way_id"":211708710}]","[{""feature_value"":""disused"",""geometry_role"":""native_way_geometry"",""osm_way_id"":55796948}]",native_shared_node_not_transfer_or_conflict_permission
10281800054,72.8536732,18.9957877,274051.71932097943,2101739.3568205093,EPSG:32643,"{""disused:railway"":""level_crossing""}","[{""feature_value"":""tertiary"",""geometry_role"":""native_way_geometry"",""osm_way_id"":1238346026}]","[{""feature_value"":""disused"",""geometry_role"":""native_way_geometry"",""osm_way_id"":55796955}]",native_shared_node_not_transfer_or_conflict_permission
10281800055,72.8537615,18.9963665,274061.7999784346,2101803.321963851,EPSG:32643,"{""disused:railway"":""level_crossing""}","[{""feature_value"":""tertiary"",""geometry_role"":""native_way_geometry"",""osm_way_id"":1238346024}]","[{""feature_value"":""disused"",""geometry_role"":""native_way_geometry"",""osm_way_id"":55796955}]",native_shared_node_not_transfer_or_conflict_permission
10299466176,73.0009556,19.19933,289818.94053317996,2124089.24131046,EPSG:32643,"{""railway"":""level_crossing""}","[{""feature_value"":""path"",""geometry_role"":""native_way_geometry"",""osm_way_id"":856527018}]","[{""feature_value"":""rail"",""geometry_role"":""native_way_geometry"",""osm_way_id"":856070015}]",native_shared_node_not_transfer_or_conflict_permission
10299481209,72.8938583,19.073409,278386.6830911754,2110281.473765848,EPSG:32643,"{""railway"":""level_crossing""}","[{""feature_value"":""service"",""geometry_role"":""native_way_geometry"",""osm_way_id"":235856032}]","[{""feature_value"":""rail"",""geometry_role"":""native_way_geometry"",""osm_way_id"":827666240}]",native_shared_node_not_transfer_or_conflict_permission
10299481270,72.8938692,19.0733947,278387.8113993694,2110279.8768549412,EPSG:32643,"{""railway"":""level_crossing""}","[{""feature_value"":""service"",""geometry_role"":""native_way_geometry"",""osm_way_id"":235856032}]","[{""feature_value"":""rail"",""geometry_role"":""native_way_geometry"",""osm_way_id"":1126374798}]",native_shared_node_not_transfer_or_conflict_permission
10299481362,73.0573199,19.1958132,295742.6022713209,2123632.8458564174,EPSG:32643,"{""railway"":""crossing""}","[{""feature_value"":""footway"",""geometry_role"":""native_way_geometry"",""osm_way_id"":1314422573}]","[{""feature_value"":""rail"",""geometry_role"":""native_way_geometry"",""osm_way_id"":377611173}]",native_shared_node_not_transfer_or_conflict_permission
10299481375,73.0573897,19.1956712,295749.7681011491,2123617.044536084,EPSG:32643,"{""railway"":""crossing""}","[{""feature_value"":""footway"",""geometry_role"":""native_way_geometry"",""osm_way_id"":1314422573}]","[{""feature_value"":""rail"",""geometry_role"":""native_way_geometry"",""osm_way_id"":397753935}]",native_shared_node_not_transfer_or_conflict_permission
10299481417,73.0572575,19.1959312,295736.1851095988,2123645.9816921656,EPSG:32643,"{""railway"":""crossing""}","[{""feature_value"":""footway"",""geometry_role"":""native_way_geometry"",""osm_way_id"":1314422573}]","[{""feature_value"":""rail"",""geometry_role"":""native_way_geometry"",""osm_way_id"":397826433}]",native_shared_node_not_transfer_or_conflict_permission
10299481527,73.0409957,19.1880468,294016.04926979006,2122792.3246714235,EPSG:32643,"{""railway"":""level_crossing""}","[{""feature_value"":""residential"",""geometry_role"":""native_way_geometry"",""osm_way_id"":552036653}]","[{""feature_value"":""rail"",""geometry_role"":""native_way_geometry"",""osm_way_id"":1533003546}]",native_shared_node_not_transfer_or_conflict_permission
10299481630,73.0572831,19.1958931,295738.83051942463,2123641.733979965,EPSG:32643,"{""railway"":""crossing""}","[{""feature_value"":""footway"",""geometry_role"":""native_way_geometry"",""osm_way_id"":1314422573}]","[{""feature_value"":""rail"",""geometry_role"":""native_way_geometry"",""osm_way_id"":397826431}]",native_shared_node_not_transfer_or_conflict_permission
10299481641,73.0573458,19.1957584,295745.2586194901,2123626.7490978227,EPSG:32643,"{""railway"":""crossing""}","[{""feature_value"":""footway"",""geometry_role"":""native_way_geometry"",""osm_way_id"":1314422573}]","[{""feature_value"":""rail"",""geometry_role"":""native_way_geometry"",""osm_way_id"":1007837679}]",native_shared_node_not_transfer_or_conflict_permission
10299481792,73.0574204,19.1956328,295752.94953579095,2123612.7576347752,EPSG:32643,"{""railway"":""crossing""}","[{""feature_value"":""footway"",""geometry_role"":""native_way_geometry"",""osm_way_id"":1314422573}]","[{""feature_value"":""rail"",""geometry_role"":""native_way_geometry"",""osm_way_id"":397763409}]",native_shared_node_not_transfer_or_conflict_permission
10299481838,73.0572998,19.1958555,295740.5405006725,2123637.552057927,EPSG:32643,"{""railway"":""crossing""}","[{""feature_value"":""footway"",""geometry_role"":""native_way_geometry"",""osm_way_id"":1314422573}]","[{""feature_value"":""rail"",""geometry_role"":""native_way_geometry"",""osm_way_id"":397789315}]",native_shared_node_not_transfer_or_conflict_permission
10299481851,73.0573688,19.1957139,295747.62268118316,2123621.795954862,EPSG:32643,"{""railway"":""crossing""}","[{""feature_value"":""footway"",""geometry_role"":""native_way_geometry"",""osm_way_id"":1314422573}]","[{""feature_value"":""rail"",""geometry_role"":""native_way_geometry"",""osm_way_id"":1314257243}]",native_shared_node_not_transfer_or_conflict_permission
10299481853,73.0009368,19.1993896,289817.03898864327,2124095.86192604,EPSG:32643,"{""railway"":""level_crossing""}","[{""feature_value"":""path"",""geometry_role"":""native_way_geometry"",""osm_way_id"":856527018}]","[{""feature_value"":""rail"",""geometry_role"":""native_way_geometry"",""osm_way_id"":856070017}]",native_shared_node_not_transfer_or_conflict_permission
10299481859,72.9954379,19.1957455,289234.05174811604,2123699.0946009257,EPSG:32643,"{""railway"":""level_crossing""}","[{""feature_value"":""path"",""geometry_role"":""native_way_geometry"",""osm_way_id"":856527016}]","[{""feature_value"":""rail"",""geometry_role"":""native_way_geometry"",""osm_way_id"":856070032}]",native_shared_node_not_transfer_or_conflict_permission
10542368044,73.1096839,18.4542483,300375.6569163221,2041485.662345278,EPSG:32643,"{""railway"":""level_crossing""}","[{""feature_value"":""trunk"",""geometry_role"":""native_way_geometry"",""osm_way_id"":30893183}]","[{""feature_value"":""rail"",""geometry_role"":""native_way_geometry"",""osm_way_id"":45096981}]",native_shared_node_not_transfer_or_conflict_permission
10544292815,73.0549899,19.1893171,295489.5186322879,2122916.4594049496,EPSG:32643,"{""railway"":""level_crossing""}","[{""feature_value"":""tertiary"",""geometry_role"":""native_way_geometry"",""osm_way_id"":212659562}]","[{""feature_value"":""rail"",""geometry_role"":""native_way_geometry"",""osm_way_id"":1314257241}]",native_shared_node_not_transfer_or_conflict_permission
10544292816,73.0549787,19.1892941,295488.31221665215,2122913.9264449673,EPSG:32643,"{""railway"":""level_crossing""}","[{""feature_value"":""tertiary"",""geometry_role"":""native_way_geometry"",""osm_way_id"":212659562}]","[{""feature_value"":""rail"",""geometry_role"":""native_way_geometry"",""osm_way_id"":597632391}]",native_shared_node_not_transfer_or_conflict_permission
10576000694,72.8368628,19.1032191,272428.018866558,2113654.8636248186,EPSG:32643,{},"[{""feature_value"":""primary"",""geometry_role"":""native_way_geometry"",""osm_way_id"":1267442521},{""feature_value"":""primary_link"",""geometry_role"":""native_way_geometry"",""osm_way_id"":1469188356}]","[{""feature_value"":""construction"",""geometry_role"":""native_way_geometry"",""osm_way_id"":1133962083}]",native_shared_node_not_transfer_or_conflict_permission
10610814599,72.8526651,18.9908654,273938.9049638865,2101195.7073579915,EPSG:32643,{},"[{""feature_value"":""residential"",""geometry_role"":""native_way_geometry"",""osm_way_id"":1138297846}]","[{""feature_value"":""disused"",""geometry_role"":""native_way_geometry"",""osm_way_id"":55796948}]",native_shared_node_not_transfer_or_conflict_permission
10614318019,72.845139,18.9636658,273109.45101834973,2098194.136883862,EPSG:32643,"{""railway"":""level_crossing""}","[{""feature_value"":""tertiary"",""geometry_role"":""native_way_geometry"",""osm_way_id"":1145119323}]","[{""feature_value"":""rail"",""geometry_role"":""native_way_geometry"",""osm_way_id"":1512528326}]",native_shared_node_not_transfer_or_conflict_permission
10614318020,72.8451278,18.9636343,273108.22865887755,2098190.663958987,EPSG:32643,"{""railway"":""level_crossing""}","[{""feature_value"":""tertiary"",""geometry_role"":""native_way_geometry"",""osm_way_id"":1145119326}]","[{""feature_value"":""rail"",""geometry_role"":""native_way_geometry"",""osm_way_id"":1512528326}]",native_shared_node_not_transfer_or_conflict_permission
10614318021,72.8455579,18.9651878,273155.63458233373,2098362.0972838607,EPSG:32643,"{""railway"":""level_crossing""}","[{""feature_value"":""tertiary"",""geometry_role"":""native_way_geometry"",""osm_way_id"":1118221837}]","[{""feature_value"":""rail"",""geometry_role"":""native_way_geometry"",""osm_way_id"":1512528326}]",native_shared_node_not_transfer_or_conflict_permission
10614318022,72.8458172,18.9713629,273191.30560090434,2099045.405837889,EPSG:32643,"{""railway"":""level_crossing""}","[{""feature_value"":""path"",""geometry_role"":""native_way_geometry"",""osm_way_id"":1305216320}]","[{""feature_value"":""rail"",""geometry_role"":""native_way_geometry"",""osm_way_id"":1384317779}]",native_shared_node_not_transfer_or_conflict_permission
10683268053,72.8359053,19.3738125,272700.27076060825,2143614.2877953644,EPSG:32643,"{""railway"":""level_crossing""}","[{""feature_value"":""path"",""geometry_role"":""native_way_geometry"",""osm_way_id"":1539067101}]","[{""feature_value"":""rail"",""geometry_role"":""native_way_geometry"",""osm_way_id"":4774156}]",native_shared_node_not_transfer_or_conflict_permission
10683268054,72.835946,19.3738315,272704.5735388965,2143616.3377597253,EPSG:32643,"{""railway"":""level_crossing""}","[{""feature_value"":""path"",""geometry_role"":""native_way_geometry"",""osm_way_id"":1539067101}]","[{""feature_value"":""rail"",""geometry_role"":""native_way_geometry"",""osm_way_id"":327789342}]",native_shared_node_not_transfer_or_conflict_permission
10683268055,72.8360335,19.3738641,272713.8125339039,2143619.8317999262,EPSG:32643,"{""railway"":""level_crossing""}","[{""feature_value"":""path"",""geometry_role"":""native_way_geometry"",""osm_way_id"":1539067101}]","[{""feature_value"":""rail"",""geometry_role"":""native_way_geometry"",""osm_way_id"":397736189}]",native_shared_node_not_transfer_or_conflict_permission
10683268056,72.8360802,19.3738821,272718.7443498171,2143621.763150675,EPSG:32643,"{""railway"":""level_crossing""}","[{""feature_value"":""path"",""geometry_role"":""native_way_geometry"",""osm_way_id"":1539067101}]","[{""feature_value"":""rail"",""geometry_role"":""native_way_geometry"",""osm_way_id"":662169599},{""feature_value"":""rail"",""geometry_role"":""native_way_geometry"",""osm_way_id"":1539450271}]",native_shared_node_not_transfer_or_conflict_permission
10683268057,72.8361256,19.3738989,272723.5379064296,2143623.5633576377,EPSG:32643,"{""railway"":""level_crossing""}","[{""feature_value"":""path"",""geometry_role"":""native_way_geometry"",""osm_way_id"":1539067101}]","[{""feature_value"":""rail"",""geometry_role"":""native_way_geometry"",""osm_way_id"":1539409873}]",native_shared_node_not_transfer_or_conflict_permission
10704035910,73.278351,19.020138,318796.8148981014,2103943.1115802033,EPSG:32643,{},"[{""feature_value"":""path"",""geometry_role"":""native_way_geometry"",""osm_way_id"":864209192}]","[{""feature_value"":""narrow_gauge"",""geometry_role"":""native_way_geometry"",""osm_way_id"":1150975674},{""feature_value"":""narrow_gauge"",""geometry_role"":""native_way_geometry"",""osm_way_id"":1151383237}]",native_shared_node_not_transfer_or_conflict_permission
10705115161,72.9729861,19.1857571,286859.76132287714,2122620.6591428355,EPSG:32643,{},"[{""feature_value"":""footway"",""geometry_role"":""native_way_geometry"",""osm_way_id"":1150788098}]","[{""feature_value"":""platform"",""geometry_role"":""area_boundary"",""osm_way_id"":627539072}]",native_shared_node_not_transfer_or_conflict_permission
10724939351,72.8900944,19.0710069,277987.2933965066,2110020.3073765426,EPSG:32643,"{""description"":""in the depot or yard of Indian Railways"",""railway"":""level_crossing""}","[{""feature_value"":""service"",""geometry_role"":""native_way_geometry"",""osm_way_id"":789340533}]","[{""feature_value"":""rail"",""geometry_role"":""native_way_geometry"",""osm_way_id"":827666240}]",native_shared_node_not_transfer_or_conflict_permission
10724939352,72.8901592,19.07094,277994.0252003026,2110012.818899825,EPSG:32643,"{""description"":""in the depot or yard of Indian Railways"",""railway"":""level_crossing""}","[{""feature_value"":""service"",""geometry_role"":""native_way_geometry"",""osm_way_id"":789340533}]","[{""feature_value"":""rail"",""geometry_role"":""native_way_geometry"",""osm_way_id"":1126374805}]",native_shared_node_not_transfer_or_conflict_permission
10724939353,72.8901875,19.0709108,277996.96519474324,2110009.550366755,EPSG:32643,"{""description"":""in the depot or yard of Indian Railways"",""railway"":""level_crossing""}","[{""feature_value"":""service"",""geometry_role"":""native_way_geometry"",""osm_way_id"":789340533}]","[{""feature_value"":""rail"",""geometry_role"":""native_way_geometry"",""osm_way_id"":1126374798}]",native_shared_node_not_transfer_or_conflict_permission
10724939354,72.8901264,19.0709739,277990.61779272207,2110016.613463265,EPSG:32643,"{""description"":""in the depot or yard of Indian Railways"",""railway"":""level_crossing""}","[{""feature_value"":""service"",""geometry_role"":""native_way_geometry"",""osm_way_id"":789340533}]","[{""feature_value"":""rail"",""geometry_role"":""native_way_geometry"",""osm_way_id"":835880586}]",native_shared_node_not_transfer_or_conflict_permission
10725356847,72.8984878,19.0087528,278788.2917436133,2103117.7114256136,EPSG:32643,"{""railway"":""level_crossing""}","[{""feature_value"":""tertiary"",""geometry_role"":""native_way_geometry"",""osm_way_id"":430012299}]","[{""feature_value"":""rail"",""geometry_role"":""native_way_geometry"",""osm_way_id"":122303875}]",native_shared_node_not_transfer_or_conflict_permission
10725356848,72.8980538,19.0137052,278749.1463586008,2103666.5230610585,EPSG:32643,"{""railway"":""level_crossing""}","[{""feature_value"":""service"",""geometry_role"":""native_way_geometry"",""osm_way_id"":411943699}]","[{""feature_value"":""rail"",""geometry_role"":""native_way_geometry"",""osm_way_id"":122303875}]",native_shared_node_not_transfer_or_conflict_permission
10727261940,72.8574059,20.0750485,275939.67715995316,2221224.695773933,EPSG:32643,{},"[{""feature_value"":""unclassified"",""geometry_role"":""native_way_geometry"",""osm_way_id"":1153415070}]","[{""feature_value"":""construction"",""geometry_role"":""native_way_geometry"",""osm_way_id"":1125530002}]",native_shared_node_not_transfer_or_conflict_permission
10727261941,72.857405,20.0745366,275938.85515829315,2221168.0191550525,EPSG:32643,{},"[{""feature_value"":""unclassified"",""geometry_role"":""native_way_geometry"",""osm_way_id"":1153415070}]","[{""feature_value"":""construction"",""geometry_role"":""native_way_geometry"",""osm_way_id"":1125530002}]",native_shared_node_not_transfer_or_conflict_permission
10732149044,73.0748226,19.2203133,297613.4146469085,2126324.5592413046,EPSG:32643,"{""railway"":""level_crossing""}","[{""feature_value"":""residential"",""geometry_role"":""native_way_geometry"",""osm_way_id"":213422493}]","[{""feature_value"":""rail"",""geometry_role"":""native_way_geometry"",""osm_way_id"":236059680}]",native_shared_node_not_transfer_or_conflict_permission
10732149045,73.0747667,19.220315,297607.53843035235,2126324.8124788185,EPSG:32643,"{""railway"":""level_crossing""}","[{""feature_value"":""residential"",""geometry_role"":""native_way_geometry"",""osm_way_id"":213422493}]","[{""feature_value"":""rail"",""geometry_role"":""native_way_geometry"",""osm_way_id"":49602579}]",native_shared_node_not_transfer_or_conflict_permission
10800031427,72.992278,19.1902318,288894.66818267386,2123092.535125701,EPSG:32643,{},"[{""feature_value"":""path"",""geometry_role"":""native_way_geometry"",""osm_way_id"":1161171313}]","[{""feature_value"":""rail"",""geometry_role"":""native_way_geometry"",""osm_way_id"":662169586}]",native_shared_node_not_transfer_or_conflict_permission
10800031428,72.9922613,19.1902837,288892.97787228844,2123098.300888864,EPSG:32643,{},"[{""feature_value"":""path"",""geometry_role"":""native_way_geometry"",""osm_way_id"":1161171313}]","[{""feature_value"":""rail"",""geometry_role"":""native_way_geometry"",""osm_way_id"":153236635}]",native_shared_node_not_transfer_or_conflict_permission
10800031429,72.9922452,19.1903387,288891.3546261252,2123104.4091066057,EPSG:32643,{},"[{""feature_value"":""path"",""geometry_role"":""native_way_geometry"",""osm_way_id"":1161171313}]","[{""feature_value"":""rail"",""geometry_role"":""native_way_geometry"",""osm_way_id"":153236621}]",native_shared_node_not_transfer_or_conflict_permission
10800031430,72.9922373,19.1903806,288890.5771504594,2123109.0571672455,EPSG:32643,{},"[{""feature_value"":""path"",""geometry_role"":""native_way_geometry"",""osm_way_id"":1161171313}]","[{""feature_value"":""rail"",""geometry_role"":""native_way_geometry"",""osm_way_id"":153236624}]",native_shared_node_not_transfer_or_conflict_permission
10801500552,73.2232913,19.35858,313382.3078929077,2141463.6457845345,EPSG:32643,"{""railway"":""level_crossing"",""source"":""digitalglobe""}","[{""feature_value"":""tertiary"",""geometry_role"":""native_way_geometry"",""osm_way_id"":781815122}]","[{""feature_value"":""rail"",""geometry_role"":""native_way_geometry"",""osm_way_id"":597580739}]",native_shared_node_not_transfer_or_conflict_permission
10801500719,73.2232091,19.35868,313373.7856154292,2141474.803977738,EPSG:32643,"{""railway"":""level_crossing"",""source"":""digitalglobe""}","[{""feature_value"":""tertiary"",""geometry_role"":""native_way_geometry"",""osm_way_id"":781815122}]","[{""feature_value"":""rail"",""geometry_role"":""native_way_geometry"",""osm_way_id"":597580738}]",native_shared_node_not_transfer_or_conflict_permission
10801557364,73.3159112,18.9342529,322660.04048007145,2094398.5675772002,EPSG:32643,{},"[{""feature_value"":""unclassified"",""geometry_role"":""native_way_geometry"",""osm_way_id"":1530041069}]","[{""feature_value"":""construction"",""geometry_role"":""native_way_geometry"",""osm_way_id"":810813951}]",native_shared_node_not_transfer_or_conflict_permission
10801557380,73.3158942,18.9343038,322658.30366496614,2094404.218526667,EPSG:32643,{},"[{""feature_value"":""unclassified"",""geometry_role"":""native_way_geometry"",""osm_way_id"":1530041069}]","[{""feature_value"":""construction"",""geometry_role"":""native_way_geometry"",""osm_way_id"":810813950}]",native_shared_node_not_transfer_or_conflict_permission
10803228161,72.952672,18.7064716,284107.19314160256,2069587.150819758,EPSG:32643,"{""railway"":""level_crossing""}","[{""feature_value"":""unclassified"",""geometry_role"":""native_way_geometry"",""osm_way_id"":562940553}]","[{""feature_value"":""rail"",""geometry_role"":""native_way_geometry"",""osm_way_id"":122091076}]",native_shared_node_not_transfer_or_conflict_permission
10803228164,72.960979,18.707412,284984.65981736494,2069681.2272062125,EPSG:32643,"{""railway"":""level_crossing""}","[{""feature_value"":""unclassified"",""geometry_role"":""native_way_geometry"",""osm_way_id"":563001956}]","[{""feature_value"":""rail"",""geometry_role"":""native_way_geometry"",""osm_way_id"":122091076}]",native_shared_node_not_transfer_or_conflict_permission
10803228165,72.9615481,18.7074764,285044.7732138977,2069687.6708910973,EPSG:32643,"{""railway"":""level_crossing""}","[{""feature_value"":""unclassified"",""geometry_role"":""native_way_geometry"",""osm_way_id"":562940032}]","[{""feature_value"":""rail"",""geometry_role"":""native_way_geometry"",""osm_way_id"":122091076}]",native_shared_node_not_transfer_or_conflict_permission
10807410342,73.0522365,18.6918946,294592.0948103053,2067856.0622302557,EPSG:32643,{},"[{""feature_value"":""service"",""geometry_role"":""native_way_geometry"",""osm_way_id"":1162053961}]","[{""feature_value"":""rail"",""geometry_role"":""native_way_geometry"",""osm_way_id"":700704037}]",native_shared_node_not_transfer_or_conflict_permission
10832119723,72.9973472,19.0625877,289265.9531794554,2108955.844196942,EPSG:32643,"{""crossing:barrier"":""no"",""railway"":""level_crossing""}","[{""feature_value"":""service"",""geometry_role"":""native_way_geometry"",""osm_way_id"":825118118}]","[{""feature_value"":""rail"",""geometry_role"":""native_way_geometry"",""osm_way_id"":490029228}]",native_shared_node_not_transfer_or_conflict_permission
10832119725,72.9975013,19.0625192,289282.0873652783,2108948.075864074,EPSG:32643,"{""crossing:barrier"":""no"",""railway"":""level_crossing""}","[{""feature_value"":""service"",""geometry_role"":""native_way_geometry"",""osm_way_id"":825118118}]","[{""feature_value"":""rail"",""geometry_role"":""native_way_geometry"",""osm_way_id"":490029229}]",native_shared_node_not_transfer_or_conflict_permission
10878535963,72.8416273,19.0827511,272901.51812359726,2111382.6378917107,EPSG:32643,{},"[{""feature_value"":""steps"",""geometry_role"":""native_way_geometry"",""osm_way_id"":1170043430}]","[{""feature_value"":""platform"",""geometry_role"":""area_boundary"",""osm_way_id"":327958425}]",native_shared_node_not_transfer_or_conflict_permission
10878535967,72.8419121,19.0823607,272930.96278682695,2111339.0469961674,EPSG:32643,{},"[{""feature_value"":""steps"",""geometry_role"":""native_way_geometry"",""osm_way_id"":1170043432}]","[{""feature_value"":""platform"",""geometry_role"":""area_boundary"",""osm_way_id"":327958426}]",native_shared_node_not_transfer_or_conflict_permission
10939598559,72.8846199,19.0387374,277367.95650718844,2106454.754480675,EPSG:32643,"{""railway"":""level_crossing""}","[{""feature_value"":""service"",""geometry_role"":""native_way_geometry"",""osm_way_id"":215438780}]","[{""feature_value"":""rail"",""geometry_role"":""native_way_geometry"",""osm_way_id"":659148416}]",native_shared_node_not_transfer_or_conflict_permission
10939598560,72.8851154,19.0389012,277420.34236636764,2106472.259949541,EPSG:32643,"{""railway"":""level_crossing""}","[{""feature_value"":""service"",""geometry_role"":""native_way_geometry"",""osm_way_id"":215438780}]","[{""feature_value"":""rail"",""geometry_role"":""native_way_geometry"",""osm_way_id"":48808780}]",native_shared_node_not_transfer_or_conflict_permission
10939598561,72.8854965,19.0390757,277460.6981052401,2106491.095195417,EPSG:32643,"{""railway"":""level_crossing""}","[{""feature_value"":""service"",""geometry_role"":""native_way_geometry"",""osm_way_id"":215438780}]","[{""feature_value"":""rail"",""geometry_role"":""native_way_geometry"",""osm_way_id"":729321126}]",native_shared_node_not_transfer_or_conflict_permission
10939598562,72.8847221,19.0387601,277378.74664451357,2106457.137908074,EPSG:32643,"{""railway"":""level_crossing""}","[{""feature_value"":""service"",""geometry_role"":""native_way_geometry"",""osm_way_id"":215438780}]","[{""feature_value"":""rail"",""geometry_role"":""native_way_geometry"",""osm_way_id"":729321130}]",native_shared_node_not_transfer_or_conflict_permission
10939598563,72.8870131,19.0356746,277615.8374541941,2106112.6441103476,EPSG:32643,"{""railway"":""level_crossing""}","[{""feature_value"":""service"",""geometry_role"":""native_way_geometry"",""osm_way_id"":215438781}]","[{""feature_value"":""rail"",""geometry_role"":""native_way_geometry"",""osm_way_id"":729321126}]",native_shared_node_not_transfer_or_conflict_permission
11012222379,73.1259172,19.2309289,302998.98870095337,2127441.0112083936,EPSG:32643,"{""railway"":""level_crossing"",""source"":""maxar""}","[{""feature_value"":""service"",""geometry_role"":""native_way_geometry"",""osm_way_id"":1185499820}]","[{""feature_value"":""disused"",""geometry_role"":""native_way_geometry"",""osm_way_id"":397820415}]",native_shared_node_not_transfer_or_conflict_permission
11017439628,72.8686642,18.7021208,275239.53331046103,2069209.1825393364,EPSG:32643,"{""railway"":""level_crossing"",""source"":""maxar""}","[{""feature_value"":""service"",""geometry_role"":""native_way_geometry"",""osm_way_id"":1186157773}]","[{""feature_value"":""rail"",""geometry_role"":""native_way_geometry"",""osm_way_id"":977966166}]",native_shared_node_not_transfer_or_conflict_permission
11019861248,72.9847044,18.9093886,287740.99782500905,2092011.6485685257,EPSG:32643,{},"[{""feature_value"":""residential"",""geometry_role"":""native_way_geometry"",""osm_way_id"":1186484634}]","[{""feature_value"":""rail"",""geometry_role"":""native_way_geometry"",""osm_way_id"":851815048}]",native_shared_node_not_transfer_or_conflict_permission
11019861249,72.9846293,18.9093668,287733.0578761715,2092009.3255144816,EPSG:32643,{},"[{""feature_value"":""residential"",""geometry_role"":""native_way_geometry"",""osm_way_id"":1186484634}]","[{""feature_value"":""rail"",""geometry_role"":""native_way_geometry"",""osm_way_id"":851815051}]",native_shared_node_not_transfer_or_conflict_permission
11021424386,72.7990033,19.5642681,269093.00504979736,2164750.060801475,EPSG:32643,{},"[{""feature_value"":""residential"",""geometry_role"":""native_way_geometry"",""osm_way_id"":1186665954}]","[{""feature_value"":""construction"",""geometry_role"":""native_way_geometry"",""osm_way_id"":1125530001}]",native_shared_node_not_transfer_or_conflict_permission
11021424387,72.7989392,19.5643136,269086.3425595346,2164755.185072075,EPSG:32643,{},"[{""feature_value"":""residential"",""geometry_role"":""native_way_geometry"",""osm_way_id"":1186665954}]","[{""feature_value"":""construction"",""geometry_role"":""native_way_geometry"",""osm_way_id"":1125530002}]",native_shared_node_not_transfer_or_conflict_permission
11021499562,73.0754099,18.6522986,296989.50966519583,2063446.5427268855,EPSG:32643,"{""railway"":""level_crossing"",""source"":""maxar""}","[{""feature_value"":""residential"",""geometry_role"":""native_way_geometry"",""osm_way_id"":1186691432}]","[{""feature_value"":""rail"",""geometry_role"":""native_way_geometry"",""osm_way_id"":700704037}]",native_shared_node_not_transfer_or_conflict_permission
11021499563,73.07537,18.6522833,296985.2814453439,2063444.894359755,EPSG:32643,"{""railway"":""level_crossing"",""source"":""maxar""}","[{""feature_value"":""residential"",""geometry_role"":""native_way_geometry"",""osm_way_id"":1186691432}]","[{""feature_value"":""rail"",""geometry_role"":""native_way_geometry"",""osm_way_id"":312446323}]",native_shared_node_not_transfer_or_conflict_permission
11021499575,73.0740421,18.6554093,296848.89079859084,2063792.4294219753,EPSG:32643,"{""railway"":""level_crossing"",""source"":""maxar""}","[{""feature_value"":""residential"",""geometry_role"":""native_way_geometry"",""osm_way_id"":1186691434}]","[{""feature_value"":""rail"",""geometry_role"":""native_way_geometry"",""osm_way_id"":700704037}]",native_shared_node_not_transfer_or_conflict_permission
11021661969,73.0733783,18.6576085,296781.4712687284,2064036.620790235,EPSG:32643,"{""railway"":""level_crossing""}","[{""feature_value"":""residential"",""geometry_role"":""native_way_geometry"",""osm_way_id"":1186689783}]","[{""feature_value"":""rail"",""geometry_role"":""native_way_geometry"",""osm_way_id"":312446323}]",native_shared_node_not_transfer_or_conflict_permission
11021661979,73.0721142,18.6627174,296654.1853771291,2064603.5808031592,EPSG:32643,"{""railway"":""level_crossing""}","[{""feature_value"":""residential"",""geometry_role"":""native_way_geometry"",""osm_way_id"":562733717}]","[{""feature_value"":""rail"",""geometry_role"":""native_way_geometry"",""osm_way_id"":312446323}]",native_shared_node_not_transfer_or_conflict_permission
11021661980,73.0721672,18.6627283,296659.7902941132,2064604.727135475,EPSG:32643,"{""railway"":""level_crossing""}","[{""feature_value"":""residential"",""geometry_role"":""native_way_geometry"",""osm_way_id"":562733717}]","[{""feature_value"":""rail"",""geometry_role"":""native_way_geometry"",""osm_way_id"":700704037}]",native_shared_node_not_transfer_or_conflict_permission
11021707938,73.0891389,18.6216411,298401.9278576044,2060037.4653187192,EPSG:32643,"{""railway"":""level_crossing"",""source"":""maxar""}","[{""feature_value"":""residential"",""geometry_role"":""native_way_geometry"",""osm_way_id"":1186697472}]","[{""feature_value"":""rail"",""geometry_role"":""native_way_geometry"",""osm_way_id"":700704039}]",native_shared_node_not_transfer_or_conflict_permission
11021760456,73.0270028,18.6993354,291939.2496984516,2068708.934376396,EPSG:32643,"{""railway"":""level_crossing"",""source"":""maxar""}","[{""feature_value"":""unclassified"",""geometry_role"":""native_way_geometry"",""osm_way_id"":1186703838}]","[{""feature_value"":""rail"",""geometry_role"":""native_way_geometry"",""osm_way_id"":122091075}]",native_shared_node_not_transfer_or_conflict_permission
11021823405,73.0467388,19.2172588,294656.37979676673,2126019.340579372,EPSG:32643,{},"[{""feature_value"":""service"",""geometry_role"":""native_way_geometry"",""osm_way_id"":1186708487}]","[{""feature_value"":""construction"",""geometry_role"":""native_way_geometry"",""osm_way_id"":1125530002}]",native_shared_node_not_transfer_or_conflict_permission
11021823406,73.04675,19.2173246,294657.63936431706,2126026.611492171,EPSG:32643,{},"[{""feature_value"":""service"",""geometry_role"":""native_way_geometry"",""osm_way_id"":1186708487}]","[{""feature_value"":""construction"",""geometry_role"":""native_way_geometry"",""osm_way_id"":1125530001}]",native_shared_node_not_transfer_or_conflict_permission
11024798140,73.3511424,18.9574793,326394.84861671954,2096934.3168171113,EPSG:32643,{},"[{""feature_value"":""service"",""geometry_role"":""native_way_geometry"",""osm_way_id"":1187190155}]","[{""feature_value"":""abandoned"",""geometry_role"":""native_way_geometry"",""osm_way_id"":484219250}]",native_shared_node_not_transfer_or_conflict_permission
11024802437,73.3596504,18.9588594,327292.2562281556,2097078.7135659386,EPSG:32643,{},"[{""feature_value"":""service"",""geometry_role"":""native_way_geometry"",""osm_way_id"":1187190167}]","[{""feature_value"":""abandoned"",""geometry_role"":""native_way_geometry"",""osm_way_id"":484219250}]",native_shared_node_not_transfer_or_conflict_permission
11024865392,73.2529104,18.9010901,315987.9489776327,2090792.3449344935,EPSG:32643,{},"[{""feature_value"":""residential"",""geometry_role"":""native_way_geometry"",""osm_way_id"":1187198236}]","[{""feature_value"":""construction"",""geometry_role"":""native_way_geometry"",""osm_way_id"":810813950}]",native_shared_node_not_transfer_or_conflict_permission
11024865393,73.2529211,18.9010367,315989.0178304758,2090786.4230815924,EPSG:32643,{},"[{""feature_value"":""residential"",""geometry_role"":""native_way_geometry"",""osm_way_id"":1187198236}]","[{""feature_value"":""construction"",""geometry_role"":""native_way_geometry"",""osm_way_id"":810813951}]",native_shared_node_not_transfer_or_conflict_permission
11024871174,73.3030825,19.4732366,321890.1844795416,2154070.826834222,EPSG:32643,"{""railway"":""level_crossing"",""source"":""maxar""}","[{""feature_value"":""residential"",""geometry_role"":""native_way_geometry"",""osm_way_id"":1187198122}]","[{""feature_value"":""rail"",""geometry_role"":""native_way_geometry"",""osm_way_id"":400490572}]",native_shared_node_not_transfer_or_conflict_permission
11024878985,73.3041616,19.4561019,321984.7616289088,2152173.044853221,EPSG:32643,"{""railway"":""level_crossing""}","[{""feature_value"":""tertiary"",""geometry_role"":""native_way_geometry"",""osm_way_id"":331862859}]","[{""feature_value"":""rail"",""geometry_role"":""native_way_geometry"",""osm_way_id"":400490572}]",native_shared_node_not_transfer_or_conflict_permission
11025358780,73.4798509,19.6563061,340627.6185339076,2174160.158689439,EPSG:32643,"{""railway"":""level_crossing"",""source"":""maxar""}","[{""feature_value"":""residential"",""geometry_role"":""native_way_geometry"",""osm_way_id"":1187262285}]","[{""feature_value"":""rail"",""geometry_role"":""native_way_geometry"",""osm_way_id"":244766354}]",native_shared_node_not_transfer_or_conflict_permission
11027136530,72.9633111,18.707676,285230.9966596465,2069707.6445349324,EPSG:32643,"{""railway"":""level_crossing"",""source"":""maxar""}","[{""feature_value"":""residential"",""geometry_role"":""native_way_geometry"",""osm_way_id"":1187527617}]","[{""feature_value"":""rail"",""geometry_role"":""native_way_geometry"",""osm_way_id"":122091076}]",native_shared_node_not_transfer_or_conflict_permission
11027136601,72.950002,18.7061673,283825.1561868049,2069556.6957791417,EPSG:32643,"{""railway"":""level_crossing"",""source"":""maxar""}","[{""feature_value"":""residential"",""geometry_role"":""native_way_geometry"",""osm_way_id"":1187527629}]","[{""feature_value"":""rail"",""geometry_role"":""native_way_geometry"",""osm_way_id"":122091076}]",native_shared_node_not_transfer_or_conflict_permission
11027643744,73.4995205,19.6858442,342718.97689148627,2177411.3050210983,EPSG:32643,{},"[{""feature_value"":""residential"",""geometry_role"":""native_way_geometry"",""osm_way_id"":1187587727},{""feature_value"":""residential"",""geometry_role"":""native_way_geometry"",""osm_way_id"":1187587728}]","[{""feature_value"":""abandoned"",""geometry_role"":""native_way_geometry"",""osm_way_id"":551123006}]",native_shared_node_not_transfer_or_conflict_permission
11029639267,73.0785858,18.7953824,297495.1786555331,2079281.499602644,EPSG:32643,"{""railway"":""level_crossing""}","[{""feature_value"":""residential"",""geometry_role"":""native_way_geometry"",""osm_way_id"":1187790679}]","[{""feature_value"":""rail"",""geometry_role"":""native_way_geometry"",""osm_way_id"":658557405}]",native_shared_node_not_transfer_or_conflict_permission
11029639279,73.0786486,18.7953872,297501.80509823735,2079281.9593784148,EPSG:32643,"{""railway"":""level_crossing""}","[{""feature_value"":""residential"",""geometry_role"":""native_way_geometry"",""osm_way_id"":1187790679}]","[{""feature_value"":""rail"",""geometry_role"":""native_way_geometry"",""osm_way_id"":658557409}]",native_shared_node_not_transfer_or_conflict_permission
11029669288,73.0904145,18.6164366,298530.41255113855,2059459.9322671762,EPSG:32643,"{""railway"":""level_crossing"",""source"":""maxar""}","[{""feature_value"":""residential"",""geometry_role"":""native_way_geometry"",""osm_way_id"":1187796487}]","[{""feature_value"":""rail"",""geometry_role"":""native_way_geometry"",""osm_way_id"":700704041}]",native_shared_node_not_transfer_or_conflict_permission
11029722035,73.0927213,18.7561613,298938.8767893703,2074923.9079627239,EPSG:32643,"{""railway"":""level_crossing"",""source"":""maxar""}","[{""feature_value"":""residential"",""geometry_role"":""native_way_geometry"",""osm_way_id"":1187800394}]","[{""feature_value"":""rail"",""geometry_role"":""native_way_geometry"",""osm_way_id"":658557409}]",native_shared_node_not_transfer_or_conflict_permission
11030054402,73.3996537,19.5977017,332157.2100693949,2167750.344450587,EPSG:32643,"{""railway"":""level_crossing"",""source"":""maxar""}","[{""feature_value"":""track"",""geometry_role"":""native_way_geometry"",""osm_way_id"":1187845100}]","[{""feature_value"":""rail"",""geometry_role"":""native_way_geometry"",""osm_way_id"":400490575}]",native_shared_node_not_transfer_or_conflict_permission
11030054404,73.3994205,19.5976967,332132.7421246145,2167750.020264731,EPSG:32643,"{""railway"":""level_crossing"",""source"":""maxar""}","[{""feature_value"":""track"",""geometry_role"":""native_way_geometry"",""osm_way_id"":1187845100}]","[{""feature_value"":""rail"",""geometry_role"":""native_way_geometry"",""osm_way_id"":1187845103}]",native_shared_node_not_transfer_or_conflict_permission
11031780792,73.2885077,18.9251998,319763.97381278663,2093424.2751078354,EPSG:32643,{},"[{""feature_value"":""residential"",""geometry_role"":""native_way_geometry"",""osm_way_id"":1188014051}]","[{""feature_value"":""construction"",""geometry_role"":""native_way_geometry"",""osm_way_id"":810813951}]",native_shared_node_not_transfer_or_conflict_permission
11031798416,73.2874051,18.9240477,319646.5957196892,2093297.879445047,EPSG:32643,{},"[{""feature_value"":""residential"",""geometry_role"":""native_way_geometry"",""osm_way_id"":1188014052}]","[{""feature_value"":""construction"",""geometry_role"":""native_way_geometry"",""osm_way_id"":810813951}]",native_shared_node_not_transfer_or_conflict_permission
11031798417,73.2873303,18.9240477,319638.7166646529,2093297.9558485788,EPSG:32643,{},"[{""feature_value"":""residential"",""geometry_role"":""native_way_geometry"",""osm_way_id"":1188014052}]","[{""feature_value"":""construction"",""geometry_role"":""native_way_geometry"",""osm_way_id"":810813950}]",native_shared_node_not_transfer_or_conflict_permission
11033710412,72.8273071,19.5725162,272075.085481144,2165625.279922871,EPSG:32643,{},"[{""feature_value"":""residential"",""geometry_role"":""native_way_geometry"",""osm_way_id"":1188219266}]","[{""feature_value"":""rail"",""geometry_role"":""native_way_geometry"",""osm_way_id"":698311821}]",native_shared_node_not_transfer_or_conflict_permission
11033797666,73.1105189,18.5975798,300630.16283111926,2057350.1831792647,EPSG:32643,"{""railway"":""level_crossing"",""source"":""maxar""}","[{""feature_value"":""residential"",""geometry_role"":""native_way_geometry"",""osm_way_id"":1188230381},{""feature_value"":""track"",""geometry_role"":""native_way_geometry"",""osm_way_id"":1188606054}]","[{""feature_value"":""rail"",""geometry_role"":""native_way_geometry"",""osm_way_id"":700704039},{""feature_value"":""rail"",""geometry_role"":""native_way_geometry"",""osm_way_id"":1188606053}]",native_shared_node_not_transfer_or_conflict_permission
11033802759,73.3391476,18.7972956,324965.33023424644,2079216.504843009,EPSG:32643,"{""railway"":""level_crossing"",""source"":""maxar""}","[{""feature_value"":""residential"",""geometry_role"":""native_way_geometry"",""osm_way_id"":1188226490}]","[{""feature_value"":""rail"",""geometry_role"":""native_way_geometry"",""osm_way_id"":484272340}]",native_shared_node_not_transfer_or_conflict_permission
11037270923,72.9605323,18.9505851,285246.9313427786,2096601.4285495216,EPSG:32643,"{""railway"":""level_crossing"",""source"":""maxar""}","[{""feature_value"":""residential"",""geometry_role"":""native_way_geometry"",""osm_way_id"":1188638600}]","[{""feature_value"":""rail"",""geometry_role"":""native_way_geometry"",""osm_way_id"":816843112}]",native_shared_node_not_transfer_or_conflict_permission
11037270924,72.9604036,18.9507593,285233.59789933224,2096620.8697790697,EPSG:32643,"{""railway"":""level_crossing"",""source"":""maxar""}","[{""feature_value"":""residential"",""geometry_role"":""native_way_geometry"",""osm_way_id"":1188638600}]","[{""feature_value"":""rail"",""geometry_role"":""native_way_geometry"",""osm_way_id"":991641691}]",native_shared_node_not_transfer_or_conflict_permission
11037303519,73.0625692,18.7167119,295711.8984476254,2070591.3621665363,EPSG:32643,"{""railway"":""level_crossing""}","[{""feature_value"":""residential"",""geometry_role"":""native_way_geometry"",""osm_way_id"":1187990778}]","[{""feature_value"":""rail"",""geometry_role"":""native_way_geometry"",""osm_way_id"":122091072}]",native_shared_node_not_transfer_or_conflict_permission
11037303520,73.0625993,18.7166741,295715.02782354376,2070587.1434330244,EPSG:32643,"{""railway"":""level_crossing""}","[{""feature_value"":""residential"",""geometry_role"":""native_way_geometry"",""osm_way_id"":1187990778}]","[{""feature_value"":""rail"",""geometry_role"":""native_way_geometry"",""osm_way_id"":312446323}]",native_shared_node_not_transfer_or_conflict_permission
11038515183,72.9433179,18.7054069,283119.09827148897,2069480.6260483053,EPSG:32643,"{""railway"":""level_crossing"",""source"":""maxar""}","[{""feature_value"":""residential"",""geometry_role"":""native_way_geometry"",""osm_way_id"":1188785698}]","[{""feature_value"":""rail"",""geometry_role"":""native_way_geometry"",""osm_way_id"":122091076}]",native_shared_node_not_transfer_or_conflict_permission
11038797291,73.0220429,19.247413,292097.30088728445,2129386.8258149866,EPSG:32643,{},"[{""feature_value"":""service"",""geometry_role"":""native_way_geometry"",""osm_way_id"":1188813787}]","[{""feature_value"":""construction"",""geometry_role"":""native_way_geometry"",""osm_way_id"":1125530001}]",native_shared_node_not_transfer_or_conflict_permission
11038797292,73.021999,19.2473928,292092.6596628574,2129384.642169133,EPSG:32643,{},"[{""feature_value"":""service"",""geometry_role"":""native_way_geometry"",""osm_way_id"":1188813787}]","[{""feature_value"":""construction"",""geometry_role"":""native_way_geometry"",""osm_way_id"":1125530002}]",native_shared_node_not_transfer_or_conflict_permission
11124397975,73.1453305,18.9333944,304691.5883334303,2094483.6391737892,EPSG:32643,"{""railway"":""level_crossing""}","[{""feature_value"":""tertiary"",""geometry_role"":""native_way_geometry"",""osm_way_id"":777947855}]","[{""feature_value"":""rail"",""geometry_role"":""native_way_geometry"",""osm_way_id"":45095816}]",native_shared_node_not_transfer_or_conflict_permission
11124397976,73.1453933,18.9333907,304698.1991031361,2094483.1601072245,EPSG:32643,"{""railway"":""level_crossing""}","[{""feature_value"":""tertiary"",""geometry_role"":""native_way_geometry"",""osm_way_id"":777947855}]","[{""feature_value"":""rail"",""geometry_role"":""native_way_geometry"",""osm_way_id"":608390663}]",native_shared_node_not_transfer_or_conflict_permission
11206903874,72.8399228,18.9435653,272532.7555558508,2095975.5424629229,EPSG:32643,"{""railway"":""level_crossing""}","[{""feature_value"":""service"",""geometry_role"":""native_way_geometry"",""osm_way_id"":1209643865}]","[{""feature_value"":""rail"",""geometry_role"":""native_way_geometry"",""osm_way_id"":1393929773}]",native_shared_node_not_transfer_or_conflict_permission
11250713785,73.0219174,18.7010218,291404.8700909491,2068901.5461913727,EPSG:32643,"{""railway"":""level_crossing""}","[{""feature_value"":""unclassified"",""geometry_role"":""native_way_geometry"",""osm_way_id"":1187847622}]","[{""feature_value"":""rail"",""geometry_role"":""native_way_geometry"",""osm_way_id"":122091074}]",native_shared_node_not_transfer_or_conflict_permission
11288445163,72.9066761,20.2258529,281304.1010354805,2237856.1224903753,EPSG:32643,{},"[{""feature_value"":""unclassified"",""geometry_role"":""native_way_geometry"",""osm_way_id"":1218240130}]","[{""feature_value"":""construction"",""geometry_role"":""native_way_geometry"",""osm_way_id"":1125530001}]",native_shared_node_not_transfer_or_conflict_permission
11288445164,72.9066384,20.2258881,281300.2103097019,2237860.0696039293,EPSG:32643,{},"[{""feature_value"":""unclassified"",""geometry_role"":""native_way_geometry"",""osm_way_id"":1218240130}]","[{""feature_value"":""construction"",""geometry_role"":""native_way_geometry"",""osm_way_id"":1125530002}]",native_shared_node_not_transfer_or_conflict_permission
11292400623,73.6987449,18.725361,362810.49090817384,2070939.8879631893,EPSG:32643,"{""railway"":""level_crossing"",""source"":""maxar""}","[{""feature_value"":""service"",""geometry_role"":""native_way_geometry"",""osm_way_id"":1218673963}]","[{""feature_value"":""rail"",""geometry_role"":""native_way_geometry"",""osm_way_id"":619726210}]",native_shared_node_not_transfer_or_conflict_permission
11647432808,73.0712766,19.0259179,297003.1234671464,2104809.341037485,EPSG:32643,"{""railway"":""level_crossing""}","[{""feature_value"":""proposed"",""geometry_role"":""native_way_geometry"",""osm_way_id"":215241785}]","[{""feature_value"":""rail"",""geometry_role"":""native_way_geometry"",""osm_way_id"":556745570}]",native_shared_node_not_transfer_or_conflict_permission
11647432809,73.0713132,19.0259484,297007.013811407,2104812.6750197937,EPSG:32643,"{""railway"":""level_crossing""}","[{""feature_value"":""proposed"",""geometry_role"":""native_way_geometry"",""osm_way_id"":215241785}]","[{""feature_value"":""rail"",""geometry_role"":""native_way_geometry"",""osm_way_id"":83276639}]",native_shared_node_not_transfer_or_conflict_permission
11811666535,72.8030632,19.9507752,270074.0551665287,2207538.727868909,EPSG:32643,{},"[{""feature_value"":""residential"",""geometry_role"":""native_way_geometry"",""osm_way_id"":1271969569}]","[{""feature_value"":""construction"",""geometry_role"":""native_way_geometry"",""osm_way_id"":1125530001}]",native_shared_node_not_transfer_or_conflict_permission
11811666536,72.8030155,19.9507853,270069.0757515721,2207539.911536025,EPSG:32643,{},"[{""feature_value"":""residential"",""geometry_role"":""native_way_geometry"",""osm_way_id"":1271969569}]","[{""feature_value"":""construction"",""geometry_role"":""native_way_geometry"",""osm_way_id"":1125530002}]",native_shared_node_not_transfer_or_conflict_permission
11811666543,72.8028531,19.950155,270051.1593406964,2207470.345876001,EPSG:32643,{},"[{""feature_value"":""residential"",""geometry_role"":""native_way_geometry"",""osm_way_id"":1271969570}]","[{""feature_value"":""construction"",""geometry_role"":""native_way_geometry"",""osm_way_id"":1125530001}]",native_shared_node_not_transfer_or_conflict_permission
11811666544,72.8028037,19.95016,270045.9945284488,2207470.9671942596,EPSG:32643,{},"[{""feature_value"":""residential"",""geometry_role"":""native_way_geometry"",""osm_way_id"":1271969570}]","[{""feature_value"":""construction"",""geometry_role"":""native_way_geometry"",""osm_way_id"":1125530002}]",native_shared_node_not_transfer_or_conflict_permission
11853715932,72.9058667,18.7258637,279194.9774272181,2071791.1803272595,EPSG:32643,"{""railway"":""level_crossing""}","[{""feature_value"":""unclassified"",""geometry_role"":""native_way_geometry"",""osm_way_id"":1001069597}]","[{""feature_value"":""rail"",""geometry_role"":""native_way_geometry"",""osm_way_id"":1187527635}]",native_shared_node_not_transfer_or_conflict_permission
11912094978,72.9758038,19.1855106,287155.8225281114,2122589.9256095663,EPSG:32643,{},"[{""feature_value"":""pedestrian"",""geometry_role"":""area_boundary"",""osm_way_id"":434916261},{""feature_value"":""footway"",""geometry_role"":""native_way_geometry"",""osm_way_id"":914059976}]","[{""feature_value"":""platform"",""geometry_role"":""area_boundary"",""osm_way_id"":434916263}]",native_shared_node_not_transfer_or_conflict_permission
11921514206,72.8356902,20.2098895,273862.2447378107,2236183.9432551446,EPSG:32643,"{""railway"":""level_crossing""}","[{""feature_value"":""unclassified"",""geometry_role"":""native_way_geometry"",""osm_way_id"":606337052}]","[{""feature_value"":""rail"",""geometry_role"":""native_way_geometry"",""osm_way_id"":709222536}]",native_shared_node_not_transfer_or_conflict_permission
11921514207,72.8453489,20.221982,274889.2064206041,2237509.7063916456,EPSG:32643,"{""railway"":""level_crossing""}","[{""feature_value"":""unclassified"",""geometry_role"":""native_way_geometry"",""osm_way_id"":606337052}]","[{""feature_value"":""rail"",""geometry_role"":""native_way_geometry"",""osm_way_id"":709222536}]",native_shared_node_not_transfer_or_conflict_permission
11921514208,72.8317471,20.2049254,273442.9112901548,2235639.687181419,EPSG:32643,"{""railway"":""level_crossing""}","[{""feature_value"":""unclassified"",""geometry_role"":""native_way_geometry"",""osm_way_id"":619387615}]","[{""feature_value"":""rail"",""geometry_role"":""native_way_geometry"",""osm_way_id"":709222536}]",native_shared_node_not_transfer_or_conflict_permission
11938941986,73.0186431,19.0435502,291483.77741459,2106822.912647516,EPSG:32643,"{""railway"":""level_crossing""}","[{""feature_value"":""service"",""geometry_role"":""native_way_geometry"",""osm_way_id"":1092624647}]","[{""feature_value"":""rail"",""geometry_role"":""native_way_geometry"",""osm_way_id"":563239089}]",native_shared_node_not_transfer_or_conflict_permission
11938941987,73.0188975,19.0435526,291510.56169819745,2106822.8760426384,EPSG:32643,"{""railway"":""level_crossing""}","[{""feature_value"":""service"",""geometry_role"":""native_way_geometry"",""osm_way_id"":1092624647}]","[{""feature_value"":""rail"",""geometry_role"":""native_way_geometry"",""osm_way_id"":1164686608}]",native_shared_node_not_transfer_or_conflict_permission
11938941988,73.0187192,19.0435509,291491.78951518884,2106822.8997093793,EPSG:32643,"{""railway"":""level_crossing""}","[{""feature_value"":""service"",""geometry_role"":""native_way_geometry"",""osm_way_id"":1092624647}]","[{""feature_value"":""rail"",""geometry_role"":""native_way_geometry"",""osm_way_id"":600157359}]",native_shared_node_not_transfer_or_conflict_permission
11938941989,73.0188456,19.0435521,291505.09743902273,2106822.882358446,EPSG:32643,"{""railway"":""level_crossing""}","[{""feature_value"":""service"",""geometry_role"":""native_way_geometry"",""osm_way_id"":1092624647}]","[{""feature_value"":""rail"",""geometry_role"":""native_way_geometry"",""osm_way_id"":1058064646}]",native_shared_node_not_transfer_or_conflict_permission
11938941990,73.0189492,19.0435531,291516.00490273966,2106822.8699660716,EPSG:32643,"{""railway"":""level_crossing""}","[{""feature_value"":""service"",""geometry_role"":""native_way_geometry"",""osm_way_id"":1092624647}]","[{""feature_value"":""rail"",""geometry_role"":""native_way_geometry"",""osm_way_id"":621732575}]",native_shared_node_not_transfer_or_conflict_permission
11938941991,73.0190001,19.0435536,291521.3638892475,2106822.864841585,EPSG:32643,"{""railway"":""level_crossing""}","[{""feature_value"":""service"",""geometry_role"":""native_way_geometry"",""osm_way_id"":1092624647}]","[{""feature_value"":""rail"",""geometry_role"":""native_way_geometry"",""osm_way_id"":946201807}]",native_shared_node_not_transfer_or_conflict_permission
11953184416,73.6446471,19.7537337,357993.5348153695,2184797.59928066,EPSG:32643,"{""railway"":""level_crossing""}","[{""feature_value"":""residential"",""geometry_role"":""native_way_geometry"",""osm_way_id"":609212771}]","[{""feature_value"":""rail"",""geometry_role"":""native_way_geometry"",""osm_way_id"":801304732}]",native_shared_node_not_transfer_or_conflict_permission
11953184417,73.6446813,19.7536955,357997.0848151054,2184793.342608762,EPSG:32643,"{""railway"":""level_crossing""}","[{""feature_value"":""residential"",""geometry_role"":""native_way_geometry"",""osm_way_id"":609212771}]","[{""feature_value"":""rail"",""geometry_role"":""native_way_geometry"",""osm_way_id"":801304731}]",native_shared_node_not_transfer_or_conflict_permission
11955399699,72.8483711,19.0459285,273561.3203868146,2107297.261315493,EPSG:32643,{},"[{""feature_value"":""secondary"",""geometry_role"":""native_way_geometry"",""osm_way_id"":1186979535},{""feature_value"":""secondary"",""geometry_role"":""native_way_geometry"",""osm_way_id"":1245772999},{""feature_value"":""secondary_link"",""geometry_role"":""native_way_geometry"",""osm_way_id"":1316139424},{""feature_value"":""service"",""geometry_role"":""native_way_geometry"",""osm_way_id"":1459236622}]","[{""feature_value"":""subway"",""geometry_role"":""native_way_geometry"",""osm_way_id"":1385503863}]",native_shared_node_not_transfer_or_conflict_permission
12069488861,72.8551339,19.0058875,274219.1818339932,2102855.6230343897,EPSG:32643,"{""railway"":""crossing""}","[{""feature_value"":""footway"",""geometry_role"":""native_way_geometry"",""osm_way_id"":1080428204}]","[{""feature_value"":""rail"",""geometry_role"":""native_way_geometry"",""osm_way_id"":398294952}]",native_shared_node_not_transfer_or_conflict_permission
12069488862,72.855185,19.0058882,274224.56384979165,2102855.6348984824,EPSG:32643,"{""railway"":""crossing""}","[{""feature_value"":""footway"",""geometry_role"":""native_way_geometry"",""osm_way_id"":1080428204}]","[{""feature_value"":""rail"",""geometry_role"":""native_way_geometry"",""osm_way_id"":802938677}]",native_shared_node_not_transfer_or_conflict_permission
12088684336,72.8453243,18.9769894,273147.01008613966,2099668.948480337,EPSG:32643,"{""railway"":""level_crossing""}","[{""feature_value"":""tertiary"",""geometry_role"":""native_way_geometry"",""osm_way_id"":40667018}]","[{""feature_value"":""rail"",""geometry_role"":""native_way_geometry"",""osm_way_id"":55789133}]",native_shared_node_not_transfer_or_conflict_permission
12088684342,72.8459422,18.9697291,273202.25980627886,2098864.367573685,EPSG:32643,"{""railway"":""level_crossing"",""source"":""AND""}","[{""feature_value"":""tertiary"",""geometry_role"":""native_way_geometry"",""osm_way_id"":1104888863},{""feature_value"":""tertiary"",""geometry_role"":""native_way_geometry"",""osm_way_id"":1104888864}]","[{""feature_value"":""rail"",""geometry_role"":""native_way_geometry"",""osm_way_id"":1384317779}]",native_shared_node_not_transfer_or_conflict_permission
12088684362,72.8455507,18.977573,273171.6457479733,2099733.266898965,EPSG:32643,"{""railway"":""level_crossing""}","[{""feature_value"":""service"",""geometry_role"":""native_way_geometry"",""osm_way_id"":1123860472}]","[{""feature_value"":""rail"",""geometry_role"":""native_way_geometry"",""osm_way_id"":55794881}]",native_shared_node_not_transfer_or_conflict_permission
12088684363,72.8452149,18.9767898,273135.21732268704,2099646.9918116783,EPSG:32643,"{""railway"":""level_crossing""}","[{""feature_value"":""tertiary"",""geometry_role"":""native_way_geometry"",""osm_way_id"":1305216319},{""feature_value"":""tertiary"",""geometry_role"":""native_way_geometry"",""osm_way_id"":1305216324}]","[{""feature_value"":""rail"",""geometry_role"":""native_way_geometry"",""osm_way_id"":55789133}]",native_shared_node_not_transfer_or_conflict_permission
12088684364,72.8459337,18.9689776,273200.34727418126,2098781.1802999903,EPSG:32643,"{""railway"":""level_crossing""}","[{""feature_value"":""tertiary"",""geometry_role"":""native_way_geometry"",""osm_way_id"":1136900734}]","[{""feature_value"":""rail"",""geometry_role"":""native_way_geometry"",""osm_way_id"":1384317779}]",native_shared_node_not_transfer_or_conflict_permission
12167588212,72.9674841,18.8832609,285893.4407730462,2089140.0388933667,EPSG:32643,"{""railway"":""level_crossing""}","[{""feature_value"":""residential"",""geometry_role"":""native_way_geometry"",""osm_way_id"":992252671}]","[{""feature_value"":""rail"",""geometry_role"":""native_way_geometry"",""osm_way_id"":966070321}]",native_shared_node_not_transfer_or_conflict_permission
12167588213,72.9674262,18.8833493,285887.451915897,2089149.89501419,EPSG:32643,"{""railway"":""level_crossing""}","[{""feature_value"":""residential"",""geometry_role"":""native_way_geometry"",""osm_way_id"":992252671}]","[{""feature_value"":""rail"",""geometry_role"":""native_way_geometry"",""osm_way_id"":808005919}]",native_shared_node_not_transfer_or_conflict_permission
12167588214,72.9673582,18.8834447,285880.40767174016,2089160.538275611,EPSG:32643,"{""railway"":""level_crossing""}","[{""feature_value"":""residential"",""geometry_role"":""native_way_geometry"",""osm_way_id"":992252671}]","[{""feature_value"":""rail"",""geometry_role"":""native_way_geometry"",""osm_way_id"":563243874}]",native_shared_node_not_transfer_or_conflict_permission
12171122254,73.363566,18.8350513,327577.8161264498,2083371.494247758,EPSG:32643,"{""railway"":""crossing""}","[{""feature_value"":""path"",""geometry_role"":""native_way_geometry"",""osm_way_id"":1530028428}]","[{""feature_value"":""rail"",""geometry_role"":""native_way_geometry"",""osm_way_id"":282753808}]",native_shared_node_not_transfer_or_conflict_permission
12171122255,73.3634728,18.8351269,327568.07120047184,2083379.9523879215,EPSG:32643,"{""railway"":""crossing""}","[{""feature_value"":""path"",""geometry_role"":""native_way_geometry"",""osm_way_id"":1530028428}]","[{""feature_value"":""rail"",""geometry_role"":""native_way_geometry"",""osm_way_id"":282753809}]",native_shared_node_not_transfer_or_conflict_permission
12171122256,73.3546899,18.8532089,326661.03090973,2085389.870292668,EPSG:32643,"{""railway"":""crossing""}","[{""feature_value"":""path"",""geometry_role"":""native_way_geometry"",""osm_way_id"":1530028428}]","[{""feature_value"":""rail"",""geometry_role"":""native_way_geometry"",""osm_way_id"":82511829}]",native_shared_node_not_transfer_or_conflict_permission
12171122258,72.9281092,19.1119503,282042.3906402291,2114505.2601244487,EPSG:32643,{},"[{""feature_value"":""footway"",""geometry_role"":""native_way_geometry"",""osm_way_id"":1123726012}]","[{""feature_value"":""platform"",""geometry_role"":""area_boundary"",""osm_way_id"":1314987876}]",native_shared_node_not_transfer_or_conflict_permission
12171122273,73.325519,18.8744766,323609.33673466067,2087772.6458708874,EPSG:32643,"{""railway"":""crossing""}","[{""feature_value"":""path"",""geometry_role"":""native_way_geometry"",""osm_way_id"":1150678713}]","[{""feature_value"":""rail"",""geometry_role"":""native_way_geometry"",""osm_way_id"":837942730}]",native_shared_node_not_transfer_or_conflict_permission
12171122274,73.3257063,18.8744424,323629.03568756545,2087768.6738604854,EPSG:32643,"{""railway"":""crossing""}","[{""feature_value"":""path"",""geometry_role"":""native_way_geometry"",""osm_way_id"":1150678713}]","[{""feature_value"":""rail"",""geometry_role"":""native_way_geometry"",""osm_way_id"":283017200}]",native_shared_node_not_transfer_or_conflict_permission
12171122275,73.3257483,18.8744666,323633.4863194349,2087771.310566485,EPSG:32643,"{""railway"":""crossing""}","[{""feature_value"":""path"",""geometry_role"":""native_way_geometry"",""osm_way_id"":1150678713}]","[{""feature_value"":""rail"",""geometry_role"":""native_way_geometry"",""osm_way_id"":283017198}]",native_shared_node_not_transfer_or_conflict_permission
12171122277,73.0788248,19.212147,298024.29469761305,2125415.9019821514,EPSG:32643,{},"[{""feature_value"":""steps"",""geometry_role"":""native_way_geometry"",""osm_way_id"":236059668}]","[{""feature_value"":""platform"",""geometry_role"":""area_boundary"",""osm_way_id"":236059664}]",native_shared_node_not_transfer_or_conflict_permission
12177363143,72.8356449,18.9405521,272078.0079809519,2095647.4751928097,EPSG:32643,{},"[{""feature_value"":""footway"",""geometry_role"":""native_way_geometry"",""osm_way_id"":1315587930}]","[{""feature_value"":""platform"",""geometry_role"":""area_boundary"",""osm_way_id"":207427868}]",native_shared_node_not_transfer_or_conflict_permission
12177363144,72.8355516,18.9405434,272068.16729613836,2095646.6325928525,EPSG:32643,{},"[{""feature_value"":""footway"",""geometry_role"":""native_way_geometry"",""osm_way_id"":1315587931}]","[{""feature_value"":""platform"",""geometry_role"":""area_boundary"",""osm_way_id"":802938674}]",native_shared_node_not_transfer_or_conflict_permission
12177363145,72.8354547,18.9405344,272057.94695333764,2095645.7614377951,EPSG:32643,{},"[{""feature_value"":""footway"",""geometry_role"":""native_way_geometry"",""osm_way_id"":1315587932}]","[{""feature_value"":""platform"",""geometry_role"":""area_boundary"",""osm_way_id"":802938672}]",native_shared_node_not_transfer_or_conflict_permission
12177363146,72.8353386,18.9405235,272045.7013664772,2095644.7047553745,EPSG:32643,{},"[{""feature_value"":""footway"",""geometry_role"":""native_way_geometry"",""osm_way_id"":1315587933}]","[{""feature_value"":""platform"",""geometry_role"":""area_boundary"",""osm_way_id"":802938671}]",native_shared_node_not_transfer_or_conflict_permission
12177363147,72.8352326,18.9405135,272034.521004289,2095643.7346648583,EPSG:32643,{},"[{""feature_value"":""footway"",""geometry_role"":""native_way_geometry"",""osm_way_id"":1315587934}]","[{""feature_value"":""platform"",""geometry_role"":""area_boundary"",""osm_way_id"":802938670}]",native_shared_node_not_transfer_or_conflict_permission
12177363148,72.8351381,18.9405046,272024.553624786,2095642.8714966697,EPSG:32643,{},"[{""feature_value"":""footway"",""geometry_role"":""native_way_geometry"",""osm_way_id"":1315587935}]","[{""feature_value"":""platform"",""geometry_role"":""area_boundary"",""osm_way_id"":802938675}]",native_shared_node_not_transfer_or_conflict_permission
12177363149,72.8350459,18.940496,272014.82894937857,2095642.0385735447,EPSG:32643,{},"[{""feature_value"":""footway"",""geometry_role"":""native_way_geometry"",""osm_way_id"":1315587936}]","[{""feature_value"":""platform"",""geometry_role"":""area_boundary"",""osm_way_id"":1315478126}]",native_shared_node_not_transfer_or_conflict_permission
12183524272,73.4817147,18.7445515,339943.40605100157,2073244.6181948206,EPSG:32643,"{""railway"":""level_crossing""}","[{""feature_value"":""tertiary"",""geometry_role"":""native_way_geometry"",""osm_way_id"":41393854}]","[{""feature_value"":""rail"",""geometry_role"":""native_way_geometry"",""osm_way_id"":1316323054}]",native_shared_node_not_transfer_or_conflict_permission
12183524273,73.4817209,18.7445148,339944.02517679706,2073240.5508249446,EPSG:32643,"{""railway"":""level_crossing""}","[{""feature_value"":""tertiary"",""geometry_role"":""native_way_geometry"",""osm_way_id"":41393854}]","[{""feature_value"":""rail"",""geometry_role"":""native_way_geometry"",""osm_way_id"":1316323055}]",native_shared_node_not_transfer_or_conflict_permission
12189262367,72.8894379,19.0658928,277911.37247021357,2109454.967160866,EPSG:32643,{},"[{""feature_value"":""footway"",""geometry_role"":""native_way_geometry"",""osm_way_id"":1317052759}]","[{""feature_value"":""platform"",""geometry_role"":""area_boundary"",""osm_way_id"":656434505}]",native_shared_node_not_transfer_or_conflict_permission
12189262368,72.8894648,19.0659897,277914.33323795616,2109465.660683544,EPSG:32643,{},"[{""feature_value"":""footway"",""geometry_role"":""native_way_geometry"",""osm_way_id"":1317052761}]","[{""feature_value"":""platform"",""geometry_role"":""area_boundary"",""osm_way_id"":427200317}]",native_shared_node_not_transfer_or_conflict_permission
12189351687,72.8913469,19.0653558,278111.60812810075,2109393.098986448,EPSG:32643,{},"[{""feature_value"":""footway"",""geometry_role"":""native_way_geometry"",""osm_way_id"":122303841}]","[{""feature_value"":""platform"",""geometry_role"":""area_boundary"",""osm_way_id"":656434505}]",native_shared_node_not_transfer_or_conflict_permission
12189351689,72.8890273,19.0661668,277868.5159234354,2109485.8215418863,EPSG:32643,{},"[{""feature_value"":""footway"",""geometry_role"":""native_way_geometry"",""osm_way_id"":789757053}]","[{""feature_value"":""platform"",""geometry_role"":""area_boundary"",""osm_way_id"":427200317}]",native_shared_node_not_transfer_or_conflict_permission
12189351690,72.9162853,19.0547211,280722.74826011463,2108184.382943186,EPSG:32643,{},"[{""feature_value"":""footway"",""geometry_role"":""native_way_geometry"",""osm_way_id"":626348924}]","[{""feature_value"":""platform"",""geometry_role"":""area_boundary"",""osm_way_id"":626348916}]",native_shared_node_not_transfer_or_conflict_permission
12189351691,72.9159618,19.0549756,280689.02794824855,2108212.962283691,EPSG:32643,{},"[{""feature_value"":""footway"",""geometry_role"":""native_way_geometry"",""osm_way_id"":626348924}]","[{""feature_value"":""platform"",""geometry_role"":""area_boundary"",""osm_way_id"":626348916}]",native_shared_node_not_transfer_or_conflict_permission
12219587687,72.8824259,19.1326317,277262.6454496618,2116852.450927303,EPSG:32643,"{""access"":""private"",""description"":""in the metro depot"",""railway"":""level_crossing""}","[{""feature_value"":""service"",""geometry_role"":""native_way_geometry"",""osm_way_id"":1322610129}]","[{""feature_value"":""subway"",""geometry_role"":""native_way_geometry"",""osm_way_id"":1320487972}]",native_shared_node_not_transfer_or_conflict_permission
12219587688,72.8823557,19.1327561,277255.4257053971,2116866.312665756,EPSG:32643,"{""access"":""private"",""description"":""in the metro depot"",""railway"":""level_crossing""}","[{""feature_value"":""service"",""geometry_role"":""native_way_geometry"",""osm_way_id"":1322610129}]","[{""feature_value"":""subway"",""geometry_role"":""native_way_geometry"",""osm_way_id"":1320487973}]",native_shared_node_not_transfer_or_conflict_permission
12219587689,72.8838242,19.1331082,277410.4176452801,2116903.42127448,EPSG:32643,"{""access"":""private"",""description"":""in the metro depot"",""railway"":""level_crossing""}","[{""feature_value"":""service"",""geometry_role"":""native_way_geometry"",""osm_way_id"":1322610083}]","[{""feature_value"":""subway"",""geometry_role"":""native_way_geometry"",""osm_way_id"":1320487987}]",native_shared_node_not_transfer_or_conflict_permission
12219587690,72.8838371,19.1331745,277411.86391409,2116910.7448461996,EPSG:32643,"{""access"":""private"",""description"":""in the metro depot"",""railway"":""level_crossing""}","[{""feature_value"":""service"",""geometry_role"":""native_way_geometry"",""osm_way_id"":1322610083}]","[{""feature_value"":""subway"",""geometry_role"":""native_way_geometry"",""osm_way_id"":1320487988}]",native_shared_node_not_transfer_or_conflict_permission
12219587691,72.8838508,19.1332452,277413.40025977365,2116918.55451837,EPSG:32643,"{""access"":""private"",""description"":""in the metro depot"",""railway"":""level_crossing""}","[{""feature_value"":""service"",""geometry_role"":""native_way_geometry"",""osm_way_id"":1322610083}]","[{""feature_value"":""subway"",""geometry_role"":""native_way_geometry"",""osm_way_id"":1320487989}]",native_shared_node_not_transfer_or_conflict_permission
12219587692,72.883862,19.1333026,277414.6557153624,2116924.8949459153,EPSG:32643,"{""access"":""private"",""description"":""in the metro depot"",""railway"":""level_crossing""}","[{""feature_value"":""service"",""geometry_role"":""native_way_geometry"",""osm_way_id"":1322610083}]","[{""feature_value"":""subway"",""geometry_role"":""native_way_geometry"",""osm_way_id"":1320487990}]",native_shared_node_not_transfer_or_conflict_permission
12219587693,72.8838792,19.1333909,277416.5839364003,2116934.6486375052,EPSG:32643,"{""access"":""private"",""description"":""in the metro depot"",""railway"":""level_crossing""}","[{""feature_value"":""service"",""geometry_role"":""native_way_geometry"",""osm_way_id"":1322610083}]","[{""feature_value"":""subway"",""geometry_role"":""native_way_geometry"",""osm_way_id"":1320487991}]",native_shared_node_not_transfer_or_conflict_permission
12219587694,72.8839093,19.1335456,277419.9585544474,2116951.7369720885,EPSG:32643,"{""access"":""private"",""description"":""in the metro depot"",""entrance"":""yes"",""railway"":""level_crossing""}","[{""feature_value"":""service"",""geometry_role"":""native_way_geometry"",""osm_way_id"":1322610083}]","[{""feature_value"":""subway"",""geometry_role"":""native_way_geometry"",""osm_way_id"":1320487986}]",native_shared_node_not_transfer_or_conflict_permission
12219587695,72.8838947,19.1334705,277418.3216128759,2116943.4413267043,EPSG:32643,"{""access"":""private"",""description"":""in the metro depot"",""railway"":""level_crossing""}","[{""feature_value"":""service"",""geometry_role"":""native_way_geometry"",""osm_way_id"":1322610083}]","[{""feature_value"":""subway"",""geometry_role"":""native_way_geometry"",""osm_way_id"":1320487992}]",native_shared_node_not_transfer_or_conflict_permission
12231647926,73.594449,18.7619172,351844.92011800903,2075069.0239106712,EPSG:32643,{},"[{""feature_value"":""footway"",""geometry_role"":""native_way_geometry"",""osm_way_id"":996916170}]","[{""feature_value"":""platform"",""geometry_role"":""area_boundary"",""osm_way_id"":628797503}]",native_shared_node_not_transfer_or_conflict_permission
12231647963,73.481692,18.7444187,339940.88739570195,2073229.9408351227,EPSG:32643,{},"[{""feature_value"":""footway"",""geometry_role"":""native_way_geometry"",""osm_way_id"":996902107}]","[{""feature_value"":""platform"",""geometry_role"":""area_boundary"",""osm_way_id"":1315005285}]",native_shared_node_not_transfer_or_conflict_permission
12231647966,73.4787943,18.7438328,339634.802949917,2073167.7006803975,EPSG:32643,{},"[{""feature_value"":""footway"",""geometry_role"":""native_way_geometry"",""osm_way_id"":996902107}]","[{""feature_value"":""platform"",""geometry_role"":""area_boundary"",""osm_way_id"":1315005285}]",native_shared_node_not_transfer_or_conflict_permission
12231647969,73.594489,18.7620899,351849.28791087726,2075088.1036087289,EPSG:32643,{},"[{""feature_value"":""footway"",""geometry_role"":""native_way_geometry"",""osm_way_id"":1321822611}]","[{""feature_value"":""platform"",""geometry_role"":""area_boundary"",""osm_way_id"":628797504}]",native_shared_node_not_transfer_or_conflict_permission
12231667092,73.6719306,18.7356221,359991.54996989376,2072096.2976903417,EPSG:32643,{},"[{""feature_value"":""footway"",""geometry_role"":""native_way_geometry"",""osm_way_id"":1321826232}]","[{""feature_value"":""platform"",""geometry_role"":""area_boundary"",""osm_way_id"":1316323082}]",native_shared_node_not_transfer_or_conflict_permission
12231667093,73.6718168,18.7355039,359979.45375109115,2072083.3060376358,EPSG:32643,{},"[{""feature_value"":""footway"",""geometry_role"":""native_way_geometry"",""osm_way_id"":1321826230}]","[{""feature_value"":""platform"",""geometry_role"":""area_boundary"",""osm_way_id"":1316323083}]",native_shared_node_not_transfer_or_conflict_permission
12231680706,73.6722576,18.7354347,360025.8736754697,2072075.3017217012,EPSG:32643,{},"[{""feature_value"":""footway"",""geometry_role"":""native_way_geometry"",""osm_way_id"":1321826229}]","[{""feature_value"":""platform"",""geometry_role"":""area_boundary"",""osm_way_id"":1316323082}]",native_shared_node_not_transfer_or_conflict_permission
12242492046,72.8395867,18.9607276,272520.6285663337,2097876.009676283,EPSG:32643,{},"[{""feature_value"":""steps"",""geometry_role"":""native_way_geometry"",""osm_way_id"":1323031328}]","[{""feature_value"":""platform"",""geometry_role"":""area_boundary"",""osm_way_id"":426726197}]",native_shared_node_not_transfer_or_conflict_permission
12242492049,72.8394392,18.9607954,272505.1838102004,2097883.706250226,EPSG:32643,{},"[{""feature_value"":""footway"",""geometry_role"":""native_way_geometry"",""osm_way_id"":207555570},{""feature_value"":""steps"",""geometry_role"":""native_way_geometry"",""osm_way_id"":1323031330}]","[{""feature_value"":""platform"",""geometry_role"":""area_boundary"",""osm_way_id"":207555574}]",native_shared_node_not_transfer_or_conflict_permission
12254525055,72.8574702,19.2303102,274769.6424804954,2127698.5531632532,EPSG:32643,{},"[{""feature_value"":""path"",""geometry_role"":""native_way_geometry"",""osm_way_id"":1324299041}]","[{""feature_value"":""platform"",""geometry_role"":""native_way_geometry"",""osm_way_id"":312762327}]",native_shared_node_not_transfer_or_conflict_permission
12254525056,72.8573855,19.229863,274760.1251489769,2127649.152706262,EPSG:32643,{},"[{""feature_value"":""path"",""geometry_role"":""native_way_geometry"",""osm_way_id"":1324299042}]","[{""feature_value"":""platform"",""geometry_role"":""native_way_geometry"",""osm_way_id"":312762327}]",native_shared_node_not_transfer_or_conflict_permission
12254602917,72.8516243,19.2033721,274118.0489734041,2124723.77420355,EPSG:32643,{},"[{""feature_value"":""path"",""geometry_role"":""native_way_geometry"",""osm_way_id"":1324303222}]","[{""feature_value"":""platform"",""geometry_role"":""native_way_geometry"",""osm_way_id"":327888173}]",native_shared_node_not_transfer_or_conflict_permission
12254602924,72.851779,19.2041721,274135.4130900979,2124812.142732862,EPSG:32643,{},"[{""feature_value"":""path"",""geometry_role"":""native_way_geometry"",""osm_way_id"":1324303225}]","[{""feature_value"":""platform"",""geometry_role"":""native_way_geometry"",""osm_way_id"":327888173}]",native_shared_node_not_transfer_or_conflict_permission
12254602926,72.8519574,19.2050846,274155.42350035487,2124912.935570624,EPSG:32643,{},"[{""feature_value"":""path"",""geometry_role"":""native_way_geometry"",""osm_way_id"":1324303226}]","[{""feature_value"":""platform"",""geometry_role"":""native_way_geometry"",""osm_way_id"":327888173}]",native_shared_node_not_transfer_or_conflict_permission
12307698461,72.9083735,19.0861556,279931.39366714994,2111674.3154012533,EPSG:32643,{},"[{""feature_value"":""tertiary"",""geometry_role"":""native_way_geometry"",""osm_way_id"":317187454},{""feature_value"":""tertiary"",""geometry_role"":""native_way_geometry"",""osm_way_id"":1330230633}]","[{""feature_value"":""station"",""geometry_role"":""native_way_geometry"",""osm_way_id"":151205149}]",native_shared_node_not_transfer_or_conflict_permission
12307698462,72.9081413,19.0873899,279908.58647087414,2111811.253205637,EPSG:32643,{},"[{""feature_value"":""tertiary"",""geometry_role"":""native_way_geometry"",""osm_way_id"":1267122776},{""feature_value"":""tertiary"",""geometry_role"":""native_way_geometry"",""osm_way_id"":1330230634}]","[{""feature_value"":""station"",""geometry_role"":""native_way_geometry"",""osm_way_id"":151205149}]",native_shared_node_not_transfer_or_conflict_permission
12307698463,72.9079471,19.0873899,279888.1468544866,2111811.4973573135,EPSG:32643,{},"[{""feature_value"":""pedestrian"",""geometry_role"":""native_way_geometry"",""osm_way_id"":151581877},{""feature_value"":""tertiary"",""geometry_role"":""native_way_geometry"",""osm_way_id"":1330230635}]","[{""feature_value"":""station"",""geometry_role"":""native_way_geometry"",""osm_way_id"":151205149}]",native_shared_node_not_transfer_or_conflict_permission
12307698465,72.9077807,19.0858049,279868.53701080667,2111636.2356003313,EPSG:32643,{},"[{""feature_value"":""tertiary"",""geometry_role"":""native_way_geometry"",""osm_way_id"":151581876},{""feature_value"":""tertiary"",""geometry_role"":""native_way_geometry"",""osm_way_id"":1330230637}]","[{""feature_value"":""station"",""geometry_role"":""native_way_geometry"",""osm_way_id"":151205149}]",native_shared_node_not_transfer_or_conflict_permission
12311587230,72.9080549,19.0861637,279897.871372769,2111675.6126247244,EPSG:32643,{},"[{""feature_value"":""footway"",""geometry_role"":""native_way_geometry"",""osm_way_id"":1330676672}]","[{""feature_value"":""platform"",""geometry_role"":""area_boundary"",""osm_way_id"":311841901}]",native_shared_node_not_transfer_or_conflict_permission
12311587232,72.9083972,19.0861168,279933.8368211397,2111669.9901722893,EPSG:32643,{},"[{""feature_value"":""steps"",""geometry_role"":""native_way_geometry"",""osm_way_id"":1330603450}]","[{""feature_value"":""station"",""geometry_role"":""native_way_geometry"",""osm_way_id"":151205149}]",native_shared_node_not_transfer_or_conflict_permission
12311587235,72.9083436,19.0861993,279928.3044361229,2111679.1908891844,EPSG:32643,{},"[{""feature_value"":""footway"",""geometry_role"":""native_way_geometry"",""osm_way_id"":1330603451},{""feature_value"":""steps"",""geometry_role"":""native_way_geometry"",""osm_way_id"":1330603452}]","[{""feature_value"":""station"",""geometry_role"":""native_way_geometry"",""osm_way_id"":151205149}]",native_shared_node_not_transfer_or_conflict_permission
12319820409,72.8306729,19.1283029,271811.0165334848,2116440.0040434483,EPSG:32643,{},"[{""feature_value"":""footway"",""geometry_role"":""native_way_geometry"",""osm_way_id"":1331511001}]","[{""feature_value"":""station"",""geometry_role"":""native_way_geometry"",""osm_way_id"":287299866}]",native_shared_node_not_transfer_or_conflict_permission
12361543068,73.3383659,18.7996393,324885.35457576264,2079476.681520376,EPSG:32643,"{""railway"":""level_crossing""}","[{""feature_value"":""residential"",""geometry_role"":""native_way_geometry"",""osm_way_id"":1336459118}]","[{""feature_value"":""rail"",""geometry_role"":""native_way_geometry"",""osm_way_id"":484272340}]",native_shared_node_not_transfer_or_conflict_permission
12378483828,73.139871,19.2343789,304470.2865018004,2127807.160478596,EPSG:32643,"{""railway"":""level_crossing""}","[{""feature_value"":""service"",""geometry_role"":""native_way_geometry"",""osm_way_id"":788332942}]","[{""feature_value"":""rail"",""geometry_role"":""native_way_geometry"",""osm_way_id"":1161319592}]",native_shared_node_not_transfer_or_conflict_permission
12430382598,72.8589741,19.0164653,274637.83429403673,2104021.755074125,EPSG:32643,{},"[{""feature_value"":""service"",""geometry_role"":""native_way_geometry"",""osm_way_id"":1343435466}]","[{""feature_value"":""platform"",""geometry_role"":""area_boundary"",""osm_way_id"":236381660}]",native_shared_node_not_transfer_or_conflict_permission
12455978078,73.2468376,18.2935606,314691.77890054905,2023554.5268135646,EPSG:32643,"{""crossing:barrier"":""full"",""crossing:bell"":""yes"",""crossing:light"":""yes"",""railway"":""level_crossing""}","[{""feature_value"":""unclassified"",""geometry_role"":""native_way_geometry"",""osm_way_id"":1346643355}]","[{""feature_value"":""rail"",""geometry_role"":""native_way_geometry"",""osm_way_id"":670042796}]",native_shared_node_not_transfer_or_conflict_permission
12465935051,73.221191,18.3972012,312092.3783902738,2035052.0361769462,EPSG:32643,"{""crossing:barrier"":""full"",""crossing:bell"":""yes"",""crossing:light"":""yes"",""railway"":""level_crossing""}","[{""feature_value"":""primary"",""geometry_role"":""native_way_geometry"",""osm_way_id"":1191557077}]","[{""feature_value"":""rail"",""geometry_role"":""native_way_geometry"",""osm_way_id"":1347662375}]",native_shared_node_not_transfer_or_conflict_permission
12506515213,73.365983,18.7894022,327786.0594507301,2078316.638094339,EPSG:32643,{},"[{""feature_value"":""path"",""geometry_role"":""native_way_geometry"",""osm_way_id"":1351764160}]","[{""feature_value"":""rail"",""geometry_role"":""native_way_geometry"",""osm_way_id"":53759153},{""feature_value"":""rail"",""geometry_role"":""native_way_geometry"",""osm_way_id"":1351764523}]",native_shared_node_not_transfer_or_conflict_permission
12506515281,73.3575693,18.8104287,326920.62613824644,2080652.056926901,EPSG:32643,{},"[{""feature_value"":""path"",""geometry_role"":""native_way_geometry"",""osm_way_id"":1351764160}]","[{""feature_value"":""rail"",""geometry_role"":""native_way_geometry"",""osm_way_id"":149003290},{""feature_value"":""rail"",""geometry_role"":""native_way_geometry"",""osm_way_id"":1351764524}]",native_shared_node_not_transfer_or_conflict_permission
12509116663,72.7662128,20.1226867,266470.28267558874,2226624.604711207,EPSG:32643,"{""railway"":""level_crossing""}","[{""feature_value"":""residential"",""geometry_role"":""native_way_geometry"",""osm_way_id"":1352048000}]","[{""feature_value"":""rail"",""geometry_role"":""native_way_geometry"",""osm_way_id"":227408616}]",native_shared_node_not_transfer_or_conflict_permission
12509116664,72.7662554,20.1226538,266474.68911185156,2226620.902031157,EPSG:32643,"{""railway"":""level_crossing""}","[{""feature_value"":""residential"",""geometry_role"":""native_way_geometry"",""osm_way_id"":1352048000}]","[{""feature_value"":""rail"",""geometry_role"":""native_way_geometry"",""osm_way_id"":807549767}]",native_shared_node_not_transfer_or_conflict_permission
12528745570,72.8551406,19.2217314,274512.9429390719,2126751.800386478,EPSG:32643,{},"[{""feature_value"":""footway"",""geometry_role"":""native_way_geometry"",""osm_way_id"":318034656}]","[{""feature_value"":""platform"",""geometry_role"":""native_way_geometry"",""osm_way_id"":1353353326}]",native_shared_node_not_transfer_or_conflict_permission
12584790113,73.2467706,18.2935372,314684.67036957096,2023552.0049266499,EPSG:32643,"{""crossing:barrier"":""full"",""crossing:bell"":""yes"",""crossing:light"":""yes"",""railway"":""level_crossing""}","[{""feature_value"":""unclassified"",""geometry_role"":""native_way_geometry"",""osm_way_id"":1346643355}]","[{""feature_value"":""rail"",""geometry_role"":""native_way_geometry"",""osm_way_id"":1494367922}]",native_shared_node_not_transfer_or_conflict_permission
12759238718,72.8561908,19.2272255,274630.8875414407,2127358.699384877,EPSG:32643,{},"[{""feature_value"":""footway"",""geometry_role"":""native_way_geometry"",""osm_way_id"":1353357307},{""feature_value"":""steps"",""geometry_role"":""native_way_geometry"",""osm_way_id"":1377996007}]","[{""feature_value"":""platform"",""geometry_role"":""native_way_geometry"",""osm_way_id"":1353353322},{""feature_value"":""platform"",""geometry_role"":""native_way_geometry"",""osm_way_id"":1353353325}]",native_shared_node_not_transfer_or_conflict_permission
12880780881,72.9560946,19.1721142,285065.32227890624,2121131.0663657426,EPSG:32643,"{""entrance"":""yes"",""name"":""West Entrance""}","[{""feature_value"":""footway"",""geometry_role"":""native_way_geometry"",""osm_way_id"":1391566588},{""feature_value"":""footway"",""geometry_role"":""native_way_geometry"",""osm_way_id"":1391566594}]","[{""feature_value"":""station"",""geometry_role"":""native_way_geometry"",""osm_way_id"":1330148427}]",native_shared_node_not_transfer_or_conflict_permission
12880804520,72.9561889,19.1720318,285075.13516889804,2121121.827975378,EPSG:32643,{},"[{""feature_value"":""footway"",""geometry_role"":""native_way_geometry"",""osm_way_id"":1330148426},{""feature_value"":""footway"",""geometry_role"":""native_way_geometry"",""osm_way_id"":1391566594}]","[{""feature_value"":""station"",""geometry_role"":""native_way_geometry"",""osm_way_id"":1330148427}]",native_shared_node_not_transfer_or_conflict_permission
12902033355,72.8703207,19.0316133,275852.93147598044,2105684.254797078,EPSG:32643,{},"[{""feature_value"":""residential"",""geometry_role"":""native_way_geometry"",""osm_way_id"":700075339}]","[{""feature_value"":""proposed"",""geometry_role"":""native_way_geometry"",""osm_way_id"":540125947}]",native_shared_node_not_transfer_or_conflict_permission
12902600278,72.843008,18.9540724,272871.9921499427,2097134.801403593,EPSG:32643,"{""railway"":""level_crossing""}","[{""feature_value"":""residential"",""geometry_role"":""native_way_geometry"",""osm_way_id"":1178253783}]","[{""feature_value"":""rail"",""geometry_role"":""native_way_geometry"",""osm_way_id"":1393929774}]",native_shared_node_not_transfer_or_conflict_permission
12902600286,72.8413355,18.9488762,272688.77192936995,2096561.6882307336,EPSG:32643,{},"[{""feature_value"":""service"",""geometry_role"":""native_way_geometry"",""osm_way_id"":22851141}]","[{""feature_value"":""abandoned"",""geometry_role"":""native_way_geometry"",""osm_way_id"":1393929772}]",native_shared_node_not_transfer_or_conflict_permission
12902600287,72.8430871,18.9539216,272880.12015086476,2097118.0044700035,EPSG:32643,"{""railway"":""level_crossing""}","[{""feature_value"":""residential"",""geometry_role"":""native_way_geometry"",""osm_way_id"":1178253783}]","[{""feature_value"":""rail"",""geometry_role"":""native_way_geometry"",""osm_way_id"":1393929771}]",native_shared_node_not_transfer_or_conflict_permission
12902600288,72.8413641,18.9487178,272691.57004861394,2096544.114954509,EPSG:32643,"{""railway"":""level_crossing""}","[{""feature_value"":""service"",""geometry_role"":""native_way_geometry"",""osm_way_id"":1192252691}]","[{""feature_value"":""rail"",""geometry_role"":""native_way_geometry"",""osm_way_id"":1393929771}]",native_shared_node_not_transfer_or_conflict_permission
12902600289,72.8420649,18.9500095,272767.1431778156,2096686.2150521853,EPSG:32643,"{""railway"":""level_crossing""}","[{""feature_value"":""residential"",""geometry_role"":""native_way_geometry"",""osm_way_id"":1209643866}]","[{""feature_value"":""rail"",""geometry_role"":""native_way_geometry"",""osm_way_id"":1393929771}]",native_shared_node_not_transfer_or_conflict_permission
12902600290,72.84402,18.9600152,272986.64059970423,2097791.422123418,EPSG:32643,"{""railway"":""level_crossing""}","[{""feature_value"":""tertiary"",""geometry_role"":""native_way_geometry"",""osm_way_id"":55784553}]","[{""feature_value"":""rail"",""geometry_role"":""native_way_geometry"",""osm_way_id"":1393929771}]",native_shared_node_not_transfer_or_conflict_permission
12902600291,72.8440824,18.9605428,272993.9279092578,2097849.7520879493,EPSG:32643,"{""railway"":""level_crossing""}","[{""feature_value"":""tertiary"",""geometry_role"":""native_way_geometry"",""osm_way_id"":1145119327}]","[{""feature_value"":""rail"",""geometry_role"":""native_way_geometry"",""osm_way_id"":1393929771}]",native_shared_node_not_transfer_or_conflict_permission
12902600292,72.8440733,18.9604872,272992.89407842775,2097843.608361183,EPSG:32643,"{""railway"":""level_crossing""}","[{""feature_value"":""motorway_link"",""geometry_role"":""native_way_geometry"",""osm_way_id"":899828001}]","[{""feature_value"":""rail"",""geometry_role"":""native_way_geometry"",""osm_way_id"":1393929771}]",native_shared_node_not_transfer_or_conflict_permission
12902600293,72.8437597,18.96004,272959.2556870342,2097794.503119294,EPSG:32643,{},"[{""feature_value"":""tertiary"",""geometry_role"":""native_way_geometry"",""osm_way_id"":1145105898}]","[{""feature_value"":""abandoned"",""geometry_role"":""native_way_geometry"",""osm_way_id"":1393929772}]",native_shared_node_not_transfer_or_conflict_permission
12902600294,72.8440387,18.9607506,272989.6062234066,2097872.8138394887,EPSG:32643,{},"[{""feature_value"":""tertiary"",""geometry_role"":""native_way_geometry"",""osm_way_id"":1138688027}]","[{""feature_value"":""abandoned"",""geometry_role"":""native_way_geometry"",""osm_way_id"":1393929772}]",native_shared_node_not_transfer_or_conflict_permission
12955896923,72.8470668,19.0847063,273476.7226014355,2111592.0535198543,EPSG:32643,{},"[{""feature_value"":""residential"",""geometry_role"":""native_way_geometry"",""osm_way_id"":1092157561}]","[{""feature_value"":""subway"",""geometry_role"":""native_way_geometry"",""osm_way_id"":1303500409}]",native_shared_node_not_transfer_or_conflict_permission
12968874440,72.8530086,19.3104905,274410.28173855675,2136581.2815383296,EPSG:32643,{},"[{""feature_value"":""footway"",""geometry_role"":""native_way_geometry"",""osm_way_id"":1268319086}]","[{""feature_value"":""platform"",""geometry_role"":""area_boundary"",""osm_way_id"":526883817}]",native_shared_node_not_transfer_or_conflict_permission
13137602413,73.3638227,18.8266182,327596.2632798164,2082437.854517433,EPSG:32643,{},"[{""feature_value"":""path"",""geometry_role"":""native_way_geometry"",""osm_way_id"":1429163035}]","[{""feature_value"":""rail"",""geometry_role"":""native_way_geometry"",""osm_way_id"":149003212}]",native_shared_node_not_transfer_or_conflict_permission
13137602440,73.3628833,18.8287935,327499.47815066983,2082679.5334277032,EPSG:32643,"{""railway"":""crossing""}","[{""feature_value"":""path"",""geometry_role"":""native_way_geometry"",""osm_way_id"":1429163035}]","[{""feature_value"":""rail"",""geometry_role"":""native_way_geometry"",""osm_way_id"":149003188}]",native_shared_node_not_transfer_or_conflict_permission
13137602441,73.3632119,18.8280326,327533.33307162544,2082594.9962679788,EPSG:32643,"{""railway"":""crossing""}","[{""feature_value"":""path"",""geometry_role"":""native_way_geometry"",""osm_way_id"":1429163035}]","[{""feature_value"":""rail"",""geometry_role"":""native_way_geometry"",""osm_way_id"":149003188}]",native_shared_node_not_transfer_or_conflict_permission
13137602442,73.3636884,18.8269291,327582.42627018894,2082472.3959385946,EPSG:32643,"{""railway"":""crossing""}","[{""feature_value"":""path"",""geometry_role"":""native_way_geometry"",""osm_way_id"":1429163035}]","[{""feature_value"":""rail"",""geometry_role"":""native_way_geometry"",""osm_way_id"":149003212}]",native_shared_node_not_transfer_or_conflict_permission
13137602443,73.364358,18.8332633,327659.4586196841,2083172.8256046362,EPSG:32643,"{""railway"":""crossing""}","[{""feature_value"":""path"",""geometry_role"":""native_way_geometry"",""osm_way_id"":1429163035}]","[{""feature_value"":""rail"",""geometry_role"":""native_way_geometry"",""osm_way_id"":149003183}]",native_shared_node_not_transfer_or_conflict_permission
13137602444,73.3643886,18.8333376,327662.7593126575,2083181.019531562,EPSG:32643,"{""railway"":""crossing""}","[{""feature_value"":""path"",""geometry_role"":""native_way_geometry"",""osm_way_id"":1429163035}]","[{""feature_value"":""rail"",""geometry_role"":""native_way_geometry"",""osm_way_id"":282753808}]",native_shared_node_not_transfer_or_conflict_permission
13137602445,73.3643666,18.8332842,327660.3862843554,2083175.1304984947,EPSG:32643,"{""railway"":""crossing""}","[{""feature_value"":""path"",""geometry_role"":""native_way_geometry"",""osm_way_id"":1429163035}]","[{""feature_value"":""rail"",""geometry_role"":""native_way_geometry"",""osm_way_id"":282753809}]",native_shared_node_not_transfer_or_conflict_permission
13244849416,72.8207123,19.1303416,270765.68871788145,2116678.7541826386,EPSG:32643,{},"[{""feature_value"":""steps"",""geometry_role"":""native_way_geometry"",""osm_way_id"":667482441}]","[{""feature_value"":""station"",""geometry_role"":""native_way_geometry"",""osm_way_id"":287299861},{""feature_value"":""platform"",""geometry_role"":""area_boundary"",""osm_way_id"":311841895}]",native_shared_node_not_transfer_or_conflict_permission
13284561422,73.2785195,19.0002874,318793.04317782575,2101745.7237874963,EPSG:32643,"{""railway"":""level_crossing""}","[{""feature_value"":""path"",""geometry_role"":""native_way_geometry"",""osm_way_id"":1447999712}]","[{""feature_value"":""narrow_gauge"",""geometry_role"":""native_way_geometry"",""osm_way_id"":1150975674}]",native_shared_node_not_transfer_or_conflict_permission
13285775077,73.2811222,19.0002065,319066.9870854517,2101734.089816899,EPSG:32643,"{""railway"":""crossing""}","[{""feature_value"":""path"",""geometry_role"":""native_way_geometry"",""osm_way_id"":342751210}]","[{""feature_value"":""narrow_gauge"",""geometry_role"":""native_way_geometry"",""osm_way_id"":1150975674}]",native_shared_node_not_transfer_or_conflict_permission
13285775078,73.2816266,19.0014192,319121.4051253435,2101867.801509935,EPSG:32643,"{""railway"":""level_crossing""}","[{""feature_value"":""track"",""geometry_role"":""native_way_geometry"",""osm_way_id"":1122783017}]","[{""feature_value"":""narrow_gauge"",""geometry_role"":""native_way_geometry"",""osm_way_id"":1150975674}]",native_shared_node_not_transfer_or_conflict_permission
13285775079,73.2802265,18.9998394,318972.2839934828,2101694.3781143627,EPSG:32643,"{""railway"":""level_crossing""}","[{""feature_value"":""track"",""geometry_role"":""native_way_geometry"",""osm_way_id"":1122783018}]","[{""feature_value"":""narrow_gauge"",""geometry_role"":""native_way_geometry"",""osm_way_id"":1150975674}]",native_shared_node_not_transfer_or_conflict_permission
13294478726,72.8372761,18.9419145,272251.69876774494,2095796.1989317427,EPSG:32643,{},"[{""feature_value"":"""",""geometry_role"":""native_way_geometry"",""osm_way_id"":1449379104}]","[{""feature_value"":""platform"",""geometry_role"":""area_boundary"",""osm_way_id"":1449379103}]",native_shared_node_not_transfer_or_conflict_permission
13294478727,72.8370236,18.9419361,272225.1282236235,2095798.9163653385,EPSG:32643,{},"[{""feature_value"":"""",""geometry_role"":""native_way_geometry"",""osm_way_id"":1449379104},{""feature_value"":""footway"",""geometry_role"":""native_way_geometry"",""osm_way_id"":1449379106}]","[{""feature_value"":""platform"",""geometry_role"":""area_boundary"",""osm_way_id"":207359034}]",native_shared_node_not_transfer_or_conflict_permission
13294478730,72.8372207,18.9419192,272245.8689790722,2095796.7908131815,EPSG:32643,{},"[{""feature_value"":"""",""geometry_role"":""native_way_geometry"",""osm_way_id"":1449379104},{""feature_value"":""footway"",""geometry_role"":""native_way_geometry"",""osm_way_id"":1449379105}]","[{""feature_value"":""platform"",""geometry_role"":""area_boundary"",""osm_way_id"":1449379103}]",native_shared_node_not_transfer_or_conflict_permission
13294478735,72.8366181,18.9415575,272181.8964448483,2095757.5254174154,EPSG:32643,{},"[{""feature_value"":"""",""geometry_role"":""native_way_geometry"",""osm_way_id"":1449379104}]","[{""feature_value"":""platform"",""geometry_role"":""area_boundary"",""osm_way_id"":207427866}]",native_shared_node_not_transfer_or_conflict_permission
13294489323,72.8366701,18.9415528,272187.3680690729,2095756.937909001,EPSG:32643,{},"[{""feature_value"":"""",""geometry_role"":""native_way_geometry"",""osm_way_id"":1449379104},{""feature_value"":""footway"",""geometry_role"":""native_way_geometry"",""osm_way_id"":1449379565}]","[{""feature_value"":""platform"",""geometry_role"":""area_boundary"",""osm_way_id"":207427866}]",native_shared_node_not_transfer_or_conflict_permission
13336760897,73.367488,18.7888691,327944.1685378273,2078256.176936463,EPSG:32643,{},"[{""feature_value"":""path"",""geometry_role"":""native_way_geometry"",""osm_way_id"":1454235321}]","[{""feature_value"":""rail"",""geometry_role"":""native_way_geometry"",""osm_way_id"":149003192}]",native_shared_node_not_transfer_or_conflict_permission
13392771156,72.8305461,19.141923,271816.39843476645,2117948.07999641,EPSG:32643,{},"[{""feature_value"":""secondary"",""geometry_role"":""native_way_geometry"",""osm_way_id"":1254243230},{""feature_value"":""service"",""geometry_role"":""native_way_geometry"",""osm_way_id"":1460254108}]","[{""feature_value"":""construction"",""geometry_role"":""native_way_geometry"",""osm_way_id"":1320487958}]",native_shared_node_not_transfer_or_conflict_permission
13454784369,72.81805,19.0065951,270315.00682876725,2102982.0060076034,EPSG:32643,{},"[{""feature_value"":""footway"",""geometry_role"":""native_way_geometry"",""osm_way_id"":1466928297}]","[{""feature_value"":""subway"",""geometry_role"":""native_way_geometry"",""osm_way_id"":1385503863}]",native_shared_node_not_transfer_or_conflict_permission
13454784387,72.8165958,19.0041727,270158.54049137165,2102715.7190382495,EPSG:32643,"{""highway"":""crossing"",""railway"":""crossing""}","[{""feature_value"":""primary"",""geometry_role"":""native_way_geometry"",""osm_way_id"":1236044672},{""feature_value"":""footway"",""geometry_role"":""native_way_geometry"",""osm_way_id"":1466928298}]","[{""feature_value"":""subway"",""geometry_role"":""native_way_geometry"",""osm_way_id"":1385503862}]",native_shared_node_not_transfer_or_conflict_permission
13475648918,72.8558293,19.1160695,274441.5602399765,2115052.969776445,EPSG:32643,{},"[{""feature_value"":""secondary"",""geometry_role"":""native_way_geometry"",""osm_way_id"":1149056374},{""feature_value"":""residential"",""geometry_role"":""native_way_geometry"",""osm_way_id"":1469374456}]","[{""feature_value"":""station"",""geometry_role"":""native_way_geometry"",""osm_way_id"":331815671}]",native_shared_node_not_transfer_or_conflict_permission
13507390986,73.1214475,18.989096,302241.5571213858,2100676.1070338027,EPSG:32643,{},"[{""feature_value"":""pedestrian"",""geometry_role"":""area_boundary"",""osm_way_id"":1472054416}]","[{""feature_value"":""station"",""geometry_role"":""native_way_geometry"",""osm_way_id"":1472054415}]",native_shared_node_not_transfer_or_conflict_permission
13507390996,73.1210812,18.9894399,302203.3914793173,2100714.5867028474,EPSG:32643,{},"[{""feature_value"":""pedestrian"",""geometry_role"":""area_boundary"",""osm_way_id"":1472054416}]","[{""feature_value"":""station"",""geometry_role"":""native_way_geometry"",""osm_way_id"":1472054415}]",native_shared_node_not_transfer_or_conflict_permission
13507403026,73.1216121,18.9892526,302259.07476151874,2100693.256877731,EPSG:32643,{},"[{""feature_value"":""pedestrian"",""geometry_role"":""area_boundary"",""osm_way_id"":1472054416}]","[{""feature_value"":""station"",""geometry_role"":""native_way_geometry"",""osm_way_id"":1472054415}]",native_shared_node_not_transfer_or_conflict_permission
13514295460,73.05666,18.687201,295053.0840124007,2067331.423903805,EPSG:32643,"{""railway"":""level_crossing""}","[{""feature_value"":""residential"",""geometry_role"":""native_way_geometry"",""osm_way_id"":1472935959}]","[{""feature_value"":""rail"",""geometry_role"":""native_way_geometry"",""osm_way_id"":312446323}]",native_shared_node_not_transfer_or_conflict_permission
13542582001,72.84134,19.0284333,272797.2719846885,2105369.4493298405,EPSG:32643,"{""highway"":""traffic_signals"",""name"":""Raja Badhe Chowk"",""traffic_signals"":""signal""}","[{""feature_value"":""residential"",""geometry_role"":""native_way_geometry"",""osm_way_id"":22849807},{""feature_value"":""primary"",""geometry_role"":""native_way_geometry"",""osm_way_id"":1139163618}]","[{""feature_value"":""subway"",""geometry_role"":""native_way_geometry"",""osm_way_id"":1385503863}]",native_shared_node_not_transfer_or_conflict_permission
13571915686,72.8409599,19.0657013,272808.0139932871,2109495.904820284,EPSG:32643,"{""railway"":""level_crossing""}","[{""feature_value"":""footway"",""geometry_role"":""native_way_geometry"",""osm_way_id"":1479516496}]","[{""feature_value"":""rail"",""geometry_role"":""native_way_geometry"",""osm_way_id"":45737420}]",native_shared_node_not_transfer_or_conflict_permission
13571915700,72.8409215,19.0657041,272803.97553142265,2109496.2645914834,EPSG:32643,"{""railway"":""level_crossing""}","[{""feature_value"":""footway"",""geometry_role"":""native_way_geometry"",""osm_way_id"":1479516496}]","[{""feature_value"":""rail"",""geometry_role"":""native_way_geometry"",""osm_way_id"":807635627}]",native_shared_node_not_transfer_or_conflict_permission
13571963302,72.8408961,19.0657059,272801.30418618885,2109496.496799446,EPSG:32643,"{""railway"":""level_crossing""}","[{""feature_value"":""footway"",""geometry_role"":""native_way_geometry"",""osm_way_id"":1479516496}]","[{""feature_value"":""rail"",""geometry_role"":""native_way_geometry"",""osm_way_id"":807635626}]",native_shared_node_not_transfer_or_conflict_permission
13589430243,72.8457835,19.1222926,273392.8765194678,2115754.9285116824,EPSG:32643,{},"[{""feature_value"":""footway"",""geometry_role"":""native_way_geometry"",""osm_way_id"":1481731216}]","[{""feature_value"":""subway"",""geometry_role"":""native_way_geometry"",""osm_way_id"":566154570}]",native_shared_node_not_transfer_or_conflict_permission
13609014158,73.6956534,18.5788643,362366.454632592,2054729.9711892428,EPSG:32643,"{""railway"":""level_crossing""}","[{""feature_value"":""service"",""geometry_role"":""native_way_geometry"",""osm_way_id"":1483830282}]","[{""feature_value"":""subway"",""geometry_role"":""native_way_geometry"",""osm_way_id"":1484228015}]",native_shared_node_not_transfer_or_conflict_permission
13609375898,73.6970188,18.5798982,362511.37961285014,2054843.3437439564,EPSG:32643,"{""railway"":""level_crossing""}","[{""feature_value"":""service"",""geometry_role"":""native_way_geometry"",""osm_way_id"":1483772580}]","[{""feature_value"":""subway"",""geometry_role"":""native_way_geometry"",""osm_way_id"":1484273600}]",native_shared_node_not_transfer_or_conflict_permission
13626945193,72.8561366,19.2812858,274699.0719472519,2133343.8880088734,EPSG:32643,{},"[{""feature_value"":""footway"",""geometry_role"":""native_way_geometry"",""osm_way_id"":1486529295}]","[{""feature_value"":""platform"",""geometry_role"":""area_boundary"",""osm_way_id"":526883823}]",native_shared_node_not_transfer_or_conflict_permission
13689555473,73.2280025,18.3829352,312796.69708668086,2033465.9875433818,EPSG:32643,"{""railway"":""level_crossing""}","[{""feature_value"":""tertiary"",""geometry_role"":""native_way_geometry"",""osm_way_id"":1494030726}]","[{""feature_value"":""rail"",""geometry_role"":""native_way_geometry"",""osm_way_id"":1347662375}]",native_shared_node_not_transfer_or_conflict_permission
13689574336,73.2234387,18.3921059,312324.35959571257,2034485.7438810514,EPSG:32643,{},"[{""feature_value"":""corridor"",""geometry_role"":""native_way_geometry"",""osm_way_id"":1494030754},{""feature_value"":""footway"",""geometry_role"":""native_way_geometry"",""osm_way_id"":1494030755}]","[{""feature_value"":""platform"",""geometry_role"":""native_way_geometry"",""osm_way_id"":1494030751}]",native_shared_node_not_transfer_or_conflict_permission
13689574342,73.2237814,18.3920647,312360.5271020986,2034480.829367701,EPSG:32643,{},"[{""feature_value"":""footway"",""geometry_role"":""native_way_geometry"",""osm_way_id"":1494030759}]","[{""feature_value"":""platform"",""geometry_role"":""native_way_geometry"",""osm_way_id"":1494030752}]",native_shared_node_not_transfer_or_conflict_permission
13689574343,73.22385,18.392095,312367.8086814235,2034484.112153781,EPSG:32643,{},"[{""feature_value"":""footway"",""geometry_role"":""native_way_geometry"",""osm_way_id"":1494030759}]","[{""feature_value"":""platform"",""geometry_role"":""native_way_geometry"",""osm_way_id"":1494030752}]",native_shared_node_not_transfer_or_conflict_permission
13691858935,73.2336974,18.3599263,313373.73874630965,2030913.4356846877,EPSG:32643,"{""crossing:barrier"":""full"",""crossing:bell"":""yes"",""crossing:light"":""no"",""railway"":""level_crossing""}","[{""feature_value"":""service"",""geometry_role"":""native_way_geometry"",""osm_way_id"":1494360610}]","[{""feature_value"":""rail"",""geometry_role"":""native_way_geometry"",""osm_way_id"":1347662375}]",native_shared_node_not_transfer_or_conflict_permission
13691858936,73.2337483,18.3599319,313379.12419921055,2030914.0032557813,EPSG:32643,"{""crossing:barrier"":""full"",""crossing:bell"":""yes"",""crossing:light"":""no"",""railway"":""level_crossing""}","[{""feature_value"":""service"",""geometry_role"":""native_way_geometry"",""osm_way_id"":1494360610}]","[{""feature_value"":""rail"",""geometry_role"":""native_way_geometry"",""osm_way_id"":77630152}]",native_shared_node_not_transfer_or_conflict_permission
13691929280,73.2421251,18.3039473,314204.621909646,2024708.9371156606,EPSG:32643,"{""crossing"":""informal"",""crossing:barrier"":""no"",""crossing:bell"":""no"",""crossing:light"":""no"",""railway"":""crossing""}","[{""feature_value"":""footway"",""geometry_role"":""native_way_geometry"",""osm_way_id"":1494367925}]","[{""feature_value"":""rail"",""geometry_role"":""native_way_geometry"",""osm_way_id"":1494367922}]",native_shared_node_not_transfer_or_conflict_permission
13691929281,73.2421818,18.3039708,314210.6413018982,2024711.4803597538,EPSG:32643,"{""crossing"":""informal"",""crossing:barrier"":""no"",""crossing:bell"":""no"",""crossing:light"":""no"",""railway"":""crossing""}","[{""feature_value"":""footway"",""geometry_role"":""native_way_geometry"",""osm_way_id"":1494367925}]","[{""feature_value"":""rail"",""geometry_role"":""native_way_geometry"",""osm_way_id"":670042796}]",native_shared_node_not_transfer_or_conflict_permission
13691932205,73.2444588,18.2990669,314446.14161101496,2024166.3903565232,EPSG:32643,{},"[{""feature_value"":""footway"",""geometry_role"":""native_way_geometry"",""osm_way_id"":1494367934}]","[{""feature_value"":""platform"",""geometry_role"":""native_way_geometry"",""osm_way_id"":1494387550}]",native_shared_node_not_transfer_or_conflict_permission
13692097822,73.2523962,18.2813787,315266.55861564586,2022200.5842046882,EPSG:32643,"{""crossing:barrier"":""full"",""crossing:bell"":""yes"",""crossing:light"":""no"",""railway"":""level_crossing""}","[{""feature_value"":""unclassified"",""geometry_role"":""native_way_geometry"",""osm_way_id"":670042798}]","[{""feature_value"":""rail"",""geometry_role"":""native_way_geometry"",""osm_way_id"":1494367922}]",native_shared_node_not_transfer_or_conflict_permission
13692097834,73.2584442,18.2685,315892.44169357285,2020769.0519887912,EPSG:32643,"{""crossing:barrier"":""full"",""crossing:bell"":""yes"",""crossing:light"":""no"",""railway"":""level_crossing""}","[{""feature_value"":""track"",""geometry_role"":""native_way_geometry"",""osm_way_id"":1494387564}]","[{""feature_value"":""rail"",""geometry_role"":""native_way_geometry"",""osm_way_id"":1494387560}]",native_shared_node_not_transfer_or_conflict_permission
13695373799,73.2755609,18.2475827,317680.53116273705,2018436.7669256935,EPSG:32643,{},"[{""feature_value"":""footway"",""geometry_role"":""native_way_geometry"",""osm_way_id"":1494610472}]","[{""feature_value"":""platform"",""geometry_role"":""area_boundary"",""osm_way_id"":1494610471}]",native_shared_node_not_transfer_or_conflict_permission
13698318068,73.2888948,18.234075,319076.6431462902,2016928.5089647074,EPSG:32643,"{""crossing:barrier"":""full"",""crossing:bell"":""yes"",""crossing:light"":""no"",""railway"":""level_crossing""}","[{""feature_value"":""unclassified"",""geometry_role"":""native_way_geometry"",""osm_way_id"":1495040619}]","[{""feature_value"":""rail"",""geometry_role"":""native_way_geometry"",""osm_way_id"":1495040615}]",native_shared_node_not_transfer_or_conflict_permission
13698318069,73.2890032,18.2340937,319088.1269021656,2016930.4714983902,EPSG:32643,"{""crossing:barrier"":""full"",""crossing:bell"":""yes"",""crossing:light"":""no"",""railway"":""level_crossing""}","[{""feature_value"":""unclassified"",""geometry_role"":""native_way_geometry"",""osm_way_id"":1495040619}]","[{""feature_value"":""rail"",""geometry_role"":""native_way_geometry"",""osm_way_id"":221957038}]",native_shared_node_not_transfer_or_conflict_permission
13698359974,73.2975912,18.1739233,319934.55999231536,2010262.461650418,EPSG:32643,"{""crossing:barrier"":""full"",""crossing:bell"":""yes"",""crossing:light"":""yes"",""railway"":""level_crossing""}","[{""feature_value"":""unclassified"",""geometry_role"":""native_way_geometry"",""osm_way_id"":1495048224}]","[{""feature_value"":""rail"",""geometry_role"":""native_way_geometry"",""osm_way_id"":1495048219}]",native_shared_node_not_transfer_or_conflict_permission
13698359976,73.2976526,18.1740025,319941.1371371795,2010271.1671085234,EPSG:32643,"{""crossing:barrier"":""full"",""crossing:bell"":""yes"",""crossing:light"":""yes"",""railway"":""level_crossing""}","[{""feature_value"":""unclassified"",""geometry_role"":""native_way_geometry"",""osm_way_id"":1495048224}]","[{""feature_value"":""rail"",""geometry_role"":""native_way_geometry"",""osm_way_id"":1495048221}]",native_shared_node_not_transfer_or_conflict_permission
13698407279,73.3004994,18.1664554,320234.588884515,2009433.083007993,EPSG:32643,"{""crossing:barrier"":""full"",""crossing:bell"":""yes"",""crossing:light"":""no"",""railway"":""level_crossing""}","[{""feature_value"":""unclassified"",""geometry_role"":""native_way_geometry"",""osm_way_id"":563325285}]","[{""feature_value"":""rail"",""geometry_role"":""native_way_geometry"",""osm_way_id"":1495048235}]",native_shared_node_not_transfer_or_conflict_permission
13698513757,73.3050726,18.1599686,320711.8132774449,2008710.6718523337,EPSG:32643,{},"[{""feature_value"":""path"",""geometry_role"":""native_way_geometry"",""osm_way_id"":1495066975}]","[{""feature_value"":""platform"",""geometry_role"":""native_way_geometry"",""osm_way_id"":1495066973}]",native_shared_node_not_transfer_or_conflict_permission
13698513759,73.3052764,18.1601037,320733.51407914446,2008725.4254901696,EPSG:32643,{},"[{""feature_value"":""path"",""geometry_role"":""native_way_geometry"",""osm_way_id"":1495066975}]","[{""feature_value"":""platform"",""geometry_role"":""native_way_geometry"",""osm_way_id"":1495066974}]",native_shared_node_not_transfer_or_conflict_permission
13698516311,73.3051897,18.1600463,320724.2822670836,2008719.1572112406,EPSG:32643,"{""crossing"":""informal"",""crossing:barrier"":""no"",""crossing:bell"":""no"",""crossing:light"":""no"",""railway"":""crossing""}","[{""feature_value"":""path"",""geometry_role"":""native_way_geometry"",""osm_way_id"":1495066975}]","[{""feature_value"":""rail"",""geometry_role"":""native_way_geometry"",""osm_way_id"":1495066979}]",native_shared_node_not_transfer_or_conflict_permission
13698516314,73.3052234,18.1600687,320727.8707329299,2008721.6034992947,EPSG:32643,"{""crossing"":""informal"",""crossing:barrier"":""no"",""crossing:bell"":""no"",""crossing:light"":""no"",""railway"":""crossing""}","[{""feature_value"":""path"",""geometry_role"":""native_way_geometry"",""osm_way_id"":1495066975}]","[{""feature_value"":""rail"",""geometry_role"":""native_way_geometry"",""osm_way_id"":1495048239}]",native_shared_node_not_transfer_or_conflict_permission
13698516315,73.3051178,18.1599986,320716.62625325855,2008713.948063896,EPSG:32643,"{""crossing"":""informal"",""crossing:barrier"":""no"",""crossing:bell"":""no"",""crossing:light"":""no"",""railway"":""crossing""}","[{""feature_value"":""path"",""geometry_role"":""native_way_geometry"",""osm_way_id"":1495066975}]","[{""feature_value"":""rail"",""geometry_role"":""native_way_geometry"",""osm_way_id"":1495048238}]",native_shared_node_not_transfer_or_conflict_permission
13698516344,73.3031677,18.1625896,320512.9451117348,2009002.616964668,EPSG:32643,{},"[{""feature_value"":""footway"",""geometry_role"":""native_way_geometry"",""osm_way_id"":1495066993}]","[{""feature_value"":""platform"",""geometry_role"":""native_way_geometry"",""osm_way_id"":1495066973}]",native_shared_node_not_transfer_or_conflict_permission
13698516351,73.3051556,18.1600232,320720.6507641168,2008716.6338400182,EPSG:32643,"{""crossing"":""informal"",""crossing:barrier"":""no"",""crossing:bell"":""no"",""crossing:light"":""no"",""railway"":""crossing""}","[{""feature_value"":""path"",""geometry_role"":""native_way_geometry"",""osm_way_id"":1495066975}]","[{""feature_value"":""rail"",""geometry_role"":""native_way_geometry"",""osm_way_id"":1495048235}]",native_shared_node_not_transfer_or_conflict_permission
13698727120,73.3238891,18.1257984,322668.21267251496,2004910.5856953512,EPSG:32643,"{""crossing:barrier"":""full"",""crossing:bell"":""yes"",""crossing:light"":""no"",""railway"":""level_crossing""}","[{""feature_value"":""residential"",""geometry_role"":""native_way_geometry"",""osm_way_id"":563190722}]","[{""feature_value"":""rail"",""geometry_role"":""native_way_geometry"",""osm_way_id"":197474476}]",native_shared_node_not_transfer_or_conflict_permission
13698727121,73.3238257,18.1257761,322661.4809576863,2004908.178699776,EPSG:32643,"{""crossing:barrier"":""full"",""crossing:bell"":""yes"",""crossing:light"":""no"",""railway"":""level_crossing""}","[{""feature_value"":""residential"",""geometry_role"":""native_way_geometry"",""osm_way_id"":563190722}]","[{""feature_value"":""rail"",""geometry_role"":""native_way_geometry"",""osm_way_id"":1495157006}]",native_shared_node_not_transfer_or_conflict_permission
13699066231,73.3303857,18.113726,323343.59594630904,2003568.2185616454,EPSG:32643,{},"[{""feature_value"":""footway"",""geometry_role"":""native_way_geometry"",""osm_way_id"":1495157028}]","[{""feature_value"":""platform"",""geometry_role"":""native_way_geometry"",""osm_way_id"":1495157013}]",native_shared_node_not_transfer_or_conflict_permission
13699066249,73.3304041,18.1132024,323345.0180848219,2003510.2511844153,EPSG:32643,{},"[{""feature_value"":""steps"",""geometry_role"":""native_way_geometry"",""osm_way_id"":1495157036}]","[{""feature_value"":""platform"",""geometry_role"":""native_way_geometry"",""osm_way_id"":1495157012}]",native_shared_node_not_transfer_or_conflict_permission
13702943734,73.3306184,18.1133114,323367.80705144245,2003522.1093088149,EPSG:32643,{},"[{""feature_value"":""footway"",""geometry_role"":""native_way_geometry"",""osm_way_id"":1495769762}]","[{""feature_value"":""platform"",""geometry_role"":""native_way_geometry"",""osm_way_id"":1495157013}]",native_shared_node_not_transfer_or_conflict_permission
13711752679,73.0769831,19.2255106,297846.967273344,2126897.3858023398,EPSG:32643,"{""railway"":""level_crossing""}","[{""feature_value"":""secondary"",""geometry_role"":""native_way_geometry"",""osm_way_id"":1497093953}]","[{""feature_value"":""rail"",""geometry_role"":""native_way_geometry"",""osm_way_id"":236059680}]",native_shared_node_not_transfer_or_conflict_permission
13711752681,73.0769207,19.2254871,297840.37690176134,2126894.856907169,EPSG:32643,"{""railway"":""level_crossing""}","[{""feature_value"":""secondary"",""geometry_role"":""native_way_geometry"",""osm_way_id"":1497093953}]","[{""feature_value"":""rail"",""geometry_role"":""native_way_geometry"",""osm_way_id"":49602579}]",native_shared_node_not_transfer_or_conflict_permission
13727966694,73.4226595,19.6280437,334601.558453447,2171086.3850358063,EPSG:32643,{},"[{""feature_value"":""footway"",""geometry_role"":""native_way_geometry"",""osm_way_id"":1499094541}]","[{""feature_value"":""platform"",""geometry_role"":""area_boundary"",""osm_way_id"":1499094545}]",native_shared_node_not_transfer_or_conflict_permission
13729593413,73.3520841,19.550057,327116.26636921533,2162523.9874809165,EPSG:32643,{},"[{""feature_value"":""footway"",""geometry_role"":""native_way_geometry"",""osm_way_id"":1499288457}]","[{""feature_value"":""platform"",""geometry_role"":""area_boundary"",""osm_way_id"":1499288462}]",native_shared_node_not_transfer_or_conflict_permission
13734630651,73.2391653,19.1667245,314834.67682159785,2120209.682169372,EPSG:32643,{},"[{""feature_value"":""footway"",""geometry_role"":""native_way_geometry"",""osm_way_id"":1499883218}]","[{""feature_value"":""platform"",""geometry_role"":""area_boundary"",""osm_way_id"":30949711}]",native_shared_node_not_transfer_or_conflict_permission
13734630652,73.2391724,19.1667882,314835.4947942633,2120216.725652922,EPSG:32643,{},"[{""feature_value"":""footway"",""geometry_role"":""native_way_geometry"",""osm_way_id"":1499883218}]","[{""feature_value"":""rail"",""geometry_role"":""native_way_geometry"",""osm_way_id"":684926826}]",native_shared_node_not_transfer_or_conflict_permission
13736961187,73.076324,19.2104206,297759.19221435813,2125227.6951027587,EPSG:32643,{},"[{""feature_value"":""footway"",""geometry_role"":""native_way_geometry"",""osm_way_id"":1500172064}]","[{""feature_value"":""platform"",""geometry_role"":""native_way_geometry"",""osm_way_id"":1499648931}]",native_shared_node_not_transfer_or_conflict_permission
13736964123,72.976617,19.1866446,287242.8161426829,2122714.471220865,EPSG:32643,{},"[{""feature_value"":""footway"",""geometry_role"":""native_way_geometry"",""osm_way_id"":1312183848}]","[{""feature_value"":""platform"",""geometry_role"":""area_boundary"",""osm_way_id"":434916265}]",native_shared_node_not_transfer_or_conflict_permission
13737985418,72.9081437,19.0859347,279906.9148770862,2111650.1490407106,EPSG:32643,{},"[{""feature_value"":""steps"",""geometry_role"":""native_way_geometry"",""osm_way_id"":1330676671}]","[{""feature_value"":""station"",""geometry_role"":""native_way_geometry"",""osm_way_id"":151205149}]",native_shared_node_not_transfer_or_conflict_permission
13737985423,72.9081385,19.0859431,279906.3786773909,2111651.0855181105,EPSG:32643,{},"[{""feature_value"":""steps"",""geometry_role"":""native_way_geometry"",""osm_way_id"":1330676671}]","[{""feature_value"":""platform"",""geometry_role"":""area_boundary"",""osm_way_id"":427212691}]",native_shared_node_not_transfer_or_conflict_permission
13737985527,72.8381377,18.9509781,272354.7636469852,2096798.515426284,EPSG:32643,{},"[{""feature_value"":""steps"",""geometry_role"":""native_way_geometry"",""osm_way_id"":89184536}]","[{""feature_value"":""platform"",""geometry_role"":""area_boundary"",""osm_way_id"":89184095}]",native_shared_node_not_transfer_or_conflict_permission
13737985532,72.8382774,18.951001,272369.51075643906,2096800.8702738516,EPSG:32643,{},"[{""feature_value"":""steps"",""geometry_role"":""native_way_geometry"",""osm_way_id"":89184537}]","[{""feature_value"":""platform"",""geometry_role"":""area_boundary"",""osm_way_id"":89120812}]",native_shared_node_not_transfer_or_conflict_permission
13745619481,73.3019487,19.0936083,321359.7634344665,2112051.1487186425,EPSG:32643,{},"[{""feature_value"":""steps"",""geometry_role"":""native_way_geometry"",""osm_way_id"":1501441975}]","[{""feature_value"":""platform"",""geometry_role"":""area_boundary"",""osm_way_id"":1314987866}]",native_shared_node_not_transfer_or_conflict_permission
13746090488,73.3354735,18.8085257,324589.67787602387,2080463.1051282934,EPSG:32643,"{""crossing:barrier"":""full"",""railway"":""level_crossing""}","[{""feature_value"":""residential"",""geometry_role"":""native_way_geometry"",""osm_way_id"":1380655882}]","[{""feature_value"":""rail"",""geometry_role"":""native_way_geometry"",""osm_way_id"":484272340}]",native_shared_node_not_transfer_or_conflict_permission
13752713441,72.8894175,19.0658185,277909.126042299,2109446.767403548,EPSG:32643,{},"[{""feature_value"":""footway"",""geometry_role"":""native_way_geometry"",""osm_way_id"":1502513592}]","[{""feature_value"":""platform"",""geometry_role"":""area_boundary"",""osm_way_id"":656434505}]",native_shared_node_not_transfer_or_conflict_permission
13759613306,72.8160086,19.002962,270095.0391419298,2102582.4482980417,EPSG:32643,"{""railway"":""crossing""}","[{""feature_value"":""footway"",""geometry_role"":""native_way_geometry"",""osm_way_id"":1503460976}]","[{""feature_value"":""subway"",""geometry_role"":""native_way_geometry"",""osm_way_id"":1385503863}]",native_shared_node_not_transfer_or_conflict_permission
13759613307,72.816062,19.0030541,270100.7892441157,2102592.5750070713,EPSG:32643,"{""railway"":""crossing""}","[{""feature_value"":""footway"",""geometry_role"":""native_way_geometry"",""osm_way_id"":1503460976}]","[{""feature_value"":""subway"",""geometry_role"":""native_way_geometry"",""osm_way_id"":1385503862}]",native_shared_node_not_transfer_or_conflict_permission
13759613309,72.8167569,19.0044308,270175.86033616436,2102744.083080424,EPSG:32643,"{""railway"":""crossing""}","[{""feature_value"":""footway"",""geometry_role"":""native_way_geometry"",""osm_way_id"":1466928298}]","[{""feature_value"":""subway"",""geometry_role"":""native_way_geometry"",""osm_way_id"":1385503862}]",native_shared_node_not_transfer_or_conflict_permission
13759613310,72.8165583,19.0042059,270154.6370795532,2102719.4436927,EPSG:32643,"{""railway"":""crossing""}","[{""feature_value"":""footway"",""geometry_role"":""native_way_geometry"",""osm_way_id"":1466928298}]","[{""feature_value"":""subway"",""geometry_role"":""native_way_geometry"",""osm_way_id"":1385503863}]",native_shared_node_not_transfer_or_conflict_permission
13759613311,72.8166559,19.0043623,270165.1301005917,2102736.6313815643,EPSG:32643,"{""railway"":""crossing""}","[{""feature_value"":""footway"",""geometry_role"":""native_way_geometry"",""osm_way_id"":1466928298}]","[{""feature_value"":""subway"",""geometry_role"":""native_way_geometry"",""osm_way_id"":1385503863}]",native_shared_node_not_transfer_or_conflict_permission
13798225979,72.8324349,19.3815701,272346.41638232814,2144477.741570545,EPSG:32643,"{""crossing"":""uncontrolled"",""crossing:barrier"":""no"",""crossing:markings"":""no"",""railway"":""crossing""}","[{""feature_value"":""footway"",""geometry_role"":""native_way_geometry"",""osm_way_id"":1509456709}]","[{""feature_value"":""rail"",""geometry_role"":""native_way_geometry"",""osm_way_id"":327791186}]",native_shared_node_not_transfer_or_conflict_permission
13798295244,72.8323924,19.3815545,272341.9293539203,2144476.070511145,EPSG:32643,"{""crossing"":""uncontrolled"",""crossing:barrier"":""no"",""crossing:markings"":""no"",""railway"":""crossing""}","[{""feature_value"":""footway"",""geometry_role"":""native_way_geometry"",""osm_way_id"":1509456709},{""feature_value"":""footway"",""geometry_role"":""native_way_geometry"",""osm_way_id"":1509456712}]","[{""feature_value"":""rail"",""geometry_role"":""native_way_geometry"",""osm_way_id"":327789342}]",native_shared_node_not_transfer_or_conflict_permission
13820044821,72.8644335,19.2239878,275493.32145602634,2126989.584458843,EPSG:32643,{},"[{""feature_value"":""trunk"",""geometry_role"":""native_way_geometry"",""osm_way_id"":1309210460},{""feature_value"":""trunk"",""geometry_role"":""native_way_geometry"",""osm_way_id"":1512380802}]","[{""feature_value"":""platform"",""geometry_role"":""area_boundary"",""osm_way_id"":1322610145}]",native_shared_node_not_transfer_or_conflict_permission
13893488971,72.9277765,19.1271442,282027.31425004825,2116187.737942743,EPSG:32643,{},"[{""feature_value"":""footway"",""geometry_role"":""native_way_geometry"",""osm_way_id"":1524311415}]","[{""feature_value"":""platform"",""geometry_role"":""area_boundary"",""osm_way_id"":1366185995}]",native_shared_node_not_transfer_or_conflict_permission
13905111288,72.8173105,18.959922,270173.06868060015,2097815.730773581,EPSG:32643,{},"[{""feature_value"":""secondary"",""geometry_role"":""native_way_geometry"",""osm_way_id"":1171486342},{""feature_value"":""secondary_link"",""geometry_role"":""native_way_geometry"",""osm_way_id"":1525550744}]","[{""feature_value"":""subway"",""geometry_role"":""native_way_geometry"",""osm_way_id"":539615484}]",native_shared_node_not_transfer_or_conflict_permission
13974957185,73.7912321,18.6401387,372498.743999405,2061440.2834528533,EPSG:32643,{},"[{""feature_value"":""footway"",""geometry_role"":""native_way_geometry"",""osm_way_id"":1533558185}]","[{""feature_value"":""platform"",""geometry_role"":""area_boundary"",""osm_way_id"":235145485}]",native_shared_node_not_transfer_or_conflict_permission
13974957186,73.7913279,18.6401986,372508.89491883887,2061446.8440271122,EPSG:32643,{},"[{""feature_value"":""footway"",""geometry_role"":""native_way_geometry"",""osm_way_id"":1533558185}]","[{""feature_value"":""platform"",""geometry_role"":""area_boundary"",""osm_way_id"":235145485}]",native_shared_node_not_transfer_or_conflict_permission
13974957189,73.7914706,18.6402954,372524.0209776055,2061457.4547189192,EPSG:32643,{},"[{""feature_value"":""footway"",""geometry_role"":""native_way_geometry"",""osm_way_id"":1533558187}]","[{""feature_value"":""platform"",""geometry_role"":""area_boundary"",""osm_way_id"":235145487}]",native_shared_node_not_transfer_or_conflict_permission
13974957190,73.7915645,18.6403567,372533.972486964,2061464.1715857359,EPSG:32643,{},"[{""feature_value"":""footway"",""geometry_role"":""native_way_geometry"",""osm_way_id"":1533558187}]","[{""feature_value"":""platform"",""geometry_role"":""area_boundary"",""osm_way_id"":235145487}]",native_shared_node_not_transfer_or_conflict_permission
13986428323,72.8752673,19.3585423,276815.25328313734,2141872.320759164,EPSG:32643,"{""railway"":""level_crossing""}","[{""feature_value"":""primary"",""geometry_role"":""native_way_geometry"",""osm_way_id"":1535006660}]","[{""feature_value"":""rail"",""geometry_role"":""native_way_geometry"",""osm_way_id"":782715898}]",native_shared_node_not_transfer_or_conflict_permission
13986428324,72.8753297,19.3585657,276821.8420821987,2141874.8307805946,EPSG:32643,"{""railway"":""level_crossing""}","[{""feature_value"":""primary"",""geometry_role"":""native_way_geometry"",""osm_way_id"":1535006660}]","[{""feature_value"":""rail"",""geometry_role"":""native_way_geometry"",""osm_way_id"":583731399}]",native_shared_node_not_transfer_or_conflict_permission
13986428331,72.875426,19.3584461,276831.79837466835,2141861.4651982677,EPSG:32643,"{""railway"":""level_crossing""}","[{""feature_value"":""primary"",""geometry_role"":""native_way_geometry"",""osm_way_id"":1535006661}]","[{""feature_value"":""rail"",""geometry_role"":""native_way_geometry"",""osm_way_id"":782715898}]",native_shared_node_not_transfer_or_conflict_permission
13986428332,72.8754918,19.3584666,276838.74049573013,2141863.649768093,EPSG:32643,"{""railway"":""level_crossing""}","[{""feature_value"":""primary"",""geometry_role"":""native_way_geometry"",""osm_way_id"":1535006661}]","[{""feature_value"":""rail"",""geometry_role"":""native_way_geometry"",""osm_way_id"":583731399}]",native_shared_node_not_transfer_or_conflict_permission
14019451446,72.8786092,19.1090684,276829.3874987769,2114248.6474388298,EPSG:32643,{},"[{""feature_value"":""secondary"",""geometry_role"":""native_way_geometry"",""osm_way_id"":1171057457}]","[{""feature_value"":""subway"",""geometry_role"":""native_way_geometry"",""osm_way_id"":1303500409}]",native_shared_node_not_transfer_or_conflict_permission
14030482383,73.090347,19.0833911,299080.11617183324,2111149.5283312704,EPSG:32643,"{""railway"":""level_crossing""}","[{""feature_value"":""service"",""geometry_role"":""native_way_geometry"",""osm_way_id"":784805611}]","[{""feature_value"":""subway"",""geometry_role"":""native_way_geometry"",""osm_way_id"":823998386}]",native_shared_node_not_transfer_or_conflict_permission
14030482384,73.0903801,19.083259,299083.4403311933,2111134.8672236344,EPSG:32643,"{""railway"":""level_crossing""}","[{""feature_value"":""service"",""geometry_role"":""native_way_geometry"",""osm_way_id"":784805611}]","[{""feature_value"":""subway"",""geometry_role"":""native_way_geometry"",""osm_way_id"":823998382}]",native_shared_node_not_transfer_or_conflict_permission
14030482385,73.090363,19.0833274,299081.72320243996,2111142.4585472955,EPSG:32643,"{""railway"":""level_crossing""}","[{""feature_value"":""service"",""geometry_role"":""native_way_geometry"",""osm_way_id"":784805611}]","[{""feature_value"":""subway"",""geometry_role"":""native_way_geometry"",""osm_way_id"":823998383}]",native_shared_node_not_transfer_or_conflict_permission
14076239444,72.8677552,19.2521972,275880.96402216714,2130108.391461016,EPSG:32643,"{""railway"":""switch"",""railway:turnout_side"":""right""}","[{""feature_value"":""trunk_link"",""geometry_role"":""native_way_geometry"",""osm_way_id"":137815173}]","[{""feature_value"":""subway"",""geometry_role"":""native_way_geometry"",""osm_way_id"":1046920878},{""feature_value"":""subway"",""geometry_role"":""native_way_geometry"",""osm_way_id"":1547627092}]",native_shared_node_not_transfer_or_conflict_permission
14142051757,72.8336742,19.1460741,272151.2378826634,2118403.5711490754,EPSG:32643,"{""crossing:island"":""yes"",""highway"":""crossing""}","[{""feature_value"":""footway"",""geometry_role"":""native_way_geometry"",""osm_way_id"":1554469166}]","[{""feature_value"":""platform"",""geometry_role"":""area_boundary"",""osm_way_id"":1322610044}]",native_shared_node_not_transfer_or_conflict_permission
