person_id,home_geography_id,destination_geography_id,age_years,sex,employed,income_monthly_inr,permitted_modes,purpose,initial_mode,departure_s,activity_duration_s,source
baseline_0,27:518:99999:802794:1460:000000,27:518:99999:802794:1562:000000,16,female,False,41656.80495848191,"walk,pt",education,walk,31271.662396987165,21600,synthetic_from_historical_marginals_and_provisional_assumptions
baseline_1,27:518:99999:802794:2487:000000,27:518:99999:802794:2385:000000,37,male,True,45288.77357262597,"walk,pt,taxi,auto_rickshaw",work,auto_rickshaw,35706.9219013217,28800,synthetic_from_historical_marginals_and_provisional_assumptions
baseline_2,27:518:99999:802794:2384:000000,27:518:99999:802794:2384:000000,15,female,False,13613.082705631836,"walk,pt",education,walk,27730.473915656858,21600,synthetic_from_historical_marginals_and_provisional_assumptions
baseline_3,27:520:04175:553748:0000:000000,27:520:04175:553761:0000:000000,12,male,False,84909.74413887251,"walk,pt,bike",education,pt,30557.81554419833,21600,synthetic_from_historical_marginals_and_provisional_assumptions
baseline_4,27:518:99999:802794:1048:000000,27:518:99999:802794:2283:000000,11,female,False,15599.883707953843,"walk,pt",education,pt,25537.883543711207,21600,synthetic_from_historical_marginals_and_provisional_assumptions
baseline_5,27:519:99999:802794:0629:000000,27:518:99999:802794:1142:000000,29,male,True,59612.712004294684,"walk,pt,taxi,auto_rickshaw",work,taxi,29141.42150289847,28800,synthetic_from_historical_marginals_and_provisional_assumptions
baseline_6,27:518:99999:802794:1249:000000,27:518:99999:802794:1048:000000,30,female,False,16390.897197773338,"walk,pt,taxi,auto_rickshaw",other,auto_rickshaw,38373.99606605602,3600,synthetic_from_historical_marginals_and_provisional_assumptions
baseline_7,27:518:99999:802794:2080:000000,27:518:99999:802794:1977:000000,35,female,True,85883.90810843237,"walk,pt,taxi,auto_rickshaw",work,walk,30963.79871618984,28800,synthetic_from_historical_marginals_and_provisional_assumptions
baseline_8,27:518:99999:802794:1978:000000,27:518:99999:802794:2179:000000,45,male,True,58452.11626529608,"walk,pt,taxi,auto_rickshaw",work,taxi,29318.747666621643,28800,synthetic_from_historical_marginals_and_provisional_assumptions
baseline_9,27:519:99999:802794:0933:000000,27:518:99999:802794:1045:000000,33,male,False,13894.336357935517,"walk,pt,motorbike,taxi,auto_rickshaw",other,walk,38441.20177468515,3600,synthetic_from_historical_marginals_and_provisional_assumptions
baseline_10,27:519:99999:802794:0314:000000,27:519:99999:802794:0933:000000,63,female,False,58821.14327880199,"walk,pt,taxi,auto_rickshaw",other,pt,38780.21204950271,3600,synthetic_from_historical_marginals_and_provisional_assumptions
baseline_11,27:518:99999:802794:1874:000000,27:518:99999:802794:2080:000000,23,male,True,69526.11229173344,"walk,pt,taxi,auto_rickshaw",work,taxi,34142.091724845275,28800,synthetic_from_historical_marginals_and_provisional_assumptions
baseline_12,27:520:04175:553818:0001:000000,27:520:04175:553711:0000:000000,26,female,False,44287.074713496644,"walk,pt,bike,taxi,ride,auto_rickshaw",other,walk,36134.99111611941,3600,synthetic_from_historical_marginals_and_provisional_assumptions
baseline_13,27:518:99999:802794:2282:000000,27:518:99999:802794:2179:000000,79,male,False,12855.893278974498,"walk,pt,taxi,auto_rickshaw",other,pt,36225.84621035485,3600,synthetic_from_historical_marginals_and_provisional_assumptions
baseline_14,27:517:04159:551757:0000:000000,27:517:04159:551757:0000:000000,3,female,False,17924.964215346434,"walk,pt",home_only,,0,0,synthetic_from_historical_marginals_and_provisional_assumptions
baseline_15,27:520:04184:554889:0000:000000,27:520:04181:554549:0000:000000,61,female,True,119440.05226666108,"walk,pt,taxi,auto_rickshaw",work,taxi,33256.05390883083,28800,synthetic_from_historical_marginals_and_provisional_assumptions
baseline_16,27:519:99999:802794:0732:000000,27:519:99999:802794:0732:000000,0,female,False,51567.90836958751,"walk,pt",home_only,,0,0,synthetic_from_historical_marginals_and_provisional_assumptions
baseline_17,27:520:04175:553763:0000:000000,27:520:04175:553755:0000:000000,58,female,True,27404.036518333276,"walk,pt,motorbike,taxi,auto_rickshaw",work,taxi,35359.74819983228,28800,synthetic_from_historical_marginals_and_provisional_assumptions
baseline_18,27:520:04179:554415:0000:000000,27:520:04182:554780:0000:000000,37,female,True,63385.0200345074,"walk,pt,taxi,auto_rickshaw",work,auto_rickshaw,30349.462409484786,28800,synthetic_from_historical_marginals_and_provisional_assumptions
baseline_19,27:518:99999:802794:1667:000000,27:518:99999:802794:1460:000000,35,female,True,19203.360202776723,"walk,pt,taxi,auto_rickshaw",work,auto_rickshaw,29998.461270902248,28800,synthetic_from_historical_marginals_and_provisional_assumptions
baseline_20,27:520:04173:553514:0001:000000,27:520:04173:553514:0001:000000,10,male,False,23081.930158517225,"walk,pt,bike",education,bike,29080.96911529116,21600,synthetic_from_historical_marginals_and_provisional_assumptions
baseline_21,27:518:99999:802794:1978:000000,27:518:99999:802794:2284:000000,56,female,False,30418.45733058471,"walk,pt,taxi,auto_rickshaw",other,taxi,42206.33820205829,3600,synthetic_from_historical_marginals_and_provisional_assumptions
baseline_22,27:518:99999:802794:2385:000000,27:518:99999:802794:1564:000000,33,female,True,37877.59344613387,"walk,pt,taxi,auto_rickshaw",work,taxi,29087.652569214042,28800,synthetic_from_historical_marginals_and_provisional_assumptions
baseline_23,27:517:04166:552659:0000:000000,27:517:04168:552984:0000:000000,39,female,False,15536.622134912606,"walk,pt,taxi,auto_rickshaw",other,walk,41620.881873027894,3600,synthetic_from_historical_marginals_and_provisional_assumptions
baseline_24,27:517:04166:552607:0000:000000,27:517:04166:552607:0000:000000,5,male,False,41570.24081679129,"walk,pt",home_only,,0,0,synthetic_from_historical_marginals_and_provisional_assumptions
baseline_25,27:518:99999:802794:2180:000000,27:519:99999:802794:0933:000000,11,male,False,18637.332470065136,"walk,pt",education,pt,31913.91359815342,21600,synthetic_from_historical_marginals_and_provisional_assumptions
baseline_26,27:518:99999:802794:2080:000000,27:518:99999:802794:2283:000000,20,male,False,46121.11251195179,"walk,pt,taxi,auto_rickshaw",other,taxi,37662.197794349144,3600,synthetic_from_historical_marginals_and_provisional_assumptions
baseline_27,27:518:99999:802794:2080:000000,27:518:99999:802794:2487:000000,30,female,True,52700.4762105804,"walk,pt,taxi,auto_rickshaw",work,auto_rickshaw,33558.05144198223,28800,synthetic_from_historical_marginals_and_provisional_assumptions
baseline_28,27:518:99999:802794:2384:000000,27:518:99999:802794:2384:000000,22,male,False,137156.98471651538,"walk,pt,taxi,auto_rickshaw",other,taxi,36800.417569291465,3600,synthetic_from_historical_marginals_and_provisional_assumptions
baseline_29,27:520:04176:553960:0000:000000,27:519:99999:802794:0525:000000,23,female,True,140041.66024495868,"walk,pt,taxi,auto_rickshaw",work,pt,35023.04620607513,28800,synthetic_from_historical_marginals_and_provisional_assumptions
baseline_30,27:518:99999:802794:1667:000000,27:518:99999:802794:1352:000000,50,male,True,8933.054720781169,"walk,pt,taxi,auto_rickshaw",work,auto_rickshaw,34982.948745919624,28800,synthetic_from_historical_marginals_and_provisional_assumptions
baseline_31,27:517:04163:552239:0000:000000,27:517:04163:552342:0000:000000,31,female,False,42812.79429782069,"walk,pt,motorbike,taxi,auto_rickshaw",other,motorbike,39529.8303211509,3600,synthetic_from_historical_marginals_and_provisional_assumptions
baseline_32,27:520:04177:554009:0000:000000,27:519:99999:802794:0417:000000,59,male,False,26115.225436179782,"walk,pt,taxi,auto_rickshaw",other,walk,40543.78104116398,3600,synthetic_from_historical_marginals_and_provisional_assumptions
baseline_33,27:519:99999:802794:0628:000000,27:519:99999:802794:0527:000000,39,male,True,19480.30199858702,"walk,pt,motorbike,taxi,auto_rickshaw",work,taxi,29995.846012961032,28800,synthetic_from_historical_marginals_and_provisional_assumptions
baseline_34,27:520:04181:554621:0000:000000,27:520:04181:554628:0000:000000,10,female,False,38128.74075801275,"walk,pt",education,walk,28979.45478075974,21600,synthetic_from_historical_marginals_and_provisional_assumptions
baseline_35,27:518:99999:802794:2385:000000,27:518:99999:802794:1460:000000,28,male,True,26533.2661868852,"walk,pt,taxi,ride,auto_rickshaw",work,walk,31677.40899559574,28800,synthetic_from_historical_marginals_and_provisional_assumptions
baseline_36,27:518:99999:802794:1772:000000,27:518:99999:802794:2385:000000,55,male,False,32483.158798994922,"walk,pt,bike,motorbike,taxi,auto_rickshaw",other,auto_rickshaw,40911.814277773425,3600,synthetic_from_historical_marginals_and_provisional_assumptions
baseline_37,27:517:04159:551795:0000:000000,27:517:04159:551795:0000:000000,3,female,False,16175.563882029594,"walk,pt",home_only,,0,0,synthetic_from_historical_marginals_and_provisional_assumptions
baseline_38,27:517:04167:552851:0000:000000,27:517:04167:552870:0000:000000,53,female,False,21828.82427428523,"walk,pt,taxi,auto_rickshaw",other,auto_rickshaw,42785.25963043224,3600,synthetic_from_historical_marginals_and_provisional_assumptions
baseline_39,27:517:04170:553035:0000:000000,27:517:04170:553033:0000:000000,18,male,False,53984.87523895585,"walk,pt,motorbike,taxi,auto_rickshaw",other,motorbike,40009.9496962183,3600,synthetic_from_historical_marginals_and_provisional_assumptions
baseline_40,27:518:99999:802794:1668:000000,27:518:99999:802794:1564:000000,20,male,False,11149.167252058669,"walk,pt,taxi,auto_rickshaw",other,walk,37424.67920442853,3600,synthetic_from_historical_marginals_and_provisional_assumptions
baseline_41,27:518:99999:802794:1352:000000,27:518:99999:802794:2385:000000,29,male,True,59987.848368019186,"walk,pt,taxi,auto_rickshaw",work,auto_rickshaw,35540.124440852866,28800,synthetic_from_historical_marginals_and_provisional_assumptions
baseline_42,27:518:99999:802794:1460:000000,27:518:99999:802794:1353:000000,12,male,False,136891.28330575197,"walk,pt",education,pt,29931.80057634289,21600,synthetic_from_historical_marginals_and_provisional_assumptions
baseline_43,27:520:04173:553514:0001:000000,27:520:04173:553513:0001:000000,51,female,False,12696.983162869963,"walk,pt,motorbike,taxi,auto_rickshaw",other,pt,38523.4746320817,3600,synthetic_from_historical_marginals_and_provisional_assumptions
baseline_44,27:518:99999:802794:2080:000000,27:517:04170:553033:0000:000000,33,female,True,84163.24350866218,"walk,pt,taxi,auto_rickshaw",work,auto_rickshaw,32742.963697381354,28800,synthetic_from_historical_marginals_and_provisional_assumptions
baseline_45,27:517:04168:552989:0000:000000,27:517:04168:552991:0000:000000,6,female,False,20276.738493076173,"walk,pt",education,pt,25920.60652254364,21600,synthetic_from_historical_marginals_and_provisional_assumptions
baseline_46,27:518:99999:802794:2179:000000,27:518:99999:802794:1977:000000,22,male,False,15096.939733286797,"walk,pt,taxi,auto_rickshaw",other,auto_rickshaw,42387.37601658379,3600,synthetic_from_historical_marginals_and_provisional_assumptions
baseline_47,27:518:99999:802794:2080:000000,27:518:99999:802794:2080:000000,0,female,False,21285.80318343436,"walk,pt,ride",home_only,,0,0,synthetic_from_historical_marginals_and_provisional_assumptions
baseline_48,27:518:99999:802794:1256:000000,27:518:99999:802794:1255:000000,51,female,False,16815.22689982964,"walk,pt,taxi,auto_rickshaw",other,walk,36116.960049032896,3600,synthetic_from_historical_marginals_and_provisional_assumptions
baseline_49,27:519:99999:802794:0103:000000,27:519:99999:802794:0732:000000,34,male,True,49779.09170668557,"walk,pt,bike,taxi,auto_rickshaw",work,auto_rickshaw,32154.01268264968,28800,synthetic_from_historical_marginals_and_provisional_assumptions
baseline_50,27:518:99999:802794:2080:000000,27:518:99999:802794:2281:000000,41,male,False,40927.87923221061,"walk,pt,car,motorbike,taxi,ride,auto_rickshaw",other,motorbike,38594.27457837741,3600,synthetic_from_historical_marginals_and_provisional_assumptions
baseline_51,27:518:99999:802794:1256:000000,27:518:99999:802794:1562:000000,7,male,False,108874.51080907809,"walk,pt,bike",education,walk,26787.048148075253,21600,synthetic_from_historical_marginals_and_provisional_assumptions
baseline_52,27:518:99999:802794:1565:000000,27:518:99999:802794:1565:000000,34,male,False,14565.838372620381,"walk,pt,taxi,auto_rickshaw",other,walk,38568.826441479716,3600,synthetic_from_historical_marginals_and_provisional_assumptions
baseline_53,27:519:99999:802794:0421:000000,27:519:99999:802794:0837:000000,51,male,False,48065.98932399612,"walk,pt,car,taxi,ride,auto_rickshaw",other,ride,37672.003504659944,3600,synthetic_from_historical_marginals_and_provisional_assumptions
baseline_54,27:518:99999:802794:1978:000000,27:518:99999:802794:1978:000000,5,female,False,50218.972892857295,"walk,pt",home_only,,0,0,synthetic_from_historical_marginals_and_provisional_assumptions
baseline_55,27:519:99999:802794:0103:000000,27:519:99999:802794:0838:000000,61,male,False,64317.41743477833,"walk,pt,motorbike,taxi,auto_rickshaw",other,pt,41666.96672560802,3600,synthetic_from_historical_marginals_and_provisional_assumptions
baseline_56,27:518:99999:802794:1255:000000,27:518:99999:802794:1353:000000,38,male,False,20082.682845448555,"walk,pt,taxi,auto_rickshaw",other,auto_rickshaw,39125.34641449344,3600,synthetic_from_historical_marginals_and_provisional_assumptions
baseline_57,27:519:99999:802794:0933:000000,27:519:99999:802794:0933:000000,93,male,False,80844.36262820338,"walk,pt,taxi,auto_rickshaw",other,auto_rickshaw,42815.38866050597,3600,synthetic_from_historical_marginals_and_provisional_assumptions
baseline_58,27:520:04175:553804:0000:000000,27:520:04179:554328:0000:000000,57,female,True,106420.16334303116,"walk,pt,motorbike,taxi,auto_rickshaw",work,pt,28919.389962692178,28800,synthetic_from_historical_marginals_and_provisional_assumptions
baseline_59,27:518:99999:802794:1874:000000,27:518:99999:802794:1459:000000,70,male,False,44464.57843702593,"walk,pt,taxi,auto_rickshaw",other,auto_rickshaw,38306.79105360795,3600,synthetic_from_historical_marginals_and_provisional_assumptions
baseline_60,27:518:99999:802794:2281:000000,27:518:99999:802794:2080:000000,38,male,True,37192.961407114795,"walk,pt,taxi,auto_rickshaw",work,auto_rickshaw,31240.026660722913,28800,synthetic_from_historical_marginals_and_provisional_assumptions
baseline_61,27:518:99999:802794:1975:000000,27:518:99999:802794:1147:000000,13,male,False,31036.610560976995,"walk,pt",education,pt,29952.749526447136,21600,synthetic_from_historical_marginals_and_provisional_assumptions
baseline_62,27:518:99999:802794:2283:000000,27:518:99999:802794:2384:000000,15,male,False,75214.23531756681,"walk,pt",education,pt,27802.714949462425,21600,synthetic_from_historical_marginals_and_provisional_assumptions
baseline_63,27:517:04168:552985:0000:000000,27:517:04166:552672:0000:000000,17,male,False,23517.423141981773,"walk,pt",education,walk,28099.25317254886,21600,synthetic_from_historical_marginals_and_provisional_assumptions
baseline_64,27:520:04173:553514:0001:000000,27:518:99999:802794:1460:000000,26,female,True,13661.14848355874,"walk,pt,bike,motorbike,taxi,auto_rickshaw",work,walk,32001.52500655648,28800,synthetic_from_historical_marginals_and_provisional_assumptions
baseline_65,27:518:99999:802794:1141:000000,27:518:99999:802794:1048:000000,27,male,True,30633.74480655125,"walk,pt,taxi,auto_rickshaw",work,taxi,31252.428831535166,28800,synthetic_from_historical_marginals_and_provisional_assumptions
baseline_66,27:517:04163:552312:0000:000000,27:518:99999:802794:1562:000000,35,male,True,43863.65856568556,"walk,pt,motorbike,taxi,auto_rickshaw",work,motorbike,35004.901746880736,28800,synthetic_from_historical_marginals_and_provisional_assumptions
baseline_67,27:518:99999:802794:1978:000000,27:519:99999:802794:0732:000000,27,female,True,14827.852176529277,"walk,pt,motorbike,taxi,auto_rickshaw",work,auto_rickshaw,31577.08150772532,28800,synthetic_from_historical_marginals_and_provisional_assumptions
baseline_68,27:518:99999:802794:1249:000000,27:519:99999:802794:0933:000000,48,male,True,52416.87042775033,"walk,pt,taxi,auto_rickshaw",work,taxi,34478.85313760812,28800,synthetic_from_historical_marginals_and_provisional_assumptions
baseline_69,27:518:99999:802794:1668:000000,27:517:04166:552678:0001:000000,25,female,True,29926.15107428888,"walk,pt,car,taxi,ride,auto_rickshaw",work,pt,34758.94761239594,28800,synthetic_from_historical_marginals_and_provisional_assumptions
baseline_70,27:520:04177:554203:0001:000000,27:520:04177:554088:0000:000000,24,male,True,32568.225672311968,"walk,pt,taxi,auto_rickshaw",work,pt,29238.590096691187,28800,synthetic_from_historical_marginals_and_provisional_assumptions
baseline_71,27:517:04158:551629:0000:000000,27:517:04158:551630:0000:000000,28,female,True,64050.63843319903,"walk,pt,taxi,auto_rickshaw",work,pt,31730.431620169507,28800,synthetic_from_historical_marginals_and_provisional_assumptions
baseline_72,27:518:99999:802794:1772:000000,27:518:99999:802794:1769:000000,58,female,True,76736.45414878584,"walk,pt,taxi,auto_rickshaw",work,walk,29390.253308257466,28800,synthetic_from_historical_marginals_and_provisional_assumptions
baseline_73,27:518:99999:802794:2384:000000,27:518:99999:802794:2283:000000,70,female,False,41278.36326069663,"walk,pt,motorbike,taxi,auto_rickshaw",other,auto_rickshaw,41766.736262712606,3600,synthetic_from_historical_marginals_and_provisional_assumptions
baseline_74,27:520:04186:555174:0000:000000,27:520:04185:555070:0000:000000,55,female,True,31020.01416897076,"walk,pt,taxi,auto_rickshaw",work,pt,35944.4980410505,28800,synthetic_from_historical_marginals_and_provisional_assumptions
baseline_75,27:519:99999:802794:0630:000000,27:518:99999:802794:1043:000000,10,male,False,34644.61686896927,"walk,pt",education,walk,30250.029661620603,21600,synthetic_from_historical_marginals_and_provisional_assumptions
baseline_76,27:519:99999:802794:0629:000000,27:519:99999:802794:0101:000000,56,female,True,13192.31361715474,"walk,pt,car,motorbike,taxi,ride,auto_rickshaw",work,pt,30729.75682189482,28800,synthetic_from_historical_marginals_and_provisional_assumptions
baseline_77,27:519:99999:802794:0835:000000,27:518:99999:802794:1142:000000,38,female,True,13150.544476089151,"walk,pt,taxi,auto_rickshaw",work,walk,31167.866302453214,28800,synthetic_from_historical_marginals_and_provisional_assumptions
baseline_78,27:518:99999:802794:1351:000000,27:518:99999:802794:1357:000000,6,male,False,27033.786937649522,"walk,pt",education,walk,28169.25807021313,21600,synthetic_from_historical_marginals_and_provisional_assumptions
baseline_79,27:518:99999:802794:1667:000000,27:518:99999:802794:1668:000000,66,male,False,29617.69738696647,"walk,pt,bike,taxi,auto_rickshaw",other,walk,42303.39667150359,3600,synthetic_from_historical_marginals_and_provisional_assumptions
baseline_80,27:519:99999:802794:0732:000000,27:518:99999:802794:1249:000000,38,male,False,27493.91978105032,"walk,pt,car,bike,taxi,ride,auto_rickshaw",other,auto_rickshaw,42395.04541416173,3600,synthetic_from_historical_marginals_and_provisional_assumptions
baseline_81,27:518:99999:802794:1772:000000,27:518:99999:802794:1769:000000,30,male,False,25271.637412016786,"walk,pt,car,motorbike,taxi,ride,auto_rickshaw",other,ride,40222.665790310406,3600,synthetic_from_historical_marginals_and_provisional_assumptions
baseline_82,27:520:04184:554944:0000:000000,27:520:04181:554727:0000:000000,12,male,False,18971.69861306532,"walk,pt,bike",education,pt,30079.3903792154,21600,synthetic_from_historical_marginals_and_provisional_assumptions
baseline_83,27:519:99999:802794:0311:000000,27:520:04173:553445:0000:000000,27,male,True,8823.916080231746,"walk,pt,taxi,auto_rickshaw",work,auto_rickshaw,30802.252827041768,28800,synthetic_from_historical_marginals_and_provisional_assumptions
baseline_84,27:517:04160:551906:0000:000000,27:517:04160:551896:0000:000000,11,male,False,60324.49574446711,"walk,pt",education,walk,25821.680949259942,21600,synthetic_from_historical_marginals_and_provisional_assumptions
baseline_85,27:517:04161:551955:0000:000000,27:517:04160:551920:0000:000000,41,male,True,39258.25848905151,"walk,pt,car,motorbike,taxi,ride,auto_rickshaw",work,ride,33443.18623207308,28800,synthetic_from_historical_marginals_and_provisional_assumptions
baseline_86,27:518:99999:802794:1352:000000,27:518:99999:802794:1357:000000,9,male,False,11946.44106682914,"walk,pt,bike",education,walk,32114.9272855604,21600,synthetic_from_historical_marginals_and_provisional_assumptions
baseline_87,27:518:99999:802794:1667:000000,27:518:99999:802794:1873:000000,25,female,False,47809.190110977666,"walk,pt,taxi,auto_rickshaw",other,pt,40413.868073508405,3600,synthetic_from_historical_marginals_and_provisional_assumptions
baseline_88,27:518:99999:802794:1870:000000,27:518:99999:802794:2385:000000,35,male,True,33392.24742099563,"walk,pt,taxi,auto_rickshaw",work,walk,35845.760377640836,28800,synthetic_from_historical_marginals_and_provisional_assumptions
baseline_89,27:517:04158:551692:0000:000000,27:517:04163:552367:0000:000000,25,female,True,24006.964287839597,"walk,pt,taxi,auto_rickshaw",work,auto_rickshaw,31656.407684518526,28800,synthetic_from_historical_marginals_and_provisional_assumptions
baseline_90,27:517:04167:552912:0000:000000,27:517:04167:552909:0000:000000,73,female,False,77268.05340370654,"walk,pt,bike,taxi,auto_rickshaw",other,taxi,41823.4220871348,3600,synthetic_from_historical_marginals_and_provisional_assumptions
baseline_91,27:520:04183:554815:0000:000000,27:520:04183:554822:0000:000000,37,male,True,10156.795050974872,"walk,pt,bike,taxi,auto_rickshaw",work,pt,31712.491794532903,28800,synthetic_from_historical_marginals_and_provisional_assumptions
baseline_92,27:518:99999:802794:1256:000000,27:518:99999:802794:1978:000000,51,male,False,18588.211304517583,"walk,pt,taxi,auto_rickshaw",other,auto_rickshaw,38208.48906294474,3600,synthetic_from_historical_marginals_and_provisional_assumptions
baseline_93,27:519:99999:802794:0418:000000,27:518:99999:802794:1139:000000,29,female,False,77617.18268793629,"walk,pt,taxi,auto_rickshaw",other,auto_rickshaw,42348.44169584735,3600,synthetic_from_historical_marginals_and_provisional_assumptions
baseline_94,27:518:99999:802794:1043:000000,27:518:99999:802794:2179:000000,31,female,False,24414.8273240083,"walk,pt,motorbike,taxi,auto_rickshaw",other,pt,40804.01363065449,3600,synthetic_from_historical_marginals_and_provisional_assumptions
baseline_95,27:517:04167:552834:0000:000000,27:517:04167:552835:0000:000000,20,male,False,21690.659578244253,"walk,pt,taxi,auto_rickshaw",other,taxi,37636.17592613351,3600,synthetic_from_historical_marginals_and_provisional_assumptions
baseline_96,27:518:99999:802794:1975:000000,27:518:99999:802794:1255:000000,46,female,True,51884.98070106342,"walk,pt,taxi,auto_rickshaw",work,pt,31333.807923860342,28800,synthetic_from_historical_marginals_and_provisional_assumptions
baseline_97,27:518:99999:802794:1564:000000,27:518:99999:802794:1873:000000,36,male,False,41352.19616211623,"walk,pt,bike,motorbike,taxi,auto_rickshaw",other,auto_rickshaw,42218.35513728769,3600,synthetic_from_historical_marginals_and_provisional_assumptions
baseline_98,27:518:99999:802794:2284:000000,27:518:99999:802794:1256:000000,11,male,False,39403.37163296848,"walk,pt",education,pt,30415.054752687603,21600,synthetic_from_historical_marginals_and_provisional_assumptions
baseline_99,27:518:99999:802794:2080:000000,27:519:99999:802794:0732:000000,31,male,True,14310.344729815146,"walk,pt,bike,taxi,auto_rickshaw",work,walk,32063.965627593236,28800,synthetic_from_historical_marginals_and_provisional_assumptions
baseline_100,27:517:04168:552985:0000:000000,27:518:99999:802794:1978:000000,31,male,True,31390.631011885245,"walk,pt,bike,taxi,auto_rickshaw",work,auto_rickshaw,29356.215444740697,28800,synthetic_from_historical_marginals_and_provisional_assumptions
baseline_101,27:517:04158:551700:0000:000000,27:517:04158:551669:0000:000000,40,female,True,61801.012885045784,"walk,pt,taxi,auto_rickshaw",work,pt,29255.550455033335,28800,synthetic_from_historical_marginals_and_provisional_assumptions
baseline_102,27:518:99999:802794:1256:000000,27:518:99999:802794:1978:000000,32,female,True,21015.092520625258,"walk,pt,taxi,auto_rickshaw",work,taxi,29629.036826657266,28800,synthetic_from_historical_marginals_and_provisional_assumptions
baseline_103,27:518:99999:802794:1565:000000,27:518:99999:802794:1874:000000,36,male,False,46392.94202144617,"walk,pt,taxi,auto_rickshaw",other,taxi,41993.79054144547,3600,synthetic_from_historical_marginals_and_provisional_assumptions
baseline_104,27:518:99999:802794:1870:000000,27:518:99999:802794:1874:000000,25,female,False,36300.71162432157,"walk,pt,taxi,auto_rickshaw",other,taxi,38261.65084752237,3600,synthetic_from_historical_marginals_and_provisional_assumptions
baseline_105,27:518:99999:802794:1769:000000,27:518:99999:802794:1667:000000,66,female,False,28805.970325173777,"walk,pt,taxi,auto_rickshaw",other,walk,38821.19326594736,3600,synthetic_from_historical_marginals_and_provisional_assumptions
baseline_106,27:518:99999:802794:1978:000000,27:518:99999:802794:1978:000000,3,female,False,67856.38683495988,"walk,pt",home_only,,0,0,synthetic_from_historical_marginals_and_provisional_assumptions
baseline_107,27:519:99999:802794:0629:000000,27:519:99999:802794:0629:000000,41,male,True,144782.5329370835,"walk,pt,taxi,auto_rickshaw",work,walk,32844.80468007996,28800,synthetic_from_historical_marginals_and_provisional_assumptions
baseline_108,27:518:99999:802794:2080:000000,27:518:99999:802794:1043:000000,16,male,False,15039.714946705682,"walk,pt",education,walk,32146.846494027486,21600,synthetic_from_historical_marginals_and_provisional_assumptions
baseline_109,27:517:04163:552343:0000:000000,27:517:04163:552351:0000:000000,71,female,False,28626.316982678443,"walk,pt,taxi,auto_rickshaw",other,auto_rickshaw,42932.49828828559,3600,synthetic_from_historical_marginals_and_provisional_assumptions
baseline_110,27:519:99999:802794:0836:000000,27:519:99999:802794:0421:000000,26,male,True,18485.827249979506,"walk,pt,taxi,auto_rickshaw",work,taxi,32565.078351928893,28800,synthetic_from_historical_marginals_and_provisional_assumptions
baseline_111,27:518:99999:802794:1978:000000,27:518:99999:802794:1459:000000,49,male,False,27132.21168344437,"walk,pt,taxi,auto_rickshaw",other,taxi,38774.38888907042,3600,synthetic_from_historical_marginals_and_provisional_assumptions
baseline_112,27:518:99999:802794:1255:000000,27:519:99999:802794:0933:000000,17,male,False,32554.961530183075,"walk,pt,ride",education,ride,27703.314037154905,21600,synthetic_from_historical_marginals_and_provisional_assumptions
baseline_113,27:518:99999:802794:1460:000000,27:518:99999:802794:1769:000000,30,male,False,15130.842169793068,"walk,pt,taxi,auto_rickshaw",other,walk,42883.16690933558,3600,synthetic_from_historical_marginals_and_provisional_assumptions
baseline_114,27:518:99999:802794:1352:000000,27:518:99999:802794:1255:000000,22,male,False,171240.84377750213,"walk,pt,taxi,auto_rickshaw",other,pt,42182.64693915652,3600,synthetic_from_historical_marginals_and_provisional_assumptions
baseline_115,27:518:99999:802794:2487:000000,27:518:99999:802794:1147:000000,43,male,False,11683.04994780762,"walk,pt,taxi,ride,auto_rickshaw",other,pt,40745.04567339693,3600,synthetic_from_historical_marginals_and_provisional_assumptions
baseline_116,27:518:99999:802794:1668:000000,27:518:99999:802794:1769:000000,18,male,False,24598.079429815214,"walk,pt,taxi,auto_rickshaw",other,taxi,43036.58482411699,3600,synthetic_from_historical_marginals_and_provisional_assumptions
baseline_117,27:518:99999:802794:1255:000000,27:518:99999:802794:1256:000000,12,female,False,14588.765645058404,"walk,pt",education,pt,28558.320842751506,21600,synthetic_from_historical_marginals_and_provisional_assumptions
baseline_118,27:520:04181:554586:0000:000000,27:520:04181:554554:0000:000000,67,female,False,18206.759902007267,"walk,pt,taxi,auto_rickshaw",other,auto_rickshaw,42794.19271346794,3600,synthetic_from_historical_marginals_and_provisional_assumptions
baseline_119,27:518:99999:802794:2282:000000,27:518:99999:802794:2385:000000,47,male,True,122532.44376972744,"walk,pt,bike,taxi,auto_rickshaw",work,pt,33850.14245258525,28800,synthetic_from_historical_marginals_and_provisional_assumptions
baseline_120,27:518:99999:802794:2283:000000,27:518:99999:802794:1975:000000,15,female,False,10154.378252883764,"walk,pt",education,walk,30104.453819384195,21600,synthetic_from_historical_marginals_and_provisional_assumptions
baseline_121,27:517:04158:551585:0000:000000,27:517:04158:551585:0000:000000,5,male,False,41164.82210054269,"walk,pt",home_only,,0,0,synthetic_from_historical_marginals_and_provisional_assumptions
baseline_122,27:518:99999:802794:1978:000000,27:518:99999:802794:2281:000000,32,female,False,47526.131381154795,"walk,pt,taxi,auto_rickshaw",other,pt,39777.88547234132,3600,synthetic_from_historical_marginals_and_provisional_assumptions
baseline_123,27:520:04173:553423:0000:000000,27:520:04173:553514:0001:000000,38,male,False,19334.48494372999,"walk,pt,bike,taxi,auto_rickshaw",other,pt,42930.51150154535,3600,synthetic_from_historical_marginals_and_provisional_assumptions
baseline_124,27:519:99999:802794:0732:000000,27:519:99999:802794:0836:000000,83,male,False,25048.507156899206,"walk,pt,taxi,auto_rickshaw",other,pt,39822.557200726456,3600,synthetic_from_historical_marginals_and_provisional_assumptions
baseline_125,27:517:04166:552684:0001:000000,27:518:99999:802794:2486:000000,30,female,False,69165.2613830253,"walk,pt,bike,taxi,auto_rickshaw",other,bike,40773.79109672265,3600,synthetic_from_historical_marginals_and_provisional_assumptions
baseline_126,27:518:99999:802794:1667:000000,27:518:99999:802794:1769:000000,33,female,True,72480.10915858808,"walk,pt,taxi,auto_rickshaw",work,pt,28959.977771125108,28800,synthetic_from_historical_marginals_and_provisional_assumptions
baseline_127,27:519:99999:802794:0420:000000,27:519:99999:802794:0418:000000,27,female,True,22747.847609419994,"walk,pt,taxi,auto_rickshaw",work,taxi,30259.94798393232,28800,synthetic_from_historical_marginals_and_provisional_assumptions
baseline_128,27:518:99999:802794:1770:000000,27:518:99999:802794:1352:000000,92,male,False,29379.80899729252,"walk,pt,taxi,auto_rickshaw",other,pt,40343.01953604478,3600,synthetic_from_historical_marginals_and_provisional_assumptions
baseline_129,27:518:99999:802794:1769:000000,27:518:99999:802794:1460:000000,26,female,False,9526.319150884498,"walk,pt,motorbike,taxi,auto_rickshaw",other,walk,38205.780081466306,3600,synthetic_from_historical_marginals_and_provisional_assumptions
baseline_130,27:520:04176:553870:0000:000000,27:520:04174:553609:0000:000000,26,female,True,18562.334204928367,"walk,pt,bike,taxi,auto_rickshaw",work,walk,33469.8169319595,28800,synthetic_from_historical_marginals_and_provisional_assumptions
baseline_131,27:517:04163:552342:0000:000000,27:517:04163:552342:0000:000000,12,male,False,38496.5437755679,"walk,pt",education,pt,31448.736758110936,21600,synthetic_from_historical_marginals_and_provisional_assumptions
baseline_132,27:518:99999:802794:1352:000000,27:518:99999:802794:1352:000000,1,female,False,116970.83650987606,"walk,pt",home_only,,0,0,synthetic_from_historical_marginals_and_provisional_assumptions
baseline_133,27:518:99999:802794:1668:000000,27:518:99999:802794:1769:000000,22,male,False,11686.490931665303,"walk,pt,taxi,auto_rickshaw",other,taxi,37902.44777975841,3600,synthetic_from_historical_marginals_and_provisional_assumptions
baseline_134,27:519:99999:802794:0421:000000,27:518:99999:802794:1975:000000,27,female,True,47795.71197395111,"walk,pt,taxi,auto_rickshaw",work,walk,35946.36726816281,28800,synthetic_from_historical_marginals_and_provisional_assumptions
baseline_135,27:517:04168:552979:0000:000000,27:517:04168:553006:0001:000000,16,female,False,51090.56644062093,"walk,pt",education,walk,27184.604790274483,21600,synthetic_from_historical_marginals_and_provisional_assumptions
baseline_136,27:518:99999:802794:1770:000000,27:518:99999:802794:1770:000000,4,male,False,37403.963370530844,"walk,pt,ride",home_only,,0,0,synthetic_from_historical_marginals_and_provisional_assumptions
baseline_137,27:517:04163:552254:0000:000000,27:517:04158:551667:0000:000000,31,male,True,35882.4004376375,"walk,pt,taxi,auto_rickshaw",work,pt,32873.07999881219,28800,synthetic_from_historical_marginals_and_provisional_assumptions
baseline_138,27:518:99999:802794:2080:000000,27:518:99999:802794:2179:000000,6,female,False,47662.60406814444,"walk,pt",education,pt,30566.03569242035,21600,synthetic_from_historical_marginals_and_provisional_assumptions
baseline_139,27:518:99999:802794:1977:000000,27:518:99999:802794:1460:000000,27,female,True,102360.62946626561,"walk,pt,taxi,auto_rickshaw",work,auto_rickshaw,33253.571190329705,28800,synthetic_from_historical_marginals_and_provisional_assumptions
baseline_140,27:519:99999:802794:0527:000000,27:519:99999:802794:0629:000000,35,female,True,11080.79821106233,"walk,pt,taxi,auto_rickshaw",work,auto_rickshaw,31747.007348268395,28800,synthetic_from_historical_marginals_and_provisional_assumptions
baseline_141,27:519:99999:802794:0732:000000,27:519:99999:802794:0630:000000,30,male,False,17002.39091596822,"walk,pt,taxi,auto_rickshaw",other,walk,41278.76471793824,3600,synthetic_from_historical_marginals_and_provisional_assumptions
baseline_142,27:517:04158:551656:0000:000000,27:517:04158:551672:0000:000000,89,female,False,77471.6680160973,"walk,pt,bike,taxi,auto_rickshaw",other,walk,36034.337208065495,3600,synthetic_from_historical_marginals_and_provisional_assumptions
baseline_143,27:520:04179:554436:0000:000000,27:520:04182:554749:0000:000000,7,male,False,55604.68185927367,"walk,pt",education,walk,29073.71367591512,21600,synthetic_from_historical_marginals_and_provisional_assumptions
baseline_144,27:520:04181:554662:0000:000000,27:520:04181:554662:0000:000000,87,male,False,27317.07852713985,"walk,pt,taxi,auto_rickshaw",other,auto_rickshaw,41788.188128768576,3600,synthetic_from_historical_marginals_and_provisional_assumptions
baseline_145,27:519:99999:802794:0206:000000,27:519:99999:802794:0421:000000,49,male,True,5066.197598800585,"walk,pt,taxi,auto_rickshaw",work,auto_rickshaw,31764.931407935674,28800,synthetic_from_historical_marginals_and_provisional_assumptions
baseline_146,27:518:99999:802794:1870:000000,27:518:99999:802794:1256:000000,36,male,False,32770.47606972628,"walk,pt,taxi,auto_rickshaw",other,taxi,39815.328309936085,3600,synthetic_from_historical_marginals_and_provisional_assumptions
baseline_147,27:519:99999:802794:0933:000000,27:519:99999:802794:0933:000000,24,female,False,46203.66280976888,"walk,pt,taxi,auto_rickshaw",other,walk,40847.99076338088,3600,synthetic_from_historical_marginals_and_provisional_assumptions
baseline_148,27:518:99999:802794:2281:000000,27:518:99999:802794:2080:000000,24,male,True,23723.255706786935,"walk,pt,taxi,auto_rickshaw",work,pt,30937.91564298925,28800,synthetic_from_historical_marginals_and_provisional_assumptions
baseline_149,27:517:04166:552687:0001:000000,27:518:99999:802794:1351:000000,25,female,True,28327.50348732445,"walk,pt,taxi,auto_rickshaw",work,pt,29982.64537469251,28800,synthetic_from_historical_marginals_and_provisional_assumptions
baseline_150,27:519:99999:802794:0421:000000,27:518:99999:802794:1048:000000,76,male,False,57631.86757935893,"walk,pt,car,taxi,ride,auto_rickshaw",other,auto_rickshaw,38819.49348860309,3600,synthetic_from_historical_marginals_and_provisional_assumptions
baseline_151,27:518:99999:802794:1256:000000,27:518:99999:802794:1352:000000,36,female,True,118044.09028763167,"walk,pt,taxi,auto_rickshaw",work,walk,33251.07670253206,28800,synthetic_from_historical_marginals_and_provisional_assumptions
baseline_152,27:518:99999:802794:1350:000000,27:518:99999:802794:1045:000000,45,male,False,38234.041710678546,"walk,pt,taxi,auto_rickshaw",other,walk,41093.768258306336,3600,synthetic_from_historical_marginals_and_provisional_assumptions
baseline_153,27:518:99999:802794:1142:000000,27:518:99999:802794:1977:000000,22,male,False,43760.948049997336,"walk,pt,taxi,auto_rickshaw",other,auto_rickshaw,42380.88124993431,3600,synthetic_from_historical_marginals_and_provisional_assumptions
baseline_154,27:518:99999:802794:1043:000000,27:519:99999:802794:0103:000000,56,male,True,41493.87492249701,"walk,pt,taxi,auto_rickshaw",work,taxi,33132.65317855227,28800,synthetic_from_historical_marginals_and_provisional_assumptions
baseline_155,27:517:04167:552803:0000:000000,27:519:99999:802794:0836:000000,31,male,True,85012.84236408124,"walk,pt,taxi,auto_rickshaw",work,auto_rickshaw,31516.642747359718,28800,synthetic_from_historical_marginals_and_provisional_assumptions
baseline_156,27:520:04179:554299:0000:000000,27:520:04177:554108:0000:000000,39,female,True,28098.917681259783,"walk,pt,car,taxi,ride,auto_rickshaw",work,taxi,32772.350202227964,28800,synthetic_from_historical_marginals_and_provisional_assumptions
baseline_157,27:517:04163:552261:0000:000000,27:517:04158:551653:0000:000000,34,male,True,62828.561582500406,"walk,pt,taxi,auto_rickshaw",work,pt,33871.703447516484,28800,synthetic_from_historical_marginals_and_provisional_assumptions
baseline_158,27:517:04157:551552:0000:000000,27:517:04157:551566:0000:000000,32,male,False,51359.18227526133,"walk,pt,taxi,auto_rickshaw",other,walk,39961.11998091186,3600,synthetic_from_historical_marginals_and_provisional_assumptions
baseline_159,27:517:04163:552203:0000:000000,27:517:04163:552201:0000:000000,27,female,True,217996.54422597997,"walk,pt,motorbike,taxi,auto_rickshaw",work,taxi,33656.93709332488,28800,synthetic_from_historical_marginals_and_provisional_assumptions
baseline_160,27:517:04158:551620:0000:000000,27:517:04158:551620:0000:000000,0,male,False,14496.582550313658,"walk,pt",home_only,,0,0,synthetic_from_historical_marginals_and_provisional_assumptions
baseline_161,27:518:99999:802794:1874:000000,27:518:99999:802794:1667:000000,57,female,False,50707.196809969675,"walk,pt,taxi,auto_rickshaw",other,auto_rickshaw,38071.972533648186,3600,synthetic_from_historical_marginals_and_provisional_assumptions
baseline_162,27:518:99999:802794:1460:000000,27:518:99999:802794:1460:000000,24,male,True,26033.163486451547,"walk,pt,taxi,auto_rickshaw",work,walk,33226.972619054075,28800,synthetic_from_historical_marginals_and_provisional_assumptions
baseline_163,27:518:99999:802794:1668:000000,27:518:99999:802794:1352:000000,24,male,False,17232.903661134293,"walk,pt,bike,taxi,auto_rickshaw",other,bike,42771.64149513268,3600,synthetic_from_historical_marginals_and_provisional_assumptions
baseline_164,27:519:99999:802794:0208:000000,27:519:99999:802794:0208:000000,2,female,False,69506.03155111877,"walk,pt",home_only,,0,0,synthetic_from_historical_marginals_and_provisional_assumptions
baseline_165,27:517:04167:552729:0000:000000,27:517:04162:552057:0000:000000,45,male,True,75883.55607546645,"walk,pt,taxi,auto_rickshaw",work,pt,31536.922829410385,28800,synthetic_from_historical_marginals_and_provisional_assumptions
baseline_166,27:519:99999:802794:0835:000000,27:519:99999:802794:0935:000000,14,female,False,29395.38461086857,"walk,pt,ride",education,walk,27117.129560085334,21600,synthetic_from_historical_marginals_and_provisional_assumptions
baseline_167,27:520:04176:553865:0000:000000,27:520:04173:553426:0000:000000,29,male,True,96065.28728705883,"walk,pt,taxi,auto_rickshaw",work,pt,31271.31867840007,28800,synthetic_from_historical_marginals_and_provisional_assumptions
baseline_168,27:517:04163:552201:0000:000000,27:517:04163:552199:0000:000000,10,female,False,111564.63127669468,"walk,pt",education,walk,30493.75924140875,21600,synthetic_from_historical_marginals_and_provisional_assumptions
baseline_169,27:520:04173:553424:0000:000000,27:520:04173:553514:0001:000000,50,female,False,17353.261058314652,"walk,pt,bike,taxi,auto_rickshaw",other,auto_rickshaw,37727.30038430339,3600,synthetic_from_historical_marginals_and_provisional_assumptions
baseline_170,27:518:99999:802794:1139:000000,27:518:99999:802794:1255:000000,22,male,True,56464.56906792993,"walk,pt,taxi,auto_rickshaw",work,taxi,35417.03833896104,28800,synthetic_from_historical_marginals_and_provisional_assumptions
baseline_171,27:518:99999:802794:1350:000000,27:519:99999:802794:0933:000000,35,male,True,36086.64064162465,"walk,pt,bike,taxi,auto_rickshaw",work,pt,35096.26778311918,28800,synthetic_from_historical_marginals_and_provisional_assumptions
baseline_172,27:518:99999:802794:2080:000000,27:520:04173:553513:0001:000000,78,male,False,46085.971528459915,"walk,pt,bike,taxi,auto_rickshaw",other,bike,40642.45724168931,3600,synthetic_from_historical_marginals_and_provisional_assumptions
baseline_173,27:518:99999:802794:1256:000000,27:518:99999:802794:1668:000000,33,female,True,6985.402962339347,"walk,pt,taxi,auto_rickshaw",work,auto_rickshaw,30258.78133353175,28800,synthetic_from_historical_marginals_and_provisional_assumptions
baseline_174,27:517:04168:552991:0000:000000,27:517:04168:552985:0000:000000,15,female,False,18557.19469734947,"walk,pt",education,pt,32284.53719650797,21600,synthetic_from_historical_marginals_and_provisional_assumptions
baseline_175,27:518:99999:802794:2385:000000,27:518:99999:802794:1978:000000,24,female,True,16967.86457034978,"walk,pt,bike,taxi,auto_rickshaw",work,walk,34798.72107255256,28800,synthetic_from_historical_marginals_and_provisional_assumptions
baseline_176,27:520:04184:554890:0000:000000,27:520:04178:554209:0000:000000,40,male,True,38016.36489490705,"walk,pt,taxi,auto_rickshaw",work,taxi,33420.02752822929,28800,synthetic_from_historical_marginals_and_provisional_assumptions
baseline_177,27:518:99999:802794:1668:000000,27:518:99999:802794:2385:000000,18,male,True,67658.06796100273,"walk,pt,taxi,auto_rickshaw",work,auto_rickshaw,32902.22359980417,28800,synthetic_from_historical_marginals_and_provisional_assumptions
baseline_178,27:517:04166:552676:0001:000000,27:518:99999:802794:1352:000000,40,female,True,38995.93638332546,"walk,pt,motorbike,taxi,auto_rickshaw",work,walk,32008.55610120143,28800,synthetic_from_historical_marginals_and_provisional_assumptions
baseline_179,27:519:99999:802794:0835:000000,27:519:99999:802794:0421:000000,19,male,False,89209.8430306058,"walk,pt,taxi,auto_rickshaw",other,taxi,36833.258335908715,3600,synthetic_from_historical_marginals_and_provisional_assumptions
baseline_180,27:519:99999:802794:0732:000000,27:519:99999:802794:0732:000000,0,male,False,31924.120523951573,"walk,pt",home_only,,0,0,synthetic_from_historical_marginals_and_provisional_assumptions
baseline_181,27:518:99999:802794:1773:000000,27:518:99999:802794:1668:000000,45,female,False,18335.647696994907,"walk,pt,car,taxi,ride,auto_rickshaw",other,pt,41484.985377559584,3600,synthetic_from_historical_marginals_and_provisional_assumptions
baseline_182,27:517:04166:552513:0000:000000,27:518:99999:802794:1458:000000,38,male,True,82226.82604351419,"walk,pt,motorbike,taxi,auto_rickshaw",work,motorbike,30653.130464271115,28800,synthetic_from_historical_marginals_and_provisional_assumptions
baseline_183,27:519:99999:802794:0732:000000,27:519:99999:802794:0732:000000,1,male,False,23176.523699752084,"walk,pt",home_only,,0,0,synthetic_from_historical_marginals_and_provisional_assumptions
baseline_184,27:517:04171:553136:0000:000000,27:517:04166:552663:0000:000000,38,female,True,24229.90066631281,"walk,pt,taxi,auto_rickshaw",work,taxi,32420.906570947554,28800,synthetic_from_historical_marginals_and_provisional_assumptions
baseline_185,27:520:04177:554183:0000:000000,27:520:04177:554151:0000:000000,46,male,True,35236.632765530994,"walk,pt,motorbike,taxi,auto_rickshaw",work,taxi,34582.6883808564,28800,synthetic_from_historical_marginals_and_provisional_assumptions
baseline_186,27:518:99999:802794:2385:000000,27:518:99999:802794:1048:000000,30,female,True,65820.35848539103,"walk,pt,taxi,auto_rickshaw",work,walk,32772.21485704844,28800,synthetic_from_historical_marginals_and_provisional_assumptions
baseline_187,27:518:99999:802794:2487:000000,27:518:99999:802794:2487:000000,20,female,False,49347.81867848055,"walk,pt,car,taxi,ride,auto_rickshaw",other,car,41432.36060467132,3600,synthetic_from_historical_marginals_and_provisional_assumptions
baseline_188,27:518:99999:802794:1978:000000,27:518:99999:802794:1143:000000,25,female,False,5279.674320798763,"walk,pt,motorbike,taxi,auto_rickshaw",other,auto_rickshaw,41820.4101128788,3600,synthetic_from_historical_marginals_and_provisional_assumptions
baseline_189,27:518:99999:802794:1045:000000,27:518:99999:802794:2080:000000,7,male,False,46987.41176121296,"walk,pt,bike",education,walk,32313.911991461366,21600,synthetic_from_historical_marginals_and_provisional_assumptions
baseline_190,27:518:99999:802794:2080:000000,27:518:99999:802794:2283:000000,7,male,False,7139.360425989225,"walk,pt",education,pt,32122.678958036046,21600,synthetic_from_historical_marginals_and_provisional_assumptions
baseline_191,27:519:99999:802794:0836:000000,27:518:99999:802794:1977:000000,42,male,True,34121.88253396444,"walk,pt,taxi,auto_rickshaw",work,taxi,35471.01723184099,28800,synthetic_from_historical_marginals_and_provisional_assumptions
baseline_192,27:520:04176:553939:0000:000000,27:519:99999:802794:0836:000000,18,female,True,20947.193350771173,"walk,pt,taxi,auto_rickshaw",work,walk,30365.442413121695,28800,synthetic_from_historical_marginals_and_provisional_assumptions
baseline_193,27:520:04182:554738:0000:000000,27:520:04182:554746:0000:000000,27,male,False,11582.552869406141,"walk,pt,taxi,auto_rickshaw",other,pt,42938.82030738045,3600,synthetic_from_historical_marginals_and_provisional_assumptions
baseline_194,27:518:99999:802794:1668:000000,27:518:99999:802794:1873:000000,42,male,False,16051.816058857597,"walk,pt,taxi,auto_rickshaw",other,walk,41007.737156586954,3600,synthetic_from_historical_marginals_and_provisional_assumptions
baseline_195,27:517:04163:552288:0000:000000,27:517:04163:552259:0000:000000,67,female,False,46422.67236574856,"walk,pt,taxi,auto_rickshaw",other,pt,41992.03288976201,3600,synthetic_from_historical_marginals_and_provisional_assumptions
baseline_196,27:520:04185:555024:0000:000000,27:520:04186:555189:0000:000000,42,male,True,57564.7325833424,"walk,pt,taxi,auto_rickshaw",work,walk,31559.190472283222,28800,synthetic_from_historical_marginals_and_provisional_assumptions
baseline_197,27:518:99999:802794:2080:000000,27:518:99999:802794:2080:000000,27,male,False,115540.7719957007,"walk,pt,taxi,auto_rickshaw",other,auto_rickshaw,39524.03963561296,3600,synthetic_from_historical_marginals_and_provisional_assumptions
baseline_198,27:518:99999:802794:1667:000000,27:518:99999:802794:1667:000000,45,male,False,69696.48825921897,"walk,pt,taxi,auto_rickshaw",other,pt,39458.632877674034,3600,synthetic_from_historical_marginals_and_provisional_assumptions
baseline_199,27:518:99999:802794:2281:000000,27:518:99999:802794:2080:000000,38,male,False,32618.76809795391,"walk,pt,taxi,auto_rickshaw",other,walk,39965.43794746888,3600,synthetic_from_historical_marginals_and_provisional_assumptions
baseline_200,27:517:04168:552996:0000:000000,27:520:04173:553492:0000:000000,25,female,True,34802.226797310395,"walk,pt,taxi,auto_rickshaw",work,taxi,31539.99770202354,28800,synthetic_from_historical_marginals_and_provisional_assumptions
baseline_201,27:518:99999:802794:1460:000000,27:519:99999:802794:0933:000000,29,female,False,12189.134320745445,"walk,pt,taxi,auto_rickshaw",other,taxi,38596.47978591267,3600,synthetic_from_historical_marginals_and_provisional_assumptions
baseline_202,27:518:99999:802794:1255:000000,27:519:99999:802794:0418:000000,38,male,True,40600.523877301064,"walk,pt,taxi,ride,auto_rickshaw",work,ride,34338.51705710148,28800,synthetic_from_historical_marginals_and_provisional_assumptions
baseline_203,27:518:99999:802794:1564:000000,27:518:99999:802794:1564:000000,46,female,False,46866.398187647035,"walk,pt,bike,taxi,auto_rickshaw",other,bike,38393.50334575367,3600,synthetic_from_historical_marginals_and_provisional_assumptions
baseline_204,27:518:99999:802794:1460:000000,27:518:99999:802794:1255:000000,57,male,False,25038.881143536113,"walk,pt,taxi,auto_rickshaw",other,walk,39284.02009441401,3600,synthetic_from_historical_marginals_and_provisional_assumptions
baseline_205,27:518:99999:802794:1977:000000,27:518:99999:802794:1249:000000,40,female,True,23124.80795138102,"walk,pt,taxi,auto_rickshaw",work,pt,32338.779370378797,28800,synthetic_from_historical_marginals_and_provisional_assumptions
baseline_206,27:517:04166:552539:0000:000000,27:517:04166:552543:0000:000000,39,male,False,32986.43735786629,"walk,pt,taxi,auto_rickshaw",other,pt,40611.02101554044,3600,synthetic_from_historical_marginals_and_provisional_assumptions
baseline_207,27:520:04173:553513:0001:000000,27:520:04173:553513:0001:000000,13,male,False,44091.07539990674,"walk,pt",education,pt,31888.777004510972,21600,synthetic_from_historical_marginals_and_provisional_assumptions
baseline_208,27:519:99999:802794:0933:000000,27:519:99999:802794:0732:000000,65,male,True,39650.29059962804,"walk,pt,car,taxi,ride,auto_rickshaw",work,ride,30456.60521779748,28800,synthetic_from_historical_marginals_and_provisional_assumptions
baseline_209,27:518:99999:802794:1668:000000,27:518:99999:802794:1256:000000,42,female,True,14384.536716380113,"walk,pt,taxi,auto_rickshaw",work,auto_rickshaw,33871.357604686156,28800,synthetic_from_historical_marginals_and_provisional_assumptions
baseline_210,27:517:04168:552983:0000:000000,27:517:04168:552985:0000:000000,19,female,True,13979.614121494102,"walk,pt,taxi,auto_rickshaw",work,pt,31125.44314612839,28800,synthetic_from_historical_marginals_and_provisional_assumptions
baseline_211,27:518:99999:802794:1256:000000,27:518:99999:802794:1256:000000,1,female,False,55940.87959129547,"walk,pt",home_only,,0,0,synthetic_from_historical_marginals_and_provisional_assumptions
baseline_212,27:519:99999:802794:0933:000000,27:518:99999:802794:2179:000000,52,female,False,22049.553479742153,"walk,pt,car,taxi,ride,auto_rickshaw",other,pt,37295.71756411552,3600,synthetic_from_historical_marginals_and_provisional_assumptions
baseline_213,27:518:99999:802794:1668:000000,27:518:99999:802794:1460:000000,51,female,True,22437.881818775866,"walk,pt,bike,taxi,auto_rickshaw",work,pt,34482.59757065325,28800,synthetic_from_historical_marginals_and_provisional_assumptions
baseline_214,27:518:99999:802794:1460:000000,27:518:99999:802794:1460:000000,41,female,False,92333.77066589025,"walk,pt,taxi,auto_rickshaw",other,taxi,36710.233670996706,3600,synthetic_from_historical_marginals_and_provisional_assumptions
baseline_215,27:518:99999:802794:2080:000000,27:518:99999:802794:2080:000000,3,female,False,11544.392903603157,"walk,pt",home_only,,0,0,synthetic_from_historical_marginals_and_provisional_assumptions
baseline_216,27:518:99999:802794:1978:000000,27:519:99999:802794:0732:000000,40,female,True,7668.432414776693,"walk,pt,taxi,auto_rickshaw",work,walk,30510.665551292495,28800,synthetic_from_historical_marginals_and_provisional_assumptions
baseline_217,27:518:99999:802794:1977:000000,27:518:99999:802794:2080:000000,34,male,True,13011.143350715438,"walk,pt,taxi,auto_rickshaw",work,taxi,33255.71406475594,28800,synthetic_from_historical_marginals_and_provisional_assumptions
baseline_218,27:518:99999:802794:1249:000000,27:518:99999:802794:1048:000000,36,female,False,24251.05533270886,"walk,pt,taxi,auto_rickshaw",other,pt,37683.56318957756,3600,synthetic_from_historical_marginals_and_provisional_assumptions
baseline_219,27:518:99999:802794:1978:000000,27:518:99999:802794:1352:000000,62,female,True,23942.41599697581,"walk,pt,taxi,auto_rickshaw",work,pt,32006.52860619346,28800,synthetic_from_historical_marginals_and_provisional_assumptions
baseline_220,27:518:99999:802794:2385:000000,27:519:99999:802794:0933:000000,39,male,False,25916.314247574202,"walk,pt,car,motorbike,taxi,ride,auto_rickshaw",other,walk,39824.424145476034,3600,synthetic_from_historical_marginals_and_provisional_assumptions
baseline_221,27:518:99999:802794:2486:000000,27:518:99999:802794:1562:000000,35,male,True,106395.58438917485,"walk,pt,taxi,auto_rickshaw",work,pt,30382.695640431208,28800,synthetic_from_historical_marginals_and_provisional_assumptions
baseline_222,27:519:99999:802794:0933:000000,27:518:99999:802794:1978:000000,24,male,False,33351.19123650936,"walk,pt,taxi,auto_rickshaw",other,auto_rickshaw,40481.4060402559,3600,synthetic_from_historical_marginals_and_provisional_assumptions
baseline_223,27:520:04177:554009:0000:000000,27:520:04177:554001:0000:000000,25,male,False,7851.937886021913,"walk,pt,motorbike,taxi,auto_rickshaw",other,motorbike,40678.153687032296,3600,synthetic_from_historical_marginals_and_provisional_assumptions
baseline_224,27:517:04168:552982:0000:000000,27:517:04168:552982:0000:000000,19,male,False,13245.816669518801,"walk,pt,bike,taxi,auto_rickshaw",other,bike,39322.186593834704,3600,synthetic_from_historical_marginals_and_provisional_assumptions
baseline_225,27:518:99999:802794:2080:000000,27:518:99999:802794:2080:000000,14,male,False,83040.62799204247,"walk,pt",education,pt,31946.366172085007,21600,synthetic_from_historical_marginals_and_provisional_assumptions
baseline_226,27:518:99999:802794:1048:000000,27:518:99999:802794:2284:000000,22,male,False,10561.933497381007,"walk,pt,taxi,auto_rickshaw",other,taxi,41214.44967478951,3600,synthetic_from_historical_marginals_and_provisional_assumptions
baseline_227,27:519:99999:802794:0836:000000,27:519:99999:802794:0933:000000,13,female,False,34553.25955031124,"walk,pt,ride",education,ride,30808.65986964899,21600,synthetic_from_historical_marginals_and_provisional_assumptions
baseline_228,27:520:04177:554156:0000:000000,27:519:99999:802794:0310:000000,24,male,True,27277.638493409973,"walk,pt,taxi,auto_rickshaw",work,walk,29646.87608034276,28800,synthetic_from_historical_marginals_and_provisional_assumptions
baseline_229,27:518:99999:802794:2487:000000,27:518:99999:802794:1352:000000,22,female,True,26196.844306625557,"walk,pt,taxi,auto_rickshaw",work,taxi,30064.245734010445,28800,synthetic_from_historical_marginals_and_provisional_assumptions
baseline_230,27:518:99999:802794:1565:000000,27:518:99999:802794:1249:000000,26,male,False,15554.954624040314,"walk,pt,motorbike,taxi,auto_rickshaw",other,motorbike,40166.34445130269,3600,synthetic_from_historical_marginals_and_provisional_assumptions
baseline_231,27:519:99999:802794:0101:000000,27:518:99999:802794:1141:000000,9,male,False,56969.827171668796,"walk,pt,bike",education,pt,29292.151561197774,21600,synthetic_from_historical_marginals_and_provisional_assumptions
baseline_232,27:519:99999:802794:0732:000000,27:518:99999:802794:1045:000000,31,female,False,19203.054026636062,"walk,pt,motorbike,taxi,auto_rickshaw",other,pt,36107.32187054365,3600,synthetic_from_historical_marginals_and_provisional_assumptions
baseline_233,27:517:04166:552525:0000:000000,27:517:04166:552525:0000:000000,1,female,False,12748.323295092958,"walk,pt",home_only,,0,0,synthetic_from_historical_marginals_and_provisional_assumptions
baseline_234,27:517:04167:552829:0000:000000,27:517:04167:552804:0000:000000,59,male,False,20344.940798645337,"walk,pt,taxi,auto_rickshaw",other,taxi,37149.036696542214,3600,synthetic_from_historical_marginals_and_provisional_assumptions
baseline_235,27:518:99999:802794:1048:000000,27:518:99999:802794:1143:000000,33,female,False,23138.572225162083,"walk,pt,taxi,auto_rickshaw",other,pt,36750.630502419815,3600,synthetic_from_historical_marginals_and_provisional_assumptions
baseline_236,27:518:99999:802794:1350:000000,27:518:99999:802794:2179:000000,14,male,False,54545.17948152333,"walk,pt",education,pt,27573.664101651324,21600,synthetic_from_historical_marginals_and_provisional_assumptions
baseline_237,27:518:99999:802794:2080:000000,27:518:99999:802794:2080:000000,17,male,False,46949.53834628491,"walk,pt",education,pt,30101.55845381467,21600,synthetic_from_historical_marginals_and_provisional_assumptions
baseline_238,27:517:04168:552983:0000:000000,27:518:99999:802794:1873:000000,21,female,True,24333.9749677482,"walk,pt,taxi,auto_rickshaw",work,taxi,33190.962996319424,28800,synthetic_from_historical_marginals_and_provisional_assumptions
baseline_239,27:518:99999:802794:2385:000000,27:519:99999:802794:0732:000000,22,male,True,13646.575841982256,"walk,pt,taxi,auto_rickshaw",work,taxi,34053.11703701515,28800,synthetic_from_historical_marginals_and_provisional_assumptions
baseline_240,27:520:04177:554178:0000:000000,27:518:99999:802794:1870:000000,47,male,True,47146.641289802195,"walk,pt,taxi,auto_rickshaw",work,pt,35987.18049746165,28800,synthetic_from_historical_marginals_and_provisional_assumptions
baseline_241,27:518:99999:802794:2080:000000,27:518:99999:802794:2080:000000,0,female,False,13214.380461521707,"walk,pt",home_only,,0,0,synthetic_from_historical_marginals_and_provisional_assumptions
baseline_242,27:518:99999:802794:1564:000000,27:518:99999:802794:1564:000000,15,female,False,12975.860348212016,"walk,pt,bike",education,pt,30758.741149358026,21600,synthetic_from_historical_marginals_and_provisional_assumptions
baseline_243,27:518:99999:802794:2080:000000,27:518:99999:802794:2080:000000,9,female,False,32266.003196942598,"walk,pt",education,pt,26942.52723966009,21600,synthetic_from_historical_marginals_and_provisional_assumptions
baseline_244,27:518:99999:802794:1977:000000,27:518:99999:802794:1048:000000,23,male,False,37385.39744761982,"walk,pt,taxi,auto_rickshaw",other,walk,39413.2464619166,3600,synthetic_from_historical_marginals_and_provisional_assumptions
baseline_245,27:518:99999:802794:1045:000000,27:518:99999:802794:1255:000000,47,male,False,7190.795458701506,"walk,pt,taxi,auto_rickshaw",other,walk,37177.497700120584,3600,synthetic_from_historical_marginals_and_provisional_assumptions
baseline_246,27:518:99999:802794:1460:000000,27:518:99999:802794:1460:000000,16,male,False,25007.514489090852,"walk,pt",education,pt,27422.81974231129,21600,synthetic_from_historical_marginals_and_provisional_assumptions
baseline_247,27:519:99999:802794:0934:000000,27:518:99999:802794:1977:000000,28,male,True,15972.218926029485,"walk,pt,bike,taxi,auto_rickshaw",work,taxi,33267.62352764407,28800,synthetic_from_historical_marginals_and_provisional_assumptions
baseline_248,27:518:99999:802794:2179:000000,27:519:99999:802794:0933:000000,64,male,True,19815.57037048458,"walk,pt,taxi,auto_rickshaw",work,walk,30236.345261114042,28800,synthetic_from_historical_marginals_and_provisional_assumptions
baseline_249,27:518:99999:802794:1255:000000,27:518:99999:802794:1564:000000,46,female,True,37612.80805982298,"walk,pt,taxi,auto_rickshaw",work,walk,35258.564297168465,28800,synthetic_from_historical_marginals_and_provisional_assumptions
baseline_250,27:519:99999:802794:0523:000000,27:518:99999:802794:1045:000000,54,female,False,38338.58380779206,"walk,pt,taxi,auto_rickshaw",other,walk,40885.63788590776,3600,synthetic_from_historical_marginals_and_provisional_assumptions
baseline_251,27:519:99999:802794:0628:000000,27:519:99999:802794:0522:000000,44,male,True,7049.529450884485,"walk,pt,taxi,auto_rickshaw",work,walk,34105.481942186954,28800,synthetic_from_historical_marginals_and_provisional_assumptions
baseline_252,27:519:99999:802794:0104:000000,27:519:99999:802794:0934:000000,40,male,True,17668.502976110183,"walk,pt,taxi,auto_rickshaw",work,taxi,32689.688020529797,28800,synthetic_from_historical_marginals_and_provisional_assumptions
baseline_253,27:520:04173:553513:0001:000000,27:518:99999:802794:2180:000000,30,female,False,35414.982331672516,"walk,pt,taxi,auto_rickshaw",other,walk,39799.18174284388,3600,synthetic_from_historical_marginals_and_provisional_assumptions
baseline_254,27:518:99999:802794:1256:000000,27:518:99999:802794:2282:000000,9,male,False,32273.61909381869,"walk,pt",education,walk,30918.46737945799,21600,synthetic_from_historical_marginals_and_provisional_assumptions
baseline_255,27:518:99999:802794:1139:000000,27:519:99999:802794:0933:000000,39,male,False,30853.141740864376,"walk,pt,taxi,auto_rickshaw",other,pt,42521.228081546695,3600,synthetic_from_historical_marginals_and_provisional_assumptions
baseline_256,27:517:04158:551739:0000:000000,27:517:04158:551739:0000:000000,16,male,False,32927.08672816288,"walk,pt,bike",education,pt,27722.07352150576,21600,synthetic_from_historical_marginals_and_provisional_assumptions
baseline_257,27:517:04163:552217:0000:000000,27:517:04163:552252:0000:000000,6,male,False,32940.65958746493,"walk,pt",education,pt,27320.37953114737,21600,synthetic_from_historical_marginals_and_provisional_assumptions
baseline_258,27:518:99999:802794:2080:000000,27:518:99999:802794:1565:000000,32,female,False,14816.185443169048,"walk,pt,taxi,auto_rickshaw",other,auto_rickshaw,40349.60690397796,3600,synthetic_from_historical_marginals_and_provisional_assumptions
baseline_259,27:519:99999:802794:0934:000000,27:518:99999:802794:1460:000000,24,female,True,14072.480842022433,"walk,pt,taxi,auto_rickshaw",work,taxi,33864.75089836928,28800,synthetic_from_historical_marginals_and_provisional_assumptions
baseline_260,27:518:99999:802794:1565:000000,27:518:99999:802794:1769:000000,26,male,True,24103.97508949949,"walk,pt,taxi,auto_rickshaw",work,walk,30530.70971062294,28800,synthetic_from_historical_marginals_and_provisional_assumptions
baseline_261,27:518:99999:802794:1772:000000,27:518:99999:802794:1255:000000,33,male,True,11417.546620357838,"walk,pt,taxi,auto_rickshaw",work,taxi,34513.701143895996,28800,synthetic_from_historical_marginals_and_provisional_assumptions
baseline_262,27:518:99999:802794:2384:000000,27:518:99999:802794:2284:000000,20,male,False,62694.74903660404,"walk,pt,taxi,auto_rickshaw",other,pt,40671.031647727854,3600,synthetic_from_historical_marginals_and_provisional_assumptions
baseline_263,27:518:99999:802794:1564:000000,27:518:99999:802794:1564:000000,9,male,False,59557.51870453889,"walk,pt,bike",education,pt,26940.495975430495,21600,synthetic_from_historical_marginals_and_provisional_assumptions
baseline_264,27:518:99999:802794:1769:000000,27:518:99999:802794:1357:000000,58,male,True,17967.366074833437,"walk,pt,taxi,auto_rickshaw",work,auto_rickshaw,28911.790822465584,28800,synthetic_from_historical_marginals_and_provisional_assumptions
baseline_265,27:517:04157:551549:0000:000000,27:517:04157:551550:0000:000000,19,female,True,34650.196370516715,"walk,pt,taxi,auto_rickshaw",work,pt,33749.02705131561,28800,synthetic_from_historical_marginals_and_provisional_assumptions
baseline_266,27:519:99999:802794:0101:000000,27:519:99999:802794:0101:000000,0,female,False,36516.71632215161,"walk,pt",home_only,,0,0,synthetic_from_historical_marginals_and_provisional_assumptions
baseline_267,27:518:99999:802794:1668:000000,27:518:99999:802794:1564:000000,33,male,False,30956.506771779816,"walk,pt,taxi,auto_rickshaw",other,taxi,38971.80303529115,3600,synthetic_from_historical_marginals_and_provisional_assumptions
baseline_268,27:519:99999:802794:0933:000000,27:519:99999:802794:0933:000000,0,male,False,17592.8250188904,"walk,pt",home_only,,0,0,synthetic_from_historical_marginals_and_provisional_assumptions
baseline_269,27:518:99999:802794:2080:000000,27:518:99999:802794:2179:000000,44,male,False,18612.727624913063,"walk,pt,taxi,auto_rickshaw",other,taxi,39361.84612481514,3600,synthetic_from_historical_marginals_and_provisional_assumptions
baseline_270,27:518:99999:802794:1562:000000,27:518:99999:802794:1353:000000,57,male,False,22325.655140956827,"walk,pt,taxi,auto_rickshaw",other,walk,42998.505798346734,3600,synthetic_from_historical_marginals_and_provisional_assumptions
baseline_271,27:517:04166:552659:0000:000000,27:517:04168:552984:0000:000000,31,male,False,12411.680513606556,"walk,pt,taxi,auto_rickshaw",other,pt,42166.808398969755,3600,synthetic_from_historical_marginals_and_provisional_assumptions
baseline_272,27:518:99999:802794:1978:000000,27:518:99999:802794:1143:000000,45,male,True,11834.889747960198,"walk,pt,taxi,auto_rickshaw",work,walk,35723.199351499665,28800,synthetic_from_historical_marginals_and_provisional_assumptions
baseline_273,27:518:99999:802794:1978:000000,27:518:99999:802794:1978:000000,3,male,False,65612.65241301183,"walk,pt",home_only,,0,0,synthetic_from_historical_marginals_and_provisional_assumptions
baseline_274,27:517:04162:552036:0000:000000,27:517:04162:552036:0000:000000,5,male,False,12872.888843737956,"walk,pt",home_only,,0,0,synthetic_from_historical_marginals_and_provisional_assumptions
baseline_275,27:517:04160:551886:0000:000000,27:517:04160:551886:0000:000000,5,female,False,14754.88577933648,"walk,pt",home_only,,0,0,synthetic_from_historical_marginals_and_provisional_assumptions
baseline_276,27:517:04163:552247:0000:000000,27:517:04163:552277:0000:000000,44,female,True,26136.246650869474,"walk,pt,taxi,auto_rickshaw",work,pt,34559.629799361486,28800,synthetic_from_historical_marginals_and_provisional_assumptions
baseline_277,27:518:99999:802794:1564:000000,27:518:99999:802794:1564:000000,62,female,False,59222.17178186838,"walk,pt,taxi,auto_rickshaw",other,taxi,38106.615659399096,3600,synthetic_from_historical_marginals_and_provisional_assumptions
baseline_278,27:520:04175:553818:0001:000000,27:519:99999:802794:0836:000000,38,female,True,10831.657878216365,"walk,pt,car,bike,taxi,ride,auto_rickshaw",work,walk,34314.781547625826,28800,synthetic_from_historical_marginals_and_provisional_assumptions
baseline_279,27:518:99999:802794:1045:000000,27:518:99999:802794:1255:000000,20,male,False,47050.51759559797,"walk,pt,bike,taxi,auto_rickshaw",other,pt,39825.65225631493,3600,synthetic_from_historical_marginals_and_provisional_assumptions
baseline_280,27:519:99999:802794:0837:000000,27:519:99999:802794:0629:000000,19,female,False,23544.425112083867,"walk,pt,taxi,auto_rickshaw",other,taxi,37569.72058152493,3600,synthetic_from_historical_marginals_and_provisional_assumptions
baseline_281,27:518:99999:802794:1773:000000,27:518:99999:802794:1769:000000,7,male,False,11826.003617747114,"walk,pt",education,walk,28301.915098366604,21600,synthetic_from_historical_marginals_and_provisional_assumptions
baseline_282,27:518:99999:802794:2179:000000,27:518:99999:802794:1564:000000,30,male,True,23420.508078609135,"walk,pt,taxi,auto_rickshaw",work,pt,34662.89933964634,28800,synthetic_from_historical_marginals_and_provisional_assumptions
baseline_283,27:518:99999:802794:2487:000000,27:518:99999:802794:2080:000000,60,male,True,25003.33510105621,"walk,pt,bike,taxi,auto_rickshaw",work,walk,34318.4861366853,28800,synthetic_from_historical_marginals_and_provisional_assumptions
baseline_284,27:520:04175:553738:0000:000000,27:520:04175:553737:0000:000000,15,female,False,10538.289325916972,"walk,pt",education,pt,27898.043308504646,21600,synthetic_from_historical_marginals_and_provisional_assumptions
baseline_285,27:517:04167:552775:0000:000000,27:517:04167:552830:0000:000000,65,male,True,22949.379260804657,"walk,pt,motorbike,taxi,auto_rickshaw",work,taxi,35345.83533436124,28800,synthetic_from_historical_marginals_and_provisional_assumptions
baseline_286,27:518:99999:802794:1975:000000,27:518:99999:802794:2080:000000,53,female,False,22046.28356549299,"walk,pt,taxi,auto_rickshaw",other,auto_rickshaw,42790.35081259211,3600,synthetic_from_historical_marginals_and_provisional_assumptions
baseline_287,27:517:04168:552986:0000:000000,27:518:99999:802794:1256:000000,62,male,True,25027.63226883496,"walk,pt,motorbike,taxi,auto_rickshaw",work,taxi,32952.885217253635,28800,synthetic_from_historical_marginals_and_provisional_assumptions
baseline_288,27:518:99999:802794:1978:000000,27:518:99999:802794:1978:000000,21,male,True,28220.04215930984,"walk,pt,taxi,auto_rickshaw",work,taxi,32940.450785818015,28800,synthetic_from_historical_marginals_and_provisional_assumptions
baseline_289,27:520:04178:554239:0000:000000,27:520:04181:554586:0000:000000,42,female,True,151170.38061829965,"walk,pt,motorbike,taxi,auto_rickshaw",work,motorbike,32208.136418678423,28800,synthetic_from_historical_marginals_and_provisional_assumptions
baseline_290,27:520:04176:553909:0000:000000,27:520:04176:553909:0000:000000,0,female,False,37529.9416722692,"walk,pt",home_only,,0,0,synthetic_from_historical_marginals_and_provisional_assumptions
baseline_291,27:519:99999:802794:0933:000000,27:518:99999:802794:2281:000000,44,male,True,31333.633414873028,"walk,pt,car,taxi,ride,auto_rickshaw",work,ride,35957.90734349743,28800,synthetic_from_historical_marginals_and_provisional_assumptions
baseline_292,27:518:99999:802794:1668:000000,27:518:99999:802794:1564:000000,15,female,False,9874.23199772404,"walk,pt",education,pt,25947.305856672447,21600,synthetic_from_historical_marginals_and_provisional_assumptions
baseline_293,27:519:99999:802794:0732:000000,27:518:99999:802794:2281:000000,25,female,True,20195.781718003986,"walk,pt,motorbike,taxi,auto_rickshaw",work,auto_rickshaw,29800.651853059175,28800,synthetic_from_historical_marginals_and_provisional_assumptions
baseline_294,27:519:99999:802794:0732:000000,27:519:99999:802794:0837:000000,42,female,False,11663.857733049785,"walk,pt,bike,taxi,auto_rickshaw",other,pt,41392.989216150454,3600,synthetic_from_historical_marginals_and_provisional_assumptions
baseline_295,27:518:99999:802794:1773:000000,27:518:99999:802794:1667:000000,11,female,False,17475.12270596566,"walk,pt",education,pt,30018.77054619935,21600,synthetic_from_historical_marginals_and_provisional_assumptions
baseline_296,27:517:04168:552991:0000:000000,27:517:04168:552991:0000:000000,52,female,True,12318.10930906155,"walk,pt,taxi,auto_rickshaw",work,walk,30982.80624675553,28800,synthetic_from_historical_marginals_and_provisional_assumptions
baseline_297,27:518:99999:802794:1870:000000,27:518:99999:802794:1770:000000,62,female,False,39844.985506957935,"walk,pt,motorbike,taxi,auto_rickshaw",other,auto_rickshaw,42602.4358599467,3600,synthetic_from_historical_marginals_and_provisional_assumptions
baseline_298,27:518:99999:802794:2385:000000,27:518:99999:802794:2283:000000,61,male,False,66446.72914907915,"walk,pt,taxi,auto_rickshaw",other,pt,36859.057935587676,3600,synthetic_from_historical_marginals_and_provisional_assumptions
baseline_299,27:518:99999:802794:2080:000000,27:518:99999:802794:2080:000000,9,female,False,69392.74906397355,"walk,pt",education,pt,28542.939747723103,21600,synthetic_from_historical_marginals_and_provisional_assumptions
baseline_300,27:518:99999:802794:2080:000000,27:518:99999:802794:2080:000000,29,female,True,29584.48418228611,"walk,pt,taxi,auto_rickshaw",work,auto_rickshaw,33635.8518857431,28800,synthetic_from_historical_marginals_and_provisional_assumptions
baseline_301,27:520:04173:553442:0000:000000,27:520:04173:553442:0000:000000,2,female,False,12888.985783259435,"walk,pt",home_only,,0,0,synthetic_from_historical_marginals_and_provisional_assumptions
baseline_302,27:519:99999:802794:0935:000000,27:519:99999:802794:0629:000000,11,female,False,14785.02800505154,"walk,pt",education,pt,30754.957746273034,21600,synthetic_from_historical_marginals_and_provisional_assumptions
baseline_303,27:518:99999:802794:1668:000000,27:518:99999:802794:2385:000000,78,male,False,120905.87240460496,"walk,pt,car,taxi,ride,auto_rickshaw",other,taxi,41926.16252114678,3600,synthetic_from_historical_marginals_and_provisional_assumptions
baseline_304,27:520:04174:553560:0000:000000,27:520:04174:553524:0000:000000,13,male,False,30683.415580348414,"walk,pt",education,walk,25849.145644187185,21600,synthetic_from_historical_marginals_and_provisional_assumptions
baseline_305,27:518:99999:802794:2486:000000,27:518:99999:802794:1975:000000,45,male,True,19905.951809166025,"walk,pt,taxi,auto_rickshaw",work,auto_rickshaw,31344.59174200472,28800,synthetic_from_historical_marginals_and_provisional_assumptions
baseline_306,27:518:99999:802794:1772:000000,27:518:99999:802794:1565:000000,18,female,True,54584.45348355556,"walk,pt,taxi,auto_rickshaw",work,walk,30144.56315074223,28800,synthetic_from_historical_marginals_and_provisional_assumptions
baseline_307,27:519:99999:802794:0732:000000,27:518:99999:802794:1045:000000,58,female,True,38501.49402482945,"walk,pt,car,taxi,ride,auto_rickshaw",work,auto_rickshaw,33403.56014480898,28800,synthetic_from_historical_marginals_and_provisional_assumptions
baseline_308,27:517:04168:552991:0000:000000,27:517:04166:552687:0001:000000,22,male,False,17183.888966860904,"walk,pt,taxi,auto_rickshaw",other,pt,38554.68731388544,3600,synthetic_from_historical_marginals_and_provisional_assumptions
baseline_309,27:519:99999:802794:0838:000000,27:518:99999:802794:1350:000000,57,male,False,9329.119901275524,"walk,pt,car,taxi,ride,auto_rickshaw",other,taxi,37461.54481038604,3600,synthetic_from_historical_marginals_and_provisional_assumptions
baseline_310,27:518:99999:802794:1874:000000,27:518:99999:802794:1769:000000,12,male,False,15478.886157716068,"walk,pt",education,walk,32356.160627078494,21600,synthetic_from_historical_marginals_and_provisional_assumptions
baseline_311,27:519:99999:802794:0732:000000,27:518:99999:802794:1874:000000,68,female,False,48888.17619690313,"walk,pt,car,taxi,ride,auto_rickshaw",other,pt,39086.07567437498,3600,synthetic_from_historical_marginals_and_provisional_assumptions
baseline_312,27:518:99999:802794:1352:000000,27:518:99999:802794:1667:000000,23,female,True,26025.60970132623,"walk,pt,taxi,auto_rickshaw",work,auto_rickshaw,35521.25824063762,28800,synthetic_from_historical_marginals_and_provisional_assumptions
baseline_313,27:517:04170:553033:0000:000000,27:517:04170:553079:0000:000000,45,female,False,14102.923710954236,"walk,pt,taxi,auto_rickshaw",other,walk,37594.05580237957,3600,synthetic_from_historical_marginals_and_provisional_assumptions
baseline_314,27:520:04172:553333:0000:000000,27:520:04172:553334:0000:000000,47,male,False,40760.8163126318,"walk,pt,taxi,auto_rickshaw",other,taxi,42702.28674875142,3600,synthetic_from_historical_marginals_and_provisional_assumptions
baseline_315,27:518:99999:802794:1562:000000,27:518:99999:802794:1563:000000,40,male,False,67475.15458465151,"walk,pt,taxi,auto_rickshaw",other,taxi,40123.68742308602,3600,synthetic_from_historical_marginals_and_provisional_assumptions
baseline_316,27:518:99999:802794:2284:000000,27:518:99999:802794:1978:000000,40,female,False,32717.315959283955,"walk,pt,motorbike,taxi,auto_rickshaw",other,motorbike,37617.06760820636,3600,synthetic_from_historical_marginals_and_provisional_assumptions
baseline_317,27:520:04176:553828:0000:000000,27:520:04176:553891:0000:000000,9,male,False,13060.090965322195,"walk,pt",education,pt,31262.4412965611,21600,synthetic_from_historical_marginals_and_provisional_assumptions
baseline_318,27:519:99999:802794:0629:000000,27:518:99999:802794:2180:000000,28,female,True,25459.120451648134,"walk,pt,motorbike,taxi,auto_rickshaw",work,auto_rickshaw,34637.708767805365,28800,synthetic_from_historical_marginals_and_provisional_assumptions
baseline_319,27:518:99999:802794:2486:000000,27:518:99999:802794:2385:000000,42,female,False,9687.074162039149,"walk,pt,taxi,auto_rickshaw",other,auto_rickshaw,39282.642997925745,3600,synthetic_from_historical_marginals_and_provisional_assumptions
baseline_320,27:518:99999:802794:1562:000000,27:518:99999:802794:1562:000000,27,male,False,21420.098711746505,"walk,pt,bike,taxi,auto_rickshaw",other,auto_rickshaw,38681.32048822339,3600,synthetic_from_historical_marginals_and_provisional_assumptions
baseline_321,27:518:99999:802794:1351:000000,27:519:99999:802794:0417:000000,45,female,True,25993.386766725926,"walk,pt,taxi,auto_rickshaw",work,auto_rickshaw,33057.12685833201,28800,synthetic_from_historical_marginals_and_provisional_assumptions
baseline_322,27:518:99999:802794:1565:000000,27:518:99999:802794:1564:000000,23,male,False,54008.989335528546,"walk,pt,bike,motorbike,taxi,auto_rickshaw",other,auto_rickshaw,36412.13555543871,3600,synthetic_from_historical_marginals_and_provisional_assumptions
baseline_323,27:517:04158:551603:0000:000000,27:517:04163:552262:0000:000000,27,female,True,33733.619817600724,"walk,pt,taxi,auto_rickshaw",work,pt,34668.537019673415,28800,synthetic_from_historical_marginals_and_provisional_assumptions
baseline_324,27:518:99999:802794:2385:000000,27:518:99999:802794:1977:000000,46,male,True,47386.0065986337,"walk,pt,bike,taxi,auto_rickshaw",work,taxi,35333.932490232866,28800,synthetic_from_historical_marginals_and_provisional_assumptions
baseline_325,27:519:99999:802794:0523:000000,27:519:99999:802794:0523:000000,0,male,False,18002.251599155457,"walk,pt",home_only,,0,0,synthetic_from_historical_marginals_and_provisional_assumptions
baseline_326,27:518:99999:802794:1249:000000,27:518:99999:802794:1978:000000,56,female,True,16862.372108140265,"walk,pt,car,taxi,ride,auto_rickshaw",work,car,30076.563735859272,28800,synthetic_from_historical_marginals_and_provisional_assumptions
baseline_327,27:518:99999:802794:2080:000000,27:518:99999:802794:2080:000000,13,male,False,19805.44666635908,"walk,pt",education,walk,27205.34744667403,21600,synthetic_from_historical_marginals_and_provisional_assumptions
baseline_328,27:518:99999:802794:1873:000000,27:518:99999:802794:1873:000000,8,female,False,31137.052047771154,"walk,pt,ride",education,pt,27309.595449445977,21600,synthetic_from_historical_marginals_and_provisional_assumptions
baseline_329,27:517:04162:552085:0000:000000,27:517:04162:552103:0000:000000,69,male,False,94951.17745352269,"walk,pt,taxi,auto_rickshaw",other,pt,37481.178738381546,3600,synthetic_from_historical_marginals_and_provisional_assumptions
baseline_330,27:517:04159:551779:0000:000000,27:517:04159:551810:0000:000000,60,male,False,71931.64716570776,"walk,pt,taxi,auto_rickshaw",other,walk,42278.64832123109,3600,synthetic_from_historical_marginals_and_provisional_assumptions
baseline_331,27:518:99999:802794:1565:000000,27:518:99999:802794:1667:000000,35,female,False,49702.17054400643,"walk,pt,taxi,auto_rickshaw",other,pt,39642.388017531775,3600,synthetic_from_historical_marginals_and_provisional_assumptions
baseline_332,27:517:04157:551567:0000:000000,27:517:04157:551550:0000:000000,15,female,False,33752.25721413359,"walk,pt,ride",education,pt,25901.807620109954,21600,synthetic_from_historical_marginals_and_provisional_assumptions
baseline_333,27:518:99999:802794:2283:000000,27:518:99999:802794:2080:000000,34,female,True,36181.692051932834,"walk,pt,taxi,auto_rickshaw",work,walk,33651.86542304412,28800,synthetic_from_historical_marginals_and_provisional_assumptions
baseline_334,27:517:04167:552768:0000:000000,27:517:04167:552767:0000:000000,41,female,False,54721.377167353916,"walk,pt,taxi,auto_rickshaw",other,auto_rickshaw,37005.68105617782,3600,synthetic_from_historical_marginals_and_provisional_assumptions
baseline_335,27:518:99999:802794:2385:000000,27:518:99999:802794:2487:000000,31,female,False,12576.662942361503,"walk,pt,taxi,auto_rickshaw",other,taxi,42647.26880230691,3600,synthetic_from_historical_marginals_and_provisional_assumptions
baseline_336,27:519:99999:802794:0935:000000,27:519:99999:802794:0837:000000,9,male,False,3222.8505537739647,"walk,pt",education,walk,27756.604178243706,21600,synthetic_from_historical_marginals_and_provisional_assumptions
baseline_337,27:517:04159:551781:0000:000000,27:517:04164:552407:0000:000000,35,male,True,45216.0651395673,"walk,pt,motorbike,taxi,auto_rickshaw",work,pt,30648.807699862627,28800,synthetic_from_historical_marginals_and_provisional_assumptions
baseline_338,27:518:99999:802794:1255:000000,27:518:99999:802794:1255:000000,59,male,False,32667.97017699969,"walk,pt,taxi,auto_rickshaw",other,auto_rickshaw,41316.225000038605,3600,synthetic_from_historical_marginals_and_provisional_assumptions
baseline_339,27:519:99999:802794:0527:000000,27:519:99999:802794:0933:000000,34,female,True,28835.942502956015,"walk,pt,car,motorbike,taxi,ride,auto_rickshaw",work,walk,35719.51427201941,28800,synthetic_from_historical_marginals_and_provisional_assumptions
baseline_340,27:517:04166:552684:0001:000000,27:517:04166:552515:0000:000000,17,male,False,45325.55678584159,"walk,pt",education,walk,29246.507266908746,21600,synthetic_from_historical_marginals_and_provisional_assumptions
baseline_341,27:518:99999:802794:2080:000000,27:519:99999:802794:0732:000000,24,male,False,107654.66895276643,"walk,pt,taxi,auto_rickshaw",other,taxi,40403.637500999495,3600,synthetic_from_historical_marginals_and_provisional_assumptions
baseline_342,27:519:99999:802794:0836:000000,27:519:99999:802794:0836:000000,9,female,False,15580.61741031359,"walk,pt,ride",education,walk,28922.908214136052,21600,synthetic_from_historical_marginals_and_provisional_assumptions
baseline_343,27:520:04178:554246:0000:000000,27:520:04177:554029:0000:000000,20,female,True,15951.06408453661,"walk,pt,bike,taxi,auto_rickshaw",work,taxi,29397.795650696076,28800,synthetic_from_historical_marginals_and_provisional_assumptions
baseline_344,27:517:04166:552678:0001:000000,27:518:99999:802794:1668:000000,43,male,True,10248.433865431132,"walk,pt,taxi,auto_rickshaw",work,taxi,34642.8811840932,28800,synthetic_from_historical_marginals_and_provisional_assumptions
baseline_345,27:519:99999:802794:0629:000000,27:519:99999:802794:0732:000000,19,male,True,9805.473744990455,"walk,pt,taxi,auto_rickshaw",work,auto_rickshaw,35074.54427786562,28800,synthetic_from_historical_marginals_and_provisional_assumptions
baseline_346,27:518:99999:802794:1255:000000,27:518:99999:802794:1977:000000,29,male,True,36237.16899189491,"walk,pt,taxi,auto_rickshaw",work,walk,30072.219873798174,28800,synthetic_from_historical_marginals_and_provisional_assumptions
baseline_347,27:517:04163:552208:0000:000000,27:517:04163:552208:0000:000000,78,male,False,25082.39460968779,"walk,pt,taxi,auto_rickshaw",other,auto_rickshaw,38203.47776170791,3600,synthetic_from_historical_marginals_and_provisional_assumptions
baseline_348,27:518:99999:802794:1667:000000,27:518:99999:802794:1769:000000,34,male,False,51071.257616593946,"walk,pt,taxi,auto_rickshaw",other,auto_rickshaw,40569.85032769061,3600,synthetic_from_historical_marginals_and_provisional_assumptions
baseline_349,27:518:99999:802794:1975:000000,27:518:99999:802794:2180:000000,22,male,True,31206.944572331562,"walk,pt,car,taxi,ride,auto_rickshaw",work,pt,32069.452044656056,28800,synthetic_from_historical_marginals_and_provisional_assumptions
baseline_350,27:518:99999:802794:1352:000000,27:518:99999:802794:1352:000000,35,male,False,86502.27835131552,"walk,pt,motorbike,taxi,auto_rickshaw",other,motorbike,39890.93734841099,3600,synthetic_from_historical_marginals_and_provisional_assumptions
baseline_351,27:517:04168:552982:0000:000000,27:517:04168:552979:0000:000000,35,female,True,95623.9733849339,"walk,pt,bike,motorbike,taxi,auto_rickshaw",work,motorbike,31097.647238575624,28800,synthetic_from_historical_marginals_and_provisional_assumptions
baseline_352,27:518:99999:802794:2384:000000,27:519:99999:802794:0525:000000,63,female,False,19281.865586126853,"walk,pt,taxi,auto_rickshaw",other,taxi,37551.63309433886,3600,synthetic_from_historical_marginals_and_provisional_assumptions
baseline_353,27:518:99999:802794:1249:000000,27:518:99999:802794:1249:000000,2,male,False,11150.296878221065,"walk,pt",home_only,,0,0,synthetic_from_historical_marginals_and_provisional_assumptions
baseline_354,27:517:04162:552047:0000:000000,27:517:04162:552047:0000:000000,3,female,False,37441.050967692674,"walk,pt",home_only,,0,0,synthetic_from_historical_marginals_and_provisional_assumptions
baseline_355,27:518:99999:802794:2080:000000,27:518:99999:802794:2080:000000,61,female,True,28319.247971427143,"walk,pt,taxi,auto_rickshaw",work,auto_rickshaw,35072.38888028898,28800,synthetic_from_historical_marginals_and_provisional_assumptions
baseline_356,27:518:99999:802794:2179:000000,27:518:99999:802794:1352:000000,34,male,False,25361.039451544853,"walk,pt,taxi,auto_rickshaw",other,walk,40616.20194704274,3600,synthetic_from_historical_marginals_and_provisional_assumptions
baseline_357,27:517:04163:552190:0000:000000,27:517:04163:552188:0000:000000,11,male,False,45982.910947581,"walk,pt",education,pt,29099.047603722396,21600,synthetic_from_historical_marginals_and_provisional_assumptions
baseline_358,27:518:99999:802794:1048:000000,27:518:99999:802794:1978:000000,32,male,True,15441.305236161157,"walk,pt,taxi,auto_rickshaw",work,auto_rickshaw,31407.971431261616,28800,synthetic_from_historical_marginals_and_provisional_assumptions
baseline_359,27:520:04178:554270:0000:000000,27:520:04178:554266:0000:000000,26,male,True,22396.627370293387,"walk,pt,taxi,ride,auto_rickshaw",work,walk,31900.492878740584,28800,synthetic_from_historical_marginals_and_provisional_assumptions
baseline_360,27:518:99999:802794:1565:000000,27:518:99999:802794:1564:000000,26,male,True,36123.207101967324,"walk,pt,taxi,auto_rickshaw",work,pt,32684.768731196786,28800,synthetic_from_historical_marginals_and_provisional_assumptions
baseline_361,27:518:99999:802794:1873:000000,27:518:99999:802794:1770:000000,53,female,True,22894.73756574119,"walk,pt,taxi,auto_rickshaw",work,taxi,30609.567026359728,28800,synthetic_from_historical_marginals_and_provisional_assumptions
baseline_362,27:517:04163:552380:0000:000000,27:517:04163:552293:0000:000000,6,male,False,15920.018535004281,"walk,pt",education,pt,31538.947400917714,21600,synthetic_from_historical_marginals_and_provisional_assumptions
baseline_363,27:518:99999:802794:2080:000000,27:518:99999:802794:2281:000000,30,female,False,50354.5143764413,"walk,pt,car,taxi,ride,auto_rickshaw",other,car,38332.07097610697,3600,synthetic_from_historical_marginals_and_provisional_assumptions
baseline_364,27:518:99999:802794:2080:000000,27:518:99999:802794:1249:000000,7,female,False,19937.120534858546,"walk,pt",education,walk,26876.574475944413,21600,synthetic_from_historical_marginals_and_provisional_assumptions
baseline_365,27:518:99999:802794:1460:000000,27:518:99999:802794:1460:000000,27,female,True,14643.753304386475,"walk,pt,taxi,auto_rickshaw",work,walk,32989.039137093314,28800,synthetic_from_historical_marginals_and_provisional_assumptions
baseline_366,27:520:04174:553556:0000:000000,27:520:04173:553514:0001:000000,39,female,True,52011.4753155506,"walk,pt,taxi,auto_rickshaw",work,auto_rickshaw,35141.396685964646,28800,synthetic_from_historical_marginals_and_provisional_assumptions
baseline_367,27:518:99999:802794:2385:000000,27:518:99999:802794:2385:000000,6,male,False,23704.396572070294,"walk,pt",education,pt,32324.552848816587,21600,synthetic_from_historical_marginals_and_provisional_assumptions
baseline_368,27:519:99999:802794:0837:000000,27:518:99999:802794:1459:000000,23,female,False,29323.970988710913,"walk,pt,taxi,auto_rickshaw",other,pt,41193.86707520401,3600,synthetic_from_historical_marginals_and_provisional_assumptions
baseline_369,27:520:04179:554352:0000:000000,27:520:04179:554281:0000:000000,19,male,True,26290.503417591302,"walk,pt,taxi,auto_rickshaw",work,pt,31517.024549803416,28800,synthetic_from_historical_marginals_and_provisional_assumptions
baseline_370,27:517:04158:551579:0000:000000,27:517:04158:551594:0000:000000,38,male,False,42669.275262207084,"walk,pt,bike,taxi,auto_rickshaw",other,walk,38701.86427206955,3600,synthetic_from_historical_marginals_and_provisional_assumptions
baseline_371,27:518:99999:802794:1352:000000,27:518:99999:802794:1352:000000,5,male,False,26167.97263236708,"walk,pt",home_only,,0,0,synthetic_from_historical_marginals_and_provisional_assumptions
baseline_372,27:519:99999:802794:0732:000000,27:519:99999:802794:0732:000000,28,male,False,18741.92333251843,"walk,pt,taxi,auto_rickshaw",other,pt,37399.640215816886,3600,synthetic_from_historical_marginals_and_provisional_assumptions
baseline_373,27:518:99999:802794:2385:000000,27:518:99999:802794:1350:000000,43,female,False,23073.923425503184,"walk,pt,taxi,auto_rickshaw",other,walk,38588.027269588325,3600,synthetic_from_historical_marginals_and_provisional_assumptions
baseline_374,27:518:99999:802794:1459:000000,27:518:99999:802794:1459:000000,13,female,False,5784.949499773304,"walk,pt",education,pt,31410.98063370506,21600,synthetic_from_historical_marginals_and_provisional_assumptions
baseline_375,27:518:99999:802794:2384:000000,27:518:99999:802794:2080:000000,55,female,False,51389.02013778102,"walk,pt,car,taxi,ride,auto_rickshaw",other,car,38019.59668155286,3600,synthetic_from_historical_marginals_and_provisional_assumptions
baseline_376,27:519:99999:802794:0732:000000,27:518:99999:802794:1249:000000,55,male,True,15744.55547277502,"walk,pt,motorbike,taxi,auto_rickshaw",work,motorbike,33215.581812838886,28800,synthetic_from_historical_marginals_and_provisional_assumptions
baseline_377,27:518:99999:802794:1874:000000,27:518:99999:802794:2385:000000,39,male,True,10969.15279795671,"walk,pt,bike,taxi,auto_rickshaw",work,walk,34526.284510318146,28800,synthetic_from_historical_marginals_and_provisional_assumptions
baseline_378,27:518:99999:802794:1978:000000,27:518:99999:802794:2080:000000,33,female,True,19833.161429345033,"walk,pt,taxi,auto_rickshaw",work,walk,30442.397493035398,28800,synthetic_from_historical_marginals_and_provisional_assumptions
baseline_379,27:518:99999:802794:2487:000000,27:518:99999:802794:1667:000000,59,male,True,33090.11122151747,"walk,pt,motorbike,taxi,auto_rickshaw",work,pt,28974.646699776826,28800,synthetic_from_historical_marginals_and_provisional_assumptions
baseline_380,27:518:99999:802794:1668:000000,27:518:99999:802794:1975:000000,40,female,True,29905.477806784325,"walk,pt,bike,taxi,auto_rickshaw",work,taxi,31635.717451548964,28800,synthetic_from_historical_marginals_and_provisional_assumptions
baseline_381,27:519:99999:802794:0933:000000,27:518:99999:802794:1564:000000,21,female,True,71622.80851732842,"walk,pt,taxi,auto_rickshaw",work,walk,35038.77186266724,28800,synthetic_from_historical_marginals_and_provisional_assumptions
baseline_382,27:519:99999:802794:0933:000000,27:518:99999:802794:1043:000000,31,female,True,36845.763919227684,"walk,pt,taxi,auto_rickshaw",work,taxi,34678.9038074323,28800,synthetic_from_historical_marginals_and_provisional_assumptions
baseline_383,27:518:99999:802794:1565:000000,27:518:99999:802794:1565:000000,5,male,False,47312.655940797566,"walk,pt,ride",home_only,,0,0,synthetic_from_historical_marginals_and_provisional_assumptions
baseline_384,27:518:99999:802794:1357:000000,27:518:99999:802794:1357:000000,5,male,False,58992.98855701035,"walk,pt",home_only,,0,0,synthetic_from_historical_marginals_and_provisional_assumptions
baseline_385,27:518:99999:802794:2080:000000,27:518:99999:802794:1978:000000,19,male,False,25855.74889286719,"walk,pt,taxi,auto_rickshaw",other,auto_rickshaw,36928.24982185183,3600,synthetic_from_historical_marginals_and_provisional_assumptions
baseline_386,27:517:04167:552748:0000:000000,27:517:04167:552748:0000:000000,16,female,False,14409.88890080971,"walk,pt,bike",education,walk,31939.363831751853,21600,synthetic_from_historical_marginals_and_provisional_assumptions
baseline_387,27:518:99999:802794:1769:000000,27:518:99999:802794:1667:000000,23,female,True,19025.130062847136,"walk,pt,taxi,auto_rickshaw",work,auto_rickshaw,32007.211769455018,28800,synthetic_from_historical_marginals_and_provisional_assumptions
baseline_388,27:517:04162:552162:0000:000000,27:517:04162:552070:0000:000000,31,male,False,46872.60138475073,"walk,pt,taxi,auto_rickshaw",other,taxi,42670.05558493324,3600,synthetic_from_historical_marginals_and_provisional_assumptions
baseline_389,27:519:99999:802794:0732:000000,27:519:99999:802794:0732:000000,8,male,False,60060.98799665622,"walk,pt,bike",education,walk,29752.352487981694,21600,synthetic_from_historical_marginals_and_provisional_assumptions
baseline_390,27:517:04167:552812:0000:000000,27:517:04171:553263:0000:000000,27,male,True,22781.836236563395,"walk,pt,taxi,auto_rickshaw",work,taxi,30647.309094232987,28800,synthetic_from_historical_marginals_and_provisional_assumptions
baseline_391,27:518:99999:802794:2080:000000,27:519:99999:802794:0732:000000,8,male,False,22185.731023970115,"walk,pt",education,pt,27551.23442177715,21600,synthetic_from_historical_marginals_and_provisional_assumptions
baseline_392,27:520:04177:554199:0000:000000,27:520:04177:554199:0000:000000,4,male,False,35227.86751294544,"walk,pt",home_only,,0,0,synthetic_from_historical_marginals_and_provisional_assumptions
baseline_393,27:519:99999:802794:0416:000000,27:519:99999:802794:0935:000000,42,male,True,25837.536572412166,"walk,pt,motorbike,taxi,auto_rickshaw",work,pt,35208.008941857675,28800,synthetic_from_historical_marginals_and_provisional_assumptions
baseline_394,27:517:04168:552983:0000:000000,27:517:04168:552985:0000:000000,41,male,False,65214.73185502127,"walk,pt,taxi,auto_rickshaw",other,auto_rickshaw,36381.07677752476,3600,synthetic_from_historical_marginals_and_provisional_assumptions
baseline_395,27:518:99999:802794:1564:000000,27:518:99999:802794:1562:000000,20,male,True,28916.49488243125,"walk,pt,car,bike,taxi,ride,auto_rickshaw",work,bike,35710.768636515044,28800,synthetic_from_historical_marginals_and_provisional_assumptions
baseline_396,27:518:99999:802794:1564:000000,27:518:99999:802794:1459:000000,10,male,False,20615.912083765612,"walk,pt",education,walk,31136.579377053582,21600,synthetic_from_historical_marginals_and_provisional_assumptions
baseline_397,27:520:04177:554100:0000:000000,27:519:99999:802794:0417:000000,41,male,True,19194.868744938005,"walk,pt,taxi,auto_rickshaw",work,walk,32469.56149867952,28800,synthetic_from_historical_marginals_and_provisional_assumptions
baseline_398,27:518:99999:802794:2080:000000,27:518:99999:802794:2384:000000,51,female,True,43235.24592816482,"walk,pt,car,taxi,ride,auto_rickshaw",work,ride,35673.70709597941,28800,synthetic_from_historical_marginals_and_provisional_assumptions
baseline_399,27:517:04157:551547:0000:000000,27:517:04157:551573:0000:000000,37,female,True,18126.455368308056,"walk,pt,taxi,auto_rickshaw",work,taxi,31458.6687784856,28800,synthetic_from_historical_marginals_and_provisional_assumptions
baseline_400,27:519:99999:802794:0837:000000,27:518:99999:802794:2080:000000,25,male,False,16164.319026881487,"walk,pt,taxi,auto_rickshaw",other,pt,36448.11483690818,3600,synthetic_from_historical_marginals_and_provisional_assumptions
baseline_401,27:518:99999:802794:1048:000000,27:518:99999:802794:1352:000000,16,male,False,53409.09053210897,"walk,pt",education,pt,31652.34496585933,21600,synthetic_from_historical_marginals_and_provisional_assumptions
baseline_402,27:517:04161:551988:0000:000000,27:517:04161:551997:0000:000000,31,male,True,10781.44384439751,"walk,pt,taxi,auto_rickshaw",work,pt,35160.61121176059,28800,synthetic_from_historical_marginals_and_provisional_assumptions
baseline_403,27:519:99999:802794:0630:000000,27:519:99999:802794:0836:000000,38,female,True,42347.35846243617,"walk,pt,taxi,auto_rickshaw",work,pt,30785.83947340277,28800,synthetic_from_historical_marginals_and_provisional_assumptions
baseline_404,27:520:04179:554327:0000:000000,27:520:04177:554141:0000:000000,13,female,False,18389.895429754393,"walk,pt,bike,ride",education,pt,29904.565048165055,21600,synthetic_from_historical_marginals_and_provisional_assumptions
baseline_405,27:518:99999:802794:2179:000000,27:519:99999:802794:0732:000000,68,female,False,43531.00393286176,"walk,pt,taxi,auto_rickshaw",other,taxi,36155.89379599819,3600,synthetic_from_historical_marginals_and_provisional_assumptions
baseline_406,27:518:99999:802794:1978:000000,27:518:99999:802794:1459:000000,74,male,False,44279.52688033592,"walk,pt,taxi,auto_rickshaw",other,walk,40714.29816028929,3600,synthetic_from_historical_marginals_and_provisional_assumptions
baseline_407,27:518:99999:802794:1562:000000,27:518:99999:802794:2385:000000,26,male,True,50392.29723897509,"walk,pt,taxi,auto_rickshaw",work,auto_rickshaw,33684.12393616655,28800,synthetic_from_historical_marginals_and_provisional_assumptions
baseline_408,27:517:04167:552876:0000:000000,27:517:04167:552883:0000:000000,49,male,True,7808.826871306658,"walk,pt,taxi,auto_rickshaw",work,walk,32369.039455840164,28800,synthetic_from_historical_marginals_and_provisional_assumptions
baseline_409,27:518:99999:802794:2487:000000,27:518:99999:802794:1460:000000,49,female,False,13431.250189791415,"walk,pt,bike,taxi,auto_rickshaw",other,pt,40358.12155921321,3600,synthetic_from_historical_marginals_and_provisional_assumptions
baseline_410,27:518:99999:802794:1773:000000,27:518:99999:802794:2384:000000,41,male,True,19024.654717595135,"walk,pt,taxi,auto_rickshaw",work,walk,28926.833487178483,28800,synthetic_from_historical_marginals_and_provisional_assumptions
baseline_411,27:518:99999:802794:1977:000000,27:518:99999:802794:1978:000000,50,male,True,9137.394091868255,"walk,pt,taxi,auto_rickshaw",work,walk,29290.875090298723,28800,synthetic_from_historical_marginals_and_provisional_assumptions
baseline_412,27:519:99999:802794:0933:000000,27:519:99999:802794:0933:000000,34,female,True,34229.32778070115,"walk,pt,taxi,auto_rickshaw",work,auto_rickshaw,31106.100917351774,28800,synthetic_from_historical_marginals_and_provisional_assumptions
baseline_413,27:518:99999:802794:1255:000000,27:518:99999:802794:2282:000000,21,male,False,26025.587263006408,"walk,pt,motorbike,taxi,auto_rickshaw",other,auto_rickshaw,42290.816730230654,3600,synthetic_from_historical_marginals_and_provisional_assumptions
baseline_414,27:517:04168:552990:0000:000000,27:520:04173:553513:0001:000000,35,male,True,58715.342033877314,"walk,pt,taxi,auto_rickshaw",work,taxi,29899.852483902047,28800,synthetic_from_historical_marginals_and_provisional_assumptions
baseline_415,27:517:04166:552687:0001:000000,27:517:04168:552982:0000:000000,79,female,False,55095.15666114942,"walk,pt,taxi,auto_rickshaw",other,pt,40476.83676894283,3600,synthetic_from_historical_marginals_and_provisional_assumptions
baseline_416,27:520:04180:554462:0000:000000,27:520:04180:554462:0000:000000,22,female,False,55589.61994513863,"walk,pt,bike,taxi,auto_rickshaw",other,bike,42338.225016045246,3600,synthetic_from_historical_marginals_and_provisional_assumptions
baseline_417,27:517:04166:552672:0000:000000,27:518:99999:802794:2283:000000,58,female,True,50305.46467457451,"walk,pt,taxi,auto_rickshaw",work,taxi,30411.118780949626,28800,synthetic_from_historical_marginals_and_provisional_assumptions
baseline_418,27:518:99999:802794:1565:000000,27:518:99999:802794:1769:000000,25,female,True,11839.80586973764,"walk,pt,bike,taxi,auto_rickshaw",work,bike,28830.245572781794,28800,synthetic_from_historical_marginals_and_provisional_assumptions
baseline_419,27:518:99999:802794:1564:000000,27:518:99999:802794:1564:000000,93,male,False,47021.420191912206,"walk,pt,motorbike,taxi,auto_rickshaw",other,taxi,36669.53347490477,3600,synthetic_from_historical_marginals_and_provisional_assumptions
baseline_420,27:519:99999:802794:0732:000000,27:519:99999:802794:0933:000000,55,female,False,43010.866264836244,"walk,pt,taxi,auto_rickshaw",other,auto_rickshaw,38287.31909433282,3600,synthetic_from_historical_marginals_and_provisional_assumptions
baseline_421,27:517:04160:551900:0000:000000,27:517:04160:551859:0000:000000,49,female,True,62807.34221461791,"walk,pt,motorbike,taxi,auto_rickshaw",work,auto_rickshaw,30051.661968156885,28800,synthetic_from_historical_marginals_and_provisional_assumptions
baseline_422,27:518:99999:802794:2179:000000,27:518:99999:802794:2080:000000,20,female,False,25513.356090888352,"walk,pt,taxi,auto_rickshaw",other,walk,38336.6062550602,3600,synthetic_from_historical_marginals_and_provisional_assumptions
baseline_423,27:520:04173:553485:0000:000000,27:520:04173:553466:0000:000000,13,female,False,38528.67970106669,"walk,pt",education,pt,27678.94399307104,21600,synthetic_from_historical_marginals_and_provisional_assumptions
baseline_424,27:518:99999:802794:2487:000000,27:518:99999:802794:2486:000000,25,male,False,51978.35163410667,"walk,pt,taxi,auto_rickshaw",other,walk,41445.93999442485,3600,synthetic_from_historical_marginals_and_provisional_assumptions
baseline_425,27:519:99999:802794:0933:000000,27:519:99999:802794:0732:000000,17,male,False,61818.776232796365,"walk,pt",education,walk,32037.324117526,21600,synthetic_from_historical_marginals_and_provisional_assumptions
baseline_426,27:520:04178:554254:0000:000000,27:520:04178:554261:0000:000000,9,female,False,19993.312900039404,"walk,pt",education,pt,27349.746845130594,21600,synthetic_from_historical_marginals_and_provisional_assumptions
baseline_427,27:520:04175:553789:0000:000000,27:520:04175:553790:0000:000000,12,female,False,10576.990869393547,"walk,pt",education,walk,27754.58469909702,21600,synthetic_from_historical_marginals_and_provisional_assumptions
baseline_428,27:517:04164:552418:0000:000000,27:517:04166:552549:0000:000000,43,female,False,30257.089258855314,"walk,pt,motorbike,taxi,auto_rickshaw",other,pt,42251.07332180627,3600,synthetic_from_historical_marginals_and_provisional_assumptions
baseline_429,27:518:99999:802794:2384:000000,27:518:99999:802794:2179:000000,28,male,False,8074.969198729729,"walk,pt,taxi,auto_rickshaw",other,taxi,41963.155828057155,3600,synthetic_from_historical_marginals_and_provisional_assumptions
baseline_430,27:519:99999:802794:0836:000000,27:519:99999:802794:0837:000000,79,female,False,62083.59966123602,"walk,pt,car,taxi,ride,auto_rickshaw",other,taxi,42975.99397307152,3600,synthetic_from_historical_marginals_and_provisional_assumptions
baseline_431,27:518:99999:802794:1975:000000,27:518:99999:802794:1048:000000,64,male,True,30301.392795523177,"walk,pt,taxi,auto_rickshaw",work,walk,30488.496451610437,28800,synthetic_from_historical_marginals_and_provisional_assumptions
baseline_432,27:518:99999:802794:1048:000000,27:518:99999:802794:1249:000000,41,female,True,17011.959901072412,"walk,pt,taxi,auto_rickshaw",work,pt,30644.742365258,28800,synthetic_from_historical_marginals_and_provisional_assumptions
baseline_433,27:519:99999:802794:0933:000000,27:518:99999:802794:2179:000000,58,male,True,31101.473141002803,"walk,pt,taxi,auto_rickshaw",work,pt,33549.675796829164,28800,synthetic_from_historical_marginals_and_provisional_assumptions
baseline_434,27:518:99999:802794:1769:000000,27:518:99999:802794:1668:000000,25,male,False,32973.81785064401,"walk,pt,car,motorbike,taxi,ride,auto_rickshaw",other,taxi,39581.80580354929,3600,synthetic_from_historical_marginals_and_provisional_assumptions
baseline_435,27:519:99999:802794:0420:000000,27:519:99999:802794:0934:000000,37,male,True,57240.11643664018,"walk,pt,car,taxi,ride,auto_rickshaw",work,auto_rickshaw,33252.49307787007,28800,synthetic_from_historical_marginals_and_provisional_assumptions
baseline_436,27:518:99999:802794:1769:000000,27:519:99999:802794:0835:000000,38,male,True,31979.385471575086,"walk,pt,motorbike,taxi,auto_rickshaw",work,auto_rickshaw,31776.895405652533,28800,synthetic_from_historical_marginals_and_provisional_assumptions
baseline_437,27:519:99999:802794:0933:000000,27:518:99999:802794:1045:000000,15,male,False,18497.878455914237,"walk,pt",education,walk,29259.73427606875,21600,synthetic_from_historical_marginals_and_provisional_assumptions
baseline_438,27:519:99999:802794:0522:000000,27:519:99999:802794:0628:000000,27,male,True,28006.28083332122,"walk,pt,taxi,auto_rickshaw",work,taxi,34493.04969719658,28800,synthetic_from_historical_marginals_and_provisional_assumptions
baseline_439,27:517:04168:552991:0000:000000,27:520:04173:553516:0001:000000,50,male,True,10051.474452441493,"walk,pt,bike,taxi,auto_rickshaw",work,auto_rickshaw,30512.61979235556,28800,synthetic_from_historical_marginals_and_provisional_assumptions
baseline_440,27:518:99999:802794:1770:000000,27:518:99999:802794:1667:000000,26,female,True,8449.099022675638,"walk,pt,taxi,auto_rickshaw",work,taxi,32041.73124810825,28800,synthetic_from_historical_marginals_and_provisional_assumptions
baseline_441,27:517:04168:552984:0000:000000,27:517:04168:552980:0000:000000,11,female,False,19723.83499016037,"walk,pt",education,pt,32295.571475903183,21600,synthetic_from_historical_marginals_and_provisional_assumptions
baseline_442,27:519:99999:802794:0527:000000,27:519:99999:802794:0933:000000,42,male,False,21391.000922649095,"walk,pt,taxi,auto_rickshaw",other,taxi,39283.75809357785,3600,synthetic_from_historical_marginals_and_provisional_assumptions
baseline_443,27:518:99999:802794:2281:000000,27:518:99999:802794:1978:000000,26,male,True,18312.144155986818,"walk,pt,taxi,auto_rickshaw",work,auto_rickshaw,31943.768213493204,28800,synthetic_from_historical_marginals_and_provisional_assumptions
baseline_444,27:517:04166:552687:0001:000000,27:518:99999:802794:1668:000000,18,male,True,36939.73872696184,"walk,pt,taxi,auto_rickshaw",work,taxi,31547.22743668093,28800,synthetic_from_historical_marginals_and_provisional_assumptions
baseline_445,27:518:99999:802794:1564:000000,27:518:99999:802794:1563:000000,13,male,False,8478.852641654903,"walk,pt",education,walk,29086.717719354845,21600,synthetic_from_historical_marginals_and_provisional_assumptions
baseline_446,27:518:99999:802794:1668:000000,27:519:99999:802794:0629:000000,28,male,True,12789.159349617132,"walk,pt,taxi,auto_rickshaw",work,taxi,35011.66529992373,28800,synthetic_from_historical_marginals_and_provisional_assumptions
baseline_447,27:518:99999:802794:1975:000000,27:518:99999:802794:1353:000000,24,male,True,19803.041699726586,"walk,pt,taxi,auto_rickshaw",work,taxi,33374.694933437626,28800,synthetic_from_historical_marginals_and_provisional_assumptions
baseline_448,27:518:99999:802794:2179:000000,27:518:99999:802794:1045:000000,34,female,True,35756.77219657278,"walk,pt,bike,taxi,auto_rickshaw",work,bike,29555.02454628017,28800,synthetic_from_historical_marginals_and_provisional_assumptions
baseline_449,27:518:99999:802794:1667:000000,27:518:99999:802794:1563:000000,26,male,True,35348.41524510696,"walk,pt,taxi,auto_rickshaw",work,taxi,29671.400438246543,28800,synthetic_from_historical_marginals_and_provisional_assumptions
baseline_450,27:518:99999:802794:1668:000000,27:518:99999:802794:2385:000000,21,male,True,14222.739706568853,"walk,pt,bike,taxi,auto_rickshaw",work,auto_rickshaw,33736.99619041511,28800,synthetic_from_historical_marginals_and_provisional_assumptions
baseline_451,27:518:99999:802794:1873:000000,27:518:99999:802794:1460:000000,39,male,False,15721.720121799388,"walk,pt,taxi,auto_rickshaw",other,walk,42520.432660740844,3600,synthetic_from_historical_marginals_and_provisional_assumptions
baseline_452,27:518:99999:802794:1045:000000,27:518:99999:802794:1045:000000,5,male,False,15169.545941478022,"walk,pt",home_only,,0,0,synthetic_from_historical_marginals_and_provisional_assumptions
baseline_453,27:518:99999:802794:1667:000000,27:518:99999:802794:1873:000000,8,male,False,53108.74666045025,"walk,pt",education,walk,31171.050626654876,21600,synthetic_from_historical_marginals_and_provisional_assumptions
baseline_454,27:520:04172:553350:0001:000000,27:519:99999:802794:0102:000000,32,male,True,25812.748740331288,"walk,pt,taxi,auto_rickshaw",work,auto_rickshaw,34474.16766160939,28800,synthetic_from_historical_marginals_and_provisional_assumptions
baseline_455,27:520:04173:553394:0000:000000,27:517:04170:553083:0001:000000,19,female,True,102858.25448141102,"walk,pt,bike,taxi,auto_rickshaw",work,walk,34683.21831560213,28800,synthetic_from_historical_marginals_and_provisional_assumptions
baseline_456,27:518:99999:802794:1668:000000,27:518:99999:802794:1564:000000,30,male,False,20953.13619745145,"walk,pt,bike,taxi,auto_rickshaw",other,auto_rickshaw,39838.64709678815,3600,synthetic_from_historical_marginals_and_provisional_assumptions
baseline_457,27:518:99999:802794:1565:000000,27:518:99999:802794:1460:000000,43,male,True,47765.960107957304,"walk,pt,taxi,auto_rickshaw",work,pt,30773.13482697844,28800,synthetic_from_historical_marginals_and_provisional_assumptions
baseline_458,27:517:04168:552981:0000:000000,27:517:04168:552990:0000:000000,14,female,False,11368.127371655917,"walk,pt",education,pt,26765.23568949107,21600,synthetic_from_historical_marginals_and_provisional_assumptions
baseline_459,27:518:99999:802794:1667:000000,27:518:99999:802794:2283:000000,41,male,True,22048.561867082888,"walk,pt,taxi,auto_rickshaw",work,auto_rickshaw,35124.21479819462,28800,synthetic_from_historical_marginals_and_provisional_assumptions
baseline_460,27:518:99999:802794:1043:000000,27:518:99999:802794:2080:000000,31,female,True,46358.576076296245,"walk,pt,bike,taxi,auto_rickshaw",work,pt,32222.059955516095,28800,synthetic_from_historical_marginals_and_provisional_assumptions
baseline_461,27:518:99999:802794:1978:000000,27:519:99999:802794:0732:000000,62,female,True,66239.29847129827,"walk,pt,taxi,auto_rickshaw",work,walk,30855.628775659134,28800,synthetic_from_historical_marginals_and_provisional_assumptions
baseline_462,27:518:99999:802794:1256:000000,27:518:99999:802794:1256:000000,0,female,False,56488.41850258106,"walk,pt",home_only,,0,0,synthetic_from_historical_marginals_and_provisional_assumptions
baseline_463,27:520:04177:554148:0000:000000,27:520:04177:554152:0000:000000,6,male,False,48450.48510001659,"walk,pt",education,pt,27863.40052379097,21600,synthetic_from_historical_marginals_and_provisional_assumptions
baseline_464,27:519:99999:802794:0629:000000,27:519:99999:802794:0629:000000,3,male,False,9425.73060422979,"walk,pt",home_only,,0,0,synthetic_from_historical_marginals_and_provisional_assumptions
baseline_465,27:517:04166:552546:0000:000000,27:517:04166:552546:0000:000000,4,female,False,30707.597068827967,"walk,pt",home_only,,0,0,synthetic_from_historical_marginals_and_provisional_assumptions
baseline_466,27:517:04158:551632:0000:000000,27:517:04158:551632:0000:000000,10,male,False,9320.514814419294,"walk,pt,bike",education,bike,29114.562661314165,21600,synthetic_from_historical_marginals_and_provisional_assumptions
baseline_467,27:518:99999:802794:1769:000000,27:518:99999:802794:1565:000000,25,male,False,39720.43696365361,"walk,pt,taxi,auto_rickshaw",other,auto_rickshaw,42053.85325996247,3600,synthetic_from_historical_marginals_and_provisional_assumptions
baseline_468,27:519:99999:802794:0732:000000,27:518:99999:802794:1141:000000,14,male,False,15195.373805978488,"walk,pt",education,walk,25680.12526214019,21600,synthetic_from_historical_marginals_and_provisional_assumptions
baseline_469,27:517:04166:552686:0001:000000,27:517:04166:552686:0001:000000,11,male,False,14331.063805208076,"walk,pt",education,pt,25552.853122695364,21600,synthetic_from_historical_marginals_and_provisional_assumptions
baseline_470,27:518:99999:802794:2179:000000,27:520:04173:553363:0000:000000,27,male,True,12152.152251321371,"walk,pt,taxi,auto_rickshaw",work,taxi,30477.702476681396,28800,synthetic_from_historical_marginals_and_provisional_assumptions
baseline_471,27:518:99999:802794:1351:000000,27:518:99999:802794:1048:000000,47,female,False,33255.11056033532,"walk,pt,taxi,auto_rickshaw",other,auto_rickshaw,36789.94082558884,3600,synthetic_from_historical_marginals_and_provisional_assumptions
baseline_472,27:520:04173:553514:0001:000000,27:520:04173:553514:0001:000000,14,male,False,26797.61998763133,"walk,pt",education,walk,29978.2627876767,21600,synthetic_from_historical_marginals_and_provisional_assumptions
baseline_473,27:518:99999:802794:1976:000000,27:518:99999:802794:2179:000000,26,female,False,11110.151469027458,"walk,pt,bike,taxi,auto_rickshaw",other,taxi,41914.881107668705,3600,synthetic_from_historical_marginals_and_provisional_assumptions
baseline_474,27:517:04166:552653:0000:000000,27:517:04168:552996:0000:000000,24,male,True,40295.62899004952,"walk,pt,taxi,auto_rickshaw",work,walk,30715.60855024693,28800,synthetic_from_historical_marginals_and_provisional_assumptions
baseline_475,27:518:99999:802794:1564:000000,27:518:99999:802794:1256:000000,27,male,False,26166.627231408344,"walk,pt,taxi,auto_rickshaw",other,pt,39699.24497231407,3600,synthetic_from_historical_marginals_and_provisional_assumptions
baseline_476,27:519:99999:802794:0311:000000,27:519:99999:802794:0311:000000,3,male,False,23267.582237553175,"walk,pt",home_only,,0,0,synthetic_from_historical_marginals_and_provisional_assumptions
baseline_477,27:518:99999:802794:1770:000000,27:518:99999:802794:1256:000000,28,female,True,41009.41175030429,"walk,pt,taxi,auto_rickshaw",work,taxi,31528.43656954591,28800,synthetic_from_historical_marginals_and_provisional_assumptions
baseline_478,27:519:99999:802794:0628:000000,27:518:99999:802794:1351:000000,19,male,True,25173.552752741027,"walk,pt,taxi,auto_rickshaw",work,taxi,33749.94559735064,28800,synthetic_from_historical_marginals_and_provisional_assumptions
baseline_479,27:517:04168:552983:0000:000000,27:517:04168:552983:0000:000000,5,female,False,26684.586166738463,"walk,pt",home_only,,0,0,synthetic_from_historical_marginals_and_provisional_assumptions
baseline_480,27:518:99999:802794:1873:000000,27:518:99999:802794:1565:000000,46,male,True,89170.51132533714,"walk,pt,taxi,auto_rickshaw",work,walk,33253.402661673084,28800,synthetic_from_historical_marginals_and_provisional_assumptions
baseline_481,27:519:99999:802794:0208:000000,27:519:99999:802794:0102:000000,53,female,False,7078.052682595684,"walk,pt,taxi,auto_rickshaw",other,auto_rickshaw,41241.69653872843,3600,synthetic_from_historical_marginals_and_provisional_assumptions
baseline_482,27:518:99999:802794:1045:000000,27:520:04173:553514:0001:000000,24,female,True,60259.561501379576,"walk,pt,taxi,auto_rickshaw",work,auto_rickshaw,29569.01120330826,28800,synthetic_from_historical_marginals_and_provisional_assumptions
baseline_483,27:519:99999:802794:0208:000000,27:519:99999:802794:0836:000000,59,male,False,33929.49747649035,"walk,pt,taxi,ride,auto_rickshaw",other,walk,40994.26457492864,3600,synthetic_from_historical_marginals_and_provisional_assumptions
baseline_484,27:518:99999:802794:1668:000000,27:518:99999:802794:1564:000000,6,male,False,26647.760373958714,"walk,pt,bike",education,bike,26710.578588836008,21600,synthetic_from_historical_marginals_and_provisional_assumptions
baseline_485,27:517:04157:551550:0000:000000,27:517:04157:551550:0000:000000,17,female,False,31498.593099410133,"walk,pt,bike",education,bike,27806.948678087043,21600,synthetic_from_historical_marginals_and_provisional_assumptions
baseline_486,27:518:99999:802794:1667:000000,27:518:99999:802794:1667:000000,45,female,False,63490.027092402626,"walk,pt,taxi,ride,auto_rickshaw",other,pt,40062.72236999482,3600,synthetic_from_historical_marginals_and_provisional_assumptions
baseline_487,27:519:99999:802794:0628:000000,27:519:99999:802794:0837:000000,20,female,False,47491.36162092106,"walk,pt,taxi,auto_rickshaw",other,taxi,39278.892408161424,3600,synthetic_from_historical_marginals_and_provisional_assumptions
baseline_488,27:520:04173:553365:0000:000000,27:520:04173:553514:0001:000000,41,female,False,7059.768346902294,"walk,pt,bike,taxi,auto_rickshaw",other,pt,36374.8369896041,3600,synthetic_from_historical_marginals_and_provisional_assumptions
baseline_489,27:520:04174:553533:0000:000000,27:520:04174:553520:0000:000000,19,female,False,7702.120780652089,"walk,pt,taxi,auto_rickshaw",other,auto_rickshaw,39940.34096063798,3600,synthetic_from_historical_marginals_and_provisional_assumptions
baseline_490,27:518:99999:802794:1668:000000,27:518:99999:802794:1562:000000,52,female,True,31015.31420433753,"walk,pt,taxi,auto_rickshaw",work,walk,32774.050802839636,28800,synthetic_from_historical_marginals_and_provisional_assumptions
baseline_491,27:518:99999:802794:1565:000000,27:519:99999:802794:0934:000000,39,male,True,81091.97149437717,"walk,pt,taxi,auto_rickshaw",work,auto_rickshaw,33464.48453097956,28800,synthetic_from_historical_marginals_and_provisional_assumptions
baseline_492,27:519:99999:802794:0629:000000,27:518:99999:802794:1874:000000,44,female,True,100722.35247122592,"walk,pt,taxi,auto_rickshaw",work,walk,33789.6447991555,28800,synthetic_from_historical_marginals_and_provisional_assumptions
baseline_493,27:518:99999:802794:2284:000000,27:518:99999:802794:1255:000000,25,male,False,29491.01988669853,"walk,pt,bike,motorbike,taxi,auto_rickshaw",other,auto_rickshaw,40725.84171596477,3600,synthetic_from_historical_marginals_and_provisional_assumptions
baseline_494,27:520:04173:553514:0001:000000,27:519:99999:802794:0101:000000,25,male,True,47702.22487470788,"walk,pt,bike,taxi,auto_rickshaw",work,auto_rickshaw,28901.990930971402,28800,synthetic_from_historical_marginals_and_provisional_assumptions
baseline_495,27:519:99999:802794:0418:000000,27:519:99999:802794:0527:000000,39,female,True,104031.24285351721,"walk,pt,car,taxi,ride,auto_rickshaw",work,taxi,32593.364525152654,28800,synthetic_from_historical_marginals_and_provisional_assumptions
baseline_496,27:520:04175:553793:0000:000000,27:520:04173:553407:0000:000000,58,male,True,10454.12632733677,"walk,pt,motorbike,taxi,auto_rickshaw",work,pt,31338.59715262219,28800,synthetic_from_historical_marginals_and_provisional_assumptions
baseline_497,27:518:99999:802794:2180:000000,27:518:99999:802794:2180:000000,12,female,False,82442.53130187845,"walk,pt",education,pt,26249.668904137587,21600,synthetic_from_historical_marginals_and_provisional_assumptions
baseline_498,27:518:99999:802794:1667:000000,27:518:99999:802794:1769:000000,33,male,False,46278.30358756978,"walk,pt,taxi,auto_rickshaw",other,auto_rickshaw,40774.63820111616,3600,synthetic_from_historical_marginals_and_provisional_assumptions
baseline_499,27:517:04171:553197:0000:000000,27:517:04171:553211:0000:000000,52,female,False,28940.582497834675,"walk,pt,taxi,auto_rickshaw",other,pt,39392.22539061592,3600,synthetic_from_historical_marginals_and_provisional_assumptions
baseline_500,27:519:99999:802794:0311:000000,27:519:99999:802794:0417:000000,15,male,False,14000.637990298716,"walk,pt",education,pt,31027.812537500122,21600,synthetic_from_historical_marginals_and_provisional_assumptions
baseline_501,27:519:99999:802794:0310:000000,27:519:99999:802794:0417:000000,34,male,False,39769.64755275097,"walk,pt,bike,taxi,auto_rickshaw",other,walk,38284.32825586578,3600,synthetic_from_historical_marginals_and_provisional_assumptions
baseline_502,27:518:99999:802794:1978:000000,27:518:99999:802794:1978:000000,5,male,False,30998.799005569916,"walk,pt,ride",home_only,,0,0,synthetic_from_historical_marginals_and_provisional_assumptions
baseline_503,27:518:99999:802794:1977:000000,27:518:99999:802794:2179:000000,18,female,True,63994.08160598686,"walk,pt,car,taxi,ride,auto_rickshaw",work,pt,29669.224001085386,28800,synthetic_from_historical_marginals_and_provisional_assumptions
baseline_504,27:517:04164:552402:0000:000000,27:518:99999:802794:1352:000000,26,male,True,39437.80248372817,"walk,pt,taxi,auto_rickshaw",work,pt,32957.68123257176,28800,synthetic_from_historical_marginals_and_provisional_assumptions
baseline_505,27:518:99999:802794:2281:000000,27:518:99999:802794:1668:000000,34,female,True,95153.94372948009,"walk,pt,bike,taxi,auto_rickshaw",work,walk,29861.95776635649,28800,synthetic_from_historical_marginals_and_provisional_assumptions
baseline_506,27:518:99999:802794:1978:000000,27:518:99999:802794:2284:000000,6,male,False,53696.570900586215,"walk,pt,ride",education,ride,26102.07177588968,21600,synthetic_from_historical_marginals_and_provisional_assumptions
baseline_507,27:518:99999:802794:2487:000000,27:518:99999:802794:2385:000000,23,female,False,90539.51380050981,"walk,pt,taxi,ride,auto_rickshaw",other,auto_rickshaw,37768.024574676056,3600,synthetic_from_historical_marginals_and_provisional_assumptions
baseline_508,27:518:99999:802794:2080:000000,27:519:99999:802794:0628:000000,21,male,True,42625.426186056815,"walk,pt,taxi,auto_rickshaw",work,auto_rickshaw,33720.204406649136,28800,synthetic_from_historical_marginals_and_provisional_assumptions
baseline_509,27:519:99999:802794:0421:000000,27:519:99999:802794:0417:000000,52,male,True,80190.16102056536,"walk,pt,motorbike,taxi,auto_rickshaw",work,pt,34683.19963226926,28800,synthetic_from_historical_marginals_and_provisional_assumptions
baseline_510,27:517:04170:553034:0000:000000,27:517:04170:553034:0000:000000,11,female,False,13356.830068357982,"walk,pt",education,pt,30633.637895169562,21600,synthetic_from_historical_marginals_and_provisional_assumptions
baseline_511,27:518:99999:802794:1874:000000,27:518:99999:802794:1769:000000,49,male,False,15846.967697372613,"walk,pt,bike,taxi,auto_rickshaw",other,walk,41528.975791461286,3600,synthetic_from_historical_marginals_and_provisional_assumptions
baseline_512,27:518:99999:802794:2283:000000,27:518:99999:802794:2179:000000,40,male,False,28590.272130436326,"walk,pt,taxi,auto_rickshaw",other,auto_rickshaw,42173.52818278443,3600,synthetic_from_historical_marginals_and_provisional_assumptions
baseline_513,27:518:99999:802794:1564:000000,27:518:99999:802794:1564:000000,39,female,False,19866.06814834834,"walk,pt,taxi,auto_rickshaw",other,taxi,39091.74498010686,3600,synthetic_from_historical_marginals_and_provisional_assumptions
baseline_514,27:517:04158:551724:0000:000000,27:517:04163:552203:0000:000000,47,male,False,23044.210106543716,"walk,pt,taxi,auto_rickshaw",other,auto_rickshaw,40641.61834268016,3600,synthetic_from_historical_marginals_and_provisional_assumptions
baseline_515,27:519:99999:802794:0417:000000,27:519:99999:802794:0628:000000,35,male,True,37582.674059590456,"walk,pt,taxi,auto_rickshaw",work,walk,31597.14775636069,28800,synthetic_from_historical_marginals_and_provisional_assumptions
baseline_516,27:518:99999:802794:2283:000000,27:518:99999:802794:2486:000000,74,male,False,6311.7745825536595,"walk,pt,taxi,auto_rickshaw",other,walk,36917.956114794004,3600,synthetic_from_historical_marginals_and_provisional_assumptions
baseline_517,27:518:99999:802794:2281:000000,27:518:99999:802794:1978:000000,30,female,False,95507.83625157227,"walk,pt,bike,taxi,auto_rickshaw",other,walk,36589.6287305561,3600,synthetic_from_historical_marginals_and_provisional_assumptions
baseline_518,27:518:99999:802794:1667:000000,27:518:99999:802794:1460:000000,20,male,True,11609.484708238175,"walk,pt,taxi,auto_rickshaw",work,auto_rickshaw,32043.522693536586,28800,synthetic_from_historical_marginals_and_provisional_assumptions
baseline_519,27:518:99999:802794:1255:000000,27:518:99999:802794:1769:000000,23,female,True,79425.24846003529,"walk,pt,taxi,auto_rickshaw",work,auto_rickshaw,33093.42535547246,28800,synthetic_from_historical_marginals_and_provisional_assumptions
baseline_520,27:518:99999:802794:1255:000000,27:518:99999:802794:1255:000000,4,female,False,116494.7186356319,"walk,pt",home_only,,0,0,synthetic_from_historical_marginals_and_provisional_assumptions
baseline_521,27:520:04184:554945:0000:000000,27:520:04181:554731:0000:000000,20,male,True,13646.343477140961,"walk,pt,motorbike,taxi,auto_rickshaw",work,taxi,35325.237030526856,28800,synthetic_from_historical_marginals_and_provisional_assumptions
baseline_522,27:518:99999:802794:1873:000000,27:518:99999:802794:1769:000000,32,male,True,48346.18538282769,"walk,pt,taxi,auto_rickshaw",work,auto_rickshaw,31933.655507974432,28800,synthetic_from_historical_marginals_and_provisional_assumptions
baseline_523,27:519:99999:802794:0206:000000,27:519:99999:802794:0522:000000,54,female,False,61954.097096938836,"walk,pt,taxi,auto_rickshaw",other,pt,40977.512041548136,3600,synthetic_from_historical_marginals_and_provisional_assumptions
baseline_524,27:518:99999:802794:1045:000000,27:518:99999:802794:1045:000000,4,male,False,6779.28350825485,"walk,pt",home_only,,0,0,synthetic_from_historical_marginals_and_provisional_assumptions
baseline_525,27:519:99999:802794:0837:000000,27:519:99999:802794:0526:000000,26,male,False,26825.572606027956,"walk,pt,taxi,auto_rickshaw",other,auto_rickshaw,39708.53622608069,3600,synthetic_from_historical_marginals_and_provisional_assumptions
baseline_526,27:520:04178:554267:0000:000000,27:520:04178:554266:0000:000000,43,female,False,45995.37096486456,"walk,pt,motorbike,taxi,auto_rickshaw",other,motorbike,41828.43689844716,3600,synthetic_from_historical_marginals_and_provisional_assumptions
baseline_527,27:520:04181:554549:0000:000000,27:520:04176:553955:0000:000000,21,male,True,38958.56963458031,"walk,pt,taxi,auto_rickshaw",work,pt,31231.514610215207,28800,synthetic_from_historical_marginals_and_provisional_assumptions
baseline_528,27:518:99999:802794:1667:000000,27:518:99999:802794:1562:000000,8,female,False,24162.279014610824,"walk,pt,ride",education,pt,26704.495567582235,21600,synthetic_from_historical_marginals_and_provisional_assumptions
baseline_529,27:520:04181:554665:0000:000000,27:520:04181:554558:0000:000000,49,male,True,16366.5890775801,"walk,pt,taxi,auto_rickshaw",work,pt,32284.617082095847,28800,synthetic_from_historical_marginals_and_provisional_assumptions
baseline_530,27:518:99999:802794:2385:000000,27:519:99999:802794:0933:000000,34,male,True,51417.15096833354,"walk,pt,motorbike,taxi,auto_rickshaw",work,motorbike,32642.773209663796,28800,synthetic_from_historical_marginals_and_provisional_assumptions
baseline_531,27:520:04174:553540:0000:000000,27:519:99999:802794:0527:000000,23,female,True,12668.7528406516,"walk,pt,taxi,auto_rickshaw",work,taxi,32498.689524610174,28800,synthetic_from_historical_marginals_and_provisional_assumptions
baseline_532,27:519:99999:802794:0628:000000,27:519:99999:802794:0731:000000,49,female,False,44127.57223641244,"walk,pt,taxi,auto_rickshaw",other,walk,36945.57254242282,3600,synthetic_from_historical_marginals_and_provisional_assumptions
baseline_533,27:520:04176:553834:0000:000000,27:520:04172:553339:0000:000000,22,female,True,28728.827483838053,"walk,pt,taxi,auto_rickshaw",work,walk,34990.14403674616,28800,synthetic_from_historical_marginals_and_provisional_assumptions
baseline_534,27:517:04160:551887:0000:000000,27:517:04160:551850:0000:000000,16,female,False,32835.41828873715,"walk,pt",education,walk,27526.72409686583,21600,synthetic_from_historical_marginals_and_provisional_assumptions
baseline_535,27:518:99999:802794:1048:000000,27:519:99999:802794:0933:000000,63,female,False,25880.865373026845,"walk,pt,taxi,auto_rickshaw",other,pt,41838.39295656966,3600,synthetic_from_historical_marginals_and_provisional_assumptions
baseline_536,27:518:99999:802794:1668:000000,27:518:99999:802794:1668:000000,50,male,True,42304.51398949498,"walk,pt,taxi,auto_rickshaw",work,auto_rickshaw,31167.130524109612,28800,synthetic_from_historical_marginals_and_provisional_assumptions
baseline_537,27:519:99999:802794:0732:000000,27:518:99999:802794:1045:000000,59,male,True,20154.454399180006,"walk,pt,motorbike,taxi,auto_rickshaw",work,pt,30135.74629218298,28800,synthetic_from_historical_marginals_and_provisional_assumptions
baseline_538,27:520:04185:555088:0000:000000,27:520:04185:555105:0000:000000,6,female,False,33531.9917539265,"walk,pt",education,pt,28554.246934096307,21600,synthetic_from_historical_marginals_and_provisional_assumptions
baseline_539,27:517:04166:552549:0000:000000,27:517:04170:553033:0000:000000,39,female,True,30524.52541321407,"walk,pt,motorbike,taxi,auto_rickshaw",work,pt,31141.374679665918,28800,synthetic_from_historical_marginals_and_provisional_assumptions
baseline_540,27:517:04167:552770:0000:000000,27:517:04167:552770:0000:000000,1,male,False,57847.72641344266,"walk,pt",home_only,,0,0,synthetic_from_historical_marginals_and_provisional_assumptions
baseline_541,27:519:99999:802794:0933:000000,27:518:99999:802794:1668:000000,36,female,True,25270.82833657926,"walk,pt,bike,motorbike,taxi,auto_rickshaw",work,motorbike,35193.241581194015,28800,synthetic_from_historical_marginals_and_provisional_assumptions
baseline_542,27:518:99999:802794:1563:000000,27:518:99999:802794:1564:000000,73,male,False,21224.889527926305,"walk,pt,taxi,auto_rickshaw",other,pt,43006.03735917533,3600,synthetic_from_historical_marginals_and_provisional_assumptions
baseline_543,27:519:99999:802794:0629:000000,27:519:99999:802794:0933:000000,32,male,False,19006.549155258643,"walk,pt,taxi,auto_rickshaw",other,pt,41839.21984498848,3600,synthetic_from_historical_marginals_and_provisional_assumptions
baseline_544,27:517:04171:553199:0000:000000,27:517:04167:552851:0000:000000,64,male,True,51504.36061721148,"walk,pt,taxi,auto_rickshaw",work,auto_rickshaw,35443.01334069345,28800,synthetic_from_historical_marginals_and_provisional_assumptions
baseline_545,27:518:99999:802794:1141:000000,27:519:99999:802794:0732:000000,32,male,True,9310.719707057697,"walk,pt,taxi,auto_rickshaw",work,pt,34023.82264961257,28800,synthetic_from_historical_marginals_and_provisional_assumptions
baseline_546,27:518:99999:802794:1564:000000,27:518:99999:802794:2080:000000,33,female,False,60315.069691907,"walk,pt,taxi,auto_rickshaw",other,pt,37548.58947064394,3600,synthetic_from_historical_marginals_and_provisional_assumptions
baseline_547,27:518:99999:802794:1352:000000,27:518:99999:802794:2080:000000,62,male,True,17116.72083476729,"walk,pt,car,taxi,ride,auto_rickshaw",work,walk,32976.50550711865,28800,synthetic_from_historical_marginals_and_provisional_assumptions
baseline_548,27:518:99999:802794:2384:000000,27:518:99999:802794:2384:000000,3,male,False,9530.947787259835,"walk,pt,ride",home_only,,0,0,synthetic_from_historical_marginals_and_provisional_assumptions
baseline_549,27:518:99999:802794:1139:000000,27:518:99999:802794:1978:000000,36,female,False,50577.648902045345,"walk,pt,motorbike,taxi,auto_rickshaw",other,motorbike,40550.4907428866,3600,synthetic_from_historical_marginals_and_provisional_assumptions
baseline_550,27:519:99999:802794:0101:000000,27:518:99999:802794:1978:000000,42,female,True,27435.245746268836,"walk,pt,taxi,auto_rickshaw",work,taxi,32952.43351980278,28800,synthetic_from_historical_marginals_and_provisional_assumptions
baseline_551,27:517:04167:552810:0000:000000,27:517:04167:552841:0000:000000,11,male,False,16384.059165858587,"walk,pt",education,walk,26698.741281084338,21600,synthetic_from_historical_marginals_and_provisional_assumptions
baseline_552,27:517:04167:552848:0000:000000,27:517:04171:553143:0000:000000,46,male,False,15798.64058031016,"walk,pt,taxi,auto_rickshaw",other,walk,41231.37250469243,3600,synthetic_from_historical_marginals_and_provisional_assumptions
baseline_553,27:518:99999:802794:2283:000000,27:518:99999:802794:2080:000000,70,female,False,19508.99469856422,"walk,pt,taxi,auto_rickshaw",other,auto_rickshaw,41495.21647189764,3600,synthetic_from_historical_marginals_and_provisional_assumptions
baseline_554,27:520:04172:553349:0000:000000,27:520:04172:553333:0000:000000,30,male,True,22207.491153820432,"walk,pt,motorbike,taxi,auto_rickshaw",work,walk,31087.620221843827,28800,synthetic_from_historical_marginals_and_provisional_assumptions
baseline_555,27:518:99999:802794:2180:000000,27:518:99999:802794:1564:000000,41,female,False,16471.382986362332,"walk,pt,bike,taxi,auto_rickshaw",other,pt,36806.33072849727,3600,synthetic_from_historical_marginals_and_provisional_assumptions
baseline_556,27:519:99999:802794:0524:000000,27:519:99999:802794:0208:000000,22,female,False,54362.759791397606,"walk,pt,taxi,auto_rickshaw",other,walk,36117.748165145524,3600,synthetic_from_historical_marginals_and_provisional_assumptions
baseline_557,27:520:04173:553513:0001:000000,27:520:04173:553514:0001:000000,31,male,False,19609.93340496926,"walk,pt,car,taxi,ride,auto_rickshaw",other,pt,41651.450571286776,3600,synthetic_from_historical_marginals_and_provisional_assumptions
baseline_558,27:519:99999:802794:0420:000000,27:518:99999:802794:2080:000000,54,female,True,22558.146970594033,"walk,pt,taxi,auto_rickshaw",work,auto_rickshaw,34730.80497733113,28800,synthetic_from_historical_marginals_and_provisional_assumptions
baseline_559,27:518:99999:802794:1667:000000,27:518:99999:802794:1141:000000,25,male,True,121080.04907704535,"walk,pt,taxi,auto_rickshaw",work,auto_rickshaw,31616.31720510673,28800,synthetic_from_historical_marginals_and_provisional_assumptions
baseline_560,27:519:99999:802794:0209:000000,27:518:99999:802794:1352:000000,20,female,True,108386.87596911905,"walk,pt,taxi,auto_rickshaw",work,auto_rickshaw,33239.52441822356,28800,synthetic_from_historical_marginals_and_provisional_assumptions
baseline_561,27:518:99999:802794:1353:000000,27:518:99999:802794:1353:000000,4,male,False,29363.438000627622,"walk,pt,ride",home_only,,0,0,synthetic_from_historical_marginals_and_provisional_assumptions
baseline_562,27:520:04175:553819:0001:000000,27:520:04175:553818:0001:000000,10,male,False,13310.704921109835,"walk,pt",education,walk,29363.50510736149,21600,synthetic_from_historical_marginals_and_provisional_assumptions
baseline_563,27:518:99999:802794:1045:000000,27:518:99999:802794:1351:000000,28,female,False,23181.714433599256,"walk,pt,taxi,auto_rickshaw",other,taxi,42847.88786800266,3600,synthetic_from_historical_marginals_and_provisional_assumptions
baseline_564,27:518:99999:802794:1978:000000,27:518:99999:802794:1978:000000,10,male,False,17575.492725205422,"walk,pt",education,walk,27573.401776063874,21600,synthetic_from_historical_marginals_and_provisional_assumptions
baseline_565,27:519:99999:802794:0732:000000,27:518:99999:802794:1874:000000,41,male,True,20562.59722971893,"walk,pt,taxi,auto_rickshaw",work,taxi,30192.283094414666,28800,synthetic_from_historical_marginals_and_provisional_assumptions
baseline_566,27:518:99999:802794:2283:000000,27:518:99999:802794:2281:000000,7,male,False,17383.460971984015,"walk,pt",education,pt,28477.520166706716,21600,synthetic_from_historical_marginals_and_provisional_assumptions
baseline_567,27:519:99999:802794:0836:000000,27:518:99999:802794:1249:000000,41,female,True,32846.53774893333,"walk,pt,taxi,auto_rickshaw",work,pt,34199.247616740955,28800,synthetic_from_historical_marginals_and_provisional_assumptions
baseline_568,27:519:99999:802794:0732:000000,27:519:99999:802794:0208:000000,37,male,True,44223.54560209704,"walk,pt,taxi,auto_rickshaw",work,pt,35456.1209375895,28800,synthetic_from_historical_marginals_and_provisional_assumptions
baseline_569,27:519:99999:802794:0837:000000,27:518:99999:802794:2179:000000,10,female,False,80092.55614932772,"walk,pt",education,walk,27313.647624566587,21600,synthetic_from_historical_marginals_and_provisional_assumptions
baseline_570,27:518:99999:802794:1142:000000,27:518:99999:802794:1249:000000,36,male,False,16764.986362137846,"walk,pt,taxi,auto_rickshaw",other,taxi,36715.22164635678,3600,synthetic_from_historical_marginals_and_provisional_assumptions
baseline_571,27:518:99999:802794:2283:000000,27:518:99999:802794:2283:000000,5,female,False,80068.87527716636,"walk,pt,ride",home_only,,0,0,synthetic_from_historical_marginals_and_provisional_assumptions
baseline_572,27:518:99999:802794:2281:000000,27:518:99999:802794:2284:000000,11,male,False,21067.758625651808,"walk,pt,bike",education,pt,29088.612904225767,21600,synthetic_from_historical_marginals_and_provisional_assumptions
baseline_573,27:518:99999:802794:1668:000000,27:518:99999:802794:1668:000000,23,male,False,75144.59099117311,"walk,pt,taxi,auto_rickshaw",other,pt,42113.77727699055,3600,synthetic_from_historical_marginals_and_provisional_assumptions
baseline_574,27:518:99999:802794:1978:000000,27:518:99999:802794:1255:000000,29,male,False,61024.80267379665,"walk,pt,taxi,auto_rickshaw",other,pt,40298.075825159234,3600,synthetic_from_historical_marginals_and_provisional_assumptions
baseline_575,27:518:99999:802794:1667:000000,27:518:99999:802794:1874:000000,33,male,True,75828.95026267417,"walk,pt,motorbike,taxi,auto_rickshaw",work,pt,29440.104304506476,28800,synthetic_from_historical_marginals_and_provisional_assumptions
baseline_576,27:520:04177:554008:0000:000000,27:520:04173:553378:0000:000000,25,male,True,31023.7994080397,"walk,pt,taxi,auto_rickshaw",work,auto_rickshaw,29740.23845425083,28800,synthetic_from_historical_marginals_and_provisional_assumptions
baseline_577,27:518:99999:802794:1565:000000,27:518:99999:802794:1565:000000,15,female,False,42591.39439345415,"walk,pt",education,pt,32198.02191714615,21600,synthetic_from_historical_marginals_and_provisional_assumptions
baseline_578,27:518:99999:802794:1667:000000,27:518:99999:802794:1667:000000,13,male,False,16116.443491995042,"walk,pt",education,walk,29822.699499333692,21600,synthetic_from_historical_marginals_and_provisional_assumptions
baseline_579,27:518:99999:802794:1357:000000,27:518:99999:802794:1978:000000,43,female,True,111144.84372470526,"walk,pt,taxi,auto_rickshaw",work,auto_rickshaw,31929.196877215432,28800,synthetic_from_historical_marginals_and_provisional_assumptions
baseline_580,27:518:99999:802794:1773:000000,27:518:99999:802794:1357:000000,16,male,False,9375.455042620171,"walk,pt,ride",education,walk,31067.383664482117,21600,synthetic_from_historical_marginals_and_provisional_assumptions
baseline_581,27:518:99999:802794:2385:000000,27:518:99999:802794:2284:000000,8,male,False,19206.20239630428,"walk,pt",education,walk,30654.79474090755,21600,synthetic_from_historical_marginals_and_provisional_assumptions
baseline_582,27:518:99999:802794:1978:000000,27:518:99999:802794:2284:000000,19,female,True,24260.667247213667,"walk,pt,taxi,auto_rickshaw",work,walk,30959.701279952467,28800,synthetic_from_historical_marginals_and_provisional_assumptions
baseline_583,27:517:04157:551570:0000:000000,27:517:04157:551572:0000:000000,9,female,False,13260.28744300225,"walk,pt",education,pt,29807.986470776217,21600,synthetic_from_historical_marginals_and_provisional_assumptions
baseline_584,27:518:99999:802794:2284:000000,27:518:99999:802794:1048:000000,23,male,False,43148.88616970425,"walk,pt,bike,taxi,auto_rickshaw",other,walk,36350.17720518152,3600,synthetic_from_historical_marginals_and_provisional_assumptions
baseline_585,27:520:04173:553430:0000:000000,27:520:04173:553514:0001:000000,69,male,False,61351.84199719499,"walk,pt,motorbike,taxi,auto_rickshaw",other,walk,41513.146294654194,3600,synthetic_from_historical_marginals_and_provisional_assumptions
baseline_586,27:519:99999:802794:0732:000000,27:519:99999:802794:0523:000000,41,male,True,72515.88774199819,"walk,pt,car,taxi,ride,auto_rickshaw",work,car,31197.257033941685,28800,synthetic_from_historical_marginals_and_provisional_assumptions
baseline_587,27:518:99999:802794:2080:000000,27:519:99999:802794:0933:000000,21,female,False,45187.93181596936,"walk,pt,car,taxi,ride,auto_rickshaw",other,walk,39201.98182247696,3600,synthetic_from_historical_marginals_and_provisional_assumptions
baseline_588,27:518:99999:802794:1143:000000,27:519:99999:802794:0838:000000,6,female,False,13150.917832138004,"walk,pt",education,pt,26665.52813769906,21600,synthetic_from_historical_marginals_and_provisional_assumptions
baseline_589,27:518:99999:802794:1350:000000,27:518:99999:802794:1563:000000,26,male,False,25456.967637881487,"walk,pt,taxi,auto_rickshaw",other,taxi,39865.4674371569,3600,synthetic_from_historical_marginals_and_provisional_assumptions
baseline_590,27:517:04166:552676:0001:000000,27:520:04173:553513:0001:000000,31,female,True,33425.80378097614,"walk,pt,bike,motorbike,taxi,auto_rickshaw",work,auto_rickshaw,34498.579845624685,28800,synthetic_from_historical_marginals_and_provisional_assumptions
baseline_591,27:518:99999:802794:1978:000000,27:518:99999:802794:2284:000000,74,male,False,40014.69660724902,"walk,pt,motorbike,taxi,auto_rickshaw",other,pt,37841.2669265313,3600,synthetic_from_historical_marginals_and_provisional_assumptions
baseline_592,27:520:04178:554278:0000:000000,27:520:04178:554234:0000:000000,70,female,False,18494.372639979483,"walk,pt,taxi,auto_rickshaw",other,auto_rickshaw,37828.459356773186,3600,synthetic_from_historical_marginals_and_provisional_assumptions
baseline_593,27:518:99999:802794:1978:000000,27:518:99999:802794:1256:000000,54,male,False,21886.14663258644,"walk,pt,taxi,auto_rickshaw",other,pt,39732.40505940613,3600,synthetic_from_historical_marginals_and_provisional_assumptions
baseline_594,27:518:99999:802794:2385:000000,27:518:99999:802794:1459:000000,13,female,False,16165.731832418493,"walk,pt",education,pt,29991.19400582687,21600,synthetic_from_historical_marginals_and_provisional_assumptions
baseline_595,27:518:99999:802794:1563:000000,27:518:99999:802794:1352:000000,8,female,False,61202.79989921734,"walk,pt",education,walk,26379.22244742434,21600,synthetic_from_historical_marginals_and_provisional_assumptions
baseline_596,27:518:99999:802794:2179:000000,27:518:99999:802794:1565:000000,36,male,True,82943.0981571111,"walk,pt,car,taxi,ride,auto_rickshaw",work,taxi,30586.35304706526,28800,synthetic_from_historical_marginals_and_provisional_assumptions
baseline_597,27:519:99999:802794:0933:000000,27:519:99999:802794:0312:000000,20,male,True,6041.660246385243,"walk,pt,taxi,auto_rickshaw",work,walk,31388.249566528797,28800,synthetic_from_historical_marginals_and_provisional_assumptions
baseline_598,27:520:04174:553691:0000:000000,27:520:04175:553753:0000:000000,11,male,False,44515.662253052134,"walk,pt,bike",education,bike,31408.80448702141,21600,synthetic_from_historical_marginals_and_provisional_assumptions
baseline_599,27:518:99999:802794:2080:000000,27:518:99999:802794:2281:000000,9,male,False,9114.236849631678,"walk,pt",education,walk,30107.375927280482,21600,synthetic_from_historical_marginals_and_provisional_assumptions
baseline_600,27:518:99999:802794:2080:000000,27:518:99999:802794:2080:000000,67,female,False,32459.253465188674,"walk,pt,taxi,auto_rickshaw",other,taxi,37455.45942602257,3600,synthetic_from_historical_marginals_and_provisional_assumptions
baseline_601,27:518:99999:802794:1255:000000,27:518:99999:802794:1459:000000,57,male,True,6643.041228625282,"walk,pt,bike,taxi,auto_rickshaw",work,taxi,34564.3846567051,28800,synthetic_from_historical_marginals_and_provisional_assumptions
baseline_602,27:517:04171:553197:0000:000000,27:517:04171:553223:0000:000000,45,male,True,29207.92677903494,"walk,pt,taxi,auto_rickshaw",work,auto_rickshaw,30394.169505567068,28800,synthetic_from_historical_marginals_and_provisional_assumptions
baseline_603,27:519:99999:802794:0314:000000,27:519:99999:802794:0629:000000,69,male,False,12727.089072286444,"walk,pt,taxi,auto_rickshaw",other,auto_rickshaw,41642.60780380975,3600,synthetic_from_historical_marginals_and_provisional_assumptions
baseline_604,27:519:99999:802794:0933:000000,27:519:99999:802794:0933:000000,26,male,False,15259.471253335103,"walk,pt,taxi,auto_rickshaw",other,taxi,42269.30330294896,3600,synthetic_from_historical_marginals_and_provisional_assumptions
baseline_605,27:518:99999:802794:2385:000000,27:518:99999:802794:1769:000000,19,female,True,35470.84453816361,"walk,pt,car,taxi,ride,auto_rickshaw",work,taxi,33408.08370538273,28800,synthetic_from_historical_marginals_and_provisional_assumptions
baseline_606,27:518:99999:802794:1978:000000,27:518:99999:802794:1975:000000,9,male,False,15245.708150073333,"walk,pt",education,walk,28745.670365263955,21600,synthetic_from_historical_marginals_and_provisional_assumptions
baseline_607,27:519:99999:802794:0835:000000,27:519:99999:802794:0935:000000,16,female,False,12764.285976047226,"walk,pt",education,pt,25294.98833024762,21600,synthetic_from_historical_marginals_and_provisional_assumptions
baseline_608,27:518:99999:802794:2385:000000,27:518:99999:802794:1255:000000,34,female,True,18320.274210232168,"walk,pt,taxi,auto_rickshaw",work,walk,29974.421917297597,28800,synthetic_from_historical_marginals_and_provisional_assumptions
baseline_609,27:518:99999:802794:1565:000000,27:518:99999:802794:1667:000000,25,female,False,20245.68936365482,"walk,pt,taxi,auto_rickshaw",other,auto_rickshaw,36909.96936126953,3600,synthetic_from_historical_marginals_and_provisional_assumptions
baseline_610,27:517:04162:552121:0000:000000,27:517:04162:552121:0000:000000,68,male,False,38505.003297133204,"walk,pt,taxi,auto_rickshaw",other,taxi,38062.16407583912,3600,synthetic_from_historical_marginals_and_provisional_assumptions
baseline_611,27:518:99999:802794:1351:000000,27:518:99999:802794:1351:000000,1,female,False,35303.989216350405,"walk,pt,ride",home_only,,0,0,synthetic_from_historical_marginals_and_provisional_assumptions
baseline_612,27:517:04167:552853:0000:000000,27:517:04167:552853:0000:000000,4,female,False,10401.928365530563,"walk,pt",home_only,,0,0,synthetic_from_historical_marginals_and_provisional_assumptions
baseline_613,27:518:99999:802794:1048:000000,27:518:99999:802794:1048:000000,0,female,False,15533.409954562914,"walk,pt,ride",home_only,,0,0,synthetic_from_historical_marginals_and_provisional_assumptions
baseline_614,27:518:99999:802794:2080:000000,27:518:99999:802794:2080:000000,25,male,False,31353.818162554493,"walk,pt,taxi,auto_rickshaw",other,auto_rickshaw,41073.40511290818,3600,synthetic_from_historical_marginals_and_provisional_assumptions
baseline_615,27:518:99999:802794:1870:000000,27:518:99999:802794:1874:000000,15,male,False,128264.64531726034,"walk,pt",education,pt,26410.280564464683,21600,synthetic_from_historical_marginals_and_provisional_assumptions
baseline_616,27:518:99999:802794:1769:000000,27:518:99999:802794:1668:000000,16,male,False,5060.534595639089,"walk,pt",education,pt,25258.415691021764,21600,synthetic_from_historical_marginals_and_provisional_assumptions
baseline_617,27:518:99999:802794:1142:000000,27:518:99999:802794:1564:000000,83,male,False,51406.461277465394,"walk,pt,taxi,auto_rickshaw",other,auto_rickshaw,40461.551026540415,3600,synthetic_from_historical_marginals_and_provisional_assumptions
baseline_618,27:518:99999:802794:1668:000000,27:518:99999:802794:1668:000000,18,female,False,10620.800619748139,"walk,pt,bike,taxi,auto_rickshaw",other,pt,42175.86829253472,3600,synthetic_from_historical_marginals_and_provisional_assumptions
baseline_619,27:520:04173:553513:0001:000000,27:520:04173:553513:0001:000000,17,male,False,21348.694532920388,"walk,pt",education,walk,26075.038610818872,21600,synthetic_from_historical_marginals_and_provisional_assumptions
baseline_620,27:519:99999:802794:0732:000000,27:519:99999:802794:0732:000000,6,female,False,27846.90402646015,"walk,pt,bike",education,pt,27275.913775526118,21600,synthetic_from_historical_marginals_and_provisional_assumptions
baseline_621,27:520:04175:553705:0000:000000,27:520:04175:553725:0000:000000,58,male,True,42496.16686405452,"walk,pt,taxi,auto_rickshaw",work,pt,30245.40729749416,28800,synthetic_from_historical_marginals_and_provisional_assumptions
baseline_622,27:517:04158:551733:0000:000000,27:517:04158:551733:0000:000000,0,female,False,21529.281376855455,"walk,pt",home_only,,0,0,synthetic_from_historical_marginals_and_provisional_assumptions
baseline_623,27:517:04158:551633:0000:000000,27:517:04158:551658:0000:000000,31,male,True,19692.034585892055,"walk,pt,taxi,auto_rickshaw",work,walk,29982.192742510982,28800,synthetic_from_historical_marginals_and_provisional_assumptions
baseline_624,27:518:99999:802794:2179:000000,27:518:99999:802794:1977:000000,71,female,False,38263.66005158094,"walk,pt,taxi,auto_rickshaw",other,auto_rickshaw,36126.58475198643,3600,synthetic_from_historical_marginals_and_provisional_assumptions
baseline_625,27:518:99999:802794:1773:000000,27:518:99999:802794:1255:000000,48,female,True,26834.69358963311,"walk,pt,taxi,auto_rickshaw",work,auto_rickshaw,35033.72871185131,28800,synthetic_from_historical_marginals_and_provisional_assumptions
baseline_626,27:519:99999:802794:0628:000000,27:519:99999:802794:0629:000000,73,male,False,54186.0176218794,"walk,pt,car,taxi,ride,auto_rickshaw",other,auto_rickshaw,39704.8789654741,3600,synthetic_from_historical_marginals_and_provisional_assumptions
baseline_627,27:518:99999:802794:2486:000000,27:518:99999:802794:1249:000000,32,female,True,11698.451985653222,"walk,pt,taxi,auto_rickshaw",work,walk,30142.598715825563,28800,synthetic_from_historical_marginals_and_provisional_assumptions
baseline_628,27:520:04181:554570:0000:000000,27:520:04181:554611:0000:000000,29,female,False,18607.102747432404,"walk,pt,taxi,auto_rickshaw",other,auto_rickshaw,42862.72522591621,3600,synthetic_from_historical_marginals_and_provisional_assumptions
baseline_629,27:518:99999:802794:2179:000000,27:518:99999:802794:2080:000000,27,female,False,37828.1642328553,"walk,pt,taxi,auto_rickshaw",other,walk,39454.01229166222,3600,synthetic_from_historical_marginals_and_provisional_assumptions
baseline_630,27:518:99999:802794:2080:000000,27:518:99999:802794:2080:000000,4,male,False,27499.100938993713,"walk,pt",home_only,,0,0,synthetic_from_historical_marginals_and_provisional_assumptions
baseline_631,27:518:99999:802794:1565:000000,27:519:99999:802794:0209:000000,39,male,True,34596.41031181523,"walk,pt,taxi,auto_rickshaw",work,taxi,32329.059833701,28800,synthetic_from_historical_marginals_and_provisional_assumptions
baseline_632,27:520:04184:554883:0000:000000,27:520:04184:554889:0000:000000,40,male,False,18064.06975676828,"walk,pt,taxi,auto_rickshaw",other,pt,41364.22348151259,3600,synthetic_from_historical_marginals_and_provisional_assumptions
baseline_633,27:519:99999:802794:0732:000000,27:518:99999:802794:1977:000000,25,male,True,30609.115938945346,"walk,pt,taxi,auto_rickshaw",work,pt,29991.638310614453,28800,synthetic_from_historical_marginals_and_provisional_assumptions
baseline_634,27:519:99999:802794:0314:000000,27:519:99999:802794:0314:000000,0,male,False,43013.99425677814,"walk,pt",home_only,,0,0,synthetic_from_historical_marginals_and_provisional_assumptions
baseline_635,27:517:04158:551644:0000:000000,27:517:04158:551621:0000:000000,50,male,False,35675.72387773442,"walk,pt,taxi,auto_rickshaw",other,walk,43021.036278331456,3600,synthetic_from_historical_marginals_and_provisional_assumptions
baseline_636,27:517:04158:551618:0000:000000,27:517:04158:551593:0000:000000,29,female,True,18035.212462003394,"walk,pt,motorbike,taxi,auto_rickshaw",work,taxi,30720.815913282197,28800,synthetic_from_historical_marginals_and_provisional_assumptions
baseline_637,27:518:99999:802794:2080:000000,27:518:99999:802794:2080:000000,2,male,False,61663.95640755022,"walk,pt",home_only,,0,0,synthetic_from_historical_marginals_and_provisional_assumptions
baseline_638,27:517:04166:552544:0000:000000,27:518:99999:802794:2385:000000,29,female,True,98704.54815296756,"walk,pt,taxi,auto_rickshaw",work,auto_rickshaw,34546.14797618119,28800,synthetic_from_historical_marginals_and_provisional_assumptions
baseline_639,27:517:04164:552401:0000:000000,27:517:04164:552401:0000:000000,26,male,False,20652.091147387342,"walk,pt,taxi,auto_rickshaw",other,auto_rickshaw,36814.359993215985,3600,synthetic_from_historical_marginals_and_provisional_assumptions
baseline_640,27:518:99999:802794:1978:000000,27:519:99999:802794:0630:000000,32,female,True,37236.37640296331,"walk,pt,car,taxi,ride,auto_rickshaw",work,walk,31733.06252125213,28800,synthetic_from_historical_marginals_and_provisional_assumptions
baseline_641,27:518:99999:802794:1352:000000,27:518:99999:802794:1460:000000,12,male,False,19516.72305618842,"walk,pt",education,pt,30230.104714980946,21600,synthetic_from_historical_marginals_and_provisional_assumptions
baseline_642,27:519:99999:802794:0628:000000,27:519:99999:802794:0629:000000,6,female,False,27666.53411385079,"walk,pt",education,pt,26128.93961964741,21600,synthetic_from_historical_marginals_and_provisional_assumptions
baseline_643,27:518:99999:802794:2385:000000,27:518:99999:802794:2487:000000,79,male,False,10054.92329879509,"walk,pt,taxi,auto_rickshaw",other,taxi,37092.540613520156,3600,synthetic_from_historical_marginals_and_provisional_assumptions
baseline_644,27:517:04167:552801:0000:000000,27:517:04167:552751:0000:000000,41,male,True,29419.32023531588,"walk,pt,taxi,auto_rickshaw",work,taxi,32096.029346426778,28800,synthetic_from_historical_marginals_and_provisional_assumptions
baseline_645,27:518:99999:802794:1565:000000,27:518:99999:802794:1460:000000,41,male,True,8838.527283298443,"walk,pt,car,motorbike,taxi,ride,auto_rickshaw",work,ride,34019.386686062804,28800,synthetic_from_historical_marginals_and_provisional_assumptions
baseline_646,27:518:99999:802794:2385:000000,27:517:04170:553010:0000:000000,34,female,True,5688.672561568042,"walk,pt,taxi,auto_rickshaw",work,taxi,30396.598748063127,28800,synthetic_from_historical_marginals_and_provisional_assumptions
baseline_647,27:518:99999:802794:2281:000000,27:518:99999:802794:1975:000000,38,male,True,38833.25604336895,"walk,pt,taxi,auto_rickshaw",work,pt,32789.72112124723,28800,synthetic_from_historical_marginals_and_provisional_assumptions
baseline_648,27:518:99999:802794:1353:000000,27:518:99999:802794:1353:000000,11,female,False,51153.971104512166,"walk,pt",education,walk,25953.6840184102,21600,synthetic_from_historical_marginals_and_provisional_assumptions
baseline_649,27:519:99999:802794:0933:000000,27:518:99999:802794:2385:000000,34,male,True,46037.451248814694,"walk,pt,taxi,auto_rickshaw",work,taxi,30562.09199001531,28800,synthetic_from_historical_marginals_and_provisional_assumptions
baseline_650,27:518:99999:802794:1977:000000,27:518:99999:802794:1978:000000,41,male,False,47876.59155195459,"walk,pt,taxi,auto_rickshaw",other,walk,43159.123469289756,3600,synthetic_from_historical_marginals_and_provisional_assumptions
baseline_651,27:519:99999:802794:0836:000000,27:519:99999:802794:0933:000000,7,male,False,14293.551852995446,"walk,pt",education,pt,27507.539706070365,21600,synthetic_from_historical_marginals_and_provisional_assumptions
baseline_652,27:517:04167:552748:0000:000000,27:517:04167:552871:0000:000000,20,male,True,114032.80872625859,"walk,pt,motorbike,taxi,auto_rickshaw",work,taxi,35453.68807896282,28800,synthetic_from_historical_marginals_and_provisional_assumptions
baseline_653,27:517:04166:552615:0000:000000,27:517:04166:552615:0000:000000,3,female,False,8738.56104949051,"walk,pt",home_only,,0,0,synthetic_from_historical_marginals_and_provisional_assumptions
baseline_654,27:518:99999:802794:1256:000000,27:518:99999:802794:1873:000000,38,male,True,10507.0943233746,"walk,pt,taxi,auto_rickshaw",work,taxi,30828.19656799264,28800,synthetic_from_historical_marginals_and_provisional_assumptions
baseline_655,27:517:04163:552258:0000:000000,27:517:04163:552258:0000:000000,9,male,False,73072.10663206228,"walk,pt",education,pt,28934.98259510896,21600,synthetic_from_historical_marginals_and_provisional_assumptions
baseline_656,27:517:04162:552037:0000:000000,27:517:04162:552100:0000:000000,44,female,False,25472.086197698358,"walk,pt,taxi,auto_rickshaw",other,taxi,39060.06029640788,3600,synthetic_from_historical_marginals_and_provisional_assumptions
baseline_657,27:518:99999:802794:1255:000000,27:518:99999:802794:1256:000000,30,female,False,39102.22493322562,"walk,pt,taxi,auto_rickshaw",other,walk,39646.950989486606,3600,synthetic_from_historical_marginals_and_provisional_assumptions
baseline_658,27:518:99999:802794:1975:000000,27:518:99999:802794:2179:000000,11,female,False,7431.92554139897,"walk,pt",education,pt,31375.360063173845,21600,synthetic_from_historical_marginals_and_provisional_assumptions
baseline_659,27:518:99999:802794:1975:000000,27:519:99999:802794:0838:000000,37,male,False,51482.305001662105,"walk,pt,taxi,auto_rickshaw",other,auto_rickshaw,37956.79130490927,3600,synthetic_from_historical_marginals_and_provisional_assumptions
baseline_660,27:518:99999:802794:1769:000000,27:518:99999:802794:1460:000000,30,female,True,170291.3679406249,"walk,pt,taxi,auto_rickshaw",work,pt,30445.692802848967,28800,synthetic_from_historical_marginals_and_provisional_assumptions
baseline_661,27:518:99999:802794:2080:000000,27:518:99999:802794:1978:000000,35,female,False,33998.828279876914,"walk,pt,taxi,auto_rickshaw",other,pt,43017.35394085319,3600,synthetic_from_historical_marginals_and_provisional_assumptions
baseline_662,27:518:99999:802794:1048:000000,27:519:99999:802794:0837:000000,37,female,False,91630.20566785583,"walk,pt,taxi,auto_rickshaw",other,auto_rickshaw,37020.54579512211,3600,synthetic_from_historical_marginals_and_provisional_assumptions
baseline_663,27:518:99999:802794:2486:000000,27:518:99999:802794:2385:000000,43,male,True,55425.58504548211,"walk,pt,motorbike,taxi,auto_rickshaw",work,motorbike,34589.49128038009,28800,synthetic_from_historical_marginals_and_provisional_assumptions
baseline_664,27:518:99999:802794:1043:000000,27:519:99999:802794:0732:000000,44,female,False,49317.51178396833,"walk,pt,taxi,auto_rickshaw",other,auto_rickshaw,37800.647359623,3600,synthetic_from_historical_marginals_and_provisional_assumptions
baseline_665,27:518:99999:802794:1458:000000,27:518:99999:802794:1668:000000,52,male,True,30258.331634477552,"walk,pt,bike,taxi,auto_rickshaw",work,auto_rickshaw,33002.803098988836,28800,synthetic_from_historical_marginals_and_provisional_assumptions
baseline_666,27:518:99999:802794:2180:000000,27:518:99999:802794:2080:000000,26,female,False,30322.068163437685,"walk,pt,taxi,ride,auto_rickshaw",other,pt,38688.59808531317,3600,synthetic_from_historical_marginals_and_provisional_assumptions
baseline_667,27:519:99999:802794:0732:000000,27:519:99999:802794:0732:000000,28,male,False,119624.33053816254,"walk,pt,car,taxi,ride,auto_rickshaw",other,ride,43091.652814596266,3600,synthetic_from_historical_marginals_and_provisional_assumptions
baseline_668,27:518:99999:802794:2080:000000,27:518:99999:802794:2283:000000,7,female,False,12570.802466828809,"walk,pt",education,walk,25965.612277156542,21600,synthetic_from_historical_marginals_and_provisional_assumptions
baseline_669,27:520:04183:554822:0000:000000,27:520:04183:554810:0000:000000,9,female,False,23130.907892071267,"walk,pt,bike",education,bike,25437.982451319134,21600,synthetic_from_historical_marginals_and_provisional_assumptions
baseline_670,27:518:99999:802794:1459:000000,27:518:99999:802794:1564:000000,18,male,False,27630.19638179677,"walk,pt,taxi,auto_rickshaw",other,walk,42800.41930006194,3600,synthetic_from_historical_marginals_and_provisional_assumptions
baseline_671,27:520:04180:554460:0000:000000,27:520:04180:554460:0000:000000,1,male,False,27285.94650344601,"walk,pt",home_only,,0,0,synthetic_from_historical_marginals_and_provisional_assumptions
baseline_672,27:518:99999:802794:1978:000000,27:518:99999:802794:1978:000000,15,female,False,15479.903444356158,"walk,pt",education,pt,30453.045265839042,21600,synthetic_from_historical_marginals_and_provisional_assumptions
baseline_673,27:518:99999:802794:2080:000000,27:518:99999:802794:2080:000000,5,male,False,120210.22491788307,"walk,pt",home_only,,0,0,synthetic_from_historical_marginals_and_provisional_assumptions
baseline_674,27:518:99999:802794:2080:000000,27:518:99999:802794:2080:000000,8,male,False,20774.62195416321,"walk,pt,bike",education,walk,29589.063413936532,21600,synthetic_from_historical_marginals_and_provisional_assumptions
baseline_675,27:518:99999:802794:2080:000000,27:518:99999:802794:1352:000000,30,male,False,32005.87917206565,"walk,pt,taxi,auto_rickshaw",other,walk,39422.45392238694,3600,synthetic_from_historical_marginals_and_provisional_assumptions
baseline_676,27:517:04158:551616:0000:000000,27:517:04159:551783:0000:000000,27,male,True,29824.117533504996,"walk,pt,bike,taxi,auto_rickshaw",work,taxi,32456.92796686229,28800,synthetic_from_historical_marginals_and_provisional_assumptions
baseline_677,27:520:04185:555051:0000:000000,27:520:04185:555067:0000:000000,78,female,False,44169.12756796117,"walk,pt,taxi,auto_rickshaw",other,taxi,41051.7578897967,3600,synthetic_from_historical_marginals_and_provisional_assumptions
baseline_678,27:517:04171:553093:0000:000000,27:517:04168:552946:0000:000000,66,female,False,18596.063542215794,"walk,pt,taxi,auto_rickshaw",other,auto_rickshaw,42962.704956143105,3600,synthetic_from_historical_marginals_and_provisional_assumptions
baseline_679,27:518:99999:802794:2284:000000,27:518:99999:802794:1352:000000,31,female,True,51393.182411130896,"walk,pt,bike,taxi,auto_rickshaw",work,walk,31111.096368660605,28800,synthetic_from_historical_marginals_and_provisional_assumptions
baseline_680,27:520:04172:553307:0000:000000,27:520:04172:553353:0001:000000,30,female,False,12926.769590734788,"walk,pt,taxi,auto_rickshaw",other,auto_rickshaw,41910.716241685535,3600,synthetic_from_historical_marginals_and_provisional_assumptions
baseline_681,27:518:99999:802794:1460:000000,27:518:99999:802794:2080:000000,43,male,True,20055.379122278617,"walk,pt,taxi,auto_rickshaw",work,walk,33423.943875134,28800,synthetic_from_historical_marginals_and_provisional_assumptions
baseline_682,27:519:99999:802794:0933:000000,27:518:99999:802794:2080:000000,40,female,True,43468.41725289277,"walk,pt,motorbike,taxi,auto_rickshaw",work,motorbike,33167.17721476219,28800,synthetic_from_historical_marginals_and_provisional_assumptions
baseline_683,27:519:99999:802794:0838:000000,27:519:99999:802794:0836:000000,60,male,True,29147.657919415677,"walk,pt,taxi,auto_rickshaw",work,pt,29153.269502189592,28800,synthetic_from_historical_marginals_and_provisional_assumptions
baseline_684,27:518:99999:802794:1459:000000,27:518:99999:802794:1977:000000,51,male,True,14954.448474025992,"walk,pt,bike,taxi,auto_rickshaw",work,walk,29335.564543590714,28800,synthetic_from_historical_marginals_and_provisional_assumptions
baseline_685,27:518:99999:802794:1459:000000,27:518:99999:802794:2281:000000,49,female,True,57560.27043155156,"walk,pt,car,taxi,ride,auto_rickshaw",work,pt,31419.525256541023,28800,synthetic_from_historical_marginals_and_provisional_assumptions
baseline_686,27:518:99999:802794:2284:000000,27:518:99999:802794:2284:000000,2,female,False,13065.673966972432,"walk,pt,ride",home_only,,0,0,synthetic_from_historical_marginals_and_provisional_assumptions
baseline_687,27:518:99999:802794:2385:000000,27:518:99999:802794:1769:000000,50,female,False,49807.98254207946,"walk,pt,taxi,auto_rickshaw",other,taxi,37455.52691248032,3600,synthetic_from_historical_marginals_and_provisional_assumptions
baseline_688,27:520:04184:554879:0000:000000,27:520:04183:554806:0000:000000,13,female,False,54451.90703982748,"walk,pt",education,walk,30541.494013969987,21600,synthetic_from_historical_marginals_and_provisional_assumptions
baseline_689,27:518:99999:802794:1978:000000,27:518:99999:802794:1352:000000,31,male,True,76180.69597180116,"walk,pt,taxi,auto_rickshaw",work,pt,31446.25104305439,28800,synthetic_from_historical_marginals_and_provisional_assumptions
baseline_690,27:517:04166:552579:0000:000000,27:517:04166:552579:0000:000000,4,male,False,57651.14382577406,"walk,pt",home_only,,0,0,synthetic_from_historical_marginals_and_provisional_assumptions
baseline_691,27:519:99999:802794:0732:000000,27:519:99999:802794:0835:000000,76,male,False,27345.65468666065,"walk,pt,taxi,auto_rickshaw",other,auto_rickshaw,38125.61558392097,3600,synthetic_from_historical_marginals_and_provisional_assumptions
baseline_692,27:517:04163:552275:0000:000000,27:517:04162:552038:0000:000000,57,male,False,48959.983697483876,"walk,pt,taxi,auto_rickshaw",other,pt,42537.6144454492,3600,synthetic_from_historical_marginals_and_provisional_assumptions
baseline_693,27:519:99999:802794:0933:000000,27:518:99999:802794:2282:000000,20,male,True,31854.77395678537,"walk,pt,taxi,auto_rickshaw",work,walk,33928.33058263763,28800,synthetic_from_historical_marginals_and_provisional_assumptions
baseline_694,27:517:04166:552534:0000:000000,27:518:99999:802794:1145:000000,38,male,True,20593.585839086063,"walk,pt,taxi,auto_rickshaw",work,pt,32350.809252028295,28800,synthetic_from_historical_marginals_and_provisional_assumptions
baseline_695,27:518:99999:802794:1975:000000,27:518:99999:802794:1045:000000,19,female,False,22933.235699101944,"walk,pt,taxi,auto_rickshaw",other,pt,42469.949320310225,3600,synthetic_from_historical_marginals_and_provisional_assumptions
baseline_696,27:518:99999:802794:1564:000000,27:518:99999:802794:1564:000000,5,female,False,8869.941260740889,"walk,pt,ride",home_only,,0,0,synthetic_from_historical_marginals_and_provisional_assumptions
baseline_697,27:519:99999:802794:0836:000000,27:518:99999:802794:1045:000000,66,male,False,71351.43205005616,"walk,pt,bike,taxi,auto_rickshaw",other,walk,36253.94773993367,3600,synthetic_from_historical_marginals_and_provisional_assumptions
baseline_698,27:520:04173:553514:0001:000000,27:520:04173:553514:0001:000000,9,female,False,8713.04982387726,"walk,pt,bike",education,bike,32275.845665517983,21600,synthetic_from_historical_marginals_and_provisional_assumptions
baseline_699,27:518:99999:802794:2179:000000,27:518:99999:802794:2384:000000,68,female,False,88217.7128022592,"walk,pt,taxi,auto_rickshaw",other,pt,40127.14415416774,3600,synthetic_from_historical_marginals_and_provisional_assumptions
baseline_700,27:518:99999:802794:1141:000000,27:518:99999:802794:1256:000000,36,female,True,35386.037226143206,"walk,pt,car,bike,taxi,ride,auto_rickshaw",work,walk,30741.345344537032,28800,synthetic_from_historical_marginals_and_provisional_assumptions
baseline_701,27:520:04175:553773:0000:000000,27:518:99999:802794:2179:000000,31,female,True,57402.53521468328,"walk,pt,taxi,auto_rickshaw",work,taxi,29073.508918784202,28800,synthetic_from_historical_marginals_and_provisional_assumptions
baseline_702,27:520:04182:554739:0000:000000,27:520:04179:554341:0000:000000,93,female,False,23010.361959435708,"walk,pt,taxi,auto_rickshaw",other,auto_rickshaw,37662.79800385082,3600,synthetic_from_historical_marginals_and_provisional_assumptions
baseline_703,27:518:99999:802794:1460:000000,27:518:99999:802794:1357:000000,48,female,True,26573.751373745014,"walk,pt,taxi,auto_rickshaw",work,walk,35253.98062551482,28800,synthetic_from_historical_marginals_and_provisional_assumptions
baseline_704,27:517:04158:551654:0000:000000,27:517:04164:552402:0000:000000,44,female,True,99968.87380199297,"walk,pt,taxi,auto_rickshaw",work,pt,32278.99024431804,28800,synthetic_from_historical_marginals_and_provisional_assumptions
baseline_705,27:518:99999:802794:2384:000000,27:519:99999:802794:0525:000000,27,male,True,16080.775861990749,"walk,pt,taxi,auto_rickshaw",work,walk,34299.40560170656,28800,synthetic_from_historical_marginals_and_provisional_assumptions
baseline_706,27:519:99999:802794:0731:000000,27:518:99999:802794:2179:000000,36,female,True,40200.6550198347,"walk,pt,taxi,auto_rickshaw",work,auto_rickshaw,30975.777525063924,28800,synthetic_from_historical_marginals_and_provisional_assumptions
baseline_707,27:518:99999:802794:1141:000000,27:518:99999:802794:1249:000000,56,male,False,9079.43285379225,"walk,pt,taxi,auto_rickshaw",other,pt,39064.155815104314,3600,synthetic_from_historical_marginals_and_provisional_assumptions
baseline_708,27:520:04174:553685:0000:000000,27:520:04175:553761:0000:000000,6,female,False,56290.90444709233,"walk,pt",education,walk,30257.12968184855,21600,synthetic_from_historical_marginals_and_provisional_assumptions
baseline_709,27:519:99999:802794:0209:000000,27:519:99999:802794:0525:000000,10,female,False,9962.70181224658,"walk,pt",education,pt,25559.403701425723,21600,synthetic_from_historical_marginals_and_provisional_assumptions
baseline_710,27:518:99999:802794:1048:000000,27:519:99999:802794:0629:000000,37,female,True,17814.570854909718,"walk,pt,taxi,auto_rickshaw",work,walk,35933.983108442306,28800,synthetic_from_historical_marginals_and_provisional_assumptions
baseline_711,27:517:04168:552998:0000:000000,27:517:04168:552998:0000:000000,3,male,False,16200.287504943022,"walk,pt",home_only,,0,0,synthetic_from_historical_marginals_and_provisional_assumptions
baseline_712,27:520:04181:554674:0000:000000,27:520:04181:554701:0000:000000,11,female,False,69393.9269794169,"walk,pt",education,walk,31623.06105826074,21600,synthetic_from_historical_marginals_and_provisional_assumptions
baseline_713,27:519:99999:802794:0312:000000,27:519:99999:802794:0416:000000,6,female,False,12519.139340033464,"walk,pt",education,pt,26492.96741801818,21600,synthetic_from_historical_marginals_and_provisional_assumptions
baseline_714,27:517:04166:552687:0001:000000,27:517:04168:552984:0000:000000,56,male,False,53148.78292844376,"walk,pt,taxi,auto_rickshaw",other,taxi,41705.861789284856,3600,synthetic_from_historical_marginals_and_provisional_assumptions
baseline_715,27:518:99999:802794:2281:000000,27:518:99999:802794:1458:000000,25,female,True,22387.11460167489,"walk,pt,taxi,auto_rickshaw",work,auto_rickshaw,32136.83731925749,28800,synthetic_from_historical_marginals_and_provisional_assumptions
baseline_716,27:518:99999:802794:2080:000000,27:518:99999:802794:1142:000000,18,female,False,32521.886786617586,"walk,pt,taxi,auto_rickshaw",other,pt,41398.00981076658,3600,synthetic_from_historical_marginals_and_provisional_assumptions
baseline_717,27:518:99999:802794:1978:000000,27:518:99999:802794:2080:000000,45,male,False,55028.28143022125,"walk,pt,bike,taxi,auto_rickshaw",other,walk,36833.71200206662,3600,synthetic_from_historical_marginals_and_provisional_assumptions
baseline_718,27:518:99999:802794:2486:000000,27:518:99999:802794:1255:000000,17,male,False,8263.768867793196,"walk,pt",education,pt,28615.32324500547,21600,synthetic_from_historical_marginals_and_provisional_assumptions
baseline_719,27:518:99999:802794:1563:000000,27:518:99999:802794:1667:000000,41,male,False,32791.318404800026,"walk,pt,car,taxi,ride,auto_rickshaw",other,auto_rickshaw,38742.37776614796,3600,synthetic_from_historical_marginals_and_provisional_assumptions
baseline_720,27:518:99999:802794:1770:000000,27:518:99999:802794:1975:000000,48,female,True,21325.502121281646,"walk,pt,taxi,auto_rickshaw",work,taxi,28933.23253299489,28800,synthetic_from_historical_marginals_and_provisional_assumptions
baseline_721,27:518:99999:802794:1873:000000,27:518:99999:802794:1459:000000,49,male,False,82367.41274090574,"walk,pt,car,taxi,ride,auto_rickshaw",other,pt,42815.75317298967,3600,synthetic_from_historical_marginals_and_provisional_assumptions
baseline_722,27:518:99999:802794:1256:000000,27:518:99999:802794:2281:000000,29,female,True,14566.068987826935,"walk,pt,motorbike,taxi,auto_rickshaw",work,auto_rickshaw,35973.177078970926,28800,synthetic_from_historical_marginals_and_provisional_assumptions
baseline_723,27:519:99999:802794:0933:000000,27:518:99999:802794:2179:000000,47,male,True,25727.763690227865,"walk,pt,motorbike,taxi,auto_rickshaw",work,taxi,32440.95283172891,28800,synthetic_from_historical_marginals_and_provisional_assumptions
baseline_724,27:519:99999:802794:0732:000000,27:519:99999:802794:0933:000000,12,female,False,65845.95495155232,"walk,pt,ride",education,walk,28350.835327845878,21600,synthetic_from_historical_marginals_and_provisional_assumptions
baseline_725,27:520:04174:553622:0000:000000,27:520:04174:553624:0000:000000,25,male,False,35808.65014300233,"walk,pt,bike,motorbike,taxi,auto_rickshaw",other,taxi,41973.25497522013,3600,synthetic_from_historical_marginals_and_provisional_assumptions
baseline_726,27:518:99999:802794:2080:000000,27:518:99999:802794:2179:000000,37,female,True,11602.69576060595,"walk,pt,taxi,auto_rickshaw",work,walk,31327.801256982777,28800,synthetic_from_historical_marginals_and_provisional_assumptions
baseline_727,27:519:99999:802794:0628:000000,27:518:99999:802794:1043:000000,19,male,True,19792.4400735818,"walk,pt,taxi,auto_rickshaw",work,taxi,29089.91109357333,28800,synthetic_from_historical_marginals_and_provisional_assumptions
baseline_728,27:520:04174:553616:0000:000000,27:517:04171:553108:0000:000000,28,female,True,38231.446338124915,"walk,pt,taxi,auto_rickshaw",work,pt,28821.351330984042,28800,synthetic_from_historical_marginals_and_provisional_assumptions
baseline_729,27:518:99999:802794:2179:000000,27:518:99999:802794:1978:000000,9,male,False,53497.14546709542,"walk,pt",education,walk,30676.44080554648,21600,synthetic_from_historical_marginals_and_provisional_assumptions
baseline_730,27:518:99999:802794:1256:000000,27:518:99999:802794:1977:000000,28,male,True,12467.319306198397,"walk,pt,taxi,auto_rickshaw",work,walk,30225.94619253609,28800,synthetic_from_historical_marginals_and_provisional_assumptions
baseline_731,27:519:99999:802794:0732:000000,27:518:99999:802794:1564:000000,27,male,False,9187.613104747608,"walk,pt,car,taxi,ride,auto_rickshaw",other,walk,41656.85376840287,3600,synthetic_from_historical_marginals_and_provisional_assumptions
baseline_732,27:520:04177:554001:0000:000000,27:519:99999:802794:0523:000000,33,male,True,31615.518834241495,"walk,pt,taxi,auto_rickshaw",work,auto_rickshaw,31933.555597550192,28800,synthetic_from_historical_marginals_and_provisional_assumptions
baseline_733,27:518:99999:802794:1045:000000,27:519:99999:802794:0420:000000,18,male,True,15697.647585774555,"walk,pt,taxi,auto_rickshaw",work,taxi,31162.870035641983,28800,synthetic_from_historical_marginals_and_provisional_assumptions
baseline_734,27:518:99999:802794:1667:000000,27:518:99999:802794:1770:000000,27,male,False,47100.2798476743,"walk,pt,taxi,auto_rickshaw",other,taxi,42979.86857623004,3600,synthetic_from_historical_marginals_and_provisional_assumptions
baseline_735,27:517:04166:552485:0000:000000,27:519:99999:802794:0527:000000,32,male,True,40535.308113756204,"walk,pt,taxi,auto_rickshaw",work,pt,35522.58877627399,28800,synthetic_from_historical_marginals_and_provisional_assumptions
baseline_736,27:519:99999:802794:0933:000000,27:518:99999:802794:1048:000000,36,male,True,36147.61740996258,"walk,pt,taxi,auto_rickshaw",work,pt,33115.14352372274,28800,synthetic_from_historical_marginals_and_provisional_assumptions
baseline_737,27:518:99999:802794:2385:000000,27:517:04166:552667:0000:000000,26,male,True,17017.12372401755,"walk,pt,bike,taxi,auto_rickshaw",work,pt,35251.4036845307,28800,synthetic_from_historical_marginals_and_provisional_assumptions
baseline_738,27:518:99999:802794:1141:000000,27:518:99999:802794:2179:000000,39,male,True,9904.858717589745,"walk,pt,motorbike,taxi,auto_rickshaw",work,motorbike,34924.9379862416,28800,synthetic_from_historical_marginals_and_provisional_assumptions
baseline_739,27:520:04185:554980:0000:000000,27:520:04181:554633:0000:000000,46,female,True,61547.806088902355,"walk,pt,taxi,auto_rickshaw",work,pt,33716.03650647356,28800,synthetic_from_historical_marginals_and_provisional_assumptions
baseline_740,27:517:04158:551615:0000:000000,27:517:04158:551608:0000:000000,57,male,False,19815.40149756586,"walk,pt,taxi,auto_rickshaw",other,auto_rickshaw,36305.52070019409,3600,synthetic_from_historical_marginals_and_provisional_assumptions
baseline_741,27:520:04185:554992:0000:000000,27:520:04185:555105:0000:000000,64,female,False,133158.0431210721,"walk,pt,taxi,auto_rickshaw",other,walk,40439.42126603376,3600,synthetic_from_historical_marginals_and_provisional_assumptions
baseline_742,27:518:99999:802794:2283:000000,27:518:99999:802794:1977:000000,8,female,False,99869.69156087087,"walk,pt",education,walk,32109.828574174837,21600,synthetic_from_historical_marginals_and_provisional_assumptions
baseline_743,27:519:99999:802794:0101:000000,27:519:99999:802794:0420:000000,24,male,True,8950.086479332324,"walk,pt,taxi,auto_rickshaw",work,auto_rickshaw,35517.099336927306,28800,synthetic_from_historical_marginals_and_provisional_assumptions
baseline_744,27:518:99999:802794:1256:000000,27:518:99999:802794:1564:000000,6,male,False,11140.244893356632,"walk,pt",education,walk,27193.960450800878,21600,synthetic_from_historical_marginals_and_provisional_assumptions
baseline_745,27:520:04173:553363:0000:000000,27:520:04173:553514:0001:000000,21,male,False,9736.769229446214,"walk,pt,taxi,auto_rickshaw",other,taxi,41571.91793824103,3600,synthetic_from_historical_marginals_and_provisional_assumptions
baseline_746,27:518:99999:802794:2080:000000,27:518:99999:802794:1255:000000,38,male,False,30083.82098627847,"walk,pt,car,taxi,ride,auto_rickshaw",other,car,37679.73523754664,3600,synthetic_from_historical_marginals_and_provisional_assumptions
baseline_747,27:520:04174:553652:0000:000000,27:518:99999:802794:2080:000000,27,female,True,14240.638824044254,"walk,pt,bike,taxi,auto_rickshaw",work,walk,31038.178009969706,28800,synthetic_from_historical_marginals_and_provisional_assumptions
baseline_748,27:519:99999:802794:0933:000000,27:518:99999:802794:1139:000000,20,male,True,34879.84895211431,"walk,pt,taxi,auto_rickshaw",work,auto_rickshaw,29859.949617226895,28800,synthetic_from_historical_marginals_and_provisional_assumptions
baseline_749,27:519:99999:802794:0836:000000,27:519:99999:802794:0836:000000,3,female,False,28205.587321361407,"walk,pt,ride",home_only,,0,0,synthetic_from_historical_marginals_and_provisional_assumptions
baseline_750,27:519:99999:802794:0315:000000,27:519:99999:802794:0526:000000,8,female,False,51384.8684207087,"walk,pt",education,walk,28206.040577941,21600,synthetic_from_historical_marginals_and_provisional_assumptions
baseline_751,27:520:04173:553514:0001:000000,27:520:04173:553514:0001:000000,12,male,False,12428.1677241843,"walk,pt,bike",education,pt,31072.94698361533,21600,synthetic_from_historical_marginals_and_provisional_assumptions
baseline_752,27:520:04173:553513:0001:000000,27:518:99999:802794:2080:000000,52,female,False,76884.9971125958,"walk,pt,taxi,auto_rickshaw",other,auto_rickshaw,39535.92089981023,3600,synthetic_from_historical_marginals_and_provisional_assumptions
baseline_753,27:518:99999:802794:1873:000000,27:518:99999:802794:1564:000000,19,female,True,25492.088362440234,"walk,pt,motorbike,taxi,auto_rickshaw",work,pt,30396.26930319675,28800,synthetic_from_historical_marginals_and_provisional_assumptions
baseline_754,27:518:99999:802794:1769:000000,27:518:99999:802794:1565:000000,52,male,False,40516.40885151509,"walk,pt,taxi,auto_rickshaw",other,taxi,40301.821940945956,3600,synthetic_from_historical_marginals_and_provisional_assumptions
baseline_755,27:517:04167:552843:0000:000000,27:517:04167:552843:0000:000000,2,female,False,43363.526008919645,"walk,pt",home_only,,0,0,synthetic_from_historical_marginals_and_provisional_assumptions
baseline_756,27:518:99999:802794:1564:000000,27:518:99999:802794:1773:000000,15,female,False,33290.29288741803,"walk,pt",education,walk,25654.173753421714,21600,synthetic_from_historical_marginals_and_provisional_assumptions
baseline_757,27:518:99999:802794:1352:000000,27:518:99999:802794:1352:000000,2,female,False,18456.95662458039,"walk,pt",home_only,,0,0,synthetic_from_historical_marginals_and_provisional_assumptions
baseline_758,27:520:04181:554583:0000:000000,27:520:04181:554567:0000:000000,61,male,True,16311.228578690017,"walk,pt,motorbike,taxi,auto_rickshaw",work,auto_rickshaw,29015.58391799566,28800,synthetic_from_historical_marginals_and_provisional_assumptions
baseline_759,27:518:99999:802794:1562:000000,27:518:99999:802794:1667:000000,15,male,False,55357.3801701618,"walk,pt",education,walk,29765.036273991154,21600,synthetic_from_historical_marginals_and_provisional_assumptions
baseline_760,27:518:99999:802794:2385:000000,27:518:99999:802794:2179:000000,38,female,False,34876.83538767872,"walk,pt,car,taxi,ride,auto_rickshaw",other,car,37714.64081015724,3600,synthetic_from_historical_marginals_and_provisional_assumptions
baseline_761,27:518:99999:802794:2080:000000,27:518:99999:802794:1562:000000,53,female,True,32527.821301265783,"walk,pt,taxi,auto_rickshaw",work,walk,32382.151370369524,28800,synthetic_from_historical_marginals_and_provisional_assumptions
baseline_762,27:518:99999:802794:1045:000000,27:519:99999:802794:0933:000000,71,female,False,20920.8891985519,"walk,pt,motorbike,taxi,auto_rickshaw",other,motorbike,41272.02136076121,3600,synthetic_from_historical_marginals_and_provisional_assumptions
baseline_763,27:518:99999:802794:1143:000000,27:518:99999:802794:1144:000000,11,female,False,10110.346334740207,"walk,pt",education,walk,27107.29236562863,21600,synthetic_from_historical_marginals_and_provisional_assumptions
baseline_764,27:520:04173:553501:0000:000000,27:520:04172:553333:0000:000000,27,female,False,98063.85536769996,"walk,pt,taxi,auto_rickshaw",other,pt,36622.55406220905,3600,synthetic_from_historical_marginals_and_provisional_assumptions
baseline_765,27:518:99999:802794:1769:000000,27:518:99999:802794:1773:000000,11,male,False,74938.33781798847,"walk,pt",education,walk,32331.304894452624,21600,synthetic_from_historical_marginals_and_provisional_assumptions
baseline_766,27:520:04175:553745:0000:000000,27:520:04175:553762:0000:000000,39,male,True,13979.642515680594,"walk,pt,taxi,auto_rickshaw",work,walk,30738.746574296612,28800,synthetic_from_historical_marginals_and_provisional_assumptions
baseline_767,27:518:99999:802794:2385:000000,27:518:99999:802794:1144:000000,50,male,False,10032.671562153555,"walk,pt,car,taxi,ride,auto_rickshaw",other,car,37804.32092640074,3600,synthetic_from_historical_marginals_and_provisional_assumptions
baseline_768,27:518:99999:802794:1769:000000,27:518:99999:802794:1870:000000,7,male,False,9418.019798790789,"walk,pt",education,pt,26610.111625763024,21600,synthetic_from_historical_marginals_and_provisional_assumptions
baseline_769,27:518:99999:802794:2080:000000,27:518:99999:802794:2080:000000,1,male,False,24306.518358677655,"walk,pt",home_only,,0,0,synthetic_from_historical_marginals_and_provisional_assumptions
baseline_770,27:518:99999:802794:1773:000000,27:518:99999:802794:1565:000000,63,male,True,63245.98884401524,"walk,pt,taxi,auto_rickshaw",work,pt,30626.390165291716,28800,synthetic_from_historical_marginals_and_provisional_assumptions
baseline_771,27:518:99999:802794:1873:000000,27:518:99999:802794:1769:000000,58,male,False,14956.584481926451,"walk,pt,taxi,auto_rickshaw",other,walk,40236.091183084645,3600,synthetic_from_historical_marginals_and_provisional_assumptions
baseline_772,27:518:99999:802794:1256:000000,27:518:99999:802794:1668:000000,48,male,False,34677.180922604086,"walk,pt,taxi,auto_rickshaw",other,auto_rickshaw,36038.44598386179,3600,synthetic_from_historical_marginals_and_provisional_assumptions
baseline_773,27:518:99999:802794:1668:000000,27:518:99999:802794:1668:000000,16,female,False,29319.439601652517,"walk,pt",education,walk,28665.195527210202,21600,synthetic_from_historical_marginals_and_provisional_assumptions
baseline_774,27:518:99999:802794:1874:000000,27:518:99999:802794:2487:000000,23,male,False,16451.419572440303,"walk,pt,bike,taxi,auto_rickshaw",other,taxi,39784.66076821561,3600,synthetic_from_historical_marginals_and_provisional_assumptions
baseline_775,27:518:99999:802794:1353:000000,27:518:99999:802794:1565:000000,32,female,False,11676.428136439525,"walk,pt,taxi,auto_rickshaw",other,pt,37863.062132950916,3600,synthetic_from_historical_marginals_and_provisional_assumptions
baseline_776,27:518:99999:802794:1978:000000,27:518:99999:802794:1975:000000,12,female,False,41454.60319773172,"walk,pt",education,walk,30942.21046661954,21600,synthetic_from_historical_marginals_and_provisional_assumptions
baseline_777,27:518:99999:802794:1564:000000,27:518:99999:802794:2385:000000,67,male,False,72239.51289617855,"walk,pt,taxi,auto_rickshaw",other,taxi,40883.91023725778,3600,synthetic_from_historical_marginals_and_provisional_assumptions
baseline_778,27:517:04171:553244:0000:000000,27:517:04167:552810:0000:000000,27,male,True,50422.81257154819,"walk,pt,taxi,auto_rickshaw",work,auto_rickshaw,29354.797590026057,28800,synthetic_from_historical_marginals_and_provisional_assumptions
baseline_779,27:520:04174:553609:0000:000000,27:520:04174:553618:0000:000000,14,male,False,54245.96159030467,"walk,pt",education,walk,27289.373139179173,21600,synthetic_from_historical_marginals_and_provisional_assumptions
baseline_780,27:517:04168:552996:0000:000000,27:517:04168:552984:0000:000000,8,male,False,34551.252734812806,"walk,pt",education,pt,25999.558250030517,21600,synthetic_from_historical_marginals_and_provisional_assumptions
baseline_781,27:519:99999:802794:0105:000000,27:519:99999:802794:0527:000000,69,female,False,24019.529457655713,"walk,pt,taxi,auto_rickshaw",other,pt,37891.40529243179,3600,synthetic_from_historical_marginals_and_provisional_assumptions
baseline_782,27:519:99999:802794:0732:000000,27:519:99999:802794:0732:000000,20,female,True,11131.670729883455,"walk,pt,taxi,auto_rickshaw",work,pt,34365.01014155809,28800,synthetic_from_historical_marginals_and_provisional_assumptions
baseline_783,27:518:99999:802794:2384:000000,27:518:99999:802794:2080:000000,60,female,False,15030.89103358913,"walk,pt,taxi,auto_rickshaw",other,pt,39598.72597782893,3600,synthetic_from_historical_marginals_and_provisional_assumptions
baseline_784,27:517:04157:551559:0000:000000,27:517:04157:551559:0000:000000,5,male,False,15876.992765782285,"walk,pt",home_only,,0,0,synthetic_from_historical_marginals_and_provisional_assumptions
baseline_785,27:518:99999:802794:1773:000000,27:518:99999:802794:1458:000000,25,female,False,94892.12328768506,"walk,pt,car,motorbike,taxi,ride,auto_rickshaw",other,car,36916.67438149176,3600,synthetic_from_historical_marginals_and_provisional_assumptions
baseline_786,27:519:99999:802794:0629:000000,27:518:99999:802794:1351:000000,62,female,True,23719.810480375334,"walk,pt,taxi,auto_rickshaw",work,taxi,30723.582254504207,28800,synthetic_from_historical_marginals_and_provisional_assumptions
baseline_787,27:519:99999:802794:0101:000000,27:519:99999:802794:0101:000000,14,female,False,9798.388095948647,"walk,pt,bike,ride",education,pt,30959.706382837576,21600,synthetic_from_historical_marginals_and_provisional_assumptions
baseline_788,27:519:99999:802794:0421:000000,27:519:99999:802794:0421:000000,22,male,True,24891.350450484315,"walk,pt,taxi,auto_rickshaw",work,taxi,34022.98992774973,28800,synthetic_from_historical_marginals_and_provisional_assumptions
baseline_789,27:518:99999:802794:1147:000000,27:518:99999:802794:1147:000000,53,female,True,27617.063801174692,"walk,pt,taxi,auto_rickshaw",work,auto_rickshaw,30186.92524159881,28800,synthetic_from_historical_marginals_and_provisional_assumptions
baseline_790,27:518:99999:802794:1353:000000,27:518:99999:802794:1978:000000,64,male,True,21538.717745005983,"walk,pt,bike,taxi,auto_rickshaw",work,bike,35405.05805937234,28800,synthetic_from_historical_marginals_and_provisional_assumptions
baseline_791,27:518:99999:802794:2384:000000,27:518:99999:802794:2282:000000,15,male,False,36600.19408885956,"walk,pt",education,walk,32126.214677326127,21600,synthetic_from_historical_marginals_and_provisional_assumptions
baseline_792,27:518:99999:802794:2487:000000,27:518:99999:802794:2385:000000,56,male,False,26881.635571456525,"walk,pt,car,taxi,ride,auto_rickshaw",other,walk,40204.12899393177,3600,synthetic_from_historical_marginals_and_provisional_assumptions
baseline_793,27:518:99999:802794:1352:000000,27:519:99999:802794:0420:000000,21,female,True,34229.87711609314,"walk,pt,taxi,auto_rickshaw",work,auto_rickshaw,34769.44944427126,28800,synthetic_from_historical_marginals_and_provisional_assumptions
baseline_794,27:519:99999:802794:0933:000000,27:519:99999:802794:0732:000000,28,male,False,27527.50395402384,"walk,pt,taxi,auto_rickshaw",other,auto_rickshaw,39130.85358019358,3600,synthetic_from_historical_marginals_and_provisional_assumptions
baseline_795,27:518:99999:802794:2080:000000,27:518:99999:802794:1978:000000,24,female,False,15758.375997970219,"walk,pt,car,taxi,ride,auto_rickshaw",other,car,41255.8895691393,3600,synthetic_from_historical_marginals_and_provisional_assumptions
baseline_796,27:519:99999:802794:0933:000000,27:519:99999:802794:0421:000000,19,female,True,43283.51039934174,"walk,pt,taxi,auto_rickshaw",work,taxi,32988.277879246794,28800,synthetic_from_historical_marginals_and_provisional_assumptions
baseline_797,27:518:99999:802794:1564:000000,27:518:99999:802794:1048:000000,23,female,True,18385.90019366138,"walk,pt,taxi,auto_rickshaw",work,pt,35469.34883312188,28800,synthetic_from_historical_marginals_and_provisional_assumptions
baseline_798,27:517:04158:551582:0000:000000,27:517:04158:551598:0000:000000,47,female,True,26638.56833361471,"walk,pt,taxi,auto_rickshaw",work,auto_rickshaw,31176.45711579948,28800,synthetic_from_historical_marginals_and_provisional_assumptions
baseline_799,27:518:99999:802794:1139:000000,27:519:99999:802794:0933:000000,31,male,False,13285.134739260468,"walk,pt,bike,taxi,auto_rickshaw",other,taxi,41855.80330431552,3600,synthetic_from_historical_marginals_and_provisional_assumptions
baseline_800,27:518:99999:802794:2080:000000,27:518:99999:802794:2384:000000,29,female,False,63069.21373602259,"walk,pt,bike,taxi,auto_rickshaw",other,auto_rickshaw,38860.16716698397,3600,synthetic_from_historical_marginals_and_provisional_assumptions
baseline_801,27:517:04167:552733:0000:000000,27:517:04167:552733:0000:000000,1,male,False,11440.36018360728,"walk,pt",home_only,,0,0,synthetic_from_historical_marginals_and_provisional_assumptions
baseline_802,27:518:99999:802794:2080:000000,27:518:99999:802794:2179:000000,22,female,True,79961.40467479259,"walk,pt,taxi,auto_rickshaw",work,taxi,29436.84511858,28800,synthetic_from_historical_marginals_and_provisional_assumptions
baseline_803,27:519:99999:802794:0933:000000,27:518:99999:802794:2281:000000,24,female,True,22571.132412597704,"walk,pt,taxi,auto_rickshaw",work,taxi,35082.831847070396,28800,synthetic_from_historical_marginals_and_provisional_assumptions
baseline_804,27:518:99999:802794:1769:000000,27:518:99999:802794:1352:000000,31,female,True,72851.18902642603,"walk,pt,taxi,auto_rickshaw",work,pt,34571.251498716956,28800,synthetic_from_historical_marginals_and_provisional_assumptions
baseline_805,27:517:04168:552951:0000:000000,27:517:04162:552097:0000:000000,34,male,True,48476.67221069301,"walk,pt,taxi,auto_rickshaw",work,walk,32952.81196827996,28800,synthetic_from_historical_marginals_and_provisional_assumptions
baseline_806,27:520:04173:553448:0000:000000,27:518:99999:802794:1256:000000,37,male,True,59216.53982319149,"walk,pt,bike,taxi,auto_rickshaw",work,auto_rickshaw,33336.4650850739,28800,synthetic_from_historical_marginals_and_provisional_assumptions
baseline_807,27:518:99999:802794:1249:000000,27:518:99999:802794:1249:000000,10,male,False,17733.08807257368,"walk,pt,bike",education,bike,28077.806233952848,21600,synthetic_from_historical_marginals_and_provisional_assumptions
baseline_808,27:517:04166:552651:0000:000000,27:517:04166:552643:0000:000000,37,female,False,37335.781944248956,"walk,pt,taxi,auto_rickshaw",other,walk,36783.294832144675,3600,synthetic_from_historical_marginals_and_provisional_assumptions
baseline_809,27:518:99999:802794:1255:000000,27:518:99999:802794:2080:000000,37,female,False,43168.20875726391,"walk,pt,bike,taxi,auto_rickshaw",other,taxi,42740.78566205438,3600,synthetic_from_historical_marginals_and_provisional_assumptions
baseline_810,27:518:99999:802794:1978:000000,27:518:99999:802794:1978:000000,1,female,False,40243.722487253246,"walk,pt",home_only,,0,0,synthetic_from_historical_marginals_and_provisional_assumptions
baseline_811,27:518:99999:802794:2179:000000,27:518:99999:802794:1564:000000,25,male,True,64112.61303154415,"walk,pt,car,taxi,ride,auto_rickshaw",work,ride,35720.99073979446,28800,synthetic_from_historical_marginals_and_provisional_assumptions
baseline_812,27:518:99999:802794:1978:000000,27:518:99999:802794:1978:000000,2,female,False,22341.97570686678,"walk,pt",home_only,,0,0,synthetic_from_historical_marginals_and_provisional_assumptions
baseline_813,27:518:99999:802794:1045:000000,27:519:99999:802794:0838:000000,50,male,False,21602.55932216001,"walk,pt,bike,taxi,auto_rickshaw",other,auto_rickshaw,42738.230010395026,3600,synthetic_from_historical_marginals_and_provisional_assumptions
baseline_814,27:518:99999:802794:1045:000000,27:518:99999:802794:1352:000000,62,male,True,26906.357731959884,"walk,pt,motorbike,taxi,auto_rickshaw",work,pt,30663.733013638648,28800,synthetic_from_historical_marginals_and_provisional_assumptions
baseline_815,27:520:04185:555124:0000:000000,27:520:04185:555117:0000:000000,90,male,False,20703.44636324488,"walk,pt,taxi,auto_rickshaw",other,pt,42237.8647127154,3600,synthetic_from_historical_marginals_and_provisional_assumptions
baseline_816,27:519:99999:802794:0732:000000,27:519:99999:802794:0732:000000,34,female,False,42430.950334387075,"walk,pt,taxi,auto_rickshaw",other,walk,40573.62919803591,3600,synthetic_from_historical_marginals_and_provisional_assumptions
baseline_817,27:518:99999:802794:1048:000000,27:519:99999:802794:0732:000000,29,female,False,42467.27639961621,"walk,pt,taxi,auto_rickshaw",other,walk,36283.05182814421,3600,synthetic_from_historical_marginals_and_provisional_assumptions
baseline_818,27:518:99999:802794:1460:000000,27:518:99999:802794:1353:000000,64,male,False,19793.904495003957,"walk,pt,taxi,auto_rickshaw",other,taxi,42500.766424971574,3600,synthetic_from_historical_marginals_and_provisional_assumptions
baseline_819,27:518:99999:802794:1870:000000,27:518:99999:802794:1874:000000,26,male,False,63288.34123376498,"walk,pt,taxi,auto_rickshaw",other,taxi,42599.314731796076,3600,synthetic_from_historical_marginals_and_provisional_assumptions
baseline_820,27:519:99999:802794:0416:000000,27:519:99999:802794:0933:000000,21,male,True,18042.469812123236,"walk,pt,taxi,auto_rickshaw",work,taxi,34195.76980900815,28800,synthetic_from_historical_marginals_and_provisional_assumptions
baseline_821,27:518:99999:802794:1978:000000,27:519:99999:802794:0732:000000,29,male,True,5119.389106870152,"walk,pt,motorbike,taxi,auto_rickshaw",work,taxi,34483.93380299887,28800,synthetic_from_historical_marginals_and_provisional_assumptions
baseline_822,27:518:99999:802794:2179:000000,27:518:99999:802794:1978:000000,10,male,False,148607.68363055243,"walk,pt",education,pt,30722.18831280045,21600,synthetic_from_historical_marginals_and_provisional_assumptions
baseline_823,27:518:99999:802794:2487:000000,27:518:99999:802794:2487:000000,37,female,False,63063.66190495996,"walk,pt,bike,taxi,auto_rickshaw",other,bike,39489.10288773857,3600,synthetic_from_historical_marginals_and_provisional_assumptions
baseline_824,27:518:99999:802794:1562:000000,27:518:99999:802794:1978:000000,52,male,False,13571.506042919887,"walk,pt,taxi,auto_rickshaw",other,pt,42705.76420594498,3600,synthetic_from_historical_marginals_and_provisional_assumptions
baseline_825,27:518:99999:802794:2179:000000,27:519:99999:802794:0523:000000,21,male,True,25912.862829302063,"walk,pt,car,taxi,ride,auto_rickshaw",work,car,34515.95513308692,28800,synthetic_from_historical_marginals_and_provisional_assumptions
baseline_826,27:518:99999:802794:2080:000000,27:518:99999:802794:2080:000000,5,male,False,98253.28222319904,"walk,pt,ride",home_only,,0,0,synthetic_from_historical_marginals_and_provisional_assumptions
baseline_827,27:520:04173:553470:0000:000000,27:520:04175:553818:0001:000000,13,female,False,40499.281016109046,"walk,pt",education,pt,28045.999507808076,21600,synthetic_from_historical_marginals_and_provisional_assumptions
baseline_828,27:518:99999:802794:1667:000000,27:518:99999:802794:1564:000000,49,male,False,72507.402355273,"walk,pt,taxi,auto_rickshaw",other,auto_rickshaw,40600.570373113085,3600,synthetic_from_historical_marginals_and_provisional_assumptions
baseline_829,27:518:99999:802794:1773:000000,27:517:04163:552262:0000:000000,34,male,True,47176.650496309805,"walk,pt,taxi,auto_rickshaw",work,taxi,29394.012032241408,28800,synthetic_from_historical_marginals_and_provisional_assumptions
baseline_830,27:517:04166:552646:0000:000000,27:517:04166:552682:0001:000000,15,female,False,12837.327258425392,"walk,pt",education,pt,26033.247165036948,21600,synthetic_from_historical_marginals_and_provisional_assumptions
baseline_831,27:518:99999:802794:1352:000000,27:518:99999:802794:1357:000000,38,female,True,10954.999573775785,"walk,pt,taxi,auto_rickshaw",work,auto_rickshaw,32002.36158560682,28800,synthetic_from_historical_marginals_and_provisional_assumptions
baseline_832,27:517:04166:552482:0000:000000,27:518:99999:802794:1769:000000,35,female,True,14670.063011195074,"walk,pt,taxi,auto_rickshaw",work,pt,34900.941876957266,28800,synthetic_from_historical_marginals_and_provisional_assumptions
baseline_833,27:518:99999:802794:1256:000000,27:518:99999:802794:1045:000000,35,female,False,35456.96319136543,"walk,pt,taxi,auto_rickshaw",other,taxi,36410.433243358435,3600,synthetic_from_historical_marginals_and_provisional_assumptions
baseline_834,27:519:99999:802794:0101:000000,27:519:99999:802794:0104:000000,14,male,False,99625.67335538792,"walk,pt",education,walk,28811.973063241363,21600,synthetic_from_historical_marginals_and_provisional_assumptions
baseline_835,27:517:04163:552277:0000:000000,27:517:04159:551793:0000:000000,18,female,True,10666.708144017917,"walk,pt,bike,taxi,auto_rickshaw",work,taxi,34662.57965803818,28800,synthetic_from_historical_marginals_and_provisional_assumptions
baseline_836,27:520:04179:554307:0000:000000,27:520:04179:554360:0000:000000,38,female,True,28433.341657458066,"walk,pt,bike,taxi,auto_rickshaw",work,taxi,31741.887606503165,28800,synthetic_from_historical_marginals_and_provisional_assumptions
baseline_837,27:519:99999:802794:0524:000000,27:519:99999:802794:0103:000000,59,female,True,72473.65433439428,"walk,pt,motorbike,taxi,auto_rickshaw",work,pt,33195.42998820194,28800,synthetic_from_historical_marginals_and_provisional_assumptions
baseline_838,27:518:99999:802794:1978:000000,27:518:99999:802794:1144:000000,13,male,False,21395.220221372176,"walk,pt",education,walk,26838.03614161064,21600,synthetic_from_historical_marginals_and_provisional_assumptions
baseline_839,27:518:99999:802794:1975:000000,27:518:99999:802794:2079:000000,13,male,False,16010.653243813247,"walk,pt",education,walk,25821.66648462435,21600,synthetic_from_historical_marginals_and_provisional_assumptions
baseline_840,27:518:99999:802794:2486:000000,27:518:99999:802794:2080:000000,48,female,False,40098.578444130166,"walk,pt,taxi,auto_rickshaw",other,auto_rickshaw,38420.27694759926,3600,synthetic_from_historical_marginals_and_provisional_assumptions
baseline_841,27:517:04163:552351:0000:000000,27:517:04163:552343:0000:000000,13,male,False,9565.606130552093,"walk,pt",education,pt,28648.753925044304,21600,synthetic_from_historical_marginals_and_provisional_assumptions
baseline_842,27:518:99999:802794:1048:000000,27:518:99999:802794:1975:000000,31,female,True,45418.54099613145,"walk,pt,taxi,auto_rickshaw",work,walk,33667.040194673675,28800,synthetic_from_historical_marginals_and_provisional_assumptions
baseline_843,27:520:04173:553432:0000:000000,27:519:99999:802794:0523:000000,31,male,True,84989.17981694426,"walk,pt,car,taxi,ride,auto_rickshaw",work,pt,33013.40579916023,28800,synthetic_from_historical_marginals_and_provisional_assumptions
baseline_844,27:518:99999:802794:1144:000000,27:519:99999:802794:0933:000000,12,female,False,49050.65013124863,"walk,pt",education,pt,31499.414250662874,21600,synthetic_from_historical_marginals_and_provisional_assumptions
baseline_845,27:520:04173:553463:0000:000000,27:520:04175:553730:0000:000000,55,female,False,51986.62299840096,"walk,pt,taxi,auto_rickshaw",other,pt,39723.077532837124,3600,synthetic_from_historical_marginals_and_provisional_assumptions
baseline_846,27:519:99999:802794:0732:000000,27:518:99999:802794:2080:000000,56,female,True,38138.56756745953,"walk,pt,taxi,auto_rickshaw",work,pt,34342.70715746551,28800,synthetic_from_historical_marginals_and_provisional_assumptions
baseline_847,27:519:99999:802794:0628:000000,27:518:99999:802794:2385:000000,28,male,True,63184.48599356909,"walk,pt,bike,taxi,auto_rickshaw",work,auto_rickshaw,35084.336691612916,28800,synthetic_from_historical_marginals_and_provisional_assumptions
baseline_848,27:519:99999:802794:0526:000000,27:519:99999:802794:0208:000000,38,male,False,10484.85250348805,"walk,pt,motorbike,taxi,auto_rickshaw",other,auto_rickshaw,40254.95595097067,3600,synthetic_from_historical_marginals_and_provisional_assumptions
baseline_849,27:518:99999:802794:1977:000000,27:518:99999:802794:2283:000000,26,male,False,117873.42677434164,"walk,pt,taxi,auto_rickshaw",other,taxi,41732.75113948851,3600,synthetic_from_historical_marginals_and_provisional_assumptions
baseline_850,27:520:04180:554513:0000:000000,27:520:04180:554526:0000:000000,19,male,True,23449.417521662843,"walk,pt,taxi,auto_rickshaw",work,pt,31795.312436249504,28800,synthetic_from_historical_marginals_and_provisional_assumptions
baseline_851,27:518:99999:802794:1143:000000,27:519:99999:802794:0934:000000,56,female,True,17390.40942105493,"walk,pt,taxi,auto_rickshaw",work,auto_rickshaw,32273.81788747693,28800,synthetic_from_historical_marginals_and_provisional_assumptions
baseline_852,27:520:04175:553781:0000:000000,27:518:99999:802794:2283:000000,30,male,True,21443.12048739226,"walk,pt,taxi,auto_rickshaw",work,taxi,31849.05516896183,28800,synthetic_from_historical_marginals_and_provisional_assumptions
baseline_853,27:518:99999:802794:1978:000000,27:518:99999:802794:1255:000000,18,female,True,41054.63877991955,"walk,pt,taxi,auto_rickshaw",work,taxi,32472.131625971495,28800,synthetic_from_historical_marginals_and_provisional_assumptions
baseline_854,27:517:04171:553144:0000:000000,27:517:04171:553212:0000:000000,17,female,False,6467.5357974091885,"walk,pt",education,walk,28440.0197029514,21600,synthetic_from_historical_marginals_and_provisional_assumptions
baseline_855,27:519:99999:802794:0522:000000,27:519:99999:802794:0522:000000,6,male,False,59527.10648518684,"walk,pt,ride",education,walk,30384.45245974956,21600,synthetic_from_historical_marginals_and_provisional_assumptions
baseline_856,27:518:99999:802794:1978:000000,27:518:99999:802794:1978:000000,34,female,False,15932.471286466987,"walk,pt,taxi,auto_rickshaw",other,pt,41549.860093910545,3600,synthetic_from_historical_marginals_and_provisional_assumptions
baseline_857,27:519:99999:802794:0732:000000,27:518:99999:802794:1048:000000,19,female,True,24375.356209676214,"walk,pt,bike,taxi,auto_rickshaw",work,taxi,29707.044195650957,28800,synthetic_from_historical_marginals_and_provisional_assumptions
baseline_858,27:519:99999:802794:0933:000000,27:518:99999:802794:1048:000000,36,male,True,17017.237107267236,"walk,pt,taxi,auto_rickshaw",work,taxi,32232.69772661987,28800,synthetic_from_historical_marginals_and_provisional_assumptions
baseline_859,27:518:99999:802794:1048:000000,27:518:99999:802794:1045:000000,13,male,False,10520.964223870278,"walk,pt,bike",education,walk,31566.042524964927,21600,synthetic_from_historical_marginals_and_provisional_assumptions
baseline_860,27:518:99999:802794:1769:000000,27:518:99999:802794:1769:000000,20,male,False,34953.801150080646,"walk,pt,taxi,auto_rickshaw",other,taxi,42916.79508450185,3600,synthetic_from_historical_marginals_and_provisional_assumptions
baseline_861,27:518:99999:802794:1048:000000,27:518:99999:802794:1978:000000,6,female,False,44565.55357078695,"walk,pt",education,pt,31445.452721885475,21600,synthetic_from_historical_marginals_and_provisional_assumptions
baseline_862,27:518:99999:802794:1874:000000,27:518:99999:802794:1874:000000,1,female,False,12931.101789566008,"walk,pt",home_only,,0,0,synthetic_from_historical_marginals_and_provisional_assumptions
baseline_863,27:517:04163:552185:0000:000000,27:517:04158:551725:0000:000000,82,female,False,36409.94940096677,"walk,pt,taxi,auto_rickshaw",other,walk,37379.45995078043,3600,synthetic_from_historical_marginals_and_provisional_assumptions
baseline_864,27:519:99999:802794:0838:000000,27:519:99999:802794:0838:000000,4,male,False,30093.49548289338,"walk,pt",home_only,,0,0,synthetic_from_historical_marginals_and_provisional_assumptions
baseline_865,27:518:99999:802794:1255:000000,27:518:99999:802794:1460:000000,36,female,True,36309.38989005456,"walk,pt,taxi,auto_rickshaw",work,walk,29260.2881197201,28800,synthetic_from_historical_marginals_and_provisional_assumptions
baseline_866,27:518:99999:802794:1769:000000,27:518:99999:802794:1667:000000,63,female,True,13737.113077187378,"walk,pt,taxi,auto_rickshaw",work,walk,31966.709574147124,28800,synthetic_from_historical_marginals_and_provisional_assumptions
baseline_867,27:518:99999:802794:1563:000000,27:518:99999:802794:1564:000000,21,female,True,31912.468786030822,"walk,pt,taxi,auto_rickshaw",work,taxi,33844.34746277379,28800,synthetic_from_historical_marginals_and_provisional_assumptions
baseline_868,27:518:99999:802794:1353:000000,27:518:99999:802794:1357:000000,56,male,False,32725.97290735565,"walk,pt,taxi,auto_rickshaw",other,taxi,39977.6800693616,3600,synthetic_from_historical_marginals_and_provisional_assumptions
baseline_869,27:518:99999:802794:1255:000000,27:518:99999:802794:1255:000000,5,female,False,35718.717987451,"walk,pt",home_only,,0,0,synthetic_from_historical_marginals_and_provisional_assumptions
baseline_870,27:519:99999:802794:0836:000000,27:518:99999:802794:1147:000000,55,male,False,97604.29377630496,"walk,pt,bike,taxi,auto_rickshaw",other,bike,38207.40780295571,3600,synthetic_from_historical_marginals_and_provisional_assumptions
baseline_871,27:518:99999:802794:1352:000000,27:518:99999:802794:1977:000000,19,male,True,28537.491053501097,"walk,pt,motorbike,taxi,auto_rickshaw",work,pt,29941.66206535362,28800,synthetic_from_historical_marginals_and_provisional_assumptions
baseline_872,27:518:99999:802794:1873:000000,27:518:99999:802794:1459:000000,43,female,True,38175.78503773619,"walk,pt,taxi,auto_rickshaw",work,pt,33448.48888986861,28800,synthetic_from_historical_marginals_and_provisional_assumptions
baseline_873,27:518:99999:802794:1048:000000,27:519:99999:802794:0933:000000,22,male,False,29263.320184712487,"walk,pt,taxi,auto_rickshaw",other,walk,38959.72669115503,3600,synthetic_from_historical_marginals_and_provisional_assumptions
baseline_874,27:518:99999:802794:1564:000000,27:518:99999:802794:1667:000000,33,male,False,140269.05711066298,"walk,pt,car,taxi,ride,auto_rickshaw",other,pt,36477.97981887389,3600,synthetic_from_historical_marginals_and_provisional_assumptions
baseline_875,27:520:04175:553723:0000:000000,27:520:04175:553722:0000:000000,34,female,False,30374.655143368705,"walk,pt,taxi,auto_rickshaw",other,auto_rickshaw,42275.5909063905,3600,synthetic_from_historical_marginals_and_provisional_assumptions
baseline_876,27:520:04185:555031:0000:000000,27:520:04185:555029:0000:000000,39,female,True,33490.765468268386,"walk,pt,taxi,auto_rickshaw",work,taxi,32298.18522792976,28800,synthetic_from_historical_marginals_and_provisional_assumptions
baseline_877,27:518:99999:802794:2080:000000,27:518:99999:802794:1048:000000,21,female,True,32486.61701145237,"walk,pt,taxi,auto_rickshaw",work,auto_rickshaw,35689.49107550996,28800,synthetic_from_historical_marginals_and_provisional_assumptions
baseline_878,27:517:04160:551889:0000:000000,27:517:04160:551907:0000:000000,36,female,False,11623.082805267419,"walk,pt,bike,taxi,auto_rickshaw",other,walk,41028.73532924932,3600,synthetic_from_historical_marginals_and_provisional_assumptions
baseline_879,27:518:99999:802794:1564:000000,27:519:99999:802794:0522:000000,41,male,True,15822.300567374676,"walk,pt,taxi,auto_rickshaw",work,taxi,34025.90405811452,28800,synthetic_from_historical_marginals_and_provisional_assumptions
baseline_880,27:518:99999:802794:1773:000000,27:518:99999:802794:2385:000000,23,male,False,75271.40922694695,"walk,pt,taxi,auto_rickshaw",other,pt,42588.45709822555,3600,synthetic_from_historical_marginals_and_provisional_assumptions
baseline_881,27:520:04185:555033:0000:000000,27:520:04185:555033:0000:000000,5,male,False,28633.95654447444,"walk,pt",home_only,,0,0,synthetic_from_historical_marginals_and_provisional_assumptions
baseline_882,27:519:99999:802794:0206:000000,27:519:99999:802794:0312:000000,50,female,False,46290.442398661675,"walk,pt,taxi,auto_rickshaw",other,walk,38647.481759264956,3600,synthetic_from_historical_marginals_and_provisional_assumptions
baseline_883,27:518:99999:802794:2281:000000,27:518:99999:802794:1978:000000,19,female,True,34081.15053999378,"walk,pt,bike,taxi,auto_rickshaw",work,pt,33735.23303873161,28800,synthetic_from_historical_marginals_and_provisional_assumptions
baseline_884,27:518:99999:802794:1874:000000,27:518:99999:802794:1874:000000,17,female,False,16063.358387630133,"walk,pt",education,pt,27633.890710215826,21600,synthetic_from_historical_marginals_and_provisional_assumptions
baseline_885,27:519:99999:802794:0101:000000,27:519:99999:802794:0101:000000,26,female,False,10030.011010958679,"walk,pt,taxi,auto_rickshaw",other,auto_rickshaw,38320.7220057662,3600,synthetic_from_historical_marginals_and_provisional_assumptions
baseline_886,27:519:99999:802794:0207:000000,27:519:99999:802794:0526:000000,56,female,False,38369.68618216421,"walk,pt,taxi,auto_rickshaw",other,auto_rickshaw,40079.766162019005,3600,synthetic_from_historical_marginals_and_provisional_assumptions
baseline_887,27:520:04175:553703:0000:000000,27:520:04175:553703:0000:000000,7,male,False,21569.784943298,"walk,pt",education,pt,31511.49023972744,21600,synthetic_from_historical_marginals_and_provisional_assumptions
baseline_888,27:517:04161:551999:0000:000000,27:517:04161:551958:0000:000000,39,female,True,10896.797137101239,"walk,pt,taxi,auto_rickshaw",work,walk,31453.287701443263,28800,synthetic_from_historical_marginals_and_provisional_assumptions
baseline_889,27:520:04183:554803:0000:000000,27:520:04183:554810:0000:000000,24,male,False,76711.3376849238,"walk,pt,bike,taxi,auto_rickshaw",other,bike,40202.20880905537,3600,synthetic_from_historical_marginals_and_provisional_assumptions
baseline_890,27:517:04168:553006:0001:000000,27:518:99999:802794:2080:000000,21,female,True,28627.624772391326,"walk,pt,car,taxi,ride,auto_rickshaw",work,car,34656.24412025671,28800,synthetic_from_historical_marginals_and_provisional_assumptions
baseline_891,27:518:99999:802794:1255:000000,27:518:99999:802794:1353:000000,25,male,True,47116.28108108177,"walk,pt,taxi,auto_rickshaw",work,pt,29776.077921999706,28800,synthetic_from_historical_marginals_and_provisional_assumptions
baseline_892,27:518:99999:802794:2284:000000,27:518:99999:802794:2385:000000,18,female,True,38636.48908486347,"walk,pt,taxi,auto_rickshaw",work,taxi,31767.70135068663,28800,synthetic_from_historical_marginals_and_provisional_assumptions
baseline_893,27:518:99999:802794:1352:000000,27:518:99999:802794:1255:000000,37,female,False,15869.231732644152,"walk,pt,taxi,auto_rickshaw",other,auto_rickshaw,40396.31537005382,3600,synthetic_from_historical_marginals_and_provisional_assumptions
baseline_894,27:519:99999:802794:0311:000000,27:518:99999:802794:1978:000000,36,female,True,13814.90486791836,"walk,pt,taxi,auto_rickshaw",work,auto_rickshaw,29327.444031330786,28800,synthetic_from_historical_marginals_and_provisional_assumptions
baseline_895,27:518:99999:802794:1769:000000,27:518:99999:802794:1772:000000,39,female,True,28862.247398848733,"walk,pt,motorbike,taxi,auto_rickshaw",work,motorbike,33267.2327407675,28800,synthetic_from_historical_marginals_and_provisional_assumptions
baseline_896,27:519:99999:802794:0629:000000,27:518:99999:802794:1255:000000,33,female,False,58372.453315737774,"walk,pt,taxi,auto_rickshaw",other,taxi,37209.289029710686,3600,synthetic_from_historical_marginals_and_provisional_assumptions
baseline_897,27:519:99999:802794:0526:000000,27:519:99999:802794:0527:000000,33,male,True,35434.106912221236,"walk,pt,taxi,auto_rickshaw",work,walk,30550.583146106568,28800,synthetic_from_historical_marginals_and_provisional_assumptions
baseline_898,27:518:99999:802794:2385:000000,27:518:99999:802794:1256:000000,38,male,True,10744.535302014037,"walk,pt,taxi,auto_rickshaw",work,auto_rickshaw,30701.426723036326,28800,synthetic_from_historical_marginals_and_provisional_assumptions
baseline_899,27:518:99999:802794:2282:000000,27:518:99999:802794:2281:000000,41,male,True,11880.97891356616,"walk,pt,taxi,auto_rickshaw",work,pt,32931.96883180535,28800,synthetic_from_historical_marginals_and_provisional_assumptions
baseline_900,27:520:04173:553509:0000:000000,27:520:04175:553817:0001:000000,18,male,False,50942.26587242794,"walk,pt,taxi,auto_rickshaw",other,auto_rickshaw,36884.24565311257,3600,synthetic_from_historical_marginals_and_provisional_assumptions
baseline_901,27:517:04163:552224:0000:000000,27:517:04158:551742:0000:000000,20,male,True,11821.857013662999,"walk,pt,taxi,auto_rickshaw",work,walk,34159.02555918222,28800,synthetic_from_historical_marginals_and_provisional_assumptions
baseline_902,27:518:99999:802794:1978:000000,27:518:99999:802794:1978:000000,59,male,False,41132.60312094177,"walk,pt,taxi,auto_rickshaw",other,walk,42387.21591471185,3600,synthetic_from_historical_marginals_and_provisional_assumptions
baseline_903,27:518:99999:802794:1256:000000,27:518:99999:802794:1256:000000,4,female,False,35932.79181992892,"walk,pt",home_only,,0,0,synthetic_from_historical_marginals_and_provisional_assumptions
baseline_904,27:518:99999:802794:2080:000000,27:518:99999:802794:1769:000000,46,male,True,100159.40945611647,"walk,pt,taxi,auto_rickshaw",work,auto_rickshaw,31032.57171742277,28800,synthetic_from_historical_marginals_and_provisional_assumptions
baseline_905,27:520:04185:555095:0000:000000,27:520:04181:554717:0000:000000,45,female,False,26518.455254476852,"walk,pt,taxi,auto_rickshaw",other,walk,38783.28839897046,3600,synthetic_from_historical_marginals_and_provisional_assumptions
baseline_906,27:518:99999:802794:2080:000000,27:518:99999:802794:1147:000000,24,male,True,30204.99466490097,"walk,pt,taxi,auto_rickshaw",work,taxi,31590.654052708276,28800,synthetic_from_historical_marginals_and_provisional_assumptions
baseline_907,27:519:99999:802794:0421:000000,27:518:99999:802794:1255:000000,50,male,True,65650.8769140986,"walk,pt,taxi,auto_rickshaw",work,auto_rickshaw,31548.98808903245,28800,synthetic_from_historical_marginals_and_provisional_assumptions
baseline_908,27:518:99999:802794:2080:000000,27:518:99999:802794:1353:000000,45,male,True,30393.67584704888,"walk,pt,motorbike,taxi,auto_rickshaw",work,taxi,34032.69921841704,28800,synthetic_from_historical_marginals_and_provisional_assumptions
baseline_909,27:518:99999:802794:1978:000000,27:518:99999:802794:1773:000000,22,male,True,15524.703904420008,"walk,pt,taxi,auto_rickshaw",work,walk,30192.0725166324,28800,synthetic_from_historical_marginals_and_provisional_assumptions
baseline_910,27:517:04166:552639:0000:000000,27:517:04166:552568:0000:000000,56,male,False,12035.571661060956,"walk,pt,taxi,auto_rickshaw",other,walk,38925.18811613373,3600,synthetic_from_historical_marginals_and_provisional_assumptions
baseline_911,27:519:99999:802794:0731:000000,27:518:99999:802794:1143:000000,39,female,True,30256.368135490367,"walk,pt,taxi,auto_rickshaw",work,taxi,30214.06840639778,28800,synthetic_from_historical_marginals_and_provisional_assumptions
baseline_912,27:518:99999:802794:1668:000000,27:518:99999:802794:1565:000000,46,female,True,19348.23605305602,"walk,pt,taxi,auto_rickshaw",work,auto_rickshaw,30645.969583485476,28800,synthetic_from_historical_marginals_and_provisional_assumptions
baseline_913,27:519:99999:802794:0629:000000,27:519:99999:802794:0933:000000,68,male,False,17150.01586845581,"walk,pt,taxi,auto_rickshaw",other,taxi,41464.526312373244,3600,synthetic_from_historical_marginals_and_provisional_assumptions
baseline_914,27:519:99999:802794:0933:000000,27:518:99999:802794:1460:000000,56,male,True,31853.009809145035,"walk,pt,taxi,auto_rickshaw",work,taxi,35654.370027534016,28800,synthetic_from_historical_marginals_and_provisional_assumptions
baseline_915,27:519:99999:802794:0417:000000,27:519:99999:802794:0933:000000,36,male,False,112762.66206222586,"walk,pt,taxi,auto_rickshaw",other,pt,41158.33638338082,3600,synthetic_from_historical_marginals_and_provisional_assumptions
baseline_916,27:519:99999:802794:0837:000000,27:519:99999:802794:0933:000000,35,female,True,16970.576403816623,"walk,pt,car,motorbike,taxi,ride,auto_rickshaw",work,ride,30643.025716901913,28800,synthetic_from_historical_marginals_and_provisional_assumptions
baseline_917,27:517:04160:551916:0000:000000,27:517:04158:551580:0000:000000,28,male,True,28937.52264711444,"walk,pt,taxi,auto_rickshaw",work,taxi,33443.13437635622,28800,synthetic_from_historical_marginals_and_provisional_assumptions
baseline_918,27:518:99999:802794:1143:000000,27:518:99999:802794:1978:000000,16,female,False,67869.26191169045,"walk,pt",education,pt,31458.372830125303,21600,synthetic_from_historical_marginals_and_provisional_assumptions
baseline_919,27:517:04166:552539:0000:000000,27:517:04166:552539:0000:000000,2,female,False,60959.00654716501,"walk,pt",home_only,,0,0,synthetic_from_historical_marginals_and_provisional_assumptions
baseline_920,27:519:99999:802794:0836:000000,27:518:99999:802794:2385:000000,61,female,False,35058.598753250706,"walk,pt,motorbike,taxi,auto_rickshaw",other,walk,36315.237723144746,3600,synthetic_from_historical_marginals_and_provisional_assumptions
baseline_921,27:518:99999:802794:2385:000000,27:518:99999:802794:1978:000000,20,male,True,20344.903997397378,"walk,pt,taxi,auto_rickshaw",work,auto_rickshaw,31005.370449293267,28800,synthetic_from_historical_marginals_and_provisional_assumptions
baseline_922,27:518:99999:802794:2080:000000,27:518:99999:802794:2080:000000,28,female,False,120515.86188846541,"walk,pt,taxi,auto_rickshaw",other,taxi,38937.290390672766,3600,synthetic_from_historical_marginals_and_provisional_assumptions
baseline_923,27:518:99999:802794:1563:000000,27:518:99999:802794:1563:000000,5,male,False,97639.78271836837,"walk,pt",home_only,,0,0,synthetic_from_historical_marginals_and_provisional_assumptions
baseline_924,27:520:04173:553479:0000:000000,27:519:99999:802794:0838:000000,44,male,True,48383.08384908988,"walk,pt,taxi,auto_rickshaw",work,walk,30160.347415485885,28800,synthetic_from_historical_marginals_and_provisional_assumptions
baseline_925,27:517:04158:551725:0000:000000,27:517:04158:551594:0000:000000,15,female,False,40945.46859924605,"walk,pt",education,walk,26088.589475199555,21600,synthetic_from_historical_marginals_and_provisional_assumptions
baseline_926,27:519:99999:802794:0933:000000,27:518:99999:802794:1977:000000,30,female,False,25433.072064524124,"walk,pt,car,taxi,ride,auto_rickshaw",other,auto_rickshaw,41038.43018485662,3600,synthetic_from_historical_marginals_and_provisional_assumptions
baseline_927,27:519:99999:802794:0835:000000,27:518:99999:802794:1043:000000,53,male,False,25387.097146328975,"walk,pt,taxi,auto_rickshaw",other,auto_rickshaw,40070.267340275255,3600,synthetic_from_historical_marginals_and_provisional_assumptions
baseline_928,27:518:99999:802794:1565:000000,27:518:99999:802794:1565:000000,6,female,False,25244.123269525386,"walk,pt",education,pt,31023.696105813473,21600,synthetic_from_historical_marginals_and_provisional_assumptions
baseline_929,27:518:99999:802794:1352:000000,27:518:99999:802794:1978:000000,14,female,False,32861.052146336675,"walk,pt",education,walk,29990.488743687398,21600,synthetic_from_historical_marginals_and_provisional_assumptions
baseline_930,27:517:04158:551739:0000:000000,27:517:04158:551739:0000:000000,10,female,False,26610.034064727806,"walk,pt",education,pt,32139.322668770226,21600,synthetic_from_historical_marginals_and_provisional_assumptions
baseline_931,27:518:99999:802794:1351:000000,27:519:99999:802794:0933:000000,29,male,True,14360.929568614845,"walk,pt,taxi,auto_rickshaw",work,pt,33018.93320545114,28800,synthetic_from_historical_marginals_and_provisional_assumptions
baseline_932,27:518:99999:802794:1773:000000,27:518:99999:802794:1255:000000,26,male,True,72793.94717862419,"walk,pt,taxi,auto_rickshaw",work,taxi,29749.824664523654,28800,synthetic_from_historical_marginals_and_provisional_assumptions
baseline_933,27:517:04171:553117:0000:000000,27:517:04171:553187:0000:000000,19,male,True,31232.496782395756,"walk,pt,bike,taxi,auto_rickshaw",work,bike,29245.11580523156,28800,synthetic_from_historical_marginals_and_provisional_assumptions
baseline_934,27:520:04175:553817:0001:000000,27:520:04173:553514:0001:000000,38,male,True,57075.55182641213,"walk,pt,taxi,ride,auto_rickshaw",work,walk,30318.374755884826,28800,synthetic_from_historical_marginals_and_provisional_assumptions
baseline_935,27:517:04166:552473:0000:000000,27:518:99999:802794:2282:000000,58,female,True,20291.4136128831,"walk,pt,bike,taxi,auto_rickshaw",work,walk,32536.077367172322,28800,synthetic_from_historical_marginals_and_provisional_assumptions
baseline_936,27:518:99999:802794:2080:000000,27:518:99999:802794:2385:000000,19,female,False,24630.734612691518,"walk,pt,car,taxi,ride,auto_rickshaw",other,taxi,36612.738106544275,3600,synthetic_from_historical_marginals_and_provisional_assumptions
baseline_937,27:517:04158:551593:0000:000000,27:517:04158:551646:0000:000000,6,male,False,26792.870759183807,"walk,pt",education,pt,28877.252225121916,21600,synthetic_from_historical_marginals_and_provisional_assumptions
baseline_938,27:519:99999:802794:0933:000000,27:519:99999:802794:0628:000000,49,male,True,24664.014228822864,"walk,pt,motorbike,taxi,auto_rickshaw",work,motorbike,35026.301809644785,28800,synthetic_from_historical_marginals_and_provisional_assumptions
baseline_939,27:518:99999:802794:1351:000000,27:518:99999:802794:1145:000000,14,female,False,12854.864613546004,"walk,pt",education,walk,27935.93377273453,21600,synthetic_from_historical_marginals_and_provisional_assumptions
baseline_940,27:519:99999:802794:0837:000000,27:519:99999:802794:0933:000000,16,female,False,14443.647032629897,"walk,pt,bike",education,walk,31629.9509413235,21600,synthetic_from_historical_marginals_and_provisional_assumptions
baseline_941,27:518:99999:802794:1564:000000,27:518:99999:802794:1874:000000,23,female,False,12613.496439300581,"walk,pt,car,taxi,ride,auto_rickshaw",other,ride,37324.0315771247,3600,synthetic_from_historical_marginals_and_provisional_assumptions
baseline_942,27:517:04158:551627:0000:000000,27:517:04157:551576:0000:000000,38,male,True,42554.53052725765,"walk,pt,taxi,auto_rickshaw",work,taxi,33562.642523976705,28800,synthetic_from_historical_marginals_and_provisional_assumptions
baseline_943,27:517:04168:552985:0000:000000,27:517:04168:553000:0000:000000,10,male,False,184924.17656296873,"walk,pt",education,walk,29990.983324451296,21600,synthetic_from_historical_marginals_and_provisional_assumptions
baseline_944,27:520:04176:553891:0000:000000,27:518:99999:802794:1978:000000,42,male,True,63890.912260810794,"walk,pt,bike,motorbike,taxi,auto_rickshaw",work,motorbike,35017.69456529879,28800,synthetic_from_historical_marginals_and_provisional_assumptions
baseline_945,27:519:99999:802794:0628:000000,27:519:99999:802794:0732:000000,7,male,False,39828.85927404382,"walk,pt",education,walk,26934.76514373801,21600,synthetic_from_historical_marginals_and_provisional_assumptions
baseline_946,27:519:99999:802794:0630:000000,27:518:99999:802794:1977:000000,13,female,False,66075.48088091642,"walk,pt",education,pt,25212.717339047624,21600,synthetic_from_historical_marginals_and_provisional_assumptions
baseline_947,27:520:04172:553303:0000:000000,27:519:99999:802794:0418:000000,37,male,False,43486.839855376624,"walk,pt,taxi,auto_rickshaw",other,auto_rickshaw,41168.685643702636,3600,synthetic_from_historical_marginals_and_provisional_assumptions
baseline_948,27:518:99999:802794:2080:000000,27:518:99999:802794:1978:000000,62,female,True,15367.031136755573,"walk,pt,car,taxi,ride,auto_rickshaw",work,pt,33251.756360630825,28800,synthetic_from_historical_marginals_and_provisional_assumptions
baseline_949,27:517:04164:552398:0000:000000,27:517:04164:552403:0000:000000,10,female,False,30091.510686472877,"walk,pt",education,walk,29650.269103345705,21600,synthetic_from_historical_marginals_and_provisional_assumptions
baseline_950,27:518:99999:802794:1564:000000,27:518:99999:802794:1564:000000,6,male,False,70283.62520814296,"walk,pt",education,walk,32096.02708502146,21600,synthetic_from_historical_marginals_and_provisional_assumptions
baseline_951,27:520:04173:553514:0001:000000,27:520:04173:553514:0001:000000,4,male,False,22612.95751770093,"walk,pt",home_only,,0,0,synthetic_from_historical_marginals_and_provisional_assumptions
baseline_952,27:520:04173:553448:0000:000000,27:520:04173:553448:0000:000000,3,male,False,22065.930214539872,"walk,pt",home_only,,0,0,synthetic_from_historical_marginals_and_provisional_assumptions
baseline_953,27:518:99999:802794:1978:000000,27:518:99999:802794:1048:000000,56,female,True,30192.51683199535,"walk,pt,bike,taxi,auto_rickshaw",work,walk,35013.147823465224,28800,synthetic_from_historical_marginals_and_provisional_assumptions
baseline_954,27:519:99999:802794:0527:000000,27:518:99999:802794:2385:000000,30,male,True,12066.334848410643,"walk,pt,taxi,auto_rickshaw",work,auto_rickshaw,32306.6236842533,28800,synthetic_from_historical_marginals_and_provisional_assumptions
baseline_955,27:517:04158:551596:0000:000000,27:517:04158:551608:0000:000000,73,female,False,16162.969254274058,"walk,pt,taxi,auto_rickshaw",other,auto_rickshaw,41868.64603028961,3600,synthetic_from_historical_marginals_and_provisional_assumptions
baseline_956,27:518:99999:802794:1870:000000,27:518:99999:802794:1870:000000,3,male,False,50529.001977816115,"walk,pt",home_only,,0,0,synthetic_from_historical_marginals_and_provisional_assumptions
baseline_957,27:518:99999:802794:1352:000000,27:518:99999:802794:1352:000000,17,female,False,37302.31504055551,"walk,pt",education,pt,32138.158656554515,21600,synthetic_from_historical_marginals_and_provisional_assumptions
baseline_958,27:519:99999:802794:0933:000000,27:518:99999:802794:1043:000000,11,male,False,17275.50307313529,"walk,pt",education,walk,29685.2283960298,21600,synthetic_from_historical_marginals_and_provisional_assumptions
baseline_959,27:519:99999:802794:0630:000000,27:518:99999:802794:2179:000000,21,male,True,19017.212812560258,"walk,pt,taxi,auto_rickshaw",work,auto_rickshaw,31424.338238093573,28800,synthetic_from_historical_marginals_and_provisional_assumptions
baseline_960,27:520:04173:553443:0000:000000,27:520:04173:553445:0000:000000,26,female,False,7072.573659906661,"walk,pt,taxi,auto_rickshaw",other,walk,38149.73376138759,3600,synthetic_from_historical_marginals_and_provisional_assumptions
baseline_961,27:518:99999:802794:1043:000000,27:518:99999:802794:1142:000000,24,female,False,34978.503914910696,"walk,pt,taxi,auto_rickshaw",other,auto_rickshaw,38592.56594185906,3600,synthetic_from_historical_marginals_and_provisional_assumptions
baseline_962,27:518:99999:802794:2283:000000,27:518:99999:802794:1249:000000,58,female,True,52332.37691794997,"walk,pt,car,taxi,ride,auto_rickshaw",work,pt,32835.10086135607,28800,synthetic_from_historical_marginals_and_provisional_assumptions
baseline_963,27:518:99999:802794:2080:000000,27:518:99999:802794:2080:000000,20,male,False,46628.31755576158,"walk,pt,car,motorbike,taxi,ride,auto_rickshaw",other,car,39485.69442623416,3600,synthetic_from_historical_marginals_and_provisional_assumptions
baseline_964,27:518:99999:802794:2080:000000,27:518:99999:802794:2080:000000,14,female,False,25408.649549623024,"walk,pt,ride",education,pt,30036.48643142467,21600,synthetic_from_historical_marginals_and_provisional_assumptions
baseline_965,27:518:99999:802794:2385:000000,27:518:99999:802794:2385:000000,28,female,False,25253.437786809944,"walk,pt,motorbike,taxi,auto_rickshaw",other,taxi,38310.99710222089,3600,synthetic_from_historical_marginals_and_provisional_assumptions
baseline_966,27:518:99999:802794:1564:000000,27:518:99999:802794:1564:000000,18,male,False,112832.1725934239,"walk,pt,taxi,auto_rickshaw",other,pt,41155.03180192982,3600,synthetic_from_historical_marginals_and_provisional_assumptions
baseline_967,27:517:04167:552750:0000:000000,27:517:04161:552004:0000:000000,56,male,True,92443.94475898024,"walk,pt,taxi,auto_rickshaw",work,walk,32416.710685786522,28800,synthetic_from_historical_marginals_and_provisional_assumptions
baseline_968,27:517:04166:552641:0000:000000,27:518:99999:802794:1255:000000,36,male,True,17777.115887799693,"walk,pt,bike,taxi,auto_rickshaw",work,auto_rickshaw,35878.355536456336,28800,synthetic_from_historical_marginals_and_provisional_assumptions
baseline_969,27:517:04168:552996:0000:000000,27:518:99999:802794:2282:000000,38,male,True,59604.838009046594,"walk,pt,taxi,auto_rickshaw",work,walk,29980.57626180017,28800,synthetic_from_historical_marginals_and_provisional_assumptions
baseline_970,27:519:99999:802794:0935:000000,27:519:99999:802794:0732:000000,18,male,False,7359.299909522067,"walk,pt,taxi,auto_rickshaw",other,auto_rickshaw,40463.92790954411,3600,synthetic_from_historical_marginals_and_provisional_assumptions
baseline_971,27:518:99999:802794:2384:000000,27:518:99999:802794:2283:000000,36,male,True,21240.35293288699,"walk,pt,bike,taxi,auto_rickshaw",work,pt,32470.506143258637,28800,synthetic_from_historical_marginals_and_provisional_assumptions
baseline_972,27:518:99999:802794:2385:000000,27:518:99999:802794:1255:000000,43,female,True,72974.66852626555,"walk,pt,taxi,auto_rickshaw",work,walk,32505.439808837982,28800,synthetic_from_historical_marginals_and_provisional_assumptions
baseline_973,27:520:04173:553491:0000:000000,27:520:04172:553330:0000:000000,17,male,False,32447.48966878302,"walk,pt",education,walk,31613.74784632451,21600,synthetic_from_historical_marginals_and_provisional_assumptions
baseline_974,27:519:99999:802794:0732:000000,27:518:99999:802794:2179:000000,59,male,False,18380.803327721835,"walk,pt,taxi,auto_rickshaw",other,taxi,38961.79314068149,3600,synthetic_from_historical_marginals_and_provisional_assumptions
baseline_975,27:519:99999:802794:0629:000000,27:518:99999:802794:1139:000000,40,male,False,37223.567885567434,"walk,pt,bike,taxi,auto_rickshaw",other,walk,36050.87281021144,3600,synthetic_from_historical_marginals_and_provisional_assumptions
baseline_976,27:517:04170:553034:0000:000000,27:517:04168:553006:0001:000000,22,female,False,71445.8930444153,"walk,pt,motorbike,taxi,auto_rickshaw",other,pt,37517.663587905634,3600,synthetic_from_historical_marginals_and_provisional_assumptions
baseline_977,27:518:99999:802794:2385:000000,27:518:99999:802794:1256:000000,44,female,False,39996.75100851368,"walk,pt,motorbike,taxi,auto_rickshaw",other,auto_rickshaw,41760.018997187835,3600,synthetic_from_historical_marginals_and_provisional_assumptions
baseline_978,27:518:99999:802794:1460:000000,27:518:99999:802794:1460:000000,61,male,False,24007.035666972628,"walk,pt,car,taxi,ride,auto_rickshaw",other,ride,40614.2844964899,3600,synthetic_from_historical_marginals_and_provisional_assumptions
baseline_979,27:518:99999:802794:2080:000000,27:518:99999:802794:2080:000000,2,male,False,68904.68304032677,"walk,pt",home_only,,0,0,synthetic_from_historical_marginals_and_provisional_assumptions
baseline_980,27:517:04163:552247:0000:000000,27:517:04163:552247:0000:000000,5,female,False,32496.924601422124,"walk,pt",home_only,,0,0,synthetic_from_historical_marginals_and_provisional_assumptions
baseline_981,27:520:04173:553514:0001:000000,27:520:04172:553310:0000:000000,72,female,False,21023.885408082573,"walk,pt,taxi,auto_rickshaw",other,walk,36900.9074943559,3600,synthetic_from_historical_marginals_and_provisional_assumptions
baseline_982,27:517:04158:551712:0000:000000,27:517:04159:551788:0000:000000,19,male,True,46647.01362558368,"walk,pt,taxi,auto_rickshaw",work,pt,33479.721545224136,28800,synthetic_from_historical_marginals_and_provisional_assumptions
baseline_983,27:517:04170:553035:0000:000000,27:518:99999:802794:2283:000000,30,female,True,10898.614163272767,"walk,pt,taxi,auto_rickshaw",work,walk,30033.658406907663,28800,synthetic_from_historical_marginals_and_provisional_assumptions
baseline_984,27:518:99999:802794:1978:000000,27:518:99999:802794:2284:000000,12,female,False,21242.539237860845,"walk,pt",education,walk,27886.158405550756,21600,synthetic_from_historical_marginals_and_provisional_assumptions
baseline_985,27:518:99999:802794:1564:000000,27:518:99999:802794:1870:000000,43,male,True,159671.54913605197,"walk,pt,motorbike,taxi,auto_rickshaw",work,auto_rickshaw,31133.17093133125,28800,synthetic_from_historical_marginals_and_provisional_assumptions
baseline_986,27:518:99999:802794:1667:000000,27:519:99999:802794:0934:000000,59,male,True,17276.227899877493,"walk,pt,taxi,auto_rickshaw",work,walk,29054.424729615464,28800,synthetic_from_historical_marginals_and_provisional_assumptions
baseline_987,27:520:04173:553513:0001:000000,27:520:04173:553513:0001:000000,4,male,False,49937.5798951399,"walk,pt",home_only,,0,0,synthetic_from_historical_marginals_and_provisional_assumptions
baseline_988,27:519:99999:802794:0933:000000,27:518:99999:802794:1978:000000,20,male,True,57125.55943372546,"walk,pt,taxi,auto_rickshaw",work,pt,31124.006053424557,28800,synthetic_from_historical_marginals_and_provisional_assumptions
baseline_989,27:519:99999:802794:0934:000000,27:519:99999:802794:0629:000000,66,male,False,77014.04855361971,"walk,pt,taxi,auto_rickshaw",other,taxi,41466.890220492736,3600,synthetic_from_historical_marginals_and_provisional_assumptions
baseline_990,27:520:04175:553721:0000:000000,27:520:04173:553361:0000:000000,19,male,True,69186.16782172646,"walk,pt,taxi,auto_rickshaw",work,walk,32912.26798818369,28800,synthetic_from_historical_marginals_and_provisional_assumptions
baseline_991,27:517:04158:551708:0000:000000,27:517:04163:552248:0000:000000,49,male,True,52463.637003036456,"walk,pt,taxi,auto_rickshaw",work,auto_rickshaw,28939.42022690698,28800,synthetic_from_historical_marginals_and_provisional_assumptions
baseline_992,27:518:99999:802794:2384:000000,27:518:99999:802794:2283:000000,47,male,False,19707.616742357375,"walk,pt,taxi,auto_rickshaw",other,taxi,39547.509131110324,3600,synthetic_from_historical_marginals_and_provisional_assumptions
baseline_993,27:518:99999:802794:1565:000000,27:518:99999:802794:1043:000000,34,male,False,22367.0583011825,"walk,pt,taxi,auto_rickshaw",other,taxi,36547.77229027163,3600,synthetic_from_historical_marginals_and_provisional_assumptions
baseline_994,27:520:04179:554346:0000:000000,27:520:04179:554344:0000:000000,7,male,False,27237.761274725628,"walk,pt",education,walk,29659.877924752785,21600,synthetic_from_historical_marginals_and_provisional_assumptions
baseline_995,27:518:99999:802794:1563:000000,27:518:99999:802794:1563:000000,17,male,False,31608.30224735065,"walk,pt,ride",education,ride,32027.286942313913,21600,synthetic_from_historical_marginals_and_provisional_assumptions
baseline_996,27:519:99999:802794:0837:000000,27:519:99999:802794:0933:000000,79,female,False,89971.3236176631,"walk,pt,taxi,auto_rickshaw",other,taxi,42104.617922273574,3600,synthetic_from_historical_marginals_and_provisional_assumptions
baseline_997,27:518:99999:802794:2385:000000,27:518:99999:802794:2385:000000,16,male,False,42503.50477719723,"walk,pt",education,walk,28691.77704211186,21600,synthetic_from_historical_marginals_and_provisional_assumptions
baseline_998,27:519:99999:802794:0523:000000,27:519:99999:802794:0527:000000,8,male,False,42637.1745649233,"walk,pt",education,pt,25735.228667918334,21600,synthetic_from_historical_marginals_and_provisional_assumptions
baseline_999,27:518:99999:802794:2180:000000,27:519:99999:802794:0629:000000,30,male,False,29049.806776650035,"walk,pt,taxi,auto_rickshaw",other,taxi,41790.457590044316,3600,synthetic_from_historical_marginals_and_provisional_assumptions
